barcodes	rsp	pm	am	a	rl	al	lm	neg	inj
AAAAAACTTTCACTTGTTCTTTGAAACGCA	0	0	84.47045872			0	0		43
AAAAAAGTTGAATAGATTCATATTCTGTAA	0	0	0			889.0868307	0		906
AAAAAATGTTTTGATCTGGCACAGACTCTG	0	0	83.28073394			0	0		110
AAAAACGGATCAGTTAGCCACAGGGCCTAT	0	0	419.972844			0	374.3209393		2911
AAAAACGGTCTTGTAAGGCCGTTGCAGGTT	0	0	0			0	0		9
AAAAAGAATCGGCTTGGGCAGAAGCATGCG	0	0	0			91.48914616	91.99412916		391
AAAAAGAGTGCGTTTGGCGCGGACAGGGTG	170	42.65789474	443.7673394			0	0		43
AAAAAGAGTGTCAGTTTTATATACGTAATG	0	0	0			9.383502171	19.0332681		0
AAAAAGTTTCTCTCGAGCGTTATCACTGCA	0	0	0			114.9479016	85.64970646		821
AAAAATCAAGCGGGTTGACGCAGGCGCCGG	0	0	0			377.6859624	0		910
AAAAATCCACGTTAGGACCTACCTCGACCA	0	0	0			0	19.0332681		19
AAAAATTCAGAGGTCTATAGTGTTCGTTGG	0	0	0			2.345875543	0		869
AAAACAGCAAGTTTGACATTGGATTATCGC	0	0	0			25.80463097	50.7553816		1804
AAAACGAGATTCCATGTAACACTTAAAACA	0	0	4.758899083			2.345875543	3.17221135		10
AAAACGCGTAGTATTCACGGTCTACCCTGG	0	0	0			884.3950796	0		359
AAAACGGCTGTGTTCTAGGGGAGCAATAAC	0	0	3.569174312			2.345875543	0		0
AAAACTGCTTAGCTTGAACGCTGCAGTGTG	0	0	0			16.4211288	9.516634051		100
AAAACTGTTTTGGTTTAATCTCTTAATGCC	0	0	0			21.11287988	44.4109589		27
AAAAGAATTTTTGCCGAGTTGAAGGAGGGA	0	4.265789474	3.569174312			154.8277858	98.33855186		39
AAAAGGATTGGGGTAGTGTAGTTCTCTCAT	0	0	0			14.07525326	0		0
AAAAGGTGAGGGAGGTGCTCGAGGGGAGGG	0	0	0			35.18813314	3.17221135		11
AAAAGGTGTGGGAATTGAGTCAATTTGCTG	0	0	0			1175.283647	1291.09002		31
AAAAGTCCTAAGGGGCACGTCCTCATGTGG	0	0	0			0	6.344422701		75
AAAAGTGTTTGGTGGGCCTCGGCGAACCGA	0	0	0			424.6034732	60.27201566		4
AAAATCGTTGTTGGCTAGTATTCATATTCT	0	0	0			0	0		3
AAAATCTATAATTACAAGGCGCGCGTATAC	0	0	0			0	3.17221135		302
AAAATGATACTTTCATGTGGCCAAGCAATG	0	0	0			190.015919	234.7436399		42
AAAATGATTATGTATGGGCGGACGGGGTCA	1481	209.0236842	552.0322936			204.0911722	47.58317025		2126
AAAATGCATGTCTCCGCGTTGCTATGCTGG	0	0	0			0	152.2661448		21
AAAATGGGTAGCATGTATTATGGTTGCATT	0	0	8.328073394			0	0		4
AAAATTTAACTGCCAGTGTTTGTGGCGGAG	70	12.79736842	0			0	0		0
AAAATTTATGTACCACGCCTTTCGTAACTC	7	0	19.03559633			119.6396527	171.2994129		115
AAAATTTTAACGGTGGTCTACAATTCGGTG	0	0	47.58899083			0	0		149
AAACAACCTAAACTATGGATAAACAACGCA	0	0	0			0	409.2152642		796
AAACACGAAACGCAGAAGCTAATGGTCTCT	0	12.79736842	0			16.4211288	0		0
AAACAGTGATAAATAACATAGATATTTGCA	0	0	0			853.8986975	1021.452055		3180
AAACCTACAAGTTCGTCATTGCAACTCCGA	0	0	23.79449541			0	0		2
AAACCTATAAAATTTGGTTAAGGAGGGTAA	0	0	0			0	12.6888454		35
AAACGCTAAAAGTATTATACCTTAGCACGT	0	0	5.948623853			0	0		2
AAACGCTGTAACACATAACTTATAAGATGG	0	0	0			4.691751085	63.44422701		6
AAACGGAGTGCTAGTAGTAGGTCACGAGGA	0	0	0			28.15050651	0		13
AAACGGTGACTGGTTTAAGGGGACAGATGT	0	4.265789474	8.328073394			39.87988423	107.8551859		138
AAACTAACTTTAGGTGCTAAGGTGATGGGC	0	4.265789474	0			0	0		21
AAACTATTAAACTAAACGGGGCCGTCATAT	0	0	0			553.6266281	0		15
AAACTCTGTTGTTGTGGTGAGTTGGTATGG	0	0	0			96.18089725	38.0665362		170
AAACTGGTTTCCCTGGCGCTGTTAGAAGGC	0	0	3.569174312			0	0		9
AAACTGTCAAACGGCGTTGGGATATGTTTA	0	0	0			7.037626628	133.2328767		63
AAACTTGTACATACGCAGGCAAACTTCAGA	0	0	0			16.4211288	15.86105675		61
AAACTTTGAGAATACGCCCGTAACGATATG	125	0	329.5537615			168.9030391	66.61643836		100
AAACTTTGTGTACAATCTGGGGTCCGGATA	0	0	0			14.07525326	22.20547945		12
AAAGAAAGTTTCCGCTTGGCGTCGGGAAAG	0	0	0			0	9.516634051		45
AAAGAACAATGCCATGGGCAGACGATGGCA	0	0	0			4.691751085	0		173
AAAGAATCTGTGGGTAGAAGCGGGTGGGGT	0	0	0			0	15.86105675		15
AAAGACCTATGTGTGGGCATGCAATGTCAT	0	0	0			37.53400868	0		6
AAAGACTTTCTTGTTAAAATTCTTTGGGTA	0	0	0			863.2821997	2880.367906		26
AAAGAGAATCGGTTAATAAGCAACGTGGGG	0	12.79736842	0			0	0		107
AAAGAGTATTATTGTACCACCACCTTAACG	0	0	5.948623853			0	9.516634051		0
AAAGATTTTTCAAAGTATGGGGGGGAGTAT	0	0	0			11.72937771	0		30
AAAGCACTTTGTGCGCTGGGGTTCTGGCAA	0	0	0			7.037626628	0		4
AAAGCCACTAGCTAGTCATCAGTGTGACTC	0	21.32894737	104.6957798			168.9030391	291.8434442		6
AAAGCGCATTACATGTCATGGGCGGTGATA	20	0	9.517798165			0	22.20547945		8
AAAGCGTAATCTTACGACCGCTGTGCGAGG	0	0	0			1323.073806	1969.943249		337
AAAGCTTTTCTCACTGGTCCGTACGCCTAT	0	0	0			133.7149059	72.96086106		17
AAAGGCGTAACGCTTATGTTTATTAGTCCT	0	0	0			0	28.54990215		3
AAAGGGAGAGCTGGGCAAGATTTTACAAAT	0	0	0			84.45151954	22.20547945		36
AAAGGGGTTGATACTGGGATCTCTGTATTG	0	0	0			1196.396527	1303.778865		1904
AAAGGGTGATCATACCTGTTTAGACAAGGC	140	157.8342105	78.52183486			2.345875543	53.92759295		67
AAAGGTAAAACCACTCGTGAGTAGGGGAGG	0	0	0			14.07525326	0		205
AAAGGTAATACCACACGTGTGTATGTCGGA	0	72.51842105	0			0	0		119
AAAGGTAGACTGTGGTATCGCCGCAACAAT	0	0	0			9.383502171	0		8
AAAGGTCAATGTTTGTCCTCGAGCCGGGGG	0	0	14.27669725			32.8422576	0		28
AAAGGTCGAAGGAGCTGGCGGTTTTAGGCT	0	0	7.138348624			0	15.86105675		1088
AAAGGTGATAGAGTTTCGCCGAAGCCAGCG	0	0	0			2.345875543	0		39
AAAGGTGGTTGAGCAACGCAGGTTTAAAAG	0	0	0			0	12.6888454		1209
AAAGGTTCACTGATACCGTTCTAAGATTTT	0	0	0			0	6.344422701		160
AAAGTATCTGTGAGTTTTTCCCTGCATTAC	0	0	0			161.8654124	266.4657534		193
AAAGTCAGATACAGCATCTCGATTTGGGGT	0	0	0			18.76700434	38.0665362		328
AAAGTGCGAGTTTCAATCTACGTATTGTGT	0	0	0			133.7149059	1218.129159		263
AAAGTGGAAAGACGGTAAGCTGGTCGATTC	0	8.531578947	0			21.11287988	0		2
AAAGTGGCTAAGTCCCTAGTTCACCTACGT	0	0	0			2.345875543	0		2
AAAGTTAGTTGTTCATCCTCTAAAACTCGT	0	0	0			551.2807525	469.4872798		55
AAAGTTGTAAGAGATTGGGTTTATAAGAGA	0	0	0			37.53400868	0		122
AAATAACATATAGGTCGCATCTCACTATGG	0	0	0			0	15.86105675		377
AAATAACCTACCAGCTGGATTTGTTAGTGC	0	0	0			9.383502171	22.20547945		0
AAATAATAAGCGCTAGAGAGTGACGGGTAT	0	0	0			112.602026	0		13
AAATACTCTGCCGAGCTGTGTACGATGATC	0	0	0			7.037626628	0		269
AAATAGTGAGCACTGTCGAGTCGCCTGAAA	452	605.7421053	2086.777248			2.345875543	593.2035225		272
AAATATGGTTTCATCTAGAAGTTTTTTAGC	271	0	9.517798165			490.2879884	802.5694716		12
AAATCATGTTTTGTTATTTTTGCTTACATT	0	183.4289474	3.569174312			2512.432706	142.7495108		58
AAATCCATTTTATGATTTGGGAGTTGTACA	0	0	0			0	0		40
AAATCCTATGGTGCCGATACCGGAGGATGC	0	0	0			5608.988423	9.516634051		36
AAATCGCAACGAAGCTGTGTGTCAGGCAGG	0	0	0			220.512301	101.5107632		85
AAATCGGCTCTGGGGGTTACCGCAGGTGTT	0	0	0			9.383502171	9.516634051		3
AAATCGTGTATCCCCGGCTAGGGTACCAGT	0	0	0			0	6.344422701		0
AAATCTGAAATAAAGGGACCCTACGAGTTC	0	0	0			1316.036179	4669.495108		973
AAATGAATTGTGTGCTAGTATATTGTGAGT	0	0	0			1670.263386	3.17221135		48
AAATGATGTATTAAGCTGTGTACACGTCGT	0	0	0			220.512301	1227.645793		25
AAATGCTAAGATGCTGGTTGATCTGCAATT	0	0	0			32.8422576	60.27201566		0
AAATGCTGTACAGGTAGGTCTGGGCGGGGC	0	0	58.29651376			0	0		493
AAATGGCTTCTGCTTCAGTGCACGTTCGTG	0	0	3.569174312			0	0		2
AAATGGTATAGGTAATATAAGTAATGGCCG	0	0	0			0	3.17221135		1390
AAATGGTTTGCTAGGTAAAGCGGGTCGGAA	0	0	0			0	9.516634051		23
AAATGTCGTGCTAACAATGATCAGCCCCGC	0	0	0			77.41389291	0		10
AAATGTGATGGGATTAACCGGGCGTCTCCC	0	0	0			762.4095514	1157.857143		911
AAATTAGCAGGATGGTTGGTCATGGGGCGT	0	0	0			77.41389291	0		4
AAATTATGAACTATCCGCGTCAGCTCTGGG	0	0	0			0	3.17221135		99
AAATTCGATGCATGCAGTGTAACCGTAGAG	0	0	0			1341.84081	479.0039139		2198
AAATTCGGTATTGATTAGTCCCTAATAATG	0	0	2.379449541			4.691751085	0		3
AAATTCTTTTAACATGGCACACATGTGACA	0	0	0			7.037626628	22.20547945		53
AAATTGCATTGTTTGTATCAATCACGCCCT	0	0	0			39.87988423	28.54990215		189
AAATTGGGTGCCGGCTTAATCTGGGTAAGT	0	0	0			77.41389291	0		4
AAATTGTCTTCAGAAACTGTGTTCCTCCCT	0	0	231.9963303			0	0		1076
AACAAGAGATTGTGGGGAAGGCACGGAGAT	0	0	41.64036697			152.4819103	1246.679061		533
AACAAGCATGTGGAGTTCAAAGACACGGCG	0	0	0			0	3.17221135		3
AACAATCAAGGTAACGAGACTTTCTGCATC	0	0	0			5878.76411	7705.30137		62
AACAATGGATTTTCACGAATATTGTGTTGT	0	0	0			25.80463097	25.3776908		0
AACAATGTTAATGTTTTGGCGTCTGGGTTG	0	0	0			46.91751085	19.0332681		29
AACAATGTTCTGAACTTGAATACCCACTCA	0	0	0			1006.380608	504.3816047		596
AACACACCTTAAGGATTGATGACTGCCATT	0	76.78421053	280.7750459			0	60.27201566		760
AACACGCAAGTCGTCTCATGTTCCAACTCA	0	0	0			0	9.516634051		250
AACACGCCTGCTACGGCTGCTCTGTGGTGC	0	0	167.7511927			0	0		64
AACACGGCAAGACACTGAGGCACATTCGGG	0	0	0			0	15.86105675		7
AACACTCGACCGATCTATAGTGAGAGGTGA	0	0	0			28.15050651	22.20547945		17
AACACTTTATTTTGAAGAATTACGGCAGGG	0	0	0			4.691751085	0		0
AACAGAGATGGAGTAGTGGGCCAATTCGCG	0	0	3.569174312			105.5643994	374.3209393		257
AACAGAGTTGGCATCTTGAGTAGCATATAC	0	0	0			2.345875543	0		272
AACAGGAGTGGGGCGAGGATGACTTGAGCA	0	0	0			445.7163531	0		53
AACAGGGATCTTACTGTGCGCTTAGGCTTT	0	0	3.569174312			0	0		2
AACAGGGTTTCCGACTGTCGTTTAGCTATT	0	0	0			628.6946454	114.1996086		979
AACAGGTCAAGTGTGCTGCCAATATGCTGC	0	0	0			9.383502171	6.344422701		92
AACAGGTGTAGGAAAGATGCATGCCAGGAT	0	0	0			0	6.344422701		344
AACAGTCCTTAATCTTACTAGGGTGTGGCT	0	0	3.569174312			2.345875543	0		17
AACAGTGAAGGTCTTCATGATAGAGATACA	0	0	0			79.75976845	437.7651663		73
AACATATATAAGGTTAAACCCGCTATCGTA	515	157.8342105	587.7240367			1606.924747	4050.913894		978
AACATATGTTCATTGTTGACCGGTCACGTA	0	0	0			9.383502171	9.516634051		0
AACATCGAATATTCGTGATTATTAAGCAAA	0	0	0			2.345875543	0		16
AACATGGCTGGGGGGATCGCAGAGGGAAGA	1593	157.8342105	3038.557064			921.9290883	735.9530333		1947
AACATTGATGAACGGGTCGGTGCATGACTA	0	8.531578947	0			0	0		70
AACATTGTTTCTCCGTCATGTGTTCTAGCC	0	0	0			0	171.2994129		3850
AACCAATCTGCCTAGTGCAAATTGGGGAGA	0	0	0			131.3690304	69.78864971		540
AACCATAAACGTTTGCTATATGAAACTCAG	0	93.84736842	70.19376147			0	0		1790
AACCATGCTTTAGTTAGCGAAATTGTGTTG	0	25.59473684	129.68			30.49638205	586.8590998		79
AACCCAAGTGCGAAAACAGAGCGTGGGTAT	0	0	0			973.5383502	720.0919765		14
AACCCATAAAATCAGTCTACCGTGCTTGCA	0	4.265789474	197.4943119			0	0		4
AACCCTCGAACTGAGATTCAGTATATATTT	0	0	69.0040367			0	0		201
AACCGAACATCCCGCCGAAGGGAGGAAAGG	0	0	0			68.03039074	0		13
AACCGATTTCTGATATTACCCCCTATTAGG	471	106.6447368	767.3724771			0	0		962
AACCGCAGAATGTGTACCGTGGCCGGGCTG	0	0	0			30.49638205	6.344422701		13
AACCGCAGACGGTATACGTCCTCAGAAAGC	0	0	0			23.45875543	66.61643836		4
AACCGCTTATACTGGCCCAGTATCAGTAAA	0	0	4.758899083			126.6772793	130.0606654		4
AACCGGGGACAATGATGGTGGGCGGAAGGG	0	0	10.70752294			0	0		32
AACCGGGTTGCATACGGGCCTGAATGTATT	0	0	2.379449541			2.345875543	76.13307241		2
AACCGGTCACCGTACCACAAAGGGTGGTTT	0	0	0			11.72937771	3.17221135		4
AACCGTAAACCCCCGCGGGCGTGGTTGAGT	0	0	0			4.691751085	41.23874755		21
AACCGTGCACATCGTGTAATTGGCCTCGGA	0	0	0			0	6.344422701		0
AACCTACGTCTCCGGAGCACGCGCTGGAAT	0	0	0			539.5513748	2341.091977		3022
AACCTAGTAACTTGGTAGCGGAATCCCGGA	0	0	0			0	6.344422701		0
AACCTGAATCAGGGTGACGTAATTGTCGCA	0	0	0			0	3.17221135		837
AACCTGCGAAAAGGATGTTGTCTCCCGCTA	0	0	0			0	120.5440313		122
AACCTGGGTGGGCAATCGGCGGGCTGTTAT	0	0	0			380.0318379	672.5088063		1927
AACGACGGATAGGGGTTTACGAGTAGAGGC	0	0	316.466789			0	0		55
AACGAGAATGTATTCTCGTATATTGTCTGT	0	0	0			415.2199711	155.4383562		71
AACGAGGTTTGCATAACATGGGGCGTCGAG	12	42.65789474	204.6326606			4.691751085	399.6986301		122
AACGCGGGAAGCCAAAGGTGTCGCAATGAG	0	0	0			2.345875543	0		4
AACGGCTGTTGTTTGTAACGTGGGCCTGGT	0	0	0			103.2185239	25.3776908		13
AACGGCTTATATGTGATTGTGAGGGGCAAT	0	12.79736842	17.84587156			0	0		75
AACGGGAAAGATGATTTCCTTCTCGGCACG	0	145.0368421	60.6759633			225.2040521	0		1891
AACGGGAGTCTGGTAGAAGGGTTTTCTTCA	0	0	0			441.024602	402.8708415		93
AACGGGCTAAAACGGTGGGTTAGAGCCGGG	0	0	0			2.345875543	6.344422701		2
AACGGGTAAACGTCTATATGAGAGTGCTTA	0	0	0			0	6.344422701		30
AACGGGTCTGTGACCTTTCATGTCCCCCTG	0	0	0			84.45151954	111.0273973		280
AACGGTTCTACTGCGGCCGAGCGCTATGAG	0	0	0			2.345875543	12.6888454		7
AACGTATGACGTCACGTCTAAGAGGTAGTA	0	0	0			112.602026	180.816047		8
AACGTCAATGGACTAATCTCTCACGGATCT	0	0	0			7.037626628	12.6888454		58
AACGTCAGTGGCGTAGCCGGTGTGCGACTC	0	0	0			56.30101302	0		0
AACGTGAGTTAGGGGATATATGCATGTGTC	0	0	7.138348624			211.1287988	3.17221135		110
AACGTGTTTCCATACACCAGTATACTATAT	15	298.6052632	20.2253211			0	0		511
AACGTTGAAGTCAGAGTCGGAGAAAGTCTG	0	0	2.379449541			0	0		38
AACGTTGTAGGCTAGTTCCATGTCGCGATC	0	0	14.27669725			0	0		67
AACGTTTATCGCTTGGAAGGGATGTGAAGA	0	0	0			0	932.630137		708
AACTAAGATCTTAGTTTGTGCCATCGTTTG	0	0	0			42.22575977	0		0
AACTAAGGAGCCCATCTGATCTACAGCTAT	0	0	0			89.14327062	0		157
AACTAAGGTCGTCTGTGTGTTTCTTGGGGG	356	85.31578947	1319.404771			14.07525326	82.47749511		11
AACTACGCACGCAGTGGACACAGTGATAGT	0	0	0			0	234.7436399		1557
AACTAGACTATACATTGGGAGTAACATTTC	0	204.7578947	0			0	3.17221135		315
AACTAGCCATCTTTAAGCACCAGTGAGTTC	0	0	0			670.9204052	291.8434442		249
AACTAGTTTGGCCCCAGGAGGGGATAGAAT	0	0	7.138348624			68.03039074	193.5048924		14
AACTATATACGTATGAAGTTGGGTCCCGTG	0	0	0			0	19.0332681		6
AACTATCTATGTAGCATATTTCCTAAATGA	0	0	14.27669725			0	0		472
AACTATTAAGTCATGCCAGCGTTGCCTCCC	0	0	0			7.037626628	15.86105675		0
AACTCATGTCCAGCGGGAAGGATGCCTTCA	0	0	0			0	22.20547945		302
AACTCATTTGAGGTTGGAAGATTCGGGACT	0	0	0			72.72214182	22.20547945		63
AACTCCGGAAAGCTTTTTTAGGCTACCGTC	0	0	3.569174312			0	0		10
AACTCGAGTGTCGCAATTTGTGATGGGAAT	0	12.79736842	51.15816514			0	0		17
AACTCTTGAAATTAGGGGTTATCGCTATAG	0	0	0			23.45875543	15.86105675		8
AACTGAAATTCAATCTATGGGGTGCAGACA	0	0	0			145.4442836	859.6692759		3
AACTGAAGATCCGCAACGTTCTAGGCGGGA	0	0	0			51.60926194	15.86105675		132
AACTGACTAAACGTAGCGGTAGTTCGAGGT	46	8.531578947	34.50201835			0	0		5
AACTGAGGTACGTTAAGACGGACTGTGTGT	0	4.265789474	0			0	0		8
AACTGCCAAGTCCTGCTGATGGTGAGCGGC	0	0	3.569174312			0	0		301
AACTGCGCTGATTGCAAGTTGTGATATAAG	0	0	17.84587156			241.6251809	380.665362		79
AACTGCTATTGTCGTCCGCTGCGAGAATAC	0	0	0			190.015919	187.1604697		314
AACTGGTGAAACCGAATGGATGGAGAGCTG	0	8.531578947	0			9.383502171	139.5772994		186
AACTGTGGTGGATCTTGTTGTGGCCTGGGG	0	0	0			49.2633864	0		9
AACTTCGTTGTGATATACTATTGCACTCCT	0	0	0			570.0477569	748.6418787		19
AACTTGCATGATTTCGAGATGTGCGGAGAA	0	0	0			213.4746744	88.82191781		49
AACTTGCTTGGACGACTCATTACAGTAGAG	0	0	0			21.11287988	0		45
AACTTTGGTCTCACATCCTTGATGATGAAA	0	0	0			23.45875543	9.516634051		3
AAGAAGAGTCGAGCCGGCAAGTCCCGAATT	0	0	0			2.345875543	34.89432485		47
AAGAAGCCTTACCTGCTTAAGTTTTCGCGA	0	0	0			0	9.516634051		17
AAGAATAATAGAGTTTTGATAGTATTCGAA	0	0	0			0	793.0528376		291
AAGACCAATCGCGTTTTGATAGTATTCGAA	0	0	0			0	3.17221135		0
AAGAGATCTCAGATGTAGTGATCGTCCAGT	0	8.531578947	3.569174312			0	0		4
AAGAGCATATGGAACGCTCAGTATAAACGG	0	55.45526316	0			0	6.344422701		346
AAGAGCGATTGTGTGGTGGCGAGGCAGCCG	0	0	0			2.345875543	0		0
AAGAGGTAATGGCGGGTGTGTTATCAGGAT	0	0	0			124.3314038	111.0273973		8
AAGATACGTGCGGCACGCTAGAGTGCGGAC	0	0	0			2.345875543	6.344422701		0
AAGATCTATCCTTATAATGTTAACACGGTT	0	0	0			9.383502171	12.6888454		73
AAGATCTATTTGGGTTCTATGTTAATAATT	0	0	0			0	383.8375734		2068
AAGATCTCCTTGGGCTCTATGTCAATAACT	0	0	0			0	3.17221135		0
AAGATGCAATATATCATGTCGGTTAGGGAT	0	0	10.70752294			0	0		0
AAGATTAGTAGGCTCCTGTATCTAGGTCCG	0	0	79.71155963			14.07525326	28.54990215		2
AAGCAACGACCTAGCGGAAGGTTCCGCCAG	0	0	0			9.383502171	25.3776908		5
AAGCAGTTTGGAAATGACGTGCGTTGCGCA	0	0	0			574.739508	145.9217221		506
AAGCATAAACCTGTATATACGTTACCAATA	123	0	76.14238532			0	0		54
AAGCATTGTCCAAGTGAGGTGATGGGGAAC	0	0	2.379449541			0	0		0
AAGCCCAGAAGGATATTCAGACCGTCTCGT	0	0	0			42.22575977	19.0332681		56
AAGCCGGAAGAAGGCGTCCTGGTGGAGCAT	0	0	0			192.3617945	9.516634051		26
AAGCCTGAAAGTGAACTCAGGTGGTGCAGG	0	0	0			35.18813314	0		69
AAGCGATAAACTTTGAGATTAGATAGCGAA	0	0	0			39.87988423	0		270
AAGCGCGGTATGCTTCACGGGGCGATCGTG	0	0	0			4.691751085	28.54990215		12
AAGCGGAGTAGCGCCAAGTGCTAAGCCGTG	62	63.98684211	481.8385321			53.95513748	336.2544031		38
AAGCGGCCATATAGTCGCGGAACTTCCCTG	0	0	0			82.10564399	183.9882583		14
AAGCGGTTTTTAGTCTTGCGTGTACTACGA	0	0	0			18.76700434	34.89432485		19
AAGCGTCGAGAAGGGGGGCGGTCATAGTGC	0	0	0			0	3.17221135		24
AAGCGTTATTAAATTCAGTAACCACTCTAT	0	0	0			0	12.6888454		16
AAGCGTTATTGCTCAGATTACTGATCAAGG	0	0	0			4.691751085	9.516634051		22
AAGCTAGAAATCGGCATATGTACAGGAGCA	439	29.86052632	13.08697248			0	0		154
AAGCTCCGTTAAGGAGGAAGGTGAGGTACC	0	0	0			4.691751085	0		5
AAGCTGACAGGACGTTTGTCCATAATGGCA	0	0	0			0	3.17221135		15
AAGCTGATAAGAATACTGTGCAGGCCTCCG	0	0	44.01981651			14.07525326	0		62
AAGCTGGGATTAGAACGGTAGAAAGATATT	0	0	0			4.691751085	0		152
AAGCTGTGAAATAGTCAGGTAGCGAGAGTG	0	0	38.07119266			84.45151954	180.816047		66
AAGCTTCGTCAGCTGCCCCTCTACGATACT	0	0	4.758899083			0	0		4
AAGCTTGATTTGATCTCAAGGGTCACTCTG	0	0	33.31229358			0	0		1695
AAGCTTTGTATCGTGCTTGCTAAATGGAAC	0	0	34.50201835			0	0		50
AAGGAAGGTTTTACGTCGAAATCAGCAGGC	0	0	0			631.040521	0		29
AAGGATGGTGGCTAATCGCCGGAGCACCGG	0	0	0			121.9855282	31.7221135		110
AAGGATGTTAAGAAGTAGAGTGCATGGGCA	0	4.265789474	0			0	3.17221135		22
AAGGATTGTTGCCTGAAGGTACTGGGGAGC	0	0	0			2.345875543	0		15
AAGGCATCATAGGTTAGTTTTATCTGTGTG	0	0	2.379449541			0	0		2
AAGGCATGAGCTTCTAGATTAAGCTCCACG	0	0	0			1018.109986	1475.078278		69
AAGGCATGTTTGTAGAGTGTGGAGTCCTGT	0	0	0			321.3849493	41.23874755		12
AAGGCCGTTACCAGGACAAAATCTTTACGT	18	21.32894737	17.84587156			0	0		539
AAGGCGAGAGACGGTTTTGGAATACGCCAC	0	17.06315789	24.98422018			0	0		603
AAGGCGCATTATAGTTGGAAGAAGATAGTT	0	0	0			103.2185239	1881.121331		3247
AAGGCTGTTTCAGTTCCGCTGTTACTGTTG	0	0	0			2.345875543	0		64
AAGGGAGTACGGGCATGTAGTGTAGGGGCT	0	0	0			58.64688857	0		115
AAGGGCAATGAGGGTCCATTGTGGAATACA	0	25.59473684	13.08697248			0	0		1105
AAGGGCATTATAGAGGTTCGAGTATTTTTA	0	0	0			28.15050651	19.0332681		29
AAGGGCGATCGTGCGGCCGAGGTTTGAAAG	0	0	0			4.691751085	0		56
AAGGGGACTATTGTAATTACACATAGTCTA	0	0	0			0	53.92759295		5
AAGGGGGCAACGGTGTTGAATCCCCAAGAG	0	0	183.2176147			0	0		0
AAGGGGGGTTCAGATTGGGTCTTCGTAGAG	0	0	47.58899083			0	0		80
AAGGGGGTACTATACGGGTAGGGCGGCAAT	0	0	0			0	6.344422701		3
AAGGGTACAGCGAGAGCTGGGCATGGGAAG	0	0	0			192.3617945	355.2876712		1415
AAGGGTCTTTTATTCCAACCCAGCTTGTTT	0	0	0			11.72937771	0		22
AAGGTAGCAGACGGGGGCTGGGTTTTTGAG	0	0	0			2.345875543	0		14
AAGGTAGTTTGTTGTGGTTGCCAAATAGTG	0	0	0			51.60926194	95.16634051		8
AAGGTCGGTCAGGCCATTTTTGTTAATTAG	0	0	0			11.72937771	0		2
AAGGTCGGTCTATGCCTAGATACGATTTCG	0	0	15.46642202			0	0		0
AAGGTGCATCGTCTCTAATATGTAATTAGA	0	0	0			11.72937771	9.516634051		16
AAGGTGGTATGGTTTTTATAACGTACACCA	0	0	0			131.3690304	66.61643836		867
AAGGTTACTGGGATGAATACGTGTCCCCGG	0	0	0			0	624.925636		25
AAGTAATTTAAGGTCCCCGCGGTAATAGGG	9	0	38.07119266			234.5875543	228.3992172		244
AAGTAGCCTGCGGGTATTGTCACATGGGGG	0	0	2.379449541			152.4819103	66.61643836		3
AAGTAGGGAATGAGTTTTTTTCGCAAGTCG	0	0	0			124.3314038	0		11
AAGTAGTCTCTATTGACTCCTAGAGGGCGC	0	0	0			58.64688857	0		0
AAGTATTATGCGTGATTCTGACACTGACGG	26	0	9.517798165			0	0		29
AAGTCCCTATGTGGTGGTATTAGAGCTTTG	23	0	7.138348624			0	0		184
AAGTCGCTTAAGGGCGCAAATATCTGGCTA	0	0	0			7.037626628	6.344422701		19
AAGTCGTAATAATGCCGGCCGGCGCGTAGT	0	0	23.79449541			0	0		3
AAGTCTCAATGGAGGTACGCCATCGGCAGT	4	0	0			32.8422576	101.5107632		8
AAGTCTGGAGCTAGGATGGTTGTCCGGTGC	0	0	19.03559633			0	0		8
AAGTCTTAACGATAAGTCGGTTTTCAGTTA	0	0	0			9.383502171	0		1315
AAGTGCGTTTTGAGAGAAAGAGTCGGTCTC	0	0	5.948623853			0	0		49
AAGTGGCAATAGGATTTAAAGTTTTTATGA	0	0	0			39.87988423	0		6
AAGTGGCTTGGAGCCACCCGGCAAAGGAAG	0	0	0			2.345875543	0		317
AAGTGGGATTTAATCGGCCCGGCGAGGGGA	0	0	0			7.037626628	0		25
AAGTGGTCAACTAGGATCATGTCCGGATAG	5	8.531578947	651.9691743			0	139.5772994		553
AAGTGTACATTTCGCGAATCATGGTTCATA	0	0	0			321.3849493	0		360
AAGTGTGTTCACGTGGCACATAGGTTCAGC	0	0	0			1693.722142	482.1761252		1602
AAGTTAGAATAGTTGTAGATTTGGGTGCCC	0	0	30.93284404			82.10564399	104.6829746		33
AAGTTAGTTGCGGTAAACTCGGGGTTCCTA	0	0	3.569174312			0	0		29
AAGTTAGTTTACTGAGGGCGCACGTGTTAC	0	0	3.569174312			0	0		7
AAGTTATTACGCAAGGCAATAGTCGGACCT	0	0	115.4033028			0	0		3
AAGTTCAATACAAAGTATACTAACTTTACA	0	0	0			0	0		21
AAGTTCCGTTATTAGGTAACGGGGTGTAGG	0	0	27.36366972			0	0		1345
AAGTTGATATACCCGGAACCTAGCCGGCGG	0	0	30.93284404			0	0		3
AAGTTTCATGGGAGGCAGGGGATCGTAAGT	0	0	2.379449541			2.345875543	12.6888454		10
AATAAGAGAGTCATTGTATAGGGGGTGGAG	0	12.79736842	35.69174312			0	0		7
AATAATATTTAAACTGTTCATGTCTAAACA	0	0	0			1189.3589	31.7221135		4
AATAATGATAATTTTACAAAGTCCATTATA	0	0	0			745.9884226	380.665362		69
AATAATGATCCCGGGGCTTGCTTGGACTGA	0	42.65789474	0			0	9.516634051		97
AATAATGCTGTGTTACTAAGGACTTATTTA	0	0	0			75.06801737	82.47749511		380
AATAATTCAATGCTCGATGCATACATCGTA	0	0	0			4.691751085	3.17221135		18
AATACAAATGATGTAATATATGATAAGGGA	0	0	0			251.0086831	168.1272016		23
AATACAAATGGCCAGTCGTTAGTGTGGCTG	0	0	0			11.72937771	0		332
AATACCGTAGCTGCTGCACCGCGTCCACGC	39	29.86052632	40.4506422			190.015919	507.553816		232
AATACGTCTGTGGTGGAATGCAGGCTGACC	0	0	0			0	31.7221135		21
AATACGTTATGTCTAGGGGGACTATCAAAT	0	0	0			2.345875543	0		476
AATACTAATGGTTGGCAAGAATAAGACGTG	0	0	33.31229358			72.72214182	1148.340509		1222
AATACTGGAGCCGCATGCGGCCTGGTTGGG	0	29.86052632	0			0	0		135
AATACTGGAGGGACAAGGTGCCGCTTCATG	0	0	0			0	6.344422701		4
AATACTGTAGTTCCGATGAATGTGATGTTT	0	4.265789474	0			0	53.92759295		35
AATAGAATAAAGCCGTTGAGCAGGTCTCCC	0	0	0			0	3.17221135		4
AATAGATAAGGGCCGTGTGCGCTTGCGTGT	0	0	0			2.345875543	3.17221135		4
AATAGATATCAATGGGGTTGTTTGTTAGCA	0	0	19.03559633			0	9.516634051		7
AATAGATATCTGGCTCTGACAGAGGAGCTC	0	0	0			14.07525326	19.0332681		20
AATAGCTATGTACTTTTTAAAGTTTCATGA	0	0	4.758899083			2.345875543	3.17221135		2
AATAGCTTAGCGCTCGAGCGTAGGGGCACG	0	0	0			9.383502171	0		29
AATAGGGGTGCGGAGTTCCCGGAATCTTAA	0	0	0			21.11287988	130.0606654		91
AATAGTCTATTATAAAGCGGGATATTCGGG	0	4.265789474	2.379449541			0	0		18
AATAGTGATCTGAAAAGCTCCGTGCGCGGG	0	0	0			0	22.20547945		12
AATAGTTGTGTATTCGGCCGCGCGGACGAT	0	0	348.5893578			1524.819103	377.4931507		4870
AATAGTTTTTAGCGTGTCGAAATGTAGAGG	0	0	0			2.345875543	3.17221135		3
AATATACTAGGCGATGGGCAAGTGTCAACA	0	0	0			211.1287988	295.0156556		206
AATATCCGAGCCACCAGGTGTATAAACAGG	0	0	0			0	0		48
AATATCGTTTCTTCATATTTAAATAGCGTG	0	0	21.41504587			0	0		3
AATATCTAATTCAGCCCGTCTCTAGATAAA	0	46.92368421	0			0	0		75
AATATGCATTACCAGGGTCTATCGGAAATG	0	0	0			4.691751085	6.344422701		0
AATATGCGTGTATTGGCGCGCTCCCGGGGA	0	0	0			5064.745297	3730.520548		3052
AATATGCTTGAATAAAATTATATTCGTGCG	0	0	0			18.76700434	15.86105675		1229
AATATGGGAGAACGAGTGGGTAACGTTGTT	0	0	34.50201835			117.2937771	72.96086106		51
AATATGGTTGGTTTATATGGGTCAACGGGC	0	0	0			0	25.3776908		853
AATATTCCAGAGAACATAGGTTCTTATGAG	89	0	318.8462385			9.383502171	0		2
AATATTGGTTTTTCATATGGCTTGGATAAA	0	0	0			30.49638205	123.7162427		11
AATATTTTTCATCGCTCTACCTCCAATTGC	0	0	0			14.07525326	0		2
AATCAACATACTTTCTAGTGTCTATCAGCA	17	98.11315789	111.8341284			0	47.58317025		370
AATCAACATTACTCGTGAAGGATATGTTCG	0	34.12631579	16.65614679			16.4211288	19.0332681		2979
AATCAAGGTGATGTCATTAGAAGGTTTAAC	0	55.45526316	4.758899083			0	0		536
AATCAATGTGATTGAGAAAGTAGGAGGATG	0	0	5.948623853			9.383502171	158.6105675		435
AATCACGTAGTAACAGTTAGACACGCTAGT	0	0	7.138348624			0	0		6
AATCAGGATTGCGTTTGGGAGCACAAATTA	0	0	5.948623853			0	0		2
AATCAGGCTGGAGTGTCCATGTAAGAGAGA	0	0	0			5515.153401	3774.931507		21
AATCAGTTAGTCTGCAGAGTTGATATTGGT	0	0	15.46642202			65.6845152	0		621
AATCATAATGAAAGGACGTAGTTCACGGTG	0	0	0			269.7756874	47.58317025		106
AATCATTATATGGTCACGTCAGCGTAAAGC	0	0	0			9.383502171	164.9549902		3
AATCATTCTCCCATAATTGACCAGCAGCTG	0	25.59473684	0			0	0		14
AATCCACCTTTGCCCCATTCTTCGATATAT	0	145.0368421	0			0	0		0
AATCCAGTACATCATTAGATGCCTCTAAGG	0	0	0			89.14327062	0		7
AATCCGCGTTATAATTCGCCAGGTTAACGC	0	0	0			4.691751085	0		14
AATCCTATATGCCTCTCAAATTTGATAGGT	0	0	13.08697248			1032.185239	612.2367906		47
AATCGCATACGAGTGACGGCACGCTTGTGC	0	217.5552632	0			0	3.17221135		45
AATCGGGGATCTCGAGGTGACATAGCAGTT	0	0	7.138348624			4.691751085	0		0
AATCGTATTTGACCTGGCGGAAACCCGGCA	0	0	0			37.53400868	0		641
AATCGTCTTAGGGGTCAGGATGCTGGGATG	28	0	65.43486239			246.316932	145.9217221		47
AATCGTTGTCGATCCAAGAGCTCACACGGC	0	0	0			2.345875543	0		3
AATCTAGAATTCAGTAGGCACAATAGGAGC	0	0	0			70.37626628	177.6438356		3
AATCTATGTTGTTGGGTAGTGGGAGACCGG	0	0	146.3361468			0	0		0
AATCTCAGTTTTAATGTTAACCGGAAGGCA	0	0	217.719633			68.03039074	0		204
AATCTCGATAACGAGTGACACTGAGACGAC	0	0	0			58.64688857	69.78864971		10
AATCTCGATGGTCGATTCCTGGGCATCGAC	0	0	0			0	3.17221135		34
AATCTGCCATGGTCTTTCTCCCGAAGAGTC	0	0	0			4.691751085	0		15
AATCTGGAAAAGGAAGGTTGCCCTGTCGTG	0	0	0			159.5195369	104.6829746		107
AATCTGTCAGAATGGCAGAGAGGGAGAGAC	0	0	0			7.037626628	0		0
AATCTTAGTTAATATGCTACGCGTCGAGGC	0	0	0			21.11287988	15.86105675		87
AATCTTGGTAGTTTGACTCCATATTTGGGG	0	0	0			21.11287988	57.09980431		36
AATGAAATTCAGCATTTAGAGTCGATGGGA	0	0	0			32.8422576	317.221135		86
AATGAATGTTGATGTGCTTGACTAACTGTC	0	0	0			4.691751085	0		4
AATGAATTTTGCTTTACAACCAGAGTAACA	0	0	9.517798165			0	0		0
AATGACTAACGATGTTAGGCTGTAGAAGGT	0	0	0			86.79739508	0		575
AATGAGAATAATTAATCTATGCATGTTGCC	0	0	0			119.6396527	15.86105675		69
AATGAGGCTTAGCTTGGGCTTAGTACAGGT	0	0	0			9.383502171	0		32
AATGAGTTTTAGGGCCAGGGGATTGAGGGT	0	51.18947368	0			0	0		16
AATGATTGTGGTACTGAAGGTGTGGGTCTC	0	0	0			4.691751085	0		3
AATGCAATTGTGGCGTTTTCTCGCAGAAAT	0	0	3.569174312			0	0		2
AATGCGAGTTAACAGCACTCTTTGCTACGC	0	38.39210526	0			0	0		0
AATGCTCCTAGTCCGTAGGCAACTGCGCCT	5	0	0			0	0		3
AATGCTTAACACAATTGAGATTAGGAGCGG	0	0	0			4.691751085	28.54990215		85
AATGGAGAAGCTCTGAGCACGCAGAAATTA	0	0	0			0	6.344422701		393
AATGGAGGATAAATATGCGTTTGGGGATAC	0	0	0			100.8726483	0		15
AATGGCAGTAGAAATTAAACTGGTTTAAGA	0	0	0			7.037626628	0		124
AATGGGAATGGGCAGTGTGGGCGTCTTGTG	0	0	0			2.345875543	0		5
AATGGGACAGGATTTACCTGATATTAGATG	0	0	0			16.4211288	0		0
AATGGGTCTTATCTGGACGGTGAACAGACG	0	0	215.3401835			1079.10275	1862.088063		33
AATGGTCCTTACTGTATCGATACGCCGTCG	0	0	0			18.76700434	0		0
AATGGTGTATGGGTGCGATGCGTAAGACCG	7	0	26.17394495			138.406657	50.7553816		3276
AATGTAACTCACGCACCTTTGGTTTAGGCA	0	0	0			0	44.4109589		280
AATGTACGTTCGTTTAGACCGTCATATAAA	0	0	4.758899083			65.6845152	526.5870841		132
AATGTATGAGTGAGGGTGGGCATTATGGTA	0	0	0			2.345875543	0		277
AATGTATGTCCTGCGCAAGGGGCGGGCTGC	0	0	0			0	3.17221135		3
AATGTCAGTGTCCAGGGGAGCAGGGCTTCT	0	0	0			0	3.17221135		0
AATGTCCGTCCTTGCTGCGGGAGCGGCATC	0	0	0			159.5195369	60.27201566		793
AATGTGTATTTCTGAGATAGGGGTCACTCG	0	0	0			18.76700434	0		89
AATGTGTTACATGGATAGGATGAGTGGACC	0	0	0			30.49638205	0		1977
AATGTTATAATCTCGAAAACGTAGTATCCT	235	204.7578947	568.6884404			0	9.516634051		1122
AATGTTATATTAGATATTTTTGTTAATTGG	0	0	0			21.11287988	6.344422701		5
AATGTTTATTGAGTCTGAATATCAAAGAGC	0	0	0			14.07525326	3.17221135		4
AATGTTTGTTTCATTACGCCATTGGGTAGT	0	0	0			96.18089725	218.8825832		2365
AATGTTTTTAAGGAGTCGGAGAGGACTACG	0	0	7.138348624			18.76700434	15.86105675		20
AATTAAACAGTGTTCGTCCTGTTCTATGAT	0	0	8.328073394			0	63.44422701		372
AATTAAGTTGTTAAAGGTGCCTCTGTCGTG	0	0	0			28.15050651	0		1996
AATTAGATTGCTGCAACACTAGTCACAGCT	0	0	5.948623853			143.0984081	488.5205479		43
AATTAGTTTAATTCGTTCACCGATTTCCAA	24	0	47.58899083			0	0		106
AATTCAATATCGCGTGGTCAAAAGTTGAGG	0	0	7.138348624			0	0		32
AATTCACGACGAATTAATCGTAACGCAGCG	0	0	0			190.015919	145.9217221		245
AATTCATTACGTATCTTCAAGGTCGCCATA	0	0	0			68.03039074	104.6829746		57
AATTCCAGTTCCGTGGCGCCGACGGCGGAT	0	0	0			2.345875543	3.17221135		118
AATTCCCAACTATTGCTTTAGGCCCATTTA	0	0	0			2.345875543	0		10
AATTCCGGTCGGTGGGTAGGACATCTCAGT	0	0	0			300.2720695	640.7866928		1835
AATTCGAGTGGTAGACAGGGAAGGGTCGTG	0	0	3.569174312			18.76700434	0		2
AATTCGTATGCTAAGTTCGCTGCAGAGCAT	0	0	46.39926606			0	0		269
AATTCTATAGCGGACGACTAGTCGTAGCTA	0	0	0			75.06801737	38.0665362		20
AATTCTCGAGAGTAGTCGGAATGGATGCTA	0	0	0			18.76700434	9.516634051		0
AATTCTGCTCTGCGGATGTTCATCACAAAG	0	0	3.569174312			2.345875543	15.86105675		14
AATTCTTATTCAATCTATACGTCTTATCTA	0	0	0			370.6483357	206.1937378		494
AATTGAATAACGTGCAAGCCCGGTGAGTGG	0	0	7.138348624			0	38.0665362		379
AATTGACATCTCATTTGACGATGCAATAAC	2525	4675.305263	3263.415046			1111.945007	212.5381605		3128
AATTGATTTTTGCCGTATTTAACTGTTTCT	0	93.84736842	4.758899083			0	28.54990215		64
AATTGCCAAAAGTGGACGCGACGATGACTT	0	0	0			4.691751085	0		85
AATTGCCTTTGCCTACGCTGGGCCACTATT	0	0	0			248.6628075	123.7162427		256
AATTGGAGTGTCACTTTGGTTAATTCATTT	0	0	0			546.5890014	237.9158513		12
AATTGGGAAGCGAGGGGGGGCGTGCTAGGT	0	0	11.89724771			0	0		1369
AATTGGGCTCCTGGGGTGTAGCCCTCGCTA	0	0	0			25.80463097	79.30528376		5
AATTGGGTTAGGGTGTTTTGAGTACGCTAT	0	0	0			4.691751085	0		398
AATTGGGTTTCCCACAAGAAACCGTGAAAA	0	8.531578947	0			0	0		88
AATTGGTCAAGGTTCACCTTCAGTGATATG	0	0	0			7.037626628	3.17221135		75
AATTGGTTAGTTGTAGTCTTAGTCGTAGAT	0	0	7.138348624			1442.713459	88.82191781		94
AATTGTCTACAAAGCGGGGGTCAGTTTGGA	0	0	0			2.345875543	0		0
AATTGTGCAGAGGTGCCTAGGCCTAGCACG	0	4.265789474	60.6759633			14.07525326	158.6105675		739
AATTGTGTAACATCAGTCTTGTGGGGTTAA	0	8.531578947	4.758899083			0	0		5
AATTTAATTCGACTGGTAACAGCGAACTCC	0	12.79736842	4.758899083			9.383502171	3.17221135		3
AATTTCGCTGCTGGTCTTAGCAATCCTCTG	0	0	0			1057.98987	2651.968689		908
AATTTGAGTTCGTGTGGTGTTGTATAGTAA	0	0	0			30.49638205	38.0665362		15
AATTTGGATGTGAAATGGGTGTCTTTGTGC	0	0	0			56.30101302	3.17221135		23
AATTTGGTATCTTGTTTCATTCTACAAAGT	0	0	3.569174312			0	0		8
AATTTTCAAATAAACAGGTCAAAGCTCTCG	0	0	4.758899083			14.07525326	25.3776908		46
AATTTTCAACTCCCCTTTTGCATCCATATC	0	0	14.27669725			4.691751085	85.64970646		19
ACAAAAGGAGATGCGCGGGTTCCTACAGAT	0	0	0			110.2561505	145.9217221		1474
ACAAAATAAAGAGAGTCAGGTCGGGAGGCA	123	51.18947368	215.3401835			422.2575977	1053.174168		117
ACAAACGTTGTGTGGTTTCCAGCGTAAGGT	0	0	0			53.95513748	9.516634051		519
ACAAAGGGAATCGGTACCAGAGCGGGCAAC	0	0	5.948623853			0	0		0
ACAAAGTATTTCAGTCAACAATGAGTATAA	0	0	0			0	6.344422701		56
ACAAATAAACAAGAAGGCGCTCCTTCACGG	0	0	14.27669725			0	0		1123
ACAAATGCATCTACAGGGGGTTGCTCGTGC	0	0	4.758899083			0	0		0
ACAACATTTCAATGGCACTTGAGTCGCAAC	0	4.265789474	5.948623853			0	123.7162427		119
ACAACGGGATCTTCATTGGGGAGGGGCAGT	0	0	0			1219.855282	380.665362		243
ACAACGTTTTCGGTATTGTGTACCTGGGAT	0	0	11.89724771			0	0		0
ACAACTAATGGCCCCACGGAGAATTTTGAT	0	0	0			7.037626628	0		101
ACAACTTGTTCTGCGGGATCGTTGACCTTG	0	0	237.9449541			600.5441389	1100.757339		73
ACAAGAGCAGGTGTTGGGATTGTTTCTACG	0	4.265789474	3.569174312			0	0		2
ACAAGATGATCTTCTCACATCAGGTTCCGT	0	0	0			0	3.17221135		2
ACAAGTGGTACTCGAGTATTATAGCCTGGA	0	0	0			11.72937771	0		70
ACAATAGGTGCCAGGTGCGGATATGCTGCG	0	0	14.27669725			206.4370478	288.6712329		661
ACAATATTAGACTGGCCATATTCATGCCGT	0	0	0			82.10564399	104.6829746		150
ACAATATTATTCTGATAAGTCTTGGTCTCT	0	8.531578947	5.948623853			0	0		11
ACAATCGTATGGCTTTTGACGTTATACACG	0	0	0			0	0		126
ACAATCTCTTTACTCGCGGGTACTCGTTCA	0	127.9736842	15.46642202			0	0		7
ACAATCTTTGCAGACGTTTTTGGTCAAGCG	0	0	0			119.6396527	91.99412916		56
ACAATGCTTCGATTATATTAAATGTTCGCA	0	0	11.89724771			1294.9233	1030.968689		550
ACAATTGTTGGCGGCGGTTGGCGGAAGGGG	0	0	8.328073394			426.9493488	0		27
ACAATTTGTCCTGGTTAGGGTGATCTCTCA	0	0	0			2.345875543	0		2
ACACAAAATTCAAGTCCTGTCTGTCCTAGC	0	0	0			18.76700434	22.20547945		11
ACACAACATCAAGTTCATTAATCAGGAGTA	0	0	0			9.383502171	0		5
ACACATGTTTGTACCTCATTAGGATTTCCA	0	12.79736842	0			0	0		3
ACACATTTACGCGCATTGCGCTGCCCTCCA	0	17.06315789	0			0	0		65
ACACCCTTTCTTGGTTTTACGGGCGAAGTG	0	0	0			9.383502171	0		18
ACACCGACTGCATGGAGGTAAATCCATCTT	0	0	0			0	19.0332681		1156
ACACGACTACTGGCGAACGATCGATCGACG	0	0	0			518.4384949	241.0880626		6
ACACGCAGTAGGCATCACGAGGCTGCGAGA	3	0	35.69174312			9.383502171	47.58317025		22
ACACGGGTACGCGGCTGAGTTGGTTGTTGC	0	0	0			68.03039074	107.8551859		382
ACACGTACAGCTGTCAGTATGAGGTTGGAT	0	0	0			11.72937771	31.7221135		102
ACACTCATAAATCTTGTCCATATTCTGCTA	0	0	65.43486239			0	0		10
ACACTCATATTTAGTTTGTCGGCTTTTTGG	0	0	32.12256881			0	0		0
ACACTCTCTGATCCTGGGGGCCGCCAGTAT	0	0	0			86.79739508	0		751
ACACTCTGTAAGCATGGTTCCCGGTAGTTT	0	0	0			37.53400868	720.0919765		27
ACACTGCTAACTAAGTCTTTGATCGGCTGG	0	0	20.2253211			23.45875543	12.6888454		282
ACACTGGTACGCCAGCTTCTGCGGGCCATG	0	0	0			14.07525326	12.6888454		2
ACACTTAGTTGACGCTCGGCCTCGTTCCAG	0	0	44.01981651			220.512301	60.27201566		196
ACACTTCCAATTTCGCCACGTTAGGGTTGT	0	0	0			65.6845152	91.99412916		0
ACACTTCCTTAGCGTTAGGTTACTCTCTAC	0	0	4.758899083			0	0		236
ACACTTCTAGTTATATGCTGTTAGAAAAAG	0	0	0			7.037626628	28.54990215		12
ACAGAATGAGAAGTTTTCTGATAGTACCGT	909	115.1763158	1249.211009			49.2633864	22.20547945		13
ACAGATTTAAAACGAGGCGGTGCGCGGTGA	0	0	0			93.83502171	6.344422701		0
ACAGATTTAACGTGGATTAATTATCATGGG	0	0	17.84587156			0	0		31
ACAGCAAATCCCAGAATGTTAGTCCAATTG	0	29.86052632	0			0	0		0
ACAGCAATTTTACGGGCAGTAGATCCGGGG	0	8.531578947	0			0	0		1026
ACAGCGAGTTTAGCGGAGGAAGTAATTTAG	0	0	0			326.0767004	482.1761252		6
ACAGCGTAATACCCGAGGGCAAGTTGAGGC	0	0	0			65.6845152	840.6360078		944
ACAGGACTACCGCACTAGCGGGTTCTTGAA	0	0	2.379449541			0	0		2
ACAGGAGATCTAAGCCGGCCATGTGTGATT	0	0	0			0	15.86105675		11
ACAGGAGGACATTCTACGCTACCATCGGCA	0	0	0			4.691751085	0		42
ACAGGATTAAACCGCGGTTGAGTCCCGCAA	0	0	4.758899083			7.037626628	0		13
ACAGGCATATGCCGGTGCGGGACTGCAACG	0	0	2.379449541			49.2633864	38.0665362		0
ACAGGCGCATGGGGCTCGTAACTGAAGCGA	0	0	2.379449541			0	0		270
ACAGGCGGTGTTTGACGTGGTTTTGTCACA	0	0	0			914.8914616	799.3972603		1716
ACAGGCTGTCCTAAGTTATGCGGCTGGAAG	0	0	0			25.80463097	19.0332681		11
ACAGGCTTTAAACCGGGGGGGAGTCTGTTA	0	0	0			166.5571635	1668.58317		1247
ACAGGGAGAAGCTTCATGGGTCCATGTGGG	0	12.79736842	101.1266055			0	0		4
ACAGGGGCTGGTTGTGTTATCGTGTATAAT	0	0	0			0	263.2935421		271
ACAGGTAGAGAGTCTGAGGCGTGTTCTCAC	0	170.6315789	630.5541284			114.9479016	0		19
ACAGGTAGTTATGCGGAACTGGATGCCGAG	0	0	24.98422018			0	28.54990215		5
ACAGGTTTAGGAAGTCAACCCGCAGGCGGG	0	29.86052632	4.758899083			0	0		401
ACAGTAAAACGCAGCTAAAGCCAGGCCCGG	0	0	0			7.037626628	66.61643836		14
ACAGTACTATGCATTAAGCGGCTCGGCCTC	0	0	0			16.4211288	50.7553816		6
ACAGTCGGTGTCAAAAGCCCGTGCTGTTAC	0	0	0			0	3.17221135		11
ACAGTGTCTCACGAGGTCTATCTGGCTGTT	0	0	0			0	15.86105675		29
ACAGTTAGTTATTTAGACCGCTGGGCAACT	0	0	0			18.76700434	0		47
ACATAACCATCGCAATTTCACTCTATGTCA	0	0	1277.764404			0	0		108
ACATAGCGACGACAGTCCCGCAAGGCCTAG	0	0	0			16.4211288	9.516634051		10
ACATATATTACAGGGGAGGGGGAGGCGCAG	0	0	0			7.037626628	0		2
ACATATTGTCCCGTTACGTATGAAGACGTG	0	0	0			44.57163531	72.96086106		251
ACATCCGTATAACGTGGGTGTGTCGTAGAT	0	0	0			0	15.86105675		202
ACATCCTATTCGGCCGGGATCTGACGGTGG	11	0	0			0	0		191
ACATCGATTAACTTAATTACCTTGTCTTGC	0	0	0			2.345875543	6.344422701		4
ACATCGGCTAAAATCCACAGCGCAGGAGTT	0	0	14.27669725			0	0		33
ACATCTGAAGCGATATGACGTTGGCATTCT	0	0	0			2.345875543	3.17221135		11
ACATCTGACCTCAAGGGACCCTACGAGTTC	0	0	0			0	3.17221135		0
ACATCTTGTTGGTATAGGACCCACAACTCT	0	0	0			2998.028944	260.1213307		2468
ACATGAAAATGGGGACGGCTCTCTACTTAC	0	8.531578947	0			0	3.17221135		0
ACATGCCTATTGCGCTCCCGACGTTGCTAG	0	0	4.758899083			49.2633864	0		37
ACATGCGCTCAAAAGGGAAAGTATGTCAAG	0	784.9052632	183.2176147			32.8422576	1281.573386		3613
ACATGCTTTCGGTTGTTCTTGTTGCGATTT	0	0	0			35.18813314	0		102
ACATGGCCACAGGACTCCGAAAGACCTGCT	0	0	0			0	6.344422701		9
ACATGTGAACTGCATATGGTGCTAAGGGGT	0	0	0			77.41389291	418.7318982		1089
ACATGTGCTTGGCCATGGTAGACGACGCCA	0	0	0			7.037626628	0		22
ACATGTTTAACACCGCGGAAGACTTATGGT	25	51.18947368	216.5299083			39.87988423	507.553816		3
ACATTACTTGAGTAATTAACGTCGTGGACT	0	0	8.328073394			0	3.17221135		5
ACATTCGCAAACCGGGTTAGGTGGCTGACT	0	0	0			579.431259	193.5048924		224
ACATTCTCAAGTAAGGTTTCTGGTCGCTCG	0	0	0			77.41389291	107.8551859		31
ACATTGCGTTAGGTCGAGGGATATGCTGGC	0	0	0			4.691751085	0		4
ACATTGGGAACGTTGAGCATGATCGGGGGA	0	0	57.10678899			0	0		90
ACATTGGTTGGGAAACGGGCGCGCGTCTAG	0	0	0			119.6396527	155.4383562		182
ACATTTAAATGTTAACGAGTATTCAAGGCC	0	0	0			2622.688857	358.4598826		36
ACATTTCTTGAACTAGCATCTGGCGAACCG	0	0	0			4.691751085	19.0332681		0
ACATTTGATGTCTATGCCGTTAGTTCGGGT	7	0	0			0	0		54
ACATTTGATTTTGGACCGGTGTGGTGGCTA	0	0	85.66018349			4.691751085	0		4
ACCAACCGAATCGGAGGGAAATTCTAGTCA	0	0	2.379449541			0	0		119
ACCAAGAGTGGAGCTATGTCCGTAAAAGAA	0	0	0			2.345875543	0		12
ACCACGCATTGATAGAATTCGAGGGGCTTA	0	4.265789474	34.50201835			0	0		74
ACCAGACAAAAACCTAATGCTGTGCCGTGC	0	0	0			4.691751085	0		0
ACCAGATTACTGAAGTATTACCGGATCATG	0	0	0			0	15.86105675		851
ACCAGTAATAGCATTGCATGGTCCTAGTGT	0	0	0			0	22.20547945		12
ACCAGTACACGGTCTTTATGCGATACGAAA	0	251.6815789	0			0	0		560
ACCAGTGTTCTGTGCGTGTGCAGAGTTTAT	0	0	0			147.7901592	206.1937378		114
ACCAGTTATGTTTCTCATCTTGTGGCGGCG	0	0	0			0	352.1154599		604
ACCATCCATTATCGCGCACCCCTAACGGAG	0	0	0			4.691751085	0		38
ACCATTTATCAGTTGAACCTATCGCCCGTT	0	0	0			16.4211288	19.0332681		6
ACCATTTCATCAAAAATAGCAGTGTGAAGT	0	0	0			42.22575977	9.516634051		9
ACCCAATTATAGAAGGTGGGCTGAGTTCCT	0	8.531578947	0			0	19.0332681		589
ACCCCAGTTTCGCGACACCGTTAGGCATCA	0	46.92368421	0			0	0		727
ACCCCGCTCCGCTGCCTAATATTAATCCTG	0	0	0			0	3.17221135		0
ACCCCTAATTGTGAGGCTGTCACCTTTTTG	0	0	0			35.18813314	0		2
ACCCGGCTATTCCGCGGTAAGTCAATGAGT	0	0	0			2.345875543	6.344422701		29
ACCCGGTAAAAGCTCCAGATAGGGTAGGAT	0	0	59.48623853			0	0		18
ACCCGTAGTGTATTGACCTAGACTACGGCG	0	0	0			65.6845152	0		5
ACCCTACCAATACTCATTGTTGTTATCTCC	0	0	2.379449541			2.345875543	0		55
ACCCTAGAAATTATTATTTCGTATAAATTA	0	0	0			119.6396527	0		54
ACCCTCGGACGATGTATTGTCGAATGCTGA	45	0	309.3284404			51.60926194	22.20547945		52
ACCCTGTATTGGGAGGCACGGGCATGAAGG	0	0	0			21.11287988	0		28
ACCCTTACATGCCATTGAAAAAGATAAGAG	0	0	0			0	3.17221135		0
ACCCTTGGTGGAAGATCGGAAGTTTAGGAA	0	0	0			2.345875543	0		3
ACCGAATGTTTATGATCCCATGAGTTGTCG	0	0	49.96844037			0	440.9373777		1610
ACCGAGATAGCATTTGTAACTAAGTTTTCT	0	0	0			0	6.344422701		8
ACCGATAGTGGGCGGAACATTTGGGAATCG	0	0	0			7.037626628	0		22
ACCGATAGTTCGCTATGCCAACTAGGTCAA	0	0	27.36366972			16.4211288	47.58317025		17
ACCGCCGTAAACCTAAAGGGTGGGCATGGG	0	0	0			0	19.0332681		64
ACCGCTGTATTTCATATAATACTGACAGCC	0	0	0			1081.448625	624.925636		1580
ACCGGCCTATAATCTATACCTTAGAGATCT	0	8.531578947	0			0	6.344422701		65
ACCGGCGGAGCCTTCTATGGGGTAAACGGG	0	0	0			63.33863965	152.2661448		23
ACCGGCTCCCAACCGGGGGGGAGTCTGTTC	0	0	0			2.345875543	0		0
ACCGGCTGTCTGAATATTGCTCGCAGACGT	0	0	0			0	19.0332681		45
ACCGGGCGTACTTGGAGGAGCTGAGTTTTG	0	0	0			0	9.516634051		18
ACCGGGGAATGATCAGAAGGCCAAGCGTGA	246	1646.594737	138.0080734			0	0		381
ACCGGGTAACGGTGATGTCTCCGGACAGCT	0	0	0			555.9725036	253.776908		2
ACCGGTAGAGGCTGTTTAGCCATTATCTTC	0	0	0			255.7004342	288.6712329		36
ACCGTAGTAGGAGGTCAGTCAGGGCGTTGG	0	0	4.758899083			0	0		73
ACCGTCATAGGCGGATGGTGCTTTTAGTCT	0	0	0			0	6.344422701		0
ACCGTGAGAGAATGGCGTCACCAAGTTTTG	0	0	0			445.7163531	203.0215264		11
ACCTAACAACGTCAAATGGATCGCGTAATG	0	8.531578947	0			7.037626628	0		17
ACCTAGAAACACTGGCTTTAATTAGGTTGC	0	0	0			91.48914616	12.6888454		0
ACCTAGAGATAAGGGCTTCAGACAATATTG	0	0	0			0	6.344422701		5
ACCTAGTCAGCCTTAGTCGGAGCATTAGGG	0	0	0			199.3994211	894.5636008		461
ACCTATTTTGCAACAGCTATTAGCCTGTTC	0	0	0			140.7525326	15.86105675		104
ACCTCCTCTACGGGCAGTAGTAGCACGAGC	0	0	0			0	3.17221135		0
ACCTGAATAACTGGGATTAACCGGATATTT	0	0	5.948623853			0	0		185
ACCTGAATAATCAGAAAAAATCAAGAGTGT	0	0	0			0	6.344422701		7
ACCTGACCATGGAGGGTTAGAAGGGGTTTG	0	0	0			4.691751085	9.516634051		23
ACCTGGATAGCAGAGAAACGGTCGGCCGGT	0	0	0			0	6.344422701		43
ACCTGTTCAACATCACACCGTAGGGTTATG	0	0	46.39926606			21.11287988	440.9373777		1851
ACCTGTTGAATACAAGTGTGGTTGTGGTAT	0	0	13.08697248			9.383502171	0		34
ACCTGTTGTATGTCTGTGCTATCTGCGATA	0	0	39.26091743			0	0		2
ACCTTAGTTGCGCACTTAAATTTATGAACC	0	0	4.758899083			0	41.23874755		81
ACCTTGATTGCGGTTGCCGTTCGGTAGTGG	0	0	0			1796.940666	19.0332681		437
ACCTTTGATAAAGCTGTGCGGCAGGAAAGG	0	0	0			225.2040521	0		496
ACCTTTGGTTAGTCCACAGTGCGAATGATG	0	0	5.948623853			0	0		0
ACGAAATTACGTCTAAACAAAGGCTGGGCC	0	0	0			7.037626628	12.6888454		0
ACGAACCGATTGACATGAAGTGGATCTTCT	0	0	65.43486239			7.037626628	0		2349
ACGAACGGATTGTGAGCACGCCAGGGCTAG	0	0	2.379449541			0	0		0
ACGAATTGAGAGTATTTGATCTGTTGGGCT	0	0	0			0	66.61643836		3340
ACGACATCTTGCCGGGTAACATTGCCCATT	0	0	0			4.691751085	12.6888454		4
ACGAGACTATAATGTTGTGCCCGTTACGCA	0	0	0			143.0984081	0		213
ACGAGCATAGGTCGAAAGAGGGCAGTGTAC	0	0	21.41504587			28.15050651	63.44422701		62
ACGAGCGGTGCAAGAAGCCGCAGCTTGGGT	0	8.531578947	0			21.11287988	209.3659491		41
ACGAGTTCAAGCGGCGCGGCCGGGGTTCCG	0	0	0			708.4544139	532.9315068		117
ACGAGTTCACTTAGGGTGCCTTGAAGTGGT	70	34.12631579	184.4073394			37.53400868	63.44422701		6
ACGAGTTGATATGTCTTTAGTGCAAACCAT	0	0	98.74715596			180.6324168	469.4872798		33
ACGAGTTTTCGCAGCGAGCCCGAGGGGGGG	0	17.06315789	23.79449541			7.037626628	0		8
ACGATATGTGTAAGAGTCTGTGAGATGTCC	0	140.7710526	0			0	0		2243
ACGATATTACGATAGATCAAGAGGCCGGGG	0	0	3.569174312			0	0		3
ACGATGCCACATTTTCGTTTCAATTCGTAT	0	0	0			182.9782923	101.5107632		80
ACGATGGATTATCCACTACTACATCCCCCT	0	0	0			11.72937771	12.6888454		5
ACGATTTGTGGGAGGGAAGTATGCGACAGG	0	0	0			0	9.516634051		1084
ACGCAAGAAGGGGGGCCCCAGCCAGCCGGG	0	4.265789474	8.328073394			11.72937771	19.0332681		185
ACGCACACTCCATTAGGTGGTTGGGGGTGG	536	106.6447368	1710.82422			494.9797395	339.4266145		10
ACGCAGATTAGATATTAGTCAATGTAACGG	0	0	0			30.49638205	22.20547945		13
ACGCAGGATACTGCAGACGGAGTTATGTAG	0	0	0			11.72937771	0		0
ACGCAGGCTGATTTAACCAACGTGTTCCCG	0	0	0			7.037626628	0		2
ACGCATATAGATGTTGTTAACGCTTGGGTC	0	0	0			4.691751085	3.17221135		2
ACGCATATTTTCTTGCGGCCACCATAAAGT	0	0	29.74311927			0	0		25
ACGCCAAGTTTTTGGGCGCGTCGAAATGCA	0	0	0			2944.073806	2166.620352		14
ACGCCCTATGGATTATCACGGCCGGTAAGG	0	0	0			0	47.58317025		2709
ACGCCCTCTAGACTTATGACTCGGAATATT	0	8.531578947	0			42.22575977	0		51
ACGCCGGGTCAGCCTGCACACTACAAATAG	0	0	0			276.813314	0		1013
ACGCCGGTTACTGCCATTAATTGTGGATGT	0	25.59473684	46.39926606			28.15050651	117.37182		76
ACGCCTTGTAAACCAACGGGGGGTAGGTAA	0	0	7.138348624			0	0		84
ACGCGACATACCGGTGACCTGTGTATGTTG	0	0	0			2.345875543	0		0
ACGCGACCAGCCGCCTTCACGTAGATGGTT	50	0	2.379449541			44.57163531	570.9980431		83
ACGCGCATTAAGCGCGATAAATGTGTTTGC	0	0	0			75.06801737	104.6829746		82
ACGCTATAAAAAGGGGACAAGATAATGTGA	0	0	0			4.691751085	0		0
ACGCTATAAAAGGGGACAAGATAATGTGAT	0	0	0			2545.274964	1811.332681		3637
ACGCTATCTGCTATGAGCTAACCGTATGCA	0	0	0			14.07525326	9.516634051		5
ACGCTGGGTTCCACCGGATATTGTGCAGCG	0	0	2.379449541			7.037626628	85.64970646		0
ACGGAAAAAAACGCGTTCTGCATTTTTGGG	0	0	45.20954128			0	0		546
ACGGAAACTCCTCCTGCGGAAAGTATGAAC	0	0	0			7.037626628	0		19
ACGGAACATGGAGGGGCGGTGCCATAATTC	0	0	0			2.345875543	3.17221135		10
ACGGCAAATCACTGTTTCGTATCGTCCCCG	0	0	0			4.691751085	6.344422701		3
ACGGCAGCTGACGGAAAGGCAGTGAGGCGT	8	0	109.4546789			0	0		5
ACGGCAGGATATTGTTAGGGCGCCACATGG	0	0	5.948623853			32.8422576	22.20547945		12
ACGGCATTAGCGGAGGCTATATGCATGGTT	0	0	178.4587156			0	0		11
ACGGCCCCTGGCTCCTTTAACTCATATATT	0	0	0			741.2966715	145.9217221		4
ACGGCGGTTACCTTCTCGTTATAGGAGGGT	0	0	0			18.76700434	31.7221135		0
ACGGCTGGAACCGGTTCCGCGGGCCCTGTA	0	0	3.569174312			2.345875543	28.54990215		5
ACGGCTTTAGGCTTAGAGCTCAACCGATGA	0	0	0			4.691751085	15.86105675		5
ACGGGACATTTAAGCCGTAATGGAACTTAC	0	0	0			2.345875543	0		20
ACGGGAGTTCAGGCGCACGGTGGTGTATAT	0	21.32894737	9.517798165			0	38.0665362		25
ACGGGATATGTGAGCACAACAACACGCTAT	0	29.86052632	0			309.6555716	672.5088063		372
ACGGGATGTTTTTTGGGCCCAATTTCTAAG	0	0	0			260.3921852	145.9217221		40
ACGGGATTTACGTTCACAGAAAGATTCCGT	0	0	2.379449541			0	0		2
ACGGGCAATTAAAGTTTATCAATCGGTAAT	0	0	0			49.2633864	237.9158513		141
ACGGGCATAGCGCGAGTCAATGGAGACGAC	0	0	13.08697248			0	0		35
ACGGGCGGACGGGGAGTGATTGTATTGAAG	0	0	0			2.345875543	0		0
ACGGGGCATGGTGAGGTGTTTTTTATCAAC	0	0	4.758899083			42.22575977	50.7553816		8
ACGGGTTATACCGATAGGTCTACATGTTAG	0	0	3.569174312			0	3.17221135		2
ACGGGTTTACGGGGTGTAGTCTTCTATGTA	0	0	0			255.7004342	329.9099804		15
ACGGGTTTAGGAGAGGCACACTTGGAATTG	0	0	0			2.345875543	9.516634051		2
ACGGTAATTGGATGGATATGTTTGTTGATG	0	0	0			4.691751085	0		23
ACGGTACAATAAAGTGGGTATAGACAAGGC	0	25.59473684	0			0	0		2
ACGGTACATCGCAGGTAATCTCGGATGTAA	137	145.0368421	138.0080734			65.6845152	38.0665362		54
ACGGTCAGACGGATGTCCCCCGGGGACACT	0	0	0			4.691751085	53.92759295		6
ACGGTGACTAGTCATCCGGTTTGTGCCGGT	85	119.4421053	1414.582752			0	0		543
ACGGTGCTTCAAATTGGATGCTGATGCGTC	0	0	0			478.5586107	599.5479452		4
ACGGTTAAATGTATGGTCTATAGGCTTGTT	0	0	0			1029.839363	593.2035225		592
ACGGTTCAACGGGCGCAGCAAGGCAATAGA	14	4.265789474	20.2253211			0	0		24
ACGGTTGTTCGCCGGTAGCCAGATAGATAA	0	0	0			2.345875543	22.20547945		0
ACGTAATTACGTAGAATCGCGGGCGGTGCA	19	0	148.7155963			0	53.92759295		526
ACGTATCAAATGAATAGTCCAACAATCTGG	0	0	0			4.691751085	12.6888454		4
ACGTATGGAACCTTAGTGCTCCATTCAGTT	0	0	0			18.76700434	12.6888454		71
ACGTATTGTATCGTGGTCGACAGCCTGTGT	0	0	0			279.1591896	1199.09589		55
ACGTCGAGAGGCTGTATATTTCACACTTTG	0	8.531578947	0			0	0		115
ACGTCGAGTCTATATTATGGCGTGTGTGCA	0	0	9.517798165			180.6324168	155.4383562		215
ACGTCGGTAGTGGGATCTTTCCCGTGCAAC	0	8.531578947	0			0	0		0
ACGTCTAGAGGGGAAACAATCGCCTTGATC	0	0	0			9.383502171	3.17221135		2
ACGTCTGTACCCGGGGGTCAAATCATGACG	0	0	5.948623853			0	6.344422701		9
ACGTGAACTTAATTTAAGCCTGGCTGTCTC	0	0	0			0	6.344422701		4
ACGTGCCTACGATGAAATTCGTGAGCCCCT	0	0	0			2.345875543	22.20547945		26
ACGTGGATTATACGATTCTCGGACAGGGAC	0	0	13.08697248			124.3314038	12.6888454		74
ACGTGGATTGCCGAGAAGCGGGGATAGTTG	0	0	0			0	0		2
ACGTGGGCAGTTAACTCTCTCCGGATAGAC	0	0	2.379449541			0	0		2
ACGTGGGGAAATCCGGATTTGATCGATGAG	0	0	0			9.383502171	0		706
ACGTGGTAACTCAGATAAATGCGCGATAGG	0	0	24.98422018			335.4602026	831.1193738		449
ACGTGGTTAACCAGAAAAGTTAAGATTATT	0	4.265789474	0			0	0		2
ACGTGTAAATGTAATGGGAGGGGGTATGTC	0	63.98684211	339.0715596			79.75976845	551.964775		32
ACGTGTGGAGAAGCTGTGGGCCGGGTCGAA	0	0	0			173.5947902	222.0547945		101
ACGTTAGTAGAGCGACCCTCCGGGAGGGTC	0	0	0			0	3.17221135		0
ACGTTCGTTAAGGTGTCGTCTTCGTGGCAG	0	0	3.569174312			0	0		22
ACGTTGACAAGTGTGTAATGCGGCTTCAGC	0	0	11.89724771			0	3.17221135		47
ACGTTGAGTATGAGTGAGTGTTTTCAAGTA	0	0	0			2.345875543	0		4
ACGTTGCATGGCCACTCCGCATAAGAAAGT	0	0	0			18.76700434	6.344422701		441
ACGTTGGGTACTGCTGTACATAGGGATGAT	0	0	115.4033028			0	0		20
ACGTTTTGAATTGAATGTGACGTGTGGTGT	0	0	10.70752294			0	0		24
ACTAAGAGTGTACATGGGTTGTTTTGCAAT	0	0	0			403.4905933	1389.428571		31
ACTAAGATTGCGGCTAGCTTAATTGTAAAT	0	21.32894737	0			0	0		2
ACTAAGTTTGGAGCCTAATAGACCTTTATG	0	0	9.517798165			0	0		53
ACTACGGTTGTGTGGTCTTCAGTCAAGACT	0	0	0			4.691751085	22.20547945		2
ACTACTCTTAGAGAGCCGGCGTAATGCCAT	0	0	0			72.72214182	472.6594912		110
ACTACTTCTGGTTGTGTGAGAGGTGGATGC	0	0	0			248.6628075	355.2876712		8
ACTAGAAAAGGGGTCGGTATGCAAGCGTGA	0	0	0			0	12.6888454		0
ACTAGAAATAGTTTATACACTGGGAAAAAC	0	0	0			14.07525326	0		2
ACTAGAGGTTGGTATATGGATTGTTTGGGA	0	0	0			7.037626628	15.86105675		0
ACTAGCGCAGATGGCTGAGGGGAAAGTGGA	0	0	0			30.49638205	19.0332681		2
ACTAGCTGTGCCTAATACAATGGGATGGAA	0	0	0			0	6.344422701		3
ACTAGTATTTGATCCATATAGCCTGTTAAC	0	0	0			30.49638205	174.4716243		67
ACTAGTTGTTAGTGCTCGGCTCTGGACAAG	16	0	654.3486239			518.4384949	215.7103718		1347
ACTATCCAACAAGTTTCGGTCCCAAGCATG	0	25.59473684	0			0	0		0
ACTATCCGTGTACCCGGCCACACGGCCTAT	0	0	0			2.345875543	0		0
ACTATGAGACTCAGTAGTAACGACGGTACG	0	0	0			0	0		146
ACTATGGGATTGCAAGTCCCAATAGAGCGT	0	0	59.48623853			0	0		494
ACTATGTTTTGGCGTGAGCACTTGATCAAA	0	0	14.27669725			157.1736614	0		0
ACTATTGAACACGGGACTTAATGACAGGCA	0	0	0			0	6.344422701		167
ACTCAGCTAGTAAAATCGGCCGTAGCGCCC	0	0	0			2.345875543	0		0
ACTCATTATCTACGGTCGAGATGCTTGCGG	0	0	0			21.11287988	0		20
ACTCCCTATTCTAGGATGCTATGCTGTTTC	0	0	0			107.910275	0		2
ACTCCTAATTCGGTTACAGGCCGAGACACA	0	217.5552632	33.31229358			110.2561505	133.2328767		240
ACTCCTTGTGCGCCCCAGTTGGCCGCGTGC	0	0	0			448.0622287	1538.522505		221
ACTCGACGAGTGACCTAAAATAAGGAGTTA	0	0	0			131.3690304	304.5322896		434
ACTCGATTTGGAAAAAAATGGCCTGAACTG	0	0	0			2.345875543	0		0
ACTCGATTTGGAAAAAATGGCCTGAACTGC	0	0	0			206.4370478	180.816047		1788
ACTCGCAATACCGGTATCCTTCTTTACGCT	0	0	46.39926606			1161.208394	599.5479452		1625
ACTCGGCTATGGCTGTCGTCTAATCCAGAC	29	0	26.17394495			9.383502171	34.89432485		79
ACTCGGGAAGGGTTGATTGGAGGGTCAGGA	0	0	985.0921101			0	0		3746
ACTCGTATATTCTTCTCCGAGGCGTAGGGG	0	0	0			0	3.17221135		381
ACTCTCGTAAAGTACCTTGGGATATTATCG	0	0	0			14.07525326	0		6
ACTCTGGGATCAGTAAGTTAGAAAACGAGG	0	0	0			44.57163531	25.3776908		20
ACTCTGTCATCATGTCTATATTTTGCATGT	0	0	97.55743119			79.75976845	0		8
ACTCTGTTTAGAAAGCACCTTGACATCATA	0	0	0			49.2633864	6.344422701		57
ACTCTTAGACGTTTGAGGATTCAGACCTCC	0	38.39210526	26.17394495			0	0		185
ACTCTTATTAGGGTGGACAATCAAAGTTCA	0	0	0			9.383502171	3.17221135		6
ACTCTTCTAAACGGTGGTTCTTCTAAAGTG	0	0	64.24513761			0	0		98
ACTCTTGGATACGCAAGTTCATATGAGAAC	305	29.86052632	126.1108257			0	22.20547945		47
ACTCTTTGTATCGAGGGGTTGACATAAGTC	0	0	3.569174312			0	0		12
ACTGAACATCGTCCGGCGTTGTGCGGTGGG	0	0	0			0	3.17221135		11
ACTGAAGTTCCGACGAAACAAGTGCAAGTT	0	0	0			2.345875543	0		0
ACTGACAAACTATCGGTGTATAAGGACAGT	0	0	0			0	15.86105675		5
ACTGACTTTACGATAATGCTTGTTTCTTCT	0	0	0			18.76700434	25.3776908		7
ACTGAGATTGTGATGAAGCCTTTGTTCTCG	0	0	44.01981651			0	0		26
ACTGAGGATATACACGGTTGGGGCTAAAAC	0	0	0			2.345875543	0		8
ACTGATAAACTTTAAACAATGGGGGGATAG	0	0	0			0	3.17221135		18
ACTGATAGTTTAGGTCGGGTCTTCGTAATC	0	0	0			190.015919	199.8493151		19
ACTGATATTAGTTGACAAGCCACACCAGAC	0	0	0			7.037626628	6.344422701		4
ACTGATGATGCATTGCGTAGTTTCGCAGAG	0	0	0			1271.464544	539.2759295		0
ACTGATTCTGTTCAGTCGGGGGCGTTACTC	0	0	0			0	12.6888454		621
ACTGATTGTGGCAAACTAGCCACGGCGGCG	0	0	44.01981651			222.8581766	466.3150685		4
ACTGCAGTTGCGTGGGCGGGGTATCAATCT	640	277.2763158	505.6330275			0	95.16634051		18
ACTGCCAGAGCTGTGACAAAATGGGTGGTG	0	0	0			133.7149059	76.13307241		488
ACTGCCGATCCGCTAATTTTTGAGCTATTA	0	0	0			129.0231548	183.9882583		10
ACTGCGACACATGTCAAGGTTAGTGTCGTT	0	0	4.758899083			0	253.776908		636
ACTGCGGAAGTGATGTTTGTCACTATGCGT	0	8.531578947	0			0	0		40
ACTGCGGCCGCTACCTAATTGCCGTCGTGA	0	0	0			2.345875543	0		0
ACTGCGGCTAAACCAACTCGCTGTGGCCAG	0	0	0			2.345875543	0		2
ACTGCTCGTTGGCGTTCTTCTAGAATGGTG	0	0	0			28.15050651	66.61643836		40
ACTGCTGGAGGGCCATTTAGTGTCGTACAT	0	0	0			1144.787265	0		21
ACTGGATACGCGAGCACAACAACACGCTAT	0	0	0			0	3.17221135		0
ACTGGATCAACGCCATAGTTATTTATCTCG	0	81.05	113.0238532			0	0		8
ACTGGATGTTAATAGAGTGTTTAGTTCACT	0	0	0			323.7308249	342.5988258		0
ACTGGCCTAGTTGGGTGGCAGGTAGGAATG	0	0	0			0	0		16
ACTGGCGGACGGATCCGTCGCTCAGCCGAC	0	17.06315789	0			0	0		60
ACTGGCGTTACGATTGTATGACAAGTGTTC	0	0	0			8055.736614	28.54990215		156
ACTGGGATACCTTGTACTGATTCCATGGGG	0	0	0			9.383502171	3.17221135		49
ACTGGGTTAGTGAGATGACTCGTTTGTCCC	0	0	0			4.691751085	0		287
ACTGGGTTTGTGTAGGTGGGGGATCTTTGT	0	0	0			443.3704776	910.4246575		1057
ACTGTAACTAGTGATGGTTATCTTGCCAAC	0	0	5.948623853			16.4211288	85.64970646		6
ACTGTAAGTGCTTATTGATGTCGTGATCAG	0	0	160.612844			0	0		637
ACTGTAAGTGGTGTGGTGGGGAAGCAAGTA	0	0	24.98422018			2.345875543	12.6888454		31
ACTGTAAGTTAGCTGCGCGGGTAAACGCCG	0	0	0			4.691751085	6.344422701		11
ACTGTCATAGTGTGCTGGAAAGCATGAGAC	0	0	0			72.72214182	6.344422701		45
ACTGTGATAATAGGGCCCTAGGCGCGGTTA	0	0	0			114.9479016	206.1937378		1198
ACTGTTACAGTATACGTATCTGGGGGCTCC	0	0	0			0	0		111
ACTGTTCTACGCATTAGCCTGAGATGATTT	0	0	0			32.8422576	34.89432485		76
ACTGTTTGTGCCCATCTCTCGGCACAAATA	99	4.265789474	127.3005505			21.11287988	263.2935421		41
ACTTAACTTTAGGGAGAAGAGAATTGTAGC	0	0	0			42.22575977	31.7221135		11
ACTTAAGTACTTTGTAAGGAGGCAAGTTTG	0	0	0			243.9710564	317.221135		654
ACTTAAGTATGGGATCGACACCGGGAATGT	0	0	0			16.4211288	28.54990215		8
ACTTACCCACACTAATCTTGATCCTTGGCT	0	0	0			0	3.17221135		7
ACTTACGCAGCGTCTGGCCTAAATGGTTTT	0	315.6684211	85.66018349			4.691751085	0		79
ACTTAGCCATTTGAGAGTCCGTGATTCGGC	0	4.265789474	3.569174312			2.345875543	3.17221135		3
ACTTCAACTCGTATGTATGCTTGCTAACTT	0	0	0			1895.467438	358.4598826		887
ACTTCAGCTGTAACTTAATTCCAGGAGAGA	0	0	39.26091743			0	0		31
ACTTCGTAACCGACCGAAATTGGTACGCTA	0	0	0			3661.911722	4247.590998		2447
ACTTCTTGTGGTGAGTCGTTGTTGCTCTAT	0	0	36.88146789			0	0		0
ACTTGAACACTTGACTATCTCGTTCTGGGA	0	0	51.15816514			0	3.17221135		22
ACTTGATGTCACCGTGGGAGGTTGACCCAG	0	0	0			0	3.17221135		16
ACTTGCATAGTGGGTGTATGGGAGACAGGC	113	0	239.1346789			1698.413893	3359.37182		257
ACTTGGATTATAAATCCATCTTCGTGTACT	0	0	0			2.345875543	0		4
ACTTGGTAAGACAATATCTATTGCCGAGGC	0	0	0			0	6.344422701		2
ACTTGGTGTGCATAGTAAGTGAAGGGAAGC	0	0	21.41504587			1339.494935	377.4931507		740
ACTTGTAATTCACGTACGAAATTCAAGAGC	0	0	278.3955963			0	0		1768
ACTTGTACTTAGCTGTGAACGTTGTCTAAT	0	191.9605263	0			0	0		7
ACTTGTGTTCGGTCTCCTCATTTTTGTATT	0	0	0			39.87988423	28.54990215		10
ACTTTACGTCTGTTTCCGCTCGTTTTACAT	0	0	0			9.383502171	0		4
ACTTTATTTTGCATGTGATGTATCTCTGTC	0	0	0			21.11287988	152.2661448		110
ACTTTCGTTGCGAGGTTTTCCTTTGGTTAA	0	0	0			14.07525326	123.7162427		25
ACTTTCTTAGAGGTGACCACGCAGTACGCA	0	81.05	0			0	0		0
ACTTTCTTTAAGATGAACCTGTAGATTCGT	0	0	0			7.037626628	6.344422701		0
ACTTTGGCTCCAGTGCGCTCGGGATTAGGG	0	0	0			706.1085384	91.99412916		5
ACTTTGGTAGTGTGACATAAACGCTTCCGA	0	0	0			326.0767004	0		21
ACTTTGGTTAAGTGAGTCTAATAAAGTTTT	0	0	0			0	25.3776908		27
ACTTTGTTTGCCCAGGGGTAAGTCTGTACA	0	0	0			2.345875543	0		17
ACTTTTGCATGTATAAGCTATTAAGGTAAT	0	0	0			2.345875543	0		9
ACTTTTTAAAACCCTGAGATAGAGGTCATC	4	0	0			4.691751085	3.17221135		9
AGAAAATATTCGCCCGGACCCATCTTATGT	0	0	0			0	120.5440313		4
AGAAACTAAAGTTAGGGTCTAGTGTGTTGT	0	0	0			23.45875543	126.888454		8
AGAAAGGCTCTCACGGTGCTCGTGCCTGAT	0	0	0			11.72937771	0		117
AGAAATGCAGGCACGTGACCATTAATTGCC	4	0	30.93284404			0	0		261
AGAACCGAAGATGTGCCTCATCGCCTGGGA	0	0	0			281.5050651	710.5753425		17
AGAACTATTTACTGATCAACAACGCAGGCG	0	0	17.84587156			0	0		32
AGAACTTTAACGGGTGCTGCACTCTTGGGC	0	0	0			37.53400868	0		118
AGAAGAGAAGTACAGGCCAGTCTCTGGTCT	0	0	0			9.383502171	19.0332681		87
AGAAGATCACCCTTCCATCATGTAGGTCCA	0	0	0			30.49638205	50.7553816		3
AGAAGCGGTTTGGTACAATTGTAGGGGGGC	0	0	0			2.345875543	9.516634051		8
AGAAGGCCAAGTCTGCTGCAATTCTGTGAA	0	0	0			82.10564399	0		175
AGAAGGTGTGGCCGCTTTGCAGTGTGTGAG	2	12.79736842	30.93284404			0	0		112
AGAAGTCGTCGTGATGTAGTTTCAGACCGG	0	0	0			98.52677279	0		14
AGAAGTGGTCTGTACGGGGGATGAGGCGTC	0	0	0			42.22575977	38.0665362		370
AGAAGTGTATATGGTCTTGCTGGCCGTCAG	0	0	0			330.7684515	361.6320939		167
AGAATACGAGAGCTACGGGGCTAATGCTCA	0	0	17.84587156			51.60926194	0		187
AGAATGTATCAGAGCATCATCTTCTTATTC	0	0	55.91706422			1670.263386	4060.430528		1620
AGAATGTCTGAGGTTAGAATCTGGGCAAGA	0	0	0			75.06801737	91.99412916		87
AGACACGCAACTCCACTTCTAGTATGGGGT	0	0	0			79.75976845	555.1369863		106
AGACACGTACCCAGCTTACATGGGTGGGCT	0	0	17.84587156			0	0		58
AGACAGTCATTGCTCCATCGGGTTAAGCGG	0	0	0			1660.879884	0		66
AGACCCAATAGAAGGATGACCTTTTGGGGC	8	29.86052632	71.38348624			0	0		2
AGACCGCATAGGCACTGTCATCGCGTCCTA	0	0	0			25.80463097	117.37182		5
AGACCGGGTCTACCATACGCTTTTTTTGTT	0	0	0			79.75976845	15.86105675		27
AGACCGGGTGCTTAAATCTTGATCTAGGAA	0	0	2.379449541			0	12.6888454		16
AGACCGTTTTGTCGTCCGATCTGTACAAAG	0	0	0			0	15.86105675		2
AGACGAGGAGGCAAGGACGAGGAGTTAAGC	0	0	0			32.8422576	0		35
AGACGAGTAAGCTAAGGGGGCGCTTAAGAA	0	17.06315789	0			0	0		18
AGACGCAAATATTTTGTTTTAGAGCATCTA	0	4.265789474	0			0	0		49
AGACGCTTAAAGAAATCATTGAGCCATTGA	0	0	0			0	19.0332681		3
AGACGGACAGGGATGTACGTAAGTATCGCT	0	0	0			0	3.17221135		50
AGACGTGATAGCTACGATATGGGGCGACGC	0	4.265789474	0			0	0		5
AGACGTGGTTCCAGTTGAGTGTTGGGATAG	0	0	0			28.15050651	0		205
AGACGTTCATCTCGAGATCTTGTGGTTCGG	0	0	0			492.633864	0		7
AGACTAGATTTTTGGTGGCCGCTACTGGTA	0	0	0			112.602026	98.33855186		0
AGACTCTATATATGTTACTAGGAGTTTTGT	0	0	0			14.07525326	0		1177
AGACTGCATGGGAATACTATCGTTCTTTAG	0	0	30.93284404			0	15.86105675		2
AGACTGGTTTAGAATTGTAAGAGCCCATGG	0	4.265789474	0			0	0		0
AGACTGTAAAGGGGAACAGGGGCGTTGAGC	0	0	0			0	0		24
AGACTGTGTAGGGTGGCTGACGGTCGGGGC	65	0	3.569174312			0	0		105
AGAGAAGCTGTGTAGATTTCGTACCCTTGG	0	0	0			110.2561505	149.0939335		128
AGAGACTCACTTTGAGAATTATCATTGACG	0	0	0			4.691751085	0		4
AGAGCACGTAGATAGTTTCGGAAAGCCGGT	0	0	3.569174312			2.345875543	0		8
AGAGCCGTTATGTTTGTACTGGGCTTCCAC	0	0	0			7.037626628	0		22
AGAGCGTGAGTACGGTAACTTCAAGTGGGG	0	4.265789474	0			0	0		0
AGAGCGTTATTCTTAGTTCGTTAAGTGTGG	0	42.65789474	0			0	0		39
AGAGGAAGTTAAGATTTGATGATAGCGCAT	0	4.265789474	2.379449541			0	0		0
AGAGGAGAAATGGTCCGCTAGTTCTCAGAG	0	0	0			525.4761216	1306.951076		699
AGAGGATATATATTATAATTTCTCTTTCAC	0	0	28.5533945			0	0		4
AGAGGATCACCTAACGTGTGATGTAACGAG	0	0	0			0	12.6888454		1547
AGAGGCTTTGAAGCAGGGTATAGGGACGGG	2	0	2.379449541			0	0		33
AGAGGGCCTCCATACATCTTACTTGGTGGA	13	0	28.5533945			0	22.20547945		15
AGAGGGGATGGAGCGGGGGGTGGGGTTGCC	0	0	2.379449541			0	0		0
AGAGGGTATTGTGCGGAGAAAGCGCGGACT	0	0	0			9.383502171	0		57
AGAGGGTCAGGCTTGCTATGCTGCTCACCA	0	0	0			0	12.6888454		2
AGAGGGTGAAATAGTTTCGTCCGTTAACGG	354	0	67.81431193			194.70767	145.9217221		613
AGAGGTCGAGTTTTTCGGACCGTTCCTTGC	0	0	0			60.99276411	76.13307241		374
AGAGGTGTTGGGAAATATTTATGAGCAGTG	0	0	0			58.64688857	63.44422701		54
AGAGGTTTACCGGGTGTCTTCCGATTTAAG	148	29.86052632	192.7354128			0	0		29
AGAGTACGTTGGAGGTCGCGGGGTTATTTG	0	0	0			11.72937771	31.7221135		57
AGAGTCGAATAAGCGTCTTATGGAACGGAA	0	0	0			4.691751085	0		25
AGAGTGCTATACTAATTGCACCTCGGTAGG	0	0	0			2.345875543	41.23874755		19
AGAGTGTTTGGAGGTCTTCGTATGGGGTAG	0	0	0			16.4211288	9.516634051		39
AGATAAATAGCAAAGAGTCGTATGGATATA	0	0	0			0	3.17221135		12
AGATACATTAACTTTTGATAGAACCACAAG	0	0	0			9.383502171	0		3
AGATACCTTTGTTGCTGCAAGAACGCAAAG	0	0	0			0	28.54990215		779
AGATAGCAATAATGCTGGTCGCAGGGGGCT	0	0	0			14.07525326	9.516634051		0
AGATAGCATTTATTTATGATTTGAACTTGC	0	0	0			21.11287988	0		0
AGATATTGTTATTGCGGGGTGTGGAGTCCG	0	0	0			18.76700434	0		98
AGATCAAGAGGACTCGAGCACGGAGACAAG	198	0	318.8462385			37.53400868	199.8493151		13
AGATCACTTTCGGGATAATACAACCGTAAA	16	0	0			0	0		5
AGATCAGATGATACAGTAGAAGGGATCGGA	0	0	0			9.383502171	0		159
AGATCAGTTGCTGACCTCGCGTGCATGAGT	0	0	4.758899083			0	3.17221135		7
AGATCCAGATGTCTAATGTATTAGGACTGA	0	0	0			35.18813314	0		68
AGATCGCTTGTGAGAGGGGATGGGCGCTGT	0	12.79736842	0			11.72937771	0		100
AGATCTTTTGGGGTTACCTGGGTTGGCGTT	0	0	0			2.345875543	25.3776908		7
AGATGAAGACACTGCCTGCGGTTAGCAGGA	0	0	0			0	9.516634051		13
AGATGACGAAATCATTCTGCCATGTGAAAA	0	46.92368421	0			999.3429812	799.3972603		2850
AGATGAGGAAACGAAGGGAGTAACCCGTTG	0	0	0			46.91751085	50.7553816		29
AGATGCGGTCCATCTACTCACCGTATTTTT	0	0	0			7.037626628	0		2
AGATGCGTAGACTGAGGGGGGGAGCTTGTA	0	0	0			53.95513748	53.92759295		9
AGATGGGCAACTAAGGCCAGGTTGTGTACG	0	0	0			480.9044863	1716.166341		2396
AGATGGGTAGGAGTACCTTGGGCTAGACAG	0	0	0			518.4384949	774.0195695		770
AGATGTTTTGGTCCATACACGCTAGGCTTG	0	0	8.328073394			89.14327062	485.3483366		60
AGATTAGTTACTCTGTTTTTTCCCGACAGC	0	0	662.6766972			837.4775687	1110.273973		57
AGATTCGATAATCGTTCGGGATGCGGGGGA	0	0	0			0	19.0332681		9
AGATTCGTAGTGGAGCGACCACGTGGATGA	0	0	0			2.345875543	0		8
AGATTGAGTGGCTAACCCGGTCAAGTCTGC	0	4.265789474	0			0	0		9
AGATTGGTACCACAAATTCGCGTGGTGCTA	0	0	0			426.9493488	145.9217221		28
AGATTGTGTAATTGGCCATTGTGGGCGTAC	0	0	0			7.037626628	28.54990215		6
AGCAAAGTAGACGATACGAGTTGTGTTGTA	0	4.265789474	15.46642202			51.60926194	88.82191781		81
AGCAACTGTGTATGGTAGATCCTGTTAGTG	0	0	0			100.8726483	0		31
AGCAAGATTTCGGGGCAACCTTGAGTTGAC	0	0	0			77.41389291	0		144
AGCAAGGTAGAGCTATTCTTATGCCGTTGA	0	0	0			337.8060781	856.4970646		36
AGCAAGTCTGGTTTTGGTTGCCTGGATGGG	0	0	21.41504587			0	0		0
AGCAAGTTATTCAGACCGAGCAAGGGCCGA	0	0	4.758899083			0	0		4
AGCAATCTTTGCGTCGATAATGATCGTGTT	0	4.265789474	0			0	0		0
AGCAATGTTTCTAGTGCGGAGGCTAGACGA	0	0	0			103.2185239	203.0215264		2
AGCAATTATAGTATCCGCGATGTGTGGGCA	0	0	0			0	9.516634051		22
AGCAATTCAAAATGACATTGGAAGATTGCA	0	0	0			63.33863965	50.7553816		56
AGCACAAATCGTGGATGCTGATACTACTAG	0	0	0			0	164.9549902		149
AGCACGTATCTGGCTTCCTCAACGCGTTTC	0	0	2.379449541			0	0		271
AGCACGTGAATTAAAGGTCGGGGAAGCGAC	0	0	0			382.3777135	25.3776908		65
AGCACTTTAACAGGGAAGCCGGGTTTAATA	0	0	0			11.72937771	0		14
AGCAGAGCTGGTCACTAGTTTAAGTCTGGT	0	0	0			1036.87699	999.2465753		1393
AGCAGGGGAAACGTGTTAGGGATGTCGGCT	0	0	20.2253211			0	0		147
AGCAGTAATGTGAGAAACCCAGAACAGGTT	747	42.65789474	463.9926606			35.18813314	196.6771037		106
AGCATATTTGCTTGCACAGTCGTGATTGGC	0	0	4.758899083			0	0		14
AGCATATTTGGAAGAAAACGAGCTTGGAGA	0	8.531578947	0			0	0		25
AGCATGAAACAATTCTATCATTGATTGACG	0	0	0			2.345875543	6.344422701		103
AGCATGACAGTATGTAGGAGGTAGTTTTCG	5	0	315.2770642			492.633864	466.3150685		21
AGCATGTGTTAACGCGGATACGGAGTTTCG	0	0	0			147.7901592	158.6105675		119
AGCATTAGATGCCCAACTCCCTAATAGGAC	0	0	0			286.1968162	412.3874755		69
AGCATTTTACAGGGGTCACGTAAGAGGTTG	0	12.79736842	252.2216514			0	0		1035
AGCCAAGTTATGTTCTTGTCACTGCCAGAC	24	0	66.62458716			309.6555716	735.9530333		2584
AGCCAAGTTATTGGCGGAAGCTTGGGTGGT	0	0	4.758899083			0	0		12
AGCCAGGCTGCCCGGGCGACACGACAAGAA	0	0	0			0	57.09980431		432
AGCCATCTACTTTGTCAGGCACACCGGAAG	0	0	499.6844037			7.037626628	0		49
AGCCATGAAGGGTCCGAGCACGTAAGGGGA	0	0	13.08697248			0	0		306
AGCCCACGATCCAGGAAGCGTCAGCGGAAG	0	0	0			23.45875543	57.09980431		284
AGCCCGCAAGAATCACTTTGGTCGGTGGTG	0	0	0			2.345875543	0		12
AGCCCTGCTAGTTAGTATAGCCATATCCGA	9	183.4289474	2215.267523			239.2793054	735.9530333		16
AGCCGGTTTTCATTGGGGAAGCATTCACAA	0	0	0			598.1982634	1795.471624		17
AGCCTAGATGTGGCGGTCTCGCGCTTATGG	0	0	0			28.15050651	15.86105675		33
AGCCTAGGTGGAGGTGCAGAAACGGGAGGG	0	0	0			2.345875543	0		92
AGCCTCCGTACGGGGCCCGGATGCTCGGGC	0	0	0			75.06801737	34.89432485		213
AGCCTCTAAGGAGCAAATTCCTTAGTTACG	0	0	0			0	19.0332681		238
AGCCTGGATTTTGCGTTAAGGCCGAACGAA	0	0	0			572.3936324	479.0039139		719
AGCCTGTCTAGACCACCTGCGGTATGCCAA	0	0	0			11.72937771	25.3776908		7
AGCGAGACTTGCCGTGTACTTGTCAATGGC	0	0	7.138348624			0	0		108
AGCGAGGGTCGTGGGTAGGTGGGTTTTCCT	0	0	10.70752294			0	0		42
AGCGCAAGTAGACACATCGATTTCGCTCAG	0	0	731.6807339			363.6107091	0		752
AGCGCAGGATTTGTTACTCATCAGCCACCT	0	0	11.89724771			0	0		55
AGCGCATTATAGGCCGACTTCTTTGGGATA	0	0	0			16.4211288	161.7827789		181
AGCGCCTCAGAAGTCAAGATTACATTGCGG	0	0	4.758899083			11.72937771	38.0665362		41
AGCGCGTAAGAGGGCATGAAACTATATTTA	0	0	0			0	12.6888454		3201
AGCGCGTCAAAGGTGGGCAGTCAGGGGGAT	0	0	0			14.07525326	34.89432485		196
AGCGCTTTTGGCATGGGGCAATACGGCAGG	0	0	0			0	9.516634051		297
AGCGGACGTTGGTGACATGCGGAATTGGCC	0	0	2.379449541			0	0		35
AGCGGCAATCCCAGTGAGACACTAGCTTTT	0	0	9.517798165			0	0		170
AGCGGCCATGTCGAGGGCTTATTATTTGTA	0	0	0			86.79739508	28.54990215		97
AGCGGCCGTCGAAGTAAGCTACTAGCCGAG	0	0	0			265.0839363	31.7221135		89
AGCGGCTATCACAGTGGTTAAAGGTGTATG	0	0	0			44.57163531	123.7162427		52
AGCGGTTTTGGGACGTTTACGTTTGTTGTC	0	0	0			304.9638205	364.8043053		540
AGCGTAGATGGTGTGGGCTAAGTTGTCGGG	0	0	0			0	6.344422701		20
AGCGTAGGTGCAGTATGTTGTAAGCGAGGC	0	0	0			469.1751085	0		391
AGCGTCAATAGTGGCGGTCGGTCTCGTGTG	0	0	9.517798165			4067.748191	291.8434442		56
AGCGTCTGAGGGAACAGTTATGAGGCTCAG	0	0	3.569174312			0	0		366
AGCGTGGATCTATTGGAATCTTTTAGCTAG	4	0	22.60477064			0	0		70
AGCGTGTATTGTTGGTGTACCCTTGATTCC	0	0	7.138348624			0	3.17221135		7
AGCGTTAAAGCTCTCGCAGCATAGGGTCAC	450	25.59473684	536.5658716			37.53400868	320.3933464		168
AGCGTTAGTGACGCGACTAGGGAGACCCCG	0	0	0			14.07525326	57.09980431		14
AGCGTTGGTGAAAACACGGGACCCGGGAGG	0	0	0			4.691751085	25.3776908		14
AGCTAAATTTCAGTGTAGGCATATAGGGCG	0	0	2.379449541			4.691751085	0		11
AGCTAATTTGTCTGTGATCCTACGAAGGTG	0	0	0			70.37626628	0		36
AGCTAGTGTAGACGGTGCGCCCGACGCGGG	0	0	23.79449541			100.8726483	117.37182		197
AGCTATTCAGTGTCGGGTTTGGTGAGTGGC	0	0	2.379449541			0	0		0
AGCTATTGAGGAACCTCGCTCTTGCAACGT	0	0	0			2.345875543	0		2
AGCTATTGAGTAGCATGGAGGAAAACGAGG	0	0	0			35.18813314	95.16634051		42
AGCTCAGATGGTTATTCACTGGAATTGGGG	0	0	0			194.70767	314.0489237		47
AGCTCCGCAAACACTTGTGAGTGTATTAGA	0	0	9.517798165			0	0		113
AGCTCGAAACTGACCATAGTGGATTAAAAT	0	21.32894737	0			0	0		51
AGCTCTCGTTGCGTGCATGGAGGCTGTGGA	0	0	0			51.60926194	678.853229		2331
AGCTGAGTAGCGGTCCGTGGGTTGGGAGGG	0	0	0			16.4211288	31.7221135		35
AGCTGCCCAGTGCTCCAAGTTGTGGAGGGC	0	12.79736842	479.4590826			0	0		3271
AGCTGCTCAGGACCCATTAGGATGCAAGGA	0	0	8.328073394			0	0		0
AGCTGGGCAGTGTGTTGTGGCAGAGTCGGT	0	0	0			39.87988423	72.96086106		27
AGCTGGGGTATGAATGGCACTTTAGCATAG	0	0	0			384.723589	301.3600783		896
AGCTGTGGTACGGGGGAGGGGGATGGCGTT	0	0	0			767.1013025	149.0939335		169
AGCTGTTAACTAGTGTCAGGGGAGGAAGTG	0	0	0			112.602026	126.888454		259
AGCTTATATGTGATAAGGGAGGAAGGGGTG	0	4.265789474	20.2253211			0	0		0
AGCTTCTGAGCGAGGAGACGGGGCGACAGT	0	0	0			0	6.344422701		1374
AGCTTCTGTAAATATTAAAGTCAATTTGAG	0	0	3.569174312			0	0		0
AGCTTGCGATAAAGACAGACATGTTCGGCT	0	0	9.517798165			21.11287988	0		51
AGCTTGGAATACTGCGGAGTTCGTACCGGA	0	0	0			14.07525326	76.13307241		4
AGCTTTTTTTCCGACAATTACCGTGTAAAG	0	0	0			253.3545586	98.33855186		1051
AGGAAAGATTAATGGTGCACAATTACGCGA	0	8.531578947	0			0	0		2
AGGAACCTTGCAGGACAATCACATTGTATA	0	0	0			138.406657	130.0606654		80
AGGAAGTGTAGAAGGGTATGTAGGAGGACT	0	8.531578947	0			21.11287988	0		0
AGGAATACTTCATTAGTTTCAGTGATAGTT	0	0	0			649.8075253	1078.551859		16
AGGAATGTACAGAGAATCGCGGGGAGTTAA	0	12.79736842	0			0	0		9
AGGAATTGTTCGGATCCAACGAATCGGGCT	0	0	2.379449541			361.2648336	929.4579256		980
AGGACAATTGGATGCCGTTTGGAAGGGTAG	0	0	28.5533945			11.72937771	0		0
AGGACATTATAGTGGTATAATGACTGCACC	0	0	0			9.383502171	0		21
AGGACCTGTTAGGCAAAAATTTGTTAGTAC	38	4.265789474	5.948623853			0	6.344422701		3
AGGACCTGTTAGGCAAAATTTGTTAGTACT	2457	209.0236842	260.5497248			82.10564399	555.1369863		126
AGGACGATATGATATGCTACTATGCGCCCA	0	0	5.948623853			295.5803184	333.0821918		122
AGGACGTCAGGCTCGGGGGGGTTGGGTTGG	0	0	0			555.9725036	513.8982387		787
AGGACTACTCATTCGCAATGCCCTTGAGGT	0	0	0			0	9.516634051		80
AGGACTACTTTTTATTACTTTTACTCGTAC	0	4.265789474	0			0	0		12
AGGAGAGGTGAAAAGAAGCACGTGGAGAGG	0	0	80.9012844			60.99276411	44.4109589		7
AGGAGCAAATAAGGTTACGCCAAAGTACCA	0	21.32894737	7.138348624			0	0		305
AGGAGCAGAATCCCATAAGATCTATAAGGG	4	4.265789474	19.03559633			0	0		215
AGGAGCCTAGTAGGGTGTAACTGATGGGCT	0	0	4.758899083			0	0		63
AGGAGGGTACGTGTACAGGCTTAGATCGCG	0	0	5.948623853			4.691751085	47.58317025		0
AGGAGTCGATTCGGTTTGTGCAAGTTGTCT	0	0	72.57321101			180.6324168	53.92759295		71
AGGATACGACGGAGTCATCTTCATTAAGGA	0	0	0			729.5672938	412.3874755		422
AGGATATTTAAGTCTACAAACCCAGGAGCT	0	0	0			25.80463097	12.6888454		8
AGGATCGCATATTGGGAATATTGCCGCTGG	0	204.7578947	0			0	193.5048924		5
AGGATGACTTGTTGCTGTCACGGTTCGGCA	0	0	0			37.53400868	22.20547945		55
AGGATGTGTATGTATCAGGCTCCCAATTAA	0	0	0			940.6960926	2648.796477		2026
AGGATTCAATGGGGGTAATGCCTGAACGGA	0	8.531578947	14.27669725			0	0		0
AGGATTCATCGGCGAAGCTAACCGTGGCTA	0	0	0			9.383502171	3.17221135		0
AGGCAAGATGGCATACAGTCAAAACCGGGG	42	12.79736842	254.6011009			384.723589	1224.473581		1216
AGGCACGGTGTGCAAGGGATCAGGCTACAT	0	55.45526316	0			274.4674385	678.853229		254
AGGCACGTTCTGTCTTGTGTGCACGTTGTC	0	0	0			0	12.6888454		34
AGGCAGACAGTAAGGATTGTCCGGCTCGCG	0	8.531578947	71.38348624			14.07525326	190.332681		3
AGGCAGAGTTACTAAATGAGGTGGATTCAA	0	0	0			16.4211288	9.516634051		321
AGGCAGGTATTCCTACATCTCCCGTACTAT	0	0	0			1090.832127	891.3913894		1261
AGGCCAAAAATTCTTTAGAGATACGGCACG	0	0	0			9.383502171	0		3
AGGCCGGAATATCAATTCATTAATAAGAGA	0	0	0			18.76700434	9.516634051		2
AGGCCTGCAGTTGGACGTGCAATCCGGGTG	0	0	0			4.691751085	114.1996086		9
AGGCCTTGTTCGCAGTAAAGTTGTAGGTAG	0	0	0			0	3.17221135		6
AGGCGAATTTGGGGTGTTTTGACAGCTGAT	0	0	0			117.2937771	158.6105675		6
AGGCGACAACTGGAATCTTCACGAACGCCA	0	0	0			56.30101302	101.5107632		57
AGGCGAGGTTAGACGCCGTGGCCCCAACCG	0	4.265789474	0			0	0		29
AGGCGCACTGTAATGGTGCTGAATAAATCG	0	0	0			0	25.3776908		8
AGGCGCCCTCATCCGATGCGTCTATACTCT	0	0	0			25.80463097	6.344422701		14
AGGCGGACTAGTGTAAACCGGCAGTTTGAG	0	0	5.948623853			0	38.0665362		9
AGGCGGATAGGGGACTCGCCGCTTGTAGAG	0	0	0			14.07525326	3.17221135		2
AGGCGGGGTGGGTTGGGGTACATACAAACA	0	0	0			0	6.344422701		2
AGGCGGTTTTTGAAAGGAGTTCTGCTGAGT	0	0	5.948623853			2.345875543	3.17221135		70
AGGCGTGAAGACGCGCCCCACTATACCCTG	0	0	0			201.7452967	47.58317025		149
AGGCGTGCTCTGGAGACTGGGGCCGTAGGA	0	0	0			0	6.344422701		449
AGGCGTTTAAGCGAGGGCGTGGGTTATAAG	0	0	0			18.76700434	107.8551859		3
AGGCTCAATGGCTGAGCAGTGGGTGCGAGG	0	0	1342.009541			7.037626628	0		123
AGGCTTATTCAGGCTCCCATGGGCGTACTG	0	4.265789474	234.3757798			0	0		46
AGGCTTCTACCGGGCAACATTCGAGGTTCA	0	0	0			2.345875543	0		25
AGGCTTTATGGAATTCACTATAGATGGTGT	0	0	0			21.11287988	0		11
AGGGAATGATTCTGTTAAGATTTTGGCTGG	0	0	19.03559633			0	6.344422701		24
AGGGAATTTATGGACGAACGTCGTAGTTGG	0	0	8.328073394			0	0		6
AGGGACAAATAACTCGGGGTCGTGAACGGC	0	0	0			187.6700434	66.61643836		699
AGGGACCGTTCTAACCGGGGAGGGTTTATG	0	4.265789474	0			0	6.344422701		440
AGGGACTAAGCGTGAAGGTGATCAACTTTG	0	0	0			39.87988423	0		697
AGGGAGTCAATGGGTTCCCACGTTGGCGGG	0	0	0			18.76700434	9.516634051		4
AGGGATAGATGGCCCTGACTGGTCCGAAGA	0	0	22.60477064			666.2286541	123.7162427		317
AGGGATATTTTAGGAGACAAATTTCTACTG	0	0	0			7.037626628	0		191
AGGGATCGATACGTCGGAGGGTCGGTGGAG	0	0	7.138348624			46.91751085	371.148728		15
AGGGATTCTATTTAGGGTAGAGCTAATGTT	0	0	0			49.2633864	9.516634051		4
AGGGATTTTAATTGTTTGATGGGACTCACA	0	0	0			60.99276411	38.0665362		46
AGGGCCGGAGGTTCGCTGTTGTTAAGCTGG	0	0	5.948623853			0	0		19
AGGGCGATTGTGGGGTCGGGTTACGTGTGG	0	0	19.03559633			0	0		129
AGGGCGCCTCTGCTGTAAGCCGGTAGGCAA	0	0	23.79449541			0	3.17221135		32
AGGGCGTGAGGAGCTCTTGGTTGATAGCCG	0	0	0			23.45875543	3.17221135		25
AGGGCGTTTCGAGTAACCTGGATACTTTAA	0	0	0			0	0		7
AGGGCTACTTCAATCTGCGTATAGTCATGG	0	0	0			2.345875543	0		0
AGGGCTCTAGTGAGTCTTGCATGTTGAGAC	0	0	0			701.4167873	0		54
AGGGCTGAATCAGTACTGTCCGGAGTGGAG	0	34.12631579	0			0	0		12
AGGGCTGCTTGTATGGAAGGGAGGTGAACT	0	0	0			0	44.4109589		102
AGGGCTGGAGTGGGTTCGTTGGGGAGGACT	0	0	0			2573.42547	0		8
AGGGGACGAGATCGGGGCGGAGGGATGGTG	0	0	0			11.72937771	0		13
AGGGGATGTAAATTGATCATCAGTCATAAG	0	0	0			23.45875543	76.13307241		0
AGGGGCAAACGTCTGCGAGCGTCCAGATAC	83	170.6315789	1230.175413			0	3.17221135		356
AGGGGCAGAGTAATATTAAGCGAAGAGACG	0	0	5.948623853			0	0		15
AGGGGCGCTATATTGCGTGCAGGCCTGAGA	0	0	54.72733945			124.3314038	529.7592955		0
AGGGGCTAACTTGAGTCGTAGAAGTGCGGC	0	0	0			0	6.344422701		8
AGGGGGAATCTAAGTGTTGTAGCTTGGGGG	0	0	0			51.60926194	199.8493151		17
AGGGGGACTTGGTCATGGGCTGGAATCTGG	0	0	59.48623853			0	0		4
AGGGTACCACTGATATTTCGTGGTGGTTCC	0	0	0			0	3.17221135		36
AGGGTATTACAGTCAGGGTCTGAGGCCTGG	0	0	0			51.60926194	69.78864971		127
AGGGTCGGATTTGAGCTGTTGCATGGAGTG	0	0	10.70752294			0	0		68
AGGGTGATAAGGTGGATGGTGGCGCGATCG	0	0	7.138348624			0	19.0332681		59
AGGGTGGGAGTGTGCGTGCTTAACAGCACC	0	0	0			910.1997106	0		3532
AGGGTGGGTGTGAGTACGTCTACACCTTCG	0	0	3.569174312			14.07525326	136.4050881		206
AGGGTGGTAGATGTAGATTAGTGTTGCGTG	0	0	0			30.49638205	41.23874755		219
AGGGTTGGAAATAGTACAGTAGATGTTGCG	0	0	0			666.2286541	117.37182		39
AGGGTTGGTCGCACTTACTAGATACTAAAA	0	0	0			0	0		2
AGGTAAGTTCGCTGCACGGCTGGGGAGAGG	0	0	0			42.22575977	38.0665362		16
AGGTACATATGAAGTACAGTGCCTGTTCGA	0	0	4.758899083			0	0		7
AGGTACTGAGAGAACGAAAGTGTGGCTCGG	0	0	0			7.037626628	0		0
AGGTATAAATAAGCATTGTGTGCTTACGTC	0	0	0			0	63.44422701		44
AGGTATGTAAGAATGGCATAGGTCAGGTCG	0	0	0			802.2894356	1322.812133		2959
AGGTCCCGTAGTCGCCAAGGGTGCGGGACT	0	0	92.79853211			0	0		16
AGGTCCGATGTGTAGGCTCTTTGTAGCCGG	0	0	0			867.9739508	174.4716243		4
AGGTCGGTACCTTGTCATTGATAACGTGTC	0	0	0			0	3.17221135		13
AGGTCTTAAGTGTTGTGAGGTCTGAAACTA	0	0	0			16.4211288	12.6888454		0
AGGTCTTTATTTTAGTATATCTCTATCTGA	0	0	0			51.60926194	34.89432485		7
AGGTCTTTTTCCTCGTACGACGGGAGGGGC	0	0	3.569174312			0	0		116
AGGTGAATTAGTTTTAAGGTGGTTGTAATG	0	0	13.08697248			0	0		909
AGGTGAGGTGACCGGTATACAAGGGGGTGG	0	0	0			32.8422576	6.344422701		0
AGGTGAGTATCTATTGCGAGGAGGGCTGCG	0	0	16.65614679			0	0		133
AGGTGATAAACGGGGCAGAGTCGGTACAAT	1523	34.12631579	4108.119633			133.7149059	22.20547945		12
AGGTGCAGATGGCAGGTGGATTGTAGCGTG	0	0	0			2.345875543	0		4
AGGTGCCGAGTTAGAACCCTAATGTCCAGG	0	8.531578947	28.5533945			0	0		365
AGGTGCCTACTGTTTATCTCATCCAAGATT	0	0	0			4.691751085	0		0
AGGTGGGTACTATCGGCGCCTGAATATATC	0	0	0			211.1287988	9.516634051		19
AGGTGGTGATGCATGAGTCCAGTGCGGCCG	0	0	0			4.691751085	3.17221135		0
AGGTGTAATCGAAGAAATAAGTTTAGCCCG	0	0	0			173.5947902	206.1937378		0
AGGTGTCATGCTGGGAACTCAGGGTGAAGC	0	0	11.89724771			0	0		4
AGGTTAACTAATGGGGATGGAGGTTGTGAG	0	38.39210526	27.36366972			42.22575977	777.1917808		2416
AGGTTAATTCACTTTGCCGCGAAGCGGCAA	0	0	0			0	9.516634051		0
AGGTTAGGAGCGACAGTAGTTGGACGGAAG	0	174.8973684	184.4073394			93.83502171	225.2270059		3890
AGGTTATAAGGAGAGTCGTGGATCGGTAGC	0	0	0			25.80463097	6.344422701		0
AGGTTATGTCATCGATCGATTGGGACCAGC	0	0	0			53.95513748	60.27201566		81
AGGTTCACATGAGCTAAAGCCATATTTGTA	0	0	0			577.0853835	1113.446184		3
AGGTTCTATGTCTCTGCGGAGCGTGGACTT	0	0	0			2.345875543	0		0
AGGTTCTGAAGGGTAAATGGGGCGACGCAG	0	0	4.758899083			7.037626628	9.516634051		0
AGGTTGAATGGAGGCGTAGGGGATCTCTAG	0	0	2.379449541			25.80463097	57.09980431		151
AGGTTGAGATGGGGATAACAGTCGTTAGTT	0	0	3.569174312			0	0		5
AGGTTGCATACTATATGTGAGGCCCAAGAT	0	0	4.758899083			63.33863965	0		57
AGGTTGCGTTGTCGGATAGTGGGTACTTGG	0	0	8.328073394			0	0		3
AGGTTGGATCTAAAAGAATAGGCGTGAATG	0	12.79736842	0			0	0		138
AGGTTGGTTCCGTGGCTGAAAGGGTCAGAA	0	0	0			72.72214182	19.0332681		2
AGGTTTTTTTGGAGCTTTAAAGTCGTTGTC	0	0	0			119.6396527	0		2
AGTAAAAGTTCGAAAGGGTTGGCAAGTGCT	0	0	10.70752294			0	3.17221135		28
AGTAAAGCTGGTGACCGGCAAGCGTGAAAA	31	4.265789474	0			0	0		1119
AGTAAATTTACATTCCTGATATGGTGGGTT	47	0	11.89724771			206.4370478	260.1213307		14
AGTAACACTGTTCGGGTGCCAGCGAATACG	0	174.8973684	0			0	0		717
AGTAACCGACGACATGATCCGGTTATTCAG	0	0	23.79449541			0	0		67
AGTAACGGAATTGCACGCAGTCGACGACAG	0	0	0			0	38.0665362		6
AGTAAGCTTCGGTAGTTGTTAAACGAAGGA	0	0	0			2.345875543	0		2
AGTAAGGAACGCATCAGGTAGATTCAGGGT	0	0	0			720.1837916	203.0215264		2
AGTAAGGGACGCCTGAAAGTCTACTCGTGG	0	0	0			23.45875543	0		1209
AGTAATTCTGGGTGGGCGGGAGTCGTATGC	1907	29.86052632	1000.558532			452.7539797	3.17221135		2716
AGTACAATTCGTCCTCCGACGAGTGTCGCA	0	0	4.758899083			0	0		133
AGTACGTGTTGGTCCGGTTTGGGTCAAGGG	0	0	0			7.037626628	3.17221135		2
AGTACTATTTGAATGGTGCACTTGGGATCC	256	25.59473684	1011.266055			16.4211288	133.2328767		71
AGTAGACTTGAACCTAAGAAGGGCGTGTCT	0	4.265789474	0			0	0		5
AGTAGAGAAATAAACTGGGCCCAGGATGCC	0	0	0			70.37626628	0		70
AGTAGAGATTCGCATGGACTACGCCCGAAG	0	0	7.138348624			30.49638205	3.17221135		4
AGTAGAGTTGGCTGATATCGTAGCGGACTA	0	0	0			44.57163531	187.1604697		200
AGTAGATTAGCCAGGGTTCTTAATGAACGT	0	0	0			180.6324168	685.1976517		487
AGTAGCCGTTGGATCCTAGATTCAGCACAT	0	12.79736842	454.4748624			0	0		2577
AGTAGCTCAACTTCCTGTTCTTCCTTTAAT	0	166.3657895	4.758899083			0	0		170
AGTAGGATAGTGGGGGGCTAGGCGACGAGT	0	0	0			28.15050651	0		2
AGTAGGATTAGGCGGTATCAACACTAATTA	163	59.72105263	384.2811009			4.691751085	3.17221135		251
AGTAGGCTTTGCGATCTGTGGGACAGTGGA	0	0	0			65.6845152	15.86105675		5
AGTAGGGAAGGCCGGTTCAATAGGAACCAG	0	0	0			785.8683068	1056.34638		39
AGTAGGGGTGTTCCTGTCTGGATGGCTTTG	0	0	0			2.345875543	0		10
AGTAGGGTTAACTCGGGCGTCGTAGGAAGT	0	29.86052632	0			44.57163531	126.888454		848
AGTAGTAAAGACCCAGATTAGGATTGTCTG	12	0	32.12256881			7.037626628	19.0332681		13
AGTATAGCTGCTGTGGGAGTGGCTTATAGG	0	0	0			138.406657	28.54990215		9
AGTATCTGTGGTTTAGAGAGGAGTGGAGAT	0	0	0			2.345875543	0		0
AGTATGCTATTATTAAAGTGTATAGGGGGA	58	0	0			0	0		16
AGTATGTTTATATGTATGTGTACGTTCAAT	0	0	0			60.99276411	50.7553816		197
AGTATGTTTTGACCGGGCATTACTATTAGG	0	0	2.379449541			0	0		2
AGTATTTTAGAGAAACCAGTATGCATAAGT	0	0	0			164.211288	22.20547945		19
AGTCAACTACTATCTACTCAGCACGATCAA	0	8.531578947	11.89724771			30.49638205	41.23874755		37
AGTCAAGTTAGCCTCGAGGGAGTTAGGTCA	0	0	14.27669725			0	0		0
AGTCAATTTGCAATAGGTGGATCGGTAGGC	0	0	0			4.691751085	0		5
AGTCACTGAGTGGAGGCGATGCTGGGCTGC	0	0	0			16.4211288	0		61
AGTCAGTTTTCGGCTAACGGGTTGTTAACA	0	0	2.379449541			0	0		98
AGTCATCATTCTGTGGCATATAATTTGTGA	0	0	0			7.037626628	0		0
AGTCATGTAACGGTGGGTGGGCTTCATACG	0	0	0			28.15050651	310.8767123		58
AGTCCAAAATCAACGAGCGACTTAGAGTTA	0	0	19.03559633			0	0		45
AGTCCCTGAGAACGTTATTAGTAAGCCTCG	0	0	0			37.53400868	0		2
AGTCCGGGTATCGTCGGAGTGGAACGCCAG	0	0	3.569174312			0	0		18
AGTCCTACAACTGGATGCGTGTCACCGCCG	0	0	7.138348624			0	0		26
AGTCCTCGTAAAGGACCACGGGTGTTTGGG	0	0	3.569174312			0	9.516634051		7
AGTCGAACAAGTGCTGGAGGTCGCCACTTG	0	0	9.517798165			0	0		55
AGTCGAACTCAAGTGGTCGGCGGCGATTTA	0	0	34.50201835			0	418.7318982		2419
AGTCGCGGAAAGCGACACCATCACGGAACA	0	0	0			2554.658466	1871.604697		19
AGTCGCTCTCCACGCCCAGGCCCGTCGGGG	0	0	0			89.14327062	2813.751468		22
AGTCGGCCTACCTTGGTTTATCTAGCGTCG	0	0	11.89724771			2.345875543	44.4109589		107
AGTCGGCTAGTATGGGCCAGTATTTATACG	0	0	0			51.60926194	301.3600783		747
AGTCTACTAATCAGTGTATCCTCGCCTAGA	0	12.79736842	10.70752294			35.18813314	0		0
AGTCTCAGTGCGCGGACAGATGGAGACGAG	0	0	0			11.72937771	28.54990215		60
AGTCTGAGAGTGGTGTGAGAGAGGAAAGTC	0	0	0			4.691751085	0		22
AGTCTGAGTAGTTGGATGACTCCTAGATAG	0	68.25263158	41.64036697			0	0		3702
AGTCTTGTACAGAGTGAGACGTGGGAGTCT	0	0	0			0	3.17221135		3
AGTCTTTCTAATTTCGACTTTTTTAAGTAA	0	0	0			35.18813314	0		7
AGTCTTTTATTCTTAAATTGCGGCATCCTC	0	0	0			0	72.96086106		633
AGTGAATGAGAGTCACGTACGTAAAGCATC	0	21.32894737	0			382.3777135	0		2616
AGTGAGAGAGGGAGTGGGGAAACAAACGGG	0	119.4421053	0			0	28.54990215		80
AGTGAGGATTACATGTGTTTCAGGCAGAAT	0	0	0			1914.234443	567.8258317		3447
AGTGAGGATTACATGTGTTTTCAGGCAGAA	0	0	0			4.691751085	0		4
AGTGAGGGTGGTGGAAGTGGTCTTGTCGGG	0	0	3.569174312			0	0		45
AGTGATTGAGCGAACGTCACAGTTAGAGAG	0	0	2.379449541			2.345875543	0		5
AGTGCACGACTTGGTGTTGACCAGAAATGG	0	0	0			251.0086831	237.9158513		73
AGTGCACTAGCTGGGTATATGGAACGGAAG	0	0	0			28.15050651	6.344422701		11
AGTGCAGATGCACGTATTGCGGGCAACTCG	5	4.265789474	60.6759633			0	9.516634051		8
AGTGCCCCATCGTGCCCGTGTGCCCGACAC	0	0	0			778.8306802	1820.849315		338
AGTGCGGAAGTGGTTTTTCTTTCCCTTTCC	0	0	0			100.8726483	307.704501		466
AGTGCGTATCTCCACATGGGCTCCTGCTGT	0	0	0			0	504.3816047		1730
AGTGCTCCTTTTACGTAAGATACTCGATTC	0	4.265789474	7.138348624			0	0		6
AGTGGATAACATGGCAGTCGAAGGTTTTTG	0	0	4.758899083			0	0		19
AGTGGCACTAGAAGGTCTTAGCACATTGAG	0	0	27.36366972			0	0		86
AGTGGCGCTGTAATTAGGGCTTTTGTATTA	0	0	7.138348624			0	0		109
AGTGGCTAAAGGTGCGGGACGCGGGGAATG	0	4.265789474	0			0	0		45
AGTGGGATACAGAACGCGTTGGCAGTAACT	0	0	2.379449541			9.383502171	3.17221135		7
AGTGGGATTGGTCCGCCTTGTTAGCACTGG	0	0	0			2.345875543	0		0
AGTGGGGCTCTGGGGTATAATCAAGCATGA	9	0	0			9.383502171	41.23874755		5
AGTGGTGGTACTCAACGCAGCCAAGCGCGT	0	0	0			2.345875543	0		2
AGTGGTGGTCTTAGGGTACGAGGCTAGCTT	0	0	0			28.15050651	28.54990215		166
AGTGTACCATGGGTGTTGTATATTCACCAG	0	0	0			4.691751085	3.17221135		7
AGTGTAGTTCTTGCGATCATTTGGGGGGCT	0	0	0			1740.639653	2959.67319		2045
AGTGTCACTCGGATGAACTCTTGATGTATA	0	0	0			11.72937771	19.0332681		17
AGTGTCAGTGGGCATGTATTGCCTGTTGTT	0	0	10.70752294			35.18813314	310.8767123		39
AGTGTGACTCCGATGCTGGGGTGTCTCAGG	0	0	0			1379.374819	336.2544031		263
AGTGTGATTCGCTGTTTAATGGTAGTACTG	0	0	0			870.3198263	2061.937378		3052
AGTGTGGAACCCGCCTCTGTATAAAGAATG	0	0	9.517798165			2.345875543	0		337
AGTGTGTATTCCTGAATGAGATCTAGGGGA	0	0	45.20954128			0	0		14
AGTGTGTCAAATAACTTTGGTAGCACCCCG	0	0	0			7.037626628	6.344422701		5
AGTGTGTTAACGGGTACCGCAGGAGATGAT	0	0	0			58.64688857	237.9158513		567
AGTGTTATTCAAGCGGCTGAATGTTAAACG	0	0	5.948623853			0	0		3
AGTGTTATTCCGCAAATTATTAGCTCACCT	0	0	2.379449541			18.76700434	0		6
AGTTACTGTCCATCAGCGAATACAAGCGAC	0	102.3789474	371.1941284			0	0		34
AGTTAGGCTTGCCAAAAACCGCCGTGTAGA	0	0	4.758899083			0	0		0
AGTTATACAACGCTGTCCGCTAGTCACGTA	0	0	5.948623853			187.6700434	6.344422701		7
AGTTATGTTGTTATTATCTATGTTAAACAT	8	38.39210526	0			0	0		9
AGTTCCATTCGAGATGTTCCTCATCTGGTA	0	0	0			39.87988423	38.0665362		47
AGTTCCTTATCCTTCGCTTGTTGATAAGTT	4	0	0			0	9.516634051		601
AGTTCGATACTAGTTATTGGCATAGGCTCA	0	0	0			63.33863965	44.4109589		460
AGTTCTTAAGGCCTCCGGCAGGTTATTAAC	0	0	0			530.1678726	482.1761252		85
AGTTCTTGACAGATTTCGCACAGACATAAC	15	0	83.28073394			302.617945	615.409002		6
AGTTGAGGTGCAGATGAACAGTCCCATACG	0	0	0			39.87988423	145.9217221		71
AGTTGCAGTACTGGGTGTGCTACGGCGAGA	0	0	2.379449541			0	101.5107632		266
AGTTGCTTAATTTACAGCCGTTCTCGCCTT	0	0	0			100.8726483	212.5381605		14
AGTTGGAATTATTCAATAACGACTTGCATG	0	0	0			0	6.344422701		0
AGTTGGGATCTGAAATGTTTTCACTGGCTA	0	42248.37895	90.41908257			0	0		1802
AGTTGTAGATCCGGTGATGCGAGATTATCC	0	0	34.50201835			0	47.58317025		12
AGTTGTGGATAACACTCGAGCGCGCGACCT	0	0	9.517798165			39.87988423	0		4
AGTTGTGGTCGGGGGCTTGTGACGCTATCG	0	0	0			7.037626628	0		7
AGTTGTGGTTTAGGGAAAGCTGGCTCCAGC	0	25.59473684	28.5533945			0	0		0
AGTTGTTGAGGTTAGGTAAGTTAGACATGC	9	0	9.517798165			9.383502171	3.17221135		31
AGTTTATTATATCGCAACGGGCAGGTGCAT	0	0	0			0	69.78864971		493
AGTTTCCTTAGATGCCATCCAAGTAGAACA	0	0	0			21.11287988	0		70
AGTTTCGCAACCGATAGGTTGCCTGCTACT	0	0	0			7.037626628	6.344422701		3
AGTTTCGCATTGGAGTCGGAGATCCTAGTA	273	21.32894737	898.2422018			11.72937771	453.6262231		148
AGTTTGGGAGGTTTCGATTAAGACATCGCG	0	0	0			18.76700434	3.17221135		2
AGTTTGTGTCGATTACGGAACTATTGATTT	0	0	0			49.2633864	0		870
AGTTTGTTAGGAAGTTGGGTAAGAGTCTCG	0	0	0			49.2633864	3.17221135		4
AGTTTTAGAAAATTACGTACGCTGGGCTGA	275	0	1124.289908			2.345875543	9.516634051		42
AGTTTTCCATTTAGACGTTCATCTTCTGGC	0	0	0			51.60926194	0		19
AGTTTTTAACGCGTAGGCTGCGTGCATGCC	0	0	39.26091743			7.037626628	114.1996086		62
ATAAACAATTGCGAGGGTGTCAAAGTGCTG	0	0	0			504.3632417	685.1976517		386
ATAAAGCGTGCTGGGAGTAAAGGTGTGTGC	0	0	10.70752294			0	0		38
ATAAAGCGTTTGGATTCATCGAATATGCAT	0	0	0			9.383502171	25.3776908		5
ATAAATCTTATGCCCCCGGGCGCCGCTAGC	0	0	0			9.383502171	6.344422701		41
ATAAATGGTTGCCAGACAATTTGGAGGGAC	0	0	36.88146789			16.4211288	0		0
ATAAATTTACCGTGGTGGGAGGAGTGGACT	0	0	0			0	3.17221135		4
ATAAATTTACTATGATGATTTTGTTTTTTA	0	0	16.65614679			0	0		30
ATAACATATTTTGTGTATCTATCATCGGGG	0	0	0			424.6034732	6.344422701		38
ATAACCGTTATCATAGTGTGAAATAGAGCT	0	0	0			25.80463097	0		1387
ATAACGCCACAAAGGATAGTTGCATGCCAA	0	0	0			0	9.516634051		444
ATAACGGGTTGGATTAGGTTTTCTGGGACC	0	0	0			0	6.344422701		48
ATAACTTATACTTGCAGTGATTTTGGGAGA	0	0	17.84587156			0	0		336
ATAAGACGTATCAATTTGGGAACAAGAAGT	0	0	0			0	12.6888454		2212
ATAAGATTTACAGTAATATGACCCGTTACC	0	0	0			2.345875543	0		2
ATAAGATTTACTTGTTTAGAATTTACTCTG	0	0	0			107.910275	244.260274		85
ATAAGCAGAAGTGGTGTAAATGTGCGGCCT	0	0	2.379449541			0	0		11
ATAAGCTGATATCTTGTGGGAATTCAGGTT	0	0	0			117.2937771	171.2994129		20
ATAAGGAATGAGATTTTGGTATGGAGAATA	268	354.0605263	168.9409174			433.9869754	1357.706458		2136
ATAAGGATTTGAGGTACCGGTGGGAGAGGC	0	0	0			302.617945	19.0332681		425
ATAAGGGCTACACAGGCTTGGCGGTAACCT	0	29.86052632	0			0	0		480
ATAAGTGGTTAGTACGCTGAATACGTATGA	124	12.79736842	1123.100183			426.9493488	561.481409		465
ATAAGTGTTGTGGTGATTCGGGGATTCTAG	0	0	0			4.691751085	12.6888454		0
ATAATACCTCTCTAGCAGGTCTGGACTTAT	0	21.32894737	8.328073394			140.7525326	0		2
ATAATAGGATTTCCGTACTGAGATAGGTTG	0	0	7.138348624			0	0		15
ATAATATCAATAAACTTCTAGTTACATTCG	259	0	8.328073394			0	0		477
ATAATCTAAGCTAGACACCAAGAAACGACG	0	0	0			0	6.344422701		0
ATAATCTTTGGGTTCGCCTTGTAGACGTCT	0	0	0			0	0		6
ATAATGAAAGTCTAAGGAGCGGCTTCAGTG	0	0	0			30.49638205	50.7553816		108
ATAATGCAACGATACTCTCAAAGGGTTTTA	5261	2056.110526	7132.4			0	0		2954
ATAATGGGAATACGGGGCGGAATGATGCAC	0	0	0			0	12.6888454		9
ATAATGGTAGGGCCGAGATTGTGTAGGCAC	0	0	0			18.76700434	0		21
ATAATTTTACACGTTGCATGCTTGTTCGAT	0	0	0			60.99276411	0		856
ATACAACCTCGTGAGCATTGGGGCTTATGC	0	0	0			485.5962373	301.3600783		23
ATACAATAAGGATGGGGGCAGGAGTCGCCA	0	0	0			51.60926194	50.7553816		8
ATACACAGTGAAGTTGCTCTAGGTGAAGTA	0	0	0			68.03039074	79.30528376		55
ATACAGCGACGGTATTTCACTAGGCTATGT	0	0	0			0	25.3776908		111
ATACATCGTAGCAGAGACGTGCGACGGCTG	0	12.79736842	0			0	0		407
ATACATTCAGCACTCCTTTGGCTTAATTCT	0	0	0			6164.960926	5481.581213		3988
ATACCCCTAATTGGCTAGGTGGACATTATG	0	0	0			1750.023155	3438.677104		1036
ATACCGCTAAACACTTGCAGGCATAATTAT	0	0	14.27669725			0	0		89
ATACCGGCATTTGCCCGTGTATATACTGGA	0	0	3.569174312			0	0		28
ATACCTTATCAGATTTGTGGTCATAAAACT	0	0	0			199.3994211	9.516634051		5
ATACGAGGAGTTATCGGTGGGGGAACGCGG	0	0	0			0	380.665362		1887
ATACGGAAATTCCAAATAGTGTGGGATACA	0	0	0			49.2633864	0		1484
ATACGGGCTGGGAGGGGGTCGATCTGGAGG	0	0	0			4.691751085	0		12
ATACGTAGTTTCGGAGCCTTCTGCGTATAG	83	0	4.758899083			0	0		209
ATACTAAGTACCAACGCGTCATATCGCTAT	0	34.12631579	116.5930275			0	0		6
ATACTCAAAACGCGAAAGGACCATGGGGTA	0	0	10.70752294			0	0		48
ATACTCCGAGTATGTTTGGGTCTGTTCCAT	3	0	27.36366972			18.76700434	47.58317025		0
ATACTTGCATTATGATTGGGTGGAGATATA	0	12.79736842	9.517798165			0	0		136
ATACTTGTACCTTCTTTATACTTTAGAATT	0	0	0			323.7308249	329.9099804		116
ATACTTGTAGGGGGTCGGTATTCTAGAGCA	0	0	0			2.345875543	31.7221135		2
ATAGAAAGTTCGATCATTGTAAGACACCAC	0	0	0			84.45151954	0		15
ATAGATCATTCTGGCTGGATACTGACGTGT	0	0	0			58.64688857	9.516634051		29
ATAGATTTATGTTAGTAGTTCATAGTTTTG	0	0	34.50201835			0	0		427
ATAGCAATATCCGGCCAGTATGCGCTAATA	0	0	2.379449541			30.49638205	44.4109589		3
ATAGCATTTGTTGGTCAAGCAGTAGGGCCT	0	0	0			225.2040521	206.1937378		245
ATAGCCCAAATAGTGTCAACGTTATGCTAC	0	0	0			4.691751085	0		14
ATAGCGCGTATACAAGGGCGCAGTTGTAGG	0	0	0			2.345875543	0		9
ATAGCGGCTTAACAAATGGATTGTTATTGC	0	0	5.948623853			0	69.78864971		27
ATAGCGGTACAAATTGGGTCACGATCTACG	0	0	0			2.345875543	3.17221135		0
ATAGCTCTATCCGGGGCCAAGGTTGGCAAG	0	0	0			9.383502171	196.6771037		16
ATAGCTGGATTCACATCGTTGCAGCTTCTA	0	0	0			9.383502171	0		4
ATAGGACATACGTGTTCCTTAAACCGAGGT	0	0	0			23.45875543	3.17221135		80
ATAGGACATTCGTGTGAGGGTCGGGAGAGA	0	0	26.17394495			7.037626628	9.516634051		2
ATAGGATGAGGGGGGGCTGGATAGGTAGGG	0	0	230.8066055			0	0		70
ATAGGCATTACTGCGCGGGGTGTGGGATTG	626	656.9315789	2243.820917			0	15.86105675		3800
ATAGGCCAACACCAGGCCCATGAGTTGGAA	0	0	0			25.80463097	15.86105675		134
ATAGGCTCAGGTATAAAGCTCTAAGAACAT	0	0	0			0	9.516634051		2
ATAGGGAATTGTCCCCTGTTTGCCGCGCTA	0	0	0			0	6.344422701		1466
ATAGGGGGAAATTGATGTTGTTCGTTCGAT	0	0	0			58.64688857	691.5420744		203
ATAGGGTATACTGACTAAGATGGTTTGATT	0	0	0			365.9565847	107.8551859		263
ATAGGTAATCATTTCAGGTTAGAACTCACG	0	4.265789474	0			0	0		0
ATAGGTGGTTTGACGGTCACGTGAGCATTC	0	0	0			0	57.09980431		6
ATAGGTTGAAGGCTCCGTATCGGTGTATAG	0	0	0			1287.885673	66.61643836		821
ATAGGTTTTGATGTCGGTGGAGTTCGATAC	0	0	7.138348624			0	0		19
ATAGTAAATCGATATTATAACGGAGATGCT	7	0	0			75.06801737	69.78864971		49
ATAGTAATATATAAAACGTTTGTCAGACGG	0	0	0			265.0839363	28.54990215		5
ATAGTCCATGAATTTCCCCAATACAGCCCG	0	0	45.20954128			0	0		9
ATAGTCTGAGGCGTGTATGTTCAGGCACCT	0	0	0			11.72937771	0		0
ATAGTGTAATGGGTCTAAAGAGGCCATACA	0	0	0			2.345875543	253.776908		967
ATAGTGTTACTGTCCGGAGTCATCGAATGC	0	0	215.3401835			105.5643994	628.0978474		1378
ATAGTTCATTTATTTGAATAGCATTCGAAC	0	4.265789474	0			63.33863965	82.47749511		311
ATAGTTCCTCGTTCCAAGCCGGACTCGATC	0	0	0			9.383502171	19.0332681		7
ATATACCGTACTTAAGTAGGCAACGTCTGT	0	51.18947368	95.17798165			0	0		139
ATATACTATGCCAGTGCCATCGTGGCAGGA	0	0	3.569174312			0	0		5
ATATATACTTGGGCTTCCTGGTGCAGGCCG	15	0	8.328073394			0	0		2
ATATATGGTTATTAAGTTTAGAAGATAGTA	0	0	0			46.91751085	22.20547945		600
ATATATTCTTAATATGGCAAGTGTTATGAT	0	0	0			30.49638205	85.64970646		11
ATATCAACACAATCACTTCATGGTTTTTAT	0	0	0			14.07525326	3.17221135		4
ATATCAAGAGAGTCCCGCCATAAACAGATG	0	0	0			96.18089725	250.6046967		47
ATATCATCAGTCCGATGTGTACGGGTAGGG	0	0	0			110.2561505	196.6771037		1158
ATATCCAATTGGTCCGGAGGGTTGACTAGT	0	0	2.379449541			0	0		42
ATATCCCCAACAGGTTATATCGTAGGGCTT	0	81.05	0			0	0		5
ATATCCGATTTGTAGGGCACCAACTAGGTA	0	0	0			532.5137482	288.6712329		21
ATATCGGGAAAGTTCAGATAAAATTAAAAT	0	0	0			7.037626628	50.7553816		224
ATATCGGGAAGGTTTAGAGGGGGTTAAATG	0	0	0			222.8581766	130.0606654		937
ATATCTAGAATGAGGTTGCGTGGTTGCTTA	0	0	0			9.383502171	6.344422701		4
ATATCTGCAGACCGGATGACGACTATGAGT	0	12.79736842	0			0	0		451
ATATGAGCTCATTTTACGGCAATCAGCTGT	0	0	104.6957798			0	0		2548
ATATGAGGTGCGAGGCATCGGGTGTCTGGG	0	0	2.379449541			0	149.0939335		477
ATATGATATCGACCTCATGCGATAAGCGCT	0	0	101.1266055			2.345875543	0		63
ATATGGAGTCGAAAGGTTCGCGATGTAAAA	0	0	0			0	3.17221135		0
ATATGGATACAATTCCCGTCCACCTGCGAT	0	0	287.9133945			2.345875543	0		52
ATATGGGTACGTTAAACGTCGCCGGCGACC	0	0	0			7.037626628	95.16634051		59
ATATGGTTTTGGAGCTAGTTTACGTGGTTG	0	0	0			23.45875543	0		120
ATATGTGCTTGCGGGAAGGCCGAGGCCGAC	0	0	0			89.14327062	196.6771037		130
ATATGTTGATCTGCAAACACTTGTCCTGGC	0	0	0			4.691751085	22.20547945		0
ATATTACGTTTGGACGTAGCTGTTAAATTA	0	21.32894737	15.46642202			18.76700434	0		4
ATATTAGCTTATTTCGTCTTCCTGGACGCG	0	4.265789474	0			0	0		27
ATATTCGATCACCGTTGTGTGAAAGGGTCT	0	0	0			7.037626628	6.344422701		6
ATATTCGCTAATATCAAATTGTTTGTGCTA	0	46.92368421	0			0	15.86105675		96
ATATTGAAACTTGATATGGCGAAGGTATAA	0	0	40.4506422			0	0		35
ATATTGACATTTTTGATGGTCAAAGATCCC	0	0	0			4.691751085	0		4
ATATTGAGTGGTAGGGGATCTGTTAGTGGA	4	0	0			21.11287988	9.516634051		69
ATATTGGGAGTGGGAGCGGTATTACGGAGC	0	0	11.89724771			145.4442836	66.61643836		1239
ATATTGTAATTGAAGGTGTATTACAGCCAG	0	0	0			110.2561505	0		58
ATATTTATATTTACAGAAGGGTGTTTAGAA	0	0	10.70752294			0	0		147
ATATTTGCTAAGTCAAGAGTTGTCTTTCTT	0	0	0			18.76700434	0		4
ATATTTTTTGCATAGACACTTGTTTCAGAT	0	0	5.948623853			2.345875543	0		2
ATCAAACTAAGTCGTGACCGTTTCAGGTGA	0	0	0			0	6.344422701		0
ATCAAATATTGCAACGCTGGTTCCCATTAT	0	0	5.948623853			0	0		10
ATCAAATCTCTATGGTAATTGGCCTGTCTG	0	0	0			0	3.17221135		36
ATCAACAAAGCTACTATGATCTACGGCCAG	178	0	14.27669725			0	0		387
ATCAAGCTTCAGCGCGAACTGATTTCGGGG	0	0	0			626.3487699	513.8982387		51
ATCAATGTCTCTCATCGCCCCCATTCTCAC	3	0	0			0	0		0
ATCAATTCAACAATTAGGTGATTTTTGTAT	0	285.8078947	0			0	0		2
ATCACAAATCTCATAGAGAAGTTAGGCGCA	0	0	0			2.345875543	0		8
ATCACCCCTAGCGCGACATCCGTATGAAAT	0	0	0			2.345875543	88.82191781		35
ATCACGGGTTGAAGTAGATGCTGTGTGAAA	0	0	0			89.14327062	0		12
ATCACTCATACCGGTCCCTCGTACGTTACG	0	0	0			0	3.17221135		29
ATCAGCAGAGTGAGGGGCGTATTATCTAGT	0	0	0			588.8147612	463.1428571		356
ATCAGCATTCTAATGTCGACTTAGCCCAGC	0	0	0			0	22.20547945		0
ATCAGCGTTGTGTATAATAGGAGGAGGCGG	0	0	0			58.64688857	22874.81605		4
ATCAGCTTAGGGTTTATTGGGGGCGACAGC	0	0	0			272.121563	358.4598826		895
ATCAGCTTAGGGTTTTATTGGGGGCGACAG	0	0	0			4.691751085	0		3
ATCAGGATACTGACAATTCAAACTCCCACT	0	25.59473684	7.138348624			2.345875543	0		10
ATCAGGTGTCTGGTGGTGGAAGGCCAAGAT	75	12.79736842	46.39926606			0	19.0332681		13
ATCAGGTTACTGGATTTCACAGGCAAACAG	0	0	0			0	6.344422701		21
ATCAGGTTTGCTTATGATTGAAATCGGTCT	0	0	0			2.345875543	0		2
ATCATGATTGGGGAGATGCGAGCCTCGACA	0	0	0			457.4457308	136.4050881		1252
ATCATGGGACATGTCTGAGAATACGCGGTA	0	0	0			1243.314038	3178.555773		2744
ATCATGTAAATATTCCCGGAGGCAATTCCC	0	0	0			2.345875543	44.4109589		51
ATCATTATATGGGTCTATCAGAGGAGTTTA	0	0	3.569174312			25.80463097	0		187
ATCATTCTAGGGGGGTTGAGGACTGTTTTA	0	0	894.6730275			0	0		81
ATCATTGAAAGGCTTTCGCGCAGCGAACGG	0	0	0			14.07525326	0		84
ATCATTGTTTTTCATTGCATACATATCGGT	0	0	0			35.18813314	0		55
ATCCACACCGCTACTCTGCTCTACGGCCAG	2	0	0			0	0		0
ATCCAGGCTTCTCTGCATGGCTGCAGCTTG	0	0	231.9963303			86.79739508	117.37182		6
ATCCATAATGCAAGGGGCTCTTATGCATTG	0	0	0			2.345875543	4133.391389		13
ATCCATTAAATATCTACTTCGGTATGGGGG	0	0	0			4.691751085	3.17221135		5
ATCCCATCACGAGGGATTAAGACAAAACGA	0	0	0			178.2865412	0		0
ATCCCGAGTCCGGGCAGGAAGCTGCAAAGA	0	12.79736842	2.379449541			0	15.86105675		299
ATCCCTCATAAAGGTGGCTCAACTCATGCC	0	0	0			42.22575977	0		109
ATCCGATATTATCTCCTTGGCTATATGGCC	0	0	0			304.9638205	288.6712329		55
ATCCGCTATGTATTGCGCCGTAAATCGTGA	0	8.531578947	0			0	0		66
ATCCGGGATGGGTCGGCTCACACAACTAGG	0	0	0			4.691751085	104.6829746		4
ATCCGTTAAGACCTCTTAGTCCCGTGACAG	9	0	63.05541284			0	0		0
ATCCGTTTAAGTGTCGCTTGAAGTGCTTAC	0	0	0			476.2127352	225.2270059		4
ATCCTCTTAGATAGTTCTGTTAGCGCGGAG	0	0	0			21.11287988	0		273
ATCCTCTTCGCTCGTTCTGTTAGCGCGGAG	0	0	0			2.345875543	0		0
ATCCTGCAATGTGTGTTGCTGGGGATGCAA	0	0	0			23.45875543	6.344422701		31
ATCCTTGGTCGTCCTGTCCCTTAACGTGGC	0	4.265789474	30.93284404			4.691751085	9.516634051		6
ATCGAAGCAGTGAAAACTCAGTCCGGGGTG	0	0	0			51.60926194	3.17221135		26
ATCGACACTGTCAAGTCCGGCTTATTGGCG	0	0	0			39.87988423	6.344422701		2
ATCGACGCAAGTAGAGATGTTTTCGGGGAG	0	0	2.379449541			0	0		7
ATCGACGCTCCGGCAGTACCCTCGTCTGAC	0	0	0			11.72937771	0		0
ATCGAGTAAAGACTACCTGCACAAGACTAC	0	0	0			0	3.17221135		14
ATCGATCGTTATTAGAGATGAAGGACTGTT	0	0	951.7798165			0	0		13
ATCGCAATACTCTATGTTAATAAAGGAGCC	0	0	95.17798165			0	0		18
ATCGCAGATACTTTTGTTCCTTGACGGTAT	0	0	0			0	101.5107632		42
ATCGCCGTTGGGATGACACGAATTTAATGC	0	0	28.5533945			173.5947902	117.37182		18
ATCGCGTTTTCAAATGCTCAACGGCTGGGA	0	0	54.72733945			0	0		338
ATCGGAACTGGGCTCTTCCTAAAACCCTGG	0	0	0			0	9.516634051		4
ATCGGAGTAGGATGTTAGCCTGATGGTACG	0	0	0			84.45151954	0		1520
ATCGGATTTTTAATATTGTTTGGCGGTCGG	0	8.531578947	0			0	0		11
ATCGGTACAATGTGTGTCAAAAACAAGTGT	0	0	0			4.691751085	53.92759295		61
ATCGGTCCTTTAACGGTTGGAGAGGAGTAG	0	0	0			58.64688857	0		0
ATCGGTTAAGGGATGCGGCGTCTGGATGTC	0	0	0			2.345875543	0		3
ATCGGTTAATCTTGGTCGCCTTGGCATTCT	0	0	0			0	50.7553816		119
ATCGGTTGAGAAAGCGCAGGTCATCGGGGC	0	0	0			2.345875543	0		95
ATCGGTTGTGATTTTCGTGTGTGAGCCCCC	95	12.79736842	69.0040367			112.602026	38.0665362		0
ATCGTAACTGGGCGCTGAATAAACCTCGCG	0	0	0			0	6.344422701		25
ATCGTAGATTCTGGATCCGGATGTGTCCCC	0	0	2.379449541			0	0		0
ATCGTCATTGTGTTTGCCATTTTCGTAGTG	0	0	0			53.95513748	31.7221135		7
ATCGTCGATTTTGACACACGTCACAGCATA	0	0	8.328073394			774.1389291	961.1800391		46
ATCGTGTATTTTGAGGGCTACACCTACGAA	0	0	0			96.18089725	25.3776908		40
ATCGTTCAATTCAAGTGTAAGAGCTCGAGA	0	0	0			30.49638205	34.89432485		82
ATCGTTTATCTTCAACGGTGTGGTATTGTC	0	0	0			2.345875543	9.516634051		3
ATCGTTTTATGTAGGTGAAGTAAAACAGGG	0	0	2.379449541			2.345875543	31.7221135		345
ATCTAATCTTTTGAGTACCTGCCAACGCTC	0	0	0			75.06801737	25.3776908		0
ATCTACCGATAGGGGTGCGCTAGATCACGG	0	0	14.27669725			0	12.6888454		96
ATCTACTTAGGAATTACACATAATATATGC	0	0	0			0	3.17221135		17
ATCTAGGGTCTGAAGCCCTCAGTATCATTT	0	81.05	760.2341284			23.45875543	0		5
ATCTAGTCAAAAGTCTGTAACCTCATTAGA	0	0	13.08697248			192.3617945	12.6888454		101
ATCTAGTCAGTCACTGGCAGCTGTCTACTC	0	0	0			7.037626628	6.344422701		15
ATCTATAATCGGGAGATGTGGGCATGAAAG	0	0	0			0	6.344422701		106
ATCTATGCTGAGTATGGGCTTAGCCGCTCG	0	12754.71053	0			0	0		2
ATCTATGTATAAACTTTAAAAAAATACTGC	0	81.05	155.853945			0	6.344422701		19
ATCTCTAAAGGGGGGGTCCATTGAGGGTGG	0	0	11.89724771			7.037626628	120.5440313		41
ATCTCTAGTTTGAACTTCAGGAAAGGCCCA	0	72.51842105	0			0	0		430
ATCTCTGCACATGTGGAAGACTTCGGGCCC	0	0	0			220.512301	177.6438356		80
ATCTGATCATTTTGGGTTCTGGAGGAGTTT	0	0	160.612844			0	0		194
ATCTGCGTACGATGCATGGATGGGTCGTGG	0	0	3.569174312			0	0		15
ATCTGGCATCTTACATTATCAGGACCATCT	0	0	0			131.3690304	111.0273973		264
ATCTGGGGACAACAGGGTAAGCGTCGGAAG	0	0	0			119.6396527	63.44422701		1916
ATCTGGGGTACAATGCGTAAGGCCGCTCAG	0	0	15.46642202			0	0		40
ATCTGGGGTAGTGCTCAGCTGGCTCGGTCA	0	0	0			694.3791606	76.13307241		7
ATCTGTCATGGTATTTCGACGAAGGAAATG	0	0	0			0	3.17221135		5
ATCTGTGGCCAACAGGGTAAGCGTCGGCAG	0	0	0			2.345875543	0		0
ATCTTAAGTTAAAGGGGGCCAGGCGCATAC	0	0	14.27669725			0	0		45
ATCTTCACACTCTGCAGTCCTTAACGCGAT	5	0	2.379449541			0	0		13
ATCTTCGCATCGTATCCGTACAACTATCGA	2	0	3.569174312			0	3.17221135		3
ATCTTCTGTATCCACATTAAGTGGTCCGGA	0	0	0			509.0549928	12.6888454		11
ATCTTGGTTGTGATGGCAAGGGCACGTGGA	0	0	0			2.345875543	0		25
ATCTTGTCTGTTATTCTGTGTCTCAATATA	0	0	0			77.41389291	38.0665362		4
ATCTTGTGAACATCGGTGTTTGCCGGGTCG	418	494.8315789	2737.556697			18.76700434	130.0606654		0
ATCTTTCATTGCCAATTGAGAGCGGGTTCT	0	0	0			124.3314038	123.7162427		58
ATCTTTTAACCTTTAGGCGGGAATCTTACA	0	0	0			30.49638205	161.7827789		73
ATCTTTTGACCAACTACCGTGGACAATGTC	0	0	0			9.383502171	0		4
ATGAAAACACATGGGCGTAAGGGAAGAAAT	0	0	8.328073394			0	0		668
ATGAAATAATTTCTTGTGGCGTAGGACTCA	0	0	553.2220183			0	6.344422701		707
ATGAAATCACATTTACCCATGGACCTGTAC	0	0	0			119.6396527	88.82191781		33
ATGAAATCATGGGTTGGGTGTGCATGCCGG	0	4.265789474	57.10678899			0	0		121
ATGAATAGTTACGAAACGGGGAAAGATGAT	0	0	2.379449541			0	63.44422701		273
ATGAATATTTAAGACTAAACTAGTGAAAAT	0	0	0			21.11287988	0		10
ATGAATGAAGTATCATTAACTTGGAGAACC	0	0	0			0	9.516634051		6
ATGAATGCTCCTTGCTAGGTTCGCCTGGTG	0	0	0			2.345875543	3.17221135		5
ATGAATTTAACGGGGGGGAGGGACAGAGGG	0	17.06315789	0			0	0		8
ATGACAATAGCACGTCCGAACTACTTTAGC	0	0	0			23.45875543	3.17221135		0
ATGACGATAGCAATGTGAATCAGGGTTGAC	0	0	0			823.4023155	0		20
ATGACGTGACTGTCGACGTCAGTATGAACG	0	0	0			7.037626628	0		176
ATGACTTGTTAATACCTGGTCTAGGGCACC	2	0	16.65614679			0	0		0
ATGAGAATTTCTGCATGTTCTTCCCAAATG	0	0	0			7.037626628	0		6
ATGAGAGCATGTACCCCAGGGGAGTGGGGA	0	0	0			4.691751085	41.23874755		0
ATGAGAGTATCCGTGGCCTGGTTTGTTATG	0	0	0			0	3.17221135		2
ATGAGCAATAGCGTTGCTAGTCGGGTTAGC	0	0	0			0	12.6888454		2
ATGAGCCGATGAAGAGCATATCAGCATGTT	0	0	0			16.4211288	47.58317025		0
ATGAGGGGAAGCAGGCGGGGGAAAAGGGAT	0	0	38.07119266			0	0		4
ATGAGGGGTCGAAGGTATATATGCGAAGGA	0	0	0			330.7684515	0		11
ATGAGGGGTTCCTGGCCACACGCGGGAGCC	0	0	0			342.4978292	231.5714286		4
ATGAGGTATATAACCAATTCATCAATCTCA	0	0	0			138.406657	279.1545988		17
ATGAGTAGTGTCACTGAAAACAGTCAGGAT	0	0	0			51.60926194	0		4515
ATGAGTGAACCATTTTACGTGGACTGAACT	0	0	0			93.83502171	183.9882583		20
ATGAGTTCTCCGGTGCTGCAGTGTGAACGA	0	0	478.2693578			0	0		450
ATGATACGTTGCTACAGCGGGATAGGCGCT	0	0	10.70752294			0	0		118
ATGATACTTTTTTCCTATACTATTGGAAGG	0	0	0			215.8205499	973.8688845		567
ATGATAGCAGGGGCGCTGGCTAAAGGGGTG	0	0	11.89724771			28.15050651	3.17221135		55
ATGATAGCTGAGTCTTGCCATCCCGGCGCT	0	0	0			4.691751085	0		0
ATGATATTAATGCGCGAGCATGCGGGAGCA	0	0	2.379449541			2.345875543	69.78864971		54
ATGATCGGATTTTATCTGAGGACGCCGGGT	0	0	0			11.72937771	0		29
ATGATGAGAACATGCATGTCAGGATCGCTT	0	0	0			0	25.3776908		1677
ATGATGCTTTATGCGCTTCTTCGATGTAGT	0	0	52.34788991			251.0086831	387.0097847		104
ATGATGTGTTAACAGATAATTTTGTGGCAA	0	0	0			171.2489146	41.23874755		282
ATGATTAGAGGTTGCGTCTACTGGAATTAT	0	0	0			4.691751085	0		2
ATGATTGTATGGCGCTACCCTCCAGTCTCG	0	34.12631579	0			0	0		719
ATGCAATTTACTTGTCTAACTAGATGAATC	0	0	7.138348624			0	0		9
ATGCAGCCTGCGCGTGCGCACAAAGAGCAA	0	0	0			25.80463097	12.6888454		182
ATGCAGGGACCGTTTGATGATTTTGAAGGT	0	0	0			0	3.17221135		19
ATGCAGGGTCTGAACAGGCTATCGTAGGTA	0	0	0			0	3.17221135		90
ATGCAGGTAGCCAGCTGTCCACGGAACGAG	0	0	0			851.552822	1649.549902		1207
ATGCATCATACACGGTGCTCCTGGAACCTA	0	0	3.569174312			0	0		0
ATGCATCATCGCTATATTGTTATTACTAGC	0	0	5.948623853			21.11287988	25.3776908		2
ATGCATTATAGCAAAATCATATTAGTTGGT	0	0	104.6957798			0	0		49
ATGCATTGTATTAGTGTGTGTTGGGACTGA	5	0	9.517798165			0	0		184
ATGCCCAGTTCGAAAGGATCAGTTTGCTGT	0	0	38.07119266			18.76700434	79.30528376		1510
ATGCCCCTATTCATTGATGAACGATTATTA	0	0	0			0	9.516634051		0
ATGCCGAGAGCTGCTAACAGGGGCACAGGT	0	0	0			1088.486252	1008.763209		689
ATGCCTCCTGTGCTCCCGCTTAGGGTCGAC	0	0	0			1039.222865	570.9980431		626
ATGCGACGTCGAGGAGGGAGACTCTCGGAC	0	0	28.5533945			4.691751085	0		54
ATGCGCACAGAGTACCGTTGGCGCACTTAC	0	0	0			0	98.33855186		108
ATGCGGCCTGATTTCCGAGGTGGAGGGATC	0	0	113.0238532			0	0		201
ATGCGGGAACGTTATTTGCATGTGGGTGGT	0	0	0			0	31.7221135		2
ATGCTATCATGTTGTCAGGTTTTAATGAAT	0	0	0			1557.66136	323.5655577		2057
ATGCTATCATGTTGTCAGGTTTTTAATGAA	0	0	0			4.691751085	0		2
ATGCTCATTGACAAGACCGGTGCATGTATG	0	0	0			0	6.344422701		2
ATGCTGCGTAGTGCATTGATGCGTAGGGTA	4	0	0			0	12.6888454		3
ATGCTGGCAGTGGGTGTGTGCTGTTCGGAG	0	0	3.569174312			0	6.344422701		246
ATGCTTGAACGTTCGACGTCTTTGGATTGA	0	0	0			39.87988423	79.30528376		2
ATGCTTGGAATGTCCTACATATCCCCTCCA	0	0	0			309.6555716	139.5772994		0
ATGCTTTATAGGTGCATAAGGCGATAAGTT	0	0	0			14.07525326	0		956
ATGGAAAGTTTCCCTGAGGGAGATGTGGCG	0	17.06315789	42.83009174			0	22.20547945		34
ATGGAACATTTAGTGCAGTCGACATGGGAG	0	0	19.03559633			0	0		768
ATGGACATTCAGCCGTCTCGTGTATGTGTA	0	0	7.138348624			0	0		443
ATGGAGATTCGGCAAAGTGTCATAGGAGTT	0	0	3.569174312			0	0		6
ATGGAGTGTCTCAGTGGAATGTTGGTCGGA	0	0	0			546.5890014	1544.866928		16
ATGGAGTTTCCTGGTATAGTCAAGATGGGC	0	0	0			0	0		3
ATGGATAAATCGCTCACTAGTGCTGTTCCA	0	0	0			687.341534	688.369863		2102
ATGGATCACTCGCTCCCTCGTGCTGTTCCA	0	0	0			2.345875543	0		0
ATGGATGCAGGCGAACGGGACCGAAGAAGC	0	0	14.27669725			0	0		37
ATGGCAGTTATCTGACGTATCATTCTGGCC	0	0	0			0	0		5
ATGGCCGTTCAGACAAGGGGTTAAACAAGG	0	0	0			21.11287988	47.58317025		64
ATGGCCTAAGATGTTTTGATTGCTCGTTTG	0	0	0			7.037626628	0		2
ATGGCGGGATTGATGATTAAGCCCCACAGA	0	0	0			126.6772793	12.6888454		69
ATGGCGTTAGCGTGTTGGATATCATTGGTT	0	0	0			16.4211288	3.17221135		2
ATGGCTAATGGAGGTGAAGAAAGACCGTCA	0	0	0			21.11287988	28.54990215		12
ATGGCTCTAAGGCAGTGGCGCGGGGGCTGG	0	0	0			110.2561505	50.7553816		5
ATGGGACCTATAGGAAATGACGAAAGGTAA	0	0	2.379449541			0	0		1457
ATGGGATTTATATCGTCGCGGCCAGGATAC	0	0	0			7.037626628	0		2
ATGGGCTTAATCCAGTAGAAACCAAGTGAG	0	145.0368421	52.34788991			136.0607815	133.2328767		134
ATGGGGGGTAGTAAAAAATAAGTATGCTTG	0	0	0			51.60926194	1246.679061		47
ATGGGGTTTCTCGCCGTTATGTGGCCGGGT	0	0	23.79449541			56.30101302	0		627
ATGGGTCGACGATAGTTATTTGGCGAAATG	0	0	0			16.4211288	12.6888454		9
ATGGGTTCTGCATGTGAGAAAGAAAGTTGA	0	0	3.569174312			23.45875543	225.2270059		42
ATGGTAATAGCGATAACGTTTCGGTGAGTT	0	0	0			0	6.344422701		18
ATGGTAGATAATGCCGAGTGGGTGAACGCG	0	0	0			11.72937771	0		248
ATGGTAGCTTCTGTATGAGTTCTCTTTCGG	0	0	0			2.345875543	0		2
ATGGTATGATTAGTTGCAGGGAATGTTTAG	5	0	39.26091743			75.06801737	2782.029354		85
ATGGTCTTTCGTGCATTCAGGTCGTTCCGG	0	0	0			0	3.17221135		0
ATGGTGCTACAGTACGAACTAGGTGCTAAG	0	0	0			424.6034732	63.44422701		530
ATGGTGGCACAGGTGATCGTGATTGAGGGG	0	0	0			2.345875543	0		51
ATGGTTAGAGTGGGATGGCGCCGTCGCCGG	0	0	0			0	0		16
ATGGTTATACGCGTGAGCCCCTTTGAATAC	0	0	5.948623853			70.37626628	66.61643836		46
ATGGTTGGTGCTGCGCCGTAAGCATGTTGA	0	8.531578947	941.0722936			211.1287988	402.8708415		859
ATGTACAGAGGGGTGTTGAAGGACTGCTGA	0	0	0			4.691751085	0		10
ATGTACGTTATCGGCATTTCGCCCGTATTC	0	0	0			30.49638205	0		3329
ATGTAGAGTTGCCGTGCTCAACAAATTAAG	0	0	0			0	3.17221135		5
ATGTAGCATTCTTCTATAACACAAAATCAG	0	0	8.328073394			0	0		45
ATGTAGCGTCGTCTAAAGGGCCCCGATGCT	0	0	22.60477064			0	0		276
ATGTAGGGAGTGCTGTGGGGCACGTGGACG	0	0	5.948623853			0	0		13
ATGTATGAAGCTTGAGAGGATACGTTGGGG	0	68.25263158	157.0436697			0	0		2808
ATGTATGGTCCTTGAGGACTACCGCATTAC	0	0	0			293.2344428	250.6046967		38
ATGTCACATTCAACAGGGTACACCTGCTGG	5	473.5026316	26.17394495			0	0		17
ATGTCATTTTTAGCTAATTCCGTACTCATC	8	8.531578947	48.7787156			2.345875543	12.6888454		16
ATGTCCAATGGTCATAGTGAGGGGTTGGGA	0	0	4.758899083			0	0		1612
ATGTCCGTACATATGAACCGGTACGTCTAG	0	0	0			0	9.516634051		0
ATGTCGCCAAGTGTTAGTCCGGCTTATTGC	0	0	0			65.6845152	0		37
ATGTCTAGTCTTGATAGTCATAACTAGCAG	0	0	0			28.15050651	85.64970646		129
ATGTCTCGTAAACAATCTGTGGACACTTGG	0	0	0			4.691751085	3.17221135		10
ATGTCTGAAGCCTTATTTTACTTATAGAAA	0	0	0			1144.787265	758.1585127		1413
ATGTCTTAAATGCTGCTTATTCACACACAG	0	0	0			7.037626628	0		2
ATGTGAAATTGCGGATAGGCACATGAGTAC	0	0	0			21.11287988	0		3
ATGTGAGTTACAATTCGTGGAGGTAGCTGT	0	0	0			16.4211288	31.7221135		60
ATGTGATGTCTCGCTGGTCGTGTACTTCGG	0	0	57.10678899			18.76700434	28.54990215		0
ATGTGATTTTGGCGGGGGAGGCAAGTAACG	0	0	38.07119266			0	0		54
ATGTGCAGAGACCTCTTGACTACTGAAAGT	0	21.32894737	0			0	19.0332681		45
ATGTGCATTGAACTGTGAGAAGAGTCCAGG	0	0	352.1585321			283.8509407	615.409002		1822
ATGTGCCGTAGGGAGCAGTTGCAAATGTGC	568	1373.584211	3362.162202			126.6772793	799.3972603		24
ATGTGCCGTTGAATTTCGCTGATATATCCA	0	0	0			18.76700434	6.344422701		22
ATGTGGAATAAGAGTAATAAGTAAGTCTCT	0	0	0			1294.9233	215.7103718		34
ATGTGGCAATGTTTGGACGCCGTTCGGAGG	0	0	0			53.95513748	53.92759295		50
ATGTGTAATCGGAGGGGAAGGATAATACCA	809	153.5684211	1803.622752			107.910275	139.5772994		6
ATGTGTTTAACTTGTCGTCACCAATGTCGG	0	0	0			0	6.344422701		36
ATGTTACGTATTCTATCGTGCAATTGAAAT	0	0	36.88146789			68.03039074	0		16
ATGTTAGAAGGTACTCTTTTCCTGGAATGC	0	0	0			68.03039074	9.516634051		9
ATGTTCAGTGAACGCAGCCCATCTATCAAC	99	0	675.7636697			473.8668596	215.7103718		284
ATGTTCCATATTATGAGTGATTAGGGAGCT	155	260.2131579	73.76293578			0	0		313
ATGTTGTCAGTCAGTCGATCGTACGACTCC	0	0	0			23.45875543	85.64970646		40
ATGTTGTTACGCTCTGATCGAAACACCGTG	0	0	0			2.345875543	0		0
ATGTTTACTGAATGGGATGATGGGTACCGG	0	0	0			9.383502171	22.20547945		264
ATGTTTAGTATTACAGTCTGCGGGTACGAA	0	0	0			4.691751085	22.20547945		40
ATGTTTCTTGAGTTAAGCCTAATATGCGTG	0	0	0			11.72937771	0		170
ATGTTTGGTGCTTGAATGAAGGGATGGGTG	0	0	0			0	25.3776908		14
ATGTTTTAATGATCTTGACGGGTTATTAAC	0	0	0			72.72214182	3.17221135		37
ATGTTTTTTGTATTGTGTGTATAGTGGCGT	0	12.79736842	0			0	0		13
ATTAAGAGTGATTGCGATAGCGTAGTTAGG	0	0	0			0	6.344422701		20
ATTAAGCAAGCTTGACCACGGATGAAGTGG	0	0	0			0	44.4109589		35
ATTAATAATATAACCTTGTGGTTCGGTAGA	0	0	0			7.037626628	6.344422701		5
ATTAATCTTGCGCGGGGAGTGCTGTCGCGC	0	0	0			0	57.09980431		41
ATTAATGATGAAGCGTGCATGGTAGGAGGG	0	0	0			0	41.23874755		93
ATTAATGTATCGCAGGGCCTATATTTGAGC	4891	0	2573.374679			0	0		2633
ATTACGCGTTGCACTTGCACGCTGTTAAGT	0	0	0			330.7684515	0		144
ATTAGAAGAACGAGTGTCGTCCCAGCCGGC	0	4.265789474	0			0	0		12
ATTAGATGATAGCTGGGCGCCCGCCCTGTC	0	25.59473684	0			68.03039074	0		0
ATTAGATTATATGGTGCCTGCATTGTTATT	0	0	0			2.345875543	0		122
ATTAGCGTTGCTATCTAGGGGTCTTGTTAA	0	0	0			9.383502171	3.17221135		2
ATTAGGACTTGAGTAATAGGATTGTTAAGT	47	0	0			0	0		147
ATTAGTCCATGGAAAGACGTTATAGGATGG	0	0	0			0	38.0665362		348
ATTAGTTGATGGGGGACCGGTCGGTCGAAG	58	25.59473684	406.8858716			49.2633864	22.20547945		3
ATTAGTTTTGACAGAGGGCCTGTTGTGTGG	0	0	0			7.037626628	28.54990215		10
ATTATAATTATATGAAATTCGCCAAGTGCC	0	0	0			2.345875543	0		13
ATTATAGAACGTTCAGGGGCGTGGTTTGGT	0	0	0			9.383502171	50.7553816		2
ATTATAGATGCACTTGCGTTGTTAAATGCT	0	0	0			349.5354559	856.4970646		122
ATTATAGCATTGAGGGGTCTTCGTAAAGCA	0	0	2.379449541			0	3.17221135		3
ATTATATATCCTGGGGCAGCGGTCTTGGGG	0	0	0			0	0		42
ATTATATGTTCATTCCTTCTATTCAACTGT	0	12.79736842	0			0	3.17221135		26
ATTATGCTTCGATCATTACACGGGGGCAGT	0	106.6447368	417.5933945			0	0		1100
ATTATGGATTAATGTTATGCGAACTTTAGT	10	21.32894737	162.9922936			11.72937771	25.3776908		194
ATTATGGGAACACGGGGACCTTGTAGCTGT	0	0	10.70752294			39.87988423	193.5048924		23
ATTATGTCTCAGCGGCGTTGTCTGGGAGGG	0	0	0			0	3.17221135		0
ATTATGTGTTAGTCATCCGTTTGTTAAAAG	0	0	0			4091.206946	754.9863014		4465
ATTATTGGTGACTTCTTAATTGTTTGGAGC	0	0	0			7.037626628	0		172
ATTCACCGTTGGTTATAAGCGTAATTATGG	0	0	0			0	15.86105675		4
ATTCAGGTTCCACGGCAGCTAAGTGCCATG	0	0	4.758899083			0	0		53
ATTCAGTCAGTCATCGCACTGCTAGTGGCA	0	0	2.379449541			14.07525326	19.0332681		18
ATTCATTGATATTGACAATCCTGGGTAAGT	0	0	69.0040367			0	15.86105675		2618
ATTCCAATAATAATGATCGCTTAACGGGGC	0	0	0			77.41389291	6.344422701		39
ATTCCACGACGCGTATATCGGGAAACGTTA	0	0	0			49.2633864	53.92759295		185
ATTCCGAGACGGTTGCAGACGACTCTGGGC	0	0	0			49.2633864	0		84
ATTCCTGGTTAAAAGCTATGTCTGTAGATC	0	0	41.64036697			0	0		684
ATTCGAGCACTGGGTCAACCCGGTAAAAAA	0	4.265789474	65.43486239			0	0		2829
ATTCGATGTGAATGAACGGGTCCAGAAGAG	0	0	0			136.0607815	3.17221135		81
ATTCGCAAACTCATATAGTGTAGAAATGTG	0	0	2.379449541			0	0		8
ATTCGGATATCTCGTACTTCAGTCGGAATT	0	0	0			14.07525326	193.5048924		879
ATTCGGGCATATAATACTCTTATTTCGCAG	0	0	0			53.95513748	28.54990215		8
ATTCTATAACGTCACATACTCGCGTCGATG	0	0	101.1266055			0	0		97
ATTCTATCTATTAGATTAGCTCAATGAATA	0	0	8.328073394			25.80463097	126.888454		5
ATTCTGCTATTACGACGAACCGACACGTGT	0	0	0			4.691751085	6.344422701		11
ATTCTGGTATACAACAAATAGGTAAGCCCT	0	0	0			138.406657	428.2485323		33
ATTCTGTAACGCCAGCACGGGCGCTGGTTA	0	0	0			7.037626628	0		2
ATTCTTAGTTCGCATTTCGTGGCATCCGCA	0	0	0			424.6034732	364.8043053		164
ATTGAAGGATGGCCAGGACATACGGTGTAG	0	0	0			2.345875543	0		0
ATTGAAGTTGCTTCGGGTTGGATGGTATGT	0	0	0			23.45875543	6.344422701		0
ATTGAATGAATGCCGAGCGTACACATGAAT	0	0	0			2.345875543	0		0
ATTGACGGTTGACGTTCGCCAAATAGGGAT	17	328.4657895	145.146422			1018.109986	2918.434442		42
ATTGATATAGAGCGTCCTGGTGTTTGTGCA	0	21.32894737	0			485.5962373	85.64970646		890
ATTGATCGTACATGCTCATAAAAAAGGCTG	3	0	0			0	0		55
ATTGCACTTCAAGCAGCTGCATAACTCTTT	0	0	0			190.015919	0		0
ATTGCCAGATATGACTATATCTTGGCAGTG	0	0	0			506.7091172	0		20
ATTGCCCTACGTCCCGGATGTGAACTAAGT	0	0	0			68.03039074	79.30528376		2
ATTGCCGGAAAGCTTTAGTGCTTGGTTTGA	0	0	0			18.76700434	66.61643836		7
ATTGCGTCTTTTTGGACATGCGTTAGCAGT	0	0	0			4.691751085	3.17221135		18
ATTGCTAGTGTTACACGAGGCTTAGGGGGG	0	0	0			0	19.0332681		0
ATTGCTGAAACAGATGTTTACGGGAAGCAG	0	0	0			9.383502171	3.17221135		2
ATTGCTGTACGTTCCTGGACGGCATGTGAT	0	17.06315789	0			0	0		0
ATTGCTTTTCAAACTACGTAGAGAGCCTGG	0	8.531578947	7.138348624			14.07525326	15.86105675		103
ATTGGACATCATGTCGGTGAAGGGGGGTGG	0	0	0			4.691751085	104.6829746		2
ATTGGAGGTGCGTTCCGAAAAGAAAGATCG	0	0	5.948623853			1022.801737	555.1369863		119
ATTGGGAGAAGAGCACATAGCAGTTTTTGA	0	0	9.517798165			593.5065123	0		575
ATTGGGCAACGCATGATCTCGTTTTGAGTG	0	0	4.758899083			0	0		14
ATTGGTAATCCACTGGTACCGAACGCGGTT	0	0	0			77.41389291	0		4
ATTGGTAATGTCGGTGCTGCGTCGTGGTAC	0	0	7.138348624			23.45875543	47.58317025		2
ATTGGTAGAATTTATTGTTTTACGGCAGCT	0	0	0			18.76700434	0		327
ATTGGTGATGGGCTGCCTGTTCGAAAAAGG	0	0	3.569174312			0	0		0
ATTGGTTTTATTTGATTGCGACTTCCTCAT	0	0	0			7.037626628	9871.921722		1742
ATTGGTTTTTATTTGATTGCGACTTCCTCA	0	0	0			0	15.86105675		0
ATTGTAAAAAGGCATTGACATCCCTAGATT	0	0	5.948623853			70.37626628	6.344422701		564
ATTGTAAATCCCTTAATTGTTCAGTGGGGT	0	0	7.138348624			0	0		133
ATTGTACGACAAAAAGTAGGATATTGTATG	0	0	0			0	0		4037
ATTGTACTATGGCTATATCGGTTTCGGCAT	0	0	0			0	9.516634051		10
ATTGTAGGAGTTAACAACAATATCTAATTG	0	0	0			7.037626628	0		14
ATTGTAGGTTTATTCGTCACCGCCTCAGCA	0	0	3.569174312			56.30101302	0		119
ATTGTATTACGATCGGTATTTGTTAACTGG	0	0	0			168.9030391	76.13307241		66
ATTGTCATATACGTGTTAACTAGTATGACC	0	0	0			105.5643994	66.61643836		36
ATTGTGGAATTTTAAGAGGTCCTTGTTCGC	0	0	0			164.211288	38.0665362		85
ATTGTGGGTACGGGGGTCTGCGCTTGGGCG	110	110.9105263	548.4631193			0	0		48
ATTGTTGTAGAAGAAACATCGCCTTGTTAC	0	0	2.379449541			234.5875543	374.3209393		149
ATTTAAGTAGAGTTTGTAACGTACGTAGCC	0	0	0			0	6.344422701		0
ATTTAATATATTTTCTTGTTTATGGTGTGT	0	0	0			37.53400868	72.96086106		5
ATTTAATGAGGATCGGCACTATAGGAGGGA	0	0	2.379449541			168.9030391	263.2935421		1982
ATTTAATGTGCAAGGGAACAGTTACACCGG	0	42.65789474	76.14238532			0	0		311
ATTTAGCAACCAACGGTGCAAGTAAGGAGT	102	0	29.74311927			0	0		16
ATTTATGGTCGCAATACTATCTAACGAACG	0	0	0			0	63.44422701		2
ATTTATTGTTGCACCCGAGCCCACATATAC	0	0	0			175.9406657	1262.540117		2101
ATTTCACATATTAACTGTTGAAATTCGGCA	0	0	0			0	107.8551859		0
ATTTCATTAAGATATGCGAGACTTGTTGGG	0	0	0			0	0		2
ATTTCATTTCCTGGATGGCCTGTCACTTAG	0	21.32894737	0			0	0		9
ATTTCCTTTCTGTAGTCTAGTCCATCGTCG	0	0	7.138348624			0	0		0
ATTTCGAATGTCCTCTCTATTGGTTTGGAG	0	0	0			53.95513748	0		49
ATTTCGAGTGACATTCACGCTCTTGTTAAG	0	0	0			0	3.17221135		9
ATTTCGCCATAGGTTTAGCCAGCAAGACGT	0	0	0			0	34.89432485		694
ATTTCGGCTAAATCAATGGTTCTTTTAGTG	0	4.265789474	0			0	0		79
ATTTCGTGTGCTTCGGCAAATGGAGGTGGG	0	0	0			351.8813314	247.4324853		180
ATTTCTCAAGGTGCTGAGATATGACGAGTA	0	0	0			7.037626628	19.0332681		12
ATTTGAAGTACTACAAAGTATAGTGTAGGT	3	0	35.69174312			70.37626628	50.7553816		13
ATTTGAATATTGACATCGCGACTTAGTACG	0	0	0			1006.380608	256.9491194		627
ATTTGAATTGGCGTTCGCTGTTCGTCATTG	0	0	0			93.83502171	279.1545988		1114
ATTTGACCACTGTTCTCATTTATGCTATTA	0	0	0			0	3.17221135		0
ATTTGACGTCAGCGTATATATTTCGGATCG	0	0	0			842.1693198	348.9432485		249
ATTTGAGCAACATATAAGTTAATCATTGTA	57	102.3789474	15.46642202			0	0		1923
ATTTGAGGTATTGTGAAATGTGGTTGGCCG	0	0	109.4546789			204.0911722	501.2093933		208
ATTTGATGTAGTCCTTGGGGACTTTACAAA	0	0	0			14.07525326	107.8551859		38
ATTTGCACACTAATCTGTAGCTTGATTACG	0	25.59473684	0			0	0		38
ATTTGCAGTGTGGCAATCAGATTTTTCTGA	0	0	0			11.72937771	3.17221135		2
ATTTGCGGTTAGCTGGTCTAAGGTTACGAG	0	0	0			23.45875543	9.516634051		74
ATTTGCTATGATCCGAGTAAAGCGTCGGGA	0	0	0			333.1143271	796.2250489		105
ATTTGGACAATGAGAGTGTTACAGTGCTTG	0	0	0			2.345875543	6.344422701		29
ATTTGGGGTCTAGCACCACCCATACGTGTC	0	0	0			0	9.516634051		2
ATTTGTAAAGAACGTAGCGGAGATGTGGGT	0	0	0			16.4211288	41.23874755		40
ATTTGTGAATGTTGCAAGAACTTCATCCCG	133	63.98684211	640.0719266			0	0		38
ATTTGTGGTGAGTGGAAAGAGTACGTTAAT	0	0	0			7.037626628	15.86105675		3
ATTTGTTATACTGTATACTACGTGGTACGT	0	0	0			119.6396527	126.888454		1079
ATTTGTTATGTCTTATAGGTTTAATTGTAA	0	0	0			0	3.17221135		4
ATTTGTTTTCCCTTAAGATCGTGAAGGCTG	0	0	84.47045872			201.7452967	469.4872798		4293
ATTTGTTTTGAAGGCATATCAGAGGGCATT	0	0	0			28.15050651	9.516634051		24
ATTTTATATCAAGCAGTGAGCCTTCGACAG	0	0	0			21.11287988	25.3776908		26
ATTTTCAGTTAAAGAGCTTGGTCCTCTGCG	0	0	2.379449541			0	0		0
ATTTTCGAAGCTGATCACCATTTCAGGGAA	0	0	0			408.1823444	2061.937378		4014
ATTTTCGATATCTTCGTACCCGTGGGATCA	0	0	0			2.345875543	0		6
ATTTTCTCTGAGGAGACAAATGAATGCAAG	0	63.98684211	607.9493578			0	0		91
ATTTTGCTTGGGTGAATCACTTACCTGAGA	0	264.4789474	245.0833028			0	0		177
ATTTTGGGAGCTTTGTAGTGTACTTACGCA	0	0	0			70.37626628	133.2328767		12
ATTTTGGTACGTACAGGGTGAAGGCCATTA	0	0	0			870.3198263	393.3542074		1192
ATTTTGGTAGGGGGTTCGTCGAATGGTTGG	0	0	0			0	101.5107632		670
ATTTTGTAAGGGTGGTATATCGCAGGGGGT	0	0	0			4.691751085	3.17221135		0
ATTTTGTCTGCAAGCTGGGGTGTGTATTCG	0	0	0			0	3.17221135		0
ATTTTGTCTGTGACCAGAATAATCCTGGCT	0	0	0			4.691751085	0		2
ATTTTTAATGGGGTCACACAAGGCATATCG	0	0	0			0	9.516634051		84
ATTTTTAGACGTGTGAGCTTGCATCAATTA	0	0	0			581.7771346	307.704501		62
ATTTTTGGTGGGGCTAGGTCGTGTGTGGCT	0	0	0			86.79739508	0		268
ATTTTTTTAGAAACTTTTGATGGGCTCCTG	39	0	15.46642202			241.6251809	545.6203523		1163
CAAAACGTATCGATTTGCCGGGCCGACGCG	0	0	0			419.9117221	402.8708415		194
CAAAAGGTTCTTTTTAATCGGGTATATGCT	0	0	2.379449541			56.30101302	57.09980431		22
CAAAAGTATCGTCCTAAGTGCAGCGAATGG	0	0	0			11.72937771	0		5
CAAAATCAAGGATTGCAAGTATCAAATTGT	0	0	0			0	6.344422701		11
CAAAATCAATACGGCCGGTATTGCTGTAGC	0	0	0			4.691751085	0		510
CAAAATTGTGAGGTTGTGTGAGTGCCAGGA	0	0	0			136.0607815	161.7827789		145
CAAACAAGTGCGAGCAGAGGTCTATGGCAG	559	0	24.98422018			49.2633864	0		2461
CAAACACCTCGAAGTCGGTATGGGTTTGTG	0	0	8.328073394			100.8726483	47.58317025		38
CAAACCGGAACAGCAGGGGGGAAGGGACAT	0	0	0			4.691751085	120.5440313		21
CAAACCGGAACAGCAGGGGGGGAAGGGACA	0	0	0			0	12.6888454		0
CAAACGGGAATCATTCGTGGGGTGGGACGC	0	4.265789474	424.7317431			53.95513748	28.54990215		15
CAAACGGGTAAGTTAACGTGCGGTCAACCG	0	0	0			3014.450072	1900.154599		3727
CAAACGTAACACTCCACGGGGTCGTTCTCG	0	0	0			4.691751085	34.89432485		37
CAAAGGCTAGATCCGCGCGCTGAACTAGTT	0	0	0			4.691751085	22.20547945		0
CAAAGTAATGTGGGGCAGGCGTTTGTGTCG	0	0	0			68.03039074	0		844
CAAAGTCGATCTCTGTGCACAGTGCGCTTG	0	0	14.27669725			30.49638205	0		101
CAAATATTTTGCGTGTGGGCCTTATGCGGA	0	8.531578947	0			0	0		44
CAAATCATAAATTGGCGTGGGAACCGGGCT	0	0	0			7.037626628	6.344422701		0
CAAATTCCTTTAAAGTCGTCCCGACCTAAT	0	0	0			0	0		3
CAAATTGGTTTACTAGGTAGACTCTTCGTC	0	0	0			368.3024602	95.16634051		63
CAACAATGTGCGGTTCACGAAGGTCGCCAC	0	0	9.517798165			0	0		37
CAACAGTAAGTCTTTATTGTCGCGGGCGAG	0	0	0			25.80463097	34.89432485		62
CAACAGTGTCCCTCCCGGAATAGGTTAATA	0	0	0			98.52677279	15.86105675		1057
CAACCACCTAGCCGGCTCCACGATTTAGCA	570	230.3526316	354.5379817			0	0		125
CAACCCATTACGTATTTCAGGACGGGGGTG	0	0	0			11.72937771	0		24
CAACCCTATAGCTTATGTCCCCGCCGCTAA	32	21.32894737	0			0	0		10
CAACCGGGTCAGTTACCGTGCGGTCCACCG	0	0	0			2.345875543	0		0
CAACCTGGTCTAGAGTCCTCTCTTTTGGAT	0	0	0			11.72937771	0		2
CAACGATGATCATCTGGGGATAAGCAGGCG	0	81.05	114.213578			0	0		115
CAACGATGTTTATTCCATCGCTCGTAATTG	0	0	0			0	31.7221135		109
CAACGCCGATAGAGAGCCATGGGATCTCTC	0	0	0			0	498.037182		381
CAACGCTATACATGAAATAGTGTGAGAGCG	0	0	10.70752294			0	0		0
CAACGGCTAGGGTTTCCCTCGGAAGGTGTG	0	0	0			4.691751085	3.17221135		7
CAACGGGTAAATTGCTACACCGTAAAAATG	0	12.79736842	0			0	0		86
CAACTAGTAACGTTCCCACTATTAATAATG	0	0	0			0	85.64970646		109
CAACTATTACATACTCGGACGCGTGTTCAG	0	0	0			4.691751085	6.344422701		29
CAACTGTGTTCTCCCGCACAGTAACAGATA	0	0	515.1508257			0	0		4517
CAAGAAGGAATCGGCGGAAACTACCGCCGG	0	0	0			300.2720695	304.5322896		1500
CAAGAATAAGGGGCTGTTGGGGGGCTCACA	0	0	0			490.2879884	307.704501		1720
CAAGATTTATATATGTTGGCTTATGATACT	0	0	8.328073394			0	0		112
CAAGCAAAAACCCGTGCGACAAGGATCGAG	0	0	20.2253211			0	0		9
CAAGCTGAACAGAAGTAAAGGGGCTCGTAC	0	0	0			7.037626628	0		22
CAAGGAATAGCGGCACAGCCGCGGTGTGTG	0	0	26.17394495			37.53400868	34.89432485		57
CAAGGAGTTACTAAGTTTACTTATTGACCC	0	0	2.379449541			0	0		51
CAAGGATCAGGGCTTACCTGAGATCGGGGC	0	0	318.8462385			0	0		21
CAAGGGAGTCTGTTGCAGGGAGATGGCGGG	0	0	0			1001.688857	339.4266145		49
CAAGGGCCTGGCGGAGGTGACGTGAGAAAA	0	0	0			485.5962373	95.16634051		1242
CAAGGGGCAGAAGTCTGGAAGGAGATGGGT	0	0	0			7.037626628	38.0665362		0
CAAGGTAATTGCTGTCAGATGTGGCCGTCG	0	0	2.379449541			9.383502171	12.6888454		10
CAAGGTACTCTCGGGGACCGGCAGGACTAA	0	8.531578947	5.948623853			0	0		21
CAAGGTAGTACTACTTCTGATTTGTTAACG	0	0	0			72.72214182	28.54990215		55
CAAGGTATTGGTGTGCGGTGAAACACCAGG	0	0	0			140.7525326	0		137
CAAGGTCAAGCTAGGCTGATATTTGTGGCG	0	0	5.948623853			0	0		1226
CAAGGTTGAGTTGTGTCGGGTATTCGTTTA	0	0	0			2.345875543	6.344422701		2
CAAGTAAGTGGCAATCCTATACAGGGGACC	0	0	0			0	31.7221135		53
CAAGTCTAAGCTAACATCCGTTGGGCGGTG	0	0	245.0833028			0	3.17221135		13
CAAGTGAAATCAGTCTTGGTCTCTGGTTGG	102	0	0			0	0		3
CAAGTTGAATCTACGTTTGAGGACAGAGGT	0	0	0			11.72937771	6.344422701		24
CAAGTTGCATATCATGGTTCGGTTGGACAT	0	46.92368421	82.09100917			0	0		30
CAATAATAAGGGAAGGGGTAGTCGACGCGT	24	4.265789474	966.0565138			0	282.3268102		1133
CAATACAGAGGTGTGAATCGAGACCTTCAG	0	0	0			7.037626628	22.20547945		360
CAATACTCTGCTTCAGTGGGACTATCCCGC	0	0	0			0	66.61643836		85
CAATATTCACGAATTACTGAGAAGGCAACT	0	0	15.46642202			0	57.09980431		5
CAATATTGTGTGCGATTAAGCGCATCTGGG	0	0	189.1662385			1039.222865	415.5596869		117
CAATCATAAATATGCTTACATGAGTAAGGC	0	0	2.379449541			4.691751085	88.82191781		23
CAATCATGAGTCGGGCAGTAGCTCGCACCT	0	0	0			248.6628075	0		2434
CAATCGAATGGACCACCTGAAGCTAATTTA	0	0	0			18.76700434	0		5
CAATGAGGTCAATTCAGGGTACGGAGCTTA	0	0	0			0	47.58317025		136
CAATGCCATGGGCGTATAGCTAGAGGCCCT	0	0	0			44.57163531	25.3776908		6
CAATGCGCTCCTCTGCAGCTATCCCCACTG	0	0	0			0	3.17221135		117
CAATGGGGTTCAGGTAGACCTCTCATCCTG	0	0	0			485.5962373	6.344422701		33
CAATGTGGAACCAATTGTTAGGGCAGACCG	0	0	0			0	6.344422701		715
CAATTAATAATTGTGGGGGGGCGGCGGTAT	0	0	0			0	958.0078278		45
CAATTATTTTAGTCCCATAACGCAGACTGA	0	0	284.3442202			16.4211288	6.344422701		81
CAATTCAAAGCGGACGTAATTATATCCCGG	0	0	0			3685.370478	694.7142857		17
CAATTCAAAGTATTCTCAACTTCTTAGATC	0	0	0			0	0		40
CAATTCGTTTTTCGTTCGTTGTGACGACGT	0	0	0			23.45875543	9.516634051		0
CAATTGCGTTGGCTCGAGGGGTGTAGGATG	0	0	0			56.30101302	47.58317025		25
CAATTGTTTCGTAAGCATTAATGTGGTATG	0	0	15.46642202			0	0		81
CAATTTTAAAAGGTCGATTACACCGCAGGG	0	0	0			9.383502171	0		186
CAATTTTCTTGAGGCCTGCTGGGCATGGGC	0	0	0			2388.101302	0		186
CAATTTTGATAACGGACACCGTGCGCAGGA	0	0	0			190.015919	114.1996086		92
CAATTTTTACTCTGGACAAGTTTCCGCAGA	0	0	36.88146789			197.0535456	542.4481409		1505
CACAAACGAAATGGAGGTCATTGATCTAGG	0	0	0			133.7149059	231.5714286		3
CACAAAGGAAGATCCCTTTCCGTTCCGTGA	0	0	0			30.49638205	0		7
CACAGCGCTATGGGGTGGGCTGGGGGCCGT	0	0	0			75.06801737	3.17221135		565
CACAGGGGTGTATTCGGTTATGGAAGCGGG	0	0	0			7.037626628	9.516634051		4
CACAGGTCTCTTCCGTCTTGCAAGGAAGCA	0	0	0			16.4211288	60.27201566		73
CACAGTGATCGTAACGACGTAAAATCCCAT	0	51.18947368	298.6209174			0	0		119
CACAGTTCTAGGGTGACCGACCAGGTGTTG	0	0	0			2.345875543	9.516634051		0
CACATCGGTGGGGGCGGGGACCGCTCGGGT	0	0	0			18.76700434	123.7162427		35
CACATGAGTGTGTTTGCAAATCCCTGTTTG	0	0	84.47045872			0	0		26
CACATGGGTCTGCGCTAGACTTACGATCGA	0	0	105.8855046			0	0		2259
CACCAATCTACGACCTAATACTTATTGTTC	0	0	0			84.45151954	63.44422701		50
CACCACATTATTAAAACCTAGCCCGGCACT	0	0	4.758899083			0	0		0
CACCAGATATATTGCGGCATGGTAGCCTCG	0	0	0			2.345875543	0		10
CACCATTACCCATTGTAATACGATTTCTTT	0	0	0			0	3.17221135		0
CACCGAGCTCGACCACAGGATGGGGTCTGG	0	0	0			0	0		14
CACCGCATAGGGGCAGGGGGGATAGGCGTA	0	0	0			35.18813314	0		48
CACCGTTCTCATGTAGTGGCTTAGGGATTA	0	4.265789474	2.379449541			14.07525326	88.82191781		45
CACCTGGGTGGCGAAGCCTCACATCTTGCT	0	0	0			4.691751085	6.344422701		151
CACCTGTATCTACACTGGGCCTATGATACG	0	0	0			0	0		58
CACCTTTATATGGCCTGAAGGTGTTGCACC	0	0	61.86568807			0	0		1558
CACGAGTATTGTAGGGGGGCGGGAAGCTTG	0	0	3.569174312			0	0		11
CACGATATTATTTGATCCTGGTTTTTCGAC	0	0	0			9.383502171	0		4
CACGATGGTATGGTAGTCGTATTGGACAGC	0	4.265789474	0			0	0		0
CACGATTCTCTTTGTCGATTGGTCTTAAGC	0	0	0			9.383502171	0		5
CACGCCTAACGCCAGGAGAGGCGGGATCAT	0	0	2.379449541			380.0318379	371.148728		76
CACGCGGTTGGCTATGGTACGGTTGCCACC	0	0	0			28.15050651	0		13
CACGGAATTCTTGGATTCATCTCTGATGGT	0	0	0			0	0		1392
CACGGAGTTGGTGAAGCACGGGGGAACAGT	0	0	0			422.2575977	770.8473581		874
CACGGCCAACAGAGTGATTATGGGGGTGCA	0	0	0			1100.21563	1116.618395		2538
CACGGGACTTAGCTGCGCTTATCTCGGGCT	0	0	0			145.4442836	574.1702544		16
CACGGGGGTAACTGAAATAGGCGGGATAAA	0	0	11.89724771			410.52822	85.64970646		67
CACGGGGTATTTTAAGACCACCGTCCCCTG	0	0	0			11.72937771	285.4990215		2
CACGGGTCATGATAAAAAAACATGAGGTCC	0	0	0			0	3.17221135		0
CACGGGTCATGCTAAACAAAAATGAGGTCC	0	0	0			0	3.17221135		0
CACGGTGTTAGAATTACGGGTAAAGCTCGA	0	0	0			9.383502171	482.1761252		24
CACGGTTGACGAAATGTGAGGATGCCGTAC	0	0	0			0	3.17221135		71
CACGGTTTAACAGTATAACATTACGGGGGA	0	0	0			0	0		29
CACGTATGTTGGGATGGGTCGCAAATAGGA	0	0	0			7.037626628	0		0
CACGTGAGAAGATGACACCCCAATCTTGTA	0	0	36.88146789			199.3994211	986.5577299		5
CACGTGGGTAGAAAAGGGGTCGTAAGGGTG	0	0	0			0	9.516634051		95
CACGTTAGAGTTGTCGACTTTGGATCTTAT	0	0	2.379449541			28.15050651	504.3816047		424
CACGTTCGTGCACTCTCTGAAGGCATTAAT	0	0	0			0	3.17221135		85
CACGTTTCTGCGAGAGTCGGGATGGTCACT	0	0	0			18.76700434	98.33855186		64
CACTCAGTTTCATCTTTCAATTTTTCGTAA	0	0	0			197.0535456	171.2994129		84
CACTCCCCTAGGGCAAATTTATTTGTTTCT	0	0	0			2.345875543	0		8
CACTGGAGTCTAATGAGGCTGGAAAAGGGT	0	0	0			0	9.516634051		0
CACTGGTCTCAAGTCTCTCGAGTCAGAGTA	0	98.11315789	0			75.06801737	1966.771037		72
CACTGTTAAAGGGGATTAGTGAATCGAAGA	0	0	0			23.45875543	0		2
CACTTCAATGTCGGGGGCGATAAAAGGCTG	0	571.6157895	0			0	0		3
CACTTCAGATATAGGTAATTAATGAGGCGA	0	0	0			0	0		39
CAGAAAAGACCAGGTGCTCAGTGAGCTGAA	0	0	9.517798165			173.5947902	399.6986301		326
CAGAACGGTGGAGTTTAGACCTAGATTAAG	0	0	0			42.22575977	3.17221135		5
CAGAACTTTCCTCTGGAGACTCATTAAGCT	0	0	0			0	3.17221135		3
CAGAAGAGACCCAAAGTGTATGTAAAGATA	0	0	0			11.72937771	0		78
CAGAAGGCAGTTGGCCTGAATCATCGCTGG	0	0	0			7.037626628	0		21
CAGAAGGGAAGAGACGGGGTTAGCGTGGCG	0	0	0			0	50.7553816		28
CAGAAGGTTTGCGATTACGACTTGCTCAGG	0	0	0			37.53400868	1570.244618		371
CAGAATTGTCGACACGAGCCCGTTGTACGA	0	0	0			0	488.5205479		241
CAGAGCACATTAGACGTTGCGTTGAGGGTA	0	0	306.9489908			185.3241679	640.7866928		163
CAGAGGCCTTAAAGGCCTCACGCAAATATT	0	0	0			4.691751085	0		0
CAGATCGTATCTTAGTGTACGTGGTTTGGG	0	0	0			30.49638205	85.64970646		14
CAGATCTCTGAACAGACAAATCACCCCCTC	0	0	0			7.037626628	85.64970646		3
CAGCAACATGGGGTTGCTATGCAAACGGCC	0	0	0			2.345875543	12.6888454		10
CAGCAGAGTGTTAAGTCGCATTGTGAGTCT	30	81.05	77.33211009			16.4211288	0		13
CAGCATTATTTTCTATTGGGGAACTGTTGC	0	0	17.84587156			49.2633864	9.516634051		175
CAGCATTGATGCAGAAATACGGGCTTTTGT	0	0	0			30.49638205	34.89432485		7
CAGCCCTTATTGCTCGTCAAGGGGGGCACT	0	0	4.758899083			37.53400868	123.7162427		153
CAGCCTGGACGTCGAACTCGGATGAGTACG	0	0	0			35.18813314	91.99412916		62
CAGCGAAGTGCCGCGGCGTGGAGGAGATTA	0	0	5.948623853			0	0		16
CAGCGACATACACAGGCACCTACTAAGCTG	96	0	129.68			42.22575977	212.5381605		137
CAGCGAGGTGCCCCGGGTTACAGGCGTAGC	0	0	0			208.7829233	345.7710372		122
CAGCGCGGACGTCCCATACAGTCCGTTGTG	0	366.8578947	523.4788991			11.72937771	0		919
CAGCGGATACGCCCAGTTTAGTGGGGACTA	0	0	9.517798165			0	0		0
CAGCGGCAACGTTTCACACGGCAGGGGTCT	0	0	2.379449541			0	0		6
CAGCGTATAGGTAAAGAGGGTTTTCTAGCG	0	0	0			9.383502171	0		14
CAGCGTTGTTGCAACGTGGCGCAGCGTATT	0	0	0			23.45875543	50.7553816		50
CAGCTATTTATGTATTGAGAATTATTTCCC	0	0	0			0	3.17221135		0
CAGCTCATTCGTTTGGTTGAGTAGGGAGTA	0	0	0			154.8277858	28.54990215		3
CAGCTCTAAGGATGTCGTGCCTAACAAAAG	0	0	19.03559633			0	0		288
CAGCTCTGTAGCGCCATAGCGTTTCGGGAG	0	0	0			760.0636758	228.3992172		16
CAGCTGGCTAGATGGGAGCCGGTTGGGATG	0	0	0			63.33863965	0		20
CAGCTGTTTCCAACCCGCGCGGGTCAATTC	8	0	2.379449541			0	0		0
CAGCTTACTGACCTACACGGTTTAATTGAT	0	0	11.89724771			0	0		1090
CAGCTTGCTCGGGTCTGACCAGTGGAGTGA	0	0	0			9.383502171	3.17221135		0
CAGGAATAATTTTTTGAGGGTGCTCAGCCG	0	0	2.379449541			0	0		7
CAGGACATTAGCTCGCACGGCTCGTTTGAA	0	0	0			77.41389291	117.37182		275
CAGGACTGATACTTGCTTGGTGTTACAGTA	0	0	0			0	6.344422701		10
CAGGACTGTTAGAAGGGCGGGGTGCATTGA	77	0	197.4943119			0	0		16
CAGGAGAGTCAGTGTGGCGGACTCAGTGGT	0	8.531578947	51.15816514			18.76700434	3.17221135		32
CAGGAGTAAGATGTGGGACCGCCTGAGAGC	0	0	0			117.2937771	66.61643836		6
CAGGATTCTGGTGAGGCTCAAAAATATTCG	0	0	0			361.2648336	158.6105675		2313
CAGGATTTTCCTTTGATAGGCTTAATAAGT	0	0	0			7.037626628	12.6888454		31
CAGGGAACAAGGTGGAGAGCATTAGGAGGG	0	0	2.379449541			0	0		0
CAGGGAACATTTTCGTGCGCCGATGACTTT	0	21.32894737	0			0	0		77
CAGGGCTGAGGGTAGGTTAAGGGCGGAAGG	0	0	0			18.76700434	3.17221135		7
CAGGGGCGTTTCCAACTATGAGCATGGACC	0	0	0			2.345875543	9.516634051		3
CAGGGGGCTCTCGATTGGGAGGCGGGTCTG	511	426.5789474	138.0080734			0	0		2197
CAGGGGGTAGCAGGGGCGAACGTGAGAGGA	0	371.1236842	286.7236697			0	0		36
CAGGGGTCAAGCATGGAGATTGTCCTTATT	0	0	0			136.0607815	253.776908		2
CAGGGGTGTGGCGGGGGTTTAGGACGCGGG	0	0	0			258.0463097	1027.796477		6
CAGGGTCATAAGTGTTACCCACGCGGGTCG	0	319.9342105	0			21.11287988	0		798
CAGGGTCGAAAATTGAGGTAGGAGGGAGGG	0	0	0			0	15.86105675		3
CAGGGTCTTGCCTGTGGGAGGCCAATGCGG	0	0	0			0	0		2
CAGGGTTTTAAGAACTAAGAATTCAGTAGG	0	0	0			2.345875543	3.17221135		65
CAGGTGAGAGAATTGGCGGCCTACGCACGG	0	0	0			0	6.344422701		8
CAGGTGCTATTTCGATATTGTAGTAGGAAT	0	0	0			0	38.0665362		494
CAGGTTACTAGGTGTCGGGAGTTAAAAAGT	0	0	0			65.6845152	15.86105675		65
CAGGTTAGTTCCAAGGGGGGGTTGTTAGAA	0	0	8.328073394			0	25.3776908		37
CAGGTTGCTGGGGAGCATTGGTTCCTCCGT	0	0	0			187.6700434	0		4
CAGGTTTGTCAAGTGTGAGGTGACGAGCAG	0	0	0			37.53400868	1218.129159		67
CAGTAAGAAGGAATGCGGTTGGGCAGCGTC	4	0	2.379449541			0	0		0
CAGTACAGTGTGGATGCGTAGACTGGTCTG	0	0	0			21.11287988	38.0665362		33
CAGTAGTCAATGGGTGAAGTATGTATAAGT	0	0	0			0	164.9549902		463
CAGTATGTTTAAGTTGCAATAGTAGGGGTA	0	0	0			4.691751085	3.17221135		2
CAGTATTCTCACCTCTATATAGAAAGCGCG	22	34.12631579	123.7313761			2.345875543	6.344422701		196
CAGTATTTAGGTGTAGATTGAGTCGGTGTG	0	0	0			4.691751085	3.17221135		0
CAGTATTTATACTGTCAGCTAGTTTACGTA	0	0	8.328073394			0	0		3
CAGTCCGATTGCTTAGACTTAGGATACATT	0	0	4.758899083			0	0		216
CAGTCGCCAGGGCATCGGATTGCATGGGAA	0	0	0			0	9.516634051		4
CAGTCGCCTGTTTGACATTAGCGTTCGGGG	0	0	0			2.345875543	0		7
CAGTCGGTTTAGGCATCCAATTGAGTTGAT	10	200.4921053	60.6759633			93.83502171	0		216
CAGTCTCCAGTCGAGACTCCCGCTATCTAA	0	0	0			96.18089725	15.86105675		598
CAGTCTTTTCCTAATTTTTTCGAGGTTATC	0	0	0			9.383502171	0		30
CAGTGGACCCTCCACACGCCTTCGTACGCA	0	0	0			2.345875543	0		0
CAGTGGTGAGTGTGAGGTAGGTTATTGGTA	0	0	0			384.723589	479.0039139		51
CAGTGGTTTGGCCAACGGGCGAGTGACTGG	0	0	133.2491743			0	0		1033
CAGTGTTTAATATGCGATAGATCAGATGAG	0	0	0			0	19.0332681		55
CAGTTGAGTGTTCCGGCGCGCGGGGCGGTT	0	0	0			7.037626628	0		76
CAGTTGCCTAAGGAGGTTCGGTCACCTTGG	0	0	0			7.037626628	0		9
CAGTTGGTTAATGCGCCTTTCTGTGTTTGC	0	0	0			0	9.516634051		0
CAGTTTGATTTAGGGGCCTGCTAGACGGGG	0	0	0			96.18089725	63.44422701		198
CAGTTTTAAATCACTCGCTGGATCCAGTAT	0	0	0			471.5209841	364.8043053		282
CAGTTTTGTCGTGAATTCGAAACCGGTGGT	0	0	0			2.345875543	9.516634051		0
CAGTTTTTAATGCGTGACATAGTTGCAGAA	0	0	0			11.72937771	0		4
CATAAATGATTTTAGATCAACTGTGCACAC	0	0	0			0	12.6888454		2
CATAACAATCTAGGTTTGGCATGTGCTGGT	0	0	0			4.691751085	3.17221135		2
CATAACCGTGCGGCCTCGAAAGGGTAGTGA	0	0	0			58.64688857	15.86105675		410
CATAATGTAAAGCGAATTATTCAATTAGTT	0	0	0			140.7525326	101.5107632		26
CATACAACAGCGCAAAGAAACATTATGACC	0	0	0			37.53400868	0		3
CATACGTTATGGCGCGAAGGTTGACTTAAT	0	0	0			39.87988423	117.37182		46
CATAGATGATGGATAGTCGGTATGGGCGGT	0	0	0			0	31.7221135		6
CATAGCAAATGCTCAACGTACTGGGGCGTG	0	0	0			2.345875543	0		24
CATAGCTAACAATTACCAATTATGTGGTAC	0	0	2.379449541			2.345875543	0		8
CATAGGACACACAGAGAAGCATGGCAAGGG	0	0	0			9.383502171	0		18
CATAGTTTTGGCGCCAGAACGTTGAACTTA	0	0	0			4.691751085	0		5
CATATAGTTTAAATGAGTAGAAAGGTTTAG	0	0	0			21.11287988	12.6888454		28
CATATATATGATCGGAAGTTGAACGGATTC	0	0	0			492.633864	0		136
CATATCGTAGGTGTGGGCTGGTCACCGTCT	21	0	4.758899083			0	0		0
CATATGCATGGGGTCGTTGTTAGCATACTG	0	0	104.6957798			2.345875543	0		37
CATATGCCAAGTGAAGGCTAGATCTGGGCG	0	0	0			1623.345876	938.9745597		2350
CATATGCGTATGCTTCGTGTCCTAGGTTCG	0	0	0			65.6845152	180.816047		279
CATATTGCATAAAGCTTCCACAAGAGCTAT	0	0	0			11.72937771	34.89432485		0
CATATTGGTAAGAACATTTTTCTACGACCG	0	0	0			86.79739508	0		355
CATATTGTTTGGGGTGCGGAAGCGGGTTAG	0	0	0			206.4370478	79.30528376		10
CATCATCCTCAAGCTTATACTAGAGTATGA	33	25.59473684	60.6759633			7.037626628	22.20547945		13
CATCATTGAGGCATTAACGTCAATCAACGC	0	0	0			28.15050651	9.516634051		12
CATCCATCTCCTAGGCTTTTGGTTAAAACG	0	0	70.19376147			11.72937771	25.3776908		27
CATCCCAGTTGGGGTAATTCTGGGGGCCCG	0	0	0			0	15.86105675		45
CATCCCGCATTAGATGAGAGCATCACGAGC	10	0	27.36366972			23.45875543	336.2544031		93
CATCCCTGAGCCTTGACACGGATCGAAAAG	0	0	0			9.383502171	0		699
CATCGAAATGCATCAAGTATACTGTCCACG	0	0	0			7.037626628	0		2
CATCGGGAACCTAATGCCCCGTTTTCTCTT	0	0	0			140.7525326	513.8982387		128
CATCGGTCAGCGGGGGCATGGGTTAGACAT	0	0	0			51.60926194	31.7221135		0
CATCTCAATCCCCGGGGGTAGTTACGCTAC	0	0	0			121.9855282	104.6829746		3
CATCTCGTTGGCCAGTTCGTATGGATTACG	0	0	4.758899083			0	0		22
CATCTGCCACTCAGTAGGAAGAATCTGCAA	0	0	0			0	25.3776908		0
CATCTGTAACTTCAACCCAGGTCCTAGCCC	0	0	22.60477064			0	0		5
CATCTGTCTCAAACGCAATTATGGAACGAC	0	0	1149.274128			0	0		3
CATCTTAGTAGATAATTATCAGGGACGGTG	0	0	16.65614679			131.3690304	149.0939335		471
CATCTTCCATAAAGTCAGGACCAATCATGG	0	0	0			65.6845152	193.5048924		0
CATGAACTTAAATTCTGGGGGTGCGTCGCA	0	0	0			0	60.27201566		2
CATGAATAAAGAGTGGTAAGAGCTAACTTT	0	0	32.12256881			107.910275	136.4050881		317
CATGAGATTAGCTCCAATATGGGTCGTACC	0	0	0			11.72937771	0		3
CATGATGTACGCCTAGGTGGCCCGGACGTC	0	0	0			0	3.17221135		3
CATGCAAGTTTCGGGTGTCGTTGTCAGTGT	64	409.5157895	446.146789			211.1287988	2448.947162		203
CATGCCCGTGGGTATGTAGCGATGGTGATC	0	0	189.1662385			0	0		0
CATGCGTATAGAAAGGCGCCTTGAATTGTA	0	0	0			0	19.0332681		49
CATGCTGGTCTGACCTTGACCTCCTAATGT	0	0	0			84.45151954	0		2
CATGGAGGAGAACGGGGTCTAGAGGTGGAC	0	0	0			4.691751085	41.23874755		58
CATGGAGTTAGGTGGTTTGGGAAAGAAGTT	0	0	0			0	6.344422701		3
CATGGATTTACCGGAGGCAGAGGCAAAGGT	0	0	0			70.37626628	25.3776908		4
CATGGCGATTGATTGCATGTATTAGAGGAG	0	0	0			11.72937771	3.17221135		336
CATGGCTCTTCCACGCCGGAACCGGATATT	0	0	0			42.22575977	34.89432485		166
CATGGGTCACGCGGCTCTTAATGAGAGATG	0	0	0			4.691751085	0		6
CATGGGTGTAATAGGTGCCAAAAGTGGCTG	0	0	0			4.691751085	0		25
CATGGTATACGGCTAGAACTAAGTCTCAAG	0	0	0			56.30101302	28.54990215		0
CATGGTTGTGTGGACGTAGGAAAAGGGAGC	0	0	0			164.211288	95.16634051		13
CATGTGCTTATAAAGATGCCTTGGTGGGGT	0	0	0			0	3.17221135		10
CATGTGGGTAGCCAATGGGGTACCGGAGGA	0	0	198.6840367			0	0		22
CATGTGTTTTTGTTTTAAGTTAATTGTGCA	0	0	4.758899083			0	0		27
CATGTTACTCAGAAAACAGTATGAGGGGGG	0	0	5.948623853			0	0		25
CATGTTATATCGGGGTACTTAGGTGTATTG	206	17.06315789	339.0715596			372.9942113	498.037182		222
CATGTTGTTGCGGTGCATAAAAGTTAGTGC	0	0	0			0	9.516634051		12
CATGTTTCAGGAGGAGGTGCCTGAGGTCGG	0	0	0			2.345875543	0		4
CATTAATTAGTCATCGCGCCTTCCTTCCGC	0	0	0			0	0		115
CATTAGGGATTGGGTAGGTACGGAATTGTA	0	0	0			7.037626628	28.54990215		8
CATTATAGAGACACGGGGGGAACAGGGAAA	0	21.32894737	17.84587156			0	0		130
CATTCAAATATTTGGAAGGAATTAGATTGA	0	0	0			9.383502171	3.17221135		4
CATTCATTTCATTGTGCGGATAAATCTAGG	0	0	0			9.383502171	19.0332681		84
CATTCCATTTTAGGAGGTTCCGAATCGTTA	19	0	64.24513761			0	28.54990215		181
CATTCGTATCGGACCAGATTTGGGTAATGA	0	0	0			363.6107091	1129.307241		95
CATTCTCTAAGCCGGCCAATTAAACTGAGT	0	0	0			131.3690304	0		173
CATTCTCTTGTTTTGTCGTTGATGTTTGTA	0	0	0			0	3.17221135		47
CATTCTGATAAGCTAAGTGGGGGTCAGGAC	0	0	10.70752294			0	0		261
CATTCTTTTATTCACTCTTCCTTACCAATT	0	0	0			2.345875543	0		8
CATTGAAGTCGATGGCAAATTATTTCGTGA	0	0	0			35.18813314	12.6888454		17
CATTGCCTTGCAAGACAGTAATGATCAGAA	0	0	17.84587156			4.691751085	0		71
CATTGCGATGACATGTGCAGGTCTGTGGCG	4	0	32.12256881			0	3.17221135		17
CATTGCTGTGATCCTTACACATGGAAGCAG	0	0	0			25.80463097	82.47749511		12
CATTGGAATCCGTTGGTAGGGGGGAACGAA	0	0	0			229.8958032	180.816047		84
CATTGGGGTATGGGTTCTTAAGTGTTCGTC	27	0	13.08697248			82.10564399	53.92759295		144
CATTGGTTTACTCATAATTCGGCTGAAGAC	0	0	0			0	9.516634051		63
CATTGTTGATAGGCTTCCCTATTCGAATTG	0	0	0			18.76700434	320.3933464		39
CATTTAAGTTGTTATGCTTTTTATTGCTTA	0	0	10.70752294			288.5426918	0		731
CATTTGGGTAAAGCGAGATAGGTCTAGTGG	0	0	425.9214679			0	0		615
CATTTGTGTCAGTAGTCGGACTTGTCCAGT	3	0	0			0	0		66
CATTTTAGACAAGTTTGCGTGCGCGGACAA	0	0	0			0	31.7221135		3
CATTTTCGTGTTTAGATGAGGGTGCTTGAG	0	0	0			49.2633864	6.344422701		5
CATTTTCTAGTCGAAAGTAAGCCCGAATGG	2	0	4.758899083			0	0		28
CCAAAATATATTTCTACTGTGATAATTTAT	0	0	51.15816514			0	6.344422701		14
CCAAACCATAGTATGCGGTACTGCTACGGT	0	0	0			2.345875543	593.2035225		25
CCAAACTTAGTGAAAATATTGAAGTCCCTC	0	0	0			2106.596237	0		60
CCAAAGGCTAGTGCCTCCGTAACACTTTTT	8	0	0			79.75976845	228.3992172		11
CCAAGAGGTATTATTATGAACTTTGATGTA	0	0	0			145.4442836	72.96086106		2121
CCAAGCCGAGCCTGTGATGCATTCCAGGGT	0	0	0			19172.84081	2020.69863		27
CCAAGCTAAGTGGGCTTATCTTGTTTTGGA	0	12.79736842	0			0	0		129
CCAAGGGATGAAGTGTTGGTATGTTAGAAA	0	0	29.74311927			4.691751085	0		2
CCAAGTGAATTGCTGAAGGCGGTCAGTCAA	0	0	0			0	6.344422701		19
CCAAGTGGTCGAGGTTGTATCTTTCCTTTG	0	0	0			96.18089725	0		695
CCAAGTTGTTTGGGGGACCGGTTGGTTCAG	0	0	7.138348624			0	15.86105675		6
CCAATGAGACGGAGGAATTCGGAAGCGTAG	0	0	8.328073394			0	0		0
CCAATGGTAGAACGTTAGTAAGTAATCAGG	0	0	0			16.4211288	6.344422701		2
CCAATGGTTTGGGAAGGGCGCCGGGATGCA	0	0	0			2775.170767	4149.252446		4857
CCAATTCAAGCCCCCCCGTACGCACGCCAC	0	4.265789474	0			0	0		51
CCAATTCGATATACATACTCTCCTACCATT	0	0	55.91706422			0	9.516634051		9
CCAATTTAACATTTATAAAAAGAGTTTCAG	0	12.79736842	0			0	0		7
CCAATTTGTCGCGATATATGCTCCCACAAG	0	0	0			49.2633864	69.78864971		46
CCACACGTTCGCAAGGAACATACGTTGAGC	0	0	10.70752294			25.80463097	0		317
CCACATACATGCAAAGTTTTTGAGTTATCA	0	0	5.948623853			0	0		2181
CCACCCCGTACTACTCAATCGTAACACCAG	0	0	0			145.4442836	256.9491194		36
CCACCGACTTTGGTAGTGTTCGGTCATAAG	0	0	0			18.76700434	9.516634051		29
CCACCTATATACCGGAGGGTTACAGCTAGG	0	0	0			2.345875543	0		45
CCACGAAAATTTATCGCTCATGAATAACGC	0	0	0			89.14327062	82.47749511		37
CCACGGTAAGGGCCTCGTTATACTGAAAAT	0	4.265789474	2.379449541			4.691751085	15.86105675		0
CCACTACCAGAGCGTATTCCAAGTCACTAG	0	0	0			1670.263386	491.6927593		9
CCACTAGTTGCCGTCGGCGCCCCGCTGGTG	0	0	45.20954128			0	6.344422701		127
CCACTATGATCGTAGCGCATAAACAGGAGT	0	0	0			0	1265.712329		29
CCACTCACAGTAGGCTCGAAGGGTTTGCGC	0	21.32894737	0			0	0		211
CCACTCGCACCTGAGATGTAATAGGGGGGA	0	72.51842105	0			0	0		2
CCAGACGTTACATTTGAATGATCCATGGTC	0	0	0			9.383502171	0		6
CCAGATGCTTAGTCTTGGGAAGCCGTGGGT	0	0	0			63.33863965	0		63
CCAGCCTGTGGTTGCGTATTTTAGTGGTCA	0	0	0			30.49638205	28.54990215		13
CCAGCTCGTGTTGTTGGCGATAAGCTGATG	0	0	0			0	9.516634051		0
CCAGGAGTAATAGCCCTGAGGGTGTCGGCC	0	0	0			0	0		8
CCAGGATTTGACAGACGTGGACCCCACCTC	0	0	0			0	111.0273973		77
CCAGGCAGTCAGATTATGAACTGTACTCAA	0	0	3.569174312			0	0		40
CCAGGCGGAAAAGACAGGGGGCGCCTCCGG	0	0	2.379449541			0	0		24
CCAGGGACATAACACGTACCGTGAGACGCC	0	0	0			3950.454414	5208.771037		17
CCAGGGGTTCTTCGGGTAACAATGAGAACG	0	0	2.379449541			0	0		2
CCAGGTATAAGCCCGATGATCTAGCTAATG	0	0	0			16.4211288	19.0332681		19
CCAGTAAGTCTAACCCTGAGGTATGCATAA	0	115.1763158	17.84587156			0	0		986
CCAGTAAGTGAATCTATCGTGATGGGGCGC	0	0	0			14.07525326	38.0665362		4
CCAGTAGGTGATGTTGGGTTTTGGTCGACG	0	0	0			0	0		88
CCAGTATTAAGTGCAGGGTACAGACTGGGA	0	0	0			63.33863965	0		387
CCAGTGCATAGTGGAAGGGTAGGTGGGATG	0	0	0			7.037626628	6.344422701		0
CCAGTGGGTACCTAGGGGACACGCGTGACC	0	0	0			25.80463097	0		23
CCAGTTAATATATGGTTCGAGGCGCGGTAA	0	0	0			157.1736614	459.9706458		33
CCATAACGTTTAATAGCATCGTGCTGGAGG	3	8.531578947	224.8579817			0	12.6888454		26
CCATAATCATCGGATATTGTAATTCGGCAA	0	0	0			0	0		151
CCATAGGTAGATGTAGTCCGCGCGCTGAGG	0	8.531578947	14.27669725			14.07525326	19.0332681		42
CCATCAATAGCCGGTCGTCCTTATATTCAG	0	0	0			290.8885673	88.82191781		472
CCATCAGATAATTGAGATATAGTAAAAAGA	0	0	0			7.037626628	0		14
CCATCATTATGGCTAGATAGAGAGTTTGGA	0	0	148.7155963			0	0		112
CCATCCCAAATTATCTCATTTGAGGTATTG	0	0	3.569174312			905.5079595	164.9549902		3073
CCATCCCCACTTATCTCATTTGAGATATTG	0	0	0			2.345875543	0		0
CCATCGAAATCCGATAGGAGGGGGTCGCGC	0	0	3.569174312			0	0		5
CCATCGGGTGGAAAAGGAGCCAGCTAAGAA	0	21.32894737	0			0	0		1114
CCATCGTGAAGTTCTGTTCTCTTTTGTTAT	54	81.05	78.52183486			18.76700434	9.516634051		34
CCATGATAAGTCAGACTATGTCTTTGGTAG	0	0	0			46.91751085	44.4109589		24
CCATGCATACATACAAGCTTACACGTTGGG	0	0	9.517798165			0	3.17221135		5
CCATGCTATGTAGAAGTACTCGGCCTCACA	0	0	0			0	2347.436399		9
CCATGGAAAGGTTGCATGTAAGATGTGTGG	0	0	0			37.53400868	31.7221135		38
CCATGGATTGAGTAACTGGGCCATGGACCG	0	0	0			16.4211288	72.96086106		640
CCATGTATTGTGCGCGGCCTGGAAAATGGA	0	0	0			0	69.78864971		2
CCATGTGAACTGCCTCTGGTGCTACGGGGT	0	0	0			0	3.17221135		0
CCATGTGATATAGCACGTTGTCAATGTTCT	0	0	0			372.9942113	19.0332681		75
CCATTATTTCCAGGCGGGGCGGCGGATAAA	0	0	0			138.406657	0		49
CCATTGGCTTCTCGAAATGTGAGAGTATGG	0	0	0			0	3.17221135		11
CCATTTATATCAGATAAGAAAAGGATGATA	0	0	0			966.5007236	967.5244618		0
CCATTTCTTGACTGATAGTGCATAAGTGGA	0	0	0			4.691751085	3.17221135		0
CCATTTTGAAGGGACGAGTAAAAAAGTTTC	0	0	10.70752294			18.76700434	72.96086106		22
CCCAAGTGACGTGAATTTTCAAAATGTTGG	30	0	0			4.691751085	15.86105675		24
CCCAATTATAATCACGCGTTTGGTATTATT	0	0	0			356.5730825	155.4383562		8
CCCACAAGTTGCTGGATACGGATTGTGGCG	0	0	0			129.0231548	348.9432485		90
CCCACTCGTTCCTGAACATCAGGAGATATC	0	0	121.3519266			999.3429812	2493.358121		7
CCCAGTATATTAATGCGGGGTACATGTTTA	0	0	0			2.345875543	0		10
CCCAGTATTCTGTATCTGTAAATCGTGTCG	0	0	0			32.8422576	28.54990215		3
CCCAGTCCTTATTATTTGGACGGAGAGGTA	0	4.265789474	2.379449541			0	0		75
CCCATAGATGTACGCGTCTGAATGCAGGTT	0	0	17.84587156			0	0		0
CCCATGCTTTAGTGTGATAGTGACTCGTTA	0	0	44.01981651			0	0		5
CCCCAATGAACGGGATGTGAAGGGTGGTGT	0	0	0			9.383502171	50.7553816		16
CCCCAATGACGGAGGCTTGTCTGGGGCTTT	0	0	0			2.345875543	0		2231
CCCCAGGTAAGTGAGTTAGGGGGAGAAACT	0	0	11.89724771			1126.02026	1896.982387		32
CCCCGAAAAAGGGGAGTCTAGGGGTGGATG	0	0	0			190.015919	76.13307241		0
CCCCGAAATTTTTGTTCTTTGTTACGGCGA	0	0	0			14.07525326	0		515
CCCCGACTTACGATAAGGGCACGGTAGGGC	0	8.531578947	0			0	0		3
CCCGAAAGTGCAGTCGCATTCGCACCCCGC	0	0	349.7790826			14.07525326	0		84
CCCGACGATTGCTTCTAGAGCCAGTCCGGT	0	0	0			0	6.344422701		5
CCCGCTCTAAATGATTTAGACGAAGCCCGG	0	0	0			258.0463097	9.516634051		37
CCCGCTGTTGCCTCTAAATGGGTTCATTTT	0	0	0			28.15050651	0		520
CCCGGAAAAGACGTGGACGTGAATGTGAAT	0	0	0			2.345875543	6.344422701		55
CCCGGAGTTCGGTAGGACATCGGGAGGTAA	0	0	0			276.813314	275.9823875		660
CCCGGAGTTTGAATGGTCCAAATAAAGATA	0	0	0			11.72937771	44.4109589		20
CCCGGCGCAGGCGGGTTACGCAGGGGAGGC	0	0	26.17394495			0	0		6
CCCGGCTAATTTCAATGAGGGGGTAGACTT	0	0	9.517798165			0	0		562
CCCGGGGGTGTCGGGGAAGGCTCCTTGGTC	0	0	0			25.80463097	19.0332681		4
CCCGGTTCTCGGACCGGGTTTTCGGCATGG	0	4.265789474	0			131.3690304	383.8375734		487
CCCGTCAGTTAGCTCCGGAACATGCGAATG	0	0	3.569174312			9.383502171	0		42
CCCGTCTATGTATCATGTCCGTCATGCTCG	369	17.06315789	115.4033028			0	0		259
CCCGTGGGTATTCCAAGGTGCCTGACCTAG	0	0	0			138.406657	22.20547945		21
CCCGTTCGCGTTGTCGCCTTTGGATCTTAT	0	0	0			0	6.344422701		0
CCCGTTGAAGTGTGTGTAACGGGGGAGGGG	0	0	0			0	12.6888454		3
CCCTAACATGTAGTCATGGGTCTCCTCGAC	0	0	0			0	15.86105675		1728
CCCTAGAAACCCCCGAGTCTGTGCGGGAGT	165	8.531578947	339.0715596			0	3.17221135		922
CCCTCATGAGTGTGGACGTTGGGGTTATTA	0	0	0			28.15050651	47.58317025		37
CCCTCCTGTCCGTGTTATATCATGGACTGG	0	247.4157895	2220.026422			0	0		2217
CCCTCTGGTGTACCGAGTTTTATGCGACAG	0	0	0			182.9782923	95.16634051		91
CCCTGCGTATACCTGGATTGGCCGGTTCAA	0	0	14.27669725			107.910275	0		8
CCCTGCTGATTCTGTTGAACGGGTGTATAA	0	63.98684211	0			14.07525326	0		2
CCCTGTCGACACTTGGCGTACTCTAGCTCT	0	0	0			89.14327062	0		36
CCCTGTTAATGAAAGTCCGGTAGTTCACGG	0	0	15.46642202			335.4602026	9.516634051		1426
CCCTGTTTATGAGGCGTGACATTGGCTGGA	0	0	0			0	3.17221135		3
CCCTTAAGTGGGTTGGTGTAGACACAATAT	0	0	16.65614679			0	0		563
CCCTTACGAATTCTTGTATCTGGGACTTGG	0	0	0			0	6.344422701		53
CCCTTAGGTTTTGAGGGTACGCCCACTGTC	0	0	0			51.60926194	19.0332681		0
CCCTTAGTTAATAGATCCGTCTAGTTAAAT	0	38.39210526	0			0	0		4
CCCTTCAAAAGCAGATATTGAATTTGGTCT	13	0	21.41504587			75.06801737	190.332681		8
CCGAAATCAATGGATGTGCTCCTTAACTAT	0	4.265789474	0			0	0		16
CCGAAGTGAAGGGGTCCACGAATTTGCGCG	0	0	0			23.45875543	9.516634051		16
CCGAATAGATTGCGACAGCCGTCGTTAGTA	0	0	0			0	47.58317025		156
CCGACAGTTGTAATTGAGGGTTCTTAACGG	0	0	3.569174312			0	0		0
CCGACGATACCCCAACAAGCAATATGCGTG	0	4.265789474	0			0	31.7221135		70
CCGAGCAATTAGTAGCTTTCATGGGCGTTT	0	0	0			178.2865412	91.99412916		37
CCGAGGGAACGTCTCGTCGTTCGCACTGAA	0	0	0			215.8205499	352.1154599		116
CCGATACCTTCACCCGAGACGCGAATTAGT	0	34.12631579	1019.594128			117.2937771	412.3874755		214
CCGATCTCTATTACCAGGGTGTTAATTGCC	0	0	0			537.2054993	142.7495108		752
CCGATGCATAACGCAAGTGGGCGTTATAGG	0	0	0			86.79739508	25.3776908		102
CCGCACACTCTTACCAGGTAGGCAGAACGT	0	0	0			4.691751085	60.27201566		34
CCGCAGCCTGCGCTTTTAAAGCCCCCAGGT	0	0	0			0	3.17221135		0
CCGCAGCGATCCGGGTCTGCCATAGTACCT	0	0	0			7.037626628	41.23874755		74
CCGCAGGGTGTATGAAGTACTTTTAGGGGG	0	0	0			18.76700434	12.6888454		5
CCGCATAAACATAAGATTGAAGAATACTTG	0	0	0			126.6772793	0		261
CCGCATAGTTGATAATCTATGTGTTAATCT	0	0	0			1611.616498	678.853229		76
CCGCATTAAGGGTGTTTCCCCATCTGTTGG	330	25.59473684	34.50201835			0	228.3992172		477
CCGCCAGAATAAGACGTAAATCTTTTGTAG	0	0	0			304.9638205	44.4109589		33
CCGCCAGCTTGGGATGATCGAGAGGCCAAG	0	0	0			314.3473227	91.99412916		28
CCGCCGACTTCACATCAGAATTCGGTAAAT	0	12.79736842	0			14.07525326	41.23874755		8
CCGCCGTCTTGACTTTAAAGTAAATCGCAT	0	0	0			0	9.516634051		25
CCGCCTGTTCGATTCAGAATAGAGTGCCTC	0	0	0			218.1664255	57.09980431		162
CCGCGGAAAAGTCCATTGTTTGTGTACTGT	0	0	0			28.15050651	22.20547945		0
CCGCGGTTTGGGTGGCAGTGAAATACATTA	0	0	4.758899083			0	0		2
CCGCTAGGTGATCAAGTGAGTTCGGGACAA	0	36847.88947	0			0	0		2
CCGCTATCTTCAATATTGGTCAACGGTAGC	0	25.59473684	0			0	0		76
CCGCTGGAATAAGTGTGTCACGCTGGGGCG	0	0	0			532.5137482	735.9530333		1904
CCGCTGGATCCACAGCGCTTAGGCGAGGAG	0	0	30.93284404			0	0		64
CCGCTTGGAGCGGTGCACGTATAAAACGGG	81	0	53.53761468			0	0		5
CCGGAAAGACTGCGGTCCTGGCTCGAAAGC	0	0	2428.228257			0	25.3776908		140
CCGGAGGTTCGAGGTGGGGGTGGGAGTGGC	0	0	0			227.5499276	130.0606654		627
CCGGATACTTAGTTAGGGTCCAATGTGGAT	0	0	7.138348624			0	0		19
CCGGATAGAGCAATGTGGTCGCGGGTACGC	0	0	0			2.345875543	0		2
CCGGATAGATCAGAGAGGCGCAGCTGGCAG	0	0	0			11.72937771	28.54990215		0
CCGGATAGATGTAAGGTGCGGCCCAGGTAC	0	0	2.379449541			2.345875543	0		3
CCGGATCTTTTTTGAGGAAGTGACAGAAAA	0	0	0			7.037626628	85.64970646		23
CCGGGACAAATTGAGATTGAGTTCGTTGAT	0	0	0			342.4978292	282.3268102		382
CCGGGCGATTTCTGAAGTGGGCTGCCTATC	0	0	0			0	6.344422701		3
CCGGGGCATGGCACCGGCGGGAAGATGGGG	0	0	0			2.345875543	0		4
CCGGGTCTACGCGCATGCGCGAATGGACTA	0	0	0			35.18813314	0		33
CCGGGTCTTCATACAATATCAATCGTTTTA	63	29.86052632	13.08697248			119.6396527	6.344422701		4
CCGGGTGGTGGTACCCCGGACCAAGAGGCC	0	0	0			3544.617945	2255.44227		1417
CCGGTGGCTTCCGATCACTCCGGAGGGCTA	0	0	0			30.49638205	22.20547945		89
CCGGTGTTTTTCCGTGTGTGACCAGGTGCA	0	0	66.62458716			0	0		5
CCGGTTAAAAACGGTAGGGTGTAGCCAAAA	0	0	4.758899083			1229.238784	295.0156556		8
CCGGTTCGAATTTCCTGAATAGACAGGTTG	0	0	0			459.7916064	485.3483366		1494
CCGTAAACTTAGAGCAGGGACAATGGATCA	0	0	0			25.80463097	0		115
CCGTAATTTAGGGATGTGACAATGAGGATA	0	0	0			0	3.17221135		0
CCGTACAAACTAATCGACTATGTACGTGCG	0	0	0			537.2054993	367.9765166		12
CCGTAGTCATCATCTACTACGGAATTCTAA	0	0	0			16.4211288	0		24
CCGTAGTGACGATAAAATGGTCATTGAAAT	0	0	0			9.383502171	3.17221135		26
CCGTATGAAAGTGGGGGCGTGTTAGGACAA	0	0	0			161.8654124	0		9
CCGTCGTCACTACAGGCCTGGATACTATCA	0	0	0			9.383502171	12.6888454		7
CCGTGAACTTATTGAGTAAATAAATTTCCT	0	0	316.466789			0	0		1368
CCGTGATGTTATTCGTTGTCCAAGAGATTG	0	0	9.517798165			0	0		0
CCGTGCGATTGTGTGTAGGTGACTGGATTC	50	0	389.04			312.0014472	628.0978474		58
CCGTGCTTAGATACGAGATGAGTAGGTCAG	0	0	0			18.76700434	0		15
CCGTGGATTAGCCTATAGGGACGGGGTGTG	0	0	0			0	0		3
CCGTGGGGTGGGGGGGATGGGGCGGGTTGA	0	0	0			0	3.17221135		59
CCGTGTGGAAAACTTGATTCCAGATTCGGG	0	0	0			32.8422576	15.86105675		61
CCGTGTTTTTGTCATGCGTGGAGTCTGGTT	12	25.59473684	33.31229358			0	0		19
CCGTTACTACAGGGTACAAGGAATGGGGAG	0	0	101.1266055			0	0		1005
CCGTTCACAGGTGGCTGGATTGGGGGTGAG	0	0	0			201.7452967	266.4657534		25
CCGTTTTATCTGAGTGTTAATGTTTTTAGT	0	0	0			4.691751085	25.3776908		10
CCTAAACTTGGTCTAATGTATGCGCGAATA	0	0	145.146422			0	25.3776908		73
CCTAAGTAAGCGGTTCTGAACAGCGAGAGC	0	0	0			25.80463097	12.6888454		4
CCTAATGCATGGAGCTAGGTGGACGGTTGG	0	0	0			11.72937771	15.86105675		14
CCTACATAATCATTAAATCTCAGAGCCAAG	12	4.265789474	20.2253211			0	0		71
CCTAGAAGTGCCAGGATCCGTCTGGGTGTA	0	0	0			35.18813314	190.332681		79
CCTAGCTTTAGTGCAATCGATCGAAGGGTA	0	0	0			2.345875543	3.17221135		0
CCTAGTCATTGTATCTGTCGTTAAATCGTA	0	405.25	437.8187156			0	0		124
CCTAGTTTAAGCTTGAATCAACGCAAACAC	0	0	36.88146789			2789.24602	2677.34638		2608
CCTAGTTTCAGCTTGACTCCCCGCAACCAC	0	0	0			2.345875543	0		0
CCTATAAGTTCGTCTCTACAGAAGCGAATC	0	0	0			32.8422576	53.92759295		2
CCTATAGCTGTCCCGGAGTAAAATAGAGTG	0	0	0			201.7452967	304.5322896		629
CCTATATATAATGCAACCCACAGGGTTACA	0	0	53.53761468			60.99276411	15.86105675		22
CCTATGCCACCTCGCCCAAGACTCGACCGA	0	0	0			241.6251809	0		0
CCTATGTCACTAATGAGTATCGCAAAGCAG	0	0	0			56.30101302	180.816047		0
CCTATTGCACGGTGGTCGCTTTGTATAAGT	0	0	0			0	3.17221135		38
CCTCACTAAGTTTCCGCAGAAGGACGTTTG	0	0	0			4.691751085	0		37
CCTCAGATTATATGTGCATTGAGTTTCATT	0	0	0			82.10564399	171.2994129		22
CCTCATTGTCATTCGAATGCTGGACACGGA	53	59.72105263	1552.590826			18.76700434	9.516634051		2137
CCTCCTTACTAACCCACGCATCGTCCAACT	0	0	0			0	3.17221135		0
CCTCCTTATCGTTCAATAGCTTGTATTCTC	0	0	2.379449541			0	0		854
CCTCCTTGAAGGGAGCGTATTGTGCATAGG	0	0	0			0	6.344422701		17
CCTCGGTCTCAGAATGAATGTTTAGCCAGG	0	0	0			2.345875543	0		8
CCTCGTTCATGTTATACTCGGTTTCATCAC	0	0	0			35.18813314	6.344422701		7
CCTCTACGATTTGCATTGGGCTAGAATCGT	0	0	3.569174312			0	0		27
CCTCTAGCAATCGGAAGTAGGCGATTGAAA	0	0	0			32.8422576	41.23874755		25
CCTCTAGCAGGGGGTAACCGAAAATTGTTA	0	0	0			0	0		2
CCTCTGACAGCTAACACTGTAGGGGCATGA	0	0	0			14.07525326	12.6888454		2
CCTCTTGGTTGTCATTCCGAGTGCGGGTGC	0	0	134.4388991			14.07525326	9.516634051		12
CCTGAACAATGTCGTTTTAATGTTCCAGCG	0	0	0			0	3.17221135		0
CCTGAAGTAACTTTAGAAACCCGCAGGTTT	0	0	4.758899083			11.72937771	6.344422701		231
CCTGAAGTACATATATCTCGAGATATCTCG	0	0	0			9.383502171	0		3
CCTGACTGTTCGGTAAAGACAATTACGCCA	0	0	0			39.87988423	9.516634051		21
CCTGAGACAGAGAGAGTAGTGGGGGAGGCA	0	0	0			60.99276411	101.5107632		19
CCTGAGCAAAGCTATACGTTTCTCGCTTGA	0	29.86052632	0			0	0		0
CCTGCAGGTACGCTGGTGTCGGGTCGGTCA	0	0	22.60477064			0	0		66
CCTGCCCCAATCTTTTGGGGGGACGCCGTT	0	0	0			2.345875543	0		0
CCTGCCGGTACGAATTCACGGTTGGAAGCG	2	0	32.12256881			30.49638205	152.2661448		0
CCTGGAGGATTGTCGGCTACAACCACTCTA	0	0	0			0	9.516634051		0
CCTGGGACTTAAAGACGGTACCACGGCTTT	0	0	0			2.345875543	0		2
CCTGGGTATCTACAGTCCATATGCATAGAG	0	0	0			708.4544139	926.2857143		339
CCTGGTCTTCTATCTTTTTTCCGAGGAACC	0	0	0			105.5643994	3.17221135		0
CCTGGTTGAGCGTGAAGGTAATTGTAGAAG	0	4.265789474	0			0	6.344422701		5
CCTGGTTTATTCTGACCTTCAAGCTGGCAA	0	0	0			485.5962373	57.09980431		0
CCTGTAGCAATACTTTGCTGTTTGTTCGCA	0	0	0			53.95513748	38.0665362		18
CCTGTCCAATGGTTGCTGTCTGCATTACAC	2	0	0			0	0		15
CCTGTCGCTGAACTGGATAGGTTATTAAAT	0	0	14.27669725			0	3.17221135		128
CCTGTGGGTCGGAGATACTGGCTGGGGATG	0	0	0			197.0535456	28.54990215		0
CCTGTGTTTTGTGTGAAAGGGGCTATCACT	274	273.0105263	10.70752294			0	1310.123288		3457
CCTGTGTTTTTGTGTGAAAGGGGCTATCAC	0	0	0			0	3.17221135		2
CCTGTTTATTCAAGACCGATGTGTTGCAGG	0	251.6815789	0			0	0		337
CCTTAAACACGTCGGTACGTACGGTATTAG	0	0	0			2.345875543	15.86105675		20
CCTTAATATCGGGTGGCATGAGAGGCGATG	0	0	72.57321101			0	6.344422701		37
CCTTAATGTTATGGGGGAATGGGGACATAG	0	0	2.379449541			14.07525326	0		0
CCTTCAAGATAGTAAAATCGGCATTAGGTG	0	0	0			326.0767004	875.5303327		22
CCTTCGCCAGACGCAGGGCGCAGCTATCGA	0	0	0			4.691751085	6.344422701		4
CCTTCGTTACTACTTGTTTCGACTAGGCCG	0	0	22.60477064			164.211288	6.344422701		92
CCTTGAGGACGCTGATCGGGCGGATCTGGG	0	55.45526316	280.7750459			46.91751085	98.33855186		72
CCTTGATTAGCATCTTACATGACCTGGCGG	0	0	0			121.9855282	130.0606654		46
CCTTGATTTGATTGTCGCTGAACTGTCCGA	0	0	11.89724771			0	0		210
CCTTGCGGATAGGTTAGGCTTAAACGGGTT	0	0	0			159.5195369	269.6379648		3583
CCTTGGGTACCCTAATTTTTCGGGACTCGG	0	0	0			0	25.3776908		0
CCTTGGTAATGGCCTCTACATTAACGACTA	0	0	0			0	38.0665362		18
CCTTGGTTACAGGGTGTTCGGTGCCCGATA	0	0	0			335.4602026	0		0
CCTTGTGGTATTGTCTGGGGTTGGTACGAG	0	0	0			4.691751085	22.20547945		11
CCTTTATATTCAAGCTTTATGTGAGCGTGC	0	0	0			79.75976845	60.27201566		108
CCTTTGACTGGGTAGTGATAGCCTCGGAAT	0	0	7.138348624			23.45875543	0		91
CCTTTGGAAGGGCGCAGAGTAATGAGTGGA	0	0	0			220.512301	82.47749511		1427
CCTTTGGGACCTGCAGGTGTGGAACCCAGT	0	0	2.379449541			0	0		4
CCTTTTCTTAGTAGCATCACCTGTATCATC	0	4.265789474	0			2.345875543	6.344422701		4
CCTTTTTATGTATTAACTCCAAATTTATTG	0	0	0			2.345875543	0		3
CGAAAATTTAGAGTCGTATGACTGAGATCG	0	0	0			7.037626628	12.6888454		1320
CGAAAATTTCGTTAACAGTTGTAGAACCGG	0	0	0			16.4211288	12.6888454		5
CGAAACAGTGCTCTAGATTCTGGCAGTAAT	0	89.58157895	0			424.6034732	0		3173
CGAAACGCACGAGGGCTGCGCGGTGTATCT	175	21.32894737	547.2733945			2.345875543	6.344422701		6
CGAAAGGATTTTGGTCACATGCAAGCTAGT	0	34.12631579	82.09100917			0	228.3992172		289
CGAACATGTGCGATGGTGAGTACACGATGT	0	0	40.4506422			0	0		1277
CGAACCACTTACGTAGTGGGGGAGTGTGAG	97	81.05	434.2495413			0	0		3
CGAACGGGACCGGATAATATGACATGTTCC	0	0	17.84587156			0	0		36
CGAACGGGTCTAGACTCCAATACTATACGA	0	0	8.328073394			0	0		14
CGAACTAGTGGCCGTAGCTTGGGCCGCGAT	0	0	0			0	0		8
CGAACTCGTTCGGCTCGGGCACGCGCGAAA	2	0	14.27669725			11.72937771	38.0665362		5
CGAAGCAATATTAAACCGGTAATTTGCTCT	0	0	0			14.07525326	0		169
CGAAGCTTTGACTGGTTAAAACACAACTTC	0	8.531578947	9.517798165			7.037626628	38.0665362		92
CGAAGGGATTTTAGTTTCCGCCTCGCAATG	0	0	207.0121101			2294.266281	3667.076321		123
CGAAGGTCTGGCGAGGTAAGGCCGAGTGAT	0	0	0			1308.998553	355.2876712		11
CGAATAATAGGTAAAAATCCTTACTAATTC	0	0	4.758899083			0	0		1968
CGAATACTTTATTGTTATATTAAGCTAGAG	0	0	10.70752294			0	6.344422701		52
CGAATAGAAGTCACACTTTTGACGGTTTTA	0	0	0			105.5643994	25.3776908		36
CGAATAGGTTTGGCTGATTATTGTGGTGCT	0	0	0			473.8668596	1601.966732		48
CGAATGTGAACTTCGCGAGCGATCCGAAAA	0	0	4.758899083			0	0		0
CGAATTGCTCTAGTAGGCCCAATGCAAGCC	0	0	0			44.57163531	28.54990215		24
CGAATTTGTAGAAACAAGGTATGGAGCCCC	0	0	0			77.41389291	0		414
CGACACGATACAAAATCACCTTGCATAGTA	0	0	0			4884.11288	50.7553816		55
CGACCTACATTCTCGCTAAGTCGAGATCCT	0	0	24.98422018			96.18089725	66.61643836		13
CGACGATATACGCACGTGTGATGGACGATT	0	0	0			11.72937771	6.344422701		32
CGACGCTTTAGGGACAGTGTGATATGTTTG	0	0	9.517798165			14.07525326	6.344422701		1244
CGACGGTAATATAGGCGTCGTTCGAGTGTG	0	0	8.328073394			0	0		3
CGACGTTTTCTTGGAGGAATCTCGTAGTTG	0	0	0			0	0		17
CGACTAAATCGTTAACGTAGGAAACAGTGA	0	0	0			51.60926194	76.13307241		1358
CGACTAATTTGGGGACTCGGTAGTGGGGTG	0	0	20.2253211			86.79739508	126.888454		61
CGACTGAATTCTCAAACTGTGATGAGCATA	0	0	0			0	0		62
CGACTGGATTACATAAGGAGGCCCAGTATG	0	0	0			112.602026	774.0195695		792
CGACTGTGAAGCGAACGTATTGTCGGGATG	0	0	0			79.75976845	0		2
CGAGAAAAAAAGGTTCAAGGCTAGTATCCC	0	0	0			4.691751085	3.17221135		9
CGAGAAAACAAAGGTTCAAGGCTAGTATCC	0	0	0			0	3.17221135		2
CGAGAGAGATCTGAAAGTGTGTCTCCAGTT	0	0	8.328073394			9.383502171	0		0
CGAGAGGGTAGGAAGCGCGAATTGGCGGTA	0	42.65789474	11.89724771			0	0		7
CGAGATTAACTGCCGTATTCTAGAATGGGA	0	12.79736842	17.84587156			0	0		3162
CGAGCAATAAGCTGTCTGGAGGGTCGGGGC	85	0	13.08697248			0	0		49
CGAGCAGATTCATTCAAGCAGTTTGTAGTG	0	0	10.70752294			0	0		521
CGAGCAGCTCAAGGCCGTGAAGTGTATATT	0	0	0			16.4211288	25.3776908		21
CGAGCTGATCTCTTACATATATTGTAGAGG	0	0	0			138.406657	38.0665362		12
CGAGCTTTTGGAATCCCACTGAGAGGACGT	0	0	0			818.7105644	745.4696673		1724
CGAGGAAATGGGTAGGTAGGTTGTATACGG	0	0	38.07119266			35.18813314	355.2876712		8
CGAGGAATACGATTGTGACGGCCCAGATCG	0	0	0			2.345875543	0		34
CGAGGACAACGAGGCGCGTATAATAGCCTA	0	0	0			2.345875543	0		5
CGAGGACCATGGGATGTGGTAAGGTGTATG	0	0	4.758899083			0	0		6
CGAGGAGATGCAAGAATATCTGGCTAAGGA	0	0	0			11.72937771	0		35
CGAGGCGGACTTAGGCGGAGGAGAATACAA	0	0	0			0	6.344422701		17
CGAGGGAAAGCAGCTAGGGCAAAAGGCGTA	8	8.531578947	231.9963303			30.49638205	72.96086106		3
CGAGGGAATGGGGGTTGAGATGTTGGCACG	0	0	0			2.345875543	0		2
CGAGGGGAAGATCGCGGGGGGTCTTGGGTG	77	38.39210526	898.2422018			28.15050651	101.5107632		42
CGAGGGGATAGGTCTGGAATATAGGGACCG	0	0	215.3401835			0	79.30528376		671
CGAGGTGATGTATGAGGGTCATGGCGGGTG	0	0	0			281.5050651	9.516634051		109
CGAGGTGCTCGCCTAAACGGCCGGTTCTGC	0	0	0			72.72214182	206.1937378		55
CGAGGTTTAGGCCCTCAGAACTCGGGGACT	0	0	0			9.383502171	0		5
CGAGTCGCTAGTGCGCTTTAATGCGTATTA	0	0	0			14.07525326	3.17221135		0
CGAGTGACAGTCTTAAACAATCAGTGATCT	0	8.531578947	0			0	0		17
CGAGTGATTAATCTTGATGATTATGCACTC	0	0	0			0	15.86105675		845
CGAGTGGGTGTTCCGAGGGACAGACGGAAA	11	0	0			0	3.17221135		580
CGAGTTAGATATGGTTATTTTGCCTGGGCA	0	0	0			0	3.17221135		2
CGAGTTATTCCACATTCAGCGTAAATGGGC	0	0	302.1900917			143.0984081	612.2367906		69
CGAGTTCGACCTGGACGGTGCCGTCTCAGT	0	260.2131579	0			0	0		78
CGAGTTGATGAAAAGCGCCTTGATCGTTAG	0	0	0			37.53400868	95.16634051		2
CGATAAATTTGGGTGATTGCTGATGGTTGG	0	0	0			0	34.89432485		481
CGATAGAAATATGGAAGGGTGAAAGAAAAC	0	0	0			534.8596237	491.6927593		26
CGATATCAAAGGCTTTTCGCTGACGTGACG	0	0	0			422.2575977	288.6712329		515
CGATATCCAAGTGGCGGTCGTGGTCAATTT	0	4.265789474	0			2.345875543	0		932
CGATCCGGAAAATTGACGACCGACGGGGAT	0	0	0			21.11287988	28.54990215		297
CGATCGCCAAGAGGGTATGGGTATAAGCTA	0	0	0			258.0463097	466.3150685		10
CGATCGGCTTTAACTGACGTTAGAATATTT	0	0	0			51.60926194	41.23874755		158
CGATCTCGACGACTGTGACTGGGATGTTAT	0	0	0			77.41389291	285.4990215		222
CGATGAGATAAGTCTACTCGCGGTGGGGCG	57	0	23.79449541			11.72937771	336.2544031		1032
CGATGCGAAGATTCGAGTGTGACACTCGTG	0	0	0			628.6946454	164.9549902		16
CGATTCTTTCTAAGATCTCTAATTGGTCAC	0	0	0			175.9406657	95.16634051		3
CGATTGGCTTAGGACTATGCTAAAATGGTG	0	0	0			0	339.4266145		1420
CGATTTCAAGATTAGCCGTTAGTATCATAT	0	0	3.569174312			0	0		30
CGATTTGGTGGGATGTAAAGTCTGGGGCTG	0	0	0			2.345875543	0		56
CGATTTTATGGTTACTTTGACCTTTTCGAA	0	0	0			0	3.17221135		936
CGCACACGTGATGCGTGGTTTTCCTTGGCA	0	0	0			49.2633864	190.332681		0
CGCAGAATTTGTCCGCTCAGTGTTCTCGTA	0	0	22.60477064			0	0		3
CGCAGCTTTCAGTGTTGGGAGGCGTAGGAT	0	0	5.948623853			220.512301	95.16634051		494
CGCAGGCAATCTACTGTGTAGGTTAGAATG	0	0	0			0	15.86105675		238
CGCAGGCTAAAGGCCTCCGGTGGTGTATTC	0	0	28.5533945			0	0		0
CGCAGTGTTATGATAAGTATGGATTGTCCG	0	4.265789474	2.379449541			0	0		0
CGCAGTTTAGCGTAAAGATTGTAGTGGGGG	2	4.265789474	3.569174312			0	0		3
CGCATAATTCAGATACGCACATAGTGTATG	0	0	0			229.8958032	47.58317025		518
CGCATGCTATGTAGTAGCTGTATGTGCTTG	546	0	1243.262385			89.14327062	117.37182		50
CGCATGGGTTCGGGGTTAAACAACATATTG	0	0	4.758899083			56.30101302	85.64970646		699
CGCATTGGTGATAATTGTGCTAATTGCCAA	0	0	0			32.8422576	15.86105675		19
CGCCAAGTTGCGGATAAGCCGACAATACAC	0	0	58.29651376			2050.295224	231.5714286		89
CGCCCCTGTCCCGGACCAACGCACAGGGAG	0	0	0			372.9942113	326.7377691		426
CGCCGCGTTTCACGTAGGCGTTGGATTTTT	0	0	0			279.1591896	98.33855186		760
CGCCGGTGTCGGAGGCCACGGTAGTTGGTT	0	0	0			171.2489146	260.1213307		65
CGCCGTGCTCTAATTATTTGCCAGATGAAA	0	0	2.379449541			0	0		27
CGCCTAGTACGACCTGTGGTTGAGTTGGCT	156	0	9.517798165			398.7988423	618.5812133		188
CGCCTATATCATGAAGCTACTGACATTTCT	0	0	9.517798165			0	0		5
CGCCTGTTAGGAGGTAAGTTAGGGACTATT	0	0	0			49.2633864	0		3000
CGCCTGTTTTTAATAGCAGTTTTATGTGTT	0	0	0			0	6.344422701		33
CGCCTTAATTTTCTGCTGACCTGACAATTT	0	0	0			187.6700434	222.0547945		224
CGCGACGGTCATAGTCGGAGTTAGACGCGA	0	0	0			39.87988423	6.344422701		22
CGCGATTTTTACAAGAAAGCATGTGAGGAT	0	0	0			30.49638205	50.7553816		4
CGCGCCAGAGAAGGCTGGCGTGAAGGGGCG	4	0	5.948623853			0	101.5107632		52
CGCGCCGTATCCGTGGTACTCGATACTCTG	0	0	5.948623853			161.8654124	536.1037182		63
CGCGCCGTTCGTGTTAGCACAGCGAAATAG	0	0	11.89724771			0	0		25
CGCGCGCCTTATGAAGGGACTTACACGTTA	0	0	0			9.383502171	0		58
CGCGCGGTTCGCGATTCGGTAAGGTAGAGT	0	0	0			0	15.86105675		41
CGCGGAGGATGGCAGAGCGGGTTAGAAATC	0	0	0			241.6251809	0		122
CGCGGGAATCTTTCATATGCTATGAGGTGG	11	0	52.34788991			0	0		10
CGCGGGCCTGGAATGGCTGTCGGGGACACG	0	0	0			0	3.17221135		2
CGCGGTCCTTCAGAATATGGTATCTGTAGT	22	4.265789474	10.70752294			7.037626628	9.516634051		33
CGCGGTGGAAAAACCGATTGCACAGCTAAC	0	127.9736842	0			0	0		168
CGCGGTTAACCCCAGAGCCAGGAGTTACCC	0	12.79736842	0			0	0		5
CGCGGTTAATTATACGCCTCCAACACTTGA	0	0	0			0	6.344422701		12
CGCGTATTTTTTGGGGTGTCAAGTTATTGA	0	0	0			246.316932	361.6320939		138
CGCGTCACTACAATCTAACATTGGTGATCA	0	0	0			0	0		11
CGCGTCCATTTGGGCTCATTGCGTGAGGGC	0	0	0			14.07525326	0		8
CGCGTCTGTGCCTTAAAGGGCACCTGCAGG	0	0	0			7.037626628	12.6888454		17
CGCGTGGAAGCCGGCTAGTTAGAGCATCGG	147	8.531578947	108.2649541			0	6.344422701		14
CGCGTGGGAGGCAACTTACTAGAAGCAGTT	0	4.265789474	0			0	0		9
CGCGTTGATTTAGGTGCTTATGCGTCTGCT	0	0	0			3959.837916	3124.62818		3072
CGCTATCTTTCTGTGATGGCGATCCCGAAC	0	0	48.7787156			0	0		263
CGCTATTTTCCGGTACCGTGTTGCAGACGC	0	0	0			2.345875543	0		2
CGCTCAACATCCACGTCACTCAGTAATCTA	0	0	0			7.037626628	63.44422701		3
CGCTCAATACGTGAACTCAATTGGGTTAAC	0	0	0			0	3.17221135		4
CGCTCCCGTGGGAATACTTTTGGGCGTGTT	0	0	5.948623853			426.9493488	3835.203523		7
CGCTCCGGTAAAACAACAATCAATTAATCT	0	0	0			140.7525326	320.3933464		2
CGCTGATATCGTGACGGCACATTTGATGTG	0	4.265789474	0			0	0		2
CGCTGATATTAATTATATTGCATATATGAG	0	17.06315789	0			14.07525326	3.17221135		0
CGCTGTCTTGGTGATTAAGCATATGTAAGC	0	0	2.379449541			37.53400868	12.6888454		18
CGCTTAATTGTTTTCGTAAATTTTAACGTG	0	0	0			9.383502171	0		317
CGCTTACGTGAATTTGCAGGATTCTGTTTT	3	0	0			0	0		5
CGCTTCACTTATTTGTACAATATGTTATTT	0	0	0			21.11287988	95.16634051		194
CGCTTGCGACGGCGGGGGTCACGGTGGCTC	0	0	0			9.383502171	12.6888454		0
CGCTTTAATGCTTACGTTGATAGTGTGTGA	5	8.531578947	3.569174312			0	15.86105675		140
CGGAAATATGCTAGGAAATGCACAAATTGA	0	0	0			75.06801737	60.27201566		11
CGGAACTAAAGTGGCGAGCATACTTAGTGT	0	0	0			89.14327062	6.344422701		2
CGGAACTTATCTCAAGTGGAGGGCGGCTGT	31	0	69.0040367			103.2185239	237.9158513		3
CGGAATACAGTAAGGACTCGCATAACTGTG	0	0	0			14.07525326	22.20547945		3
CGGACAATAGCTCTTACTAATTCGGTGGCG	0	0	0			0	3.17221135		14
CGGACAGCAGGATGGACGTAATGTGGTATG	0	21.32894737	0			0	0		3
CGGACCCGAGCCTGTGACTCAGGAGTTAAC	0	0	0			70.37626628	149.0939335		2
CGGACTCTTTTTATCGTACGCTCGGCCAGA	0	8.531578947	16.65614679			16.4211288	66.61643836		0
CGGACTTTTGATTTCTCTTATTATTTTGCT	0	0	0			0	0		2
CGGAGACTTTCGAGTCGACTAGTAGCCAGT	0	0	0			312.0014472	1430.667319		36
CGGAGATTATCCAACACGGCATGTGTATTT	0	0	0			39.87988423	60.27201566		9
CGGAGCACTGGGCTGTAGTCTCCCCTTGTA	0	0	0			1438.021708	2439.430528		2389
CGGAGCCAACAATGAGGCATGTGCGCCTGA	0	0	0			103.2185239	130.0606654		0
CGGAGCGATCGGCGTAAATAGGGATCGTAT	0	0	0			25.80463097	22.20547945		22
CGGAGCTATGCACACAGGATGGATGACTAG	0	0	0			131.3690304	256.9491194		4
CGGAGGCGTTCCTGGTGAACTTGCGGGTGT	0	0	0			42.22575977	9.516634051		2
CGGAGGGGTGCGCAATGCGAAGGTCGTACG	0	0	15.46642202			0	0		2
CGGAGTGTTTGATTGACTCCTGGCTATGTA	166	89.58157895	748.3368807			1161.208394	3200.761252		55
CGGATAACTTGAAATTTTTGTGCTATAAGA	0	0	0			0	3.17221135		30
CGGATACCTCGAGTCCTCACGTATGCTTTG	0	0	0			415.2199711	0		4
CGGATCGTACCATAGCATCCACGGATAGAT	0	0	8.328073394			7.037626628	0		114
CGGATGCGATCTGATGTAGGCACCATATTC	0	0	0			65.6845152	28.54990215		38
CGGATGGATGCGGCGCTCGCTTGGGGTTTA	0	0	2.379449541			0	0		8
CGGATGGGTCGCAACATGAGATCCGTGAGG	0	0	0			1057.98987	275.9823875		106
CGGATGTATGGGGTCCTAGCGCGAGCCGGT	0	0	0			96.18089725	25.3776908		1845
CGGATTCTTGGGCGTGTTGGTGCGCACGGA	0	8.531578947	0			225.2040521	723.2641879		758
CGGCAAGGAACGGAATAGATAATCCCTGGC	0	0	3.569174312			2.345875543	0		3
CGGCACACAGCAGGTATCGCGTGCTCGGCA	0	0	892.293578			0	0		100
CGGCAGCAAATCGCAAAAACGAGAATGGAT	0	0	0			3481.279305	2582.180039		42
CGGCATAAATCCATCACGGCACGTAATGAG	0	0	17.84587156			0	0		108
CGGCCATGTAGAAGAATTGAAGTCTAGGAG	0	0	0			7.037626628	0		25
CGGCGACGTCCGTCACCAGAAGTACATAGG	0	0	4.758899083			58.64688857	101.5107632		22
CGGCGATGATGAAGGTTCAGATGGCGGGGT	0	0	2.379449541			0	0		0
CGGCGCAAAATTGGGAATATGGGACTACTA	0	0	2.379449541			0	0		2
CGGCGGGGAAGTGCCACTGGTCTTCCTGTA	0	0	0			0	218.8825832		136
CGGCGGTATTTCTTTCGGTACTCACCGTAC	0	0	0			30.49638205	28.54990215		19
CGGCTACTAGGTATCTTGGTCCCCTAACGG	0	0	3.569174312			319.0390738	149.0939335		60
CGGCTCTTTACTGTGATGATTTCTTTAAGT	0	891.55	1349.14789			0	0		84
CGGCTGTGTCGATGACAATTCAGCGGTGAA	0	0	0			0	9.516634051		4
CGGCTTAATATATTTACCAGGCCGGTCGCA	0	0	20.2253211			0	0		8
CGGCTTTGATTGACCAGTGGATACTTCGGG	0	0	10.70752294			0	0		20
CGGGACAGAGGTAAAACAGGTCACTGGCCA	0	0	0			2.345875543	0		11
CGGGACCGTTCCGGTACGTGGGTCCATACT	0	0	2.379449541			28.15050651	107.8551859		6
CGGGAGGTATAACTCTAAGCGCTGGTTGTA	0	55.45526316	4.758899083			49.2633864	6.344422701		144
CGGGAGTATGTTTTCGTATGCATAGAGGGA	0	0	0			0	6.344422701		0
CGGGAGTTTTGACGAATTATTATGCTAAGC	0	0	0			0	38.0665362		0
CGGGATCGATAATTATGCAATTCCCGCCAA	0	0	4.758899083			16.4211288	63.44422701		31
CGGGATCGTTCATGGCGACGGACTTTTGGA	0	0	267.6880734			0	0		201
CGGGATCTTCCGGTTGTCGGGCCAGAAGGA	0	0	0			35.18813314	22.20547945		0
CGGGCATCTGCCGAGGTAAAATTTTTGAGT	0	0	0			0	9.516634051		3
CGGGCCGTATGAGCGGCGGTGCACAGGGCA	0	0	10.70752294			0	0		6
CGGGCGATTTGCGGTGCGGGGTGGGGAGGT	0	0	0			0	3.17221135		3
CGGGCGGGTGCCTGCGGCGGGGCGGAGTAA	0	0	13.08697248			2.345875543	9.516634051		0
CGGGCGTAAGTGCCATGTTGTGTCATGGGC	0	0	0			7.037626628	0		0
CGGGCTAGTTGAATTTTACACCGCGAAACA	0	0	4.758899083			0	0		72
CGGGGACATTGGTTCAGTATAGCGTACGCA	0	0	0			16.4211288	60.27201566		126
CGGGGAGGTGCTTGGAAGTGAGTGGGGCGT	5	0	0			91.48914616	44.4109589		14
CGGGGAGGTTAGTTGATCTGCGGAGGTTAG	0	0	0			7.037626628	19.0332681		0
CGGGGCGGTGCCACATAACTACTTGGTGCG	0	0	4.758899083			16.4211288	6.344422701		23
CGGGGGCATCCCGTCTCGGCCCACCAGATT	0	0	0			0	3.17221135		0
CGGGGGCTTCTATACGTCAGGATTACAGGA	0	0	0			37.53400868	0		199
CGGGGTACAGGTGTCTCCAGTAGTCTTATT	0	580.1473684	0			326.0767004	1186.407045		19
CGGGGTCATGAGCTGGGCCAGGTGCCGGCG	0	8.531578947	0			7.037626628	12.6888454		8
CGGGGTCCACAACCCTGCCTGAGTGCGTGA	685	392.4526316	1244.45211			0	0		194
CGGGGTCCTATGTAGCCTCCTTGACTACGC	0	0	0			14.07525326	12.6888454		140
CGGGTACATGATAGAGGCGAGACGGTTCAC	16	0	8.328073394			0	0		4
CGGGTAGATTGTGGTGTACGTCTAACGCAG	0	0	3.569174312			16.4211288	0		7
CGGGTAGGAGTGTTAACCCGCACGACGTTG	0	63.98684211	0			0	0		459
CGGGTCAGTGACGGGTGGGTTGGGGCCGGG	0	0	0			23.45875543	0		4
CGGGTCAGTGACGTCTGGCAGAAGGATCTC	0	0	0			124.3314038	66.61643836		1930
CGGGTCGCAGGGGAGGCATGAAAGGGCGCA	0	4.265789474	2.379449541			0	0		150
CGGGTCGGAAACCTGCGTTCAGCGGTATAG	0	264.4789474	0			0	0		1030
CGGGTCTCTTTGCGCCTCGTAGACCTAGCC	3	8.531578947	23.79449541			0	0		23
CGGGTGGAATGTTGTAAGGTTGGGCTTGTA	0	0	0			194.70767	95.16634051		597
CGGGTGTTAACAATGTACTCAATTCGGGAG	0	0	0			159.5195369	107.8551859		1864
CGGGTGTTACCTCGAGGAGGACAGGCACCT	0	21.32894737	1228.985688			300.2720695	412.3874755		87
CGGGTTACACTGATAATCTGGGTGTTCGCG	0	0	0			4.691751085	15.86105675		24
CGGGTTCGATGCGGGGAGTTGAGGAGCGCA	0	115.1763158	0			0	0		1369
CGGGTTGATAGGGTGGAGCAAGGCGGAGCG	0	0	15.46642202			0	15.86105675		24
CGGGTTGGAGTTGAGAATCTCATACGTTAT	0	0	16.65614679			0	0		3
CGGGTTGGTGGGTTTTACAACTTGCAAGGT	0	0	0			0	0		2
CGGTAACAATGCATAGAGTTATGGTTAGAT	0	0	0			316.6931983	228.3992172		2356
CGGTAATCTGCTCCTAATAAAGCCCTCCAG	0	0	0			0	12.6888454		0
CGGTACCTTCTGACGCGGACACGTCACTTA	0	0	0			11.72937771	3.17221135		10
CGGTACTGTAATGCACCTGGTTTAGAGTAG	33	0	699.5581651			0	82.47749511		301
CGGTAGACATGTGCGACAATGCATAAAATC	0	0	0			0	6.344422701		1876
CGGTATGATGGTAACTGTTAAACAGTTAGA	0	0	0			98.52677279	19.0332681		51
CGGTATGTATTAGAGCTATCGTGGGCGTAC	0	0	0			16.4211288	0		5
CGGTCAACTTAAGATCTGGCACACTATAGC	0	0	5.948623853			46.91751085	44.4109589		23
CGGTCATCAGACAGGCTATTTTTAGATCCG	0	0	7.138348624			86.79739508	209.3659491		104
CGGTCGCATAAATCGTCGGTTTCTGTAGAT	0	0	0			893.7785818	897.7358121		520
CGGTCGCATAAATCGTCGGTTTTCTGTAGA	0	0	0			0	3.17221135		0
CGGTCGTAATTAAAGCAACCTATCAGCCGC	0	0	0			7.037626628	0		2
CGGTCTTCAACGACCAGTCTAGCGGGATAA	0	0	0			0	3.17221135		3
CGGTGACATCGCACGTGAGTATTTACCTTG	0	0	0			0	3.17221135		186
CGGTGAGCAGGGAATTACTCATTATTGCTA	0	0	0			89.14327062	66.61643836		47
CGGTGAGCTCGGACCTCAGGCGGGGTGGGA	256	0	345.0201835			77.41389291	885.0469667		2974
CGGTGCACTGGTTTGGATTCCTTCTATTCT	0	0	0			159.5195369	69.78864971		74
CGGTGCCTTAGACGGTAGCTACCGAAAAGG	0	0	0			4.691751085	19.0332681		13
CGGTGCTATCCGCAGGTTTCGTATCTGAAC	0	0	0			0	6.344422701		6
CGGTGGACACTCCAAACGACTTCGTACGCA	0	0	0			3736.97974	2867.679061		2248
CGGTGGGTTCGTCGACTAGGGTGCATGGAA	0	0	0			0	15.86105675		7
CGGTGGTTTATTGTATCGACTGAAGAACAA	0	0	0			42.22575977	0		10
CGGTGTAAAACAATAATCAATGGCGTACAC	0	0	0			2.345875543	3.17221135		0
CGGTGTCTAACATACTTGCTCTGCACTGGG	0	0	0			49.2633864	314.0489237		127
CGGTGTTGTTGGAACGGACAGACGTATAAA	1487	0	241.5141284			818.7105644	821.6027397		1775
CGGTTACGAAATAGTACGCGACGTCACTGA	6	558.8184211	379.5222018			347.1895803	777.1917808		4382
CGGTTAGAAGTGTCTGGACCTGGAAGCTTG	0	8.531578947	0			441.024602	440.9373777		535
CGGTTAGCAGAGCGCTGTCAACGTCACCCG	0	8.531578947	0			0	0		2
CGGTTATGAACTTAAGAGGGTTATAGGAGG	7	17.06315789	0			0	136.4050881		862
CGGTTATGATCGCTGTACTGCGGCCGCTAC	0	0	0			4.691751085	44.4109589		11
CGGTTCATTTTTGGTAAACGTCTCCTAATT	0	0	0			91.48914616	50.7553816		55
CGGTTTAGAAGTGTGACTTCGGCTGGTAAT	0	0	0			3929.341534	7587.92955		5077
CGGTTTGATCACTGTACGTATATTTTTTGG	0	0	0			410.52822	532.9315068		441
CGGTTTTAGAAGTGTGACTTCGGCTGGTAA	0	0	0			7.037626628	12.6888454		3
CGTAAATGTCGGAGGACAGCGGCTCGCATG	97	8.531578947	40.4506422			4.691751085	9.516634051		32
CGTAACGTATTGGTACGTCTTTGGGGGAGG	0	2986.052632	0			0	0		522
CGTAAGGCCTACATTTGTTTCCGGCCACAT	0	0	0			2.345875543	0		0
CGTAATTTACGGGGGGTTGGAGCTTCCTAA	212	251.6815789	53.53761468			14.07525326	28.54990215		71
CGTACATAATCATTCACGAGCGGGGGGTGG	0	34.12631579	0			0	0		5
CGTACCAAATATGATACGGGGGCGGGACTT	0	0	11.89724771			0	0		0
CGTAGAGATTACCTTTTGAACTTTGTCGTT	0	0	0			75.06801737	6.344422701		97
CGTAGAGTTGAGGATGCGTTGGCTCCGGAT	57	98.11315789	2441.315229			0	0		26
CGTAGATGTGGTCGGGATGACGCGCGGTTT	0	0	0			0	171.2994129		270
CGTAGATTTTATGGATGATACTACAGTCGT	0	0	0			100.8726483	34.89432485		175
CGTAGCGGTTGATTTGCGCTATTGGTTGCG	0	0	0			11.72937771	15.86105675		2
CGTAGGACATCACCAAAATCGCTGAATGTA	0	0	0			389.4153401	183.9882583		13
CGTAGGTGTGGAAGGAGAGTGGGTGCTCTT	0	0	0			0	9.516634051		2
CGTAGTAAACATGGGGTCAAGTTTAAGGGT	0	25.59473684	0			0	0		9
CGTAGTCGTCCTCTGTAATCAGCTACGTAA	0	0	0			51.60926194	28.54990215		5
CGTAGTTTTTATGCGATATCCCCACTATTA	0	0	0			89.14327062	0		65
CGTATAAAAAGCAAGCAGAGAACGGACGAT	29	0	65.43486239			0	298.1878669		84
CGTATCGTTTTTTCAGCTGTCTTAGGGGCG	0	0	0			675.6121563	612.2367906		208
CGTATCTCATGCGCTGCTGGAATTGACTTG	0	0	0			23.45875543	34.89432485		79
CGTATGACAGTTCTTGTTATGGAGGGCCGG	0	0	4.758899083			0	0		4
CGTATGGGTAATGCTGTAAATGGACGCGCC	0	0	19.03559633			0	0		17
CGTATGTGTTCACAGAGTTCAAAACCTGGC	0	0	13.08697248			0	0		2
CGTATTAGTGCTAGTGTTCGCCGGGTGGTA	7	0	110.6444037			0	3.17221135		3
CGTATTGGAGTACGTAAGATAACTGTCGAA	0	0	0			9.383502171	12.6888454		25
CGTCAATTTGTTTTCATCTCAACGTTGTAT	0	0	0			199.3994211	0		4
CGTCACGCATGCTTGCAGCAGGTAGTATGA	0	0	0			98.52677279	47.58317025		0
CGTCAGACTTGCCTAGGAATTATTCGCATC	0	0	7.138348624			0	9.516634051		0
CGTCAGTTTTGGGGCTAGCTAAAATTGCCG	0	0	23.79449541			35.18813314	0		167
CGTCCATATAAAACTGCACGTTTTTGAGGC	61	145.0368421	443.7673394			11.72937771	76.13307241		3
CGTCCATGTTGGGTCCAGGAAGATGAATAT	0	0	0			105.5643994	161.7827789		47
CGTCGCGGACACCGATAGACGCAGTTGGGG	0	0	0			251.0086831	1516.317025		112
CGTCGGAATTTGGGGAATGTGCTGCAGATC	0	0	9.517798165			0	0		53
CGTCGGGCACCATATAAACCTTGCAACGCC	0	0	0			53.95513748	53.92759295		3
CGTCGGGGTAGGGCTGAGGGGGAGCACAGG	0	0	0			25.80463097	79.30528376		284
CGTCGGTGAATCAGTTGGTTTAACCCACGG	0	0	0			9.383502171	0		0
CGTCGTTGATTATATTTTTGACTTTCCTTT	0	0	33.31229358			37.53400868	241.0880626		210
CGTCGTTTTGCGCTATGTATGGGTTGGTTA	0	0	0			11.72937771	3.17221135		0
CGTCTAAATCTTTACCGAGTGGTGCTGCTC	6	0	7.138348624			28.15050651	31.7221135		44
CGTCTAAGTACGCTGCTTTCCCTACAGGGG	0	0	0			70.37626628	47.58317025		102
CGTCTGGGTCCGGGTGGGACGTGGACGGGA	0	0	0			4.691751085	44.4109589		1832
CGTCTTTGACGCCCTGGATTCTAACCCCTT	0	0	0			4.691751085	0		11
CGTGAAAGTATGCGCATCCTCCGCGCGAAG	0	0	10.70752294			1252.69754	31.7221135		1586
CGTGAAGTAATGGAGAGCATACAGGGCAGA	0	0	265.3086239			0	0		2295
CGTGAATGTAATAGGAAAAGGGCACTATCG	0	0	0			18.76700434	0		5
CGTGACCCAGATGGTCTGACCAGGGTGTGT	0	0	0			0	9.516634051		81
CGTGATGCTAGGCGAGTTTTTGTATAAAGA	0	0	0			84.45151954	44.4109589		599
CGTGATGTTTAGGAGGCAAGGCGAAACCGT	0	0	0			28.15050651	12.6888454		0
CGTGATTCATTGTGCAAAATCACTAAGAAC	0	0	0			4.691751085	0		17
CGTGCCAATGCCATCTTCATAGAGCATTAG	4	0	111.8341284			253.3545586	704.2309198		1209
CGTGCCTTAGCGGGTTGTACGAATTGAACG	0	0	0			0	6.344422701		12
CGTGCGCATACAGGGTTACGAGAGTAAGCT	0	0	13.08697248			0	15.86105675		10
CGTGCGGCATAATCTTGGTTCGTCTGTAGT	0	0	0			9.383502171	0		4
CGTGCGTAATGTTGGTTAGTCGATAGTGTT	0	0	0			624.0028944	701.0587084		21
CGTGCGTGTGAGTGTGGCTGAGGCCTCGGC	0	0	0			25.80463097	50.7553816		0
CGTGGAATTCACCAGTTGCGGGCCATAGTT	0	0	0			708.4544139	831.1193738		582
CGTGGACCTTACACGTCTTCGTCCCTACTC	0	4.265789474	0			0	0		15
CGTGGAGGTTATCAAAAGTTACGCTGTTTT	0	0	0			2.345875543	44.4109589		10
CGTGGAGTAAGGCCTAGGTCCTCTGGTTGC	0	0	0			2.345875543	0		0
CGTGGCACAGTGGAGACAGTAGAGCTGGGC	0	0	0			28.15050651	69.78864971		0
CGTGGCCTACCTGCCCTTGGCTTGTGCTTA	0	0	641.2616514			0	0		351
CGTGGCTCATGGTGGCATTAGCTCAAAGAA	0	0	0			0	12.6888454		734
CGTGGGAATCGCGCTTGACCTAGCGGCGTA	0	0	0			11.72937771	180.816047		1293
CGTGGGACTGTTCCCTGCAAAGTTGGGTGA	0	0	0			4.691751085	0		0
CGTGGGATAGAAAAGACCGGAAGTTGAGAG	0	0	0			9.383502171	9.516634051		2
CGTGGGATTCACCTAGTAGAGGAAAGGCGT	0	0	0			53.95513748	0		3
CGTGGGCGAGCGTTATAGAAGTAGTAGCAT	0	0	52.34788991			0	3.17221135		7
CGTGGGGGACAGCAGTTTCATCAGAGATTA	0	0	0			89.14327062	9.516634051		37
CGTGGGGGTTCGTACTGTCATTTTGTGAAT	0	0	0			0	44.4109589		211
CGTGGGTATTATGGCCTAGAGGCTGGTTTA	0	0	0			107.910275	53.92759295		497
CGTGGGTTTTAGAGGGTGCATGGCCTTAGG	0	0	0			0	19.0332681		20
CGTGGTTATGACTTTGGTGCAAAAAGTAGT	0	0	0			4.691751085	0		0
CGTGGTTTTGGTGGCCTCGGGCGTATCGTG	0	0	0			9.383502171	0		0
CGTGTATCAGATCCGATTTTTATCGAGTCC	0	0	0			0	12.6888454		20
CGTGTATGTATTAAGTTGAGACTTGCGGTA	0	0	13.08697248			28.15050651	25.3776908		147
CGTGTCATTCGATGTGTCCGGTCGGGGCGG	0	0	0			145.4442836	88.82191781		1058
CGTGTCTCAACACTAGGTCCAATGCGACTT	0	0	0			28.15050651	12.6888454		2
CGTGTGCTAAGTGGGTCGACTAAATTCAGA	0	0	0			46.91751085	0		10
CGTGTGTGTCCTGTATATATATATTACTAT	0	0	0			7.037626628	0		2
CGTGTGTGTCCTGTATATATATTACTATTC	0	0	0			319.0390738	82.47749511		127
CGTGTGTGTGGCTAGCCCAAGTGGATCAGA	0	0	0			39.87988423	0		527
CGTGTTCCTTGTAAGCTGCGTGCTAAAGGC	0	0	0			0	425.0763209		13
CGTGTTGGAGTTGGCTCTAGCTGTTGACAT	0	0	0			314.3473227	691.5420744		10
CGTGTTTAAGGCAAGGATGCTTTCAATTGG	0	0	0			25.80463097	174.4716243		8
CGTTAAACTAGCACATTGGCAATAAATGGG	0	0	0			0	0		2
CGTTAAGTAGAACTAGGGAGCGCTGTAAGA	540	209.0236842	781.6491743			60.99276411	6.344422701		2319
CGTTACGATTCGTGCAAAATTTAATGAGAT	0	0	0			42.22575977	222.0547945		3
CGTTAGCGAAATAGGCCGGGGACCTAAGGG	327	0	9120.430092			0	0		252
CGTTAGTTATACCGCCCAGCTCAGCAGGTC	0	0	0			49.2633864	79.30528376		133
CGTTATGGTGGTCGGTGTCAGAGGCTGGGC	0	0	0			37.53400868	3.17221135		2
CGTTATTAAGAAACTGACTCTTTGTTGTGT	0	0	0			0	28.54990215		1448
CGTTATTATGAACATGGCAATACGTACAAT	0	0	28.5533945			0	0		43
CGTTATTCATAGATTACAGCCGGCGGAAAG	0	0	2.379449541			32.8422576	50.7553816		2
CGTTCATTTGGCGCATGTGGCTGAACCAGA	0	0	139.1977982			0	0		60
CGTTCCAGTGGGGGTTGGGGGTGTGATTCA	0	0	0			180.6324168	6.344422701		0
CGTTCCCTTACCTTGTTCTACTATTACGAA	10	0	7.138348624			79.75976845	22.20547945		115
CGTTCGCATGGATCCAACAGAATGATCGTA	0	0	3.569174312			0	0		9
CGTTCGCGACCCGCTACGGATGTACGCGGT	0	0	0			21.11287988	22.20547945		9
CGTTCGTTTGGTACGGGGTGTGTCCACTAT	0	0	418.7831193			0	0		11
CGTTCTATACCAATCCTGGCTCAGCCAAAT	0	0	0			2.345875543	3.17221135		2
CGTTGACGTTAGTTATGAATCTTTAGTGAG	0	0	0			0	6.344422701		0
CGTTGAGATTTTCAGTAGGGTTGCGCTGAC	1816	750.7789474	1126.669358			0	0		122
CGTTGATAAGAAGCTTGATTTCAGGAGAAA	4	0	5.948623853			0	0		4
CGTTGATGACCTTCTGCCTACCAGGCTGTG	0	0	0			300.2720695	0		447
CGTTGGTGTGATTGGGTCGGATAGAAGATA	0	0	0			4.691751085	0		0
CGTTGTACTTAACAAATTCTTGGGTTTATT	0	0	0			220.512301	85.64970646		7
CGTTGTCCAAGTAATCCGCTGTACGCGGGC	0	0	0			30.49638205	72.96086106		30
CGTTGTCTACACACAGGCACGGTGAAAATT	0	0	0			7.037626628	0		0
CGTTGTGGTCAAATTAAACTTCACAGTAAA	0	0	3.569174312			126.6772793	399.6986301		95
CGTTTAAAAGCGATGGCTCGGCTCTCATTT	0	0	0			42.22575977	12.6888454		0
CGTTTAATAAGGCCTTAATAGGTGTGGGCT	0	0	0			0	6.344422701		0
CGTTTACAACCGAGCACGGACGTTGAAGTG	0	0	0			25.80463097	25.3776908		76
CGTTTATATTCGGGTTCAGCATCTGGTGTT	0	0	24.98422018			0	0		15
CGTTTCGATTGTTGTCGCTCCTTTTCATGG	0	0	0			2.345875543	0		37
CGTTTGCATGTATCCACATCTGCTGTACGC	0	0	0			30.49638205	0		1603
CGTTTGCCACGCACACGGCTTGGTCTTTTT	0	0	0			16.4211288	3.17221135		71
CGTTTGTGAGACCACCATTAGCCTTTAGGA	0	0	0			0	12.6888454		2
CGTTTTATAGGCTGCATTGGGCTGTTTACA	158	51.18947368	180.8381651			7.037626628	3.17221135		17
CGTTTTCGACGTACTGTCCACCGGGAGTGC	0	0	0			11.72937771	19.0332681		10
CGTTTTGTAAGCGATTAGCGGAGAAGAGCT	0	4.265789474	0			0	0		51
CTAAAAAAAGCGTGAGACGATGCGCTATGA	0	12.79736842	0			0	0		2
CTAAAGGTTCTTTTCCTAAAGCCTTTCGCG	0	0	86.84990826			255.7004342	0		443
CTAAATTTTAGCACTTAACGTAATAATCAA	0	4.265789474	0			0	0		0
CTAACACTACGCTTGGTGTTGCTCACCCCG	0	0	0			68.03039074	126.888454		24
CTAACCAGTTAGGGTTCGAAGGCGGATTCA	0	0	0			2.345875543	3.17221135		0
CTAACTTGTTGGGGTTAGCAGGGGAGTGGT	0	0	30.93284404			0	0		627
CTAAGAGTTGGCAACGCTGTGACGTCCGAT	0	0	0			0	72.96086106		47
CTAAGCGATTGAAAACAGGGTTCCTCTAAT	0	0	0			1172.937771	2756.651663		205
CTAAGCTGTGCGAATAACCACATGTTTGGA	0	12.79736842	70.19376147			11.72937771	0		95
CTAAGGCGTTGGCACATCGTCGAAGGACAT	0	0	0			9.383502171	228.3992172		0
CTAAGGTTTCACGTGGCTTGTACGATTGTT	0	0	0			0	12.6888454		338
CTAAGGTTTTTACATAATGGGTTTCTTTCG	0	0	0			335.4602026	25.3776908		1053
CTAAGTCATTCATCGCAATGTGCCCCCATA	0	0	0			75.06801737	0		44
CTAAGTGGTGTCAGCGAGTCTGCGCGCGGG	0	0	0			37.53400868	0		41
CTAAGTTATGAAGGGCAACATGTGAGAGGT	114	17.06315789	24.98422018			0	95.16634051		48
CTAATTCCAGGTTACATGCTGTTGTTAACC	21	0	24.98422018			0	6.344422701		0
CTAATTGATCGCACTACGAAGTCTTATAGT	0	0	0			110.2561505	44.4109589		987
CTACACGGAAGTCGAGTAGTGCCTAAGGGG	0	0	0			11.72937771	0		8
CTACAGGATGGGTCTGGATGGCGCTCTGCT	0	0	0			2.345875543	3.17221135		0
CTACAGTGACATTGAAGGGAAAGGGCGGGA	0	0	0			2.345875543	3.17221135		3
CTACATATTCCCGGGTAGCTTGCTGGGTTA	0	0	0			0	3.17221135		0
CTACCATTTAAGCAAGTTAGGGGATTAAGG	0	0	0			328.422576	688.369863		837
CTACCCGCATCGAATAGGGTCTCTGGCGAC	0	0	0			1728.910275	707.4031311		776
CTACCTCTTTTTTTAGTCAATTTAGGTCAT	0	0	0			7.037626628	0		32
CTACCTGCTTGTCAAGGATTTGTCTTTTAG	0	0	3.569174312			286.1968162	0		2520
CTACCTTCTGGATGCCGCAATAAAATCAGT	0	0	0			1674.955137	1408.46184		147
CTACGGGATTTGCCGGCGAAAGTTGAGGGG	0	0	0			4.691751085	0		7
CTACGGGTTAGCCACCACGCGCGTCCGTTT	0	17.06315789	34.50201835			2.345875543	253.776908		497
CTACGTATATCTGAAGAATGTACTTATGGC	0	0	2.379449541			0	0		27
CTACGTCCTAGGAGGTCACGTATTGATGGA	0	0	0			11.72937771	41.23874755		52
CTACGTTAAAGGCTTGGTATGCAGAATGTT	0	0	0			0	3.17221135		4
CTACTAGGTGTGTAGATTCTTGCTGCGTGG	0	0	8.328073394			0	0		11
CTACTCAGTTGCGTATCGGAGGTGGGTTAT	0	0	93.98825688			112.602026	19.0332681		127
CTACTGGTAAGCCTTAATACTTTGCTCTTT	0	0	0			9.383502171	0		9
CTACTGTGTGGAGATTGTCGACTCACTGGC	0	0	2.379449541			0	0		188
CTAGAACGAGTTGTGGAGGATTCTTGACTC	0	0	0			28.15050651	22.20547945		7
CTAGACCAACCTGCAGTGCTTAAATATTTA	0	0	0			893.7785818	536.1037182		1311
CTAGAGGGATGGAACAAATTAAACGGGGGC	9	0	0			35.18813314	53.92759295		3
CTAGAGGTTAGGCTGATACCCGCTTTGCTG	0	0	0			4.691751085	9.516634051		5
CTAGAGTTTAACTGGGGTTACAAGTTCAGT	0	0	0			7.037626628	0		8
CTAGATGGATATGGCGCTTTGTCCTGGTAA	0	0	0			16.4211288	19.0332681		12
CTAGATGGATGGTGTGGCAGCCTGGTAGCT	0	0	0			79.75976845	9.516634051		69
CTAGATGTTTTTGGTCGCTATCAGGATTCT	1297	1932.402632	9949.668257			797.5976845	1037.313112		3114
CTAGATGTTTTTTGGTCGCTATCAGGATTC	0	12.79736842	19.03559633			0	0		2
CTAGCAGGACTAGTATGTCGGGGCCAGGTC	0	0	0			0	6.344422701		0
CTAGCCATTCATGACGTGGACGCTCTTTAA	0	0	0			42.22575977	3.17221135		14
CTAGCTGGAACTAGATTAAAGTCGTTTGGT	0	0	39.26091743			0	0		24
CTAGGACTTATGCGCAGTTAAGGGACATAG	0	1727.644737	0			0	0		12
CTAGGACTTGGAAATGAGGATTCACTGGTC	0	0	52.34788991			84.45151954	187.1604697		205
CTAGGCTCTCATTATTACTATTCGTGCGGT	0	12.79736842	118.9724771			105.5643994	41.23874755		42
CTAGGGCAATTGGGAAGGGGCATAAATGAG	7	0	1001.748257			0	6.344422701		0
CTAGGGGAACTCGAATACGGATAGGACAGG	0	0	0			21.11287988	76.13307241		64
CTAGGGTTTTATATAGGCGACAACAGTACG	0	0	0			86.79739508	44.4109589		15
CTAGGTGCACTGTCGAATCCGACGTGTCAA	0	0	32.12256881			0	0		657
CTAGGTGTTTAATGGGCGCCCGAGGGGGCC	0	0	0			1731.256151	504.3816047		13
CTAGGTTAAGCGTGGGCAAGATCCGTGTTA	0	0	0			21.11287988	28.54990215		6
CTAGGTTATCGTAACCAAATGGGTGGGGGG	0	0	0			58.64688857	22.20547945		68
CTAGTAAGAGACTCTACCATCATTAAAGCA	0	0	3.569174312			0	0		1268
CTAGTCATTAAACGTCGTCAAGGTTGTCAC	0	0	0			0	25.3776908		13
CTAGTCCTTGACCTATGGTAGGGACATTTA	0	0	0			269.7756874	0		15
CTAGTGCGAAATAGTGTAGTTGCGCCCACT	0	0	0			326.0767004	237.9158513		11
CTAGTGGATCGCAATTATGCCGGGTTGGAG	0	0	0			314.3473227	215.7103718		48
CTAGTTATTCGGACCCGTTAGTCGGTATTA	0	0	0			577.0853835	466.3150685		3
CTAGTTTGAGACCTGTCTTCTGGGGTATGT	0	0	0			2.345875543	0		0
CTATAACCATGTAATAGCTGTGTATTGGCT	0	0	0			9.383502171	38.0665362		105
CTATAACGAGCTACCCGTTTTCACACACTC	0	0	8.328073394			11.72937771	9.516634051		3
CTATAATTTTAGACGTGACATTTAGGCACG	0	0	0			910.1997106	1084.896282		83
CTATACACTGAGGTTATCTTGCGGTGTAAG	0	0	0			49.2633864	22.20547945		5
CTATAGCGTCTGTTCATAGGTACTGGTTGG	0	0	0			717.8379161	307.704501		706
CTATATATTACAGGGTAGCTTGCTGGGTTA	0	0	29.74311927			2.345875543	28.54990215		19
CTATATCCTGTATTGGCCGGGTGTAGGTTA	0	0	0			0	3.17221135		3
CTATATGAACAGGAATTTGTTTCTGAGGAT	0	0	0			433.9869754	463.1428571		11
CTATATTTTGGTCACGTTGGTAAGTAAATA	0	0	0			44.57163531	12.6888454		89
CTATCACTACGCCGCTGGTCAACTTACCAA	0	0	0			0	9.516634051		76
CTATCAGCTTAGGGGTGAACGAGAGTACCG	0	0	0			194.70767	19.0332681		0
CTATCAGCTTTAATTCAGACCAAACTGGAC	377	55.45526316	2009.445138			314.3473227	190.332681		270
CTATCCCTAGTAAGTTGAGCGGACTTAGGA	0	0	0			0	28.54990215		7
CTATCCGTTTTTAATGGGCCACTTCGATCT	0	0	0			347.1895803	279.1545988		161
CTATCCTAACCACTGCCACTTGTAAGTGAT	0	0	0			0	263.2935421		337
CTATCGGGTTGCAACAGAGTGAAACTAGGG	0	0	0			7.037626628	0		17
CTATCGGTATAATTCCAGTCTAGGTTCGTC	0	0	17.84587156			0	0		0
CTATCTTCAATTTCAAGGTGCTTTGTGCTA	0	0	0			0	6.344422701		1213
CTATGACAAAATTGCCATATAGTCATGAGG	0	0	0			290.8885673	2632.935421		1666
CTATGCGCTGGGTGTTTAGACGTGAGCATT	0	174.8973684	0			0	0		246
CTATGGAATCAATGTTTGTCGTTGATGCAA	0	0	0			72.72214182	0		6
CTATGGCTATGAAAGGTCGTTGGATAGGCT	0	0	0			89.14327062	85.64970646		71
CTATGGTTTCATAGTTAGGCAACCCCCGAT	35	217.5552632	47.58899083			0	12.6888454		2171
CTATGTACTGATAAAATTCAAGTATGCGCA	0	0	0			989.959479	3.17221135		289
CTATGTCTTTCTATTCCTAGTCGCAACTCC	0	0	0			1717.180897	907.2524462		2566
CTATGTGATAGTATGGCATAGGTATGGGTC	0	0	0			0	3.17221135		0
CTATTATGTAGTATACATTGTATATCATCG	0	0	2.379449541			485.5962373	624.925636		86
CTATTGACATATTGAGTGGTTGTGCATGAT	0	3617.389474	0			0	0		33
CTATTGGTTAAGATCATGGCACATGTAAAT	0	0	0			0	9.516634051		1459
CTATTGTGATGATATATAAAACGCATGTTC	0	0	2.379449541			0	0		4
CTATTTGGTATATTCACGACTTGACGGGCG	0	0	8.328073394			0	0		2
CTATTTTAAGCCCGGGTCGAGCCGGACTAT	0	0	2.379449541			21.11287988	41.23874755		0
CTCAAAGGTTAAGTTACGAGTTGGAGGATG	0	0	0			1327.765557	1005.590998		14
CTCAAAGTTACTTCAGGGAGAAGAGGCCGA	0	784.9052632	0			2.345875543	28.54990215		27
CTCAAGTGTCCGTACGAGGACAATAGTGGG	0	0	13.08697248			0	0		27
CTCACACGAGTCGATGCTACAAAACCAGCA	0	0	0			39.87988423	225.2270059		161
CTCACATGAAGTGGATGTTGAGGTACAATT	0	0	0			797.5976845	748.6418787		1052
CTCACATGATTACGAGTTCTCGATTCTGCG	0	0	0			4.691751085	9.516634051		7
CTCACTTATAGGGGAAAGTGTGGGTCGACA	2092	456.4394737	1125.479633			272.121563	472.6594912		628
CTCAGAATAGTTCTGGTGAGGAAGGCGGAG	0	0	0			370.6483357	0		25
CTCAGATTATCATTAGCTGCCACAGTCCAT	0	0	0			30.49638205	0		149
CTCAGCAAAAAAGGTCGACAGGATGCAGAG	0	0	54.72733945			0	38.0665362		230
CTCAGCGGAAAAGGGTAGATATCGCCCTAA	0	0	0			2.345875543	0		9
CTCAGGAATTTCATGCTATTTTTAACAATA	0	0	0			907.853835	666.1643836		23
CTCAGGATTAGGGAAACCTGCTCGGATAGC	0	0	2.379449541			0	0		2
CTCAGGATTGCCATCCATTAGTCAGGGAGT	0	0	0			3826.12301	0		10
CTCAGGCCTGTTTTCTCCGCACTCATACGG	0	0	0			30.49638205	0		113
CTCAGGTAAGGGGCAACAGGTTTGGTGAAA	0	0	0			180.6324168	44.4109589		140
CTCAGGTGTGGCTAGAAGACTGTACAATGG	0	0	0			42.22575977	199.8493151		82
CTCAGTATATTATTATGCCTGTGAATAACC	0	0	0			11.72937771	0		3
CTCAGTGGTCAGCGATCATGTGTCATGACG	0	0	0			21.11287988	60.27201566		24
CTCATCATTGGCAGGAGTAACGGGTAAGGA	0	0	0			86.79739508	72.96086106		3
CTCATGGTAAGTCCAACCGTATATCAATAC	0	0	0			401.1447178	76.13307241		8
CTCATTTTTGCTAGCCATAGGTTGAGTCAC	0	0	0			84.45151954	63.44422701		599
CTCCAATGTCCTATGTGATCAATCCGCGTA	0	0	0			760.0636758	0		1029
CTCCCAAATGCAGTATTGTGGTATTTAACC	0	0	0			0	6.344422701		0
CTCCCCTTAGCTTGGATGCCCTGCGATTAG	0	0	0			11.72937771	114.1996086		2
CTCCCGTAATGTGTTATTTCAAACTAAGTT	0	0	0			39.87988423	69.78864971		1041
CTCCGCACTCCCTTGGCGTTACCGGGCTGT	0	0	0			1846.204052	6071.612524		1439
CTCCGCTATTTGACATTCTTTTCGTTCTGT	0	0	0			30.49638205	0		1015
CTCCGGAGATACTTATAAGGTTGGTCAGGT	0	0	8.328073394			1325.419682	545.6203523		2014
CTCCGGGGAGCCGGTAGGTTGGGGCTGATA	0	0	0			0	3.17221135		888
CTCCTTTTTTGGCACTTCCGGGGTAGAGAG	0	0	0			28.15050651	19.0332681		20
CTCGAAACAGAACTTTGAAGTGATTACGTG	0	0	0			0	3.17221135		3
CTCGATCGTATGCTCATTGAAGAAAGACTA	0	0	0			11.72937771	0		0
CTCGATGTAGCTCTTGAGTGCTTTTAATAA	0	0	0			2.345875543	15.86105675		2
CTCGATTTATGCCGGGCAGGTTCTAGCCTA	0	0	0			11.72937771	9.516634051		28
CTCGCCATACCAGCGCCCTGAAGGGTGGGT	15	0	146.3361468			0	0		1091
CTCGCGAAAGTCCTTATACTTTGTTTTGAG	36	0	40.4506422			143.0984081	149.0939335		2
CTCGCGACAAATTCAAGCGTTTACTAAGGT	0	0	0			0	25.3776908		4
CTCGCGAGATTCTTAACCGCGGGACGTACG	0	0	0			30.49638205	19.0332681		736
CTCGCTCCTGGTTTTTTCAGCGCCGACACG	20	0	0			2.345875543	0		66
CTCGCTGTACTACGGGGCCGGGCCGGCAGG	0	0	0			0	44.4109589		162
CTCGGCACACTGCTGTCCTAGGATGGAGTA	0	0	0			0	0		115
CTCGGCTATTATGCGACTAGTGTGAGTCAA	0	0	0			0	3.17221135		4
CTCGGGTTTGGGGCAACACTCGACAGTCCA	0	0	0			4.691751085	0		0
CTCGGTAATCTTGACGGTCGAACTAGGGAC	0	0	0			14.07525326	0		4
CTCGGTCGACTGTAAGAGTAATCGGGGTAA	0	38.39210526	0			11.72937771	50.7553816		34
CTCGTCCGTCTGGCACCGGAGCACTCTGAG	0	0	0			25.80463097	38.0665362		0
CTCGTGGTATTAGCGCTGCATGATTGGATT	0	0	0			42.22575977	19.0332681		35
CTCGTGTTAAGCGGTAATATGACTGACTGC	0	0	0			9.383502171	19.0332681		5
CTCTATTCAACTTTCAGAGCGAGGGGAAAC	0	0	3.569174312			0	0		3
CTCTCAGTAGCTGCTATGGCGACTCGGACG	0	0	10.70752294			0	0		0
CTCTCTGGAGGTCTATCCGAGCAAGGACCT	0	0	22.60477064			0	0		12
CTCTGCGGTCGCCTCTGCTGGGAGACGTTA	0	0	0			1079.10275	2306.197652		1778
CTCTGGAGAGGTTCTGAGTAGACCGTGCCA	0	4.265789474	0			0	0		3
CTCTGGGATTGAGATACGTAATACAATATT	0	0	0			0	6.344422701		1208
CTCTGGGTTTGATTACTCGGGTGGCTCCAT	0	0	0			4.691751085	0		531
CTCTGTCTTTACCTTGAGCATAAGTATCCG	0	0	0			211.1287988	0		2
CTCTTAATTTCGAGTATGTCTACACGAGAT	0	0	0			4.691751085	0		60
CTCTTATATAATCAAAACAAGCCGTTTGCG	0	0	0			1158.862518	3562.393346		2040
CTCTTATGTTACGGCAACGCTGGTGAAACC	3	0	5.948623853			4.691751085	19.0332681		0
CTCTTGGATGAGTGTAACAGCGTTTGATTT	301	375.3894737	836.3765138			0	95.16634051		4076
CTCTTTGTTCTGCACAAGACCCGAACCTAT	0	0	21.41504587			0	0		125
CTGAAACAAGCTTCCACTGTGTGCGTATCG	0	0	0			0	3.17221135		65
CTGAACAGTCAGGGATGCAAGGCACCGGGG	0	0	0			2.345875543	0		8
CTGAACATACGCACTAGAATGATGGTTTTG	0	0	0			0	9.516634051		16
CTGAAGCGTTATTGAGAGTTGCTTGATAAC	0	0	5.948623853			16.4211288	0		27
CTGAAGTCATGGTAAGCGATGGGGTTCCTA	0	81.05	92.79853211			0	0		25
CTGAATTTTTTAAATCGAGTTTAGTCAATT	0	0	3.569174312			0	0		0
CTGACACCACGAGTTAATGTGAGAGCTTGA	1402	51.18947368	4462.657615			1217.509407	3460.882583		2665
CTGACTCTAGTGTACAGGCACGCTTGTCTC	0	0	0			126.6772793	38.0665362		2
CTGAGAGAAATAAGGGCTTATTTCTTTGAC	0	0	0			2.345875543	0		63
CTGAGCCAAGGGTGGGTTGCGGGTCGGTAT	2	0	38.07119266			0	57.09980431		350
CTGAGCGGAATGGACAGGCGGAAGGGGATA	0	0	0			121.9855282	291.8434442		0
CTGAGCGGTGGGTCTGGTGGGCATCAGCTG	0	0	0			2.345875543	0		73
CTGAGGCAACAACCTGTCTTAAGTAGGGGC	0	0	0			2.345875543	6.344422701		15
CTGATAGTTTTCGCGAGACCTTTCAGACAC	0	4.265789474	29.74311927			0	0		21
CTGATCTTAGAGTCGCTTTATAATTTAATA	15	4.265789474	34.50201835			2.345875543	0		6
CTGATGCTTCAGCTTCTTTCAAATTAGGTC	0	0	0			0	19.0332681		148
CTGATGGAAGATGAGGTGCTCGCTTATTTA	0	0	0			190.015919	0		127
CTGATTTGTGTGGCTGGCTAGTTCTGCCTG	0	0	0			51.60926194	53.92759295		26
CTGCAAGATTGACTTGCGGTTATTCGATTG	0	0	65.43486239			0	0		4
CTGCAGGCAATAAGGTTACTGGCCGAGGTG	0	0	0			4.691751085	15.86105675		0
CTGCCACGAGATGAGATATAGGGTCAACAT	0	0	0			703.7626628	834.2915851		11
CTGCCATCTGATCTCAGCTAGCAGTGTACA	0	0	0			0	3.17221135		7
CTGCCCGTTCAGAAATTTAATCCTGTACGA	0	0	0			9.383502171	38.0665362		2
CTGCCGAGATACAGAGCGCAGTCATTTGTA	334	187.6947368	1924.974679			0	0		126
CTGCCGTCAGAGGGATACCTATGGGGCACA	0	0	0			70.37626628	60.27201566		24
CTGCCTGATGGAGCCATGTGGGGACGGGGA	0	0	0			0	3.17221135		0
CTGCGAGGTATAATGGACCCATCGACTTGG	0	0	4.758899083			84.45151954	34.89432485		32
CTGCGAGGTCCATGTAATATCGCTCGAAAG	0	0	0			0	9.516634051		0
CTGCGAGTTTGAAGTGTATAACTGGGCGAT	0	0	0			2.345875543	0		22
CTGCGCAGAGAGGTAAGGGTGGTAATGGAG	0	0	0			598.1982634	260.1213307		2664
CTGCGCGGATTTCTAGTTCCGCCGCCCAAC	1073	648.4	1808.381651			84.45151954	41.23874755		135
CTGCGCGGTATCACATAAGTATAATAGAAA	0	0	0			72.72214182	0		149
CTGCGGACTAACCTCCGAGGATGGGTTGAG	0	0	0			2.345875543	25.3776908		39
CTGCGGCTTAAGGCCAAAGACTAGCGAGGC	0	0	0			2.345875543	0		2
CTGCGGGTAGCCGACGGGTGGCATTGTATA	0	0	0			0	19.0332681		7
CTGCGTAGATTAGGCCGGTTGGGGGCGGGC	0	0	0			323.7308249	479.0039139		0
CTGCTCATACACACCTAGGCTGTCAGGGAT	0	0	0			4.691751085	0		190
CTGCTTAGTCTTTATAAGACTCTTGTGGAA	0	0	0			30.49638205	320.3933464		286
CTGCTTAGTTAGCGTCGGTCTGTTTGCCGA	0	0	0			16.4211288	0		2194
CTGCTTGGTTTATTATTGACGTTGTATACG	0	0	0			194.70767	342.5988258		334
CTGCTTTATCGCCTAGGCACAGTTTGCAAG	0	0	2.379449541			0	0		85
CTGGAATTTTCGGGGAGGGGGTTTGTTCCT	0	0	0			0	47.58317025		0
CTGGAGATTTAACATGCGTTAATGTGTATC	0	0	0			2.345875543	3.17221135		1599
CTGGATAATTTGCTTAAATCATTTATCAAT	0	0	0			2.345875543	0		103
CTGGCGATAGACGCCCACGTCCACAGGGCA	0	0	0			4.691751085	3.17221135		3
CTGGCGCAACCGTCGATAATGATTGATCGC	0	0	0			0	3.17221135		0
CTGGCGTCAGTGGGGTGCGGTTGTTACAGA	0	0	4.758899083			82.10564399	25.3776908		43
CTGGCGTCTGTTCGAAGCGACCAACGGCCT	0	0	0			262.7380608	409.2152642		8
CTGGCTGATGGAGAGGCGGCCACTGTTTGA	0	0	0			0	3.17221135		26
CTGGCTTATTATCGTAATGGGCAAACGGGT	0	0	0			4.691751085	0		165
CTGGCTTGTTAGCAACATAGTCTGTGCTTC	0	0	108.2649541			0	0		1152
CTGGGAATACCAAACGGCCGACTTAGGAAC	0	0	2.379449541			0	0		2
CTGGGAGTTCGCTCTGAGCGCGGTGTGGAG	0	0	45.20954128			21.11287988	25.3776908		37
CTGGGATGTTCGATACGTGGATCTCGTCAT	0	0	0			51.60926194	250.6046967		135
CTGGGCAAAACCGTAGATGAATATTATGAT	70	0	360.4866055			58.64688857	44.4109589		578
CTGGGCCAAGTTATAGCGTCCACTGTTTGA	0	0	0			4.691751085	0		0
CTGGGCCGAATTGTGCGAGAGGGTAGATCG	171	140.7710526	320.0359633			0	190.332681		104
CTGGGCGGAGTCAATTGTTTCTACACTTAG	0	0	0			18.76700434	0		0
CTGGGGCTATCCTACGACGGATGCGGGAAT	0	0	29.74311927			0	31.7221135		12
CTGGGGCTTAGTCCTACTGTTTTCGTCTCA	0	0	0			368.3024602	2157.103718		287
CTGGGGGGAGTCGGATTGCTACCCCGAAGC	0	0	0			82.10564399	3.17221135		15
CTGGGTACTTGCGGAAGGGGCATTTAATGG	0	0	0			7.037626628	0		0
CTGGGTATATCCGTTCTGGGGGCTCAATTA	0	0	0			68.03039074	98.33855186		188
CTGGGTATTCCCCGGGCGCTGTACTGGACT	0	0	4.758899083			0	0		15
CTGGGTCTTTATGGAGGTTACCCGAGTTTG	0	0	14.27669725			2.345875543	0		50
CTGGGTGTTTAGTTAGGATGGATCATTCGA	0	0	0			173.5947902	98.33855186		39
CTGGTAATTTTCTCGGATATATATAATTGC	0	0	24.98422018			0	0		26
CTGGTATATGCTCAAAATGCTAGTGTATAG	0	0	0			0	38.0665362		173
CTGGTATCAAAAGCCATGAGGCTTTATACA	0	0	0			616.9652677	3971.608611		1497
CTGGTGGAATTGTTCGGGTATTATTGATGG	0	4.265789474	0			0	0		61
CTGGTTATTGCGCCTTTAGATGGCTCTGCG	0	0	0			0	3.17221135		0
CTGGTTGAATATGACATGCAGCTGGGAAGG	0	0	0			46.91751085	15.86105675		0
CTGGTTGGTGAAAAGAGAGGTGTACGGGTT	0	0	0			4.691751085	0		2
CTGGTTGTTTAAAATACCATTAGGTTACCG	0	0	4.758899083			9.383502171	44.4109589		2
CTGTAACATTTGGGCTTGGCAGACCGTAGT	0	0	0			9.383502171	0		0
CTGTAACTAGTTTTCCAGAATCCGAGGAAT	0	4.265789474	0			9.383502171	28.54990215		7
CTGTAACTTACATACACCTTCTTAATTATC	0	0	0			138.406657	57.09980431		0
CTGTAGGTACAAGATTGAGAGAGTTGGTTT	0	0	0			476.2127352	0		1863
CTGTATAAACGTAAGCGGTTTAATCGCACT	0	0	0			4.691751085	0		2
CTGTATAATGCGATCTGTGCGATTATTGCA	0	0	3.569174312			49.2633864	34.89432485		4
CTGTATGTTAATGTGGATGATTTTTAACAC	0	0	0			75.06801737	0		35
CTGTATTCACCCCTCGTGTGTCTTTGAGTC	0	0	0			471.5209841	3394.266145		3386
CTGTATTCCCCCCTCATGTTTCCCTGCCTC	0	0	0			0	3.17221135		0
CTGTATTCTATACTAGACAACCGATTATTT	0	4.265789474	0			0	0		4
CTGTATTGACGAGTTAGAACGTCAACGACA	0	0	0			555.9725036	669.3365949		473
CTGTATTGCCGAGTTAGCACGTCACCGACA	0	0	0			0	3.17221135		0
CTGTCTACTGGAAACGGCTCCCATTACGTG	0	0	0			35.18813314	76.13307241		581
CTGTCTTATGTTAGTTAGGTGAATATATAG	0	0	0			0	6.344422701		0
CTGTGAACACTTCTGGTTACCTGTTATGGC	0	0	0			0	12.6888454		8
CTGTGAGTAGGGCCCGGGGCATGCAAGGCG	0	0	362.866055			0	0		33
CTGTGCATTTTAACACATTGACGGAGGAGA	0	0	8.328073394			9.383502171	0		7
CTGTGCGGTGGTCAATAGGTGTAGGACCGA	0	0	0			75.06801737	161.7827789		38
CTGTGCTTTGCGCTTATGTAGATACGTTTA	0	0	0			2.345875543	111.0273973		26
CTGTGGAGTCGCGTTAGGACATTGGGTCGT	0	0	0			2.345875543	0		12
CTGTGTTTATGAGGATGTCTTTCAGAAGAG	0	0	0			0	22.20547945		1248
CTGTTACTACAGGTTACAGGAAACTATGGT	0	0	0			98.52677279	60.27201566		41
CTGTTAGGTTTAGTGCTTTCGGGTGAAGTA	0	0	0			42.22575977	63.44422701		0
CTGTTAGTTTCCGTACAGCAAGCGGGGCAC	0	0	0			49.2633864	0		11
CTGTTATAAGCGTCAAACTGGAGGGTCTTA	0	0	0			2010.41534	8707.720157		1181
CTGTTGGAAAGACATCAGGCCCGGGTGAGC	0	38.39210526	0			0	0		0
CTGTTGGTTTAACGTTTAATAGATGGGATA	0	0	2.379449541			2.345875543	0		6
CTGTTTCATATTCGCGGGTAAGCTAAGGTT	0	0	0			35.18813314	47.58317025		4
CTGTTTGGTGGGCCTATCTGCAGACATGGC	58	12.79736842	0			103.2185239	34.89432485		62
CTTAAATATTTGAGATACGGTTCACGAGAC	0	0	0			0	3.17221135		8
CTTAACCGTCGCTAAGTTGTTATCTCGTCA	0	0	0			7.037626628	0		8
CTTAACTATTTTGCTTTAATATTTGTCTGG	0	0	0			0	0		3
CTTACAGGTATTCCGCCTACGAGTGCCAGA	0	0	0			954.7713459	1037.313112		320
CTTACGCGACCAGACTACACTAAATTCTCA	0	0	0			93.83502171	60.27201566		10
CTTACTATTACATGGGAGGGGCCAGAAAAG	0	0	20.2253211			0	0		1075
CTTACTTGTGGGGAGCTGTATTGCTTCATC	0	0	0			16.4211288	12.6888454		3
CTTAGAGATAGGATGGGTTTGTCCAAATGG	0	0	0			16.4211288	120.5440313		99
CTTAGAGGATCATCATCGTACTGATTAGAG	0	0	0			0	9.516634051		5
CTTAGATCTGGAATGAACGTGCCGGATAAG	0	102.3789474	0			0	0		760
CTTAGATTAGGAGCCTAGCAGTTCTTACTA	0	0	0			2477.244573	3606.804305		1607
CTTAGATTTTGTGTACCGACAATTAGTGTG	0	4.265789474	0			0	0		13
CTTAGGGTAATTCCGTCAGACCAGGGCTTG	0	0	0			274.4674385	0		0
CTTAGGTAAGTTCACCTATACAGGGATGTA	0	0	0			100.8726483	60.27201566		87
CTTAGTGATGATTCGTGTCCTAGGGGTACC	0	0	7.138348624			30.49638205	0		6
CTTAGTTGTATCGCAGGGGCGTGGGTGCGT	0	0	2064.172477			253.3545586	72.96086106		94
CTTAGTTTTAATTGCGGTCTAGCTCAATTC	55	136.5052632	983.9023853			0	41.23874755		158
CTTATACGAGCAGACAACAGACGTGGCGCA	0	0	0			2.345875543	0		3
CTTATATCTTAATTGGCCAAGTTGGCCTGA	0	0	0			103.2185239	133.2328767		38
CTTATCGCAGGTGTCGTAGAATCTCGACAG	0	0	70.19376147			21.11287988	47.58317025		1540
CTTATGATTTGTTCACTCACGCTCGGGAAT	0	0	0			4.691751085	0		10
CTTATTGAACAGGCTTTATATATGGAAGCG	0	0	0			236.9334298	250.6046967		5
CTTATTTTACGTAAATCTATGGTGAACTGA	0	0	10.70752294			2.345875543	9.516634051		21
CTTCAAAATGATTTGGGTTTACAGTCCGTC	0	8.531578947	0			0	0		2
CTTCAAATTAGGTAGACCACTGTGGAACCG	0	0	61.86568807			14.07525326	3.17221135		0
CTTCAGAATAAATATCCCGAGCACCTAAAA	0	0	0			314.3473227	168.1272016		74
CTTCAGACACGTATGCGTGACGCTGGGTAA	0	0	29.74311927			0	0		52
CTTCAGCAAGATTTATAGGGGATTTGGGGG	0	0	24.98422018			0	0		674
CTTCAGTTTTTGGGTGTTCGACGATAGGTG	0	0	0			0	3.17221135		2
CTTCATGGTGGGTGGGGGAATCAAGGGAAT	0	38.39210526	0			0	0		2318
CTTCATTATCTTATGTTATGCGAAAACCAG	64	162.1	70.19376147			16.4211288	0		1062
CTTCCAATACTGAAATGAAGTGGTGATGCC	0	0	0			0	22.20547945		45
CTTCCCTGAGCAAAGGATTGAGAGAGCACG	0	0	0			23.45875543	0		26
CTTCCTCCACGGGTTTGAGGTCTATGGTGC	0	0	7.138348624			9.383502171	0		54
CTTCGAGATCGTGTCGAGCGGAGGGTCGTC	0	4.265789474	15.46642202			60.99276411	31.7221135		7
CTTCGATTAGCCCAGGCGTGTAACGAGAAT	0	25.59473684	42.83009174			103.2185239	412.3874755		6
CTTCGCGTAAATTCGTCTATCTGGTGGCGG	0	0	0			68.03039074	41.23874755		280
CTTCGCTTAAACGCCTATATCGAGCAAGAT	0	0	0			7.037626628	9.516634051		23
CTTCGTCTACCGGCGGGACTGGTCGTTGGG	0	0	0			25.80463097	0		21
CTTCGTGTAATGTGCTGACAGCTCTATTTT	0	0	0			469.1751085	980.2133072		223
CTTCGTTCTCTTTATTTATTCTGCTCAAAG	0	0	0			131.3690304	0		837
CTTCTAAATGAAGGCGGGAGATTCTGGGAT	0	0	55.91706422			0	0		168
CTTCTAAGTTTGGAGCACTTTGCCTAGTAG	0	0	0			136.0607815	76.13307241		5
CTTCTACATAAAGTAAGCGATACGTTCGAA	0	0	0			0	6.344422701		370
CTTCTACTAATACAACTTGGCATGGGCATG	0	0	738.8190826			0	0		4
CTTCTAGATTAGTCTCGGCTGGGTCTAAGA	0	0	0			30.49638205	82.47749511		26
CTTCTATAAACCTATCTCTAGTTGTGGGTT	0	0	11.89724771			0	0		2
CTTCTATTAGCTTGGGTATGAGTTGGTGCT	0	0	0			53.95513748	25.3776908		22
CTTCTGGCAGTCGGCATTGCCATGATAGTC	0	0	0			363.6107091	682.0254403		2211
CTTCTGTATCCGGAAGCCGGTGGTTGGCAC	0	0	3.569174312			0	0		0
CTTCTGTGTGGGACTGGTCAAGAACAGAAT	0	0	0			126.6772793	72.96086106		133
CTTCTTGAAGATACGACAAGCAATTGTACT	0	0	0			16.4211288	38.0665362		23
CTTGAAATACTCTGAACGGATTAAACCTGT	0	0	0			0	31.7221135		79
CTTGAACATGCGTGGACGTGTGAAGTTTCT	0	0	0			4.691751085	0		20
CTTGAATGACAAGGGCCACTTGAGGGCAGT	0	72.51842105	104.6957798			0	3.17221135		344
CTTGAGTTTTTGGTCATTCTTCAGTGTTTC	0	0	4.758899083			0	0		44
CTTGATATTTGGGAATCACCGAGTTATACA	0	0	14.27669725			0	9.516634051		57
CTTGATCTATCTATTGTACTATAATGCTGT	0	0	0			480.9044863	437.7651663		155
CTTGATGAAATTTGCCAGAAATCCGTAGAG	0	25.59473684	0			0	0		60
CTTGATGCAGAAGCGTGCAGGTATTTTTTC	0	0	0			194.70767	60.27201566		0
CTTGATGGTCTTTCATTTACGTTTCAGTGT	0	4.265789474	0			0	0		2
CTTGATTCATGGGATTCTAGAGGGATTATT	0	0	0			4.691751085	0		0
CTTGCATTAATATAATTATATCGAAATAGC	0	102.3789474	0			0	0		600
CTTGCCACTTGTAAGCACCGCTATGGGGGA	0	0	7.138348624			0	0		49
CTTGCGATTGCCGTAGGGCCGTCTGAGAGG	0	0	0			107.910275	31.7221135		87
CTTGCTTAATTCCTGCTTAAAGTATGCTTG	0	0	0			4.691751085	0		6
CTTGGAGCTATACATAGTACTATCAATGAC	0	8.531578947	0			0	0		186
CTTGGCTGATAAGTGTCTGAGGTAGTGAGG	209	4.265789474	32.12256881			18.76700434	6.344422701		0
CTTGGGAAATCGGATGTGGAATTGTGGAGA	0	0	0			11.72937771	9.516634051		3
CTTGGGGGAACGGTTAGGGTGAGCCGGCAT	0	0	0			39.87988423	145.9217221		61
CTTGGGGTTTGTCGTACTGGCGTATAGTGC	0	0	0			14.07525326	19.0332681		18
CTTGGGTCAGCGATACGACGCAATTCGATG	96	0	281.9647706			837.4775687	187.1604697		3018
CTTGGGTCATTCATTAAAGAATTATGTTAA	0	0	0			7.037626628	0		296
CTTGTAAATACGTCCGGCTTAAACGCGGTT	0	0	0			9.383502171	19.0332681		9
CTTGTAGTAAATTTAGTATAGTCCCGTTAT	0	17.06315789	0			0	0		115
CTTGTATGAGAATCAACCTTAATAGACCAA	0	0	0			138.406657	19.0332681		56
CTTGTCCCTAGGTGGCACGTGCTGTTGCGG	0	0	0			4.691751085	0		0
CTTGTCGTTATTTGGTGTTATTGGACGTTG	0	0	0			0	0		11
CTTGTTTGTTGGGTAGCAACGGAAGACCCG	0	0	0			377.6859624	1335.500978		335
CTTTAACATGCGCATTATAGGTTTGTTTAT	0	46.92368421	0			0	12.6888454		29
CTTTAAGTTACGTGCCACGGCGGTTCGAGC	0	0	0			0	3.17221135		7
CTTTATCATCGGTGCACATGACCTTTCATT	0	17.06315789	7.138348624			4.691751085	0		10
CTTTCGTAAGATTTAACGCCAGTTTACTGT	0	0	0			37.53400868	272.8101761		144
CTTTCGTATGACCTTTCGCCGCGTTGCGTC	0	0	0			0	9.516634051		2221
CTTTCGTCTGGGATGTATGCGTACCTGTAT	0	0	123.7313761			0	0		46
CTTTCTTATGTCCTAATATATGTCTGTGGG	0	0	0			11.72937771	9.516634051		6
CTTTGAGCTCAGGTTAAGGGTAATTGGAGA	0	0	10.70752294			49.2633864	0		1388
CTTTGATTACAACAGCTGAGCTTGGTGACT	0	0	0			0	6.344422701		3
CTTTGGTGTCGTTATTCAGTCTGGTGACTG	0	0	0			16.4211288	0		2
CTTTGTGGAGCCGCCCACGAGGGTAGAGTG	0	0	0			9.383502171	0		12
CTTTGTTTAGGGGGCCCGGGTCTGGTATTT	0	0	0			7.037626628	6.344422701		57
CTTTGTTTATACTCCTGGTTTCGACATGCG	0	0	102.3163303			28.15050651	507.553816		1353
CTTTTATATGCGATGACGGTACATGGGGCA	0	0	0			39.87988423	0		112
CTTTTCATAAATGTATGCAGTAGTGCTACT	0	0	157.0436697			89.14327062	938.9745597		88
CTTTTCGCTTGCCTTTGGCGCACTAAACGC	0	0	0			1552.969609	808.9138943		1842
CTTTTGCAAGCGGCCAGGGAACAGGATAGT	0	0	0			32.8422576	31.7221135		2
CTTTTGTATTTTTCGGGCGGCGCAACTATG	0	0	0			145.4442836	34.89432485		38
CTTTTTAATCCTTTATTTCTGGCTTCTGAA	0	0	0			32.8422576	0		6
CTTTTTCATTTATTTTCATGTGTTCACCAA	0	0	0			7.037626628	15.86105675		7
CTTTTTTCTCAACACTAAGAAAATCGTGAT	0	0	0			14.07525326	12.6888454		0
GAAAAAAATTTGCTTCTTTTGTGATTTGTG	15	0	2.379449541			0	0		0
GAAAAAATTTGCTTCTTTTGTGATTTGTGC	410	4.265789474	173.6998165			0	12.6888454		15
GAAAAATAACATTCACCGCACTGGTGTGAT	0	0	0			4.691751085	0		746
GAAAAATATTATTGGGGTAGTTATCATAGG	0	0	33.31229358			0	0		37
GAAAACATTGACGGCCAGAACACAATGGTA	0	0	0			258.0463097	180.816047		6
GAAAACCAAGGTCGCAGGTGATGAAGCTCG	0	0	99.93688073			0	0		92
GAAAAGCATTCTATGGCGCTATTCCCGGTA	0	55.45526316	0			0	0		9
GAAAATGTAGGAATGCGTTGGGGTGGGAGG	0	0	0			0	0		9
GAAAATGTAGGAATGCGTTGGTGGGGGAGG	0	0	0			0	0		3
GAAACATGTCCTGTGTTTTAGGGGGCTCCG	0	0	0			25.80463097	12.6888454		0
GAAACCGGTGGACTGGCCCATGTTATTACA	0	0	0			7.037626628	3.17221135		8
GAAACGTGATACGACGTTATGACAGTAAAC	0	0	0			168.9030391	111.0273973		121
GAAACGTGATTATAAGGGGCGTACAGGGCT	0	0	90.41908257			133.7149059	0		2
GAAACTGGTTTCCGGTGCGCTTGTTTATCC	0	0	0			75.06801737	234.7436399		472
GAAAGAATAGTTGACCACTTATATGTTGTG	0	0	0			42.22575977	0		19
GAAAGGAATGTTTACTGTGATAGGAACCCA	0	0	0			7.037626628	0		2
GAAATACCTTTAGGCGCTAGTGAGTACACT	0	0	0			4.691751085	0		2
GAAATATGTCAGGTTGCCGAGCTGGGGACA	0	0	0			2.345875543	3.17221135		8
GAAATGATTTGTCGGTAGAGCCCAGCCACT	0	0	21.41504587			741.2966715	44.4109589		25
GAAATGCATACAGTTATTTCCCAATGAATG	0	0	0			63.33863965	34.89432485		20
GAAATGGTTGGGAGGCGCACGCGAACCAGC	0	0	0			0	9.516634051		0
GAAATGTCAATCGGGTACCTGGGGTCATGC	0	0	0			28.15050651	126.888454		149
GAAATTTAAAATGTGCTATGGTTAATGGTA	0	0	86.84990826			75.06801737	111.0273973		5
GAACAGGTTGGTAAGTCCCTCGGTCATCTG	0	0	0			16.4211288	47.58317025		17
GAACAGTAACAGGGGGTGTTGCCCTGGTTC	0	0	0			11.72937771	0		56
GAACATGATCGCAGAATGTGGCGAAGGGGT	0	0	0			152.4819103	41.23874755		119
GAACCACTAAGTTTCCTTGAATTTAAATGT	0	0	0			7.037626628	6.344422701		6
GAACCAGATTTAACAAAAGGTATCTCGAGT	0	0	0			103.2185239	60.27201566		0
GAACCATGTCCGCAAAATAGATGCGCAACC	0	0	0			21.11287988	82.47749511		6
GAACCGCAAGGGCTCTATTGGGGGTATACG	0	0	0			9.383502171	6.344422701		3
GAACCGCATCTGATCTATCTAGTGTTTAAA	0	0	0			2.345875543	0		0
GAACCGTGAGCAGAGCGTCGACGCATGCGG	0	0	0			227.5499276	95.16634051		0
GAACCTACTGTACGGGTAGCTCCCGGTATG	0	0	0			7.037626628	0		5
GAACGAAATCGCTAGATGGCCGTCCTCAAC	0	0	0			4.691751085	0		20
GAACGACATCTGAGGCTTAGGACCATACCG	0	34.12631579	0			0	0		4
GAACGCAGAGTCTAGACCAGGAGGTTGGTC	0	0	0			0	3.17221135		163
GAACGCGTAGGTCAATATTCTCAAATTACT	0	0	0			0	19.0332681		2
GAACGGATATTGACTCTTACTGAGGTGTTG	0	0	0			502.0173661	314.0489237		8
GAACGTTAAGTGATCCTTCTTATCCGCTCG	0	0	0			0	3.17221135		20
GAACTAAGTATTAATGCCGTCTGCTCATCT	0	0	0			35.18813314	0		0
GAACTGGATGTTAGTCTGGTGGCAATTACC	0	0	0			0	9.516634051		2
GAACTTACTTAGTTGCTTTCTTGGAGGCAG	0	490.5657895	0			0	0		18
GAACTTAGTATTACGTGGATACGACGGACC	0	0	13.08697248			4.691751085	12.6888454		20
GAACTTGGTACTGAGAGTCGGGCGGCAGAA	0	1173.092105	0			0	0		261
GAACTTTCATTTATAGCTTACTCTAAGGTG	0	0	0			0	31.7221135		132
GAACTTTGAGCTTTTTGATTAAAGCGGGAG	0	0	0			46.91751085	31.7221135		14
GAACTTTTATATGGCGTACAGGATGCCCAC	0	0	98.74715596			295.5803184	526.5870841		15
GAAGAACAAGTCAGTCTGGCGGTCGTGATT	0	0	0			0	28.54990215		2
GAAGAAGTATGCTGGTCAGCCATTTTAAAT	147	21.32894737	365.2455046			2.345875543	79.30528376		879
GAAGATAATCGCATCGTTTAGAGCTAATTT	0	0	23.79449541			39.87988423	0		1128
GAAGATCAATCGTAGGGGATTAGTGCGTTA	54	153.5684211	19.03559633			0	41.23874755		477
GAAGCACATTGTTACGATGGTATGGGGGGT	0	0	0			0	0		11
GAAGCAGAACCGAGGGCTACGTTAGCTGGC	0	0	0			18.76700434	66.61643836		95
GAAGCCAGTGTGCGGAGGGAGGTGTAGTAT	0	0	2.379449541			11.72937771	0		4
GAAGCCTGTCAGGTTTGATGGTTAGGGTGA	0	4.265789474	0			0	22.20547945		48
GAAGCGAGTGGGATGCCTGGCTCGTGGTGC	0	0	0			2.345875543	0		19
GAAGCGCTTCTGCAAGTCGGCGCGCAGGCG	7	0	3.569174312			2.345875543	6.344422701		0
GAAGCTCAACGGTGCCGGTGGGGGTTGCCG	0	8.531578947	0			0	0		0
GAAGGACGTTGAAAGGGGACGGATATACGG	0	204.7578947	0			0	0		22
GAAGGCGCAAAGAGTCATTATGTGGTAAGT	0	0	0			215.8205499	529.7592955		398
GAAGGCGCATGAATGGTCACATCACCAATG	0	0	0			2.345875543	9.516634051		2
GAAGGCGGAACTCAGAGAGGAGAGAGGGAG	0	0	0			0	0		4
GAAGGCTATAAGGGATTGCAGCCGGGGGGT	0	0	0			0	9.516634051		9
GAAGGCTGTTGGTACGTTATAGAGCATAGG	0	0	0			2.345875543	0		61
GAAGGGAGAAGGGATTGGTAACAGGAGCGG	0	0	0			65.6845152	0		31
GAAGGGGGTTTGGATTATGGGGGCTCGTTG	0	0	0			37.53400868	38.0665362		10
GAAGGGTCTAACCGTTACGTGGGCGGTAGT	0	0	0			0	15.86105675		7
GAAGGTGATAGATGGCGACTAATGATCTAT	0	0	0			0	1119.790607		704
GAAGTAAAATCGGCCATGGGCAAGGCTTCG	0	0	0			143.0984081	247.4324853		204
GAAGTAAGTAGGGCTGCAGGTGGTCTAGGT	0	0	0			0	38.0665362		9
GAAGTACCAATTTGTAGCGGAGAGCGGGGA	0	0	0			37.53400868	41.23874755		121
GAAGTATCTCCATTTGTTGGTCTGATTTGG	0	0	0			2.345875543	0		68
GAAGTCCTACCGGCTTACCAATTAGGTATG	0	0	0			7.037626628	0		16
GAAGTGAGTTTATTGGGGAGGAGGTGTGGG	0	0	0			0	15.86105675		41
GAAGTGATTGTTTTGCCTTGCATCGATAGG	0	0	0			21.11287988	0		72
GAAGTGTGTTGGTATTGAGGTTCATGTAGC	0	0	0			2.345875543	0		9
GAATAAGGACGATGTGGTGAGGTAGTGCCA	0	0	0			9.383502171	0		171
GAATACTGTGTTAGGTGGGAGGCGGGCTGT	0	0	0			0	6.344422701		6
GAATAGGGTTACATGGAAATCGAGTTTGAA	0	0	0			778.8306802	1674.927593		1751
GAATCATGACTCCTCTAGGAGCGCGGTATC	0	0	46.39926606			75.06801737	0		28
GAATCGACTTTGAGCGCAAGGTAGGCAGGA	0	0	0			2.345875543	12.6888454		31
GAATCGCAACGGTTGCAGTCTCAGAAGGTG	0	0	0			166.5571635	0		80
GAATCTGTATCGTTCAGCGGGCGGGGAGCT	0	0	0			0	3.17221135		0
GAATCTTTATCATTAGCGGTTATTAATAAG	0	268.7447368	19.03559633			0	114.1996086		30
GAATGAAGATATCTGCTAAGTCTCCGTGTT	0	0	0			2.345875543	12.6888454		8
GAATGAGGATACACTGCGGAGTGGAACGGG	0	0	15.46642202			0	0		16
GAATGATAAGTGAAATTTGACACTGACCTT	0	0	0			68.03039074	79.30528376		5529
GAATGCCAAGGTGTGTTTGCAACGTAAGCT	0	0	0			0	6.344422701		114
GAATGCGGAGCTGTTACTATCTCAGGAGAA	0	12.79736842	0			0	0		221
GAATGGCAAACAGAATAGTGGTCTAGCAGC	0	0	519.9097248			215.8205499	412.3874755		17
GAATGGGAAAGACAAAGCCTCTGTAGGTGC	0	0	0			23.45875543	22.20547945		21
GAATGGGTTAAGAGTTGGGTAGATCATGGA	0	0	63.05541284			0	0		1397
GAATGTCAAGTTAACAACCGGGCACCAGCC	0	8.531578947	0			4.691751085	3.17221135		14
GAATGTGTAGCATCTTTGGTAATTTGAGGA	0	0	0			0	12.6888454		800
GAATGTTGAGTAATTTAGCAGTTGTAATTT	0	0	15.46642202			0	0		29
GAATGTTTTGCTTGTGGCGAGACCGGTTGA	0	0	0			309.6555716	269.6379648		26
GAATTAGTACGGTAGGGGCGAGTGAGAATG	0	0	13.08697248			0	0		134
GAATTCGTAGAAAGGTTTTATGCCATGTTG	0	0	0			28.15050651	3.17221135		19
GAATTGGATGTTTGTAGGAATAGCTTCACT	0	0	0			9.383502171	0		0
GAATTGTATGTGAGGCGGTTAACTCGCCGT	0	0	0			51.60926194	38.0665362		12
GAATTGTATTAATGGAGACGCGCGGGAGAA	0	0	0			811.6729378	1113.446184		194
GAATTGTGTCGATCCCATATAGCCGTAAAG	0	0	0			9.383502171	0		3
GAATTTCGACCGTTCATTGGGTACTTGTTC	0	0	22.60477064			105.5643994	19.0332681		6
GAATTTCTATCGAATGGTATCGGTATGAGG	0	8.531578947	63.05541284			0	0		1804
GAATTTCTTTCATATTCGATGGCACAATGT	0	0	0			0	3.17221135		10
GACAAATCATTGGGCATTCAACGTTATTAG	0	0	0			16.4211288	0		13
GACAATTAAATATTAAGATCGGTTGAAATA	0	0	0			14.07525326	15.86105675		36
GACACACTACGCTAATAGAGGAGCTCACGA	0	0	0			631.040521	6.344422701		6
GACACACTATGAGACAAAAACCGTGTGGCG	0	0	0			2.345875543	0		10
GACACGTATTTCAGGTTTCTAGAGGTACCC	0	0	0			145.4442836	174.4716243		122
GACACTCGTTTCACGATAAGTAGAGGGTAT	0	0	0			16.4211288	9.516634051		8
GACAGAGAAAGTGCTAAAGTCTCTAGCTCA	0	0	0			11.72937771	0		89
GACAGATTTGACTTTGGTGATGTAGCCCCC	0	0	0			199.3994211	69.78864971		18
GACAGGAGTTACCGGGGAGGTGGTGGCTGG	0	0	0			2.345875543	12.6888454		5
GACAGGTATAGCCTGGATCAAAAGAGGCCG	0	0	0			0	0		2
GACAGGTCAATTGGGTAATGGACCGTGGTT	0	0	0			30.49638205	12.6888454		41
GACAGTGATTCGCGGAATCGGGCGAACGCA	0	0	0			145.4442836	0		0
GACAGTTGTCGTTTAGGGTTTTTAGTATTT	0	0	4.758899083			0	0		0
GACATACATGCCCGCATGATCGCTGAGGGG	0	0	0			37.53400868	41.23874755		11
GACATCTCATTGTTCGCAATTGTATCAATG	0	0	0			0	79.30528376		349
GACATGTAACTTTCTACTCTCGATGTGCAT	0	0	0			2.345875543	0		3
GACATTGATTCGTTTGAGACTGCGTCGTAG	0	0	0			4.691751085	19.0332681		7
GACCAAAATAACCAAACAATTACACATGTT	0	0	0			63.33863965	41.23874755		2
GACCCATGTTGTTCCGCTAGTTTGGGGTAG	0	0	0			0	111.0273973		43
GACCGAACATCGTGGATAGTGTTAGAATGC	126	98.11315789	186.786789			236.9334298	599.5479452		2440
GACCGGGATGTGTAGCGTCTAAGGGTAGCA	0	0	0			0	12.6888454		236
GACCGGGTTAAAGTCACCGAGAGGTTTAGG	0	0	0			734.2590449	0		19
GACCGTGGAAAGAAATGTAGCGGGTGCCCG	375	0	35.69174312			114.9479016	114.1996086		4
GACCTCCTTCCATACGCGGGCAGTTAGAGA	0	0	0			0	1500.455969		387
GACCTGATTGGTTCTGATCCTGAAAATTTG	0	0	0			0	6.344422701		120
GACCTGCCAGCAGAATGTGGCGGTTCCGCT	0	0	0			16.4211288	25.3776908		4
GACCTGCGATCAATCCAGTCTGCTAGTATA	0	0	0			110.2561505	374.3209393		55
GACCTTAGACGGAGTTCCACTTTGTTAGGA	0	0	0			2810.3589	1481.422701		43
GACGAAAAATTTTGCTTGTAACTTCTAATT	0	0	0			39.87988423	72.96086106		313
GACGATTTTAAGACAAATCCGAGTACCATA	0	4.265789474	11.89724771			7.037626628	38.0665362		73
GACGCTGTTATTGAGAAGTACCCTAGCAAC	0	0	0			18.76700434	12.6888454		2
GACGGCCGTGCGCGTCCGGAGGGACGGGTG	0	0	5.948623853			0	22.20547945		2
GACGGGGTAAGACAAGCGTCCTGCTGTCGT	0	0	0			11.72937771	0		821
GACGGTGTACGTCGTGTGCACATTATGAGT	0	55.45526316	0			0	0		25
GACGGTTTTGCCTTAAATGTGCGATGTGTA	33	0	47.58899083			4.691751085	66.61643836		2
GACGTAATTCAGCCTTGTCACAATGACAAC	0	0	2.379449541			9.383502171	12.6888454		0
GACGTAGCAGCTTGGAGGAAAGCTTGTTAA	0	0	0			0	0		3435
GACGTAGCATCTTGTATGCCTGGATACGGG	0	0	4.758899083			0	0		0
GACGTCCGTGAGGCAGTGAAGTCTCCATTG	0	0	0			9.383502171	275.9823875		147
GACGTTCCATAGAGCGCTGGTACCACAGGG	0	0	24.98422018			75.06801737	291.8434442		314
GACGTTCCATCGCGCGCTGGTACCACCGGG	0	0	0			2.345875543	0		0
GACGTTGATCAGATGTGTGGCGGAAGTCCG	0	0	0			14.07525326	0		4
GACTAATTTTTTGATAGATTGACTGTCAGT	0	0	3.569174312			2.345875543	0		203
GACTCTGTTCCGGCATCCCCGTCCTAATTA	0	0	0			4.691751085	269.6379648		152
GACTCTTATCGTTATCAGGTCTCAACGGGC	0	0	29.74311927			7.037626628	0		5
GACTCTTTTGGCATAGGATCTGCGGGATGC	0	0	0			4.691751085	0		0
GACTGAAGTAATGGCTCGTTCCCGCAGATT	0	0	0			0	0		4
GACTGAGAAACTCGTGGGTCGGGAAAAGCA	0	0	0			4.691751085	6.344422701		67
GACTGGGTTGTCCCTGTGCATGACAAGCTG	0	0	0			0	12.6888454		9
GACTGGTTAGTGGCGACGTGGTGACTGGGC	0	0	0			363.6107091	152.2661448		104
GACTGTCTTGGCTTGCCTACGGCAGGCGAA	0	106.6447368	310.5181651			0	0		22
GACTGTGGAGCCCTCGGGTAGTGGAGAGCT	28	17.06315789	101.1266055			147.7901592	336.2544031		4
GACTGTTATCGAGTTTGATGATTAATAGTG	0	0	30.93284404			0	0		198
GACTTACCATGACGGGTGTTTGGGTAGCGC	0	0	0			0	44.4109589		22
GACTTCAGTCTGGCAAGAATAGGGTGAGTG	0	0	0			4.691751085	3.17221135		2
GACTTCGTTCGGACCTCTAACTCAGGTGGA	0	0	0			131.3690304	63.44422701		0
GACTTCTGTTCAGGAACTTGTCCATGTATT	0	0	34.50201835			0	0		282
GACTTGATATGTGAGAAGAGAGGCTCCCTT	0	0	0			0	6.344422701		157
GACTTGTTTTCGGAATTGCACAGTGCGCCA	18	12.79736842	0			0	0		18
GACTTTAAACCCAGGGATCGTGTCATAGAT	0	0	0			0	3.17221135		2
GACTTTAGACTTCAGTACTGAGGAGGTCCC	0	85.31578947	4.758899083			0	0		7
GACTTTGTATGCCGATGAGATCGAAAAGAT	0	0	0			11.72937771	0		14
GAGAAGCCTCGGCGGTATGAACATCGGTTA	0	0	16.65614679			0	0		0
GAGAAGCGACGATGGAGAGGCCTGTCAGTC	2	0	0			35.18813314	50.7553816		5
GAGAAGGCTGGGCTACTAAACGGGCTTAGG	0	0	16.65614679			0	0		97
GAGACAAATACATCGCGGGCGTGGTTGTTT	0	0	0			30.49638205	0		4
GAGACACAATGGTGTCGGCACCAGCTATTT	0	0	5.948623853			0	0		122
GAGAGCCTACGCCTATTTAGGTTGCAGGCG	0	0	0			11.72937771	12.6888454		27
GAGAGGGTTGCTGCATCAATTGCCGGGATT	0	0	29.74311927			14.07525326	291.8434442		135
GAGAGGTAACGTAGGCGACGTTCAGGGACG	0	0	0			0	19.0332681		111
GAGAGTGGAGTATTAGTTAGGCTTTAGGGA	0	0	0			18.76700434	3.17221135		5
GAGAGTGGATAACAAGCTCATGGGCGAAGG	0	0	0			0	0		2
GAGATAGCAGTGAGGCACGTCCTGGGTTCC	0	0	0			11.72937771	95.16634051		35
GAGATCGTTTTGGGACCCAAGAATAAGGGG	0	0	0			35.18813314	41.23874755		551
GAGATGACTACACACTGATCTGTGACATAG	0	0	19.03559633			0	0		261
GAGATGACTAGAAGGTGAGCCGTGGACGTT	0	0	0			60.99276411	15.86105675		111
GAGATGCAAGTATACAGCCAGGTGGTACGG	0	0	3.569174312			0	0		4
GAGATGGCTGTATTTAGTGGATTTAACGTG	0	29.86052632	0			0	0		26
GAGATGGGACGGTAGTGAGATCACGGAGAG	0	0	0			4.691751085	0		181
GAGATGTGAACAATGGCGTCGTTTAAGGTA	0	0	0			7.037626628	0		8
GAGATTTGTAGAACCAGAGAGGACAAAACG	46	59.72105263	4.758899083			0	130.0606654		4
GAGATTTGTTCGGTTAAAAGGGAGTTTGCA	0	0	0			4.691751085	0		5
GAGCAACGACGTGGGGTGCATCCGAAAGCT	32	0	5.948623853			0	3.17221135		35
GAGCAATTTCGAATTCCGCCAGCGGGGTCA	0	0	0			0	3.17221135		430
GAGCACAGTTTCCGTTAAGACGCCTTCAAT	0	0	20.2253211			0	0		3
GAGCACATAGATAGCATAGAAAAAGTTGTG	0	0	99.93688073			616.9652677	1614.655577		2043
GAGCAGATTTAGATGTATGGGAAGATGATC	0	0	0			9.383502171	28.54990215		6
GAGCAGGATATTGAAGACTCATTCGGCGAA	0	0	0			856.2445731	390.1819961		274
GAGCAGTGAGTCTGCCTGGTGACCGATGGT	0	0	0			0	3.17221135		770
GAGCATACTACGAATTCAGCCATGCAGGGA	0	0	0			30.49638205	41.23874755		6
GAGCCATCTGATTTCCATAGCTTCAGTCGA	0	0	0			2.345875543	0		18
GAGCCGCATGTGCCGGTGCAACGCGAGTCG	0	0	0			4996.714906	139.5772994		574
GAGCCGGATGAAAATGAGTCGTGGACTGGC	0	0	2.379449541			0	0		0
GAGCCGGGTTTAGCAATCTGTAGACACGTT	0	0	0			18.76700434	28.54990215		7
GAGCCGTTTGCGCAGTTGAGGCTGCCTTCC	0	0	0			11.72937771	0		2
GAGCCTTTTCCTGGCACTTCACAAGGTGGT	0	0	0			0	6.344422701		4
GAGCGCAATCTATGTCTTAGAGTCTAAGGT	0	0	38.07119266			0	6.344422701		797
GAGCGCACAGTAATTGGCGGCTTGGATGAG	0	0	0			35.18813314	0		6
GAGCGGATTCTCCAGTACAGCGATAATTGT	0	0	0			37.53400868	72.96086106		12
GAGCGGGCTCCAGAGAGATGTCGGGGACGG	0	0	0			145.4442836	111.0273973		34
GAGCGGTGTTCGCCGTCGTCCTGGCTCACG	4	0	0			0	0		88
GAGCGGTTTTGAATGGCCAATTATGAAAGA	0	0	0			4.691751085	19.0332681		2
GAGCGTATTCCGGCTGACGAATTTGCAGAG	0	0	0			1726.564399	1909.671233		1482
GAGCTACCTTGCTTGAATTCATAGGTCAGG	0	0	0			4.691751085	0		3
GAGCTCGGATACTCGATACCAAACACGACT	0	0	0			68.03039074	425.0763209		1285
GAGCTGACAGCTGGAATGTGGAAGGGTAGT	0	0	123.7313761			0	0		9
GAGCTGTCTGCTCTCAGCTCAGGGTCCTAG	0	0	0			4.691751085	0		7
GAGCTTAGTCGTTGTTCGACCGCTGAACCT	0	0	0			0	3.17221135		6
GAGCTTCCTTGAATCAGATTAGGGTGAGGG	0	8.531578947	0			2.345875543	3.17221135		2
GAGGAATATGATGTGTGCTCCACGGAGTTG	0	0	0			2.345875543	0		449
GAGGACCAAGTGTGCGATCGTGGAGGCCAT	0	0	0			342.4978292	31.7221135		3
GAGGACTTAAACTCTCGGTATGACGACCTC	0	0	0			60.99276411	6.344422701		29
GAGGAGAATTGGCCAAGATGGGGTCGCAAC	0	0	2.379449541			0	0		3417
GAGGAGAGAAGGTTCTGGGTAGGAGGGTGG	0	0	0			0	6.344422701		151
GAGGAGCATGGCATAACACTTGATGGATAA	0	0	0			35.18813314	3.17221135		19
GAGGAGCCATGTGGCGGGCGCATATATGCG	87	0	95.17798165			267.4298119	253.776908		286
GAGGAGGTTCAAGTAATACACACTGCGTTG	0	0	0			75.06801737	0		2443
GAGGAGTTTGGCTAGCACAAGTTAGCACGG	0	0	0			2.345875543	28.54990215		318
GAGGATAGAACACGCCTTGACTTTTGTTTT	0	0	93.98825688			0	0		319
GAGGATGGATTGCGGTTCTTGGTCGAGGCG	0	0	20.2253211			0	0		2
GAGGATGGTAATGTAGTGGGTCGCCCTGAT	0	0	0			696.7250362	0		698
GAGGATTGAGACCCGGTTATAGGGGAGGGA	0	0	0			0	6.344422701		2
GAGGATTTAGAGATATTAGCTTATTTTTGT	36	0	145.146422			1825.091172	808.9138943		24
GAGGATTTTAGCCCAAGTGAAGTTTGGGGG	0	0	0			4.691751085	0		7
GAGGCATATCACTCACACTGATACTAGATC	0	0	0			21.11287988	15.86105675		93
GAGGCCTGTCCTGGGCTCTTACTCCGCGGA	0	0	26.17394495			0	0		11
GAGGCGAGTTTGGATCGGCGTTCGAGTCTA	0	0	0			96.18089725	34.89432485		9
GAGGCTACTCACGGGCGGTATACTACATCC	0	0	0			4.691751085	6.344422701		34
GAGGCTGGTTATGCCCTTACAAGCGGTTTC	0	0	14.27669725			58.64688857	34.89432485		14
GAGGCTTATAGAAGTCCAGAACCTTACGTG	0	21.32894737	0			0	0		0
GAGGGACGTGAGCGGTAAAAAGTGGTAGAC	0	0	0			0	6.344422701		230
GAGGGACTTTGTCACACGTGGCCAGCCGCA	0	0	11.89724771			0	0		138
GAGGGGGCATAAATGGAGCAACGACATGAG	0	0	0			328.422576	767.6751468		2
GAGGGGTGTCAAGGGGTGCATGGCCCGCAT	8	4.265789474	91.60880734			147.7901592	1370.395303		95
GAGGGTAATTGCATGGGGCAGGGAGTGACC	0	2538.144737	0			0	0		901
GAGGGTCAATTTGCGGACTGGGTGATGTGT	0	0	0			4.691751085	0		6
GAGGGTGGTGACGCGGTATCGGGGGCGCAT	2	4.265789474	10.70752294			0	0		6
GAGGGTTATGGTGGAATCTCCATCGGAGGG	3	4.265789474	51.15816514			0	25.3776908		15
GAGGGTTATTAATAAATTCAATCAGGTGGT	0	0	0			307.3096961	256.9491194		2
GAGGTACTACGGATCGCCACAGGTATGGTT	0	0	0			0	6.344422701		0
GAGGTCAGTCCGCTAGTAATGTAGTTGGTG	0	0	0			0	640.7866928		0
GAGGTCGTATAGAATGAATTATATGGATAA	0	0	0			0	0		56
GAGGTCTAATTAAAAAGGTCTTATTTGGAT	0	0	22.60477064			100.8726483	0		8
GAGGTCTGTTCGTTAGAAGCGCAAGTAACT	0	0	0			44.57163531	88.82191781		143
GAGGTCTTATGAGAGTAAATTTATCCGATC	0	0	0			7.037626628	19.0332681		0
GAGGTGACTCGGAAATACACGAGGTTCAAA	0	0	24.98422018			0	0		633
GAGGTGAGATAGTATATTACCATTTGTGGG	0	0	0			23.45875543	66.61643836		21
GAGGTGGTATCCGTGGTTCATGACAGGATG	0	0	0			727.2214182	190.332681		897
GAGGTTTCAATTCGCGAAATTCGGTTATTA	0	0	0			9.383502171	0		21
GAGGTTTTTTTACTGGTAGCTTAAGGTAGC	0	0	0			431.6410999	475.8317025		1679
GAGTAAAGTTCGCGGTCTGGTTCTCCCATT	0	0	89.2293578			201.7452967	326.7377691		0
GAGTAACGATGGTGAGGGAAGGAGGTTAGC	598	59.72105263	383.0913761			11.72937771	44.4109589		40
GAGTAAGTTTGTTGTTTTGGGTAGTGAGCA	0	0	2.379449541			4.691751085	0		0
GAGTAATATGGGGTGGACGGATGCACGTTG	0	0	60.6759633			0	0		4
GAGTAATTAACTGGAGTATAGGAGAGGATA	67	42.65789474	5.948623853			70.37626628	3.17221135		1077
GAGTAATTTTGGGTATGATGTGCGGACTGA	0	8.531578947	0			0	0		0
GAGTACAGTGTTTGGACATGGGACTGATAT	0	0	0			4.691751085	22.20547945		3
GAGTAGATAGTCCGGCTAAATCGCCCCGTA	0	0	19.03559633			0	0		84
GAGTATACATTCTCTGGTGAGGAACACAAA	0	0	0			79.75976845	6.344422701		0
GAGTATGATGGCGGATCGGCTGGTTCTATG	0	0	0			4.691751085	199.8493151		48
GAGTATTATCGCTCAGGTTGGAGTGCGTAG	0	0	118.9724771			11.72937771	0		275
GAGTCCAGTTGGTAGGTAGTTGGGTGCTGA	0	0	433.0598165			175.9406657	1129.307241		3469
GAGTCCGGTTGTTTCAGGAGCCTATGGGTT	0	0	0			4.691751085	0		3
GAGTCGCCTAGCGGGGGAAAAGGTTCAGCG	0	0	0			7.037626628	6.344422701		9
GAGTGAAATGCGAAAAGGGCAATGGCCAGG	0	93.84736842	24.98422018			0	0		62
GAGTGAACTAGTCATTGCACTACTCACTAT	0	0	0			28.15050651	69.78864971		194
GAGTGACGTATGTGGGTTAGAACGGCGGGT	0	0	0			39.87988423	50.7553816		764
GAGTGAGGTAATTGGGTGACCTTTGCCAAA	0	0	0			105.5643994	164.9549902		3
GAGTGCGGAGAGTTGATGAGTGGGTCTTGT	0	0	0			9.383502171	79.30528376		18
GAGTGCTTTCAGCCTACGGATAGCGATACG	0	0	7.138348624			2.345875543	9.516634051		111
GAGTGGCTTATCAGGTTCAAGGGGTGGATA	0	0	0			23.45875543	6.344422701		19
GAGTGGGGTCAGCACACGCCTGGTTTAGGG	0	0	0			152.4819103	180.816047		14
GAGTGGGTTGCGATGGGCACGATGTACCCA	0	0	0			2.345875543	9.516634051		4
GAGTGGTGATCCGCTGATTTTTAGGGCATT	0	0	0			44.57163531	6.344422701		85
GAGTGTGAAGCGAGCGGTCATAGTTAGCTG	0	0	0			56.30101302	44.4109589		36
GAGTGTTAAGAGAGGTAGTGGAGGGTAAAG	0	0	0			4.691751085	0		26
GAGTGTTTAGGTCTCAACGCTTCGTCTACG	0	0	0			53.95513748	79.30528376		0
GAGTTACGACTCAGTCGAGGGTATGATGGC	0	0	0			16.4211288	19.0332681		19
GAGTTACTATGCTGGAAGTCGTCGTATTAT	0	136.5052632	86.84990826			0	0		13
GAGTTAGCATGTTGCAAGTCTTTAATTGTC	0	0	29.74311927			2.345875543	6.344422701		3
GAGTTAGGACGGGGCCCGACTGCAGTATGG	0	0	0			9.383502171	44.4109589		21
GAGTTCACACGCGCCACATAACCTACTACA	0	0	0			0	6.344422701		131
GAGTTCGTAAGCTTTCATTCTATCCTTGTT	0	63.98684211	26.17394495			0	0		25
GAGTTCTAAGTGAAGGCGTTTTATTCGAGC	0	0	0			0	12.6888454		12
GAGTTGGCTCCCGCAATGGGCTGGTCGACT	0	0	0			79.75976845	114.1996086		156
GAGTTGTGAATAATACTATGTAATCAACTA	0	9478.584211	0			0	0		0
GATAAAAGTGTGCAAGGGGGTATTAGCACG	0	0	0			0	6.344422701		16
GATAAAGAACCGCTTGGATACGAGGTTCAC	0	0	0			35.18813314	0		234
GATAAAGTTAGGTGCCTCCAGTATGGTGTA	0	0	0			77.41389291	66.61643836		244
GATAAAGTTATGGGTGATGCCTTAGCTGAC	280	187.6947368	584.1548624			0	6.344422701		0
GATAAATCTGATGAGAGTCGGCAAGTTAAG	0	12.79736842	2.379449541			0	0		79
GATAAATGTACCACAACGGAACATGGCTGG	0	0	91.60880734			0	0		99
GATAACACTCGTCCGGGGTGGCACTGCGGG	0	0	14.27669725			18.76700434	0		34
GATAAGATAAACGTTATAATTCCGCATGTG	0	0	0			53.95513748	107.8551859		81
GATAAGGTATACAAGGCCTGTCGGGTTCTC	0	0	0			2.345875543	6.344422701		2
GATACCGTTAGGCCACGAGAAAATCGACGC	0	0	2.379449541			63.33863965	0		37
GATACGCGACTTGTCTGTGAGGCAAGGTAA	0	0	0			35.18813314	3.17221135		51
GATACGCTTTAGAGACAAATTTTAAAGGTG	0	0	0			11.72937771	0		0
GATACTCCAGTTGTCTGGAAAGGGGTAGAT	0	0	0			2.345875543	0		317
GATACTTGTAGATTCAGTGTGGAGGGAAGA	0	2294.994737	0			0	0		4
GATAGAAAAATTGCCTTCCGCGATGTCCGA	0	8.531578947	0			0	0		2
GATAGCAGTTGCCATCTTACGCGGGGTTTT	0	0	0			124.3314038	0		0
GATAGCTCATCGTCGGTCATTACGTAATAA	0	0	53.53761468			114.9479016	82.47749511		1034
GATAGGTATTATAAACCGGGACTGGGTTTA	0	0	0			806.9811867	1351.362035		599
GATAGGTGAGTTCTGGGGTTTGGGCTGTGA	0	0	55.91706422			0	0		76
GATAGTAGAGCTCGCTCAGACGTATAGGGC	306	166.3657895	690.040367			37.53400868	304.5322896		165
GATAGTCTTCGATGGCGTGGTCATGGTCTG	0	0	0			0	3.17221135		3
GATAGTGAATCGTCACTATCCTCGCTTGGA	4	4.265789474	0			0	6.344422701		3
GATATAACAGTTGATGCGGCGGTCCCAATT	0	0	0			4.691751085	0		2
GATATAACTGTTATTCCCGCGTATTGGTAA	0	0	0			0	0		6
GATATAGGATGTAGGCCTGCATATGGGATG	0	0	9.517798165			0	12.6888454		15
GATATATAAGATCGGTTTCCAGTGAGCCAG	0	0	0			0	47.58317025		194
GATATATTAGACCAGTACGGTTTTAGGTGG	0	0	0			2.345875543	0		17
GATATCGGTAGAGACCGATAGGGAGTCTAC	0	0	0			39.87988423	15.86105675		0
GATATCTCACGCTAAGAACACTAAAAATGG	0	0	0			4.691751085	0		8
GATATGCCTACTGTAAGATGGGGGGTTAAG	89	12.79736842	42.83009174			441.024602	675.6810176		3686
GATATTTCTCACAGTGGTTGAATGATGGAC	0	0	0			11.72937771	9.516634051		52
GATATTTTAAAATAATATCGCCGACACGTG	0	0	174.8895413			0	0		2174
GATATTTTATGTTTCGCACTTCCTTACCTT	0	0	110.6444037			330.7684515	2245.925636		719
GATATTTTATGTTTTCGCACTTCCTTACCT	0	0	0			0	31.7221135		2
GATCAAAGATATTGAAGTTTGCGGTTTCCA	0	0	0			7.037626628	0		5
GATCAATTTGGTTGTATGATTAGGCACGCA	21	592.9447368	360.4866055			0	0		2
GATCACTGAGTGTTAAGATTCCCTCAACCG	12	4.265789474	160.612844			18.76700434	3.17221135		75
GATCAGAGAAGGATTGAGACCGACGGGGGG	0	0	0			7.037626628	0		169
GATCAGTGAGAAGTAGGCCCGAAACGGGAG	0	0	63.05541284			0	0		8
GATCCAGCTATGCGTGTTTCTAGGCATCTA	0	17.06315789	548.4631193			1097.869754	2515.563601		158
GATCCATTAGGATCGTACGCGCTCTATTGA	0	0	0			30.49638205	12.6888454		101
GATCCCACACGAGAGTGGCATTAAAACTCG	0	0	0			0	9.516634051		7
GATCCGGCATGGTGGGACGGACGCCGAATG	0	0	0			2545.274964	57.09980431		30
GATCCTAAAGAGGGAACCTCTATAAGCATA	0	8.531578947	0			0	0		28
GATCGAACAATTTCACTGACGGGTGATACC	0	0	0			9.383502171	25.3776908		26
GATCGAGGAGGCAACATGTGTAGGGTGGCC	0	0	0			23.45875543	0		12
GATCGCAGTATATTCCTTGGCGAAATTCTA	0	0	0			44.57163531	38.0665362		9
GATCGGTTATATGTGCCGCGAATGTCCCCT	0	0	8.328073394			0	6.344422701		9
GATCGTGCACGGGAGGGATTAGCATAAGCT	0	0	0			326.0767004	117.37182		154
GATCTACATACATCTACTTTTTCGTCAGTC	0	0	0			16.4211288	0		3
GATCTACCAATGGATTGTCCTGGATTAGGT	0	0	0			32.8422576	15.86105675		147
GATCTGTTAGATGGTAGTGGAGAGAACTGT	0	17.06315789	143.9566972			534.8596237	475.8317025		214
GATGAACTTGGGTCCAGTTGTGGGAGTGAG	0	0	0			448.0622287	263.2935421		7
GATGACAAAGAGGTTTGTAGCGTTATTCCA	0	0	0			0	3.17221135		19
GATGACATTATTCACCGCCCGCAGTGAGCC	0	0	9.517798165			18.76700434	0		6
GATGAGCATACCACGAAACCGGGCGTACGG	0	0	158.2333945			0	0		17
GATGATGGATCTCGCACGAGGTTTAAGCTC	0	17.06315789	10.70752294			0	0		1858
GATGATGGTTTAGTCCTGCCTATATCTTGA	2523	0	1788.15633			2.345875543	0		1150
GATGCAGTTGCAGCTTTTGTATGTTCTCAA	0	0	0			4.691751085	301.3600783		2806
GATGCCGGTCTGGGGTTATATAAAGGGCAC	0	0	0			7.037626628	6.344422701		13
GATGCGCATAGAGTCAGCTCGGTTAGGGCA	0	0	0			0	3.17221135		56
GATGCGGTAACAATAAATCCTGTCTTCTAA	0	0	0			32.8422576	269.6379648		118
GATGCTAGAATAGGTCAGACTGTACACGTA	0	0	0			39.87988423	34.89432485		810
GATGCTCAATATTTTGCTCACATTAGCGTG	0	0	4.758899083			0	0		265
GATGCTTGTCGGCCTGATCGCCAAAAAGCT	0	0	0			0	3.17221135		90
GATGGAATATACCCGGGGGGAGTAGGAAGG	0	0	0			124.3314038	218.8825832		135
GATGGACGTGCCCTTACACAGCCAGGGCTA	0	0	45.20954128			0	0		0
GATGGATATGTTCAATATGAGATAACAAAG	0	0	0			0	38.0665362		98
GATGGATCAGCAAGGAGGAGCCAGACGTAA	0	0	35.69174312			0	0		86
GATGGCCGTATGACTTCCGGTTATGAAGGC	0	0	0			4.691751085	0		0
GATGGGGGTCCTGTTGTGCCGTTTGGTGTT	0	0	0			187.6700434	431.4207436		119
GATGGGGTAGCCGAATTTGGAAGGCGTTGT	0	0	0			0	9.516634051		18
GATGGGTGTGTATCGCGTCGCTGGGTTAGT	0	0	0			100.8726483	34.89432485		61
GATGGTGTATGACGGTAGATGGGTGTGTTT	0	0	0			0	28.54990215		3
GATGGTTGAATTGGCCGCTCTGGATGAGGC	0	0	0			9.383502171	19.0332681		12
GATGGTTTAGCTAGTCGTCGATTTTTTGTC	0	0	35.69174312			0	0		98
GATGTACAACAGATTGAGGGATTGGTGCGT	0	0	0			2.345875543	6.344422701		34
GATGTATTTACGGGGGGCATAATGTAGGTA	0	0	0			77.41389291	12.6888454		10
GATGTTGAAAATTTTGCTTGGGGAGCCCGA	0	0	0			44.57163531	9.516634051		914
GATGTTGTTTGACAAGTCCCAATCTCTGCA	0	59.72105263	28.5533945			0	0		4
GATTAAAAAAACGTAGTTGGGTTGATGTCT	0	0	0			2.345875543	0		0
GATTAAAAAACGTAGTTGGGTTGATGTCTC	0	29.86052632	0			30.49638205	0		22
GATTACGAAGTCGGGTCGTCAAAACGGTAA	0	0	3.569174312			0	0		139
GATTAGACACCAAATGTGGCGGGAGGTTTG	0	0	0			975.8842258	938.9745597		1809
GATTAGATTATTGCGTCTTATTGGGGATGC	0	0	0			35.18813314	19.0332681		1363
GATTATAATGGTTGGCTATGGTAACGCTGG	0	25.59473684	5.948623853			0	0		412
GATTATAGAGCGAGAACACAGGTAGAGTTA	138	0	84.47045872			121.9855282	250.6046967		21
GATTATATTTGGTGCGAAGTGAGGTGCTAA	59	0	174.8895413			0	15.86105675		166
GATTATCGAGCCAAACTTGTTTGTCTCATT	0	0	0			0	25.3776908		979
GATTATCGTGGGATGATTGGGGACCAAGAT	0	8.531578947	199.8737615			0	0		916
GATTATGCACTCGCCGCGGCGAGGTGCGTT	0	0	0			42.22575977	111.0273973		227
GATTATTTAAATCCTACTCTGGATGCAGAC	0	0	0			624.0028944	1960.426614		459
GATTCAACACTCTCGACATCGGGACTACTC	0	0	4.758899083			0	0		59
GATTCATTACATTCCATTCGGCGTAGCAAT	0	12.79736842	0			0	0		2572
GATTCCAGAGGTGGATAGGGGTATAGCATT	0	0	0			0	3.17221135		2
GATTCGTCTAGTAGCAGGAGTGCGATAAGT	0	0	0			0	9.516634051		0
GATTCTATATTCGACGATAAGGCTTTTCGC	0	0	0			11.72937771	0		12
GATTGACGTGGTGGCAGCTTTGATGGGGGA	0	0	96.36770642			79.75976845	1345.017613		169
GATTGCAAAGAGGTTGTGCTGTATGAGAAC	0	38.39210526	0			0	0		5
GATTGCGAAGGGTGACCCGGGGGAGGGCAG	0	469.2368421	0			0	0		112
GATTGGATTATGTCAAGATACTTGGTATTC	0	34.12631579	21.41504587			0	0		13
GATTGTGTTTAACCGGGCTCTTGTTAGGCT	0	0	0			560.6642547	466.3150685		352
GATTGTTCACGGTGCATCACAGTATTAATG	0	0	331.933211			0	0		45
GATTTAAGTTGGTGGCCTTCCATAAGAGTG	0	0	4.758899083			0	19.0332681		853
GATTTAATTGTTTGCGGCGGCTTAGGGAAA	0	4.265789474	0			131.3690304	253.776908		300
GATTTAGAAGAGCGGTTGGTTGGAGGGAAT	0	0	0			0	9.516634051		0
GATTTAGATCGGGGGACCATGGGTTGGACG	0	0	1233.744587			633.3863965	501.2093933		83
GATTTCAATGGGCAGATTTGATGAGCGTGA	0	0	32.12256881			126.6772793	612.2367906		117
GATTTCATACGGTTACCCCGAAGCGATACC	0	0	24.98422018			0	3.17221135		25
GATTTGCTAATGTCGTGGGGCGTAGGCTCG	0	0	0			2.345875543	3.17221135		2
GATTTGGAATCTTCTTGATGATTAGATGTT	0	0	121.3519266			314.3473227	0		92
GATTTTGAAGAGTCTCCAATCTAGTGGACG	0	29.86052632	0			9.383502171	0		24
GATTTTGCAATGTTGGGTGACGCCGAGGAT	0	0	21.41504587			89.14327062	0		18
GATTTTTGTTGGCGTGCGGCTGAATCGTGT	0	0	0			459.7916064	716.9197652		2328
GCAAAACAAGGGGGCATAGCGTGATCCGAC	1514	55.45526316	242.7038532			6188.419682	1110.273973		271
GCAAATGGTTTCATCGTGGGGGTCCGGGTT	0	0	0			4.691751085	15.86105675		23
GCAAATTGTGATCTCGACTACGCTTTTACT	4	0	0			37.53400868	3.17221135		2184
GCAACAGCATCAGGCGCTGTGGAATTGATA	0	0	0			570.0477569	1103.92955		182
GCAACCGCACGCGGTTTCCCACCTAACAGT	0	0	0			340.1519537	501.2093933		116
GCAACTAGAAGTGTGAGAGTGAATAATTGA	66	42.65789474	9.517798165			4.691751085	15.86105675		1408
GCAACTGATTTACGGGAGTAAACACGGAGT	0	0	0			58.64688857	0		53
GCAACTGTTATTTTGTGGATAGACCATAAA	0	0	0			72.72214182	0		878
GCAAGAACATGCAGACCTATGGCTGGGGTT	0	0	0			0	6.344422701		3
GCAAGATAAATCAGATTGGTTTCTGGGATC	0	0	0			2.345875543	34.89432485		113
GCAAGGAATCAATGTATTGGAGGTAACCGT	0	0	0			7.037626628	6.344422701		2
GCAAGGGGTGCCTTAATCAGCGGTTGTTCA	684	59.72105263	480.6488073			105.5643994	126.888454		162
GCAAGTACACTAAATCGGATAGAGTAATCA	0	0	0			51.60926194	101.5107632		0
GCAAGTGCAAGGGCGGGGTGAGGCCTGGGG	144	102.3789474	577.0165138			4.691751085	9.516634051		0
GCAAGTTCTAGATTGTACCCTATGGATCCA	27	0	21.41504587			4.691751085	0		17
GCAATATTAAAGGCCGCATCGCTTGGCTTT	0	0	0			157.1736614	402.8708415		62
GCAATCTGTGTATGCTTTGCCCTTTGCAGG	0	0	0			14.07525326	0		24
GCACAATGTCATTGAATGCGACACAGGGCA	0	0	0			1130.712012	69.78864971		569
GCACACTGAAAGGCTTTTTTGGTGTTTCAT	0	0	0			2219.198263	333.0821918		843
GCACACTGAAAGGCTTTTTTTGGTGTTTCA	0	0	0			37.53400868	0		14
GCACAGAGTTCTGATTCCTGTGGCAGCGCT	83	12.79736842	749.5266055			93.83502171	53.92759295		1195
GCACAGGTTATAAAGGTGGAAATCTAAATG	0	0	0			0	88.82191781		305
GCACAGTAAAATGAGAAACGGAGGTCGTAG	25	93.84736842	59.48623853			68.03039074	203.0215264		403
GCACAGTTAAGTTGCAGAAGATGAATTCGG	0	0	0			570.0477569	310.8767123		327
GCACCACGTTTTGGGTTGATATCATATAGT	0	0	0			0	3.17221135		0
GCACCCACTCCATGACCGAATCCAACGTAG	0	0	0			7.037626628	34.89432485		2
GCACCCAGATCCGAACGTACATATCTCTGT	0	0	0			0	19.0332681		0
GCACCGTTTTCCGTATCTAGTTTGTGCTAT	0	0	0			121.9855282	104.6829746		354
GCACGAGAAGGGGTCATAGGACACAATGAA	0	0	0			18.76700434	19.0332681		343
GCACGTGCTCATAAAGAGTGCATGTGAGTC	0	0	152.2847706			3005.06657	3778.103718		4155
GCACTAATTATCCACGCGTGGGGGCGGTGC	0	0	2.379449541			7.037626628	6.344422701		16
GCACTAGTTCGCGTACGCGACAAAGCTTGC	0	0	9.517798165			0	0		0
GCACTATTTGGATGGGGAATTCAGAATCTG	0	0	0			121.9855282	222.0547945		87
GCACTTCATGACCAGGACGGTGGTCGGGAC	0	0	0			0	3.17221135		2
GCACTTGTTCACGATCTCGTCTCGTTTCCA	0	0	0			2.345875543	6.344422701		5
GCAGAACCTTGAGGAGGAGGGGTAGGGGCT	0	0	0			84.45151954	72.96086106		8
GCAGAATCTGACAGCCCCCGCACCTACCGG	0	0	0			0	9.516634051		158
GCAGAGTCAGCTTGGGTATGGGTCTGCTTG	0	0	0			91.48914616	66.61643836		81
GCAGATAGTTAGCGGCAGGTCGTGGTCTTC	0	0	0			173.5947902	0		2
GCAGATCCATAATGTACTAGTTTGTATGTC	0	0	10.70752294			187.6700434	212.5381605		450
GCAGATTGAGGTTGTGGTAGACCAGTAAAT	0	0	0			39.87988423	111.0273973		24
GCAGATTTACATCAGTTAAGTTCTGAAAAG	0	0	32.12256881			0	0		68
GCAGCGCCACATTCTTAAGTCGCGCTAGTA	0	0	0			2.345875543	34.89432485		25
GCAGCGCTTGGGGCCTGCTGCACCCTGCGG	0	4.265789474	0			2.345875543	0		102
GCAGCGTGTGCCATAACGGGTATCGGTTTA	0	0	0			0	25.3776908		26
GCAGCTGTATTCGGCACGAGTACGCTCATA	0	12.79736842	8.328073394			342.4978292	291.8434442		92
GCAGCTTTTGCGCCAGTCGTAATTGCGAGC	130	0	55.91706422			7.037626628	50.7553816		42
GCAGGAAAAGGGGGGTATCGGGGGCCTCGG	0	0	0			7.037626628	0		0
GCAGGCGCATGTGGCTATACATTAGCGCTT	0	0	0			9.383502171	12.6888454		2
GCAGGCGGTACACGCACAGAAAAAATATTT	0	0	11.89724771			0	0		61
GCAGGCTATGGTGTGTATACTGCCTTCTAG	0	0	67.81431193			0	60.27201566		60
GCAGGGTCTGTATGAGGGAAACCGGCCGAT	0	0	0			56.30101302	50.7553816		79
GCAGGGTTTGGGAAGCGAAGCCGGTATTAC	0	0	0			56.30101302	0		54
GCAGGTTTTGATGTATAATATAAGTAAGAA	0	0	0			0	50.7553816		806
GCAGTAGGTGAATCATAACTGAGAAAGACG	0	0	0			0	3.17221135		2
GCAGTATGTGGATTCTTACTAGGTTTAACG	0	494.8315789	0			0	0		731
GCAGTCATTATGTGTCATGCAGCCATGAAA	0	0	0			814.0188133	4618.739726		2852
GCAGTCTCATTGTTGGGTGAGTGTGTGGTG	0	0	13.08697248			4.691751085	3.17221135		80
GCAGTGCGAAGTGGCGGGATGGGGGTGCCG	0	0	0			53.95513748	180.816047		0
GCAGTGTGTAAACGAGTGGCTGTAGTGAGG	0	0	0			2.345875543	0		81
GCAGTGTTAGTAGCGGGTAGCCGACTTGAG	0	0	3.569174312			0	0		54
GCAGTTAAACCCGGGTGGGTAGCGGACAGT	303	8.531578947	716.2143119			1100.21563	2163.448141		987
GCAGTTATTCGGTATTCGGGAGTCCTGGCC	2	0	0			0	0		0
GCATAAAGTCACTACCCCGACAGAAATCCC	4700	115.1763158	1798.863853			0	0		2011
GCATAACGAGAGTGAGTTGGGGGACCCCCG	15	0	5.948623853			58.64688857	69.78864971		2
GCATAATAAGGGTGGAAGTGGAGGGAGCTT	0	0	3.569174312			0	0		3
GCATACAAACGTGTCACACGTTATTGGGGC	0	0	9.517798165			157.1736614	742.297456		164
GCATACTGTAATTGCCTAGGGCGCGGCATG	14	0	16.65614679			25.80463097	66.61643836		163
GCATAGGGTTTAATGACAGCAGCGTTTTTC	0	0	7.138348624			0	3.17221135		8
GCATAGTGTGATTGGCTACCTCCGGCTGTG	0	0	0			21.11287988	41.23874755		14
GCATAGTTAATTGCTGGGTCTATGGGTCTG	0	0	0			419.9117221	107.8551859		16
GCATAGTTTGCGGAGATACAGGTTGATGGC	0	0	0			16.4211288	31.7221135		0
GCATATCGACGTGTAGACGCTGGTGAGGGT	0	0	2.379449541			11.72937771	272.8101761		121
GCATATTAAGGCGTAGAGCGATTAGCGACC	0	0	0			2.345875543	6.344422701		6
GCATATTCTGCACGACTCCCCTGCGTGTAC	0	0	0			4.691751085	12.6888454		5
GCATATTGTAGTGACCACGCAGGAATTGGA	0	0	0			253.3545586	53.92759295		20
GCATCCTGTGGTATGATACCTAAGTTTAGA	0	0	0			0	15.86105675		2
GCATCGTTACAGTAGGTGGTGTGGGTGAGA	0	0	0			9.383502171	9.516634051		104
GCATCGTTTAAATTTCTGTCGGGAGCATGG	0	0	82.09100917			0	0		8
GCATGACGTAAGATCTCTAGTGCACGCACA	1163	0	29.74311927			248.6628075	304.5322896		1668
GCATGATATTGTGGAAAAGGAGCTGTAGCC	0	0	10.70752294			0	0		3
GCATGCGCTATTCTTGCCTGGACGAGAGGA	0	0	0			1588.157742	0		129
GCATGGGGAAGGTCGTGCCGTCACGTAGGT	0	0	57.10678899			0	0		4
GCATGTCATGATTTGTATGCGTGGATATTT	0	0	0			208.7829233	298.1878669		117
GCATGTGGAGAGAGGGTGCTGCGCGAAGGT	0	0	3.569174312			0	0		7
GCATTAGGAAAAACACAGGGTGGCTGTAGG	0	0	2.379449541			2.345875543	0		18
GCATTCAATTCGCCTGGCCTGTGTTCCCAG	0	0	8.328073394			0	0		191
GCATTGATTAGCCGGGTCCTATCGGGGGGA	0	25.59473684	0			0	0		8
GCATTGGTAGATAGGCATTGTAGACCGGTG	0	0	0			2.345875543	3.17221135		9
GCATTGTATAAAATTTCCAGCTTAGAGTCG	0	0	0			0	31.7221135		55
GCATTTCATTCTATGAGGGTAGTGTTTCGG	0	0	0			4.691751085	12.6888454		18
GCATTTTCAGCGCACGTGAGTCCCATTGGA	0	0	0			53.95513748	0		190
GCCAAACTTGGCTACGTGTATAGCTGCCTT	0	0	0			0	6.344422701		2
GCCAAATAACTCGCGCATATCTAATCGCTT	0	0	0			11.72937771	12.6888454		7
GCCAACAAACTACATGAAATTTTCCCTTTC	0	0	0			2986.299566	7667.234834		2332
GCCAACATTGCTAGAGCTAGATGCGGGGAG	0	0	0			2.345875543	0		11
GCCAACTCTTTATGATATCTGGTGCACCGT	0	0	0			2.345875543	0		0
GCCAAGTGTTGGTCTTGTCATCCCATGGTT	0	0	0			25.80463097	174.4716243		74
GCCAATCTTCGTTACGTAAATTGCTGTTTA	0	0	0			44.57163531	0		33
GCCAATTCTTTATGATATCTGGTGAACCGT	0	0	0			272.121563	28.54990215		4
GCCACCTTAGGGGGGTGAGCTCCGTGGGGG	0	4.265789474	280.7750459			70.37626628	0		976
GCCACGTAAAGCCTCATCTGAGGATGGCGA	0	0	9.517798165			46.91751085	82.47749511		34
GCCACTCGTTAGGCGAGGGCATCTTTCAAA	0	0	0			70.37626628	9.516634051		17
GCCAGAGGTCAGGTCAGTTTTTGCAGCTGA	0	0	7.138348624			0	0		13
GCCAGGCTTAGAGGAACTCCACAGGGAATG	0	0	0			53.95513748	126.888454		108
GCCAGGTTAGGGGTCTCATGATTAATGCCG	0	0	0			4.691751085	0		3
GCCAGGTTTCAGGTCACTAGGCCGCACATA	0	0	21.41504587			0	3.17221135		10
GCCAGTATAGAGAGTCCGGTGTCACAGCAA	0	0	59.48623853			21.11287988	0		55
GCCAGTGTAGGGGAATGGGAGTGAGGGGCA	0	0	22.60477064			0	0		72
GCCATAAATGTATTTTCTATATAGGGCGCA	0	0	2.379449541			77.41389291	120.5440313		4
GCCATACCAGGAGGGTTCTATCTGGCGCTG	0	76.78421053	0			0	0		17
GCCATCGAAGGGGCGGACTTGCGAGCGGTA	0	0	0			2.345875543	6.344422701		0
GCCATGGATCAGTGTGAGTACTTCGGCCGG	0	0	0			1653.842258	631.2700587		1729
GCCCACCAATCGTGATCGGGTACGGGTACT	0	0	0			0	3.17221135		70
GCCCATATAATTGAACCCGGTGGTGTTACG	0	0	0			0	12.6888454		4
GCCCCCATAGTGGTGAAGGCTTCCTGGGGT	0	0	0			4.691751085	3.17221135		7
GCCCCCCGACCTTGTAGTAGGTATTCAGCA	0	0	0			0	6.344422701		5
GCCCCGAGACGTGATCCTCAGCCGTGGTCG	0	46.92368421	23.79449541			344.8437048	0		7
GCCCGAAAAGCTATTAGGTTTATCGGAAGA	0	0	0			82.10564399	57.09980431		0
GCCCGCGTTACGAGTTCTGGTTTGAATATC	0	0	0			91.48914616	0		1440
GCCCGGCCAGTTCTAGCCCGGGCAAACACT	0	0	0			4.691751085	15.86105675		0
GCCCTACGACCCTCACCGCAGATGTAAGAG	0	0	0			295.5803184	25.3776908		395
GCCCTCTAACGAGCACTTTTCACGCAAAGT	0	0	0			185.3241679	114.1996086		87
GCCCTGGGTACGCACATCCTACCGGGAACT	0	0	4.758899083			0	0		11
GCCGAAAATATGTGGCCCTCTATGCTATGT	0	0	0			335.4602026	450.4540117		74
GCCGAACGTAAAGTGAGGGTACGCCGGGGT	0	0	0			129.0231548	19.0332681		0
GCCGAAGTTTCCCAAGCTAGTTCTACTTAT	0	4.265789474	4.758899083			0	0		123
GCCGAGCTTGAGTGGAAAGGCCTTTCCGAA	0	0	3.569174312			0	0		24
GCCGAGGGTTTTGCAATATAGGAAGTAGTA	40	42.65789474	16.65614679			0	0		13
GCCGAGGTTTGTTGCGAGCCGTTATGGAAC	0	0	4.758899083			14.07525326	212.5381605		236
GCCGAGTATGTCACGCAAACGTGTCACGTT	0	0	0			940.6960926	1560.727984		3409
GCCGATTAAGACCTGGTGAGGACATAGGGT	0	0	0			0	95.16634051		35
GCCGCACTTAATAGAGTTGTATCTTACATC	0	0	7.138348624			0	6.344422701		248
GCCGCCCATGACTTGGGCGAGCGGTACAGA	0	0	0			0	19.0332681		331
GCCGCCGGACGAGCCAGGTATAGTACAACA	0	0	0			46.91751085	38.0665362		67
GCCGCCGTAGTAAGTTATAAAAAGGAGGAC	0	0	0			0	41.23874755		115
GCCGCTGGTTTTGTGACCTCTAGGATAAGA	0	0	0			7.037626628	0		41
GCCGGAAGTGCGGGGGCGGGTTTAAGGGGT	345	584.4131579	224.8579817			0	0		669
GCCGGAATATTTTGGATTTGATATTTTTTC	0	0	0			330.7684515	551.964775		1496
GCCGGAGTTCTGGTAATAAACAGCCACGAG	0	0	0			39.87988423	82.47749511		1535
GCCGGCACATAATAAGATGGTCAGGGGTTG	0	0	0			466.829233	904.0802348		1036
GCCGGCGGAGCCAGGGTCATCGTCGGCCCG	0	0	5.948623853			0	0		0
GCCGGCTATGATGGTCCATTCAGGCTCGAA	0	0	0			23.45875543	0		0
GCCGGGGGACTTAAGTTGAGCTCTGCAGGT	0	0	0			7.037626628	0		2
GCCGGGTGTCGGCCTACTGGTGTACAACGC	35	21.32894737	274.826422			0	0		15
GCCGGTAATATGGGTGTAGGGTGGCAGTAT	0	0	0			2.345875543	0		13
GCCGGTAATTCAACAGGCCCGTTTTGGCAC	0	0	0			28.15050651	31.7221135		8
GCCGGTATAGGGGAAAGGGTGGTGGGCGAT	0	0	7.138348624			37.53400868	25.3776908		149
GCCGTAGGTGTCTGGGGGTTACGATTGGCG	0	0	0			0	155.4383562		1498
GCCGTCAATATTAGGCAGTGTGTGCCAGGG	0	0	0			206.4370478	180.816047		3
GCCGTCGTTCGTCAGGGTGTATTGGGGGGG	0	0	40.4506422			7.037626628	22.20547945		18
GCCGTCTCAGAGTGATCATTTTAATTTATT	0	0	0			2.345875543	9.516634051		43
GCCGTGACTGGTGAAGTGGGGGCCGTGCTG	0	0	0			4.691751085	9.516634051		0
GCCGTTGGATGTGTGCTAATCGTACAATTT	0	12.79736842	0			0	0		0
GCCTAATTATGAGACCGTAGCGGGTAAAGC	0	0	0			35.18813314	34.89432485		27
GCCTAGATAAGCGCGCTGGCGGAGGTCTTC	0	12.79736842	0			39.87988423	123.7162427		9
GCCTAGTAAAAGTTCGGAGTACCACAGGTA	0	0	39.26091743			0	0		68
GCCTCACCTCCCCTACCCGTATAGTATGAC	0	0	0			9.383502171	9.516634051		0
GCCTCGTATTGATATGGGTGCGGGCAGGTC	0	0	10.70752294			879.7033285	336.2544031		160
GCCTCTTGTGTACGTTTGTGGTGAAGTCGA	0	0	322.4154128			968.8465991	1224.473581		665
GCCTGAATTGAGGCCGCCAACCTCTGTCAC	9	0	21.41504587			0	0		22
GCCTGAGCTGCAAGGTAGACACGGGCTTTA	0	0	64.24513761			0	0		18
GCCTGCAGTCGTTCGCCGATTTCAGTTGGG	0	0	0			16.4211288	19.0332681		3
GCCTGCGGAGGGTATACTGGGTAGAACGAA	0	0	0			42.22575977	215.7103718		822
GCCTGGAGTAGTTGGGAAGGCCCCTGAGCG	0	0	4.758899083			0	0		136
GCCTGGAGTGATCTAAAGTTGATAGAACTC	0	0	0			53.95513748	98.33855186		15
GCCTGGCAATACGGCATTAACTTGGCAAAT	0	0	49.96844037			0	15.86105675		19
GCCTGGGCACTTTTCTGCTTATCCGTATGA	0	0	0			79.75976845	0		48
GCCTGGTGATCCGAGCTGGTAGGGCCTTGA	0	0	0			0	6.344422701		33
GCCTGGTGTTTTATGCATATCGGCAATGTG	0	0	0			218.1664255	444.109589		100
GCCTGTTTTTGAGCGCAACAGTTGGTGTGC	2	0	16.65614679			0	0		0
GCCTGTTTTTTGTCGAATTTGTAGCATTAG	0	0	0			2.345875543	0		12
GCCTTAAGTTTAGATTTGGCTTGTTGAGCG	0	0	0			0	28.54990215		9
GCCTTTAGAATCAGTGTTGATAAGCCATTC	0	0	0			16.4211288	0		4
GCCTTTGAATTTAGTACGGTTTGTGGGTCC	0	0	0			23.45875543	19.0332681		16
GCGAACAAATACGTACGCACGTTTAGCAAT	0	0	1665.614679			2130.054993	3372.060665		4989
GCGAACAAATACGTACGCACGTTTTAGCAA	0	0	0			7.037626628	3.17221135		4
GCGAACATTGGAGAGCCCCAGGAAGGACGC	0	0	0			39.87988423	38.0665362		11
GCGAAGCCTTCGTGTGGGTTAGGGAACTTG	0	0	0			4.691751085	0		60
GCGAAGCCTTGGGGTCCGAGTCTCTGCTTG	0	0	0			53.95513748	0		12
GCGACGGGTAGGGGTCTTTTTGTTGGTACT	463	115.1763158	1044.578349			396.4529667	479.0039139		9
GCGACTGAATAGTTTCCTTATGGTGGAAAT	0	18244.78158	0			0	0		183
GCGACTTGAACGTCCCTATGGTGATCCAAT	0	0	0			7.037626628	0		13
GCGAGAATTTAGCGACAGACGGGATGACTA	0	0	0			7178.379161	1766.921722		366
GCGAGAGTTACGGCACCTTAGGTTTGGCTT	0	0	0			46.91751085	0		33
GCGAGAGTTGGTTCCCGGACGGAAATGCCT	0	0	0			0	3.17221135		0
GCGAGCATTCGCGGCATGCAATGTAACCTG	0	0	10.70752294			0	6.344422701		15
GCGAGCCGTTCGTGCAGAGAACTGCGCGTT	0	0	0			11.72937771	22.20547945		2
GCGAGGGATCTGATGGCGGTAAATCAGATG	0	0	0			0	6.344422701		47
GCGAGGGTACTAGCGATTGGGGTGTGACGA	0	0	0			288.5426918	136.4050881		504
GCGAGTACTAGTCTAGGTGTGGGCCATCTA	0	0	0			0	2283.992172		2038
GCGATATCTCGTAGAGGGTAATGACACGAT	0	0	2.379449541			9.383502171	9.516634051		14
GCGATGACTAAAATACTCTACCAATCCTCC	0	0	1440.756697			2.345875543	256.9491194		152
GCGATGAGACCATGGAGAGTGCCTAAAGAG	0	0	0			0	25.3776908		4
GCGATGTTAGTCAAATGTGAGCAGCCAGGG	0	0	0			2.345875543	31.7221135		5
GCGATGTTTGGACCGCCGCTAGGATTGTTT	0	46.92368421	0			0	0		994
GCGATTCGTGTTGGTGGAAATAGTGTTATT	0	0	0			11.72937771	0		3135
GCGCACGTTGTCAAAATAATATAGGTATCC	0	0	0			7.037626628	0		6
GCGCAGGTAGTGTATCAGCTTATCGGTCAA	0	0	0			11.72937771	28.54990215		4
GCGCCACTAAGGCATTGGATAGGGTCTATT	0	0	0			316.6931983	494.8649706		1218
GCGCCCTGATATAATTTTAGGATGGACTGG	0	0	0			0	9.516634051		0
GCGCCGAGTAACAAGCAGGTAGGGAATCAC	0	0	0			7.037626628	3.17221135		2
GCGCCGTTTGTTGTGAGAACAATGACTACG	0	0	0			11.72937771	15.86105675		63
GCGCCTGGTACCTAATAGCGCCCGGTGTAG	0	4.265789474	0			1965.843705	1687.616438		175
GCGCGATCTATCGGTGTGATCCCTGTCAGT	0	0	0			4.691751085	0		0
GCGCGCAGAAGATGTTGCGGGAGAGAGTTG	0	0	0			907.853835	1548.039139		1452
GCGCGCGTAGTGTCGGAATCCGACGTAGTT	0	0	11.89724771			0	0		1810
GCGCGGCATATAGGCCGCCGCCTACAAAAT	0	0	0			2.345875543	0		15
GCGCGGTGTCACTGGCTTCGTGTCGGGGCG	0	0	3.569174312			0	0		2
GCGCGTTCTAGGTATGGTTCATTTGGGCAC	340	251.6815789	1552.590826			0	12.6888454		200
GCGCTAATAAAGGTTATTCTTTGGGTTGAT	0	0	26.17394495			0	0		303
GCGCTAATACCTGGGACGAAACAGAGTCTC	0	0	0			28.15050651	34.89432485		8
GCGGACCCTGGTATGATAACTGGCGCGACA	0	0	0			112.602026	104.6829746		56
GCGGAGGCATGGTGCCAGTAGAGGTTAGGC	0	0	0			21.11287988	0		2
GCGGAGTTAGCTTTCCTAGAACTCGGTGTA	0	252261.7263	0			0	0		249
GCGGCACGTCCGGGAAGTTCAAGTCGTGTA	0	0	0			16.4211288	60.27201566		34
GCGGGACGATTCGCAGAAGGGTGCCGGCGG	0	0	280.7750459			0	0		258
GCGGGAGAATTAATCGTAAGAAATGAGAAA	0	93.84736842	0			0	0		1817
GCGGGAGGTATTCGTGGGTAAGTATGGCGC	0	0	0			72.72214182	28.54990215		10
GCGGGAGGTCGTTTGGTACCTTGGTCTTGT	0	179.1631579	0			0	0		1143
GCGGGATGATTTGATGTCAAACGGACATAC	0	0	0			89.14327062	158.6105675		58
GCGGGCGATTCGCTTTGGGTCTACGACGGT	26	0	5.948623853			103.2185239	66.61643836		14
GCGGGGACATCAGTATCGTCGGTCGTTGGT	0	0	0			16.4211288	41.23874755		110
GCGGGGCCATACTCGGGAAGAGTGAGATGG	0	0	2.379449541			0	0		27
GCGGGGGCTACTCGCCCGGGTTTGGTGTTT	0	0	0			511.4008683	212.5381605		105
GCGGGGGGTGGGGGCCAGTCCTTGCGAAAA	0	0	0			9.383502171	0		65
GCGGGGTGATTGGAATAGGGTTAACTACTT	0	0	0			9.383502171	3.17221135		153
GCGGGTACTGGAGAGTTAGATGTAGTAATA	0	0	2.379449541			0	0		3
GCGGGTTGTAGGATTCAGTATTAAAACTTA	0	0	0			44.57163531	22.20547945		5
GCGGGTTTTGCGCGTTTCCCGACGGGGCGA	0	0	0			239.2793054	0		17
GCGGTACAAGTATTGTGCTTGCGTGTCGCT	0	0	27.36366972			0	0		331
GCGGTACCATTGCCTTTGTATATTGAACGC	0	0	0			16.4211288	0		42
GCGGTACTTTCGCAGAATTGCAATTTGTTT	0	4.265789474	8.328073394			0	0		0
GCGGTCAAAAACCAAAAATCGAAAGAATGC	0	0	0			0	6.344422701		3
GCGGTCAAAACCAAAAATCGAAAGAATGCT	0	8.531578947	0			0	22.20547945		28
GCGGTCGGTGTGAACGAGTAATCATGAATG	0	0	0			417.5658466	856.4970646		15
GCGGTGAAACAGGGCTTAGCCCGGGTATAA	0	0	0			201.7452967	1313.295499		155
GCGGTGCATATTAGTCGGCAAAGGTGGGGC	0	0	0			18.76700434	0		78
GCGGTGGAAACCGAGGGGAACGGACCCTGC	0	0	9.517798165			53.95513748	0		34
GCGGTGTGAGGGTGACGCCACGGGGATCAG	0	0	9.517798165			86.79739508	34.89432485		362
GCGGTTACAAGTTACAGGTGTGGAGAGTAT	0	115.1763158	44.01981651			0	0		103
GCGGTTACTCAAGGGATATAAATTCGCGTA	0	0	0			16.4211288	0		2264
GCGGTTATATAACAGCCAAGTGGCATGTCA	0	0	0			2.345875543	0		0
GCGGTTGATAACGAGGCAAATAAATTCGGC	0	0	0			23.45875543	104.6829746		88
GCGGTTGGTGTATTTTGAGTGTAATGTTGA	0	0	4.758899083			0	0		7
GCGTAGAAAGGAGTATCGGCCATTAGCAAG	0	0	0			14.07525326	9.516634051		11
GCGTAGGGTTGTAGCCTGCGTTGATCTGGT	0	0	8.328073394			0	0		5
GCGTCAGGATGATCGCGGGGTCGCGTCGTG	0	0	0			110.2561505	91.99412916		13
GCGTCAGTACTTTCTCTTTTAACGATTGGA	1367	183.4289474	241.5141284			70.37626628	590.0313112		32
GCGTCCTGAGAGTGGTTAACATCTCCCCAC	0	0	0			56.30101302	72.96086106		0
GCGTCGAAATATTTATGCTTCAACGGGATA	0	8.531578947	0			0	0		9
GCGTCGGTATAAGGGAAGCCAAAGAGGAAG	0	0	13.08697248			0	3.17221135		4
GCGTGAATTTCACGGAGTAGTGGGCGGCGG	0	0	0			0	9.516634051		0
GCGTGCTCAAATACCAGTAATAGAAGTTTC	0	0	0			16.4211288	0		7
GCGTGGCCTTGGAGACATTGGACTGGCAAG	0	0	0			86.79739508	82.47749511		7
GCGTGGCGACTAAAATGGCACCTGTATTCA	0	0	0			35.18813314	0		0
GCGTGGGTTCGTTGGGGACATAACCGCCGA	0	0	0			23.45875543	69.78864971		6
GCGTGGTAACATCGTGCGGGCCCCCAATCC	0	0	0			86.79739508	0		179
GCGTGTGAATAGTGTTTCGGTCTGGGGCGT	0	55.45526316	0			0	0		2
GCGTGTTTACCAGGTCGCATTGATTGGGTG	0	0	0			93.83502171	336.2544031		1581
GCGTTGAGTGCTAGTAGTGCGGGGTGAGAG	0	0	2.379449541			173.5947902	0		11
GCGTTGTAACGAACGTGGAGATGACACCTA	0	0	0			0	44.4109589		1637
GCGTTGTATGATCAACTCTGGTTGGGTGTA	0	0	0			11.72937771	25.3776908		1071
GCGTTGTGATCGACCGACTGATGTGGTTTG	1157	12.79736842	2817.268257			0	0		1928
GCGTTTATAGTGTGCAGCTTAGGTGTATGG	0	0	0			9.383502171	0		5
GCGTTTATTAGGAACGTACATCACTCACAC	3	0	0			0	272.8101761		1729
GCGTTTATTTTGGAGGGCAGCTCGATTTGA	0	0	0			46.91751085	0		82
GCGTTTGGTTGGGGGCAAGGAGGTGGTTGG	0	0	0			21.11287988	6.344422701		3
GCGTTTTAATACGGTTTGCACGCTTGGCTG	0	0	0			9.383502171	0		4
GCTAAGAGAATTCGATAGGTAAGCTACAGT	0	0	0			4.691751085	0		18
GCTAAGTCAAGGTCTGAGCCATCTCGGGCT	0	0	0			2.345875543	0		21
GCTAATGGTGCAGTGGAGACGGATGGGACG	0	0	0			0	15.86105675		0
GCTAATTAAGCAGAGATTGACTCATCTATG	0	0	0			105.5643994	145.9217221		566
GCTACATTATAGACCGGAAGCGAATTGGCG	0	12.79736842	0			0	0		32
GCTACCAGTTGCGTGGGGGCTTCATATTTT	0	0	0			1048.606368	361.6320939		31
GCTACGCCAGCTGCAGATATGATAATCACT	0	0	24.98422018			28.15050651	15.86105675		21
GCTAGCAAACTGCCCGTTCTGGCAAGTTGC	0	0	46.39926606			0	0		184
GCTAGGACTCTCTGTGAGGTCGAATGGGAC	0	0	0			79.75976845	9.516634051		2
GCTAGGTGAGAGTTAAGGCCGTCAAGTCCC	0	0	14.27669725			0	0		73
GCTAGTCAATGAAGAAGGGGGCCGGCGAGG	0	12.79736842	0			0	0		0
GCTAGTGGTACATGGGGTACTTCAAAAACC	0	0	0			114.9479016	41.23874755		471
GCTAGTGGTTGCCGTGCTGGGTGGGGTAAT	0	0	0			7.037626628	0		3
GCTAGTTTAAGTATAATGGTATAATCCGAT	0	0	7.138348624			0	0		16
GCTATACAAGAAACCTCTGGGAAAGGAATC	24	4.265789474	14.27669725			86.79739508	60.27201566		65
GCTATAGATTGCGGAGACTGGGTCCCGTGA	0	0	0			2.345875543	6.344422701		29
GCTATCACACCACGCAGCTTGGTTTGGAAG	0	136.5052632	1562.108624			0	0		205
GCTATCTATATTTTACCTAGCCACAGTTGA	0	0	13.08697248			0	0		30
GCTATTATTCCCCGAGTACATAGGGGTGTT	188	17.06315789	298.6209174			124.3314038	279.1545988		5
GCTCACGTTTCCCGGCTCACACTTTGAGGG	0	0	0			680.3039074	367.9765166		0
GCTCACTATCGTCCATTTGTCGGCAAGTAT	0	0	0			0	6.344422701		19
GCTCAGCATGCGGGTGCATTGGGATAGTCG	0	0	0			204.0911722	377.4931507		224
GCTCATGCAAACGTGGCAGGGGACTCACTG	0	0	0			4.691751085	0		4
GCTCATTATACTCTCACGTGAGTCGGGCTT	0	0	0			335.4602026	180.816047		2
GCTCCCTGTCTAGCGTTCGTGCATGCGCAG	0	0	0			53.95513748	19.0332681		6
GCTCCGTTAGTTTCCTCGGGGAGAGTCGAC	0	0	0			3575.114327	1776.438356		3087
GCTCCTCAAAGTCGCGGCTCTGCTGTAGCG	0	0	0			2.345875543	0		0
GCTCGACATACACATAGTCACAGCGACGCT	0	0	0			112.602026	161.7827789		29
GCTCGAGATTTTGGTCGGCTTGTAAGGTGG	0	0	0			7.037626628	9.516634051		5
GCTCGCCGATTTTATTGAGTCACACCAGTA	0	0	0			0	28.54990215		49
GCTCGGGCATATGCTTGATTAGTTGCAATT	0	0	4.758899083			1989.30246	0		683
GCTCGGGGTGGCAGGGGTAAACGGGCGGCG	0	0	0			7.037626628	0		6
GCTCGGTATTCTTTAAGCATTGGGCTCTTT	0	0	0			204.0911722	171.2994129		177
GCTCGGTGACGCCTGACTCTTAAGGCATAC	0	0	0			2.345875543	0		0
GCTCGTAGAATGGGCGGGGCTAGTCGTAGC	0	0	0			6713.895803	1957.254403		912
GCTCGTGGTAAGCTCCTATGGTCCGGAAGT	0	0	9.517798165			0	0		4
GCTCGTGTATTGAAAGTGTTTGGATTTCAT	0	0	0			473.8668596	1148.340509		214
GCTCTACGATTGCAGTGTGGGATCGCTTGT	0	0	7.138348624			46.91751085	0		20
GCTCTGCTTTACAGGACAGTCCGCAGGTCC	0	0	0			21.11287988	41.23874755		4
GCTCTGGTTACGTAGGGCGAAGATGTGTGT	0	0	0			351.8813314	91.99412916		289
GCTCTTAATAGGTTGATTCAACGCTGTAAA	0	0	0			2463.16932	2743.962818		350
GCTCTTCATATAAGGAACGTATTTTTGAAA	0	0	0			0	0		9
GCTGACCCTTGATTGACGCAATAGGGGGTA	0	0	0			37.53400868	22.20547945		2762
GCTGAGACTAATATTTATAGCTGAGTGATC	0	0	0			0	3.17221135		3
GCTGAGATATGGACTAAATTGTACTCAGCT	0	0	240.3244037			11.72937771	526.5870841		945
GCTGATCGTAGGAAGAAGATCAGCTATTGC	0	0	0			11.72937771	25.3776908		142
GCTGATTTAGTACAGAAGTTCCACAGGGTA	126	21.32894737	1575.195596			154.8277858	428.2485323		8
GCTGCGGCAATGTTCGACCCCCGAAACGAC	0	0	0			0	6.344422701		9
GCTGCTTGACCTGGGTGAGTGAAAGGATGT	0	0	0			372.9942113	0		49
GCTGGACGTATCCCGAGTTGAGCTGGTTAT	0	0	9.517798165			7.037626628	0		4
GCTGGACTAATATTACGTGAGTTAGCGCAC	0	0	33.31229358			0	0		3
GCTGGAGATCTTGTCGCGACGACACCGTAG	0	0	3.569174312			0	0		0
GCTGGAGGTCTGTGAGGGTTGTTGATAGGA	0	0	0			28.15050651	9.516634051		131
GCTGGAGTAAGGTGTTGTGCAGCCCCCATC	0	0	2.379449541			0	0		10
GCTGGCCATGCTTGTTTCGGCTACCCAGTA	0	0	0			11.72937771	9.516634051		0
GCTGGCCTTATACGTCAGGGAGTAGGGCGG	35	4.265789474	55.91706422			0	0		25
GCTGGCGCAATTAGAGGCTGAATCGCTATG	0	4.265789474	15.46642202			2.345875543	0		64
GCTGGCTTAGGTTTGCGGTGCACCTGCTCA	0	0	0			236.9334298	361.6320939		79
GCTGGGATACTGTGATCACATCACAAGGTA	0	0	0			133.7149059	260.1213307		1748
GCTGGGGATAAGTGCTTTCAAAGTGGTCGT	0	0	0			931.3125904	986.5577299		38
GCTGGGGGAGTTATAGATTTGGTCTTTTAT	0	0	38.07119266			506.7091172	488.5205479		519
GCTGGGGTATGTTGCTTGAGTGTTTGGGGG	0	0	0			0	6.344422701		636
GCTGGGTGTACGTTATAAAGTTTCTACGGA	0	0	0			56.30101302	0		14
GCTGGTCAAAGCGGGCGGGAGTGATTTTTC	0	0	0			0	3.17221135		2
GCTGGTGTAAGGAGTATTGGTGTCCCTTGA	0	0	0			0	6.344422701		13
GCTGGTTAAGGGGCCTCAGGAAAAACTAGA	0	0	0			248.6628075	50.7553816		440
GCTGGTTCTCACTGACGGGAGCGAAGTCGT	0	0	0			49.2633864	12.6888454		27
GCTGTAGAAAGACAGCTTGAAAGGTGGGAT	0	17.06315789	45.20954128			0	0		13
GCTGTAGATTTATTAACTACGCTGGGCCAG	0	0	0			9.383502171	0		167
GCTGTATCTATTGAAGTCAGAGTCTAATCC	0	0	0			0	0		9
GCTGTCATAATGGTTAACTTACACCCGAGG	0	0	0			0	15.86105675		4
GCTGTGCGTATCGCGGAATTAGCAAGTTTG	15	0	190.3559633			1480.247467	361.6320939		1399
GCTGTGGGTCAACCCGAGTGTAAAACTACC	0	0	11.89724771			0	3.17221135		13
GCTGTGTAACACATGAAAAAGTTAACTGCC	0	12.79736842	0			35.18813314	38.0665362		2
GCTTAAGATCAGGTCTGGGTGACTTTAGTG	0	0	4.758899083			0	0		3
GCTTACCCTCGCCTGGGTACCCTCGGCGCA	0	0	0			0	19.0332681		2
GCTTACGTTTTCCAGAGAGTATCTGGGGTC	0	0	0			0	168.1272016		1692
GCTTACTCACTGTAGTCCGGATTAACCAAT	0	0	0			175.9406657	22.20547945		2491
GCTTAGCATTTAAGGTTGACCTGACGGATG	0	0	3.569174312			0	0		519
GCTTAGGCACGTATAATCGAGGATGGCATA	0	0	19.03559633			9.383502171	3.17221135		3
GCTTAGTTTTGTACTAAGGGTTATAAAAGA	0	0	0			0	3.17221135		1029
GCTTATGTATCTCGAGTTGGCTACGATCTA	0	0	0			0	6.344422701		0
GCTTCAGAATTAACTATTTAGTGGGGCAAG	0	0	0			126.6772793	126.888454		59
GCTTCAGGATAATGTTCTAATGTTTTTTGA	0	0	0			164.211288	85.64970646		2285
GCTTCATGAACGTAGACGGAAGTGTCTTCG	7	0	4.758899083			0	3.17221135		7
GCTTCGGAATGGAAGGTGGTCATCTCAATT	0	0	0			2.345875543	9.516634051		190
GCTTCTCTATATGTGATAATCGGTGATTTC	3	0	8.328073394			18.76700434	25.3776908		26
GCTTGAATTCCAGCCCTCAACAGACATAGA	5	0	11.89724771			9.383502171	22.20547945		2
GCTTGACTTCGGTGTTTGAATTCGTTTGTA	3	0	0			7.037626628	6.344422701		4
GCTTGATATTGATTAGTGTGAGAATGGATG	0	0	0			16.4211288	31.7221135		2
GCTTGATCAGTCCCATCCCTCGGGAATACA	0	0	0			893.7785818	418.7318982		3099
GCTTGATTTACTCTAATGGTTAAGCCTGAG	0	0	0			16.4211288	47.58317025		673
GCTTGCTTTTTATGTGAAATTATTTGACAC	0	0	11.89724771			0	12.6888454		2294
GCTTGGGAACGCCCGTTCGTGCCGGCAGGA	0	0	0			2.345875543	0		0
GCTTGGGATCGGACTCCATGATTCCAGGGG	0	0	0			25.80463097	41.23874755		8
GCTTGGGCATCTGCCTGGTCTGAAATGGCC	0	17.06315789	147.5258716			767.1013025	2623.418787		21
GCTTGTAATGTTGCCCGGCCTTGCATTGTT	0	0	0			35.18813314	15.86105675		42
GCTTGTAGTGGGGGTCAGCCGTCATTCATT	13	0	10.70752294			4.691751085	25.3776908		114
GCTTGTATTTCCAAGGTGGGGCATATTGTT	0	9794.252632	146.3361468			0	0		2
GCTTGTCAACGTCGGTGCTAACGAGGCAGT	0	0	0			2.345875543	22.20547945		23
GCTTGTGAACACGCCGAGGCCCTAATGGCG	0	0	0			98.52677279	215.7103718		86
GCTTGTTCATGAACGTCGGCTTAGATTAAT	0	0	0			302.617945	2160.27593		528
GCTTTACGACTGGGGATCTGGACGAGCGGA	0	0	0			9.383502171	0		8
GCTTTGCTATAGTGAGAGTCCTGGCTTGGA	0	0	0			2.345875543	22.20547945		30
GCTTTGGATCACTGAGAGGTTTTGTTCAGG	0	0	0			382.3777135	212.5381605		28
GCTTTGTCAGGTGGTCGAGGGGTGAGCTAG	0	0	0			7.037626628	47.58317025		19
GCTTTGTCTGACGAGTTCACGACAAAATGC	0	145.0368421	393.7988991			1163.554269	2988.223092		217
GCTTTGTTAGGCCGCACTAGTATTGGAGAT	0	0	20.2253211			89.14327062	38.0665362		1360
GCTTTTTGTCGAGCAAAGCCTGTTGTTATA	0	0	0			178.2865412	298.1878669		642
GCTTTTTTATAGTCAGGCATTAAGATTATA	0	0	0			49.2633864	66.61643836		41
GGAAAACTTTCATTAAGCACATGACGGAAT	0	0	0			2207.468886	4298.34638		1935
GGAAAAGGTAGAAGGGGTGGGTGTGAGCAT	0	0	0			11.72937771	0		4
GGAAAGGGTGAGCGGAGTGATGGATGGGCG	0	0	0			0	0		88
GGAAATAAACGATGTCGCCGGGGCCCGGGC	0	0	201.0634862			11.72937771	19.0332681		862
GGAAATAGTCATACAGCCACAGATCAGTGG	0	0	9.517798165			28.15050651	0		351
GGAAATTTTGTGAGTGCGCTGGTTGCAAGA	0	0	0			0	38.0665362		1086
GGAACCCTAATATAGATTAAGCATGTAGCC	0	0	0			0	6.344422701		10
GGAACGGCTGGTTCGGCGCTTGTGGAGGGC	0	0	23.79449541			0	6.344422701		11
GGAAGAAAAATGCGGTTTCAGCGTTGAAGG	12	0	153.4744954			14.07525326	126.888454		988
GGAAGACGTGATACTTACAAACTCCCAGAG	0	4.265789474	0			0	0		325
GGAAGAGATCTCAGTTGGCGCTCGGTAGAA	0	0	42.83009174			0	260.1213307		2
GGAAGAGTTTCGTCGAGACTGATGTGGATG	0	162.1	0			0	0		904
GGAAGCTTAACCATCTTCTACAACCCCTAT	0	0	3.569174312			44.57163531	0		2
GGAAGGCCTTCGGCATGCTCCCACTAAGAG	0	0	0			0	6.344422701		31
GGAAGGTCTGTAAGCGCTGGGCAACAATCT	0	4.265789474	46.39926606			0	0		1096
GGAAGTTATGCCATTCGTTGGACATAGTCG	0	0	0			0	28.54990215		12
GGAATAGGTGAATAACCGATAACTGGGTAC	0	0	0			0	6.344422701		16
GGAATATAACTTCCATAAGCTGGCAGGTTG	0	0	0			7.037626628	0		5
GGAATATGAGGTATTAGTTAGGTGAGAGGG	5	0	29.74311927			0	0		37
GGAATATGAGGTGACGATCAGTTGAGCATG	0	0	5.948623853			0	0		430
GGAATCAGACATTAGTCTGAATCTTTAGCA	0	0	0			0	15.86105675		555
GGAATCAGAGACTCCCAGCCGGCACGCCTT	0	0	0			0	6.344422701		6
GGAATCGCAGGCGTTACGATATGGGGGGAT	0	4.265789474	3.569174312			0	0		15
GGAATCGTAATGGATGTAATAGGGCCATTG	0	0	0			18.76700434	95.16634051		18
GGAATCGTACTGGTTATGAGTCGTCGTTAT	7269	1386.381579	720.973211			84.45151954	0		2149
GGAATGTATCGTAGGGTGCACAAAGTGTAC	0	0	0			0	31.7221135		5
GGAATTATTTATATTGCTTTCTGGTGATAA	0	0	0			129.0231548	44.4109589		21
GGAATTCTTGAACGTATTGAAGGGCGATGG	0	0	0			785.8683068	0		180
GGAATTTGTTCTAACTTAACGCGGGACAGA	24	12.79736842	0			0	44.4109589		43
GGACAAGAAGGTTAGAGTGTTGTTTTTTAA	0	0	0			60.99276411	69.78864971		19
GGACAATGTTACTATGAAGTGTGGATCGGA	0	0	0			0	0		1877
GGACACGATGATATTTACCTTTCCGCTCAT	0	0	0			302.617945	688.369863		332
GGACAGGTTCGACCCTACGGGGGGTGGGTG	0	0	0			398.7988423	333.0821918		6
GGACATTTAAGCGAGGTCGTATTAGGGTCA	122	4.265789474	635.3130275			105.5643994	95.16634051		49
GGACCAGAAGTGTGGGATCGGTGATGGCAG	0	0	2.379449541			11.72937771	0		0
GGACCAGTAAATTTGCGATATTGCTATGTG	0	0	0			16.4211288	3.17221135		25
GGACCGGGATAATATCGTGGGCAGACACGA	0	0	0			89.14327062	9.516634051		35
GGACCTTAAAACTACTTGCTTTGCGCGTTG	0	0	0			143.0984081	0		121
GGACGAACTGGTCAACGCTCGGGTCAACTT	0	127.9736842	650.7794495			0	0		60
GGACGAGCAGAGTGCGGAGGGTCGGGCAAA	0	0	0			0	9.516634051		345
GGACGAGTTCCTGGGGCACCGTACTGAGTT	0	12.79736842	0			0	0		40
GGACGCTGTGAGGCCTGGAGTCGGTATTTG	0	0	0			4.691751085	0		0
GGACGGAATATCTCGGGAAGTAGGGGAGAT	0	0	0			100.8726483	2093.659491		346
GGACGGCTTATGGTAGAGCCAACTCTACCC	0	0	0			0	6.344422701		3
GGACGTTGAAGATGTCAAGGGTACCTAAAT	0	0	0			204.0911722	114.1996086		63
GGACTAGGAGCGCTGTATTAGTGGTTGGGT	0	0	0			0	19.0332681		114
GGACTGCGTGGAGGGCCTCGTGGGTCATTG	0	0	0			28.15050651	19.0332681		54
GGACTGTCACAGGGCGGAGGTGTGAAGCTA	13	0	34.50201835			96.18089725	412.3874755		81
GGACTTGCTGATTTGGTAGTCAAAAACAGT	0	0	8.328073394			4.691751085	6.344422701		8
GGACTTTCTATTGAAACTCATAACGTGTAC	0	0	0			581.7771346	1091.240705		3
GGAGAACTTCGAGTCTCCTGATATATAATC	0	38.39210526	0			0	0		2
GGAGAAGGAGGGTAGGGCGTGTTGACCGGT	0	81.05	0			0	0		3694
GGAGAAGGTTAGGTAAGGCGTTGGAAAGGC	1129	132.2394737	324.7948624			952.4254703	1839.882583		125
GGAGAATCTGAGATATGCTCATTACGCCAG	0	0	155.853945			140.7525326	1313.295499		4355
GGAGAATGTGGTTAAGCGACTTTTGGTAAG	0	0	0			84.45151954	0		923
GGAGACCATGCTCCACAATGGTTCGAGACT	0	0	0			992.3053546	107.8551859		1880
GGAGACGGACATGGAGTTTAGTGGGCAGAG	0	0	0			100.8726483	111.0273973		49
GGAGACTCATGTAAACGGTCATCGTACGAA	0	0	0			9.383502171	12.6888454		121
GGAGACTGTGTGTGGTCAGCCCACAAACGG	0	0	4.758899083			0	0		7
GGAGAGCTTGGAATAGGTCCCCATTACGTA	0	0	13.08697248			0	9.516634051		3
GGAGAGGGAGCCGTTACCGAGTGTGGACTA	0	0	0			16.4211288	47.58317025		6
GGAGATCCTTTTTGCATCCTTGAGAGGCCC	0	0	0			2.345875543	3.17221135		0
GGAGATGTTATAGGTGTGTGGGCGAGGTAT	0	0	2.379449541			0	0		3
GGAGATTGATTAATGTTATCCAGGGTTGTA	0	0	0			30.49638205	107.8551859		233
GGAGCACAAAATCACGGAGGGACCGGGGCG	0	0	0			4.691751085	0		0
GGAGCATAAACTAGCTATTTTGGGTTTTGT	0	0	0			1055.643994	659.8199609		25
GGAGCCGGAATGAAGGCTCCAATACGTTTT	0	0	0			0	3.17221135		94
GGAGCGTCTAAGTCATGCTCAATTCGAATT	26	0	72.57321101			44.57163531	6.344422701		15
GGAGCGTGTAGATGTTCACGTAGGATTTAT	0	0	0			265.0839363	548.7925636		493
GGAGGAATATCGTTTACGTGTTACTTATAA	0	0	2.379449541			0	0		10
GGAGGATTTGCGTCCATCCTGTTAATGCTG	0	0	0			478.5586107	1919.187867		33
GGAGGGAGTATACGAGTAGCAGCCGGCGTC	0	0	0			0	15.86105675		20
GGAGGGGGTCCGTACATGACAGGGTAGTAA	0	42.65789474	0			0	0		246
GGAGGGGGTGTAGGCTTGGGTAAGGGGTGG	0	0	0			56.30101302	66.61643836		206
GGAGGGTAACGGGTGTGTGAGTTGCTTAAG	0	0	0			131.3690304	85.64970646		0
GGAGGTACTGTGCGCGACAAGATGACTTGA	0	0	8.328073394			0	0		2
GGAGGTAGATGGGGCTAGTGGTAGGTGGGG	0	0	0			9.383502171	28.54990215		12
GGAGGTTTATATCTCGCTCGTACTGAGTTC	0	0	8.328073394			0	361.6320939		1814
GGAGTAAAAGGCGTTGTTATGCTAATTAAC	17	8.531578947	3.569174312			0	6.344422701		4
GGAGTATTTGTTGTGGATGCAGGATGCATT	0	29.86052632	632.933578			0	9.516634051		100
GGAGTCGCTATATAGTTAGCGATCCGCGTA	0	0	0			7.037626628	19.0332681		10
GGAGTCGTTAGCGGGTAGGCTGCACGGAGG	0	0	8.328073394			0	0		2
GGAGTGTTTAGATTAGCGGTTAAGTGCAGT	0	0	0			0	50.7553816		875
GGAGTTAATTGATTGGGAGCTTCAAGGGAC	0	0	0			0	9.516634051		34
GGAGTTGAACCGGGGGTCACAGGAATCGTT	38	12.79736842	63.05541284			39.87988423	50.7553816		382
GGATAACTTTGGTCGAATTCTGTGTCATAA	0	0	0			755.3719247	2001.665362		46
GGATAAGTACCATGTGGCTCCCTTTAAGTG	0	0	0			419.9117221	555.1369863		461
GGATACCTATGGGTAAAGGGGGGAAGCACG	0	0	0			494.9797395	1741.544031		3279
GGATACTTATGGTCAGAGGGCTCAATCGGA	0	8.531578947	0			0	0		2
GGATAGAATGCGCTCTGTGCGGTGGGTTAA	0	0	29.74311927			0	0		94
GGATAGACTGACGGCCTTTCAGATCAGGTT	21	0	142.7669725			0	25.3776908		220
GGATAGGGTGAGTATGCAGAGGTGTATTCC	0	0	0			2.345875543	0		0
GGATAGTAAGTAGGCATCAACAACCCATTT	0	0	0			0	12.6888454		24
GGATAGTGTCGTCCGTATTCGGCGTTGGTC	0	0	0			0	28.54990215		553
GGATATAATTTATACTCTTGCTTAGGTAGC	0	0	0			35.18813314	6.344422701		10
GGATATATTCTCACGTTAATACGATTAAAT	0	0	0			1126.02026	76.13307241		16
GGATATCTTCACCTTGCTTTATCGGTACCG	0	0	0			7.037626628	6.344422701		6
GGATCAGGTTAACGAGCCCTTCGAATAGAG	1945	59.72105263	33.31229358			0	0		2605
GGATCGCAAACCTTTGGAGTTTGTGGCGCT	0	0	53.53761468			262.7380608	2236.409002		1432
GGATCTAGAGATCTCCCTTCCTAAGTAGAA	0	0	0			35.18813314	85.64970646		201
GGATGCTTAGTGGAATTAAGTATATGCAGG	0	0	0			23.45875543	0		70
GGATGGAGAAGACCCTGGGGAGCGACGTAT	0	0	0			4794.969609	120.5440313		77
GGATGGCTTGACGGGTGTCGAATCCATGCG	0	0	0			1944.730825	853.3248532		306
GGATGGGGTATCTTCAGGTGTCGTGCGGTA	0	0	290.292844			4.691751085	0		72
GGATGGTCACCATAAATCGTTTATTTCAAA	0	0	0			30.49638205	19.0332681		28
GGATGTCAACGGAGGGGATTGATGGTGGAG	0	0	0			9.383502171	0		3
GGATGTCAATAGCTATGAGAAGTGGAGTTG	0	0	22.60477064			4.691751085	0		19
GGATGTGCAAAAGGGAATTAAGTGGGGTGC	0	0	0			0	38.0665362		111
GGATTCATTTTAGAGCTTTGTCTCGCCTGC	11	0	0			0	15.86105675		6
GGATTCCTATTCGGGCCGAAATCAGCGAGT	0	0	0			16.4211288	120.5440313		3
GGATTGGGTACCGACGGTTCGGACGGTTAG	0	0	0			9.383502171	22.20547945		11
GGATTGTCAGAAATCGGAGTTACAGGATGG	0	0	104.6957798			0	0		294
GGATTGTGACGATACTCTACCTGGCGAAAT	0	0	0			21.11287988	0		2
GGATTGTGATTGAAGAAATTTTGCGCTTTC	0	0	0			0	15.86105675		1172
GGCAAAGCAAGGAGCTGAGCGCCGTGGCGT	0	4.265789474	21.41504587			37.53400868	91.99412916		89
GGCAAAGGTTGCTGCTTGTTAGACAACGGG	0	0	0			16.4211288	6.344422701		11
GGCAATGTATGGTCTTACGGCTCTATCACC	45	0	0			0	3.17221135		16
GGCAATTTTGAACTTTTTTACCTGAACTTG	0	0	0			11.72937771	3.17221135		5
GGCACAAGTTGACGAGTTACGTAGGACGAT	0	0	0			0	6.344422701		84
GGCACATAAGGCGAGTAACGCGAAGTGTGC	0	0	2.379449541			0	0		4
GGCACGGGTGCTCTGAATAGATGGTACATA	0	0	0			0	3.17221135		30
GGCACGGGTGGGTCTAGGGTTAGGGATGGA	0	0	0			607.5817656	1164.201566		59
GGCACTTATTTGTTCGTCTCGGTAACGTTC	0	0	0			236.9334298	126.888454		7
GGCAGCGCTTCCAGTGGGGAGGAATAGACC	0	4.265789474	0			0	0		55
GGCAGCGTATGTCGCAAGTTGCAGGGGCAT	0	12.79736842	0			82.10564399	0		6
GGCAGCTGAGAAACTATGGCACCAATGGGT	0	0	0			4.691751085	0		0
GGCAGGAGTGCGGGGGCACATGGCTGTAAG	55	4.265789474	19.03559633			0	38.0665362		471
GGCAGGGTATTGATTGACCGTGTGGCAGCC	0	0	0			2.345875543	19.0332681		9
GGCAGGTGTGGAGTAGATAGGGGAGGTTAA	0	0	0			14.07525326	34.89432485		16
GGCAGTGCTTCGGATAGCGCAACAGCAGGC	0	0	0			0	12.6888454		3
GGCAGTTATAGGGATCCGAACGAACAGTTC	0	0	4.758899083			0	19.0332681		70
GGCAGTTGAACGGGTGTAGTCTGTGATAAG	0	0	40.4506422			0	466.3150685		127
GGCATAAAAAGGATGATGATATAAAGCGCA	0	0	0			0	31.7221135		22
GGCATGGGAGTACTGTTATGTCCCGCTGAG	0	0	7.138348624			206.4370478	174.4716243		1372
GGCATGTTTCTAGGGGCCGCTCGTATAGAG	0	0	0			2.345875543	0		6
GGCATTCTTATAATATTCGTAGTACCCATC	0	4.265789474	46.39926606			25.80463097	0		48
GGCATTGGATCGGACATTCTGTGGCGCCGG	0	0	0			14.07525326	15.86105675		25
GGCCAACTACCGACTTGAGCTCTAATGTGT	0	0	0			204.0911722	279.1545988		115
GGCCACGAAGAGTGCGCATTTTACCCTGTG	0	0	0			283.8509407	98.33855186		9
GGCCAGCCATGACTATTTGCGCGAATCGCT	0	0	0			119.6396527	53.92759295		35
GGCCAGCGTATGACTGGTCCAACGTGTAGT	0	0	13.08697248			0	0		24
GGCCAGTTACTTTTTTCACTCCGTTGACGC	0	0	0			86.79739508	523.4148728		773
GGCCATAAAAAGGTACCGTTTCGCGGAAAC	27	4.265789474	61.86568807			11.72937771	6.344422701		13
GGCCCCGCTCCAGCCTGTGCTAAGGCCGAA	230	0	46.39926606			0	9.516634051		262
GGCCGCGATTCGTTGGCTATGGCGAACGGG	108	34.12631579	71.38348624			466.829233	548.7925636		4
GGCCGGCGTTACACGCCGCCCAGGTATCGG	0	0	0			192.3617945	199.8493151		249
GGCCGGGATCATAGCGTGGCAAAGAGTGGG	0	0	9.517798165			0	0		2
GGCCGTCATCTACCTGATTTATAGACTGAA	0	0	0			0	323.5655577		1122
GGCCGTCGTGCTAACTAAGTGAGATGGTCA	0	0	0			4.691751085	44.4109589		60
GGCCGTGAATTTGTTATTCACGAGTATCAA	0	0	0			0	12.6888454		4
GGCCTTCGATGAGGTGTGTCTGTATTGAAT	0	0	0			7.037626628	0		720
GGCGAACGACATGTTGAGGATGCTATATGG	0	878.7526316	0			0	0		649
GGCGACTATTCCGGGGTGGTCACTGGCGCT	0	0	0			16.4211288	19.0332681		6
GGCGATGGAGACCTATCCAAGATTGAATAG	0	93.84736842	15.46642202			0	41.23874755		3008
GGCGCATGTGCATTTCTAATGAAATTACGT	0	230.3526316	328.3640367			46.91751085	0		220
GGCGCCGTATAAATTGTTTTTTTGTGTAGC	260	290.0736842	3366.921101			480.9044863	479.0039139		870
GGCGCGGAAACTGGCCCTGTAGAACTGATT	0	0	9.517798165			16.4211288	53.92759295		452
GGCGCGGGTGGTTAATTATTGGCACGGATG	0	0	0			86.79739508	88.82191781		111
GGCGCGGTTGTATGTTTAATTCAATGCCTA	0	0	0			347.1895803	634.4422701		759
GGCGCGTCTTTGGCTGGAGGGGGGCGTCAA	0	0	0			60.99276411	50.7553816		0
GGCGCTCTTAGAGTCTAAGTCGAAGAGTAT	71	0	0			16.4211288	47.58317025		3
GGCGGCGCTAAAGGGATTGACGTTGTAGCG	0	0	0			9.383502171	38.0665362		45
GGCGGGACTGAAAGGCTCGCCCTAGGCGGA	2	8.531578947	262.9291743			32.8422576	120.5440313		2
GGCGGGCATGCTAGTGGTGAGACAAGATGG	0	0	42.83009174			372.9942113	196.6771037		430
GGCGGGCTATAAGGAAGTATCAGTAAGATT	0	0	0			9.383502171	3.17221135		17
GGCGGGCTTCAGCCCGCACAATAAGCAGGG	0	0	24.98422018			0	85.64970646		26
GGCGGGGGAGATGACTCACCGATGCTTAAG	0	0	77.33211009			0	0		44
GGCGGGTAATTGGGTAATAGTGGCTTGGGT	0	0	20.2253211			0	0		72
GGCGGGTGTTCGAACTCGCTTCTGCGTAAG	0	76.78421053	0			0	0		744
GGCGGGTTTCTTGCCCCTAGTTTTAGTCGA	0	0	0			190.015919	41.23874755		15
GGCGGTTTACGCGCCGTTCTGAGAGGGGTA	0	0	0			0	6.344422701		0
GGCGGTTTATATGCAAATTATTGTTTGAGA	3	0	16.65614679			0	9.516634051		110
GGCGTAATTTGGGTGTAAGATCAGGACACG	0	0	13.08697248			0	15.86105675		0
GGCGTACATGAGTGCACCGCGATTGGAACT	0	0	0			21.11287988	3.17221135		3
GGCGTAGGAGGCGAGCAGGAGGTTGAGGTG	0	0	0			0	3.17221135		92
GGCGTGCATCCTAAAAGTGGGCCGTGGTTC	0	0	3.569174312			0	0		52
GGCGTGCCTGGTTTTGCTTGTAGGAAGTGA	0	0	11.89724771			0	0		25
GGCGTGGAAGAAGCGCATGTGGTTGGTATT	0	8.531578947	0			0	0		261
GGCGTGGGAAAGCCATTCCTCATCAATTGT	0	0	0			23.45875543	22.20547945		386
GGCGTGGGAAGTGCCACTCAGGTCAATTTG	0	0	0			185.3241679	295.0156556		343
GGCGTGTCTCTGTTGCTGAACGGTCCCGAG	0	0	0			0	6.344422701		3
GGCGTGTTTGCGACCAACTACGGGATTACA	0	0	0			105.5643994	0		442
GGCTAAGGTGATGGGACGTGATGGGTACAA	0	0	0			121.9855282	34.89432485		261
GGCTAGGCACTTAAGGGGAGGCTAGTAGGT	0	0	0			18.76700434	0		693
GGCTAGGGTGCTTGGGAAAAAACAATTTCG	0	1625.265789	0			0	0		24
GGCTATCTACATCTCACTTTACCAGAAACG	0	0	0			72.72214182	12.6888454		13
GGCTATGCTGTTTTCGCCAATCAGTGTGAC	0	4.265789474	40.4506422			0	0		21
GGCTATGTAAAATGAACGTGGTGCAGGTAC	0	0	2.379449541			0	0		2
GGCTCAAAAAATGTTGGGTGGAATGTGCCG	0	51.18947368	0			0	0		65
GGCTCAGTAAGCACCGGATGGGGAGTAAAT	0	0	0			63.33863965	12.6888454		108
GGCTCCACAGCATGTTATCCCGACGGGTAG	0	0	0			0	63.44422701		235
GGCTCCAGTTGGGCTGAATGCGCCGGACTG	0	0	0			2.345875543	0		534
GGCTCCATTTTTACCATAACGACTACGACG	2	0	0			7.037626628	6.344422701		3
GGCTCCGTATGCCTGTTTAAGTTAAGCTGG	0	0	0			0	3.17221135		22
GGCTCTCATACGTTCGCTCTTTCAGGTTAT	0	0	0			0	3.17221135		92
GGCTCTCGAAATTAGGGTTGTTCATGTGGT	0	0	0			35.18813314	60.27201566		6
GGCTGACGTCGAAATTGAGCGCCACGAGTT	0	0	0			9.383502171	12.6888454		0
GGCTGGCAATTCGATGAGAGGGCGAGAAAG	0	0	0			0	6.344422701		0
GGCTGGCATAATATTAATATTAACAAAGGT	0	0	0			32.8422576	28.54990215		2
GGCTGGTATAACTATGTATGGAATTTTAAG	0	0	0			0	9.516634051		0
GGCTGGTCTGAAAGTACTGTTAATTGATAG	0	0	2.379449541			0	0		5
GGCTGGTTTAGTATTATACTATTAGGGCTA	0	0	0			4.691751085	6.344422701		2
GGCTGTGCTTGCGTTGATCAAAGTATGGGT	0	0	102.3163303			0	0		55
GGCTGTTAAGCAGCCTCGACGTAGGCTCAA	0	34.12631579	0			0	47.58317025		948
GGCTGTTGAAATAGGTTCGAATAAGTTCTG	52	46.92368421	122.5416514			0	0		10
GGCTTAAAACCGGGGTGTCATGCCACACGT	0	409.5157895	0			0	0		0
GGCTTAGTAGAAGTAACGGAAACTGACGGC	0	0	0			21.11287988	28.54990215		22
GGCTTATCACCTGTGGTCTGTTTAGACAGT	0	0	0			0	12.6888454		0
GGCTTCGGAGTATTCAAACATTGCAGCTTT	0	0	0			2.345875543	0		0
GGCTTGCATCCTGATGTTTCCAATAGGACG	0	0	5.948623853			9.383502171	0		75
GGCTTGCCTTCTGCGGGGTTACCGTGGTTT	0	4.265789474	0			0	0		557
GGCTTTCCATATTGCTTTACTGCCACTAAT	0	162.1	78.52183486			0	0		7
GGCTTTGTTACGCATGTTATGAGTGTAGCG	0	25.59473684	0			0	0		49
GGCTTTTCTCTAAAATATCGGAAAGGCCGG	3	4.265789474	15.46642202			11.72937771	0		37
GGGAAAGATGGTACGGATTTCGGGTGTAGG	0	0	0			32.8422576	41.23874755		13
GGGAACAGATGCAACGGTCGCATTTGGCGG	0	0	26.17394495			0	0		58
GGGAAGCAATGCCGACGGGTGGGCGAGATG	0	0	0			63.33863965	91.99412916		690
GGGAAGCATACAATTGGCCCCGAATACGAA	0	0	0			227.5499276	41.23874755		246
GGGAAGGGAGTAACAGGGTGGATACGCAAG	0	4.265789474	0			0	0		14
GGGAAGTCTAGTCATGGTTGGTACACAGCG	0	0	0			58.64688857	111.0273973		320
GGGAATCGAAGGGTGGCACCTCCTAAAGGT	0	0	0			1555.315485	0		2020
GGGAATCTTCGAGAAGTAGTAATGGTCCGA	51	0	42.83009174			0	0		15
GGGAATGGTAATAGGTCGTGACGAAGGCTC	8	4.265789474	17.84587156			0	9.516634051		10
GGGAATGGTCCTCGCTTGGGTAAGGATGAC	0	0	7.138348624			0	0		8
GGGACAAATTGGCGGCACTGGGAACATCGC	0	0	0			100.8726483	85.64970646		27
GGGACAGCTCACGACGGTCTTCCTCGCGAT	78	0	0			478.5586107	853.3248532		2129
GGGACCCGTCTTTGCCTGCTGGCGAATTCT	0	51.18947368	0			0	463.1428571		213
GGGACGATAGAGGAGTCTGTTGCTAAGTGT	0	4.265789474	0			0	0		4
GGGAGAGTTGTATCCGTAATGATCCGTGTA	0	42.65789474	0			0	0		0
GGGAGCCTACGTATAAATCCAAGAATTAAA	0	0	0			56.30101302	0		14
GGGAGCGCTCGGCAAACATTGTGCGAAGAA	0	0	3.569174312			25.80463097	9.516634051		45
GGGAGGTATCGATATACATTACTGCCGGCG	0	0	0			2.345875543	0		5
GGGAGTAGTTTGGTTAATAGGAATTTGAAT	0	0	0			0	19.0332681		39
GGGAGTGCAAGCCGCGTCTAATGATTGAAA	0	0	17.84587156			593.5065123	885.0469667		669
GGGATAAATGGGGCGTTAGTCACAGACACG	0	0	0			0	107.8551859		58
GGGATACGTATAACAGCCTTAGAGGGTAGC	0	0	35.69174312			0	3.17221135		0
GGGATCCTTTCTCTTGTAAAACGTTCCTTA	0	110.9105263	82.09100917			0	0		12
GGGATGCGAGTTAGCCCGAAACGGTCACGA	0	0	0			2.345875543	3.17221135		572
GGGATGGAAAATGAAGATGCGATTGAATGG	0	0	22.60477064			0	0		32
GGGATTACTCCTATGCATCGAGGAGCTATA	0	0	0			23.45875543	25.3776908		0
GGGATTATTGTTGAGTTCTTAGGTTGGATG	0	0	30.93284404			0	0		0
GGGCAAACTCAAGCGGTTTGCTTTCTAAGG	0	0	20.2253211			119.6396527	187.1604697		733
GGGCAAGCACCGTGCCCTAGAGATTCTTCG	0	0	0			4.691751085	6.344422701		2
GGGCAATGTTTTAATGTCAGCAGTAGGGAT	0	0	0			4.691751085	6.344422701		3
GGGCAGTTAACGGGTCGGCATCGGCTGATA	0	0	0			23.45875543	12.6888454		29
GGGCAGTTAAGTGTAAAGCTGACCGTTTCC	0	0	0			2.345875543	0		13
GGGCATTAATATTAAGCCCAAACCGCGGTC	0	0	0			25.80463097	6.344422701		61
GGGCCCAGTGTTTTGGTGGCTCGGAAGCAG	0	0	0			14.07525326	0		288
GGGCCCGATGTAGATCAACAAAGATACCCA	0	0	0			0	15.86105675		17
GGGCCCGGTGCCATCCTGGGACCCGGGGTA	0	0	0			443.3704776	149.0939335		611
GGGCCGTCAATTTTACTGCGGCGTGAAAGT	58	0	229.6168807			0	6.344422701		1102
GGGCCTGATGGTACTGCCTCGCGCCATTTC	0	0	0			63.33863965	9.516634051		9
GGGCGAAATGATGGAAGATGTCAGTATTAA	0	0	0			314.3473227	0		75
GGGCGAACTTTCTTGTAGTTGGTTAGGTAA	0	0	0			16.4211288	0		128
GGGCGCTAAGCTGTGGGGATGGGTCTGACG	0	0	0			0	22.20547945		5
GGGCGGGATTGCGAATCGCTTGGCTAGGAA	0	0	4.758899083			0	0		0
GGGCGGGGTCGAGCATGCGGTGCACACTTG	0	0	0			382.3777135	364.8043053		8
GGGCGGTTACGAAAGTGCAGCACATGTTAG	0	0	0			0	15.86105675		19
GGGCTCCGTAGTTCTCTCATTCATCCTAAC	0	0	168.9409174			1625.691751	1167.373777		1134
GGGCTCCTTACAAGTCTGGAATGGGGGAGG	0	4.265789474	0			0	0		66
GGGCTCGATGGAAATGCGTTGTATGCGCGG	0	0	0			4.691751085	3.17221135		3
GGGCTCGCTCCTGGTGGGAAATAGTCAGCA	0	0	0			11.72937771	0		4
GGGCTCTTATGTACAGAGGTGCGAATGGGC	0	0	0			0	3.17221135		20
GGGCTGGAAGAAGAAATGATTGAACTGCGA	0	0	0			42.22575977	9.516634051		21
GGGCTGGCACACTGTTTGTATATCTCCACG	0	4.265789474	0			0	0		989
GGGCTTAGTACTCGGTCCGGGTGCTCTCTG	0	8.531578947	0			0	0		0
GGGCTTGGATTCTATGAGTCGCTTGTCAAT	0	0	341.4510092			0	0		18
GGGGAAGGTTGCAGTTACCGGCGAAGAAGA	0	0	0			39.87988423	15.86105675		27
GGGGAATGTGGGTCATTCGTGCTGAGGATG	0	0	0			2.345875543	0		59
GGGGAATGTGGTCGGCACAGAATAGATTAG	0	635.6026316	154.6642202			0	0		1652
GGGGAATTTTCAAGGTAAGCACAGGTCCAC	0	0	5.948623853			968.8465991	12.6888454		30
GGGGACAGAACTTGTGTGGGGTACCACATT	0	0	0			11.72937771	22.20547945		44
GGGGACAGTGTTGTACACATGTGCGAAGAT	0	0	23.79449541			0	0		24
GGGGACCTTCCCTGACAAGCGTAATTCTGC	0	0	73.76293578			18.76700434	57.09980431		1780
GGGGACGATGAAGGAATCCCTCCTGGACAT	0	0	0			0	0		3
GGGGACGGAGTAAGAAATTGTTCAGTTAGT	0	0	0			9.383502171	3.17221135		0
GGGGACTTACTGTCATCGACTTGTCAGCCT	0	0	0			2.345875543	9.516634051		16
GGGGAGCAATGAGTTCGAATAAGTGAAGGG	0	0	0			4.691751085	9.516634051		3
GGGGAGCGTTGGACTATGTTGTGCGGGGTG	0	0	14.27669725			0	88.82191781		31
GGGGAGTTTTGAGTGGCGAATTAATTGGAT	0	0	70.19376147			0	0		309
GGGGATAGTATTTGCGTGATCGTTGCATAG	0	0	0			21.11287988	9.516634051		33
GGGGATCGTGAGTGACTAACGTGAGGTAGC	0	0	0			0	0		3
GGGGATGCTGGGGAGCTGGGGGTGAAAGGT	0	0	0			0	9.516634051		896
GGGGATGGTTCGTTAGCGTTAGGAATAGTG	76	0	321.2256881			621.6570188	491.6927593		51
GGGGATTTAGTGTGTTTTTATAAATTACGA	0	0	3.569174312			0	0		3
GGGGCAACTCCAAGCCCTTAGTCGATGGCA	0	0	0			140.7525326	145.9217221		461
GGGGCAGCAGGTATTTGTGACCAGGCGCAG	582	0	45.20954128			649.8075253	1157.857143		47
GGGGCAGGTAAACGGATCATATATAAGCTG	0	0	0			253.3545586	291.8434442		51
GGGGCCGCACAGGAGTGGGCGTGGAGCAAT	0	0	0			0	12.6888454		273
GGGGCGATTGGGTCAGAATAGCGTATATAA	0	51.18947368	0			225.2040521	133.2328767		999
GGGGCGGCATCGGTTAGTATTTTTGAGGGG	0	0	963.6770642			0	0		1097
GGGGCGGGAGACCTGGACGGCGCGTGGGGA	550	904.3473684	650.7794495			0	12.6888454		1450
GGGGCGGTTAGCTCAGATTCACGTGGGAAG	0	0	0			0	3.17221135		2
GGGGCGTAATATCTGTGTCTATACGGAAGA	0	0	0			2.345875543	0		2
GGGGCTGGATATAGAGTTTCTGTGTTGTAG	0	0	0			28.15050651	6.344422701		77
GGGGGAAATCCTTCGGGGCAGGCAGTGTAA	0	0	0			2.345875543	15.86105675		6
GGGGGAAGAAACTGAGGGGACGCTTATTTA	0	0	0			4.691751085	0		9
GGGGGAATATAAGTGATTCACTTGAGAGTG	0	0	0			53.95513748	0		4
GGGGGACGTGTCATGGCAATCGCGTAAGTG	0	0	3.569174312			0	0		2
GGGGGACTTGCCGAAAGGTCGATGTTGGAA	0	0	486.5974312			0	0		153
GGGGGAGAAGACGGGTGACCCAGGGCAGAG	0	0	0			114.9479016	82.47749511		57
GGGGGAGCAGGGATATGGGTGGAAAGATCG	0	413.7815789	71.38348624			335.4602026	139.5772994		561
GGGGGAGGTATACGCTATGCTTAGGCCTGT	0	25.59473684	0			0	0		6
GGGGGAGTTGGTCACCTCGGAGGCGGGAGG	0	0	0			276.813314	60.27201566		109
GGGGGCATAGCAGGAAAGGCGAGAACAAGG	0	0	0			0	6.344422701		18
GGGGGCTAAGAATTGTATTATTAGGGGTAG	0	0	0			154.8277858	161.7827789		136
GGGGGCTGATGGGTTGGATGGGAACTACTG	0	0	0			0	3.17221135		12
GGGGGCTTAAAAGGGATATACGCGGGTTTG	185	34.12631579	195.1148624			0	28.54990215		2
GGGGGGACACCGTGGCATAGGAATGTCTAG	0	0	0			0	19.0332681		16
GGGGGGATATGGTGTTTGGGGAGGCGGGGA	11	0	14.27669725			60.99276411	50.7553816		15
GGGGGGATTGGGATCATTCGGGCAAAATTG	0	0	0			161.8654124	19.0332681		7
GGGGGGCCTGTTAAGCGGGTCCGCCGTTGC	0	0	0			23.45875543	66.61643836		8
GGGGGGTATAACGGGATTAATGGGCGAGAA	0	0	4.758899083			0	6.344422701		279
GGGGGTTCAGTTGAAGGCTGACACATTATG	0	0	0			93.83502171	44.4109589		48
GGGGGTTGACGCTATGTCACACGGGCGGGG	0	0	0			0	28.54990215		264
GGGGGTTGTGGCACGGTCTCTGGGTAGGAC	0	0	0			591.1606368	304.5322896		2283
GGGGTAACACTGTATGTGTAACGCTTTGGG	0	174.8973684	717.4040367			0	0		11
GGGGTAAGTCGGCGTGCTACAATGAAGAGC	0	0	11.89724771			0	3.17221135		2
GGGGTAATAAAGGGGGAACCGCCACTCGTA	0	0	0			1815.70767	1855.74364		33
GGGGTACGTTTGGACCCTCCGAAAGTGAGG	0	0	0			21.11287988	6.344422701		12
GGGGTACTTATGTATTTAATGTCGGCTGGC	0	0	2.379449541			0	0		3
GGGGTAGGAGTTCCCCCTCTCATCATCCAA	0	0	0			0	41.23874755		20
GGGGTATATATGTGACCATATAAATGTTAA	0	0	0			138.406657	444.109589		806
GGGGTCCAAACGCTGCGGCCAGAGCTGCTG	0	0	0			7.037626628	0		5
GGGGTCCGTTAGATCGACGGTTTGTAAACC	0	0	0			0	28.54990215		0
GGGGTCCGTTAGGTGGAATGGTGAGAGGGC	0	0	8.328073394			21.11287988	12.6888454		15
GGGGTCGAATAGGCCAAGTAACCGTGTGGA	0	0	0			2.345875543	28.54990215		10
GGGGTCGATAAGCAGGGGGAGGGCATGGAA	5	4.265789474	2.379449541			0	0		3
GGGGTCGGACGATGGTCGGTTGGCATGACA	0	0	0			0	9.516634051		3
GGGGTCGGACTCGTGGGTGCGGAGGGGGTA	0	0	0			7.037626628	22.20547945		7
GGGGTCGTTCGACATTGGCACTCAACGGGA	0	0	139.1977982			0	0		0
GGGGTGCCTTACACACTTGACGTGGTGTCG	0	0	0			0	15.86105675		162
GGGGTGTGACCTGAAGAATAAATGTTAACT	0	0	0			77.41389291	174.4716243		17
GGGGTGTTACGCTTGTGAAGCAGCCCTTGT	0	0	0			91.48914616	0		27
GGGGTTAATGAGACATTAGTGTAAACGGAG	0	0	0			42.22575977	0		45
GGGGTTAGTGCGACTTCTAGCGCGCGCGCA	0	0	0			2.345875543	12.6888454		0
GGGGTTATTAATTTGAATCTCTACCCCCGG	0	0	0			0	22.20547945		21
GGGGTTCGAGTGGGAACCTTGCTGGTAGTG	0	12.79736842	0			0	0		11
GGGGTTCTTACCGTCGGGAAGTGGTTTATT	0	0	0			152.4819103	301.3600783		13
GGGGTTTGAGTATTTGACCGGAAATAGTGC	0	0	0			2.345875543	0		14
GGGGTTTTTCAGGCGGCACACAAATAGGGT	0	72.51842105	0			0	3.17221135		354
GGGTACATATCATACCCGTAGAATTGATCT	0	0	0			182.9782923	152.2661448		36
GGGTACTTTGTCGCTCAGGGTTGAAGAGGC	0	0	29.74311927			0	0		0
GGGTAGAAACTATCCTTAGCGCTGATTACT	5	0	0			16.4211288	174.4716243		2811
GGGTAGAGTATGGGCGGGGGGGCGTTGACA	0	85.31578947	210.5812844			131.3690304	770.8473581		813
GGGTAGCCATAAATATCCGCGGATGACAGC	0	0	0			121.9855282	0		25
GGGTATACATACGCGCCTCGAATGCATATA	0	17.06315789	0			0	0		580
GGGTATAGATGGCTCTATACGGTGGGTTGG	0	0	0			25.80463097	12.6888454		4
GGGTATGATGCTGACGACAAGCGGATGGGT	0	0	0			68.03039074	0		32
GGGTATGCAAGGATCGTGGGTAATGCGAGT	0	0	0			16.4211288	25.3776908		25
GGGTATTCATCGATACTCCGACAGACTCGG	0	0	0			16.4211288	6.344422701		41
GGGTCATCTCAGATAAGAAGGTTTGCATAG	14	191.9605263	2629.291743			192.3617945	1027.796477		23
GGGTCCATTTGGCTTGCAACATCCCGGAGT	0	0	0			0	25.3776908		1447
GGGTCCGAACGTTCGGCGCGGGATCTGAGA	0	12.79736842	2.379449541			0	9.516634051		5
GGGTCCTAATCATTGTGTAATTTTATGGAC	0	0	4.758899083			0	0		7
GGGTCGAAACTGGCTTTCTTTTTGCGCTCT	0	0	19.03559633			0	9.516634051		1314
GGGTCTGGTCATATCAATTAGTTATATAGG	0	0	0			9.383502171	0		30
GGGTCTGTAGTCGTCAGGTGTATCGTCGCG	0	0	5.948623853			0	28.54990215		2
GGGTGACTTATCGGGGGTTCACCGCGGTTC	0	0	0			476.2127352	82.47749511		171
GGGTGAGTTCTGTGAGGGCGGTCGAAATCG	0	0	9.517798165			0	6.344422701		12
GGGTGATGAGATCGGCGTTATGGTGGGACA	0	0	24.98422018			100.8726483	1284.745597		1506
GGGTGCAGATCTAGAAGATATGTGTGCCAA	16	25.59473684	168.9409174			150.1360347	507.553816		122
GGGTGCAGTGGCAGGGCGTTAGGCGCTCTG	0	0	0			762.4095514	114.1996086		313
GGGTGCCGTCCCATGTACAATGATGGTATT	0	0	0			77.41389291	15.86105675		39
GGGTGCGTATCGGGGCGGCGTTGGGGCACA	0	0	3.569174312			0	0		4
GGGTGGCGAAGTGTGAAATCCACGGCGCTG	0	0	0			18.76700434	88.82191781		37
GGGTGGCGACGGGGCTGGTTAGCGTGGGGC	2	4.265789474	34.50201835			0	0		17
GGGTGGGATCTTTGTGATGGTATCGACTTC	0	140.7710526	0			0	0		353
GGGTGGTAATTACATTCGTCCTCGCGAGGT	0	0	0			18.76700434	6.344422701		445
GGGTGGTATGCGCCTCCGACTTTGCTTTGG	0	0	42.83009174			0	0		32
GGGTGTAAATGATGCTCTCCAACCTCGGTC	0	0	0			0	25.3776908		1993
GGGTGTGAACCTTCTGGGGCCAAGGTAAAG	0	0	54.72733945			0	0		1345
GGGTGTGAAGCAACCAAGCCGCTGGCGAAA	0	1437.571053	0			0	0		479
GGGTGTTGAGTGTTGGGTGCACGGTTGACG	0	0	3.569174312			7.037626628	0		17
GGGTGTTTATGCTAACGTTTTCATGGGGCA	3	0	34.50201835			131.3690304	187.1604697		143
GGGTTAGTAGTTCATGAACAACTTCATATT	0	0	2.379449541			143.0984081	0		40
GGGTTATCATGCCCGGGACCCACGGATCAC	0	0	4.758899083			0	0		13
GGGTTCCTTGTCATTATGATTACTCGCGTC	0	0	0			0	3.17221135		6
GGGTTCTAACAGCTTCACTCTATTTGAAGT	0	0	3.569174312			0	0		5
GGGTTCTCAAGGGCCACAGTACTCTTGGGA	0	0	0			42.22575977	0		396
GGGTTCTTTTCATGGAACGGTTGCTGTTAT	0	0	0			58.64688857	76.13307241		54
GGGTTCTTTTTATTCCACTTGTCTTAACAG	0	0	0			229.8958032	145.9217221		57
GGGTTGTCAGTACAGAACCTCTTTCGGAAT	0	0	0			2793.937771	3454.53816		2740
GGGTTTATACTCACGTTGATCCGGGAGATC	0	0	0			9.383502171	28.54990215		16
GGGTTTGGAACCTGCTAGAGTAGTGCACTT	0	0	0			129.0231548	275.9823875		8
GGGTTTGTTGAACACACGGATGGTTACATC	0	0	0			79.75976845	183.9882583		167
GGGTTTTCAAGTTGTGGGTTAACAATAACC	0	0	0			18.76700434	34.89432485		17
GGTAAACTTCAGCTGGTCGGGTACGGTCCG	0	0	0			0	3.17221135		3
GGTAAATGATATGGCGCGTTACGTCTATTC	0	0	65.43486239			0	0		5
GGTAAATTTGAGAAGGTGTACTAGTGGGCA	0	0	0			11.72937771	12.6888454		71
GGTAACATAGTAGTTGTTTGCTTTTCAAGT	0	0	0			4.691751085	0		13
GGTAAGGTTGGGGGTTCGCAGGTGGACCAA	0	0	0			37.53400868	0		3
GGTAAGTCTGGGTGGGGGGATGTGTTCATT	0	0	128.4902752			23.45875543	161.7827789		392
GGTAATAAAGATTGGGGGTTATTGCAGATC	0	0	44.01981651			0	241.0880626		3294
GGTAATACAATGATAGTTTGTACGGATGTC	0	0	0			4.691751085	0		5
GGTACAATTACTATTATTTCGTCCTTTATT	7	46.92368421	187.9765138			0	352.1154599		711
GGTACCAATCTGAACGGGTGATGTGCGGCA	0	25.59473684	0			0	0		2399
GGTACCTTAGTAACCAGCTTGGTCCGAGTT	0	0	0			2.345875543	0		44
GGTACTGGTGCCCACGGTCGAACATTATTC	0	0	9.517798165			0	0		149
GGTAGAAATTATTGCGCTCGATCCTTAGAA	0	0	0			0	25.3776908		4
GGTAGAACTGCGTGAGGACATGTACCCTGA	0	0	0			7.037626628	0		247
GGTAGACGTTCGAGATGATGTATGAGGGAT	0	0	0			9.383502171	0		4
GGTAGGGTTTCGGGAACTGCCGAGACTGGA	0	0	0			1433.329957	650.3033268		9
GGTATAAAAGCGTAACACAAGAGAAACTAC	0	0	0			86.79739508	120.5440313		85
GGTATAAATTTATGAGGGGGTTGCCGGTGA	0	0	0			0	6.344422701		2
GGTATAACATCGGCCGAGCGTGCGCGTAAA	0	0	0			16.4211288	0		6
GGTATAATTCCTTAGTCATTCATCGTTGAA	0	0	2.379449541			7.037626628	0		41
GGTATGGGTGAGTATTTCCTTTAGCAGGAT	0	0	314.0873394			0	0		243
GGTATGTGTACGTGTACTTGGGTCGTAGCT	0	0	0			1079.10275	152.2661448		2464
GGTATTACTTCGAATATAGTGTCAACTAGC	0	0	96.36770642			49.2633864	41.23874755		2118
GGTATTGCTAAGTTGCGATGTAGTGGTGCA	0	145.0368421	0			0	0		461
GGTCAAGGATGACCAACGGGAGTCGATCTT	0	0	0			9.383502171	0		715
GGTCAAGGTTGAGGAAATTCAAAGGGTGTT	0	0	0			9.383502171	0		33
GGTCAATATGCTACCGGCCGCAACATGCGC	368	264.4789474	508.0124771			2.345875543	22.20547945		278
GGTCAATATGCTACCTAATTGCCGTCGTGA	0	0	2.379449541			0	0		2
GGTCACAATGAGTTAATAGCTGGCATTTTG	0	0	0			4.691751085	0		24
GGTCACCATTTGTAGGTATCTTGTGTTTGT	0	0	10.70752294			0	0		2
GGTCAGATTATGCGAAAGCCATACTGATCG	0	0	0			4.691751085	15.86105675		15
GGTCATCGTTGATACTGAGGAACACTCGCA	0	0	0			107.910275	82.47749511		98
GGTCATGGTTTTAAGAGACAGATCTTGAAC	0	0	0			0	0		3400
GGTCATGTTGAGATAAAGTATGATTTGCGT	0	0	0			60.99276411	12.6888454		0
GGTCCATGTGAAGTTTATAAGTAGGCATCG	0	0	196.3045872			0	0		4
GGTCCCATTCTAGACTTAACATTTAACGGC	0	19294.16579	0			0	0		11
GGTCCGACACGCTAATGTGCAGCATCTTTC	15	0	32.12256881			152.4819103	50.7553816		1543
GGTCCGCCTGTAAATACGTCCCACCAACCG	0	0	8.328073394			0	0		21
GGTCCGGGATCGTGACTGTCAGCGCAAGGG	0	0	0			0	0		178
GGTCCGTAATTGCGTACGCCCGTGGGCGCT	0	0	3.569174312			68.03039074	0		65
GGTCGAGTTGGACTATAGCTTTGTGACCGC	0	0	0			39.87988423	0		90
GGTCGCAGTCACGTTTTATGTCGTTTATGT	0	0	0			21.11287988	12.6888454		5
GGTCGCGATAATCTAGGGGCAGGGAAATCG	0	0	0			4.691751085	3.17221135		18
GGTCGGACATTAAATGCAAAGGCTGGCTGG	0	0	5.948623853			0	0		19
GGTCGGCGTTCACCTTGTACGCCTGGGTAG	0	0	0			0	6.344422701		4
GGTCGGTTTGTCCTTCGGTAGTGATTGCCC	0	0	14.27669725			0	0		2
GGTCGTAGTAAGCGGAACTAGGTTGGCTAT	0	0	0			4.691751085	6.344422701		3
GGTCGTGGAGCTGGTATCAGTCGTTACAGT	0	63.98684211	0			0	0		742
GGTCGTGGTTGAGTCTCTGCGTCCGTTGGC	0	21.32894737	325.9845872			68.03039074	0		1532
GGTCTATGATCCTTTGTAATTTGTATAAGG	0	0	0			7.037626628	57.09980431		63
GGTCTCCATCAGGTGGTAGAACCACGATTC	6	0	8.328073394			7.037626628	60.27201566		4
GGTCTGGCTGAAGTAAGACCTCCTTGGTGT	17	17.06315789	101.1266055			21.11287988	203.0215264		266
GGTCTGTGTGTAAGTATAGTTCTTTACTGT	0	0	0			25.80463097	155.4383562		8
GGTCTTATTTGACGAATGGGTAGTTCTAAT	0	4.265789474	0			0	0		2
GGTCTTGTTTCGCGGATTTCCAATAACGTT	0	0	0			30.49638205	0		5
GGTGACGGTTATGATGTCAATGATGTGATA	0	0	33.31229358			114.9479016	171.2994129		423
GGTGAGCTTGCACGGAGCAGGAATACGGCA	0	76.78421053	92.79853211			0	0		91
GGTGAGGAACGAATGCGGGGGAGCTGGGGT	0	81.05	0			0	0		35
GGTGAGGGATACGTGTCTGATTGTAGGCGG	116	0	4.758899083			131.3690304	76.13307241		128
GGTGAGTCAAGAGCGACGAATCCTCTCTGT	0	0	0			39.87988423	6.344422701		175
GGTGATCGTAATAGTATGATAGGGCGACGC	0	0	0			2.345875543	0		0
GGTGATGGACTATCTCTTCACAGAGTAACG	0	0	0			4.691751085	31.7221135		6
GGTGATGGAGATGGTGATGGGGTGAGCAGC	0	0	172.5100917			433.9869754	1706.649706		63
GGTGCCACACGAGGTTTAGTAGGTAGAGAG	0	0	0			44.57163531	0		113
GGTGCCAGTCGCGTAAATGGGCGAGTTGCG	0	0	0			260.3921852	136.4050881		29
GGTGCCCAACGTGTAATTTAAGCGCAAACG	0	0	386.6605505			541.8972504	0		77
GGTGCCTATGTTAACGGAATGTTAAGGGGT	0	0	0			0	9.516634051		0
GGTGCGTGTGGGCAGGCCGTGAGTCCGGCT	0	0	0			18.76700434	53.92759295		63
GGTGCTCGATCGATGGCGGGAAACTGAAAA	0	21.32894737	0			288.5426918	0		13
GGTGGACGTTTGGATGGGAAGATCGTTAAA	0	0	0			2.345875543	60.27201566		81
GGTGGAGCATCTGATGGTCTCCGCGCCCCG	0	0	10.70752294			0	0		219
GGTGGAGCTCCATCATGAATTGGCGTCAGG	0	0	8.328073394			0	0		25
GGTGGAGGTCACTCCTAGGGATGTGTAGAA	0	0	10.70752294			2.345875543	3.17221135		7
GGTGGAGTAAGGAGAAGGGCGGAAGGTATG	0	0	0			16.4211288	6.344422701		23
GGTGGATATGATAAGCTTGCAGTGCCCGTC	0	0	0			21.11287988	82.47749511		28
GGTGGCCTTTTTGAGTGAAACGGGGCTTAC	0	4.265789474	0			0	0		5
GGTGGCGAATTCGGTGTCTTAGAAAAACTA	0	0	0			7.037626628	15.86105675		715
GGTGGCGGTTACGATTTGCATCTATCACTT	0	0	0			0	111.0273973		1267
GGTGGGCTATCAATGGCCTCGCGATAGGGT	0	0	0			0	6.344422701		93
GGTGGGTGAACGAATAAAGTTTCAAAGAAG	0	0	0			46.91751085	79.30528376		35
GGTGGGTTAAGAACCCTCGACGAAGTCATC	0	0	0			68.03039074	0		5
GGTGGTAATGCACCTTAAGTTCAAACAGGA	0	0	0			28.15050651	0		2
GGTGGTATTTGCCCCAACAGGCCCTACCAA	0	0	0			0	22.20547945		4
GGTGGTGAAATTTGGGTTGTATTTTGGGGC	0	0	0			192.3617945	0		7
GGTGGTGCAAGGCGCAACCGCGGTGAGGGC	0	0	0			300.2720695	104.6829746		1042
GGTGGTGTTGCCGGCACGGATGGCTAGCTC	0	0	0			180.6324168	41.23874755		68
GGTGGTTCAGTGGACATAAGGGAAAGAATC	0	0	0			25.80463097	25.3776908		4
GGTGGTTCTCATACGTATATTGTTAGGCAT	0	0	0			0	6.344422701		4
GGTGGTTGTAAGGGAAAACTTTCGATGGAT	0	8.531578947	0			0	0		5
GGTGGTTGTGAGTCTTAGGTGCGGGACGGC	0	0	0			1745.331404	735.9530333		37
GGTGGTTTTATATTCAGGTAAAGCGACTTT	0	8.531578947	0			0	0		2
GGTGTATATCAGGGTTAGCGGGAAGAATTC	0	0	30.93284404			2953.457308	2379.158513		2419
GGTGTCTGAGCCGCATAGCCTGCAACCGGC	0	102.3789474	3.569174312			0	0		59
GGTGTGAATATGATGGGGTCTGCAAATCTG	0	0	404.506422			147.7901592	0		2135
GGTGTGAATGACGACGCACGACACCGGCTA	0	0	0			1372.337192	808.9138943		2406
GGTGTGGGAGGCATAGTATGGCGTGTGTGC	3	4.265789474	4.758899083			0	0		6
GGTGTTATTTGGGGCAGATTCAGGTACCGA	0	0	0			4.691751085	0		29
GGTGTTGGATAGTGCGAGCGGCGCAATCTC	0	0	2.379449541			2.345875543	12.6888454		2
GGTGTTGTAAGTGGGTCTCGGCTAGGTTAA	0	0	49.96844037			0	98.33855186		74
GGTTAACAAACGATTTTTACTCAGGGTCGT	0	0	2.379449541			483.2503618	168.1272016		129
GGTTACCATCATAGTATTCGGGCCGACGAG	0	21.32894737	7.138348624			0	0		10
GGTTACGAAGATAGATAGCACGTATACGAT	0	12.79736842	0			21.11287988	0		20
GGTTAGACATCACGCAGGGTGTTTCCTTGG	0	0	41.64036697			0	0		24
GGTTAGAGAGCGGGGGAAAGTGACAAGTGC	0	0	0			145.4442836	0		1775
GGTTAGAGTCAGTGTTCATGTGGTGTCCAA	0	0	0			63.33863965	447.2818004		242
GGTTATACAGAGACTCTTTTGGATTGTCGA	0	0	40.4506422			0	0		120
GGTTATAGTTTACAAATGGCGAGTGCGCAA	0	4.265789474	4.758899083			0	0		0
GGTTCAGCAGGGGTTGGTGCTTAAAGCAGC	0	0	0			487.9421129	450.4540117		4
GGTTCCCCCCCGATTTTTACTCAGGGTCGT	0	0	0			2.345875543	0		0
GGTTCGCTATCCCTAACTTTGTAAAGTGAG	0	0	5.948623853			14.07525326	0		502
GGTTCTGGTTAATGAGGACTGCTTCGGCAT	0	217.5552632	2629.291743			0	0		4096
GGTTCTTTACTAGCTGAGATCGAACTGGCG	0	0	0			70.37626628	104.6829746		6
GGTTGAATTTTCGGTGTTCATGCAGATAAC	0	0	0			2.345875543	15.86105675		0
GGTTGAGGAGGGGATTGGGGCGAGGGAGAT	0	0	10.70752294			0	0		160
GGTTGAGGTAGCTTGTGAACGGGTGGCGGG	0	0	0			14.07525326	6.344422701		0
GGTTGATCTAGCTATCGATGAGTCGGGGGT	0	0	10.70752294			0	0		2
GGTTGGAGAGGAGGAGCCTGGGACCTTGGG	0	0	0			23.45875543	6.344422701		165
GGTTGGCTTCTATTGGTGAAGGTGTTAAGG	0	0	0			32.8422576	25.3776908		99
GGTTGGGGTTTGTAACAAAAGGGATCTGGG	0	0	0			1156.516643	279.1545988		27
GGTTGGTAATGAAACATTCTTCCGGCAATA	8	34.12631579	365.2455046			0	0		11
GGTTGGTCTCTGTTAATTATCGGAAACAAT	0	0	0			0	12.6888454		73
GGTTGTATTTTAGAACAAAATTTGCATTAT	0	0	237.9449541			25.80463097	25.3776908		631
GGTTGTATTTTTAGAACAAAATTTGCATTA	0	0	0			0	0		2
GGTTGTCGTGCATGTAACCTCGTGTGGGCG	0	0	0			281.5050651	47.58317025		195
GGTTGTGCATTATTGCCTAAAAACATTAAT	16	0	8.328073394			0	0		138
GGTTGTGGAGAGTGGGGGGATTGGTCGGCA	0	0	0			9.383502171	0		18
GGTTGTTTTGAGGCCTGGGGTAAACTGCTA	0	0	322.4154128			687.341534	231.5714286		3930
GGTTTACTTTTCGTCTATATCGTGGGGGAG	0	25.59473684	27.36366972			11.72937771	215.7103718		37
GGTTTAGCTGCTAAGCAAGGGTGACAAAAG	0	0	0			32.8422576	19.0332681		128
GGTTTATAAAAGGCGTGTTAGGCCGTAGGG	0	0	0			30.49638205	22.20547945		0
GGTTTATGACAGTGGGATGACGCAATTCCT	0	0	0			0	31.7221135		10
GGTTTATTAGATGCCTCAATGCGACAGGTG	0	21.32894737	0			0	0		1823
GGTTTCACTCAGATCACTGAAAGGTTACAA	0	0	0			2.345875543	0		18
GGTTTCGCTATAATAAACAAGACTAGGCTA	0	0	0			211.1287988	15.86105675		93
GGTTTCTGTAAGAGAAAGGGTGTGGACGAA	0	0	2.379449541			0	6.344422701		17
GGTTTCTTATTGTTATAGCGATTGGGGTTC	0	4.265789474	0			0	0		9
GGTTTGCGTCACGTATATGTGGGCTTGGTT	0	0	0			387.0694645	149.0939335		97
GGTTTGTGTCTAAATTTCCTTCGGTGGATT	0	0	7.138348624			0	0		4
GGTTTGTTATTAGTAGGTGTCTTAATGCCG	0	0	0			56.30101302	0		485
GGTTTTAATCATTATAATGGAAAGGCAGTG	0	0	2.379449541			0	0		21
GGTTTTAATTGTTACATCGTGAGTGCAATG	0	0	0			0	15.86105675		1268
GGTTTTAGACTTGCTTAGAAATAGGCTGTG	0	0	0			0	12.6888454		846
GGTTTTCTTCCCACGAAGGGCTCAAGAACA	845	81.05	223.6682569			49.2633864	735.9530333		3546
GGTTTTGTACGAGCGTCCACCCATGTAAAT	0	0	0			0	6.344422701		9
GGTTTTTGAGCGATATTTGTCTCTCTAGCT	0	0	5.948623853			0	0		38
GTAAAAATAAACTGTTCCATCCTCCCCTAG	0	0	180.8381651			1463.826339	1770.093933		163
GTAAAACAATTAGCGTATCTCTTGCACCAA	0	0	0			161.8654124	247.4324853		3
GTAAAAGCAACAGTAGTTTTATGCGATGGA	0	0	0			227.5499276	88.82191781		272
GTAAAAGGTTCTCTGGTTAGGCGGTATGGT	0	0	0			79.75976845	85.64970646		239
GTAAAAGTTAGTTGTAGTACATCCCCGGGC	0	34.12631579	19.03559633			194.70767	66.61643836		62
GTAAAAGTTTTCATGGGTTGGACTAGGAGG	0	0	0			232.2416787	25.3776908		14
GTAAAATAACGGTCTGTTTTTTATGTTTGA	0	0	0			21.11287988	0		524
GTAAAATCTCCAAGCATGTGACTCGGGTAA	0	0	9.517798165			0	0		6
GTAAAATTAGCAACGCGGAGGTTTGCGTGT	0	123.7078947	0			11.72937771	586.8590998		755
GTAAACAAACGAGCGCTAGGTATGCGCCTT	0	371.1236842	0			0	0		8
GTAAACTGATATAGTGATGTCATGTAGAAT	0	0	0			4.691751085	0		19
GTAAAGTAAGGAATCGCGTAGGCCAACCGA	0	0	0			192.3617945	139.5772994		0
GTAAATCTAAGGAGGGTTTAGGAAGACGAG	0	0	0			14.07525326	0		2
GTAAATGCACTGATCACAGGATCATGGCAG	0	0	0			168.9030391	107.8551859		622
GTAACAGCAGTGTTGCCGCCCTCGCAAATG	0	0	47.58899083			0	0		622
GTAACCAATCTAGTACGTATGGACTAAGGA	0	0	0			11.72937771	15.86105675		43
GTAACGCTTACTAGGGGATGTTCGGTGCTA	14	8.531578947	602.0007339			23.45875543	3.17221135		10
GTAACGTATCTGGTGTGGAGGCCTGAGGAA	0	0	0			218.1664255	91.99412916		58
GTAACTCTTAACTTTCGGCCTTAATTTGGC	0	375.3894737	0			0	0		1686
GTAAGAGTAGATATTATGCTGGTCTGTGGA	0	0	44.01981651			114.9479016	85.64970646		5
GTAAGCACTGCGGGCGCGTTGCCGCTAGAC	0	0	0			0	12.6888454		7
GTAAGCAGTGAGGTTGTCTCAAAATACATC	0	0	38.07119266			28.15050651	76.13307241		16
GTAAGCGAAGTGTGAATACCCGCCTCGGGG	0	0	0			9.383502171	15.86105675		15
GTAAGGTTTCGTAGTGTAAGTAGATGCACA	23	0	89.2293578			28.15050651	34.89432485		22
GTAAGTCTATCTAGGGTGGAAACATGTTCG	0	0	44.01981651			863.2821997	1091.240705		98
GTAAGTGATGCACATCTGAACGCAAGGATA	0	0	3.569174312			2.345875543	12.6888454		3
GTAATATAATGGTCCGGCAGTATGTTGCTG	0	0	0			4.691751085	28.54990215		0
GTAATGGAATGGCGCCTTGGCGTGTTACGT	0	482.0342105	500.8741284			0	44.4109589		1969
GTAATTCAAAGTAGCCTTTCGGGGTTATAA	0	0	0			32.8422576	466.3150685		3374
GTAATTTATACCAACTTTAGAAAAAAAGTA	0	0	0			11.72937771	0		0
GTAATTTATACCAACTTTAGAAAAAAGTAT	0	0	0			103.2185239	0		5
GTAATTTGACCATGTGGCGGAATGAGATTC	0	0	0			2.345875543	6.344422701		0
GTAATTTTTGCCTGGGAGTGTTGTATTCGT	0	0	0			187.6700434	0		6
GTACACAATCAGCATGCTCGAGGTGATCTG	0	0	0			51.60926194	377.4931507		70
GTACACATTGACTCTATTCCCGACTCTTGT	0	0	0			72.72214182	6.344422701		63
GTACAGCCTGTGTCGATGGCTGTAAGTTGA	55	4.265789474	34.50201835			18.76700434	117.37182		14
GTACAGGAACTATGGAGTTGGTTAATGACG	0	0	0			9.383502171	0		96
GTACAGGGTAGCGGTGCGGGTAGGTTCGGT	0	0	0			11.72937771	0		39
GTACAGTCTGAACGGAATGGCATCACGGCT	0	0	0			2.345875543	15.86105675		7
GTACATGTTGCAATCAATGTGGTAAGGATC	0	0	0			0	19.0332681		11
GTACATTCAGCTGTGACTATTAGGCTGCTG	0	46.92368421	147.5258716			0	0		41
GTACATTTTGCTGTCCACGTTGTACGTGCA	0	0	0			9.383502171	3.17221135		12
GTACCAGTAAGATGCGATCGGCTGGTGCTA	0	8.531578947	0			0	0		0
GTACCATGATTTACTAGCGGTCAAATAAGT	0	0	0			4.691751085	0		59
GTACCCTGACTCCTGGGAGATGTGGGAAAG	0	0	0			2.345875543	0		72
GTACCCTGAGTAGAGTGCGAGTCACCGGGC	0	0	0			206.4370478	323.5655577		25
GTACCGGGATCTAGCACATAAATGCGATAT	0	0	10.70752294			4.691751085	0		47
GTACGAGAAGGCCTAGTGGGGTTTACATAT	0	0	0			9.383502171	9.516634051		16
GTACGCCCTTAGCATTTACATGGTCGCCGA	0	0	0			2.345875543	0		0
GTACGTCCTTAGCATGTACATGGTCGACGA	0	0	0			1297.269175	789.8806262		5775
GTACTAGGTGACTGTAGGTAGGCAGGTAGT	0	0	0			117.2937771	212.5381605		1013
GTACTATCAGTTTCCTGTCGTTATGGTGGA	0	0	7.138348624			0	0		51
GTACTATGTCAGAGCGATCGTCTATCTTGA	0	0	0			227.5499276	329.9099804		50
GTACTCTTTCTGGACGCATATTGCGTGTAA	0	0	0			190.015919	653.4755382		129
GTACTTAGTGCCCTTAGACTATGAGAAGAG	0	0	0			53.95513748	57.09980431		37
GTACTTGTAATACTATGTGAGGGGCGACAC	0	34.12631579	7.138348624			0	19.0332681		1503
GTACTTTATTGTGCCCAATTCACGGTAGTG	0	0	2.379449541			2.345875543	22.20547945		135
GTAGACTTTACGTTCAAGTTACTCTGGATA	0	0	0			647.4616498	1548.039139		85
GTAGAGAGTGGGTCGCTTATGCACAGGGGG	0	0	0			16.4211288	22.20547945		12
GTAGAGGGATAGATGGTTCATAGAGTGATG	0	0	0			4.691751085	6.344422701		22
GTAGATAGTATTCATATCTTATTTGGGAGG	0	0	0			9.383502171	3.17221135		6
GTAGATCATAAACCGACTACGAGAATGAAT	0	0	0			4.691751085	139.5772994		95
GTAGCACTTAAATGTTGCGTGCGCCTGAGG	0	0	0			11.72937771	123.7162427		2
GTAGCATTTACATGGAGGGCCCGGGGGGCT	0	0	2.379449541			0	0		0
GTAGCCCTAAGGCGCTCTACGTACCCCGCC	0	0	0			9.383502171	0		5
GTAGCGGATTCGTGTAAGGCACAGGATAAT	0	0	0			32.8422576	0		4
GTAGCGGTTGTAGAGATACGGTCTCTGGTA	0	0	0			9.383502171	15.86105675		16
GTAGCTCAATAAAGCGCTCATACAATAAAT	0	51.18947368	4.758899083			2.345875543	69.78864971		81
GTAGGAAAACTGAGGTTAATAAGTATCAGT	0	0	34.50201835			0	0		353
GTAGGAGAACTTAATTATCGCCCTGTATGA	0	0	21.41504587			77.41389291	0		2
GTAGGAGGTAGTAGTTCGGGAGGGAGGCAC	0	0	0			107.910275	6.344422701		12
GTAGGAGGTCGTGACAATTTAAGGTTTTAA	0	0	0			11.72937771	0		5
GTAGGATGAGCCTCATTTATTTCTACCTAT	0	0	0			476.2127352	418.7318982		12
GTAGGCCCATCGACGGGCTTCGGAACGATC	0	0	0			11.72937771	34.89432485		148
GTAGGCGTTGTAGTATTGCTGGCCTATTTC	0	0	0			2.345875543	0		11
GTAGGCTGAAGTAAAAAGGTTCTTCAGGCG	0	38.39210526	0			0	0		184
GTAGGGTGTGGAGGGGACGCCCGGCAGTAA	0	0	0			60.99276411	263.2935421		411
GTAGGTAGATCAGAAAGGATACCTAGGGCG	0	0	0			0	9.516634051		36
GTAGGTTGTAGTGGCACGGTGTTTACGAAT	0	0	172.5100917			0	0		1384
GTAGTGAGTTGGATTCACAAAATCCCACTT	0	0	0			4.691751085	0		8
GTAGTTACAAGTCTTCCGGGCCGCGGAGGT	110	0	124.9211009			0	0		87
GTAGTTAGATACCGGTCGTAGTCAACAGGA	0	0	197.4943119			157.1736614	0		928
GTAGTTCCATATCCATGCGTTAACTTCTTA	0	0	0			227.5499276	180.816047		23
GTAGTTTTTGGATTGTATCACTAGCGATCT	0	0	0			0	3.17221135		26
GTATAAGATTTTTGCGAGTGAAGTCGATAT	0	0	0			0	0		58
GTATACAGAAGCTTTTACCTTTGTACAGTT	0	68.25263158	503.253578			0	0		0
GTATACGTTGGGTACAATGTTGCCAGTGGG	0	0	4.758899083			0	0		14
GTATAGGAATGCGTGTAACACCGTGAGCAT	80	0	67.81431193			509.0549928	98.33855186		562
GTATATGATGTAGGGTTGCGGAAACAATCT	0	4.265789474	0			0	0		48
GTATATTGATATCGGCGTTTCGTCGTGAAC	0	0	5.948623853			75.06801737	6.344422701		209
GTATATTTTAATTGTGTTGTTGATAACTTT	0	0	0			232.2416787	0		1014
GTATATTTTGCGAGCCAAGGACGTGGCATA	0	0	0			72.72214182	28.54990215		2
GTATCATTAGTGTACTAGGGTAAACACATG	0	0	5.948623853			0	0		324
GTATCCATTGTAGTTTATCTCAAACGAGAT	0	0	0			75.06801737	47.58317025		0
GTATCGTGTGGGGCTACGAGAAATGAAGGG	0	0	0			0	15.86105675		4
GTATCGTTACATGGCGGTATCATGTGGGTG	0	0	0			9.383502171	19.0332681		33
GTATCGTTTGGGTGCATTTTAGGATAACAC	0	68.25263158	5.948623853			246.316932	0		149
GTATCTTATCTCTATCTAACACTTTGTTTT	0	38.39210526	45.20954128			0	0		26
GTATGACGAAGTTGGAGGGTTGGGGCGAGG	0	0	0			0	3.17221135		8
GTATGATTATGCTAGTTGGACTGAGTCTGT	0	0	0			7.037626628	19.0332681		94
GTATGATTTCATTATAAGGGGGTCACGGCG	0	0	0			9.383502171	41.23874755		223
GTATGCAGAATGTTGTCATTTAAGCACACG	0	0	0			39.87988423	44.4109589		109
GTATGCATTTCTGCATAACTGTCGAATCAT	0	0	5.948623853			51.60926194	735.9530333		616
GTATGCGTAAGGACTATTACGCTCTACCGT	0	0	0			28.15050651	0		0
GTATGGCTTCAGTAGGTTGGTGATTCGACG	0	0	10.70752294			3399.173661	1754.232877		1083
GTATGGGCAGAAATATGTTGATGAATGACT	0	0	0			0	3.17221135		4
GTATGGGTTATCGGGCGAAGACATGCCGGA	0	0	0			9.383502171	0		3
GTATGGTAATATTTGAATGTATATAGTTCG	0	0	0			2101.904486	1370.395303		18
GTATGTGCTACCAAGTATAAGTTTAAACAC	0	0	0			18.76700434	19.0332681		10
GTATGTTCAATTGGATCATCAACGTAGTAG	0	0	0			21.11287988	85.64970646		120
GTATTACTAGAACCGCCGAGGCGTGTTCCA	0	0	0			506.7091172	222.0547945		11
GTATTATAACCCGACACTACTAAGGCTTGA	0	0	0			138.406657	66.61643836		297
GTATTCTTATAGAAAGTATGATCGCCCACA	0	136.5052632	10.70752294			0	0		34
GTATTCTTTGCATTGACAAGAGTGGGTTAA	0	0	0			4.691751085	0		83
GTATTGGGTGGGATGGGGTGGCGATTGTGA	0	0	3.569174312			42.22575977	136.4050881		9
GTATTGTGTTTGTTATTTACTGACTTGTTC	0	0	0			147.7901592	19.0332681		38
GTATTTAAACAGTTGTGACGGGTGTAACCC	0	0	5.948623853			0	0		19
GTATTTCATTGGACCGTAGCCAGGGGGACA	0	0	0			53.95513748	22.20547945		51
GTATTTTCAAGGTCGTAACGATCACTACTG	0	0	0			0	44.4109589		64
GTCAAAGTAAAAGCTCGTAGGGGGCCCTAG	0	0	0			4.691751085	0		0
GTCAACAGAGGGAGGGGCCCGAACGGGCAA	15	0	261.7394495			166.5571635	126.888454		6
GTCAACGTACAGGCATACCAATCGAGGACT	0	0	0			171.2489146	12.6888454		17
GTCAACTGAGCGCTTACTTAAGCTTCACAG	506	243.15	699.5581651			0	0		5
GTCAAGACACGGTGTGAATCTATGTCAGGG	0	0	0			1311.344428	0		52
GTCAAGACATATGCGCCTGAGGCGTGAAGA	0	0	0			1203.434153	2169.792564		1063
GTCAAGAGACTATACGGAGAGAATCATGCA	0	0	0			182.9782923	15.86105675		761
GTCAAGAGCCTATACGGCGAGAATCCTGCA	0	0	0			2.345875543	0		0
GTCAAGGGTTACAAAGTTGGAGATAAAAAC	0	0	0			32.8422576	38.0665362		18
GTCAAGGTTAGTGGGTAAGGTCTTACTATT	0	0	0			14.07525326	0		95
GTCAATATAGACGAAGTAGCTGAGTTAGAA	0	0	0			103.2185239	9.516634051		38
GTCAATTTAGGGGAGTGGCTGACGACGATA	0	0	0			7.037626628	3.17221135		25
GTCACCCTTGTGTAGCTCTTTTGCGCCGAA	0	4.265789474	93.98825688			0	6.344422701		70
GTCACCGCAGAGGTCGTGGGGAGGATCGGA	0	4.265789474	0			0	0		0
GTCACCGTATCAAGTTTCGACAGTTTCGGA	0	0	0			0	3.17221135		0
GTCACTATAGGTCGAGAGATAGGTGTCTTA	0	0	0			72.72214182	111.0273973		135
GTCACTATTGGGCTTACTAAGCGGGAGGGA	0	0	0			16.4211288	12.6888454		2
GTCACTGTTTGGTACTTGAAATAGCAATAA	0	0	0			2.345875543	0		5
GTCAGGAGTGCAAGTGAGACATGACACGGA	0	315.6684211	0			0	0		375
GTCAGGCCAATATGCGTATTAGATTGGGGA	0	0	0			23.45875543	425.0763209		86
GTCAGTAATGTGGGAGCGGTGGAGACCAGG	0	0	9.517798165			145.4442836	2058.765166		23
GTCAGTACTTTTCCCATTGCATAGGATATG	0	4.265789474	0			16.4211288	88.82191781		78
GTCAGTGATTGGAGATGAAGGTAGGAATGG	0	0	0			14.07525326	0		44
GTCAGTTCTGGGCGTTAGGGCGCAAGCAAT	0	0	0			32.8422576	12.6888454		5
GTCATACTTCGATGTAAGTGAACGCGTACG	0	0	0			138.406657	123.7162427		15
GTCATAGTTGTGGATCTGGTTAATCGAAGA	0	0	19.03559633			0	0		5
GTCATATTTGGTTCCAAGTGCGCTGTTGGT	0	0	0			0	6.344422701		105
GTCATCATATCGGAGTCCTATTACGGCAGT	0	0	0			42.22575977	60.27201566		16
GTCATCATTGTCTTGTTTGTTGCACACGCG	0	0	2.379449541			0	0		8
GTCATGAATAGTGGGCAGTTAGGAAGGTAA	0	0	0			0	3.17221135		210
GTCATGTGAACCGAGCCAATATTAGTAGAG	0	0	249.8422018			0	0		19
GTCCAACAAAAGAGTGCTGACCTCGCACGA	300	200.4921053	1025.542752			0	28.54990215		135
GTCCAACTTCAGGTGGTAGTGCATGCGGGG	0	0	0			53.95513748	149.0939335		2
GTCCAATGTACATGTAGTGTTGTTACAATA	188	34.12631579	129.68			227.5499276	183.9882583		5
GTCCAGCCAGGCGGGTAGCACAGGAATTAA	0	68.25263158	455.6645872			0	190.332681		208
GTCCATGCAAAGAGTACCAATGGTGTATAC	0	0	0			945.3878437	754.9863014		12
GTCCATGTAAATGGACTACCAGTAGAATTA	0	0	0			105.5643994	177.6438356		123
GTCCATTATAGAGGTGTCTGTGGTTAAATC	32	21.32894737	0			0	0		27
GTCCCGGTTGGGCTCTTTGCTGCATACTCC	5	0	13.08697248			56.30101302	22.20547945		4
GTCCCTGCAATTTGTTCATTCTAAGCTGCA	0	0	0			0	41.23874755		2
GTCCGATTTGGTCCATTAATGAGCGCGGTA	0	0	108.2649541			0	0		961
GTCCGCATAGCCTTTACGAATTCGGCCTGC	0	0	0			652.1534009	15.86105675		253
GTCCGCTAACCAAAGCCGATGATGCTCGTA	0	0	0			0	82.47749511		75
GTCCGGTTACCTTGTCACATCCAACGCAGA	0	0	0			117.2937771	126.888454		46
GTCCGTCGAATCGAGTATCAAAGCAGTGTA	0	0	0			51.60926194	25.3776908		12
GTCCGTGGTAGGCTGCGTGAGTGATCCGGT	17	0	193.9251376			523.130246	0		551
GTCCTAGGTATGTCACTCGTGGGAAATGCC	247	183.4289474	228.427156			0	0		70
GTCCTCGTTCATGTTGAAACCGCCTGCCCA	0	0	0			23.45875543	0		105
GTCCTGCTTCAATACGTGTAACATAGGGTT	0	0	0			213.4746744	44.4109589		172
GTCCTGTTTGACTTCTCTGTGTAGTGGAAC	0	486.3	0			0	0		3
GTCCTTATATACGATGAGATGCGGCTGGAG	0	0	0			7.037626628	25.3776908		6
GTCCTTTGAATAGTGTAAAGGAGAGTAGGC	0	0	0			14.07525326	12.6888454		99
GTCGAACAAGTGTGCTTGGCCCCGATCACT	0	0	531.8069725			0	897.7358121		5201
GTCGAACTACGATTGTAGTCTTGGGAAAGC	0	0	0			4.691751085	12.6888454		29
GTCGAATTAGCAAGGTGCACACTGTCCGGA	0	0	76.14238532			0	0		514
GTCGAGAGATGCATTGCATGGCAAAAGGGC	0	34.12631579	0			0	0		58
GTCGAGATACGTTCAGTGATTTAGGGTTCC	0	0	0			9.383502171	0		0
GTCGAGTGAGTATTTAATGGTGCCAATCTT	0	0	0			457.4457308	799.3972603		40
GTCGATAGATTACGGGCGGTGAAGTAGAAT	0	0	20.2253211			0	0		3
GTCGATGCAGTATAGTGTTCGCAGTATAAG	0	0	2.379449541			60.99276411	599.5479452		90
GTCGCAGAACTGAAGAGTCAGGAGGGGTGG	0	0	0			544.2431259	190.332681		34
GTCGCGATTTATGCTACAATATTGTTTGCA	0	0	0			0	3.17221135		2
GTCGCGTCTCAAGCTACCTTGAGTGCCTAG	0	0	0			0	0		747
GTCGGAGGAATTACTCGAGTGGGTCTTTGA	0	0	0			35.18813314	88.82191781		0
GTCGGCATTGGTAAAACGTCCGGGGAACGC	0	0	4.758899083			0	0		57
GTCGGCCATTCAGCAGATTATACGGCCGGC	0	0	0			0	3.17221135		0
GTCGGGTAACCGTACTGAATTACGTTGGGT	0	0	14.27669725			105.5643994	9.516634051		27
GTCGGGTCAGGGCGTTTGTTACCCCATCGT	0	0	0			175.9406657	130.0606654		64
GTCGGTAATCTACCAGCCTATCGTCACATG	0	0	89.2293578			262.7380608	187.1604697		698
GTCGGTCATTTGGCCGGGATCGAGGTGTAT	0	0	0			178.2865412	0		2207
GTCGGTCCAAACTAATTCTGGTCGGGATAA	0	0	30.93284404			0	326.7377691		48
GTCGGTGCTAGCCAACCTCAGAGGCCTGGC	2	0	0			2.345875543	0		2
GTCGGTGGTAAACGCAAGTGTATCTTAGTC	0	0	0			0	19.0332681		162
GTCGGTTGTTGTGTAACTTTAGATTAATGT	0	0	0			2.345875543	3.17221135		42
GTCGTACGACTCGGCGACGTGACGACAAGC	0	0	4.758899083			0	6.344422701		80
GTCGTACGTACAAGACGTATGTATGGGTGA	35	29.86052632	295.0517431			0	291.8434442		1702
GTCGTAGCTCCTTGGGATATTTTATTATTT	0	0	0			2.345875543	0		10
GTCGTATTAACGTGGGTTAGCCCTGTAGAA	0	0	0			16.4211288	47.58317025		0
GTCGTCTAAGGTTCCACCGGAAGTTGAACG	0	0	0			9.383502171	0		4
GTCGTCTTAGCATCCACGACGTGGCAACCG	0	153.5684211	0			0	0		3
GTCGTGAATGCGCGTCGGGCCGTGTGTATC	0	106.6447368	24.98422018			0	0		7
GTCGTTGGTATCGTCCAAACGGACCCTTAA	0	0	0			7.037626628	0		3
GTCTAAGGAGACAGCTCATGTCTGGGAGGA	0	4.265789474	0			0	0		34
GTCTAAGGTTCGTCCGGCATGCAGGCAACC	0	0	0			129.0231548	215.7103718		1804
GTCTACCAAGTGGGACATAAGACAACGTTA	0	0	7.138348624			23.45875543	133.2328767		257
GTCTACCGATGTGTAAAGGGTGACGCGCAA	26	12.79736842	16.65614679			42.22575977	244.260274		55
GTCTAGCCAGTATCTAGAGCAGGCGAACGA	3890	1352.255263	901.8113761			0	6.344422701		558
GTCTAGGCTAAGTGCCTCGGTATGCTGAGC	0	0	0			173.5947902	120.5440313		327
GTCTATCTTCTTGGGTCGCGCTGTTCCTAG	0	0	7.138348624			0	0		43
GTCTATGAAAGTGGGGTCTGGACAGCGCGT	0	0	0			7.037626628	0		25
GTCTATTGAGATGCTTATTGAGATTTGATT	0	0	0			23.45875543	0		4
GTCTCAAATTGGGGACTCAACATGTAGTTT	0	0	0			9.383502171	12.6888454		16
GTCTCATGATGTGGACTATGGCTTTGTGAT	0	0	2.379449541			0	28.54990215		1949
GTCTCCCGATAATCAGACTCGGGGAAGGGA	0	0	0			136.0607815	225.2270059		279
GTCTCCGGACTTATAGAAGTAGTCTCGAAT	0	0	0			7.037626628	0		12
GTCTCTGAAAAACCAGGCGTACGGGTTAGT	0	0	16.65614679			0	0		39
GTCTCTGATTGCGATGTCGGGCTGGGGAGC	0	0	0			0	95.16634051		153
GTCTGAGAACACAATCCACGCTTTGAGTTA	0	0	0			35.18813314	91.99412916		216
GTCTGAGATCATATTGCCGGCAGTAAGGCG	0	0	0			2.345875543	0		38
GTCTGCGGTATAATCTCTCGGAAGAACAGT	37	0	21.41504587			110.2561505	19.0332681		2
GTCTGCGTATGTTATCTTGAGTGATGGACT	0	452.1736842	6614.869725			192.3617945	2436.258317		2817
GTCTGGCAATAAGTACTGAAGTGTGGCTAG	0	21.32894737	0			0	0		114
GTCTGGGATGAGGCGCCTGGGTGTTCGCGA	0	0	0			0	25.3776908		2
GTCTGTAATCTGGAGTTTAACAGCGCTGGC	0	0	0			0	41.23874755		951
GTCTTAAAACTCAATATCTAATTGTTAAGT	0	0	1318.215046			0	0		2824
GTCTTAAGTCACCTCATCTAGGGTGTACGG	0	0	0			2.345875543	0		2
GTCTTACATCTACGCCCTGAATGTTGAGAC	0	153.5684211	0			0	0		15
GTCTTCAGTTACTGCGCTCGGGTTCTCTTC	0	4.265789474	0			0	0		42
GTCTTGTTAGTTATGGAGGTGGCGGTTTGG	18	8.531578947	949.400367			0	158.6105675		157
GTCTTTAATAAGAATCCTTTGTACGAATAT	0	0	0			251.0086831	101.5107632		76
GTCTTTCCTATGGAACGAATATGAGGGGCT	0	0	0			4.691751085	0		6
GTCTTTGTAATAGTGCCGATGTTCGTATGG	1986	601.4763158	2391.346789			211.1287988	498.037182		481
GTGAAAGAATGGGCGCCACATGCGGACAGT	0	46.92368421	0			0	0		32
GTGAAAGATTACGGTGGATAATCAACTGTA	11	0	65.43486239			39.87988423	76.13307241		3
GTGAAAGCAATCGCTCCGGATATAGGTCGG	0	0	0			107.910275	380.665362		9
GTGAAATGAATGTGGCACGCATGTGCAGTT	0	0	19.03559633			0	0		59
GTGAACGGTTTCAGGATCATTGGTGCTAAA	0	0	0			0	0		18
GTGAACGTTGGTCAAACTTGCCTGAAAGCG	0	0	0			44.57163531	222.0547945		1835
GTGAACTGTGTTTTATGTATAGCCGCTCAT	0	0	0			588.8147612	218.8825832		259
GTGAAGCGAAATTTCGAGTAGAAAAGGGTG	0	0	0			46.91751085	0		424
GTGAAGGCATATCGGCTGTGGGAGGGAGCA	0	0	0			227.5499276	498.037182		61
GTGAAGGCTTGTCACGCCCCTGGGTCACTG	3	17.06315789	3.569174312			0	0		414
GTGAATGGTTTAGGAGCTCATGTATGAATC	0	0	0			16.4211288	0		34
GTGAATTTTGAGTCGGGGGACGAATAGCAC	0	0	7.138348624			23.45875543	76.13307241		3
GTGACAGCATGCAGGGTGTGCAAGGGTCAG	0	0	0			412.8740955	739.1252446		399
GTGACCAGATAGGGCAAAAGCAGAGGGACC	0	0	0			389.4153401	2553.630137		1595
GTGACCCCACAACCGGCCTGGAACTGCTAG	0	0	0			0	3.17221135		5
GTGACGAGTATCGGCTGTAGTATGGGGTTG	0	0	0			105.5643994	0		333
GTGACGATTATTGCGTAGGGCCCGCACTAA	0	0	0			274.4674385	577.3424658		5
GTGACTAATGGCTGGAGTGAACAGCGCCAG	0	0	0			23.45875543	6.344422701		0
GTGAGAACTCATGTGAGGAAGTTAATAGTT	0	0	5.948623853			0	76.13307241		26
GTGAGACAACGTCAGGACTTGTGGGGACCG	0	0	34.50201835			0	0		160
GTGAGAGAAGCGCCAACGTCTTTGTGTGGG	0	0	0			2.345875543	0		23
GTGAGAGTAGCGATCTGTCGTGTTCGGGTG	0	0	0			37.53400868	0		41
GTGAGATGAAGAATCTCAACTGGTCGGCGG	0	0	11.89724771			0	0		12
GTGAGATGTCAGAGTCTGGGAGTCAATAAT	0	0	0			0	3.17221135		308
GTGAGATTATAGGTCCAAGGGCGGGCTAGT	0	0	0			0	9.516634051		0
GTGAGCGTTATTACCACATGTGGGGGTGAT	0	0	0			124.3314038	142.7495108		312
GTGAGGAGTCGGGTCATATCGCAGTCTGTA	0	0	0			0	9.516634051		0
GTGAGGCGTCTTGGGGCGGCGTTGCGTGCA	0	4.265789474	2.379449541			0	0		61
GTGATAACTAATGAGTGTATCCATACGCGG	0	0	0			16.4211288	47.58317025		5
GTGATAGCAGTGCTCGCAGCGACGTGAACG	0	4.265789474	0			0	0		26
GTGATATCTTTCAAGGTTCCAAGTAGGACG	0	0	0			117.2937771	19.0332681		112
GTGATATGAGGGTATAGCGGGGGCAGGAAG	0	0	0			56.30101302	91.99412916		0
GTGATATTAGTGACAGCGCGTCGGCACTTA	0	0	0			4.691751085	0		7
GTGATCCGTTTATTCCGGGGTCTGTATTAA	0	0	0			2.345875543	0		6
GTGATCTGTCGGGGGGAGAGTGCGGGGGGA	0	0	0			0	234.7436399		3
GTGATCTTAAGCCACATCTTGATTAGGTCT	0	0	0			347.1895803	1820.849315		2116
GTGATGCCAATTATTAAGCTTAGTGGACTA	0	0	0			342.4978292	57.09980431		12
GTGATGGCAAATCATAGGAGTCCTACCGGA	0	0	0			103.2185239	3.17221135		16
GTGATGTATGCTTAGTCTTAAGGTAATGGG	0	0	0			0	28.54990215		594
GTGCAAACTTAGTCAGCGTTGGATGCCTAT	0	0	0			30.49638205	12.6888454		193
GTGCAATATCGAATAACAAAGTGACGTTCG	0	0	0			0	114.1996086		11
GTGCACCTAGGGGTTGTTGAGTGGGACGAA	0	0	0			0	133.2328767		637
GTGCAGGCTTTGTTCGGCCCGAGTGAAAGC	0	0	0			7.037626628	0		9
GTGCATCATTCCAAAGTATAGCAGTTGCAG	0	0	0			46.91751085	0		914
GTGCATGGAGCAGGAATCGATGAAAGTGTT	0	0	199.8737615			0	0		3012
GTGCATTATCGTATGCACTCGCATTCTTGC	0	0	0			18.76700434	9.516634051		74
GTGCATTGTAGTGGACTATCTGAGAATGTA	0	0	0			23.45875543	145.9217221		271
GTGCCAAGTTCCACCTATGCGATTATTATG	0	0	0			419.9117221	215.7103718		1213
GTGCCAGATCAGGAGTGTCGTGTTAGTCAC	0	0	0			72.72214182	12.6888454		253
GTGCCGTATGAAGATAGGGGGGGCGAGAGC	0	0	0			0	0		34
GTGCCTGTAAGGATAGTATGGATGCGTGTC	0	0	0			0	34.89432485		539
GTGCGAGAATTGCCTAATCGGCGTAAGCGA	0	0	26.17394495			14.07525326	34.89432485		41
GTGCGCCTTTAAGGCACCTTGATTTTTGAT	0	0	0			0	15.86105675		106
GTGCGCGCTATTTCAAGGGGGTGGGCTCCG	3	12.79736842	33.31229358			53.95513748	60.27201566		114
GTGCGGGGAAGTAGTTGCGGGGTGGGGTGA	0	25.59473684	122.5416514			0	0		16
GTGCGGTTTAGTGCGGATACTGTGGGCTGG	0	0	69.0040367			0	0		426
GTGCGTACATAGGGGTTTGGGATGCGTGCC	0	0	0			4.691751085	0		0
GTGCGTAGTGAAGTTATTTATTTCGCTAAC	0	0	0			28.15050651	28.54990215		2
GTGCGTCATTGCTTATCTTTTACCGCTCAG	0	0	29.74311927			2904.193922	6360.283757		154
GTGCGTTGAGAGAAGGGACCTATTAAGAGG	0	0	2.379449541			68.03039074	9.516634051		8
GTGCTACTTGCGTCTAGTCTCAGTACAAGG	2	0	0			0	0		0
GTGCTAGCAAAGTCTGGTTTTTGTCCGGTA	0	0	1112.392661			0	225.2270059		1411
GTGCTCGGTTCCCGGCCTGCTTGCCATACG	0	0	0			16.4211288	19.0332681		11
GTGCTGAAACCAGAAGCGTCTTCCCCAGTT	0	0	0			159.5195369	41.23874755		269
GTGCTGCATCGCGTTTATGGGAGCAGTATG	0	0	0			0	3.17221135		28
GTGCTGGGTCATGATGAGATGGCGGCAAGG	240	89.58157895	1460.982018			30.49638205	323.5655577		509
GTGCTGGTTGTTGTAATGTACATTTGACAG	0	0	0			0	3.17221135		0
GTGCTGTAAGGGCAACGGGTTGGTGGCGGA	0	0	0			14.07525326	6.344422701		9
GTGCTTCTAGCTAATCATCATGAGGTGGTA	0	0	0			9.383502171	0		3
GTGGAAAAAACGAGGTTATTGTGGAGGAAG	0	0	74.95266055			39.87988423	31.7221135		28
GTGGAAAGAATTTATGTTATTTTCAGTTGA	0	0	65.43486239			23.45875543	101.5107632		256
GTGGAAGTATCAACAGCATCGGAATGGCTC	0	0	0			2.345875543	0		17
GTGGAATTAAAGCTGTTGTCTAACGCAATT	0	0	0			734.2590449	0		2
GTGGACTGAAGGGGGAGATTTGAAGGATAT	0	0	34.50201835			4.691751085	0		70
GTGGACTGAGTGTAAACGAGTTGAGCTGGG	0	0	21.41504587			0	0		119
GTGGAGACAATTGGGGATAAAGGGGCAGGG	0	0	0			0	3.17221135		314
GTGGAGACACGAGGTTATATTATGGCCGGC	0	0	0			2.345875543	0		4
GTGGAGTGTAATCCGATAGGTTTTTGCAGT	0	0	0			4.691751085	0		8
GTGGATAATCCAGAGGGTTGGATTTTAAGG	0	0	0			0	12.6888454		6
GTGGATTCTTGCAATGCAAAACGGAGCCTC	0	0	19.03559633			0	0		487
GTGGCAAAAATGGAGATTTCCAGCATAAGG	0	0	0			23.45875543	107.8551859		0
GTGGCACTATCCGATACCAGAGCCGCAGAC	0	0	2.379449541			0	0		1418
GTGGCAGGAGAGGCGATCCATGGCGCTAAT	0	25.59473684	0			0	0		0
GTGGCATAACATGAGCAATTTAGAGGAGAC	0	12.79736842	0			0	0		13
GTGGCGAGTTAACACGGGGGACTCGTCGAT	0	174.8973684	0			0	0		62
GTGGCGCCACCATGTCTGGGTGGAGGCGGG	11	0	23.79449541			4.691751085	57.09980431		0
GTGGCGTGAATATGGTAAGGGGCGTTGCAC	0	0	35.69174312			114.9479016	329.9099804		1116
GTGGCTCCAGTGAAGTGGGGGGTGCGGGGG	0	0	5.948623853			60.99276411	371.148728		17
GTGGCTGTAGGATCGGAACGTGTAGCGGGG	0	0	0			2.345875543	6.344422701		51
GTGGCTTAAGGATCCCAGAATTCTGGTGCG	0	34.12631579	0			0	0		491
GTGGCTTTACCGTTCGCTGATCGCACACGT	10	0	2.379449541			0	0		8
GTGGCTTTATGCATCGCTGTATTCGGGGAG	0	0	0			0	3.17221135		28
GTGGGAGATATGCTTGTGGGGCGCTATAGC	0	0	0			79.75976845	31.7221135		0
GTGGGAGTATCAGAATATTAGTTTTATATT	448	0	331.933211			0	0		896
GTGGGCAAAAGAGAGATGGAGCATTGAGGA	0	0	0			14.07525326	69.78864971		111
GTGGGCCGTGGGGAGGAGTTCTCCGGGGTG	17	0	4.758899083			93.83502171	133.2328767		202
GTGGGCCTTTGCGGAAGGTATGTTTGTGAC	318	729.45	697.1787156			147.7901592	662.9921722		1425
GTGGGCGCATGCCCGGAGGCATTCACAGGC	0	0	0			0	0		5
GTGGGGAGTGGACTCTCCGTGATAGACCTC	0	0	0			28.15050651	76.13307241		0
GTGGGGGATGCAAGCCTGGTCTTGGGTCGA	0	0	0			18.76700434	19.0332681		0
GTGGGGGTAATAATTGTATGACGAAAAATA	0	0	0			110.2561505	802.5694716		114
GTGGGGTGTTATTGAATAAGAGAACAATCC	0	0	0			513.7467438	69.78864971		21
GTGGGTAATGGATTTAACCATTAATACCTT	0	0	0			865.6280753	653.4755382		743
GTGGTAAGTGAGAATTTATTAGTCGGTCAA	81	0	49.96844037			51.60926194	0		250
GTGGTAATAATGCGTCTTGTTGTTCCTTCA	0	0	0			701.4167873	0		2088
GTGGTACGTACTGAGATTTCTTTTTTTAGG	0	0	0			288.5426918	34.89432485		19
GTGGTACGTGGGAATGGTGAAAAGGTTTAG	681	191.9605263	784.0286239			0	34.89432485		25
GTGGTCCGTCAGACTTCAGGGCTGGTTGAG	0	0	0			0	19.0332681		3
GTGGTCGAACTGAAAGAGGTATGGGGGTGT	0	12.79736842	15.46642202			60.99276411	6.344422701		8
GTGGTGCCAGGAGATATGTGAGGGTATAGG	0	0	0			9.383502171	0		51
GTGGTTCAACATCCATGGGTCTCCCCCAGC	0	102.3789474	0			0	0		4
GTGGTTTGTTAGCTGAACGGAGTTTGAATA	0	0	0			0	6.344422701		66
GTGTAACTTCGCTCTAATGTTGATTCTTTA	0	0	32.12256881			0	0		1618
GTGTAAGTAGACATAGGCCTGTTTCGCTGC	0	0	3.569174312			0	0		2
GTGTACAGTCAAATACTTATCACCTAGTCA	0	0	3.569174312			44.57163531	244.260274		22
GTGTAGACAAACTCTTGTGTGTCGGGAAAC	0	0	9.517798165			58.64688857	0		62
GTGTAGGCTGGTGTTTTTACCTGTTAGTAT	0	0	0			0	15.86105675		11
GTGTAGGTAAGCGGGCTCCAAGGTACGAGC	0	0	0			16.4211288	3.17221135		10
GTGTAGTTAAGGACGTGGGAGAGAACGTAC	0	0	0			56.30101302	3.17221135		29
GTGTATTGACGGCACGCAGCATATCATGCA	86	0	49.96844037			445.7163531	615.409002		38
GTGTCATTATTATTATCTCAATCAAACGCC	0	0	16.65614679			58.64688857	25.3776908		311
GTGTCCGATGACTCAGCCTGGTCTCTGGGT	0	0	0			143.0984081	98.33855186		156
GTGTCCTGTAATTATCAACGAACATTGCTT	0	0	4.758899083			0	0		602
GTGTCGATTGACATTGTGGGTTGCGGTCCG	28	0	5.948623853			14.07525326	0		18
GTGTCGGAATGAGTGGTGCCGGCACCCATG	2	0	0			0	0		19
GTGTCGGGTGAGCAAGACAAAGCCGATGAA	0	0	1259.918532			748.3342981	875.5303327		14
GTGTCGTTAGGTGTACCAGTGTTCGGGCTT	0	0	0			2.345875543	9.516634051		0
GTGTCTAAACCGTGGGAGTTTGCGTAGAAA	0	0	0			9.383502171	0		9
GTGTCTACAACTGGTGTTGCGCAACTGGGT	0	0	147.5258716			0	0		39
GTGTGAATTTTGAGCGGTTTGTAGGGGTAT	0	0	0			11.72937771	0		24
GTGTGACGTTTGCGGACCCCACAACTTAAT	0	0	0			9.383502171	0		276
GTGTGATTAAATTGTAGATTAGGAACGCAT	0	0	0			11.72937771	123.7162427		288
GTGTGCAAAAAACGTGCTGCCCTTAACGCA	358	341.2631579	1146.894679			0	38.0665362		19
GTGTGCATAAGGTCTGGAGCATATGGGAGC	0	0	0			4.691751085	0		24
GTGTGCTATATAAAGTGTTCTGTAATTAAA	0	0	0			56.30101302	0		75
GTGTGGAGTGAGCGTATGGGAGGACGCGCG	0	0	0			16.4211288	34.89432485		111
GTGTGGATATCTCGAATTATGGATAGCTCG	0	0	0			23.45875543	0		2430
GTGTGGCAAGATGCCAGGGCCCGTGGCGCA	0	0	0			0	3.17221135		8
GTGTGGGAAATCAGTATTTAAGTGTAAACG	0	17.06315789	0			0	0		39
GTGTGGGGATTACCAAACGGGCGCCAGGGG	0	46.92368421	26.17394495			0	79.30528376		495
GTGTGGGGTTAGGAGCAGAGGTTGGACGCG	0	4.265789474	0			0	6.344422701		3
GTGTGGTAAAGTGCTCGCGGGCAAGACCGC	5	0	9.517798165			0	0		43
GTGTGTATACAGCCGGGAGCCAACTCGTAA	0	0	0			21.11287988	234.7436399		146
GTGTGTCTAGGCACAGTGCTGGTGTGACAC	0	0	3.569174312			56.30101302	0		54
GTGTGTGGTAATGTACGAGCGCGTCGTCTA	0	0	0			0	6.344422701		36
GTGTTACTTAGTTCTGGTCTGGGCAGAGTA	0	0	0			197.0535456	126.888454		0
GTGTTCGGACGTTATGTTTGGCAAAATGAG	0	0	0			11.72937771	98.33855186		0
GTGTTGCATGGATTTCAAGCTGCACGATCG	0	0	0			11.72937771	34.89432485		41
GTGTTGGCACTTCGTGAGGGAAGGTTTAAA	0	0	0			2.345875543	0		538
GTGTTGTCTCACTACACTTATAAAAATATT	0	4.265789474	45.20954128			4.691751085	0		698
GTGTTGTGTGTGCACGCTTCGAAATCAGAA	0	0	0			0	9.516634051		5
GTGTTTCGAGCTTTGGTGTTGGTCACTGTT	0	0	0			77.41389291	101.5107632		21
GTGTTTGATAATGTTTGCGGTTGGCGCTTA	449	29.86052632	472.3207339			14.07525326	215.7103718		2404
GTGTTTGTAGGAAGCTCTCTTTGAGATGGG	0	8.531578947	2.379449541			2.345875543	3.17221135		2
GTGTTTTGAGGTAACTCTTGGTTTGGTTCG	0	0	0			14.07525326	0		296
GTGTTTTGATGTTGTTCGCGACCGTCCGTG	0	0	0			152.4819103	269.6379648		499
GTGTTTTTTTGGCATGCTTATCTCTTAGAC	0	25.59473684	0			0	0		11
GTTAAAACTACCTTGCAACATTAGCGATGA	0	0	26.17394495			0	0		94
GTTAAAATATCCCCGGGACAATGAGTGCAA	0	0	0			9.383502171	0		3
GTTAAACTAGACATTCGGTCAGCTTGATTC	0	0	93.98825688			0	0		0
GTTAAAGCTATAAATGTGGTAACGACTAGC	0	0	0			0	79.30528376		1425
GTTAAAGGACGTGTTCTGTTGTACCAGTAG	0	0	0			0	15.86105675		26
GTTAAAGGTTCTCGCACAACAAAAAACAGG	0	0	0			0	3.17221135		13
GTTAAAGGTTTAGCAGGAAAATAGGGTTTA	0	793.4368421	0			0	0		6
GTTAAATGATTGGTTTGACTGTGAAGGAGG	0	0	0			4.691751085	0		27
GTTAACGTATTGTGTTACGGAAGAATGCCC	0	0	0			110.2561505	91.99412916		18
GTTAACTGATTATGTATGAATACTCCGTCT	0	0	5.948623853			541.8972504	2420.39726		1418
GTTAAGATATCACCTTGCTCAAATGTACAT	0	21.32894737	0			0	0		1195
GTTAAGCGATTAGCCAATTGTTTCGTACTC	0	0	0			478.5586107	517.0704501		183
GTTAAGGGTATAGACGTTCGAGCCTAGGTG	0	0	0			992.3053546	1478.250489		934
GTTAAGTTAAGAGACCCCCAGGTAAGCCTC	0	0	0			0	3.17221135		14
GTTAATTGTCTCCCTAAATCGCTCGACAGG	0	0	0			2.345875543	0		3
GTTACAGTAAGGGCGCCTCGATTTGTTTGG	0	0	19.03559633			39.87988423	95.16634051		2
GTTACATGAGGTCTATGTAGACCCGTCTTG	0	0	8.328073394			0	0		18
GTTACCTTCTTATGTCTTAATACTCCGCCT	0	0	0			0	3.17221135		0
GTTACCTTTGTAAAGGCGCGAAGCGTAGTG	0	0	4.758899083			485.5962373	3162.694716		32
GTTACGCATCAATCCGTGCGACACCGGTGT	0	0	0			79.75976845	44.4109589		52
GTTACTCAAACTAACGAATAGGCGTAATCA	0	21.32894737	0			0	0		630
GTTACTCAATGTTGTATGTGCAATCAAATA	0	0	14.27669725			0	0		23
GTTACTGATCTGTGCATTGACTCGGGCGTA	0	8889.905263	0			0	0		32
GTTACTGGAATACATTAAGTGAACTTTACA	0	0	33.31229358			825.748191	317.221135		813
GTTACTGGCATCCATTACGTGAACTTTACA	0	0	0			2.345875543	0		0
GTTACTTTTTCGTCAACTCTGGGTGGGCAG	0	0	92.79853211			0	0		14
GTTAGAAAACCATACGGTGTGTGCAGATGG	0	0	0			4.691751085	0		22
GTTAGAGTTGTAACTTGCGATTAGAACGCT	0	17.06315789	10.70752294			0	0		348
GTTAGCATAATAGTTCTTAGGGAACCATAT	0	0	0			0	53.92759295		26
GTTAGCTATAATCGATGCCAGCTTCGCTAC	0	0	46.39926606			23.45875543	0		56
GTTAGCTTAAATGGTGCGAGCTTATGTTAG	0	4423.623684	0			0	0		3686
GTTAGGCGTTAACGGAAGCACATGCCAGAA	0	0	2.379449541			0	0		0
GTTAGGGCTAGGGTCGTCCTTGTTGTGGTA	0	0	0			2.345875543	0		2
GTTAGGTATGAATAGCACTGTTACTACCAC	0	0	0			18.76700434	3.17221135		32
GTTAGGTGACCACCAGTGTGTTGGCCCTCA	0	0	0			56.30101302	28.54990215		4
GTTAGGTTATGAAACGCAGCTCGGAGAATG	0	145.0368421	487.787156			0	0		30
GTTAGTATAGCCTCATAACCCCCCTAGACC	0	0	0			28.15050651	63.44422701		37
GTTAGTCCATTAAGCTGGAGTTGCGGCTGT	0	0	0			616.9652677	612.2367906		108
GTTAGTTATAATGTAAGGTTGTATCATGGT	0	0	0			7.037626628	0		17
GTTATATATTGTAGTGGCACTTGGATTTGT	0	34.12631579	0			0	0		13
GTTATATCATAGGCAGGACAGCAGCGGCGT	6	0	14.27669725			0	3.17221135		0
GTTATATGACAAGGCTAATAACAAGTTGTA	0	0	0			2.345875543	0		52
GTTATGAATCTGAGGCTAAATGGGAAGGCA	0	0	0			11.72937771	19.0332681		17
GTTATGAATGACACCCAAAGAGTGGGGGCT	0	17.06315789	278.3955963			452.7539797	0		64
GTTATGATTCTGATTGACTTGATCATAGCC	0	0	11.89724771			0	0		48
GTTATGCGTCGTAGCCAAGCTAGGGCAGGC	0	0	0			58.64688857	149.0939335		34
GTTATGCTTCTTCGTCCGCTGCCCTTCAGT	1843	1633.797368	4343.685138			166.5571635	894.5636008		38
GTTATTCCTCGAATAAGGGTTCGGGTCACA	0	0	13.08697248			1161.208394	1592.450098		1325
GTTATTGTACCTATAAGGATCGACTTGCTT	0	0	2.379449541			11.72937771	15.86105675		66
GTTATTGTTATGTTTATAATGCTTTGTGCA	0	0	0			215.8205499	295.0156556		4
GTTCACCGTGCGTAACGTGGGGGGCGGATT	0	0	0			0	6.344422701		102
GTTCATATTGTCTTACATGTCGTTTCATTA	0	4.265789474	4.758899083			0	0		211
GTTCATCATTTTTTTCGTGATGTTATATTG	0	0	0			4.691751085	15.86105675		133
GTTCCATGAAAGGAACTATATCGGGAAGTG	0	0	3.569174312			0	0		0
GTTCCCTGTGCGATTGTCAAGTGGGGAGAG	0	0	23.79449541			0	3.17221135		5
GTTCGAAATGACATCTGGATTGTCGTCTGT	0	0	0			0	47.58317025		81
GTTCGACAACGCAGAGTCAAGGGTCAAGGC	0	200.4921053	0			483.2503618	3552.876712		1201
GTTCGATCATCGCCGACTGACAGGGCGCAC	0	0	0			180.6324168	374.3209393		587
GTTCGCAAAAGTGAGGTGAATTTTAGGGTT	0	0	0			2.345875543	0		9
GTTCGCGATAAGTTTGAGTACCGAATTTGC	0	0	17.84587156			0	6.344422701		0
GTTCGCTTTTCTAGGTCTTGACTTATTGAT	0	0	0			25.80463097	98.33855186		601
GTTCGTAGTAAAGTATTGAGGCAACAGACT	0	8.531578947	0			0	0		7
GTTCGTATTAGGGGGTCTCCAAACTCCAGT	0	0	0			96.18089725	22.20547945		5
GTTCGTGGTCAGAGGGCGATTGATGTACGA	0	0	0			11.72937771	22.20547945		14
GTTCTAGAAATCCGTGGGAGGTTCTGTGAA	0	0	0			58.64688857	0		2316
GTTCTATCATCGTTCGTGCACGCTTGGAGC	0	0	0			37.53400868	12.6888454		61
GTTCTATCTTGCTTGGGAATCCAGTACCGC	0	0	4.758899083			2.345875543	3.17221135		15
GTTCTATGTGAGGGGGTGATTGATCGTAAC	0	0	0			91.48914616	85.64970646		33
GTTCTATTTCCTTAGCTGACTCGCCTTGGC	0	0	0			9.383502171	53.92759295		4
GTTCTGAAATTATGGTATTTATCAAATCGC	0	0	0			2.345875543	0		3
GTTCTGGAAAGCCCAATCAAGCAGTATGTT	0	0	0			161.8654124	910.4246575		233
GTTCTGGTTAGAATCCCCGTTAAGAACTGT	0	17.06315789	353.3482569			0	9.516634051		3700
GTTCTGGTTAGTGTCTCACGATAGTTTGGT	0	0	0			32.8422576	145.9217221		49
GTTCTTTCAGCACGTCACTACTATGGGGAA	30	0	19.03559633			7.037626628	38.0665362		3
GTTGACAAAGCGGGTTTGGAGGCGATTTGC	0	0	11.89724771			0	0		4
GTTGACGCTGTGGTCGGCTACCAGATGAGA	0	0	0			14.07525326	82.47749511		23
GTTGAGAATGCGCAGAGTCCTTCTACCTCC	0	0	0			0	0		3
GTTGAGGGAAGGATGGCGGCAGCTGACTCG	0	0	0			30.49638205	28.54990215		0
GTTGAGTTTTTGTTGTTTGGAAGTTGAATG	0	21.32894737	29.74311927			0	12.6888454		4401
GTTGATAGAGGTGAAGTTGGGGGTGCGAGA	0	0	0			7.037626628	0		26
GTTGATAGTGATCTCGATGTTCGTCGGGCA	0	0	65.43486239			0	12.6888454		86
GTTGATTCATTTGATCTGGCTAGTAGACGC	0	0	26.17394495			4.691751085	3.17221135		4
GTTGCAGGTGGGTATCGTAGCTTGCAAGCA	0	0	0			863.2821997	333.0821918		6
GTTGCAGTAGCTTACTGATTGCAAGACCTT	0	0	0			30.49638205	0		3
GTTGCATATTGCAGGTCTGTTCCGTTGGGG	0	0	0			0	3.17221135		100
GTTGCGACACAAGGCTGGTTCTACTACGCC	0	0	0			2.345875543	0		0
GTTGCGACATAAGGCTGGTTCTACTACGAC	0	0	17.84587156			201.7452967	222.0547945		208
GTTGCGCATTTTAGTCTTTTTCGTGTCATG	0	0	0			4.691751085	291.8434442		102
GTTGCGCTTTTCTCCCTATGATGCCTAACG	7	0	0			2.345875543	6.344422701		5
GTTGCGGGTTATTCTAGCGATGGTTGCAAC	0	0	0			276.813314	0		21
GTTGCGGTTCTTGTAGTTTGGGGGTCAGTC	0	0	0			68.03039074	19.0332681		406
GTTGCGTCAGTAAGTATTGCCTGTCACCTG	0	0	0			7.037626628	0		64
GTTGCGTCATGAATGGCTGGAGGTGGTTAG	0	0	0			98.52677279	95.16634051		154
GTTGCGTTTAATAACGAGTCGTAGGGGGCA	0	5101.884211	0			0	0		81
GTTGCTAGACAGGCAGCCGCTAAGCACAGG	0	0	0			471.5209841	28.54990215		12
GTTGCTTCTTTATTAACTGTTAATGGCATT	0	0	0			11.72937771	0		2
GTTGGAAGTGCGTCTGGGTTATATAAGGGG	0	0	0			11.72937771	0		10
GTTGGAGATATAATTACCTGGTGGCGGGTA	0	0	0			39.87988423	69.78864971		0
GTTGGAGCTCTCGCCTGGCCGCTTGGCGTC	0	0	0			778.8306802	120.5440313		9
GTTGGAGGACCAAGCCATGTATTGCTTAGG	0	0	0			0	25.3776908		474
GTTGGAGTTGGCCGTTGGTGCGGGTGAGGG	0	0	0			46.91751085	0		8
GTTGGATATCTTTAGGGTAGGTTAAACGTT	0	0	0			0	3.17221135		4
GTTGGCCAATGATTGACCCCGTAACGCCGG	0	0	0			2.345875543	19.0332681		2
GTTGGCTTACGAGTACGCTCCGAAAGATCG	0	0	16.65614679			105.5643994	85.64970646		185
GTTGGGCTTTTTTAGCAGGCTGCACGCGTG	288	25.59473684	67.81431193			30.49638205	19.0332681		38
GTTGGGGCTCAGCGCTAAGCGAGGTGTGGA	0	0	0			32.8422576	0		2
GTTGGGGGTTTCCGAGCGTCGACACGGTCG	0	0	51.15816514			0	0		162
GTTGGGTGTCTTGGTAGCGAGTGGGGGGTT	0	0	0			7.037626628	0		20
GTTGGTGGTGAGTCATACGGCTCGACGACC	28	12.79736842	130.8697248			0	6.344422701		31
GTTGGTTATTATCAAGTAGTTGTAGGCCAT	202	0	30.93284404			1111.945007	8085.966732		219
GTTGTAAATGGACATACCGCAGTGGTTAGA	0	0	0			35.18813314	31.7221135		46
GTTGTAAATTAGTGCCTCGTGGATGAGGTG	0	0	14.27669725			0	0		462
GTTGTACATGGAAAAGGGTGGTTATGTTCT	0	0	177.2689908			30.49638205	0		43
GTTGTACGTGGCTGATCGGTGCGCGGTGCT	0	0	16.65614679			2.345875543	0		9
GTTGTAGATTGGGCGTCTGCTCCCTTGGAC	0	0	0			9.383502171	0		1591
GTTGTAGTAAGGCCGGAAATTGGGGGATCA	0	0	0			16.4211288	12.6888454		258
GTTGTGGATATAGGACGGGGTGGGAGGCTA	0	0	32.12256881			0	0		0
GTTGTGGGTGAGAAGTGATTGGGGCTGGTA	0	12.79736842	47.58899083			0	0		2084
GTTGTGTCACACATGCGGGATAGCCCGTGC	0	0	0			2.345875543	0		0
GTTGTTTGTATGGGGACGGGGGCGGATGAG	0	0	0			18.76700434	9.516634051		7
GTTTAAGTTTACCTGTAGAGTTACGATAAT	0	0	30.93284404			185.3241679	72.96086106		15
GTTTAATGTCGGGCGGCAAATGTCGGAAAT	16	0	7.138348624			952.4254703	25.3776908		32
GTTTAATGTTAGTACCGGCTGCTAGGAACG	0	0	3.569174312			0	0		4
GTTTAATTAGCTGATGTTCTTAGTTTTTAA	0	0	0			39.87988423	0		1198
GTTTACACAGAAGCAGTGGGTCAGGTACGC	0	0	64.24513761			9.383502171	34.89432485		38
GTTTACATAGCTAAAGTTGCCTCGGGTGAT	0	0	0			0	3.17221135		2
GTTTACCAATTAGGTACAAGGGGGCCGCTG	0	4.265789474	3.569174312			0	0		0
GTTTACGCACGCATCCGTTTAATCACCGGA	38	42.65789474	5.948623853			0	57.09980431		45
GTTTACTCTAGTTATATATTTGGCCCGATG	0	0	116.5930275			25.80463097	640.7866928		4
GTTTACTTTATTCCCTTACTCGGATGCAAC	0	0	0			39.87988423	47.58317025		18
GTTTAGATAAGACCTCACTTAATGGGCCAG	0	157.8342105	0			0	0		5
GTTTAGGTATGGACGACCCAAGAGGTCAAG	0	0	14.27669725			0	0		667
GTTTAGTCAAGCATAATGACGCACTTACTG	0	0	0			70.37626628	3.17221135		9
GTTTATCCTGTGGGTTTATGTGGTCTGATG	0	0	0			628.6946454	123.7162427		10
GTTTATTATCACTGCTATGGTGGACACTTA	0	0	2.379449541			0	0		14
GTTTATTGTTTGATGAAGGGGAGTCTAGTC	0	0	0			11.72937771	25.3776908		181
GTTTCAGGTACTGACATAGCAGATTTTACA	0	0	30.93284404			307.3096961	2728.101761		571
GTTTCCATTTTTCATTTGGAACATGACGTC	0	166.3657895	0			0	0		1345
GTTTCCCGTGATGGCGTTACGAATCAGTGG	0	0	0			2.345875543	0		0
GTTTCCGGAGTGTTGAAGGGGTCTGAGGGC	0	0	7.138348624			14.07525326	25.3776908		16
GTTTCCGGTCCTGCCATCGCAGATTTTACA	0	0	0			2.345875543	0		0
GTTTCGTCTTTCTCGAGGGTATGGCGAGTA	0	0	0			164.211288	561.481409		892
GTTTCTAATTCAGTAGGTAGCAAATGTATT	0	4.265789474	86.84990826			23.45875543	104.6829746		122
GTTTGAAAAGTGATCAGAGAATGCATCGTC	0	0	0			197.0535456	31.7221135		12
GTTTGATGTTGTACGGCAGTGCACTGAGTA	0	68.25263158	582.9651376			1306.652677	1893.810176		53
GTTTGCAGTTAAAGATTAAGTAGGTCTATG	17	0	0			2115.97974	3857.409002		39
GTTTGCGCTGCCGCACATTCAAGGTGCGAG	183	4.265789474	523.4788991			0	6.344422701		17
GTTTGGAAAGTAGGCTGTTAAGACGCAGCC	0	0	0			2906.539797	0		164
GTTTGGACAAGGGGTCTGCTACGGGGCTGG	0	0	0			0	0		10
GTTTGGGGAGGTGCTTAGAACTGACGAATT	0	0	4.758899083			168.9030391	570.9980431		228
GTTTGGGTAAGGAATAGTGGGTGTTAAGAA	0	0	0			2.345875543	0		171
GTTTGGTAATTGGCTTGTTTCCGTATTGGA	0	0	0			60.99276411	111.0273973		38
GTTTGTCGTTTTAGCGGTCCTTGTAAGGTG	0	0	0			797.5976845	104.6829746		1980
GTTTGTGAACCTTATTTCTTCAAAGTTGGA	0	0	34.50201835			0	0		0
GTTTGTTATTGAGTAAAGCATCGTTTGACT	0	0	0			2648.493488	6740.949119		3425
GTTTGTTCTCGGTGTGATTTCCATCAAATC	0	0	0			4.691751085	28.54990215		5
GTTTGTTGATATTTAAGTAATGGGATTTCG	0	106.6447368	159.4231193			631.040521	1630.516634		3492
GTTTGTTTAGTAATCACGTGGCATTTCCCC	9	0	5.948623853			0	0		10
GTTTTAAAACTGTGTACTCGCCGATGGAGG	0	1574.076316	0			0	0		150
GTTTTAAAAGCGGGGGCGCTGTGTGATAGG	0	0	0			0	0		9
GTTTTAATTTGATTGTAGGACGAGTGGCAT	0	0	0			0	15.86105675		114
GTTTTAGCTGCCGGAGATGAATTTAGTCTC	0	0	21.41504587			286.1968162	0		2943
GTTTTAGTAGAATAAGTAAGTGGTACGGAA	0	0	0			0	60.27201566		132
GTTTTAGTATAGTATCGGATGTCCGCAACT	0	0	0			4.691751085	0		7
GTTTTATAAGTGCGTTTGATCGTTGCCTCT	0	0	5.948623853			0	28.54990215		8
GTTTTATATACCCTAGACGGGTCGTATTGA	5	0	4.758899083			0	0		63
GTTTTCAATTACTGGGAGTACGGGTGGGAG	0	0	0			56.30101302	38.0665362		16
GTTTTCAGACGTCATTTTCCGTGGTCGGCG	0	0	0			11.72937771	19.0332681		36
GTTTTGGATGAAATTGCCGTTTAGGTGCTC	0	123.7078947	0			0	0		0
GTTTTGTATAGGTGACATGGTCTTGCGGTA	0	0	0			18.76700434	22.20547945		52
GTTTTGTTATTGAGTAAAGCATCGTTTGAC	0	0	0			0	25.3776908		6
GTTTTTAATGGGGGTCTATGCACTGGGCGT	0	0	0			84.45151954	739.1252446		15
GTTTTTAATGTTAGAACACTCACCTTTTAA	0	0	0			0	22.20547945		63
GTTTTTAGACGCGGTGTGTGTCACATAGGC	32	0	842.3251376			25.80463097	155.4383562		64
GTTTTTGAATAAAGGGCTGGGTTGAAGGGA	0	0	0			0	9.516634051		17
GTTTTTGGTACCGTATGATAGGAAGTATCG	0	0	4.758899083			0	0		201
TAAAAATATCCGCATGAAGTAACGCAGGCT	0	294.3394737	0			0	3.17221135		17
TAAAACCTATATTTGGGTCACGTTATAGTA	0	0	0			7.037626628	95.16634051		13
TAAAACGGTCAGAGGTGGGCGCGGAGAGTA	0	0	0			255.7004342	107.8551859		334
TAAAACTATCAGTAAAATAATATTACCGCA	0	0	157.0436697			0	0		260
TAAAAGGGACTTACGTTTTATATAATTCTT	0	0	0			28.15050651	6.344422701		11
TAAAAGTATCGTAATGTCTCACTTTGGATT	0	34.12631579	10.70752294			0	0		174
TAAAAGTGAAGCCCATAATGGGGGGGCTTC	0	0	0			18.76700434	63.44422701		8
TAAAATCATTGGGACTATCGGGTGTTATCT	0	0	0			68.03039074	0		99
TAAAATGATGCTTGTTAAACAGCCGGAATG	0	0	10.70752294			51.60926194	69.78864971		244
TAAAATGGTCGGGGCACCGAGATGGGGTTT	0	0	0			218.1664255	76.13307241		49
TAAACAGTAAGTTCTTTCCTCTTAGGTATG	64	25.59473684	1842.88367			9.383502171	643.9589041		2145
TAAACATATCGTACCGGCGGTGAGAATAGA	0	0	3.569174312			0	0		3
TAAACATGATAAGGTGGGGAGATAGGACAC	0	0	5.948623853			0	0		5
TAAACCTGTCCGTGGGCGGACGTTATTGGA	0	0	0			0	9.516634051		21
TAAACGCAATGGTCACGGGGCGTTCTACAT	0	0	61.86568807			0	0		582
TAAACTGTATGACGGATGCTACTAGCTCCC	0	0	0			0	9.516634051		9
TAAAGAGCAGTTTGCACATTGATGACGCGC	0	0	0			96.18089725	0		6
TAAAGATTATCAAGACTCCTTTACCTACAC	0	17.06315789	0			0	0		1710
TAAAGCCGAGGTAGTCGACTTAACCGACTA	127	72.51842105	1098.115963			0	161.7827789		150
TAAAGCTTTAAAAAAGAGTGCTTAGTTAGT	0	17.06315789	0			82.10564399	183.9882583		1306
TAAAGGATTCTATGTGGACCATAGACGTGC	0	0	0			0	22.20547945		0
TAAAGGATTGAAGACCGTCTAGGTGTAGTA	0	0	2.379449541			0	0		4
TAAAGGGATGCACAGTATGCGAAATCTGTG	0	0	7.138348624			0	0		17
TAAAGGGTAGTAGAGATGGTGTAGGGGGCA	0	0	0			23.45875543	0		10
TAAAGTCTACATTACAGCTGTGGCAGCCTT	0	0	0			16.4211288	0		0
TAAATACGTTGAAGGGGCCATCTAGTATGC	0	0	111.8341284			0	0		240
TAAATATAACAGATTTGAGCCTATAGCAAT	0	0	0			0	38.0665362		394
TAAATCCTATGTCCAACGGGCGGGATTAAG	0	0	0			4.691751085	3.17221135		4
TAAATCGGTTCCTTCGTTATACCTGAGGAC	0	0	7.138348624			0	0		55
TAAATCTAATCGGCGGTTTGTATCTATCAT	0	0	2.379449541			0	0		24
TAAATCTTACTTAAATACCGCCTGGCCCTA	0	0	0			11.72937771	0		0
TAAATTTATTGGTGTATTGCAATTCGAGTT	0	0	0			9.383502171	0		2
TAAATTTTATCGTCATCCTTGCCAGGTAAA	0	0	0			7.037626628	15.86105675		44
TAACAAATACTTTGTACTTAAAGGATCGGG	5	0	3.569174312			2.345875543	0		347
TAACACCGTGAGGGTCGATGTGAGGCTCAA	0	0	16.65614679			0	82.47749511		210
TAACAGCCTTGTCATATGGTTTTCATTTGT	0	0	21.41504587			2.345875543	6.344422701		5
TAACAGTTTAATGGGGGTTTCTGGAAAGGT	0	0	35.69174312			0	0		5
TAACATTAAGATTGACTACTGTCACTCATA	0	0	0			60.99276411	31.7221135		0
TAACCATAACCGTTAAATGTTCATTAGTAG	0	0	2.379449541			0	0		0
TAACCGAAATATGGTTATTAGGTTGGACCA	0	0	0			79.75976845	199.8493151		340
TAACCGGAACTGACTTTGATTTGGATATAT	0	0	0			483.2503618	716.9197652		1198
TAACCTAATTTGGTCGTGGTGCAGGGATAG	0	4.265789474	0			0	0		21
TAACCTGTACGTTAAGATCCTAGGCTTGAG	0	0	0			4.691751085	0		12
TAACCTTATTCCTTGTGTGATTAGTGTATT	0	17.06315789	0			0	0		62
TAACGATTACACTTCAAAATTTCTCGGATC	0	4.265789474	0			0	0		38
TAACTGCTACTGTCTAAACAAAGCGCGTCG	0	0	0			11.72937771	28.54990215		31
TAACTGGGTGCTCCTCGCGTTTTATACGTA	0	0	0			0	174.4716243		2210
TAACTTTAACTCAGTTGTGGGTAAAACTTT	0	0	0			7.037626628	0		271
TAACTTTCAATGCTTTGGGGCGTGCATGGC	0	0	3.569174312			32.8422576	47.58317025		147
TAAGAAAGATATCTTGTTTTTTGTATGGCC	0	0	2.379449541			2.345875543	0		20
TAAGAAATAAGAGTGTATGCGCTGCACCGT	0	0	0			86.79739508	41.23874755		19
TAAGAAGGTGGGAGGAATGAGTATGTTTTG	0	0	13.08697248			0	0		3606
TAAGACTGTTTACAAGAAATGGTAACCTAT	0	0	0			89.14327062	22.20547945		24
TAAGATTATTACTAACGGAGTATAATTATG	0	0	0			89.14327062	0		0
TAAGCAGGTTCCATGGTATCGTGGTGTGGA	0	0	0			2.345875543	0		0
TAAGCATTATCACGGCTCAGTATAAGTTCG	0	12.79736842	625.7952294			502.0173661	215.7103718		85
TAAGGCAGTTTATTAGTGGTGTCGGGTGGG	16	0	46.39926606			11.72937771	3.17221135		55
TAAGGCCCACAAGCAGTGTGAGGTGTAACC	18	0	58.29651376			4.691751085	41.23874755		159
TAAGGCGGTTGATTGGTAGACTTGTTAATG	0	0	0			2.345875543	25.3776908		54
TAAGGGAGTCGTCGTTGGACAACGCAGAAG	0	0	7.138348624			0	0		121
TAAGGGGAACGGCACGTAGTGGAACGCAGG	0	0	2.379449541			0	6.344422701		142
TAAGGGGATTACGACTCTTGTACGCCATCG	0	0	0			129.0231548	66.61643836		26
TAAGGGGGAAGGATCGTCTGATGAGATATC	0	0	0			4.691751085	0		3
TAAGGGTGTTGGTAAGATAATTTCCACAAT	164	0	7.138348624			0	0		24
TAAGGTCAAGATTACTAACGTGGTCCCTAC	0	0	0			0	3.17221135		3
TAAGGTCGTCCGTGAATCTGCTGAGCGTAA	0	0	14.27669725			0	31.7221135		72
TAAGGTGATCAATTCTCCCCCGCCTATGTA	0	0	0			4.691751085	3.17221135		4
TAAGGTTGTTTGACGAGAGCTCTCGTTAAG	0	0	0			21.11287988	0		703
TAAGTAACTATGTAGGACTTCTTCGACTGG	0	0	0			246.316932	840.6360078		11
TAAGTAGGTTGGGGGGATCACGTCGACCAC	0	0	0			4.691751085	0		0
TAAGTATTAGTAGTAATGGACTTGACTAAC	0	0	0			11.72937771	25.3776908		6
TAAGTCTGTGGTGTCGACCTGAGCTGGGCG	741	213.2894737	459.2337615			204.0911722	539.2759295		151
TAAGTGGTTAGAGAGAGGAGTGTCATTGTT	0	0	0			9.383502171	3.17221135		4
TAAGTGTTACTGTGGGATCATGAAAGCGCA	0	0	0			0	9.516634051		145
TAAGTTAAACAGCACAGGTAAGGAGGGTCG	0	0	0			39.87988423	0		269
TAAGTTGCAAGATGGTATCCTCTCACCGGG	0	0	0			222.8581766	612.2367906		36
TAAGTTGGAGCTGATCACTCAAGATACTTC	0	0	53.53761468			51.60926194	126.888454		0
TAATAAACTACGCGCATGCTGTGTGGGGGC	0	162.1	0			0	0		178
TAATAAGTTTTATTAGCGCGCGTATCCACG	0	0	0			0	3.17221135		9
TAATAATGTAACGTCTGAAAGTTTGGGTAT	0	0	0			0	12.6888454		1242
TAATACGTTAGTAATGACATGGCGCGATTA	0	0	0			2449.094067	352.1154599		20
TAATAGACAGAACTGACAGAGGCGATGTGA	0	0	0			56.30101302	348.9432485		1389
TAATAGGCTTAGGCGACGTGAGGAGCCGCG	0	0	295.0517431			0	0		2468
TAATATGCTATCGGGAGTGCACCGCTTTGG	0	0	0			344.8437048	117.37182		831
TAATCAAAATCTTGATATCCCGTTATAACA	0	0	2.379449541			0	0		11
TAATCGCCAGCATGAGCATTATCGACCCAA	0	0	0			131.3690304	66.61643836		52
TAATGAAGAAATCTCTGATGGTTATTTGCG	0	0	0			9.383502171	0		11
TAATGAGGAAGGGACATTGATCAACCGCGT	0	0	142.7669725			0	0		131
TAATGCAGTGATGGTTTGGGTGTTATTAGA	0	0	0			89.14327062	209.3659491		2078
TAATGCCCTGTAAGCTGATTACTTCACTGT	0	0	0			706.1085384	301.3600783		2046
TAATGCTCTGAGTATTGTGTTTTAGATGTT	0	0	0			23.45875543	101.5107632		90
TAATGGTATCCACCTACAATATGATCAGGG	0	0	0			368.3024602	2905.745597		2627
TAATTAGATTGTTATTTACCTAAGGGGGTC	0	230.3526316	0			0	6.344422701		2842
TAATTAGTTCATAGTATTGTTAAATATTCG	0	0	0			2.345875543	0		1571
TAATTATGAAACGGTTTGAAGTGATTGGCG	0	0	0			0	3.17221135		15
TAATTCATTTCGAAGTTTAGCGAAAGTGTC	0	0	0			7.037626628	9.516634051		4
TAATTCGCAGTTGCCAGAGTGGTTGATGCA	0	0	0			11.72937771	19.0332681		0
TAATTCGGTGGCGCAAGTCGGGGATACAAA	0	0	0			2549.966715	2547.285714		15
TAATTCGGTTAGAGGTCACTGTCTTGGACA	0	0	0			42.22575977	22.20547945		24
TAATTGAGTTCGGCAACCATTTGGTAGTAC	0	0	0			11.72937771	57.09980431		36
TAATTGCGACTGTCACCGGCGAAGGATAAC	0	0	0			419.9117221	383.8375734		53
TAATTGTCATTAATAGATAGAATACACCCC	0	0	124.9211009			140.7525326	250.6046967		1911
TAATTGTCTCATGACATCTAAGGCCTTAAG	0	0	0			53.95513748	3.17221135		175
TAATTTAGACAAAAAGTTTGCCGTATGGGG	0	0	0			28.15050651	38.0665362		3
TAATTTGGTATGAAGCTCGGCCTTCGTAGT	0	0	0			0	15.86105675		12
TACAAACTACCCCACCCGTATATTCTGACC	0	0	0			7.037626628	12.6888454		5
TACAAATCTGAGGGGATAGCAATCATATAC	0	8.531578947	15.46642202			60.99276411	72.96086106		191
TACAACCTTCCTATCTGCCAGGCTTCGAGA	4	0	0			0	0		0
TACAAGTCTGGAGTCGCCACATCATTGGCG	0	0	0			152.4819103	0		801
TACAATAAATTGATGATTCGATGTGACCCG	0	0	0			0	12527.06262		27
TACAATATTGGTCAGTTTTTCCCGGCCATG	0	8.531578947	0			0	0		20
TACAATGTTCGATCATCTCTCGCTGCTCCC	5	0	2.379449541			0	25.3776908		0
TACAATTGTGAACCCATAGTGAGCCTGACG	0	0	0			82.10564399	31.7221135		49
TACACAAGTAGTCCGCTCCCTCACGGGGCC	0	0	27.36366972			0	0		3
TACAGATTATCAAGCCTCCTTTCCCTACAC	0	4.265789474	0			0	0		2
TACAGCGGTATCACAGTAGTACAATAATAA	0	0	0			9.383502171	31.7221135		92
TACAGGCGTGAGTTGCCAAGATAGTGCAAG	15	0	15.46642202			18.76700434	25.3776908		3
TACAGGGGACTGTAGAGATTATGAGTAGCC	0	0	0			63.33863965	28.54990215		84
TACAGTATTGTGGACTGCGCGACTGCACGC	3	0	2.379449541			0	0		2
TACAGTGGAAAGAAGGACTATGGGACGCCG	0	0	0			255.7004342	130.0606654		35
TACATAGATGTCAATGCTTCGAGGAAAGAG	0	81.05	0			0	0		127
TACATAGGTTGAAGGGATACTAAATGTGGG	26	0	0			7.037626628	0		18
TACATGGCAGCCTTGCAAGCGGTAGGATAG	0	0	0			0	3.17221135		21
TACATTATAAGCCGAGTCGTTTTGTTGCCG	0	0	0			0	3.17221135		366
TACATTCTAATGGCCAGCCTTGTTTCCTTT	0	0	0			28.15050651	6.344422701		70
TACATTGAAGATAACCGTTGGATCCGACCA	0	0	5.948623853			0	0		132
TACCAAAGAAAGAACAGATCTCGCGCCGAG	0	0	0			0	9.516634051		659
TACCAGTGTGGCGAAGGTTCGAGGTGCGGG	0	0	0			93.83502171	57.09980431		121
TACCATCGAGCGGTTAGTCCGTGTCGGGTC	0	17.06315789	0			0	501.2093933		3577
TACCCATCATTATGTGACATTCCGCTATCC	0	0	0			1991.648336	1760.577299		376
TACCGAAGTGACCGTAACTATCTTGTTCCC	0	0	0			11.72937771	44.4109589		35
TACCGAGCAAAGAACTCTCGGTTCGGGCAA	0	0	0			23.45875543	15.86105675		8
TACCGCAAATTGAGCATGTGCCAGGTAGTC	30	0	171.320367			1517.781476	1595.622309		187
TACCGCATTAAGTTAGTAGTGCTTTAGTCT	2	0	0			16.4211288	3.17221135		2
TACCGCGGAGAGCTTGGGTCTAGTGGTTGT	0	0	0			0	19.0332681		3
TACCGCTCAGTCCGGTGTAATGTTTACAAT	0	0	0			2.345875543	0		10
TACCGGCTTTCATTTCGGCGAAGGTGTTTC	0	0	0			0	3.17221135		3
TACCGGGTTATTATTGTTAGTTCCTGCTTG	0	0	0			0	28.54990215		3
TACCGTTAAGGTCTATTCAGGACGCGTTAA	3	0	61.86568807			2.345875543	44.4109589		4
TACCTAGATTTCGTTGGACCGTCTTTCTCA	0	0	0			28.15050651	136.4050881		254
TACCTATGTCAGTCCGTCATAAGTCTTAGA	0	0	0			717.8379161	66.61643836		17
TACCTGTTACCCGTGATCGCTGGAGGGATT	0	0	0			4.691751085	3.17221135		3
TACGAAATATTGGTTTACCTATTGTGTAAG	0	0	0			91.48914616	31.7221135		93
TACGAACTATATTTTTGTATTGGGCAAAGG	0	0	0			283.8509407	396.5264188		952
TACGACAGTCCTTCGTTGATTCCCTTTGTT	0	0	0			0	0		2
TACGACTCTAGATTTTGATATTTGGACTCT	0	0	0			2.345875543	0		514
TACGACTTAAATAATTTTTAGTAATAAATC	0	0	0			602.8900145	0		44
TACGAGTGTCGGGGGCTAGCCCAGATGGGG	0	0	0			152.4819103	44.4109589		57
TACGATGATTTATCAACGTTGAACTAGTAA	0	0	0			429.2952243	0		17
TACGATGGTGGTGCCCACTCCTGGATCTAC	0	0	311.7078899			0	0		116
TACGCAACTCTATTGAACGGGGCGATAACA	0	0	0			405.8364689	967.5244618		1268
TACGCAATATGAAAGGTTTCCCAGCCTGAG	0	0	0			525.4761216	447.2818004		3
TACGCAGGAATCGGCGATGTAGAGGGACAA	0	0	0			14.07525326	28.54990215		2
TACGCGCCAAGGAATCCAGTGGGCGGTTCG	0	0	0			0	12.6888454		11
TACGCTAGTAATATTCTCTCATGTAATAGG	8	0	15.46642202			21.11287988	34.89432485		323
TACGGGAAAAAATGTACCGTAATGCCTCGG	0	0	0			171.2489146	383.8375734		225
TACGGGAGTAGCAATTTCGTACACGGTCTC	0	0	0			16.4211288	0		200
TACGGGCGTCGATCCGGGGGAGGCTGCGGG	0	0	0			2.345875543	3.17221135		218
TACGGGGAACGGTGAGGGCCCTCTGGGACA	0	0	0			0	15.86105675		7
TACGGGGGAAGTAGGGTGCCTAAAAACGGT	0	0	0			14.07525326	183.9882583		60
TACGGTCCAAGAATGTGAGCTACTTAATCG	0	4.265789474	0			2.345875543	6.344422701		256
TACGGTGGTAAGATTGTATGAAGCATGCAT	0	0	0			0	76.13307241		58
TACGTAAATGTTTGCTTATCAGTGGCCGTT	0	21.32894737	2.379449541			560.6642547	298.1878669		607
TACGTAATTGGCTGTCCTCAGATATCGAAG	0	0	0			7.037626628	0		24
TACGTGATTACTTAGTCAGCCCATTATCTG	0	0	21.41504587			4.691751085	79.30528376		138
TACGTGGCATACCATGGATGCAGCGTAGGC	0	0	9.517798165			0	0		31
TACTAAGATCCACCTATTGAACGTGGATCT	0	0	0			37.53400868	66.61643836		8
TACTAATATAGGAAAAGATGTTGGTGATTT	0	226.0868421	964.866789			117.2937771	31.7221135		63
TACTACTTAAGACTTGGAATACAGTTCTAG	0	0	0			16.4211288	9.516634051		11
TACTAGTGTTTGTATTATTCAAAGTGCAGT	0	21.32894737	0			0	0		1272
TACTCATTTGGCAACGGTGCCTGTCGATTT	0	0	0			0	3.17221135		5
TACTCGTAAGGGTGGACTTATCACTATGTT	0	0	0			0	3.17221135		10
TACTCGTAATAAACGCGTTACGAGTTGGTT	0	0	16.65614679			107.910275	104.6829746		281
TACTCTACAAACGCTTGAGGGTGCGGCCTG	0	0	0			16.4211288	3.17221135		4
TACTCTGGTAATGATACTGAGGCTCAACTA	0	59.72105263	0			0	0		111
TACTCTTAAGTCTTACAGCAAACAAATGTT	0	0	4.758899083			0	6.344422701		86
TACTGAGATATGCATGCGTCCGGAGATTAT	0	0	0			30.49638205	79.30528376		299
TACTGGTGAGCGCTGACGTAAAATTCCACA	0	51.18947368	0			0	0		4
TACTGGTGTGATTTTATACTCGTTACTGGA	0	0	0			16.4211288	789.8806262		175
TACTTGAGTTGGTGTTTTTGGGACGGATCA	0	4.265789474	0			0	0		60
TACTTTCTAACTACCGATATCTCGTTACGT	0	0	0			18.76700434	12.6888454		661
TACTTTTAAAGCTGGATCTGCGTGTAAAAC	0	0	4.758899083			0	0		27
TAGAAAAGACTTGCATGTTTCTCTATATAT	0	0	3.569174312			0	0		670
TAGAAATTTGTACGCCTGTTTGGGCTGCAC	0	0	0			544.2431259	0		7
TAGAACAGTTGCGCACTTCAATAGGGTGAA	320	469.2368421	329.5537615			548.934877	1116.618395		4234
TAGAACGTTAGTCGGTTTCCATTGAAATTT	0	0	0			16.4211288	63.44422701		66
TAGAATATTTGTAATCCGGTCCCATGAGGG	0	0	0			302.617945	152.2661448		6
TAGAATGTTTTGCCTGTGAACAGGAATCAC	0	0	0			4.691751085	6.344422701		12
TAGAATTCTGACCCGACTCCCTTATCATAT	0	4.265789474	0			168.9030391	418.7318982		203
TAGACCACAAACGTGCTAATTGCCGCATAC	0	0	4.758899083			0	0		15
TAGACCGCAAAGACTACGTGAGTACGAGTA	0	0	2.379449541			0	0		6
TAGACCGGTCGAGCCACGCGCGCTCGATAA	428	238.8842105	273.6366972			0	0		41
TAGACGGCATCTCGCAATGTATCGGTACGT	0	0	0			0	0		135
TAGACGGGTAATCTTCGTGAGGCATTCGGG	0	0	24.98422018			84.45151954	85.64970646		72
TAGACGTGATTGGGGGCACCCGTGAGGGAG	0	0	0			7.037626628	0		2
TAGACTCATAGCGTGGCAAGCGCTTGGTTG	0	0	2.379449541			9.383502171	34.89432485		0
TAGACTCATCGCAGATATGCGTCGTCCTTA	0	0	8.328073394			4.691751085	0		75
TAGACTTCTTTGATTTTTTATTTTGTAAGT	581	793.4368421	4808.867523			544.2431259	2084.142857		88
TAGACTTCTTTGATTTTTTTATTTTGTAAG	0	8.531578947	27.36366972			16.4211288	28.54990215		0
TAGACTTTTGCTATATAGTGAGTGGCAGAG	0	136.5052632	0			0	0		9
TAGAGAGATGGCAGGGTGAGGTATGAACCG	0	0	0			2.345875543	0		4
TAGAGAGTATAATGTGATTGAGACATTGCG	0	8.531578947	0			30.49638205	136.4050881		31
TAGAGATAACTACAGACTAGTTACTTTGCA	0	17.06315789	4.758899083			32.8422576	231.5714286		381
TAGAGATCTTGAATTCTCTTGCGATCTCGG	0	12.79736842	53.53761468			0	0		550
TAGAGCCAAGTATAGGTCGGGTGGTTGAGG	0	0	0			21.11287988	82.47749511		38
TAGAGCCGTGATGTGCGGGAGAAGGGCTTC	0	0	0			0	3.17221135		38
TAGAGCTGTCCCATAGGGTGAGCCAGTGAT	0	0	0			121.9855282	288.6712329		46
TAGAGGAATTATGGACAAGACTTAGAGCTA	0	0	0			136.0607815	291.8434442		5
TAGAGGCCATCATCATAGCCCCGCTCCGAT	24	0	72.57321101			0	0		2849
TAGAGGTTTTCTTTATCTTGTATGGAGGAC	0	0	7.138348624			0	0		43
TAGAGTGTTATATGCCGTCCGTACTAGGGG	0	0	0			405.8364689	0		1628
TAGAGTTAAGTATAGTCCTTTAGTATAAAT	0	0	3.569174312			0	0		889
TAGATACAATGGGTTGTTGTCCATGGGTTG	0	0	0			1515.435601	1221.30137		1407
TAGATACATTCAAGGGGAGGATTCTGCGTT	9	0	0			0	44.4109589		1314
TAGATATCTAATGGCTTCCAGGTTCGGCAG	0	0	0			133.7149059	0		16
TAGATCTAAGAGAGATGTACGCAAGGAAAG	0	0	0			832.7858177	142.7495108		26
TAGCACCTTACTCGACCAAGGAGAGATAGT	0	0	0			16.4211288	19.0332681		3
TAGCAGGGATCATTAAGTTCAGCAGCAATT	0	0	0			2.345875543	0		24
TAGCAGTTAGTTGAGATTGATGACCATAAC	0	0	0			4.691751085	3.17221135		9
TAGCATTAACCATTGTGATACGGGTTATGT	0	473.5026316	4246.127706			433.9869754	2388.675147		3161
TAGCATTGAGAGGTGTGGGTTTGGACTGAA	0	0	0			159.5195369	507.553816		466
TAGCCAGATTAGTACTATGCTATTTGAGCC	0	4.265789474	10.70752294			18.76700434	50.7553816		56
TAGCCCGGTCCTGGGAAACCTCTCATGCTA	0	0	34.50201835			65.6845152	19.0332681		336
TAGCCGAGTCCAGCGAAATGACTCTGATAG	0	0	0			0	6.344422701		4
TAGCCGGCTCAGGGGTACTGGGCGGAACAG	0	0	7.138348624			35.18813314	31.7221135		29
TAGCCGGTACACGGAATGAATAACGTGAAG	0	0	0			0	6.344422701		39
TAGCCGGTTTGGGGTCCTTGGTGGAGAGGG	0	0	0			4.691751085	0		2
TAGCCTAATGTCGAGAAGCGAATAGACAGA	0	34.12631579	27.36366972			0	0		424
TAGCCTAGTGCGGGGACAATACTGTGGCGC	0	0	0			194.70767	323.5655577		278
TAGCCTGGTCATGCAGGTATGAAGGGGGCA	0	0	7.138348624			363.6107091	0		10
TAGCGACTTTTTGCTGGACTACCGCGTCGC	0	0	2.379449541			0	9.516634051		3
TAGCGCAATGGCACTGCATAAGAAAAAAGT	0	0	2.379449541			0	0		0
TAGCGCCTTTAGTCAGAGTGTCTCCTGATG	0	0	0			0	72.96086106		164
TAGCGCTTACTGGGACGACCCAAGCGAACT	0	0	0			642.7698987	0		2
TAGCGTCCATGGAAGTCAGGGGGTAAGGGT	0	0	0			0	9.516634051		625
TAGCGTGATGTCGGACCACGGCGATATAGG	0	0	0			370.6483357	19.0332681		1037
TAGCTGGTACGAGCTTATGCGCTTAATTCG	0	0	0			243.9710564	904.0802348		3505
TAGCTGGTTGAACGGGAAGTTTAAGGAAAG	0	0	0			77.41389291	6.344422701		1678
TAGCTTAATGGGTGACTCCCTGTACCCTGC	0	0	2.379449541			18.76700434	0		25
TAGCTTGATTCTGTCTATCCTTGTCAGTCC	0	0	0			0	15.86105675		2
TAGCTTTTATTAGGTGCGAATAACGGCAGA	0	0	8.328073394			9.383502171	0		52
TAGGAAGAAGAGGATTTGGTGTTGCAGCTG	0	11794.90789	0			0	0		1714
TAGGAAGGTGTGAAACGGAGCCGCATATGG	0	0	0			2.345875543	0		0
TAGGAATCAGGCGAGGGATGTGTCCGTCGT	307	81.05	1607.318165			0	183.9882583		375
TAGGACATAGCACGTACTTCAGCATCATGT	0	0	3.569174312			0	0		49
TAGGAGGGTGTGATATCGACGGTCGGGCGG	21	0	3.569174312			2.345875543	3.17221135		2
TAGGATACTGCCACTCGGGGGGCCGCGAGC	0	0	8.328073394			276.813314	231.5714286		31
TAGGATCGACGTGGCGGTCGGAAAGAAGAA	0	0	0			9.383502171	76.13307241		262
TAGGATCTATCCCGGTCAGTAGATTAATGT	0	17.06315789	0			0	0		0
TAGGATGCTCTTTAGACGCGATAGCTTATT	0	0	0			4.691751085	6.344422701		2
TAGGATGGAGACTCCATTCAAGGAAACTAG	0	0	0			7.037626628	0		5
TAGGCCTCACGCTTTGGCTAGGCTGGTTCA	0	0	32.12256881			0	0		111
TAGGCCTCTTCCTACGAGTATCAACTGTCG	0	0	0			112.602026	605.8923679		3177
TAGGCGGATGCTGTTCATTTATATATTTTC	118	196.2263158	567.4987156			0	6.344422701		2463
TAGGCTACTGCGCATGTGTTGGGGACACGG	0	34.12631579	0			0	0		26
TAGGCTCGTCCTGATCATTTTTACACATGC	0	0	15.46642202			0	0		0
TAGGCTGGTGCCGTTCACTACTGCACCAGA	0	0	0			2.345875543	0		9
TAGGCTTGACCCCGGGGACCGAGGGGTTGG	0	0	0			14.07525326	0		14
TAGGGAGATAGTTGTGCGGTGATCTCAGGA	0	0	0			0	3.17221135		3
TAGGGAGATGGTGATTCTGGATCTGCTAGT	0	0	0			42.22575977	0		10
TAGGGATAATTATAAAGCCTTCTCCTAGAC	0	0	154.6642202			0	0		2252
TAGGGATGAGATGTACAGAGAGTGGGTAAT	0	0	0			129.0231548	25.3776908		0
TAGGGCCAAGCCGGGGCCGGGTAGTCCGTA	0	0	0			9.383502171	25.3776908		9
TAGGGCGCTGTCCGCTGTCGGGTGAGGCAG	0	0	30.93284404			0	0		57
TAGGGCTAATCGATGCCGTGGGAGGGGACA	0	0	0			0	3.17221135		0
TAGGGGCGATCACGGGGGCGGGGCCTTAAC	0	0	0			0	12.6888454		4
TAGGGGGGAGAGGGATCAGCGGCAATTAGT	0	0	0			0	31.7221135		115
TAGGGGTAACCTGCAAGCATTCGTTCTCGT	0	0	0			0	6.344422701		38
TAGGGGTGTTGTGACGTTCTGGACCTGCTT	0	0	0			21.11287988	0		135
TAGGGTAGTTGAATGTATGGGCCACGATCG	0	0	0			2.345875543	9.516634051		0
TAGGGTCCACGTAACTCCTGGTGTCTCGTA	3	4.265789474	22.60477064			0	0		18
TAGGGTGATGGGAGTTTGTCCGCGGTCAGG	0	0	0			14.07525326	0		0
TAGGGTGTATACTATAAGTAAGTCTGTTGA	0	157.8342105	0			0	0		783
TAGGTACGATCGTTCCAATTCTCACATGTT	0	0	13.08697248			638.0781476	482.1761252		400
TAGGTAGGATAGCGACGCCCCTTTGTTGAT	0	0	0			18.76700434	0		15
TAGGTATCTGCTATATATTGAAAATGATAT	0	0	5.948623853			0	0		7
TAGGTATTACTACAACGATAAGGTGGTTTG	0	0	0			0	0		59
TAGGTCATAAGGCCCCTCTAGACGGGACAG	0	0	0			28.15050651	50.7553816		20
TAGGTGCTTAGGGCCGCTCGTTTTGTTGGG	0	0	74.95266055			0	0		5
TAGGTGGGTCGACACCTGGCTAGGATTGAC	382	187.6947368	1146.894679			0	0		152
TAGGTGGTTTCTTGTTGCGGGCACGACTTA	0	0	61.86568807			0	123.7162427		151
TAGGTTAATTGGTTAATAGATAAAGGGCTT	0	0	0			7.037626628	25.3776908		155
TAGGTTACTAGACAGGCATTTATCTCGTGA	0	0	0			56.30101302	57.09980431		17
TAGTAAACAAGTTTGTCGTGTATGTTCGGT	0	0	0			9.383502171	15.86105675		2
TAGTAACTTGGCTCTAGTGCCGTCTTCATC	0	0	0			4.691751085	9.516634051		0
TAGTAACTTTTGGGCGCGCCCTAGGCCGAC	0	0	0			574.739508	1776.438356		311
TAGTAAGAATTGAGGTATATAGGCTTGCGA	0	0	0			260.3921852	50.7553816		7
TAGTAAGTAAATAATGATCGCTACTTTAAT	0	0	0			126.6772793	523.4148728		11
TAGTAATTATCTCTTTCGTTGTATTTTGAA	0	0	0			0	82.47749511		14
TAGTAGATAAGTGTTTGGTAGGGATGTGCG	0	0	0			0	6.344422701		0
TAGTAGCTAAGGGATATTTATTTTGTCGAG	0	0	7.138348624			0	0		0
TAGTAGGCTACCCTGGCCAAGGTGGATGCA	0	0	79.71155963			2451.439942	7054.998043		4704
TAGTATGATGTCAGGTCTTCCAATTACGGT	0	0	0			0	3.17221135		8
TAGTATGTTTGATGAGCTTCGAGTCTCCTT	0	0	0			25.80463097	15.86105675		28
TAGTCAATATGATTATCCTGTGCCGTACTC	0	0	0			35.18813314	0		36
TAGTCACCTGATCGTGGGGATTAGCAGAGG	0	0	0			60.99276411	41.23874755		19
TAGTCAGTACGTAGTTGAGCTTTGTACCAT	0	0	0			84.45151954	0		17
TAGTCGGTTACCCCCACTTTTGGATGTACA	0	0	0			75.06801737	463.1428571		23
TAGTCGGTTGGATACCCGGTAAGTCGGTTC	0	0	0			9.383502171	53.92759295		36
TAGTCTCTATAACGTGACCTGCACCGGGGG	0	0	0			0	0		20
TAGTGACATGCTTAAACGAGTGTAATGATT	0	0	0			347.1895803	222.0547945		32
TAGTGACTAGGCTGGGTTCCTTGTTGGGGG	0	0	0			14.07525326	0		65
TAGTGAGAACTGTGGCAGTGAGATGGAAGG	10	17.06315789	2.379449541			0	0		36
TAGTGATATGGTCCGCGTGCGTTGCAGATT	0	627.0710526	0			0	0		3
TAGTGATGATGTGTGCTAAAAGGATTGTGT	0	0	16.65614679			0	0		38
TAGTGCGCACCAAATTCGACCAGCATTGCT	0	0	0			133.7149059	827.9471624		33
TAGTGCGTTTGTCCTCGGATTACAACTCTC	0	0	0			53.95513748	0		28
TAGTGCTCTATGTACTATCTGAGTGTAACT	0	0	0			7.037626628	0		71
TAGTGGCATAAACTACTTCTTGCGCGCTCG	0	0	0			572.3936324	139.5772994		3101
TAGTGGTGAACCGAGATGGATACGGGCGGG	0	17.06315789	27.36366972			16.4211288	6.344422701		234
TAGTGTCCACGTTGTTAACAACAGGTGAGT	0	0	0			4.691751085	0		9
TAGTTAATAGGTTGGTTGGAAGCGTTCGGA	0	0	22.60477064			9.383502171	0		25
TAGTTATGACGGACCTCGAAGTGTGGGGCT	0	0	0			25.80463097	15.86105675		16
TAGTTCCAAACAATCCGTACAGTAAGTTCA	0	0	0			239.2793054	0		2106
TAGTTCTTTGGTCATTGGATACTGGTCCAA	0	0	0			39.87988423	9.516634051		5
TAGTTGCCTCCAAATCGCATATAGGAACGT	0	0	182.0278899			0	0		5
TAGTTGCGTTTGAGGTCGCAGCAGTGGTCA	0	0	23.79449541			0	0		26
TAGTTGGATGATCTGGTCAGGGGTCTCAGG	0	12.79736842	0			0	0		12
TAGTTGGGTTAGACTCCTTGCGTATTAAGG	0	8.531578947	0			0	0		29
TAGTTTAGTGCTTTCAAATTTATTATACAA	0	0	0			25.80463097	88.82191781		1328
TAGTTTGAACACTTACCGTTTTTTGTTTCA	0	0	0			18.76700434	57.09980431		37
TAGTTTGAAGGTGGCTTAGAGGCTCCTGTG	0	0	7.138348624			2.345875543	0		82
TAGTTTTCAATGATCAGGTGGTACCCAGTA	11	8.531578947	191.5456881			0	50.7553816		73
TATAAATAATAGCTTGGAAGGCTAATGCGT	0	0	0			96.18089725	101.5107632		50
TATAAATTTTACGACTGGGCGCGATGGAAA	0	1936.668421	38.07119266			0	0		32
TATAACGGTATACAATAGGATAGTGAATTA	0	0	0			4.691751085	0		1194
TATAACGGTGAACGCTCACCTAGCAAATCA	0	0	24.98422018			9.383502171	1582.933464		1288
TATAACGTTGTTACGAGGTGTGTACCTATT	0	17.06315789	324.7948624			0	0		134
TATAAGATTTGTGTCGTACCACGTTAGACG	0	0	0			112.602026	158.6105675		18
TATAATATAGTTAATTTGGCATATCCTGCA	0	4.265789474	0			0	0		5
TATAATGGAGTGTTAGAGCGGGCAGAGCTC	0	0	0			16.4211288	44.4109589		21
TATACAAGTGGTGAGCGGAATCCGGTTTCT	0	12.79736842	0			0	0		2
TATACACCAGCGCTCAGGTCACATAGGGCA	0	0	0			410.52822	152.2661448		382
TATACACCCGCGCTCCGGTCACATAGGGCC	0	0	0			0	3.17221135		0
TATACATATAAAATGGGCTGCCCACAGTAG	0	0	0			11.72937771	19.0332681		17
TATACGTGTGACACCTGTTGAAGGGTTTGT	0	0	0			53.95513748	50.7553816		4
TATACGTTTTCGGAGGGTTGGAAAGTTGCC	0	0	13.08697248			0	0		27
TATACTTTACAGAGTTGGGCAAGGAGCAAA	28	0	0			18.76700434	63.44422701		4
TATAGAGTACAGCGGACCGGGGCCCAGTGG	0	0	0			14.07525326	0		4
TATAGATCAGGCGCAAATAAAAAGTCACAC	0	0	0			11.72937771	19.0332681		803
TATAGCGTAAGGATGATGCGCCAATAATTA	0	0	0			255.7004342	155.4383562		676
TATAGGCGTCCCATACGGAGTCCATTAACG	0	0	0			63.33863965	98.33855186		24
TATAGGGAAGTTCAGGTGGCTCTGGGCGTG	0	0	468.7515596			150.1360347	916.7690802		8
TATAGGGGTGTTCGCACGGTCTTAGATTTA	8	0	16.65614679			4.691751085	0		98
TATAGGGTTCAGATGGATAAGCATTGTCAC	0	0	0			182.9782923	0		1376
TATAGTACATGGCAGGCCCACGAGGGAACC	0	0	0			490.2879884	1541.694716		1343
TATAGTCCTTTGCACGCTGGGCTTTTCACC	0	0	42.83009174			21.11287988	34.89432485		0
TATAGTCGTTAAAGTCGAACCCCGATGCGC	0	0	0			86.79739508	342.5988258		1673
TATAGTCTTGAGTTATAAAAGATTGCAGTG	9	0	0			0	0		15
TATAGTTTTGGAATTGTACGGCGCTTAGGG	0	0	5.948623853			0	69.78864971		134
TATATATCTTACTACTGTAGGCTAACTAAT	0	0	0			14.07525326	0		2119
TATATCTATACTCAACGCATCTTTCACTCA	0	12.79736842	0			0	0		0
TATATGACAGAACGAGGAACAAGTAGCTCG	0	0	0			18.76700434	38.0665362		25
TATATGTATGATCATCTAGCTATCTTTGTG	0	0	0			0	3.17221135		4
TATATGTGACTGGCATGATAGAGAGGAGTC	0	0	0			0	3.17221135		18
TATATTAAAATGAATGAGGCATCGTGCGCC	0	0	28.5533945			387.0694645	1395.772994		64
TATATTATTCTGTGACCCTGGTTTTAGTAT	0	0	0			314.3473227	244.260274		4
TATATTCATGGTTTTCCTGAGAGGTGGCAA	0	0	0			7.037626628	0		0
TATATTCTACACGTGGCATAGGGAAAGCAG	0	0	2.379449541			0	9.516634051		0
TATATTTAAAACGTGTCCAGGTTTGTATGA	15	0	84.47045872			25.80463097	34.89432485		25
TATATTTCAAAGTGGTTGTACGAAAGGTGT	0	0	0			0	3.17221135		53
TATATTTCACCTATCACCGCCTAGCAAGGA	0	0	0			117.2937771	60.27201566		25
TATATTTTTAATACGTGAATAACGTTTGGC	6	0	0			0	0		7
TATCAATAAACATTTATGCAGATAGTATCG	0	0	0			14.07525326	82.47749511		95
TATCAATCAAACTCTGCAGTGCAAAGCTCT	0	0	0			14.07525326	12.6888454		18
TATCACCGTTAATGGTTAAAGCTTATTGGT	0	0	0			497.3256151	117.37182		962
TATCACGTTTCCGTGATTGTTATCCAGAGC	0	0	0			2.345875543	9.516634051		9
TATCAGGGAGGGACTCTCTCGTGAGGAGGC	0	37871.67895	0			0	0		3
TATCAGTTACATCCCCGGTCTAAAGTGAAA	0	0	0			0	31.7221135		2
TATCATAAAAGTTTATGTCTTAGGTCTCCC	0	0	0			433.9869754	1728.855186		2404
TATCATCGAGAATACTTATTGGCATCTTGC	0	0	4.758899083			0	0		1220
TATCCGGTAACCACTGCTGGACCCCGTCTT	0	0	0			63.33863965	285.4990215		555
TATCGACTAAATTATGAGGCATTGTGTGTG	0	0	65.43486239			0	0		145
TATCGAGGACATCACGCGCTAGGGTGGTCG	0	0	0			0	3.17221135		3
TATCGCGCTTGTAGTAATGTAACTTGTTTG	0	0	0			375.3400868	130.0606654		4
TATCGGAATGATTAGGGCCCGGGTCGGAGG	0	0	315.2770642			0	0		375
TATCGGGGTTTGACCGGCAAGGCTAGGAAC	0	0	0			7.037626628	0		18
TATCGTGATCTGAAATACGGGCATCCGGTC	0	12.79736842	0			0	0		2
TATCGTGGAGTTGGCTGCGGGGAAAGGCTG	0	0	0			91.48914616	342.5988258		527
TATCGTTGTATGCCGTCGTCTTAACCCAGA	0	0	9.517798165			0	69.78864971		34
TATCTGCCATGGTGTTGTGCCCAACAGGCG	0	0	0			96.18089725	101.5107632		14
TATCTTGGATGTTGTGTATTATTGTGAGCA	0	55.45526316	0			63.33863965	212.5381605		762
TATCTTTTTTCTACTATACTATAGTACTCG	0	0	0			16.4211288	0		13
TATGAAAGTGACGGTTGAACGGGTCTAGCT	0	0	0			0	0		19
TATGACAGTTATCCCGTAGTCCCTATTGTG	0	0	0			0	3.17221135		0
TATGACAGTTGGGGCATTTCGAGTTGGGGG	0	0	17.84587156			9.383502171	22.20547945		3
TATGACCATATAGTCCGCCGTAAGCATGCA	0	0	2.379449541			0	3.17221135		4
TATGATAATCAAGTTCTCCTCGCAGCGTAG	0	0	0			2054.986975	0		533
TATGATATTTTCTAGTGGCTACTACGTTTT	0	0	0			0	0		2
TATGATTGTGAGTAGGATTGCTATTGTGGG	0	0	0			0	3.17221135		2
TATGCATCTGAGTGATCGGGGGGCTTTCCT	0	0	5.948623853			157.1736614	336.2544031		0
TATGCATTAGATAAGTTAACTCGGTACGAG	0	0	0			0	12.6888454		50
TATGCCACAATAAGCCTGAGACAGTTAGAC	0	0	0			14.07525326	22.20547945		320
TATGCCCGAGTGAAGGGGGCCCGGAGGTAG	0	0	0			2.345875543	6.344422701		2
TATGCGAGTCAGGATCCGCTGCTCTGTTAT	0	12.79736842	0			75.06801737	314.0489237		194
TATGCGGGTGTATTTTAGGTCCATCTGAAT	504	0	91.60880734			0	0		3314
TATGCTCCATATCTGGCCGTTCAGCCAGAG	0	90950.89737	35.69174312			0	3.17221135		2
TATGCTCGTTATTGGTAGAGGGATAGCAAA	0	0	0			0	9.516634051		6
TATGCTGATCGTATGCGGTTCTTGTGTCCC	0	0	0			2859.622287	0		2702
TATGCTTCTGTACGGAAAAACCGGATTGTT	0	0	0			25.80463097	593.2035225		1633
TATGGAAGTCTAATTTGTCATTGGCATTTC	0	0	0			77.41389291	155.4383562		0
TATGGACATGTCTTCTGGAATGTGAGGCCA	0	0	0			25.80463097	0		11
TATGGACGTCCGCACTTACATTATTATGTT	0	110.9105263	0			0	0		6
TATGGAGAATCTTATTTAGGGTACATCTTC	0	0	4.758899083			2.345875543	0		0
TATGGATCAAACTGTACGTACGACGGGCTG	0	0	0			682.6497829	0		62
TATGGCAAATGGGGCCTGATCGAGAAAGTA	0	0	0			35.18813314	126.888454		1818
TATGGCATAATCCGGTGGTAATTCGGCCCG	0	0	82.09100917			0	9.516634051		262
TATGGCATTATCGGCTTCTGCCCGGGGTTG	0	0	0			0	9.516634051		112
TATGGCCCAAATTGTCTATTTTAGAGTTGG	0	0	0			11.72937771	0		11
TATGGCCTTTAGAAGAGGGGCGGGTCAGGC	0	0	0			7.037626628	12.6888454		7
TATGGCTTTCTACGTCGTAGGAACTAGTAC	0	0	10.70752294			0	0		4
TATGGGTAAGTTTGTAACTCATCAATTCTT	0	4.265789474	0			0	0		2
TATGGGTCAGATTTCGTGACCACATCAGTA	0	0	0			0	82.47749511		1596
TATGGGTGATCCCGTGGCCATAACATATAG	0	0	0			14.07525326	12.6888454		30
TATGGTAGAGGTAGTGTAGATAGAGCGAGG	0	0	0			265.0839363	0		213
TATGGTCAATCTTAGTAGCATGAATGCGAG	0	0	0			175.9406657	9.516634051		19
TATGGTCCAGAAATGAAAATGCGGGGAACA	0	0	0			2.345875543	22.20547945		8
TATGGTTGTTAAAAATGCTATACAGGCGCA	0	0	0			18.76700434	3.17221135		3
TATGTAAATTTACGAGTTCGCCAATACGTG	0	0	0			0	50.7553816		131
TATGTATATACGAGGGCAGAAACTTAAGCG	0	0	0			84.45151954	47.58317025		6
TATGTCGCTCGGCTAGCCGTGTATCATGGA	0	0	0			96.18089725	209.3659491		132
TATGTCGGAGCAGCGTGTTCTCTTGGCAAG	0	0	0			11.72937771	66.61643836		4
TATGTCGGTGGAATCACACTACGGTTCCCC	0	0	9.517798165			16.4211288	9.516634051		3
TATGTCTGTTCAAAGGGTTGCGAGGCCAGG	0	0	0			42.22575977	149.0939335		26
TATGTGAATTCCACCGTAATAGATGTGGGT	0	0	0			9.383502171	0		80
TATGTGTAAATACTGATAGGCTCTCGCGTA	0	0	55.91706422			0	0		21
TATGTGTCTGTAGTTGGTCGCGGAATATAT	0	0	0			51.60926194	0		19
TATGTGTTTTGGGTCCAAAATTATGTGGGT	0	0	3.569174312			0	0		0
TATGTTACTACAACTAGCTATCACTAACCC	0	0	0			218.1664255	53.92759295		1351
TATGTTGATCTGTATTTTCTATTGCAATTC	0	0	4.758899083			0	19.0332681		1787
TATGTTTTAGAGAGGGGAGCGAAAGGATGG	0	0	0			4.691751085	3.17221135		0
TATTAAATATAACAGTGAGCTACACTTTGC	0	0	0			7.037626628	6.344422701		2
TATTACTCTCTTCCCTGGTGGCGAGGGAGG	80	0	274.826422			0	60.27201566		1562
TATTACTTTTCGGCATCTACGACATGTGTG	244	102.3789474	872.0682569			1175.283647	3432.332681		172
TATTAGACTGATAAGTGGATTCGTTGTGGT	0	0	4.758899083			258.0463097	510.7260274		1119
TATTAGAGTCATATTCAAACTTATAATTGA	0	29.86052632	0			0	0		117
TATTAGCAATACACTATCGAGCACGGCTCA	0	0	0			0	25.3776908		36
TATTAGCCTGCCGGCCAACGTACGGGTATC	0	0	0			2256.732272	1411.634051		20
TATTAGGCACTAGACCCCGCGTTTGCGTGA	0	0	0			37.53400868	15.86105675		0
TATTAGGCAGTATGCGCACATCACTTTATA	0	0	16.65614679			0	0		0
TATTAGGGTTTATTGGATTTGTAAGAAGGT	0	0	4.758899083			0	0		47
TATTATAGTCAATTCGGGATTTCGATTCGC	0	0	4.758899083			0	0		2
TATTATATAGAGAGTGTGGGTCTGCACATA	0	0	0			0	3.17221135		5
TATTCATGTAGCACAACGAATGACGCGTGG	0	0	0			0	6.344422701		3
TATTCCGGTTGCCCGGTGCGACCGGGTACT	0	0	4.758899083			82.10564399	38.0665362		0
TATTCGACTCATGAACACTTATCCTATTGA	0	0	0			96.18089725	0		0
TATTCTACACTCATTCACTCTTGAATCACA	0	0	0			143.0984081	799.3972603		0
TATTCTTTTGGGGGGGAAGAGGTGGTAGAG	0	0	2.379449541			14.07525326	3.17221135		28
TATTGAATTAGTTGCGCCTGTCAATCACAC	0	0	42.83009174			410.52822	1636.861057		673
TATTGAGATTTATTGATTCCGGCATTAGAC	0	0	0			112.602026	44.4109589		2
TATTGATATACGATGACAAAAGTCTAACGG	0	0	0			16.4211288	0		31
TATTGCCAATCTGTAGGTGGGCGGGACGTG	0	0	0			9.383502171	0		17
TATTGCGTAGAACGTAGCTCGTGAAAATCA	0	0	0			0	228.3992172		1949
TATTGGATAGTCGGCTGAAGTTGCCTCCAA	0	0	42.83009174			0	0		1485
TATTGGTATGAGTATATAGTCTCATGGGAT	0	0	2.379449541			0	0		14
TATTGGTCTTTGTCTTGGTATCTCCTAACT	0	0	0			0	0		95
TATTGGTGTGGGGCCGGGCGCGATAGTGGC	0	0	0			0	12.6888454		0
TATTGTCCTGATTGCAGATCCGCCGGTAGT	0	0	0			30.49638205	69.78864971		28
TATTGTGAATTGATTCTACAGAGTGGATCA	0	0	0			0	57.09980431		0
TATTGTGATAGTATCTTGTGAGTTGAGATA	0	0	11.89724771			0	0		113
TATTTAAGTGGCCGGAAGGCGGGCGATGCA	0	0	362.866055			0	0		729
TATTTAGGTTTACTTTAATGGGACGTTTGA	0	0	3.569174312			0	0		6
TATTTATATTAAATACGTGTAACGCAACAC	6	0	5.948623853			0	0		18
TATTTCATAACTTAAAAGACTTTCGACATA	0	0	0			1846.204052	837.4637965		559
TATTTCCAAATTCTGAGTGGTCTGAGTTTA	0	221.8210526	0			0	0		117
TATTTGGGTTTTGAAGTATACGTACGCTGT	0	0	0			527.8219971	225.2270059		394
TATTTGTGAAGTATTAGTGCAGAGGGCAGA	0	0	0			46.91751085	85.64970646		24
TATTTTAATGATTGCGTTGGCTAAGTAGAA	0	0	0			21.11287988	117.37182		3
TATTTTACAGGAACTGTAAATTGAGCACGA	0	0	0			1236.276411	1916.015656		2549
TATTTTACAGGAACTGTCACCTGAGCCCGA	0	0	0			0	3.17221135		0
TATTTTGATGTTAGTCAACAGCATAGATCA	0	89.58157895	8.328073394			0	0		17
TCAAAAACACGACCAGTGTATTGGCAAAAA	0	0	0			79.75976845	41.23874755		19
TCAAAAGCTCTTACAGCTCAGCAAGATCAG	40	0	15.46642202			44.57163531	0		165
TCAAATAAATATTGGGTCCTGTGGCTATGA	0	0	11.89724771			0	0		101
TCAAATACCAAAAGGTATTGATGCTGGGCG	0	12.79736842	0			0	0		0
TCAAATGGTTAGATCCGGAATAAATCTGGT	0	0	3.569174312			0	0		229
TCAACAGAATACATCGCCAGGATGCTAGGT	0	0	0			91.48914616	450.4540117		796
TCAACCATTAAGAATCTGTGCAGGATTAGG	0	0	0			96.18089725	0		16
TCAACGGCTCGGGTTCCAAAAGAGCCAGGC	0	0	0			16.4211288	0		79
TCAACGGGCCGGACAGAAGGAAGGCGGACT	0	0	0			2.345875543	0		0
TCAACGTATTAAACTAAAAGTAAGCAAGGA	0	0	0			114.9479016	66.61643836		6
TCAACGTCTTAAACCTGTGTTCGACTAAAA	0	0	0			107.910275	444.109589		363
TCAAGAAAAACATGAGGCATCATGATTAAC	0	0	0			9.383502171	130.0606654		81
TCAAGAACTAATTAAACGACCCGGCGCTCG	0	0	0			82.10564399	28.54990215		45
TCAAGATAAGTAAGCGCTGAAAGATCGGAG	0	0	0			117.2937771	1427.495108		1675
TCAAGCATTTAAGCTTTGATGTTGGCACAA	0	0	3.569174312			0	12.6888454		8
TCAAGGTATCATCATCCTTGATTTTCGATC	124	0	4.758899083			0	0		62
TCAAGTACAAGTGGGAACGCGCAGGTGGAA	0	0	28.5533945			0	0		6
TCAAGTGTATGGTACGGCACCTCCTGACTC	0	0	3.569174312			1400.487699	501.2093933		76
TCAAGTTGATTCCACTGGTTTGTAGTATCC	0	0	0			7.037626628	88.82191781		2
TCAAGTTTTATATTTTTTGGGCACCGGTCT	0	0	0			89.14327062	85.64970646		13
TCAAGTTTTATATTTTTTTGGGCACCGGTC	0	0	0			53.95513748	9.516634051		15
TCAATACCAAAAGGGTATTGATGCTGGGCG	0	0	0			0	6.344422701		0
TCAATACCAAAAGGTATTGATGCTGGGCGT	331	469.2368421	273.6366972			335.4602026	1513.144814		471
TCAATATAAGTGACACGGTATAGGATGCGC	0	217.5552632	0			0	0		17
TCAATATATTTGATTCCTCCTGTGGGGTGG	0	0	15.46642202			0	0		155
TCAATGAATACGCGCTGGTGAGAAAAGGGG	0	0	0			7.037626628	0		18
TCAATGACATAAGGATCGGCCGAAGGCGTG	0	0	0			112.602026	244.260274		7
TCAATGGGTCGGAAAGAAGGAAGGCGGGCT	0	0	0			938.3502171	358.4598826		1100
TCAATGTATAGCACTAGGAGGCGGGATAGT	0	0	0			213.4746744	15.86105675		37
TCAATTCATTAAATAGCAAGAGAGTGTAAT	0	0	0			14.07525326	0		31
TCAATTCCTCCTAATGGCACGAGACCCACA	0	8.531578947	5.948623853			0	0		5
TCAATTGGATGGCCATAATTACAAGTTCGG	0	8.531578947	0			0	0		0
TCAATTTGTACTGTGTTAGTTCGCGGTGTA	0	0	0			91.48914616	57.09980431		2
TCACAATGTATCTTGTGACAGAGGCCCTCG	0	0	27.36366972			18.76700434	0		20
TCACAGATTTTAGTCGTGTGATGCTGTTGG	0	0	0			77.41389291	491.6927593		78
TCACCACGTTATATATTGTGAAGCGTTAGA	0	0	0			1240.968162	72.96086106		173
TCACCCTGATCAGCGTGCTTTTGTGGCCTA	0	0	0			11.72937771	0		8
TCACCTTATCAGTTATAAGGGTATCATTAA	0	0	0			89.14327062	72.96086106		80
TCACGCGATTAATGTGGTTGACGGTATTAG	0	0	0			18.76700434	15.86105675		65
TCACGGTAAGGGACAGGATTTGGTCGCCGG	1394	85.31578947	2.379449541			58.64688857	1145.168297		6697
TCACGGTTTGTGGCTTCCAGTCGCGGAACA	0	0	0			60.99276411	193.5048924		84
TCACTAGGTTATTTAGTGTACTGCTGATAG	0	0	0			18.76700434	0		4
TCACTATATCGCGGGGATCCCCTGTGCAAA	0	0	0			2.345875543	0		967
TCACTCGAATAAGTGTGGGAAGGGATTATA	0	0	0			790.5600579	1503.62818		42
TCACTCTTAGGTTGTGTCACGGGTAATAGG	0	17.06315789	0			0	0		6
TCACTGGTAAGTACTCTGTCAAGGCGACGC	0	0	0			9.383502171	0		0
TCAGAAGATACTAGGGTGTCTCTGTCGTGA	0	0	95.17798165			98.52677279	177.6438356		987
TCAGACTTATTCTACCAGTAATGACTGAGT	0	0	121.3519266			0	0		70
TCAGAGCATTTTCTTCACGACATTCGCCAG	0	0	3.569174312			49.2633864	0		0
TCAGATAAACGATTGGTAGATAATGAAGAA	142	17.06315789	162.9922936			0	0		206
TCAGATGGAAAGGGTGGAGCTAGAGAACAA	0	0	0			795.251809	827.9471624		686
TCAGCATGAACGGCTGTGGCTTGCGGAGGT	0	0	0			0	3.17221135		0
TCAGCGACAGCCATTAAGCGAGGGCGTAGT	0	0	20.2253211			119.6396527	111.0273973		274
TCAGCGGGTTCGGGTGGTCGCGTCCGCTGA	0	0	0			154.8277858	136.4050881		84
TCAGCGTAACCATGGACAACGAGCGAAATG	0	0	7.138348624			0	0		70
TCAGCTCTTGTGTGTACACGGTGGTGTTGT	0	0	0			347.1895803	79.30528376		2
TCAGCTGAAGGACGGTTCGGTTCGGACATT	0	119.4421053	296.2414679			187.6700434	133.2328767		242
TCAGCTTCACGACAGTTGTTTAATGTTCGT	0	0	0			82.10564399	2112.692759		3026
TCAGCTTGTCCTATCATTCCATTACATGGG	0	17.06315789	0			0	0		0
TCAGCTTTAATGGTGCGTAGTTTGAGGGCA	0	0	28.5533945			4.691751085	9.516634051		0
TCAGGAACAGAAACATGACGAGTTGATGCG	0	0	0			234.5875543	295.0156556		100
TCAGGAGATTGCTTGAAACAAGGAGAGGGT	0	0	0			14.07525326	0		11
TCAGGAGCTTCAATGTTGAGGATGTACACA	0	0	11.89724771			0	0		20
TCAGGGGCTAAACACTTCGCTTTGCAGACG	0	25.59473684	14.27669725			18.76700434	22.20547945		36
TCAGGTAATTCCCTTTTTTATAGTATAGTT	0	1028.055263	10.70752294			0	0		17
TCAGGTAATTCCCTTTTTTTATAGTATAGT	0	8.531578947	0			0	0		0
TCAGGTTAACGTGGTGCTAGAGTGATAACA	0	4.265789474	0			0	3.17221135		0
TCAGTAAAAAGTCGCAAGAGGAAAAATAGG	0	0	0			4.691751085	0		24
TCAGTATTAAGTGAGGGGTCGAACAGATAG	0	0	0			4.691751085	0		0
TCAGTCTATTTGAGTGAGCTTATTATCGAT	0	0	239.1346789			0	0		2627
TCAGTGCATCTCTGCGACAGGAGCCAGAAT	0	25761.10263	0			0	0		3
TCAGTGGGATGTTTAATGTTGAGGACGCTA	634	801.9684211	1384.839633			0	929.4579256		5172
TCAGTTAAACACCTCCCTCCGTAGGTCACT	0	0	0			30.49638205	6.344422701		0
TCAGTTGGTGTTTTCGTATATGGAGCGGGG	0	0	0			4.691751085	0		2
TCATAAAATGAATTCGGTGGCTGCGCTGTG	0	0	0			4159.237337	1712.994129		17
TCATAAAATTTACACTTCGGTCAGGCAAGC	0	0	0			4.691751085	22.20547945		51
TCATAAATATTGAGCCAGTATTCACTTGGA	0	12.79736842	0			11.72937771	31.7221135		10
TCATAACCTCCCTATCAAGGCACAGGGGGT	0	12.79736842	0			0	0		0
TCATACTCAGAGATCTCTCTTTGATAACAA	0	0	0			53.95513748	247.4324853		131
TCATACTTTTCCGCAGTCGTATCCACCGTT	0	0	0			4.691751085	9.516634051		0
TCATAGAGTAGTACGGGGGGCTAACTTGGA	0	0	77.33211009			44.57163531	6.344422701		1443
TCATAGCAAAGGCTGGGTATTGATTAAAAG	0	0	0			1482.593343	355.2876712		1704
TCATAGCGATGAACGGGGTAGCCTATGATT	0	0	0			190.015919	72.96086106		27
TCATAGGCTAGTGCTTATATACATCACTCC	0	0	0			89.14327062	174.4716243		420
TCATAGGGTAACATGTGGCGGGCGGGAATG	0	0	0			14.07525326	98.33855186		461
TCATAGTTAGGCTAGGAACCCCAAACCGCG	0	0	8.328073394			0	0		0
TCATCACGACGAAGGCCAAAGACAGTTATG	0	0	0			0	3.17221135		7
TCATCCCGTACGCTCATCAAGGCCTCGACC	0	0	33.31229358			0	0		105
TCATCGAATCTTTCAAGGTTAAAGCCCTTG	0	0	99.93688073			0	0		44
TCATCGTTTTAGTGGTGCAGCGACCCCGCA	0	0	0			39.87988423	44.4109589		939
TCATCTAGTTTCCCAATCTCGTATACAACG	0	0	0			23.45875543	0		14
TCATCTTGAATTTGTATTCGGATTTAAGCA	2	0	5.948623853			4.691751085	50.7553816		5
TCATGAGATGGCAGGAAAGGGGCTCCAATT	0	0	0			0	3.17221135		47
TCATGAGGACTATACGTGGAGTTTGGAGCT	0	0	0			0	0		13
TCATGAGTACTGTGCTAAACCGAACGAACA	0	0	13.08697248			4.691751085	0		14
TCATGCCCTGGGTCCACTTTGGGGGGATAT	0	0	0			1717.180897	1392.600783		29
TCATGGGGTCTTCTGGGGGACAGGGGTGGG	0	0	13.08697248			0	0		4
TCATGGTAAAACGCACATGAATCAATGGTT	0	0	0			2.345875543	0		2
TCATGTCAACGTGCTCGGACAAGGGGGAGA	0	0	0			56.30101302	53.92759295		37
TCATGTTTTATCTAAATTTTGAAGACGCCA	1110	3472.352632	925.6058716			0	126.888454		4
TCATTACCTTTTAGTAAGTATTTCGATACG	0	0	0			2099.558611	612.2367906		46
TCATTACTTTGCAAGTCGAATGTGCGTCTC	0	0	0			28.15050651	0		0
TCATTAGAACCACAGAATGTCTCGCGTGCA	0	0	0			51.60926194	25.3776908		1251
TCATTCTTTGTTTACTTTAATGTCGGTTCG	0	0	114.213578			2336.492041	3828.8591		4043
TCATTGAGAGTAGTTGCTTGATGGAGTACT	0	0	0			4.691751085	0		5
TCATTGTGTAACTTGGGTTTAATTAGGGGT	0	0	9.517798165			0	0		18
TCATTTCGATGACATGCGTGTGAGAGGGGG	0	0	0			147.7901592	0		10
TCATTTGCTACTTGTAGTGACAGAGGCCAA	0	0	2.379449541			0	0		2
TCATTTGTTAAGCCCCCTTCCATCGCATAG	0	0	0			0	6.344422701		13
TCATTTTTATTGGGGTAAACAGGCTGCGTG	0	89.58157895	0			14.07525326	0		2
TCCAAAAATCGTTGCGAAAAACCTACGCAA	0	0	0			16.4211288	263.2935421		149
TCCAAAGAAGCATCAGCCCAACACACTTTA	0	0	0			21.11287988	28.54990215		73
TCCAAAGTAATACGGGTCATTGGGACTTTT	0	0	10.70752294			16.4211288	174.4716243		3
TCCAACCGAATATCCACGCAAATTCAATCT	0	0	2.379449541			0	0		4
TCCAATAAATCGGGTTGTGCTGAGTGCTCC	0	0	0			0	6.344422701		6
TCCAATTATGCCAGGTGTGTTGCTGGATAT	183	861.6894737	2253.338716			222.8581766	764.5029354		463
TCCACAAGTACACCATGATTAGGTATAGCT	0	0	0			832.7858177	716.9197652		1227
TCCACAATTAGTTCAGGTCCTCTGACAATT	0	0	0			1018.109986	739.1252446		6
TCCACAGTTGGCCTCTATTGAATATTAGGT	0	0	2.379449541			14.07525326	6.344422701		6
TCCACGTTACCGGCCATAGGGGATCTATCG	0	0	0			16.4211288	0		60
TCCAGAGGTCAGACACTAGGCTAGAAGGCA	0	0	0			0	3.17221135		59
TCCAGATGAGGATGCGGAGTAAGTGTGTTT	0	0	0			1243.314038	2959.67319		3518
TCCAGCAGTGGCTGGTGCGATCTACATCGG	0	0	5.948623853			0	0		8
TCCAGCATAGATTAAATGTAGGATGGCAGA	0	0	0			157.1736614	336.2544031		1544
TCCAGCCGATTTCAGACAGCCAGGAGCGGG	0	0	0			860.9363242	1132.479452		1619
TCCAGTACTGGTTTGTTAGTGATGCTACAC	0	0	0			1208.125904	885.0469667		120
TCCATATTTTCGTCGTCAAGTATATATAGT	0	0	0			0	6.344422701		0
TCCATCAATTTCGCGCTGTGATGGGGAAAG	0	0	79.71155963			309.6555716	149.0939335		778
TCCATGATTTGATTTTTATGTCACAGATGC	0	0	0			51.60926194	133.2328767		4444
TCCATGCTAACTAATAATACTAGCCATGTC	0	0	86.84990826			0	0		120
TCCATTGAACAGCCGTTAGCGGGGGCATCA	0	0	0			4.691751085	0		0
TCCATTTGTGATTATTCTCTTGAATTCGAG	0	0	0			63.33863965	187.1604697		0
TCCATTTTAAGTATCGTGGTTAGCAAACAA	0	0	0			49.2633864	114.1996086		4
TCCCAAAAAACCGCCGTTTAGCTCGTAACA	24	0	0			0	0		37
TCCCACACTAGCTAAGAGTATGTCTTAGGC	179	0	51.15816514			316.6931983	523.4148728		11
TCCCACTTTGGCGAGTCTGAGTCTTAGTCA	0	0	0			1287.885673	463.1428571		3222
TCCCATCACGCACCCCTCTCAAACCCAACC	0	0	0			2.345875543	0		0
TCCCCCTGTAGCGTCTTATAGCGCCTTAAG	0	0	0			2.345875543	0		28
TCCCCCTGTGACAGTAACTAGCTGATGGTC	0	0	23.79449541			0	0		4
TCCCCGAGTCTCGTAACAGCTCCATGTATT	0	0	0			356.5730825	0		5
TCCCCGTATCGCGGAGGCAGCGGTTGCTAA	0	0	0			326.0767004	15.86105675		47
TCCCCTCAACTGCCGTTGGTCTCAAAGTAT	0	0	0			3260.767004	1817.677104		340
TCCCGAAATGTTATGCAACATACTTGCGTG	0	0	47.58899083			0	0		708
TCCCGGGATACTTTGTGTGCTCAAATGGCC	0	34.12631579	0			0	0		7
TCCCGGGCTTGTGCGTATTCGGATTTACAT	0	0	0			161.8654124	1576.589041		427
TCCCGGGGTACTTCGGGTTTATTAACATTC	0	0	0			0	95.16634051		1925
TCCCGTGATAAGATGGGCGGGTGGACGATG	0	0	2.379449541			0	0		53
TCCCTAAGCATTTTATCGCTCTTCTGTACA	0	0	0			2.345875543	0		0
TCCCTACGACTTTGACGCAAGGGTGTGTAG	0	29.86052632	0			0	0		830
TCCCTGGCTACTGTCCTACGCATGAGTGTG	0	0	0			0	15.86105675		6322
TCCCTGGGACGAACAGGGGGCACGTAGGCC	0	0	431.8700917			0	0		87
TCCGAACTTGGGTCCTGGGAAATACCGGCA	0	0	0			11.72937771	0		7
TCCGAATTACCGAGGCTGGTATCTTGATTG	0	0	0			35.18813314	0		39
TCCGATCTTAAGTCGCTTTATATAACTTGG	0	8.531578947	0			0	0		37
TCCGATGTTGACGTGGTGAGTTTGTAAGGA	0	29.86052632	20.2253211			0	0		246
TCCGCACCACGGCCCGGTCCCAATCTGGCC	0	0	21.41504587			25.80463097	107.8551859		11
TCCGCTATATGGAGCCACTCATCAGTCTAA	0	0	2.379449541			4.691751085	0		4
TCCGCTCGAAGGGATATGATAGTACAAAGG	0	0	0			9.383502171	12.6888454		7
TCCGGAAAAGATATTGAGTATCTTTAAATT	0	0	0			11.72937771	63.44422701		169
TCCGGCTCAAAGTGAGAGGACGAAACGACC	0	0	0			570.0477569	0		70
TCCGGGACTACCGACGCGGAAGGGAACATT	0	0	3.569174312			0	0		0
TCCGGGGTAGGATATCCAAGGACTGATTGC	0	8.531578947	3.569174312			0	3.17221135		0
TCCGGGTGTGTAATGGTCAAAGAAGGCCAG	0	0	0			2.345875543	0		68
TCCGGTATAGTGTCCAGGAGTCGGGGCGTG	0	0	8.328073394			0	12.6888454		84
TCCGGTCGTGCACCTGGGTCTCCGGATGAA	0	0	63.05541284			0	0		1275
TCCGGTGTATCTCACGCAGCGTTGGTTCTA	0	0	3.569174312			2.345875543	3.17221135		6
TCCGTAACACTTTTACGGATCAGACCAACC	0	0	0			154.8277858	190.332681		466
TCCGTAATAGTGCTTGTAGTAGCCTGGGTA	0	0	0			0	47.58317025		8
TCCGTACAAACGGATACGTCAAGTTCGTGT	0	0	22.60477064			0	0		133
TCCGTCCGTGCGAGTGGGAGGGACCAGATC	0	0	0			492.633864	0		294
TCCGTCCTATATCAGACTTGTCTAGGTTCA	0	0	0			18.76700434	0		0
TCCGTCGATCATTTGCTAAGTGCTGCATGC	0	0	0			361.2648336	114.1996086		21
TCCGTCTCTGGACCGATTCATCGGGGTTGT	0	0	0			0	3.17221135		81
TCCGTGTTTTTGTTGAATGAGTCGAGGAGT	0	0	0			0	9.516634051		46
TCCGTTCTATGGTTTATGGTGTGCAGTCAT	0	0	0			9.383502171	0		9
TCCGTTTGAAACTTTCGGTATCCGAAGGGG	0	0	0			65.6845152	88.82191781		3
TCCTAGGATTGGAGGACGTGCAAGTGGGAA	0	0	49.96844037			0	0		478
TCCTAGTCTGTGTGAGAGGTGGGTGTGGAG	0	0	19.03559633			0	19.0332681		2
TCCTCAAGTGGTCGCGTCGTAAGCTCTTGG	0	0	0			18.76700434	47.58317025		29
TCCTCACTTTGACGCCGTATAGTTTGTGAT	0	0	0			18.76700434	15.86105675		0
TCCTCGGGTGAGACAGACAGGGTCTAGCCG	0	0	0			0	206.1937378		2
TCCTCGGTTTATACTGGTTAGTAAAGGATT	0	0	3.569174312			236.9334298	66.61643836		160
TCCTCGTTTTTCGTAGGCTGACTCATAGAT	0	0	0			147.7901592	12.6888454		25
TCCTGACTTGAATTTTCGAATTGTGCTTTA	0	0	0			4.691751085	12.6888454		9
TCCTGATATAGGTAAGCTCGAGTGAGACTA	0	0	16.65614679			2.345875543	0		27
TCCTGCGGTTGCCCACACTAGAGTTTAAAG	0	0	0			2.345875543	0		4
TCCTGGTTAGCCCGTACATGATTAAACTGG	0	0	0			0	3.17221135		0
TCCTGTCGTTGAGATGGTGGTCGGAAGTGC	0	0	0			1294.9233	1395.772994		64
TCCTGTCTTACTTGCAGTGATCCCCCGAGG	0	0	0			23.45875543	0		0
TCCTGTTATGCGGGATTCATAGTAGAGGGC	0	0	0			16.4211288	0		7
TCCTGTTCTCAGGTTCTGTACCCACTCTTG	0	0	0			0	3.17221135		0
TCCTTAATAAGCCGGCTTGATTCAGATTGT	68	0	33.31229358			234.5875543	250.6046967		421
TCCTTCGTTGCAAAAAAATAGCGCTTGGGA	0	0	0			16.4211288	3.17221135		3
TCCTTCGTTGCAAAAAATAGCGCTTGGGAT	0	0	0			720.1837916	263.2935421		185
TCCTTCTGTGAAGGTTGATTATTTCGAGGT	0	0	0			150.1360347	355.2876712		88
TCCTTTGTATGCAATATGTAGGGAAAATAT	0	0	5.948623853			0	0		3
TCGAAACAAGATAGGGGTGAGGTCGGGAAA	136	388.1868421	296.2414679			0	0		49
TCGAAACATTTTCATTTCATGTCAAGCGGA	0	0	0			194.70767	377.4931507		18
TCGAAAGCTGTCGGTGTCGGGGGGGATGCT	0	0	0			9.383502171	31.7221135		6
TCGAACATTAGTTGAGCTGTTTCGCATGCG	0	0	11.89724771			0	19.0332681		633
TCGAACGATGATATAAGATTAACTACTATT	0	0	0			18.76700434	47.58317025		31
TCGAAGGAAGTAAAAATCTCCCACAGGCGT	0	0	0			0	3.17221135		3
TCGAAGTGTTAGTGCAACGGGCGGGGGAGA	65	21.32894737	155.853945			0	60.27201566		76
TCGAATCATTGTTAAGACAGCGAGAGTCAG	0	0	0			2.345875543	0		0
TCGAATCGATCTGCGGTGTCTGGTGCGGGA	0	0	547.2733945			0	0		35
TCGAATGAAAGTTCCGGTCTAATTGCATAG	0	0	0			32.8422576	15.86105675		71
TCGAATGGACTTGTCCTGCAGCTCTCGTGG	7	0	63.05541284			0	85.64970646		40
TCGAATGGAGTTAGTTTTCCTGTTCCTCAT	0	0	0			185.3241679	44.4109589		7
TCGAATGTTGTTTGGAAGTACGCTGTTGAG	0	0	0			96.18089725	558.3091977		450
TCGACACAAAAATTAAGCTCGGCGGGTAAA	0	0	0			2.345875543	9.516634051		5
TCGACCGTTGTGGGGAGTGCGGGCGGTTAT	0	0	4.758899083			9.383502171	57.09980431		39
TCGACCTGTATGCATCGGGGTCAGTCGCTG	0	0	36.88146789			0	0		7
TCGAGAAAAGCGGCTGTGATGGGACATACG	0	486.3	36.88146789			0	76.13307241		2867
TCGAGAGCAGAATTTAGGACAGTTACCTTT	295	174.8973684	667.4355963			60.99276411	126.888454		83
TCGAGCTTTTCTAGTTCCCGGTTATGCCAG	0	0	0			0	12.6888454		3
TCGAGGGAACCGATCCAAAATCTTTGGGGA	0	0	0			35.18813314	44.4109589		15
TCGAGGTAATATTTGTATATAAAAATTATA	0	0	0			2.345875543	6.344422701		3
TCGAGTAGAAAGGTATATGATTAGAACCTT	0	4.265789474	0			0	0		0
TCGATAACTGTCATCCCCAGGTTGTAGGTT	190	0	202.253211			682.6497829	3226.138943		3314
TCGATAGGAACAGCAATTCTATCCTGGGCA	0	8.531578947	0			0	0		3
TCGATCACTCAAGGTGTAGTGGGACAAAGG	0	0	2.379449541			0	0		30
TCGATCCAATTCAACAGTATGTGAAACTTG	0	0	3.569174312			51.60926194	0		3353
TCGATCCAATTCTCTTTATATGCCGAAATT	0	0	0			0	22.20547945		274
TCGATCGCACCGTTGTTTGGGTGGCCATGG	53	0	365.2455046			640.4240232	399.6986301		100
TCGATGAATCCTCGCTTGTAATTCTGCGAC	0	0	20.2253211			0	0		16
TCGATTAATGAGATGACCCTGGATTCGGAT	0	0	20.2253211			32.8422576	47.58317025		59
TCGCACAAACGGGTGGAGTGGAGAGTTCAA	6	0	2.379449541			0	0		4
TCGCATTGTGGAGCGTGGGGCTAATGGGTT	0	0	0			4.691751085	3.17221135		16
TCGCCCTGAAGGTCTGTCCGGGATGGTACG	0	0	0			173.5947902	0		4
TCGCCGATACTGAAAAAGCAAACTCATCCG	0	0	72.57321101			0	0		0
TCGCCGATTACCGCACTCCGGTAAGTCATG	0	0	0			72.72214182	161.7827789		145
TCGCCGCCAATGAGGCCTTTCGTAGTATTC	1648	418.0473684	1108.823486			28.15050651	136.4050881		128
TCGCGAACAGGAGGAGTGCGGTAATCCGCG	0	0	0			2.345875543	12.6888454		16
TCGCGACGAAGCGCCTGGAATAGTTAGGGG	0	4.265789474	130.8697248			0	0		178
TCGCGAGGAATACATTAAGGGAAGGCCTTA	0	0	0			77.41389291	0		2
TCGCGCAATAGGGTGTACCGCGTAGGGTTT	320	21.32894737	610.3288073			0	0		11
TCGCGCACAGTTATCGGTGGTGAAGTTTGG	0	0	0			0	3.17221135		3
TCGCGCAGATGCGTGGTGGAGAGAGATGCA	6	0	9.517798165			0	0		30
TCGCGCAGTTCGTAGATATGTCCTGAGTCC	0	0	0			16.4211288	6.344422701		11
TCGCGGCGTGATTATGTTAAAGCAAGGCGA	0	1616.734211	0			0	0		142
TCGCGGCGTTCCCAAGTGGATGAGACTAGA	0	0	20.2253211			0	0		2
TCGCGGGCTTCGAGGCTTCAAGTCCGGCGA	0	0	9.517798165			2883.081042	958.0078278		1357
TCGCGGGGACAGCATCGGGGGCTGCAGCGA	0	0	0			0	0		6
TCGCGGTGAGCGCCGTAGGCTTCACGTGCT	0	0	116.5930275			0	0		8
TCGCTAAATAGCGATACAGGAGGCATAGAG	0	0	0			18.76700434	31.7221135		71
TCGCTAATAAACGTGTATTGGTAGACGGTA	0	0	0			0	6.344422701		46
TCGCTATTTGTGCCCCGTGGTCTGAGGTGA	357	85.31578947	472.3207339			9.383502171	234.7436399		3014
TCGCTCCCATTCCACCGTATGTGAAACTTG	0	0	0			2.345875543	0		0
TCGCTGATAACGACCAGAATGATAACCCTG	0	0	308.1387156			0	0		360
TCGCTTCTTATGGCTGCGCGGATGTTAATT	0	0	0			0	3.17221135		12
TCGCTTTATGCCGAGTGTATGGGGGAAGCC	0	0	0			4.691751085	15.86105675		18
TCGGAAACTGCGTTCGAGGCCTTAGGTACG	0	0	0			46.91751085	0		35
TCGGACTTAAGGCCGCACAGTACATAGTTG	0	0	5.948623853			0	3.17221135		22
TCGGAGAATCATTATTCTCGAGTGTAAGTC	0	0	0			494.9797395	133.2328767		17
TCGGAGAGTTGAAACCCAGATAAATGGACG	0	0	0			114.9479016	120.5440313		5
TCGGAGCGTATTTAGCGAGGCTATGAGGGA	0	0	0			710.8002894	713.7475538		2563
TCGGAGTATAAGGCGGGGTGCTTGAACGTT	0	0	0			222.8581766	91.99412916		14
TCGGATCATGAGTCTGGGTCATGCTGAGTT	0	34.12631579	0			0	0		2
TCGGATTATGATGTATGTAGAATGAGGTTG	0	0	0			44.57163531	0		2
TCGGATTGTCAATCAATTAGGTGGCCTATA	0	0	0			14.07525326	0		118
TCGGCAAGAGGGAGCGCACCCGAGCATCCG	0	0	0			0	9.516634051		9
TCGGCTCGACCCTCTTAAGCGACGTGAAGC	0	0	0			0	3.17221135		2
TCGGCTTCTAATCCTGTGAGGGCTTCCAGA	0	0	0			0	6.344422701		51
TCGGGAAGTAGAAGGGGTGTTTCCCTTTGA	0	0	0			1651.496382	1900.154599		18
TCGGGCCGTTAGGAGTCCGGGAAGGCCCAT	0	0	53.53761468			0	0		105
TCGGGCGGTGCTCACGTTTGGTCGTTGAGG	0	0	0			4.691751085	0		5
TCGGGGAGTGGTCGGGATGGCGTGGCTTCC	0	0	0			42.22575977	0		23
TCGGGGCTAAATACAACCTGATGAGACCAT	0	0	0			0	3.17221135		7
TCGGGGGTTCAGTAAGGAATTCACAATGAC	0	0	0			16.4211288	0		0
TCGGGTGCATGATTGTTTCGACGTGCTTAG	0	0	21.41504587			0	0		1407
TCGGGTTAAAACATGTCCCTGGCTTTTCGT	0	0	0			119.6396527	437.7651663		92
TCGGGTTGTCTGTACGCGGGAAGCGATCTA	0	418.0473684	0			0	0		0
TCGGTAGAAGGGAAGGAATTTTCACGTGCG	0	0	0			53.95513748	72.96086106		17
TCGGTATAAGCGGCTTAGATAGTCGGTCCA	0	0	0			14.07525326	120.5440313		12
TCGGTCTGTGGTAAGGTGTCGGTCCACCTA	0	4.265789474	0			152.4819103	371.148728		18
TCGGTGCTTAGGTGTGACCACTTAACCGGT	0	0	0			11.72937771	0		0
TCGGTGTAACTGTTTGTATGGCGATTCTGG	0	0	0			2.345875543	6.344422701		33
TCGGTGTAAGTAGCGTGGTGTGTCATGCTA	0	12.79736842	35.69174312			0	3.17221135		322
TCGGTTAGTTTTTACGGATCGAGCTTACGA	0	0	7.138348624			18.76700434	0		5
TCGGTTCAACGAAACCACACGCGGTTGCAA	0	0	4.758899083			0	0		0
TCGGTTCTATCGTCGTAGTTAATTAGTCGT	0	0	0			2.345875543	41.23874755		38
TCGGTTTGTCGTAGAAGGGAGGAATGAGGG	0	0	32.12256881			0	0		2
TCGTAAACACACGTGCTATCTTCTTGCTCG	9	8.531578947	15.46642202			0	3.17221135		6
TCGTAATGTTTGCGTAACAACGGCTCGTCA	0	0	0			11.72937771	9.516634051		3
TCGTAATTATTGACCCGCATGCGTCTTGTC	0	0	0			9.383502171	0		35
TCGTACTATGTTCCACCCGCATTAAGTTTG	0	0	0			1759.406657	2303.02544		797
TCGTAGACTTCGCATTTAAGCACGGAGTCC	0	0	0			42.22575977	3.17221135		3
TCGTAGGCAAACAAGGTCCATTTTATTTCG	0	0	0			9.383502171	0		3
TCGTCCAATTAAAGTAGGTATGTTACACAC	0	0	0			110.2561505	348.9432485		71
TCGTCGTTATGGCAATCCATTGTGGTCTCC	0	25.59473684	0			0	0		2
TCGTCTCGTAAATACTCGCTTTAAAGAGCT	0	0	0			201.7452967	69.78864971		33
TCGTCTGCACGGCGTTTCAGATGAGATATC	0	0	0			154.8277858	47.58317025		262
TCGTCTGTTTCATCCCTCGCTAATGCCGTT	0	0	0			0	6.344422701		17
TCGTGACATGTGCGCTTTCTCAGTGTGTTG	0	0	0			750.6801737	168.1272016		14
TCGTGATAAGCCTGCACTGATAGATAACCG	124	25.59473684	124.9211009			7.037626628	101.5107632		59
TCGTGGAGTAAATTTAACGATTTAAGCTTT	422	29.86052632	944.6414679			365.9565847	393.3542074		18
TCGTGGATTAAGCAGTAGTGCGCCAAATGG	0	0	0			0	3.17221135		21
TCGTGTAATTGATGGCGGTATGATGTTGCC	0	0	0			11.72937771	6.344422701		2
TCGTGTTTTAGTTCCGTCGGATGAATATGA	0	0	0			2.345875543	28.54990215		247
TCGTTATTATTAGTGTAGTTCGTGAACAGT	0	0	136.8183486			0	0		9
TCGTTCTTTCCGCCTTATATCACCCCGGCC	0	0	14.27669725			152.4819103	164.9549902		3
TCGTTTCGTCATGGGACTTCTCATTTCCGG	0	0	16.65614679			417.5658466	333.0821918		339
TCGTTTGGTACGGTCACTCTCCGGTTACAG	0	21.32894737	0			0	0		117
TCGTTTTGTCGTCGCAGGGTATAGAATTTG	0	0	7.138348624			279.1591896	0		911
TCTAAAATTCAGGGATAGGACCCATAGAGG	2	0	10.70752294			4.691751085	0		2
TCTAAATGTGATGCCAGGCTCCTGCTCCAA	0	0	0			180.6324168	101.5107632		0
TCTAACAAAACATATTGATAAGCGCGTATG	0	0	14.27669725			0	0		2
TCTAACAATCTACACTATAACATTCTAAAT	0	38.39210526	0			5111.662808	1944.565558		600
TCTAACCACCTACACTCTCCCATTCTAAAT	0	0	0			2.345875543	0		0
TCTAAGCTTTGCTTCTAGTGACTTGACGTA	0	0	0			68.03039074	60.27201566		0
TCTAATGCTTGCATTGCGATATTTCGAATT	0	0	0			173.5947902	15.86105675		11
TCTAATGTAGATTGTTCTATGCCCATAGGC	0	0	2.379449541			0	0		7
TCTAATGTTATCTTTCCTCCTTAGTATGAA	0	0	0			398.7988423	3.17221135		13
TCTAATGTTGTGTTGACTAAGTCTTCACCA	0	55.45526316	0			0	0		82
TCTAATTAAGGCATGCATAAGTACAATTGA	452	34.12631579	876.827156			0	0		176
TCTACCATTTTTTGTCCGGCGCAGGAACAA	0	0	4.758899083			0	34.89432485		250
TCTACCTAACTACTCCTATATATCGCTATT	0	4.265789474	0			0	0		0
TCTACGCATTGGACCCCAAACGTTCATGGG	0	0	0			11.72937771	34.89432485		3
TCTACGGGTGCCCGAGTGAAGTGGGTTATG	0	0	0			0	22.20547945		331
TCTACTACAACGATGTCTGCGGTCCGCCCG	0	0	0			429.2952243	234.7436399		110
TCTAGACGTCATAGGTCGCTCGGTATCTTC	0	0	0			44.57163531	117.37182		32
TCTAGATTTCTTCCGCCGCTACTGTACTAG	0	0	15.46642202			0	126.888454		572
TCTAGGCGTTAGGCGTAGCCCAGAGGGCAC	0	8.531578947	102.3163303			0	44.4109589		3
TCTAGGGGTTCTTGGTGTGGAGCTCGTGCA	0	0	2.379449541			0	0		0
TCTAGGTCACATATTACTAAATCTCTGATC	0	0	0			79.75976845	41.23874755		32
TCTAGGTGAAGGGTGGTGATGGGTTGTGTA	0	0	0			2.345875543	0		7
TCTAGGTTTGACAGGAACTACGTTCGAAAC	0	0	0			0	0		5
TCTAGTGCTGCCGTAAACACGGTCTGAAGT	0	0	0			337.8060781	317.221135		1108
TCTAGTTCATGAGAAGGTGTTTGCGATACT	0	0	0			818.7105644	536.1037182		926
TCTAGTTCATGAGAAGGTGTTTTGCGATAC	0	0	0			0	3.17221135		4
TCTATGGTATTAGTACAGTAGGTCTAGTAT	0	0	0			35.18813314	22.20547945		15
TCTATTCAATTTCTTTGCGGTGGGGAGCGA	0	0	0			239.2793054	139.5772994		91
TCTATTCCCCCACGTCGGCCAGGGTTGGGG	0	0	0			0	3.17221135		0
TCTATTCGAGACCGACGTAACACTACGCAA	0	0	0			70.37626628	0		10
TCTATTGATTGGGGCTCGCGACGGTTAGTC	0	0	0			469.1751085	1817.677104		19
TCTATTGTACTGGCGTAGGACTTAGGGTGG	0	0	0			75.06801737	66.61643836		93
TCTATTGTTGAATCGACGTAAGGGATAAGT	0	0	141.5772477			372.9942113	371.148728		97
TCTCAGTAACGCTCTGGGATTAAGGGCGGG	0	0	0			105.5643994	82.47749511		72
TCTCATAGACAGGGTAATCGTGCCGGTTAA	0	0	0			21.11287988	6.344422701		62
TCTCATTAAAATATAACCAAAACTGGAGTT	0	4.265789474	0			0	0		0
TCTCATTGACAGCGGGCCAACTTTCAAGCG	0	0	0			396.4529667	260.1213307		67
TCTCCGAGAGGCTATTCGGCATGGAAACCA	0	0	0			72.72214182	34.89432485		8
TCTCCGTATTAAGTTGTGATTCCTGTAATT	0	0	0			28.15050651	12.6888454		6
TCTCGACTATATGTCGAATCGAATTCCAGA	0	0	26.17394495			11.72937771	0		3
TCTCGAGATTAGTAGAGGGTGACGTTTGGA	0	0	0			0	3.17221135		3
TCTCGCGTTATGGCACAGCGCGCAAATGAA	0	0	7.138348624			0	0		190
TCTCGCTGAGGTTTTTGTGATCTTAGTTTA	0	0	0			46.91751085	193.5048924		15
TCTCGGAATCTCGTTGGTGGCTACGTCTCG	0	0	0			37.53400868	12.6888454		26
TCTCGGAATGTTTATGACTCGGAAAGTGGC	0	0	7.138348624			0	0		812
TCTCGGGGTGTCATCTCCCGCACTCTCTAG	0	0	0			0	19.0332681		39
TCTCGGGTTTAGTGAACGTCAGTAGTCGTA	0	0	0			0	6.344422701		40
TCTCGGTAAAGTAATTTGCTTTAGGAAATT	0	0	0			0	3.17221135		2
TCTCGGTGATGACATCGCCACTTTTCTAAC	0	0	0			2.345875543	0		1939
TCTCGGTGTCCTATATTATCGAACCCGGTT	0	0	9.517798165			0	3.17221135		542
TCTCGTGGAGAGGGTATGCCTGGCTCCTTG	0	0	0			30.49638205	28.54990215		8
TCTCGTTCTCGGGTGCTTCAAAGAGTATAT	0	0	0			276.813314	339.4266145		274
TCTCGTTGATGGATTTTGTTCATGGGAAGG	0	0	0			389.4153401	1097.585127		277
TCTCTAATATCTCTGCCGGCGAATCTAAAC	0	0	97.55743119			0	0		0
TCTCTCCGAGGAGCCTGGCTAATCACACTA	0	0	0			53.95513748	19.0332681		144
TCTCTCGTATGAATGCCCGCGATCAGCGGT	681	836.0947368	207.0121101			0	19.0332681		3174
TCTCTCTCTCCAACGTGAAATATCCACGAC	0	0	0			32.8422576	295.0156556		1243
TCTCTGCGAGGGTCTGAGACTCGACGTGCA	1011	81.05	1525.227156			23.45875543	3.17221135		56
TCTCTGGCTTGGTTTAGAGCTGTTCTTATG	0	0	0			9.383502171	0		13
TCTCTGTCTGGATGCGCAAGCGGCAATGAC	0	0	0			46.91751085	41.23874755		57
TCTCTTAGAATGCAAGTTAGGGTTTTTAGG	0	0	0			375.3400868	491.6927593		464
TCTCTTCCACTAACCCTTTAGGATCGCGCA	0	0	0			1470.863965	1199.09589		2072
TCTCTTCTTTCATGTCCGATGATAGGTCAA	0	4.265789474	0			0	0		11
TCTCTTGATAACTGTTAATGTCCCGACGTA	0	0	663.866422			0	0		124
TCTCTTGGTTTTATCTTAGGGTGCGGCGCG	0	0	0			21.11287988	161.7827789		0
TCTGAACGTGATACAGAAAGAAATTGACGG	0	0	4.758899083			4.691751085	0		14
TCTGAAGCATGGATGGTCTCCATTTCATTG	0	25.59473684	0			0	0		5
TCTGATCATTGGGATGATGAGTGAAAGGCT	87	243.15	348.5893578			0	177.6438356		284
TCTGATCCTTGAGGTCCAACAGAGGGCCTG	0	0	0			950.0795948	1218.129159		7
TCTGCACGTGTACCTTATGCCCATCTTCAT	2	0	0			0	0		0
TCTGCCCAACAGGGGTAAGGTGTTGTTGGA	0	0	0			84.45151954	60.27201566		19
TCTGCGGCTGGTGCAAGTAGCGCGGTCTCG	0	0	0			7.037626628	44.4109589		14
TCTGCGGTACCGTGGTGTGGGTGTCCATGC	8	0	8.328073394			0	0		0
TCTGGACCTTTCTCTTCAAGTCCCTATAGA	0	0	0			37.53400868	0		94
TCTGGATAAGCTTGTATAAAGTGCATTGTG	0	0	0			11.72937771	6.344422701		70
TCTGGCGCTGTTTGGGAGGGCGGAAGGTGG	0	0	0			4.691751085	0		15
TCTGGCGGTATGCACGAGCGTAGAGCTAAT	0	0	0			358.918958	510.7260274		13
TCTGGGCAAGGCCACGACGAGGTTGCATTC	0	0	0			30.49638205	6.344422701		16
TCTGGGTCAAACCCGGCTATAGACAAGAGG	0	0	13.08697248			0	6.344422701		11
TCTGGGTTTAGGTGTCGGTAACTCAGTTGT	22	0	23.79449541			0	428.2485323		553
TCTGGTAGTACTTTGCTATCAGGCATTACA	0	0	0			4.691751085	0		11
TCTGGTGAATGCGTTTTTATTGGTAGCACT	0	0	0			133.7149059	0		0
TCTGTAATTCTGTTAGCTACGAGGACAAGA	0	0	0			274.4674385	1243.506849		14
TCTGTACAACGTTGACGCGGGATCGTAGGA	0	0	11.89724771			835.1316932	1107.101761		424
TCTGTAGGAGACAGTTTTGCACAGAGGTTT	0	4.265789474	32.12256881			0	0		8
TCTGTTACTCTTAGCTCACAGTAAGATAGG	0	0	0			72.72214182	60.27201566		846
TCTGTTCCAGTGACGGCTATAGAATTCAGT	0	0	0			7.037626628	12.6888454		65
TCTGTTCTTGAAGACTTTCCCAGGCAATAT	0	4.265789474	0			0	0		0
TCTGTTGGAATTATTTACTGAAGCCGGGAT	0	0	0			2.345875543	3.17221135		3
TCTGTTGGAGTGTCGGCGGAGTACCTCATT	0	0	0			7.037626628	0		0
TCTGTTTTACTGGAGGCTGTTTCGTCCAAA	0	0	0			2.345875543	0		565
TCTTAAGGACCTACTCTCGACAATTCTCAA	0	0	4.758899083			0	0		23
TCTTAATAAGATGAATACATAATGGTTTGA	0	0	13.08697248			21.11287988	130.0606654		8
TCTTAATCTAAGTTTAATACGATATTTGAC	0	8.531578947	0			0	0		185
TCTTAATGTCAGTGGGCTAACGTTCACGCA	0	0	0			9.383502171	22.20547945		590
TCTTAGGTACCAATGGGGTACTGCTCTCAC	0	0	15.46642202			0	0		0
TCTTAGGTTTGGGTGTTGTGCAGGTGCGTG	0	0	2.379449541			0	0		20
TCTTATATTTTTGAAATTCGTAGGGCAAGG	0	0	0			14.07525326	15.86105675		65
TCTTATGCATTTCGAGTTATCCGTAGTTGA	0	0	3.569174312			2.345875543	0		89
TCTTCATGATCCGTAGAGTAAACACCATGT	0	0	0			0	6.344422701		4
TCTTCATTAGCCTTGCTTCCTGAAGGGTTT	0	0	0			121.9855282	0		174
TCTTCCTCACTTTGCACGGACGGTGCCGAA	0	0	0			2.345875543	0		2
TCTTCGGAACCACTGGTTCTCCAGGTGCGC	0	0	0			60.99276411	88.82191781		184
TCTTCGGCAGACCTAGGTTAGAAGTGTGAT	0	0	0			326.0767004	0		19
TCTTCGGTTGCTTTGGAATATATGTTCTGC	0	29.86052632	0			565.3560058	609.0645793		324
TCTTCTGATGCGGAAGGAAGCTTCAAGCAA	0	0	0			0	6.344422701		24
TCTTCTTGTGTGCGTATGTTTGACTTTCGC	0	21.32894737	0			0	0		2968
TCTTGAGAAGGTCAGTTGATCAGCTGATCT	0	0	0			96.18089725	3.17221135		10
TCTTGAGGAGCTGGTTAAGGTCTGGGAGTC	0	0	0			248.6628075	136.4050881		1737
TCTTGAGTAGAGGCGATGCACGGAGGCTGT	0	0	0			53.95513748	6.344422701		0
TCTTGATCAATGTTATTTCATGTTCTGGCG	0	0	59.48623853			0	0		3639
TCTTGCGTTATCAAAATCAGCGGACTTGCG	0	0	0			0	3.17221135		2
TCTTGGATATACCGGACAAAAAACTGTTTT	0	0	70.19376147			0	0		8
TCTTGGGCTGGGGGACCTAAAAGAATGGGG	0	0	0			0	19.0332681		0
TCTTGGTGAATTGTATTGAGGCTTATAATG	0	0	0			51.60926194	82.47749511		23
TCTTGTACTTTCTATTGAATTAGAGAGCAC	0	0	129.68			60.99276411	104.6829746		8
TCTTGTGAATTAAGGTTCGAGGGGGGAGTC	0	0	0			42.22575977	355.2876712		687
TCTTGTTCACAGGTTAGGGGTGAAAAGTGT	0	0	0			0	6.344422701		20
TCTTGTTGAAGACTGGATCTGTTCAGGCTG	0	0	0			2.345875543	0		0
TCTTGTTGAAGCGTTACTGTTAAACTTGGA	0	0	0			143.0984081	22.20547945		148
TCTTTACATCTACTGTCATCTGGTTTTTAA	0	4.265789474	0			0	0		411
TCTTTACTACGGTATTTGACCACGAAGGGG	0	0	0			11.72937771	31.7221135		42
TCTTTACTTTAATTAGCTAGTATTTCCGAT	0	0	0			633.3863965	510.7260274		530
TCTTTAGTTGACAGGTTTTATGTAACAACT	0	0	0			35.18813314	50.7553816		0
TCTTTATGAGTCTGAAAAGATCATTTTCAC	0	0	0			16.4211288	3.17221135		4
TCTTTATTAAAAGATGATTCTGGTTCGAGC	0	0	0			2.345875543	3.17221135		5
TCTTTCAGTGGCCGCAAGGCTGTGGTGTTA	0	0	0			42.22575977	1443.356164		88
TCTTTCATACCGTAGTAAAAACCTTTGCAC	0	0	0			9.383502171	0		28
TCTTTCTAAATTTGCACGGACGGTGACGAA	0	0	0			180.6324168	225.2270059		286
TCTTTGGCAGGTGACGCTTACCGGTCGGCA	0	0	0			53.95513748	383.8375734		40
TCTTTGTCATTGTAGGCTCTGGAATGCTCC	0	0	0			11.72937771	3.17221135		29
TCTTTGTGAGTGAGTGTATGGGGATGCCAG	0	0	0			4.691751085	0		29
TCTTTGTGTCACCATTTCAAGAATAAGTCG	0	0	0			105.5643994	396.5264188		208
TCTTTGTTTTTCCTCATGGCGAAAAACCAC	0	0	0			0	9.516634051		7
TCTTTTAATAAGTATAATAGTTTGGGTTAC	0	0	0			9.383502171	15.86105675		8
TCTTTTCTTAACGGCGTCGCGAAAGGCCTG	0	17.06315789	2.379449541			0	6.344422701		192
TGAAAAACTAAGCGGGGGGGCTTGACAGTC	0	0	0			0	0		33
TGAAAAAGTCACTAGGCCTCTGGTGGAGTA	0	0	0			180.6324168	498.037182		23
TGAAAACGTGGCGGGGCTTGGTCGAGCGCA	0	0	0			605.23589	393.3542074		270
TGAAAATAATGTGAACGACACAATTCGCAG	0	0	260.5497248			0	0		5024
TGAAAATTTGCTGATTAATTTATACGGGTG	0	0	0			7.037626628	3.17221135		3
TGAAAGCGTAGAAAGCGCATTGGGCGAGGG	0	0	0			2.345875543	0		2
TGAAAGTTTGATTAGCGCGCTCACGTCTAC	0	0	0			2.345875543	0		0
TGAAATGTTGAGGGGAGAATTACCATCGAG	0	25.59473684	0			0	0		0
TGAAATTGTCCTGTCCACCTAATTATAAAT	0	0	0			89.14327062	0		1526
TGAACGGAAAATGGCCAAATGGGTGCTTTG	0	0	0			2.345875543	0		0
TGAACGGAACCGCAAGAACTTTGGTTGTGG	0	0	8.328073394			0	0		443
TGAACGTTACTCGAATTGTAGAGAATGGAT	0	0	0			25.80463097	0		11
TGAACTGGTTGCGAGGCGGGAGTATGGGAC	0	0	0			68.03039074	0		20
TGAAGATATATTAGAGCCTCCAAGTGAGTA	0	0	0			37.53400868	19.0332681		19
TGAAGATATTCGCCATTTGTAAGCGGACTA	0	0	0			7.037626628	9.516634051		7
TGAAGATCTGTTGGTCCAAGAGACAGATAC	0	0	0			7.037626628	0		0
TGAAGCGAAAAGAAAGACGAAGGCTACAGA	0	0	0			18.76700434	0		523
TGAAGCGTACCAGTCGATAGACTAGTCCTA	0	0	9.517798165			37.53400868	22.20547945		186
TGAAGGCGTGTGACGTGTGTTAAGGGTAGC	0	0	8.328073394			0	0		0
TGAAGGGGTCTCCAATCGCGGGAGTGGGGA	2102	345.5289474	1707.255046			251.0086831	387.0097847		50
TGAAGGTATCATCTATGTGAGGTTATTCAC	0	0	2.379449541			0	0		2
TGAAGGTGAGCTCTAATTCATGTGAATACG	0	0	0			60.99276411	72.96086106		95
TGAAGGTTACGTGTACCAATGAGCGGTCCG	0	0	14.27669725			0	19.0332681		65
TGAAGTGATGGCACCTGCGATTGGGGGGCT	0	0	0			49.2633864	0		20
TGAAGTTCTGCTGTCCCGTTTCTCGCAATC	0	0	0			49.2633864	0		10
TGAATACAACATGCTACTGCGGTAAGCTCA	0	0	0			112.602026	466.3150685		47
TGAATAGATTGTAGCGGGATGTCGTCCTGG	0	0	0			51.60926194	104.6829746		0
TGAATATGTCAACGCACCAGACTCGCGACG	0	4.265789474	0			0	0		5
TGAATCGAATGTGATTGGTTTGTATACTTG	0	0	0			0	12.6888454		29
TGAATCTCATTGCTTTGCACAACCATTGCG	0	0	0			11.72937771	0		1978
TGAATCTGACTAATTACCGCTCTTGATATG	0	0	0			143.0984081	142.7495108		132
TGAATGCATCGCTATCGGAATTGCTGTCGT	0	0	0			0	3.17221135		28
TGAATGCTAGGGGTCAGGCTGTAGCATAGT	0	0	35.69174312			0	0		3
TGAATGTGATCAGTTTATCTTAATTGATGG	0	0	0			7.037626628	3.17221135		412
TGAATTCATTCATACAGGCGGCAGTATGTA	0	0	0			4.691751085	3.17221135		15
TGAATTTGACCGGGCGTACAAGTCGGCTAC	0	0	2.379449541			16.4211288	15.86105675		6
TGACAACCTGATGGTTATCTCTAGTTACGG	0	0	0			0	9.516634051		182
TGACAAGATGTTTTTGTCTCGGAAATTTTG	0	0	0			7.037626628	72.96086106		720
TGACAAGTAGCATTTGAAAGAACCGGGACA	521	1079.244737	2179.57578			93.83502171	3.17221135		2733
TGACAAGTTTAGTTGCTGCGTTCAAGTTTT	0	0	0			222.8581766	6.344422701		451
TGACAGATTCGCCGGGATTAGTGTGTGGGG	0	0	0			0	0		4
TGACAGCAATGAAAGTCGGCGATGTTTCAT	0	0	60.6759633			0	0		54
TGACATGTAGTGTGAGAGATTTATTACCTC	0	0	0			21.11287988	406.0430528		52
TGACATTGTATGTTAGGTTAGTTGATCGGG	0	0	0			0	19.0332681		37
TGACCCAGAACGTACAGAAGGGCGGAGGTT	0	0	0			0	12.6888454		10
TGACCTATACCCTAGGCTATACAGGGCGTG	0	0	0			124.3314038	272.8101761		96
TGACGAATACCCCTTCGTAAGTCGAGGGAC	0	0	0			63.33863965	22.20547945		24
TGACGAGGACTGAGGGTGGCTCATTCGAAG	0	0	0			9.383502171	3.17221135		2
TGACGGCGAAAGGCTCGGCCCTAGGGCTGC	0	0	0			2.345875543	0		10
TGACGGGGAGGCAGTGTATAGTAGGGCGGG	0	0	8.328073394			0	53.92759295		90
TGACGGTGTCCAAGCCATGATTCGGTGTTG	0	4.265789474	2.379449541			0	22.20547945		19
TGACGTGCTATAGTATTAGCGGGTAGTATT	0	0	3.569174312			60.99276411	63.44422701		0
TGACGTTTTGGTATTTGATACATGAGTTCT	0	0	0			867.9739508	231.5714286		613
TGACGTTTTTGGTATTTGATACATGAGTTC	0	0	0			2.345875543	0		0
TGACTAAGACGGTGGTGCACCCGGTCATGG	0	0	0			23.45875543	0		0
TGACTACAATTTGTATTAATGCGTAGGGGA	0	0	0			0	142.7495108		1846
TGACTAGGATCGTGGCTAGGTCGCGTAGTG	0	0	0			9.383502171	0		335
TGACTATATATCAAAGTTAACGTATCTGAC	0	0	0			265.0839363	44.4109589		48
TGACTCTATGCTAGATAGAATTAGTGCCCT	0	0	0			32.8422576	0		61
TGACTCTATTACTGGATATGCAAGAGTAAG	0	0	0			75.06801737	850.1526419		3717
TGACTGAAATTCCAATGTTTCGTTCTGAAC	0	0	0			4.691751085	0		3
TGACTGGATAGAATCTCCCAAATCAAGTGG	0	0	40.4506422			0	0		131
TGACTTCTACCGTAATGACTTAGGGCGGCA	0	0	0			330.7684515	130.0606654		691
TGACTTGAATCCGCGTTCTGCCTATCCATG	0	0	0			0	60.27201566		156
TGACTTTATACTGTATGTTGCGTTCAGGGC	0	0	0			4.691751085	0		21
TGACTTTGATGTGCACGGCTCTTAATTACC	0	0	7.138348624			0	0		73
TGACTTTTTCGAATTTTGACCAGTTTCAAC	0	0	0			602.8900145	155.4383562		106
TGAGAAAGTAACCAACCGTTTGGTCGGGAG	0	0	0			342.4978292	171.2994129		452
TGAGAACCACGTCGCTTAGCTGAGTCTTTT	0	0	0			2.345875543	15.86105675		81
TGAGAATAAGCCTGGGTCCAGAGATGAGGT	0	0	0			30.49638205	12.6888454		15
TGAGAGCGTACCTCCTTGATATCTGCCTCT	0	0	0			32.8422576	63.44422701		1381
TGAGAGGCATCCCATACTCGGGTTCTAGAG	0	0	0			365.9565847	136.4050881		198
TGAGAGTCTCGGGAACGGCGCTCACTGTGA	0	0	0			394.1070912	174.4716243		289
TGAGAGTGACAGCTCGGGGGTGGGGTGGTC	0	0	0			11.72937771	168.1272016		35
TGAGAGTTATCCGGGAGGATGTTTCAACAT	0	0	0			910.1997106	1386.25636		708
TGAGATCGTAAAAATCGTTAATATAAAGGC	0	0	0			63.33863965	79.30528376		297
TGAGCAGTTGGATACGGGGCACCGAGAGCG	0	0	0			16.4211288	0		5
TGAGCATGTGTGCCAAGCGGGGGTGGACAA	0	0	21.41504587			0	0		111
TGAGCCTGAATGATCGCGTTTTGGACTGTT	89	93.84736842	1230.175413			18.76700434	1030.968689		85
TGAGCGTCAATCAGAGCCTGAGTGGTAGGT	0	0	0			0	12.6888454		13
TGAGCTGTTTCCAAGATTGTGCTGGGAAGC	0	21.32894737	32.12256881			117.2937771	183.9882583		2670
TGAGGAGGAGATTTGTTGGGTATTAGCGGG	0	0	0			65.6845152	117.37182		39
TGAGGATGAACAAGGCGCAAGAGGAATTAG	0	0	3.569174312			9.383502171	0		86
TGAGGATGTGGAGTGGGGGAGAGGGTAAAC	0	0	0			2.345875543	0		2
TGAGGCACATTGTAATGGGTAGAAGTCTTT	0	0	0			21.11287988	130.0606654		8
TGAGGCCTTTTGCAGCGTCTCACGCGCAGC	0	0	0			2.345875543	0		14
TGAGGCGCAGATGGAGCACTGAGATTGAGG	0	0	0			23.45875543	0		257
TGAGGGAGAATAAACCGCTATAAGGGATTC	0	0	0			7.037626628	3.17221135		7
TGAGGGTCATTCTAGATAATCTAACTTAGC	0	0	0			56.30101302	174.4716243		6
TGAGGGTGAATGTCTGTCTGATTCTCCAGT	0	0	0			0	3.17221135		81
TGAGGTGTTCCGTGTTCGCGGGAGGAACAT	0	0	3.569174312			0	0		2
TGAGGTTATGTAGGGATTCTTCGGAATAGG	0	0	0			2.345875543	9.516634051		2
TGAGTAAGTTTAAGTACAGGAACTCTACCA	0	0	0			1269.118669	532.9315068		53
TGAGTAGTTTTGAGACTGAGATTAGAATCT	0	0	0			39.87988423	158.6105675		65
TGAGTCATTCGATGGGATGGGCTGTGGGGC	53	0	425.9214679			124.3314038	498.037182		8
TGAGTCGATGCGAAGAGGCAATTCACAGGG	0	0	40.4506422			0	0		54
TGAGTCTTTATACCAGGTGCCGTGGACCCT	0	0	0			9.383502171	0		6
TGAGTGAGTCGTAAGGCCCAACCGGTTCAG	0	0	0			21.11287988	0		2
TGAGTGATTTGTGGTGAAATAGTTTCGGGC	0	0	73.76293578			44.57163531	47.58317025		111
TGAGTGGAAGGGGCGGGATCTGACCACGAG	0	0	0			0	12.6888454		0
TGAGTGGAAGTTATCATGACAGAGCTAAGG	0	0	0			0	3.17221135		58
TGAGTGGTAGGTGAGGCTATACAGAAGGGG	0	0	0			16.4211288	66.61643836		261
TGAGTGTGTTGGTAGTTAATTGGACCCGAT	0	8.531578947	5.948623853			0	0		16
TGAGTGTTTCATTTTTTTGTAATCCACCAG	0	0	0			21.11287988	0		67
TGAGTTCCACTGCTATATTAAATAATCAGA	0	0	0			0	6.344422701		0
TGAGTTCGTATGTGGAGTTTTTGAGGAATC	0	0	0			835.1316932	577.3424658		1412
TGAGTTCGTCGGTAATGAAACGAAAGTTTC	0	0	0			14.07525326	0		14
TGAGTTTGTTGGAGGTACCAGCAGCTTTAA	0	0	0			11.72937771	0		107
TGATAAGGAACCGCAAATAGCAATGGAAGG	0	0	1512.140183			0	0		7
TGATAAGGATGGAGGGTCTGACTAATCACG	0	0	15.46642202			1201.088278	494.8649706		2411
TGATAAGGTGAAGCGGCGGGCCGGGTGGTT	0	0	0			37.53400868	244.260274		81
TGATAATTTTTAAACATGCAAAACGAGCCT	0	0	7.138348624			0	0		8
TGATATAAAAAAAGTCAGATTGGTAAGATA	0	0	0			28.15050651	38.0665362		4
TGATATGTATGTCTCTTTATACTGGAGCTT	0	0	0			215.8205499	364.8043053		966
TGATATTTTGGCAGAGCAGGTCTGTGCGTA	0	0	0			0	6.344422701		6
TGATCAAAATTTAGGCTGCAGTTATCAGTC	0	0	0			0	3.17221135		0
TGATCATTAGAAGAAAGTGGATGAGGAGGT	0	0	0			0	3.17221135		3
TGATCCGATCGTGAATAGGTAGGTGGGAGC	0	0	0			2.345875543	0		59
TGATCCGTTCAGTGTAGTCGATCCATGCTC	0	0	0			164.211288	628.0978474		2526
TGATCCTGACTGGAACGGTGTCATGGGAGC	0	0	0			23.45875543	12.6888454		25
TGATCGATTAGAGAGTCGACCAGGGTTGGG	0	0	8.328073394			0	0		2
TGATCGCTACGCTCCGTTGAGGGCTAGACA	0	0	0			626.3487699	542.4481409		3
TGATCTATAGTTAGAGGGGGTTTCGTAATT	0	0	0			16.4211288	0		39
TGATCTGATCAGGTAGCCTATGTATTAGTT	0	0	0			16.4211288	25.3776908		17
TGATGAAGATACCTCTTTGATGCGCCGTAT	0	0	0			30.49638205	72.96086106		0
TGATGAGATCCCATCCAGGCAGCTGGACGT	0	0	9.517798165			0	0		9
TGATGAGTTTTAAATCCGGAATCCTACGTT	0	8.531578947	10.70752294			0	0		1847
TGATGATATAAGTTTGCCAATAATCTTAGG	0	0	0			39.87988423	114.1996086		102
TGATGCCAATATCCGTGGTGGGGTACGACG	0	0	3.569174312			0	0		5
TGATGCCATGGCCGTTATGTCGGGTCAGCC	0	0	0			25.80463097	44.4109589		23
TGATGCTCATCGTATTCGTAATAGTGTTGT	0	0	4.758899083			4.691751085	0		4
TGATGCTGTATTTTTATAGATCTAGGTATT	0	0	0			129.0231548	824.7749511		1056
TGATGGGGACTATAGCGAGATTAGCAGGGA	0	0	0			354.2272069	152.2661448		74
TGATGGGGGAATAAAGTCTAAGGCCGTTTG	0	9994.744737	9.517798165			0	0		18
TGATGGTAAGGCTGTATCAGCTATGTCGTG	0	0	0			42.22575977	0		192
TGATGGTATGATGTTCTGAAGAAATCGTGA	0	0	0			7.037626628	0		30
TGATGGTTTAGTGATTCAGCAAGTGATCGA	0	0	0			0	3.17221135		13
TGATGGTTTATTCGCCATACAAAGGGCAGG	0	0	0			11.72937771	0		28
TGATGTGCTCCGAAAATGCCGTTGCATTCC	0	0	196.3045872			0	0		0
TGATGTGGATACGCTAATCTCCATGTGTTA	0	0	0			445.7163531	180.816047		2356
TGATGTGTTATTAAGGGGAGTATGGTACTA	0	0	0			2.345875543	0		7
TGATTAAATTCGCGGACATGGCTGTTAAGT	0	0	0			0	12.6888454		378
TGATTACGTAATAGCCTGCCTACGCATTAA	22	4.265789474	29.74311927			32.8422576	98.33855186		269
TGATTCGCATAACAATACGGCCAGGTAGAA	0	0	4.758899083			459.7916064	0		4
TGATTGTAACGTACGAAGTAAGAGCGTGAT	0	0	3.569174312			7.037626628	6.344422701		5
TGATTTAAACGTAAACGTAGATTTTGGTAC	0	0	0			21.11287988	304.5322896		12
TGATTTCTATGATCCTGTGTCATGATCTAT	0	0	0			7.037626628	101.5107632		207
TGATTTTGTGGGTGGTTAGTCTTCATCGTT	0	0	0			448.0622287	152.2661448		171
TGCAAATAACACAATATGGTGCATCTATCG	0	42.65789474	14.27669725			0	0		25
TGCAACAATAGAGGGTCTCGGACGTGGGCG	0	0	0			1050.952243	0		1151
TGCAACGTTCCCAGTCAGCGTTTGGCTCAA	0	0	0			138.406657	1887.465753		5
TGCAAGAGATGGGCTTGTGCGCGGGACATT	0	0	30.93284404			0	0		162
TGCAATATTGGTGGTGATTATTAAGGTTAG	0	4.265789474	0			0	0		5
TGCACATCATCGCGCCTCTTCACCTTGCTA	0	0	0			2.345875543	22.20547945		0
TGCACATGTTTTCATAGGTACCGGTACGTG	0	0	44.01981651			0	0		0
TGCACATTTGGTCATGTGCTGTCTGTGGGG	0	0	0			4.691751085	3.17221135		0
TGCACGGTTCAGCTCCTTTGGATGGGAAGG	0	0	0			0	3.17221135		6
TGCACTGGACGGCATTGTAATGCTCGGCAT	0	0	0			9.383502171	3.17221135		44
TGCACTGTTGAATTGGGCCGAACAACTTAC	0	0	0			16.4211288	0		1057
TGCAGATTAGTAAATCCGTAGTGTGGTGTG	0	0	0			2.345875543	6.344422701		0
TGCAGATTTGGCGTAGGCCAAATGCCACGC	0	0	0			0	12.6888454		1512
TGCAGGACAGATCAAGAGCCGGGGCAAGCG	0	0	0			39.87988423	133.2328767		25
TGCAGGGGTTACAATTAGTAGACAGTGTGT	0	0	0			2.345875543	0		4
TGCAGTCATTAAAGTAATTGGAGCGAGAAC	0	0	0			0	0		8
TGCAGTCTATTTGCATATTGTTGTTGCGTT	0	0	0			51.60926194	104.6829746		72
TGCATACGTGTATGACTGGTACTGACGGTT	0	0	0			147.7901592	0		114
TGCATCAGTGACTACTCGACGCTATATAGC	0	4.265789474	10.70752294			0	0		367
TGCATCGTTTGATATTTTCTGGCCTAGTAG	173	89.58157895	483.0282569			0	57.09980431		81
TGCATGGGAGGAAGGGGAATTTGCCGGTTG	0	12.79736842	0			0	0		777
TGCATGGTAATTCAAGGTATTCCGTTTGCC	0	0	27.36366972			0	28.54990215		36
TGCATGTGAATTTATCCTTTAGTCGTCAAT	0	0	0			28.15050651	0		23
TGCATGTGTAAGGGTTCACGCGCCATCTAA	0	0	0			0	25.3776908		93
TGCATGTTAATTTACGACACAATGGTGTTG	0	0	0			16.4211288	0		708
TGCATTGATTTCTTATTGTGCGGCAGGACA	0	0	0			9.383502171	15.86105675		3
TGCCAAGGACTGCTACGCTGGTTGGGGTGT	0	0	0			0	22.20547945		3
TGCCACAATATAGACCACGCCGCTACCTAA	0	0	0			9.383502171	0		26
TGCCATAGTATTAAAGGCGTCAAGACGTGG	0	17.06315789	0			0	0		35
TGCCATCCATTTTAAGGTATAATGGCTTCT	0	68.25263158	15.46642202			0	0		43
TGCCCACAAAAAAGTGTGGCATCTAAGTCT	0	34.12631579	0			0	0		61
TGCCCCTGAGTTACATGGCTTTCGGCGACG	0	0	33.31229358			0	0		33
TGCCCGACAGGAACTTGGGAATCACACATG	0	0	0			168.9030391	145.9217221		2
TGCCCGATTGAGGATGCTAGATGGTCGTTG	0	0	0			28.15050651	9.516634051		15
TGCCCGCTATCTGTGAGGATGGGTGGTTTA	0	0	0			229.8958032	171.2994129		6
TGCCCGGAACGCGGGTAGGATGTTTGTTTT	0	0	48.7787156			276.813314	199.8493151		10
TGCCGAGAAGTAGCCGTCGGGTAGGACGTG	0	0	0			358.918958	602.7201566		212
TGCCGAGTTAGTGATAACTCCCCCCTCACG	0	0	0			70.37626628	139.5772994		4
TGCCGATTTGCGCGCTCTCTTCCAACAATA	0	0	0			18.76700434	0		201
TGCCGCATACCGGGTATGAGCCGGATAAGA	0	0	0			4.691751085	19.0332681		12
TGCCGGTATACCAAGGGTTTAACTATCTAT	0	0	0			4.691751085	31.7221135		22
TGCCGGTGAGAGTAGCTGGAAACGGGCTAA	0	0	171.320367			0	0		421
TGCCTAACTCTGTCAGCGAAGATACAGGTA	0	0	0			2.345875543	0		154
TGCCTAAGTATTTTATCGCTATTCTGTACA	0	0	0			609.9276411	60.27201566		709
TGCCTGTGTATTGGAAGTTTAAGGGTGATA	0	0	2.379449541			0	0		5
TGCCTGTGTTATTACAATTCGCGTTGGCAC	0	0	14.27669725			9.383502171	34.89432485		43
TGCCTTGGACTAGGCCATGGATAGTTAGAA	0	0	0			283.8509407	818.4305284		1346
TGCGACGATCAGATGGTCAGTAAGTGGGAA	0	0	0			445.7163531	34.89432485		8
TGCGAGGATTTATGTGCATTTGTCTGTTCC	0	0	0			7.037626628	0		2
TGCGAGGTTCAAGGGCTCGTAAGCGTGAGG	0	0	5.948623853			0	0		206
TGCGAGGTTTAGTGCTAGCTAAGCTAGGGG	0	0	0			1135.403763	9.516634051		442
TGCGATATATGTGACGTACTTAGTGACTGT	0	0	0			0	6.344422701		2
TGCGATCGTTAGTCTTTGGCTGACTGCATA	0	0	0			72.72214182	60.27201566		98
TGCGATGGAGACTTTGAGCAGAAAAGCTTA	0	0	8.328073394			0	0		3
TGCGATTATCGGGAAGAGGGGTGGTCTTGA	0	0	9.517798165			199.3994211	501.2093933		172
TGCGCAACATCGGTTTATCAAAAGCCGAGC	0	0	0			103.2185239	298.1878669		9
TGCGCACTAATATAAGATAAATACGTTCAT	0	0	0			7.037626628	3.17221135		28
TGCGCTGGATCGTGCAAGCGGACTACGAAG	7	25.59473684	35.69174312			4.691751085	25.3776908		71
TGCGGATGTATATGATAACTTGAGACCGTA	0	0	2.379449541			11.72937771	0		83
TGCGGCAGTGTGAAAGACGAGTTAGGTTCG	0	25.59473684	17.84587156			0	0		9
TGCGGCCGTACCGGGTAGCCGCTGTGTATG	245	0	26.17394495			86.79739508	63.44422701		6
TGCGGCCTATCTGCGGTAGCTAAAGAACGT	10	0	400.9372477			473.8668596	916.7690802		352
TGCGGCGGATTTCGTTTGCGATTGGCTTAT	0	0	48.7787156			469.1751085	501.2093933		1319
TGCGGGGGAAACTATGCTGGAGGGGAGCCT	0	0	3.569174312			0	3.17221135		19
TGCGGGTGATACGGGGAACAGAGTTCGGGG	0	8.531578947	0			0	0		2
TGCGGTCGAACGTAGAACTCGACATCATAG	0	0	2.379449541			0	0		17
TGCGGTTATAAGGGTAGTACCAGAAATGTT	0	0	0			2.345875543	25.3776908		223
TGCGGTTGTAAAGTAGAAGGTTTGCCTCTA	0	0	0			0	0		227
TGCGTCCAAGGAAATGCCATGGTGGTGCTA	0	0	0			0	618.5812133		215
TGCGTCCTTTCTACTACCTCACAGGTATTT	0	0	0			30.49638205	0		2
TGCGTGGAATAAGTTCGCTTATATAGTTTG	0	0	0			272.121563	76.13307241		1186
TGCGTTCGATAGCAAACGCTAGAAGTTATT	3	12.79736842	0			77.41389291	79.30528376		373
TGCTAAGATCCCTAGCTGCTCACATCTTTC	0	0	0			7.037626628	9.516634051		3
TGCTACGATGGGCAATGTAGGTTTTTAGCT	0	0	0			51.60926194	19.0332681		10
TGCTAGAGTAAGTTGCTTGTCCTGCTTTTT	0	0	13.08697248			49.2633864	76.13307241		55
TGCTAGTCTAAACTGTAGCCTTCTAAAGCA	0	0	4.758899083			2.345875543	0		6
TGCTCGCTAGTCTCACGGTCGGGTCGCGGG	0	0	11.89724771			0	0		4
TGCTCTAATGAGGTCGTGTCCCTTCACATT	0	0	0			0	3.17221135		0
TGCTCTTATGATATGCGTACTCACAATGCT	0	4.265789474	10.70752294			37.53400868	57.09980431		5
TGCTGACATTTTACCTTTAGGGTCAACTCA	0	0	85.66018349			79.75976845	126.888454		69
TGCTGAGCTTCTTCCGGGTTCACCGGGTCG	0	0	0			7.037626628	3.17221135		4
TGCTGCCGTTTTCGTGTTGTGTCGTGTAGT	0	0	0			4.691751085	0		3
TGCTGCCTATGTATATGGTCAATGCTTCAC	0	0	21.41504587			0	0		1365
TGCTGCTTATGGGGACTGTCCTGGGGGAGA	0	4.265789474	0			0	0		6
TGCTGGCGATAGGGGCCATGCGACGTCGGA	0	0	8.328073394			0	6.344422701		6
TGCTGGCGTAAAGGTGTGTTCGTTTGTGTC	0	0	32.12256881			0	0		16
TGCTGTCATGACATTAGGGACCCGTTAGTA	0	0	0			0	9.516634051		29
TGCTTAGTTGATGTCACAAGTTGCATTTCC	0	0	0			28.15050651	15.86105675		3
TGCTTGAGTTGGAAACCAGGGCTCGAAGCG	0	8.531578947	96.36770642			56.30101302	222.0547945		4
TGCTTGCGTCCGTGTCATTTAGAGGTGGGC	0	0	7.138348624			0	12.6888454		2
TGCTTGCTATTGTTAGGCTGGTTTTGGGTG	0	0	0			30.49638205	1563.900196		296
TGCTTGGGAAGTAGCACCACGTGATAGCGA	4	0	0			0	0		0
TGCTTGTGATCCTTGAAGACGTACTTTGAG	0	0	0			7.037626628	6.344422701		6
TGCTTGTTAGGGCACCCACCTTGTGTGCGT	0	0	17.84587156			9.383502171	85.64970646		58
TGCTTGTTTCGCTGGTTTTGTAGAGACATG	0	0	0			0	3.17221135		10
TGCTTTAATGAGGTCGTGTCATTTCGCATT	0	0	0			2371.680174	1896.982387		571
TGCTTTAGAGTATTTCGTCAATGGGCGAGA	0	0	0			1789.903039	2823.268102		2232
TGCTTTAGTTGTGAATAACTCATTCATACA	0	0	0			44.57163531	76.13307241		24
TGCTTTGTAATGGCTGGATGGCACGGATAG	0	0	0			91.48914616	307.704501		129
TGCTTTTCACGCGAAGAGAAGGAGGCAAGG	0	0	0			4.691751085	0		160
TGCTTTTTTAGAGCTAAAACCGGGAGAGCA	0	0	0			218.1664255	479.0039139		61
TGGAAATATGAAGCCCCCCTAGTACCTACG	0	0	14.27669725			0	0		42
TGGAAATTACTCCGAACCCGGGGCAAGTGA	0	4.265789474	19.03559633			0	0		59
TGGAACACAACTGAACTCGGTAGGGTGTTG	0	0	0			23.45875543	0		5
TGGAACAGTTCGGGTACGTAAAAGAGGGCT	0	0	0			2409.214182	1319.639922		158
TGGAAGACTCTTCCGAGGACCGTACCAGTA	0	0	0			2585.154848	4244.418787		4516
TGGAAGAGATGTACTGTACCCCAGACGAAT	0	0	2.379449541			7.037626628	168.1272016		5
TGGAAGTATTGTTCGTGTGGATAATCGTAA	0	0	139.1977982			0	0		4
TGGAATATTTCCATCTAAGCTTGTAAGTTA	1971	264.4789474	1483.586789			14.07525326	222.0547945		643
TGGAATGGAGAACTTCGTTTTGGTTGGATG	0	0	2.379449541			0	0		25
TGGACAGTTGGGTGATCCGCACAGGGAGGT	46	0	26.17394495			145.4442836	104.6829746		131
TGGACATCTGAGGGGGGTAGGAGGAGCGAG	0	0	3.569174312			96.18089725	275.9823875		8
TGGACATTTGTCTGACAAGCTTGAGTCGTA	0	0	28.5533945			0	0		22
TGGACCCAAGCCTACTCATCCGCACGACAT	0	0	0			4.691751085	0		92
TGGACGAATCCTGTGAGCGTGCATTGAATA	314	0	0			3624.377713	2458.463796		304
TGGACGGATGCGAAAAGAATGTTAAAAAAA	0	0	0			0	41.23874755		42
TGGACGGTACAGACGGTATCGGACGTGTGC	0	0	0			23.45875543	63.44422701		11
TGGACGTTTATAAGCTTAGCCGACGTGGAG	0	0	0			0	0		19
TGGACTGTAATTAATCGCCGGTATAAGAGG	0	0	0			7.037626628	53.92759295		71
TGGACTTTTTGGTACCCCCCGCCTCCAGAA	0	0	0			192.3617945	136.4050881		2
TGGAGACCTGAAGTCCCCCGTTAATAAGTC	0	0	0			588.8147612	440.9373777		219
TGGAGACGATCTTGTGGTGTGGATCGTGTG	0	0	0			0	6.344422701		0
TGGAGATCTGCAGTGTCGTTGAGTGGCGAC	0	0	0			2.345875543	0		0
TGGAGCGGATCGTTTGCAGTACAATGTCAA	0	0	0			2.345875543	6.344422701		8
TGGAGCTATGTCGTTAAGTTTACCCAGATG	0	0	0			7.037626628	22.20547945		0
TGGAGCTGACTCAAGAGGGGCCCCGTACCT	0	0	0			23.45875543	9.516634051		0
TGGAGGTCAACTTTTTCACAGGAGTGGAGT	0	0	0			342.4978292	288.6712329		117
TGGAGGTGATCGTTCGCAAGCACCTGGGAG	0	0	0			0	6.344422701		371
TGGAGTACAAGGCGACGCGCCGACGGAGGA	0	0	0			4.691751085	0		0
TGGATGAAACAACAAAGACTCCCGCGCACT	252	76.78421053	371.1941284			180.6324168	310.8767123		56
TGGATGCCTCTCAGAAACTGGTCGTTACTG	2896	200.4921053	4423.396697			262.7380608	1237.162427		1292
TGGATGGCAAGGACTCAGTTGGAAAAGGTC	0	29.86052632	13.08697248			110.2561505	618.5812133		176
TGGATGGGATCTTGATTAACTTTAGAGTGC	0	0	15.46642202			222.8581766	631.2700587		3199
TGGATGGTTCCATGATTTAGGTTGAGGCCT	21	0	3.569174312			0	9.516634051		14
TGGATTGCTCATGAGGGATTAGCACTACGC	0	0	0			7.037626628	0		3
TGGATTGGAGAGTTCAAGTTGGGGGTACCA	0	0	3.569174312			2.345875543	22.20547945		0
TGGCAAAGTGGCTCCCGCCGAGAGCCGACC	0	0	2.379449541			77.41389291	88.82191781		9
TGGCAATGTCGGGCCGATGCCCGGCTGAGC	0	0	0			133.7149059	396.5264188		79
TGGCAATTTGGTAGAGTGGTAAGGTGGAGT	0	0	0			147.7901592	0		3
TGGCAGGGAAATGCGGGTTGTGGGACGCGC	0	0	136.8183486			0	85.64970646		455
TGGCATCAAGCAGGATGCGGACAGAGAGTT	0	21712.86842	0			0	9.516634051		2573
TGGCATCTAAGCAAACTGGGATTGATGGGT	0	0	0			2.345875543	15.86105675		3
TGGCATTTATTGCCGTTGGATAAGGTTGCT	0	1966.528947	0			0	0		3
TGGCCCCATATCATCTTAGCACGTAAGGCG	0	106.6447368	146.3361468			0	0		66
TGGCCGGGAAGTCGTTGTGCCTGTAGTTGG	0	0	3.569174312			2.345875543	38.0665362		5
TGGCCTGCATGAGTCACGCCTGTTACTTCT	0	0	0			23.45875543	28.54990215		15
TGGCGAGGTGTCGGGATAACCTGGGAGGCT	0	0	8.328073394			0	0		1321
TGGCGGACAATATTTTATAGGAGAACACTG	0	0	0			4.691751085	0		19
TGGCGGACTTAACACCCGTCTGCGTATAAT	0	0	0			7.037626628	0		6
TGGCGGTAATGTAGCACGAACTAGCGTTTG	0	0	17.84587156			18.76700434	57.09980431		75
TGGCGGTATAGGTGCGCCGTGCAGCCAGGG	0	0	0			56.30101302	0		30
TGGCGGTGTACACTAAAAGTTGGGGTATCG	0	0	7.138348624			0	0		3
TGGCGTAGATGCGTTAGTTTGTAGGCGGTA	0	0	10.70752294			0	0		96
TGGCGTAGTTTCCTGAACGATCTAAACGGC	0	0	0			0	3.17221135		3
TGGCGTGTATAACGTAACGCCAGGCTCAGT	0	0	33.31229358			0	0		27
TGGCTAAAACAGGCAACGTTCTGATGATGG	0	0	72.57321101			82.10564399	209.3659491		38
TGGCTACGAGGTACTCCACGCACAGGCAAA	22	29.86052632	155.853945			0	3.17221135		46
TGGCTAGGAGTGTAGTAGAGAAAGAGAGCA	0	0	0			11.72937771	76.13307241		63
TGGCTAGGTGAGGAGGCATGACTGCCGTGC	152	132.2394737	2838.683303			372.9942113	307.704501		259
TGGCTCACTGGATCGGCAATGTTGGTTTGC	0	0	8.328073394			91.48914616	0		2
TGGCTCCAAAGCGCGTACGTCACCTGGCCA	0	0	0			2.345875543	57.09980431		44
TGGCTCTCAGTGGGTCGATAATTCTTGTCC	0	0	0			1538.894356	469.4872798		30
TGGCTGAGTGCTACAGCGGCCTATTGGATG	0	29.86052632	176.0792661			0	0		34
TGGCTGGAATGGTAATGGCGTTTTCCTAAC	0	0	0			0	107.8551859		3
TGGCTGGGTGAGAGGAATATGGGCGGGTGC	0	0	7.138348624			0	0		223
TGGCTGGTACTGAAGGACTTGTACGATGTT	0	0	0			0	9.516634051		1473
TGGCTTCAATGTGCTTATTTTATGAAACCA	0	0	0			225.2040521	383.8375734		1477
TGGCTTTGATTTGGTGGTGCCTGGGCCCGT	50	0	52.34788991			4.691751085	15.86105675		0
TGGCTTTTTGTTTTAAATGTTTTAGTAATG	0	4.265789474	155.853945			46.91751085	253.776908		2
TGGGAAAATCCACGCGCCGTAGCGCCAGGG	0	0	0			2.345875543	47.58317025		5
TGGGAAAATTGTGCGTTAAGGAATTTCTCG	0	0	0			215.8205499	498.037182		13
TGGGACTCTGTTCTAATCAACGTGTAGGCT	0	0	4.758899083			0	0		25
TGGGAGAGTGGTGGCCGGATGGAGGAGTTA	20	0	511.5816514			68.03039074	12.6888454		745
TGGGAGGTTTGAAGATGGGGCAGCCTGGAC	0	0	58.29651376			0	0		1083
TGGGAGTAAGAGAGGCGGCGTCAGCCTATG	0	0	0			300.2720695	412.3874755		520
TGGGAGTCTTATGTCTACGGTCATTGTGAC	0	0	0			21.11287988	19.0332681		24
TGGGATAAAGTTCCACTATGTACAGACGCC	0	0	0			140.7525326	193.5048924		155
TGGGATAATTAGTGGCCGCCTATCGGAAAT	0	123.7078947	0			53.95513748	0		336
TGGGATGCATAGATGGCTTCACGATAGCGC	0	0	0			302.617945	76.13307241		7
TGGGATGTAGGACAACCACCCCTCGGAGAG	0	0	0			0	28.54990215		19
TGGGATGTTTCGCGGATATAATTATGCAAC	0	0	0			23.45875543	60.27201566		38
TGGGATTTACCGGTAGAAACCGAAAGCGGT	0	0	0			53.95513748	393.3542074		47
TGGGCAAGTCTACTCGTTAGGGGTGGTCAC	0	0	0			4.691751085	3.17221135		7
TGGGCACAAAAGACCGCTGGCGGGAAAAGT	0	0	0			7.037626628	25.3776908		3
TGGGCAGGAAACCAGAGTAGGTGGCAGGCT	0	0	0			2.345875543	0		135
TGGGCATTTGAGAGGGCCTGGTTGGGTAAG	0	0	0			136.0607815	0		65
TGGGCCGCTGGTGACTGCGGAGAAGCGGAA	0	0	0			28.15050651	6.344422701		28
TGGGCGGCACTGGTCGCAAAAACCGGGGCA	0	0	30.93284404			0	0		1857
TGGGCGGTACGAGGGCCCCTGGGACGAGTG	0	59.72105263	0			0	0		189
TGGGCTAAACGCAAGCTCCATGCAAGGCAG	0	0	0			0	3.17221135		15
TGGGCTAGAGTCCGCGGATTCAGTGAGGTA	0	0	0			2.345875543	355.2876712		54
TGGGCTAGATTTGGTCAAGCGCAGGTGATT	0	0	0			16.4211288	25.3776908		9
TGGGCTCAATTGCGCAGAAATAAGAGCAGT	0	0	0			30.49638205	25.3776908		3
TGGGCTGTTGAGGGCGCCGCACCTGTAGTT	0	98.11315789	0			0	0		57
TGGGCTTGTGTGTGTGCGGGAGAATGCATG	0	0	0			65.6845152	19.0332681		16
TGGGGAAAACTCTGAGTGTCCGTGGATCCG	0	0	0			89.14327062	117.37182		8
TGGGGCGAATGCGCGTGGAGGTGGGCTCGC	0	0	0			84.45151954	3.17221135		256
TGGGGCGGTGAATGGGTGGGGAGGGGCTGG	0	0	0			11.72937771	22.20547945		16
TGGGGGAAAAGGAGATACAGAATGTCGAAG	0	0	0			18.76700434	19.0332681		4
TGGGGGTGAAGTGTTGATTTCATTTTGGAT	0	0	0			433.9869754	164.9549902		16
TGGGTACTTCTCAGGTGGACGACGATTGTA	0	0	0			63.33863965	34.89432485		67
TGGGTAGCTCAGGTGGGGGAGGATGTAGGG	0	0	0			133.7149059	28.54990215		0
TGGGTCCATTTCTTGTAATGAACGTTGAAG	0	0	0			44.57163531	47.58317025		36
TGGGTCCCTCGAGATGGGCCACCTGGGTGT	0	0	0			32.8422576	114.1996086		24
TGGGTCCGTATAGGAGGTTCCTCCGTCCAA	0	0	9.517798165			7.037626628	0		900
TGGGTCGGTGAGGATGTTTCTGGGCGCAAT	0	0	27.36366972			18.76700434	38.0665362		1773
TGGGTGGATTCTGTTGGGAGGGTTTCTAGA	0	0	93.98825688			326.0767004	691.5420744		1795
TGGGTGGCTAGCTGGTCAGGTCCGGGAGCT	0	0	0			0	0		409
TGGGTTTAAAGGATTCGCTTTATTTAAGTT	0	0	5.948623853			175.9406657	183.9882583		2
TGGGTTTATGCGCGACGGTTGAAGGAGAGA	123	8.531578947	42.83009174			0	0		23
TGGGTTTGTGTCCCAGCCTAGAAACCTAGT	0	0	0			164.211288	164.9549902		553
TGGTAACCATCGCACGACAGATGCGGGTCG	0	0	0			4.691751085	0		10
TGGTAAGGACTTAATGGCTTTGCAAGGTAA	0	0	0			4.691751085	3.17221135		27
TGGTACGGTCGGCGCCGGTTCATCGGCAGT	0	0	0			511.4008683	599.5479452		42
TGGTAGCTATTCTTTAGGGAGAGATAGTGA	0	0	8.328073394			0	0		209
TGGTAGGAAAGAGGTGGAACCTATGTTCTG	0	0	0			466.829233	266.4657534		990
TGGTAGGGTTTAACTCTTCAATTGCTCGTT	0	0	4.758899083			25.80463097	139.5772994		7
TGGTAGGTTTCATCCTGCGGGTAGGGTTGC	0	0	0			21.11287988	0		16
TGGTAGGTTTCCGTAGATTTAATTGTATGT	0	0	0			53.95513748	15.86105675		35
TGGTAGTGAGATTGTTTCATGCGTGGGTGA	0	0	0			239.2793054	142.7495108		8
TGGTATCAACGGACGTATTAGTAGTGTGTA	0	0	0			89.14327062	57.09980431		1109
TGGTCATCAACTTATTAGACCATTAGTACC	0	0	38.07119266			0	0		16
TGGTCCGCAATCGAAAAGAACGGGAGACTC	0	0	0			2.345875543	0		0
TGGTCGGTAAGAATATGACGGTGCAAGAGA	0	0	0			0	19.0332681		521
TGGTCGGTTATTATTGATTTAGTCGCCACA	0	0	193.9251376			0	0		1734
TGGTCGGTTGTGTGGGCATGAGAGTGTTGG	0	0	0			2.345875543	0		83
TGGTCGTATTACTGCTAATACGTGACCATT	0	0	0			0	3.17221135		4
TGGTGAAATACTGTTCCGTGCTGACGTGAA	0	0	0			42.22575977	291.8434442		14
TGGTGATATTTATACTTTACTAGAAGCTTG	0	0	0			403.4905933	76.13307241		1472
TGGTGATGACAAGAGACGGCAGGGAGATTC	6	0	0			9.383502171	3.17221135		11
TGGTGCAGAGCACGGTGTCTCGGGGCGAGC	0	0	0			96.18089725	38.0665362		133
TGGTGCCGTAGGGTTAGCCATACTGTCTCG	0	0	0			7.037626628	0		11
TGGTGGCAATCATTGATTTGATAACTGAGG	0	0	0			2.345875543	22.20547945		2
TGGTGGCTACGAACTAAGAGGGGTTGTTTC	0	8.531578947	0			187.6700434	47.58317025		305
TGGTGGTGTTTCGAAGATAAATTGGCAAGG	0	0	5.948623853			0	25.3776908		43
TGGTGTAATGGGGGAATTGGGGGTCGGCGC	0	0	7.138348624			0	0		92
TGGTGTGGATTTGGTTGGAGGTCGGGCGTT	0	0	0			2.345875543	0		34
TGGTGTTAATATTAAGGTGCGGGCTCCATT	0	0	0			18.76700434	0		0
TGGTGTTTAGGAACGCGCCAGTCATACTAA	0	0	8.328073394			0	0		5
TGGTTAAAAAGTGGGTCGCGATAGGTCGTG	0	0	0			0	6.344422701		6
TGGTTACAAGCGGGGGAGTAGCTCTATGTT	0	0	0			0	34.89432485		7
TGGTTCGGTCTTTCATCTTGGTACTTAATG	0	0	0			0	3.17221135		4
TGGTTCGGTTCGGCCGATTCGGTTCGCGAG	0	0	21.41504587			0	0		250
TGGTTCTATATGCCTCATAATACATGGGTT	0	4.265789474	0			0	0		52
TGGTTGATATGCATGTGCGCGCAAGCTATA	0	0	80.9012844			0	0		460
TGGTTGTATGTTACCTTGAACGAACGCGAG	38	0	70.19376147			7.037626628	15.86105675		58
TGGTTGTTACGTAGTTGTGCAGAACGCGCA	0	0	0			11.72937771	0		28
TGGTTTAATCTAAAGAGACGCAATTGGGCG	0	725.1842105	0			0	12.6888454		2123
TGGTTTAGTTACACCCGAGAGTGTTAAAGC	0	0	0			2094.86686	0		1958
TGGTTTATTATCCTGTCGCGGTCATACAGC	0	25.59473684	38.07119266			0	0		60
TGGTTTCGTTCCACCCGCGCGTGTTAAAGC	0	0	0			2.345875543	0		0
TGGTTTCGTTGGTCCACAGTGTACGTGAGA	0	4.265789474	0			0	0		39
TGTAAAATATCTTGTTATAGCGTTAGGATT	0	0	0			4.691751085	0		14
TGTAAACGTGCCGGGGCCAGAGTCTGGTGT	0	0	0			9.383502171	0		2
TGTAAAGGATTGATGCGTTCCAGGAGCTGT	0	0	0			408.1823444	380.665362		3
TGTAAATGTCCGTCAAGATCTGTCAAGCGA	0	4.265789474	58.29651376			4.691751085	222.0547945		85
TGTAACATTGGGAGCGAGACAGCGTCGGTT	0	0	0			0	0		33
TGTAAGAGTGGGCCTTCCTATGACTGATGT	0	0	0			0	88.82191781		797
TGTAAGATACGATTGCACTGGTACACGGAT	0	0	0			2.345875543	9.516634051		3
TGTAATCAATAGCATCAATACAGGTCTAGG	0	0	0			0	44.4109589		12
TGTAATTGAGAAGAGGGGGGGCTCAGTAAA	0	0	0			9.383502171	0		0
TGTACACGTGATGCAATGCGGGGCTGAGTG	0	0	2.379449541			248.6628075	945.3189824		739
TGTACAGCTGTGAGAACCATAGTAGGTTAA	0	0	28.5533945			9.383502171	28.54990215		147
TGTACCATATGCGTTTGGGTTTGCACATAA	0	12.79736842	0			0	0		65
TGTACGAATTTATCTAGGATAGATACTAAA	0	0	0			1721.872648	25.3776908		873
TGTACGAGTGAGAGCTCCGGGCTTGGAGAT	7	0	20.2253211			2.345875543	6.344422701		4
TGTAGAGATGTGGGTTAACATCCGATGTAG	0	0	0			3387.444284	136.4050881		34
TGTAGATTATAAAGTGATGGCAGCTAGTCT	0	0	0			28.15050651	0		1178
TGTAGCGATACTGTTGAGCTGGCTCACTCC	0	0	0			2.345875543	0		0
TGTAGGAAAATTGGGCGGGACCGGGAGATA	0	0	0			4.691751085	0		383
TGTAGGCAATGTGAATGGGTCTTCGCAGTT	0	55.45526316	0			0	0		188
TGTAGGGCACGCTTTAACTAGGCCTGCGCC	218	0	215.3401835			0	0		33
TGTAGGGCAGGTGGTGGTGGTTGGGTACAT	0	0	0			1358.261939	237.9158513		1457
TGTAGGGTAGAACCCATAGGTTCCGGCCGA	0	0	0			21.11287988	0		0
TGTAGGTCACGGTGATACTTTGGGGGTGGC	0	0	0			32.8422576	19.0332681		4
TGTAGGTCACGGTGATACTTTTGGGGGGGC	0	0	0			4.691751085	12.6888454		0
TGTAGGTGATTTGTATGCTTGGCAAAAATT	0	0	0			0	3.17221135		5
TGTAGTAAATCCCAGTGGCGAGGACGGCTA	54	42.65789474	429.4906422			0	0		267
TGTAGTACTCTTATTTTAAATCGCGGAATA	0	0	0			438.6787265	406.0430528		682
TGTAGTACTGGGTCCTGCTGATGTTAGGTT	0	0	0			53.95513748	3.17221135		49
TGTAGTCGTCTCTTGGCGTACCTGTATGGG	0	0	0			18.76700434	111.0273973		21
TGTAGTCTTAGTACCACAGCCTGCGAGGTC	0	0	0			84.45151954	3.17221135		5
TGTAGTGAAGGGGTGGGGAGGAGGAGTGCA	0	0	84.47045872			0	0		13
TGTATAGAATCGATCAGTCAATGTGACAGA	0	0	0			30.49638205	3.17221135		3
TGTATCCCATGGATTATCTCGGGGGGAGTG	0	0	4.758899083			0	0		646
TGTATGCGAGTGTTCGCCTGTGAGTGGGCG	0	0	41.64036697			21.11287988	6.344422701		151
TGTATGGCTGAGTCGTCATCGTGTTTCCGA	0	0	0			70.37626628	72.96086106		182
TGTATGGCTGGCGTGCCTATGGGCGCTGTT	0	76.78421053	4.758899083			0	0		317
TGTATGGTAGGTTGAAAGGAATTTGGCAAT	9	38.39210526	20.2253211			0	12.6888454		81
TGTATGGTTATGATTAAACGCTGAATAGTC	0	0	3.569174312			0	0		0
TGTATTAAACGGTTAGTACTTCCAGGACCT	0	0	38.07119266			2.345875543	57.09980431		12
TGTATTGAAAAATTGATGATTTTAGTAAGA	0	0	7.138348624			0	0		0
TGTATTGGTCGTATACAGGGCCCTCCTGAC	541	0	234.3757798			0	0		201
TGTATTTCTAGTGTCACCTAGGGTAGTCCA	0	0	0			0	6.344422701		9
TGTCAGATTCACATGGGAGACTAAAGGGAT	0	0	15.46642202			131.3690304	0		169
TGTCAGTCTCCCGGCATTCTTGGACTGGAT	0	0	13.08697248			0	0		0
TGTCATCATAGATAGTAATTATGTATATGT	0	0	0			86.79739508	0		2716
TGTCATCTAAAGTTGAATAATTACCTCTAT	0	0	0			1562.353111	0		26
TGTCCAGATGCGTCAGTATCGGTTAGTACG	0	63.98684211	0			0	0		120
TGTCCAGGAACCGGAACGAGAGTGGCCATT	0	0	5.948623853			4.691751085	0		3
TGTCCCTTTCAGGCAGGTTATACTGGCTGT	0	0	0			0	3.17221135		5
TGTCCGGATTGGTTCATTTATCTCCAAGTG	0	0	0			30.49638205	0		146
TGTCCTAGAAGGCATGATGAGTACATTTCT	0	0	0			79.75976845	28.54990215		10
TGTCGAGGTGTAAATCCTTGGACGGAACAT	3	4.265789474	4.758899083			0	3.17221135		10
TGTCGAGTTGTACTATCACGTAATGACGTC	0	0	46.39926606			211.1287988	1116.618395		490
TGTCGGTCACGGTGATACTTTGGGGTGGGC	0	0	0			2.345875543	0		0
TGTCGTGCACGGATTGGGCGTGCCGATACT	0	0	0			117.2937771	228.3992172		116
TGTCGTTGTTCGAGCGGGGAAATGATTAGC	0	0	0			173.5947902	685.1976517		391
TGTCTAGAAGGGCAAGGCAGGTTAGATGTC	0	0	0			2.345875543	9.516634051		40
TGTCTATGAAGGGTGTACGTGACCTGGCTT	0	4.265789474	0			0	0		84
TGTCTCAGAATCGGCTGAGCAGTTCGTCTT	0	0	0			405.8364689	9.516634051		4
TGTCTCCTTAGGGATTTTGAGGTTATCTTA	129	55.45526316	268.8777982			0	510.7260274		259
TGTCTGATAACTCACGCGGTCGGTGTAGTG	0	0	0			23.45875543	34.89432485		8
TGTCTGTAAGGTTATTAATCAGACAGGGGA	0	0	0			7.037626628	0		5
TGTCTGTGTATCTTCATTATTTAATTTACG	0	0	2.379449541			23.45875543	19.0332681		89
TGTCTTACTTAGGCCATACCGCTCCGATGA	0	0	7.138348624			0	0		5
TGTCTTCCTCCACAGAGACGCAATTGGGCG	0	4.265789474	0			0	0		0
TGTGACAAAGTCCAGACGATTGTAGGATGT	0	0	7.138348624			0	0		4
TGTGACCATTCGTAGCTGGGTTAGGGGTTG	0	0	0			63.33863965	0		48
TGTGAGTATCTATGTAGTCCGTGGGATGCA	0	0	0			1630.383502	637.6144814		112
TGTGATCTTGTCAGAGTGTCGGAGGGGGAC	0	8.531578947	0			253.3545586	44.4109589		368
TGTGATGCAGCAGAGTCATACAGTGAGTTA	0	0	140.3875229			0	0		228
TGTGATTCACATAATGAGCGGTGTTGTTTT	0	0	3.569174312			0	0		10
TGTGATTCATCAGAGCGCGTATAAGTCGAC	26	4.265789474	2.379449541			1989.30246	4564.812133		2873
TGTGCAGTAGAGCGGTGGGTTGGGCTGGGT	0	0	2.379449541			0	0		22
TGTGCCATTCCTCAACGGCTGCGTTTTTTA	0	0	0			532.5137482	209.3659491		447
TGTGCGAGTTCGTCGTGTCTTTTGCACGCC	0	0	0			2.345875543	0		0
TGTGCGCAAGGAGGCTTTGACTCTCCGTAT	0	0	0			0	6.344422701		824
TGTGCGCATTGGGTGCGGAGCTGTCTCAGG	0	0	0			0	3.17221135		44
TGTGCGGGAGGCCACATGACGGAGGAATGT	0	0	0			0	6.344422701		0
TGTGCGGTATTTTCCGAAGTTTGGGGGTCC	0	0	3.569174312			0	0		2
TGTGCGTCACGCACAATTGGGTTGGGCGGC	0	0	116.5930275			0	0		86
TGTGCTCGATCTCATAATAACCGTCGTCAG	0	0	0			253.3545586	0		63
TGTGCTGATGGGGCGTTAATGTAGGGCTTT	0	0	28.5533945			4.691751085	0		48
TGTGGAGCTGGTGTCGGCTCATAGGCTTAT	0	0	0			30.49638205	0		0
TGTGGCCGATGAGCTCCGACCTTGACGGTG	0	0	24.98422018			23.45875543	19.0332681		971
TGTGGCGGTAGACGCTATAAAGAATGTGCC	0	0	0			701.4167873	590.0313112		7
TGTGGGACACAGCCGATCATGGTACCGGTG	0	170.6315789	0			0	0		706
TGTGGGACATAGGACTGTACATGTCGCACT	0	0	0			2.345875543	0		4
TGTGGGACTTACTCGCCTCACCGCATATTC	0	0	0			0	9.516634051		60
TGTGGGCGAATAGATGCTTCCCTCAGGCAG	0	0	0			490.2879884	0		378
TGTGGGGAAGGCGATGCGGCGACTTTACGT	0	0	0			117.2937771	0		45
TGTGGGGATGTATACTATGGGAATACGCTA	53	4.265789474	177.2689908			82.10564399	136.4050881		21
TGTGGGGATGTGTATGGAGGAGTCGGTTCA	0	0	15.46642202			0	0		122
TGTGGGGGTTATGGCCCTACATGACGTGCC	0	0	0			436.3328509	2372.81409		1025
TGTGGTAAAGCAATTTTGATCTACCCAACC	0	0	0			39.87988423	19.0332681		82
TGTGGTCATAGACGGCGGTGATCACGAGTC	0	4.265789474	0			4.691751085	0		170
TGTGGTCTATGGACGTACAGGGGGTATATG	0	0	22.60477064			0	0		800
TGTGGTGCTTACTGGGGATCCCACATGTGG	243	34.12631579	666.2458716			100.8726483	44.4109589		14
TGTGGTGGTAAGAATGCAGGTCACTGTCTC	0	0	80.9012844			60.99276411	0		31
TGTGTAATTGCGTAATTGCACGCTAGCAGT	0	0	0			178.2865412	336.2544031		73
TGTGTACTATCTTTGCTCCGTCTGGGGTGC	0	34.12631579	0			0	0		276
TGTGTAGGTCCAACCCCGTTCTGTATTTAG	0	0	0			326.0767004	761.3307241		4
TGTGTATATTTTGTAGGGGGCGGAAGGAGC	0	0	0			985.2677279	1151.51272		811
TGTGTATATTTTGTAGGGGGGCGGAAGGAG	0	0	0			7.037626628	0		0
TGTGTATCTGTTGTTAGAAGTGCCAGGGTC	0	0	0			11.72937771	12.6888454		28
TGTGTCCCTGTGTGGGGTTGTATTAATTGG	0	0	0			2.345875543	72.96086106		62
TGTGTCGGACGGCTGACAACGCATGCAAGA	0	4.265789474	77.33211009			46.91751085	9.516634051		2476
TGTGTCTAATCGTCTTATTTGCGTGTCTCT	0	247.4157895	0			0	0		3
TGTGTCTTAATTATTCGGGGTGCTGACGTC	0	0	0			1487.285094	1303.778865		72
TGTGTGCGTATAACCACGAGATCTATCAAG	0	0	5.948623853			0	0		173
TGTGTGGGACCTCCGGGTCGTGCCACCAGC	0	0	0			35.18813314	41.23874755		32
TGTGTGTGAACGGCAGACGTAGTGCTAATG	0	0	16.65614679			23.45875543	0		0
TGTTAAAGAGCCGCCGGGTGGATTGGGTCA	0	0	0			4.691751085	0		0
TGTTAACTTCACTAAGAGGCGCGCAGGTAC	0	0	0			391.7612156	713.7475538		163
TGTTAAGCAGGGGTCCTTTGGAAGATGATA	0	0	0			7.037626628	0		420
TGTTAAGTTGTGATAGAGATCTCTAGCTAA	0	0	0			46.91751085	0		1274
TGTTACGGAGTAGGAGATGTTGTAGTCATC	0	0	0			11.72937771	12.6888454		3
TGTTACGTAATGTCTGTTGTTGATCTACTT	0	0	0			0	3.17221135		3
TGTTACTCTTTCTTGGCCAGTAATGTAACT	37	0	126.1108257			0	0		3227
TGTTAGGTTTAGGGCTTGGGGACTGATGAT	0	0	0			476.2127352	279.1545988		11
TGTTATAGTGTGCCAGCCGCTGCGGGGGGA	0	0	0			28.15050651	0		239
TGTTATATACTCAGGAGCATGGACGCGGAA	0	0	0			0	6.344422701		0
TGTTATGTTCTAACTTGTAGTCAAACCGGT	0	0	0			1386.412446	1611.483366		80
TGTTATTTTTTGATAGGGTAGCTGATCACC	0	0	0			4.691751085	0		0
TGTTCACGAAGTTTGGCGGCCGTCATTTGC	0	0	0			2.345875543	0		53
TGTTCACTTATGTGCCATGGAGGCTTATGA	0	0	0			154.8277858	1173.7182		97
TGTTCAGGTCGCGGGGGTGACTTGGTAATA	0	0	4.758899083			18.76700434	0		0
TGTTCATTAGCGATTGAGTTTGGAGCATGA	0	0	0			215.8205499	6.344422701		44
TGTTCCAAAGCAGATTTGTATGTCCCTGTC	0	0	35.69174312			248.6628075	301.3600783		74
TGTTCCGTATTGAAATGATAAAATTGAGGG	0	0	0			4.691751085	0		12
TGTTCGGGTCAACCTTAGTAGGGAATTGGC	0	0	0			11.72937771	22.20547945		97
TGTTCGTATGAAACGACTTTCCTATGGAGT	37	0	440.1981651			351.8813314	555.1369863		1655
TGTTCTGGTCGCGCGGAGGAGGGGTTTTGT	0	0	0			936.0043415	247.4324853		238
TGTTCTTATGTTGGGGCTGCGGTCGGGTGA	0	0	0			7.037626628	63.44422701		91
TGTTGAAGTATTGGGAAATACGGAAGCTGA	0	0	0			527.8219971	0		579
TGTTGAATAGAATGGGTTATTCTGTCTAAA	0	0	11.89724771			337.8060781	57.09980431		11
TGTTGACAACTATGAACAATCTAGGGACTA	0	0	0			0	9.516634051		271
TGTTGAGATAGGTGTCTGGAGTTCCTAGAT	0	0	14.27669725			0	0		19
TGTTGAGTATTCGGCCATACTTGCTGAGTT	0	0	0			0	12.6888454		4
TGTTGATATCGGTGGTGGACGGTCAGAATG	0	0	0			44.57163531	0		109
TGTTGCGCAGGGCTTCAGAGTGAACGTGTC	0	0	0			0	9.516634051		2473
TGTTGCTGATCATGAACAGATACGGGGGCA	0	0	0			7.037626628	38.0665362		2
TGTTGGACAGGGACGGGCCAAACAGTTGTA	60	4.265789474	51.15816514			161.8654124	523.4148728		2571
TGTTGGGCAGTAGGAGGAAGAGATGTTTTC	8555	2068.907895	1164.74055			1027.493488	590.0313112		386
TGTTGGGCATAGGGGGGGCCAGGCCTGCGA	0	0	0			44.57163531	85.64970646		5
TGTTGGGGTCGCGCGTCATGCGGGTTGATA	0	0	0			86.79739508	88.82191781		65
TGTTGGGTACGGAGCTGTAAGTCGGTCAGA	0	0	10.70752294			32.8422576	47.58317025		63
TGTTGGTAATCTAAGGACATTTAAAAGGAT	0	0	2.379449541			0	0		21
TGTTGGTGTAAAAACTGGTCGCTGGGTGCC	0	0	0			0	12.6888454		4
TGTTGTGGAGATGTAATACGTTTTCGTTTG	0	0	0			687.341534	3073.872798		76
TGTTGTGTACCTGCTTAGAGGGGGGCGAAC	0	0	0			138.406657	66.61643836		71
TGTTGTGTTTTTTCATCGGCGAGGGGTTCA	0	0	0			44.57163531	0		5
TGTTGTTATTCGTAAGTCCCGATTGAAGCC	0	652.6657895	202.253211			0	0		2289
TGTTGTTCTCCAATGGCTGGGGTATACGTT	0	0	0			372.9942113	142.7495108		100
TGTTTAAATATCTTTGGCATATGTTTCACA	0	0	8.328073394			0	0		18
TGTTTAAATTTACCTCGGTTAGGTAAGTCG	0	21.32894737	60.6759633			4.691751085	174.4716243		1208
TGTTTAGATTTCCTCCTTTAACTAAGCAAG	0	0	0			79.75976845	57.09980431		54
TGTTTAGGAATGTAGAAGAGCCGCGTCGAG	0	0	0			199.3994211	307.704501		185
TGTTTAGGACAGTCACCGTCGTTTGCTGCT	0	0	0			7.037626628	3.17221135		6
TGTTTAGGTTCATATTATTCAGATGGGAAG	0	0	0			21.11287988	12.6888454		2321
TGTTTAGTTTCATTGCTGCCTTTTTGAAGA	0	0	0			2.345875543	3.17221135		0
TGTTTAGTTTGAGCATGCCATCTATCATCC	0	0	0			14.07525326	0		7
TGTTTATTATGTACATCGGGAGGTGCTGTG	0	0	0			91.48914616	38.0665362		59
TGTTTCACTCTAATCGGCACCTAGGGTAGA	0	0	0			0	3.17221135		0
TGTTTCAGTGTCCTACCGGGCATACGCTGT	0	0	0			63.33863965	0		2
TGTTTGAATCACCGTCCAATAAGTCAGCGG	0	12.79736842	8.328073394			0	0		96
TGTTTGCTAGCCCGTGTCCTACCCCGCCCG	0	0	0			0	9.516634051		2
TGTTTGTATGGGCGGATTTAGCTGCCCCCA	0	0	0			37.53400868	38.0665362		2650
TGTTTGTATGTTGTGCAACGAAGTGTAGCC	0	0	0			0	19.0332681		79
TGTTTGTCTAATGGTAGTTGATCTAGCTTG	0	12.79736842	82.09100917			0	0		2686
TGTTTGTGTAACATGTTCTCTGATCGTAAT	0	0	0			2.345875543	15.86105675		10
TGTTTTAAATCACAGAAGCGTCTAAACGGG	0	0	0			0	0		16
TGTTTTAATCCATGTTCAACCGAGGGGGAG	0	0	8.328073394			0	0		19
TGTTTTAATCGCCGTCCTTATATGTAAATA	0	0	0			18.76700434	9.516634051		0
TGTTTTACTGAGGGTCCCACGCGCAATTGC	0	0	0			0	12.6888454		9
TGTTTTAGACCGCAGGTAGTGCTACGTAAA	0	0	0			0	9.516634051		357
TGTTTTATTCGGTCTCGCGATCTCTTAGGT	0	0	0			0	6.344422701		0
TGTTTTCGTTCCTAAATTTGATAACAATCC	0	0	0			2.345875543	3.17221135		14
TGTTTTGCTGCAAGGTTAGTTCGCCCAATT	0	0	48.7787156			0	0		34
TGTTTTTGTTTTTCACGAAGCGATCATTGA	0	3237.734211	123.7313761			0	0		160
TTAAAAACTCGGTCGGGTATCGTAACCTTA	0	0	863.7401835			1602.232996	1427.495108		91
TTAAAATTTACACTCTCAATCCGCCGAGTG	0	0	0			0	41.23874755		12
TTAAACATAGTCCTATTGGCCGGTATCTGA	79	0	4.758899083			0	0		134
TTAAACGTTAGGCAACAGTAAATTACATCG	0	0	2.379449541			11.72937771	0		8
TTAAACTTTTATCTTTAGTGTGCATTTGTA	0	0	0			0	60.27201566		82
TTAAAGGAACGAGGAGAAGCCAGCTCCTGT	0	0	0			0	0		6
TTAAAGGCTGTTACAGCAGGTAGGTTCAAC	0	0	0			4.691751085	0		33
TTAAAGGGTTGAGTAGTCGGTAACCTGTGA	0	0	0			0	3.17221135		0
TTAAAGTAATGAGACCCGGAGTGTCGCGGG	0	0	0			7.037626628	0		13
TTAAAGTCTGAATGTCTCATGTTGATTTCA	0	0	251.0319266			0	0		23
TTAAATAGATTTATGGCTGCAGTGCTGAGG	0	0	10.70752294			11.72937771	0		8
TTAACATGACCTTTAACCGGTACTGGGAGT	0	213.2894737	139.1977982			0	0		1340
TTAACCCAATCGGATAAGCTAGCCAGATCT	0	0	0			21.11287988	463.1428571		486
TTAACCCTAGCTACGTCTGGCAGCGTTTAT	0	0	0			952.4254703	9.516634051		395
TTAACCTTTTTAGGATATACCCCTACATTG	0	0	3202.739083			0	0		2086
TTAACTCTTAGTGCGGTTGACATTAAGTGT	0	85.31578947	0			0	0		5
TTAAGAACTAACGTTAGGCGGCGCGACGGT	0	0	0			436.3328509	0		347
TTAAGGGTTCCTTACCACATGCCAAACGTC	0	0	0			133.7149059	282.3268102		345
TTAAGGTTTGGTCTGCCTCGAGTAGCAGTT	0	0	15.46642202			0	0		375
TTAAGTAATGTCGTCTATTTAGGCGGCTGG	0	0	0			110.2561505	28.54990215		7
TTAAGTAGACTCTTGCGGTTTGCCGAGCGT	0	0	0			7.037626628	0		41
TTAAGTATAGCCTATCCTCCCAAGGGTCAT	0	0	0			314.3473227	0		281
TTAAGTATTTGGAGATGACGCGAGGACGTC	0	0	626.9849541			72.72214182	72.96086106		6
TTAAGTTTTCAGGAGAGTTAGTCTAAGCCG	0	0	0			16.4211288	72.96086106		12
TTAATAAATTGGGTCTCTGTGCGGTACAGC	0	0	0			42.22575977	50.7553816		13
TTAATACCTCCGGGGTATAAAATATCCGGG	0	0	0			7.037626628	0		1283
TTAATAGGAACTTCACCTCTGCGCGGTGCT	0	0	0			2.345875543	0		4
TTAATATGTGTTAGGCGCGGTTTTATAGAA	0	0	0			9.383502171	0		0
TTAATATTAAGTAATTTCAAAGGAGTCGCT	17	0	13.08697248			0	0		45
TTAATCTGCCTCATTACCGCTCTTGATATG	0	0	0			2.345875543	0		0
TTAATCTGTTCCACAGGGCAGATATGCTAT	0	0	0			0	158.6105675		1547
TTAATCTTTGAACCCCGATCGGTGGTGGGC	0	0	0			4.691751085	0		0
TTAATGAATGGAATGGAGGCAGGCGCCCTA	0	0	0			199.3994211	716.9197652		227
TTAATGTTTTACGACGTGGGCACACTCATT	0	0	22.60477064			0	0		14
TTAATTAGACGGTTAAGAGTGGATGCGCTG	0	0	93.98825688			0	0		260
TTAATTCATCAAGTAGTGTGATAGGTCAAA	0	0	0			0	60.27201566		14
TTAATTCCAACTGTGTAATAGCGCCTGTGC	0	0	47.58899083			0	3.17221135		603
TTAATTGCAGGAGGTAGACTCTTGAGTTCT	0	0	101.1266055			344.8437048	580.5146771		2143
TTAATTTTTAGAGTATGGCGATATGGTTCA	0	0	0			11.72937771	9.516634051		4
TTACAATATGGGGGGGCGATTAAGGGCGTG	0	0	0			914.8914616	358.4598826		147
TTACACCAAAGTGGGTCAGAGCTATGCAGT	0	0	0			1135.403763	1151.51272		997
TTACAGGATATGCCCTCGGGTTAAGTGGGC	0	0	0			0	0		69
TTACATAAACCGCTGAGCCTGAGTCGTGCT	0	0	0			51.60926194	25.3776908		9
TTACATGGTGAGAGTAGGGGTAGGAGTTTA	0	0	5.948623853			0	0		43
TTACCGATTCTACTTCGGCGAGCATAGACC	0	0	0			32.8422576	69.78864971		25
TTACCGGAAATTCTAGTTGCATATGTGGGG	0	55.45526316	0			0	0		15
TTACCTAAAGCTTCTATATACATTTGTTGT	0	0	51.15816514			0	0		282
TTACGAGGAGAGAGATTGGAGGGGTACGAT	0	0	0			5322.791606	2452.119374		2871
TTACGAGGTAGGGTAGGCGTGCGGGAGGCA	200	46.92368421	5432.283303			96.18089725	634.4422701		30
TTACGCGGAGTTCTATGGGGTCGTCGAGTA	0	0	0			58.64688857	0		67
TTACGCTGTATTTTGTTGGGGGTAGGTAAC	0	0	0			0	22.20547945		4
TTACGGATACACCTAAGGGCTGCAACTATA	0	153.5684211	0			0	0		46
TTACGGCATGGCAGATAGGCATCGTATACT	0	0	0			0	28.54990215		4
TTACGGGTTGTGAACACGGGGTTTGGAAGT	0	8.531578947	20.2253211			9.383502171	0		32
TTACGGTGAAGTGAGTAAAGTGTGGGGATG	0	0	0			4.691751085	6.344422701		0
TTACGGTGTTCTTATCAAAAGGTGTTTAAA	0	0	0			201.7452967	390.1819961		16
TTACGTTATATAGATGCAATTTTATTTAAA	0	0	0			1308.998553	2550.457926		2319
TTACGTTGATGTGGAGACAGTAGGACCTTG	0	0	0			417.5658466	996.074364		22
TTACTAGATTGCTAACATCCGATCTAGAAC	0	38.39210526	52.34788991			0	0		151
TTACTATTAGGTCAGGCGGGACGATCGATC	0	0	0			37.53400868	47.58317025		13
TTACTCTTTGAATGTTCGTTCGAGAGATAA	0	0	0			253.3545586	28.54990215		48
TTACTGAATATCGTAGTACATCTATTTGGG	0	0	0			2.345875543	34.89432485		64
TTACTGCGTCAACTAAGAAGGGGTCCTTGG	0	0	0			4.691751085	0		41
TTACTGCTAGAGTATCGGGGCACGAGGGCC	0	0	0			9.383502171	15.86105675		4
TTACTGTAATATATCTGACACTCCACCATG	0	0	51.15816514			68.03039074	53.92759295		7
TTACTGTATTCATGCAGGGATCTCGAGTCA	0	0	0			4.691751085	0		19
TTACTTAAACGCCAATCTTGTATTTAGTAT	0	0	0			84.45151954	63.44422701		86
TTACTTATAATCGGGTCACTCGGTTAGTAT	0	0	0			2.345875543	0		0
TTACTTGTAATGTACTTGATAGCCTACACG	0	8.531578947	4.758899083			0	12.6888454		133
TTACTTTTATTAGCAATTCATGGGAGTCTA	0	0	5.948623853			0	0		0
TTACTTTTTGATACGCCTGCGTACTTTGGT	0	0	0			0	3.17221135		195
TTAGAAAATTCTAGGTCCCCAGCACTATGG	0	0	0			44.57163531	0		438
TTAGAAATAACATTAAACGTAACGAGGGAA	0	0	0			9.383502171	9.516634051		316
TTAGAACCTTCTCGGTCCCCAGCACTATAG	0	0	0			2.345875543	0		0
TTAGAAGGTGTCCGGTGATAGCTTCGTAAG	0	0	0			0	0		26
TTAGAATAATTGTTTCACAGCACTTAGGCA	0	81.05	180.8381651			485.5962373	1256.195695		67
TTAGAATGATGGCAAGCCATCTGAAAGCAC	0	0	11.89724771			964.154848	374.3209393		677
TTAGAATGTACATAGGCCAGATTAGCCGTA	0	0	0			56.30101302	101.5107632		0
TTAGACATAAGAGGCAAACAGAATTGCCCG	0	128617.8184	59.48623853			0	0		49
TTAGACCGTCGACAGCAGGGTCTCACGTCC	0	209.0236842	2.379449541			0	0		18
TTAGACTTAGTACCTAGTGTGCGTTGATGC	0	0	0			49.2633864	53.92759295		97
TTAGATCGTATCACGTTGCTTCTTTCTCAA	0	0	0			2.345875543	9.516634051		18
TTAGATTGAGGAACACAGACGTGGGTGAAA	0	0	2.379449541			0	22.20547945		296
TTAGCCTGTGGTCTGATGCAGTTCTTGTAC	0	0	0			0	47.58317025		3
TTAGCGAAAAAATGTTCAAGCACAGATAAT	683	0	0			1834.474674	1129.307241		119
TTAGCGGTACTATTGTCATAAAAATGGTAT	0	0	9.517798165			372.9942113	1373.567515		3838
TTAGCTCAATGATATAAGCGACCATTTTCA	0	0	14.27669725			0	0		0
TTAGCTGATTACCGATACATAATCATTATA	0	68.25263158	0			0	0		1024
TTAGGAAAAAAGGAGACCTAGCGGGCTGCG	0	0	10.70752294			0	0		16
TTAGGATTAGAGTGTGGTTAGCATATACGC	0	0	36.88146789			0	0		16
TTAGGCAGTCAAGTGTCCAGTCGATTTCTG	0	0	0			37.53400868	15.86105675		3
TTAGGCGATGGCTGGGTAAGTTCAGAGCGA	0	0	4.758899083			0	0		3
TTAGGCTAAAAGCGATTATTGATACGTGTG	0	0	122.5416514			0	0		29
TTAGGGATACTAATATCACGGGACAAACAT	0	0	2.379449541			37.53400868	225.2270059		39
TTAGGGATTCGCACAGGCAATCTAGCCCTG	0	0	0			60.99276411	98.33855186		153
TTAGGGCGTAGGAGTGCCCATCGCAAAGGT	0	4.265789474	0			0	0		248
TTAGGGCTACTTGAGGGTCTGCACGAGAGT	0	0	0			0	6.344422701		5
TTAGGTCTTCACTGTAATGGGGTGAGATAG	0	0	0			42.22575977	3.17221135		6
TTAGTAATACGGGGCATCATCCGGGCTTTG	0	0	0			924.2749638	1059.518591		555
TTAGTACCATGGGATACGCATAAAGAGCAA	26	0	88.03963303			37.53400868	203.0215264		18
TTAGTACCTCGCAGTGATGACTGCCGAATG	0	0	0			14.07525326	38.0665362		21
TTAGTAGTTGATTCGCATCTCGTCGACTTA	0	0	0			89.14327062	0		2241
TTAGTATAATCTTTGTATGGCATAATGTAT	0	0	0			53.95513748	12.6888454		789
TTAGTCTCTGAAGCCAAGAACCATGTAGGG	0	8.531578947	0			0	0		282
TTAGTGAAATCGTTGGTAATTTATTGATGA	0	191.9605263	0			0	0		6
TTAGTGACATTATCGATTTGCTCGACACGT	0	72.51842105	24.98422018			0	0		6
TTAGTGGGTAAAACAATGACACGGGGCGCC	0	0	0			0	9.516634051		2
TTAGTGTGAATTAGGATATTAGTGATCTGT	0	0	0			0	3.17221135		51
TTAGTGTTATGTAGACTGCTGGGTCGTCTA	0	4.265789474	0			0	0		221
TTAGTTAGTCATGATGAGACGAGCCAGCTC	0	0	0			1041.568741	431.4207436		2434
TTAGTTTAACTCCGAGACTTGCGAAGCACC	0	0	0			2.345875543	0		5
TTATAACATATTTTTGATCCGGTATCAACG	0	0	28.5533945			72.72214182	383.8375734		307
TTATAAGGTTCGGGGGGCTTGCATGTGCCG	0	0	0			25.80463097	22.20547945		80
TTATACGGACAGTTTATAACGTTGTAAGAT	0	0	0			201.7452967	15.86105675		304
TTATACGGCCCGTTTATAACGTTGTAAGCT	0	0	0			2.345875543	0		0
TTATAGACTGTGTTAGAGGTCTCGGCTGGT	0	0	14.27669725			4.691751085	0		102
TTATAGCGACATGTCGAGCGCGTCGGGGGC	0	0	1098.115963			0	0		1703
TTATATGATGTGTAACATATCACTGTTGTC	0	8.531578947	0			0	0		2
TTATATTGTGGTTATAGACCTATTTGATTG	0	0	0			1238.622287	1145.168297		1602
TTATCAGTATTACAAGCAGGGTCCAGCCGG	0	0	0			14.07525326	0		903
TTATCATCTCAACTGCAGCTTGACGTATGG	0	0	0			4.691751085	0		6
TTATCCTGTATTTGTATCTTCACTAGTATT	0	0	4.758899083			0	0		13
TTATGAATTGCTGTTGGACTGGCGGAACCC	0	0	0			4.691751085	0		56
TTATGACAAATTATTATATTTTTGGAATGC	0	17.06315789	9.517798165			25.80463097	145.9217221		113
TTATGACATAGGCTAGTCCGACAAGGAGGA	0	0	0			265.0839363	0		21
TTATGCTAAAAATTGACTAGGTGGCGCTGA	0	0	3.569174312			0	0		60
TTATGCTATGTTGTGCGTTGTCCATGGGAG	0	0	107.0752294			1156.516643	1272.056751		1330
TTATGGATTCACTTGGAGTTGTTATGCACT	0	0	10.70752294			0	0		4
TTATGGGTTCGAGGGCATCGGTGCTTCAAG	37	123.7078947	28.5533945			0	0		58
TTATGGTATGATATCTCCATCAGGAAAATA	23	29.86052632	5.948623853			0	3.17221135		16
TTATGGTCATTTCCAGTGCAATCGTCTGAG	0	0	0			65.6845152	95.16634051		247
TTATGGTGTTGGCGAGTATCGGTTTAAGCG	0	0	0			330.7684515	1138.823875		2429
TTATGTAATAGGTTTACGCCTCGTGCAGGT	0	12.79736842	0			0	0		1255
TTATGTAGTATCCAACATAATGCTTCCGCC	0	0	0			68.03039074	9.516634051		9
TTATGTCAAGGCTGCAGGTAAGGTGTGCCC	3	4.265789474	0			18.76700434	63.44422701		13
TTATGTTAATTTCTGGGTTCAGGGAAGGGT	0	0	0			75.06801737	0		17
TTATTAAGATAACTATGGTTATACCGTATA	0	0	7.138348624			0	0		0
TTATTAGATAGACGTATACTGTGAGAATGT	0	0	0			51.60926194	0		4
TTATTAGGATCGATTCCACCTGTGTTTTAA	0	0	0			2.345875543	3.17221135		2
TTATTAGTATTTGCTGGTATAAAGCGAGAA	0	0	0			4.691751085	0		40
TTATTATATCGTTAAGGCTAAGGGGCGAGC	0	0	3.569174312			0	0		11
TTATTATATTCGGTCCTGTGGTAACATGAT	0	0	0			272.121563	19.0332681		45
TTATTATGAATAGCGAAAAGACATTGCATG	0	0	0			16.4211288	76.13307241		68
TTATTCCGTAGCATTAGTGTGTACCGGGTC	0	0	0			14.07525326	203.0215264		185
TTATTCGTTCTTGATTAATGTTCGCGCTCA	0	0	0			147.7901592	57.09980431		72
TTATTGCGAGGAACGAGCGAAAATTGGGTC	0	0	0			0	19.0332681		33
TTATTGCGATTGACGGTGTCGCTGGGGTGA	0	4.265789474	92.79853211			0	190.332681		780
TTATTGTAATCGGTGGGGTTGTTGGGGTGT	0	0	11.89724771			199.3994211	53.92759295		152
TTATTGTATTTGGTTTTCGCCGTAAAGCGG	0	0	0			0	22.20547945		0
TTATTGTCTGCTCGGGAGTATAGATAAGTC	0	25.59473684	773.3211009			837.4775687	577.3424658		13
TTATTTAAATGATCTGTTTCTTATATAGAG	0	0	0			93.83502171	76.13307241		4
TTATTTCAAACATTCCCATGGAAGTAAAGA	0	0	80.9012844			0	3.17221135		19
TTATTTGGAATTGGCGAGTATATACTAGCC	0	0	0			14.07525326	0		18
TTCAAATGACTTAATCGGGTAACAAGCGAT	0	0	0			830.4399421	0		29
TTCAAATTACATATCCGCAGATTGAGTCCC	0	0	0			53.95513748	31.7221135		106
TTCAAATTTATTCGGTTCAATACCTGAACT	44	0	0			0	0		0
TTCAACTTACCGCATGAGAATGCAGGAGCT	0	110.9105263	2.379449541			344.8437048	1475.078278		1066
TTCAACTTAGAGTAGGGTCTGCACTTTACG	0	0	0			2.345875543	0		5
TTCAAGCGAGGTGATGGGCGAGCGGACGTC	0	0	0			39.87988423	19.0332681		353
TTCAAGTGAATTGTTCTGAAACCACATATG	0	4.265789474	0			0	0		320
TTCAAGTTTCTGCACTAATCTTTGTTGGGG	0	0	0			0	3.17221135		69
TTCAATAAAATTTGTCTGACGTGCGTCCCC	0	0	0			16.4211288	0		39
TTCAATGCTATGTAGGAAACTTAGTCAACT	0	0	42.83009174			18.76700434	0		41
TTCACATATCGTAGTAATACTACGTGGGAA	0	0	0			626.3487699	697.8864971		0
TTCACATGTTCTCGAACCAAATGGGTAGTC	0	0	0			776.4848046	406.0430528		153
TTCACCACTATGCTCGCAACCTCAGTCATG	0	0	0			2.345875543	12.6888454		2
TTCACTCATTCAATTCAGGAGCATTGAATT	0	0	0			0	298.1878669		49
TTCACTTGAGTGTACACAAGAAGGAGGGAC	0	0	0			0	6.344422701		8
TTCAGAATTAAATCAAGTTTCTCATGGGGA	0	0	2.379449541			0	0		42
TTCAGGAGATAGTTGTAGCACTTGTAGGTA	0	0	11.89724771			0	0		346
TTCAGGTGTAAGGGCCCCCCTGTCATCATA	0	0	0			889.0868307	418.7318982		15
TTCAGTAATTTAGGAGATTTAGTCTTAGTC	0	0	0			7.037626628	0		30
TTCAGTAGATTCGAGCTGGTCACATACCAG	0	0	0			7.037626628	9.516634051		3
TTCAGTTCTCCTTGTTATCACTCTCAGAAG	0	0	0			239.2793054	250.6046967		119
TTCATAAGATTTTTGAGAGTTTTTGGAGTG	0	4.265789474	0			30.49638205	31.7221135		19
TTCATATATACTGTCCCTCACATCACCCAA	0	0	33.31229358			0	0		24
TTCATCCGAGCTCTTGAGTCATGTGAAAGA	0	0	0			0	101.5107632		3052
TTCATCGATGGATTTCCATTTCACCTGCCA	0	0	0			7.037626628	0		20
TTCATGATAATATTTGCCTTAGGGTTGTAA	0	4.265789474	0			86.79739508	136.4050881		5
TTCATGTGTTTCATAGGATGGTCAGTCTTG	0	8.531578947	109.4546789			25.80463097	161.7827789		87
TTCATTGGTCGTGGGTACCGGTCCCGCGAG	0	0	0			37.53400868	95.16634051		20
TTCATTGTTTGTGTAACTACGGCTGGAGCG	3	0	0			70.37626628	63.44422701		20
TTCCAAGATGAATGTTTGTCGGTCGCGAAC	0	0	0			2.345875543	0		2
TTCCAGTCTTTTAAACGAAGTATAACGACG	0	0	0			4.691751085	0		55
TTCCAGTGATGTTGAAAGTTGCGCGATTCT	5	0	16.65614679			9.383502171	19.0332681		9
TTCCATAGTCTATCCGCATCACTCGTGTGA	0	0	704.3170642			286.1968162	206.1937378		113
TTCCATCCTTGCGATCCGAAGATAGCAGTG	0	4.265789474	0			2.345875543	0		21
TTCCATCGTGTACTTGCATGATTGTAATTA	0	255.9473684	191.5456881			262.7380608	1735.199609		218
TTCCATTTTGGTCTTGACGAGACTGGTAAC	0	0	0			9.383502171	31.7221135		2
TTCCCGTGAACTAGTATGGGCAAGCAACAG	0	0	19.03559633			46.91751085	66.61643836		0
TTCCCTCTTTATTGGGTGGTTGGACAAGGC	0	0	0			206.4370478	98.33855186		1418
TTCCGAGCTCTCAATCCCAGAGATGGGTGG	0	0	8.328073394			0	0		0
TTCCGATGTTAGGAGAATAACGTGCATAAC	0	0	0			147.7901592	104.6829746		20
TTCCGCGTATCAGTCAGCGATGACTCTTGT	0	0	0			286.1968162	72.96086106		6
TTCCGCTATATGGTGTGGGCACCGAAAGCC	0	0	0			84.45151954	12.6888454		40
TTCCGGGAAGGCGGATGTATGTTTTGGGAG	4	0	4.758899083			0	0		2
TTCCGGTATAGAAGTGGCGACAATTTTAAT	0	0	0			18.76700434	0		17
TTCCGTCATGCCAAAGCGTAAAATGCGTGG	0	0	386.6605505			262.7380608	954.8356164		657
TTCCGTTCACCGGCGTAGAGGGGGGCGGAA	0	0	0			93.83502171	41.23874755		4
TTCCTACAATGACCGTCTTTGGCACGTTGT	2	8.531578947	57.10678899			4.691751085	57.09980431		95
TTCCTTCTTTGAGGAAAAGTCAGTCGTAGT	0	17.06315789	0			0	0		74
TTCGACCCTGTGGGATATCACAGGCAGTCG	0	0	0			0	3.17221135		0
TTCGATAGTCTGTTTCAAACGATTGGTTGG	0	0	0			124.3314038	0		13
TTCGATGATGGCGTGTGAAGGCTCAACGAG	0	0	0			4.691751085	28.54990215		0
TTCGATGGAGCCTAGGGGGTAGCCGAGTGA	0	0	0			0	50.7553816		8
TTCGATTCTTACGTCTTTAATGTGGAAAGG	0	17.06315789	0			0	0		18
TTCGCACAAGAAATTTTTATTATTATCGGC	0	8.531578947	0			0	0		0
TTCGCATCAGGGGATTCTCTCGTAGTCGAA	0	4.265789474	0			0	0		38
TTCGCCAGAGCATCGTATCATTCGTTATTA	0	0	14.27669725			51.60926194	22.20547945		52
TTCGCCCGTTTAAAATTGTGGCAGCACTGC	0	0	0			0	76.13307241		171
TTCGCCGAAGCGCGTCAAAGGTTCACTACC	0	0	0			410.52822	1284.745597		1369
TTCGCCGAATTCGGACATTATGGCCGAGGC	0	0	10.70752294			89.14327062	0		13
TTCGCCTCAAGGGGTAATGAAACTGCACCT	0	0	0			110.2561505	34.89432485		44
TTCGCTTGTTTTGTGATAGCGGTACGGTCT	0	0	0			131.3690304	396.5264188		1605
TTCGCTTGTTTTTGTGATAGCGGTACGGTC	0	0	0			0	3.17221135		5
TTCGGAGATATGTCTTTTGGTACTTTGATG	0	0	301.000367			0	76.13307241		1716
TTCGGAGGAGTCCCGCACCCCGAGCGAGTA	0	0	0			4.691751085	6.344422701		10
TTCGGAGTTTCTATTCAACGATCCCAACTA	0	0	10.70752294			0	0		3
TTCGGCGATCGTACGTTCGCGGGGGAGCAA	0	0	0			37.53400868	15.86105675		0
TTCGGCGGTTCGGTGTTGTATATGGGGCGA	0	0	0			7938.442836	5291.248532		25
TTCGGCGTTATCTCGGACAATGCTAGAAAC	0	0	0			304.9638205	275.9823875		512
TTCGGGGTAAGCTTTTCGGGTTGGAGATCG	0	0	0			4.691751085	60.27201566		6
TTCGGGGTACGTTAACCGTTGTAATGTTAT	0	25.59473684	0			0	0		372
TTCGGTAAAGGACACTTGGCTGAGAGTTTA	0	157.8342105	44.01981651			0	0		3666
TTCGGTCTTCACTGTCATGGGGTGAGATAG	0	0	0			0	3.17221135		0
TTCGTAACAAACAGATAAGATTGGCGCTAG	0	0	0			49.2633864	9.516634051		119
TTCGTAACTGGTCGAAATCTGGTTGTTTTG	0	0	0			37.53400868	133.2328767		746
TTCGTCGTATTTCTAGTGCCGCTAGGGCCG	33	0	49.96844037			96.18089725	139.5772994		76
TTCGTCTATGAGGCGATCGGAATAATGCGC	0	0	0			2.345875543	0		0
TTCGTGTATTAGGCGGGGCACAAACGCAGT	0	0	0			93.83502171	177.6438356		498
TTCGTTATTGTTGTAGTCTGATGTATCCGG	0	0	0			11.72937771	15.86105675		10
TTCGTTGGACCGTTGTCGGGTGGTTTCTGC	0	0	134.4388991			0	0		0
TTCGTTTGATATTAGCACGTAATAGACTTA	0	0	0			330.7684515	111.0273973		931
TTCTAATGTCTTAGTCGGCTAAAGGGGAGT	0	0	0			204.0911722	98.33855186		190
TTCTACCGATGGAATTTGTAGTTTATGATT	0	0	129.68			577.0853835	574.1702544		30
TTCTACGGAGTGTACCTGAGGTCGTCTTGC	0	0	0			330.7684515	38.0665362		11
TTCTAGCATGTGATTTGTAAGTCGTCCGGG	0	0	0			0	12.6888454		75
TTCTATCATACCTACGGGAACTGATACGCA	0	0	0			9.383502171	12.6888454		9
TTCTATTATTCTAGCCTGATTCAGTTCTAT	0	46.92368421	0			0	0		1980
TTCTATTGATGACATTCCAAGGGATTTAGA	0	0	17.84587156			2.345875543	0		7
TTCTCAAGTACGTGATCAAGAACTTCGAAC	0	0	13.08697248			56.30101302	91.99412916		127
TTCTCAGGAAAGGGCGGAATTGTTAGTGAA	0	0	0			4.691751085	12.6888454		115
TTCTCCCTTGCTGTTTCGTCATCGGTGAGG	0	12.79736842	21.41504587			0	0		3
TTCTCGATAGTGATGTAATGTAATGCTCAG	0	0	0			0	41.23874755		2
TTCTCGCTATGCCGTTTCTCGTTAATATTT	2	0	32.12256881			25.80463097	69.78864971		161
TTCTCGGGTATATTGCACGATTAGGGTTTG	0	0	0			0	6.344422701		1275
TTCTCTAAACCTTGGGACATAGGCAACGGT	0	0	0			60.99276411	0		7
TTCTGACCTCTATGCGGGCCAACATGTAAC	0	0	0			0	3.17221135		30
TTCTGCTTTTTCACTGGTACTAGAGACAAG	5	0	0			0	0		90
TTCTGGCCTCATCGCAAGTGAATCCCAGAC	0	0	0			112.602026	183.9882583		47
TTCTGGTATTTCGAGTCTGGTGGCGAACGC	0	0	0			4.691751085	3.17221135		32
TTCTGGTGTGACAGGGTAGCGGTTCATTGT	0	0	0			0	72.96086106		738
TTCTGTAATGCTATCTGTATTGGGGGAAAG	0	0	0			1006.380608	0		48
TTCTGTGTTGTTATAAATGCAGGGGATAAC	0	1237.078947	0			0	0		224
TTCTGTTAATGGCGTAGGAACGAAGTGGGG	0	0	3.569174312			0	0		127
TTCTGTTGATTTTCCCGCACGGTCTGAGGG	0	0	0			37.53400868	0		1948
TTCTTAATATTTTTAAGCTGGCAGAGAGTC	0	0	0			65.6845152	22.20547945		4
TTCTTACGTCTTTGAGATTTCCTTCGCTTC	0	0	0			14.07525326	0		19
TTCTTAGCTTAGCTTATAGTGCTTATGAAG	0	0	42.83009174			0	117.37182		42
TTCTTCCTATAACCGGGTACATGGTGGTCT	0	0	0			0	19.0332681		0
TTCTTGAGTTTTGCGTCGGATGGTTGACGT	0	0	0			342.4978292	253.776908		14
TTCTTGGATAGATTCCGTGATTCATGTGAG	0	0	0			110.2561505	120.5440313		8
TTCTTGGCTAGTTCTTTCTTTGCACTGTTG	0	0	0			11.72937771	50.7553816		0
TTCTTTAGAGGCACTTAAGGCATGGACGGA	0	0	19.03559633			0	0		1273
TTCTTTCTTAAGTGGGAGAGCCCCTTTATG	0	0	0			0	0		876
TTCTTTTCTATCTTTGACCGCCTCGACCAA	0	0	44.01981651			0	0		0
TTGAAAATTTTCGTTGAAGGGGGCGGATGG	0	0	0			11.72937771	3.17221135		0
TTGAACAATGAGCTCATAAGTCGCAAAGTC	0	0	8.328073394			44.57163531	0		3
TTGAACTCATATATGTTAGTAGTAATATGA	0	0	0			46.91751085	85.64970646		372
TTGAACTCTCACGGTAGGTGTTTGCGCGCA	0	106.6447368	3.569174312			0	0		412
TTGAACTGAACGGCTGCACAGAATAAAGTT	0	0	8.328073394			0	247.4324853		849
TTGAATAGAGGGGATGCTTCGTAAGGGTGT	0	0	0			32.8422576	9.516634051		110
TTGAATCCTTCGTCGGAGTTTCTGGGTTTA	0	8.531578947	0			0	0		0
TTGACAACTAGGAAAGGAGAAGGGGTTTGT	0	21.32894737	76.14238532			0	161.7827789		112
TTGACAGCAGTTGAATTGCAAGAGTGCGTT	0	0	24.98422018			58.64688857	767.6751468		239
TTGACCGTATGTATGGTGCAATTCGACGGG	0	0	0			107.910275	12.6888454		72
TTGACTAATTAATTTCACGATCGCACTAAT	0	0	174.8895413			0	0		102
TTGACTAATTCATGTATTGTAGATCTGTTT	0	0	0			30.49638205	0		186
TTGACTGAAGATAGTGGGTCAGGCAGAATG	0	0	0			18.76700434	0		2420
TTGACTGGTGGTGGGCCGAGAGGGGCTGGG	0	0	4.758899083			0	0		6
TTGACTTTAGCACCGCATTGCCAATTGTTC	0	0	0			63.33863965	0		2
TTGACTTTAGCTACCTAATTGCCGTCGTGA	0	0	0			2.345875543	0		0
TTGAGAGAACCAAACTCGCTGCGCGATTAT	0	0	0			342.4978292	390.1819961		24
TTGAGCGAATGGGGGCGAGAAAGTGGAATC	0	234.6184211	0			11.72937771	0		236
TTGAGGTCTCATTTGTTCTTGCATGAGACC	0	0	20.2253211			0	0		6
TTGAGTCATCGAGCTGAACCGTAACCTGAG	0	0	0			246.316932	72.96086106		26
TTGAGTTTACAATAATTGGACGCAATGCGG	0	0	0			846.8610709	241.0880626		39
TTGAGTTTACGGTTTCGTGGTTACTACGCG	0	0	143.9566972			0	0		3
TTGATACATCAACGCACTTGGCTATTACTT	0	0	0			23.45875543	12.6888454		105
TTGATAGAAGATAACTAAACGAGGTTCAAA	0	0	0			0	28.54990215		94
TTGATCTTACCGGCCTTATTCATTCTAATA	11	12.79736842	24.98422018			0	0		5
TTGATGACATCACCGATTATCTTCTCATTT	0	0	65.43486239			0	0		920
TTGATTCAAGAGGGGCCGAGGTTGGCGTGC	0	0	0			63.33863965	0		485
TTGATTCGAAGAGACAACCAAGACTGCTAT	0	0	0			0	28.54990215		50
TTGATTGTAGTTATCGAACGACATGGGGGG	0	0	0			0	133.2328767		230
TTGATTTAAAAGCGTGGGCCAGGAGAGAAT	0	0	19.03559633			0	0		0
TTGATTTATAGTTTTGGTTCATAGCTTGAC	0	0	0			0	3.17221135		0
TTGATTTATCGACAACTAGTGGAGCTAGTG	0	0	437.8187156			0	0		639
TTGATTTATCGCCTAGATACCGGATCTGGT	0	0	2.379449541			4.691751085	3.17221135		3
TTGATTTCTACCAGAACTACTAACGAAAGC	604	0	1363.424587			494.9797395	2480.669276		179
TTGATTTTATTAACTGAGCGTCGTCATGAT	0	0	5.948623853			178.2865412	34.89432485		0
TTGCAAAGAGATTTGTGGGTTGTTGCATGA	0	0	4.758899083			129.0231548	9.516634051		5
TTGCAACTTTGAAGTAGTGCCGGTCCGTTT	0	0	0			199.3994211	145.9217221		3
TTGCACGCAGAGTATTTGATTACATTTGGG	0	0	0			2.345875543	0		0
TTGCAGATAGAAAACGTACCGGTGGCCGTA	0	0	0			63.33863965	28.54990215		83
TTGCAGGGTGGTGGAATGTCTGCCCATTCT	0	0	0			0	418.7318982		1140
TTGCAGTAAGTGGTCCCGAATTGTTCTGGT	186	0	178.4587156			0	0		1442
TTGCATTGATAGTGCATTGCGTCGTGTAGC	72	4.265789474	88.03963303			23.45875543	47.58317025		0
TTGCCCAGAGAGGGGGAGGTTGCCTGTTGC	0	93.84736842	16.65614679			0	9.516634051		14
TTGCCCTAAAGGGTATGAACGTGCAGCAAG	0	0	30.93284404			0	0		135
TTGCCGAGTGGTTAGGATTTTTGGGTGGGC	0	0	0			2.345875543	0		2
TTGCCGCGTGAACCGTAGCATCTTGGCATG	0	0	0			32.8422576	149.0939335		2
TTGCCTAGAAGTCGTCGGGTCCAGGACCCC	0	0	40.4506422			119.6396527	91.99412916		22
TTGCCTCGACTTGAGACAGAGTGCCGGCTG	0	0	0			243.9710564	269.6379648		193
TTGCCTCGTTCGTGCAGTTGCTATCACAAG	0	81.05	16.65614679			0	0		2203
TTGCGCCATGGAGTATTTAAGAGGTCCTGA	0	0	0			4.691751085	0		4
TTGCGCTTTCCTTTTTTAGAGTCCTGGGAT	0	0	8.328073394			2.345875543	0		2
TTGCGGAAACATCTTTTGAAGATCCGCATC	0	0	0			30.49638205	212.5381605		38
TTGCGGAATGGATAGTATCGATCCGAATGA	383	55.45526316	1202.811743			4.691751085	69.78864971		2
TTGCGGACTGGTAACAGTTAGGAAGGGTAA	0	0	4.758899083			0	0		0
TTGCGGAGTCGTCTTCATTGAATAAAGATC	158	0	3.569174312			0	0		2
TTGCGGGGAGTTGACTGGGCGGCGATAGAG	0	0	0			91.48914616	104.6829746		67
TTGCGGGGATGCTGTTGTAGTAAAATGGGC	0	0	17.84587156			0	0		1069
TTGCGGTGAAGAGTTAGGCCAACCGCCGGG	0	0	0			0	3.17221135		2
TTGCGTGGACATATATATTGTCATCGGTCT	0	0	0			0	3.17221135		32
TTGCGTTATCATGAGAGTGTCGTATGTGCT	0	0	3.569174312			0	0		0
TTGCGTTGTCGATACTACCGTCTGATTACT	0	0	0			2.345875543	22.20547945		18
TTGCTAAGAGTGACAGGTGGTGGAACGGCT	0	0	572.2576147			553.6266281	126.888454		21
TTGCTACTTTATTTCTCTAAGCTTATAATA	0	0	0			546.5890014	0		211
TTGCTAGCATTCCGCAACCTCAACAGAAAG	0	0	0			0	12.6888454		2
TTGCTATATGTGGGACGAATGCGCTGTCTA	0	0	0			154.8277858	256.9491194		49
TTGCTATTATTGGTGGTTTATAGTGTGGCC	0	0	0			14.07525326	0		5
TTGCTGAGTGGGTGGTCAATTGAGTTCGAT	0	0	0			7.037626628	0		17
TTGCTGATTGCTCCTCGCTACCAGGTGTAG	0	0	5.948623853			0	0		0
TTGCTGCAATGAGAAATGCAGCTGGTCCGA	0	0	0			11.72937771	0		0
TTGCTGCTTTTTGCTCAGCTTCTTCAACCT	0	0	22.60477064			0	0		5
TTGCTGGTAAGAGGTCATCGTCCTTCTTAC	0	25.59473684	146.3361468			150.1360347	253.776908		3
TTGCTTCATTGTATTTGTACGAATGTGGAT	0	0	0			14.07525326	0		5
TTGCTTTAATTCAGTAGGTGATGTGGAGCA	0	0	0			656.845152	444.109589		59
TTGCTTTATGATTGGGGATGTCCGCTTGGG	0	0	0			138.406657	22.20547945		8
TTGGAAAAACTAAGGGTTTATGAACGACCT	18	0	161.8025688			0	0		0
TTGGAACGTCATGGCTTGGCAACGGGGATG	0	0	52.34788991			0	0		2604
TTGGAATGTGTCCCCGATTCCAGAACCATC	0	0	0			0	0		4
TTGGACAATTGCTAGCTGACAAAATGCGCA	0	0	0			25.80463097	0		2
TTGGAGGATTTGAGGGAAGTGGAATGGGGA	0	0	0			46.91751085	3.17221135		79
TTGGAGGCTGTCGGGTCAATGTTATTCAGC	0	0	21.41504587			0	0		27
TTGGAGGGACGGGAGGTGTCGCGCAACGGG	0	0	0			11.72937771	79.30528376		559
TTGGAGTAAGGCATCTCGGATTGTGGTTTC	0	0	0			246.316932	28.54990215		63
TTGGAGTATTGCTTGTGCTCGATCAAGGGC	0	0	0			2.345875543	3.17221135		10
TTGGATATTATTAATCAAGGGTTCAAAGCC	0	0	0			2.345875543	0		14
TTGGATGAAGGGTGGGCTGGGTGACGCAGG	0	0	0			1015.76411	1884.293542		1559
TTGGCAACAGCTTCTACGTAGGTCGGCTGC	0	0	0			7.037626628	12.6888454		24
TTGGCAGCAGTCTTACGTCGTATGGTAAGT	0	0	0			11.72937771	0		8
TTGGCCTCTAGATGTCGGGGATCACAAGCC	0	0	0			30.49638205	50.7553816		9
TTGGCCTTTGTTTGTGTTTCGACGCAACCG	3	0	0			65.6845152	12.6888454		287
TTGGCGCGTAGGCAGCAAGAATTTGTCAAA	0	0	0			0	91.99412916		76
TTGGCTTTAGTTTTCCGCGGTTTTTACTGC	0	0	0			35.18813314	0		14
TTGGGAAGTGAAGGGCGCCCTTGCAAGTGG	67	34.12631579	32.12256881			2.345875543	0		26
TTGGGACCAAAAATCTTCCGACTTCATCGG	0	0	32.12256881			0	0		46
TTGGGAGGTATGTGGACCGCGGGTCGCTCG	0	0	36.88146789			2.345875543	72.96086106		49
TTGGGAGGTGACCCGGGTCAGTCGCGGGGC	0	0	142.7669725			0	0		3
TTGGGATCTTGTTTGTGATGATTGATGCGT	0	0	0			11.72937771	6.344422701		0
TTGGGCGATCCACGGCACTAGGTCAGGGAC	171	127.9736842	234.3757798			18.76700434	3.17221135		65
TTGGGCGATCTCTCATAAAGATCTAAGTAG	0	0	0			152.4819103	15.86105675		85
TTGGGGACTTTACTCTCTGAGATGAAGGCT	0	0	0			0	6.344422701		0
TTGGGGCGACCTCTACGATGTCGGCATCCT	0	0	0			2069.062229	1627.344423		3106
TTGGGGGCTGACCGAACACTGGCCGAACAT	0	0	49.96844037			0	0		799
TTGGGTGAATTTGCACTGAACAAGTGTTAA	0	0	0			4.691751085	0		929
TTGGGTGGTTGGTTTGTAAGGCCGTTTGCT	0	0	0			0	25.3776908		10
TTGGGTTCATTGCCTAGTTACGAGCAAGGT	0	0	0			7.037626628	47.58317025		86
TTGGTAAAATCGTAATGTCTTTATCAGCGT	0	0	0			2.345875543	3.17221135		45
TTGGTAAGTACCAGGTAGTAAATCCATTTA	0	12.79736842	28.5533945			0	0		359
TTGGTACATGGGCGGCTGTAAGAAGCACCG	0	0	0			46.91751085	53.92759295		447
TTGGTACTAGTTAGAGGCCTGCTTCGCACT	0	0	4.758899083			0	0		9
TTGGTATTACGCTCTTCTGGCATTAGAAGA	0	0	0			7.037626628	0		9
TTGGTATTATGTGAGGTGGAGATTACTATA	2	0	0			0	0		0
TTGGTCAGTAGTCCAGTGGTGCGTAGCGTT	0	0	0			72.72214182	130.0606654		58
TTGGTCTCATAAGCAAGTGTGCACCGAGCT	0	0	0			1747.677279	2344.264188		252
TTGGTCTGACTCCTTATAGTGCGATCGGGG	0	25.59473684	5669.038532			272.121563	412.3874755		511
TTGGTCTGAGTCAAAACCAATCACGGCGGA	0	4.265789474	7.138348624			0	0		2
TTGGTGCGTCCGGGTATAGGTGCCAATAGT	0	0	0			0	44.4109589		0
TTGGTGGGTTATATAATGACACTGATATAA	0	0	0			44.57163531	3.17221135		9
TTGGTGGTAGTGGTACAACAGATGGAAACG	0	0	0			2.345875543	0		20
TTGGTGGTATATTGGCTTTATAGCGCAGCC	0	0	0			7.037626628	6.344422701		12
TTGGTTCCTTATGGGTTGCGTCCCACCGAA	0	0	0			0	9.516634051		21
TTGGTTGATAGTTGTCAATTATTTATTCGG	0	0	0			201.7452967	6.344422701		11
TTGGTTGATTTGCAAGCCTAAAAGAATGAG	0	0	0			4.691751085	38.0665362		219
TTGGTTGTTGTTGTTTAGTGTTGTAGTGTG	0	0	3.569174312			0	0		0
TTGGTTTATGAATTGGCAAACATTATTAGC	0	0	0			14.07525326	6.344422701		14
TTGGTTTGAACAGGATGGGCAAGATAACGG	0	17.06315789	0			0	0		177
TTGTAACTAGGCCAGGGATTGCATTGTAAA	0	0	0			2.345875543	0		0
TTGTAAGAATATCATTGAGTATTGTATGTC	0	0	0			18.76700434	28.54990215		10
TTGTAAGGTTCGCAGCCTTGTTATACATGA	0	0	22.60477064			0	247.4324853		56
TTGTAAGTAGGTTTAGATGCTGAGCTGGTA	0	0	0			63.33863965	431.4207436		30
TTGTAATTAGGAATCTATACCAGACGCGGT	0	0	0			28.15050651	0		56
TTGTACACTCCAAAAGTTGGTTGGTAGATT	0	21.32894737	0			0	0		7
TTGTACTTTGTGGAAATATGGTGTGGAAAC	39	0	41.64036697			0	6.344422701		90
TTGTAGTTTTGTCTCGTTTTGCAAGGAAGT	0	0	11.89724771			0	34.89432485		31
TTGTATACATACGTGACTAAGCCCCATGGC	0	0	5.948623853			1255.043415	2439.430528		3072
TTGTATACTGATATGTTCTATTTTGGATTC	0	21.32894737	0			0	0		4
TTGTATATTGTTAGGAGACTGGACCGGGCC	0	0	0			553.6266281	0		15
TTGTATATTTCGGCGTTGCGGAACTACTTT	0	0	0			0	0		9
TTGTATGGATATGAGTATACTTGTACGGCT	0	0	0			7.037626628	0		12
TTGTATGGATTAGGCGTTGCCTAGTAGTGG	0	0	0			0	0		3
TTGTCAAAAATCTAGACTTAAAGACGCTGA	0	0	0			14.07525326	0		1432
TTGTCAGGTTTCCGAGGGACGTATATTGAA	22	0	20.2253211			0	31.7221135		14
TTGTCGACTATTTCGGGCATTTTATGCTAT	0	0	0			91.48914616	139.5772994		14
TTGTCGGTAGTCTCTCATTTGTTTGCGGCA	0	0	0			185.3241679	57.09980431		3
TTGTCGTTACAGTTTTGCGGAACAGTTTTA	0	0	0			4.691751085	0		57
TTGTCTAATCACGGTATGCCCTGTCTAACG	50	25.59473684	315.2770642			9.383502171	60.27201566		43
TTGTCTGCTGATTTTTCTTCGGTGTAGTAG	0	8.531578947	0			0	38.0665362		256
TTGTCTTTAGCGGCAGGGATTGCTCAGGGA	0	4.265789474	0			0	0		0
TTGTGAAATAGAGCGAGCCGTTCTGGGTCT	0	0	0			0	31.7221135		3
TTGTGAAATGGTTGTCCCTACGTTCGCTCC	0	12.79736842	0			0	0		0
TTGTGAGTTATAGGTGAAGTTCGAGAAGGG	0	0	67.81431193			0	19.0332681		42
TTGTGCTAAACGCGCGGTGCCTTCTGGCGG	0	0	0			9.383502171	9.516634051		16
TTGTGCTCTGATTCGCACTCATCATTTAAG	0	0	4.758899083			0	0		4
TTGTGGAGTTTGGTCGAGATCGACCTCCGA	0	0	0			0	9.516634051		0
TTGTGTGATTACAATTAATTACCAGTTTTA	0	0	0			21.11287988	193.5048924		42
TTGTGTTATTGAAAGATTTCCACCATTAAA	0	0	64.24513761			2.345875543	133.2328767		1744
TTGTGTTCATGCTTTATTGATTGTCTAAAG	1820	63.98684211	368.8146789			0	0		3035
TTGTGTTGAGGTGGGTGCGCGAGCAGCTCT	0	0	0			44.57163531	28.54990215		32
TTGTTCGATATCCCTATGTTTTTACTCTAC	0	0	0			192.3617945	1154.684932		279
TTGTTCTAACTAGCGTTATCGTTATTGCTG	0	0	0			466.829233	187.1604697		193
TTGTTCTTTTCGCAGTAACATAGTCGGTGT	0	0	14.27669725			2.345875543	0		2
TTGTTGATAAACAACTCTTTGTGGGGTCAC	0	0	0			0	174.4716243		1472
TTGTTGATAATGTCTATCAATGGGGTCTCG	0	0	9.517798165			0	0		29
TTGTTGCGTTCATGGCAATGTCTGACCGGG	0	12.79736842	0			267.4298119	190.332681		25
TTGTTGGTTTTGATACGTAACGGCGAACAG	0	0	0			18.76700434	38.0665362		36
TTGTTTGTATGGTTACATCTCTTGATTGCC	0	0	0			86.79739508	79.30528376		0
TTTAAAAGTTAGCTCATGCTGATAAATCTC	0	0	0			0	6.344422701		29
TTTAAAGAAGGATCGTTGACAGATTGGGTA	0	0	0			28.15050651	9.516634051		103
TTTAAATGTTTTGTTGTTTTAGTACGACCA	0	0	11.89724771			0	0		26
TTTAACACACGCTTATGCGTAACGCTCAAC	0	0	0			382.3777135	590.0313112		288
TTTAACATTTCAGCGAGCGCTCGCCGTTTG	0	72.51842105	4.758899083			117.2937771	15.86105675		23
TTTAACGCATAAGACGCGCCAAGCAAGGGG	0	0	2.379449541			107.910275	104.6829746		52
TTTAAGACACTGAAGTCGCTTGTAAAGGGG	688	110.9105263	579.3959633			9.383502171	0		49
TTTAAGACTGATGGCCCCGGCGAAGACTGT	0	0	0			23.45875543	0		331
TTTAAGCGAGCATTACACGGCCTGGGGGCA	0	0	0			126.6772793	6.344422701		1408
TTTAAGGGTTGACAGTATATCATCGAGCGT	0	0	0			0	3.17221135		14
TTTAAGGTAACTCCAAACCTTAAGTTTGTA	0	0	0			2.345875543	0		2
TTTAAGTATCAGAGGTTCGGGCGTGGCTTT	0	0	0			2.345875543	367.9765166		49
TTTAATAGTATACCATGTCCTCATAAGATG	0	162.1	13.08697248			0	0		108
TTTAATCCACTTACTGACTCTACAAATTAA	0	0	0			0	31.7221135		24
TTTACCGCTTATTAGTCGCTCACTGGACAA	0	0	0			75.06801737	57.09980431		116
TTTACGCTACGGAGTCGGTCATGAGTGTCG	0	0	0			93.83502171	28.54990215		17
TTTACTCGACTTATCGCAGCACGGGCAAGC	15	0	0			0	0		9
TTTACTGCAACTATGACAGTTAACTTTAAT	0	0	153.4744954			4.691751085	187.1604697		798
TTTAGAGCTTTTGGTGAAGTGTCGTTACGG	0	0	0			429.2952243	225.2270059		94
TTTAGAGGTCAGTGCTGAGGGGGTGAGGGA	0	0	0			18.76700434	12.6888454		97
TTTAGATGTGAGCTCCGAGGATAACATTGG	0	0	0			42.22575977	47.58317025		12
TTTAGCAAAGAAGTGCACGTCGCGGGAAAA	0	0	0			0	0		45
TTTAGCGATGCTATATAACAGTAGACTCCA	0	0	4.758899083			0	0		10
TTTAGCTTACCCCCCTTTCTCCCCGTAAAA	0	0	0			9.383502171	72.96086106		2
TTTAGGCTTTTTATGGGACCAGCAAAGGGG	0	0	0			4.691751085	0		9
TTTAGTATTGCCTGCGCACTGATGCGAGAT	18	0	0			227.5499276	196.6771037		27
TTTAGTCAATACCAAAATGTTTACGTTCAC	344	652.6657895	957.7284404			0	0		331
TTTAGTTTTTACTTGGAGGCATATTTGGCC	0	0	0			4.691751085	6.344422701		17
TTTATATCTATCTCATTCAACCGCGTCTCC	0	0	0			0	3.17221135		0
TTTATATCTATTTCATTAGGTCGAGTCTTA	0	0	0			1900.15919	5579.919765		2498
TTTATATCTATTTCTGGGTTGTACATTCTG	0	0	0			35.18813314	69.78864971		28
TTTATCACAGCTAGGTCAACTACCTCAGAG	0	0	0			16.4211288	19.0332681		2
TTTATCGTTTCTGACAGTGTTTATTCGGAG	0	4.265789474	0			0	0		2
TTTATCTTAATGAAGTAGCGTGATGGGTGC	0	17.06315789	223.6682569			0	0		1768
TTTATCTTTGGTAGACACCGGATAGCTATT	0	0	0			11.72937771	44.4109589		15
TTTATGGGAGAGGTTATGGTTGGAGCAGGG	0	0	0			44.57163531	0		49
TTTATTCAAGTCCGTAGGGGAAGGTACCGC	0	0	0			2.345875543	0		0
TTTATTCCAACACGTCGGCCAGGGTTGGGG	0	0	0			42.22575977	900.9080235		435
TTTATTGAAACTGTTCTTGTTAGATATTTG	0	0	0			1001.688857	326.7377691		20
TTTATTTGACTAGGGCGGGGAGTTCGATGC	0	0	0			0	3.17221135		0
TTTCAAAGTACTCTTAGGAGGACCTTTCGG	0	0	0			11.72937771	6.344422701		2
TTTCAAGGATCTCTGCAAAGAAGTTAGCAT	0	0	0			93.83502171	551.964775		15
TTTCACACTACGTTATACGGTAAAGTTGAC	0	0	0			0	12.6888454		5
TTTCAGAGAAAACTACAGACGTTGGCCTCG	0	0	0			2.345875543	0		176
TTTCAGCTAGGACGTTCGTGCATGGGGTCA	0	0	99.93688073			0	0		0
TTTCAGGCTTGCTTAAGAAGACAGGTGTGC	0	0	5.948623853			0	0		0
TTTCATGGTATCTTTGGCTGGTTTGCAGGT	0	0	0			77.41389291	66.61643836		1034
TTTCCATCACTATCTCCGGGGAATGTAACA	0	0	0			9.383502171	44.4109589		20
TTTCCGAATTAATTGTATATGCTAGCTGTA	0	0	0			37.53400868	3.17221135		14
TTTCCTAATTGCGATGTGTCCCCTATACCA	0	0	0			9.383502171	12.6888454		8
TTTCCTCAAAAATGTGGTCGGAGCAGGGAC	0	0	0			0	12.6888454		4
TTTCGAAAAGTGGAGTGTTTCATGTTTTGG	0	0	0			72.72214182	25.3776908		156
TTTCGAAATGACAGGTCGCTGGAGCAATCT	0	0	0			321.3849493	666.1643836		96
TTTCGAAGTGGTGGAGGTCGCTTAGGGGCG	0	0	15.46642202			9.383502171	82.47749511		2
TTTCGAGAAAGTTATATTACGGTGTGTATG	0	0	0			4.691751085	15.86105675		123
TTTCGAGCTTTTGGTGCAGTGTCGTTACAG	0	0	0			2.345875543	0		0
TTTCGAGGTTGTGTGTGGAAAGACCATGTA	0	4.265789474	0			0	0		55
TTTCGCCCATTTTGTAAAGGGTATCAGAGA	68	42.65789474	28.5533945			0	0		51
TTTCGGAATTGTTTTGCGCAGAAGAATTGG	0	0	0			75.06801737	250.6046967		23
TTTCGGCAATAAGCGTCATTCGTTCAATCG	0	0	16.65614679			0	0		0
TTTCGGTATGGGTGTGCGCCACAGGGAGTG	0	0	0			0	12.6888454		35
TTTCGTGTTTCACTTCTGTCTCCCGCAATC	0	4.265789474	0			0	0		0
TTTCTAAATATCAATCTGGCAATACGTACT	0	0	0			121.9855282	57.09980431		2
TTTCTAACTCATGTGTTCTTTACGATAAGG	0	0	0			232.2416787	0		292
TTTCTACATCACTGGCCGGGGGATCACTGT	0	0	352.1585321			436.3328509	764.5029354		866
TTTCTAGAAGTGAGGTTAAGTCCGGTCCTT	7	0	2.379449541			4.691751085	0		0
TTTCTAGCTTGTTACAATTGCAGGGACGAG	0	17.06315789	0			0	0		45
TTTCTCCTTTGTCTTTGCAACTTTAACGGT	0	0	21.41504587			0	0		99
TTTCTCGGACAGAGTTTGGACACTTTGATG	0	0	59.48623853			0	0		3
TTTCTCTAATAGTTAACGGATCTGCGTCAT	0	0	0			72.72214182	95.16634051		3
TTTCTGATTCTGACTACCGGAATCTGACTA	0	0	0			11.72937771	0		174
TTTCTGTTTTTTTCGTGCGATTATTGGGTC	0	0	0			28.15050651	12.6888454		25
TTTCTTATTCTCAATCTTTAAGTTCAAGAT	0	0	5.948623853			0	0		418
TTTCTTTGATGGTGGACCCTATCGGTACAA	0	0	0			7.037626628	15.86105675		11
TTTGAAGTAAAAGGAATCTTACGATGAGGA	0	8.531578947	4.758899083			0	0		88
TTTGAAGTTTAGTACCTAGATTGGCTCTGG	0	0	0			0	0		3
TTTGACAAATGTAGGAATGTTGAGGGTGAT	0	0	0			16.4211288	0		0
TTTGACATAGCCTATTATTTATATGTTGCT	0	0	0			39.87988423	101.5107632		1469
TTTGACGCTGTGCTTGGAAGACATGACACC	0	0	0			243.9710564	95.16634051		3
TTTGACTTTAATAATTTAGGGGGATCGAAC	0	0	0			2.345875543	3.17221135		3
TTTGAGATTTTCCTCGTTGTCGGTATGGAA	0	0	0			0	9.516634051		17
TTTGAGTGTAAGTCAGCAATGTGATTCACC	0	0	17.84587156			7.037626628	0		7
TTTGATACTGTATGTGCTTTTAATAAAGAA	0	29.86052632	10.70752294			0	0		36
TTTGATTCAGGGTTGCGGAAAGAGCTGTTA	0	0	0			2.345875543	0		2
TTTGATTTAGCTGCAGCACAATGGGGGTAG	0	0	0			567.7018813	301.3600783		910
TTTGATTTCACTGCAGCACACTGGGGGTAG	0	0	0			0	3.17221135		0
TTTGCATATCTGCTGTTCAGTGTTGGATGA	0	0	36.88146789			0	0		96
TTTGCCTTAGTTCGTGAGACGCTTCATAGT	0	456.4394737	0			0	0		406
TTTGCGCGAAAAAAACAAGGGCCGGGCAGA	0	4.265789474	0			0	0		5
TTTGCGCGAAAAAACAAGGGCCGGGCAGAT	0	34.12631579	0			0	0		1062
TTTGCGTCTGTTGAGATAGTAAACAGCGAG	237	63.98684211	304.5695413			0	0		16
TTTGCGTGACACGGGGAAGCACGGGTTAAA	0	0	0			448.0622287	187.1604697		18
TTTGCTCAAGTCTCGAAAACATTCCACGGC	0	0	0			152.4819103	158.6105675		16
TTTGCTCGTCTCACGTAATTGCTTTTAGTG	0	0	2.379449541			0	0		35
TTTGCTCTTGTGTATAGGGGGACCGGCCTT	0	0	8.328073394			0	0		4
TTTGCTGTAGGAAGGGGAAGTCGGTGGGAG	0	4.265789474	0			0	0		8
TTTGCTGTTGAACCGGGGTGATGTGCGGGA	0	0	0			2.345875543	0		103
TTTGCTTTAAGGGGCATCTAGGAACTAGGG	0	0	0			16.4211288	34.89432485		9
TTTGGAACAGTTCGGGAGGTGCTACAAAGA	0	0	0			30.49638205	190.332681		15
TTTGGAGCTGCGACTACGCCAGTAGTTTTC	0	0	0			63.33863965	0		41
TTTGGCATAGGTCGATGTAATGCGGGCCTA	0	0	0			788.2141823	1456.04501		1886
TTTGGCGAAGTTCTTTGAGCTGGGATGTTT	0	0	0			46.91751085	50.7553816		78
TTTGGCGTATTAGTTATGAATGTGTTATCG	0	0	0			39.87988423	66.61643836		20
TTTGGGCAAGACACCACTGGAGCTTCTAGG	0	0	0			9.383502171	0		3
TTTGGGTCATGAAATTAGCTGGGCGGGACT	0	0	4.758899083			0	3.17221135		6
TTTGGTGCAGCAGGACGAGGGGCAAATTTC	0	0	0			100.8726483	355.2876712		620
TTTGGTTAACTATTACAATTGTATGTTTAG	0	0	22.60477064			0	0		36
TTTGGTTTTATGTTATGTTATTAGGACTTG	0	0	0			119.6396527	22.20547945		23
TTTGTAAGTGTGAGGCATGTCAGGGAAGTC	0	0	0			3448.437048	0		29
TTTGTAATTTGCGCCTTCGTCCAATGAAGG	4	0	2.379449541			0	0		32
TTTGTAGAAGTTTATGCAGCAGGTGAAGGA	0	12.79736842	0			211.1287988	288.6712329		87
TTTGTAGTTAGGTTCGACACCGTGGCGTCC	0	0	0			154.8277858	15.86105675		16
TTTGTATGTCTGGCTCATGATGGCAGGCTT	0	0	0			18.76700434	107.8551859		76
TTTGTATTAAGCGGGTCAGAGGTATTTCAT	0	0	4.758899083			11.72937771	98.33855186		36
TTTGTGAAAGATACATAGCAGCTGTTACAA	0	0	0			126.6772793	0		37
TTTGTGCAATGCCTTAGCTTATGTGGTCTT	9	0	193.9251376			236.9334298	307.704501		134
TTTGTGGCAACTCGGTGGGGGAAAATACAG	0	0	0			11.72937771	3.17221135		3
TTTGTGTGTCCAATCAATTAACGGACACCC	0	0	341.4510092			0	0		2697
TTTGTTATATCGCGTTGTGGGAATGTGTGT	0	0	0			2.345875543	0		28
TTTGTTTAAAAGGCCTCGACTAGTCACGTG	0	0	0			46.91751085	250.6046967		421
TTTGTTTGTCTTCCGTGCGACTAGTACGTG	0	0	0			96.18089725	136.4050881		106
TTTTAAAGTATGCAATTTTTCCTTAGATTG	0	0	0			30.49638205	1024.624266		6
TTTTAAGGACCCCTGGTAGGCGTAAGGTAC	0	0	117.7827523			0	0		27
TTTTACCCTAGACTTATGGCTGTTCGTTAC	0	0	0			51.60926194	120.5440313		69
TTTTACCCTTATAAAGTATCCCGAAGATTC	0	0	0			994.6512301	643.9589041		75
TTTTAGACACACCCCTGTTACATACGCGCA	0	0	54.72733945			14.07525326	76.13307241		13
TTTTAGGCATGAGAAACTCGACTATTGCTT	0	12.79736842	0			996.9971056	1503.62818		128
TTTTAGGCTAGCGTTACCAACTAAAAATCA	0	0	0			68.03039074	69.78864971		175
TTTTAGGTACACCTAAGGATTTTATTTCAA	0	0	2.379449541			168.9030391	31.7221135		75
TTTTAGTTATCCCGGATCGACGCATCTGCG	0	0	0			548.934877	31.7221135		1557
TTTTATAAATGTTTCTAAACAGGAGAAACC	113	0	69.0040367			0	0		3
TTTTATACTAGTACAGCCGGTGTTGGCGGC	0	0	54.72733945			147.7901592	9.516634051		2
TTTTATTATTATCGCAATAAGTAATCTAGA	0	0	76.14238532			0	0		18
TTTTATTGAATGTGCAACGGTGTATAAGTG	0	0	4.758899083			0	0		114
TTTTCATTTGACTGCGTAAATTAAGCGGGA	0	8.531578947	0			0	0		19
TTTTCCACACCGTGTAAGGCTGTGAAAGTT	0	0	0			51.60926194	0		13
TTTTCCGGAGCTTCGCGGGCCCGTCAGGGC	0	0	0			136.0607815	0		107
TTTTCCGTAGCTTCCTCAACACGGGTATGA	0	0	0			147.7901592	237.9158513		26
TTTTCGAGATAGTTGCCGATGCCTAATAGT	0	0	0			290.8885673	212.5381605		1185
TTTTCGCTTTCAAAACTATTTTTGACACAG	0	0	0			21.11287988	47.58317025		10
TTTTCGGGAGGACTGAATTAATAGTCTAGA	0	0	0			150.1360347	63.44422701		13
TTTTCGTGTTTCAGATGCAAGTCGTATGGA	0	0	0			89.14327062	161.7827789		27
TTTTCTTGAGTTTAGAACAAGAAACCCCAG	0	0	0			2.345875543	0		4
TTTTGATGTGTCCTTAATCCCCAAAGTGTT	0	0	22.60477064			0	0		50
TTTTGATTTGTAGCGTGCTAGGAGTGGGTA	0	0	0			56.30101302	1360.878669		235
TTTTGCAGTCCCTCCTTTGATGGCGGGCAC	0	0	0			0	3.17221135		6
TTTTGCGGATTAATCGGTAATAGAGGACTG	0	81.05	7.138348624			0	0		4
TTTTGCTTAGCCCGGCGGCTGCAAATGTGG	477	0	33.31229358			1609.270622	1398.945205		3
TTTTGGCCTAGGCGTATTTTGAAGATCATT	0	0	0			119.6396527	171.2994129		4
TTTTGTCCATGGCGAAATACCGTGCTACCA	0	0	3.569174312			68.03039074	218.8825832		117
TTTTGTCTATGTTGGGATGTAATAAGTAAT	0	0	0			2.345875543	0		137
TTTTGTGGTAGCCCTGCACATTCCTGGATA	0	0	0			145.4442836	532.9315068		14
TTTTTAGATAGTCTATAATGGTGGTCACGT	0	0	64.24513761			0	0		1983
TTTTTATTTTAATGGTTGATGGGACCGTCC	0	0	4.758899083			63.33863965	25.3776908		17
TTTTTCAGAAACTAAAAGATATCTGGACAA	7	4.265789474	11.89724771			0	0		33
TTTTTCAGTTGATTAAGAACGGCGTTGTCC	0	4.265789474	0			0	0		8
TTTTTCCCTCGTCTGAGGTCTTGGGAATTA	0	0	179.6484404			1248.005789	866.0136986		1068
TTTTTGCGTTAACGGTCGTCTGAGGCCGGT	0	0	4.758899083			0	0		29
TTTTTGGCTAAGGTTTTCCATAGATTTAGG	0	0	19.03559633			0	0		297
TTTTTGTTTTAGACTTGATTAGTATGACAT	0	0	0			171.2489146	101.5107632		18
TTTTTTAAATCCTTTCAAATTTAGTATGGA	535	1723.378947	2744.695046			161.8654124	609.0645793		21
TTTTTTCAACATTCCAAACGTGACCATGGC	0	0	0			53.95513748	12.6888454		119
TTTTTTCCTTTGACATTTTCCGTAGCGCTT	0	0	0			0	15.86105675		78
TTTTTTGAAGGCTGTGTCGGGAGTGTTCAG	0	0	3.569174312			319.0390738	168.1272016		9
TTTTTTGCAGGACAATGGATGCTCAATTTC	0	678.2605263	0			0	0		2100
TTTTTTGGACACGCGGGTTAGGTTACGGAG	0	0	0			140.7525326	206.1937378		274
TTTTTTGGACGTCTAGTCGATCTCTAGCCG	0	0	16.65614679			194.70767	50.7553816		91
TTTTTTTGATGGCCCGTGACTTGACTGGGA	0	0	0			0	3.17221135		26