barcodes	rsp	pm	am	al	lm	neg	inj
AAAAAATGTTGGTCGCATGCGTTTTGACTG	0	0	180.5901639	0	0	0	212
AAAAACAGAGCCCATGCGGGTTGTGAAACA	0	0	39.01639344	11.67632539	0	0	2978
AAAAATGTATGGTGGGAATTGTATTTGCAC	0	0	6.68852459	0	0	0	30
AAAAATTGATGCCTGTTGTCTACGGTATGA	0	0	0	0	71.26637555	0	3
AAAACAACTCGTTAGTGGTTTGTACTGCTA	0	1.070234114	0	0	0	0	23
AAAACCTTTGGTTTTATTGTTTGCACAAAT	0	0	0	0	33.25764192	0	5
AAAACGATTGATTCTGCTTACTTTGGACTC	0	0	0	0	9.502183406	0	5
AAAACGGCTGTGTTCTAGGGGAGCAATAAC	1.046959199	2.140468227	0	0	0	0	1
AAAACGTAATGCTCCGGGAGTGCTCACTTC	0	0	0	4.670530157	38.00873362	0	421
AAAACGTGTTTGGAGGAACGGCTACTGGTG	0	0	0	0	114.0262009	0	43
AAAACTGCATTTTCGTCGGAATGGCTTCAC	0	0	0	0	42.75982533	0	10
AAAAGAATAGTTGGGAACCGGGGTAATTAT	0	0	0	0	76.01746725	0	1430
AAAAGCGAATCAATTGACTGGTCGCCGGGA	0	0	18.95081967	0	0	0	1091
AAAAGGACTAAGAGTTGGCTAGGTTATCAG	0	0	14.49180328	0	0	0	812
AAAAGGGATTTTAGCATGGTGTCACTCGAC	0	0	2.229508197	0	0	0	1
AAAAGTTGTATGGGGCACCGTCGGGGGTCA	0	0	16.72131148	0	0	0	1638
AAAATCAATCCTCTGGGCATCTTACCTGCC	0	0	43.47540984	0	0	0	129
AAAATGGGACTATGCCGGCAGACGGAGGGC	0	0	0	7.005795235	0	0	10
AAAATGGTAAGAGGTCTGGGTGTAGAAATC	0	0	0	1.167632539	123.5283843	0	2
AAAATTGTTCGGTGTGTAGAAAACGGTGGT	0	0	0	0	9.502183406	0	4
AAAATTTAAAAGGGTTTTGAGCTTGTGATG	0	0	10.03278689	38.53187379	294.5676856	0	538
AAACACCGCGCCCCTGCGGGTTGTGAACCC	0	0	1.114754098	0	0	0	1
AAACAGAATCGCCAATCCACACTGGACGGC	0	0	0	0	1273.292576	0	1758
AAACAGCGAATGCGTCTGGCTTTAGAGCCC	0	1.070234114	7.803278689	0	0	0	1
AAACATGGACATCTGTGGAAGGTTGCGCCC	0	0	0	109.7574587	80.76855895	0	98
AAACATTATAACTGTACGGCGTAAGCGTTT	0	0	0	0	109.2751092	0	155
AAACCATTTTATGTCCTAATACTCGAGTAC	385.2809854	766.2876254	348.9180328	0	0	0	4393
AAACCCCGTCTTGTCCTACAGGTCACGGTC	0	0	0	0	9.502183406	0	14
AAACCGAGTCCTGGAAATGTCGGAGGGTTT	0	0	0	0	28.50655022	0	2
AAACCGTATTTCGCGTATCCGAAATTTGAC	18.84526559	11.77257525	0	0	0	0	6
AAACCTGATCGTGTTAGGATTGCTATTGTG	0	0	44.59016393	0	142.5327511	0	107
AAACGGGGTTTTGGCGCCTAAGAAGGGGCT	3.140877598	0	49.04918033	0	313.5720524	0	280
AAACGTACAGGCGGGCACATAGGTCGCGGT	0	0	3.344262295	0	0	0	2
AAACGTCCTAGGTGATCAGGTAGTGAGAAG	0	0	0	0	4.751091703	0	13
AAACGTGTTCATGGACTGAATACCAAAGAA	0	0	0	0	9.502183406	0	44
AAACGTTGATTGGGTACGAGGCTATGCAGG	0	0	0	9.341060313	0	0	3
AAACTAAAATTTTTACCAGCCATATAAGGT	0	21.40468227	555.147541	0	0	0	47
AAACTGTTTTTTGGAGTGGCACCCTCGAGT	0	0	0	1606.662374	5601.537118	0	2948
AAACTGTTTTTTTGGAGTGGCACCCTCGAG	0	0	0	63.05215712	61.76419214	0	18
AAAGCACAACGTCTTACTGCTCGAGTCAGT	0	0	0	0	52.26200873	0	19
AAAGCATTTGCAGCGACGGCGCGGCCATAT	0	0	0	1.167632539	0	0	5
AAAGCGGTTCGCTCATTTGTACAACCGAAC	0	0	0	3.502897618	0	0	3
AAAGCGTCTTTCGTGGTGCTGAGCAGCGAG	0	0	91.40983607	0	0	0	41
AAAGCTCATGGTCCGTGGAGGAAGATGATG	0	0	0	0	650.8995633	0	11
AAAGCTGGATACGCAGCCTTTGCCGTGTAC	0	0	0	15.17922301	251.8078603	0	189
AAAGGGGATTCCTAGGTTGGCGGGGTGGTA	0	0	0	0	133.0305677	0	14
AAAGGGTTTCATTTATTGGTTCCTTCTCCG	0	0	0	0	104.5240175	0	1
AAAGGTAATGACACCGAGGATTCGCTACCA	0	0	0	115.5956214	9649.467249	0	4041
AAAGTCCGATGAGGAGGGTCGACAGCTGTG	0	0	0	0	3140.471616	0	106
AAAGTCGCAGTATGTAAAAGTTAGGCGGCC	0	0	1.114754098	0	14.25327511	0	6
AAAGTCTCTCATTACAGTTATTAAATTTCT	2.093918399	7.491638796	0	0	0	0	17
AAAGTGGATATAGGTTAGGTGGTGAGACGA	0	0	7.803278689	0	275.5633188	0	907
AAAGTTTCACAACTAGTTGAGCAGGGTTGT	0	0	0	0	14.25327511	0	18
AAATAAGATGCTAGTTTATGTTCTAGTAGA	5.234795997	6.421404682	33.44262295	0	0	0	52
AAATACTTATCATTGCGATCCACCGGTAAC	0	0	0	7.005795235	0	0	116
AAATAGAAATTTGGGATCATCCTATCGATG	0	0	0	0	114.0262009	0	108
AAATAGTAACAAAGCTATATATCGAAGCAA	0	0	4.459016393	0	598.6375546	0	176
AAATAGTATCCAAACCACTGATTAGGAAGA	0	0	59.08196721	0	0	0	3679
AAATATACAACAACCTAATCTAGGTCCATA	0	0	0	0	14.25327511	0	5
AAATATGCACTTTGGGCGCAGTGTGTTATT	0	0	0	0	90.27074236	0	62
AAATCATCTATCTAGAGTACTGTGGGTTAA	0	0	0	0	66.51528384	0	17
AAATCCCATGCAAGCCGGGTACGCTGTGAG	0	0	210.6885246	0	0	0	14
AAATCGTCAGCTGACTCTGTATGTCGCACG	0	0	0	0	1178.270742	0	59
AAATGCGCAGTTGGTTAGTATTAAGGAACA	0	6.421404682	0	0	0	0	72
AAATGCGGAGTTGCCAATGTGGAATTACCC	0	0	14.49180328	14.01159047	38.00873362	0	35
AAATGGATTTGCCGGTCGCGTAGCGTTATA	0	0	0	0	23.75545852	0	30
AAATGGCTACTAGGGCTGTTTAGCTCCCTC	0	0	0	5.838162696	973.9737991	0	84
AAATGTAATTCGAGGCTTCTGTAGAGGATG	0	0	0	32.6937111	0	0	423
AAATGTTCAAAAAGTATTAGCGATGGATGT	0	0	1.114754098	8.173427774	57.01310044	0	29
AAATTAGTTTTCACCCATTTTTTATGGAGT	0	384.2140468	53.50819672	0	61.76419214	0	128
AAATTATAAAAAGGTATTCTGTCTGTAAGA	0	0	0	0	19.00436681	0	11
AAATTCGTTTACGGCGCGTGGCTAGGAAGG	0	0	0	0	38.00873362	0	2
AACAACTGTGGTAGCGGTATAGAGCGCGAC	0	0	0	0	42.75982533	0	22
AACAATATTCGAGGTGCCCGGGGTTAAGAC	0	0	0	0	33.25764192	0	5
AACACAAAAGTGAATTAGAGCTGGTTGGGG	0	0	0	0	251.8078603	0	613
AACACGTGATTCGTCACGATCAGCGGTGGT	0	0	0	0	9.502183406	0	1
AACAGAGCTGACTGCTTGGCCGTTCTGTAG	0	0	0	0	318.3231441	0	142
AACAGCAGTGAGTGGATTCGCAGCTGATAG	0	0	0	0	907.4585153	0	289
AACAGTAAAGCCCAGCGAACATAACCAGTG	0	0	5.573770492	0	0	0	10
AACAGTCGATTTGGTGAGGGCGGAACCGGG	0	0	0	0	4.751091703	0	2
AACATTACTAGACCTGGCGCATATCGTCCC	0	0	0	0	494.1135371	0	382
AACATTGCATGATGTGATCTTACCGCTACG	0	0	0	0	256.558952	0	59
AACATTTATTGGATGCATATTGAGGTAGGG	0	0	0	0	9.502183406	0	20
AACCAGCGAGCCGGATCGCGGGGAGTAAAG	0	0	0	0	76.01746725	0	5
AACCCAGTTGTCAATTGAAGATAGATAGAA	0	0	3.344262295	0	0	0	145
AACCCCCTTTGCTTGCAGTGCAACCGAAAA	0	0	0	1.167632539	28.50655022	0	42
AACCCGGCTCTCCTTACATCAGTTCCGGAT	0	0	0	757.7935179	608.139738	0	147
AACCCTCCTATCTGCAGGGCAGCGTGCTTA	0	0	0	0	52.26200873	0	823
AACCCTCTTCTTTTTTAAGCAGAAAAGGTT	0	164.8160535	45.70491803	0	4.751091703	0	108
AACCCTTTATGAGTCAGGAGAGGGTTGTGA	0	0	0	8.173427774	1145.0131	0	384
AACCGTGTTTTCGTGAGGGATGAGGGAATC	0	0	0	4.670530157	0	0	29
AACCTAGAAGCTAAGCTCAATGTGCGTATC	0	0	0	0	9.502183406	0	8
AACCTATAAAGGAAACGATGCAATAGAGTA	0	0	0	0	156.7860262	0	4
AACGAGTCATTCGCGGGTGAGGCGCTTTCG	0	0	0	0	541.6244541	0	35
AACGATAATCGCATAGTGGTGGTAGAGCGG	0	0	0	4.670530157	4.751091703	0	40
AACGCACATGTCTCAGGGGGTATTTTACAC	0	0	0	0	674.6550218	0	47
AACGCCAGTCCCCGTAATTACCATAGATCG	0	0	0	0	71.26637555	0	6
AACGCCCGTATCATAGTTGTGGGGTTTGGT	0	8.56187291	0	0	0	0	126
AACGCCGTATGTAGGCCGGCAATGAATTAT	0	0	0	0	80.76855895	0	265
AACGCTGCTAAACAGGAGGGAATCCTATTT	0	3.210702341	0	0	0	0	99
AACGGATAAATCCTCAGGTGGGGAGGTGGA	0	1.070234114	30.09836066	0	0	0	17
AACGGATAACTGCACTGTTGAGAGAAAATC	0	0	0	65.38742219	332.5764192	0	4
AACGGCACTACCGGCGTTGGGTGTGGAGCT	0	0	0	17.51448809	598.6375546	0	80
AACGGGGTTGGAATATGGAAGGACTATCAA	110.9776751	1546.488294	572.9836066	0	2579.842795	0	54
AACGTACCTTTGCGCGCTGTGGTGTCCAAG	0	0	0	0	19.00436681	0	311
AACGTTAAAGCTGGGTGCGTCCGGCTTGTC	0	0	74.68852459	2.335265078	114.0262009	0	152
AACGTTGTATGGTCGCGGGGGGGCCAAGCG	0	0	0	0	33.25764192	0	11
AACTAGCGATAGTATTTGAACGAAGAGATA	0	0	0	0	475.1091703	0	38
AACTATCGTCGAGACGTTCGAGACTACCAT	0	0	18.95081967	311.757888	4332.995633	0	1330
AACTCATTAGTTTTAGGTCTTCGCTAACTA	0	0	16.72131148	11.67632539	4.751091703	0	26
AACTCTGGTGTTGACGTAGCATTATTTTTT	0	0	0	10.50869285	23.75545852	0	1
AACTGCTCAGGGATTGGCATAGGTGTAGGG	0	0	0	0	2712.873362	0	3357
AACTGGAGTTGAACTTAACGTGCGGCTTGT	0	36.38795987	64.6557377	0	0	0	380
AACTGGCTAGATCCTACTTCGCGCCGGCAG	0	0	0	0	1244.786026	0	330
AACTGGTCCCAGCTTTATCTCAGTGCCCTC	0	0	0	0	4.751091703	0	1
AACTTAGCAGGGGTGGTCGGTGTGGGGGCG	0	0	0	0	66.51528384	0	139
AACTTCGGACCTGTGTCACTGTCCCGGGCA	0	0	0	66.55505473	80.76855895	0	69
AACTTTTCTTGCTTCCTATTACGGTCGAAA	0	0	0	0	52.26200873	0	164
AAGAAATGAGGGCAAGACCGCAAGGCGCCA	0	0	0	0	66.51528384	0	13
AAGAAGGCTCATCCGACATCGGAAAAGTAA	0	0	0	0	6276.19214	0	899
AAGAAGGTTTCTCGGGGAACGATTCAGAAA	0	0	0	102.7516634	0	0	5
AAGACTACTAGCTGAGTAGGGGACTCAGAG	2.093918399	8.56187291	13.37704918	0	0	0	151
AAGAGAAATGTCTACTTAGCTAAGTGGGAC	0	0	0	137.7806396	0	0	31
AAGAGAGATCAGGTCAAGTCACCAGAGAGA	0	0	0	0	47.51091703	0	33
AAGAGGAGTTAAATGTGGACTGTAGCAGGT	0	0	114.8196721	0	1463.336245	0	511
AAGAGGCAAGCGAACTGGGTAAGGGCAAGC	0	0	0	0	38.00873362	0	20
AAGAGGTATAGCTATTTATAGTCACCAGCG	131.9168591	313.5785953	60.19672131	0	14.25327511	0	302
AAGAGGTGATGTGAGTAATTGGATGGAGGG	0	25.68561873	0	0	755.4235808	0	1778
AAGAGGTTACTCGAAAGAAGAACGGAAGTC	0	0	1.114754098	0	0	0	3
AAGAGGTTTGCGGGTAGGGGATGGGTCGTC	0	0	0	0	285.0655022	0	30
AAGAGTGTATGGTAGGTGTGCAAGTCGGCG	0	0	4.459016393	0	0	0	28
AAGAGTTTTGGAGAGGATCGTTCTCCCAGA	0	0	0	141.2835372	0	0	1298
AAGATACTAACCGCCATTTATGCTCGTTTC	0	0	0	0	90.27074236	0	7
AAGATCCTTGGTAAGATATGACTGCATCCT	0	0	0	0	679.4061135	0	119
AAGATTAGTTGCAGGATCTCGTAGGGCGGC	0	0	0	0	688.9082969	0	462
AAGCAAGTAGGGCCCGTGTATTTAATTGGT	0	0	0	0	1415.825328	0	719
AAGCACGTACGGTTAGGGGAGGCAAAGGCA	0	0	0	0	1026.235808	0	112
AAGCATGTTGTTCACTGATGGTACTGTCGA	0	0	10.03278689	0	0	0	89
AAGCCCACTAGGCTGTAAGGGCGTTCGTGA	0	0	17.83606557	0	669.9039301	0	178
AAGCCCATTTGATGGGTTGAGAACTGTTAG	0	0	12.26229508	0	0	0	24
AAGCGAAGAGTATTGGGAGGTACAGAGGTA	0	0	0	5.838162696	156.7860262	0	164
AAGCGGGAATCGTGTATGGGAGACATCGGA	0	0	0	0	118.7772926	0	57
AAGCGTAGAGGCAAAAAGAACATTTGCTGC	0	0	0	2.335265078	4.751091703	0	12
AAGCGTCGAGCTGTTGATTTAGTCGTTAAG	0	0	0	0	42.75982533	0	14
AAGCTATAACGGAGGCTGCAGCTCCTAGGT	0	0	0	0	199.5458515	0	36
AAGCTCGGAGAAGCTCAGCTAGCGTGCTGC	0	0	0	1.167632539	0	0	10
AAGCTCGTATAAATCTTTTCCAGGAACCTT	0	0	0	0	133.0305677	0	11
AAGCTTAGTGTGAGTAGAGAAGGACCTTGT	0	0	0	12.84395793	0	0	3
AAGCTTCCTATTTATGGCTCGGGTATGCAG	2.093918399	0	0	0	0	0	79
AAGGACACTGGTGTGGAGGAACGGGCGGAG	0	0	0	0	42.75982533	0	6
AAGGACATACGCAGGTCTTCCTCGTGGGGA	0	2.140468227	0	0	137.7816594	0	24
AAGGACGGTATAAGTAGCATGTCCCGATTG	5.234795997	0	0	0	0	0	23
AAGGACGTAGGGATAGTAGGAGGCGCGGTG	6.281755196	14.98327759	139.3442623	0	346.8296943	0	1009
AAGGACTCAATCCCACTCACTCATAATTAA	0	0	27.86885246	0	0	0	245
AAGGAGCCATGTTGTGTACCAGCACATGGA	0	0	2.229508197	0	0	0	62
AAGGATGTAAGAGGGCGTCTCAGATAGGTC	0	0	0	0	23.75545852	0	17
AAGGCTCGTAAAACAGGAGATTTGACCGGC	0	0	0	0	1197.275109	0	492
AAGGCTTGAGTGCACTGGGGCGAGGTATAT	0	0	84.72131148	0	0	0	27
AAGGCTTTTAGGAGGATACATGTTAGTCTG	0	0	0	8.173427774	71.26637555	0	5
AAGGGAGCTCACGTATGTGGCTAGGTGCGA	0	0	0	0	9.502183406	0	66
AAGGGCAGATAGCGGACTGGGAGAATGAGA	20.93918399	0	0	0	0	0	518
AAGGGCTCACTTAAATTTGGTGTGGTAAAG	0	2.140468227	0	0	0	0	41
AAGGGCTCATTTGTTGGTAGGGAGTACTGC	0	0	7.803278689	66.55505473	0	0	167
AAGGGGTTAGATTGCGCGGGGCGGGAGGAG	0	0	0	0	28.50655022	0	174
AAGGGTGCTTTAATGCTTGCAGGGCCATAT	0	0	0	0	1477.58952	0	1621
AAGGGTTATGAGAAACCGAAGAAGTAAGGC	0	0	23.40983607	0	0	0	902
AAGGTAGAAAGGGGCTGCTACCTAGAAGCG	0	0	0	0	57.01310044	0	40
AAGGTCGGATCGGGGGCATATAAACGGTGT	0	0	0	8.173427774	0	0	12
AAGGTGAGTGGAGGGAATTCGATTAGGTTT	0	0	0	0	9.502183406	0	8
AAGGTGTCAAGGAGGGCAGTGTAGTTCGAG	0	0	6.68852459	0	251.8078603	0	56
AAGGTTCGATTTCCGGGCCCTGGACCGGCA	0	0	4.459016393	0	0	0	4
AAGTAACCAAAGTCGTCAATTGCAATGAGC	0	0	0	0	147.2838428	0	10
AAGTAATGTCTGGGTTCACGGGAACTCGAG	0	0	43.47540984	0	0	0	1
AAGTAGAATTGTGTGCTTTGGCAGGGGTAC	0	0	0	0	19.00436681	0	5
AAGTAGGAACTTTGGGGGCGCTAGTTCACG	0	0	0	0	166.2882096	0	55
AAGTAGTATCATTCGCTTAGACCCTCGGAA	0	0	16.72131148	0	0	0	12
AAGTATTGTCCTTGAAGGGTCATTAGGGTG	0	0	0	0	517.8689956	0	57
AAGTATTTTATCACCTGAATAGCATAATGT	0	0	0	0	142.5327511	0	4
AAGTCAGGTAATCTAGATAAATTGAAGTTG	21.98614319	0	1.114754098	0	0	0	26
AAGTCTAGATCTATGGCCGTAGCCCTAGGA	0	0	0	0	104.5240175	0	30
AAGTCTATTGCGAGCTAAGGTGCGAATCGT	0	0	0	108.5898261	0	0	15
AAGTCTGTTTGAGTTCCCAAGTACAGTCCG	0	0	34.55737705	1.167632539	0	0	54
AAGTGACCAAAGGTCGGTTGTTTGGAGGGG	0	0	0	0	23.75545852	0	6
AAGTGACCTAGTTGGGAGGCAGGAAATGTG	0	0	0	0	23.75545852	0	1
AAGTGAGATGATCCCACACGGAGTGTACTT	0	0	0	0	38.00873362	0	57
AAGTGCTGATTTGATGGGGGTCGGTGGGAA	0	0	3.344262295	0	2019.213974	0	26
AAGTGGACAGTGGTTTAAATAGGGAACGGT	0	0	0	38.53187379	0	0	87
AAGTGGGCTCGTCGCCTAGTGTAAGGAGCG	262.786759	602.541806	463.7377049	0	2123.737991	0	255
AAGTGGGGTTTAAGGTATGTGATACGTGGG	0	0	0	0	940.7161572	0	1170
AAGTGGTAACAGCTTTATCTCAGTGCCCTC	0	0	0	0	1149.764192	0	1333
AAGTGGTATCTACGGGATGCGCGGTATTTG	0	0	0	0	4.751091703	0	166
AAGTGTGGTTATAGCACTTTTTTCTGAGGA	0	0	0	0	85.51965066	0	227
AAGTGTTAACACGGCTAAGTTCTCAGACTC	0	0	0	0	14.25327511	0	2
AAGTGTTTTAAAGACACACGGGAGGGAAAA	7.328714396	80.26755853	15.60655738	0	0	0	52
AAGTTAACACAGGTTGATGGCCTTAGGTGG	0	0	0	0	28.50655022	0	1
AAGTTAAGATGGCATACTTTCATTGTATAA	7.328714396	6.421404682	24.52459016	0	603.3886463	0	29
AAGTTATAAGAATGCTGGCGTTGTCAGGTA	0	0	0	2.335265078	0	0	4
AAGTTGCATTCAAGTCTTATATCCACTCGA	0	0	0	1.167632539	0	0	1
AAGTTGTCATTCTATGTGTACTGGTCACGG	0	0	0	0	47.51091703	0	136
AAGTTTGTTTGGATCCGTGTAGACATTTTG	0	0	0	0	33.25764192	0	49
AATACGTCAATTTGACTTATTTTGTATACA	0	0	0	3.502897618	0	0	164
AATACTGGATATAAGCTGGTACTTGGCGAC	0	0	0	5.838162696	565.3799127	0	115
AATAGAGTTTCCTCCAAACCAACGGTGGCT	0	0	8.918032787	0	0	0	23
AATAGATCATAGTAACTCCAGCCTGCGGCG	0	0	3.344262295	0	0	0	10
AATAGCTGATGTTACTATAATTTACGGGTT	0	0	0	36.19660871	80.76855895	0	23
AATAGCTTATTAGGGTCGCATGGGATCATG	202.0631255	782.3411371	163.8688525	0	0	0	865
AATAGGGGACGCTTGTGTTTTACAGTTAGC	0	0	28.98360656	0	99.77292576	0	36
AATATAAAAGCTTGTCAGATCGCTTGTAAT	0	194.7826087	0	0	0	0	41
AATATAATTGTTCGCGCTGATGGCTAGGGA	0	0	0	0	4.751091703	0	3
AATATATCTTTTCTCGCGAAAGTATTGCGC	0	0	1.114754098	0	0	0	20
AATATATTAGATTGTATTATAAGAGGTCAA	5.234795997	31.0367893	0	0	0	0	33
AATATCAGTCCCGTGGTTAGAGTCAGGGGT	0	0	0	0	33.25764192	0	39
AATATCGATACTTCGCTTGAACAGGGATCG	0	0	0	0	23.75545852	0	17
AATATCGTTGGTGGTAGAACGAGTTAGAGA	0	0	0	2.335265078	66.51528384	0	18
AATATCTCCGAAATTCCGTCCCAATACACA	0	0	0	1.167632539	0	0	1
AATATGAGTTGGTGGCACCCCCCGGGTGTA	0	0	0	0	19.00436681	0	136
AATATGCCATAGCTAGTATGTAGGGAGTTA	0	0	32.32786885	11.67632539	0	0	712
AATATGGAAAATATTGTTAATTACTACGGG	0	0	0	5.838162696	0	0	36
AATATGGGAGTTGGATGGCGACGCCGAAGT	0	0	0	4.670530157	0	0	3
AATATGTAATAGGTTAAACGGTTTCCGTCC	0	0	0	0	541.6244541	0	292
AATATGTTTATGAGTACCGTCCGTGGGGGG	0	0	0	0	33.25764192	0	17
AATATTCGTAACTGTTAGGTCAGAGCAGAC	0	0	0	0	66.51528384	0	10
AATATTGAAAGTCGGAAGACTTGTGATTCT	0	0	0	0	57.01310044	0	9
AATCCTATAGAGTACATTTGTTGAGAGTTA	0	0	0	0	14.25327511	0	290
AATCGCATAGATTCCATTATCCTAACACGT	0	0	0	0	23.75545852	0	1214
AATCGCTTATAGATTTATTATCTTGGTGCC	0	0	0	0	9.502183406	0	3
AATCGGCGTCAGGCTGGGGCCGCCCTTCAG	8.375673595	0	270.8852459	0	38.00873362	0	165
AATCTAACAGAATGATGGGATAGGGCAACC	0	0	0	16.34685555	85.51965066	0	12
AATCTAACTGTTGTATTGGGGCACAGTGGG	0	0	0	0	42.75982533	0	2
AATCTAATAATGCCGGGTAGGTGTATTTTA	0	18.19397993	0	64.21978965	4684.576419	0	2054
AATCTCAATCATTTTTCAGTCGACTGGACT	0	0	0	75.89611505	1715.144105	0	922
AATCTGGATCGAGGTACGCCGAAGAGGATA	0	0	74.68852459	0	0	0	1584
AATCTGTGACCGTAAGGGTGTTGTGCAAGG	0	0	0	0	4.751091703	0	28
AATCTTAGAGGGCCGGGCAGGGATGGGCGG	0	0	0	0	19.00436681	0	15
AATCTTGTACGCCTATGTCCATTTCGCCGG	0	0	10.03278689	0	0	0	3
AATCTTTCTTGGTATTGGCCGAGCTTTAAA	991.4703618	150.90301	343.3442623	0	42.75982533	0	161
AATGAGAGTATTACATGACTATTTTAGTGG	0	0	0	0	14.25327511	0	2
AATGATAATATAGGGTAGAGTTCGCCAGCC	0	0	0	0	266.0611354	0	317
AATGATATTAATTTGGCACAAGCCTGCTCG	0	0	4.459016393	0	61.76419214	0	1
AATGATGTTAGCTTCTTTCTCGGGGGGTGC	0	0	17.83606557	0	323.0742358	0	33
AATGATTCAGAGGATTAAATATCAATGCCA	0	0	5.573770492	0	0	0	193
AATGATTTTGTGATCTTCCAAACATATACC	0	0	14.49180328	0	0	0	4
AATGCAGAATAAACCGTTGACGCCGAAGAG	0	0	0	9.341060313	2470.567686	0	32
AATGCCGTACATTTATTTGGTCCGGTTCAG	0	0	0	105.0869285	2950.427948	0	2036
AATGCGGAATAACAGAAGAGTGACTCAATT	0	0	65.7704918	0	19.00436681	0	695
AATGCTAGTTGCTCAGTGGAGCCGTATTTA	252.3171671	39.59866221	11.14754098	0	0	0	2
AATGGCGAATGCCGTAGAGTACAAACTTGA	0	0	1.114754098	0	0	0	4
AATGGCGGACAGCTGCCACGGGGGAGTAAG	0	0	0	0	836.1921397	0	279
AATGGCGGAGGTGGAGAAGAGGGAAGCGGA	0	0	0	0	5045.659389	0	9901
AATGGGACATGGCTTGTGTCAAGAATGCTA	275.3502694	16.05351171	56.85245902	0	1040.489083	0	2410
AATGGGGGTCATCAAAGAAGGGTAATAGTG	0	0	0	0	133.0305677	0	1716
AATGGGTCACCCGCGGCGTCCAAGACCCTA	0	0	0	25.68791586	0	0	688
AATGGGTGTCGAAAGAATGGCTGGTTGCCG	0	0	0	0	4.751091703	0	1
AATGGTTGTTCGGTGTGCCTTTAAAACGAT	0	0	0	0	3354.270742	0	523
AATGTAAAAATCCTTTAAGGTCTGAGTAAG	0	0	0	117.9308865	0	0	818
AATGTACGACGGGTACCTCAGTTGCTGCTC	0	0	0	0	4.751091703	0	25
AATGTAGCTTATGAGCATCGTGTCATAATT	0	0	0	10.50869285	142.5327511	0	30
AATGTATCTGGGAGTAGATTTACAACATTG	0	0	0	144.7864349	204.2969432	0	431
AATGTCGATGGAAGTTATATACCTGACTGT	0	0	0	0	1249.537118	0	74
AATGTCGTTATTTAAATTCTTATAAATTGG	0	0	0	0	2850.655022	0	321
AATGTGCTATTTACGTCAGATGAAGGTAAA	0	0	0	0	9.502183406	0	1
AATGTGTTACTGTTTACACGGGAGGTATCG	0	0	0	5.838162696	0	0	47
AATGTTAGTCAGGTGATGAGTGAGCGGAGG	0	0	0	3.502897618	28.50655022	0	4
AATGTTTAAGTATCAATGTTGGGCGTGGAG	0	0	0	0	76.01746725	0	32
AATGTTTATAGTGCGATATATTAAACTAAA	0	0	0	8.173427774	4161.956332	0	4315
AATGTTTGTGTCATCAATAATGCTAGAAAG	0	0	0	0	394.3406114	0	34
AATGTTTTTAGGAAGTTATGTTAATACTAG	1.046959199	5.351170569	10.03278689	0	0	0	599
AATGTTTTTCTGACTGTACGGGACCAGTAC	0	0	7.803278689	8.173427774	28.50655022	0	1
AATTAAGCATGCGCATGGAGTGGATCGATT	0	0	0	0	14.25327511	0	42
AATTAGGATAAAAGTTAATCATTATCAGTG	0	0	8.918032787	0	0	0	311
AATTATATTGCCCACTGCTGGCCTCTAGAC	0	0	33.44262295	7.005795235	726.9170306	0	136
AATTCATATTTACGTGGACCAGTAGTCTGG	0	0	0	0	57.01310044	0	14
AATTCCGCATTGGCTCCACCCTGAATCGTC	47.11316397	67.42474916	27.86885246	0	0	0	15
AATTCCGTACTTACGTATTAAAAAGGCATG	0	0	0	0	85.51965066	0	296
AATTCTCTTCGCGGTCACCTCAACTATAGT	0	0	14.49180328	9.341060313	532.1222707	0	143
AATTGATGTCCGTGACTGTTGGTTGCGTAC	0	0	0	59.5492595	3824.628821	0	2196
AATTGATTAAACGCATAGTTTGTTTGCCAT	7.328714396	11.77257525	16.72131148	0	0	0	17
AATTGCCGTTCTGCGGCTGGCTGGTCGAAG	0	0	0	0	104.5240175	0	6
AATTGCGTAGGTGTACGTGCGGACTTAGTT	0	0	0	0	171.0393013	0	163
AATTGCTTTTGAAACGGGTTTGAAGAATGG	0	0	0	0	38.00873362	0	18
AATTGGCGTATTGCTCCATTGTGGTAATGT	0	0	0	0	460.8558952	0	709
AATTGGGAACAGCTGGATGACTATGACTTG	0	0	0	0	717.4148472	0	124
AATTGTATATGGGCCGGATCGGCTAATAGG	0	0	0	0	9.502183406	0	457
AATTGTGAATAGACTTATCGTGACGATGTT	0	0	0	0	9.502183406	0	7
AATTGTGCTGCCGCGATTACCACTTGGCCT	0	0	42.36065574	0	1149.764192	0	722
AATTTCGCTATGCCGTGCCCATTACTGTTG	0	0	0	8.173427774	123.5283843	0	466
AATTTCTTTCGGCACTAAGGTCCACGCGAC	0	0	1.114754098	0	0	0	13
AATTTGTTTTGCAAGTAGATAATATTTAAA	0	0	0	0	95.02183406	0	1200
AATTTTACTTATTAAAGGCCATGTGGTGCC	0	0	0	0	7050.620087	0	1311
AATTTTAGAGGTGGTAACTTCCAGCTGGGC	0	0	1.114754098	0	0	0	72
AATTTTTGTGTGAAAAGTTTAGGTTGATTT	0	0	0	0	4.751091703	0	1
ACAAAAACCAATGGCGATACCATGAGTCAT	0	0	1.114754098	0	0	0	1
ACAAAAGGTGGAGGCGGGAGAGTGTGGGTG	104.6959199	0	0	0	878.9519651	0	131
ACAAACACATGGTGGGATTTCACATCGAGA	15.70438799	0	75.80327869	0	342.0786026	0	160
ACAAAGTGTGGGGGCGTTCAGGACCACTAG	0	0	0	0	85.51965066	0	59
ACAAATCGTTTTAGGCCTTTGTGTCAGATA	0	0	0	0	280.3144105	0	87
ACAAATGCTTGCAAGCTTAGCAATCCAAGG	0	0	2.229508197	0	0	0	45
ACAACGCATATCGTGGGACAGGTATAGTGT	0	0	11.14754098	0	0	0	72
ACAACTAAACATAGTATACCAACACTTCAT	0	0	0	21.01738571	1045.240175	0	34
ACAACTTCATCGGGTGTTGCTAGCAGCCCT	0	0	435.8688525	0	0	0	2290
ACAAGAATTGCTTGTGTCCAACCCGTGGCT	0	0	14.49180328	0	0	0	202
ACAAGGGGTTTATATGAGTGGGTGTGCTGA	0	0	0	3.502897618	209.0480349	0	107
ACAAGGTAATGTCGGGTGGGAGTGATCTGA	0	0	0	1.167632539	0	0	1
ACAAGTTGTGGGGTCGATTTCGTAGTTATT	0	0	1.114754098	0	0	0	1382
ACAATCGTATCGGGTGCGGGACGTATGAGG	0	0	0	8.173427774	247.0567686	0	245
ACAATGCGTCCGGGAAATAGACGGCTGAGG	0	0	0	0	137.7816594	0	52
ACAATGGGTGGCTGTACGAAAAGCAATTTG	0	0	0	0	1563.10917	0	88
ACAATGGTAGCTAAATCCGATAGTCCGAAG	0	0	14.49180328	831.3543679	0	0	26
ACAATGTTTTTACGTTAAAATGTTACATGT	0	0	0	0	61.76419214	0	204
ACAATTCAAATATTCCGGCAATGCTGTAGA	0	0	3.344262295	0	0	0	24
ACAATTTATAATTGTGAAAATAGTGGCTAC	0	0	7.803278689	0	0	0	5
ACAATTTATGCAACCTAGTTTCGGGTTACT	0	0	0	0	294.5676856	0	63
ACAATTTCAAACAGGACCATTGTTACCTTT	0	0	0	0	4.751091703	0	4
ACACAATAATGATGTTCGTACAGAGTCAGC	0	0	112.5901639	0	508.3668122	0	456
ACACACGATACGCGATCCACTAGGTGACGC	0	0	0	0	14.25327511	0	2
ACACACTTATCTCCGGCAAGCTCAGGCAAA	0	0	16.72131148	54.87872934	1748.401747	0	105
ACACATCCTGAGTGCAATTCGTCCCGACAG	0	0	0	2.335265078	19.00436681	0	78
ACACATTCTACCAGCCTGGTTCTTTGGCAA	0	0	10.03278689	0	0	0	49
ACACATTGTGGTACAACTTGATGGAACGAG	0	0	0	1.167632539	0	0	1
ACACCCGATCCTACCTGTGAAATATTCATG	0	0	0	0	4.751091703	0	5
ACACCTTGTATCAGGGGAAAGCGTTACAGA	0	0	10.03278689	0	61.76419214	0	123
ACACGAAAAATGAGTGTGGTGTAGTGCGAT	0	0	0	0	4233.222707	0	278
ACACGAAGTCGAAGTACGAACAGTATAGCG	0	0	0	0	28.50655022	0	4
ACACGAGCTGCAAAGAAAACGGTTTGTGAT	0	0	2.229508197	0	0	0	103
ACACGAGTTTTGTTGATGTGTCAGGGCTTT	0	0	104.7868852	0	527.371179	0	190
ACACGGCGATACCATCGAGGGGGAGGTGCA	0	0	0	0	9.502183406	0	1
ACACGTTCATAAGAATGTGACTCGGTGTGA	0	0	4.459016393	0	0	0	40
ACACTCCTTGGTTCTGTGCAAATTTCAAAG	0	0	54.62295082	0	0	0	2629
ACACTCTCACGTGCTTGTTAGGGGCAGAGG	0	0	0	0	23.75545852	0	19
ACAGAAAAATAGTTGAATTAAAGGAAAGCA	0	0	1.114754098	0	0	0	55
ACAGAAAGTGGTGAGGCCGGGGCGATGGTT	0	0	0	3.502897618	0	0	1
ACAGAACGTGAGATTCTGGGAATTGTCTAG	0	0	0	0	4.751091703	0	572
ACAGACTATGTACGGTCGGTTCCTGGGGAC	0	0	0	0	47.51091703	0	17
ACAGAGTTATATGTAACTAGAATGTACAAA	0	0	0	28.02318094	47.51091703	0	66
ACAGATAAAGCTAGGCTAGAATGGGGTTGG	0	0	34.55737705	0	0	0	1983
ACAGATTAATAATGACCTTTGGGAGCTAGC	0	4.280936455	0	0	0	0	46
ACAGCCTTTGGAGGGACTAGGGCTTCGGAT	0	0	0	0	270.8122271	0	115
ACAGCGATTATCGGCAAAGGAAGGCGCCTG	0	0	0	0	437.1004367	0	131
ACAGCTTGACATGGTAAGTCCTCTTGGGAA	0	0	0	0	456.1048035	0	250
ACAGGACGTTATCTTTAAGTGGGAAGGTTT	0	0	0	0	470.3580786	0	375
ACAGGCGGTTCCTCCGCGAAAAACACCGTT	0	0	0	0	389.5895197	0	23
ACAGGGCTATAATCCCGATGTGATGAAGCG	0	16.05351171	0	0	0	0	23
ACAGGTAATCATGAATACTGTGCGGATCGA	0	0	1.114754098	0	0	0	6
ACAGGTGGAGCGCTACGCCAACTAGGGCGC	0	0	36.78688525	51.37583172	0	0	132
ACAGGTGGTGGTCGGAAGCGCGACGTACTC	0	0	0	2.335265078	323.0742358	0	11
ACAGGTGTAATGGGCAATAGGGATCAGGGT	0	0	4.459016393	0	142.5327511	0	5
ACAGTATGTGCTTCGGGAGGAATGTGGATG	0	0	0	11.67632539	4.751091703	0	4
ACAGTCCGATAGGCATCAGCATGTTGTGTT	0	0	0	0	57.01310044	0	40
ACAGTTTTAGGTTTGAATAAACTGTCCTGA	0	0	13.37704918	0	0	0	1965
ACATACGGTCTGCGCGCGCTTACAAGTCGG	0	0	0	0	484.6113537	0	74
ACATAGGAAGTAGGGGTTCGGTTAGAGTGG	0	0	0	0	14.25327511	0	6
ACATAGGGTGGTTAGCAAGCTGTTAGTGGG	0	0	0	0	23.75545852	0	149
ACATATCAATGATCATGCAGGGCATTACGC	0	0	6.68852459	0	0	0	47
ACATCTAAAATTGACTTCGGTTAAGTGGAG	0	0	0	0	19.00436681	0	1
ACATCTCTTCGTAGCTTTTGTCAGTCTCGG	0	0	0	0	118.7772926	0	31
ACATGGTCATTTGTTGCGACCTGTCAGGTG	0	0	0	0	19.00436681	0	11
ACATGTTTTGATTGTCTTGGATCATGCGTA	0	0	0	0	4.751091703	0	20
ACATTCGTCTTCACCCATTCTTCATGGAGT	0	1.070234114	0	0	0	0	1
ACATTGAGATCGAAAATTGCCAGGTCCGCA	0	0	0	0	441.8515284	0	5
ACATTTGCACAGGCAACTTAGACCAGAAGC	0	0	0	92.24297059	19.00436681	0	20
ACCAAACCACGGACTGAAACGATTTCTGCG	0	0	0	4.670530157	0	0	4
ACCAAAGATTTTGGCTCTGAGTTAACATTG	0	0	0	0	4.751091703	0	4
ACCAAATAATTATTATATTACAGAAGCAGA	0	0	0	40.86713887	954.9694323	0	833
ACCAAGGCAGACCGCTATTGGAATGTGGGC	0	0	0	0	28.50655022	0	11
ACCACCCTTCTCCCCTATCATACCTACCCA	0	0	1.114754098	0	0	0	1
ACCACGATTCTACACTTAGCAGGTAGTTCA	0	65.28428094	17.83606557	0	0	0	36
ACCACTCTAACGAAATCCGGCAAGTACATA	0	0	0	0	80.76855895	0	21
ACCACTGTTGTAGAACGCAGGGTCAGGGGA	0	0	30.09836066	0	0	0	3400
ACCAGGTTTAAGTACGGATACTCGCGCGCG	0	0	0	0	4.751091703	0	250
ACCATCCGTTGTCCATGTACTGAGACAGGT	0	0	109.2459016	0	0	0	1438
ACCATTATAGTGGACGGGGTTCTCGTGGGG	0	0	0	0	4.751091703	0	2
ACCCACGGACCCATCACCCGGAGACAAGGC	0	0	61.31147541	0	0	0	81
ACCCGAGTTGAGTGGGGTGAAGGCGTCGTG	0	0	0	380.6482078	232.8034934	0	56
ACCCGGAATCTCTGTCGACGTGGGAGGGTG	0	0	23.40983607	0	0	0	680
ACCCTAGCAACATAAGATGAACAGTTGAGT	0	0	0	0	874.2008734	0	395
ACCCTAGCTAGCGCTCACGTGTGATCTTAA	0	0	0	8.173427774	3040.69869	0	2269
ACCCTAGCTCGATATGACGGGGCATGTGCA	0	0	0	0	470.3580786	0	37
ACCCTCCTCGGTTCTGTGCCAATTTCACAG	0	0	1.114754098	0	0	0	1
ACCGAAGTTAGACACCAAGGGCGAATAACT	0	0	7.803278689	0	0	0	6
ACCGACCTAAGGGCGAGGGGCTGTCCCATA	0	0	0	0	4.751091703	0	32
ACCGAGCTAAATATTCCGGATAGAACGACG	0	0	15.60655738	0	0	0	10
ACCGCGTGTTAGGTTAGACTTTCAGGAATG	0	0	0	0	90.27074236	0	4
ACCGGAAGAACCTCAGTACGAGAGCTCAGT	0	0	13.37704918	0	4.751091703	0	156
ACCGGATAACCAATTTTAAAAGCCTACCGA	0	0	0	0	4.751091703	0	1
ACCGGATCAAGTCAAGGGCAGAGCGCGATT	0	0	0	16.34685555	2864.908297	0	317
ACCGGCGCTCGTTGGACGGTTATGCGGGTT	0	0	0	32.6937111	0	0	22
ACCGTCTTTGCCGGAATGGCTGGTGGTGAC	0	0	0	150.6245976	2033.467249	0	371
ACCGTGGATGTTACGCACTGTCGCGCACTG	0	0	7.803278689	1.167632539	0	0	11
ACCGTTTAAAGGGGGTAATCTTGGCGTTGA	0	0	24.52459016	0	0	0	1
ACCTAGATACTCTTTCCCACGCATTATATC	0	0	1.114754098	0	14.25327511	0	22
ACCTCGTCTCGGCGGGGGTATGGTAGGTGG	0	0	37.90163934	121.4337841	0	0	145
ACCTGCAAAACTCGGTGTACCCTATCAAGA	0	0	0	0	9.502183406	0	118
ACCTGCCCTCACATCCAATTAGGGAGGACT	0	0	0	0	28.50655022	0	4
ACCTGGAAATGCTAATGGGGGTGCTGAGCG	0	0	0	9.341060313	9.502183406	0	16
ACCTGGTCTCAGCTGGGGCAGCATTCAGAG	0	0	0	0	945.4672489	0	458
ACCTGTCCAGGCAAGGGGTCGTGATAGATA	0	0	36.78688525	8.173427774	0	0	1650
ACCTGTTAAATGTCGTTTCCCGTGTGGATC	0	0	0	11.67632539	0	0	516
ACCTGTTGTCGATTGAGAATTCGTTAGGGC	0	0	0	0	299.3187773	0	194
ACCTGTTGTTACGGTCGAAAAGGTGGATTG	0	0	0	0	9.502183406	0	1
ACCTTCAAAAGGGCGAAGTAAACAGGGGAG	0	0	0	0	4.751091703	0	1075
ACCTTGAAAAAATGAGTTCACAGTCCCGCA	0	0	0	0	42.75982533	0	73
ACGAAAGGTGTTGGTTAAAGTGTGCGACGG	0	0	0	169.3067182	2484.820961	0	113
ACGAACATACTTGGCCAAACAGGTTATTTA	0	0	0	4.670530157	0	0	18
ACGAAGGCACGTGTGTGCACGTCTGAGGGG	0	0	0	0	4.751091703	0	21
ACGAATTCATATTACTTATCCCCAAAAATT	0	0	0	0	38.00873362	0	40
ACGACCCATTATGGGGAATACCTGATGGAA	0	0	0	0	603.3886463	0	35
ACGACCCTTCTCCATTCCCATACTGGCCTC	0	0	1.114754098	0	0	0	1
ACGACCCTTTGGGGGTGGGAGGAGTGGGCT	0	0	1.114754098	0	109.2751092	0	54
ACGACGTGTGAGATTCCGAGGAGACGCGCG	0	0	3.344262295	0	0	0	325
ACGAGACGTTATAAGCATAGGGTGCCGCAG	0	0	0	0	4.751091703	0	1
ACGAGCCATTCGCGGAGGAGTTTCTTACGC	0	0	5.573770492	0	71.26637555	0	80
ACGAGCGTTTAAGTGGTCCTGTTCTTTGCC	0	0	0	0	33.25764192	0	857
ACGAGTATTGCTCCCACCTCGTGTGCAAGT	0	0	0	0	2185.502183	0	75
ACGAGTCCAGGGCGAGGTAGGCCAAGGGAA	550.7005389	1783.010033	264.1967213	12.84395793	8803.772926	0	330
ACGAGTTAATTTAGTGCGTAATATCCAATT	0	27.82608696	183.9344262	21.01738571	71.26637555	0	128
ACGATAAGTAGGGCGGTGCCGGCGAATGGT	0	0	0	0	28.50655022	0	6
ACGATAGTACTTTCTACGGTCGTCTACAAG	0	0	0	0	332.5764192	0	888
ACGATATTTTTGAAGATGCTACCATAATTG	0	0	5.573770492	0	0	0	958
ACGATCTCATGGAGGAATCCTGTATTTGTG	0	0	0	531.2728053	769.6768559	0	438
ACGATGGTTCGTTGCCAGTGAAAGTTTGTG	0	0	0	0	280.3144105	0	9387
ACGATTAGTGGCCGTCACCTGCGTGATCTA	0	0	0	92.24297059	845.6943231	0	15
ACGATTCCAGGTCATGTATTTAATACGATG	0	0	0	166.9714531	0	0	54
ACGCAGGGTGAGTTAGCAAAGCCGTTAGTA	0	0	0	10.50869285	760.1746725	0	178
ACGCCAGTTGCAGATCTCCGCTTTTATGGT	0	0	0	0	4028.925764	0	1390
ACGCCCGTAGGTACCGGTATTTACGGAAGC	0	0	0	25.68791586	9.502183406	0	17
ACGCGATTACAACGCAAAAAGGCTGCTCAC	0	0	0	5.838162696	0	0	13
ACGCGGCTTCAGGTCGAGTGAGGAACCTGA	0	0	0	23.35265078	441.8515284	0	160
ACGCGTGGAGCGGAGAGAGTTCAATACCAT	0	0	0	453.0414252	4551.545852	0	2191
ACGCGTTCAGCGGATCCTGTGATAGTATAG	0	0	0	0	1738.899563	0	33
ACGCTAGAAGCCCGATCCCATGAGTAGCCC	0	0	0	33.86134364	2185.502183	0	1940
ACGCTAGGTGGGGTTTGGTCAGACCGATAG	0	0	1.114754098	0	0	0	68
ACGCTATCATAGTAGATGGTAGAAATCAAC	0	0	0	0	4.751091703	0	1
ACGCTGTCTTTGACTGACTGATGTCATTTA	0	0	0	0	38.00873362	0	5
ACGCTTGAAAACACGTCGACATTACAAAAT	0	0	0	0	47.51091703	0	14
ACGCTTGAACGTCGAGTAAGATTCGTATGC	0	0	0	1.167632539	133.0305677	0	1
ACGCTTTCTAATGGGGAGCCGCGCTCCATA	0	262.2073579	34.55737705	0	2817.39738	0	258
ACGGAAAGTGAAGACCCGTAGGTAAGTTGG	0	0	0	0	137.7816594	0	5
ACGGAACGACATTAGGCAAGTCGGCGGTCG	0	0	0	9.341060313	109.2751092	0	64
ACGGAAGAAGTTTATGAGTTTTATTTAAAT	0	0	6.68852459	0	0	0	307
ACGGCCGCTAAATTGACGGCTAGTGGGCTT	0	0	0	0	4.751091703	0	2
ACGGCCTTAACGACGGAAGACCAAAAGAGC	0	0	0	0	47.51091703	0	17
ACGGGATGTCGAGGTACATTTTTAATTTTT	0	0	12.26229508	0	0	0	746
ACGGGCATAAGAGGGATAGTCGTACGGATC	0	3.210702341	2.229508197	21.01738571	99.77292576	0	24
ACGGGCCAAATCATTTGAGGACGGCCATCG	0	0	0	72.39321743	123.5283843	0	453
ACGGGGTTTGGGCGCGGAGCACCCTGGACG	0	0	0	0	14.25327511	0	12
ACGGGTTGAGGAGGAGCGGTAGGGCGTACC	0	0	0	4.670530157	0	0	1
ACGGTAAGAGCTTCGATTCGAAGACCTGAT	0	0	3.344262295	0	0	0	108
ACGGTAGCTAGTTAAGTCGGAGGTTAAAGG	0	0	0	7.005795235	19.00436681	0	87
ACGGTATCTGGGCTGGACAATCGTTCGTTC	11.51655119	7.491638796	0	0	0	0	5
ACGGTCGATGCCGTTTTACTACATGGGCCT	0	0	0	1.167632539	4.751091703	0	23
ACGGTGAGATGGCAGGGGCGGTAGGTGTCA	0	0	2.229508197	0	14.25327511	0	20
ACGGTGATAATGCGAATCGCGGTATTCGTT	0	0	0	549.9549259	1748.401747	0	178
ACGGTGCAAGTGGTACACCAACTGACCGTT	0	0	0	0	33.25764192	0	29
ACGGTTGTAGTCATTAAGGCGGGGTGAACG	0	0	0	10.50869285	0	0	4
ACGGTTTGTGTGGCGTTGGTGTAATAAGTT	0	0	0	0	23.75545852	0	14
ACGTAAAGTCCGATAGATATAACTAGATTA	0	168.0267559	65.7704918	0	156.7860262	0	163
ACGTAAGAAATCAGGCTTAGGCATATTGTT	0	0	0	0	28.50655022	0	1
ACGTAGGGTATAGCCGTTTCTCGAGTAGGA	0	0	4.459016393	0	0	0	146
ACGTCATCTAATGAAAGAATGGCAATTGAG	0	0	0	0	394.3406114	0	550
ACGTCCCCTAGCATGCGTGTCCCGGCTCAA	0	0	0	0	9.502183406	0	7
ACGTCCGTATGTCTCATGGGCCGAAGAAGT	0	0	0	0	33.25764192	0	30
ACGTCGGCAAGGAGATGCGAAGAACTGACA	0	0	0	0	175.790393	0	811
ACGTCGGCACATGAAATACTGCGTGATGGG	0	0	0	64.21978965	228.0524017	0	1186
ACGTGAATAAATCCGGTAGACCAACTTCCG	0	0	0	0	80.76855895	0	35
ACGTGAGAACGCGTGACTAATTAATGGATA	0	0	0	0	1710.393013	0	2967
ACGTGATGTTATGGCGACACGGAAAGCGAC	0	0	16.72131148	0	0	0	8
ACGTGGAATAGTTTATGGTTTTCTGTGTAC	0	0	12.26229508	0	0	0	3
ACGTGGATACAGTGCGGTCGTTCTAAGCAG	0	0	0	184.4859412	156.7860262	0	15
ACGTGGGGAGCTACAGTGCGTTATGGGGAT	0	0	0	0	71.26637555	0	12
ACGTGGTTTTATTGTTTACCTAGCGGTGCG	0	0	0	0	137.7816594	0	51
ACGTGTCGAGCTGAGGATGTTAGCCGCGCA	0	0	0	0	14.25327511	0	73
ACGTGTTTAGGTTCATGCCATCGCAGTCGT	125.6351039	8.56187291	4.459016393	0	85.51965066	0	44
ACGTTAATAGGCCCGATGTGCGTTGGCATA	0	0	0	103.919296	3031.196507	0	3543
ACGTTATATAGTCGCAGTTCGGTGAATAGC	0	0	0	19.84975317	23.75545852	0	4
ACGTTGGCACGGGTCAAGAGGGTCGGCAAT	0	0	0	0	90.27074236	0	299
ACGTTGGTTAGAAAGGTCTCCATCACCCAA	0	0	3.344262295	0	247.0567686	0	31
ACGTTTCGTGGGACTGTAGTTGGATATTCG	0	27.82608696	32.32786885	0	80.76855895	0	4
ACGTTTGATGCGCTCGACTCCGAGGGCAGT	0	0	151.6065574	3.502897618	0	0	717
ACTAAAATTATAACACAGTTTTGGCATTTT	0	0	0	0	19.00436681	0	28
ACTAAAGTTAGACCGGTGAGATTTCTGTAG	0	0	0	0	4732.087336	0	1091
ACTAAATATCCGGTATACTTTCGACGTAGC	0	4.280936455	62.42622951	1.167632539	912.209607	0	928
ACTAAATGATTGGTCCGTGTTATCACACAA	0	0	6.68852459	0	0	0	99
ACTAAGACTTGTTGTAGGGTGGTAGAATTT	0	0	1.114754098	0	0	0	3
ACTAAGGATGAGTTCGATCCAACGTTCGAC	0	0	0	297.7462975	717.4148472	0	87
ACTACGGTACCGTGGGAGGCCAGGAGGGCT	0	0	31.21311475	0	0	0	1704
ACTACTGTTTAATATCGCGTGATACAAGGC	0	0	0	0	475.1091703	0	59
ACTAGAAAACGGATTGGCGGTTTAATAACC	0	0	5.573770492	0	0	0	1079
ACTAGACATCGCGGTGGGTCATTAGATTAT	0	0	0	1.167632539	0	0	8
ACTAGGCCAGTTGGGCCAGATAATAGTGTG	0	0	0	0	256.558952	0	73
ACTAGGGGTGGCGCATGTCTTTAAAGCAAA	0	0	0	0	4.751091703	0	7
ACTAGGTATGCCGTTTACGGAAATAAAGTT	0	0	0	0	99.77292576	0	275
ACTATCAAAAGTATACTAACAACCTCATAC	0	0	11.14754098	0	342.0786026	0	104
ACTATGGATAGGGCGGAGATAGCCAGGGTG	0	0	0	0	38.00873362	0	38
ACTATGGCTGTTTAACTGCTGACTACAGGA	0	0	0	0	432.349345	0	26
ACTATGTGTAGGTTCAAACTAGAGGCAGCC	0	0	0	0	4.751091703	0	7
ACTATTACATTTGATAGAGTCTTTCCTTAT	80.61585835	48.16053512	41.24590164	0	0	0	383
ACTATTGATGATTTTTTAGCTAGGTGCATG	0	0	0	0	199.5458515	0	150
ACTCAATATGCAGTGTGGGCGTTATTAGGA	1.046959199	0	6.68852459	0	14.25327511	0	21
ACTCACAGTCGCATGGGGATTAGGAAACCG	0	0	0	0	9.502183406	0	2
ACTCACGCTGGCTCTATATCTGGACGGGTG	0	0	0	0	9.502183406	0	9
ACTCACTCTGCCGTGTGGGCGTTATCAGGA	0	0	1.114754098	0	0	0	1
ACTCAGTGTTTTTGTTTGGTAAATGATTTA	0	0	0	0	42.75982533	0	2
ACTCATACTAGATCGCGATGGAGACAAGTA	0	0	0	0	9.502183406	0	7
ACTCATGGTACATTGGTGCACTTGCCTTGG	8.375673595	0	0	0	42.75982533	0	26
ACTCCTTTATTTTAGAGCACCGAGACATCA	100.5080831	194.7826087	0	0	0	0	1
ACTCGAGTATATGCGCAAAACAAGAATACT	0	0	4.459016393	0	574.8820961	0	248
ACTCGAGTATTCTTAGGGGAGTGGCTGTGC	0	7.491638796	0	0	0	0	58
ACTCGCATTAGGCATGCGAAGACGAAAGTT	0	0	8.918032787	0	0	0	74
ACTCGGCCTGGTCGGAGGGTGATGCGTTCA	0	0	0	23.35265078	2000.209607	0	779
ACTCTAACCGCGTCAGTCCTGCTTAGTCAG	0	0	0	0	4.751091703	0	1
ACTCTAATTGCGTCAGTACTGCTTAGTCAG	0	0	27.86885246	0	11773.20524	0	842
ACTCTAGGACCGACCCAAACTCTTTCCTAG	0	0	17.83606557	33.86134364	0	0	551
ACTCTCTTTCCCTAAACGTTAGTACGCACA	0	0	3.344262295	0	0	0	17
ACTCTGACATGGCGTAGGTGTATGCTAACA	0	0	0	5.838162696	0	0	24
ACTCTGGTTGCTATGTTTACGCACGGAATA	0	0	0	0	42.75982533	0	15
ACTGAAGCTACTTTGGCTTTCGTGCGATGT	0	0	0	0	1871.930131	0	33
ACTGAGTAAAGCTTCAGTGTAAACCTTGGG	0	0	0	0	4.751091703	0	411
ACTGCCGGATAGGAGGCCGTACTATGTCAC	0	0	0	0	4456.524017	0	562
ACTGCCTATTAATCGCACGTGTATAAGAGA	0	0	0	0	2907.668122	0	2662
ACTGCGGGAGGGTCTAAGCAGGAAAGGGCT	0	0	0	2.335265078	0	0	937
ACTGGGGAACTTGCGTTAGCTATCTTGTCC	0	25.68561873	0	0	0	0	1
ACTGGGTTTGGGGTTTCGGCGTGCGAAGCA	0	0	26.75409836	0	66.51528384	0	627
ACTGGTACAATGTCCGCCGACGGTGCTCGT	0	2.140468227	0	0	0	0	1
ACTGTCTATCCTGCTTCATTGTTATATTGT	0	0	0	0	33.25764192	0	16
ACTGTGCCAGCGACCCGCCCGCTGGGAGGC	0	0	0	25.68791586	0	0	5
ACTGTTATTCGTAAGGCTTCGTAATTCTGT	0	0	25.63934426	0	0	0	619
ACTGTTGGTTTAAATCTTCGGATTGTCCAA	0	0	0	71.22558489	228.0524017	0	66
ACTTACACTTCCTTATCCAGGGCTCAGTGA	0	0	1.114754098	0	0	0	61
ACTTAGGGTGTGATGCTGCCAGTCGCAAGT	0	0	0	70.05795235	0	0	179
ACTTATGAAAAAGTTACCGGATTTCGGGTA	0	0	0	0	3145.222707	0	266
ACTTCAGGTATCGCTATTACAACTTATGTT	0	0	141.5737705	0	0	0	165
ACTTCCCATATGGGGGTGGAGGTTAGGTAT	0	0	0	0	318.3231441	0	128
ACTTCCTAAAGTTGTTCTACAGATTGCTCT	0	0	0	0	213.7991266	0	2428
ACTTCTCTCCGCGGCCACCTCAACTACAGT	0	0	1.114754098	0	0	0	1
ACTTCTGGTGTCCGTTTGTGGGCTTCCGTG	0	0	0	21.01738571	4485.030568	0	323
ACTTGACAATGGATCCGTTGTATAGAAGGC	0	0	3.344262295	0	0	0	122
ACTTGACGTACGTATATATTAATACGAAGA	0	0	0	0	109.2751092	0	294
ACTTGAGGTGCCTCGTCGGGTATAGCCGCT	0	0	0	0	213.7991266	0	14
ACTTGCTGACAGGTGGCGTGGGCGTTGGAG	0	0	0	11.67632539	4.751091703	0	206
ACTTGTAATATAATTACATGCCGTTTTGAA	0	0	0	0	19.00436681	0	5
ACTTGTTGATGGGACCATCATTCATCGTTC	0	0	0	0	9.502183406	0	55
ACTTGTTTTCACCCATAAGATCATTCGCAT	0	0	0	145.9540674	0	0	109
ACTTTACATTTTTCAGGGAGACTCAGCAGG	0	0	0	3.502897618	38.00873362	0	7
ACTTTCAGAGCATTTCAGCGGTCTGTAAGA	0	0	1424.655738	1.167632539	3938.655022	0	4983
ACTTTCGTTTTTGTCCCGTTTAGAAATGTT	0	0	0	0	9.502183406	0	3
ACTTTGCATGCGTCCTTAGCATCTGAGTCA	0	0	0	0	57.01310044	0	1
ACTTTTGGACGGTTATTGAGCATGGCATCG	14.65742879	0	2.229508197	0	38.00873362	0	2
ACTTTTGGATTATTACAACGTTTAAAAGAC	0	0	0	3.502897618	242.3056769	0	88
ACTTTTTAAGATAAAAGGACCAAGATTATT	0	0	0	28.02318094	0	0	13
AGAAACCTACATGTATGTAGCTTGATGGTG	0	0	0	0	9.502183406	0	183
AGAAAGAGTAGCTGGACCAGTTTAGTCTGT	0	0	0	8.173427774	0	0	1017
AGAAAGCATGGTCGCAGGGTGGGATCGCGT	0	0	0	0	1387.318777	0	575
AGAAAGGTTAACGGGGCGCTTGGGCGGGAG	0	0	0	0	85.51965066	0	18
AGAAATGTAAGGTATTGCTCTCAAGTATAA	0	0	0	0	28.50655022	0	637
AGAAGAAATGACTTTCCAAAACGCGTAGAA	0	0	0	5.838162696	323.0742358	0	67
AGAAGCGAAGGTGTACGTGCTGTGGCACCG	0	0	0	0	28.50655022	0	22
AGAATAGGAGGTTGGACGCAAGGCTGGAGG	0	2.140468227	0	0	4.751091703	0	10
AGAATCATTGCTATGCGGTTATTCAGAGGT	0	5.351170569	0	0	707.9126638	0	19
AGAATGGTTTTAGGAAATTTGAACAAGGGG	0	18.19397993	0	0	0	0	29
AGAATGTCTTAGGTGTGGTAAGCAATTTAC	0	0	0	0	71.26637555	0	97
AGAATTGTTCTGAGGTGTTCAGCATAATTA	0	0	4.459016393	0	33.25764192	0	186
AGACCACCTTTGGACGTGGGCGGGCAATGC	304.665127	0	5.573770492	0	579.6331878	0	2392
AGACCTCGATGTGTTTTGTTACAGGTTTTA	0	0	373.442623	0	1282.79476	0	901
AGACGACCTCTTGGAGTCGGCCGGGGACAC	0	0	0	0	23.75545852	0	18
AGACGGGAATCCGTCTAGCTTGTTGGCTGC	0	0	0	0	4313.991266	0	901
AGACTCGGTCATCGTCTGTGTGCTAATCAT	0	0	0	0	3943.406114	0	7691
AGACTCGTTAAGCATATGAAAGAGTCTAGA	0	0	306.557377	0	0	0	1195
AGACTGCCTGAGTGGTCTTGTGATGTGGCC	0	0	0	91.07533806	256.558952	0	2859
AGACTGGCTCGATCTGAGTGCCGAGTGTGG	0	0	0	0	23.75545852	0	10
AGACTTGATGCTATTTGGCATTCTCGCCCA	0	19.26421405	0	0	0	0	16
AGACTTGTATCGGACTGGAAGAGGAACTCG	0	0	21.18032787	66.55505473	4.751091703	0	202
AGACTTTATTTTGCAATTTATCTGGCTCAT	0	0	0	0	71.26637555	0	56
AGAGAAGCATGATCATATCGACGTAAAGAT	0	0	0	0	19.00436681	0	760
AGAGAAGTTACTGGTTACTAACTCAAAGCA	122.4942263	0	70.2295082	0	422.8471616	0	1630
AGAGACCAAGTTTGGGAAATTGGTCAAAAG	0	0	79.14754098	0	0	0	84
AGAGACCATTTATATATAATGGGCGGTTGA	0	0	1.114754098	0	0	0	6
AGAGACCTTAATCCTCGGGAGGGTGAAATT	0	0	0	8.173427774	0	0	106
AGAGAGAGAGCTAGCGAGATGGACGAGCAC	0	0	0	8.173427774	256.558952	0	45
AGAGAGGGTGGGGTTAAATCGGGTGCCTAG	0	0	0	9.341060313	228.0524017	0	1
AGAGAGTTAGGCTGGTCCTCCAAGGTAACG	0	0	0	0	342.0786026	0	153
AGAGCAGGAAGGAACAATGTCCGTGTTACA	0	0	0	2.335265078	0	0	27
AGAGCATCATTTTTAGGCGAGCAGATCGGC	0	0	2.229508197	0	0	0	98
AGAGGATTATCGGCCTAGATAAGGGGGCAG	0	0	99.21311475	0	66.51528384	0	129
AGAGGCTATCGCGCTATGCATTCTGGTTCG	0	0	74.68852459	0	0	0	1383
AGAGGGGTATGTCGAGACAGCCAATGTCTT	0	0	0	0	71.26637555	0	445
AGAGGGTGTCTTCTATGCGAGAAGGCGACA	0	0	0	0	4.751091703	0	2
AGAGGTCGAACTGTCATGATGTGAGTAGGT	0	19.26421405	74.68852459	0	95.02183406	0	38
AGAGTAATTAAAAGCAAGTAGGACCACCTC	0	0	3.344262295	0	0	0	78
AGAGTTAATGTGTCTTATGTACCCGCGGCA	0	0	2.229508197	0	19.00436681	0	11
AGAGTTCATGTAATTGGGCGCATCAATAGG	0	0	0	73.56084997	0	0	38
AGAGTTGATCGAAGCGTTGGGTGGGTTGTT	0	0	0	0	4.751091703	0	1
AGATAAGGACCGCCCGGGCTCAAGCGGAAA	0	0	0	0	14.25327511	0	1
AGATACGCATGATTGCGGTCGTCCCATGGT	0	0	0	1.167632539	0	0	5
AGATACGGTTGAGCAGGCAAAATAGTTAAT	0	0	0	0	3914.899563	0	34
AGATAGCAAGTACGAGGGGCGAAGGATATC	0	0	0	107.4221936	323.0742358	0	29
AGATAGGCAGTAGTATAGTAACGGTCGCAA	0	0	0	0	23.75545852	0	20
AGATAGTTTTCACATCTTGGTCAGCGACTG	0	0	0	0	156.7860262	0	62
AGATATAATATTCTTGGGATTAATGTTATT	12.56351039	164.8160535	7.803278689	1.167632539	0	0	2767
AGATATTAAGCAGGGGCAATTTGAAGCGGA	0	204.4147157	74.68852459	0	0	0	195
AGATATTGTTAATAAGAGATACTTTTGGCT	0	0	0	0	9.502183406	0	1
AGATCAGCAAGGTTCACGCGGAGAAGGGTA	0	0	0	1.167632539	137.7816594	0	115
AGATCATAACAGTGTACCGGGCATAGAACA	0	0	4.459016393	0	0	0	317
AGATCCGAAAAGGGATTATGAGGCCTCTGA	0	0	0	0	4.751091703	0	7
AGATCTGGAGTGGGAGTCCGATTATGCGAC	0	0	2.229508197	0	0	0	241
AGATGAGGATGCGGTGTATCGCCGAGATTT	0	0	0	0	4.751091703	0	1
AGATGAGTTGGTCGCTGGCATAGGTCCATG	0	0	0	0	1643.877729	0	152
AGATGCGCTCGCCCCAAGCATCTTGGTCGG	0	0	0	0	4.751091703	0	1
AGATGGCAATGCGATGACTGATGTTGGACG	0	0	0	0	304.069869	0	2073
AGATGGGCTTGTCTGCAGGGGCGGGGGCAA	0	0	0	0	23.75545852	0	3
AGATGTCTAAAATTAGATATAAACAGTAAT	0	0	0	64.21978965	0	0	108
AGATGTGCTAGGGCTGAGGTGTACCGGGAG	0	0	0	0	9.502183406	0	38
AGATGTGTATTGATGGGTGGACCCTCTCAT	0	0	0	0	14.25327511	0	5
AGATTCTGTGGGTTGTAAACTATCCGTGAC	0	0	0	0	237.5545852	0	1420
AGATTGATTGGAAGCTAAAGGCCCACCACG	0	0	0	2.335265078	0	0	1
AGATTTGCAGGCCTTCGCATTGAACAAAAA	0	0	0	0	47.51091703	0	156
AGATTTTGAAGCGTTTGACCGTATGGGGAA	0	4.280936455	0	0	0	0	1
AGCAACAATCATAGTTTATAGGCGTAATGT	0	0	894.0327869	252.2086285	3330.515284	0	5443
AGCAACAATCATAGTTTTATAGGCGTAATG	0	0	5.573770492	0	0	0	2
AGCAAGACAGCTTGGCATTTCTAGGACAGA	0	0	0	0	4.751091703	0	10
AGCAAGGAATGTCGTCATGCTTGTTTGGCA	0	0	0	0	28.50655022	0	543
AGCAAGTGTTTGATACTTGGAGTAGGGTCT	0	0	0	0	42.75982533	0	31
AGCAATAGCTTGTCTTTGCTCAGGTATTGG	0	0	0	1.167632539	0	0	1
AGCACAAATATCTTGTACAATGAGTTTTGT	0	0	64.6557377	0	0	0	573
AGCACTTCATCGTTAAGGTCAGTATGATAT	0	4.280936455	0	0	0	0	954
AGCACTTTATGTGTTCCCTCTGTTTGTGCG	0	0	0	0	204.2969432	0	1
AGCAGAGCTGTTTGGTGTAAGTGGGGCGAC	0	0	0	0	123.5283843	0	26
AGCAGCCATCGGAATTCAGTAAGGTGAGTA	0	11.77257525	0	0	0	0	149
AGCAGCGTTTATAGACCTAGGAAGCGCGCA	29.31485758	8.56187291	35.67213115	0	80.76855895	0	16
AGCAGGACAACGCCGGAGTAAGCGGTAGCA	0	0	0	4.670530157	0	0	136
AGCATCTTTATGATCAATCGAGTGGTGCAG	0	0	8.918032787	0	451.3537118	0	253
AGCATTTTTGGTACTCACACTCACAGGCGG	0	0	0	0	42.75982533	0	304
AGCCAATGTCACAATAGTTCTCTAAATGTA	0	0	2.229508197	0	0	0	49
AGCCACCTTCCGTATACGATAACGCGAGAT	0	0	0	0	779.1790393	0	52
AGCCAGCTATAGTGTGCGCCTCGAAGGGTG	0	0	0	0	14.25327511	0	10
AGCCAGTATGGGTATTGACTTGTTACTCTT	0	0	0	0	14.25327511	0	100
AGCCAGTCTAGTTTCATGTTTAGGCCAGTA	0	0	0	0	4.751091703	0	62
AGCCAGTCTTTGTCACAGCGTCGCTTAGAC	13.61046959	440.9364548	261.9672131	0	1420.576419	0	269
AGCCGAGTATATACCTAGGGATAATCGTTC	0	0	0	0	2023.965066	0	73
AGCCGCAAACAGCTCGTGGAGTCAGAGTCA	0	0	10.03278689	0	0	0	31
AGCCGCAAATAGGTGGGTGAGGGGGCAGTA	0	0	0	0	4.751091703	0	1
AGCCGGGCAAGCGCTCAGACAAGAGCTAAC	0	0	0	12.84395793	0	0	6
AGCCGGGTAAACTTGAAGCGTCGCCGGAGC	0	0	18.95081967	0	451.3537118	0	1540
AGCCTACTAGTACGCGGAGAGGTGCGACGG	0	0	0	0	19.00436681	0	107
AGCCTCAGCTGCCAGCTATTTTCCAAGCGT	0	0	0	1.167632539	0	0	1
AGCCTCGTAAATTTGCTTGCTTGTGTCGCG	0	0	0	0	9.502183406	0	9
AGCCTTACACTTGTTGGTTCAGCGGACAAC	0	0	15.60655738	0	0	0	115
AGCGAACTAGCATGGAGACCGAATCATCCG	0	0	1.114754098	0	0	0	1
AGCGACCTAGTCGAGTGTGTGTTACTAAAT	0	0	0	0	14.25327511	0	1
AGCGCCATACATTAGGTTGAGTCTCGAATG	0	0	0	0	104.5240175	0	60
AGCGCCGCAGGGTATATAAGGCTTCGGACA	0	0	0	0	156.7860262	0	2
AGCGCTAATCCTATGTCCTCGTGGGTCTAG	0	0	0	0	42.75982533	0	6
AGCGCTGCAGGTCGTATTGTCGCTTAATTG	0	0	0	0	19.00436681	0	1
AGCGGCGGTTAGCTGTACCGGAAACAGCGT	0	0	0	0	85.51965066	0	25
AGCGGGCCTCGTAGAGGTTATGGGTGAAAG	0	0	0	0	4.751091703	0	78
AGCGGTACACTCAAGAGACGCATGGGACAC	0	0	5.573770492	1.167632539	0	0	18
AGCGGTTGAGTCTGATATTTTATTGTACAT	0	0	0	0	636.6462882	0	426
AGCGTCAAACTTGGTCCTATAATATTCGTT	0	0	0	0	9.502183406	0	6
AGCGTGTAACACAAGGGTTCAAGGCTTACG	0	0	0	0	19.00436681	0	254
AGCGTTAGATGAAAGTCCGCAATAGGTGCA	0	0	1.114754098	0	0	0	1
AGCTAATTTGACATAGTTCTGGTTCCGTCC	0	0	43.47540984	0	6214.427948	0	535
AGCTACACTATTATGGCTTCTTAATTTGTG	0	0	138.2295082	0	0	0	547
AGCTAGAGAAGAGGGTAAGTGTGGACAGCA	0	0	0	2.335265078	118.7772926	0	93
AGCTCTGTATCTAATCGTAATAGTATAGGC	0	0	0	4.670530157	123.5283843	0	10
AGCTGACTTCACACGGGCTGTGGAGCTTTT	0	0	0	0	4.751091703	0	4
AGCTGCCTTGATTGTGGCGTCCGGTATATT	0	0	16.72131148	0	0	0	108
AGCTGCGGTGTTGGCAGGGGTCGGTGGATG	0	0	10.03278689	51.37583172	6585.0131	0	4315
AGCTGGGTAGCGTTGCGGGGAAAGGCAATA	0	0	0	12.84395793	0	0	9
AGCTGGTATGGGGCGACTACGTGAAGAGTG	0	0	5.573770492	0	28.50655022	0	1
AGCTGTCATATTGAACATAGCTCGGGTGTG	0	0	1.114754098	0	0	0	9
AGCTTAAATAGCTTGTGTTCTTGGGGCTCT	0	0	0	60.71689204	0	0	39
AGCTTAAGTTGCATCGTAAAGTGGGAGGAA	0	0	3.344262295	0	783.930131	0	63
AGCTTTGGATTTTTGGGTTTGCCTGGAGAG	0	0	0	0	175.790393	0	20
AGGAAAATAGGGTATTTTTTAGTAGTAATG	0	0	2.229508197	0	0	0	145
AGGAAATATTATCGGAGATTGTCCCGGATT	0	0	5.573770492	3.502897618	0	0	491
AGGAAGGAAATTAGAGGAGGAAATTAATAG	0	0	0	0	66.51528384	0	437
AGGAATCTTTCGGCCAGGTGCAACTGGGAA	0	0	0	0	47.51091703	0	12
AGGAATGGAAGATCGCCTATCTTTGTTGAC	0	0	0	0	508.3668122	0	114
AGGACATAAATTATGTGGTCTAGTGACTGT	342.3556582	25.68561873	0	0	0	0	61
AGGAGAATACTGGGGTAGGTTCATGAGATT	0	0	0	0	232.8034934	0	112
AGGAGAGCAGGCAGGTGACGGGAGAGGGTT	0	0	13.37704918	12.84395793	403.8427948	0	66
AGGAGCTAATTCGAGGTCCCTATCACCGTC	0	0	0	0	161.5371179	0	8
AGGAGGAAACATGGTTGCGAGCTGGGTATT	0	0	0	0	52.26200873	0	13
AGGAGGTAAAGAATTTTTCTGGAAGTTGGT	1.046959199	4.280936455	14.49180328	0	0	0	2136
AGGAGGTCAAACGATCCGGCCACCACAATG	0	0	0	0	95.02183406	0	5268
AGGAGTGGAGTTGGAAGGCATGGTTCTCGC	0	0	2.229508197	0	0	0	44
AGGATAAGAACGAATAAATGTTCTCTGCAA	0	0	0	0	28.50655022	0	11
AGGATAGAATAGGGGGTATCCTTGTGACGA	0	0	1.114754098	0	0	0	23
AGGATCGAAGTTCTAGGCGTCCCTCATTCT	0	0	12.26229508	0	375.3362445	0	46
AGGATGTCAGAAGTTAGGTCCCAGTGGGCA	0	0	0	73.56084997	7150.393013	0	1913
AGGATGTTAGGAGCACGGAAGATGTTTAAG	0	0	0	42.03477141	0	0	389
AGGATTGCTTGCCCGGGGTGATATGGTACA	0	0	13.37704918	0	0	0	565
AGGCACAGTTAAACAGGGGGTATCAGGTCT	0	0	0	0	4.751091703	0	4
AGGCCCACAAAGGATGAGCAAGAACTCTTG	0	0	0	0	61.76419214	0	73
AGGCCGTTTATTATATCATGTCTTACGTGA	0	0	0	0	4513.537118	0	1577
AGGCCTCGACAGTCAGGAAAGTGGAGAGCT	5.234795997	0	0	0	114.0262009	0	23
AGGCGAATCCTGGGGTAGGTTCATGCGACT	0	0	0	0	4.751091703	0	1
AGGCGCATTGCTGGGGCAGTACGGGTTGGC	0	0	0	0	33.25764192	0	3
AGGCGGAGAGTGCAGTGCGCCGTCTGTTAA	0	0	0	0	38.00873362	0	16
AGGCTCATTTTGTACACTAGCGAGTGGGGG	0	0	0	0	28.50655022	0	31
AGGCTCCTTTGCATGATTTTTCTTTTCGTC	42.92532717	96.32107023	237.442623	0	80.76855895	0	15
AGGCTCGCAAGGTGGAGGTGCTCGCGCGCG	0	0	0	0	285.0655022	0	485
AGGCTCGGTTGATGGCGATGGGCAGAGTGT	0	0	0	109.7574587	959.720524	0	3160
AGGCTGAGATTTGATGCTTCTGGGAGTAAA	0	0	0	15.17922301	52.26200873	0	165
AGGCTGGGTGACTTTGAGCAGCGATTAACG	0	0	0	0	1710.393013	0	135
AGGCTGGGTGCTGGAGCGTGCAGACGTGGG	0	0	210.6885246	0	365.8340611	0	671
AGGCTGTTAAGTTCGGCATTAGCGTCAACT	0	0	20.06557377	0	0	0	150
AGGCTTCGATAACAATCGTCTAAAATGGGC	0	0	0	0	9.502183406	0	11
AGGGAAAATGGAGTCATGGAGTCGAAGAAA	0	0	0	0	19.00436681	0	2
AGGGAAGGTTGCCAAGTCGTCGTAGTATCT	126.6820631	25.68561873	82.49180328	0	114.0262009	0	31
AGGGAAGTTTGCCTCATGCGGGCCTGCCGG	0	0	0	25.68791586	4.751091703	0	7
AGGGACAGTATGCGCAAAAACGCCTGGATC	0	0	0	0	142.5327511	0	16
AGGGACGCTCGCTTCTGATGAGTGATGGGT	0	0	43.47540984	110.9250912	0	0	97
AGGGACGCTGGCACACTAAAGAGTATTCTG	0	0	0	0	190.0436681	0	46
AGGGAGTTTAGCATATGTATACACTACCCG	0	9.632107023	0	0	0	0	33
AGGGATAGACCTACCCAAGCTGATAAGACC	0	0	2.229508197	33.86134364	0	0	32
AGGGCAGCTGTTTCGATGTTTGGGAGCCGA	0	0	0	51.37583172	114.0262009	0	581
AGGGCATGTAGCGTAAAGCTCGTGCGCGGG	0	0	0	0	23.75545852	0	5
AGGGCCATTACCTACGTGCGTTATTCGCCT	0	0	0	190.3241039	1515.598253	0	2160
AGGGCCGATCTAGATCCTGGTGAACCGTTG	0	0	0	0	9.502183406	0	1
AGGGCGCGAGATGGGCCTACTCAAGAGCGC	0	0	43.47540984	0	0	0	126
AGGGGACTAACCGGGGTCCTTATTGATGGA	0	0	0	0	717.4148472	0	36
AGGGGGAAAACCGGGGCACGCATTCCAACG	0	0	0	0	266.0611354	0	133
AGGGGGAGTGCATGGCAGCGGCTTGCCGAT	0	0	0	36.19660871	522.6200873	0	134
AGGGGGATTAATTAGACGGCTTAATGTGAG	0	0	0	1.167632539	256.558952	0	9
AGGGGGGAAGGATGGCAAGTGGAAGAGACT	0	0	0	0	4.751091703	0	79
AGGGGGGGAAGGATGGCAAGTGGAAGAGAC	0	0	0	0	9.502183406	0	14
AGGGGGTATGTTCGGACAGCGGGGGGGCAC	0	0	35.67213115	0	0	0	87
AGGGGTCAAGGACCACAAGTGGGGTGTTCT	0	0	0	0	33.25764192	0	46
AGGGGTCAATTGGGCACCCAGGGCGGCGTC	0	0	0	0	28.50655022	0	2
AGGGGTGTAGTTGCCGACCGAATGCACGAT	0	0	0	33.86134364	57.01310044	0	4
AGGGTAAGTGGGTGAGGTGCAGGGGGGAAG	113.0715935	143.4113712	536.1967213	5.838162696	0	0	22
AGGGTATGTGCCGCGGCCCGGGTCGGCGTG	0	0	0	0	9.502183406	0	12
AGGGTGAGACGTGTCCAGATAAAAGCGGAG	0	0	0	0	114.0262009	0	1098
AGGGTGTATGCTCGGTGCTACTGAACTAGG	0	0	5.573770492	0	0	0	23
AGGGTTACTATACTTTATGTTACGTTATGA	0	0	0	0	19.00436681	0	1
AGGGTTAGAGGTTTGTAGTATGGGACTTAA	0	0	0	4.670530157	0	0	5
AGGGTTCGAGAGGCCAGGGGGTGCAAAGTG	0	0	0	0	4.751091703	0	2
AGGGTTCGTACGTGTCAGCACTGCCATGGG	0	0	0	0	104.5240175	0	98
AGGGTTGGAATCCGGATGTAACATTCTACG	0	0	0	0	28.50655022	0	14
AGGGTTTGTGCAATCGGCGTCACGGGGGCT	0	0	2.229508197	0	0	0	19
AGGTAAGGTGTTTGTGGTCAATTCCTTCTG	0	0	1.114754098	1.167632539	0	0	1
AGGTAATGATTAGATCCGAATGGTAACGGG	0	0	0	0	9.502183406	0	2
AGGTACCTAACGTATGCCCGTGGAGTCTGC	0	0	27.86885246	0	764.9257642	0	205
AGGTAGATAAGGCATGGAACCGTAATAGGG	0	0	0	67.72268727	2347.039301	0	1328
AGGTATTGATCCCCCAGGAGTCGAGCGTGG	0	0	15.60655738	0	0	0	6
AGGTCAACTGATGTCCTGGAGTGAAGGGGA	0	0	0	4.670530157	28.50655022	0	60
AGGTCATGAGTCTAGACAGGCGGGCGGGCG	0	16.05351171	0	0	0	0	8
AGGTCGCAACAAACGAGTGATAAACGCATT	0	0	17.83606557	3.502897618	0	0	141
AGGTCGGGAAGGGAATGTGTGCCGGCGATT	0	0	0	0	9.502183406	0	92
AGGTGAACTCTAAGGCATGTCTTGGGGTTT	0	0	1.114754098	0	0	0	53
AGGTGAAGAAGGGTTGGCGTAATTTGTGCT	15.70438799	0	0	575.6428418	289.8165939	0	3307
AGGTGAGCTCCCGGCGCAGGTCGTCGAGTT	0	0	28.98360656	0	0	0	110
AGGTGAGTTGCTGCGCGAGAAGGGAGAGTT	0	0	0	75.89611505	1192.524017	0	502
AGGTGATTAGAGGCATTTTGGAAGGACACC	0	2.140468227	5.573770492	0	289.8165939	0	338
AGGTGCGCAAGCACACATAAGGTTTCCCTG	0	0	0	0	798.1834061	0	5
AGGTGGATAGCTTATTGGGCTGGATTCATT	0	0	0	0	23.75545852	0	23
AGGTTAGGAAGGTGCTCCGCCTTATCCGAT	0	0	0	247.5380983	0	0	55
AGGTTATTTACAAGCGCTTTTGCAGTGCGT	414.595843	226.8896321	288.7213115	0	0	0	2381
AGGTTCGGTATTCTTTTAAGAAAGCCGACG	0	0	10.03278689	0	1401.572052	0	275
AGGTTCGTACAGCGCCAAACGGTTTGAGTG	0	0	0	64.21978965	0	0	453
AGGTTGAGTCACGGGAGGGGGGATGGAGTG	0	0	3.344262295	0	0	0	3
AGGTTGGATGGTGGCCGTCGGTATGTGTAG	0	0	0	3.502897618	0	0	68
AGGTTTTTTGGTGGCAACGATTGTGCATCA	0	0	16.72131148	0	0	0	86
AGTAAAATTGTGGTAATAGTCAGGGGCCAT	0	0	7.803278689	0	0	0	4
AGTAAACATGTGGTGTTCAAAAGTACCTCC	0	0	2.229508197	0	0	0	4
AGTAAAGGTAGCTTGCGGGGTTAAGGGGTT	0	0	3.344262295	0	0	0	265
AGTAAATGATTTTCTTTTAAGCCGTAGTGT	0	0	0	0	85.51965066	0	113
AGTAACGATGCGGTTCATGGCCAGTTGTTG	0	0	0	17.51448809	80.76855895	0	95
AGTAACTTATGCGGAGTGTGTTGTAATTCA	0	0	0	7.005795235	0	0	418
AGTAAGTTAGTAAACATAACTGATTTCGGT	0	0	0	0	4.751091703	0	17
AGTAATAGATTGTTTTTGCTCAGGTATTGG	0	0	0	72.39321743	0	0	459
AGTACACCTAGTTTGGGATACCGGGGGGTG	0	0	0	1.167632539	76.01746725	0	34
AGTACGACTGGCAGAGTAGGGGGTGTGAAA	0	0	0	0	19.00436681	0	1
AGTACTTATCACGGACTTGTGTAGGGATGT	0	0	21.18032787	144.7864349	1539.353712	0	366
AGTAGAAATGTGGTAGTCGTAACTGGATCA	0	0	0	0	361.0829694	0	63
AGTAGATATTTGGGGAGGCTGCAGGCGACG	0	0	0	5.838162696	47.51091703	0	96
AGTAGCCCTGGAATCTGCTGGCGACGGAGG	0	0	13.37704918	0	66.51528384	0	52
AGTAGGGTTCCGGGAGACTGACGGCGGTAC	0	0	0	0	9.502183406	0	18
AGTAGTGGTGCATAGGCGTGAATAAGGAGA	0	0	0	0	299.3187773	0	7
AGTATAACTCTGGGGGCCAGTCCTTAATAT	0	0	10.03278689	0	0	0	210
AGTATCAGTTGCACAGTGGGAGCTAGTTGG	0	0	0	0	969.2227074	0	139
AGTATCATTTCAGCAAACCAGTGCGCTAAT	13.61046959	62.0735786	0	0	2223.510917	0	2811
AGTATGTATTTAAGCCCTTGTGAGGCGTTT	0	0	0	0	47.51091703	0	789
AGTATTATAAGCTGTTACTCGGAGTCGCAG	0	0	0	0	9.502183406	0	2
AGTATTCAATTTTGGGCTCATCTTAGAGTC	0	0	0	0	232.8034934	0	789
AGTATTGTTTTATATTGATCAACCACTAAG	0	0	0	65.38742219	1273.292576	0	73
AGTCAAATAACTTATCTATTTGTCTGCCCA	0	0	7.803278689	0	0	0	64
AGTCAAGGTGATATATTTGTGTCGGCGGGG	0	0	0	0	71.26637555	0	225
AGTCAGCTACTAGTATGAGACTGGATAATT	0	0	0	0	137.7816594	0	183
AGTCAGTGTGAGGCCGGGGGCGTGCTGGGG	0	0	0	0	118.7772926	0	15
AGTCCAGTAGTCTTAGTCTGCTTGTCGGTG	0	0	0	0	23.75545852	0	86
AGTCCCTGAAGGAGTCTATGAGTTTGTTAC	0	0	0	0	23.75545852	0	129
AGTCCTGGTGCTCCGACAAACTGGTTCATA	0	0	6.68852459	0	0	0	1
AGTCCTTCTCACGGCCTTGTGTAGGGATTT	0	0	0	1.167632539	0	0	1
AGTCGCACTTAAATCTCGACCCGACCACGT	0	0	0	0	351.580786	0	99
AGTCGGCTACATTATTTGGGCTATAGCTGG	0	0	0	157.6303928	5344.978166	0	461
AGTCGTGGTGTTTTTGTAATGCCCATTGCC	0	0	0	0	4.751091703	0	4
AGTCGTGGTTAACCTTAAGGACTTGTGCCA	0	0	0	0	14.25327511	0	1
AGTCGTGTTCGCCGAGGCTCTTTCCAGAAA	0	0	0	2.335265078	1406.323144	0	1556
AGTCGTTCTAGCACCGACCTTAGAGCTATG	0	0	0	0	4.751091703	0	13
AGTCTAGCTTGATAAGATTGCCACGGTAAC	0	0	0	0	47.51091703	0	15
AGTCTCAGTTACCGTTTGCTGTGAGGGAGG	0	0	0	0	19.00436681	0	222
AGTCTCTCTTGCGGTGCGCACATGTTAAGG	0	0	2.229508197	0	0	0	1
AGTCTGTCTACAAGTACCAGCGAATAAAAG	0	0	0	0	636.6462882	0	392
AGTCTTATTTGCGTTAGTCGAAAATTGTGA	0	35.31772575	32.32786885	0	0	0	15
AGTGAAAGTGATACGGGCAGACGTCTCTGT	0	0	0	0	503.6157205	0	292
AGTGAAAGTGTTCCTGCGTAACAGCACTGA	0	0	0	0	19.00436681	0	10
AGTGAAATAGGTCGTTTACGGTGGGGAAGA	0	0	3.344262295	12.84395793	0	0	35
AGTGACGCTTCGTGGAAATTGAAAAGATGA	0	0	0	0	166.2882096	0	84
AGTGATAATTTTCATACTTCCTTGCGAGTA	0	0	0	0	33.25764192	0	35
AGTGATAGTGTTCGTTCCAAAGCGTTGTTG	0	0	0	0	95.02183406	0	8
AGTGATGGATCCATTGGAACGAGACGAGTC	0	0	0	29.19081348	0	0	6
AGTGCAGGAAAACGCTTTGCAAAACGACGA	0	0	50.16393443	1.167632539	0	0	264
AGTGCCGCACTAATCTCCGTGGGTGGTCTG	0	0	0	0	19.00436681	0	2
AGTGCGGGTGCATGCGTCGGGATCCCATGT	0	0	14.49180328	0	0	0	124
AGTGCTTGTACGTACTCTGTTGGCTTCACA	0	0	0	25.68791586	237.5545852	0	210
AGTGGAGAAGTAGGTTATGGGATCAGGAGT	0	0	0	0	4.751091703	0	533
AGTGGATGAGGTAGGGGTTGGATTCAGATA	0	0	0	0	99.77292576	0	131
AGTGGCCATTGCATCATGGTGGACATATGT	0	0	0	0	2921.921397	0	371
AGTGGCGCATGTTGACACTCTTAGGTGTTA	35.59661278	0	11.14754098	0	4.751091703	0	1246
AGTGGCGTAGCTCCGGGTAGAACGGTTATA	0	0	0	22.18501824	0	0	85
AGTGGGCATCATGTCTCTCTACTCAACCGA	0	0	49.04918033	0	0	0	147
AGTGGGCATGGATAGGCAGACCGGGGCAGC	0	0	0	0	1235.283843	0	500
AGTGGGCCTCGATTAGGGGACGTGCGATTT	0	0	0	45.53766903	1244.786026	0	48
AGTGGGCGTTGAGCTTATGGGGACTTTATG	0	0	0	11.67632539	465.6069869	0	122
AGTGGGGGAGGAGGGGGCTGCGCCCCTAAC	59.67667436	73.84615385	172.7868852	0	0	0	5
AGTGGTAGAGTGGTCCGTTGAGGCGATTTA	0	0	0	0	76.01746725	0	28
AGTGGTGAAAGTGATGCCGCGAATGGCGTG	0	0	8.918032787	0	0	0	2569
AGTGGTGCTTTAGACTAATGTTGCGGTATG	0	0	0	2.335265078	0	0	7
AGTGGTGTTGGTCGGGATGGGGAGGGTCAG	0	0	0	0	38.00873362	0	57
AGTGGTTAACGGGCAAGAACAAGTTACCGG	0	0	0	0	128.279476	0	36
AGTGTATGTGCGTTACGCTCGCGGGCGTAC	0	0	15.60655738	0	0	0	33
AGTGTCAGAATACCTTGGCAAGTGTCACTT	0	0	6.68852459	0	0	0	187
AGTGTGACTGCCCGAGGTGAGCAATGAGCC	0	0	3.344262295	0	0	0	11
AGTGTGTGTTTAGGCCAGCGTAAGTGGTAG	0	0	0	0	19.00436681	0	18
AGTGTGTTTCGTATTGCCGCCAGGGCTTCA	0	0	0	1.167632539	1867.179039	0	889
AGTGTTGAAGTTAGGAGGATTCCTGTCCCC	0	0	22.29508197	0	427.5982533	0	33
AGTGTTGCAACCAGAGGGGGAGGGGGTGCA	25.12702079	257.9264214	346.6885246	0	0	0	175
AGTGTTTTACGGTGGCAAAATGGGCGCATC	0	0	0	53.7110968	1206.777293	0	3483
AGTTAAGCATCTCACCTGTTATTCTATACT	0	0	0	0	14.25327511	0	3
AGTTAGCAAGTGATCACTAAAGGTCAAGGG	0	0	10.03278689	4.670530157	0	0	26
AGTTAGGTTTTAGCTCTTGCCTGTGCTAAT	0	0	0	0	28.50655022	0	230
AGTTATAATCATGCGGCATCTTGCGTTTCT	0	0	0	0	4.751091703	0	2
AGTTATAGTATTCGTGCAAATGCGCAAAGC	0	0	137.1147541	17.51448809	0	0	2204
AGTTATCTAGATGTCCCGAGGCGGGTTGCC	0	0	0	31.52607856	23.75545852	0	65
AGTTCCGGAAGTCCAGACCATTATATGCGA	0	0	0	0	1230.532751	0	700
AGTTCGGAAGCCTTTACACGAATCAGCTTC	0	1.070234114	0	0	0	0	2
AGTTCGGATACGGGCCCAGGGGATGTGCGA	0	0	0	0	2404.052402	0	93
AGTTCGGGATCGTAGACGAGATAAGGCCAC	0	0	0	9.341060313	0	0	2
AGTTCTCGAGGATCGTACTGCGGCCGCTAC	0	0	7.803278689	0	0	0	3
AGTTGAGAATATATCCATGTTAGGCTTGAA	0	0	0	0	874.2008734	0	123
AGTTGCCTTAGCGTCCAGCACGAGTATAGA	0	0	0	0	14.25327511	0	19
AGTTGCGGTGCCGGTCCGGGCGAAGCGGAA	0	0	0	0	408.5938865	0	119
AGTTGGGTTAATGAGGAGTAAGAGCGGGCT	0	0	7.803278689	0	0	0	5
AGTTGTAATAAAATTAATGGGTGTAGCAAT	0	0	0	21.01738571	4.751091703	0	9
AGTTGTCTATGGCTAGACCAAATCTTCGCG	0	0	127.0819672	0	0	0	231
AGTTTAGATTATTGTCGAATAAAGGCCGCT	0	0	0	0	95.02183406	0	1054
AGTTTATAATAATAGTTGGTAAACGATAAC	0	0	1.114754098	0	0	0	1
AGTTTCGAAAAATAATCGGGTCTTGTGTTA	0	0	74.68852459	0	0	0	937
AGTTTGGGTGTTGTGGGGTGAGGGCGAGGT	0	0	0	0	142.5327511	0	1
AGTTTGTATAAGAAGGCTAGGGGGGAGGTG	0	0	0	0	532.1222707	0	1474
AGTTTGTTTAGAAGCCCGTGAAGAGTGGAG	0	0	0	0	4.751091703	0	14
AGTTTTGGTGTTACTTTTGCACGCACCTCG	0	0	0	0	23.75545852	0	2
AGTTTTGTTGACTCGTAAATGTACTCTTTG	0	0	7.803278689	0	95.02183406	0	29
ATAAAACTTATTCGTAGCAGATAGTGCAGC	0	0	0	0	9.502183406	0	178
ATAAACGCTAGTGAGTTTTGGCATCAGGTC	0	0	0	0	33.25764192	0	25
ATAAATCATGGGGTTTAGCATTGGTAATTC	0	0	0	0	33.25764192	0	17
ATAAATGTATTTCTGGACCACTGACTCTTG	0	0	39.01639344	0	0	0	724
ATAAATTTTTAGAGTTAGGAGGTCTTAGGA	0	0	0	0	9.502183406	0	6
ATAACCCTCCTCTATTCCCATACTGGCCTA	0	0	1.114754098	0	0	0	1
ATAACTATATTGCGGGTCGCGCTCTCAAAC	0	0	10.03278689	0	0	0	3
ATAAGGCGAGCTGAAATACCTGAGGTTGTA	0	755.5852843	86.95081967	0	0	0	2945
ATAAGGGATCGCGATGATATAAGGCGGTAC	0	0	0	0	4.751091703	0	7
ATAAGGGTATTTACTAGCATAATATCCCCT	0	0	0	24.52028332	28.50655022	0	87
ATAAGTAATGGGGAGGGGGACTACGCAAGG	0	0	0	0	4.751091703	0	28
ATAAGTAGAGAATTGTGGAAGATAGGCCCG	0	0	18.95081967	0	0	0	1803
ATAATACGTATCCGGGCCATCAGACGCCAT	0	0	0	0	2484.820961	0	150
ATAATAGATCGAGGGCCTGCGCATGCGGGG	0	0	130.4262295	0	123.5283843	0	119
ATAATAGGAGCTCTGTAAATATACGAAGCG	0	0	17.83606557	0	0	0	24
ATAATATGTTATGATAGGTACTTGGTAGCT	0	0	0	0	294.5676856	0	2043
ATAATCGGTTGAACCCTGGTCGATTGCTAT	0	0	15.60655738	0	0	0	289
ATAATTTAAGCCAATTCATAGTCTTGGTCG	0	0	0	0	166.2882096	0	73
ATACAAATTGCGGTGGGGTTGGAGGGTGTT	0	0	11.14754098	2.335265078	318.3231441	0	166
ATACATGAACATCGGATGGCGGTGTCGCGT	0	0	0	1.167632539	0	0	3
ATACATGTTGAGTGTATCGATCTGTTTTTA	0	0	0	95.74586821	28.50655022	0	4059
ATACCAATACTCTTCCTGACACGGGATTTC	0	0	0	4.670530157	66.51528384	0	7
ATACCCTTTACACTATACATAAAATATGCC	1.046959199	0	2.229508197	0	0	0	1
ATACCGGCTTAACACGTATCATAACCTGGA	0	0	0	0	9.502183406	0	3
ATACGCCCTGTCGCACTACACAAAGGCGTG	0	0	0	0	2793.641921	0	19
ATACGCTCAGGGTGGGGAGTCCTGGGTTGG	0	0	0	0	14.25327511	0	5
ATACGGTAATGTTAGATCGGATGACCGTTG	0	0	0	0	1092.751092	0	203
ATACGTTTTTGATAGCTGTATGGTGTTAGT	0	0	4.459016393	0	0	0	2
ATACTACATGCTTCGGCACGTGAGAGTGTA	0	0	3.344262295	0	52.26200873	0	5
ATACTACCAAAAACTGCGGGTCGTCACGCG	0	0	0	0	4.751091703	0	115
ATACTCGATGATTGTAGGTGGGTATCACGT	0	0	0	0	38.00873362	0	1
ATACTGTATAGTTTATTCCCCCGTGACGGG	0	0	11.14754098	26.8555484	242.3056769	0	94
ATACTGTGAGGGTGTAGCGTGAAGTCCGTC	0	64.21404682	0	0	0	0	28
ATACTTGGAACTGACCTTGAGGGAAGTAAT	0	0	1.114754098	0	0	0	12
ATAGATGATCAAGAAGAGCTGGCCTGCCAT	117.2594303	510.5016722	246.3606557	107.4221936	655.650655	0	10
ATAGATGGTAGGGCCTTCTCACGGCGACAG	0	0	0	1.167632539	0	0	47
ATAGATGGTCTGTGGGGCGTCGGGTCCAGA	0	0	0	87.57244044	1748.401747	0	455
ATAGATTTCAAACTACTTATACAACACTCA	0	1.070234114	0	0	0	0	1
ATAGCAGATGTCATGTCTTTATGGCTCAAA	0	0	0	101.5840309	1577.362445	0	560
ATAGCAGCACACAGTGGTATGGTCATAGGG	0	0	0	0	4.751091703	0	28
ATAGCTAGTTTATTGGGTGCTAACCATCGT	0	0	0	0	2342.28821	0	3442
ATAGCTCGATCAAGGGACCCTGAACCATTG	0	0	0	0	109.2751092	0	1
ATAGCTCGTATCAAGGGAAGGTTTAGTGAG	0	0	0	9.341060313	299.3187773	0	74
ATAGCTCTACAACTTAGGTGCGGGGGAGTT	478.4603541	184.0802676	201.7704918	0	19.00436681	0	95
ATAGCTGCTAGACGAACCCCGGTAGGACGG	0	0	0	0	19.00436681	0	159
ATAGGAACTCCGCGGGATTCCCGCAATGTT	0	0	0	0	47.51091703	0	1
ATAGGACTTGGTGTGTACAAGCAGAGTTCA	0	0	0	9.341060313	114.0262009	0	924
ATAGGAGCTGAATGGAGCACGAGGGATAAG	0	0	0	14.01159047	0	0	2
ATAGGATTTAGGATGTCGCCTGCTCTCTCC	0	3.210702341	0	0	0	0	69
ATAGGCAATCTTTAGGTACTGGTCACATTT	0	0	0	4.670530157	19.00436681	0	10
ATAGGCTGTTAATCATTGCGGGGAGGTGCC	0	0	0	0	14.25327511	0	56
ATAGGTTGTGTGAGAGTGGGCGGCTTTAGA	0	0	1.114754098	0	190.0436681	0	2
ATAGTAGATACTCTCCATATGGACCTCAAT	0	0	0	0	4.751091703	0	17
ATAGTCCCACATCTAGTTAGTTCCTTATAA	0	0	0	5.838162696	0	0	328
ATAGTGGGTCAACGAGGGTGGACTTGTTTG	0	0	3.344262295	0	0	0	20
ATAGTTTAACAGATTGCCTTGGCTCAATAG	70.14626636	19.26421405	0	7.005795235	57.01310044	0	5
ATATAACGTATTTGTTGGGGATCACATGTG	0	0	3.344262295	0	14.25327511	0	188
ATATAACTAGGGTGCGTTGACCTCTGCATG	0	0	0	0	52.26200873	0	84
ATATACGATTGGTGGTGTATTACAATGTTC	0	0	0	8.173427774	0	0	6
ATATACGTAGGGATATACAAGCAGGAGGAT	27.22093918	5.351170569	27.86885246	0	0	0	844
ATATAGCTTCATGCCTGTCTAAAAAGATCC	0	0	70.2295082	0	0	0	2720
ATATAGGTACTCCTCTCTGTAACACTAATA	0	0	0	1.167632539	0	0	1
ATATATGATGGGCCGACTCTCATGCGTAGT	0	0	4.459016393	0	0	0	122
ATATCAAATCGTTTAGTGTTACAAAAAGAG	0	0	0	0	52.26200873	0	38
ATATCGGGAGGTCAACAACTCCTGGGCACT	0	0	6.68852459	0	66.51528384	0	41
ATATCGTTTTATACAAGAGGTAGAAGATGA	0	0	14.49180328	0	0	0	121
ATATCTAGACGTGATAAGGCGGTTCAGGTG	0	202.2742475	335.5409836	0	313.5720524	0	1745
ATATGATGAAATCGGGGAGGGAATAATCAG	0	0	3.344262295	0	0	0	191
ATATGATTAGAAGGATTTGGACAGGCGGGA	0	0	0	0	38.00873362	0	18
ATATGATTATTCGGTATGCCGGAAGCTGTC	0	0	0	71.22558489	123.5283843	0	475
ATATGTAAAGCCTGCCCGTAGCATGTTAGA	0	0	0	0	456.1048035	0	212
ATATGTTGATGATTTGCCGCGCTCGTTGCA	0	0	141.5737705	0	0	0	2986
ATATGTTGTAGTGGATTCCCAGAAGGTGCC	0	0	0	0	199.5458515	0	69
ATATTAAAATTCTCATCTTCTTGGTCGAAC	0	0	6.68852459	0	0	0	1
ATATTAAATGTTACATATATGTGGATGTAA	0	0	0	0	9.502183406	0	3
ATATTATATTACCTGTGTGTGTTATCAGTA	0	0	45.70491803	8.173427774	1534.60262	0	392
ATATTCTTAAAAACCCTGTCGTGGAATACC	0	10.70234114	1.114754098	0	0	0	27
ATATTGAAAATATGATTAAGGCAAGACTGC	0	0	44.59016393	0	1738.899563	0	1780
ATATTGAAACGTGTGCCCACATGACTCGGC	0	0	0	0	180.5414847	0	422
ATATTGTCAGGCTGGGTTGGGCAGCTGAAC	33.50269438	51.37123746	32.32786885	0	52.26200873	0	2
ATATTGTTTGAGGTTGGGATGAGTAAAGCT	0	0	0	0	9.502183406	0	7
ATATTTCGAAAGGGTGGGTGAGGTGACGTT	0	0	0	0	4.751091703	0	8
ATATTTGTATCTCTAGAAACTGGCGCTTTG	0	0	0	0	4.751091703	0	2
ATATTTTTTTAATGTACATAGGGGGCACAA	0	0	21.18032787	0	489.3624454	0	829
ATCAAAATAGGAAAATGGTAGGTGGGTCGA	0	0	0	0	19.00436681	0	63
ATCAACCCAGCCCCGGATTCGAAGCTCAGG	0	0	13.37704918	0	0	0	208
ATCAACTGTCGGGGCAGATTTTATTCAATA	0	0	0	7.005795235	935.9650655	0	412
ATCAATATTCCGACAAAAATTAGGGTTCAG	0	0	32.32786885	0	0	0	254
ATCAATCACTCCTACACCACCGCAGTTACA	0	1.070234114	0	0	0	0	1
ATCACCCTTCCCTCTTATCACACTGGCCTC	0	0	1.114754098	0	0	0	1
ATCACTCTAAACCGGCCTTTGTTGGGCCCT	0	0	4.459016393	0	0	0	96
ATCACTTCTGAATACTAGAGCAGGGAGACG	0	0	0	0	71.26637555	0	11
ATCAGAGGTGCGTTCCGGCATTGAGGCTAT	0	0	0	4.670530157	0	0	2599
ATCAGATGATTCGTCGTAGCGTTAGGGTCC	0	0	0	0	19.00436681	0	3
ATCAGGAAATGGCTTTACGGAGCTTTTATG	0	0	0	0	142.5327511	0	209
ATCAGTCTTTTGTTCGCCGCTCGATCGGTT	0	0	0	0	38.00873362	0	72
ATCAGTTAATTTGTCCCTGTATTTGTAACT	0	0	0	757.7935179	1420.576419	0	145
ATCAGTTTTGAGTGGTTAGAACGCACGAGG	0	10.70234114	0	0	0	0	4
ATCATAAGAGCATTGGTTGAGGTAGAAAAT	0	0	0	7.005795235	0	0	5
ATCATTAGTCGCATGTATTTGGGGAAAGGG	0	0	69.1147541	0	104.5240175	0	13
ATCATTTAATTGAGGTGCACGTATGTGATG	0	0	5.573770492	0	33.25764192	0	137
ATCATTTGAAATGGGGGTGGTGTTGAGGCA	0	0	1.114754098	0	42.75982533	0	57
ATCCAAGCCTCTCATATATTATCCCCCTTT	0	0	1.114754098	0	0	0	1
ATCCACTGTCGGGGCCGCTTTTATTCAATA	0	0	0	0	4.751091703	0	1
ATCCAGTCTTTTCGTCCATCACTGGGGCGC	0	0	0	15.17922301	470.3580786	0	161
ATCCATGCTGAAGTACTAACGTCCGAGGTA	0	0	0	0	422.8471616	0	149
ATCCCTGGATATATAGAAGGGCAATCGGGA	0	0	0	0	3482.550218	0	436
ATCCCTTTTCTGCGTGATAGTCTGGTGAAC	0	0	6.68852459	17.51448809	204.2969432	0	69
ATCCGAGGACGTCGTGCGATATCTTCTTTG	0	0	0	0	660.4017467	0	1092
ATCCGCAAACGAGTCGGTTCTGTAAGCGGT	0	31.0367893	0	0	0	0	6570
ATCCGGTATGGTACATGGAGACGTAGCAAG	0	0	0	0	4.751091703	0	8
ATCCGTATTGTGCCAGAGGTCCTCAGTGAC	0	0	13.37704918	0	0	0	193
ATCCGTCATCGAACATCCAGTGTGTGATAG	0	0	0	0	47.51091703	0	77
ATCCGTGGTGGTTTACAAGCCAGGGGAGAA	0	0	0	12.84395793	0	0	28
ATCCTACAAATGTTCGATTGGCAGTGGAGT	0	0	3.344262295	3.502897618	522.6200873	0	28
ATCCTAGTAAGTTGCTCGGGTCCAAATATC	0	0	0	0	9.502183406	0	3
ATCCTCAGACGTCGGTGCTAATGAGTAACG	0	0	0	0	142.5327511	0	2
ATCCTTAGTACGGGGCAGGATGTGGTGCTA	0	0	0	0	66.51528384	0	71
ATCCTTATAAACTTAGGGTCGGGGGCGGTA	0	0	0	0	4.751091703	0	2
ATCCTTGCACTCACAAGGTTTGTTGATGAT	0	0	0	12.84395793	0	0	40
ATCGACTAACTGCCCGCGAGTGGACAAATC	0	0	3.344262295	0	0	0	1
ATCGAGAATAGCAGGGACTACTTCCGTCTT	0	0	0	0	1045.240175	0	244
ATCGATAGACTGAATCTCGCTGAGATCGTC	0	0	0	0	14.25327511	0	143
ATCGATAGTAGAGTGAGAGCTAGAGACAGA	0	0	0	23.35265078	8860.786026	0	3612
ATCGCGGTTATAGAACATATAGACGCCTAT	0	6.421404682	8.918032787	0	42.75982533	0	2
ATCGCGTTAAGTGTGTCGTCGGTTTAAGGT	0	0	0	0	109.2751092	0	14
ATCGCTCCCAATCTCCGCCTAACAGCATCC	0	4.280936455	0	0	0	0	1
ATCGCTTTTCTCCCGCTCAGCGTTCTAGGG	0	0	0	0	14.25327511	0	3
ATCGGGCATACCTAAAAAAGTTCGTGCGAT	0	0	0	0	707.9126638	0	4462
ATCGGGGATGTGAGGTTTGCCTCATCCTCT	0	29.96655518	1.114754098	0	0	0	4
ATCGGGTTTCGATGGGCCAGCCACCGGACG	0	0	0	0	4.751091703	0	4
ATCGGTGGAAGAGGCAAGAAAGTCGGGGGA	0	0	5.573770492	0	0	0	233
ATCGTACTAACGGGTACAAACGGGGTGTCT	0	5.351170569	17.83606557	0	0	0	43
ATCGTTCAAGGCCCTTTGACCCTCACCGGT	0	0	1.114754098	8.173427774	0	0	18
ATCGTTGTAGTCGACCACGCCAAGTGGTCA	0	0	0	5.838162696	156.7860262	0	171
ATCGTTTAACAATGTGCAAATTTCTAGGGT	0	0	0	47.87293411	384.8384279	0	676
ATCGTTTAATAATTCCGGAGCATGGGCGGG	0	0	2.229508197	0	0	0	31
ATCTAAGTAAATAATATAAATCTCTTTGGC	20.93918399	0	53.50819672	0	0	0	13
ATCTAATTTTACTGGCGATTGCTAATCGCG	0	0	0	74.72848251	4.751091703	0	64
ATCTAGACTAATCCGAACGGCCAGATGGAC	0	0	0	0	308.8209607	0	15
ATCTAGTGACCCAAGGCTCGGCCTGTGGCG	0	0	0	0	118.7772926	0	255
ATCTAGTGTGTTTCTGGTCAGTCGACTACT	0	0	0	7.005795235	42.75982533	0	47
ATCTCCAAAATGATAATTAGCGTACGTAAC	0	0	0	0	897.9563319	0	2138
ATCTCCGGTTGGAATGGAAGAGAGCTTCGT	0	0	0	58.38162696	413.3449782	0	127
ATCTCCTTAGCCGGAATTCTGGCAGAGTCG	0	0	0	142.4511698	0	0	861
ATCTCGAGTGGTAACAATAGCTGTTGTGCC	0	0	0	0	23.75545852	0	2
ATCTCTAGTAAGATTATCTGCCGCGAACAG	0	0	1.114754098	0	375.3362445	0	2
ATCTCTGTTGATAGGGAAGAGTAGGAGTTC	0	0	0	17.51448809	0	0	17
ATCTGGTTTAACGACACCGGCCGTTCATCT	0	0	0	0	38.00873362	0	87
ATCTTACGTCTATAGGGCTTGTGGATTAAT	0	0	0	0	95.02183406	0	30
ATCTTGTCTGAGTTTTCGTATAGGCGTGGG	0	0	3.344262295	0	0	0	5
ATCTTGTCTGTGCCGACTAGTCAAGGTTAA	0	0	0	10.50869285	251.8078603	0	17
ATGAAAGTTGTCTCGTCCTATTCGAAGTTC	0	0	0	1.167632539	28.50655022	0	207
ATGAAGCAACGGTTCGTTTGTAGCGCGTTA	0	0	0	0	4.751091703	0	6
ATGAATTTACAAGGGTCCAGGTATAGTATC	0	0	0	0	123.5283843	0	16
ATGACAGCAGCTTCCCCATTCCAGCCCCAA	0	0	0	0	175.790393	0	4047
ATGACCCTTCTCTATTATCATACTGGCCTA	0	0	498.295082	0	4798.60262	0	3110
ATGAGAGTATGGCCAATGTCAAGGGGCGTG	0	0	0	0	66.51528384	0	1
ATGAGGCGAGTGCGTTTGCTAGTTTACTTT	0	0	13.37704918	0	0	0	29
ATGAGGGTTAGTGTCATGGTGGGTTCTTAT	0	0	0	0	4817.606987	0	1768
ATGAGGTAAACAATCCTATATGGCGCTTTC	0	0	0	37.36424125	650.8995633	0	127
ATGAGTGATGCCGGCGTTCGAGGCGAGCCT	0	0	0	0	14.25327511	0	5
ATGAGTTATATTAATTAGGTAGTACGGAAT	0	0	0	0	308.8209607	0	34
ATGAGTTGATTGGTCGGAACTGTTAAGTTA	0	0	0	10.50869285	28.50655022	0	103
ATGATGAATAATATGCACCAGTTCATCATA	0	0	0	0	28.50655022	0	1
ATGATGAGATGCGATGTATTCCGTGCTATT	0	0	0	0	280.3144105	0	60
ATGATGGTACCCGGCGTCTTAGCTCTGTTA	0	0	63.54098361	4.670530157	916.9606987	0	30
ATGCAAAAACGAGTTTATCGGTGAAGTTGT	0	0	20.06557377	0	399.0917031	0	133
ATGCAAGTAACCTGTGTCAAGAGTTCGTAA	0	0	0	68.89031981	1002.480349	0	458
ATGCAATTTGTCGTTAGAGAGTACGGTTCT	0	0	0	43.20240395	0	0	62
ATGCACTCTATGTCCAGACAGGGGGCAGGT	0	0	0	1.167632539	14.25327511	0	1
ATGCATTCACAAGTGGGAATGTATCCGTTC	0	0	0	99.24876583	4608.558952	0	188
ATGCATTGTCACCCTATATGACGTGACCAA	0	0	0	0	285.0655022	0	91
ATGCCAGAAAAAAATCCGGGAATATTAGTG	0	0	0	1.167632539	23.75545852	0	3
ATGCCAGAAAAAATCCGGGAATATTAGTGT	0	0	0	24.52028332	992.9781659	0	171
ATGCCCGGAGCGGTGAAGATCGTGGACGGA	0	0	0	2.335265078	52.26200873	0	6
ATGCCTCATTAAACCTAGCTAAAGCGTGAG	0	0	143.8032787	0	0	0	139
ATGCGAGGTGCTTTGATGGTGCAGAGCGGG	0	0	0	22.18501824	0	0	12
ATGCGCTTTTCACGTTAGAAATACCGTAAG	0	0	0	9.341060313	494.1135371	0	1383
ATGCGTTCACAATAGTCTTCGGGGGAGTAC	0	14.98327759	0	0	0	0	115
ATGCTACTTTCTTGGCTTAGGGGGGCAGAT	0	0	0	24.52028332	42.75982533	0	24
ATGCTATAACTTGGTTCGAGAGAATGTGGG	0	0	70.2295082	0	0	0	623
ATGCTCGTTGCAATGGAGGTAAAATGTGAC	525.5735181	0	1081.311475	0	0	0	317
ATGCTCGTTGGAGGGTTAGTTTAACAATGG	14.65742879	0	0	0	655.650655	0	885
ATGCTGTATGAGGGCTGCGGTTTGTGGTAT	0	0	0	71.22558489	380.0873362	0	1900
ATGCTTAAATCCGGTCGGCCTCATATGAGT	0	0	0	4.670530157	0	0	144
ATGCTTCTTACCACGGCACTATTGATAAAT	0	0	0	0	4.751091703	0	54
ATGGAAATTTAGGTAATCAAGCATAATAGA	0	0	0	0	8043.598253	0	279
ATGGAATATGTCTTGGTATGATTACCTTTG	0	0	0	0	4.751091703	0	1
ATGGACAATGTCCAGCAAACCACAAATGAC	0	0	0	0	194.7947598	0	283
ATGGACCTAGAAAGATAAAGACGGACAAAG	76.42802156	21.40468227	28.98360656	8.173427774	38.00873362	0	52
ATGGACGAAGTGTACTGATGTCAGGTGTCT	0	0	0	0	52.26200873	0	40
ATGGAGAAAGGCTGGTGGGGGCGCATTAGG	0	0	0	0	61.76419214	0	177
ATGGAGTGTGAGAGGCCGCGCGGATTAGTA	0	0	0	0	57.01310044	0	52
ATGGATACACTGCGTTCTCGGCAATCACTC	3.140877598	0	0	0	9.502183406	0	23
ATGGATATAGGCCATCTGCTTTTTCAGTAT	0	0	0	0	4.751091703	0	3
ATGGATCAAGGGAATGTCTTTAGTACCCTG	0	0	0	0	71.26637555	0	4
ATGGATGTTCAGTTAGCGAATTAGGAATTG	1.046959199	0	0	0	0	0	2
ATGGATTTAAAAATAATTATGTAACGCTAA	0	44.94983278	0	0	0	0	1036
ATGGCACATCCTTCCATTTATGACCTCGAG	0	0	0	22.18501824	574.8820961	0	506
ATGGCGAGTTTGTCGTGGGGTTTCGAGTCC	0	37.45819398	0	0	80.76855895	0	6
ATGGCTTGTGGACACGTAATTGAGGTTACG	0	0	0	11.67632539	0	0	1
ATGGGAGGTCATGTTCACATACTATTTGAG	0	0	31.21311475	0	1862.427948	0	3619
ATGGGCACTTCTATGGGGTATGGCAGTACT	0	0	0	0	180.5414847	0	34
ATGGGGACTCCCTTCGGACGAAAGACGTGT	0	0	46.81967213	0	0	0	345
ATGGGGGCATATCTTGCGCCAATTTAGAGT	0	0	3.344262295	0	0	0	30
ATGGGTCGATCGCGGATGGGAAGTGACGTA	0	0	0	54.87872934	0	0	44
ATGGGTGCAGGGGAAGTCACATGAATCAAG	0	0	10.03278689	0	0	0	3
ATGGTAACTATCGAGTGGTTTGAGTGCGGC	0	0	0	0	4.751091703	0	2
ATGGTCAGATGTGTTATGGGATATCTCGTC	0	0	39.01639344	0	0	0	163
ATGGTCTAATCAGGCCTTCACTATGTGCTG	0	0	0	0	2465.816594	0	1159
ATGGTTCATTGTCGGGGAACCGCAATAATA	0	0	2.229508197	0	703.1615721	0	4
ATGTACGCAGGGAAAGGTAATATGCGGGAA	0	0	0	0	4.751091703	0	13
ATGTATACACCTTCCTCTGTAGTGTAAGTA	0	0	4.459016393	10.50869285	1068.995633	0	229
ATGTATATTCTAGCCTGGATTCTCCGTTGC	485.7890685	581.1371237	149.3770492	0	0	0	348
ATGTATTTATTTTGGTCAGATTTGGTATGA	0	0	0	0	9.502183406	0	173
ATGTCAATTCGTTATTATTGGTAATACGAT	0	0	0	0	61.76419214	0	13
ATGTCAGATCCCTCCTTCTGGCGTATACTT	5.234795997	1.070234114	282.0327869	53.7110968	1263.790393	0	413
ATGTCAGTTTGGTGATATCATGAAATAGGG	0	0	89.18032787	0	52.26200873	0	261
ATGTCGGATTGATCTACATATAATTACGCG	0	0	0	0	109.2751092	0	30
ATGTCGGTATCATGGCCGTAGGTGTGAAGG	0	0	0	80.5666452	194.7947598	0	48
ATGTGAGGTCAGGGACCACCAGGTTCAAAT	0	0	0	2.335265078	275.5633188	0	38
ATGTGAGTTAAGCGTCTTGTGCACTCGGCG	0	0	27.86885246	248.7057308	299.3187773	0	64
ATGTGCCCATTGGCGACCCTATATTAGGAT	0	0	4.459016393	0	0	0	5
ATGTGCCGTCTGTAATATGAGATTCATGCC	0	0	2.229508197	0	432.349345	0	5
ATGTGCGCAGGGGCATCCACTGGGACAAGA	0	0	0	9.341060313	28.50655022	0	6
ATGTGGAGTTGAGGGGCACCGTTGTAAGGC	0	0	0	0	513.1179039	0	2
ATGTGGCATTGTTGGGAAATTGCAGGCAAT	0	0	0	0	560.628821	0	44
ATGTGGGGATAGCAAGGGGGTGCTGGTCTG	0	0	0	56.04636188	95.02183406	0	26
ATGTGTTTATCCCTTAGATTGATGAGCTCC	0	0	0	11.67632539	23.75545852	0	14
ATGTTACTTACACAATATAGCACACCTGAC	0	0	130.4262295	110.9250912	0	0	10
ATGTTATGTGAATGAAGTCTACGGCCCTAA	0	0	0	121.4337841	655.650655	0	85
ATGTTCGATACATAGTCACTTTTGACTGTA	0	0	790.3606557	0	0	0	3453
ATGTTCGGAAATCCGGTTAGTAACAAACGA	0	0	0	0	218.5502183	0	4
ATGTTGCGAGTCCGAGCGTGGGATCCTTTG	0	0	0	28.02318094	0	0	1
ATGTTGCTACTTCATCTTTGGGTTGGCACC	0	0	14.49180328	0	0	0	34
ATGTTGGTAGTGTCGGAGGTTTTGCAGGTA	0	0	0	0	52.26200873	0	3
ATGTTGTCTTTCAGAATCCCATGATCAGGG	0	0	0	0	118.7772926	0	151
ATGTTGTTAACCATAATGCGAACACGTTAC	0	0	34.55737705	35.02897618	0	0	7
ATGTTTACTCAGGATATAGACCCAGTATGT	0	0	0	0	869.4497817	0	5004
ATGTTTTATAATTATATTCCGTCGCTGCTC	0	0	0	19.84975317	527.371179	0	160
ATTAAAGTAGCGAATTACTGTCTAATAGTG	0	0	0	0	23.75545852	0	149
ATTAAAGTTGCGGCCACGGTATGAACATTA	102.6020015	0	675.5409836	0	0	0	14
ATTAAATATCGTAGCGGGCGTCCAGCGCTT	0	0	0	0	2608.349345	0	338
ATTAAATCTACTATGGTAGAGTGACGTATG	0	0	0	0	1259.039301	0	272
ATTAAGAGTGTGTGGGAAAAATCTTGGGGA	0	0	0	0	19.00436681	0	34
ATTAAGTCATCATTGCGAGCTTCTCTGTAT	0	0	170.557377	0	2171.248908	0	4150
ATTAATAATTCCTGCAATAAAGTAGTTAAG	0	455.9197324	49.04918033	0	1425.327511	0	1234
ATTAATCATTCCTGCAATCACGTAGTTAAG	0	2.140468227	0	0	0	0	1
ATTAATGATGTATTACACATGGGCGACGGG	0	0	0	0	47.51091703	0	7
ATTAATTTTACGTGGACGAAGCTGTGGACT	0	0	0	4.670530157	0	0	8
ATTACAACTTGTTAGTTTAGGAGATCTCTT	0	0	7.803278689	0	0	0	382
ATTAGATAATTCGGGGAGGAGTGGGCGATG	0	0	0	0	85.51965066	0	13
ATTAGATCTGTCCAAGATGCGGTTTGAAGA	0	0	0	0	123.5283843	0	907
ATTAGATTAATTGCGAAATGTATACGCCGA	0	0	0	0	38.00873362	0	17
ATTAGCCATATGGGGCATATGGAGTAGGTG	0	0	0	0	142.5327511	0	59
ATTAGCGGTCGGTGACGAATGTATGCATGG	0	0	0	0	190.0436681	0	112
ATTAGGGTTTGTTGCCAGTGCGTTCGTTAA	0	0	6.68852459	0	0	0	464
ATTAGGTAAGGTCAAAGTGGTCGGACGGGA	0	0	0	0	9.502183406	0	41
ATTAGTCATGTTCCGTTCTTGGGCGAGCTA	0	0	0	89.90770552	0	0	69
ATTAGTCCTAGCCCAGTTTGTGAATAAGGG	0	0	0	11.67632539	289.8165939	0	36
ATTAGTGGAACGTGTCGACTCTAAGGCGAT	0	0	0	94.57823567	1278.043668	0	85
ATTAGTTGTAAGAAAAGGGTTCGATCAAGG	0	0	14.49180328	0	76.01746725	0	27
ATTATCGCATTAGGCTGTTCGAAGCAAGTG	0	0	0	0	2057.222707	0	330
ATTATCGGTTCAGGCAGGGGCTCCAGATTG	0	0	0	0	4.751091703	0	2
ATTATGATTGCTGACTTTTGGATTCCAGTC	0	0	0	0	47.51091703	0	97
ATTATGCTTCCTCTCGTGAGAATGCGTGTT	32.45573518	105.9531773	0	0	0	0	160
ATTATGGTACGGACTTCGTGATCATGCGGG	0	0	0	0	1021.484716	0	651
ATTATTAGTACGCAGGTGTGCCGGAATTTC	0	0	0	0	242.3056769	0	181
ATTATTATTCTATTTTTGACTTCACGGGTG	0	0	0	0	4.751091703	0	2
ATTATTGTTTATGTATGATCACTTAGCATC	0	0	1.114754098	0	0	0	1
ATTCAACCATCCTTTCTCACCCCTCCTTAT	0	0	1.114754098	0	0	0	1
ATTCAAGGATGGGTTTCTTTAAGTCACCAC	0	0	0	31.52607856	0	0	51
ATTCACTCTAGACTACTTCATATTAGACTG	0	0	0	0	422.8471616	0	49
ATTCAGCTTTAGCCATTGCGTGGAAATAAA	0	0	88.06557377	0	0	0	915
ATTCATAATACGTGTGTTTTTTTAGTCAGT	0	0	8.918032787	0	0	0	1
ATTCATGAAGCATTCTTCTAAGTCGACACC	0	62.0735786	76.91803279	0	128.279476	0	15
ATTCCAAGACAGTAGATGCCCGTCGCTCGT	0	0	0	0	123.5283843	0	97
ATTCCCGAATACTTTCGACATGTATTGGTT	0	0	0	98.08113329	888.4541485	0	889
ATTCCGAGATTTGGAAACAGCGTTGGGGAT	0	0	0	0	80.76855895	0	32
ATTCGACGTACGAGTATAGAGAATCGCTGT	0	0	0	133.1101095	0	0	125
ATTCGAGTTGGGTATCCGAGTAACCCGATC	0	0	0	0	171.0393013	0	194
ATTCGGCTAATTTTAGTAGAAAGACGTTAG	0	0	2.229508197	0	0	0	1073
ATTCGGGCACCTCCGGGTAGGGAATCATTG	0	0	0	23.35265078	446.6026201	0	309
ATTCGTAGTCCCACGGGAGCTCTCGAGGGT	0	0	12.26229508	0	0	0	1033
ATTCGTTCTTTGGAAGTCTCGTGAGGGGTA	0	0	0	0	4.751091703	0	53
ATTCTAACTAACGCTAGTACTGATATTGGC	0	0	0	0	2185.502183	0	600
ATTCTAGGTTCCGTAGTGCCTTCAAGAGGT	0	0	0	0	1002.480349	0	27
ATTCTATAAAATTGCTCCCAAGGGTAGAGG	0	0	0	0	9.502183406	0	2
ATTCTTTGTTGGAACTTTAAAAGGTTAAAT	0	0	0	0	4.751091703	0	84
ATTGAAATTTAGATTATGGTATGAGGTAGA	0	0	235.2131148	0	0	0	1684
ATTGACCGATAGAAGCGAGGTCACTTGAAC	0	0	8.918032787	0	0	0	141
ATTGACGCTAGCTCCGTTAACTGGGCATGC	0	0	5.573770492	0	0	0	70
ATTGACTAAGCTCCGCGTCGGCCAGGGGGA	0	0	0	0	14.25327511	0	2
ATTGAGGGTGAATACTTGACGAGGGTGTCG	0	0	27.86885246	0	0	0	156
ATTGAGGGTGAGAAGCAGTGGCGCCGCGCG	0	0	0	221.8501824	0	0	92
ATTGAGTTAGGGCGACTAGCCCGTGCAAAG	0	0	0	0	185.2925764	0	95
ATTGATACATTTCTTATAGTTATGGGGCGG	0	0	0	33.86134364	0	0	388
ATTGATGAAGTACAAGTGAGCCCGTGTCGG	0	0	47.93442623	0	0	0	206
ATTGATTAATCCCGCTAATAGGGAGGGGGA	0	0	0	0	47.51091703	0	32
ATTGCCACAAGCGCAGGCGCTTGTGGGGGT	0	0	0	0	4.751091703	0	27
ATTGCCGTAGTATTGAAGATTGGCACGTTG	0	0	3.344262295	0	0	0	472
ATTGCCTATGAGAAAGGGTGAGGTAAAATG	0	0	329.9672131	0	0	0	575
ATTGCTACAGATAGCAGTTTAACAGCATGT	0	2741.939799	0	1.167632539	0	0	10082
ATTGCTACAGATAGCAGTTTTAACAGCATG	0	6.421404682	0	0	0	0	14
ATTGCTACAGATAGCCGCCTAACAGCATGT	0	1.070234114	0	0	0	0	1
ATTGCTAGAGAAGGCACTCCAGTGGCGGTA	0	0	0	0	71.26637555	0	12
ATTGCTCTAGGAACGTCTTGCTCGACTTCA	0	25.68561873	0	0	0	0	70
ATTGGACGATCAGGAGGTGAAATGTAGTGC	0	0	0	0	4.751091703	0	349
ATTGGAGGTTTTTAAGTCAACTGGGTAACA	0	0	0	0	14.25327511	0	65
ATTGGCAGTGTTAGCGTACGTTTCAGGCTG	0	0	0	0	23.75545852	0	19
ATTGGCGTAATTCGTCAGATATCATGTAGG	0	0	0	1.167632539	57.01310044	0	3
ATTGGCGTTCCGGCTCAGGTCGTTGTAGAT	0	87.75919732	74.68852459	0	242.3056769	0	5157
ATTGGGATATTGTGACGGCCAACCATGATG	0	0	17.83606557	0	128.279476	0	207
ATTGGGGATCACTTGCGTATGGGATGTCGA	0	0	0	0	6670.532751	0	3143
ATTGGGGGAGTTAAATTATAACAGGGAGGG	0	0	0	11.67632539	0	0	30
ATTGGGTCAGCTGCAAAGAATAGATCGACG	0	5.351170569	15.60655738	0	180.5414847	0	1015
ATTGGTGCAACACAAGATAGAAAACGCGTC	0	0	44.59016393	0	0	0	1273
ATTGGTTGAGGTTTCGTTTTCCCGGACCGA	0	0	1.114754098	0	0	0	1
ATTGTACTTTGTATATCATTCCTCTTTGGG	0	0	3.344262295	1.167632539	152.0349345	0	12
ATTGTAGGAACTATTTCTGAAGGCTGTGGC	0	0	7.803278689	0	0	0	45
ATTGTAGTTGGTACTAAAACGAAGGTCGGC	0	0	0	0	14.25327511	0	7
ATTGTCGCTTCTAGGCACAACACAGCTGGC	0	0	0	0	4.751091703	0	17
ATTGTGACTACGCAGATTCGGGGGATCAGT	0	0	0	47.87293411	0	0	369
ATTGTGCTTAGCACCTCACCTGCGTTCTCG	0	0	0	18.68212063	294.5676856	0	70
ATTGTTTGTCTTATAGTGCCCTCTCTGGCC	0	0	0	0	66.51528384	0	93
ATTTAACTAGTCTTCTCGACACCGCTTAAT	0	0	4.459016393	0	0	0	200
ATTTAAGTATAACGTGTCCTAACGTTATTT	0	66.35451505	0	0	0	0	102
ATTTAATGATGATTTGTTTATCCATTGACC	0	0	0	0	85.51965066	0	327
ATTTAATTTCCAGGAGGTGGAGGTGGGGGG	0	0	0	0	42.75982533	0	124
ATTTAGCAAGATGGTCTTAGGCCTGAATGC	207.2979215	192.6421405	0	0	0	0	613
ATTTAGGTATTTCGTACTAAACGGGCTTGG	1.046959199	0	1.114754098	0	4.751091703	0	1
ATTTATGATGGCTGTAAAGGTATGACAAGG	0	0	0	135.4453745	4879.371179	0	1924
ATTTATGTATTTGATCGAGAGAAGGGGGAA	477.4133949	0	45.70491803	35.02897618	4.751091703	0	3632
ATTTCAAGTTATGAAACTGGGTCAGAAAAC	0	0	0	12.84395793	33.25764192	0	25
ATTTCAATACCACGCGCGTGGCGTCTGTGG	0	0	0	0	9.502183406	0	7
ATTTCAGATGTCAGACCAACTACACGGGGG	0	0	0	42.03477141	0	0	311
ATTTCCTGAATACGGTCACCGTATTATATC	0	0	0	35.02897618	0	0	368
ATTTCGGTTCCTTTGAGTGAGGCAAATTGA	0	0	0	0	351.580786	0	27
ATTTGACCATGTGTGGTGGGACCGGATAGT	0	0	11.14754098	0	0	0	870
ATTTGCCAAAATATTCTCGTGCCAAAATCA	0	0	0	30.35844602	5088.419214	0	98
ATTTGGAGTAGACACGTGAGATGTCCTGCG	0	0	1.114754098	3.502897618	109.2751092	0	90
ATTTGGGCAACGACATCGACATACAGATAC	0	0	0	70.05795235	1544.104803	0	164
ATTTGGGCTGGAGGACGCCGTGGGGCTTTG	0	0	0	0	76.01746725	0	16
ATTTGGTATGTTCTAAGTTAGCTATCTGCG	0	0	0	0	194.7947598	0	31
ATTTGGTGTCCGTGCGCAAAAACACACTGA	0	0	0	0	28.50655022	0	262
ATTTGGTTTAGTTATATTAACGTGTATTAC	0	0	0	0	299.3187773	0	193
ATTTGTAACGCCGGCCACGCTGCAGACGGG	0	0	0	0	4.751091703	0	1
ATTTGTAATGCCGGCCACGCTGCAGAAGGG	0	0	0	0	57.01310044	0	139
ATTTGTCATTGACCAGGCCACGCTGCTGGT	255.4580446	0	0	0	945.4672489	0	167
ATTTGTTATTAGGGTAAGGAGGTCTGGCGT	0	0	5.573770492	0	1240.034934	0	2611
ATTTGTTCTGTACAATAGGGGAGCCCAGCT	0	0	0	0	237.5545852	0	134
ATTTTAAATATTGCAGGTAGGACGTAGGTA	0	0	0	164.636188	0	0	286
ATTTTACATTTTTGGGAGGGCATAGTGGTG	0	0	0	0	9.502183406	0	32
ATTTTAGGTTATCAACGCTTCTTATATATC	0	0	0	0	4.751091703	0	14
ATTTTCAATTGGTTATCCATGCGCACATAA	0	0	105.9016393	0	2123.737991	0	3108
ATTTTCCCAGCGTGACAGCATGTCGTGGAC	0	0	0	0	71.26637555	0	18
ATTTTCCTAAACTGGAGTAGTGTACTACCG	0	0	0	0	71.26637555	0	12
ATTTTCGAATGGGGACTTTGCATTGTTGCC	0	0	0	51.37583172	7088.628821	0	350
ATTTTTCGAATCGATGATTCGATATGTGTA	0	0	0	0	342.0786026	0	419
ATTTTTGTTTTCAGGAGGGGGACGCCCTAT	273.256351	0	231.8688525	302.4168276	3035.947598	0	3787
CAAAAATGTTATCTCAGTTGTACTGTGAGA	0	0	0	128.4395793	2233.0131	0	942
CAAAACTGCTATCTCCGTTGTACTGTGAGA	0	0	0	0	4.751091703	0	1
CAAAATATAGATCGGCTGTAACAGAAGCGT	0	0	3.344262295	0	0	0	104
CAAACAAGTCGATACAATTAGCTGCCTTAT	0	5.351170569	0	0	256.558952	0	140
CAAACCTCACTCGCGGGACTGTCCGTAGCG	0	0	186.1639344	72.39321743	0	0	1246
CAAACGTAAACGTCACAACCCGGCGAGGCG	0	0	0	21.01738571	142.5327511	0	3
CAAACGTTAGCTTTGCGGGTGCGGAGAATG	0	0	5.573770492	0	0	0	15
CAAAGAGATGTCGAAGGGAATGCGGAGGGA	0	0	0	0	14.25327511	0	3
CAAAGTGATGAGGGCGTATGGTCAGTAATT	0	0	0	7.005795235	370.5851528	0	101
CAAATTTCACAATATGTTGGTATCTACATT	0	0	0	0	9.502183406	0	130
CAACAATGTCGGTCGACTTGGGCAAAAAAG	0	0	0	52.54346426	726.9170306	0	79
CAACATCTTACTGTGGGTTCGTCGCGTAGA	17.79830639	0	35.67213115	0	0	0	31
CAACCATTTTCTGTCCTCCTCCTCGAGTAC	0	2.140468227	1.114754098	0	0	0	1
CAACCTATTATGAGTGCAAGTGAATGAATA	0	0	0	0	218.5502183	0	61
CAACGAGGAACTTTGTCTAACACATATACG	0	0	0	0	33.25764192	0	11
CAACGAGTTTCCCGCACAACGGACGTAGTC	0	0	0	0	114.0262009	0	24
CAACGGAAACTCTGTCAGTAGATTGGGTGT	0	0	7.803278689	0	9.502183406	0	50
CAACGTAGAATTTCGTCGGCTTTAGTAACA	0	0	2.229508197	0	0	0	74
CAACGTGTTAGATAGCTTCATTGTCCTATA	0	0	0	0	959.720524	0	831
CAACTCTCTCCCGCGGAGACGGCAGCGAAG	0	0	0	0	14.25327511	0	26
CAACTTCGAGGTTCGTAGAATAGCAGGCAT	0	0	0	24.52028332	19.00436681	0	43
CAACTTGGACCAGATGTCTCGAGGCCGGTG	0	0	0	0	14.25327511	0	1
CAAGATCGTTAGTCACCATGCTGGACCCTT	50.25404157	224.7491639	52.39344262	0	0	0	250
CAAGCACCTGCGGATAAATTGGTTAGAAAA	0	0	0	2.335265078	0	0	11
CAAGCATCTTGAAGTCGGGTTATCAGAATG	0	0	15.60655738	31.52607856	0	0	584
CAAGCGGGACCACTGAATCATCTGGTACGC	0	1.070234114	0	0	0	0	1
CAAGCTGGTGATAAAAGGGAATCTGCCTAA	0	0	4.459016393	0	0	0	9
CAAGGCTCTGGTGGAGCCGTGGGTAAGAAA	0	0	0	36.19660871	0	0	16
CAAGGGAATAGTGCTCAACACCCGCTGTAT	0	4.280936455	2.229508197	0	0	0	1
CAAGGGCTTTAGGGCATGGAAAGTAGGGCG	0	0	0	0	9.502183406	0	14
CAAGGGGAAGGGAATGACTTACTTGGGCTT	0	10.70234114	39.01639344	0	42.75982533	0	20
CAAGGTAGTGGGTCGGGAAATATTACAGCT	0	0	0	0	57.01310044	0	16
CAAGGTTTTTTCTGAAGTAATGGTGGCCAA	0	0	0	0	133.0305677	0	138
CAAGTAGATATCCTGCATCTAACCTGCCTG	0	0	0	0	137.7816594	0	121
CAAGTCACTGCATGATGGAAATTGGTTGGC	0	0	0	2.335265078	42.75982533	0	6
CAAGTTTCTCATGGTATGCTGTTTACTTAA	0	0	0	2.335265078	0	0	5
CAAGTTTGATGGTTAGGCTCATAGGCAGGA	0	3.210702341	0	14.01159047	0	0	55
CAATAAAGTCACGGGGAATCGTGTCATAGC	0	0	0	0	6508.995633	0	2188
CAATAATCATAGGATGTTCATATGGGATCA	0	0	153.8360656	0	0	0	2421
CAATACCCTTGCGGTAATTCGTTATCAGAG	0	0	0	0	551.1266376	0	426
CAATAGGTTTCATGCGTTGTTCTAATGTTT	0	0	0	0	57.01310044	0	625
CAATATCTTACGGGTATGCCCGTAGCCGGG	0	0	1.114754098	0	0	0	2
CAATCAAAAGGATGCGGCGGAGGCGTCTTT	0	0	6.68852459	0	0	0	557
CAATCTCGTTTTGATGGGATAATTAAATTA	0	0	0	0	503.6157205	0	142
CAATGAGGTGTTTATGGTGGTTATTGGTAA	0	0	0	3.502897618	251.8078603	0	57
CAATGCAGAGGTCTTGGAATCGGTGTTTCA	0	0	0	0	19.00436681	0	28
CAATGCTTAAGCGGTTACTGACAGATTCTC	0	0	0	42.03477141	0	0	107
CAATGGGGACCAGCCTTGTGTGTCGGCCCG	0	0	34.55737705	0	0	0	39
CAATGGTGTGAGTGGCCGTTTGCAATGGCG	0	0	0	0	384.8384279	0	71
CAATGGTTATTATTTGAGCCTAAATAGGGT	0	0	0	0	945.4672489	0	605
CAATGTGGTTATACAATTATGCGCTGAGGA	0	0	8.918032787	0	0	0	3
CAATGTTGAGCGGGGTTGCCGGGGCCAAAT	0	0	0	0	446.6026201	0	723
CAATTAGTAACTTCTCGAGTTATGTAACTC	0	0	0	0	4.751091703	0	1
CAATTGTCAGTAGTACTAACTAACTGCCAT	0	0	0	0	52.26200873	0	253
CAATTTCATGCACCTCTGAGTAGGATAATC	0	0	24.52459016	0	669.9039301	0	57
CACAAAAGTCGGTTATGTGACTCTTGCCCG	0	0	0	0	565.3799127	0	20
CACAAATTTTATCTCCGTTGTACTGTGAGA	0	0	0	1.167632539	4.751091703	0	1
CACAACGAAGTCAGTCGGTAGTCAGGCCCT	0	0	0	0	4.751091703	0	3
CACAAGTTATCCGTCTAGTAAGGAAAGTCG	0	0	0	8.173427774	0	0	10
CACAATGCAAATTGCGGTTGGCAAGAAAAA	0	0	0	31.52607856	2532.331878	0	3812
CACAATTGTCTTGTATGGTAATTCTTGGTG	0	0	0	1.167632539	0	0	3
CACACCCATGGGGCAATTAAAATTGTCTTC	0	0	0	0	47.51091703	0	8
CACACCTCAGGGACGTGTAAAGTTCGAGCG	0	0	31.21311475	291.9081348	95.02183406	0	1197
CACACTGCCTTACCCTGAGCTAAAATAGTA	0	0	1.114754098	0	0	0	1
CACAGAAATGTGTGGGACAAGCACAGGTTC	0	0	0	129.6072118	5801.082969	0	2189
CACAGATTTCTGTGCGCTGGACTTCGGAAT	0	0	0	39.69950633	612.8908297	0	644
CACAGGACAAGGACGTCTACGAGGGCTGAC	0	36.38795987	0	0	0	0	1934
CACAGGTCTTATACTCTGGGTCCGCACAGT	0	0	0	0	9.502183406	0	96
CACAGGTGAATTTTGCTACGTAGAGATGCT	0	0	0	0	23.75545852	0	2
CACAGTAGTAGTTGTGCCTAGGTTGAATTC	0	0	6.68852459	85.23717536	0	0	333
CACATGCAACTCCCCGAAATTTTAGCGTAG	0	0	0	79.39901266	38.00873362	0	12
CACATGTAACCTGAGGGAATAGGGGCCAGG	0	0	0	0	4.751091703	0	4
CACATTACTACTAACGACCCCTTAGGACCG	0	0	0	0	1406.323144	0	222
CACATTATATGGTGAATCCAGGGCGTCAAA	0	0	0	4.670530157	0	0	16
CACATTGCTGGATAGGCCGGGCTTGATACC	0	368.1605351	121.5081967	0	0	0	1662
CACCAATAAGAGAATGAGGGGTAGTTACGG	0	0	0	0	997.7292576	0	457
CACCACGCTGTACTACTCGTTAGCGACTAG	0	0	0	79.39901266	2104.733624	0	835
CACCATTGTGTGTGGGTCAGCTGGGGGCTG	0	0	0	0	57.01310044	0	350
CACCCTTCTTCAACACGCGTATTTGTGTAC	0	0	5.573770492	0	0	0	246
CACCGAGGTCCTCTCTACTTCGTCATCGTA	0	0	0	11.67632539	916.9606987	0	8
CACCTGTGAGAATGGCTATGAACTCTACAG	0	0	0	18.68212063	318.3231441	0	1417
CACCTTACTTCAAAGCCAACTGTCCTTGTT	0	0	0	0	33.25764192	0	11
CACGAATTAACGCCGGCTGAGGTGCAGAGT	0	0	0	12.84395793	95.02183406	0	177
CACGAGGCTATCCGTTTGTTTGGACCATTT	0	0	0	0	28.50655022	0	4
CACGAGTCACTAAGTTGCTTTGCGAACCTC	0	0	0	0	4.751091703	0	1
CACGATAATCTTCGCTGGCATCCAGCGGGG	0	0	0	0	23.75545852	0	300
CACGATTGATGTCAAAGGACGCCCCACTTT	0	0	3.344262295	65.38742219	0	0	184
CACGATTGTTCTAATGGGATGTAAATCTGT	0	0	3.344262295	0	0	0	248
CACGCATGACCTTAGGTTCAACACGTTTGA	0	0	0	0	19.00436681	0	70
CACGGAGAATAGATCCCTCTTTACCTGCCG	0	0	0	60.71689204	470.3580786	0	1
CACGGGACTGCGCATCAGTATGCCCGGTAA	0	0	66.8852459	0	0	0	6633
CACGTCCCAAGCATGTGATAAATTATATCC	0	0	0	0	28.50655022	0	32
CACGTGGGACGTGAGGCGCGGCGTTCGGAC	0	0	0	0	19.00436681	0	37
CACGTGTAACTGGTGATAGGATCTTCCTCT	0	0	11.14754098	0	9.502183406	0	31
CACTAAGATTACGACGTCGTATGGGGAGGG	0	0	0	0	47.51091703	0	38
CACTAATTTCGTGCAGCATGTGCGGCGCGA	0	0	0	0	52.26200873	0	3
CACTACAAATTGCTTGGTGTCAAGGAAGCA	0	0	0	0	19.00436681	0	17
CACTACTCTGATCGATGGGCCCAAATTTCT	0	0	0	10.50869285	0	0	7
CACTAGAGAGGTGGAGCGCTTCGGATCGTA	8.375673595	161.6053512	33.44262295	0	0	0	37
CACTATAATCCTGGACAGCTTCCGCGGCCA	0	0	11.14754098	0	0	0	17
CACTCGATAAGAAACATTACTAGGGTATAC	0	1.070234114	175.0163934	0	0	0	4
CACTCGGCAAGTACGTTTTGGATCGGCGTG	0	0	47.93442623	0	0	0	284
CACTGGGGTACGCTTTGGGTACTCTGAGCA	0	32.10702341	0	0	4.751091703	0	5
CACTGGTGATCCTGAACGTTTGATTAGATA	0	0	0	0	14.25327511	0	6
CACTGGTTAGCCCTATTTTCGGTGTTGGGG	0	0	63.54098361	0	0	0	20
CACTGGTTTTCGATACATACGTGAAGGTAT	0	0	0	0	19.00436681	0	8
CACTGTGATCGGAGTGTAAGGCCTCCTGGG	0	0	0	0	9.502183406	0	1
CACTGTTAATAGAATCTTAACACCTTGATC	0	0	7.803278689	0	0	0	2
CACTTAGCTGGACATGTACTAGAAGTCGTA	0	0	0	5.838162696	14.25327511	0	11
CACTTATTTCCAAAGTTCTTTCGATCCCGT	0	0	21.18032787	0	247.0567686	0	162
CACTTCAGATTCTGGGCCATAAGTTATGGA	0	0	10.03278689	15.17922301	0	0	54
CACTTCGTAATGCGTATCTTAGGTCTCTTA	0	0	0	44.37003649	0	0	65
CACTTGTGTCGTACAGGTGTAAGATGACAT	0	0	0	56.04636188	237.5545852	0	702
CACTTTGGAACTTGGTGTCTATTCAGGGGG	0	0	41.24590164	0	0	0	173
CACTTTTTAGTAAGTATGAATTTTGGTTGC	0	0	0	0	9.502183406	0	1
CAGAAATGTTGGTTTGTTCTAGGGGCGCGA	0	0	2.229508197	0	0	0	1
CAGAACTGAACGTGGACACCCAGGGGACAG	0	0	0	0	280.3144105	0	211
CAGAAGTTAATGCCGTGCATGCTTGGGAGC	0	0	11.14754098	785.8166989	5872.349345	0	937
CAGACCAGTGGTTTCTTGGCGTGGAAGAAG	56.53579677	34.24749164	148.2622951	0	1791.161572	0	93
CAGACGGTTCCTGTTCAAATTGCCGATCGC	0	0	0	0	47.51091703	0	11
CAGAGACTAGAGTTGGAACCTTGATATTCT	0	4.280936455	0	0	0	0	2
CAGAGAGGATCGACCTGTCGGTGTTGGTAG	169.6073903	1429.832776	394.6229508	0	0	0	1262
CAGAGCTTAGGCTTCGCGGGGTGATAGAAA	0	0	0	0	185.2925764	0	52
CAGAGGATTAAACCGAACCCTTCAAAGGTC	0	0	0	0	23.75545852	0	93
CAGAGGGATCTCGTGGCGTAGCTCGGTCTG	0	0	3.344262295	0	251.8078603	0	182
CAGATGTCAGTGGCTCCGCGTTTGGCGGGC	8.375673595	0	0	0	0	0	53
CAGATTTTACTGCCAATGTCCGGAAAGTGG	0	0	0	0	156.7860262	0	332
CAGCAACTTTCTCTCATATCACGTGAGTGC	0	0	8.918032787	0	0	0	1
CAGCCATATATATTCAGTTGTTTTTGCCGA	0	0	601.9672131	0	3506.305677	0	3181
CAGCCCTTTTATCGCAGTAGAAAGTGTTAT	0	0	0	0	9.502183406	0	6
CAGCCTTTTACCATGGCAACTTCCCTGAAG	0	0	0	59.5492595	114.0262009	0	407
CAGCGCAGACCGCTGGGGCCGCGGGCTGCG	0	0	0	0	57.01310044	0	3
CAGCGTCGAGAGCGCCGGTAGGTACCTTGT	2.093918399	0	0	0	0	0	3
CAGCGTCTATTCAAGGATGAAGTCGTACGA	0	0	0	0	9.502183406	0	31
CAGCTAAGTGTACCAATGGGGAAGGATGCC	0	0	0	4.670530157	0	0	1
CAGCTCAGTCTACTCTGGAACATGTATAAC	0	0	3.344262295	0	95.02183406	0	5
CAGCTCTTTTAGGATTATGGCCAAAATTCG	8.375673595	16.05351171	0	0	0	0	8
CAGCTTAGAGTCTAATCCGATATGGGTTCG	0	0	0	0	14.25327511	0	5
CAGCTTGGTGGATGTCTTGGCGTGCTTGGG	0	0	57.96721311	0	883.7030568	0	1288
CAGGAAGCAGTTTGTGTGCAAGTGGGTTGT	0	0	0	11.67632539	285.0655022	0	168
CAGGAAGCAGTTTTGTGTGCAAGTGGGTTG	0	0	0	0	19.00436681	0	1
CAGGACGAAGGCGCTTTTGATAGAAGGACG	0	0	56.85245902	0	280.3144105	0	271
CAGGATATTGCAGAGAAGGTCGCATAAGTT	0	0	0	0	52.26200873	0	33
CAGGATTGTTAGTAAAACGGGACGACCAAA	0	0	0	3.502897618	0	0	56
CAGGCAAAATTGGCCGCTGGCGTGGGTTGG	0	0	0	0	4.751091703	0	1
CAGGCCCAACTGCCCCAGGCTGCCTGGGCG	0	0	16.72131148	0	0	0	6
CAGGCCGTTTGGGCGTCGGGCCGTCGGGGG	0	0	25.63934426	0	76.01746725	0	19
CAGGCGTATCCCGGTCAAGATACTATTACC	0	33.17725753	275.3442623	0	0	0	743
CAGGCTGGATACATTAATATCTTTGCAGTT	0	0	482.6885246	0	0	0	2
CAGGCTTAATCGAGTGCGATGACGTGCAGA	0	0	0	3.502897618	4499.283843	0	1365
CAGGGCAATGCGTCTGTGGTACTCTGGAGA	0	0	3.344262295	0	0	0	2
CAGGGCAGTATGTTTTGTTAGGCCTAGAGG	0	0	2.229508197	23.35265078	1525.100437	0	1280
CAGGGCCGACACGAGCGCTGGATGCCGACG	0	0	0	0	14.25327511	0	5
CAGGGCTGTCGGACTCGTGCGCGTGCTTAT	0	0	0	0	3235.49345	0	3869
CAGGGGCCAGTGGGAGGTGCTGGGGGACGG	0	0	0	0	42.75982533	0	31
CAGGGTTTTACATCTTAGAGTAGAAGCTTT	0	56.72240803	0	0	0	0	148
CAGGTAAATCGTGAGAGAGCGGCAAGCCGT	0	0	0	0	61.76419214	0	64
CAGGTAAGATCCCTAACCGTTGAACTCGGC	0	0	0	0	4.751091703	0	1
CAGGTACAACAGAATCTGTGGTGGGACTGA	74.33410316	0	61.31147541	0	0	0	1905
CAGGTGAAACTGAATGTCAGGCCCAACCGA	0	221.5384615	139.3442623	0	0	0	2848
CAGGTTGGACGGCGGTACGCCGTAACCAGT	0	0	0	21.01738571	0	0	7
CAGTAACTAGATTAATTGGCGCGGTGTCGG	0	0	0	2.335265078	0	0	3
CAGTAATGTGGTTAGTTTTGTAGAACCACT	0	0	0	0	14.25327511	0	63
CAGTAATTTGATGGTTTGAGCCCATAAAAG	0	0	0	8.173427774	114.0262009	0	103
CAGTACCATCGAGGCGGGTGAGGTTTTGGC	0	0	0	0	47.51091703	0	154
CAGTAGAGAGGTGGGTACAAAGGTATGATG	0	0	0	0	684.1572052	0	268
CAGTAGCGATAGTTGTGACGACGAATGTCG	0	0	0	0	1772.157205	0	2706
CAGTAGGGTCCCAGAGGGGACCGTGGGGGT	0	0	0	0	418.0960699	0	30
CAGTATAATACACCTCAGGTTCTTGTATAG	0	0	11.14754098	0	0	0	948
CAGTCCAAACAAATGTTATATGACTCCTAC	0	0	0	0	47.51091703	0	27
CAGTCCCTTATGGAGTTGGACACAAACTAG	0	0	34.55737705	0	0	0	251
CAGTCCTTTGGGCGGCGGCGGCCTGGGGAC	0	0	12.26229508	0	0	0	11
CAGTCGAATATCAATACCCCGTTCACCTTG	0	0	76.91803279	0	95.02183406	0	474
CAGTGATAACCGCACACGCTTATACATAAT	0	53.51170569	0	0	0	0	989
CAGTGCATTCTTCGGAAATATACTAAAACT	0	0	0	1.167632539	0	0	1
CAGTGCGGAGGATACGATCATATGACTTAA	0	0	5.573770492	2.335265078	0	0	38
CAGTGCTAACTCCTGCATGTGATCAGATCT	0	0	0	9.341060313	0	0	3
CAGTGCTAATTTTAGTCATTACATCCGTTT	0	0	75.80327869	0	0	0	413
CAGTGGTGAACGATTGCTGAATGGGAAGTG	0	0	0	0	52.26200873	0	11
CAGTGGTTTGTGTGCGCAATACTTAGGGAT	0	0	0	0	38.00873362	0	25
CAGTGTAGTAGTAGTGAACGCCATGCGGGT	0	0	20.06557377	0	0	0	9
CAGTGTCTACACTTAATCTTAGTTCTCCAG	32.45573518	17.12374582	28.98360656	0	0	0	49
CAGTTACTACGGAACGTCGTTTCTTGTATT	0	6.421404682	18.95081967	0	0	0	4
CAGTTCCCACGGAAGGTCCAGACGTCGTAA	6.281755196	0	0	0	0	0	3
CAGTTCGATCAAGTTATCTTGTTCCGTTCT	0	0	0	4.670530157	166.2882096	0	5
CAGTTGTTAGAAGTACTGCGATCTCTATGT	0	0	0	0	19.00436681	0	1
CAGTTTGTTTAAGGGGCAAAGTCCTGGTGA	0	0	0	0	19.00436681	0	26
CATAAAAGTTAGTAATTAAGTCTAAGTACG	0	0	2.229508197	0	14.25327511	0	119
CATAAAATTCACGTGGATTTATCGTGCATG	0	0	0	0	99.77292576	0	11
CATAAAATTCAGGCGCCCGTGTACCTGAGG	0	0	3.344262295	0	0	0	1
CATAAAATTTAGCCCCCGCTGGTCTACTTT	0	0	0	0	104.5240175	0	2
CATAAAGCAGGAATATATATGATAGTTTAC	34.54965358	47.090301	54.62295082	18.68212063	14.25327511	0	89
CATAAGTCATTGTAGGTTATTCTAGCAGTT	0	0	0	2.335265078	223.30131	0	24
CATACAGGTGGAGGGAACCTCTTAGGTGTC	0	0	0	0	42.75982533	0	2
CATACGCTAAACAGGCTAGAAAACTTATCA	0	0	0	0	23.75545852	0	12
CATACTACTAAAGTATTTTTTCACGGAACC	0	0	0	0	38.00873362	0	3
CATACTATTACGCCGTAAGTGTCATGTCTT	0	0	22.29508197	0	0	0	329
CATAGCCGAGGGTGCGTTGGTGAGGGTCAG	974.7190146	1565.752508	661.0491803	0	0	0	2366
CATAGGCAAGGAAGTCCGGGCTTACGAAGC	0	0	0	18.68212063	0	0	585
CATAGGCCATCCTTTGGCGTCTAGCTTCAT	0	0	0	0	104.5240175	0	188
CATAGGGGACATTGAGCTCTGTCAGATTTC	0	0	0	0	14.25327511	0	4
CATAGGGGTCGCCTTCAGCTTCTGTCGGAA	0	0	15.60655738	0	0	0	300
CATAGTGTTACAACTATTAATCTGAATCAT	0	0	37.90163934	0	223.30131	0	165
CATAGTTGTCAATGTGGCGGTAGGGGGGGC	324.5573518	0	99.21311475	3.502897618	0	0	46
CATATCGTACTGATCGCCAGTCAAGACGTT	0	0	35.67213115	0	479.860262	0	68
CATATGCATCGAGGGGCTGGAACGCGACGC	0	0	0	0	38.00873362	0	2
CATATGGGACCACGCGAAGGTGTGCCACTC	0	0	318.8196721	509.0877871	261.3100437	0	2942
CATATTAAAAGTATACCGTTGTTGTGGCTA	0	0	5.573770492	0	0	0	458
CATATTAAAGTTGAGGGCGGCAAGAAGGAT	299.430331	0	1093.57377	129.6072118	384.8384279	0	3998
CATATTCTTAGTAAAGATTCGCGAATATGC	0	0	0	0	71.26637555	0	9
CATATTGATTTACCTTGGGCTAAAATAGTA	0	0	547.3442623	0	0	0	2514
CATCAAATATACACTTGGTGAGGTATTAAA	0	0	0	0	14.25327511	0	82
CATCAACAATTCTTGGGCAAGTTTCATGAA	0	0	0	0	47.51091703	0	5
CATCCGTGATGGCTTTCAAAGGGGGCCATT	0	0	0	0	9.502183406	0	7
CATCCTATAAGAAGCCTGTATGAGTTCACG	0	0	0	0	4.751091703	0	4
CATCCTCAAGGTGAAGTTATTGGACTGTAC	1.046959199	0	45.70491803	0	0	0	38
CATCCTTTAGTCGTCGTGGTTACAGGGGCG	0	1.070234114	0	0	0	0	1
CATCGAGGTATCCTAGGGCCAGGTACCCAA	0	0	0	0	161.5371179	0	32
CATCGCTCTATCTTGTCGCGGCAGGTACGG	0	0	0	11.67632539	161.5371179	0	1
CATCGGAAAGACCTTAAAGCGGTGGTTGAT	0	0	8.918032787	0	0	0	115
CATCTAGCTTAGGGGCGCAGGTTTACCATA	0	0	7.803278689	0	0	0	70
CATCTCCCCCGTCCCCCCTCCCTTCATCTC	0	0	1.114754098	0	0	0	1
CATCTTGTATTTTTATTTAAGGCTGATGTT	0	0	0	0	14.25327511	0	296
CATGAACGTCTGTGTCTATTAATATGTTGT	0	0	0	365.4689848	3083.458515	0	1901
CATGACATACCACGATTCGCGGGTGGCGAG	0	0	0	0	4.751091703	0	2
CATGACGCATGTAACGATTCGTGGTAGGCG	0	22.47491639	0	0	4.751091703	0	7
CATGAGAGAGGACCTTTTTCGTTGCATTGG	0	0	22.29508197	0	0	0	118
CATGCAGATCTTGTTTTAGGAAGCGCAGTC	0	0	0	3.502897618	0	0	1
CATGCCGTTGCCATGCCGTAACTATGTCGT	0	0	0	0	23.75545852	0	4
CATGCTCGTACCAGGCCTGGGGCGGGGGGC	0	0	0	0	289.8165939	0	28
CATGCTGAATCGTCATTTTGAAGTGGGAGG	0	0	0	0	232.8034934	0	15
CATGCTGGTTTGGGGGCGAAGGGAAGATGA	1.046959199	0	0	0	0	0	1
CATGGACGATGTGGTTGTAGGTAAACCAGG	0	0	0	0	28.50655022	0	1
CATGGAGTAGTTGTGAGAAAAAGTGGCAAC	0	0	0	0	118.7772926	0	35
CATGGCAAGCGAGATCGACCAGCTCAGAGA	6.281755196	0	234.0983607	642.1978965	0	0	3441
CATGGCTGTATTGGGCGACCGGGAGTTACA	0	0	93.63934426	0	0	0	146
CATGGGTGAAGATTTATCCCTTTTTTGACG	0	0	66.8852459	0	0	0	177
CATGGTTGTTTAGTCTATTTGGACGGGAAT	0	0	41.24590164	0	0	0	784
CATGTCAGTTTTTGAATTGTGACCAGCGTA	0	0	0	0	199.5458515	0	24
CATGTCTCAAGTTTGATTTCGCTTCAGCTC	166.4665127	85.6187291	739.0819672	0	3197.484716	0	1657
CATGTGTTATTTGTGTCAGGCGTCGCGACT	0	0	0	0	660.4017467	0	13
CATGTTAGTGTATGTCGGGTATTCATTTAC	0	0	1.114754098	0	0	0	6
CATGTTGGACTGTCAAATGCTATGCGAGAT	0	0	0	0	76.01746725	0	327
CATTACATATCTGGCGGGGGAATGATCGGC	0	0	4.459016393	0	0	0	12
CATTACGAATTGGCGTTGAGCACGACTTTT	0	0	0	0	4.751091703	0	34
CATTAGGTTTTACACCTATCGCGACAATTC	46.06620477	0	3.344262295	0	14.25327511	0	5
CATTAGTATCCCTCCACCCTAGACTTTACT	0	0	54.62295082	221.8501824	0	0	4
CATTATCGTCCCAGAAGTAGCCCGTTAAGC	0	0	0	0	888.4541485	0	4264
CATTATTATAGTCAAGGTACGTCTTTGGGT	0	0	0	0	118.7772926	0	3
CATTCATTTTATCGTTAGATGTGAGCAAAG	0	0	0	0	104.5240175	0	75
CATTCCGCATTTACTCCACCCTGAATCGTC	0	1.070234114	0	0	0	0	1
CATTCTGGTGGAAATACTGACACACTTTCT	0	0	3.344262295	0	9.502183406	0	19
CATTGAAGTCTTGCAGTGCGGTTGGAGTTA	0	0	0	0	432.349345	0	173
CATTGCGGAGGGTGCATACGAGGTGGTCGG	0	0	0	0	76.01746725	0	3
CATTGCGGTTCGGGATCGGTGTCTGCGACT	0	0	2.229508197	0	0	0	29
CATTGTATAGAGATAGATCATTTAGTAAAC	0	0	10.03278689	0	33.25764192	0	200
CATTGTATTTCACACTGGCCGCCGATGCCA	0	0	0	11.67632539	28.50655022	0	305
CATTGTTTTAGGCCGAAGGTCATGATGGTC	9.422632794	1.070234114	1.114754098	0	0	0	6
CATTTATAACCTGTCAGATTGGGCCTCAAA	0	0	0	23.35265078	2974.183406	0	1504
CATTTGCGTGCTAGTTTTTGGAGATGGGGG	0	0	15.60655738	0	0	0	33
CATTTGTGTATGGGGATTGAGTAACATATC	0	0	23.40983607	0	0	0	870
CATTTTTATAGTTTTGAACAGATTCTTGTC	0	0	16.72131148	1.167632539	0	0	45
CCAAAACATTCCAGATTATAGTTTTGTCTT	0	0	32.32786885	37.36424125	451.3537118	0	3795
CCAACGAAAAACCGCGTTCCTTGGCCCATA	0	0	2.229508197	0	0	0	7
CCAACTCTATTATTAATCAATGGTGGGACA	0	0	0	0	641.3973799	0	8
CCAACTTTTTCCAGGTTGGTAGTCTCCGGC	0	0	0	0	9.502183406	0	3
CCAAGATGTGGGCCGGGGCGAGGGGTGTCA	0	0	303.2131148	0	0	0	524
CCAAGGCCTCTTGTGGGCATATGTTGTTCA	0	0	12.26229508	0	0	0	75
CCAATAAATGTGTCATCTAAGAATGAGCTT	0	0	0	0	788.6812227	0	458
CCAATCGAAAGATCTAGACGAGCGCTGTCG	0	0	31.21311475	0	0	0	1437
CCAATGCGAGCAATGACAGGAAACATTAAC	0	0	3.344262295	0	0	0	7
CCAATTATTACAACAGTTCACGTGTTTAAC	0	0	148.2622951	33.86134364	38.00873362	0	139
CCACAAGATAGAGGCTGGGCCTAGAGGTAT	0	0	0	0	85.51965066	0	70
CCACATTCTTGTGGCTGCCAGATGGTGGTC	0	0	0	0	38.00873362	0	11
CCACCATTTCTTTGTTTTACGTGAGAAGCT	0	0	0	135.4453745	0	0	96
CCACCGTGACGTCAATCACGAAGCGCCGAG	0	0	0	408.6713887	0	0	179
CCACGCACTCCTCGTTGACAGTTAGTGGGA	19.89222479	12.84280936	117.0491803	0	0	0	33
CCACGGCATTCGGGAATGGGGGGTCGGGGC	0	0	0	0	33.25764192	0	4
CCACGTTCTGGTTAACAGGGCCGAGGGGGC	0	0	5.573770492	0	0	0	34
CCACTCACTTCGTCCCACAAGCACCTATCC	0	0	0	1.167632539	0	0	1
CCACTCTATAAAAGCGCTAGAAAAGAGTAT	0	0	4.459016393	0	0	0	63
CCACTGACAACTATAGGATGCGGGAGCCTG	152.8560431	260.0668896	0	0	0	0	24
CCAGAGCATCCCAGAGTCTGCTTGGACAGC	0	0	0	0	9.502183406	0	44
CCAGAGGGTCAAGACGTATTGCAATGACGC	0	10.70234114	0	0	0	0	91
CCAGATTGTTAGAGGCAATCATTAGTTTTT	0	0	0	0	399.0917031	0	4447
CCAGCAGCATCGACGTCCGCGTTGGGTCTG	0	0	0	0	33.25764192	0	28
CCAGCGCATCTCTTAGGACCTCTCGGCATC	0	0	6.68852459	0	280.3144105	0	123
CCAGCGTAAGGGCAGGGCGAAAACATATGG	0	0	1.114754098	0	0	0	12
CCAGGAACTCAGGGTGCGGCGGTGGGAAGG	0	0	239.6721311	0	0	0	64
CCAGGGGTTTGTGTAGATATTTCAGTTGTC	0	0	107.0163934	0	0	0	2
CCAGGTAGTTGGAGGCGTTCGTGGAACACT	0	0	12.26229508	66.55505473	1145.0131	0	313
CCAGGTGCAAAAAGGACACGAAGACGGGGT	0	1.070234114	0	0	0	0	145
CCAGTGACATTTGGCACTGCGGGCTGATTT	0	0	276.4590164	0	0	0	1868
CCAGTGCGAAGTCTTAAATTACTGTAAGAC	0	0	0	270.8907491	413.3449782	0	1246
CCATACACAAATGCCATTCTGAAGAGTCCG	0	0	2.229508197	3.502897618	61.76419214	0	21
CCATACGGTCGATTATACCTCGCTATGTGG	0	0	0	0	61.76419214	0	44
CCATAGCATTCACGTGACTAATCGTCAGAT	0	0	27.86885246	61.88452458	0	0	478
CCATAGGGTACGGGATCGAACGAGAGTGGC	0	0	0	1.167632539	0	0	1
CCATAGTGTAGTAAGCACTATAGTATTATG	0	0	0	71.22558489	0	0	86
CCATATCAATTCAAGATACTCGCGTCAAGC	0	0	2.229508197	0	598.6375546	0	56
CCATATCGATTGACTGAGAAGGTCACACGG	0	0	1.114754098	0	0	0	27
CCATATGCTGCCTGTCGAAGGGGTGGTTCG	90.03849115	546.8896321	539.5409836	8.173427774	688.9082969	0	1306
CCATATTTTCAAATCCTGTTAGTGCTTAAT	0	0	0	0	256.558952	0	8
CCATCAACACAATTTAGTGGGGGGGTTAAT	0	0	0	0	375.3362445	0	55
CCATCATGTGTCCGGTCCGGACAGTTCTGG	0	0	0	0	650.8995633	0	491
CCATCGCGTTCAAACGAATATCACCGTTAG	0	0	101.442623	64.21978965	2399.30131	0	780
CCATCGTGACAGACTTGTTATCTGAAATCT	0	0	0	2.335265078	441.8515284	0	136
CCATCTAATAACGCAGACGATAGTGTTGGA	0	0	0	0	2841.152838	0	1027
CCATCTACATTGATCTTTCTGCCTGCTGAG	0	38.52842809	217.3770492	0	0	0	2087
CCATCTTTTTGTGGTACTTAGGAGAGCACA	0	0	5.573770492	0	0	0	68
CCATGCTAATCGTAGTCAGTGTGTATCTTC	0	0	0	0	57.01310044	0	56
CCATGTCGTTTTTTCCTTTCGAGATTTGCA	0	0	2.229508197	0	0	0	136
CCATGTTATATGCGCCAATCCTGTTTCTAG	0	0	0	74.72848251	527.371179	0	30
CCATGTTGTCGACTGAACGGGGGGGCGGGG	0	0	5.573770492	0	0	0	44
CCATTGGTACTCGCCGGTGTGGGCGAAGCG	0	0	0	214.8443872	9.502183406	0	36
CCATTTAGTCCGGGTTGGAGTGGTGCCCTA	0	0	8.918032787	0	0	0	228
CCATTTGTAGGATTTGTAGCCTACGGCTAT	0	0	0	0	489.3624454	0	176
CCATTTTGTCAAAGATTGTGCGACGTTCGC	0	0	0	0	4.751091703	0	6
CCATTTTTAAAGATACATCTTGTTTTTTCC	0	0	0	0	4.751091703	0	41
CCCAACACTAGGGCTGATACAGTATGTTAT	0	0	0	0	47.51091703	0	37
CCCAACAGTCGGGACGTGTAGTAGCTCTTA	0	0	0	0	14.25327511	0	5
CCCAACGGTTAATGGGGTGCTAGTAGATCG	6.281755196	0	108.1311475	2.335265078	0	0	1
CCCAAGTGTAAGGTTAGGGGAAAATTGGGC	0	0	21.18032787	0	133.0305677	0	16
CCCACAGTAGAATCAAGACGGATGTGAGTG	0	0	27.86885246	0	0	0	147
CCCACGTGAGTAGGGTATAGCACCGATGAT	0	0	21.18032787	37.36424125	0	0	251
CCCAGGCGATTTGTGGAAAGTAGTGTCTAA	0	0	1.114754098	0	0	0	1
CCCATATTATCGCGTAAGCTCTGCTACCCG	0	0	0	1.167632539	0	0	1
CCCATGAACCGACCTGCGCCCTCTCTAAAA	0	0	0	2.335265078	0	0	1
CCCATGGCATCTCCGGCGGTTCACACGGGC	0	0	6.68852459	0	0	0	129
CCCCAAGAATCTAATAACTCGGATGTTACA	0	0	0	0	161.5371179	0	345
CCCCACAATGAATTAAGGAGAATGCGCAAC	0	0	0	0	1306.550218	0	196
CCCCAGCATTGAAATCGGAGCTCCACCCTG	0	0	1.114754098	0	0	0	103
CCCCATCGTAAATGGTCGATCTAGAGGGCG	0	9.632107023	6.68852459	0	0	0	10
CCCCATGGATGTCGATAGGTGCTTTGCTGT	45.01924557	13.91304348	144.9180328	0	0	0	511
CCCCCGTTCATCCCCCCACGTCCTACTTGC	0	0	0	0	14.25327511	0	2
CCCCGCGGTCCGGTAAGGGACCGGGTACGC	0	0	0	0	4.751091703	0	171
CCCCTACTTGACGCGTCGGTAGGGGTAGAG	0	0	0	120.2661515	0	0	53
CCCCTCATTCCTGTTTTTATGGATGGTGGT	0	0	0	5.838162696	0	0	68
CCCCTGTCATCGGAAATTAGGTTAGTTCAT	4.187836798	3.210702341	1.114754098	0	0	0	3
CCCCTTCATCTACAGAGGTCAACCGGCGCG	0	0	0	53.7110968	726.9170306	0	117
CCCGCGGTTCAAGAGAAGAAAATACTGCGA	0	0	0	0	161.5371179	0	31
CCCGCTAGTAAAGTGACTTCTGACGAGGTG	78.52193995	16.05351171	12.26229508	0	0	0	7
CCCGGCACAAGTAGATTTGCGAACATCGAG	0	0	0	2.335265078	0	0	1
CCCGGCGATTGTTGTAACGTATAGGCCAGA	0	0	0	0	4.751091703	0	21
CCCGGCGGTCGGTTTATCGGGTTTTATATA	0	0	6.68852459	0	133.0305677	0	91
CCCGTTGAATGAGTATACTCTGGAGCCGTA	0	0	0	0	9.502183406	0	15
CCCTCAAAATTAGGGTGTTACCACGGGGCT	0	0	4.459016393	0	0	0	2
CCCTCAAATAATTCGTCTGGAGTTACCCGG	0	0	0	0	19.00436681	0	52
CCCTCGGTACAACCGGAGCTTCTAAGGGGG	23.03310239	447.3578595	480.4590164	0	3306.759825	0	2149
CCCTCTGGTGCGCGGAAGCAGCCACGCGGC	3.140877598	0	0	0	42.75982533	0	586
CCCTGATGAGGATGGAGGGCCAAGCTGGAA	0	0	0	0	85.51965066	0	162
CCCTGCCGTGATGTAGTGTTTAATATGAAG	0	0	0	0	14.25327511	0	8
CCCTGCTATTGCTGTTCGTTTCTGAAGCGT	0	0	0	0	9.502183406	0	39
CCCTGGTTATACGCGCACGGCATCGAGGAC	0	0	2.229508197	0	0	0	1
CCCTTAGTACCATAACAAGCAAACTTGTTG	0	2.140468227	0	0	0	0	4
CCCTTCAGAAGTAGGATGAAGTTCCCCAAG	0	0	0	0	71.26637555	0	13
CCCTTTCTTATTTTTTGGTTCGCACTTTCA	0	0	0	57.21399442	0	0	3919
CCCTTTTAAAACAACTATATACCTCATGAT	16.75134719	1.070234114	129.3114754	0	19.00436681	0	160
CCGAAACGTGGTGCTTTTTCCAAGTTAGCT	0	0	0	0	90.27074236	0	54
CCGAAAGATGCAACGGTGTACATGATAAGA	0	0	18.95081967	0	0	0	30
CCGAAGTCAGTGCTTGTTGAACTCGGTGGT	21.98614319	6.421404682	73.57377049	0	0	0	32
CCGAATAAATGTTGTCAATGGGCTTCTGCT	0	1.070234114	0	0	0	0	102
CCGACAAGTATTGCGGTTAAAGCGTTTTTG	0	0	16.72131148	0	0	0	102
CCGATTCGAGTATCGTCCCAAGCATACCTG	0	0	0	0	33.25764192	0	2
CCGCACCAAGTAACTGGTACCATACTTGGC	0	0	22.29508197	0	0	0	8
CCGCACGGTGAGACTGGCAAGCGCAACGTG	0	0	0	0	28.50655022	0	1
CCGCCAGGACAGGAGGGCGGCGTACCCGGC	0	19.26421405	56.85245902	0	0	0	1264
CCGCCGGGAGGGGGTTTGATAGTGTGCGGT	0	0	0	0	14.25327511	0	57
CCGCTAGGAGTGGGGTCCCGTCGCAGAGTG	0	0	0	0	4.751091703	0	12
CCGCTTGCAGCTGATGCATATCCGGGTAGA	0	0	0	0	959.720524	0	197
CCGGAAACACGTGATGGGGACACGCGCGCG	0	0	16.72131148	0	19.00436681	0	14
CCGGACACAAATATGATGCTGGCATGCTTC	0	0	2.229508197	0	0	0	17
CCGGAGGATTTTACCCCTCAAAGTATTGAG	0	0	0	0	4.751091703	0	3
CCGGAGGTTCTTTCTGGGTCAAGGTAATAA	0	0	289.8360656	172.8096158	12713.9214	0	2758
CCGGAGGTTGCCACTTGTCCAACTTCCGCG	0	0	0	0	9.502183406	0	1326
CCGGCCTCTGACGATCGGAAGAGGGTTAAG	0	0	0	0	4.751091703	0	7
CCGGCCTGTGAGATTGCACTACAAAGCATC	0	0	0	0	769.6768559	0	259
CCGGCCTGTTATGAAAGGTCCCGATACATT	0	0	16.72131148	0	42.75982533	0	18
CCGGGAAATGGGTGTGTTAGGATTGTTTGC	0	0	0	109.7574587	0	0	584
CCGGGACATTGCTATCTTGGTTGTTATGAA	0	0	0	3.502897618	0	0	15
CCGGGCCTTCATCAACGTGAACCGGAAGTG	0	0	4.459016393	0	0	0	2
CCGGGCTATCGAGATTTTACGACGAGGAGC	0	0	0	0	1648.628821	0	1279
CCGGGGTAATGGACCCTAAGTGTCAGGCGT	0	0	0	0	14.25327511	0	616
CCGGGTAAACGGAGGTTACCTGGGGTCAGC	0	0	114.8196721	0	0	0	145
CCGGGTGAATGAGTCTGGCGCAGAGTGTGA	0	0	1.114754098	0	0	0	4
CCGGTATATGAAAAGATAGCCAACTTGTTT	0	0	0	0	185.2925764	0	25
CCGGTCTCATAGTACACCGTTCTTTAATGG	0	0	0	422.6829792	15773.62445	0	107
CCGGTCTTACGCCTAAAACATCTTGTCTTG	0	0	0	0	76.01746725	0	6
CCGGTGGTTACTACCGTTGAGGAATGTCGG	0	32.10702341	5.573770492	0	0	0	37
CCGGTTACTAACCACGGCCTTGTCAAACTT	0	0	0	0	9.502183406	0	9
CCGTAAGGAGATTCGCGAGCACGGGCAGCA	0	0	15.60655738	0	0	0	19
CCGTACGAATATAACTTGCTTCGCCGATGA	0	0	0	0	9.502183406	0	1
CCGTCCACTGGCGTGTTGTGGCATTAGGTT	0	0	10.03278689	0	0	0	9
CCGTCTACAATGTTATTCGCTGACATTGGG	0	0	1.114754098	0	0	0	10
CCGTGAGTTCGGGTAGGATAGATGCAGGGG	0	0	51.27868852	0	0	0	465
CCGTGATCATTATATGAAGCGGGGAGGCAC	0	0	0	0	23.75545852	0	39
CCGTGATGTGGTCAGTCAGTGCCCAAGGGG	0	0	0	0	5135.930131	0	10552
CCGTGCTTCAGTCAGTCAGTGCCCAAGGGG	0	0	0	0	4.751091703	0	1
CCGTTAGGTAATAATACCGGGAGAGGATCA	0	0	69.1147541	0	0	0	2921
CCGTTGAGACGGCCCTGAGTATAGTGCTCA	0	0	239.6721311	0	4.751091703	0	89
CCGTTGTATCGTCTTGATATACATCGTCGG	0	0	0	0	470.3580786	0	65
CCGTTTGAATGTATGTTGATCACAGGTTCG	0	0	0	0	931.2139738	0	268
CCTAAGAATATATCCCTGTGGCCATGCTGA	0	0	0	4.670530157	0	0	1
CCTAAGGCAGGGGCGGTGCCGTACGTAAGG	0	0	0	0	9.502183406	0	1
CCTACAAATAGTTACTATGGATCCGATCCG	0	0	0	0	4.751091703	0	1
CCTACAACTTTCGTAGGTATTACCACCTTG	118.3063895	2.140468227	103.6721311	0	888.4541485	0	680
CCTACCGAAGACAGGTAGGCTCATTGACTT	0	0	0	0	1335.056769	0	594
CCTAGCTTTAGGCGCACAATGTTTAGCTCG	0	0	0	38.53187379	0	0	265
CCTAGCTTTAGGCGCCCAATATTCAGCTCA	0	0	0	1.167632539	0	0	1
CCTAGTGAACTTGTTTGGGTAGTCGCTAGC	0	0	0	32.6937111	0	0	1
CCTAGTTGATTAATCACTTTCCTGAGTGCC	0	0	0	0	61.76419214	0	23
CCTAGTTTATTCAGATCACTCCTCAATTGC	0	0	1.114754098	0	0	0	13
CCTATACCTTAAAATCGGCCGAGTCTCGTC	0	0	0	0	9.502183406	0	1
CCTATCGCATGCCGCGATACCGATAAGAGT	0	0	0	0	123.5283843	0	382
CCTATCGTTCGGGTCCTAAGGGAGGCGTGA	0	0	6.68852459	0	0	0	40
CCTATGGGTGTGGGGGGGCCTTCATGTGCG	0	0	0	52.54346426	152.0349345	0	141
CCTATTATATGCCAGATTTGTAATAGGTTC	0	0	76.91803279	0	0	0	9
CCTATTGCATTGTCGTGTCCTCGTCGTGAG	0	0	0	0	114.0262009	0	5
CCTATTGCTTCGGTGCTTTGGGGGTAGAAC	0	0	0	14.01159047	0	0	1
CCTCAATATGTGTATTTGTTGAGTGCGTCA	0	1.070234114	27.86885246	0	0	0	213
CCTCATGATTAATTAGTTCTCTGATTTGTG	0	466.6220736	361.1803279	0	0	0	62
CCTCCATTTGGGAGCCCACGCGGTGGCTCT	0	0	28.98360656	0	0	0	256
CCTCCCGTCACTATAACGCGCACACGTGAT	0	0	1.114754098	0	0	0	1
CCTCCCTGAGACGTGAACGGCGGTGCCTCT	0	0	0	8.173427774	0	0	17
CCTCGGTGAGAGTGGAGCTTTATGTGTAGG	0	0	0	0	23.75545852	0	15
CCTCGTGCTACGCCATATTCACAATTAAAT	0	0	0	0	90.27074236	0	180
CCTCTTGCTTTAACACTTCAACAAACTCAC	0	0	5.573770492	0	14.25327511	0	49
CCTGACCTACCCCGCGCGGGAAGTGAGGCT	0	0	0	9.341060313	76.01746725	0	11
CCTGACGGTGTAGGTAGGGTGAGACGTAGA	0	0	30.09836066	93.41060313	7886.812227	0	1449
CCTGAGACAGGTGAACTTGTCACACGCTAG	0	0	0	0	1952.69869	0	828
CCTGAGTAAGGTCACGTTACTGATTTATAA	0	17.12374582	0	0	0	0	400
CCTGATAGTTTTTTAGTGTGGCTTATTGCG	0	0	0	0	1567.860262	0	10
CCTGATCGTCAAATATATGTCATTCTTGAA	0	0	0	32.6937111	1824.419214	0	223
CCTGATTGTGAGCAATGGGTAAATGGTCCC	0	0	0	3.502897618	4.751091703	0	58
CCTGCCGCTTTGGAGTCGGCCTGGGGCACT	0	0	0	5.838162696	0	0	2
CCTGGAGAATTTTTATGCGTATGGTGTTGA	0	0	0	0	171.0393013	0	1675
CCTGGAGTTCGATTGGTGCTTGGTGAAACA	0	0	46.81967213	0	0	0	20
CCTGGGAATTATTGGATGAGCTGTTCGTTG	0	0	0	0	76.01746725	0	22
CCTGGGGAACTCGTGGACATAAGCTCGAGC	0	0	0	0	57.01310044	0	56
CCTGGGTAAGCATAATCGGGAAAGGGGACA	0	0	0	0	4.751091703	0	251
CCTGGTAATGTTGGTTAAGGCCGGCATACG	0	0	0	1.167632539	0	0	2
CCTGTAACTAGGGTGTGGTAAGAGTGGTAG	0	0	0	4.670530157	28.50655022	0	42
CCTGTAATTCGTCCTCAAGAACAGTGATGT	0	0	0	0	42.75982533	0	265
CCTGTGTATGGACGGGCTAAGGGAATTAGG	0	98.46153846	23.40983607	0	33.25764192	0	29
CCTGTTCGTTTCGCCAACGGCCTCGAGAAA	0	0	0	0	61.76419214	0	2
CCTGTTTGTGGGTTTAGTTCGATTTGCAGG	0	0	0	163.4685555	617.6419214	0	1658
CCTGTTTTAAACGCGCTCGCGCTAACAGTG	0	0	0	0	1539.353712	0	413
CCTTAGGTACGCCCACTCCTGGATCCCTGG	0	0	0	0	4.751091703	0	97
CCTTATATTCTCCTTAATAGAGTGTTAGTT	0	0	0	0	503.6157205	0	262
CCTTATTTAGCCGACCGAGAATGCTGTCGA	0	0	3.344262295	0	0	0	15
CCTTCATATTGGCGTAGGGATTGACCGGAT	0	0	8.918032787	0	0	0	4
CCTTCGTCAGCTGTGTCGTTAAGGATCGAG	51.30100077	1.070234114	1374.491803	0	218.5502183	0	784
CCTTCTGAATTAACGGAGGACAACTCAAGT	0	0	0	0	19.00436681	0	168
CCTTGACCAGGTCTACGGTTCGGTTGAGGT	0	0	0	0	76.01746725	0	34
CCTTGACCTGGGTAAGGATGACAACACGCT	0	0	1.114754098	0	0	0	5
CCTTGATGAGGTTGCAGGCGGGGCCTTGTG	0	0	0	0	4.751091703	0	104
CCTTGCCTTCGTGCCTGTCCCTAGGCGAAG	0	0	4.459016393	0	209.0480349	0	112
CCTTGGGATATGGGCGATCTCATAGTCAGC	0	0	0	0	19.00436681	0	2
CCTTGGTTATACGAGCACGGCATTGAGGAC	0	0	107.0163934	0	0	0	242
CCTTGTAATATTACCAATTGGATGTGGAAA	0	0	0	0	57.01310044	0	16
CCTTGTGATATAACTGCATGGTAAGTCGCC	0	0	0	0	4.751091703	0	1
CCTTTCCTTGAGGTGAAAGACGTAGTCTCG	0	0	31.21311475	0	0	0	13
CCTTTCTATTACCTTCCTTTGAAATTTCTG	0	0	0	2.335265078	859.9475983	0	227
CCTTTGCATTTGTCAGTTTGTAGGAGGCGC	6.281755196	20.33444816	51.27868852	0	0	0	114
CCTTTGTGTCAAGTCCCGGTACCCTTGGGC	59.67667436	25.68561873	581.9016393	0	4.751091703	0	275
CCTTTGTGTCCAGTCCCGTTACCCTTGGTC	0	0	1.114754098	0	0	0	1
CCTTTTGGTTTATTGGCCGCTTAAGGTCAC	0	0	0	0	161.5371179	0	195
CGAAAATAAAGGGGAAAAAATGCCGAGCTC	0	0	0	17.51448809	0	0	3
CGAAACGTAGGCGAGAACGCAGTGCGTACC	0	0	0	1.167632539	532.1222707	0	353
CGAACACCTGGGAACCGCGCAAAGGTATCG	0	0	128.1967213	0	380.0873362	0	380
CGAACAGATGTGCGGACGTGGGGGGATGTA	0	0	3.344262295	0	0	0	20
CGAAGGGCAGGAAGTATCACCTCGTGGAGT	1.046959199	4.280936455	0	0	0	0	2
CGAAGGGCATTTAATACCCTAACCGGGTTC	0	0	0	0	570.1310044	0	1557
CGAAGTGGATGGGAGTGATCGGAATGTAAA	0	0	1.114754098	0	0	0	41
CGAAGTGTATTATAAGGGGGGTGGGGGTGT	0	0	1.114754098	0	0	0	1
CGAAGTGTATTATAAGGGGGTGGGGGTGTT	0	0	45.70491803	0	232.8034934	0	371
CGAATAGAATATGTGGCTGCTGTATTTGTG	0	0	16.72131148	0	0	0	79
CGAATCAAAAGTCCGCTTATCGGGTCTCCT	0	0	0	0	4.751091703	0	1
CGAATGTATTCAGTCACTTTGCCCCGGGAG	0	0	0	0	147.2838428	0	101
CGAATGTCTTGGTGAGTAGAAATCAACTAA	0	0	156.0655738	0	0	0	410
CGAATTAGTAAGATTTTTTATTCGAGTGCG	0	0	0	2.335265078	109.2751092	0	95
CGACATCTAGTCGGGAGCGAACCGTATGGC	0	0	0	0	551.1266376	0	2107
CGACATTCAATCGAAGTGATGAGGAATGGA	0	0	0	46.70530157	679.4061135	0	1571
CGACGCAAAGGGGGGCGGGTAATAGGCCGG	0	0	17.83606557	0	0	0	11
CGACTAGGTAGGTACCCAGTAATTCCGGAT	0	0	0	10.50869285	0	0	2
CGACTCTGACTGTGCACGAATGCACGCCCC	0	0	0	89.90770552	156.7860262	0	16
CGACTGGTTAAATGAAACGAAACAAGTGGC	43.97228637	730.9698997	139.3442623	112.0927238	9.502183406	0	29
CGACTTTGTGGTACGCCGTAGAGGGATAGA	0	0	17.83606557	15.17922301	0	0	12
CGAGAACAAAATTGTAACAAGGGGGGCACC	0	0	0	15.17922301	0	0	23
CGAGAAGGTTATATTTAGCCCCTGAGGGTG	0	0	0	0	23.75545852	0	4
CGAGAGGTAGGGTGTAGAAGCTAATGCGGA	0	0	0	233.5265078	0	0	53
CGAGAGTCACAATGTCTGAGTTCGCGCGTG	0	0	0	0	479.860262	0	571
CGAGATATTAGCCTTACATGTTAGGACAGA	1.046959199	0	32.32786885	0	118.7772926	0	109
CGAGCAGATGGAGAGGTACGTGGCCTAGCG	0	0	0	0	4.751091703	0	28
CGAGCCTAATCAGATACCGAAAGATGCGGA	0	0	5.573770492	7.005795235	156.7860262	0	16
CGAGCTACTTATGTCATGACGTTAGTTATA	0	0	13.37704918	0	0	0	10
CGAGGCCTTTTGGCGGCAAATGCTGTTGGT	0	0	0	0	161.5371179	0	14
CGAGGTCCAGGTGTACTTTTTGAGTAAGTT	0	0	0	0	23.75545852	0	76
CGAGTAGCAGCCGATTGATTGTCGCGTGTG	18.84526559	0	47.93442623	0	0	0	22
CGAGTAGCATAGAGGAGTCAGTCGAGCGTA	0	0	16.72131148	0	503.6157205	0	31
CGAGTAGTTGTTAGTGCGGGTAGTCTGTTT	0	0	65.7704918	0	0	0	1211
CGAGTATTTTTACCTTTTTGTTGATTCCCG	0	0	0	0	707.9126638	0	183
CGAGTGCATGAAGGAGGGTATTCGGGGGAA	0	0	0	0	2404.052402	0	515
CGAGTTGGTACGGGGCCAGACGGGGCTCTC	0	0	0	2.335265078	228.0524017	0	59
CGAGTTTATGAGTCGAATGAGTGCATGATG	0	0	0	0	47.51091703	0	68
CGATAATATCTGTACCAACGAATCTACGGA	0	0	1.114754098	0	0	0	206
CGATAGCTTCAAGATATGCGTACCTGGATG	0	0	0	0	38.00873362	0	10
CGATATGTTTGGCAATACAGCTGGGGACGC	0	0	1.114754098	0	47.51091703	0	3
CGATCTCCTGGAGTGGTGCCGTACGAGCGT	0	0	0	0	9.502183406	0	1
CGATCTGGATTTCTTCGCCGGATAGTGTCT	0	0	0	0	33.25764192	0	18
CGATGAGGTGCCTGACGAACAACAGTAAAG	0	0	0	0	228.0524017	0	45
CGATGCTTATATGTCGGTTTAACATCGGGA	0	0	0	50.20819918	0	0	2
CGATGGGTTATGTTCTAAGACGTTTTAGCG	0	0	8.918032787	0	0	0	298
CGATGGTCATCCGGTGCGTTGATTGGCTTG	0	0	0	5.838162696	0	0	90
CGATGTGCAGGGCTATTCACTCGCGTTAAG	0	0	7.803278689	0	0	0	648
CGATGTGGTGGATGGCGTGTCGGGCCGATG	0	0	0	0	38.00873362	0	1064
CGATGTTGACTATGATGGCATCTTAGACCA	0	28.89632107	0	0	983.4759825	0	673
CGATGTTTACCCGCTGTGGGGCATGGAGAA	0	0	0	2.335265078	0	0	1
CGATTATATAATACAGCAGGGTTTTCCTTA	0	0	4.459016393	0	484.6113537	0	89
CGATTTGTACAACAGCAGGCCTATGGAAGA	0	0	39.01639344	0	0	0	107
CGCAAGTCTCCACTAGAGCTGTCGCCTTAG	0	0	0	95.74586821	0	0	157
CGCAATATTCGGGTTGGGGGGATTGGCCCG	0	0	2.229508197	0	0	0	7
CGCAATGTTGTGTGAGATGAAGAAATTCGG	0	0	0	0	128.279476	0	146
CGCACAGTACGAGCAGCTATTGCCAGAGCA	0	0	0	0	4033.676856	0	2115
CGCACCCCTAGTTGATTATGGAGGAGGTTG	0	0	0	0	38.00873362	0	25
CGCACGCATTGGGGGGCGTCCCGAGTCGCG	0	0	0	3.502897618	0	0	59
CGCAGATTAGGTTAGCGTCGAAGCGGCATG	0	0	0	3.502897618	0	0	35
CGCAGCGGTCAATTGTCTAACGGGGTGCGC	0	0	0	0	4.751091703	0	1
CGCAGGACATTTGCAGACTGGCGTTCTCGT	0	0	0	0	85.51965066	0	17
CGCAGGCCAACAGTTATGGTGATGAGTTGA	0	0	11.14754098	0	0	0	17
CGCATAGATGTTCCATGGAGCAAGAGGATA	0	0	0	159.9656579	2266.270742	0	1105
CGCATATAACTCTCGGGCGCTCAAGTAGTA	59.67667436	0	0	858.2099163	57.01310044	0	899
CGCATATCACTGAGTTGGCGGAGTATGGCC	0	1.070234114	0	0	0	0	1
CGCATCGCTGTTCCATGGAGCCCGAGGATA	0	0	0	0	4.751091703	0	1
CGCCAAAAAAATCTTCAGAACATGCCCCAC	0	0	0	0	28.50655022	0	2
CGCCAGGTATATGGTTTCAATGATTAGATG	0	0	0	25.68791586	33.25764192	0	3
CGCCAGTGTGTCTCAGGGTTATGTACGCTA	0	0	0	0	375.3362445	0	41
CGCCATTGATGTCGGTCCAACTCGCTAGAG	0	0	0	0	28.50655022	0	2
CGCCGTGATTTCAAGGCGGCTCTGTAGTGA	0	0	0	0	199.5458515	0	304
CGCCTTAATGTTCTGATGACGACCGGGACG	0	0	0	0	902.7074236	0	127
CGCCTTTCAAATAATAAAGCGTTGCGCGTG	0	0	0	0	983.4759825	0	223
CGCGAATGTTATTTTTCCAACGTGGGCATG	0	0	8.918032787	0	0	0	9
CGCGACGATCTACTCCAACTTCTCAAAGCT	0	0	0	0	14.25327511	0	3
CGCGCATTTGCAGTCTGGCTTCATTTATGA	0	0	0	11.67632539	4.751091703	0	61
CGCGGACGAGTAGATTCGAACACTGTTGAT	0	0	0	0	109.2751092	0	14
CGCGGCTTTGTTACCTTGATTAATACCGTT	0	0	0	2.335265078	0	0	209
CGCGGGCCATACATAGAGTGACCAGCGGAA	0	0	0	0	9.502183406	0	7
CGCGGGCGTTACTTGTCGATGAAACAACTA	0	0	0	0	4.751091703	0	117
CGCGGGGCACTACATCATGCCGTCAAACGA	0	0	0	38.53187379	0	0	79
CGCGGTGATATGGCGGATGGGGCCCCGGTT	0	0	5.573770492	0	0	0	1
CGCGGTTGTGGAGGACTCGGCAACCATAGT	0	0	0	0	38.00873362	0	12
CGCGTACTAAGAGAAAACTAACGAGGCTGC	0	0	57.96721311	12.84395793	361.0829694	0	52
CGCGTAGCAAAGTGTATAACTTAGTTGTAG	0	0	0	4.670530157	0	0	115
CGCGTCTAACGGTGGCGCCTGAATAGCCGG	0	0	0	0	128.279476	0	550
CGCGTGAATCCTATCCGAAGGTCGGCGCAG	0	0	5.573770492	14.01159047	85.51965066	0	8
CGCGTGCTTAATCTCCGTTCTGGCTAAATA	0	0	0	0	997.7292576	0	1627
CGCTAAAATACATTGTCAGCAGTTCGGCGT	0	0	0	0	52.26200873	0	12
CGCTAATGTAAACCGCTGGCAGCAGTCTAT	0	0	0	79.39901266	2090.480349	0	394
CGCTCAAAAAGGGGCATGACGGGGGGAGGA	0	0	0	14.01159047	1895.68559	0	15
CGCTGAGGATAGTGTGACAGTAGATTGTTG	0	0	0	2.335265078	0	0	1
CGCTGAGTAAGATAAACGCTATGATACGTT	0	0	0	0	4.751091703	0	351
CGCTGGCATGTGTGAGCATGGGCCGGTGAA	0	0	18.95081967	0	218.5502183	0	96
CGCTGGTGTGGAGTCCGGAACGCTAGCTAT	0	0	0	32.6937111	1724.646288	0	182
CGCTGTCTATACAGAATGCGAAATAATTCT	0	0	0	0	2855.406114	0	1072
CGCTTATCAAGTAAGGGAGACAATAACTCA	0	0	35.67213115	0	3340.017467	0	643
CGCTTCGGTAGGGGATGAGGCTAAGAAATG	0	0	62.42622951	0	23.75545852	0	2059
CGGAATGTATAGCACTTCAGTAGGCACATG	0	0	0	5.838162696	4.751091703	0	81
CGGACAATAGGAAGGATGTGTAAGACGTGT	0	0	0	0	28.50655022	0	26
CGGACATATGATGGCCGATTCGTACAGTGA	0	0	0	0	912.209607	0	99
CGGACATCTTACGTAGGGCGACAGTATGGG	0	0	0	100.4163984	2057.222707	0	855
CGGACCGTTTGGCTCCGTAGGGAGGTGCGG	0	0	4.459016393	0	0	0	6
CGGACGGTTGAGGAATCAAGGAAATCGTCG	0	0	0	254.5438935	0	0	3006
CGGAGCGCTATTCGACGCGTAAGGAGACAT	0	31.0367893	0	0	0	0	362
CGGAGCTTAGGATACCCATATTTCGGTTTG	0	0	0	0	9.502183406	0	112
CGGAGCTTTGGTTTGCGCCACCTCGGGGTC	0	0	2.229508197	0	0	0	29
CGGAGGAAATACGCGAAAAGAGCTGGGGCT	0	0	0	4.670530157	0	0	1
CGGAGGGTTCTGGTCATTGATCGGAAGATA	0	4.280936455	0	0	0	0	74
CGGAGTCAATGAATTGTTTTGGTGAATGAG	0	0	8.918032787	0	0	0	159
CGGAGTGCTACGGGAGTAGAAGTTTATGTG	0	0	0	0	9.502183406	0	11
CGGAGTGGTGGATGGATCGGGCGGGGAACG	0	0	10.03278689	0	0	0	2
CGGATAGATGAGCGGAATCGCGTAAGTATC	0	0	0	16.34685555	21546.20087	0	1640
CGGATCCATGGAAGGCCTTCAAACCCTTGT	0	0	3.344262295	0	9.502183406	0	20
CGGATGAAATGGTCCATTAGCCTGATGTGC	0	214.0468227	0	0	0	0	285
CGGATGGAAGGTACCTACTTCTAAGAAAGG	0	0	0	10.50869285	114.0262009	0	7
CGGATTCCACGTGGTGGAATAAGGGATTAT	788.3602771	528.6956522	415.8032787	0	574.8820961	0	5122
CGGATTTTAGGATAACTGGACATGGAAATC	39.78444958	6.421404682	0	0	123.5283843	0	3
CGGCACAGTGGGGGTTGGAGGCTGTGGGGT	0	0	0	0	14.25327511	0	3
CGGCCAATACTCCTCATGGGGCAGAGTTTC	0	0	18.95081967	10.50869285	722.1659389	0	69
CGGCCATATCCCTGGGTGTCTAAAGTCACC	0	0	0	0	28.50655022	0	94
CGGCCCAGTACAATGTGTTCGGGGAAACTA	0	0	8.918032787	0	0	0	5
CGGCGACGAAAGGCCTGGAGGGTAATGGTT	0	0	0	0	1292.296943	0	645
CGGCGAGAACAGAATGTAGTAGACACCACG	0	0	0	0	4.751091703	0	1
CGGCGAGATATGTTAAGTAATTTGTTATGA	0	0	0	0	9.502183406	0	21
CGGCGGTGTAACCGGGGATGGGAGGTCTGC	0	0	0	0	52.26200873	0	5
CGGCGTACAGGCATTTCCTCCGGGCGCACG	0	0	3.344262295	0	42.75982533	0	6
CGGCGTGGTGGGTAGGCACCACAAACGTAA	0	5.351170569	0	0	61.76419214	0	192
CGGCTAGTTGCCAATTCCTGATAATTTAAG	0	0	0	0	4.751091703	0	8
CGGCTGCCAGAGCAGATCAGGCACGGGCCG	0	0	0	240.5323031	0	0	5
CGGCTGGCACTTTGTAGGTATAAAGTCAGG	216.7205543	559.7324415	294.295082	0	0	0	620
CGGCTTCAACTAGCTTCGCAGATAGCGTAG	0	0	0	10.50869285	19.00436681	0	4
CGGCTTGGTTGGGGGGTGGTGAAGGAGGAC	0	0	0	0	57.01310044	0	8
CGGCTTTGAGAACTCGAAGATAGTGACTGA	0	0	0	178.6477785	0	0	121
CGGGAATGAGAGTGTCAACCTTTAGTAGCA	0	0	0	0	579.6331878	0	13
CGGGACCAAGCATTCGTGTTTTGTTTAAGC	0	0	0	74.72848251	256.558952	0	29
CGGGACCAAGCGTAGGCAAGGCCGAGGTAG	0	0	0	113.2603563	4561.048035	0	801
CGGGAGAGATGCAGGAGCGGGGAGGAGTCT	0	0	6.68852459	17.51448809	0	0	228
CGGGATAAACAGGGATATGGTCGGGTGGAA	0	0	0	93.41060313	0	0	24
CGGGCACATATATTGGGGATAATGCGTAGA	0	0	0	246.3704658	0	0	4
CGGGCTAGTCTGAATTTTCGGCACGTGACT	0	5.351170569	76.91803279	0	0	0	555
CGGGCTATTTCATGCCATTTTTGAGATTTT	0	0	0	0	270.8122271	0	23
CGGGCTGAAGACGGGCACAGCTAAATGTGG	0	0	5.573770492	0	0	0	14
CGGGCTGCCGCACTTGGGATGGAGGGGGTC	0	0	1.114754098	0	0	0	1
CGGGGAAGTTGGAGGACTGGTCGGGGAGAG	0	0	0	0	38.00873362	0	21
CGGGGATCAAATGGAGGTCGTCGAAGGGAG	0	0	0	1.167632539	80.76855895	0	36
CGGGGCATTATTTTGAGTTCCTAACGAAAA	0	0	3.344262295	0	0	0	3
CGGGGCTGATGCGCCTGATCCGGGGGCCGT	0	0	0	0	9.502183406	0	58
CGGGGGGGAAGGGGAAGGGTGGGTAGGCGA	0	0	0	0	1116.50655	0	78
CGGGGTCTAGTTACTCACGCATCGGTACGT	0	0	0	78.23138012	1453.834061	0	3091
CGGGGTTAACTCTGCAGCTGGGCGACAGAA	0	0	0	0	4.751091703	0	3
CGGGTAGATGAGAATGGGGTGTCCTGTGAT	0	0	0	1.167632539	0	0	4
CGGGTAGTTCTGGTTGAAGATACCCAAAGG	0	0	0	0	42.75982533	0	204
CGGGTCGGACGCTAGCGGAACGCCCGCCAG	0	0	109.2459016	0	0	0	58
CGGGTTATATCACTAGTTGACTTCGTATGC	336.073903	688.1605351	170.557377	0	0	0	3
CGGGTTCAAATGATCCTTCTTACAACGTTC	0	0	0	11.67632539	6508.995633	0	44
CGGTAAATATTGTACGTACGGGTTGGTGTA	0	0	0	0	4.751091703	0	6
CGGTAACTTTCATTAGGTTCACGCCGTATC	0	4.280936455	6.68852459	0	19.00436681	0	20
CGGTAGAGTTGCCATTAGACTGTGCCCCTG	0	0	11.14754098	0	0	0	24
CGGTAGTCTCCTTCTTCTAGGGGGCGAGTA	0	0	0	0	109.2751092	0	6
CGGTATCAAGTAGCCGTGGTCTTTTTCAGC	0	0	0	0	551.1266376	0	462
CGGTATCGTGAAGTTTGATAGGGTAAATAT	0	0	0	0	57.01310044	0	16
CGGTATGCAGGGACGTCAAGACACGTGCCA	0	0	0	3.502897618	2841.152838	0	711
CGGTCATCAACTCGGCACGCCGATGGTCGT	0	7.491638796	0	0	0	0	122
CGGTCTGTTATGAACTGCGAGATGGGCAGT	0	0	0	0	4.751091703	0	2
CGGTGAAATGAATGTACACGTGCGGTTCGT	0	0	0	0	133.0305677	0	15
CGGTGCACAATGGTCTTGGGGGAGTGCCGT	0	0	0	0	14.25327511	0	1
CGGTGGGATCCGCAGACCCAAAGATCTGTC	0	0	0	115.5956214	0	0	17
CGGTGGTGAAATTAACGGGTGTCCATTATG	0	0	12.26229508	0	0	0	30
CGGTTAATTTTATCCAATAATAAGATAGTC	0	0	0	0	4.751091703	0	8
CGGTTACATCTCCTACTGTGGAGCTGCTAC	0	0	12.26229508	0	0	0	578
CGGTTATGTACATATGACGACAGTGTCTTG	0	0	0	0	33.25764192	0	3
CGGTTCAGAGTGCGGTGGTGATGGCACAAG	0	0	0	0	1064.244541	0	1438
CGGTTGAAATAAGTTGTTGGCGGCTAGTGG	0	0	0	0	280.3144105	0	50
CGGTTGAATACGAGGAAGGTTTCTCTGGGC	0	0	0	0	228.0524017	0	1070
CGGTTGAATTACTGGATCTACGAGTACGCG	0	0	0	0	9.502183406	0	10
CGGTTGGGACGGCGGCGCAATCGTGGGAAA	0	0	3.344262295	21.01738571	318.3231441	0	50
CGGTTTTATCAAACGGCGCAGCCTTGAGTG	0	0	10.03278689	0	878.9519651	0	1521
CGTAACATTCTGACCTGTGCAGGGGCATTA	0	0	0	0	8076.855895	0	3523
CGTAAGGCTTACTCGGCGTTGACGTGAGTA	0	0	3.344262295	0	0	0	2
CGTACCCTAATCGCCCCGAGCGGACATGCG	886.7744419	114.5150502	1877.245902	42.03477141	0	0	150
CGTACGCTTATGTTTCTGGACGATAGGGCA	0	0	21.18032787	0	0	0	272
CGTAGAATACATACCTCTATATAACGGGAA	0	0	0	1.167632539	0	0	22
CGTAGAGTATTGCGGATAAGGAACCATTAG	0	0	3.344262295	0	0	0	34
CGTAGATCTGATTCGCAGGAATGGATACGG	0	0	5.573770492	0	0	0	23
CGTAGGCGTAGATAGACCGTGATGCACCCG	0	0	7.803278689	32.6937111	0	0	5
CGTAGGTCACATCGGGGTCTTACTACACGC	0	0	0	0	441.8515284	0	22
CGTAGTCGTCGGTTCACGTGCGTGAGATAG	0	0	17.83606557	0	0	0	13
CGTATAGATATCGGCTTGTCGAAGTTGAGA	0	1.070234114	0	0	0	0	124
CGTATCACAGACATACGAAAACGGGTTCTG	0	0	0	0	38.00873362	0	26
CGTATCTCAATATGAGGGTAGGCCGGATTT	0	0	0	0	23.75545852	0	1
CGTATGGCAAAAAGAGGTCGGGAGGGGGAG	0	0	332.1967213	0	0	0	2967
CGTATTAATCTGAAGCGGAAAGAGGGTGGG	0	0	0	105.0869285	90.27074236	0	174
CGTATTCCTCCTACCCTCCGTATGAGGGTT	0	0	0	3.502897618	213.7991266	0	14
CGTATTCGTTCGTACAAAGAATCGGGGGGA	0	0	0	15.17922301	883.7030568	0	457
CGTATTTTTTATTCGGAATTGATAGGCGGC	0	0	3.344262295	0	0	0	6
CGTCACAGACTGTGTAGTGGATCAGTATTT	0	0	0	0	194.7947598	0	13
CGTCATGCACAATAAGATGCGTAAGCGCAA	0	0	3.344262295	0	0	0	69
CGTCATGGAGGGTTTTAGTATACCAAAACA	0	0	5.573770492	0	289.8165939	0	101
CGTCATTGTATTGTGGGCAGGTGGTCTAGT	0	0	20.06557377	0	1040.489083	0	2058
CGTCCCTGTTTTCTCCCTCACTTTCATTTA	0	0	0	0	52.26200873	0	3
CGTCCGTATCAAATTGGAGATAGCTTCTGA	1.046959199	4.280936455	2.229508197	0	19.00436681	0	11
CGTCGACGTTAGAGTTTGTGGTCCGGGGTA	0	0	0	1.167632539	413.3449782	0	11
CGTCGATGATTGCGCTTGTGGTGTTGATGT	0	0	0	0	42.75982533	0	40
CGTCGGAATGTATGTGCGCATTCGAGGCAA	0	0	66.8852459	9.341060313	513.1179039	0	322
CGTCGGCGTGTGCGAAGTGGGGTCTAAACC	0	0	43.47540984	0	4831.860262	0	2745
CGTCGTATTGTTTTAGTTTGATTCGCATTC	0	0	6.68852459	0	0	0	304
CGTCTACTACAATTGATTGGGTAAGAAGAG	0	0	12.26229508	0	0	0	49
CGTCTACTTATCGCTAAGGTTGATACGTGG	0	0	0	0	14.25327511	0	6
CGTCTATAATACGGCGAGATTTTTGTGGGA	0	0	0	0	9.502183406	0	25
CGTCTGTATTACGTTATGTGATTAAGTGAC	0	0	16.72131148	0	0	0	38
CGTCTTTGATCGTTGAAAGTGTAATTATTT	263.8337182	0	613.1147541	35.02897618	80.76855895	0	61
CGTCTTTTATCGTAGGAAAAAGAGCATCAA	0	0	23.40983607	0	0	0	11
CGTGAGAATTAGCTTGGGGAACAGACATGT	0	0	0	0	1482.340611	0	501
CGTGAGCTTGGTAGGGACCACGTGTTCCCG	0	0	11.14754098	0	0	0	15
CGTGAGGTTTGATGGTCGGCAGATAGTGGG	0	0	94.75409836	0	0	0	1
CGTGATGGTAGTTCATCGCGGCCAGGCATG	0	0	0	0	498.8646288	0	100
CGTGATTGTTATATCGGGCTGATGAAGTAA	0	0	0	0	14538.34061	0	430
CGTGCAGCTAATAAACATTCTGGTCACTAG	0	0	6.68852459	0	460.8558952	0	8
CGTGCCACAGATAATGGGTATATATGGACC	0	0	0	0	9.502183406	0	1
CGTGCGGATCAAATCGTCAGTGCGTGAATC	0	0	0	1.167632539	978.7248908	0	52
CGTGCGGGTGCAGAAGGTTCAAATTATCGC	0	0	0	0	232.8034934	0	1097
CGTGCGTCAGAAAAATCGAGGCCTATGAAA	0	0	0	57.21399442	0	0	16
CGTGGAAATTAGTTTTCGGTGAATCCTCCG	0	0	0	0	4.751091703	0	59
CGTGGCGAAAGTTGACCCTTGTTCAATACG	0	0	0	73.56084997	4.751091703	0	35
CGTGGGCTATAGTTACATTCTCGCACTTAT	0	0	183.9344262	0	1126.008734	0	167
CGTGGTCATGTACTGAGAATCGCCTATCTG	0	0	0	0	23.75545852	0	11
CGTGTATGAGGGACGGTGTGTGCGAATTTC	0	0	130.4262295	0	679.4061135	0	1560
CGTGTGCTAAAGGTCGATGACGGTGTGGGT	0	0	0	0	9.502183406	0	9
CGTGTGGGTAAGACGGGAATAGGTGTGTGT	0	0	2.229508197	0	0	0	35
CGTGTTGAATTCGTTGCGAATACAACATAA	0	0	0	0	14.25327511	0	3
CGTTAAATTTATGCGCCCAGATGTCCGCTT	0	0	0	0	28.50655022	0	20
CGTTAGCGTACCTCGTAAACCAGCTTATCC	0	0	0	2.335265078	270.8122271	0	43
CGTTAGGCAGGTGGGATGGGCCGGTGGAGG	0	0	0	0	560.628821	0	335
CGTTAGGGAGCCGTGGTCGCTGAGATGTGC	0	0	0	52.54346426	114.0262009	0	34
CGTTAGGTTCAATGCGAGTTGTCAGCTTGA	0	0	0	5.838162696	536.8733624	0	31
CGTTATTATTAGTAGTCAAGAAATGAGGGG	0	0	6.68852459	0	0	0	189
CGTTATTGATGATAGGGGGGAGTGGGGGAG	0	0	0	224.1854475	0	0	628
CGTTCAAGAGCCAAGGGATCTGCGGAGACG	0	0	6.68852459	0	0	0	194
CGTTCAGGTCCGCGCTTATTAAAAGTAATA	0	0	0	28.02318094	42.75982533	0	373
CGTTGAGGTCGGCATCGACCGAGTGGAAAG	0	0	0	0	80.76855895	0	29
CGTTGATGAACTGACGGAAAGCGGGAAGCT	0	0	0	0	52.26200873	0	44
CGTTGCAGAAGTGGTTATTTGAGTTGAAGG	0	0	0	4.670530157	4.751091703	0	349
CGTTGCCCTTGGAGTATCAGGTTAGTTACC	0	0	0	0	7340.436681	0	246
CGTTGTGGACCTATTGTGGCAGCGGGCTGC	0	0	0	0	123.5283843	0	25
CGTTGTTTTGTTTAAGACTTTGCACTAGGC	0	0	0	0	4.751091703	0	11
CGTTTAACTCTTATTCCTGTGCATCACATA	0	0	42.36065574	0	0	0	894
CGTTTACATGGGATTGACGGTGCGTGCTCT	0	0	0	0	489.3624454	0	451
CGTTTCGGAGCGCGCCTCGGTTCAGGAACG	0	0	0	0	2869.659389	0	2450
CGTTTCTCTTGTGCTGGGGGTAGAATGTAC	0	0	0	38.53187379	688.9082969	0	59
CGTTTGATTGCTCTATGCCCTTTCTGATTA	0	0	53.50819672	206.6709594	0	0	500
CGTTTGTATGGTACGGGTGGTCCCTATGGT	0	0	0	0	152.0349345	0	66
CGTTTTAGTCTGGGTATAGGCTACCTACGG	0	0	0	0	247.0567686	0	2
CGTTTTCTCTTGTGCTGGGGGTAGAATGTA	0	0	0	0	4.751091703	0	1
CGTTTTGGTTATGAGCTGTAGTGACTGGCT	0	0	8.918032787	0	33.25764192	0	216
CTAAAAAAATTTCAGTAAGGCGGTGGGGGC	0	0	0	127.2719468	1135.510917	0	316
CTAAAACGTCGTGTTATTGGTCGATCTGAC	0	0	0	0	28.50655022	0	37
CTAAAGGTTATATCCGGATGAGTAACGAGT	0	0	0	0	47.51091703	0	1
CTAAATGAACCAGGGCCGCTAAGATGGGTG	0	0	3.344262295	0	23.75545852	0	7
CTAACGAGTATCATTCCGGGCCTTTATGGA	25.12702079	0	0	0	0	0	12
CTAACGGGTTACGTAAAAAAGTGTATGGAA	0	0	0	0	4.751091703	0	334
CTAACTGCATCCGGGTCGGCTTAAAAAATG	0	0	0	0	42.75982533	0	4
CTAAGACTTTGGGGGGCATTTTAAGTTATA	0	0	0	0	4.751091703	0	10
CTAAGCAGATAATGTGGGGGTAGGTTTTAT	0	0	2.229508197	0	4.751091703	0	195
CTAAGGTTATGTAAAGGTTTAACCTTGCGC	0	0	0	10.50869285	0	0	1
CTAAGTGATACCCGTGCCGGTGAGTACGCT	0	0	6.68852459	0	0	0	42
CTAAGTGTTACGGGTAACTTATGTTTAAGT	0	0	12.26229508	0	0	0	254
CTAAGTGTTTGCACTGGGGCTCCAGAGGGA	0	0	0	8.173427774	0	0	21
CTAATAACAATGGGGGTTGAAAAAGATTCG	0	0	13.37704918	0	0	0	302
CTAATAGATAGGTCAGAGGCTATCGGGTCT	0	0	0	0	61.76419214	0	53
CTAATTGCTTATGCTCATTATTCCAAGCAG	0	0	3.344262295	0	9.502183406	0	58
CTACGGACACAAGAACTGTTCGCGTTTTGT	0	300.735786	0	0	99.77292576	0	157
CTACGGCAACATGGAACAATACTCTGTGAT	0	0	0	9.341060313	33.25764192	0	25
CTACGTCGAAGTAATCGGGGCAGACGTATA	0	0	0	8.173427774	0	0	12
CTACGTGATTACCGAATACTCTATTATGAT	0	0	120.3934426	0	294.5676856	0	1366
CTACGTGCTTACCGACTACTCTCTTATGAT	0	0	1.114754098	0	0	0	1
CTACGTTTTCAGCTGGAAGCTTTGTCGCCG	0	0	0	0	589.1353712	0	660
CTACTAATATCGAGTGGAAGGTCATACAAC	0	0	13.37704918	0	475.1091703	0	74
CTACTACCATGTGATTTGACAGAATGTACC	0	49.23076923	94.75409836	0	0	0	22
CTACTGCGAATAACCCCCGCTTACCGAACT	0	0	0	1.167632539	0	0	1
CTACTTGCAAGGCTTGGCGGTGTCGTTGGC	0	0	0	0	52.26200873	0	35
CTACTTGTTTAAGTAGGAAGGCGAGGTGTC	0	25.68561873	47.93442623	0	33.25764192	0	70
CTACTTTGTTAACGCGGGCCTGCAGTGTCG	0	0	0	18.68212063	14.25327511	0	3
CTAGAAATTATGTAGCACTTTACGTACTGA	0	0	0	3.502897618	0	0	1
CTAGAATGTCCATACTTTCCGTAGTTGACG	0	0	86.95081967	0	0	0	167
CTAGACGTAAAAGCCGGGCGGGGGCAGTAC	0	0	0	11.67632539	850.4454148	0	314
CTAGAGATTATGTAGAACTTTAAGTACTGA	0	0	0	67.72268727	1111.755459	0	119
CTAGAGATTCTGTAGCACTTTAAGTACTGC	0	0	0	2.335265078	0	0	1
CTAGAGTGACGAAAAAAGTGTCAGAGGACT	0	0	0	0	14.25327511	0	48
CTAGCAAAAATTAATCAAACAGCTACAACA	0	0	2.229508197	0	0	0	66
CTAGCCGTATGTGGAACGGTTAAGAGGAGC	0	0	0	0	57.01310044	0	48
CTAGCGCTACGCCGTAGCTAATTATAAAGT	0	0	0	8.173427774	0	0	15
CTAGGCCCAGGTTTGGGCGTCTGCGTGTCA	9.422632794	25.68561873	0	0	0	0	27
CTAGGCTCAGGGGGCTTAGCGGAGTCAAGC	0	0	24.52459016	0	0	0	2
CTAGGCTCTATTGTGGTATCTATGAGGTCT	0	0	0	7.005795235	175.790393	0	134
CTAGGGACAAGGGCGGTGGACGAAGCAAGC	0	0	3.344262295	0	0	0	7
CTAGGGCATTCGTCGGCAGAAAAGGGTATG	0	0	12.26229508	0	1610.620087	0	1804
CTAGGGTAATTGCATAGATTGTATCTTTAT	0	0	0	0	408.5938865	0	128
CTAGGTCGTATCGTGACGGGATACGGCAGA	0	0	0	1.167632539	23.75545852	0	5
CTAGTACCTAGGTCGCAGCGGGCGGGTTTA	0	0	8.918032787	0	0	0	48
CTAGTATCTGTGATCTGGGAACAATATCTG	0	0	0	32.6937111	0	0	3
CTAGTATGATCCTTCGATGAAGCCTAGGGG	0	0	0	23.35265078	0	0	60
CTAGTTGTAGGTATTGAATTTACGATGGAC	0	0	0	3.502897618	598.6375546	0	74
CTATAAGTACCAAGGTAAATGCAGTCTTAA	0	0	0	18.68212063	242.3056769	0	4
CTATAATTTGGGGCACGGGTCTAGTAGCAG	0	0	45.70491803	10.50869285	0	0	76
CTATACGCAGTGGATTTGCAAAACGATAGT	0	0	18.95081967	33.86134364	0	0	76
CTATATGTATTATTAGGGGGAGGAATTAAA	0	0	0	0	14.25327511	0	5
CTATCATAATGAATGTCGGACTTATATAGG	0	0	0	0	14.25327511	0	143
CTATCCGCAGGAATACAACGAGGTTTGGTA	0	0	4.459016393	0	3582.323144	0	548
CTATCGCATATGACCCATAAGTGGATATGC	0	0	0	0	2736.628821	0	198
CTATCGGATGGTTTTGGCACCGGAAGGTCG	0	0	0	28.02318094	8357.170306	0	1198
CTATCGGATTGCATTCGGCTGGCGAACTGA	0	0	26.75409836	0	0	0	125
CTATCTAGATCTAGTGGAATTTCTAGGAGA	0	0	0	0	175.790393	0	12
CTATCTCGTAGGCGATGCTCCGGGACGGTC	0	0	0	0	285.0655022	0	39
CTATGGCGATCCGGGTGGCGACATGAGTGG	0	0	0	0	147.2838428	0	58
CTATTCGAATGGGTCGTTTATCGGGCTAGT	0	0	0	0	361.0829694	0	151
CTATTCTTAGGAGTCAATCTCAGCTGTGGA	0	0	0	0	9.502183406	0	3
CTATTTATTTAGGCCCGTAGGTGCTTATAT	0	0	0	1053.20455	7140.89083	0	1327
CTCAAGTTAGGGGCCTATTGTGATATGTAC	0	0	0	0	166.2882096	0	42
CTCAAGTTTACTATGTTTAAAAGTTCAGGA	0	0	17.83606557	0	0	0	90
CTCAATGTAGGGCAACCGTGCGACCGGCCT	0	0	0	10.50869285	0	0	5
CTCACCAAATCAGGTACCCATCGTCTGCAT	0	0	0	0	42.75982533	0	2274
CTCACCGGTTGGCGGAGAGGCGTGTTGCAT	0	0	0	0	1363.563319	0	156
CTCACCTTCCCCTTCCTCTGTCCTCCCTTA	0	0	0	3.502897618	0	0	1
CTCACGCAACGACCTGCTCCATCTCTAACA	0	0	0	1.167632539	0	0	1
CTCAGATAAGTAGTCTGGCCGGGCCGGACC	0	0	0	28.02318094	2090.480349	0	1694
CTCAGCTATGAGTGGTTCAAGGGTTAGGAA	0	0	0	0	57.01310044	0	27
CTCAGCTGACGGAGGCACCCAAGTTGTTCG	0	0	0	0	9.502183406	0	1
CTCAGGAGTGGCTGTGAGATGCATACTTGA	0	0	0	0	166.2882096	0	20
CTCAGTTGTGACAGGAGGTCCGCCGGATTA	0	0	0	0	598.6375546	0	242
CTCATAGGTTTTTCGCGCTCCAATTGCAAC	0	0	4.459016393	0	0	0	3
CTCATGAAACGACCTGCGCCATCTCTAAAA	0	0	0	79.39901266	0	0	2866
CTCATGTCATCATACTTGTTTTCATGTAGG	0	0	14.49180328	2.335265078	247.0567686	0	440
CTCATGTTATTAGGGATGATTGTTGGTCGG	0	0	0	0	1149.764192	0	74
CTCATTTAATGTGTTCAACCTGGGTTGTCC	0	0	0	0	52.26200873	0	19
CTCCAAGATTGTGATTATTGTAGAAACTTT	0	0	15.60655738	0	2332.786026	0	2183
CTCCAAGCATCGGGATAGACAGAGGACAAT	0	8.56187291	0	0	0	0	7
CTCCAGTCTGCATCTACTGGTGGCAATCGC	6.281755196	0	68	17.51448809	0	0	282
CTCCCAAAACCTTACACAGGCAGCAAAGAT	0	1.070234114	0	0	0	0	1
CTCCCACGTTTTGGAAAATCAATGGGATGG	0	0	0	1.167632539	0	0	1
CTCCCCCGTGTCGTTCACTTGATTCTAAAA	0	0	0	0	90.27074236	0	27
CTCCCCTCAACTTCGCGGGGATTGAAACCA	0	0	0	0	4.751091703	0	21
CTCCCCTGACAGAATCAGATAGCGTATTTA	0	0	0	0	9.502183406	0	40
CTCCCGCAACGACCTGCTCCATCTCTCCCC	0	0	0	1.167632539	0	0	1
CTCCCTGAATTATTCGACATACCGTGTTTA	0	0	0	0	52.26200873	0	1
CTCCCTGTAAACAATGTGCAACAATATTAA	0	0	0	0	2323.283843	0	1159
CTCCGCTGAACGTGAATTAGAATATTCTGG	0	0	0	0	80.76855895	0	216
CTCCGGCAAGAGACAACCCGTCAGGGGAAC	0	0	0	0	4.751091703	0	37
CTCCGGGTATTAGGAGGGGTTTTGTGCGCG	0	0	4.459016393	0	0	0	4
CTCCTATATGTCCATTGTTTTTTTCGCAAT	0	6.421404682	0	0	0	0	9
CTCCTTCGTTCAATCTGCTAGCGTGAATCC	0	0	0	0	4.751091703	0	7
CTCCTTGCAATTTAATGTAGTCGAGCTACC	0	0	0	0	28.50655022	0	3
CTCGAATAAAAGGATTTCACTACCGGAGGG	0	0	0	0	57.01310044	0	41
CTCGACCTAAGTAACTTAATTTGATTAGTG	0	0	0	0	978.7248908	0	120
CTCGACTCATACGACCTATTCGCTCAGGTA	69.09930716	28.89632107	52.39344262	0	0	0	210
CTCGAGTGTGCAGATCGGGCCATAGCTACT	0	0	0	0	14.25327511	0	4
CTCGAGTTAAAGGAGCATCGTGAGACTCTC	0	0	0	5.838162696	0	0	16
CTCGCCGCTGGGAGGGTTCCTCGTCAGACA	0	0	0	0	190.0436681	0	2032
CTCGCCTGACTGGAGTAGGGAGTGCGAAGG	0	0	23.40983607	0	0	0	456
CTCGCGATTCCATGTTCGTGATGTGAGACA	0	0	4.459016393	0	0	0	309
CTCGGATGACGTATTAATGTAAAGCAAACT	0	0	0	0	9.502183406	0	4
CTCGGCAATGTTATGGAATTCGAATAAAAG	0	0	0	0	85.51965066	0	2677
CTCGGGTCAATGTGCAAGTTTGCCCTGGTG	0	0	0	0	356.3318777	0	45
CTCGGGTGTTGGTGGAAGCTTTCCGCCGTA	0	0	13.37704918	0	0	0	196
CTCGTAAAACGTACATATAGCCACATGGCC	0	0	0	1.167632539	4.751091703	0	30
CTCGTATTATCATGTACTATTCTACTAGCG	0	10.70234114	0	0	565.3799127	0	87
CTCGTCAGTAGGACGATCATCTAATTGCGC	0	0	0	0	1833.921397	0	975
CTCGTTGTTCAGGCCATGATTACGGCTTAC	0	0	102.557377	0	0	0	2009
CTCGTTTAATAACAGTCGAATCGTGTTGGG	0	0	0	14.01159047	0	0	4
CTCTAACATTGACGCTCTGTCTAACCAAGC	0	0	0	0	104.5240175	0	33
CTCTAACTTACTGCACGACACTCGGCCGGT	0	0	0	36.19660871	1415.825328	0	88
CTCTACATAGTATCATACCATTCATTTCGC	0	0	0	0	9.502183406	0	4
CTCTCGGTACTATTACTTACGCTAAAAGGG	0	0	0	0	28.50655022	0	22
CTCTCGTGTTGAGTCCCAGGTCAAGGCAGC	0	0	4.459016393	0	0	0	30
CTCTGAGTAACTGCTGGGAGTCGAGGCGGG	0	0	0	2.335265078	0	0	1
CTCTGCGTAATTCAGGACAAGGTTATGTGA	0	0	0	0	541.6244541	0	2826
CTCTTAGAACGACGGTCGTCGGGTCCAGAT	0	0	20.06557377	0	0	0	99
CTCTTGGCAGGCACACGGGTAATGATAAGT	0	0	0	22.18501824	1867.179039	0	542
CTCTTGGGATAGGGTGTGTATCAAATTTCT	0	0	0	0	427.5982533	0	75
CTCTTTCCTACTAAGATAAAACCGTGGGTC	0	0	0	75.89611505	0	0	4
CTGAAGCATTCAGTTATGGAAACTGGCAAT	0	0	0	0	80.76855895	0	56
CTGAAGGTTCCATTAGATACCAAGAGTAAT	0	0	0	3.502897618	0	0	32
CTGACAGATAAGATTAGTCCCACGACCGGT	0	0	0	0	47.51091703	0	1
CTGACCAATGGGTGCCGCGCCCCGAATTGG	504.6343341	3030.90301	4122.360656	0	80.76855895	0	1235
CTGACCCTATAACCAAATATTCGGCTGCGA	0	11.77257525	12.26229508	0	0	0	22
CTGACCGATTGGTTGGGGAGAGAGTTGTAG	0	0	2.229508197	0	0	0	39
CTGACGTCTACGTAGTTCGCGCCAATGAAT	0	0	0	0	641.3973799	0	1382
CTGACTCGATGGGGAATGGGGATCGCGCGG	16.75134719	0	0	0	0	0	1
CTGAGAAGAGGGATGACGAGCGCTGGGGGG	0	0	0	0	460.8558952	0	29
CTGAGATCTGGAGAGCGAGTTATCGGTTTG	0	0	0	22.18501824	4.751091703	0	3
CTGAGGACTTATCTGTGTCCCTTTAGATTT	0	0	10.03278689	0	0	0	175
CTGAGTTAACTCGTGAAATGGGAAGTAAAT	0	0	0	0	14.25327511	0	4
CTGAGTTCATCCCCTAAGTTGTTATTGGAC	0	0	0	3.502897618	0	0	684
CTGAGTTCTGAAGGGATAAGAGAAAATTTT	0	0	0	3.502897618	9.502183406	0	10
CTGATATGATTGTGGAAGCTTGGCTGTTCG	0	0	0	52.54346426	0	0	104
CTGATCGTAAGCGTCTGGTGATACGTCCCT	1175.735181	3010.568562	336.6557377	42.03477141	4874.620087	0	1569
CTGATCTTTCTTCACTCGAGCTAACGAGGG	0	0	0	0	4.751091703	0	1
CTGATGCAAGCAAGTTACAAAAGCACTGGA	0	0	0	0	7169.39738	0	9544
CTGATGTTAAGGCTTGAAGAGCAGGGTTAA	0	0	0	0	14.25327511	0	4
CTGCAACTACCCAGGTTGCGTCAGTGGCTA	0	0	0	0	14.25327511	0	13
CTGCACGGAGGGGCCGGGGCATGGAATGTC	0	0	0	0	23.75545852	0	17
CTGCAGAATGACTAAAACCGACCCTAGTTT	0	0	0	0	14.25327511	0	10
CTGCCAGGTATGAGAGCGAGCGAAGGATAC	0	0	0	0	356.3318777	0	156
CTGCCGTCTACGTCGTTCGCGCCCATGAAT	0	0	0	0	4.751091703	0	1
CTGCCGTCTGACGATGGGCTAAGTCAGGGT	0	0	12.26229508	0	0	0	7
CTGCCTACTGGACTAGTGGCCTTACGGTGC	0	0	68	0	0	0	748
CTGCCTTCACAGCGTTAATAAAGCCGCCGG	0	0	0	0	38.00873362	0	13
CTGCGAGTTGGACTGGCTAGAGGCAGTAAG	0	0	0	0	166.2882096	0	36
CTGCGCTTACTACTGGTGCGACGTGGTTCC	0	0	0	0	346.8296943	0	109
CTGCGGCAATATATGCTGTTGAATATGGGT	0	0	0	0	66.51528384	0	38
CTGCGGGTTGGTGATTTGGGTGGAGCAACG	0	0	0	0	641.3973799	0	117
CTGCGTGTACAGACATCATTTGCTGAGGAT	0	0	0	0	4.751091703	0	425
CTGCGTTGAGCTTTATAGGTCAAAGGAGTT	0	0	0	23.35265078	0	0	1093
CTGCTAATACGGGCCCCTCCTAGAAACTCG	0	0	0	2.335265078	0	0	1
CTGCTATATTACCATTTCAGAAGGGTGAAG	0	0	0	175.1448809	4.751091703	0	39
CTGCTCGGAAGGTGCGCAACTGATGGTCGA	0	0	0	0	14.25327511	0	22
CTGCTTGGTAGTGGGCGGGAAGCCGCCCGG	0	1.070234114	0	0	0	0	3
CTGGAAACTTCGGTCCTGCTTTCGTGCATG	0	0	0	0	61.76419214	0	14
CTGGAGTGACTTTTGTAAGCATACAACGTG	0	0	0	0	4.751091703	0	5
CTGGATAGTGGGTTTGAGGCAGGGCGGTAG	0	0	0	0	104.5240175	0	13
CTGGCACGATGGTCCAGCAGTGCAGGTGGG	0	0	117.0491803	0	142.5327511	0	381
CTGGCCGGAGTAGGGGGGGCTCGGGGTCTG	0	0	3.344262295	72.39321743	361.0829694	0	236
CTGGCGAAAGTGTCGTTTGGTGCGTAGGAT	0	0	0	0	33.25764192	0	1
CTGGCGAATCTAGGGGATCTGCTATTGTGA	0	0	0	0	9.502183406	0	6
CTGGCGAATGCCTGTAGCGTTAACACCGGC	0	0	0	3.502897618	285.0655022	0	98
CTGGCGGTAATCTTATAAAGCTTCTGAGCT	0	0	0	0	1088	0	226
CTGGCTGGAAGCCTCCTGTTATCCAACACG	0	0	0	0	403.8427948	0	43
CTGGGATTTCGAATAAATTGGCGCCCATCA	0	0	0	12.84395793	142.5327511	0	15
CTGGGCACATAGTCAAGCTTTTCGCACTAG	0	0	0	0	9.502183406	0	12
CTGGGCCCTGATCGTAATCAGTATAACCGT	0	0	0	5.838162696	123.5283843	0	3
CTGGGCCGTTGATGATTTAGTGCGCGTCTG	0	0	0	0	1610.620087	0	429
CTGGGGGTTGATTTGGAGGCACTAGCTGCC	0	0	0	40.86713887	90.27074236	0	713
CTGGGGTATCGGGTGTCCTGCTCCGCGCTT	0	0	0	0	14.25327511	0	32
CTGGGTCTTTATCGCTTTTTAATCCTTTTT	0	0	0	0	23.75545852	0	33
CTGGTATTAGGCCTTGGAAAACCAAGGGAA	0	0	0	0	332.5764192	0	201
CTGGTGACAAGAGCGAGAGTTTACAGCCGT	0	33.17725753	0	0	0	0	48
CTGGTGACAGTTATTTGCATCGTCAGTACT	0	0	0	579.1457394	0	0	2
CTGGTGGTACAGTGCAATGGCTAGCACGCT	0	0	0	23.35265078	327.8253275	0	114
CTGGTGGTTTGGACACGCAGAAGGGCCTAC	0	0	0	0	517.8689956	0	1112
CTGGTGTCTCGGAAGGGCCGGTGCGGTGGG	0	0	0	1.167632539	242.3056769	0	1
CTGGTTCATCAGGTTCTTGAGGTTATGCCT	0	0	0	0	76.01746725	0	153
CTGGTTCTTCTTACCCGGTCACAACACGGG	0	0	0	0	674.6550218	0	1982
CTGTACTGACGGGGTAGTCTTCCAGACTCC	0	0	0	0	4.751091703	0	5
CTGTAGGGTGGATGTGATGTATCCTAAGAA	0	0	0	12.84395793	0	0	14
CTGTATGTTAGTTTTCTAGTTGGGGCACGG	0	0	0	12.84395793	2898.165939	0	994
CTGTCCGGTGGATACGGTAGCACACACATG	0	0	10.03278689	0	4085.938865	0	440
CTGTCGATACCAGGGGCTTCTGCAAGAGGT	0	0	0	17.51448809	242.3056769	0	104
CTGTCGATTAGTCTGCACCTTCCAGGGGAG	0	0	147.147541	0	0	0	345
CTGTCTTTTACTCCACCATATCTCTGGAGC	0	0	0	0	4.751091703	0	5
CTGTGATAAGTCAAGGGGCTTACTGGACGG	0	0	0	0	4.751091703	0	25
CTGTGGTTTCTAATTGCACTACGATCAATG	0	0	0	0	1354.061135	0	31
CTGTGTTAACGTTGCCCACTTTCTCTAGAT	0	0	0	9.341060313	0	0	589
CTGTGTTTTTTAGCTTTAGTTGGATGGCGC	0	786.6220736	31.21311475	0	14.25327511	0	2720
CTGTGTTTTTTTAGCTTTAGTTGGATGGCG	0	8.56187291	0	0	0	0	9
CTGTTGATATATCGAGTAACGGACTTTCTT	50.25404157	665.6856187	40.13114754	0	237.5545852	0	1571
CTTAAACTATGTATTGATAGTAACTGGACA	0	0	30.09836066	0	0	0	947
CTTAACGATGTGTTTGTGGCTGTAAGGATG	0	0	0	0	19.00436681	0	1
CTTAATAATCCTCGTATCGCCTAGTTCGGA	0	0	0	0	1306.550218	0	210
CTTAATAGAACTTTTTGTCTGAGGTCACAA	0	0	0	0	4.751091703	0	3101
CTTAATGTATTGGTGGCTGAACTACCAGGA	0	0	0	8.173427774	33.25764192	0	491
CTTACATATTATGTCCGGTAATCAAGGAAC	0	0	0	0	204.2969432	0	63
CTTACCAATTTGTGCCGCGCCCCGAACTGG	0	0	1.114754098	0	0	0	1
CTTAGAGTAATTGGGACCCGAGATCGCGTA	0	0	0	0	19.00436681	0	86
CTTAGGCTACGTTTATCTGTTTTTTGTCGA	0	0	0	0	859.9475983	0	64
CTTAGGTTAGGAGTGGCGCTGGCTCTGTGG	0	0	0	0	4.751091703	0	252
CTTATCTTAAGTTAGATCACTAAGGCTAAG	0	0	0	0	1582.113537	0	109
CTTATCTTTGAAGGCCGTTGGACTTGCGGG	0	0	32.32786885	624.6834085	5468.50655	0	3814
CTTATGAGAATGGTCCTAACTTCGAATCAT	0	0	2.229508197	0	0	0	43
CTTATGGATCTTTCAGAACTTCGTGGCTGC	8.375673595	0	0	0	0	0	24
CTTATGGATGTCACATATACCATAATCAGC	0	0	0	0	9.502183406	0	3
CTTATTTCTGTCACGAAGAGGTGGTTTATA	0	0	0	0	9.502183406	0	18
CTTCAATAAGGCTGTTTCATTTAAAGCCTG	0	0	6.68852459	0	0	0	4
CTTCACAATCCCCGCACCAAACCAGTTCAG	0	1.070234114	0	0	0	0	1
CTTCAGGCATAGGCTTGACAGCTGAGTTAG	0	0	0	12.84395793	0	0	69
CTTCATCGTTGTATACGCAGTCAGATACGT	0	0	0	0	4.751091703	0	36
CTTCATGGTCTCGGTCGCGGGCCATTTAAG	0	0	0	0	218.5502183	0	21
CTTCATGTAGATTTGCTAATATGCGTGGTG	0	0	0	0	185.2925764	0	28
CTTCATTGTTGGGTGGTTTAGGTGGCTGGC	0	603.6120401	214.0327869	0	0	0	647
CTTCCAAAAAATTTACATGGGCGGTAAGGG	4.187836798	0	0	0	0	0	1
CTTCCAAAAATTTACATGGGCGGTAAGGGT	1223.895304	273.9799331	1550.622951	0	3530.061135	0	1071
CTTCCGCTAATGTGGGCCGTCGTAAATAGA	0	0	2.229508197	3.502897618	33.25764192	0	1
CTTCGACCAGAAGGTTCAAAGAGGGCGAAG	0	0	0	0	9.502183406	0	5
CTTCGCTATGCTCTACAAGGTAAGGCATAT	0	0	0	0	95.02183406	0	31
CTTCGGTAAGCGGAGGTATTCGGCTACAGT	0	0	0	0	52.26200873	0	118
CTTCGTTATGGCGAAGAACCCGCGTTTAAT	0	0	41.24590164	0	3862.637555	0	1799
CTTCTAATTTTAGTGGTAGCAAAATAGGCT	0	0	0	56.04636188	80.76855895	0	208
CTTCTAGCTAGCAGGTGTAAGAAAAACTTT	0	0	0	5.838162696	66.51528384	0	7
CTTCTCGCAATACATGTTGGTTAGGCACAC	0	0	13.37704918	0	0	0	37
CTTCTCGGTACTCACAAGTAGTGGCGCTTG	0	0	4.459016393	0	0	0	6
CTTCTTGGTGGTCCTTAAGTTTGGATGTCC	0	0	14.49180328	0	23.75545852	0	35
CTTCTTGTTAACTTGATGATTCAGTTTGCA	0	0	238.557377	0	3615.580786	0	81
CTTGAAGTTGAGCGGCTAGTAACCGCTCTG	18.84526559	296.4548495	0	0	9.502183406	0	1147
CTTGAATGTATATTCTAAGCTTACGGTATG	0	0	0	0	52.26200873	0	5
CTTGACGCAGACGTGATTGGAGCTGAGATA	0	0	0	8.173427774	4.751091703	0	3
CTTGCCAGTGACATTTATAAAGGTAAGTGC	0	0	0	0	109.2751092	0	72
CTTGCCGGTGGGATGATAGATCTGTGGGCT	0	0	0	0	23.75545852	0	62
CTTGGAAATAAGCGGCATGTTCGGGGGGTC	0	0	7.803278689	0	0	0	79
CTTGGAGGTCCTAGCTAAGGAGGATATGGG	0	0	0	0	19.00436681	0	17
CTTGGGGCTAGGATGCAAAGCGAGGAGGGC	0	0	0	1.167632539	0	0	4
CTTGGGTCAGTTTCTACTTGAACGGGCCCT	0	0	0	1.167632539	0	0	5
CTTGTAACTGTTGAGTGGTTAAGTCGATAA	0	0	0	0	4.751091703	0	184
CTTGTAATATACTAGATTGATCAGCTCAAC	0	0	8.918032787	0	76.01746725	0	383
CTTGTACAACAGGCATCTAAAGTTGATATA	0	0	15.60655738	9.341060313	6404.471616	0	2446
CTTGTAGGTCACGAGGTGGCGCGGTCGAAT	0	0	2.229508197	0	0	0	1
CTTGTCGCAGGTTAGTCCCGGGGGTATGTT	0	0	25.63934426	0	0	0	876
CTTGTGGTTACGCACGTATACGTTGATCAA	0	0	0	0	14.25327511	0	1
CTTGTTTGTTCAGCAATGGACAAAGGATGA	0	0	569.6393443	960.9615797	0	0	55
CTTTAAGCTGGGATTAGTATGTGGCGGGCA	45.01924557	420.6020067	239.6721311	1.167632539	19.00436681	0	92
CTTTAATGAGCGAGAGCACGTGGCGTGTGG	0	0	3.344262295	0	0	0	11
CTTTAGAATATTACAATAGCTTCTCAGAAG	6.281755196	3.210702341	0	0	0	0	17
CTTTAGCATGCATTTATTGAGACTGCAGCA	0	0	26.75409836	0	2689.117904	0	436
CTTTAGTAAAGCCTGTGGATAGCAGTTGTG	0	0	1.114754098	0	0	0	1
CTTTAGTCTTCTTTGCGCCCAATGGTGTGC	0	0	0	10.50869285	133.0305677	0	22
CTTTATTATACGCGTGCGGAAGACTCTACG	0	0	0	0	114.0262009	0	81
CTTTCCCTAATAAGCGTAGCCCGGTATAGC	0	0	0	0	109.2751092	0	60
CTTTCTCATGAAGGTGGCCATCACGAGATA	0	0	0	0	698.4104803	0	77
CTTTGATCATTGCTGGAAAGCGGGTCGACG	0	0	0	0	3135.720524	0	1502
CTTTGCGCAGGCAATATTGGCTTGTGGATC	0	0	0	385.3187379	0	0	147
CTTTGGACTTTCATTGGGGAAGCTGGGATT	0	0	1.114754098	0	0	0	6
CTTTGGGGATCAGGAAACGTGCGGAACAGT	0	0	0	0	166.2882096	0	9
CTTTGGTCAGAGACCAGAGATATTACCGCG	0	0	10.03278689	0	0	0	14
CTTTGTATTGGGTGGCCAACTGGGGGTTGC	0	0	65.7704918	0	0	0	131
CTTTGTCTAGAATATGCCCGGCGGCCAACT	35.59661278	0	192.852459	0	0	0	141
CTTTTGCGACAAACCAACAAAACTATGCAG	0	0	12.26229508	61.88452458	517.8689956	0	93
CTTTTGGTTACCATCTTATGTCATGTCCGG	0	0	0	0	42.75982533	0	8
CTTTTTAAATTGGGGAAGAATTGCGTAAAC	0	0	0	0	4.751091703	0	3
CTTTTTAGATTGTAGCCTAACATTGGTTAA	0	0	0	0	23.75545852	0	5
CTTTTTAGTAACTTTACTAGGTTCGGAGCT	0	0	47.93442623	0	0	0	870
CTTTTTCCCAAGACCAAACATTTTAGGCGA	1.046959199	0	0	0	0	0	1
GAAAAAGTTAGAAGAGACTGAATAATCTAG	0	0	0	0	66.51528384	0	18
GAAAACGTAGTGGGGTTGTGCGAATGGATG	0	0	0	0	14.25327511	0	12
GAAAACGTCAGTGACGGACTTTGCGCCTGC	0	0	0	0	14.25327511	0	1
GAAAAGCTTCGTAGGTTAGCATGATACGGA	0	0	0	11.67632539	190.0436681	0	5
GAAAAGTTAAGGGAAGCACTTTGTGCGGCG	0	0	0	0	19.00436681	0	1
GAAAATTAATTTCGGCCTGGACAATATGGA	0	0	0	0	14.25327511	0	2
GAAACCAGTGTCTATAACGTCCTAGTAAGA	0	0	0	96.91350075	375.3362445	0	660
GAAACCCGAGTGACATGCTCGCCTCAACAT	0	0	0	0	1472.838428	0	46
GAAACGACTACCATTGGGGGTTAATGGCTT	0	0	0	0	1710.393013	0	84
GAAACGCATACAGTCACGCGCCTTATTGTT	0	0	41.24590164	0	0	0	3483
GAAACGTCAGTGACGGACTTTGCGCCTGCT	0	0	72.45901639	0	232.8034934	0	192
GAAACTATATGCAGAATAGCGTTACTCCAA	0	0	0	0	71.26637555	0	24
GAAAGGCGTCTGGTCGCCACTTTAGGGTCG	0	0	0	0	218.5502183	0	45
GAAAGTCAAGAAATAGGCAAAGACGTGGAG	33.50269438	0	25.63934426	0	0	0	5
GAAATGTATGTATCGAGTTTCGGCCCGTAT	0	0	0	0	71.26637555	0	41
GAAATGTCATAGGCTTAAGGTGGGGTGGTA	0	0	0	0	4.751091703	0	5
GAAATGTTTAGGGTTTTGGGGTGATGGGCC	0	0	0	39.69950633	137.7816594	0	790
GAAATTGGTGATGTGTTTGCAGCTCGGTCA	0	0	0	0	14.25327511	0	13
GAACACCAATCCCTACAGGATTTTGTACAC	0	0	3.344262295	0	0	0	290
GAACACGAAGGTGCCCATGACGTATGCTAG	0	0	0	19.84975317	9.502183406	0	175
GAACACGTTTTTGATCTAGATCATGAATGA	0	107.0234114	66.8852459	0	33.25764192	0	525
GAACAGGTATGTTTGACAGTCCTGGGGGCT	0	0	0	2.335265078	9.502183406	0	16
GAACCACAACATATGCCTACCTTTGCGTGC	0	0	0	0	47.51091703	0	44
GAACCCTCTCCATTAATCGAATTTCCTTTA	0	0	0	0	9.502183406	0	44
GAACGCGAACAACGCAAGGCTGGGTTGTTT	0	0	0	0	261.3100437	0	10
GAACGCGTTAATGAAGTCGGATAGGGTGCC	0	0	0	2.335265078	90.27074236	0	7
GAACGGCTATGAGGAATCCTAGTGTGCACT	0	0	0	0	270.8122271	0	232
GAACGGTTAGGCAGGAAGGGCGGTGGTGTC	0	0	1.114754098	0	0	0	6
GAACGTTAACCCAGCATCGTTTGTTCCCCA	0	10.70234114	1.114754098	0	0	0	60
GAACTAAGAGGGAAGAATACTCAGATCGGG	0	0	0	0	23.75545852	0	4
GAACTAGTATATGGGAAAAAGTCGGAGGAC	0	3.210702341	3.344262295	0	0	0	17
GAACTGAAACGGGGAAATTGCTCTATATGT	0	0	0	0	1482.340611	0	311
GAACTGGTTTGACACGGAGGCAGGCGTCAT	0	0	0	0	76.01746725	0	112
GAACTTGGAGCCGACAAGGCAACGCATTAG	0	0	0	40.86713887	0	0	496
GAAGAAAGTCGGGGGGGATATTGGTCCTAT	0	0	0	0	4.751091703	0	3
GAAGACAATGCGCTAATCATACGTGTCGGT	0	0	0	0	204.2969432	0	23
GAAGAGACTCAAGGGGGAGAACCGGGGATG	0	0	73.57377049	0	190.0436681	0	880
GAAGAGCTTTGGAGGGATAAAGGTGGCGGG	0	0	15.60655738	0	0	0	57
GAAGATGTTGATTTGTATCGGAACATTTTG	0	0	0	2.335265078	14.25327511	0	14
GAAGCGCGTCGGGGAAGAGGCAGAAGTATG	0	0	2.229508197	0	0	0	27
GAAGCGTTATCAGTGCGTGTTGAGTGCGGC	0	0	0	0	38.00873362	0	7
GAAGCTCAAGGCCGTTCCGGGTTAGCTGAG	0	1108.762542	373.442623	2.335265078	0	0	1890
GAAGCTCGAGTAGATGTTAGTGGCGGAGGC	0	0	0	0	14.25327511	0	1
GAAGGAGTTGTAACGTGTTTAACTCAGTAC	0	0	0	0	166.2882096	0	101
GAAGGGAGATACTACTACAATTTTGATTAG	0	0	0	1.167632539	0	0	4
GAAGGGCAAGTAATATCGATGCGTAAAGAG	0	0	0	0	4.751091703	0	2
GAAGGGCCTTTTGCTGTCGATCTTTGGACC	0	0	0	0	4.751091703	0	6
GAAGGGGGTCAGCGATTGTTGACGAGTCAC	0	0	0	127.2719468	0	0	14
GAAGTAGTAGTGACTGATAATGAGGTAACA	0	0	3.344262295	0	0	0	6
GAAGTGGAAGGGTCGCCGCCCAAAGAGCAG	0	0	13.37704918	0	0	0	423
GAAGTGTATAGTTAGGCTATCATCAAAGTG	0	11.77257525	7.803278689	0	4.751091703	0	24
GAAGTTTGTGTCAATTCACAACTCCAGCCT	0	0	0	0	57.01310044	0	13
GAATAGGGTGCGGTACAAGTGTGGGATGCG	0	0	0	0	342.0786026	0	1388
GAATAGGGTGCTGGACTAGGGCATGGGCTC	0	0	0	44.37003649	0	0	1
GAATATTAAAACGCTACGCGACAATCAAAC	0	0	0	0	4.751091703	0	2
GAATATTGTGTGGAATTCGAGCGACGACGT	0	0	0	0	4.751091703	0	2
GAATATTTATGCCAGACTGGGCTATTAACT	0	0	0	0	627.1441048	0	483
GAATCAAATGCGTGGGGAACTGGTAGGGCG	0	0	0	0	152.0349345	0	89
GAATCAGGTCTGGATAACTTGTAAGTGCAC	0	0	0	0	14.25327511	0	7
GAATCCAGACGTGCAATGCGTCATTTTGAT	0	0	0	0	95.02183406	0	42
GAATCCGCTATTGAGGCGAATAACGTCGCG	1.046959199	0	0	0	0	0	22
GAATCGAGATGTGAGGGCCTATGTCGTTAT	0	0	0	0	527.371179	0	1632
GAATCGTCTCAAAGGTCGAAGCAACCGGCG	0	0	2.229508197	0	4.751091703	0	31
GAATCGTTTCATGATAAAACATCTTGGGAC	0	0	0	4.670530157	204.2969432	0	7
GAATCTGTAGGGTCCGTGTATTGCCTACGA	0	0	0	47.87293411	888.4541485	0	1203
GAATGAGGTCTGTGGCGACAGAGTAGGCTG	0	0	0	1.167632539	71.26637555	0	5
GAATGATTTTGTTCGTTAAGGTTGAGCTAC	0	0	1.114754098	0	802.9344978	0	23
GAATGGCCAGGTCCGACATGCAAGGGGGGG	0	1.070234114	0	0	0	0	22
GAATGGCTTACGTGGTAGACCCTGGGCGAA	0	0	0	21.01738571	0	0	197
GAATGGGTTGCACTGAACGGTAATATCTGG	0	0	62.42622951	0	0	0	456
GAATGTGTTTCCTCGTCCAGCTGAGGTCTG	0	0	0	0	313.5720524	0	8
GAATTAGCTGGTGCATTAGAAGCGTGCTCT	0	0	0	0	9.502183406	0	3
GAATTAGGTTTGACGTACTGTAAGAATGAG	0	0	0	30.35844602	479.860262	0	160
GAATTGCATAATGGGCGGAAATCCAGCTAG	0	0	0	0	384.8384279	0	12
GAATTTTGTGTAAGGACAACCTAAGGTTTA	0	0	0	25.68791586	19.00436681	0	5
GACAAGCATCCCCCTCGAGACAACGGCTGT	0	0	0	4.670530157	304.069869	0	6
GACAAGGAAAAGGAACCACGGTTATATGAC	0	0	0	0	28.50655022	0	42
GACAAGGCTATAAATGCGGCTCCACTTTTG	0	0	0	0	14.25327511	0	45
GACAATTCATAGGAGTTAGCGGCGGAGCCG	0	0	0	0	71.26637555	0	137
GACACCCGTTGCTTTACAAAGTGAATCTTC	0	0	8.918032787	0	0	0	1141
GACAGCAATTGATCGATGCGGCATCGCCCT	0	0	0	0	23.75545852	0	1
GACAGCGGTGGTTTAGGTCACCTGGTATTC	0	0	0	0	33.25764192	0	102
GACATACTAAGGTAGTGGGGGCTATCCTCA	0	0	0	1.167632539	0	0	419
GACATACTAGGGGTGGGTCTGGACCGTTGT	0	0	0	44.37003649	3126.218341	0	74
GACATATATTGTTGAACCTCGCATGGATTG	0	0	0	0	14.25327511	0	80
GACATGTTAGCGAGTAGGAGATGGTAAACG	0	0	0	133.1101095	2171.248908	0	2441
GACCACAAAGCTTTAAGAGGACGGGACTAA	0	0	1.114754098	0	85.51965066	0	393
GACCACATACGAGCTCTGGACGGGTTCGGG	0	0	0	0	71.26637555	0	6
GACCACTTAGTAGATCCATAGCCTTGGAGG	0	0	0	0	152.0349345	0	68
GACCACTTTCGCATGACTCTGGAGTTTGGG	0	0	0	0	617.6419214	0	42
GACCATGTATGCTTTGGGATACTCTAGTTA	0	0	0	0	494.1135371	0	205
GACCATTTTAGTAGGTCCGGGTTTCGAGCA	0	0	14.49180328	0	0	0	942
GACCGAGGATGGGCGAACCGGATCTGGTAC	0	0	2.229508197	0	0	0	1384
GACCGAGGTGTTAGCCAGAAGGGTTGAGTG	0	0	0	0	142.5327511	0	186
GACCGATGATTAAGGGGGGTTGGACAGATA	0	0	0	53.7110968	0	0	13
GACCGCTTTAGTGCCTCAGGTCCGGGCGTC	0	0	0	0	109.2751092	0	1976
GACCGGATTAGTCATATCCATTGAGACGCC	0	0	0	12.84395793	38.00873362	0	90
GACCGTTGATCCTATACTTGGGCATACAAC	0	0	11.14754098	0	0	0	431
GACCTCGGTCCGAGCGATACCACGGAGGGT	0	0	0	0	4.751091703	0	1
GACGAACAACTCTTCCTTGTTCTGTTTGTG	0	0	0	0	52.26200873	0	262
GACGAATTAGGGGTATTACTGCTGGACGAG	0	0	0	0	4.751091703	0	2
GACGACGTAGTGAGCAGTCAGTCGTGGTCA	0	0	0	0	327.8253275	0	29
GACGAGGTACTTATGACTAGCACGGCGTGC	0	0	0	105.0869285	0	0	384
GACGATAAAAAATGCGCTAAGTGCTGTAGG	0	0	0	40.86713887	0	0	4
GACGCCAATGTGTTTGCAACGTGAAGACCA	0	0	0	0	42.75982533	0	15
GACGCCATTTGTCGGGTGGGCGTGCTGCGT	0	0	0	0	95.02183406	0	82
GACGCGGCACCTTCTATTGACCCCGGCCAG	0	0	0	0	1235.283843	0	240
GACGCTACTAAGTGATAGTCCGGCCATTCC	0	0	2.229508197	3.502897618	0	0	5
GACGGAGCAGTGTGTCGCCGCTTATGCGTG	0	0	0	251.0409959	0	0	2906
GACGGATGACAGCTGGACACAAGGGAGACG	0	0	0	0	14.25327511	0	7
GACGGCGTTGAGCTGGACGCTACTTTCGCT	0	0	2.229508197	1.167632539	28.50655022	0	13
GACGGGACTTAATATATGTTTCCTTGGCTC	12.56351039	726.6889632	83.60655738	0	375.3362445	0	579
GACGGGCTACTTTACAGAGTTAAGGTCAAA	0	0	0	0	80.76855895	0	367
GACGGGTTACCCATGGATCGCACGTCGGAG	0	0	34.55737705	0	0	0	771
GACGGGTTTGATGGAGGGCCAGGAATTAGG	0	0	13.37704918	0	0	0	8
GACGGTAAATGTAGTCGCCGTGTGCTCCAA	0	0	0	0	52.26200873	0	2
GACGGTAATGGGCGGTTTAAGCCCGTTGAA	0	0	0	9.341060313	71.26637555	0	16
GACGGTATTCGTCCCATACGTCCCGCATGA	0	0	3.344262295	0	0	0	2
GACGGTTGACCGTTGTCTAACATGCACCGC	145.5273287	455.9197324	0	0	874.2008734	0	1777
GACGTACGAAAAACTACCGGCCGTGCGGAG	0	0	0	0	147.2838428	0	91
GACGTAGAACCTTAAATATTTGTTAACCAC	55.48883757	27.82608696	0	0	9.502183406	0	21
GACGTATGTGGGGGCTGGGGGGTGTTGGTA	0	0	0	12.84395793	969.2227074	0	2780
GACGTGGATAGCTTAATATAAGAGGGGCGA	0	0	11.14754098	0	19.00436681	0	1204
GACGTGTCTTGTGACCAGGATTGAAGTAAT	0	0	0	0	4.751091703	0	2
GACTATCGTCGAGTGTCGTGCGTAGCTATC	0	0	3.344262295	0	0	0	135
GACTCCGGTCCAGTCTTTAAGTACCAGTTT	0	418.4615385	157.1803279	0	0	0	1064
GACTGCGTATTCCAGTTATGCGTTCGTGGG	0	0	0	0	2109.484716	0	274
GACTGGATTCGAGTTATAAGGCCGGTATTG	0	0	0	0	23.75545852	0	108
GACTGGGGTAAAAGTTTACGGTGGGGCGTC	0	0	0	0	14.25327511	0	10
GACTGTGTTGCTGAGTGAACCACGGGAGAG	26.17397998	0	0	0	0	0	57
GACTTATGTCCGTGGAAAGCTGGTTAGGCC	0	0	0	0	166.2882096	0	42
GACTTGTTTTACATTGAGCCTTGATTAGGA	0	0	0	3.502897618	0	0	2
GACTTGTTTTATCAAATTTGCATTGGGATT	0	0	0	0	399.0917031	0	266
GACTTGTTTTATCACATTTGCATTGGAATT	0	0	0	0	4.751091703	0	1
GACTTTTGTAGATACTATTGTCGTAGCTCT	0	0	2.229508197	0	313.5720524	0	142
GAGAAAATTAGGTCAACTGGGGGTGAGGTC	81.66281755	40.66889632	69.1147541	0	0	0	4
GAGAACGATGACGTGGATGTGTCCTCCTGG	0	0	0	0	9.502183406	0	9
GAGAAGATAACCGTCTCTAATGTCCGTAAA	0	0	0	0	793.4323144	0	154
GAGAAGGCAAGGCAACATTGGCCGTGTGCA	0	0	0	0	66.51528384	0	106
GAGAAGTTTGATACAAGTTTACACTCATCA	58.62971517	82.40802676	146.0327869	0	0	0	56
GAGAATGCAAATACTACCTTGACCCGGACA	0	0	0	0	14.25327511	0	1
GAGAATTATCGGCGTTGGGAGGTTCTAGAT	0	0	0	33.86134364	9.502183406	0	695
GAGACAAATCAGGTGCACTCGGATGTGCAG	0	0	0	0	52.26200873	0	46
GAGACGGCTCGTGTCGGCAATATGTATTAG	0	0	5.573770492	9.341060313	42.75982533	0	126
GAGACGGGTTGTATAATGCGTGGTATGAGT	0	0	0	0	1981.20524	0	793
GAGACGGTTGTGCGGGCATGGGGTCCAGAG	0	0	0	35.02897618	33.25764192	0	55
GAGACGTATGGTTGGGCGGGAAGGGTACGT	0	0	0	0	61.76419214	0	90
GAGAGAAGTTCATGCCGCGTCTAGGACGGC	1.046959199	0	0	8.173427774	3012.19214	0	1381
GAGAGATAAAAAATAAAGACCAGTCCAAGT	0	0	65.7704918	0	42.75982533	0	290
GAGAGCACACAGGGGAACAGCAGAGGGTAG	0	10.70234114	0	0	0	0	22
GAGAGCTGTATCGTTATGCAGCTCACATCG	0	0	2.229508197	0	0	0	12
GAGAGGGGAGGGTGAACCCCCAGTCTCCGC	0	0	22.29508197	0	0	0	113
GAGAGGTGAGGGCACGCCCGTTACAGCAAG	0	0	0	14.01159047	33.25764192	0	135
GAGAGTGTAGGGTCACGGGCCGATTGGGCT	0	0	0	0	4.751091703	0	148
GAGAGTTCTGTTTTATGGGCTTTGTGCCGC	0	0	0	0	4.751091703	0	30
GAGAGTTGAGGATAGGGATGGGGGCCCGGT	0	0	1.114754098	0	4.751091703	0	10
GAGATAACTATCACTTCGGTATAAGTCGGT	0	0	0	0	9.502183406	0	1
GAGATCACTCGTCGTTGCCAATCGGTTATC	1.046959199	1.070234114	7.803278689	0	0	0	47
GAGATCCAATCATAGCCGCTGTGCGCTGTT	0	0	0	3.502897618	4.751091703	0	4
GAGATGGAATGTGGGTCTGTTGAGGTGGGG	0	0	0	14.01159047	3035.947598	0	1883
GAGATTCAAATAATCGGACGCAGGAGTTAG	0	0	0	0	185.2925764	0	554
GAGATTTGACTGCACATACTGCTCGCCTTT	0	0	0	0	4.751091703	0	1
GAGCAAAATAGTGTGACGTGCCAAGCGCTA	0	1.070234114	0	0	0	0	2
GAGCAAATACGACGAGAGGGAAAGCAGGAA	0	0	0	0	907.4585153	0	341
GAGCAAATAGATGGCTTCCGACGGAGCTTC	0	0	0	11.67632539	0	0	32
GAGCAAGATTATAGGGATGGACGGCGTGCT	0	0	0	0	831.441048	0	573
GAGCAAGCTTTGTCGCAGGTATGTTCCGTG	0	0	89.18032787	0	0	0	133
GAGCAGGTAAGCGCGGCGTGCCGCAAGCTG	0	0	60.19672131	0	156.7860262	0	47
GAGCATTAATCGAGGATCGTTCAAATGATC	0	0	0	0	85.51965066	0	18
GAGCATTTTTGCGCCAGCGCTATAAGCCCT	0	0	11.14754098	0	0	0	1297
GAGCCAATATTTATTCAGCGAAAATCGTAA	0	0	0	0	57.01310044	0	3
GAGCCACGAGAGGAAACACCTCAGGTAGGA	0	4.280936455	0	0	275.5633188	0	128
GAGCCCACTGGGGAAGGAGTGGGTTTAAGC	32.45573518	0	270.8852459	1.167632539	323.0742358	0	1021
GAGCCGAGTTGGCGTTCGTATTCGTAGGCG	0	0	7.803278689	0	2936.174672	0	201
GAGCCGGTTTTTAAGTTTCGAAACGTACGC	0	0	0	0	237.5545852	0	260
GAGCGAGAAAGCGTGGGACGTTGGGCGGGG	7.328714396	0	12.26229508	0	185.2925764	0	69
GAGCGGCTATGTGTGTGGGGACCGAAAGCG	0	0	153.8360656	0	0	0	1910
GAGCGGGTTGAGTAGTGGGCTGCGTTATGG	0	0	0	0	4.751091703	0	8
GAGCGTAATTTGCTGTATTTGAACCCAATC	8.375673595	0	0	0	0	0	28
GAGCGTTATTTTATGTGGAGGGCGGATCGG	0	0	0	0	228.0524017	0	187
GAGCTAGCACTTATTTAATGGTGCTTGTTA	0	0	0	28.02318094	0	0	303
GAGCTCACAGAATATGAAGGCGTCGATGAT	0	0	0	0	28.50655022	0	52
GAGCTGTATTCTTATACTTGGTCGTTTAGT	0	0	0	0	61.76419214	0	22
GAGCTTAAAAAGGGCAAGCCCAATGTTAAT	0	0	0	0	3701.100437	0	365
GAGCTTTATTTGATGAATTGAGAGGCTCTC	0	0	3.344262295	0	52.26200873	0	79
GAGGACTGATATGTTCCAGGTGTAAAGGTG	0	0	0	0	76.01746725	0	45
GAGGATAGATAAGAAGCCATGAATCTCACA	0	0	0	7.005795235	0	0	16
GAGGATAGATCGGTTTATGAGGAAGGTTTG	0	0	0	0	323.0742358	0	75
GAGGATCAACTTATTCTTGGGCCTTGCAGC	0	0	3.344262295	0	0	0	7
GAGGATCTAGAGTGGTGGGGTGCCAGGGGT	0	0	0	0	332.5764192	0	1307
GAGGATGTAGTCTCGTGTTGTGCATTCGTG	0	0	37.90163934	0	0	0	55
GAGGCCAATAAAGTGACCAAGGGTCGAAAT	0	0	13.37704918	0	0	0	5
GAGGCCCGATATGGGGGGGACAGCTTGTGG	0	0	0	0	9.502183406	0	4
GAGGCCTGTTTTGTCTCTTGGGGTTCGAGG	0	0	5.573770492	0	0	0	1
GAGGCGAAAACGTGATAGTTCTTCTCGTGG	0	0	89.18032787	0	0	0	1195
GAGGCTTATCGTGTGATGTAGACGTGACAT	0	0	0	166.9714531	0	0	86
GAGGGACTTCCGAGCTCTATGGTGATTCGT	0	0	0	2.335265078	23.75545852	0	4
GAGGGATAAAGTGAGTTGGTCGTTGATTTG	0	0	0	52.54346426	1833.921397	0	1125
GAGGGCAAAGGGAACCCCCCGGTGTGTTAC	0	0	0	0	9.502183406	0	48
GAGGGCGGTACTGTGTATATGCTAGAGTCG	0	0	1.114754098	0	0	0	361
GAGGGGCGTTTGCAAACGGTCATGCAGAAG	0	0	0	0	99.77292576	0	14
GAGGGGGGATAGAGGTGACTGGGTTGTAGA	0	0	0	0	4.751091703	0	1
GAGGGGGGATGAATGAGGTCTGCATCAGGC	0	0	0	1.167632539	0	0	1
GAGGGGTTACGGCTTATACACTGATGCGTA	0	0	0	2.335265078	14.25327511	0	1
GAGGGTAGTTGATGAGACATAGCAAGCACT	0	0	2.229508197	0	171.0393013	0	2
GAGGTACATCATAGATTTTCGTTCACGCCG	0	0	0	0	95.02183406	0	43
GAGGTCAGAGTGTGACAGATAGGAGGGTGC	0	0	0	0	399.0917031	0	19
GAGGTCATTACTCCAGGGCTTGGTGCAGCT	0	0	0	0	1011.982533	0	47
GAGGTGAGTTGAGAAGGAGCGCCTGGCGGA	0	0	0	119.098519	0	0	26
GAGGTGATATGAGATATGGTTAGCATGAAA	0	0	0	0	28.50655022	0	4
GAGGTGCGTGTTACAAAAGCAGGCAATGGC	0	0	0	2.335265078	0	0	5
GAGGTGTGTTTTTCGGCGACGAATTGCGTG	0	0	0	0	175.790393	0	647
GAGGTTCATGTGTAATAAGTCTGGCCTGGG	0	0	2.229508197	4.670530157	0	0	106
GAGGTTCGATCGGATCTACCTCTCCGTCCG	0	0	0	0	4.751091703	0	138
GAGGTTTGTCTATAGTAATAATAGTCGCCT	0	0	0	0	38.00873362	0	10
GAGTAATCAATCTTTAAAGTGTTGGCCATG	0	0	23.40983607	29.19081348	0	0	562
GAGTAATCTTGACAAAGTGCTTTTCTTAGC	2.093918399	0	3.344262295	0	28.50655022	0	15
GAGTACCATTAAAGCCTTCGTATGTCAAGG	0	0	0	0	14.25327511	0	263
GAGTAGCAAGGTATGTTCTGAAGAAATGGA	0	0	10.03278689	0	0	0	5
GAGTAGCGTGGTTCTAGTTAAAGCAGGGCC	0	0	0	0	52.26200873	0	202
GAGTAGTCAGCTCGGGGCGCTATGTTGTCG	0	0	0	0	33.25764192	0	3
GAGTATGTATGGCAATTTGGTGCGGTCATA	13.61046959	92.04013378	11.14754098	0	0	0	46
GAGTATTTTGTAGTTGGTCAGACATAAGTT	0	2.140468227	51.27868852	0	693.6593886	0	30
GAGTCAGGATAGCGAAAGTGATACTTGTTG	0	0	255.2786885	172.8096158	536.8733624	0	62
GAGTCCAATGGTGTCAGTGAAAGGATCAGC	0	6.421404682	0	0	0	0	2
GAGTCCGAAAGTGCAGCATGTTTGTTAGAT	0	2.140468227	0	0	0	0	20
GAGTCGGGTTCTTCCGTGTCTTCATAGAGT	0	0	5.573770492	0	1225.781659	0	3306
GAGTCGTGTGTAGGGTCACCCAGGGCCTGC	0	0	0	0	223.30131	0	38
GAGTCTCAATCCGACTATCTGGTAAAAGTG	0	0	8.918032787	0	0	0	3
GAGTGAACACGGACTGTGAAGATGCATTTA	0	0	0	1505.078343	3439.790393	0	970
GAGTGGATTAAGTCCGATAGGCGGGGTCTG	0	0	14.49180328	24.52028332	9.502183406	0	13
GAGTGGCTATAGGGCGAGTGCCGTGGGAGA	0	0	0	7.005795235	0	0	2
GAGTGGGCTGATGGATCTTAGACATGGAAA	0	0	0	0	19.00436681	0	69
GAGTGGGGAGTACACGGTTGTAGTAGATGA	0	4.280936455	36.78688525	0	0	0	10
GAGTGTTCAAATACGTACGGGGTTCAGATG	0	0	0	0	4.751091703	0	3
GAGTTAATTACCCTCTGGGGTCTCATGGTA	0	0	0	0	1145.0131	0	292
GAGTTAGAACCTAGAGAGAAAGAAGGATGC	0	0	0	0	47.51091703	0	33
GAGTTGGGTGGAGCAGGTATTTATACCCAA	0	0	0	0	251.8078603	0	2
GAGTTGTGAAATAGGGATACTTCCATGAGA	0	0	0	4.670530157	23.75545852	0	11
GAGTTTCGAGGCGCACTGATGGTGGATGTG	0	0	14.49180328	0	0	0	27
GAGTTTCTTCTTTAGATTCATATTTGGGTC	0	0	1.114754098	0	0	0	7
GATAAAGATGTGCCTGGCGGAACTCCTGCA	0	0	0	0	403.8427948	0	440
GATAAATTTAGGGGCAGAAGGTAGGGAGCG	0	0	0	77.06374759	0	0	7855
GATAAGAGATTCTAAACTTGTTAAGATGGC	0	0	1.114754098	0	0	0	12
GATAAGCGTAATAGCTACGTAGGGAACAGC	0	0	8.918032787	102.7516634	0	0	34
GATAATATTCGCGGTCACAGGGGGGTGCCG	0	0	5.573770492	1.167632539	0	0	1
GATAATATTCGCGGTCACAGGGGGTGCCGT	0	0	147.147541	64.21978965	745.9213974	0	802
GATACCGAATCAGAGCCGGGAGTTGCGGAA	0	0	0	0	14.25327511	0	88
GATACTGGTATTACTACGTGCTTTAGCGCG	0	0	25.63934426	0	0	0	111
GATAGCGATATACTGCGGTTGTACAATAAC	0	0	0	0	47.51091703	0	457
GATAGGTAAGGATACTAAGGGAGTTATTAT	0	0	0	25.68791586	1667.633188	0	288
GATAGGTGTAACGGCATAAGAGTGGATGTT	0	0	1.114754098	0	0	0	3
GATAGTAGAGAGGCGCTTGTGGGGAACACA	0	0	0	0	47.51091703	0	12
GATAGTCGATAGATCACGTGTTATTGGATG	0	0	3.344262295	0	0	0	4
GATATACTTGTGGAGGGGGTTAGATAAGGG	0	0	0	15.17922301	185.2925764	0	33
GATATTCGTATGCTTTCGTGTGCCCCATTT	0	0	21.18032787	0	0	0	597
GATATTGCAGCCCCTTCCATGCCAGAAGTA	0	0	0	0	3520.558952	0	1361
GATATTTGTTGACCGCCTATACTTGCAGTT	0	0	11.14754098	0	0	0	102
GATCAAAGTGGCAATTGGGGACTTGTAAGT	33.50269438	174.4481605	5.573770492	0	0	0	228
GATCAATCTTGGGTCTAGTCCGTAGGATGA	0	0	0	0	19.00436681	0	104
GATCACGTTATACATAATTCCGACAGTGTG	0	0	0	0	33.25764192	0	5
GATCATGGTGTAGTCTCCCCATGTCTTCTA	0	0	10.03278689	0	0	0	65
GATCCCCTAGAGTTTCAAGTGGTTCGGAGT	0	0	0	0	99.77292576	0	20
GATCCGAATTGATTCTCACTCTCTAGAACA	0	0	0	0	61.76419214	0	3
GATCCGATAATTCGTAGCAGTGCAATCCGT	0	0	0	0	494.1135371	0	128
GATCCGGTATTAGTTTGCGACAATGTATGG	0	0	0	77.06374759	0	0	4
GATCGAATTCGTGGTAAAGGGTTTTTGGGT	0	0	0	26.8555484	798.1834061	0	23
GATCGACGAGTGTGTTTCGATTTCAGTGCC	0	1.070234114	2.229508197	0	0	0	6
GATCGAGGATATTTTCCAGCGCCGATAGAA	0	0	0	0	4.751091703	0	2
GATCGCGCAAATGTGAAATATTATCTTAAT	0	0	0	0	66.51528384	0	41
GATCGCTTAATTCGGGCAAGCCGTAGGTTT	0	0	232.9836066	0	926.4628821	0	302
GATCGCTTTAGCATTGGCTGATTGAACTAA	0	0	0	5.838162696	19.00436681	0	79
GATCGCTTTCAGCGTCTTCCGGGATGAGCA	0	0	0	0	71.26637555	0	20
GATCGGTAACCAAGGTGGGTGACTCACGCG	0	0	25.63934426	0	0	0	111
GATCGTAGATAGCCTACTTCAGCTGCGGCA	0	0	0	0	90.27074236	0	16
GATCGTCGAGCTTTGACTACAATTCTACGG	0	0	0	0	42.75982533	0	203
GATCGTGATTCATTGTTATTAGAGCATTTC	0	0	0	2.335265078	4.751091703	0	7
GATCGTGGATGAGCTAGTTGACTAGGGCGA	0	0	0	0	128.279476	0	26
GATCGTTGAAAGATGTGGATAAATGCTGAG	0	0	0	0	14.25327511	0	1
GATCTATCTTATGTCTTAGGATGGGAGTTG	0	0	3.344262295	0	0	0	15
GATCTCAATGTTGTCCCAGAGTTCACATGT	0	0	0	0	33.25764192	0	9
GATCTTCTACCGTGAACCGGCATACTTAAT	0	0	6.68852459	0	750.6724891	0	560
GATGAGGGTGATGTATTGATGCTTAAGAGT	0	0	0	0	375.3362445	0	147
GATGAGGTTGAAAAACATTTGTAGTGATGT	0	0	0	0	47.51091703	0	9
GATGATCGAACATTTCTGGAGTTAGAAGGG	0	0	7.803278689	0	1306.550218	0	44
GATGCACTAGAAGCTGGCACAGCCTTCACA	0	0	0	0	4.751091703	0	6
GATGCATAAATCCAACGGCCCGCGCACGGC	0	0	0	7.005795235	85.51965066	0	21
GATGCATCAAAGCGCAGTTACATTGGGAAT	0	191.5719064	147.147541	0	9.502183406	0	134
GATGCCTTAAGAGATTGAGTGTGAGGCGGA	0	0	0	0	128.279476	0	348
GATGCGGGACTGACTGGCGTATGTGACACA	0	0	0	122.6014166	0	0	145
GATGCTAGTGGAGCCTGAGCGCTAGCCTAC	0	0	11.14754098	0	0	0	11
GATGCTAGTTTTTCCCATCCTAGTCAATAA	38.73749038	0	36.78688525	0	0	0	2188
GATGCTTGAAGTCACCCGTAAATGGCGGAC	0	0	2.229508197	0	0	0	1
GATGGATCTGCGGACGTGAGAGGCCGAGCG	0	0	0	28.02318094	0	0	30
GATGGCGATGGGAGGCCGGTAGAAGACAGA	0	0	111.4754098	142.4511698	14.25327511	0	40
GATGGCTTTGGCAAGAAGATTTATATGGGG	0	0	15.60655738	8.173427774	0	0	289
GATGGGGTATACGGAGCGTCGTGACTGGAT	0	0	0	0	1049.991266	0	417
GATGGGTAATCGATTATTCGTTATGAGGAC	0	0	0	0	38.00873362	0	30
GATGGGTCACTGTAACGAGGCGAGGATTAG	0	0	0	14.01159047	0	0	3336
GATGGGTCTAATTCGAATACGCTATACTCC	0	64.21404682	0	28.02318094	194.7947598	0	2791
GATGGTTGATCTTTGCTCGGTTTTTACTAC	0	0	0	0	147.2838428	0	15
GATGTAAGTGCCTTTTGGTGATAGGGCGGG	0	0	0	9.341060313	0	0	27
GATGTCCTTGGGGTTTATGTCAAACAAACA	0	0	0	0	52.26200873	0	15
GATGTCGTTCGTTTTCTGCAGGGGACCGAA	0	0	0	0	61.76419214	0	28
GATGTGAGACGCAATAGGGGGTTTGGGGTA	0	0	25.63934426	0	0	0	387
GATGTGGAATCCTGTCTGGACGTGACGGCA	0	0	0	0	95.02183406	0	67
GATGTGTAATCTCATTTTGGGGATCTGCAG	0	0	0	0	171.0393013	0	6
GATGTGTATAAGGTATCTCTGCAAGCCGGT	0	0	5.573770492	0	0	0	13
GATGTGTCAAGGTGGACGAGGGGTAACCGT	0	0	0	0	114.0262009	0	92
GATGTTTATTTGAATATTGATGAGGATTCG	0	0	2.229508197	0	0	0	15
GATGTTTCTCATGTACGTAACTTATGTCTG	0	13.91304348	0	0	0	0	5
GATGTTTGATGGTTCTAAGTTACCAACCCG	0	0	1.114754098	0	0	0	440
GATTACGAACTTGGCGTGAATGTCTGAGGC	0	0	3.344262295	0	0	0	9
GATTAGAGAACGGGGGGGAGAGGTGAAAGC	11.51655119	0	3.344262295	1.167632539	42.75982533	0	7
GATTATCTTCGTCATTGATATTCGCGACGT	0	0	0	5.838162696	0	0	9
GATTCAAATCTCTTCCACTTGTAAAGAGAG	0	0	0	21.01738571	1795.912664	0	550
GATTCATGTATCTGTTGCGCTATTCGGCTG	0	0	22.29508197	0	0	0	54
GATTCCTTTTTTGTTGCGACAAAAGTACTA	0	0	1.114754098	0	389.5895197	0	14
GATTCGAAATCGACAGGTTGACGTGAAGGA	0	0	7.803278689	0	4214.218341	0	2798
GATTCTGTAAGTAATGGGGGCAAGGCGTAG	0	0	0	0	631.8951965	0	2338
GATTGACATTTTACGTTCAGGTCGGTTTGA	0	0	0	67.72268727	0	0	354
GATTGAGTAGACTTGAGAAGACACGAGTGC	0	0	0	14.01159047	14.25327511	0	32
GATTGAGTTTAACTAGGGATATTCGGTATA	0	0	0	2.335265078	0	0	1
GATTGGATTGGTGAACTGACTAGGCTTGGG	0	0	0	0	3330.515284	0	5
GATTGGTGAAAACGAGTGCGGATGAGCCAA	0	0	0	14.01159047	551.1266376	0	203
GATTGGTTATAGTCGTTGTAGGGTTTTGTC	0	0	0	0	4.751091703	0	11
GATTGTAAAGACCGACTCCACGAGCTGTCA	0	0	5.573770492	0	0	0	7
GATTGTCGTGCCCGGCAAGGAATAGAAGGG	0	0	1.114754098	12.84395793	99.77292576	0	14
GATTGTTTAGGACGACTGGGCGAGGGTAGG	0	0	6.68852459	0	0	0	62
GATTTAATTCGCTCTTGTTGCGCTGTGTAG	0	0	0	0	90.27074236	0	48
GATTTAGGAAACGTGAGCGGGTTTGCTAGA	0	0	0	2.335265078	23.75545852	0	1
GATTTCATAATTTCTTCTACGTGGGTGGGT	0	0	0	22.18501824	0	0	90
GATTTGCCAGGGGGAGGGTAACGTAGTGAT	0	0	0	0	23.75545852	0	1943
GATTTGCGATGAATTGCTGGGTTTGTAAGA	0	0	0	0	47.51091703	0	4
GATTTGCTAGTAATAAAATTTTGACTTCCC	0	0	0	0	365.8340611	0	36
GATTTGGATGTAGCAAAGAGGGGGGAGAGT	0	0	0	32.6937111	190.0436681	0	1391
GATTTTATTGCCTTCGTTTTCCTTGAATGA	0	0	0	108.5898261	2456.31441	0	713
GCAAAAACTAATGGCGATACCATGAGTCAT	0	0	21.18032787	0	0	0	65
GCAAAGAGAAGCAAGTAGTTCCTAGCCCGT	0	0	0	0	33.25764192	0	35
GCAAAGAGATGATTTATCGTTCGGTACCCT	0	0	28.98360656	0	71.26637555	0	65
GCAAATTATAGCGTATTTGGGAGCTCGGGG	0	0	0	0	109.2751092	0	5
GCAACATGTCGCTATGTTAACGAGAGTGCA	1.046959199	0	41.24590164	0	19.00436681	0	41
GCAACTATAGAGATAGTGGAGCCGCAGGTA	0	0	0	0	19.00436681	0	2
GCAACTTTTGCCGGCCGGATCTTTGAGGTT	160.1847575	23.5451505	460.3934426	0	0	0	7
GCAAGAGATATGTGACCGTTTCTTATCTTT	0	0	0	0	104.5240175	0	17
GCAAGATGTGTTCGTCGCGCCGGTGCCTAT	39.78444958	50.30100334	5.573770492	0	536.8733624	0	14
GCAAGCATAGTTGTTAATCTTTGCCAAGAG	0	0	0	0	14.25327511	0	642
GCAAGCTAAGACCTCGTGAATGCGCAGAAC	0	0	3.344262295	10.50869285	90.27074236	0	141
GCAAGCTTTCTGGTGGGGGGCACGGGTGCG	0	0	0	25.68791586	0	0	454
GCAAGGCTTTTGTCCATTATAGACAACCCT	0	0	0	0	4.751091703	0	3
GCAATAATTTCGGCGAGCATGAGTACGGCC	0	0	0	0	9.502183406	0	135
GCAATCGGTGATCCAAGAGATAAAAGCCCG	0	0	3.344262295	0	109.2751092	0	7
GCAATGCGTGTTTCGCAGGAAGGGGGCTGT	0	0	0	2.335265078	9.502183406	0	24
GCAATGGCACAACGGGGAACCGTGAGAGGC	9.422632794	0	140.4590164	26.8555484	280.3144105	0	70
GCAATTGGTCGCAGTGAACATTTCTGGACA	0	0	0	0	19.00436681	0	2
GCACACAAAATGCGGCAGGTAGAGGGTCAG	0	0	5.573770492	0	38.00873362	0	4
GCACATTAATGTTTGGGCGCTCGCTGGAAT	0	0	0	0	23.75545852	0	48
GCACCCACAAGTTAGCTCAGACCTATAGTA	0	0	13.37704918	0	0	0	3162
GCACCGGGTAAGAAGATGGTGGAGGGTTTC	3.140877598	16.05351171	1.114754098	0	0	0	5
GCACGAATAGACGATTTTCGTCTTGTTCGT	0	0	1.114754098	0	0	0	13
GCACGGGAACGTAGGTGCTCGGCCGATTGA	0	0	0	3.502897618	57.01310044	0	8
GCACGGGCAGGTCGCCAGTTATTAGGCTGC	0	0	0	0	38.00873362	0	4
GCACGGTGTTATCTAGTCAAGGCTGGGAAG	0	0	37.90163934	0	0	0	80
GCACTAATTGGTTTCTTATAGGGGCGGCGC	0	5.351170569	1.114754098	4.670530157	0	0	3
GCACTAGAATTAGCATGTTCTAGACGCAGT	0	0	0	0	19.00436681	0	2
GCACTCAAAGTGTAGCCTTGCAATAATTTT	0	0	0	0	47.51091703	0	7
GCACTCGAACGTTAAATGAAAGCGGACTAA	0	0	0	0	9.502183406	0	3
GCACTGAAACAATTAGGGGCGTGGCATGTA	0	0	0	0	9.502183406	0	9
GCACTGGCTGGGTCTTACACTTGCAAGAGC	0	0	0	7.005795235	0	0	63
GCACTTGAATCACTAGATCAGTTTGTATTT	0	0	0	0	2142.742358	0	1680
GCACTTGTTCATACCGTAATTATCTTTCAC	0	0	0	15.17922301	9.502183406	0	13
GCAGAATTTCCAAAAGTGAGATGTCCACTT	118.3063895	452.7090301	26.75409836	0	0	0	13
GCAGCAGATATCGGGCGGTAGTGTGAGAAG	0	0	13.37704918	0	0	0	13
GCAGCCGAAACTTTGTGAATTAGCGATCGA	96.32024634	400.2675585	89.18032787	0	9.502183406	0	2
GCAGCGAAAGCAGCCAACTCGGGATAGTCG	0	0	0	0	175.790393	0	12
GCAGCGTTCTCAGTGCGTGTTGAGTGCGGC	0	0	0	0	4.751091703	0	1
GCAGCTGCTTACCCGGCCGGAAACGAACAT	0	0	270.8852459	526.6022752	0	0	101
GCAGCTTAACTATACAAATAAGTTTTCGTG	0	95.25083612	0	0	4660.820961	0	26
GCAGGAAATTTATTCAAGCAGAGGCACCAC	0	0	0	0	3145.222707	0	2383
GCAGGCTTAGTCGTCCCGGGAAACAAAGGG	0	0	1.114754098	0	0	0	1
GCAGGGCTATTCGTGTCAGAGGCAAGCGTT	0	0	0	0	33.25764192	0	223
GCAGGGGCTACTAGCGCGAGGATGATTTTG	0	0	0	0	14.25327511	0	76
GCAGGGGGTCCGTGAGGTTCCCTTAGATCT	0	0	0	0	9.502183406	0	1
GCAGGGTATGCCGCTTATGTACAAGCCCCA	0	0	0	18.68212063	446.6026201	0	75
GCAGGTCATCATCTATAAACGTGATATAAG	0	0	0	0	14.25327511	0	1
GCAGGTGAAACGGTAGTTAAGTGATCAATA	0	0	0	0	14.25327511	0	13
GCAGTCCAAGCAGTTTAGTCTATCGGCTCA	0	0	0	0	33.25764192	0	11
GCAGTCCTATGGGGTTAGGCGTTCCAGGGA	0	0	0	0	4.751091703	0	2
GCAGTCGGTACGTGTGCCGGTGGCGTGTCC	0	0	0	0	38.00873362	0	26
GCAGTGCCTGAGATCAACTTTTCTTCTACA	0	0	0	0	14.25327511	0	5
GCAGTTATACTTCTGTCGTTTGTCAGGGGG	0	0	4.459016393	0	0	0	38
GCAGTTGGTGATAAGAGCGGTTGGTGATAG	0	0	0	0	52.26200873	0	30
GCATAAGGATGATATAATGCGGGCGGTTCT	0	16.05351171	16.72131148	0	118.7772926	0	66
GCATATGATCGTTAGACGGGAGGATCACCT	0	0	0	2.335265078	327.8253275	0	9
GCATATGGTGGACTTACTCCGTTCTCTGGA	0	0	0	0	2195.004367	0	1990
GCATATTATAAAGAATGTCTCTAGGCTATT	0	0	0	0	14.25327511	0	2
GCATATTTAAATAGATTCTCCCCCTTTAAA	0	0	7.803278689	0	0	0	2
GCATCTTATTTAACCTGACTTCTTCGTTGG	0	0	6.68852459	0	0	0	7
GCATGCCTTAGCCTGTCCTGAACGGAGTTT	0	0	1.114754098	0	9.502183406	0	5
GCATGCTGATGGGCAGTACGGGTGCGCCTA	0	0	0	0	19.00436681	0	22
GCATGGAATGTAATCCTAACTTGGTAAAAA	0	0	10.03278689	0	19.00436681	0	89
GCATGGTCAGCATGCGGTGACCAGGCCTGC	314.0877598	244.0133779	139.3442623	44.37003649	199.5458515	0	20
GCATGTGAATCGTGATGCCGGTTAACGAGG	0	0	0	0	166.2882096	0	16
GCATTAAAATCAATTCGGGCGGCTGGGAGA	0	0	0	0	13787.66812	0	100
GCATTGAGAATAGCTCTACGGGAACTATCG	0	0	0	2.335265078	23.75545852	0	12
GCATTGTATCCATGGGCCGCGCTACTTTCT	0	0	0	0	9.502183406	0	3
GCATTTGATTTCGGGCTGTCTGGCCCATCC	7.328714396	134.8494983	21.18032787	0	175.790393	0	17
GCATTTTATTCTTTTTTTAGCTATCACGGG	0	0	0	0	4.751091703	0	1
GCCAAAATACCTACGCCTGAGGGCTTTAAA	0	0	0	0	57.01310044	0	13
GCCAAAATTCCATATTTCCTAATGCAGGGA	0	0	1.114754098	0	57.01310044	0	10
GCCAAAGGACCCATGTAAGTCATGGTCAAT	0	0	0	0	494.1135371	0	467
GCCAACGGCCCCATGTAAGTCATGGTCACT	0	0	0	0	4.751091703	0	1
GCCAAGAAAGAGGAAGTGGCGTGACGACTG	0	0	0	0	47.51091703	0	14
GCCAATCTACAATTATACCTGCTTATAAAG	0	0	0	193.8270015	0	0	1051
GCCAGCACATGACCTACCCAACTTAGAACA	0	0	0	14.01159047	38.00873362	0	391
GCCAGTATAGGGGGGATGGACTGGGGGTGG	0	0	0	0	1377.816594	0	322
GCCAGTCGTCCGCTGTGTAGGATGATACTT	0	0	14.49180328	19.84975317	0	0	53
GCCATAGGTTTCTCATATCAATACGGTCCG	0	0	0	2.335265078	0	0	23
GCCATCCAACCGCAAGCGATACCGGCGATC	0	0	2.229508197	0	0	0	14
GCCATGCGTAGCTCCCGCGTAGGGGAGAGT	0	0	0	0	2004.960699	0	287
GCCATGGCAGTGGGGCTGTCGGCACGGCGC	0	0	0	7.005795235	0	0	1
GCCATTATTGATTCCTCTAAACTTCTGCCA	14.65742879	0	0	0	9.502183406	0	42
GCCATTGGTAGACACGTCTATGGGTGAGAT	0	0	0	0	2874.41048	0	940
GCCCAAGTATTTGACTCTGGTGTGGATATG	0	0	0	163.4685555	0	0	839
GCCCAGCGTGGCATCAGGGGGACAGCATAA	0	0	0	0	323.0742358	0	36
GCCCAGGAATAGTGGAGAAGGGGAGTGGCT	0	0	1.114754098	0	1268.541485	0	2995
GCCCATACTAACATGGGTAAAGTTGGGCCT	0	5.351170569	2.229508197	3.502897618	0	0	15
GCCCATAGACGTATTGGGTGCCGTGAGCTC	0	0	0	14.01159047	403.8427948	0	13
GCCCCAGGACTAACTGACCTTATAATGCAG	0	0	0	0	47.51091703	0	1299
GCCCCCGAACAAGCTTACAGTACTATTATA	0	0	0	0	1981.20524	0	702
GCCCGAAAATTTAGTAAAGCTTATAATGTT	0	0	0	12.84395793	109.2751092	0	47
GCCCGCCATGCATATGCCGGCTCGTAGAAG	0	0	0	0	9.502183406	0	1
GCCCGCCCTATTGGTTTGAGCAGCGTCACT	0	0	4.459016393	0	304.069869	0	177
GCCCGCTTATCAGTCTTCCAGGAGGCAAAG	0	0	0	0	180.5414847	0	50
GCCCGTGTTGATGAGACGCGGGTAGGGGGG	301.5242494	0	82.49180328	0	0	0	3395
GCCCGTTGAGCCCTCGGAGGACGGGAAAGC	0	0	0	0	4.751091703	0	11
GCCCTGCGTGAGTGAAAAATCGGATGGTAG	4.187836798	0	3.344262295	0	0	0	28
GCCCTGGCTAGATGATAAGTGTTGACGCAG	0	0	0	0	4.751091703	0	6
GCCGAAAGTGCCAGACGGTAAGGTGGGGGG	0	0	0	0	4.751091703	0	3
GCCGAATTAATTTCCAGTCGAAAATGCGTA	0	0	35.67213115	5.838162696	4827.10917	0	2424
GCCGACAAATTTGGGTAAAGTAATCGCACG	0	0	0	0	380.0873362	0	798
GCCGACGTTAATCAGTGCCTTGGATCGGCA	450.1924557	75.98662207	572.9836066	0	0	0	299
GCCGAGGTAGTTGGCGTCCGACAGCCGTGG	0	0	0	0	1691.388646	0	455
GCCGATCGTTCGACCGATTTAGGAGGTGCT	0	0	0	0	57.01310044	0	10
GCCGCACTATCTGATTGCGTATGTAGTCAG	0	0	0	0	47.51091703	0	2
GCCGCAGTAAATGTGATCTCGCGGCATGGG	0	0	0	0	232.8034934	0	11
GCCGCCACTACGTTAGCTATGTCTGTGAAG	0	0	0	0	446.6026201	0	31
GCCGCGATAACTTGTTTGCGGATCACACGA	0	0	0	0	180.5414847	0	126
GCCGCGCCTGGTTCGTTATGTCCGCGAGCA	0	0	0	0	23.75545852	0	4
GCCGCTAGTATTGGTTGCTGGCGAGAGTGT	0	0	53.50819672	0	0	0	356
GCCGGAAGAGGTCCGTTGTGTGCGTTGCTG	20.93918399	6.421404682	0	0	0	0	5
GCCGGAATATTATCTGCGATTGCTGTGATG	0	0	0	0	650.8995633	0	3506
GCCGGTGAATGGCGAGGGGAGGCGCGCGCT	0	0	0	33.86134364	33.25764192	0	65
GCCGGTTGTTCAGGATGTGGGGTTCGGGAT	4.187836798	0	0	0	180.5414847	0	366
GCCGTAGATCCACTATGATATGTCAGGTCC	0	0	0	0	4.751091703	0	1
GCCGTAGGTGCAGTCGTTATGGATCCCACT	0	0	8.918032787	0	118.7772926	0	508
GCCGTATGTGTCGCCGGAACATACCGGTTA	0	0	0	0	1871.930131	0	252
GCCGTCTGAATCAAGGGGACTCTGCTGGCG	0	0	0	0	9.502183406	0	10
GCCGTGAGTCAGGGGCGGGAGCGCACGAGG	0	0	0	140.1159047	332.5764192	0	104
GCCGTTCATATGGCGTCAACAGAATCATAA	0	0	0	0	4.751091703	0	2
GCCTAATAAGTGTGCCGTGACGTTTTGTGA	0	0	84.72131148	140.1159047	627.1441048	0	89
GCCTAATCACAGATCGGTCTATTGAACCGG	0	0	0	0	4.751091703	0	6
GCCTAGTGTGTAGAATCAGTTATGGAATGG	0	0	0	19.84975317	437.1004367	0	59
GCCTATCTTGAGATTCATAAACACGGGGAT	0	0	0	1.167632539	0	0	1175
GCCTATTGAAATGTTTATTGTTCGATCTCG	0	0	0	0	137.7816594	0	67
GCCTCGAGAGTACAGAGCGAGGCGCGCGCA	0	0	3.344262295	0	0	0	7
GCCTCGGCACATCGCCTAATGTCCGTGTTC	0	0	0	0	4.751091703	0	22
GCCTCGGCAGGCTGGAGCACAACGGCGCGA	0	0	0	0	4.751091703	0	8
GCCTCGGTAACGAATCACATATGTGGGTAT	0	0	639.8688525	202.0004293	0	0	841
GCCTCTGGTGTTTCAGGTTGCGTTACCATG	0	0	33.44262295	0	0	0	74
GCCTTCAAAAGTTGCAAGTTCGCGTAGGCT	0	1.070234114	0	0	0	0	6
GCCTTCCCTGCTCGACTACTAGTAGGAACC	0	0	0	0	57.01310044	0	141
GCCTTTATAAAGTTTGTTGCTAAATTACCG	0	0	103.6721311	0	0	0	34
GCCTTTATACGTACAGAACTTGCGCTCTTG	0	0	0	121.4337841	42.75982533	0	11
GCGAATCATGACAGCGGGCGCTCTGTGCGT	0	0	0	0	589.1353712	0	17
GCGACAAGTCACGGGTGGCCGTGCGCCAAG	0	0	0	0	57.01310044	0	37
GCGACCGTAGTGGGATGGGAGGGGATAAAA	0	0	0	50.20819918	484.6113537	0	134
GCGACGACTCTACTTTTACTAGCTCGCTAC	0	144.4816054	99.21311475	0	0	0	163
GCGAGAGCAGAAACCTGTCACTTAGTAGGT	0	0	0	0	4.751091703	0	10
GCGAGATTTGCGTACCCATGTTGGGAGGGG	0	0	10.03278689	0	4.751091703	0	7
GCGAGCACACGGGTGACTTGGCTTATTCGT	0	0	0	0	4.751091703	0	26
GCGAGCTAAGTAGGTGACTATCAGGGGGCG	0	0	0	0	33.25764192	0	7
GCGAGGCATAAATGGAAGAGCTCAGTTGGA	0	0	0	0	9.502183406	0	1
GCGAGGGATAGTGTTCGCTGGATCAGGAAT	0	0	0	0	1192.524017	0	96
GCGAGGGATTGATATTAATTTATGGGTTGG	0	0	0	0	23.75545852	0	16
GCGATGATAGGCGGGATTTCAGGATGGGTA	0	0	0	0	4.751091703	0	2
GCGATGCGTGTGCGAAATGGGAATCAAAAC	0	0	0	29.19081348	0	0	442
GCGATGTATAAGAGGCCTTGGTCGAGGCGC	0	0	0	0	978.7248908	0	17
GCGATGTGTATGCAACAAGGTCCGTTCTAA	0	0	79.14754098	0	0	0	22
GCGATGTTATCTCCACAGTGTGGAGTGTAG	0	0	2.229508197	0	0	0	385
GCGCACTCATAATCGTGGGGCGATGTAGTA	0	0	10.03278689	0	0	0	440
GCGCAGTTTCTTTTACTTGGACGTAAAGAA	0	0	0	0	42.75982533	0	3
GCGCATCATCTAACCCCCTCATGGTAAGGG	0	0	3.344262295	0	0	0	106
GCGCATTTATTTGCTTTAGGGTTTCAGAAT	0	0	1.114754098	0	2195.004367	0	1870
GCGCATTTTTACGTACACCCACGTGAGGAG	0	0	32.32786885	0	0	0	1787
GCGCCACGAGTTGAGGATCGGCATGGGACT	0	0	23.40983607	0	76.01746725	0	57
GCGCCTTCAGAGCAGGTCACGGTGCGAGAC	0	4.280936455	0	2.335265078	0	0	1
GCGCGAACTTAAATCCTATTTAGTAAGGAG	0	8.56187291	0	4.670530157	0	0	35
GCGCGCGGTGAGGGGAGTTGTCGCCGGGCG	0	0	0	0	209.0480349	0	29
GCGCGCTAAGTCATATCGGCTCATCTGGCA	127.7290223	123.0769231	18.95081967	1.167632539	0	0	72
GCGCGCTGTCCGTAGTGAGGTCGGAGGGGG	0	0	0	0	9.502183406	0	30
GCGCGGGGTTGTGTCGCCAATTTGGTGCGG	0	0	0	0	4.751091703	0	66
GCGCGTAGAACGGACTAGCGGTTAGTTCGA	0	0	0	0	80.76855895	0	11
GCGCGTGTAATAATTTTAAACGCAGGAAAC	0	0	5.573770492	0	0	0	59
GCGCGTTTTATAGTTTTTGTGGTTCACGAT	0	0	0	0	175.790393	0	189
GCGCTAAGACATGAGCCTAGTCGAAGAGGG	0	7.491638796	0	0	0	0	2
GCGCTTAGTCCGCGGCGGACTAAGATATGG	0	0	1.114754098	0	0	0	23
GCGCTTTTTCGGATCACCCTGTAGATCCCA	0	0	0	0	28.50655022	0	256
GCGGACGGTCTAGTTAGGGCTAGAGCTCTC	0	0	6.68852459	0	0	0	1
GCGGACTGATGGGGGTTGGGCGATGCGATG	0	0	14.49180328	0	821.9388646	0	110
GCGGAGGATATCACACGACGTTTATGGGGA	0	0	0	0	180.5414847	0	914
GCGGATGCACGATAGACATGTTTCGGTTGA	0	0	0	0	598.6375546	0	61
GCGGATGGTAAAATGGCTGTCCACCGTTTT	0	0	0	0	9.502183406	0	74
GCGGATTGAGTCATCGATAGGTACGTGATT	0	0	0	0	280.3144105	0	52
GCGGATTGTCCGTCATGGTGCTCAGAAGTG	0	0	0	0	456.1048035	0	83
GCGGGAACACTCTGGGTTGGGCACCAAGTT	0	0	69.1147541	0	0	0	2631
GCGGGAGCACGTGGTTGGTTTAGGATGCCA	0	0	0	0	342.0786026	0	4
GCGGGCTTATAAAAATGAAAGCGATGACGT	0	0	1.114754098	9.341060313	9.502183406	0	38
GCGGGGCGTTTACTCCGGCATCGCCGCAGG	0	0	3.344262295	0	0	0	23
GCGGGGGAAGTGGTGTAGTCGATCTGGGTC	0	0	0	0	23.75545852	0	108
GCGGGGTGATAGTCCAGTATTAGACACGGG	0	0	0	0	4233.222707	0	868
GCGGGTGCATTGACTAGCTCAGGCGACAAG	0	0	0	0	38.00873362	0	1
GCGGGTTCTGCGAACTTTATATAGTAATGT	0	0	0	0	95.02183406	0	144
GCGGTACCAGAGAATTTATTTTCTTTTTGA	0	0	0	0	698.4104803	0	41
GCGGTAGTAGATCTCGGTGTGCGCTATATG	0	0	56.85245902	0	0	0	339
GCGGTGACAGATCTTCACTAATTCGCGGTT	29.31485758	591.8394649	136	0	570.1310044	0	153
GCGGTGTCATCCTTTTGGTGCTGTATCGTT	0	0	8.918032787	0	0	0	21
GCGGTGTGATTGTCAAGGAGCGCTGGGGGG	0	0	0	150.6245976	0	0	14
GCGGTTGGAGTTTGTAGTTGCCATTGCTAA	0	0	0	12.84395793	978.7248908	0	442
GCGGTTGGTGGTAATGTTCGTGCAGTCTGT	0	0	27.86885246	0	2603.598253	0	3211
GCGTAAACTGTGTCTTTTGCAACATAATGA	0	0	0	0	42.75982533	0	2
GCGTAAAGTTGACTCGGTACGTGCCGGCTT	0	0	0	0	9.502183406	0	126
GCGTAAATTGGCGCTTGTGCCATCCATTGG	0	0	0	2.335265078	0	0	32
GCGTACCGTTCCAGGGTGGCAGGTTATTCT	0	0	0	0	33.25764192	0	4
GCGTACTCTGCGCGTGTACTATCGCCTAGC	103.6489607	119.8662207	16.72131148	0	0	0	17
GCGTAGATACGGCCGGTTAGAGGTGCTAGC	0	0	0	0	218.5502183	0	32
GCGTATATAAGAAGCAGCTCGCTAGTACTT	0	0	0	0	4.751091703	0	20
GCGTATTCTAAGGATAGATTATGGGGCGGG	0	0	0	0	432.349345	0	914
GCGTATTTTTGATATAATTAGTGCCGAGAC	0	0	0	0	437.1004367	0	528
GCGTCCATAGCGTGTTGTCACTCAGACGAT	0	0	0	0	14.25327511	0	5
GCGTCCTTTAGTTGGGGCAGATTTGATTGT	0	0	12.26229508	65.38742219	8523.458515	0	2976
GCGTCGTTTGATCTATCAGGGCGAAGGTTA	0	0	0	9.341060313	0	0	11
GCGTCTATTTGTGGTGGTCGTGAGTTAGAT	0	1.070234114	0	0	0	0	3
GCGTGACCACTTGGCGTCGTTGGCGATATT	0	0	0	0	47.51091703	0	18
GCGTGAGGTGCGTAACCCACACACGTGTCT	0	0	0	0	9.502183406	0	4
GCGTGGAGTGGGCCATAAGCCCGTGCTTCA	0	0	0	0	266.0611354	0	52
GCGTGGCCTGGGCGCTGGTGGTGGTGCTAG	0	0	0	1.167632539	0	0	6
GCGTGGTTATCCAGGGACGAAAGCTCTATG	0	0	68	0	0	0	691
GCGTGTGAAGTACATTTCCCTAACAGTGTC	8.375673595	16.05351171	59.08196721	0	0	0	15
GCGTTAAGTTCCATAATTACTCGGTACTGA	0	0	0	3.502897618	0	0	2
GCGTTACTATCAGGTTCGGCACTGCGTGTG	0	0	0	0	4.751091703	0	2
GCGTTACTTTTTGTGGTCCACGTCGACTCC	0	3.210702341	25.63934426	0	0	0	159
GCGTTATGAGCATGTACCTAGAGACGGGGG	0	0	0	0	4.751091703	0	1
GCGTTTGGTAATTGGCCTACGGGGACCTTG	0	0	5.573770492	26.8555484	2023.965066	0	885
GCGTTTTAATCCCGGTACGCACGTCCACTG	0	0	0	0	85.51965066	0	1
GCGTTTTGATCTGTTGATTTGAGCTTATCT	0	0	0	102.7516634	118.7772926	0	8
GCTAAAACAAGAGATTCTGATGGGGGGCAA	0	0	0	168.1390856	66.51528384	0	22
GCTAAATATAAAGAAACGATTTTTCATCCA	114.1185527	1060.602007	272	36.19660871	23.75545852	0	888
GCTAAGGGTCGCCCTGCGACTCCTGGGATG	0	9.632107023	0	0	0	0	1010
GCTACTTGCCTTACTACGTGCTTTAGCGCG	0	0	1.114754098	0	0	0	1
GCTAGACGAGATGCTTGAATAATCTTGACA	0	0	78.03278689	0	0	0	468
GCTAGGAGAACGCGCTTAAAAATCCCGTCC	0	0	0	0	19.00436681	0	4
GCTAGGAGAACGCGCTTAAAATCCCGTCCT	0	0	3.344262295	0	812.4366812	0	150
GCTAGGCCAGCGGGATCATAGTAGCTGTTG	0	0	31.21311475	0	0	0	46
GCTAGGGATTCATTATCAGGTCTGTACGGG	0	0	0	0	14.25327511	0	2
GCTAGTAGTACCATGTCAATTTTGGGATAT	0	0	0	0	19.00436681	0	48
GCTAGTAGTTGGGGAGAAGAAATGGGCGGT	0	56.72240803	28.98360656	0	4.751091703	0	61
GCTAGTCCTTAGTTGGCTCCGCGGGACTCG	0	0	7.803278689	0	508.3668122	0	824
GCTAGTGAAATAAGGTGGCCGGGGGAGATG	0	0	0	0	4247.475983	0	6
GCTATAAGTGAGCGCCTGTACTATCCTAAC	0	0	34.55737705	6044.833655	4166.707424	0	1144
GCTATCTTTCATGCTATGGTTTCTCGTGAT	0	0	53.50819672	0	0	0	1409
GCTATGAGATGCGCTGATTACGATCGGGTA	0	0	83.60655738	0	0	0	94
GCTATGAGTAAAGTTGACATCGAGTAGGGC	0	0	2.229508197	1.167632539	0	0	1
GCTATGGGACCCGGGACTGATACGTAATGA	0	0	49.04918033	18.68212063	4461.275109	0	758
GCTATGGTAAACTCCCTTTCTTAGTGACGT	0	0	0	43.20240395	389.5895197	0	146
GCTATTTAACTACTGTTTTGTCCAGGTTAG	0	0	0	0	1221.030568	0	141
GCTATTTCTTTTGCTCGGTTCATGATTGTA	0	0	0	0	4390.008734	0	2019
GCTCAAAGAATGTATCGTAACCCAAGGTGG	0	0	0	0	23.75545852	0	232
GCTCAAAGATTTAAATTCGATCATCAGCGT	0	6.421404682	0	0	0	0	4
GCTCAAGTAGATAAAGAGAAGATTTGCTTT	0	0	0	0	23.75545852	0	5
GCTCAGTTTGGGAACTATGCACCGGAAGAG	49.20708237	48.16053512	44.59016393	16.34685555	109.2751092	0	101
GCTCCATCTTGGTCAGACGTAGCGAATCAG	0	0	0	0	19.00436681	0	6
GCTCCCGTTTTTTCAATAAGCTTGCAGGTG	0	0	0	0	9.502183406	0	100
GCTCGAGGAGTGGATGAAACGGGAAGATGG	0	0	0	43.20240395	522.6200873	0	607
GCTCGCACATCGCAATATGCATATCTTTAA	0	0	23.40983607	0	1073.746725	0	89
GCTCGGAGCACGCGCTTACAATCCCGTCCT	0	0	0	0	14.25327511	0	1
GCTCGGGTTCCATGCGATTTGGGGGATGTT	0	0	0	3.502897618	190.0436681	0	36
GCTCGGTAAAACTAGAGCCAGTGTTTGGGC	0	0	21.18032787	0	0	0	94
GCTCGGTTTCAAAACTCCCTGTGCCAAGTA	0	0	0	0	218.5502183	0	36
GCTCGGTTTTGCGGGGGAGGCGCAGGGCTA	0	0	0	0	109.2751092	0	696
GCTCGTAGTGGTTCATTCCTTCGGAAGAGG	0	0	0	0	627.1441048	0	136
GCTCGTCTTCCTTGGGAGAATGGGTGTGCG	0	0	0	0	33.25764192	0	491
GCTCGTTGTGGCGTAATCCCGCATAAACGC	0	0	6.68852459	0	0	0	824
GCTCTAAAAGGTAACGAGACACTTCCCCAT	0	0	0	0	19.00436681	0	3
GCTCTAAGTTGTTCCCGAAGGGGCAGCAAT	0	0	178.3606557	0	0	0	2761
GCTCTCTATCCATGTATATTTTAGGGTTAA	0	0	0	7.005795235	0	0	108
GCTCTGAGATTCAGTACTCTCGCGTGGCTT	0	0	1.114754098	0	28.50655022	0	16
GCTCTGCATTAATAAGGGTCAAGGTTGTTT	0	0	7.803278689	0	0	0	135
GCTCTTCATAACGGTTAAAGGGTATAGGCG	0	0	0	0	33.25764192	0	7
GCTGAAATTAGCAGGATATGCCATACGTCT	26.17397998	2090.167224	210.6885246	0	1425.327511	0	1794
GCTGAGACAGGCAGCGCCAAGAAATACGCG	0	0	0	0	665.1528384	0	72
GCTGAGTCTTAATTATTTGCTGGGCCGAAC	0	0	0	0	251.8078603	0	118
GCTGATGTTACTTGTGATATGTTCCGGTAA	0	0	0	18.68212063	0	0	8
GCTGATTTTGCATGTAGCCTCTGACGGGGG	0	0	0	0	4.751091703	0	27
GCTGATTTTGCTTGCCTCCCGACTAGACAC	0	0	17.83606557	0	0	0	46
GCTGCATCTGAACGTACTCCGGGTCGGCGA	0	0	0	0	1734.148472	0	951
GCTGCCGTAAAATCTCACTGAATGGCAGGT	0	0	0	0	52.26200873	0	68
GCTGCCTCACTCCAACGGCCCGCGCACGGC	0	0	0	0	4.751091703	0	1
GCTGCGAAAATTGCTCGTAGTCCGCTAATT	0	0	0	0	1145.0131	0	201
GCTGCTCTTAATAACTGGAATGATGTTTAC	0	0	53.50819672	0	9.502183406	0	4931
GCTGGAGTTGCCAGCGTTTTGAATTATGGT	0	0	0	0	9.502183406	0	23
GCTGGGCCACCCCGCCCTAGCGAATTGCCA	0	0	20.06557377	0	0	0	26
GCTGGGGCAGGAAAACAATACGTTGAACAC	0	0	0	0	76.01746725	0	5
GCTGGTGGAAGAGATTATCAGTACGTCGCC	129.8229407	227.9598662	7.803278689	0	0	0	107
GCTGGTTGTAATAACTATGCTGGGGTTTAT	0	0	0	0	19.00436681	0	4
GCTGTAATAGCTTGATGGAGAAAGCGGTGC	0	0	0	0	95.02183406	0	297
GCTGTAGCAACATGTTCTCTGATTGCAAAA	0	0	13.37704918	0	0	0	1896
GCTGTATGATGCGTCTTAGTAAGGGCCTTA	0	0	0	36.19660871	218.5502183	0	40
GCTGTATTACTGAAACGTGATCGTAACCAT	0	0	0	3.502897618	0	0	1
GCTGTGCTTATAATTCTTGGGTCGCCACCA	0	0	0	0	9.502183406	0	26
GCTGTGGCTACCATCGTATCGTGGCTCCAC	0	0	0	11.67632539	0	0	18
GCTGTGTAATTTCTAGGAGCTAACATGTCT	0	0	0	0	23.75545852	0	7
GCTGTTCAAGCAGTAACGGGCGACGGCTTT	0	0	15.60655738	113.2603563	0	0	1431
GCTGTTCATCATTACAAAACACGATGTACC	0	0	34.55737705	0	0	0	247
GCTTAAACTCCCATCCTCTGCCATACGTCC	0	16.05351171	0	0	0	0	1
GCTTAATTTGGGTATTAATTTATATACTAA	0	0	5.573770492	0	0	0	8
GCTTACATAGCGAGCGAACGTCGTTCGACT	0	0	0	0	1672.384279	0	249
GCTTACGGTTGTATGTTTGACGGTACGCCC	0	0	0	86.4048079	1639.126638	0	168
GCTTAGCGATAGGAGAAGATGAACGGCTAG	0	0	5.573770492	0	0	0	5
GCTTAGTTAGGACTCTCGTCAAGTGCATTA	0	0	0	0	4.751091703	0	27
GCTTATTGTGCCTATGTATAATACCGTATT	0	0	0	0	76.01746725	0	87
GCTTCATTTGGGTGTTTTAATAATGTATGC	0	0	0	0	114.0262009	0	791
GCTTCCACTTCAGAACCGTAAGTAGGCTGT	0	0	0	16.34685555	7440.209607	0	514
GCTTCCATCGCGCGCGACCGTCGTTCGACT	0	0	0	0	4.751091703	0	1
GCTTCCGGATGGGGAATGGAGGTTCTGCAT	0	0	0	0	19.00436681	0	1262
GCTTCTAAACTTAACAAGTCCTAAGATTCG	0	0	0	0	19.00436681	0	33
GCTTCTATTGAACTTGTAACTCCGTGGCGA	0	0	0	85.23717536	7145.641921	0	756
GCTTGATATCTAGACACTGACGACTTGATC	0	0	0	0	4.751091703	0	1
GCTTGGGGTTATAGGCTGCATCCATGAAGG	16.75134719	0	0	0	7673.0131	0	1259
GCTTGTAGAGGCGCCCATCAACGTCTTCGT	0	0	0	0	285.0655022	0	135
GCTTGTTCTGCTTTTCACTGATGTGTAAAG	8.375673595	0	12.26229508	0	313.5720524	0	14
GCTTTAGAATCGGTCTTCGTAATTGATTTG	0	0	0	1.167632539	0	0	39
GCTTTATTATGTATATAGTAGGGAAGAGCT	0	0	0	0	23.75545852	0	8
GCTTTATTTTGGCTGAACCAAATGGGGATA	0	0	0	15.17922301	52.26200873	0	5
GCTTTCTTTGTCGAGGGTTCGGGGGGAGGG	0	0	0	0	71.26637555	0	16
GCTTTGGATGGTAAATGGACGTCGTGGGAA	0	0	11.14754098	0	0	0	1
GCTTTGGATGTCACGGCGTAGATGGGGGAC	0	0	49.04918033	0	0	0	251
GCTTTGTGATGCAACCATATTGTCACGGGT	0	0	0	0	223.30131	0	86
GCTTTGTGTTGTACGGCTACAGTCGTCCAC	0	0	0	0	769.6768559	0	259
GCTTTTATTAGGTGGGAACATTCAGCGGGC	333.9799846	0	2.229508197	0	0	0	127
GCTTTTTGTCTCTTCGTACGAATTTATTAA	0	0	60.19672131	0	2570.340611	0	502
GGAAAGATATGCCTTAGGAGCGGGTTATGA	0	0	0	0	19.00436681	0	2
GGAACAGGATGAGGGGACAGCGGTTGCGGC	0	0	0	0	9.502183406	0	12
GGAACATGTGGAGTGTCTTTGGGATATCGG	0	0	0	0	104.5240175	0	3
GGAACCCAAGAATTTGTGAAACGTGGGTTA	0	0	0	0	19.00436681	0	6
GGAACTAGTGGCGTGGCGCAGGCGATCATA	0	0	0	0	109.2751092	0	1429
GGAACTCAAGGCTGGCCCCTAGGATACTAT	0	0	0	0	19.00436681	0	355
GGAAGAGATAAGAGAAATCTTTAGTGTTGT	0	0	0	0	1558.358079	0	1171
GGAAGAGGAGGTGTGGGAAGTTTCCCCTTC	0	0	0	28.02318094	0	0	2
GGAAGCTCTCGGCGCACGGGGATGAACCAA	0	0	0	0	85.51965066	0	4
GGAAGGGGTCTATTCTAGATGCGGCGTTAA	0	0	0	0	19.00436681	0	33
GGAAGGTTTCCTCCTGTTCTCAACAAAATG	0	0	0	0	280.3144105	0	24
GGAAGTGCATGATAACCCCGTGCTTAGGCT	8.375673595	0	0	0	0	0	69
GGAAGTGGTATTGTCAGCTCTATTACATGC	0	0	11.14754098	0	0	0	2
GGAAGTTTACTGCTGCGAGCGTGGTGGTCG	1.046959199	0	136	0	0	0	65
GGAATAAATTATTGTCGTACTGGAGGACGG	0	0	0	0	9.502183406	0	54
GGAATAACTATGGTAACTGAAAGGGGGGAG	0	0	0	70.05795235	0	0	2
GGAATACTTCCAGGAGACGATATTTGTTCG	0	12.84280936	0	0	0	0	4
GGAATATATGGCCGACCTGACTCCTGAAAA	0	0	0	0	61.76419214	0	5
GGAATCTTAGGACCTTCACTTTTGCGGTCG	0	0	0	0	570.1310044	0	10
GGAATGCATGGAGCTCAGCTGTGGACCGAG	0	0	157.1803279	53.7110968	85.51965066	0	248
GGAATGTTATACGTGTTTGTATTCCGTCTG	0	0	0	0	47.51091703	0	2
GGAATTATTGGTACACCAGACTACATAGTT	0	0	0	0	14.25327511	0	1
GGAATTCTTTGTATTTTGGATAGAGCCTTG	0	0	0	0	33.25764192	0	71
GGACAAGGTACAGTGCGATGGTGCGAGGCC	0	0	0	0	4.751091703	0	1
GGACAATGTGTCGGTCAGCAGCTTTATGGG	0	0	0	16.34685555	128.279476	0	40
GGACAGGGACAGGCCTTGCGAGAGCGTCCT	0	0	0	0	266.0611354	0	81
GGACAGTTAGATGCTGCGAAAGGAATTAGG	0	0	0	0	28.50655022	0	9
GGACATGGTTAAGTCGGGATATTGATAACC	0	0	10.03278689	0	346.8296943	0	41
GGACATTATATAAGACAGAGAGGCGGTCTC	0	0	1.114754098	0	427.5982533	0	220
GGACCCTAATTTGTAATGAAGCTACAACGT	0	44.94983278	0	0	0	0	86
GGACCGCGTGGCTTTCTCTGTTCCGTGAGT	0	0	1.114754098	0	0	0	1
GGACCGTGAGCGGCGACATGATGGGAAGTC	0	0	0	0	14.25327511	0	3
GGACCGTGTGGCTTTATCGGTTAAGTGAGT	0	0	15.60655738	0	0	0	193
GGACGAAATATGGAAGCGAGTCATGGAGGC	0	0	0	0	47.51091703	0	2
GGACGAACTACCGTGCGGTTGCTGCCTGGC	0	0	0	0	90.27074236	0	12
GGACGACGAGTCTAGGTGTGGTCAAGGGGG	0	0	3.344262295	0	85.51965066	0	44
GGACGGGTTCGGTCCTTTGAAGGTCTATTA	0	0	3.344262295	0	9.502183406	0	8
GGACTAGAACCAGACTGCCTGTGGCGGAAG	0	248.2943144	56.85245902	0	3568.069869	0	125
GGACTCGATAAGTATATTAGGTTTCGGTTG	0	0	26.75409836	0	0	0	803
GGACTCTGTATCCAGTTGTCGAAAACGCTG	0	0	3.344262295	0	199.5458515	0	83
GGACTTCCACGCTAGAGGACACCTTAACCG	1262.632794	0	95.86885246	0	959.720524	0	776
GGAGAAGGAGGGCTATAAACGAGCCTGATA	0	7.491638796	0	0	9.502183406	0	206
GGAGAAGGAGGTGTGTCCAGAGGGGTACCC	0	0	3.344262295	0	0	0	20
GGAGACTATTTCCATTGGTTTGGTATGGGT	0	0	0	0	19.00436681	0	2
GGAGAGAGTTTACGAAGTCAGGCGGGAGCC	0	0	0	0	14.25327511	0	3
GGAGAGGTTCGCGGTCGAAGAAGTGCTGGC	0	0	60.19672131	0	123.5283843	0	19
GGAGAGTTTAGGAATCCTGGTAGGAATTGG	0	0	3.344262295	0	242.3056769	0	26
GGAGATATACTCCAATGCGTAGAGGTAGCT	0	0	0	0	28.50655022	0	4
GGAGCAGTTATTAGGCCAAGCTAAGAAATG	0	0	0	0	23.75545852	0	16
GGAGCAGTTGGGTGCGGAGGCTGTACGGAA	0	0	0	0	4.751091703	0	9
GGAGCCGATATCGTCGTATGGACAACGTTT	0	0	0	0	14.25327511	0	7713
GGAGCGAGTGATGAGAGGTGGGATAAATAT	0	0	20.06557377	0	0	0	1117
GGAGGAGGAGATCTATTTACCAAATAATAA	0	0	0	4.670530157	42.75982533	0	18
GGAGGATATTAGGGTAGAGTGGAGGGGGAG	0	0	0	78.23138012	1111.755459	0	3961
GGAGGATGATTAGTAGGTCGGCAAGCGGTT	0	0	0	0	4.751091703	0	1
GGAGGCAGAAGGAGCGATATTAGACGCCGT	0	0	0	0	617.6419214	0	8
GGAGGCATAGTGGGCATAGTGCATATTATT	0	0	37.90163934	9.341060313	0	0	33
GGAGGCCTACGTCAATTGGATGGTTGGGGC	0	0	6.68852459	200.8327967	0	0	1127
GGAGGCGCTACCGAGCTTCAGTCCAAGCGG	0	0	1.114754098	0	0	0	65
GGAGGCTCATGTGAGTCGGGTTGACCTGTT	0	0	0	0	4.751091703	0	9
GGAGGGCATGGAGGTGGGGCAGCGTTGGTG	0	0	2.229508197	0	0	0	6
GGAGGTCCAAATATTCTTAACTTTCTCTCT	0	0	0	0	9.502183406	0	87
GGAGGTGTTCAACGACTCATGAAATGTCGG	0	0	0	0	9.502183406	0	6
GGAGTAGATGATGGGTAATTGCAGAGCGGG	0	0	0	0	14.25327511	0	1
GGAGTAGGTCTACCCTGGGACGATGGACGT	0	0	0	114.4279888	0	0	711
GGAGTTTGAGATCGCTGGTAGGCCAGTTTA	0	0	0	183.3183086	9777.746725	0	2395
GGATAAAATAGACGCTGACTAGCGAGGATC	0	0	103.6721311	618.8452458	1567.860262	0	2920
GGATAAAATCGCCGCTGCCTCGCAAGGATC	0	0	1.114754098	1.167632539	0	0	1
GGATAATGATTATGGGGTTGGCGCGAGAAG	0	0	0	1.167632539	0	0	1075
GGATAATGTCGATGTAAGTTAAGAGTGCTG	0	0	0	0	4.751091703	0	5
GGATACATACAGATTTGCTTTGTACTATGT	0	0	90.29508197	0	0	0	5
GGATACATTTTCTGGTCTTATGCGTGGTAC	0	0	10.03278689	0	0	0	782
GGATAGAAAGGCGGTGGTTTCAAATTTGGC	0	0	0	0	1382.567686	0	2377
GGATAGATTTGTATGGCCTAGGATATGGTG	0	0	52.39344262	0	0	0	1952
GGATAGCCTTCTGGCGGACATGTCCCGAAT	0	0	3.344262295	0	0	0	45
GGATAGGAAAGATACAATTTATTTCGCGAG	0	0	18.95081967	0	0	0	115
GGATAGTTTGGGTAAGGGACCATAGCGTGC	0	4.280936455	0	0	0	0	3
GGATATATTGATATATCAGCATGGATATGC	0	0	23.40983607	0	223.30131	0	169
GGATCAATTCTTTGGAAGGAATGTAGAAAA	0	0	0	80.5666452	6632.524017	0	1379
GGATCAGTTCGCTACAAGTTAGTAACGTGG	0	8.56187291	0	0	983.4759825	0	119
GGATCATTACGGAGCAGTGGGGAGAACATC	0	0	0	0	104.5240175	0	21
GGATCGGTATGCCAATGGAAAAGTGGGTAA	0	65.28428094	20.06557377	0	0	0	30
GGATCGTGTGAGTGGTACGCGGAGGGAGAC	0	0	0	0	114.0262009	0	374
GGATCTCAAGCAAGACAGCATTATGGCTGC	0	0	14.49180328	31.52607856	47.51091703	0	34
GGATCTTAAAGCAGAACACATGGAACGGAC	0	0	0	18.68212063	0	0	48
GGATGAACAGGAGTGGGGCGAGGAATGTAG	0	0	0	0	9.502183406	0	10
GGATGAATTAGTGACGCTGTATGCATTAGC	6.281755196	58.86287625	0	0	71.26637555	0	167
GGATGGATTGCCTCCCTGGTCCCGTTGAAG	0	0	0	108.5898261	0	0	10
GGATTAACTTAGCGGATGCCTCAGTTCACA	0	0	0	0	109.2751092	0	127
GGATTACGAGGTTTATGGTTCATACGGAAA	0	0	0	0	365.8340611	0	448
GGATTCAAAAGGTCAAGAAGTACAGATCAG	0	0	0	0	19.00436681	0	313
GGATTCGTATGAGTACGTTGGTTACCCCTG	0	0	0	0	33.25764192	0	8
GGATTGTGAGCACATCATTTTAACTTCTTT	0	0	0	0	11155.56332	0	4080
GGATTGTGAGCACATCATTTTTAACTTCTT	0	0	0	0	19.00436681	0	3
GGATTTCGTTATGAGTAGACAGGTTGCTTG	0	0	23.40983607	0	0	0	220
GGATTTTAAACAACCTTTCGGAACAGGTTC	0	0	211.8032787	0	0	0	254
GGATTTTGTATCGATAATATAAGGCCCTTC	0	0	3.344262295	0	0	0	4
GGCAAATCACGGAGGTCCCGGTGATTAGTA	0	0	122.6229508	0	0	0	173
GGCAAATGTGTGGCCGCTAGGTGAGGGTGC	0	0	0	0	199.5458515	0	64
GGCAAGATACGGGGGGGTAGGTCGGGACAG	0	0	0	0	9.502183406	0	158
GGCACATAAGTGATAGAGCTCAGGGAGCCG	0	0	11.14754098	0	0	0	1011
GGCACCCTTGGCAGGGCCACGACGCGGTCG	0	0	0	0	66.51528384	0	87
GGCACGGTTAACGTGGGCACGAGGATGGGA	0	0	2.229508197	0	9.502183406	0	1
GGCACGGTTAAGTTTGGGATGCAGTGGCAG	0	0	0	0	99.77292576	0	4
GGCACGTATCACTGGTTACGACGGCTTTAC	0	0	90.29508197	0	0	0	72
GGCACGTTAAGCCGATGGTCTCGGTAAAGA	0	0	0	2.335265078	0	0	40
GGCACGTTTTAGGCTAACGGGTGTATGGCC	43.97228637	104.8829431	31.21311475	0	137.7816594	0	195
GGCACTCAAGGTAGTGTCAGTGGCCTAAAT	0	0	0	0	1990.707424	0	979
GGCAGCGGTATTGAGCCACAGTCGCTCCCC	0	0	0	7.005795235	66.51528384	0	7
GGCAGCTCTGCCCGAGGTAGCTCAGGATGA	0	0	0	7.005795235	0	0	4
GGCAGGCGTCAAGATGAGCACCACTGTATC	0	0	7.803278689	0	114.0262009	0	17
GGCAGGGATTTAAGAGGTACATCAGTACCC	0	0	0	0	16548.0524	0	2872
GGCAGGGCAAGTGACGACGTCATTAGGTCT	0	0	0	0	275.5633188	0	1125
GGCATCACATTGAGGACTTGTGAATGATTT	0	0	0	0	14.25327511	0	1
GGCATCAGAGGCAAGATGGTTTGCAAGAGG	0	0	22.29508197	63.05215712	0	0	613
GGCATGCGTAGTCCCAAAGATGTGGGTTCG	0	0	2.229508197	21.01738571	185.2925764	0	12
GGCATGGCATTACTATTCACCTGTCGATGC	157.0438799	0	744.6557377	16.34685555	4.751091703	0	2996
GGCATTGATGATACACTCGACAGGCAGGTA	0	0	0	0	71.26637555	0	16
GGCATTTTTGAATGCGGAAGCTGTAGGTCT	0	0	0	535.9433355	13426.58515	0	1243
GGCATTTTTGAGTTTTGTCGAGATGGACGT	0	0	721.2459016	0	1947.947598	0	386
GGCATTTTTTGAATGCGGAAGCTGTAGGTC	0	0	0	1.167632539	4.751091703	0	4
GGCATTTTTTGAGTTTTGTCGAGATGGACG	0	0	5.573770492	0	4.751091703	0	3
GGCCATAAAGTGGTCATATTTGTATTAGGA	8.375673595	0	15.60655738	0	0	0	199
GGCCCAACAGTTTACTAATAACAGCATGCG	0	0	0	5.838162696	42.75982533	0	7
GGCCCCGTAGAATGGTACTAAACGTTGTCC	0	0	0	0	560.628821	0	350
GGCCCGGCATTCAATCAAAGTGTCGTCGGG	192.6404927	1255.384615	486.0327869	1.167632539	280.3144105	0	51
GGCCGATAAGGGGGTCGGGGGGAGTGTGGT	0	0	0	0	19.00436681	0	6
GGCCGTAGTGCCACGCCGGGGAATAGCGCT	0	0	0	16.34685555	0	0	84
GGCCTAATATTAATGTTGACGTATCTGTCC	17.79830639	0	18.95081967	0	0	0	597
GGCCTAATCTTCATGTTGACGTCTCTGTCC	1.046959199	0	0	0	0	0	1
GGCCTATAAATCTTGCTGTTGCCTAATAGG	0	0	78.03278689	0	0	0	10
GGCCTATATGAGTGCGTGTGAGGTGGCGAC	0	0	0	0	142.5327511	0	42
GGCCTATGTCGTCTCTTAGTCGACGATACC	1.046959199	0	0	0	0	0	1
GGCGAGTCACAGTTAACAACAGTTAATGCT	0	0	98.09836066	0	0	0	196
GGCGATTAAAATTGAATAGAATATGGGGGA	0	0	20.06557377	0	893.2052402	0	107
GGCGCAAATTGGCGCCGGATGGTGAGTGCT	0	0	0	8.173427774	0	0	1
GGCGCAGTAAGTTAGGCTAACTGGGGCTGA	0	0	0	0	114.0262009	0	1048
GGCGCATGACTTTTGATCTGTCCGACGTTA	0	0	0	2533.76261	5810.585153	0	3742
GGCGCATTAGCGCATTTGTAATGCGTGGAC	0	0	0	0	133.0305677	0	44
GGCGCGGAACGCACCAGGGGGGTAGGGGTA	0	0	6.68852459	0	0	0	62
GGCGCGGTATAACGATGCTTCCAGACAAGT	0	0	0	0	57.01310044	0	8
GGCGCTAGTTTACAGCGGGGTGTCCGAAGG	0	0	0	2.335265078	0	0	3
GGCGCTTAAAGGGAGCGATTATATGCCGTG	0	5.351170569	7.803278689	0	71.26637555	0	4
GGCGGACGTGGCACAGCTGTTGGCGCCAAC	28.26789838	4.280936455	17.83606557	7.005795235	42.75982533	0	7
GGCGGCGAACATGAGAATGTGGAGGGTAAG	0	0	0	0	14.25327511	0	287
GGCGGGGCTTGGTGAGCGGTGCATGGGGGG	0	0	0	0	223.30131	0	26
GGCGGGTAAATGACAAATTTGGTTGAAGCA	0	0	1.114754098	0	9.502183406	0	7
GGCGGGTCAGGCGTGTCCACCGGGAGGTGG	0	0	0	0	218.5502183	0	121
GGCGTAAGTTACAGTGTTCGTCTTGGTTGG	0	0	0	4.670530157	1016.733624	0	111
GGCGTGAAAGCTAACTCTCGATCAGTAGGC	0	0	0	123.7690492	0	0	1
GGCGTGAGAAAGGTCGGCGGAGAAGGCGAC	0	0	10.03278689	114.4279888	622.3930131	0	23
GGCGTTGGTATCTTTTGCATTTTCTTCCTG	0	0	13.37704918	0	0	0	250
GGCTACGTTAAAAAACGCTCGCATGATATA	0	0	0	0	123.5283843	0	333
GGCTACTGTCCATCGGTTATGCATGCTGAC	0	0	0	0	209.0480349	0	84
GGCTAGCGTGTGGCCATACCTTATCGGTTT	0	0	2.229508197	0	0	0	42
GGCTATTCATGGCAATGTCGCTACAGAGAA	0	0	0	7.005795235	223.30131	0	84
GGCTCCGAAGGCTACGTGGTGGACATCACA	0	0	0	5.838162696	294.5676856	0	125
GGCTCGAATGATGTCGGTGGGGCGTAGGGG	0	0	0	0	95.02183406	0	20
GGCTCGGTTATCAGAATAAAGCGTAGACAT	0	0	0	57.21399442	1387.318777	0	548
GGCTCTGTTGTCACAGATTCTCTGTGATTC	0	0	4.459016393	26.8555484	66.51528384	0	41
GGCTGAATTAAAGTCTTGGGTTACTCTTTT	0	0	0	184.4859412	0	0	645
GGCTGACAAAAGGGAGAGCAGTCCGGAGTC	0	0	0	0	66.51528384	0	41
GGCTGAGTATCTTTTATTCTTGACGGACGT	0	0	0	3.502897618	0	0	6
GGCTGATGATGAGTTGTGTAAGCAAGGATA	0	0	7.803278689	0	0	0	84
GGCTGATGATGTCGCCCTTTATATACTAGA	0	0	0	78.23138012	14.25327511	0	110
GGCTGGTGTCTCGGAACGCATAGACGGATA	0	0	0	0	4.751091703	0	1
GGCTTACGTGGATCCTTGTATTGCAGGTCG	0	0	22.29508197	45.53766903	0	0	693
GGCTTATGTGAGGAGCACTCGACTAGTTAG	0	0	0	0	4.751091703	0	9
GGCTTCCTTGCGGTATGTCAGACAGGAGAG	0	0	0	1.167632539	95.02183406	0	50
GGCTTCGGACCCCGCGAAACAAATGACAAC	0	0	0	0	14.25327511	0	4
GGCTTGTTAGCACATCCTTTTAACTTCTTT	0	0	0	0	4.751091703	0	1
GGCTTTAAAATTTATTCGCAGGTGAGTTAA	0	0	0	0	38.00873362	0	28
GGGAAAGTTTGAACAGATATCGTCTGAATC	727.6366436	1018.862876	294.295082	0	327.8253275	0	15
GGGAACGCTTGCGACGACGGAATATTAGGA	0	0	0	3.502897618	52.26200873	0	31
GGGAATATAGTTCTTCACCTTTTAGGTCCT	0	0	0	5.838162696	0	0	2
GGGACAGGTCAATAGTCGGTTGACAGCGCG	0	0	21.18032787	0	0	0	19
GGGACCGCTATCGTAGGATCAATGAGGTTG	0	0	0	31.52607856	0	0	8
GGGACGGCTGACGGAAGCAGGGGCTAGGTT	0	0	0	0	4.751091703	0	2
GGGACGGCTTAACACGCAGCAGATTGGTTT	0	0	0	0	14.25327511	0	33
GGGACTGGATGTGGCTACGACAGGAGGCGA	0	0	0	0	61.76419214	0	9
GGGAGATGAAGGCGCGTCGGCAGATGATCT	0	0	18.95081967	0	2446.812227	0	2005
GGGAGCGGTTCTGTGACGGATCACTCCGGA	0	18.19397993	0	0	0	0	771
GGGAGGAAACGGTTCTCAAGTTGGTACGAA	0	0	0	0	71.26637555	0	2060
GGGAGGAATAGCGGGGCGTGAGTGGGGGTG	0	0	0	18.68212063	19.00436681	0	2
GGGAGGCGACCCTGATTCGGCCATCCCTAT	0	0	0	0	23.75545852	0	3
GGGAGTAGAAGAGGCCATTGTGTAGCCCAC	0	0	1.114754098	0	14.25327511	0	5
GGGAGTTTTTGCGAGGCGGCCATGCGAGCT	0	0	40.13114754	0	0	0	1077
GGGATACATAGGCCAAGGGGCCCGAAAGGT	0	0	0	0	3786.620087	0	182
GGGATAGTTCTGTACCGGCTGCGGTCATTT	0	0	107.0163934	0	0	0	18
GGGATCACTTGGTACCCCAGGGGTCCGAGG	0	0	25.63934426	0	0	0	58
GGGATCATAGTGGCGACAGGGTACGGTGTA	0	0	0	7.005795235	0	0	2
GGGATCGTTGCCATTGGTCAGGGGAGTTAA	0	0	0	0	9.502183406	0	551
GGGATGAAATTAAAGTTTTCTACGGAAGGC	0	0	52.39344262	0	0	0	195
GGGATGATTTGGAGTACGCATTGAAGTAGA	0	0	0	0	14.25327511	0	3
GGGATGGGATGAGAAGGGTGCGGTTGCATA	0	0	0	0	14.25327511	0	1
GGGATTAAATTGAGGTTAAAAGTCGGGGGC	0	0	0	0	95.02183406	0	33
GGGCAAGAACATGCGCAAGAGGTTGATGTG	0	0	0	0	4.751091703	0	1
GGGCACAAAGGAGGGTAGAGAGATGTGAGG	0	0	1.114754098	0	0	0	49
GGGCACGGTGTGGCCTAGGTAGGCGAGCAG	0	0	0	0	19.00436681	0	11
GGGCAGAGTACGGGACCCTGGGGACCCTTC	0	0	0	2.335265078	0	0	95
GGGCATGTTATTATAAGACCGCGAGATCCT	0	0	0	0	28.50655022	0	53
GGGCATTGTAAGCAGTTGTGGGGTCGCTGC	0	0	0	3.502897618	0	0	2
GGGCCAGCTCACGTCCCATCGACCTCCTTG	0	0	1.114754098	7.005795235	4.751091703	0	6
GGGCCCTCTGCAGCCCGCGGGACAACATCG	0	12.84280936	0	0	0	0	14
GGGCCCTTTTCGCCACCGATGTTCGTCAGT	0	0	0	0	9.502183406	0	1
GGGCGATGAGCTCCGATTCTCACTTCGGGT	0	0	0	0	4.751091703	0	19
GGGCGATGTAAAGGGACGGGTCCGGGTAAG	0	0	0	0	323.0742358	0	458
GGGCGCCGAGCCATGAAGAACAGGGGAGAC	0	0	90.29508197	280.2318094	0	0	1305
GGGCGGACTAGAGAGTTGTTGCCCGTGCGG	0	0	6.68852459	3.502897618	104.5240175	0	633
GGGCGGGGATCACGACTAGATTGGCGTACA	0	0	0	0	14.25327511	0	5
GGGCGTGATTGTGTACGGTAAGGCCATTTA	0	0	0	0	4.751091703	0	8
GGGCGTTTTAAGGGAGCGAGTCTTGTGATC	0	0	0	0	223.30131	0	5
GGGCTAACTTCCCGAGGTTTATACCCAGTC	0	0	3.344262295	0	19.00436681	0	1
GGGCTCTTTGGTTAAGTGTGCCAGGCGGCA	0	0	0	0	4.751091703	0	5
GGGCTTATTCTTCGACTCACTACGGGCTGT	0	0	0	0	194.7947598	0	5
GGGGAAAAATCCCCCAGGCGAAGGGGACCG	0	0	243.0163934	0	1425.327511	0	57
GGGGAACTTTGGGTCCGTCGAGCTTTAGTA	0	0	0	0	332.5764192	0	51
GGGGACAATTGATAGTAGTGGGTAGGGCGC	0	0	1.114754098	18.68212063	0	0	12
GGGGACCTTGCTCGGGTTCGCGCTAGCAAC	0	0	0	0	4.751091703	0	127
GGGGAGTGTGGATCTTGCCTGGCTTTTCGC	0	0	0	0	52.26200873	0	27
GGGGATAATACATAGAGCGGAGTGTGTGGA	0	0	0	37.36424125	0	0	43
GGGGCAACAACTAAGTCCGATTCTACAACT	0	0	0	276.7289118	0	0	296
GGGGCAAGAATTGTTATAAAAGCGGGGCTG	3.140877598	0	0	0	4.751091703	0	23
GGGGCGAAAGCGTTATTTATACTGGATACG	0	0	0	0	61.76419214	0	1
GGGGCGCGTACAGTTAGATTATGGTTAATC	0	0	0	2.335265078	4.751091703	0	4
GGGGGCAAAAAACTGGTGGTCATCCACTAG	0	0	0	31.52607856	0	0	17
GGGGGCTATGGTTAGTCTTGGAGGTAGCAT	0	0	0	0	19.00436681	0	5
GGGGGGAGTTGTGTCATTTCGGAGGGGAGT	0	0	0	0	9.502183406	0	7
GGGGGGATTCGGGTAAACAACCTGATGGTA	0	0	0	0	4.751091703	0	8
GGGGGGCTAGAAAGCCTCAAAGTCCGTGTG	0	35.31772575	0	0	5416.244541	0	154
GGGGGGGCACCCTGTCAATTAGATTGAAAC	0	61.00334448	31.21311475	0	0	0	28
GGGGGGTGTGTTTGGGTGACGCAGTGGTAA	0	0	0	0	4.751091703	0	20
GGGGGTAATATGTGAGCGCTCGTAGGACCG	0	0	0	0	147.2838428	0	24
GGGGGTGATTTTCCGTCTGACGGGGGGCCA	0	0	42.36065574	0	23.75545852	0	3
GGGGTACATGCGCAATGATGGCGAGGTGAA	0	0	0	4.670530157	161.5371179	0	20
GGGGTACTACGGTGACATCGTTTGGGTAAA	0	0	0	0	180.5414847	0	118
GGGGTAGCTATTTACGTCAGCAGGGGGGTC	0	21.40468227	37.90163934	0	247.0567686	0	110
GGGGTAGCTGTGCTCTCATATAATTCCATG	0	0	3.344262295	0	0	0	4
GGGGTCGAAGAGAAGGAGTCGTGAAAGTAT	0	0	0	0	38.00873362	0	1782
GGGGTCGCATGGTGGGCACGGTGTTTACGG	0	0	0	0	14.25327511	0	43
GGGGTCGCTCGACTCGCTAAAATGCCGGGT	0	0	0	2.335265078	4.751091703	0	1
GGGGTGCAAATTGGGTATGATTGGGTATGC	0	0	0	0	413.3449782	0	91
GGGGTGCGACTCGCGCTGTGGACGGGGCAA	0	0	1.114754098	0	0	0	23
GGGGTGGGAGTTCACCACCCGGGGCGGGAC	0	0	0	0	2185.502183	0	3398
GGGGTGGTATTTACGTGTAGGAAGTCAATG	71.19322556	64.21404682	275.3442623	0	0	0	439
GGGGTTCAATAATGGCCGTACGTAAATGAA	0	0	0	0	4.751091703	0	31
GGGGTTCCATACACGAGATTGCGGGTAAAT	0	0	0	0	665.1528384	0	343
GGGGTTGGTCATAGCAAAGGTTGAGGTGTA	0	0	0	0	38.00873362	0	11
GGGGTTTCAGAGGGGATGGTCCGGCCTGTG	0	0	28.98360656	0	1805.414847	0	16
GGGGTTTTACATAGCTTGTGATACTTCTGC	0	0	0	0	4.751091703	0	1
GGGGTTTTACGTAGCATGCCGATGGGGTTG	0	0	0	0	603.3886463	0	1814
GGGTAACCTCGATATAGGGAATTTTTGTGG	0	0	1.114754098	0	0	0	15
GGGTAATAATCCAGGGGTTAATGATGTGAT	0	0	5.573770492	0	0	0	339
GGGTAATCTAGTATCGGCCGGACAGGTGGG	0	0	0	0	4.751091703	0	9
GGGTAATTATCGTCGTTCAATGAGCTATAG	0	0	0	35.02897618	85.51965066	0	21
GGGTACAGATATGAGAGAGGATATAGTTTT	0	0	0	0	370.5851528	0	43
GGGTACTGAAGGCATGATAGACGGCGGTAA	0	0	17.83606557	0	0	0	139
GGGTAGGAAGCTGTTGCGTTCACAATTGGG	0	0	0	0	1563.10917	0	1498
GGGTAGGTTACTACCATATGTTGGATGGTG	0	0	57.96721311	0	0	0	869
GGGTAGTATGGGCATAAGCGCGGGCTGGGG	0	0	0	0	4.751091703	0	7
GGGTATAAAAAGATGGGGTTAGACGGGATA	0	0	0	0	4.751091703	0	113
GGGTATAGTTTTAGAATGCCTGCTGAGATT	0	0	68	0	0	0	357
GGGTATGTTTTTTGGAGAACTGGATCTCAC	0	3.210702341	4.459016393	0	0	0	26
GGGTATTTACCTTTGTGGGGTGCTCTTGTC	0	0	0	196.1622666	0	0	457
GGGTCATGTATTGAACGCCCTGGGTTTTAC	0	0	0	0	489.3624454	0	106
GGGTCCGGTGGGAACGATGATGGGATGTGC	0	0	0	0	232.8034934	0	147
GGGTCCGGTTGAGTCCGGTTGCAAGGAGAG	0	0	0	0	19.00436681	0	9
GGGTCGCATTGAATGAAGCACTCTTTCCGT	0	0	6.68852459	0	0	0	4
GGGTCGTTTGAGGCAGTGAGGTGGAGAGAA	0	0	0	0	4.751091703	0	9
GGGTGAATTTTGTTGTTCAGGGCGATATAT	0	0	0	0	370.5851528	0	329
GGGTGACTTGGCATACGTTTTTCTTATGTC	261.7397998	4.280936455	0	0	0	0	28
GGGTGACTTGGCATACGTTTTTTCTTATGT	1.046959199	0	0	0	0	0	2
GGGTGATATCTCAGGGCCGAGGCACACGCC	0	0	0	0	194.7947598	0	28
GGGTGCCAAGGGCTCACGCTGGCGGGTAGT	0	0	0	0	684.1572052	0	73
GGGTGCCGAACCGGGCAGGTGGGAGAGCGC	0	0	5.573770492	0	0	0	8
GGGTGGGAACTGGTGTTTCGGGGGTACCGA	0	0	0	1.167632539	38.00873362	0	9
GGGTGGGTTGACGGGAGGCAGAGCGTGATT	0	0	0	0	4.751091703	0	1
GGGTGTGCTATGTAAATGAAGTTCTGTGGG	0	0	54.62295082	0	0	0	1190
GGGTTAACTGTGACAAATTTTTCAGGTAAT	0	0	0	0	256.558952	0	1177
GGGTTAATAGCGCTCCGCTGCTGGGAGGTG	0	0	0	8.173427774	318.3231441	0	47
GGGTTCGGTACGAGTCGAGGGGGGCACGCA	0	0	32.32786885	14.01159047	845.6943231	0	12
GGGTTCTCAGGAACTGTAATTCGTAATTCC	0	0	4.459016393	0	0	0	70
GGGTTGACTCGGCCTCAAAGAAATGGAAAG	0	0	0	0	76.01746725	0	53
GGGTTGAGAGACTTTTGAGAAGCACAAACC	0	0	0	0	180.5414847	0	11
GGGTTGGGTTTAGGGGCGTAGAACAAACGG	0	0	0	0	14.25327511	0	22
GGGTTTCATGTGCTGAGCGGCAAGGGGGCG	0	0	0	14.01159047	71.26637555	0	71
GGGTTTCGACCAGTATCATGTCGCCAAGTG	0	0	0	0	4.751091703	0	11
GGGTTTCTTCAAGTGTCGTAGGATAGGTAC	0	0	0	108.5898261	821.9388646	0	111
GGGTTTGAATAAAAGAAGCTTGTGTTTCTG	0	0	0	0	14.25327511	0	10
GGTAAATGATTTCAATCTGGGCGAGTGGAC	0	0	0	0	137.7816594	0	87
GGTAAGAAAATTACTTCTCTTAAAAGTACC	0	0	7.803278689	115.5956214	574.8820961	0	41
GGTAAGAGATTTTTTAACACCAACTAACTG	0	0	0	8.173427774	228.0524017	0	56
GGTAATTTTAGAGAAGAAGCTATGGCCCGA	0	0	0	0	194.7947598	0	271
GGTACCGGAGGAGCCACAGGTATGGGTGCA	0	0	65.7704918	0	0	0	265
GGTACGAGAGGTTTTACGGGGGCGGGGCAG	0	0	1.114754098	0	0	0	101
GGTACGGCTTCTATAAAAGAGATGCCGTCC	0	0	0	22.18501824	171.0393013	0	20
GGTAGATAAGGTGTGAGAGGGCGTGAGGCT	0	0	0	8.173427774	57.01310044	0	251
GGTAGCCTTGGCAGGTAGCACAACAAAGTG	0	0	0	11.67632539	3530.061135	0	78
GGTAGGAAAACCCGTGCGGTCTCGCTGGCG	0	35.31772575	0	0	0	0	23
GGTAGGAATGGCATAGTGCACGAATCACTA	0	0	0	0	123.5283843	0	53
GGTAGGGAACCTTCCAGGGTAGGGGTGGAC	0	92.04013378	0	0	4798.60262	0	38
GGTAGGGCATCATATATAAGGCGCTGCAGA	0	0	1.114754098	5.838162696	199.5458515	0	103
GGTAGGTGTCCAACAAAGTGCGTTCATTTT	0	0	73.57377049	0	0	0	2132
GGTAGTAGAAGCGAGGGTGTATTGAACTTT	0	0	0	0	4.751091703	0	5
GGTAGTCCTCAGGTGTATCGGGATTCATAA	0	0	0	0	4.751091703	0	1
GGTATATGTGTGTATGCGATAGAGTGTGGG	0	0	21.18032787	0	0	0	30
GGTATATTAAATTTAGCTTCAGTTTTTTAT	0	0	0	0	256.558952	0	316
GGTATCGCTAGAATGCGTAAATGCTTCCTT	599.9076212	75.98662207	188.3934426	0	23.75545852	0	36
GGTATTGATAGAGCTAATCCAAATACGTGT	0	0	7.803278689	0	0	0	397
GGTCACAGATTACAAATGTAGACGATTTGG	0	0	10.03278689	0	0	0	37
GGTCACGTTCGTTATCAAAAGACGTATGGT	0	0	0	0	574.8820961	0	487
GGTCAGCTAATCGGCTGGGGTATTACTAGT	0	0	0	0	33.25764192	0	95
GGTCAGGTTGGGGATGAAGTGGTAGGAGTG	0	0	0	1.167632539	0	0	10
GGTCAGTAAAGTGAGGAAGAGTTATGGCGA	0	0	0	0	133.0305677	0	46
GGTCATAATCAGCGCTGAGCCGGCACTTCT	0	0	0	0	28.50655022	0	9
GGTCATATACTGAGTCTGAGGGGTTCAGGA	0	0	14.49180328	0	0	0	9
GGTCATATTCGTATGCAGAAAAGACGATAG	0	0	0	225.3530801	0	0	25
GGTCATTCAGTATATCACGGCGACGCGGTG	0	0	0	0	318.3231441	0	90
GGTCCTCCAGCGCGTGTACCTTGGCGCTGG	5.234795997	6.421404682	0	0	0	0	15
GGTCCTTCACGTTGTTCATAACTAGCAACG	0	0	7.803278689	0	0	0	36
GGTCGAATTTGGAACTCCTGCGTGCCTCGA	0	0	112.5901639	0	71.26637555	0	44
GGTCGAGATTGGCGTCATTCGCGTTGGCTG	0	0	0	33.86134364	527.371179	0	127
GGTCGGATTGAGTTGTAGGAGGTGGGAACC	3.140877598	0	3.344262295	0	0	0	24
GGTCGGGCACGCTAATGTGCCGAAGTCGTA	0	0	10.03278689	119.098519	0	0	2653
GGTCGGGGTTCTTGACACCGCTTGTGCACC	0	0	24.52459016	0	0	0	338
GGTCGTGTTCGTGGCTATGGGCCATGGGCT	0	0	0	0	23.75545852	0	4
GGTCTATAAATTGAAGTTCGTGGGGAGTGC	0	0	0	1.167632539	38.00873362	0	5
GGTCTCCAAAAGAGTTAGCGTATTAAGTAC	0	0	0	0	9.502183406	0	9
GGTCTCCTTGAATAGGAATCGGCTCATTAT	0	0	73.57377049	12.84395793	0	0	62
GGTCTGGGTGAAACTTGGTAAAATTCAATC	0	0	0	0	19.00436681	0	1
GGTCTGTTTTGTGAAAGGGTGTACGAGTGA	0	0	0	2.335265078	0	0	2
GGTCTTAGTGGTGTAATATATGGATGCTAA	0	0	0	0	76.01746725	0	115
GGTCTTGATCCGCCCTCCTGGCGAAGCGGC	0	0	0	300.0815626	3035.947598	0	237
GGTGAACCACTAGTGGGCCAAATGCTGGCT	0	0	0	0	7421.20524	0	3555
GGTGAAGGACGTGTGAAAGCAGGCGTCTGT	0	0	1.114754098	0	0	0	3
GGTGAATCTCATATGCATTGACGGGGGGTC	0	61.00334448	12.26229508	0	66.51528384	0	5
GGTGAATGTCTCCGAAGGGTTACAGCTGTT	0	4.280936455	0	0	0	0	35
GGTGACATTTGTGTGGGAGGTGAAGGCGGG	0	0	0	0	346.8296943	0	906
GGTGACGCACCGTGGACAATGTTGGCTAGC	0	0	0	0	4.751091703	0	21
GGTGAGGGTCGGGATGGGCGGTGAGAGTCC	0	0	0	0	2712.873362	0	927
GGTGAGGTAAAGGAGTGCGGTACGACCAGT	4.187836798	88.82943144	51.27868852	0	0	0	152
GGTGATAGAAGTCCTACGTAGTATTGAGGT	0	0	0	24.52028332	0	0	4162
GGTGATGCTACGGAGACTATGACCCAGACC	0	0	0	0	19.00436681	0	17
GGTGATGCTCCCACTTGATAGGGTCTACTT	0	0	0	0	4.751091703	0	9
GGTGATTTTGCGCAAGGTGAAGGAGCTCTG	0	0	0	0	218.5502183	0	161
GGTGCAGAATGTCGAAGTCTTGGAACGCGC	0	0	0	0	560.628821	0	325
GGTGCAGGATCAGGCCATCTCTGAATAGGG	0	0	0	0	14.25327511	0	359
GGTGCGAAACGTAGAGAGTAATCTGGAGGC	0	0	0	3.502897618	1373.065502	0	349
GGTGCGTTTGGCGTAGGTCATAGGCCTCAG	0	0	0	0	4.751091703	0	5
GGTGCTCATTGCTGTTCCAACGGCATTAGT	0	0	0	0	342.0786026	0	101
GGTGGACATTTGTAGCCTTGCCAGATGGGG	0	46.02006689	1.114754098	0	0	0	102
GGTGGAGGAACAAGGTTGTGTAGGGACGAC	2.093918399	10.70234114	0	0	0	0	8
GGTGGATATATACCTGTGCGTGTTAGTAGT	0	0	0	0	304.069869	0	427
GGTGGATCTGACCGTCCATCGCTGGACAGG	0	0	0	0	85.51965066	0	1
GGTGGCGCAATAGAAGGATCTACGATGGCC	0	0	0	0	460.8558952	0	3
GGTGGGCCAAGTAATGCTTTCGGATCATGT	0	0	0	0	57.01310044	0	218
GGTGGGGGACGCTCCTGAAGGGCCCCGTGT	0	0	18.95081967	0	0	0	58
GGTGGGTGTATTTGAGTATGGTCACAAGGG	0	0	0	22.18501824	522.6200873	0	44
GGTGGGTTACGTGTGCCAAGGGGTTGATTA	0	0	0	0	28.50655022	0	31
GGTGGTCGTTCCTGTATGGGCATCGGGTGC	0	0	0	1.167632539	0	0	1
GGTGGTGTTGTGAGGTGATCTCATGGACTA	0	0	4.459016393	9.341060313	0	0	2039
GGTGTAATATTTATGTGGGTTATTATTGTA	0	0	21.18032787	9.341060313	1159.266376	0	2319
GGTGTACCTGCGAGGACCTAATGTACCAGC	0	0	0	0	19.00436681	0	5
GGTGTACTACTGCATGTGTGGCGTGTCAGG	0	0	0	0	90.27074236	0	71
GGTGTATGTGAGAGATTGAGTCTACCATGC	0	0	0	0	47.51091703	0	5
GGTGTCATCTTTATGTGGGTTCTTATTGTC	0	0	0	0	4.751091703	0	1
GGTGTCGGTGCGTCCCGGGAAGACGGCGTA	238.7066975	215.1170569	17.83606557	0	0	0	1
GGTGTGGATAGATGTACGTGATGTTTCTCA	0	0	5.573770492	103.919296	0	0	141
GGTGTGGATAGCCTGCTGGGATTATAGGGT	0	0	0	0	19.00436681	0	8
GGTGTGGGATAAACCCGGGAGGCTGTCGAG	0	0	0	0	4.751091703	0	3
GGTGTGGTAGGGGAGGGCAGGTTTGTCGTA	0	0	0	0	28.50655022	0	27
GGTGTTAATAGTCAGTGGTGCCGTCTATGT	0	0	10.03278689	0	0	0	122
GGTGTTTGTCTCGTATCGTCGGAAAGGATG	0	0	0	0	9.502183406	0	86
GGTTAAACTCAGATGCTTATGTGTATAAAG	0	0	0	31.52607856	508.3668122	0	113
GGTTAACGAACCCTGCACCCTGCATGAGGA	0	0	0	0	9.502183406	0	16
GGTTAAGATAGTTGGGGAGACGTGAGGGTA	0	0	0	3.502897618	0	0	6
GGTTACAGTATGTGTTCCTGGCCGCCGGCG	0	0	0	70.05795235	0	0	15
GGTTAGGTTAGCGAAGGACCGTTATTGAGG	0	0	0	43.20240395	988.2270742	0	31
GGTTATACAGAAAGGAGAATAAGGAGTTCG	0	0	7.803278689	0	66.51528384	0	19
GGTTCAAGACATTTAAGGCTCTCGTATGGG	0	0	0	0	118.7772926	0	3
GGTTCATGAGTGGTCCAGATGTTGCAAGCC	0	0	0	0	4.751091703	0	14
GGTTCATTAGTGCGGGGATATCAGACAGAG	0	0	13.37704918	0	0	0	140
GGTTCCAATAGTACTTCCAGATGCATTATA	121.4472671	26.75585284	22.29508197	77.06374759	555.8777293	0	602
GGTTCCGTTATCGACACGGCGTACATGGCC	0	0	0	0	9.502183406	0	1
GGTTCGCTTAAATGTATTGAGGTTGACTCG	1.046959199	0	0	0	0	0	12
GGTTCGGGAGATTTAGCCTCGTGAAACTCA	0	0	1.114754098	0	71.26637555	0	267
GGTTCTCGTAACTGTGCATAAACTTTTTCA	0	4.280936455	6.68852459	0	0	0	2
GGTTCTGATTACCTTCCGTTTAAATGCGTT	0	0	41.24590164	0	0	0	22
GGTTGAAGTGTGGTGAGGGGAGAGATGACA	0	0	35.67213115	0	0	0	198
GGTTGAATAGACTGGTTGGAGTCCAGCGGC	0	0	0	54.87872934	0	0	106
GGTTGAGGAGGGGGAGGGTGTATGTGGGTT	0	0	0	0	19.00436681	0	9
GGTTGGAATGCTTTATAATACTGCGAACTA	0	0	0	0	95.02183406	0	82
GGTTGGCTATTGGTTTGCTGTCTCGTTACG	0	0	0	0	4.751091703	0	4
GGTTGGTAAAGAGAATTTTGCTGGTCGACG	0	6.421404682	0	0	0	0	1
GGTTGGTGTGGAGGGTGGGCAAGAACAGCG	0	0	0	0	57.01310044	0	3
GGTTGGTGTGGCAATGAACTGCCAGTACTT	0	0	0	9.341060313	133.0305677	0	88
GGTTGGTTAAAAACGCACTAGGGGTGGCAG	42.92532717	421.6722408	0	0	0	0	1402
GGTTGTACAATTGTATATGCGGGAGTGTCT	0	0	0	0	14.25327511	0	5
GGTTGTACTGGCTGCCGTTGTAAGTGTGCT	0	0	0	144.7864349	0	0	329
GGTTGTGCATGGGATCGACTGCCCAGCAGT	0	0	0	58.38162696	337.3275109	0	41
GGTTGTGTTTCACGGTAATTCCGTAGGGTG	0	0	2.229508197	0	0	0	140
GGTTGTTAAAACTGATGTGATGCACTCCAG	0	69.56521739	0	0	361.0829694	0	4
GGTTTAACAGTAGTAACAGGTTTTTTCGCT	0	0	0	0	95.02183406	0	82
GGTTTCATTATATACACGACCATATGCGCG	0	84.54849498	0	0	0	0	963
GGTTTGAGTAACTCGCTTATGGAGGGGTTC	0	0	24.52459016	1.167632539	1259.039301	0	89
GGTTTGAGTGCTCTGGCCTACTCACCTCGT	0	0	12.26229508	0	0	0	153
GGTTTGTTATATTCTTACTTTTTCATAAAG	0	0	10.03278689	0	0	0	876
GGTTTTGAACCATGTATCGATGTTTAACCC	0	0	0	0	71.26637555	0	55
GGTTTTTTAGGTATTGCAGCCGTATCGTAT	0	0	0	1.167632539	0	0	15
GTAAAAATTAGAATTGATTCGGTTAGTACG	0	0	0	0	99.77292576	0	91
GTAAAAGGTTCTAACATCACTCACGCTTGG	0	0	0	0	9.502183406	0	3
GTAAAATCTTCAAAGACAGGAGGATCGGTG	14.65742879	7.491638796	10.03278689	0	4.751091703	0	128
GTAAAGTCTTTCTAGCCCCGCGATTGTCAG	0	0	3.344262295	0	1002.480349	0	138
GTAAAGTTTATAGTTTTACCGGACTAGCTT	0	0	0	0	399.0917031	0	198
GTAAATTGTCCAGAAAGAAAGAACTTCCAC	0	748.0936455	214.0327869	0	0	0	6082
GTAACCGAATGGCGTTAAGCAGCTGCCGGA	0	0	0	0	346.8296943	0	37
GTAACCGTTTTAGGGGTCTCGCCGAATTTG	0	0	24.52459016	7.005795235	4.751091703	0	44
GTAACGCCATCGGTGGAAGAGTTAGAATCC	0	0	0	29.19081348	14.25327511	0	15
GTAACTAAATGTGGCTGCTAGACCTGACAG	0	0	0	0	57.01310044	0	11
GTAACTTTAACGGTACAAGTTTGAAGTGCG	0	0	16.72131148	0	2727.126638	0	5430
GTAAGAATTTCTGGTTATGTGCGTGGAGTA	0	0	17.83606557	0	57.01310044	0	1847
GTAAGATTTTAATGTGTTGTAGTCTTTAGA	0	0	0	0	23.75545852	0	12
GTAAGCTGATTAGATAGTCCTGGGGGTCGG	0	1.070234114	0	0	0	0	1
GTAAGGTGTTGCAATAAGCTAGATTTTGCA	0	20.33444816	218.4918033	0	479.860262	0	625
GTAATGAGAGCAATTCTTAAAATTGGTCTT	0	0	0	0	95.02183406	0	81
GTAATGGCTTGTCCTAAGCGTCATGACTAC	0	0	0	0	47.51091703	0	64
GTAATTTAAGACTTTGTGGTCACCTGTGAA	0	0	0	0	47.51091703	0	10
GTAATTTGATTGCTAGATCTATAGGTCTGA	0	6.421404682	0	0	0	0	2
GTAATTTTAAAAAAAGATAGGGAGTTCAAG	0	0	0	44.37003649	0	0	46
GTACAATAAGGATCCACCGTTTGTACAGAG	0	0	0	7.005795235	3948.157205	0	234
GTACACATAGGGCGGACTCAGTTGAACGTT	0	0	0	59.5492595	0	0	470
GTACACGAAATTCCCGTAACAATGGGTAGT	0	0	0	0	57.01310044	0	4
GTACATGGATATTATGCAATAGTAGACTGG	0	0	6.68852459	0	0	0	78
GTACATGTATGTTGAGGTATGTCTGAGTGG	0	0	0	0	3824.628821	0	605
GTACCAAGTGTCGCAGGGTATTAGTGTGTG	0	0	0	0	14.25327511	0	14
GTACCACGTCTCCATCTTTTCCGTTCATGC	0	0	13.37704918	0	636.6462882	0	291
GTACCCAATCAGAAACGCTGGTTGGATACT	0	0	0	0	76.01746725	0	63
GTACCGGGTCCCGGCTAAGCTCGGCATCGG	0	0	2.229508197	0	0	0	963
GTACCGTTTTCTGATTTACCCAAATGTCGT	0	0	0	0	28.50655022	0	54
GTACCTTATCCCGAACGAAAGAACTTCCAC	0	1.070234114	0	0	0	0	1
GTACGCTTAAACGATGGGGCATACGTGCGG	0	0	1.114754098	0	0	0	84
GTACGGGGAGTGTTAGATGCAGCTGAAGAG	0	0	0	0	536.8733624	0	94
GTACGTACTGAATGCGGGAGGCGTGGCAGG	64.91147036	1147.29097	91.40983607	0	1102.253275	0	224
GTACTCGTATATCTGATCGCACGTTTCGTG	0	0	0	2.335265078	0	0	12
GTACTCTTAATGATGAATAGTGTATTGGAT	0	0	2.229508197	0	745.9213974	0	64
GTACTGGCAAGTGGCACGTCACAGGGAAGA	0	0	4.459016393	12.84395793	0	0	5
GTACTGTGTTAGTCGGTCTAACGGGGAACG	0	0	4.459016393	0	0	0	96
GTAGAAGATGTGGGGGGTGGGGGGAGCGTG	0	0	0	0	28.50655022	0	30
GTAGACAGAAGGGGTAGGGGTCTCCTAGTG	0	0	0	0	76.01746725	0	63
GTAGACATACTAGACTCTTGTTATATATTG	0	0	0	0	9.502183406	0	84
GTAGACGATAGGAACGCAGGATCTGCCGAT	0	0	45.70491803	0	0	0	1339
GTAGACGGTACCGAACAACCGGATTCGGGC	0	0	0	0	4.751091703	0	1
GTAGACTTAGGAAACAGCGATTGTGGTCGG	18.84526559	0	10.03278689	0	180.5414847	0	210
GTAGACTTTATGTTCGAAAGTGTTATGATG	0	0	0	0	104.5240175	0	5
GTAGAGCTTTTGCGGTTCATCACGGAATGT	0	0	31.21311475	65.38742219	736.419214	0	38
GTAGAGTGAGTTGTGTGGTGCGCTAGTGGA	0	0	0	2.335265078	0	0	1
GTAGATTCATTGAAGTGGGACGGGGCGAGT	0	0	0	0	4860.366812	0	1553
GTAGATTGTAGGTTATGCAGAAGGGAGGCA	57.58275597	223.6789298	226.295082	0	0	0	625
GTAGCAGTAGTAGGGCCCAAGTTGCCCTAA	0	0	0	0	4.751091703	0	1
GTAGCATGAGTCTTCTGCGGACCGGGGTGC	0	0	0	0	33.25764192	0	6
GTAGCATGTTTCACTGTGAGATCCTGTGGA	0	0	42.36065574	5.838162696	71.26637555	0	69
GTAGCCTGATGAGGTGTGCAGTTGGGGGTC	0	0	17.83606557	68.89031981	1145.0131	0	50
GTAGCGTGATACTTTTAATGGGTCAGTCAT	4.187836798	103.812709	60.19672131	66.55505473	285.0655022	0	196
GTAGCTATTCACAGCTCACTAATGGTCCGA	0	0	0	0	33.25764192	0	8
GTAGCTGCAGATATAGTCAATTTCGCCGTA	0	0	0	0	313.5720524	0	3003
GTAGCTTGAGTCATAGCCCTACAGCACGTG	0	0	7.803278689	0	574.8820961	0	34
GTAGGAGCTACGTAGTTTTAATACTACTAA	0	0	0	0	722.1659389	0	1128
GTAGGCATAGGCTTTCCCAATGGATTGATT	0	0	0	0	3016.943231	0	225
GTAGGCGATTTTCGGAACCCGGATCAGATC	0	0	3.344262295	30.35844602	0	0	124
GTAGGCGCACGTGTCAGGCCTGGATTTAAC	0	0	0	0	323.0742358	0	215
GTAGGCTGAGTGGGGTGGGGGAGATGCTTA	0	0	0	1.167632539	33.25764192	0	6
GTAGGGCTTTCTAGCAGCATATCCTGGAAT	0	0	53.50819672	0	0	0	128
GTAGGGGGTATGCCATTCAAGGACTTCTTG	42.92532717	56.72240803	241.9016393	35.02897618	422.8471616	0	24
GTAGGTCGTAGATCTGCGTTGATAAAATGA	0	0	0	3.502897618	494.1135371	0	133
GTAGGTCGTCGTGGTCAGGCGGGGGGGCAT	0	0	0	0	9.502183406	0	153
GTAGTAGAAGCAGCTTCGGGGATTCAGGTG	0	0	0	0	14.25327511	0	3
GTAGTATTAAAGTGGCGAGTGTTAAATATT	0	0	144.9180328	0	0	0	112
GTAGTCGCTGGCAAGCGGCTTGGATGGGGA	0	0	5.573770492	0	356.3318777	0	312
GTAGTGATAATGGGTATTTGTCGGTATGTT	0	0	0	0	19.00436681	0	3
GTAGTGGGTGGTGATGGGGGGACGGTAACT	0	0	0	0	14.25327511	0	11
GTAGTGTCTGTCAATGGGTCTAACCAGGAT	0	0	0	22.18501824	90.27074236	0	4
GTAGTGTGTGTTACTCAGGCTTATGGGTGT	0	0	6.68852459	0	0	0	2
GTAGTGTTTTAAGGCGATTTGGTGGCCGGA	0	0	0	52.54346426	874.2008734	0	8
GTAGTTACTGGGACGGGGTCCTCTTAACAG	0	0	0	0	4.751091703	0	4
GTAGTTATATGACTCCATATATAGTCTCCA	0	0	0	15.17922301	5858.09607	0	2053
GTAGTTGCTAGTGTCGTACCAGTCAGGTCG	0	0	0	0	23.75545852	0	2
GTATAAAATTAATGTATCTGGTTTATGCAG	0	0	0	0	4.751091703	0	5
GTATAATTTATAAGTATTGGCGTACAACGG	0	0	0	0	1211.528384	0	1754
GTATACCCATTATAAGGCTAGCGCCATCAT	4.187836798	61.00334448	27.86885246	0	0	0	32
GTATAGATTTGGCGGAATCTTGTTCGGAGT	0	0	65.7704918	0	0	0	703
GTATAGTTATTTTGTTCGTTTCTAGTATTT	0	0	0	0	4.751091703	0	3
GTATATTAAATAGATTTTGTGTATTTTTCT	0	0	0	294.2433999	365.8340611	0	50
GTATATTATGTGACTCCATAAGTAAATAGG	0	0	10.03278689	0	389.5895197	0	305
GTATCCAGTCGGTATAAAATCGTGACTCGC	0	0	0	0	38.00873362	0	12
GTATCTCCTCTGCAAACATTCTGGGGCACA	121.4472671	188.361204	123.7377049	0	289.8165939	0	86
GTATCTTCTTATGAGTATATTGCCGGTATG	0	5.351170569	0	0	0	0	33
GTATGCGCTCAAAGGTTCCTTAGGCGGGCA	0	1.070234114	0	0	0	0	2
GTATGCTGTGTCCTATCTACTTTCAAGGTT	0	0	391.2786885	0	0	0	56
GTATGGACATCTGGTTTCGTCGCTGTAACG	0	0	4.459016393	0	0	0	29
GTATGGTGTTTGTAAAAAGTTAATAACGGT	0	0	0	0	28.50655022	0	29
GTATTCACAGGGTGACCGGGCTTTCGCTAG	0	0	0	0	4.751091703	0	3
GTATTCCCTCAGTATTCCCCCGTAAGACAG	0	0	0	0	3111.965066	0	1654
GTATTGAAATTCAGGGGTTGAATCCGATGG	0	0	7.803278689	0	0	0	372
GTATTGCCACGGTTATGTGTCGTGAAGTGT	19.89222479	0	45.70491803	0	38.00873362	0	287
GTATTGGGATGCTCCTCTTATTCTTATACG	0	0	5.573770492	0	0	0	8
GTATTGTCTTATTAACTGGGGGGCGTATAC	0	0	1.114754098	0	52.26200873	0	12
GTCAAGGTTCCAAGGGAAGAAGGAGTGGCT	0	0	0	611.8394505	1183.021834	0	278
GTCAATATTGTGGGGCACTATATCAGAAGG	0	0	0	0	52.26200873	0	345
GTCAATTGTCTCAGGTGTGGACATGGTACA	0	0	0	135.4453745	969.2227074	0	500
GTCAATTTAGTTCTTAGGTTATTCACTCTC	0	0	0	0	19.00436681	0	4
GTCACAAGTGGAAGTCATGCAACGGGTCAC	0	0	0	0	28.50655022	0	2579
GTCACCAGTAACTGGCGTGGAACCGGTGCG	0	0	0	0	1049.991266	0	497
GTCACCCGAGGCTGCATGGATGAAGGCTTG	0	0	321.0491803	0	0	0	2910
GTCACCTTTAGGGTTTTCAGGTTCGCAATT	0	0	0	0	14.25327511	0	4
GTCAGCGATTTAGTGGTGAATTAAACGCGC	0	0	0	0	4.751091703	0	6
GTCAGGACTGCCTTTATACCACAAGTATGT	0	0	0	0	213.7991266	0	60
GTCAGGTTTGAACATACCTCCTGTCAAGAC	0	0	0	3.502897618	19.00436681	0	1
GTCAGTGAAGAGACGCTGCTTGTAACGGCT	0	0	0	0	14.25327511	0	3
GTCAGTGGACAGTGGCCTCATGTGCTGTCC	2.093918399	0	16.72131148	5.838162696	95.02183406	0	6
GTCAGTTAATGGGCTTCATCCGACGACTTC	0	0	0	0	9.502183406	0	946
GTCATAAGTTACTGACTTTGTGGACTATAC	0	0	0	0	14.25327511	0	2
GTCATATGACCACCACTTGTGAATGTGGGC	0	0	0	22.18501824	137.7816594	0	29
GTCATCCGTGGATTAGCGTGCTGCGCTGAA	0	0	0	0	1049.991266	0	1
GTCATGTATGGGGTGTGGCGTGAGAGGGCC	0	0	0	26.8555484	0	0	55
GTCATTGAACGTGTTAACGCCTTGGGGGTA	0	0	0	0	218.5502183	0	26
GTCATTGAAGATGCTACACGTTCGAGGGGC	0	0	18.95081967	0	175.790393	0	42
GTCATTTATGCAATGGATCGCGGAGGGGGA	0	0	90.29508197	0	0	0	2172
GTCCAAGCATCTAATATATTATCCCAATTT	0	0	185.0491803	0	0	0	218
GTCCAATTTGACGGTCACAAGACTCGAAGG	0	3.210702341	0	0	0	0	7
GTCCAGAGTATGGTATATGGTTATAGGTCT	0	0	0	0	28.50655022	0	2
GTCCATTGAACCCAATAGCCCAAGTGAGTG	0	0	13.37704918	0	266.0611354	0	1401
GTCCCGAGACAGTTGATGTCGGGGGTAACG	0	0	0	60.71689204	2285.275109	0	3401
GTCCGCGGTGACGGGGACATGGAGCCTAAA	0	35.31772575	0	0	0	0	829
GTCCGCTCAGGAACAGTGACGTTACAGGAC	0	0	0	0	66.51528384	0	2
GTCCTTGTAAGGTCAACATGTCCTGTTTAC	0	0	2.229508197	0	0	0	162
GTCGAAGTTCGGGCGTTGTAAAAAAGGGCG	4.187836798	0	109.2459016	0	0	0	16
GTCGACAGATGTGGGTGGCCGTATTGTGTG	0	0	0	8.173427774	0	0	317
GTCGACGATGCGGAAGATAGAACCATAACC	0	0	0	0	4.751091703	0	2
GTCGACGATTGGCGCTCACGCGAGTTGGAC	0	0	2.229508197	0	0	0	14
GTCGACTGAAGTATCGGACGGTTCAGCGTA	0	0	0	0	14.25327511	0	1
GTCGAGTGTCATGGGATGGATGTCTAAGTC	0	0	0	21.01738571	304.069869	0	5
GTCGCACAAGCTGTTGCAGGGGGCTGGTCC	1.046959199	0	0	0	0	0	12
GTCGCCAATGAGATGTAAAGAGTCATATGG	0	0	0	7.005795235	475.1091703	0	893
GTCGCGGGAGAGCGGCCTTAGACGTTACGA	0	0	1.114754098	0	0	0	1
GTCGCTAAATTAAGGGTAAGCTTTGTATGC	0	0	0	0	14.25327511	0	1
GTCGCTGCTAAGCGGGAAGTCGATTGAGAT	0	0	20.06557377	0	0	0	375
GTCGCTTTTTAGGAATTGTTAGGACGGGAC	0	0	0	0	76.01746725	0	1290
GTCGGCTATATGGCAGTCGCGTGCGAGCGA	0	0	21.18032787	0	3777.117904	0	374
GTCGGGAGTTAGCACGTGGTTCACAGGGGA	0	0	0	0	4.751091703	0	2
GTCGGGAGTTCGGACATCTTATGCGCCTGT	0	0	53.50819672	0	0	0	170
GTCGGTACAGGGCGAGCGGAGTTAGCCCTG	0	0	0	0	42.75982533	0	597
GTCGGTGGTCCTTGAGTCGTAAGTCCGTGA	0	0	15.60655738	0	0	0	42
GTCGTAGTATGAGGTTATGAGGTAGAGAGG	0	0	0	0	9.502183406	0	57
GTCGTGATTTTGTCTATGCGGAATAATTGC	0	0	3.344262295	0	0	0	8
GTCGTTAATTGAAAGGTCGGGTCCCGGCCG	0	0	0	0	23.75545852	0	176
GTCTAAGCAAGTTCTACCCCCATTGCCCGG	0	0	0	0	109.2751092	0	411
GTCTAATTTATAAGTCTTGGCGTACACCGG	0	0	0	0	4.751091703	0	1
GTCTACACAAGTTGCTTGGTTTGATGCGAT	0	0	11.14754098	33.86134364	2114.235808	0	23
GTCTAGATTAGCGGATGGCGGTGGTGCGTG	0	0	0	0	14.25327511	0	1
GTCTAGCAAACATGTAAGTCCATGGTATGT	0	0	0	0	13611.87773	0	2663
GTCTAGGGTTGACTGAATTACAGACTTCCG	8.375673595	0	0	0	0	0	13
GTCTCTGGTCAAGGGTACCAGGAAGCGACG	0	0	28.98360656	0	38.00873362	0	30
GTCTGAGGTACTCTATTAGACCGAAGTTAG	0	0	0	0	375.3362445	0	1300
GTCTGAGGTGCGAGTAGGCGGGCGACTATG	0	0	0	36.19660871	0	0	2748
GTCTGAGTATCTAAAAATAGTCAAGTAAGG	0	0	0	0	137.7816594	0	324
GTCTGCGGAGGATGTCAACACGTGCATAAC	0	40.66889632	49.04918033	0	0	0	5
GTCTGGGCACAAGGGCGTACGTACAGCCTA	0	0	0	10.50869285	451.3537118	0	239
GTCTGTAATGGCTACCTAATTGCCGTCGTG	0	0	0	0	4.751091703	0	3
GTCTGTAATGGCTACCTTGGCACTAGGGAG	0	0	0	0	636.6462882	0	1055
GTCTTAGGTCCAAGTTCACAATGCATCTTA	0	0	0	0	38.00873362	0	2
GTCTTAGTTGTCATATAGACCAATGAGTCG	0	0	0	0	3311.510917	0	48
GTCTTCGAAGATAGTTGTCGGTATCCTAAG	0	0	0	0	427.5982533	0	2747
GTCTTCGCTGATCGTGGTCTCTTTACAAAA	0	86.68896321	24.52459016	0	0	0	40
GTCTTGACTACAGTGTGCTTATTCGTAAGA	0	0	0	0	209.0480349	0	35
GTCTTGTTTACTGGGTGTGAGAATGTCCGG	0	0	0	0	61.76419214	0	25
GTCTTTTCTGTGGAACGGTGGGTATAGTTA	0	11.77257525	0	0	0	0	327
GTCTTTTTTAATTGTGCTAAGAAGGTTATT	0	0	0	3.502897618	23.75545852	0	11
GTGAACATAGATTTAGGCCGAATTTTGCAA	0	0	8.918032787	0	337.3275109	0	318
GTGAAGATAATCCGCATTGGCGGACCGCCC	0	0	2.229508197	512.5906847	0	0	2261
GTGAAGATATAGGCAGACATTCAGCTAAAA	0	0	0	0	71.26637555	0	9
GTGAATACAATCCGCATTGGCGGCCCGCCC	0	0	0	1.167632539	0	0	1
GTGAATGATGATGTAGGTGTGCGTGGCGAA	53.39491917	34.24749164	71.3442623	0	142.5327511	0	9
GTGACATTACTGTCTGTAGTCTTCTTAACT	0	0	0	0	171.0393013	0	43
GTGACCCGTACTGTCCGAATGATGGCAGCG	0	0	26.75409836	0	0	0	341
GTGACCGATATGGTGACAGCGTTTGGGTGA	3.140877598	2.140468227	4.459016393	1.167632539	14.25327511	0	18
GTGACGAGAAAGTTTATTTCTCTTGAGACA	0	0	0	0	33.25764192	0	1404
GTGACTCGTGGGGCCGGGCAATTATAGGAT	0	34.24749164	0	0	228.0524017	0	40
GTGACTGCTTGACAGTCAGAGTAGCGAACC	0	0	1.114754098	0	513.1179039	0	46
GTGACTTCAAAGTTGTAGTCAAAGTATATC	0	0	266.4262295	0	0	0	2967
GTGAGAAGAAAATGATTGGGTTATTCGAGT	0	0	0	0	570.1310044	0	217
GTGAGATAATCCGTACCCGGACATCGTCGA	0	0	0	2.335265078	0	0	11
GTGAGCGTTGAAAGCACGGGGCTCCGGTCA	0	0	13.37704918	0	0	0	306
GTGAGGAGTAAAGGTCGGTATTCGTTCGTC	0	0	0	0	294.5676856	0	36
GTGAGTGGTCGAAGGCGATTTCAGGAGGCG	9.422632794	86.68896321	150.4918033	0	380.0873362	0	3
GTGATACCAGGCGGAGTAGCCTCCTCGGTC	0	0	0	1550.616012	0	0	677
GTGATCAGTTTTGCTCAGTGTAGAATGATT	0	0	5.573770492	0	23.75545852	0	2
GTGATCGTTTACATGTATATATAGGAACCG	0	0	0	0	66.51528384	0	52
GTGATCTCATGACGATCGTTCATCGTCCTG	0	0	18.95081967	0	0	0	988
GTGATGCATGACAAGGTCAGGAACCGGGGA	0	0	3.344262295	0	0	0	480
GTGATGGATCTGGGCGCATGATCTTACAAT	0	0	0	0	66.51528384	0	4
GTGATTTGAGGCCACAGCTGAACACTGTTC	0	0	0	3.502897618	0	0	1
GTGCAATCATTGATATCTAATACCTAGAAG	0	0	0	0	9.502183406	0	7
GTGCAGCGTGGTCGGTGGGAGCTGTGGCCC	0	8.56187291	12.26229508	0	0	0	4
GTGCAGCTTGGATTAGTGATATCTGTGGGA	0	0	0	0	9.502183406	0	160
GTGCAGGTTTTAATCGGGTATATCAGTAAA	0	0	4.459016393	0	237.5545852	0	79
GTGCAGTGATGAACAGTGGGTTAGGCACAG	0	0	0	12.84395793	0	0	10
GTGCCGTGTTCATGTAAAGTTTCCTAGGAC	0	0	0	463.5501181	0	0	464
GTGCGCCATTGCGGTTATTTGTCAGAACAG	0	0	0	0	166.2882096	0	392
GTGCGGATTACAATAAGCTACGCTCGACAT	0	0	62.42622951	0	0	0	256
GTGCGGTGAGAAAGTTTGTCTGACACCAGA	0	0	0	0	9.502183406	0	681
GTGCGGTTTTTAGACATGGGGCTCCCATTG	0	0	0	0	66.51528384	0	72
GTGCTAGATGCGAGCAAGACGTGCCGTGAC	0	0	4.459016393	0	0	0	39
GTGCTAGGTAGTCGGTCGAATGAGGAGTTG	0	0	0	0	128.279476	0	38
GTGCTCGGTTGAGGTCAGCTCGACAGATAA	0	18.19397993	68	0	0	0	7
GTGCTGCAAATGGTATATCATGGACATTAT	0	0	12.26229508	0	0	0	86
GTGCTGCGATAGCTCTAGCTTGGAAACTAA	0	0	0	0	28.50655022	0	1
GTGCTGCGTGCTCTTGCGTGAATTAGCAAT	0	0	0	0	156.7860262	0	32
GTGCTTGCAAAGACGCGGGGGCCATGAGCG	0	0	0	0	133.0305677	0	15
GTGGAAGGTAAGCGCTGCCGAACGGCCCAT	0	0	40.13114754	2.335265078	646.1484716	0	55
GTGGAATATCCAGATGTTTTTGCCCCCGAA	14.65742879	0	41.24590164	0	0	0	1014
GTGGAATCAGCGGGCGTCAGACGTCTTTAG	0	0	10.03278689	0	1705.641921	0	302
GTGGACAATTAAGACGTCATACGGATCTAA	0	0	199.5409836	272.0583816	0	0	340
GTGGACCAACTCGCCGCGTCACGTGATGGA	0	0	3.344262295	0	0	0	21
GTGGACTGTGTTAGCGACTGCAATGGGCTG	9.422632794	0	8.918032787	0	361.0829694	0	31
GTGGAGCAAGGTCTTGGCTCAACAGTTTTA	0	0	24.52459016	0	71.26637555	0	40
GTGGAGCGTACGTCGAGGTTCTACGATGTT	0	0	0	0	4.751091703	0	144
GTGGAGGCAGTGAGAAGAGCCGGGTGTACG	0	0	0	0	23.75545852	0	249
GTGGAGGCTTTTTACTGGTTCATTGCGGTG	0	0	2.229508197	0	0	0	23
GTGGAGTATCGTGCGTACGTGGGCCAAACT	0	0	0	0	52.26200873	0	28
GTGGATTGTGCCAAGGATTGCTGTTGTGAA	0	0	0	0	23.75545852	0	1
GTGGATTTAGTAATGCAGAGCAAAGCCCGT	0	0	0	15.17922301	38.00873362	0	27
GTGGATTTTTGGGGGCCGTCGAATCAAGTA	0	1.070234114	0	0	0	0	61
GTGGCAGGTTGTGGAGATGGGGTCTGGCCT	0	0	0	94.57823567	0	0	1621
GTGGCATGAAATCGGATATCCACAGGAAGC	0	0	1.114754098	0	0	0	16
GTGGCCGTAGCGAGACTGACGTCGGCTGGT	0	8.56187291	18.95081967	0	0	0	55
GTGGGAAATATTGACCACGGTCGGGGCAGT	0	0	10.03278689	0	152.0349345	0	16
GTGGGAGATACGCTTTCTTTAGGAAAGAGA	0	0	0	93.41060313	0	0	459
GTGGGATTTGTACCAAAAGAAGCTATTTAT	0	3.210702341	0	0	9.502183406	0	9
GTGGGCTCATGCAGGACCTTGGGAAGTCAC	0	0	0	0	66.51528384	0	8
GTGGGGCAAAAGATTATGTCTTGGTGCGCA	0	0	0	0	237.5545852	0	112
GTGGGTCGATTGTTGCTTAAAGGGTCACGC	0	0	27.86885246	105.0869285	3192.733624	0	1378
GTGGGTGATTGTGGGTATGGTTGAGGGACA	0	0	0	0	38.00873362	0	132
GTGGGTGGAGACGTCACAATGTTCTGAGGG	7.328714396	18.19397993	3.344262295	0	28.50655022	0	1
GTGGGTTCAGGGGATAGGCTTACGACTTCC	0	0	0	11.67632539	4.751091703	0	5
GTGGTACCACTCAACATATTGACGTCTCAA	0	0	0	0	57.01310044	0	2
GTGGTAGAAGGTACTGAACTTGTACATCCG	0	0	0	0	19.00436681	0	244
GTGGTAGAATCACTTTCGCGCAGTGTGTAG	0	0	52.39344262	0	337.3275109	0	114
GTGGTAGGATCGTGGCTGGACGGAGTGCGT	0	0	234.0983607	151.7922301	3121.467249	0	583
GTGGTATCACACCCCGGTTGTCACATGAGT	0	0	5.573770492	0	14.25327511	0	11
GTGGTCAAATCGAGTGACGGTCGGTATTGT	0	0	0	17.51448809	19.00436681	0	143
GTGGTCAGAACTTAATCTCGTTTCAGCTGT	0	0	5.573770492	0	0	0	181
GTGGTCGGAGAGGACGTTTGACCTGAGAGA	0	0	0	0	541.6244541	0	434
GTGGTGGAAAACACGGTGTCGTACATTGGC	0	0	0	0	4504.034934	0	3321
GTGGTGTCTCGATCGCTATGTCGGGACGGG	0	29.96655518	215.147541	0	0	0	376
GTGGTTGCTTACAAGGGCTGGGGGGGATAA	0	0	139.3442623	0	0	0	884
GTGTAAGCTAGTGAGATGATCCGCTAAGCC	0	0	2.229508197	0	0	0	1454
GTGTAAGTAAAAGCCACTGTTGGGTGATCG	0	0	8.918032787	38.53187379	9.502183406	0	16
GTGTAATTACCGGAACAGGAAGCATGCAAG	0	0	28.98360656	0	0	0	524
GTGTACAAATATGCCTTGTAACTCGCACAC	0	0	1.114754098	0	0	0	5
GTGTACACAGTCGGCCAGCTTGGTGGGCAG	0	0	4.459016393	0	337.3275109	0	98
GTGTACGGTACTCAACGAAGACTTAATTTG	12.56351039	42.80936455	17.83606557	0	0	0	242
GTGTACTCTTGGTGACAAACACGACTTACT	0	0	0	0	3078.707424	0	162
GTGTAGCCAATAATTCATATGGTACCGTAT	0	0	0	0	80.76855895	0	7
GTGTAGGAAGTTAGTAGACAACGAGCTGGA	6.281755196	0	25.63934426	0	0	0	3
GTGTAGTATAGGGATTCTTGCGTCGGTAGA	0	0	0	326.937111	1107.004367	0	190
GTGTATCCTCCAACGAGGCTGTGAGCTTGC	0	174.4481605	0	0	118.7772926	0	34
GTGTATGATCTAATAATACTTGGCCAAGCA	0	0	0	0	285.0655022	0	334
GTGTATGCTAGTATAGCACACCCCACGGCA	0	0	0	0	19.00436681	0	9
GTGTATGGACACCACATGTGTTCGTCATAG	0	0	0	0	1857.676856	0	1233
GTGTCATCAGGGTTAGAGTGGGACTTGGGT	0	0	0	10.50869285	0	0	1
GTGTCCATACGATGGCTTGTGAGATCAAGG	0	0	0	0	104.5240175	0	8
GTGTCCGATCCACACGCTGCCGGTTATACA	0	0	0	0	71.26637555	0	3
GTGTCCGGATAGCGCGCGGCGCCGGGAGGG	0	0	3.344262295	0	0	0	3
GTGTCGGGTAGGGGGCCAGGAGGGCGTGTG	0	0	0	0	389.5895197	0	503
GTGTCGTGTGTTAAGGAGCCAGGATGAAGG	0	0	0	0	4.751091703	0	26
GTGTCTAAACATAGTTCAATGAGAGGGCTC	84.80369515	604.6822742	55.73770492	2.335265078	0	0	2410
GTGTCTAGATAACAAAGCTGCACATGGGTA	0	0	0	0	228.0524017	0	41
GTGTCTCGTAAGTGTCTGGTAAAGGCGCTG	0	0	0	0	1966.951965	0	2222
GTGTCTGGTAAAGAAAGTATCCATGACTCC	0	0	18.95081967	0	0	0	130
GTGTGATATATAGTATATAAATGTTCACCG	0	0	0	14.01159047	0	0	17
GTGTGCATATAGTGGAGCGAGACGGAGGGG	0	0	0	1.167632539	0	0	12
GTGTGCATATTGGACATGATTAACGAGATT	0	0	0	0	503.6157205	0	377
GTGTGGATTAAGTAATTTGTCCAAAAATGT	0	0	0	0	289.8165939	0	80
GTGTGGGTTCTACTCACCGGTGTGATTCGG	0	0	0	0	52.26200873	0	23
GTGTGTCCTTGGCGCTCTGTACTGACATAC	0	0	0	3.502897618	42.75982533	0	28
GTGTGTCGACGGTTACTTAGTGGGGAACGT	0	0	0	0	23.75545852	0	18
GTGTGTCTTTCGATTGCGAGGAAGCCGCGA	0	0	0	29.19081348	118.7772926	0	14
GTGTGTTGTTTACTATTCATGGTCAGACGT	0	0	0	0	33.25764192	0	502
GTGTTCAAATAACAGTGTGTACAAAGCCGT	0	0	0	0	95.02183406	0	14
GTGTTCACATTATCGGTGTATCGCGCCGAA	0	0	0	9.341060313	0	0	66
GTGTTCCCCTTCTCGGTGTATCGCGCCGAA	0	0	0	2.335265078	0	0	1
GTGTTCGGATTTCGTATGTTACCAGATCTA	0	0	0	10.50869285	0	0	5
GTGTTCGTTTAACCCTGTTGGGGGCCTACT	0	0	341.1147541	32.6937111	47.51091703	0	1519
GTGTTGAGATTATGTACATAAGCTTCGGCT	0	0	0	1.167632539	23.75545852	0	8
GTGTTGGCTCTGTGAGGAATATAGATTCGG	0	0	31.21311475	0	0	0	718
GTGTTGGGAGTTAAGGACCGATTAATCAGA	0	0	0	0	9.502183406	0	15
GTGTTGGGATTGCACGGGGTAGCGTCGGCG	0	0	0	0	33.25764192	0	14
GTGTTGGTAAGCAGTACAGTGCGGTTTGAG	0	0	0	73.56084997	1753.152838	0	1026
GTGTTTTATATCGCGGTGAGTACCGCGCTA	0	0	0	99.24876583	1905.187773	0	53
GTGTTTTGTCTGCGAATATAAATGGCCCCT	0	0	15.60655738	0	0	0	73
GTTAAAGAATCGGGCCGATTATTCGCGAAA	0	0	0	1.167632539	0	0	457
GTTAAAGCTGAGTGCGGAAAGTAGGGGGAG	0	0	0	0	47.51091703	0	31
GTTAAATTTTGTAGTTGTATTATCCAAATT	0	0	0	0	61.76419214	0	5
GTTAACTATTACAGCCCGGGCGGATGGTGT	0	0	0	0	9.502183406	0	21
GTTAAGTGTGCGTCTCGCATTTCATTTGGT	0	0	5.573770492	0	0	0	1
GTTACATATTTTGTATTTGAAGTAACTATT	0	0	0	0	71.26637555	0	210
GTTACTTCTGGCGTTAAACCTATAGCCGGT	0	0	0	0	28.50655022	0	2296
GTTAGATATTGCGAGGCTTATTGGGTGCGA	0	0	14.49180328	0	38.00873362	0	7
GTTAGCGCAAGTCACTGGCGGGATCGGCAC	0	0	0	35.02897618	0	0	22
GTTAGCTGTAACACTGTAAAGGTCGGCTTA	0	0	1.114754098	0	0	0	3
GTTAGGGCACATAACGTCGGTTCAGATGAC	0	2.140468227	0	0	0	0	1
GTTAGTATTATAGTAGAACGCCCTGTGTCT	0	0	14.49180328	0	0	0	1
GTTAGTGATATGGAGATGTTTACTGAGTAA	0	0	8.918032787	0	42.75982533	0	506
GTTAGTGGAGTATTCTGTGCGACCCCATTG	0	0	8.918032787	3.502897618	218.5502183	0	717
GTTAGTTGATTTGTGTATGTTGTATTTGTA	0	0	0	4.670530157	0	0	255
GTTAGTTTTTGTTAAAGTATGTTTTTGAAG	0	0	0	0	4.751091703	0	2
GTTATAATTTAAGCGGGGACTATGGGGTAT	0	0	11.14754098	29.19081348	175.790393	0	54
GTTATAGGTTTAATCAACCAGAGTTTTAAA	0	0	0	0	47.51091703	0	9
GTTATATAATTCTACAGGGATCGATCCTGT	0	0	2.229508197	0	1230.532751	0	14
GTTATGTTAAAGGCAACCAGATTAATGAGT	4.187836798	0	32.32786885	0	0	0	7
GTTATTCTACTTCCATAGGCCCAATAATGG	0	0	0	0	104.5240175	0	83
GTTCAACATTGCTAACGGGTAGATATGACT	0	1019.93311	175.0163934	0	821.9388646	0	926
GTTCAAGTACAGATACCGTCGTTCTTATGG	0	0	0	0	61.76419214	0	3
GTTCAATTTGTTTTTTGGGAGGTCTGGGAG	1.046959199	4.280936455	1.114754098	0	0	0	10
GTTCACTATAATATTGTTAACTCCTAGGAT	0	0	0	4.670530157	0	0	1
GTTCACTTTGTAACTTCTGTTAACTTGTGT	0	0	0	0	4.751091703	0	3
GTTCAGGATGGTTGTGGTACAGGATAGTGC	0	0	0	0	327.8253275	0	11
GTTCAGGCTTATCGTTAGGCAAGTGGTAAA	0	0	0	276.7289118	2285.275109	0	620
GTTCAGTGAGGGTCAAAATGCATATCGTGT	0	0	12.26229508	0	0	0	31
GTTCATAGTTCCTGGAGTGGTTTAATGAAC	0	0	0	3.502897618	95.02183406	0	20
GTTCATCCAGCTCTGTCTAGGTCATTATCT	0	0	20.06557377	0	0	0	1
GTTCATCGATACTATTTTACTGCTATAAGC	0	0	0	2.335265078	190.0436681	0	13
GTTCATGATAAGCAGGGCTAAGAGTTAGTG	0	123.0769231	269.7704918	22.18501824	0	0	821
GTTCATTATGTCTACAGGAGATAAGTTGCT	0	0	0	0	85.51965066	0	11
GTTCATTGAATTGTCGGAGCACTCGAACAG	0	0	94.75409836	0	0	0	71
GTTCCAACTGCGGTGAGCCTGGGGAGGTCA	0	0	0	89.90770552	6437.729258	0	2436
GTTCCCATACCGGGCTGATAGACGCGCGTG	0	0	56.85245902	0	0	0	165
GTTCCGAGTGGCTGCGGCCTCCGTTGCGGG	0	0	0	0	52.26200873	0	1
GTTCGAATACTAGGCAGCAATTGACCCAAT	0	0	0	0	23.75545852	0	32
GTTCGACTTCTTGTGTTTACGACGCCTCAG	0	0	0	0	14.25327511	0	4
GTTCGCGTTAGTGTGGCAACGCGACGGCGG	0	0	0	7.005795235	33.25764192	0	3
GTTCGGGGTAGTCGACGGTAGATGCGGAGG	0	0	0	0	4.751091703	0	9
GTTCGGTGTTACCGTAGGCTGAATGGGACT	0	0	0	10.50869285	589.1353712	0	1
GTTCGTATACGCGGGTCACGGGCAAGTGCA	0	0	0	0	346.8296943	0	121
GTTCGTCTATGGAGGCAGGTTTACGGGTGA	0	0	0	0	118.7772926	0	281
GTTCGTTGAGTGAGGGCAGGCTTCGAGATG	0	0	12.26229508	0	0	0	125
GTTCGTTGTTGTAATACTGGCTACAAGTCA	0	0	0	0	560.628821	0	270
GTTCTAGCTCAAAGTATTAGTCTTGGTTTC	0	0	0	0	2418.305677	0	2239
GTTCTATCACTGTCGATCCAGTGATGTCTA	0	0	0	82.90191028	418.0960699	0	111
GTTCTCTGACTGTATGACTTACAAAGCTCG	0	0	0	0	285.0655022	0	96
GTTCTTCCTGCTAAAAGGGCCGCGTTCCCT	0	0	0	21.01738571	2142.742358	0	264
GTTCTTCCTGCTAAAAGGGGCCGCGTTCCC	0	0	0	0	28.50655022	0	5
GTTCTTTAATTTACCCGTTTTAAATATTGC	0	0	0	17.51448809	0	0	3
GTTGAAGGTGCGCGGCTTGACTGGGGGCTC	0	0	0	0	128.279476	0	59
GTTGAGTGATAATCACGGGGCTAAAGGGGC	0	0	0	3.502897618	0	0	125
GTTGAGTTAAGCGGTTATCCCGGCTAAATC	0	0	0	3.502897618	90.27074236	0	14
GTTGATACTCCAGTGTCTTTGATCGACTCA	0	0	0	0	42.75982533	0	13
GTTGATGGTGAAAAGCCATAGATTTGCGAG	0	0	13.37704918	1.167632539	66.51528384	0	243
GTTGATTGAATGTAGGCTTCGTTCACATAA	0	0	0	0	166.2882096	0	21
GTTGATTTTTCCCCGTTTAAAACAATCAAG	0	0	0	0	9.502183406	0	34
GTTGCACTATTTGATTTATCCTCCTTCGCG	0	0	107.0163934	0	0	0	2897
GTTGCAGGTGACTGCTGATAGGACTGATGC	0	0	274.2295082	0	28.50655022	0	6958
GTTGCATGATCATTTCAGTGACGGGTTTGG	0	0	0	0	9.502183406	0	4
GTTGCCGGTTCTATGGCAGCCGCGCCCTCT	0	170.1672241	0	0	71.26637555	0	167
GTTGCTATTGGGAGCTCTAGTGCAATGTCG	0	0	0	7.005795235	14.25327511	0	10
GTTGCTGTAGTGCGTAATCCGAGGGACGTC	238.7066975	5.351170569	42.36065574	0	821.9388646	0	892
GTTGCTTATCGCGAAGTAAATACTACCAAA	20.93918399	65.28428094	129.3114754	0	0	0	392
GTTGGACAATACTAAATTATTCCCTCACCC	0	0	1.114754098	0	0	0	1
GTTGGATGAGTGCACCAGGTCATCACGACC	0	0	0	37.36424125	123.5283843	0	12
GTTGGCTATATAGGGGCTTCGGGATGATTG	0	0	0	23.35265078	0	0	16
GTTGGGCTTGGACGTGGAAGAGTGGGCAGA	69.09930716	0	342.2295082	0	0	0	3881
GTTGGTCATGTGTTTGACATCATGTGAACT	0	0	0	46.70530157	275.5633188	0	133
GTTGGTCTTTCGGATATGGTGTGTAAGATT	0	0	0	0	313.5720524	0	788
GTTGGTTATGATGCGGACGAGGTGTGAGGA	0	0	0	0	204.2969432	0	48
GTTGGTTGTTGTCGTCCCCATCCGCTTGTG	0	0	0	4.670530157	441.8515284	0	652
GTTGTAATACGATTTTATCCCAGTTGATCA	0	0	0	0	798.1834061	0	86
GTTGTAGGAAGATGGGTTATTGGGTGTACC	0	0	0	0	61.76419214	0	3
GTTGTATTTAGATACAAGGGATACTGTATT	0	0	0	0	294.5676856	0	282
GTTGTCAATCCTTGGGCAATTGCGGCGTGT	0	0	13.37704918	0	299.3187773	0	224
GTTGTCTATGTGTCTTAATCTCACGAGTAC	0	0	20.06557377	0	0	0	101
GTTGTTAGAGGTTTGGTGTATTGCAATGCA	0	0	0	49.04056665	0	0	260
GTTGTTGCAGTTTACGCTTAATATCGAATT	0	0	7.803278689	0	0	0	2937
GTTGTTTGTAGATCGTAAATAGTTTTAGAA	0	0	0	22.18501824	1216.279476	0	3
GTTTACGGAGTGCGTAGCCCGGATGCCCGT	0	0	10.03278689	0	0	0	5
GTTTAGCAAAGTAAGAAGAAAGCGGTGCCC	0	0	0	1.167632539	0	0	1
GTTTAGTGTTTCGGGGGAACAGAAAGAAAT	0	0	0	0	23.75545852	0	337
GTTTATATTCCGAGTGTCGGGAACGAGATG	0	0	0	0	7041.117904	0	2862
GTTTATCTACGAATGAGATTGATGACCTTG	0	0	0	0	19.00436681	0	2
GTTTCACTAGAGACCGGTGCACACTGCCTC	0	0	0	0	9.502183406	0	5
GTTTCAGTATTACATATGTGATAATTAAAG	0	0	0	4.670530157	0	0	2860
GTTTCATTTGGCTGCGCCAACCTTCTAGTG	0	0	0	1.167632539	0	0	83
GTTTCGGTTCAAACTAGTGTTGTCCTTCTG	0	0	25.63934426	0	0	0	442
GTTTCTTTTGCTTCTCCGCTTGTGGGCTTG	0	0	0	31.52607856	171.0393013	0	79
GTTTGAGATTCGATCTGTGGATGTGTGTAA	276.3972286	1536.856187	94.75409836	0	0	0	54
GTTTGCGTACGGTTTTTGTGGCTCAGATTA	0	0	0	0	57.01310044	0	1
GTTTGGAAAGCATTAGGACCCTCAAACGGA	0	0	0	0	14.25327511	0	2
GTTTGGAGTCGTATAACACTGGATTGATTA	0	0	0	0	19.00436681	0	242
GTTTGGAGTGCTCGTGGTCTATCACGGATT	0	0	0	0	4.751091703	0	417
GTTTGGATTGTTACGGCGGTAGGACCAGAC	0	0	0	0	9.502183406	0	5
GTTTGGCATATTGTGGGAACAATGAGCGGC	0	0	0	0	4.751091703	0	181
GTTTGGCTTGATGGTCATGGATGCTGTTCA	0	0	13.37704918	9.341060313	4.751091703	0	158
GTTTGGCTTTGTTAATCATGGCTCAAGATG	0	0	20.06557377	0	0	0	150
GTTTGTAATCGTGGGAGGGACCGAGGCGCG	0	0	0	0	926.4628821	0	373
GTTTGTACATGCTCGCATCCTAAGGTGTAC	0	0	0	129.6072118	5411.49345	0	2930
GTTTGTCTACTGGATGAATGCTTTCGACTC	0	0	7.803278689	0	0	0	30
GTTTGTTGAGTTAAGGGGGAGCAGGTGAAC	0	0	0	0	2328.034934	0	2840
GTTTGTTTTTCGAGATGTTGACTTTAAAAA	0	0	15.60655738	0	0	0	228
GTTTTAACACATCACATTTGAGCCACAATG	0	0	24.52459016	0	0	0	564
GTTTTAGTTCGACAAGTTACACCAAGGTAT	0	0	0	0	104.5240175	0	9
GTTTTATAATTGTGATCGGAGTAGTAGCGA	0	0	0	0	945.4672489	0	504
GTTTTCGATCACAAAGGCTACAATAAGGAG	0	0	0	46.70530157	0	0	9
GTTTTCTATGCTGACCAGGGAAGGCCTTTT	0	0	0	32.6937111	0	0	86
GTTTTCTGTAACGGTGTGGTGACTTGCTGG	0	0	0	0	95.02183406	0	525
GTTTTGCCTTCCGGACGTTTGGCGTGCTCG	0	0	0	0	28.50655022	0	68
GTTTTGCGTGGGTGTATTGCAGTCTGGTGT	0	0	0	0	166.2882096	0	1
GTTTTGGCAAGTGTGGATGGAGTAGAGCCG	0	0	0	0	71.26637555	0	10
GTTTTGTTACTGACTAACTTATAGCTACCG	0	0	0	0	38.00873362	0	7
GTTTTTCGAAGTGTCGTTGTATATGTGTAT	0	0	0	0	38.00873362	0	6
GTTTTTGATCTAATGACGGTCTGTGTATTG	0	0	0	0	9.502183406	0	6
GTTTTTGGTGGGGTTAAGAGTTTGAGGAGA	93.17936875	205.4849498	4.459016393	0	0	0	68
GTTTTTTATAAGGTGTCGTTCGCCGAGGTC	0	0	0	0	137.7816594	0	343
GTTTTTTGTTTCTGCACTTTTCTAACCTGA	0	0	10.03278689	1.167632539	0	0	8
TAAAAAAATTTAAATAAGAGTAAGTGTCTC	0	0	1.114754098	0	0	0	1
TAAAAAATAATATTAAATTGTATAGGCGAC	0	0	20.06557377	17.51448809	437.1004367	0	73
TAAAAACAATTTAAATAAGAGTAAGTGTCT	0	0	4.459016393	0	0	0	1
TAAAACGGACGGAATCGCGTTGACCGGATA	0	0	0	0	503.6157205	0	3
TAAAAGGGTCCTTGCGGACGGAACGGGAGG	0	0	0	0	9.502183406	0	6
TAAACAAGTTCTGTATTGGATTGCCAGTCC	0	0	0	0	304.069869	0	96
TAAACGATTAAAAATGTCTTATTCAACTTA	0	0	0	0	4793.851528	0	3079
TAAACTAATCCGGTCTTATCGTAATAATCG	0	0	0	0	23.75545852	0	5
TAAACTCTTGGAAGGCGACCGGACACGTGC	0	0	0	0	52.26200873	0	4
TAAAGAAGTACGGGAGTAGCTTCTCTAGGC	0	0	0	0	4.751091703	0	7
TAAAGAATTTTACGGCTGCCGATCAGTGTC	0	0	0	0	4.751091703	0	10
TAAAGAGGAGTGGCCAGGGCCCGAGGGTTG	0	0	21.18032787	3.502897618	19.00436681	0	223
TAAAGAGTTAGGGAGTGGTAATAGTCAGCG	0	0	0	0	9.502183406	0	2
TAAAGATGATTCAGTGGCGGGGGGATATGA	0	0	0	0	166.2882096	0	9
TAAAGCGCTTAACGTAGCCGGGCATTGGTG	0	0	0	0	4.751091703	0	16
TAAAGCTCACAGATCTGTGCAGGTGAATCT	0	0	0	74.72848251	23.75545852	0	57
TAAAGGCTTCTGACTAGTAATTATCGAGAC	0	0	0	0	247.0567686	0	901
TAAAGGGAAGGGTTTTCGAACGTAGTTATT	0	0	124.852459	0	0	0	230
TAAAGTACTCTAATCTTCATATTCCTATGA	0	0	8.918032787	0	0	0	17
TAAAGTCGTTGCACGAAGCTAGGTCGCGAG	0	0	0	0	4.751091703	0	1
TAAAGTTATTGAGGCTTCATTGGCGTAGTT	0	0	1132.590164	0	0	0	834
TAAAGTTCACTCACATGGAGACCCGGCACT	0	0	0	0	114.0262009	0	18
TAAAGTTGAAGTTACCCAAAATGTATATAT	0	0	0	0	636.6462882	0	228
TAAAGTTTACAATCCTTGTTGGGATACTGT	0	0	0	0	57.01310044	0	1
TAAATAAATTGTTGGGTCAATTCGGTTCAC	0	0	2.229508197	0	0	0	1
TAAATAGGTATAATAAATACTAGAGGTGAT	0	0	465.9672131	0	0	0	2070
TAAATCAGATGTTTTGGAGAACGTGGGCTA	0	0	0	0	351.580786	0	285
TAAATCATAGCCTGGATTAGGTCTTCTCTT	0	0	23.40983607	0	0	0	37
TAAATCGGTGGGGGTAATCGGGGAACGGAA	0	0	2.229508197	0	0	0	26
TAAATGGGTATCTGATGCCATTTAGGTTAT	0	4.280936455	13.37704918	5.838162696	413.3449782	0	30
TAAATGTCATTCATGACTGAATAGTATGCC	0	0	2.229508197	0	0	0	14
TAAATTATTTGTACCGTGAATGGCACCTTT	0	0	0	10.50869285	47.51091703	0	5
TAAATTTAATAGACCTATGTACGTGGTCCG	0	0	0	0	4.751091703	0	6
TAACAACATCAGAGGCTCGAATGCAATGGG	0	0	0	639.8626315	0	0	184
TAACAGATTCTCGCGATCCTGGGTGTAAAA	0	0	0	0	365.8340611	0	5
TAACAGGGATGTGGGGCGGCAGCGCCAGGG	0	0	3.344262295	0	0	0	25
TAACAGTGACATTCAGCGGAGTTCGTTCAT	0	0	0	0	90.27074236	0	3
TAACCGACTAATGTTTGTTCGGGAGCGATT	0	0	0	1.167632539	0	0	9
TAACCGCTTTGAAGTTAGAGGAAGGGCGGA	0	0	0	88.74007298	0	0	41
TAACCGTAAAGGATGAGGTAACGTACGTGT	0	0	0	0	123.5283843	0	3117
TAACGGGGAATTGTCCTGCCCATGATTCAA	0	0	0	0	9.502183406	0	1
TAACGGTCTAATCGTCCCATTCGTCAGTCT	0	0	2.229508197	0	0	0	47
TAACGTACAGGCCTTTCTGCTGAGGTTTAT	0	0	0	0	9.502183406	0	14
TAACGTGATAAGGACGGGTTGCTCACTCCC	1.046959199	0	0	0	4.751091703	0	2
TAACTGGGTAGGGTGGTATAAATGTTGGAT	0	0	0	0	14.25327511	0	91
TAACTGGTAACGCGCTATGTGGAAATTAAC	0	0	3.344262295	0	0	0	9
TAACTTGGACCTGGTATTCATACCATTATA	0	0	20.06557377	0	14.25327511	0	204
TAAGAAAGTGTCGGGATGAGACGCGGAGTG	0	0	0	0	38.00873362	0	24
TAAGAAGGTGTCCTGCGCGATTCGTGTGGG	0	0	0	0	114.0262009	0	540
TAAGAGGTTATATAAGTAGTTCTGGCAGTA	2.093918399	0	2.229508197	0	650.8995633	0	111
TAAGCACCAACGTTGGAGTTGGGGAGTATA	0	0	0	0	1700.89083	0	2894
TAAGCCCGACACCTATTTGATCTAAGAGGA	0	0	0	0	888.4541485	0	613
TAAGCCGATTTTGATTCGTTTTGATCTAGG	0	372.4414716	0	0	0	0	200
TAAGCTCGTTTACCGCCAGTGGTGCGGTTC	0	0	6.68852459	0	166.2882096	0	1
TAAGCTGATGTCACAAGCAACCCGTGGCGG	0	0	2.229508197	0	0	0	13
TAAGGATATGTATATGCCTGTGATTGCTCG	1.046959199	0	8.918032787	3.502897618	19.00436681	0	20
TAAGGATGACCTTATTTCCGTTCCAAAAGC	0	0	0	7.005795235	0	0	1
TAAGGCATAGGCAAGGCTAATGTGGTTGGG	0	0	0	0	4.751091703	0	99
TAAGGCGGAAATTGAGTCATACTCAATTTG	0	0	0	0	14.25327511	0	80
TAAGGCGGAACACTTTTTCGCTAATTCAAT	0	19.26421405	2.229508197	0	4.751091703	0	383
TAAGGCGTTTTACGATTGCAAGTCAACTCT	0	0	129.3114754	0	0	0	57
TAAGGCTATAACATAGATGGTCGAGTATGA	0	0	39.01639344	0	76.01746725	0	266
TAAGGCTATATATCCCGTACTGTTAGCTGC	0	0	1.114754098	0	294.5676856	0	40
TAAGGCTTAATTCCCCCTTGAGGGTGGAGC	0	0	0	114.4279888	0	0	1
TAAGGGGAATGTACTCGTAGACTCCAGACG	0	0	0	22.18501824	237.5545852	0	826
TAAGGGGGAAGTGCGGATGTATGGTCGCAA	0	0	34.55737705	0	0	0	5
TAAGGTGTTGCTCGTCCAATCTGGCGTCCG	0	0	0	7.005795235	166.2882096	0	88
TAAGGTGTTGGGGGGTGAGCGGAGGATACG	0	0	0	0	4.751091703	0	2
TAAGTAACTTAATCGTTGGCGTTTGCCTTG	0	0	192.852459	22.18501824	2038.218341	0	2014
TAAGTCCGATTTGCGACTATATGGCGGTAA	0	0	0	0	9.502183406	0	15
TAAGTGGCAAATGCAACCACGGTCGACTGG	0	0	0	0	9.502183406	0	782
TAAGTGGCTGTCTTTGTAAGTCAGTTTAGC	0	5.351170569	11.14754098	0	266.0611354	0	96
TAAGTGTGAGGAACGTGACTGTGTATATAT	70.14626636	231.1705686	13.37704918	0	76.01746725	0	162
TAAGTTGGATTTTTTGCGGTTTTTTTCGGC	0	0	0	0	19.00436681	0	1
TAATAAAAAGATTTTTAGATAATTACATAA	0	0	0	0	61.76419214	0	5
TAATAAGCTAAAACAAGCATCTATCTGCTG	0	0	0	0	251.8078603	0	5
TAATAATATTGATAATGGACAGACTGGTAG	0	0	0	1.167632539	0	0	8
TAATACGCTTCTTCATTTGTAATCAGACAG	0	0	0	405.1684911	6779.80786	0	6976
TAATAGCCTTGACGGAAAGATAAAGTCCTA	0	0	0	0	14.25327511	0	17
TAATAGTGAGTTGCTTAGACATAGAGAGTA	0	0	0	0	2304.279476	0	7
TAATAGTTTCATTGCCTGAGGTGGTGACGA	0	0	30.09836066	0	0	0	550
TAATATCTAGACGGTAGGAGTATGAGAACG	0	0	0	0	726.9170306	0	1506
TAATATGGATATATCGTAAGATTCGTACCG	0	0	83.60655738	0	0	0	210
TAATCCGGTCTGATGTATGCTAATGTATCG	0	0	0	0	4.751091703	0	4
TAATCGCGTTTGTGTTAGCTTGCTCCTAGG	0	0	0	0	95.02183406	0	9
TAATCGGGTAGAAACGGATTTCAAGTAATC	0	0	0	0	33.25764192	0	2358
TAATCTATTTCGTGCCCTGAACAATTGACT	0	0	0	0	147.2838428	0	8
TAATCTCATGGACGGACGGGGGAAAACAGC	0	0	0	0	1292.296943	0	1857
TAATCTCTTACTCGTATGGGGGTGTTGTAG	0	0	0	0	4.751091703	0	887
TAATGAAATTCTTAACTATGTGACCAGTAA	0	0	0	16.34685555	665.1528384	0	61
TAATGCAAATCACCGGGGATGGGGGGACGT	0	0	0	0	19.00436681	0	2
TAATGCCCAGTAAGCTTGCGTCGGTAGGGA	0	0	0	0	180.5414847	0	21
TAATGGCATACGTATCGGTTTCAAATGTGC	0	0	8.918032787	0	0	0	735
TAATGGCTTCGAAAGTGACACTGTGGGCCG	0	0	0	18.68212063	6879.580786	0	952
TAATGGGCTCGTTTGAGAAGTGTGAGTGCA	0	0	0	0	166.2882096	0	35
TAATGGGGATCACATCTCAGCGCTCAGTTC	0	0	0	0	61.76419214	0	6
TAATGTAATACCTTACTCAGTATAGCACAC	708.791378	890.4347826	117.0491803	0	565.3799127	0	439
TAATGTAGTCACAGCGGTGTCCTTTAACTC	0	0	3.344262295	0	0	0	38
TAATTACCAGGGTAGGGCATAGACCAGATT	0	0	0	8.173427774	0	0	2
TAATTAGAACTGCGCGGCCTCCTGAGGACA	0	0	0	36.19660871	916.9606987	0	2340
TAATTCACAAGTTATCTATCTAACGAGTTG	0	0	0	14.01159047	0	0	15
TAATTCCATTCTATCACTCGAACCAGGTAT	0	0	33.44262295	0	0	0	120
TAATTCGAAAGATCGGGCTGTTACCGCGAC	0	0	0	0	874.2008734	0	1605
TAATTGACTCGGGTGCGCCGTCCCTGCGGT	0	0	0	0	38.00873362	0	4
TAATTGCCTAACAGAGTTAAAAACATGATC	0	0	0	0	38.00873362	0	762
TAATTGGCACCTGGATAGCCCGACACCGAT	0	0	0	0	9.502183406	0	2
TACAAAAATAAGGGCAGGCGTGGTTTTTAC	0	0	4.459016393	0	1976.454148	0	1801
TACAAGCGACGGTTGGGCCACAAAGGTTAA	0	0	5.573770492	0	1962.200873	0	413
TACAATATTGCTTTTTTCGGTTGGAGTTTT	0	0	342.2295082	0	0	0	2617
TACAATATTGCTTTTTTTCGGTTGGAGTTT	0	0	7.803278689	0	0	0	17
TACAATTATAACGAGCCTGCGGATGCTTGT	0	0	0	0	14.25327511	0	4
TACAATTCATCGTATTAGTTGGAAGGAGCG	0	0	0	4.670530157	19.00436681	0	3
TACACATGTCAGCGCGAACAGCTGCGTGCT	0	0	0	46.70530157	52.26200873	0	18
TACACCGAAGACTTATGCGTGTACTGGGTA	0	0	2.229508197	0	0	0	1052
TACACCTCAACGGGCACCTCGTCACAAGAC	0	0	0	2.335265078	0	0	6
TACACGGGTTTTCTGAAAAAGATTTATGGG	0	0	0	0	4.751091703	0	6
TACAGCTTAGTGGATCTGATGGGGGCCCGG	0	0	0	0	969.2227074	0	153
TACAGGGATTTATCTGGTAGTATACTCGGG	0	0	0	0	123.5283843	0	74
TACAGTAATGGATAAATCGCGAGCGCAGCT	0	0	0	64.21978965	0	0	2298
TACAGTTTTGGCGGATCATGAGTGAGAGCG	0	0	0	0	4.751091703	0	2
TACATCATTTGGTTGGTTTCGCAGGATTTC	0	0	11.14754098	368.9718824	10252.8559	0	4699
TACATGGTTAAAGTGCTCCTTCCTGCTGAT	0	0	2.229508197	0	2879.161572	0	1136
TACATGTTTTGATGGTTTCTACTCGGGCCT	0	9.632107023	8.918032787	3.502897618	61.76419214	0	9
TACCAGCCTATAAGTAATTGTTATTTTGGA	0	0	0	138.9482722	0	0	15
TACCCAGATATCAGCGTCGGTGTCTGTTAG	0	0	0	0	42.75982533	0	10
TACCCAGCTTCATCACCTATCAAGTCGCAC	0	0	0	0	33.25764192	0	4
TACCCATTATTGAAATTCTAAATCTGATTG	0	0	6.68852459	0	0	0	6
TACCCGGGTATGTATCTTTCCGAAGTTAAT	0	0	0	0	80.76855895	0	7
TACCCGTAATGCACATCAATGAGAGGTTTG	0	0	0	0	28.50655022	0	39
TACCGAGTAGCGAGCTAGACAAAGCTCTTG	0	0	0	0	1021.484716	0	44
TACCGCGTTTTGTGTATATTGGAGGCGTGT	0	0	0	0	1591.615721	0	12
TACCTACAACCCTTTTGGCCACACACGGGT	0	0	90.29508197	0	0	0	1422
TACCTACGATCATCCAAGGCAGGGCAGCCG	0	0	5.573770492	0	0	0	26
TACCTAGTTGGGCAAAGACGAAGGTAGAAC	0	0	0	3.502897618	0	0	29
TACCTCAGTAGTACTTGTTTTCTGCACAGC	0	0	15.60655738	0	0	0	9
TACCTCGTAGGGTCCACACTCTTTATTGGC	0	0	0	0	4.751091703	0	1
TACCTGGATTGCGAGACAATAATAGGGGAT	0	0	0	0	4.751091703	0	4
TACCTTCGTTGTTGTTAGATTGCTGGGAGA	0	18.19397993	17.83606557	0	0	0	3
TACCTTCTTTTAACTTCTCGGTAGTATAAA	0	0	0	0	4.751091703	0	73
TACGACCGAGGCATGTGGTCATTATGTAGG	0	0	0	0	4.751091703	0	1146
TACGACTAACATGTTTTAGATATAAAATAG	0	0	49.04918033	0	0	0	1885
TACGACTACCATGTTTTAGATCTAAACTAG	0	0	1.114754098	0	0	0	2
TACGATCAACCCTTGGCGTCTGTTGACAGA	0	0	4.459016393	0	85.51965066	0	5
TACGATGCACAAGCCATACACTCGACCAGG	0	0	5.573770492	16.34685555	0	0	3
TACGCAGAATACTCGCCGCGACGGTAAAAG	0	0	28.98360656	231.1912428	0	0	1735
TACGCGGGTTAGTTCTACTAGTGTTGGAGG	0	0	0	0	213.7991266	0	116
TACGGCGCAATCGCTTCCGTCATCAACTTC	0	0	0	0	76.01746725	0	19
TACGGGGCTTTCGGGGTAATCTCCGACTCA	0	0	26.75409836	5.838162696	0	0	3
TACGGGTATCTAGTTACTAAGTGATAGGAG	0	0	7.803278689	0	0	0	12
TACGGGTTTGTTTTTCAAACTCAGGTTTGG	0	0	10.03278689	0	0	0	2
TACGGTCGTGATGGGATCGGATGTCAAATG	0	0	0	0	9.502183406	0	4
TACGGTTATGTTGTGATTATTAATTTCTTT	0	0	0	0	251.8078603	0	120
TACGTCCGAGCTAATGGCCCGGGAGGTATG	0	0	4.459016393	0	85.51965066	0	73
TACGTTGGAACTCATAACACGAAGGACAAG	0	0	0	0	4.751091703	0	2
TACGTTGGAGAATCCGTTAAAGTACACGTC	0	6.421404682	0	0	0	0	48
TACGTTGTAACATTATGCACGTGTTTATGT	0	0	0	15.17922301	0	0	502
TACTAAAGAATACCCTATAGGTCGGTAGTG	52.34795997	12.84280936	76.91803279	0	28.50655022	0	720
TACTACTGACCGGGAGCCGACGAGTTGATG	0	0	0	0	294.5676856	0	132
TACTAGCCATGGGCCATAGCTGAACACATA	0	0	14.49180328	0	0	0	11275
TACTAGCTTTTGCGGATGCATACCACAGTT	0	0	0	429.6887744	0	0	2526
TACTAGTGTCTGGGACGGTATGAGCTGGAG	0	115.5852843	0	0	0	0	1785
TACTAGTTAGTTTTATTGGACAGGCTTGGG	10.46959199	116.6555184	12.26229508	0	0	0	63
TACTATAGAGGTCAGCTTTGTGGGTTTAGG	0	0	0	0	4.751091703	0	82
TACTATTATGTACAACTGGATAGAAGCCTC	0	0	98.09836066	0	0	0	39
TACTCGATTGCTGGGTCCAGTTGGCTACGT	0	0	0	0	123.5283843	0	66
TACTCGTATCTTTTGCGAGGTGTATTCCAT	0	0	2.229508197	35.02897618	4361.502183	0	565
TACTGCGCTAGTACTTGTTCATGCCCTGCA	0	0	0	0	532.1222707	0	963
TACTGCGCTTGCAGTAAGGTCCCCATTGGC	0	0	0	0	4.751091703	0	2
TACTGCTGTAGGGGCCATGCGAATGTGGCG	0	0	0	4.670530157	289.8165939	0	28
TACTGGAGAGACCCCCAGCACAAGAGACCA	0	0	0	40.86713887	99.77292576	0	102
TACTGGGTTTGAGGTTGAACAATGCAGGAT	0	0	0	2.335265078	0	0	38
TACTGGTGTGTTGGCGAGGCCGGCCATGGA	0	0	16.72131148	0	0	0	4882
TACTGTATAAGTATGAATTGGGCTTATTGG	0	0	10.03278689	0	1596.366812	0	1196
TACTGTATACTCCTATTTTTTATTGGGTTT	0	0	5.573770492	2.335265078	118.7772926	0	689
TACTGTTTAAGCACTTTCCCACAAGTCCAA	0	0	0	0	460.8558952	0	261
TACTTACCATTTTGTAGGGCTTCCATCCGC	0	0	1.114754098	10.50869285	57.01310044	0	39
TACTTATGTAATTTACACACAATTGATGTA	0	0	217.3770492	0	0	0	99
TACTTCGGACTCGGAGCGTTCAAGCATGGG	0	0	0	0	204.2969432	0	124
TACTTCTGTAGAACACAATTAGTATTCTAA	0	33.17725753	186.1639344	5.838162696	0	0	7
TACTTGTATGGACAGACGTTCGAGAATGTT	0	0	0	0	546.3755459	0	128
TAGAAAGTAGTAGCAAACGGGCGCGCGCGG	0	0	0	0	9.502183406	0	3
TAGAACTCACCATGGGGCCCATGTGTTATG	0	0	0	0	4.751091703	0	3
TAGAAGAGTCTGTGTAGCTTGATAAATAAA	0	0	0	37.36424125	166.2882096	0	35
TAGAAGCGAGGAGTTCAGCAGGGTGTGTGA	0	0	0	0	14.25327511	0	8
TAGAATAATGTGGTAATAGGGCGGAGAGGC	0	0	7.803278689	0	0	0	768
TAGACCAGTGGGAAGATAGATCTTGTTGAA	0	0	0	0	4375.755459	0	2056
TAGACTAGTGTCAATTAAGGTCAAACGAGC	0	0	4.459016393	0	0	0	5
TAGACTGGTGAAGAGTATGAGTTTGTTGGA	0	0	0	0	104.5240175	0	20
TAGACTTGTGGGGTTATAGGAATAGACAGA	0	0	0	0	33.25764192	0	15
TAGAGAGTTTTAACTGATATATGGCATCGA	4.187836798	7.491638796	2.229508197	0	0	0	3
TAGAGCGCTATGACAGCTCGCAGGGATGCG	0	0	0	0	19.00436681	0	1
TAGAGGGTTTTCGCCGATGTTTGGAGGCGT	0	0	0	0	4.751091703	0	4
TAGAGGTATGCGATGGAAATGTGAGGCCGA	0	0	0	2.335265078	0	0	8
TAGAGGTGAGATGACCGTAAAAGCGTGGGA	0	0	0	0	14.25327511	0	40
TAGAGTAATCAGCTCCGTGGCAGACGCACT	0	0	93.63934426	114.4279888	0	0	30
TAGATAACAATGATCGCAGCTACTGCGAAC	0	0	2.229508197	0	0	0	150
TAGATAGCTGCGTTGCATGTGATGCAAGAA	0	0	0	0	4.751091703	0	428
TAGATCGAAATGCCACACCCAATCGGCAAG	0	0	0	0	209.0480349	0	125
TAGATCGATCATGCTGAGCCCTGGGCAGGC	0	0	0	0	80.76855895	0	160
TAGATGCTTGGGGTTATGTACCGGGTGTCT	0	0	1.114754098	0	0	0	13
TAGATGTGAAAAGCTTTTATTAGACATTAA	0	0	2.229508197	0	0	0	179
TAGCAAAGTCGAGGCCCGACCGCTGGTTCT	0	0	2.229508197	0	0	0	1
TAGCAGATTTTAGGGGGCGGCTCGTGCGAG	0	0	0	36.19660871	0	0	53
TAGCAGTATTTCGGTATGGGGCTCGTAGGT	0	0	0	0	840.9432314	0	1014
TAGCCAGGTATAGCTGGAAGCGCATGTAAA	10.46959199	416.3210702	32.32786885	0	232.8034934	0	177
TAGCCTTCAGTAGCTCGACGTAAGTAAAAT	0	0	0	80.5666452	0	0	219
TAGCGACGTTGGGGTTGGATGCGCAGGAAC	0	0	0	0	4.751091703	0	16
TAGCGATTTGCAGTGTAGCCGGGTCGCGGA	3.140877598	0	0	2.335265078	9.502183406	0	31
TAGCGGACAAGCCCCCGCTATTGGTGTCTT	0	0	0	9.341060313	0	0	97
TAGCGGGGTTAGATATCGGACCCCAGAACG	0	0	0	2.335265078	14.25327511	0	3
TAGCGGTTAGAGACCAGAGCTCGACATTAT	0	0	14.49180328	0	0	0	2240
TAGCTAAGTTCTTTTTTCAAGCAGACTCTA	1.046959199	0	0	0	0	0	1
TAGCTAAGTTGATTGGGTGTATCTGGATAG	0	0	0	0	2641.606987	0	1402
TAGCTACCAGATATAGCACGGTCCGACACG	0	0	0	0	204.2969432	0	212
TAGCTACCATCAATCGGTTCATCTGCGAGA	0	0	0	0	118.7772926	0	24
TAGCTATAAATGGGGGCCCCTCGATGGTTG	0	0	0	18.68212063	61.76419214	0	8
TAGCTCACATCTCTGGCTCCCGTCAGCTAA	0	0	0	0	9.502183406	0	1
TAGCTTCCTATTATCGGGATAAGATGTTAC	0	0	3.344262295	0	0	0	2
TAGCTTTGTAATGTCACATTTGTAATCTTA	0	0	13.37704918	0	38.00873362	0	154
TAGGAACATCGGACTAAACCGTGGGAACCG	0	0	0	0	14.25327511	0	22
TAGGACGATATTATAATGTTAATTATGCTG	0	0	0	0	4.751091703	0	5
TAGGAGACTAAAGCATTGGCATGCATCACG	0	0	12.26229508	0	441.8515284	0	1210
TAGGAGCCTGTCCCGCCGCTGCCTCGCATA	0	0	0	0	42.75982533	0	1
TAGGATCGACGATACTTGTTATCGTCAGGC	0	0	4.459016393	0	0	0	249
TAGGATCGTCAATCAAGGGTACTTTCTGCA	0	0	0	0	118.7772926	0	48
TAGGATGTACTAATCCGAATGGGGCGAAGG	0	0	0	0	9.502183406	0	45
TAGGATTAACACAGTAAAATCTCGGGCTAC	0	0	0	0	1030.9869	0	236
TAGGCACCAGGGATGAGAACGTTTGATTCA	0	0	159.4098361	497.4114617	1601.117904	0	2822
TAGGCAGATCATCGTGGAGACGGGACCAGC	0	0	0	0	142.5327511	0	72
TAGGCAGTACGCTGGCCACAGCGAGGACAA	0	0	2.229508197	0	0	0	1
TAGGCCACAAATGGGATTGGTTGTATTGTG	0	0	0	16.34685555	109.2751092	0	46
TAGGCCCATATCGCCAGTTTATTTGAAGGG	0	0	2.229508197	0	0	0	14
TAGGCGATAATTGGGTGAGGGAGAGGGTTT	0	0	0	136.6130071	95.02183406	0	22
TAGGCGCGTCAGCTGGACGTCCGGGAATGT	0	0	0	0	313.5720524	0	31
TAGGCGGAAGTGGGAGATTTATAGCAGATT	0	0	0	25.68791586	551.1266376	0	104
TAGGGACAAGATGCCGGTGCCAGGGGGACG	0	0	0	0	147.2838428	0	2393
TAGGGAGCTCGTGAAGAGCCCCGGAGGTCG	0	0	0	0	185.2925764	0	10
TAGGGAGGAAGGAGGGGGCATGTTCGAGGG	0	0	0	0	9.502183406	0	2
TAGGGCGAACGAACAGTCCTCGCCGCCACT	0	0	17.83606557	0	332.5764192	0	288
TAGGGCGGATGGGTGTGCACGGGTGGGGGC	0	0	0	24.52028332	0	0	84
TAGGGGAGTTGTTCCCGTTAAGTGGGCCCA	0	0	3.344262295	0	0	0	81
TAGGGGCAAAGTTCCATCTATATCGCTCGT	0	0	0	0	166.2882096	0	52
TAGGGGTGAGGATACGAGATCTCAAGCATA	0	0	1.114754098	25.68791586	0	0	456
TAGGGTAGATCATGATTTAGGGCGAGTAGG	0	0	0	0	4.751091703	0	1
TAGGTAAATCTGTTGGAGAGATCACTGCTG	0	0	20.06557377	0	23.75545852	0	15
TAGGTACGAGAAGACTTGAGCCTGAGTGCT	172.7482679	651.7725753	389.0491803	4.670530157	0	0	150
TAGGTACTAAAGACTATTCGTGTTTGTTGC	0	0	0	0	33.25764192	0	26
TAGGTACTATTCGTACTCGCTTCAATTTGA	0	0	0	0	361.0829694	0	66
TAGGTAGCACCTCTTTATGGTACGTTAAAT	0	0	0	0	38.00873362	0	14
TAGGTATAACGTGTGCGGGCGGTCTGTGAC	0	0	50.16393443	18.68212063	0	0	18
TAGGTATTTAGAGTTTGGCGACCGATTTCC	0	0	0	1.167632539	0	0	2
TAGGTCGAATGTTCAAACGTGCAGAATCGC	0	0	0	2.335265078	0	0	7
TAGGTCTTTCAGGGCAGCAAGTTAGGGTCG	0	0	1.114754098	0	0	0	2
TAGGTGAAACGTTAGTGAATTTGTGGTGGA	0	7.491638796	20.06557377	0	0	0	3
TAGGTGAGTTGTTCATGAGTGGGCGAGTTT	0	0	4.459016393	0	0	0	31
TAGGTGGAAGTGGATGGATGGCGTAGACTA	0	0	0	0	38.00873362	0	7
TAGGTGTGACAGCACGCGTTGCCGTCTCAG	0	6.421404682	0	0	0	0	11
TAGGTGTGTGTTAGTCGTTATTTGGGAAGC	0	0	0	61.88452458	1510.847162	0	56
TAGGTTACTCGTCCTTAAAGACTGACTTTT	0	0	0	159.9656579	470.3580786	0	93
TAGGTTGGATAGAACACGCGACTTTTTGCG	0	0	0	11.67632539	0	0	667
TAGGTTGTATGATGTCGTGTCTTGGAGCTT	0	0	0	0	14.25327511	0	41
TAGGTTGTTTTCGTTCTCGGTGTTCGTTCG	0	0	0	0	38.00873362	0	16
TAGGTTTATTGCTTCTGGGCACTGCCTTGT	0	0	5.573770492	0	0	0	67
TAGTAGTGAGTACGACGTGCGATTCAAGGT	0	0	0	273.2260142	2380.296943	0	709
TAGTATAAAGAGCACCGACGGCCAGTAATA	0	0	0	0	9.502183406	0	1689
TAGTATATTTAAAAGTGTCGACGCGTTGGC	0	28.89632107	0	0	0	0	6
TAGTATGTTTTTGGGCCATGAGGGTTCAAG	0	0	0	8.173427774	19.00436681	0	12
TAGTATTTTCGGTGCACAATCGACCGTGTT	0	0	26.75409836	0	0	0	1681
TAGTCTAATTTCTGCTCGCCCAATGGACAC	0	0	197.3114754	0	19.00436681	0	903
TAGTCTTGTGCGTCGTTGTAAGTTGGTTCA	0	0	0	2.335265078	52.26200873	0	103
TAGTGAGATGCCTTTATAGGGGTTGAGCCG	0	0	150.4918033	0	0	0	83
TAGTGATTTGTGGTGACCTAAGTTTACTTG	56.53579677	0	0	4.670530157	299.3187773	0	121
TAGTGCCGATTATTAATGTGGGAGGCGAGT	0	0	59.08196721	0	194.7947598	0	192
TAGTGCGATTGCGCGGCTTAGGTCAGGGAG	0	0	0	0	660.4017467	0	1061
TAGTGCGGTCGTGCACCCAATCAAGGCATG	0	0	0	0	9.502183406	0	5
TAGTGGTTACGCACTAACTGGTGTGAGCAG	0	0	0	0	85.51965066	0	5
TAGTGTAAACTTAGGAAGCGCGCTCCTAAC	0	0	0	0	4361.502183	0	1066
TAGTGTATATAGTTTCCTACTCAAACTGAT	0	0	0	11.67632539	0	0	58
TAGTGTGGAGTTGGGGAAGGGTGTCATAGG	0	0	0	0	992.9781659	0	231
TAGTTAGAATTAGAGGAAGGCAGAGAGGGT	0	0	5.573770492	0	1263.790393	0	219
TAGTTCATACCAAGTGGTCAGGAAGCTTTT	0	0	68	0	0	0	57
TAGTTCTCAGTCAAATATGATACATGAAGG	0	0	0	0	23.75545852	0	7
TAGTTCTTAGGCGGTGTAGCGCCGGCTAAT	0	0	0	0	57.01310044	0	4
TAGTTGCAATTAGGAAAAATTCTTTTATCT	0	0	0	0	90.27074236	0	63
TAGTTGGGTCGTCGTAGTGGTCTCACTGAA	0	0	0	0	798.1834061	0	122
TAGTTGTTACATGTTACTTCGAGATTTTGT	0	0	37.90163934	0	0	0	77
TAGTTTAAATTATAGCAATCAACACCGGCC	0	0	0	14.01159047	0	0	1
TAGTTTTAAAGGATCATGCTGGCTCTTTTG	0	0	1.114754098	0	0	0	1
TAGTTTTGATCCGTTTTTTATTCCATTGAA	0	0	119.2786885	17.51448809	0	0	438
TATAAAATTATCACGGAGTCATCAGTCTTG	0	0	5.573770492	0	0	0	35
TATAAAGAAGGGGGGTTAAAAAAAGGATGG	0	0	0	4.670530157	0	0	2
TATAAAGAAGGGGGGTTAAAAAAGGATGGC	0	0	0	109.7574587	0	0	1771
TATAACGAAACTGCGAATGGGACGGAAGAT	0	0	383.4754098	0	0	0	59
TATAATAAAACCATCGGTACTGAATGATGG	0	0	0	0	66.51528384	0	4
TATAATACAGGTAGCCTCAGTCGGGCCGGC	0	0	0	0	294.5676856	0	35
TATAATATATTCTCGTATAGCCTCACGTAA	0	0	18.95081967	0	0	0	439
TATAATGATCCTCTCTCCAAGGCATCTTCT	0	0	0	748.4524576	669.9039301	0	2734
TATAATTCAAGGGTGTTAGGGGTTATAGTT	0	0	0	0	9.502183406	0	21
TATAATTGATGTTACCGACTAAATGGGATT	0	279.3311037	0	0	0	0	12
TATACAACAATATTTTGTGCGAGATTAACA	0	0	0	157.6303928	242.3056769	0	642
TATACAAGTGGTGAGCGGAATCCGGTTTCT	0	0	0	0	1658.131004	0	65
TATACAATAGTGTGAAGTTAAGGTGCAGCC	0	0	0	0	14.25327511	0	1
TATACACCATCTAACTCTAATTAGCGCGGT	49.20708237	269.6989967	8.918032787	0	0	0	34
TATACATAATATGGTTAAGTGTCTCAGGGT	0	0	0	0	4.751091703	0	483
TATACCTGTATATGGGGTGGGCCAGGGGAG	0	0	0	2.335265078	0	0	28
TATACGGTTTTGAAGAGTTTGGCATGTCAG	0	0	0	2.335265078	19.00436681	0	3
TATACGTCAAGGAGTTGATCCGCGACCAAA	0	0	0	0	247.0567686	0	11
TATACTCTTGCGTCCCCGGACGCATCGAGA	0	0	0	0	28.50655022	0	8
TATACTTATATTATTTTGTAAATAGTTCTT	0	0	2.229508197	0	1064.244541	0	22
TATAGAATACGAGGCATTTGATGTGATTGT	0	0	0	0	247.0567686	0	765
TATAGACTATACACGCGCGAGGTGAGCGGC	0	0	44.59016393	0	0	0	141
TATAGAGCAATACGAAAGAATGTCACTGTA	27.22093918	48.16053512	37.90163934	1.167632539	175.790393	0	151
TATAGATGTATGCTCGTGGTGTGGGCCGGA	0	0	0	0	745.9213974	0	221
TATAGATTTTAATTTAGGCTTCGTTGCAAG	0	1.070234114	128.1967213	58.38162696	6513.746725	0	2659
TATAGCAAACGGAATGTTAATGCTTAAGAA	0	0	0	0	76.01746725	0	7
TATAGCAATTCCAAGAGACGGTGTGTTAGA	0	0	0	0	42.75982533	0	39
TATAGCCAACCCCGTTGTGGCAAAAGTCCG	0	0	102.557377	0	0	0	332
TATAGGCCTAGCTTAAAGCCAGGAATGACG	0	0	0	32.6937111	4.751091703	0	998
TATAGGCGATTGGCGAAAGTGAAACCAGTG	0	0	0	0	85.51965066	0	9
TATAGTAAAGCAAGCGTTCACATGAAAGAC	0	0	0	0	19.00436681	0	24
TATATAACAAGAGCACGGAGTTGGTGTTGC	0	0	0	3.502897618	4.751091703	0	11
TATATAGGAAAGGTACGGAACGACAGTCCG	0	0	0	0	42.75982533	0	47
TATATCTCTGCTTCTCACGTATCGATTGCG	0	0	0	0	4.751091703	0	109
TATATCTTTACAGGTATAAGTTTTGCTAAG	0	0	0	0	9.502183406	0	37
TATATGAGAGGCTACGACCTAGTGGGTATT	0	0	0	131.9424769	5972.122271	0	8759
TATATGGTTACATCACCGGTCGCGTCGGAC	0	0	3.344262295	0	0	0	1
TATATTGAATGTAATAGTTGCGTGTTGGTG	0	6.421404682	0	0	0	0	4
TATCAACTATATCCTAGATGGTTAGGTGGG	0	0	2.229508197	0	0	0	72
TATCAGAATCCTGTTATATACTTGGTCGGT	0	0	52.39344262	0	76.01746725	0	417
TATCATGCTGGTTTGCACAAACGGCACAAA	0	0	13.37704918	0	380.0873362	0	503
TATCCTGATACTTGGCCAGATTTATCGTGC	192.6404927	311.4381271	35.67213115	0	0	0	209
TATCGCTGTGACCCGGGATATGGCACGATG	0	0	0	0	4.751091703	0	3
TATCGGAGAACTCGACGATTGAAAGACTGG	0	0	0	0	4.751091703	0	28
TATCGGATTTATGGAAGAAAGTTTGCCAAG	0	0	0	0	1615.371179	0	208
TATCGGCCTCGCTTACAGCCAGGCATGCCG	0	0	0	1.167632539	0	0	1
TATCTAACATCTATCGTAATGTTCACTTGT	0	0	16.72131148	0	0	0	494
TATCTGTGAGAGAATGTAGTTTGCACAAGA	0	0	0	0	2090.480349	0	360
TATGAAGCTAAGGGGCTTTACGGAAATGTA	0	0	0	0	85.51965066	0	91
TATGACCCATGGTTTGGTGGATGGCTGAAA	0	0	0	0	19.00436681	0	3
TATGACTAATTTGGCCAAGCTGGAGTCTTG	0	0	47.93442623	179.815411	3895.895197	0	1888
TATGATCTTCTAACCCCATAGTCTCTGACA	0	0	0	0	152.0349345	0	10
TATGATTGATACTACTGCCTTATTTACGAT	0	0	0	0	560.628821	0	65
TATGCCACTGTGGGGGCGGGGTGGGAATCG	0	0	0	0	19.00436681	0	40
TATGCCACTTGAGACAATATTGTTTTATAA	0	0	0	0	517.8689956	0	1623
TATGCCGATCATGTCTCTGTTGGCGTGACG	0	0	0	176.3125134	0	0	10
TATGCCTGATCAACAGGCGGACCGGTTTGA	0	0	34.55737705	0	693.6593886	0	1814
TATGGACTAGGCTATTAAGCGTTGAGGTCG	0	0	0	1054.372183	0	0	2882
TATGGACTTCACGGTTTCAGCGGCACAATG	85.85065435	21.40468227	317.704918	0	90.27074236	0	139
TATGGAGCTTGCATAAAGTACTGTGGGTTA	0	0	1.114754098	0	4.751091703	0	20
TATGGCCCAATAAGGTGCCGGGTGTTTCCA	0	0	0	1.167632539	0	0	107
TATGGCTATCATGAGGTAATAGGCGAGATA	0	0	0	0	71.26637555	0	30
TATGGCTGACCTATGTTAGTAATCCGTGCG	0	0	0	0	57.01310044	0	31
TATGGGCGTACGATGTTAAGTCGCGGTGAT	0	5.351170569	0	0	0	0	4
TATGGGGCAATCGATTCACCTGACGTTGAA	0	0	0	10.50869285	840.9432314	0	979
TATGGGGCACTGGAGCTGGCACTGCATTCG	0	0	0	0	123.5283843	0	50
TATGGGGTAGATCGTAAAGTAGACCACGAC	0	34.24749164	35.67213115	0	161.5371179	0	363
TATGGGTATAGACGGCTGAATGGTGTGGGT	0	0	0	49.04056665	0	0	23
TATGGTCCTTATCGGAACTCTCCTTAATTT	0	0	0	40.86713887	0	0	71
TATGGTCGAGCAGGACACGCGGAACGGGGT	0	0	0	0	4675.074236	0	965
TATGGTCTAGCCCGAACTTGTTAATGAGTA	0	0	0	77.06374759	0	0	751
TATGGTGTAAGCTCATACACAGACGACGTG	0	0	7.803278689	0	356.3318777	0	1485
TATGTACTAGTATAATCCCGTTCGACAGAA	0	0	11.14754098	0	0	0	908
TATGTAGGACCGGTTGGTCCGAAGTTCTCC	0	0	0	21.01738571	0	0	1329
TATGTAGTTTCTCGCCTGGTGGGGTGGCAG	0	0	0	0	4.751091703	0	6
TATGTCTTACGGATACCGGATTAAGGAATT	0	0	7.803278689	927.1002361	1377.816594	0	405
TATGTGAGTCACTGGCAGGACCAGGGAGAG	0	0	11.14754098	5.838162696	4.751091703	0	25
TATGTGGTTGTGATTAGTAGAAACGTGTGG	0	0	11.14754098	0	0	0	14
TATGTTACACAGAGCGTCCGTAAGGCTTCT	0	0	0	0	4.751091703	0	1
TATGTTGAACCGTTACCTGACATATTTATA	0	0	4.459016393	0	0	0	3
TATGTTTCTCCTAGCACTTAGTAATGGTTT	0	0	0	754.2906203	0	0	2204
TATGTTTGTAGTGGTTGCCGAGAGAGTTGG	0	0	0	0	1282.79476	0	60
TATGTTTGTTAGTTTATACGGTGTAATGCA	0	0	0	0	118.7772926	0	68
TATGTTTTACGTATTATCAGCGTCACGATA	0	0	88.06557377	0	0	0	2123
TATGTTTTTGGGTGGAAACTCACATAAGCG	0	0	0	0	4.751091703	0	42
TATGTTTTTGTAGAAAAACAATGGCTGAGA	0	0	0	0	361.0829694	0	151
TATTAAAGAAGGTGACCAACCCCGGTAGTG	0	0	0	0	774.4279476	0	134
TATTAATATAATGGCGTGGAAGTTGAACGC	0	0	0	0	9.502183406	0	16
TATTAATGAGGTACGTTTGTAGGTTACATC	0	0	14.49180328	0	0	0	16
TATTACGTTGTTCCACCGGCGTGTCCATGC	0	0	0	650.3713243	0	0	52
TATTACTCATTTGGCCCCGCTGGAGTCTTG	0	0	0	1.167632539	0	0	1
TATTATGAAAGTGGGAAGCGGTAATGGTTG	0	0	0	170.4743507	2446.812227	0	1296
TATTATGCACGTAGGCTTTTGTGACAGAGG	0	0	8.918032787	0	42.75982533	0	76
TATTATTAAACCGATTCCTGTTATTGTGGT	0	0	0	0	57.01310044	0	25
TATTCAATTAATTCTGTGATACTGCCAGCT	268.021555	0	0	0	6385.467249	0	3481
TATTCACATTCTAAGTCCTGAAACCTGCAT	0	0	0	5.838162696	0	0	6
TATTCGAATGATCATGAGTCTTTGAATGAC	0	0	0	0	1900.436681	0	966
TATTCGGCAAATGGACTGTAAACAGAGTGC	0	2.140468227	0	0	14.25327511	0	15
TATTCGTATATCGTAGTAGCCCCCGCAAAA	0	1.070234114	5.573770492	0	0	0	1
TATTCTGGTCAGGGCACACTTGGGGAACTA	0	0	11.14754098	0	0	0	52
TATTCTGTATATCATGGTCATAGAGTTTTG	0	0	206.2295082	0	7093.379913	0	3228
TATTCTTAACAGACATAATGTAATATGCTG	0	0	109.2459016	9.341060313	0	0	394
TATTGAGAAACCCTATCAGTGTCACTTATA	0	0	0	0	66.51528384	0	207
TATTGAGGACTGCGAATGTCGGAAGGCGGG	0	0	0	0	204.2969432	0	232
TATTGAGGAGTTTCCACCGAAAGCAAAGAT	0	0	0	0	90.27074236	0	167
TATTGATAAAGCTAGCCCGCGTCCGCTCAG	0	0	0	0	47.51091703	0	232
TATTGCCGCCCCTATTTCAGAACACATTTA	0	0	0	1.167632539	0	0	1
TATTGGTAACTGACGCGGGGTGGAGGGTTG	0	0	0	0	128.279476	0	1570
TATTTACTAGGTGGTGTACGGGCCTTGGCT	0	0	0	0	9.502183406	0	1123
TATTTCACATGGCGAGTAGTATCGTATGCA	0	0	0	2.335265078	99.77292576	0	231
TATTTCATAGCCGAATGGTCAACTGTATTG	0	0	35.67213115	0	0	0	54
TATTTCCGTGCTGACCTAGATTTACATTGA	0	46.02006689	156.0655738	0	294.5676856	0	2688
TATTTGGGTCGGACGGAATTGTATTTCAGC	0	0	0	0	4.751091703	0	5
TATTTGTAAGCCTGGTGTTGCGTGGCGCCT	0	0	0	0	194.7947598	0	352
TATTTTACTGCCTCGGGATCATGATTTGGC	0	0	0	0	38.00873362	0	117
TATTTTGGATAGTTCACGCGCTCATAGAGG	0	0	0	439.0298347	1026.235808	0	195
TCAAAAGCTGATCATGGCGTACGGTGGTCT	0	0	0	3.502897618	0	0	1
TCAAACTATTTGATAGAGCCGTTACGGTTT	0	0	0	3.502897618	0	0	72
TCAAAGATTTGGATTAGGGCGCATGCTTTC	0	0	0	67.72268727	0	0	47
TCAAAGGGTGGGTCAGAGGTATCACATGGA	2.093918399	0	18.95081967	0	0	0	459
TCAAAGGGTTACCTACCCCAACTATTGAAG	0	0	6.68852459	0	0	0	400
TCAAAGTGTCGATTTACCTTAATCGATGAT	0	0	0	0	3553.816594	0	1364
TCAAATATTTATCATATTGATGTCCCTTCA	0	0	28.98360656	0	0	0	86
TCAAATGTTGAGAGAACACAAATACCTGGG	0	0	0	0	1249.537118	0	612
TCAACACGATGGTGGGGTTGCGTTGTAGGG	0	0	0	0	80.76855895	0	7
TCAACATTATAATTTTAAAGCAAATTTGAA	0	0	0	0	351.580786	0	59
TCAACCGGAACAGCCGTATTACGTGTGGAT	0	0	0	0	4.751091703	0	23
TCAAGAGGAAGCAGATTAAATTGTTAAATC	0	0	0	0	9.502183406	0	3
TCAAGGAGTCTTTACTTCGCGTGTTAGGTG	0	0	17.83606557	0	888.4541485	0	241
TCAAGGGATTCGTGAAAGAGGAGCCCAATG	0	0	0	2.335265078	0	0	3
TCAAGGGTTAGGCGCGTTCCCGAGTTAAAA	0	0	17.83606557	0	0	0	1583
TCAAGGTAATTGAGGAGGATAACAGGCGCA	0	70.63545151	91.40983607	40.86713887	1088	0	203
TCAATTTTATGTATGTCTGCTTTACACGCA	0	0	0	100.4163984	0	0	371
TCACAAGGATGGGAGGGTATGGTGGGTGCA	0	0	0	145.9540674	128.279476	0	2465
TCACAGATAGACATAGGTGTAGTCGGGAGT	0	0	0	25.68791586	1287.545852	0	112
TCACAGGGTTACCTCCCCCAACTATTGACG	0	0	1.114754098	0	0	0	1
TCACAGTTTTGGGACGGAGCATGGTGTCTA	0	0	7.803278689	0	0	0	4
TCACATGTAGGGTCACTGAGCCGTGTCTAA	0	0	0	0	4.751091703	0	4
TCACATTATGAGTTGAACCGTGCGCGTATC	0	0	0	0	304.069869	0	60
TCACCATTAGCCAACCGTGGATAACGGGGA	0	0	0	0	28.50655022	0	6
TCACCGATTTTCGGGTGTCGGACACGTTGC	0	0	0	0	28.50655022	0	23
TCACCGGGAAGGTCGTCAGTTCTCAGATAA	0	0	16.72131148	140.1159047	0	0	17
TCACGACATAGTTTGCGTTCGTTGCAACTT	0	0	14.49180328	0	14.25327511	0	7
TCACGACTAAGTCGCTTTACCCACGCTTTG	0	0	121.5081967	0	0	0	151
TCACGATAATATAAGCGTCTGATGTGAAGA	0	0	0	0	123.5283843	0	13
TCACGCGCTTCGATGTTTTGATTTATGTTC	0	0	350.0327869	0	0	0	3529
TCACGTAAACACGTACTCGCGTGAGGTCTG	0	0	0	0	1273.292576	0	1940
TCACGTCCTCAATCGACTGGAATTTAAGAT	0	2.140468227	261.9672131	339.7810689	0	0	292
TCACTAGATTCTGCTAAAAGTCTAACGCCG	0	0	0	22.18501824	707.9126638	0	886
TCACTATTTCGTACGGATAGTGTGTAAGCC	0	0	0	0	2171.248908	0	470
TCACTGCCAAGGGACGATACGCATGTACGA	0	0	0	0	403.8427948	0	228
TCACTGGGACGTGACATGTGTGAGGCCGCC	0	0	0	0	19.00436681	0	40
TCACTTGGTGGGGGTGCACAGCCGGACCGT	0	0	0	156.4627602	0	0	2008
TCAGAATGTTTCCATGAATAGTGAGTTGCG	0	0	0	29.19081348	0	0	110
TCAGACGGAATGCTTCCCTACTGTACGGGT	0	0	0	2.335265078	147.2838428	0	19
TCAGCATGAACGGCTGTGGCTTGCGGAGGT	0	22715.71906	0	9.341060313	0	0	1
TCAGCCTATCTGCCCTAAATTGGGAGTCAG	0	0	0	0	12623.65066	0	3022
TCAGCTTATGATTAAATGCGACTTTGAATT	0	0	0	0	23.75545852	0	7
TCAGGAACTAGTCCGTGTAATCGGCTCAAA	0	0	0	0	104.5240175	0	1
TCAGGAACTCCTTGCTCGTGGTTCATCAAG	0	0	27.86885246	0	0	0	946
TCAGGATGAATTCGTACATAGCGCGTTTGA	0	0	30.09836066	0	0	0	593
TCAGGCCTAGCAATTTGTACCGCTTTAATA	0	0	0	18.68212063	1487.091703	0	369
TCAGGCCTCGCAATCTGTACCGCTTTACTA	0	0	0	0	4.751091703	0	1
TCAGGCGAAAGGGCATGGCCTTTGGAGAGT	0	0	0	0	42.75982533	0	147
TCAGGCGAATGCTCTTTTTAGCTCCCGCTA	0	0	0	0	9.502183406	0	12
TCAGGGGGAATTCGGGCGCATGCTAGTATG	0	0	0	0	19.00436681	0	2
TCAGGGTAACAAAGCTTCAGAATAGTAAAC	0	0	0	0	52.26200873	0	14
TCAGGTCATCTCATCTCGATGTATACAAGT	0	0	0	0	4.751091703	0	6
TCAGGTGCAACGGTGTGGACGAGGGAAGAT	0	0	0	9.341060313	0	0	18
TCAGTATTTATTAAATTGGATTGTCCTAAT	0	0	0	0	4.751091703	0	24
TCAGTCACAGTAGAAAGCCGATTTTCACTG	0	0	0	0	14.25327511	0	2972
TCAGTTAGATTGTATGTATGAGCCGCACCC	0	0	0	0	9.502183406	0	2
TCAGTTTAACTGGATTTTAATGGACTTTAT	0	0	0	0	14.25327511	0	6
TCATAAGTAGCTCAAACTGCGGTCAAAGCT	0	0	0	0	85.51965066	0	14
TCATATTCTGCTAGATATGCCCCTAACGCA	0	0	0	0	99.77292576	0	15
TCATCACATCTCGCGAGGCATTAGTATTAG	0	0	0	0	161.5371179	0	266
TCATCATGAGCGACATGCACCGAGTTAAGC	0	0	192.852459	0	0	0	104
TCATCGCCAGTGTGAGACCACAACTGGTAT	0	0	10.03278689	0	0	0	1
TCATCTTGAAACTCTAAAAATGGAGATCCA	0	0	0	0	4.751091703	0	6
TCATGACTATCGTGCGATCACCCGAACCCG	0	0	0	0	313.5720524	0	130
TCATGATAAAACCACGCATGTTGTTCGGCG	0	0	0	4.670530157	0	0	53
TCATGCCCTTAGAGCAATTAAGCAAATCCG	0	0	0	11.67632539	61.76419214	0	8
TCATGCTGAGTTATGGATCGGTTATGGGGC	0	0	0	0	4.751091703	0	1
TCATGGGTTAGAATTGTGTCTTTGTGGGTC	0	0	0	0	194.7947598	0	31
TCATGTGCAGAGCGTACAGCATCGGAAACC	0	0	0	0	731.6681223	0	858
TCATTAAGATGCTTAGGATTACGCACGGTG	0	0	3.344262295	0	1040.489083	0	69
TCATTGTGAATGATACATCGCACGAGAAGG	0	0	0	38.53187379	0	0	618
TCATTTCTAGTTTTTTCGAGGGGGACGGGT	0	0	0	0	61.76419214	0	21
TCATTTGTAAATAGCTTCTGACGCAGTCAG	0	0	79.14754098	0	0	0	2738
TCCAAAGTTAAGTTAACGTGGGATGAATAG	0	0	3.344262295	0	0	0	2
TCCAACTTTAGGTTTGGCAAGTAAATGGAG	0	0	1.114754098	18.68212063	2670.113537	0	1479
TCCAAGGGTATCTGACTGCGCCTCGCTGAC	0	0	0	0	2475.318777	0	2423
TCCAAGTTATGCAATTCTTGTATTTCGATT	0	0	40.13114754	0	9.502183406	0	768
TCCAATACAGAGCGCCCAAGGTAGAGCGTT	0	0	0	0	688.9082969	0	61
TCCACGTCTATAAGACTTGGTAGGCAAATT	0	0	0	23.35265078	418.0960699	0	617
TCCAGGCGAGCTGACTACAGCGGGCGAGCA	0	0	0	8.173427774	0	0	50
TCCAGGGCAAAAGATGTGCAGGGTGGCGAG	0	0	0	0	4.751091703	0	1
TCCAGGGCAGGAGGCCGTTAGAGCGGGATT	0	0	7.803278689	0	0	0	1513
TCCAGGTCTGACCGGAATATTGTGCATGTA	0	0	0	0	33.25764192	0	2
TCCAGTCATGGGGGGTAAATTGAGTTCCCG	2.093918399	0	0	0	19.00436681	0	10
TCCAGTTTTATTGTAGCCTTACGTCCAACG	0	0	0	1.167632539	0	0	20
TCCATGCTTTTACTCAGAGTAACAAAGTTT	0	0	0	0	14.25327511	0	1
TCCATGTCTTGTGGCTTCATCTAGAGTTTT	0	101.6722408	0	0	0	0	33
TCCATTGCTGGTGGTTCTCGGTGAATCACT	0	0	0	0	42.75982533	0	59
TCCCAACATGGCAGGCGGGTATGCCAAGAT	0	0	0	0	19.00436681	0	1
TCCCACTGTTACCGGCGCGCTATTAACAGT	0	0	0	0	4.751091703	0	1
TCCCAGGGTTCCCTCCCCCAACTATTGAAG	0	0	1.114754098	0	0	0	1
TCCCCACATGGCAGGCGGGTATGCCAAGCT	0	0	0	0	4.751091703	0	1
TCCCGAAGTCCATTGCAGACGCAATGCCAA	0	0	0	0	323.0742358	0	80
TCCCGCGGTACGGCCCCTGACTAAGATATC	0	0	0	2.335265078	0	0	3
TCCCGGTGTGGGGCGTCAGTACGCGGTACG	0	0	6.68852459	0	0	0	5
TCCCGTGATGAATCGATACCTGAAGTGTCA	0	0	0	372.47478	2508.576419	0	328
TCCCGTTGAGCTCCGCCCGGTTGTTCTTAC	0	0	0	100.4163984	9.502183406	0	11
TCCCTAACTAGTATTCCGAGTGGAATTGCT	0	0	0	0	33.25764192	0	1
TCCCTAAGAGAGGGCGCGGAGGACACTTAC	0	0	0	0	4.751091703	0	7
TCCCTCGATTGGATTGTGTAATGTGGGGTT	0	0	0	0	19.00436681	0	4
TCCCTGAATAGGGGTTTGAGATGTCATGAC	0	0	0	0	4.751091703	0	118
TCCCTTTTTGTATCCAGTTAACAGGAAAGT	0	0	0	0	47.51091703	0	22
TCCGACAGAATTGCGGTTGCCTGCTGGGCC	0	0	4.459016393	0	0	0	48
TCCGACATTGCCACGTTAACGACCAGGCTT	0	0	84.72131148	0	0	0	1403
TCCGAGCGTGTAAGAAGGTTAGGTCCCATC	0	0	5.573770492	0	0	0	298
TCCGATCCACCTTGGACCGCCGCTTAGGGG	0	0	0	0	4.751091703	0	5
TCCGATTGAGAGACAAAAGCATCACAGGTG	0	0	0	0	14.25327511	0	2
TCCGATTTTTTCGTTTGTGCAACCCAGCCA	0	0	0	38.53187379	76.01746725	0	10
TCCGCAACATATGTTTTCCCTGCGCAGGCC	0	0	0	5.838162696	190.0436681	0	18
TCCGCACCAATTTTTTGGTGTAGTGACGTT	0	0	0	7.005795235	0	0	3
TCCGCATTACTCCGTCATCGGTTGAGCTCG	0	0	0	0	3663.091703	0	200
TCCGCCCGTTTCACCGGCCGCCGGTCGAGC	0	0	0	8.173427774	0	0	8
TCCGCGGTTCTGGCAACTAAGGGATCATAG	0	0	0	0	546.3755459	0	7
TCCGCTGGTAGCACTGGAGAGTAGGGGAAG	0	0	0	0	80.76855895	0	261
TCCGGACCCCCTTGCTCGTGGTTCATCACG	0	0	1.114754098	0	0	0	1
TCCGGCTTTATACAGCTGGACAGGGAATGG	0	0	0	0	114.0262009	0	8
TCCGGGGTAGGATATCCAAGGACTGATTGC	0	5.351170569	0	0	4.751091703	0	1
TCCGGTCGAGGAAGGGTTTCGAACCTTATG	0	0	0	0	23.75545852	0	9
TCCGGTGTATCCAAAAAGGATTTTTGTGGT	0	0	0	0	204.2969432	0	4357
TCCGTACAACATAGTAGGAACTTCGCGGGG	7.328714396	0	0	0	0	0	1
TCCGTGTTTTACCCGACGGGGAAAAGCCAC	0	0	0	5.838162696	204.2969432	0	10
TCCTACGGTAGTTTACTACCCGGTTACCGC	0	0	2.229508197	28.02318094	0	0	25
TCCTAGTGATCCGTAGTTATAGGGGTTTAG	3.140877598	0	3.344262295	0	4.751091703	0	12
TCCTATGCATGCTTGTAACGCTCTTAGGTA	0	0	0	0	4.751091703	0	1
TCCTATTGACTTAGTTGGGTACGTGGCCCA	1.046959199	6.421404682	14.49180328	9.341060313	793.4323144	0	9
TCCTCCACCAGCCCTCCCAGACCCACTCTC	1.046959199	0	0	0	0	0	1
TCCTCCCAACATTACCGGCTACTAAACAGC	0	0	8.918032787	0	11668.68122	0	352
TCCTCGAGTGGGGAGTCCTCGCGTTCTGCG	6.281755196	0	18.95081967	0	147.2838428	0	24
TCCTGGAGAAATTTAGTGTTTAAAAAAGTG	0	0	0	7.005795235	190.0436681	0	78
TCCTGGTCAAAGAGGCTACTTTTGGTTGAT	0	0	74.68852459	0	0	0	694
TCCTGGTCATAACGTGAAGCGTCCTGCTCG	0	0	62.42622951	0	3800.873362	0	2612
TCCTGTACCCAATATCCCTCCCCTCCCCTC	0	1.070234114	0	0	0	0	1
TCCTGTTATGTTCGACATCTGCACGACGCT	0	5.351170569	0	0	14.25327511	0	2
TCCTTAGGAGAAGGCGGTGATGCTTGATGC	0	0	0	4.670530157	375.3362445	0	288
TCCTTAGTTGCTGAGAATCGCGGTTGTGTT	0	0	0	0	199.5458515	0	15
TCCTTGGGTCCATAGCCGACCAAGTCTAGG	0	0	0	0	4.751091703	0	89
TCCTTTACCCTTCTGGCGAGATGTCCCAGT	0	0	1.114754098	0	0	0	1
TCCTTTCCAAACGGATTCAGCCGGTTGAAA	0	0	0	0	916.9606987	0	62
TCCTTTCTATAGATGTGTAAAGATACTTAT	0	0	1.114754098	0	0	0	3
TCGAACATTAGAGTACCCAGACCGCGGTTT	0	0	0	0	603.3886463	0	967
TCGAACCGATCGTAAAGTAGGTACGCTCAC	0	0	0	0	19.00436681	0	1
TCGACAGGTGCTTGTGTACTTGGTGCCGTG	0	0	0	0	28.50655022	0	10
TCGACGCAAATTTCAGTATGTACGAAACTC	0	0	0	16.34685555	4247.475983	0	897
TCGACTCGATAACCGTGAACAGCGTTAGCT	0	0	0	0	337.3275109	0	34
TCGAGAGATGTGATGAGACTGATCGGTTGG	0	0	0	0	33.25764192	0	9
TCGAGATTTGATCGGATGGTCAGCTGTCGG	0	0	0	0	71.26637555	0	30
TCGAGCAGTAATGGGGTTGACGTAGATTAG	0	0	13.37704918	0	1140.262009	0	685
TCGAGCGCTGTGCAAGATATGGAGGCTTTG	0	0	0	0	4.751091703	0	20
TCGAGGGGAAATGCCAAGGCAAGTGAGGCA	0	0	0	0	2133.240175	0	2827
TCGAGTTATTCCAGGCTTTGTAGACCGGCG	0	0	0	0	4.751091703	0	10
TCGATCTCTGGATATAGCGTGTGGTACGTG	0	0	0	0	137.7816594	0	10
TCGATGAGTCAGCTTCAGGAAGCCTGGGCG	0	0	0	0	9.502183406	0	1
TCGATTAGTTAGCTTGAAACCTACAATAAT	0	0	0	1248.199184	608.139738	0	1040
TCGATTCCTAACGTGGAGTGGTGCTATGTA	0	0	0	0	4009.921397	0	20
TCGATTGAACTGATGTTAGGCATGGTATTG	0	0	53.50819672	0	0	0	242
TCGATTGTAAATAGATAGTATGGTTGCTTT	0	0	0	19.84975317	213.7991266	0	17
TCGCAACATAGAAGTGTTTAAGGAGGCGTA	0	0	0	0	4.751091703	0	12
TCGCAATTTACACATTAACGTAAGGTTTTA	0	0	0	0	218.5502183	0	70
TCGCACGATTTCTGGAGAAAGCCGTAGTTA	0	0	0	7.005795235	28.50655022	0	39
TCGCATCATATATCAGGACGTACTGAGTGT	0	0	0	0	1738.899563	0	192
TCGCCAGATCACCGATCGGTGGACCTTCTG	0	0	0	0	47.51091703	0	366
TCGCCCAATGTCGTGCTTTGAACAGTCTAT	0	0	0	0	209.0480349	0	20
TCGCCCGCAATTGCTTCGATAATTCTTACT	0	0	24.52459016	0	0	0	13
TCGCCGGTAGTTCGATTACAAGAGGCGGTT	0	0	0	40.86713887	90.27074236	0	1855
TCGCCGTTTCATAACACGTGATGTGATCTA	95.27328714	20.33444816	37.90163934	0	9.502183406	0	13
TCGCCTTATGTATTACCTATACTATAAAAC	0	0	0	0	123.5283843	0	51
TCGCGAATTATAATCTAATACATACGGGAA	0	0	0	0	622.3930131	0	400
TCGCGACAACTTAAGGTACGTATATGTTGC	0	0	2.229508197	0	0	0	74
TCGCGATGTTAAAGATCAAACATCAGGAAC	0	0	0	2.335265078	0	0	11
TCGCTGCAATGACTAAGTCTCAGCATAATT	0	0	4.459016393	0	0	0	71
TCGCTGGGTAGGTAAGCAACGTAATGTCGC	0	0	8.918032787	0	0	0	10
TCGCTGGTATCATACTAAAAATGTGATGTG	0	0	0	0	80.76855895	0	2
TCGCTGTGAGTTAGCATCGGATAGAAGACT	0	0	0	0	14.25327511	0	15
TCGGAAAGTAGGCGCAGTGCGATGAGGTGG	0	0	0	16.34685555	9.502183406	0	4
TCGGAATGTGGGGTGATATTTGTCAAATAC	0	0	4.459016393	0	0	0	720
TCGGAGGCACATGGCGTGCAGAGCGGTGCC	0	0	0	0	9.502183406	0	1
TCGGATCATTGATGCTTTGTGCGAGGCTGC	0	0	2.229508197	0	0	0	12
TCGGATGAAGTGATGGATGTGGGTGTTACT	0	0	0	4.670530157	185.2925764	0	24
TCGGCACGATTCAGATCTTAATGTGTGGTA	0	0	0	0	19.00436681	0	1
TCGGCAGCTGCTGCGGCGGGTCCGGGTAAA	0	0	158.295082	0	0	0	67
TCGGCAGGTGTGGTATCAAAGATTGACGCG	43.97228637	0	0	0	61.76419214	0	4670
TCGGCCCGTTCACCGTTACTTGAATTTGGC	0	0	0	0	304.069869	0	13
TCGGCCTCTAATCGACTCAAGCGGTAGGGG	0	0	0	0	399.0917031	0	63
TCGGCTAGACGACACAAGATAAAAGGTAAT	0	0	0	24.52028332	1634.375546	0	246
TCGGCTTTTCAATGCAAGGGCTGGGCTGAT	0	0	0	0	769.6768559	0	789
TCGGGATTACTGACTGCCCGGAACTGTTGG	0	0	0	0	494.1135371	0	480
TCGGGCCATATTACGGTTTTAAACCCAGGC	0	0	2.229508197	1.167632539	76.01746725	0	8
TCGGGCGGACGCTTCGGGGAGTCGGAGGCA	41.87836798	25.68561873	2.229508197	0	4.751091703	0	44
TCGGGCGGAGTGAGTGGCCGTAAGGTCATT	0	0	314.3606557	0	0	0	791
TCGGGCGGAGTGCATGGCCGTCAGGTCACT	0	0	1.114754098	0	0	0	1
TCGGGCGGTTTAGGGCGAAACAGCTGGGTT	0	0	26.75409836	88.74007298	579.6331878	0	65
TCGGGGAAACCATCTGTAGCGCGCCTGGGA	0	0	0	205.5033269	769.6768559	0	80
TCGGGGAATACATCATGTCTACTTGTTTTA	0	0	0	0	47.51091703	0	4
TCGGGGGAATCCAGTCTCCTGTCTACACAG	0	0	62.42622951	0	0	0	1008
TCGGGGTTTGCAATTTCGACAATTGATACG	0	0	0	0	133.0305677	0	1516
TCGGGTTGACCCGAGGCGAATATGTAAAGC	0	0	0	342.116334	0	0	41
TCGGTAAGTCAGGGTATAAATGGGAGATGG	0	0	36.78688525	0	665.1528384	0	134
TCGGTAGGTGGTAATCCGTCGCGCATCTAA	0	0	0	0	1073.746725	0	978
TCGGTATGTGAACCGAACAGGGCCGGGGTT	0	0	0	0	19.00436681	0	68
TCGGTCAGATTAATAGCGCAGTGACTGGAA	0	0	0	0	6642.026201	0	804
TCGGTCGATGCAGGTTACTCTGAAGCAGAC	33.50269438	4.280936455	0	0	0	0	9
TCGGTCTGTGTTGAGCATCGGTGATGACCA	0	0	0	0	4.751091703	0	8
TCGGTGAGAGCCGCCCGCCGTGTAGCTCTA	0	3.210702341	0	0	0	0	1
TCGGTGATTAACGTTGCTTGGTTGTTTTGG	0	0	37.90163934	0	0	0	1446
TCGGTTATAGTGTAAGGTGAAAGGGATGCG	12.56351039	2.140468227	2.229508197	3.502897618	0	0	7
TCGGTTATTGTCAATCGGAGTGCGTTTGCT	0	0	0	1.167632539	0	0	1
TCGGTTGATTGATTCGTGCAGTGTAGGTAG	0	0	0	0	161.5371179	0	91
TCGTACGTTTGCTTCTAGGCGAGATTGGTC	0	0	0	0	38.00873362	0	7
TCGTAGGCAGCGCGGGGCCGCGACAGCTAA	387.3749038	1419.130435	469.3114754	0	0	0	162
TCGTAGTCAGGAGGTTCCGAAGGCAAGCGA	0	0	0	0	14.25327511	0	3
TCGTATAATATCTTATGGTTGATGAAAAAC	0	0	0	8.173427774	0	0	48
TCGTATAATCATCTTCTGGAACTGTGTACC	0	0	1.114754098	0	0	0	41
TCGTATGTTACACGTACCATTCGAACTATG	0	0	0	0	437.1004367	0	264
TCGTATTCACTCGGCAATTAGTTAAATTTA	0	0	0	0	4.751091703	0	40
TCGTATTTTCAAAACTTACGTCAGCTGGCC	0	3.210702341	0	0	0	0	3
TCGTCACTACGCGGGCCTTTAGTATAACGC	0	0	1.114754098	0	0	0	55
TCGTCGCAAAGAGTTCATGGTCGTCTAGTG	0	0	0	0	19.00436681	0	11
TCGTCGTTTCATCTCGCATCATCTAAAGAA	0	0	1.114754098	0	80.76855895	0	20
TCGTGAGAATGTGGTATTCTACAGAGCGAG	0	0	0	0	190.0436681	0	68
TCGTGCTTAGGCTAAGAGGATAGGCGATGT	0	0	27.86885246	0	0	0	22
TCGTGCTTTGACAATGCATCTACCATGACT	0	0	0	47.87293411	0	0	3050
TCGTGGGCTCGGTGGCTGTGGCAATGTTCA	0	0	0	0	251.8078603	0	149
TCGTGGGTTATCCGAGGAGTGGCGGTAATG	0	0	0	0	9.502183406	0	6
TCGTGTCGTTGATCCGAAACCGTGGGTGTT	0	0	0	0	270.8122271	0	75
TCGTGTGATGCAACGAATAGATACCTATAC	0	0	0	0	33.25764192	0	6
TCGTGTGGTCACATGCATAGGGGGTGTGTG	0	0	0	0	1183.021834	0	148
TCGTTAAATGGCCGCTGGTTCATTTATAGG	0	0	0	0	23.75545852	0	10
TCGTTAAGTTTGAGAGAGGACGTGTAGAGG	38.73749038	9.632107023	7.803278689	9.341060313	33.25764192	0	18
TCGTTAGAAGATAGTCTGCGGAACCTGAGC	0	11.77257525	3.344262295	0	0	0	4
TCGTTAGTTTCTTGTTTATAGTTCTGCTTA	0	0	0	0	14.25327511	0	11
TCGTTCTGTAGTCTTATAGTTGTATAGTGG	0	54.5819398	0	0	0	0	234
TCGTTGATAGGTTGTCGTTGCGATTTTGCG	0	0	8.918032787	0	0	0	190
TCGTTGATTTAACGTGCGAGATTAATTTAA	0	0	3.344262295	0	0	0	5
TCGTTGGTTTAGAAGCGTAGATGTGGGACC	0	0	26.75409836	0	2423.056769	0	434
TCGTTTTGATTAATTTGGGGTCATTCAGGA	0	0	0	1.167632539	14.25327511	0	137
TCTAACGTAACGATGAGGAGGGCAGGGGAT	367.482679	499.7993311	525.0491803	0	0	0	291
TCTAAGGATGAGTTCTCCTGAGGCGTATCC	0	0	4.459016393	0	0	0	91
TCTAATAGAGTAACGTCCAAGTATATGGTT	0	0	0	0	28.50655022	0	352
TCTAATATATGCATAGGCTGAAGGACTGGG	0	0	443.6721311	0	0	0	282
TCTACAGGATCATGGTCGCAGGGGTTTATA	0	0	16.72131148	0	0	0	7
TCTACTGGATGAACCGTCGTCATACTCGAG	0	0	0	0	19.00436681	0	4
TCTACTGTTTAGGGACCTAGACGCACAAAG	0	0	0	0	80.76855895	0	105
TCTAGAGCTGCAAGGTCGACCCTGAGTGAA	0	0	0	0	931.2139738	0	1921
TCTAGCAGTCCTTACGGCCCGCCTCTTTAG	0	0	0	0	52.26200873	0	4
TCTAGGTAAAGTCCCTGTGGTTAGGGCCGT	0	0	0	0	332.5764192	0	8
TCTATGGTAGGTTTGCAATCATGTCGAATA	0	0	3.344262295	0	0	0	109
TCTATTAGTGTGAGGACGTTGATGTACTAC	0	0	0	0	152.0349345	0	118
TCTATTGTTTTTCAAACAAAGCGAAGCGCG	0	0	0	0	190.0436681	0	18
TCTCAACCATTTGGCAGGTATGGAGAAATA	0	0	0	142.4511698	0	0	4431
TCTCAGAGTTCTTATAAGTTAGTTCATACT	0	0	0	0	47.51091703	0	10
TCTCAGTGACAAGTACCAGCGTGCAGTTGG	0	0	0	0	47.51091703	0	5
TCTCAGTTTTGAGCCAGGCGGCTACGTGGG	0	0	0	0	175.790393	0	79
TCTCATGTTGGACAATCTTTCGTTGAGTTG	0	0	119.2786885	0	0	0	3271
TCTCCCCCATTTGGCCGGTCTGGAGACATA	0	0	0	1.167632539	0	0	1
TCTCCCTTCCCACTCCCAGCTTCCTAAACC	0	0	0	3.502897618	0	0	1
TCTCCGGTTAGGGGGCGAGTGTTGTCCACG	40.83140878	7.491638796	11.14754098	0	0	0	81
TCTCCGTATCGGTCGGCTAGGACGTTTCGT	0	0	0	0	294.5676856	0	32
TCTCCTAATTAGTACCCACGACTTCTACAG	0	0	0	0	4.751091703	0	6481
TCTCGACGTAGTGGGGAGCGCTCGCGTGCT	0	0	0	8.173427774	0	0	1128
TCTCGCAGACCACATGGGAGTTTAAGGGGC	0	0	11.14754098	9.341060313	532.1222707	0	305
TCTCGGACTAGGTGTCACAGCTTTAGAGTT	0	0	0	0	4.751091703	0	1
TCTCGGAGAACGTAGTCATATTTCTCGCGT	0	0	0	0	19.00436681	0	1
TCTCGGTGTTCTCCGAGTCAGATTATTCGG	0	0	0	0	2603.598253	0	1803
TCTCGGTTAATAATCTCGGTCATCATTTAA	0	0	0	0	280.3144105	0	162
TCTCTAACACTAAGTCCGCAAATGTGCAAT	0	0	34.55737705	0	0	0	71
TCTCTATGAGAGTTGGCGCGGGGGTCAGGA	0	0	0	47.87293411	0	0	29
TCTCTGGATCAAGACTCAGGGGGTGTCGAG	0	0	5.573770492	2.335265078	0	0	7
TCTGAAAGACTTGCGGACAGAAGCAATTGT	0	0	0	491.573299	660.4017467	0	246
TCTGAACCACTTTGGTTGAACCTTGATTAA	0	0	0	0	4.751091703	0	6
TCTGAACTAAGCTGCCAACCTTGGATCTCT	0	0	0	0	4.751091703	0	10
TCTGAAGTTGCGATGCCGGGGCCGACGAAT	0	0	0	0	2009.71179	0	957
TCTGAGTGTGCCGGGTGTCTGCTAATGTTA	0	0	51.27868852	92.24297059	0	0	48
TCTGATCCAGGGTCGGTCGAGGGGGGTCTA	0	0	1.114754098	0	0	0	3
TCTGCAGTTACACGAGCTAGTACGAGTCGC	0	0	0	0	370.5851528	0	100
TCTGCGTCTTTATTCGATATTTTACTGAGG	0	0	0	0	498.8646288	0	100
TCTGCGTGAACCCGCATGAGGCAGTATCTC	0	0	14.49180328	0	332.5764192	0	43
TCTGCGTGTGCAGTATGCAGAGATATTTCA	0	0	2.229508197	0	9.502183406	0	3
TCTGCTGGTCATATAAAGTATATTATACGA	0	0	0	0	19.00436681	0	37
TCTGGAGTAGGGATTATTACCAGCCGGTTC	0	0	0	49.04056665	1054.742358	0	12
TCTGGCAGTTTTGGCGGGGAGATCATAGAC	0	0	0	0	23.75545852	0	2
TCTGGGCCTAGGAATCCCTCAGCCGACAAT	0	0	0	0	9.502183406	0	1
TCTGGGTGTCTATGGATAACGGTGGACACG	0	0	0	0	1905.187773	0	400
TCTGGTATAGCGTATTCGACGGGCGCTGTT	0	0	0	1.167632539	0	0	1
TCTGTATCAGGAGTCGTGCGAATATGGACC	0	0	0	0	14.25327511	0	9
TCTGTCAAATCAGGTACCGGGTGCTGTGGT	0	46.02006689	0	0	0	0	1
TCTGTCTGAAAATAGGCGGCTCACGAGGAT	0	0	0	7.005795235	99.77292576	0	19
TCTGTGCTTTAGTGCTTGAGTGGGAATCTC	0	0	0	0	71.26637555	0	7
TCTGTTGTAAAAGTACCGCTCAAGGTTTAT	0	0	290.9508197	0	0	0	72
TCTGTTGTATCAGTGAATCGGCATTCTCTA	0	0	0	9.341060313	0	0	2874
TCTTACACACAATGCTTTAGCCATATCAAA	0	0	30.09836066	0	0	0	47
TCTTACAGAATCCTGATTCTGGCGTGTAGT	0	0	0	0	389.5895197	0	48
TCTTACTAAGCAAGATTGCATTGGGTAAAC	0	0	0	4.670530157	0	0	45
TCTTACTATGCTTTTTGCTGTCCGCTTTCG	0	0	0	32.6937111	0	0	7
TCTTATTAAGATTACTATAATATCTGCTGG	5.234795997	5.351170569	2.229508197	0	0	0	15
TCTTATTGAGTGTCAGGCTAGTTCGGCAAG	0	0	0	0	9.502183406	0	45
TCTTCAGGTGTACCGCAACATGGTCAACAA	0	0	20.06557377	0	0	0	35
TCTTCCACTGTCTAATAGTGGCTGAGGTTA	189.4996151	982.4749164	0	1.167632539	19.00436681	0	2222
TCTTCGCGAGTAGCCGGGGGGTCTCGTAAG	0	0	0	0	346.8296943	0	73
TCTTCTGTTTAAATTCCTGCATTGTATTCT	0	0	1.114754098	0	0	0	214
TCTTGAATTCGTTCAAGAGCTTGTGAGAGC	0	0	0	152.9598626	0	0	26
TCTTGATTATGCATCAATAGATGATGTATT	0	0	0	0	2769.886463	0	91
TCTTGCAAAATGTGCTTGCTGGTCACAGGT	0	0	8.918032787	0	1278.043668	0	155
TCTTGCTATTATAATCATAATTGGCGTGTA	0	0	0	7.005795235	0	0	21
TCTTGGAGTTTTAAAATTTGAGATCGTGCG	0	0	1.114754098	0	0	0	38
TCTTGGGATGAGTACACACCACTTTGTTGA	0	0	0	0	256.558952	0	435
TCTTGGTGACACGGCTGAGAGGGCACTGCA	0	0	12.26229508	0	0	0	515
TCTTGTACTTTCCAAGGAATCTCGGAACAA	0	70.63545151	0	0	1107.004367	0	296
TCTTGTATATCTTGATTTTGTAATTGGGAT	0	0	0	0	213.7991266	0	1258
TCTTGTGAATAGCGTTGTCCACAAATACGA	0	0	0	0	142.5327511	0	6
TCTTGTTGAGGTCTGTTGCTAAATGAGATG	0	0	0	141.2835372	0	0	109
TCTTGTTGTCTCGGCAAGTTAATCTCCAAT	0	0	0	0	9.502183406	0	10
TCTTGTTTTCGGTACACTCATATGGAGGGA	0	0	0	31.52607856	850.4454148	0	422
TCTTTAGAATTTTACACGCGTGAGAGTTGT	0	0	4.459016393	0	0	0	13
TCTTTCAGAGCTTAGATCGTTCGAGGACGG	18.84526559	96.32107023	373.442623	0	0	0	30
TCTTTCTAACTTGGTGGTTGTAGATTGGGT	0	0	0	0	1591.615721	0	497
TCTTTCTGTGATTGAGGTTCCGGCGTAGGG	1.046959199	775.9197324	265.3114754	121.4337841	760.1746725	0	121
TCTTTGAATAGAGTGCGACTTGACGTAATG	0	0	0	0	1149.764192	0	220
TGAAAGGTAATCATCGCTGTACAATCGGGA	0	0	42.36065574	0	0	0	19
TGAAAGGTAGGGGGGCGAGTTAAGTGACGT	0	0	0	0	147.2838428	0	61
TGAAAGTATATCCGATGACGTAGAATCCTG	0	0	0	23.35265078	19.00436681	0	166
TGAAAGTGTTAGTACTGTAAGGGACTTCCA	0	187.2909699	5.573770492	0	399.0917031	0	524
TGAAATAATGAAGGAAGTGGTTATGAGTGG	0	0	0	3.502897618	0	0	280
TGAAATGATATGGCGAGGTATTGGGGTAGT	0	0	0	0	4.751091703	0	7
TGAACAGGTGTTTCTCGGGTCGTCGCTGCT	0	0	15.60655738	3.502897618	0	0	252
TGAACGGTATATGAAAAATGCATATTTATA	0	0	102.557377	0	0	0	157
TGAACGTATAGGTCGTGTGTAGAGGATGCT	0	0	7.803278689	0	14.25327511	0	7
TGAACTTGTTCGACCGTGTCGCTTGGCCGA	21.98614319	8.56187291	0	0	0	0	11
TGAAGAAGATTAAGTCCTACGACGCTGGAG	0	0	0	1.167632539	0	0	10
TGAAGATGTGTTTTTTGGGAAGACGGATTG	0	0	0	0	61.76419214	0	51
TGAAGCCGAGGTTTTCACTCCCAATCGGTG	0	0	0	0	14.25327511	0	224
TGAAGCGGAACTATGTGAGCAGGGGTATTG	0	0	0	0	9.502183406	0	38
TGAAGCTAAGGTCGGTACGGGCAGGCAGCC	0	0	0	49.04056665	617.6419214	0	3427
TGAAGGAAAAAGGTCAGAGCAGGTATTTAC	0	0	1.114754098	0	0	0	26
TGAAGGAGAGCTTTCTCGTCGGCTTGTTTA	0	0	5.573770492	0	71.26637555	0	2
TGAAGGGGTATCAGTCGTTGGCAAATTGTA	0	0	0	25.68791586	28.50655022	0	22
TGAAGTTGACGGGATAGTGGTAGATCAGGC	0	0	0	4.670530157	0	0	9
TGAATAGGAGGGAGCGGGGGGACGGCCGCG	18.84526559	8.56187291	5.573770492	0	0	0	52
TGAATCATAAGGAGCGGGTTTTTGAGACGG	0	0	2.229508197	0	0	0	33
TGAATTCAATCATCTGCTGGCATGACACCA	0	0	1.114754098	1.167632539	0	0	3
TGACAATGAGGAGACCTGGGTTGGGGCAGG	0	0	0	0	4.751091703	0	2
TGACAATGATGTTTGTGTCCAAAGTCGGAT	0	0	0	0	646.1484716	0	310
TGACACGAAGGAATGGGTTTCTGACGAATA	0	0	0	0	47.51091703	0	5
TGACACGAATCCCATGGCGTTGGGAGGAAC	0	1.070234114	0	0	0	0	1
TGACCACTTCCATGCAGGCAGAGTAAAGAC	0	0	5.573770492	0	0	0	366
TGACCCGTATCACGCGAGGGGCCCGGCATA	0	0	0	0	308.8209607	0	30
TGACCGATTACAGGGGTGTCTCGAGGTCAT	0	0	0	79.39901266	0	0	2
TGACCGCTAGGACCATGCCTGGGAAGCAGT	0	0	0	17.51448809	812.4366812	0	408
TGACCGGGTCTGTGACCGCTCGTACAGAAA	0	0	0	0	175.790393	0	167
TGACCGTAAACTCGAAGTAGGGTCTGTAGG	0	0	15.60655738	0	2779.388646	0	367
TGACCGTTTGAGAGTTCGTGCACATCTTCG	0	0	0	0	28.50655022	0	6
TGACGCGCAGGTAAGTGGAGTAGGATAGGC	0	0	0	1.167632539	0	0	9
TGACTCAGTTCTTTGGAGTGCATAGTGTTA	0	0	0	15.17922301	42.75982533	0	130
TGACTCCTTTGCCTTCCTTGACTGGGTGTG	0	0	20.06557377	0	0	0	124
TGACTCTGTTGCGATTATTGCACTGCTGGC	0	0	42.36065574	0	0	0	21
TGACTGGTACGGATTAAGCAGCGCATGAAT	0	0	0	0	494.1135371	0	290
TGACTGGTAGGTTTATTTTGGGACTTGGAG	0	0	0	0	19.00436681	0	10
TGACTTTGTTATTGATGCGTATGGGGTACA	0	0	6.68852459	0	23.75545852	0	1835
TGAGAATATAGAATGGGCGTTACGGTGCGC	0	0	0	0	807.6855895	0	518
TGAGACTGTAAAGGTGGGGCCATCCGACTA	0	0	0	3.502897618	23.75545852	0	24
TGAGAGCTACTTTGCTCGCCGTCAGTTAGA	161.2317167	66.35451505	78.03278689	0	342.0786026	0	3177
TGAGCACTATCGGACGGTACTAGCCGGTAA	0	0	0	0	2826.899563	0	107
TGAGCAGGTTATGGATTAAGAAGACGGGGT	0	0	53.50819672	0	0	0	35
TGAGCATGTATAAGCTATAGCGTGCCGGGA	0	0	1794.754098	0	0	0	2631
TGAGCCGTAGTGTTGATCGAAGGGAGCTAA	0	0	0	0	3705.851528	0	586
TGAGCGAAATATTGCTGGTTGCAGGCGATT	0	0	0	28.02318094	0	0	2
TGAGCGAATCGTGGGCATTTTTATTCCGTG	95.27328714	19.26421405	37.90163934	0	0	0	31
TGAGCGACAGATAATAGCGATCATCGCTAC	0	0	0	0	28.50655022	0	117
TGAGCGTAAGAGGACCGCCAGCGAACGGGG	0	0	0	0	23.75545852	0	5
TGAGCTTGACGGTAGCGAACATGACGCGCC	0	0	0	0	42.75982533	0	7
TGAGGAAGTCGAAATATGTGCCGTGAAATA	0	0	0	0	28.50655022	0	1
TGAGGAAGTTTGGATTTCAGCATACGGGGC	0	0	51.27868852	0	0	0	285
TGAGGACGTAGACATGAAAAAGGAGTATCC	0	0	0	1.167632539	237.5545852	0	11
TGAGGAGCTGCGTCCGGTTCGCAAGGATGT	0	0	0	0	14.25327511	0	2
TGAGGATGACCTATCGACGAGTAACGAACA	0	0	0	0	95.02183406	0	9
TGAGGCGTAGGGCAGCAATCCAGTTGGTAA	0	0	0	0	4.751091703	0	32
TGAGGCTCATTATGCTTTGGCAAATTTCGT	0	0	101.442623	8.173427774	33.25764192	0	1241
TGAGGGTTTACATAACCTCACGATTAACTT	0	0	0	0	446.6026201	0	595
TGAGGGTTTTATATGAGATTAAACGAGCGG	0	0	0	0	513.1179039	0	485
TGAGGTCCTGTGTTGTGCGAAAAACCTTCG	0	0	8.918032787	0	351.580786	0	75
TGAGGTTAACGCCAGATAAGGGACAGTCTA	0	0	0	0	4.751091703	0	13
TGAGTAATTGAGTCGAGATGGCTACGCTAA	0	0	0	0	114.0262009	0	723
TGAGTACTATAAAGGCCTGATGGCAGGGTC	0	0	0	0	19.00436681	0	15
TGAGTGGTTTGCACTTTCGAAAGAGAACTG	0	0	2.229508197	0	80.76855895	0	107
TGAGTTCATGGGGCAACCAGTCATATGCTC	0	0	24.52459016	0	0	0	2357
TGATAATATTTCAATGTCTAAGAAGACCTG	0	0	0	0	61.76419214	0	60
TGATACAATGTTGAAGTTATATGTGTTCGG	0	0	0	0	4.751091703	0	1
TGATAGTCATGATTGTTATTTTTCTCGGTA	0	0	6.68852459	0	0	0	189
TGATAGTTAAGTGGGGGTTGAGTTGCATAC	0	0	4.459016393	0	0	0	170
TGATATCGTTGTTGCGTTTGTCATCATCTC	0	0	0	0	19.00436681	0	8383
TGATATTTAGTGCTGTGCTAGTTTTCATGC	0	0	32.32786885	0	0	0	3924
TGATCAGCTGAATGAGGTGCCCAAGTGGTG	0	0	0	0	617.6419214	0	91
TGATCATATAGTTCATGTGCGTAATGGATT	0	0	0	225.3530801	7649.257642	0	2058
TGATCCTTATACACTTCTAAGATTGTCGCG	0	131.638796	111.4754098	7.005795235	1791.161572	0	667
TGATGAGGTCTGTTAGGTCAAACATGTCTG	0	0	7.803278689	0	0	0	60
TGATGATCTAGTAATTTTACAATCGCACAC	0	0	632.0655738	0	0	0	129
TGATGATGACTACCCACAGCACTACCTATA	0	0	26.75409836	0	0	0	409
TGATGCATAACAAAACCTGGGTGATAGGTC	3.140877598	2.140468227	14.49180328	0	0	0	3
TGATGGCTACGCGCTGAATATGGAGCTATA	0	0	0	0	636.6462882	0	377
TGATGTCGAAGCAAGGGATAGCTTGTGCGG	0	764.1471572	124.852459	0	0	0	1353
TGATGTGCAGTCACTATAACGACCACCCAG	0	0	0	0	38.00873362	0	54
TGATGTGTAGTGGCAGGAGTGCGGCTCAAC	0	0	0	3.502897618	0	0	64
TGATGTTATATTAAAATCCATCTCCATTAG	0	0	35.67213115	0	0	0	5536
TGATGTTTTGTACGATTGTCTTGGCTAGCC	0	0	1.114754098	0	0	0	190
TGATTAAGTGGACATAAATAGCGTGGTCAT	0	0	0	0	422.8471616	0	168
TGATTCTCATCTGCGGAGCTGGTGTAGTGC	0	0	3.344262295	0	0	0	61
TGATTCTGTACGGTCTCCCTGAGAGCACAA	0	0	0	33.86134364	370.5851528	0	61
TGATTCTTTGGGATTATGCTTGCTACGCAA	0	0	0	0	38.00873362	0	10
TGATTGAGACTAGCCGCTGCCCGTCGGAGA	0	0	0	0	4.751091703	0	62
TGATTGGGATCCGGTCAGCCGCAGAGCTTT	0	0	7.803278689	0	199.5458515	0	1
TGATTGTGTGGAGTTAAGTACTGTCTGTCG	0	0	0	0	451.3537118	0	135
TGATTTAAAATTCTGGAGAGATGTCCCAGT	0	143.4113712	322.1639344	0	0	0	2397
TGATTTAGATAGTTGTATAAGGTTTTCTAA	0	0	0	0	52.26200873	0	5
TGATTTTGTCAGTGAGCAGGGGGTGTATTG	0	0	0	0	4.751091703	0	16
TGCAAAGTTGCATGTTAAAGAGAAGCCAGT	0	0	0	0	703.1615721	0	170
TGCAATATTCGTTTTTTTGGAACAAACGTG	2.093918399	1.070234114	10.03278689	0	0	0	157
TGCACACGTGGCGCGCTTACAAATGATCAT	0	0	1.114754098	0	47.51091703	0	9
TGCACGTAATTGGCATTAATCTGGGCCATT	0	0	0	9.341060313	0	0	2030
TGCACTTCTCGCAGTTCAGGTTTGGCCGGG	0	0	0	0	156.7860262	0	6
TGCAGACGTATCAGCGGATTAGATGGGGGA	0	0	0	0	109.2751092	0	55
TGCAGATGTCGCCTATCGCGCTGTTTGCAC	0	0	324.3934426	43.20240395	0	0	15
TGCAGGCCATCCGCTATGACGGCATGGGTT	26.17397998	0	22.29508197	0	175.790393	0	17
TGCATATTAGCGAGCTCGCTGGTTTGGGAT	0	0	0	0	194.7947598	0	89
TGCCAGGTTACATGGCAATATCTTGGGAAC	364.3418014	475.1839465	229.6393443	0	0	0	28
TGCCAGTTTGAGCCTGCGCCCTTGTGCAGC	0	0	0	44.37003649	745.9213974	0	131
TGCCCAAATGGCATTCCCCGGGGCCTCTAG	1.046959199	0	28.98360656	1378.974029	446.6026201	0	805
TGCCCACTATTTCGTGTATTTGACGGGTCA	0	0	13.37704918	0	0	0	323
TGCCCTGTATTCGGTGGGAGATACAGGGTG	0	0	0	0	9.502183406	0	13
TGCCCTTATTTCCGCGTCAGGAGGGATGCA	0	0	0	11.67632539	0	0	142
TGCCGAATTAAGGAGCTCAGCCTTTGGGGA	0	0	0	0	4.751091703	0	2
TGCCGCCTAACGACTGTGCTGTTTAGATAG	0	0	4.459016393	0	0	0	5
TGCCGGCGTAACTGTAGAACGCTTATTCGT	0	0	26.75409836	0	0	0	226
TGCCGGGTATACGGGTGACAAATACGTTGC	0	0	23.40983607	18.68212063	1620.122271	0	3551
TGCCGTCTTTGGAAAATCGCCCTAGGTGGG	0	0	3.344262295	0	52.26200873	0	10
TGCCGTGCTATCACGCAGTGTGGGGTAACA	0	0	33.44262295	0	1852.925764	0	704
TGCCGTTTTAGTTTTGTTTTTATCCCGCCG	0	0	0	16.34685555	0	0	283
TGCCTAAGATGATCTTCTTGTCCAACTTCG	0	0	0	0	2061.973799	0	498
TGCCTACGTTAATCGTGGCGTCCCTGAGTA	1.046959199	0	0	0	0	0	556
TGCCTCCAATGCGCATCCGGGTTGAGCTTT	0	0	22.29508197	0	28.50655022	0	77
TGCCTCGATGGTTGAGATTTAGGTTTGCTT	2.093918399	2.140468227	54.62295082	12.84395793	0	0	2
TGCCTGCCTTGTATGCTATCTAAACAAGAG	0	0	13.37704918	0	99.77292576	0	946
TGCCTGTTTCAGGCCAGCCAGTATTGTATC	0	0	0	795.1577592	104.5240175	0	4867
TGCCTTCGTTGTTACTAAGAGGAGGAAGAG	0	0	0	16.34685555	574.8820961	0	1537
TGCGACAGTACGGTATGGTACTGATGCGCC	0	0	1.114754098	0	0	0	3
TGCGAGTTTGCTCACACTTGTGTATTTGAT	0	0	0	0	4675.074236	0	484
TGCGAGTTTTGCTCACACTTGTGTATTTGA	0	0	0	0	9.502183406	0	5
TGCGATATAGGAGGCTTTACGCTGGAGCAA	0	0	0	8.173427774	23.75545852	0	39
TGCGATTCATACGCACTTGGTTACAGCAGG	0	0	0	0	180.5414847	0	142
TGCGCACGAGGTGTGATGGCATATTTTTTT	0	0	0	31.52607856	0	0	104
TGCGCAGTTGCAGACGAGCCCCATCGCAAC	0	0	0	7.005795235	0	0	11
TGCGCCAAAGACCGCAAGTCCGACAGCGCA	0	0	62.42622951	24.52028332	983.4759825	0	709
TGCGCGCCTGCGTATAGCAAATGCGGCGGG	0	0	0	44.37003649	631.8951965	0	218
TGCGCGCTAGGGACTTCCGGTACCTCCGGG	2.093918399	10.70234114	0	0	0	0	6
TGCGCGGTTGGATTAGGCCATAAGCGTGAT	0	0	0	5.838162696	2071.475983	0	344
TGCGCTGTAATCGGAGAGCCAACGCAGAGG	0	0	0	0	14.25327511	0	13
TGCGCTTCAGGTAACGCAGTAACGAAAGAT	0	0	0	0	61.76419214	0	94
TGCGGACGTGTGGATCTCTTCTATGCGAAG	0	0	0	0	9.502183406	0	1
TGCGGAGGACGTGTGCAGGGGCCCGGAAAG	0	2.140468227	4.459016393	0	0	0	20
TGCGGGGAATCATGCGTGCGAGGTTGCGTA	0	0	20.06557377	0	4119.196507	0	3109
TGCGGGTCATCGGGGTCGTAAGCGGGAGTA	0	0	100.3278689	0	0	0	56
TGCGGGTTAGGTTCACCGCGAAGGGATTAA	0	0	0	0	9.502183406	0	1
TGCGGTACAAAATACTTGTCAACGTTGCGT	0	0	7.803278689	0	0	0	14
TGCGGTATTCGATGAGCATTTCTCTGCTTC	0	0	0	0	109.2751092	0	38
TGCGGTGATGTACTCCATAGCTAGAAAGGG	0	0	13.37704918	0	19.00436681	0	379
TGCGTACTTGCGAGGGGTGCGACTTAGACT	0	0	0	0	2085.729258	0	20
TGCGTCGAAAAGGGGGGGTCCGCAGTCCAG	0	0	0	0	52.26200873	0	69
TGCGTCGAAATTAAGCTGACTGTTTACACC	226.1431871	2000.267559	923.0163934	0	109.2751092	0	10
TGCGTGGGTTACAACTAGTTATTAATGCAT	0	0	0	0	42.75982533	0	51
TGCGTGTCAGGGGCTGTTGGCACGGGCAGG	0	0	0	23.35265078	1971.703057	0	219
TGCGTTCATGGAGAAGTTAATGGTGGTGGT	0	0	6.68852459	0	0	0	1
TGCTAACCATGCTCGCCTATACGGTGCGTC	0	0	0	5.838162696	66.51528384	0	1
TGCTACGAAGTCGTGAGGGACGTATGTGCT	0	0	0	0	636.6462882	0	2955
TGCTACTTAAACCCGCGACTTTTGAGTTAT	0	0	0	0	19.00436681	0	2
TGCTATGCTGCTAAGTCGCCCCGGGTATGG	0	0	0	0	95.02183406	0	586
TGCTCATGTGAAAAATGTCCATCTTAAATT	0	0	0	0	213.7991266	0	277
TGCTGCAAACGGTAAAGTGTAGGGTGCCAG	8.375673595	33.17725753	0	0	0	0	146
TGCTGTTATCTTCAACTCCATCTCCATTAG	0	0	1.114754098	0	0	0	1
TGCTGTTGATATGCGGGGCTCGTCTGATTA	0	0	1.114754098	0	9.502183406	0	71
TGCTTAGTTATCAGGCGGATCACACGCCGC	0	0	24.52459016	0	80.76855895	0	53
TGCTTAGTTATTTTATTGGGCACGGCGTCC	0	0	0	0	3221.240175	0	1333
TGCTTCTGACGGAGTAGTGTTTATGTAAGC	0	0	0	0	19.00436681	0	47
TGCTTTACTATTGGTAAACTGTGAGCGGGT	0	0	0	0	109.2751092	0	26
TGCTTTGAAGGATTGAGAGACTGCGCTTTT	0	1.070234114	0	0	0	0	50
TGCTTTGCTTCTGGCATAGCTGCTGAGCTT	0	0	0	17.51448809	0	0	67
TGCTTTTACATTCAAATCCATCTCCATTAG	0	0	1.114754098	0	0	0	1
TGCTTTTGCTCTGCTCGTCGCGTCCACTCG	0	0	1.114754098	0	0	0	1
TGGAAATTTCCCACTTACTCTTGGTTAGTG	0	0	0	0	655.650655	0	291
TGGAACAGTGGTCGGCTCTAGTTGGGGGGC	0	0	0	114.4279888	384.8384279	0	41
TGGAAGATAGCCGTTATAATATGGACCTGC	0	0	0	0	47.51091703	0	4
TGGAAGTGTCCGTGTACGGGTCACCTCCGA	0	0	0	0	66.51528384	0	2
TGGAAGTGTGTCCGATGACGTGGAATCCTG	0	0	0	0	4.751091703	0	12
TGGAATCGTGCACGGCTGTGGTTTAAATTA	0	0	4.459016393	10.50869285	14.25327511	0	283
TGGAATTGAGGCTGGGTGCGTAGGCAAGAG	0	0	0	0	408.5938865	0	130
TGGACACGTAACTTAACTATTTGCACGGGC	0	0	217.3770492	1.167632539	0	0	3622
TGGACAGGAAGGCGTACCGCGAGGGGCCTT	0	0	0	23.35265078	793.4323144	0	649
TGGACCAATCGTACTGCGGCCGCTACCTAA	0	0	4.459016393	0	2342.28821	0	160
TGGACCACAATGTTCTAGGTGGTAACCCTG	0	283.6120401	3.344262295	0	617.6419214	0	292
TGGACGGGAGGGAACGTCAGGCTTGTCGTG	0	0	0	0	332.5764192	0	374
TGGACTAAAGTTTTTTTGTGTAACCGAGTT	480.5542725	1659.93311	245.2459016	0	921.7117904	0	633
TGGACTGATCAACAGTTATTGAGAGCCTCA	27.22093918	1653.511706	674.4262295	0	660.4017467	0	75
TGGAGACTACAAACCTGTACGCAGCGCGTA	0	0	0	0	14.25327511	0	1
TGGAGATCAACGCTCCGCGGGGGGCGAATA	1.046959199	0	0	0	0	0	3
TGGAGCGGATGATTATGTCGGCGAGTGGGC	0	0	0	21.01738571	0	0	7
TGGAGGCCTGCTGGGGTAAATGCGGTGGGT	0	0	0	65.38742219	14.25327511	0	747
TGGAGGGCTCGTCAGCTGGATCCCAGGGCC	0	0	3.344262295	3.502897618	4.751091703	0	15
TGGAGGGGAAATGATGGACGAAATGGACTT	0	0	50.16393443	93.41060313	2522.829694	0	1880
TGGAGTGTTGGGGACGGGCCTTACGTGTGT	0	0	26.75409836	0	0	0	219
TGGATAAGAACAGTACAAATGACGGTGTCT	0	0	0	14.01159047	152.0349345	0	1
TGGATACGTAATGAGGGCTACGCGGCAAAT	177.9830639	461.270903	98.09836066	0	14.25327511	0	734
TGGATAGAAGATTGGTAAGGCGTGGGGGAT	0	0	0	10.50869285	0	0	72
TGGATAGGTAAAGTTGTGTAGTGGTCGTTT	0	0	0	85.23717536	2689.117904	0	1413
TGGATCAATGGGGCGCGGCTCAAGGGACCG	0	0	0	12.84395793	0	0	101
TGGATCCAAGAGCCATTTGTCTTGTGCGTC	0	0	0	1.167632539	19.00436681	0	66
TGGATCCAAGCGTGCAGTGTGACTACGGAA	0	0	37.90163934	0	0	0	759
TGGATCGGTGGCACTATGAGCATAGTGCGG	0	0	0	0	1596.366812	0	340
TGGATGAGTCGTTAACTCTGGGGATAAGGT	0	0	0	1.167632539	2746.131004	0	222
TGGATGCGTAGCACGTTGAGGGTGAAGTGC	0	0	0	4.670530157	204.2969432	0	46
TGGATTCAATCAGTCCATTGTTTGCTATCC	0	0	2.229508197	0	0	0	13
TGGCAATCAGGTGGGGAGTATCACAGGTAT	0	0	0	0	280.3144105	0	51
TGGCACGGTACAGTGGGTTCAAGGGGTTAA	0	0	0	26.8555484	0	0	109
TGGCAGGCAGGGTCGTGCACGTCGAATAGT	0	0	0	0	9.502183406	0	10
TGGCAGGGTGGTATCGAGGGGAGGTGCGAG	0	0	0	127.2719468	0	0	24
TGGCAGTATAAGCCGCGCGTGATCTGGTTG	0	0	0	0	9.502183406	0	1
TGGCATACACATAAGAAGCGGTATTTGGGG	0	0	0	18.68212063	133.0305677	0	24
TGGCATTCTTATGTAATTGACTCGGTCATT	0	0	0	0	61.76419214	0	25
TGGCCAGAAGTTAAAGCTGGCCCCTTCGTG	0	0	0	0	9.502183406	0	29
TGGCCAGTTATTGGCTTTTTTGTCGACGTT	0	0	0	0	4.751091703	0	1
TGGCCATGAATTATCGTGTTACGTTGTATG	0	0	0	0	14.25327511	0	3
TGGCCCAGTTCTCCGGCGGGGGGCCCTTGC	0	0	0	2.335265078	190.0436681	0	21
TGGCCGCTAATACCGCCAGGTGTGGGAAAA	0	0	0	49.04056665	8233.641921	0	3993
TGGCGAAATGTTTAGAATCAATGCCGGTCG	0	0	0	0	394.3406114	0	122
TGGCGACCTCCAAATAGGGATTAACTGAAA	0	0	0	0	4.751091703	0	41
TGGCGCCGAAACGGGTAAGTGGGGGGCGGA	76.42802156	381.0033445	154.9508197	88.74007298	114.0262009	0	15
TGGCGCGAACGCTATGAGGAGGGGTCCTGG	0	0	0	0	19.00436681	0	4
TGGCGCGGTTCGACCGGGGGCGACACGGGA	0	0	0	0	128.279476	0	6
TGGCGGCTAAGGGCTTAACCCTGACCTTAG	0	0	0	0	61.76419214	0	52
TGGCGGTGAAATGATAAAGTTAGCTAGATC	0	0	0	0	14.25327511	0	16
TGGCGGTTACCAAAATATCGGGCAGTTTTG	0	0	3.344262295	0	66.51528384	0	41
TGGCGTGGTTGGGTCGGTGTTGAGACACTC	0	0	0	43.20240395	0	0	200
TGGCGTGTTAGGGATAGATGGATTTTGTGC	0	0	2.229508197	23.35265078	931.2139738	0	107
TGGCTAAGTGTTAGGCCGTGCGGCCGGTTG	0	0	0	0	14.25327511	0	152
TGGCTAGGACGTATGTTGTGCGGTACCGCG	112.0246343	0	264.1967213	0	0	0	307
TGGCTAGTACTGAAGGGGCCTCGTTCCGAC	0	0	0	19.84975317	28.50655022	0	335
TGGCTCCGTAAAACCGATAACTACAAGTGA	0	0	0	35.02897618	0	0	36
TGGCTGGCAACAGTTGCTCCCCAGGTCAGT	0	0	0	0	57.01310044	0	20
TGGCTGTCATGGACGTAGCCGGTGCCAGTT	0	0	0	15.17922301	76.01746725	0	12
TGGCTTACTCGTGCGCCGGCCGACAAATTT	0	0	1.114754098	0	0	0	92
TGGCTTGATGGACATATACTTTAAGAAATG	0	0	33.44262295	0	0	0	2
TGGCTTTAAATTCCTTGACGTTAGGGAGCG	0	0	228.5245902	0	0	0	605
TGGGAAAATACACGGCGGTCGTAGACTTGG	0	0	0	0	14.25327511	0	1
TGGGACTTAGAGTCTCTTATCCAAAGAAGG	0	0	137.1147541	50.20819918	327.8253275	0	118
TGGGAGAGTAGCAATGGTTATCGTGGGATA	0	0	0	0	1211.528384	0	51
TGGGATACTGTTGATACGTCATAGGTAAGT	0	0	0	0	8143.371179	0	2715
TGGGATGAATGCTAAAAGGCGTTGATGATC	0	0	52.39344262	0	631.8951965	0	177
TGGGATGTATATTAATTGGCCCAACGCAGT	0	0	0	26.8555484	802.9344978	0	5
TGGGCACCAGGGTCAGCGGGAATTAGGTCA	0	0	0	0	9.502183406	0	11
TGGGCCCCTTGCCAAGCTTGCGACAGTCCG	0	20.33444816	21.18032787	2.335265078	0	0	3
TGGGCGGGTGAGGGTGGCCCTAGACACAGC	0	0	0	0	137.7816594	0	321
TGGGCGTTTACCTGTAGTGGATATATGGGC	0	0	0	92.24297059	836.1921397	0	488
TGGGGAAATCATGTCGAACCCAGTGTCGAG	3.140877598	0	0	0	0	0	461
TGGGGAGGTCAGTCTGAACAGAACAGCGGG	0	0	0	0	1054.742358	0	492
TGGGGAGTTAACATGTGATTGCTGCGATTT	0	0	1.114754098	0	0	0	2
TGGGGCACATTTAAACTGGGGAATGTAGCC	0	0	1.114754098	0	0	0	11
TGGGGCAGAACCCAGTCTGTACACTTGGGT	0	0	0	419.1800816	9.502183406	0	81
TGGGGTATTCTCATCCCCTAGCCAGCCTGC	0	0	0	0	19.00436681	0	39
TGGGGTGCACGAGCTAAAGTGGTGGCAGGA	0	0	0	0	156.7860262	0	34
TGGGGTTTTATTCCTGCGTGCGTATATTGT	0	0	13.37704918	0	0	0	371
TGGGTAACAGTTCTCCTTTCTCAAATTCTT	0	0	0	3.502897618	0	0	1
TGGGTACGTCCGTGATGTTCTGTCGGCAAA	0	0	2.229508197	0	522.6200873	0	14
TGGGTATGATTGCGCGTTTAGTAGATGTGT	0	0	0	0	237.5545852	0	34
TGGGTATTAGGTTAGACCTGCATCGATGTT	0	0	182.8196721	24.52028332	0	0	1497
TGGGTCGAAGGAACATGCGGCTCATAGCGT	0	0	0	0	384.8384279	0	34
TGGGTCTGTTGGAGAGGGTTGACCTTAATC	0	0	26.75409836	0	0	0	55
TGGGTCTTACGGAGAGACAAATCGGTATAT	0	0	124.852459	0	0	0	2643
TGGGTGAAAAAGCATGCAGGAAGGTATTGG	0	0	0	0	4.751091703	0	1
TGGGTGCGAAATGAAGGGCGGTGCATGATA	0	0	0	8.173427774	0	0	74
TGGGTGGGAACGAATAATAATGATAGAATC	0	0	41.24590164	0	726.9170306	0	437
TGGGTGGGCACGCATAATCATGATAGAATC	0	0	1.114754098	0	0	0	1
TGGGTGTCTAGAGCATCTCTTTTACGTATG	0	0	23.40983607	36.19660871	185.2925764	0	22
TGGGTTCCTACAAAGAAGGGCAGAGTTGGA	0	0	0	7.005795235	0	0	5
TGGGTTGCAGACCTGGTGTCGGAGAAACAT	0	0	0	178.6477785	0	0	630
TGGGTTTCATATGTGCCAAAGACGCGAGTG	0	0	0	0	66.51528384	0	11
TGGTAATTTAATCGCGTACGTGCGCTAAAT	0	0	0	0	973.9737991	0	2121
TGGTACACTCTGGTCCGTGCACGAGGATGC	0	0	0	0	171.0393013	0	447
TGGTACGGTGTGTTTATTGAGTTGTACTCA	0	0	0	0	19.00436681	0	172
TGGTACGTAGGACACAAGATCGTTGCCTTA	0	0	0	0	137.7816594	0	17
TGGTACTTAATGTCCGGCTGTGGGCACGGC	0	0	0	4.670530157	0	0	93
TGGTAGCATAGGGGGGGTGTGGCCCATATG	0	0	0	0	19.00436681	0	106
TGGTATGGTACACGATCGTCTTGTGGCTTA	0	0	0	15.17922301	90.27074236	0	18
TGGTCATCAAGAGTGGGCTCCGGCTGCACT	0	0	36.78688525	0	0	0	4258
TGGTCCGGAAAGACAGAGTGCACGGAGAAG	0	0	0	0	14.25327511	0	13
TGGTCGTATGTCGTTCTTGGCCTGTGGCAT	27.22093918	0	57.96721311	0	0	0	381
TGGTCGTGTGAGCCTCAGAGGTATGCAAAT	0	0	56.85245902	0	0	0	103
TGGTGACTTACGTGGATGGGGGGAGGCGTG	0	0	0	0	4.751091703	0	1
TGGTGAGGACAGCCGACGACTAGGGGTCAT	0	0	0	0	546.3755459	0	2
TGGTGATTTTAATTGTTACACCATAAGCAG	0	0	0	1.167632539	0	0	7
TGGTGCTAAAGTGTCTAACTGACGTATTGA	0	0	26.75409836	0	0	0	10
TGGTGGCGATAAGTGCGATTAGGCTTTTAA	0	0	0	0	52.26200873	0	12
TGGTGGGAAGAGGAGTAGGATGGGTCAGAG	0	4.280936455	45.70491803	0	19.00436681	0	123
TGGTGGGCTTAAAACGTACCAGAGGTATCT	0	0	0	0	114.0262009	0	40
TGGTGGTAAGGTTTGCCCAAGTTGAAGGGC	0	0	0	0	38.00873362	0	149
TGGTGTACTTTCAGGCGCTTAGAAGAGAAA	0	0	0	54.87872934	161.5371179	0	13
TGGTGTAGTAGACTGTGATGCTAATTTACC	0	0	0	0	4209.467249	0	658
TGGTGTGGACGGCTAGACTTCGAGGTTGCT	0	0	0	0	23.75545852	0	45
TGGTGTTTAATGCGGGCATATTATATTGGG	0	0	3.344262295	0	0	0	217
TGGTGTTTTGACTGAGCTGATGATGTCAGA	0	0	4.459016393	0	0	0	17
TGGTTAGAACGGATAATACATTGTACCAAT	0	0	0	42.03477141	1468.087336	0	391
TGGTTATGTGTCCTCGTGGTATCGCGCACA	0	0	4.459016393	0	0	0	23
TGGTTGATTGTATGATCACTGTTTGTCAGT	95.27328714	97.39130435	2.229508197	56.04636188	831.441048	0	476
TGGTTGCGTAAGGGCTTACGGAGTACAGAT	43.97228637	8.56187291	14.49180328	8.173427774	171.0393013	0	129
TGGTTGGGTGGACTAAGGTGTCCTGTACTC	0	0	0	0	883.7030568	0	9
TGGTTGTGTCGAACGACGCGCCGGCATGGA	0	0	55.73770492	0	0	0	121
TGGTTGTTTATTTGCGTAGATCACATGAGG	0	0	0	0	9.502183406	0	51
TGGTTTCGTCGTAAGTAAAAATTAATAGTT	0	0	13.37704918	0	0	0	285
TGGTTTGGATCTGATCGTCGCGTCCGCTCG	0	0	26.75409836	0	636.6462882	0	1331
TGTAACTGTGACCGTAAGAAATTTTTCCCG	0	0	17.83606557	0	0	0	43
TGTAAGAGTTTACTTTGTCTGATGATGTTT	0	0	0	22.18501824	0	0	2002
TGTAATAGTAAACTTTCTCTGCTACGAGGC	0	0	0	0	228.0524017	0	16
TGTAATTGTCTAGTTCAGAGTAGTCTCACT	0	0	0	0	14.25327511	0	16
TGTAATTTTCTTTAAGCGGGTAACTAAGAT	0	0	0	0	342.0786026	0	198
TGTACAAGTTGCGTGACACGCAGTTGTAAG	0	0	0	0	3838.882096	0	4506
TGTACCGAAGATTATCCGAGCTGGGTGCGC	0	0	0	0	128.279476	0	51
TGTACGAATACTTCCGTGATATGTTAGACG	0	0	201.7704918	0	0	0	27
TGTACGGGAGGAAGTTTGTGTCGGTGACTG	0	0	0	0	76.01746725	0	1
TGTACGTGTCGTTAGGTGGTATATTATCGA	0	0	0	0	817.1877729	0	1102
TGTAGAGGTACGTCTTAGTACGCGGGGGCC	0	0	0	0	66.51528384	0	10
TGTAGATGACTTGATCATGTTTTCGTATAT	0	0	0	0	1030.9869	0	335
TGTAGCTCATATTACCACGGTCGGGGCAAG	0	0	0	25.68791586	1026.235808	0	521
TGTAGGACTGTTTGTTGACTGACTGGATCT	0	0	0	0	3501.554585	0	1211
TGTAGGACTGTTTTGTTGACTGACTGGATC	0	0	0	0	19.00436681	0	2
TGTAGGATTGGGCGCTGATTCGGGAGGACG	0	0	0	0	4.751091703	0	1
TGTAGGGTTATGAGGCATGAGCAGGGTGAA	0	0	66.8852459	0	0	0	706
TGTAGTACAGAGTGCTCAAGTAGGTGCCCG	0	0	0	0	4.751091703	0	46
TGTAGTATTGTGCGATCGCTTCGGTGTTTT	0	0	0	14.01159047	0	0	18
TGTAGTGTTGCAACTGGGCTATAGTTTGGG	0	0	0	0	408.5938865	0	1080
TGTATAAGAAGAAAACGGCCCTCTGTGGGC	0	0	2.229508197	0	0	0	71
TGTATAATACGGAGTACGGTTGTTGGTGGT	0	0	0	1.167632539	0	0	32
TGTATAATTTAATTCTTAAGTATAGACGTA	0	0	0	0	61.76419214	0	1
TGTATATAATTCGATATGTCACAGTTTGAA	0	0	14.49180328	7.005795235	764.9257642	0	11
TGTATCGAAGTAGACTGACGTATGGGCTGC	8.375673595	0	261.9672131	3.502897618	0	0	95
TGTATGGTTGGGGTTCATGAAGAAAAAGGA	0	0	51.27868852	0	0	0	247
TGTATTCAACGTTCTAATTCTCATGAGGGA	0	0	30.09836066	0	237.5545852	0	1927
TGTCCCGATATCGCGCCGGGGAGCGCGTCG	0	0	10.03278689	0	23.75545852	0	10
TGTCCGACAACGTGCGTGTCTAGGGGTTTC	0	0	32.32786885	0	0	0	202
TGTCCGATTGATTTTGCTCGTTGCTCATGA	0	0	0	0	1183.021834	0	338
TGTCCTAATCACATTCAGTGTCGGAATGTA	0	0	0	0	142.5327511	0	89
TGTCCTTCTCTGGGTGCCCATGTGTCTAGA	0	0	0	0	9.502183406	0	3801
TGTCGAAATCTGAGTGCAGAGCAAGGGTAG	395.7505774	185.1505017	463.7377049	0	9.502183406	0	15
TGTCGAGGTCCCATGATAACTACCGAAGAG	0	0	0	11.67632539	0	0	13
TGTCGAGTTATTGTCCGCTTCAAGGAAACT	0	0	1.114754098	0	0	0	14
TGTCGCGAAAAACGCCTGGCACGGGTAGGC	0	0	22.29508197	11.67632539	0	0	5
TGTCGGAAATGGGCTCAATCACTGGTCTGC	0	0	0	0	270.8122271	0	1635
TGTCGGTCTAGTTTAGGAGAAATGACGATG	0	0	0	0	926.4628821	0	30
TGTCGTATAGACGCGCTACGGGTTGATATA	0	0	0	0	19.00436681	0	21
TGTCGTGTTCATAAATATTTACGTTGTTTC	0	0	8.918032787	0	0	0	7
TGTCGTTAAGCTGTCCCTAGGAGTATAGTT	0	0	0	0	4.751091703	0	14
TGTCTAAATCAGGAACTCGGCATGTGGCTG	0	0	0	0	52.26200873	0	17
TGTCTAAGATTCGCTTAATGTACCTGTGCA	0	0	7.803278689	0	0	0	10
TGTCTCGATTTGTAGGGTATTTGGGCATAA	0	0	0	4.670530157	432.349345	0	192
TGTCTCTAACGTTCTTTCGATCCACGTATC	0	0	1.114754098	40.86713887	209.0480349	0	45
TGTCTGAATTTGGAGGTACACAAGAGCGCA	0	0	27.86885246	0	0	0	419
TGTCTGATAAGTTAGTCATACTAGGCGTAT	0	0	86.95081967	25.68791586	1810.165939	0	1080
TGTCTGGGACGCAAGCGGCGTTGGCCGATG	0	0	0	0	52.26200873	0	59
TGTCTGGTTGAGTGGTAGTCGCGGCAGTGG	0	0	0	24.52028332	574.8820961	0	374
TGTCTTATAGTCGGATCATTACAGTTAATG	0	0	44.59016393	0	0	0	114
TGTCTTCCTATGGATTACCCTGTCGTAATT	0	0	0	0	109.2751092	0	269
TGTCTTCCTTAATGCACTTGGGCACTCTTG	0	0	0	0	1187.772926	0	1693
TGTGAAAATATCTGCAGTCGGGTGTGCAAC	0	0	1.114754098	0	0	0	1
TGTGACGATCGTGGTTGGTGAAGGGGACGT	0	0	0	0	4.751091703	0	7
TGTGACTTATGTCATCGAGTCATTAATATG	0	0	0	0	4.751091703	0	14
TGTGAGAATGCTACAATGGTACCCTAGGAC	0	0	0	1378.974029	57.01310044	0	4369
TGTGAGATACTTAATGATTTCTTGACGAGG	0	0	0	0	47.51091703	0	122
TGTGAGCATGCACTTTAGGGGAAGTTTTGA	0	0	2.229508197	0	0	0	1
TGTGATCAAAAGACCTTCGCTCAGCTAATG	0	0	0	0	33.25764192	0	15
TGTGATGTACACGAATTAGTTTCTTCGATC	0	0	0	107.4221936	0	0	491
TGTGATTAAGGATTGGCAAAACGCCGTGTG	0	0	5.573770492	0	19.00436681	0	5
TGTGATTTTGGTTTCGTCGTTCTTGTAGGG	0	0	0	0	760.1746725	0	1622
TGTGCAGAACTAAGCGATTACTGGTTGCGG	0	0	0	50.20819918	9.502183406	0	39
TGTGCAGAAGAGAGTCGGGATGCGCAAATG	0	0	62.42622951	0	5173.938865	0	3451
TGTGCATAAATGATAAAGAGACAGGGCAGA	0	0	14.49180328	0	5435.248908	0	463
TGTGCCCCATTGGGGTAACATACCAGTTGG	0	2.140468227	0	0	0	0	5
TGTGCCTTTACATTTCCCCAGGTTAGCTAG	0	0	0	7.005795235	0	0	16
TGTGCGGGTTCACGACACTGAAGTAGACTA	0	0	0	0	9.502183406	0	68
TGTGCGGTTTCCACCATGGGAACATGCGAA	162.2786759	17.12374582	220.7213115	398.1626959	313.5720524	0	275
TGTGCGTAATTGAATAGGATTTTCAGTATG	0	0	0	0	204.2969432	0	174
TGTGCGTGTTCAGTCTGATCACGTGTGAGT	0	0	0	0	527.371179	0	86
TGTGCTCTTAAGCAATTTTCGGACCGACGA	0	0	0	30.35844602	0	0	24
TGTGGAAGAGAACTCTACATATCCTTATCG	0	0	5.573770492	0	0	0	119
TGTGGACAACATACTTTGCGGATTTATCTA	0	0	0	0	14.25327511	0	33
TGTGGACATCTTTCGTATCTAGCCCCTAAG	0	0	0	45.53766903	361.0829694	0	91
TGTGGCACAGAGGAAAGGCCCAAAACGGGA	0	0	0	1.167632539	33.25764192	0	1
TGTGGCAGTGAGAACTTACCATGCTGATCT	0	0	0	0	375.3362445	0	359
TGTGGCCAATGGAAAGTAAGTTTTCGAGAG	0	0	0	5.838162696	19.00436681	0	65
TGTGGCGAATTGAACAGACCGTATTCCTGT	0	0	0	0	109.2751092	0	172
TGTGGGCGTCCGACGGTGTATGCAAGGGTT	1283.571978	123.0769231	179.4754098	0	0	0	310
TGTGGTGGTGACAAGTTATATGTTGCTGGA	0	0	0	0	4.751091703	0	20
TGTGGTTAAATTTTTATTGTATTGGATCGA	0	49.23076923	113.704918	39.69950633	19.00436681	0	337
TGTGTAAATCACAGTTGGACTTAATTCTAT	0	223.6789298	0	0	0	0	8520
TGTGTAGGATCGCTGCCGTAGTGTCTCTCC	0	0	0	0	38.00873362	0	6
TGTGTAGGATGATGTGCAGCTGGTTGGGTC	0	0	0	0	19.00436681	0	1
TGTGTATATCGCCGGGCTCGGTTACAAATC	0	0	0	0	2731.877729	0	794
TGTGTGGATATGAGAGCAGCTTTTGGCATG	0	0	42.36065574	0	0	0	688
TGTGTGGCTGAAGGGGAAGACTTGCGCACC	0	0	0	8.173427774	342.0786026	0	90
TGTGTGGTACTGTGGAACTTTGGTGCTAAT	2.093918399	0	0	0	61.76419214	0	5
TGTTAAAATCGCTATACGGCTCCGAGGCGG	0	0	0	0	133.0305677	0	15
TGTTAACCAGCTAGCTTCGACGGGGTATGT	0	0	0	0	9.502183406	0	48
TGTTAATTTGGCTTAGTAGAACACATCGCG	0	0	8.918032787	0	389.5895197	0	834
TGTTAGGCTGTCTCTCATGGCCGGGACTGA	1.046959199	390.6354515	60.19672131	0	289.8165939	0	103
TGTTAGTAATGGGAGCGAGGTTTTTTATCT	0	0	33.44262295	2.335265078	0	0	5
TGTTAGTCTTTTAATATGTGATCTGAAGGC	0	0	0	0	152.0349345	0	256
TGTTATCGTAGGAAGGGTTGTAAGGCTGGC	0	0	1.114754098	36.19660871	764.9257642	0	205
TGTTATCGTGTTCGCAAACACTAAACCATG	0	0	0	0	95.02183406	0	37
TGTTCAAAAACACCGGGCTGGTTGTTTAAC	0	0	0	0	99.77292576	0	17
TGTTCAGTTACTTAGTATATCAGGACTATC	0	0	1.114754098	0	0	0	1
TGTTCCTGTGATGGGCTCCTTTACATCATA	0	0	2.229508197	0	636.6462882	0	75
TGTTCGGCACGGCTTACGCATCGGCGGGCC	0	0	0	1.167632539	0	0	3
TGTTCGGGTGCAAGCTTGATATAATTATTC	0	0	0	0	688.9082969	0	87
TGTTCGTTACAAATGTATGTTAGTCTTTAT	118.3063895	25.68561873	80.26229508	0	1249.537118	0	204
TGTTCTAAACGTTGGTTGACAACTGACAAG	0	0	10.03278689	0	0	0	228
TGTTCTAATGCGGGGAGTGATTGAGTGCTG	8.375673595	2.140468227	10.03278689	0	0	0	25
TGTTCTAGACCAAGTTGGAGCCTGCAATTG	0	0	0	37.36424125	0	0	10
TGTTCTATTCGATGACCGCTGGCATGTGCT	2937.767513	735.2508361	471.5409836	0	0	0	1156
TGTTCTCTAATCGGCCGTGTTGGAGCTACG	0	0	3.344262295	0	508.3668122	0	41
TGTTCTGAAGGGAAAAGAGGCTCGAGTACT	0	0	2.229508197	35.02897618	28.50655022	0	36
TGTTCTTTTGGCGGGCGTAAAACAGAGCCA	0	0	0	10.50869285	0	0	535
TGTTGCCGTCCCTATTTCAGAATACATTTA	0	0	0	145.9540674	1297.048035	0	2475
TGTTGGGATCTTTTCGGTGAGCAGGTCTAA	0	0	4.459016393	0	0	0	4
TGTTGGTGATCGTGCGTACGTGCCATGTAG	0	0	3.344262295	1.167632539	0	0	12
TGTTGTAGTCCGGAGCTGCAGAACAAATTC	0	0	0	0	114.0262009	0	20
TGTTGTGTAAGTGACCGCCGTTTGGTTATG	0	0	0	91.07533806	247.0567686	0	284
TGTTGTTCAGCCGAGCTGCGGAGGTCAATT	0	0	0	0	9.502183406	0	76
TGTTGTTTTTCGTTCGAGTATATCCTGCTT	0	0	0	0	180.5414847	0	63
TGTTTAAGAATAAGATAAGTGGCTGTTATT	0	0	168.3278689	17.51448809	76.01746725	0	3266
TGTTTAATAGAAATGTAGGCCGTCTTCAAC	0	0	4.459016393	0	0	0	87
TGTTTACGATTTGGTCGTTTTAGAATGTTT	0	0	0	2.335265078	0	0	28
TGTTTGATTTGATGGGGCATTTGCAATGTA	0	0	0	10.50869285	403.8427948	0	106
TGTTTGTTTGTCATTAAACGTAAATTAGTC	0	0	7.803278689	0	0	0	12
TGTTTGTTTTTTTGCTCATTTGTTAAAGTC	0	0	5.573770492	0	0	0	45
TGTTTTGGTTTACCTATGGTTACCGCCACG	0	265.4180602	0	0	0	0	28
TTAAAAAGAATCTCGTTTACTATGATCGGC	0	0	0	0	9.502183406	0	4
TTAAAACATATTGGACCAATCAACGCTTGC	0	4.280936455	0	0	0	0	1
TTAAAAGTTATCGCACGAGGTCGTCGCTGT	26.17397998	13.91304348	14.49180328	0	9.502183406	0	218
TTAAAATGAGATAGTCCGAATAAAAATTGT	0	0	0	0	23.75545852	0	4
TTAAAGATATTCGGTATGTTGTATGTGGGC	0	0	0	19.84975317	0	0	2
TTAACCATATAGTATAGAAGCTTTTCATTA	0	0	0	64.21978965	1396.820961	0	252
TTAACCGATCCACAGCTCTCGAGATCATAA	0	0	1.114754098	0	0	0	1
TTAACCGCATATGGCAGCGCTGTTTAGGGA	0	0	0	36.19660871	289.8165939	0	8
TTAACTAAATCGTAAAAGGAGGCACCTGTA	0	0	5.573770492	0	0	0	58
TTAAGAGATTTGAAGAGTTAGGGGTAAGGA	0	0	23.40983607	0	703.1615721	0	455
TTAAGAGGAGTTGTAAGCTTGGACGGAGCG	0	0	0	0	9.502183406	0	15
TTAAGATGTCGACACGGTTTGCGTGCTGGT	0	0	0	0	14.25327511	0	8
TTAAGCGATAGTAAAATCAGAAAAGCAATT	0	0	0	49.04056665	0	0	32
TTAAGCTCAGCGCTGGAATCCCTCGGCTAA	51.30100077	61.00334448	2.229508197	0	0	0	1
TTAAGTAATCAAGTCTGACCGTTCCCCACA	0	0	2.229508197	0	0	0	3
TTAAGTGGTGGAGGTGCGGCCCGTGCAACG	0	0	0	0	4.751091703	0	17
TTAATGATTCTCTTCATAAGGCGGAGTAGA	0	0	0	0	4.751091703	0	1
TTAATGATTGGGCAGGATCACTAACCTTTA	0	0	0	0	4665.572052	0	2382
TTAATTCCTGCTGCTGGGGAGGGCTAGTGA	0	0	2.229508197	0	0	0	5
TTACAAGAATCTTTTGTGGCTCGTGGCTTG	86.89761355	795.1839465	1267.47541	16.34685555	95.02183406	0	146
TTACAATGTGATACGTAGTGCCGCCTGCGT	0	0	0	10.50869285	156.7860262	0	122
TTACAATTTAATGTGGAATGATTTTGAAAT	0	0	0	0	1738.899563	0	701
TTACATAGTTTGAGGGTGGAAGGCGGGACT	0	0	16.72131148	2.335265078	0	0	351
TTACATATTTTCTATCGTGATCAAGACGCG	0	0	0	0	23.75545852	0	9
TTACCAATTGAGTTTGAGTTATAGTGTCTC	0	0	0	0	33.25764192	0	31
TTACCCACAGTAGCGCGGTGAGCACAGGGT	0	24.61538462	0	0	71.26637555	0	55
TTACCTCTTCCATAACCACCGCCCTTCCAC	0	1.070234114	0	0	0	0	1
TTACCTGCAGTATCCGTCGCGTAGTCATCG	0	0	0	57.21399442	494.1135371	0	11
TTACCTGGTAGATCAAGGAAGTCTACCGTG	0	0	0	112.0927238	2104.733624	0	971
TTACCTTTTAAGGTACCCTCCGTGGAACCC	0	0	5.573770492	0	0	0	6
TTACGATCAAATATTCTAACAGAGGTCGAA	0	0	0	0	1496.593886	0	203
TTACGATCAAATATTCTACCAGAGGTCGAC	0	0	0	0	4.751091703	0	1
TTACGCATAAGGCGAAAATATAGGCTTTGC	0	0	115.9344262	0	0	0	4237
TTACGCCCTCATGGGATGAGATCCATGCTT	0	0	0	0	9.502183406	0	1
TTACGCCTAGGACGTTTCTGTAGGTTCATG	0	0	0	0	80.76855895	0	51
TTACGGGATGCTCATACACCTGTGAAGACT	0	0	0	0	190.0436681	0	49
TTACTATGAATAGTGGGGTGGGGGACGCCT	0	0	0	0	4.751091703	0	25
TTACTCGTTTGTGTGTCAGCGCTATAACTG	0	0	21.18032787	0	0	0	307
TTACTCTAAACAGCGGCACGGACGCTGGAG	0	0	0	0	218.5502183	0	37
TTACTCTCAGAGTTTATACGAGTTTGTAAA	0	0	0	63.05215712	0	0	1940
TTACTGCTTCTTGCTAGCGAGGTCTCTTTT	0	0	0	10.50869285	0	0	3
TTACTTTTTCAAATGGCATCGCATTAAACA	0	0	0	0	1235.283843	0	1816
TTAGACAGTCGGCCACTCCCGAGTGAGCCA	100.5080831	33.17725753	95.86885246	0	0	0	2
TTAGAGAGTGATGAGTCCTAGGTGGGAACC	0	0	0	0	213.7991266	0	24
TTAGAGATTAACGCTATGCGTTTTTGGAGC	0	0	0	0	4.751091703	0	3
TTAGAGTATGAACTTGGACTACTCGACATG	0	0	0	0	494.1135371	0	35
TTAGAGTGTGTGATGCTCGGTCGGTGACGG	0	0	0	0	874.2008734	0	312
TTAGATCATGTAGGAAACCGGAATTGTAAG	0	0	0	9.341060313	361.0829694	0	140
TTAGATGATATGCGAATATTCGACGGGGAC	0	0	1.114754098	0	114.0262009	0	32
TTAGATGTAGACGCCTTCCTAATCGTTTTG	0	0	13.37704918	0	0	0	693
TTAGATTAAGTCCAACTAGATGGTATAGGG	0	0	0	8.173427774	19.00436681	0	49
TTAGATTGTGAAGGTCGCCAGTGAGTAAAC	0	0	0	0	38.00873362	0	95
TTAGCAAGTCGGGAGCCCAAGGGGGCTAGG	0	0	35.67213115	32.6937111	0	0	138
TTAGCAGGACGCATGTTAAGAGACGGTGAG	0	0	0	0	42.75982533	0	6
TTAGCCGCTCTTTGCGGAGATAGGTCCGCG	0	0	6.68852459	0	0	0	119
TTAGCGCGTACATTCGGGACCTTACTCAAG	0	0	13.37704918	0	0	0	304
TTAGCGGATTAACCAAGAAGCCAAAGATTA	0	0	0	0	4.751091703	0	1
TTAGCGTGTGTTATCAAAAGCGAACGGCCG	0	0	0	1.167632539	23.75545852	0	70
TTAGCTTCTGTACACATCGCGAGGGGCTGA	0	894.7157191	344.4590164	0	0	0	4079
TTAGGAAAAGGTTAGTTTAACCATAATTAG	0	0	1.114754098	0	57.01310044	0	128
TTAGGAATTTCGGCGATTCAATGCCCTCAC	0	0	0	4.670530157	38.00873362	0	87
TTAGGAGAAAGGTTTTAGGGGTAACCATAT	0	0	0	47.87293411	0	0	47
TTAGGATCTCTCAGTAGGCCTTCAGTCATT	0	0	0	0	190.0436681	0	27
TTAGGGCATCTTTGCCTACAATAATGCATC	0	0	1.114754098	0	147.2838428	0	6
TTAGGGGGAAGCTCATGGATGCGAGTAGTG	0	0	4.459016393	0	0	0	2
TTAGGGGGTATGGTGTGTCCGGGTGCTGGC	0	0	0	0	161.5371179	0	243
TTAGGGTAACTGATCACATAATGGCCGCAC	0	0	0	22.18501824	128.279476	0	91
TTAGGTGTTTGGCCTAATTCGGGTGCTCTG	0	0	13.37704918	0	19.00436681	0	20
TTAGTACGTGAAAGTCCCGAGCTGTTCTGT	0	0	0	0	166.2882096	0	194
TTAGTAGATTCGTGGACGCAGTATCGCTCC	0	0	0	0	190.0436681	0	30
TTAGTCTTATTAGCACATTCGAAAATATTG	0	0	0	0	475.1091703	0	234
TTAGTGATAAGTCAGGGTCTAACGTGCGTG	6.281755196	0	0	0	0	0	1587
TTAGTTAATGTGCGTCCACTTGTTCGGACC	34.54965358	80.26755853	368.9836066	0	28.50655022	0	53
TTAGTTACTAGACGTCAGAGAACCATATAC	0	2.140468227	5.573770492	0	23.75545852	0	2
TTAGTTATTTTGTGACCTAGGGACGCAGTA	0	0	0	1.167632539	0	0	1
TTAGTTGCTTGGTTTGGGATCTGGTTACCT	0	0	0	66.55505473	9.502183406	0	50
TTAGTTTGTGAATGATTAGTTTCTTTGGTT	0	0	0	0	19.00436681	0	9
TTATAATGTCTGATTCAATCGTTAATTTCC	0	0	0	0	9.502183406	0	2
TTATACATTTGTGAGGTTAGGGGGAGGTGC	0	0	0	8.173427774	0	0	2072
TTATAGATTCATTTCGAGTCAGCTTACCAT	0	0	0	0	9.502183406	0	10
TTATATGATAGCTATCCGTAACCTCTGCAA	0	0	11.14754098	0	0	0	15
TTATCGCTTGTTAGACGATACTATAGGATT	0	0	0	0	1691.388646	0	567
TTATCGTCAGTGCGGTACTGTGTGCGTTTG	0	0	0	0	19.00436681	0	6
TTATGACTAGCTGTATCAAATGGGAGAAAG	0	0	0	0	19.00436681	0	46
TTATGAGCTGTTCTTTCCTTGTGGTCTGCT	0	0	0	0	104.5240175	0	4
TTATGAGTATGAGGGGAGGAAGCACGTGGG	0	0	0	0	14.25327511	0	18
TTATGGGCATCCGTAAGGTCCCATTCTAAA	0	0	312.1311475	0	0	0	3692
TTATGGGGATCTGACACAGGTAGCCCAGAG	0	537.2575251	8.918032787	0	0	0	2243
TTATGGGGTTAGAGTGGTGGGCTTCCCTTG	0	109.1638796	17.83606557	0	0	0	42
TTATGTGTATAGTGTCGGTGTTGTAGAGAG	0	0	0	26.8555484	636.6462882	0	4
TTATGTTTTGTCCTACGTTATCGTTTACGT	0	0	0	19.84975317	14.25327511	0	96
TTATTACCATTTTGAGGTAGAACGGATGCA	0	0	111.4754098	36.19660871	1924.19214	0	262
TTATTACGTAGGGTCATCGGGTCCTCACCG	0	0	0	0	152.0349345	0	15
TTATTAGGAGCTGATTGAGATCGCCACGGA	0	0	1.114754098	0	0	0	180
TTATTCCGTAAGATGAGTTACAAATGAGGG	0	0	20.06557377	26.8555484	109.2751092	0	148
TTATTGAGTGGTCGACCTTAAGGCTACATA	0	0	0	4.670530157	0	0	37
TTATTGGGTGAGATTTCGAGTTGTTGGTGG	0	0	0	0	693.6593886	0	20
TTATTGTCTGTTACGGCTCACCCCTAATTG	0	0	0	0	14.25327511	0	22
TTATTTAGTTTGAATGTTTCACATCATCAG	0	10.70234114	0	0	0	0	13
TTCAAAAGTGAGATCCTCATTGGGGTAGAC	0	0	0	0	7958.078603	0	3069
TTCACCACTATGCTCGCAACCTCAGTCATG	0	0	0	33.86134364	180.5414847	0	62
TTCACTCTTACACGTTATATGGGTGAGCGG	0	0	0	0	242.3056769	0	36
TTCACTTGAGTGGTCGTACGTGTTCGCCGT	0	0	16.72131148	0	0	0	1
TTCACTTTTATCGCGTTCGTGTCTGTGGTC	0	0	46.81967213	0	0	0	2
TTCAGGTGTATTGCGTTGCTCGGGCTCTCC	0	0	0	0	237.5545852	0	335
TTCATAACTCTGAAAGAGGGGAATGGTGAT	0	0	0	0	9.502183406	0	7
TTCATAAGTTCGTTTCAATTACCTAAAAGT	0	0	0	0	1596.366812	0	2252
TTCATAGGTCCCGGCAGAGCTTTTGGAAAG	0	0	0	15.17922301	223.30131	0	33
TTCATCGCATTAAACACGCGGCAGGATGTG	0	0	0	51.37583172	0	0	2
TTCATTGGAGGGTAGGTCTGGTATCGGGTG	0	0	0	0	14.25327511	0	4
TTCATTGTAATGGTCAGCAACATCGCGTTA	5.234795997	0	0	5.838162696	114.0262009	0	43
TTCATTTGTTCGTTATACGCTGGATCTACA	0	0	0	0	527.371179	0	1
TTCCAAAATTAATTGAAGACCAATATTGGC	0	0	1.114754098	0	0	0	3028
TTCCAAAATTTCAAGGGTGAAAGTTGTAGT	0	0	0	0	28.50655022	0	14
TTCCAATTTCTATCTAATAGGTATTCTTAC	0	0	0	10.50869285	47.51091703	0	217
TTCCACGGAGCGGGAGAGTGTAGGCGTGGT	0	0	0	0	1068.995633	0	367
TTCCATGGAGGCGCATGCTGGCACGGGTCG	0	0	6.68852459	0	0	0	7
TTCCCAGGTATGAACACACATGCCGGGTAG	0	0	0	8.173427774	175.790393	0	37
TTCCCGCCAGAGCGCGACATTGTCCATGCG	0	0	113.704918	0	85.51965066	0	190
TTCCGCGCTCATTACAAGCAGGAATGTGTT	0	9.632107023	0	0	0	0	67
TTCCGGCGTTATCGACTGTACATCGACAAA	0	0	0	0	80.76855895	0	6
TTCCGGGATAGGTTGTGTTATGGCCAACAC	25.12702079	5.351170569	12.26229508	0	38.00873362	0	161
TTCCGGTTTTATATACTTGGTGAAATGCTG	0	0	0	12.84395793	1173.519651	0	46
TTCCGTCCAGTGCGGTAGGTCGGTCCAGCG	0	0	0	0	1800.663755	0	1626
TTCCTAAGCTGCTCTTCTTGTCCCCCTTCG	0	0	0	0	4.751091703	0	1
TTCCTAGAATATGTATTGCTCATGGTTGAT	0	0	0	0	503.6157205	0	12
TTCCTATAAACAATAGTTATAGGCATCCGG	0	0	131.5409836	0	0	0	10
TTCCTTAGTGAACTGCGTCAGAGCTAGTAC	0	0	0	0	156.7860262	0	133
TTCCTTTGTGTAAATGATCGTGGCCAATAA	0	0	0	0	4.751091703	0	1
TTCGAAGATTGGTTTGGCAGCAGCGCTGTC	0	0	0	0	9.502183406	0	14
TTCGAAGCAAAAGGCACCGTGGTATTCTTG	0	0	0	0	2874.41048	0	1673
TTCGACATTAATATTACTGCAGGGACGAAG	0	0	17.83606557	0	460.8558952	0	699
TTCGAGAGTCAGGGTGAACCTCGCGTGGTG	0	0	0	3.502897618	484.6113537	0	116
TTCGAGATTCATGGATCGTGTCCACAGGGC	0	0	5.573770492	0	19.00436681	0	97
TTCGATCTAGGGCCTGGTGAAGCTGTAGGA	0	0	0	2.335265078	66.51528384	0	13
TTCGCATTAAGTCTGGAGTCCAATATCTGG	0	0	35.67213115	0	0	0	117
TTCGCCGTAGTAATTAATGGTTGCTTGCCG	0	0	1.114754098	0	0	0	8
TTCGCCTGAGATTAACCGGACACATTTTTA	0	0	13.37704918	0	137.7816594	0	8
TTCGCCTTTATCACTGAGATCATGGATATA	0	0	0	2.335265078	4.751091703	0	6
TTCGCGGAAGGGGACAAGCAGAATTCGCGG	3.140877598	0	3.344262295	0	19.00436681	0	576
TTCGCGGGAGCGTGACCGCCGTCGACTGCG	0	0	0	0	28.50655022	0	64
TTCGGAAGACTAAGTATTCCGGTAAGGCCC	0	0	0	12.84395793	9.502183406	0	4
TTCGGACTAAAAACGACTGGTTGATGGTGT	0	0	0	0	902.7074236	0	151
TTCGGATATTGTAGAAATCGCAGAATTAAG	0	0	0	145.9540674	921.7117904	0	20
TTCGGGGAAGCTAGCTGTCGTAGAGGCAAT	0	0	0	60.71689204	247.0567686	0	109
TTCGGGTCATTTTGTTTTCTGGAATTCGAG	0	0	0	4.670530157	99.77292576	0	12
TTCGGTAAAAATTGTCCGGCATTAGTGGAT	0	19.26421405	17.83606557	0	33.25764192	0	34
TTCGGTACTTCGTGTTCATGCGCTCTCTCG	0	0	107.0163934	0	0	0	419
TTCGGTCCTTTATTACCAAGAGAAGAGTAT	0	0	0	0	4.751091703	0	35
TTCGGTGCTGGGACAGGTCCGGGCGGTTAC	0	0	7.803278689	0	0	0	115
TTCGTAGAACGTTATTCAATGGGTGTTATA	0	0	6.68852459	0	0	0	104
TTCGTATTAGATATAAAGCGTATCGTTGTG	0	0	0	0	9.502183406	0	4
TTCGTATTAGGTGGTTCATGATGCTGGTAG	0	0	0	0	38.00873362	0	1
TTCGTGCGTCTCATGCGTATAAGCGTATTC	11.51655119	0	0	0	0	0	46
TTCGTGGATGGATAACGGGGGTCGGCAGAT	0	0	0	0	204.2969432	0	55
TTCGTGTATCGACTGTTACCTTATTATCGA	0	0	0	0	14.25327511	0	20
TTCGTTGGTACGCCCTCCGGTGAATCGTAC	0	0	0	0	4.751091703	0	3
TTCGTTTCTTGTGGGCCAATGTTTTTGTGT	0	0	0	10.50869285	285.0655022	0	6
TTCGTTTGTTTCTTGGGTTTATGGCTCTAG	0	31.0367893	0	0	0	0	9
TTCTAAAGTCGCCCTAGCGGGGTGGTTGGC	0	0	1.114754098	0	19.00436681	0	8
TTCTAATCAATAACTTGTGAGAAGCAGAAC	0	0	0	0	4.751091703	0	1
TTCTACACAGGGCGTGACACACCTCGAGTC	0	0	0	237.0294055	0	0	6
TTCTACAGAGTTCTCATCGTGACTAAAGAG	0	0	0	0	1130.759825	0	630
TTCTACCCCGGGCGTGCCACCCCTCACTTC	0	0	0	1.167632539	0	0	1
TTCTAGTATTGGTCATGGTAATGGTAGAGA	0	0	0	0	171.0393013	0	1701
TTCTATAAAGTTAACTGGTGGCAGAAGGCT	0	10.70234114	0	0	399.0917031	0	105
TTCTATACTGTTGGGGGAACGAGACAAGCA	0	0	0	3.502897618	0	0	5
TTCTATGATGTCCACGGGTGTCTGATGTAA	0	0	0	175.1448809	0	0	40
TTCTATGCAAGCCGAAGGTGTGGACGCGCG	0	0	0	0	204.2969432	0	27
TTCTATTGTCGTGATCAGGTTAAGCTGTAG	0	0	11.14754098	0	33.25764192	0	96
TTCTCATATTAAGTCTTGGCTGCATATCTT	52.34795997	219.3979933	24.52459016	8.173427774	261.3100437	0	106
TTCTCCAAAAAGGGGATCGAAGAGTCGGGG	0	0	0	22.18501824	1088	0	222
TTCTGATGAGACTTGAGTAGGGGCCTATCA	0	0	0	0	14.25327511	0	2
TTCTGCCATATAACAGGGGAAAAAACCGAC	0	0	0	17.51448809	0	0	2440
TTCTGCTCTACTGTGCGTTAAGGTGGAACG	35.59661278	26.75585284	43.47540984	0	28.50655022	0	3
TTCTGGAGTGAGATGTACTGGCACGCTCTG	0	0	0	0	4261.729258	0	80
TTCTGGGCTGTCCTCTGGACTGTCGCCTAG	0	0	0	0	9.502183406	0	34
TTCTGGTCTATACTTGAGATTCCATAGTGA	0	0	0	0	4.751091703	0	8
TTCTGGTGTGAATCCAATAAACTAATCCCC	0	0	85.83606557	0	0	0	4
TTCTTATGTAGCACGAAGAGTAAGCTTGAT	0	0	0	0	57.01310044	0	1724
TTCTTGCGATGTTGGTCCGTACGGGGTGCG	0	0	0	0	370.5851528	0	938
TTCTTGTAACTACTGAAACGGGCCGAAACC	0	0	0	0	85.51965066	0	53
TTGAAAGTTGTAATGAGTAGAGTCGTGGTG	0	0	0	2.335265078	0	0	25
TTGAAATAATGCTAAGGGGGCGTGGGGGGG	0	0	0	0	147.2838428	0	9
TTGAAGACAATAGACGGGGTTGCTATTTAT	0	0	0	0	536.8733624	0	587
TTGAATACACCAAGATAAAATTGCATGCAG	0	0	0	0	23.75545852	0	7
TTGAATCAAGGTACGATATGTTAGCGTTTA	0	0	11.14754098	0	2156.995633	0	866
TTGAATGCTGTACTGCTTTTAGTGATCCAA	0	0	0	10.50869285	42.75982533	0	59
TTGAATGGACATGTGACCGTTTTAGTGCGT	48.16012317	255.7859532	120.3934426	0	33.25764192	0	113
TTGAATGGACATGTGACCGTTTTTAGTGCG	0	1.070234114	3.344262295	0	0	0	2
TTGAATGTATAATTCGAGTTCGAACAATCA	0	0	0	0	9.502183406	0	60
TTGAATTTAGAACATAATAATTATCCTACA	0	0	0	0	270.8122271	0	476
TTGACAGAAAATTCAAAAACATTTAGTCGC	0	0	0	0	7150.393013	0	1276
TTGACCGGTGGTTGGGGGTCACGCACCGGC	0	0	2.229508197	0	23.75545852	0	1
TTGACTACTTGCATATAGTAGAGAGCGCAA	0	0	0	0	256.558952	0	113
TTGACTGGAGGTGGCGACTAAATTAGAGTA	0	0	0	0	9.502183406	0	9
TTGAGAGAAGTGGGTGGTACGGATGGTTAG	0	0	10.03278689	0	0	0	213
TTGAGGAAATGGGACCGTTAAATAGGGTTG	0	0	0	0	52.26200873	0	7
TTGAGGCATGTTTTACCAGTTGACAGACGA	0	0	2.229508197	0	0	0	346
TTGAGGTATGAAGGTGGGTGGTGTCATGCC	0	0	18.95081967	0	0	0	33
TTGAGTCTTCAACCATAGTCTTGCTTCTTT	0	0	0	12.84395793	0	0	13
TTGAGTGTAGGAGATGGGTAGCTGCATCTC	0	0	0	2.335265078	0	0	6
TTGATATCATGGTCTGCTCGGGGTTAAATC	0	0	0	0	171.0393013	0	20
TTGATCGTTAGCAGGAGTGGAGCAAGATAG	0	0	0	0	9.502183406	0	9
TTGATCTAACACTAATCCGTTAGTGACGGC	0	0	7.803278689	0	42.75982533	0	12
TTGATCTGTGGAGTGAACAGCGTCGGGCAA	0	0	0	0	717.4148472	0	35
TTGATGTAATTTGAGTCCTCGTAGGGGATG	0	0	0	0	323.0742358	0	16
TTGATGTTTTTAAGGACTAGGTAGTCGTGT	0	0	2.229508197	0	152.0349345	0	19
TTGATTTCAATGAAGTGACAATGTAGTACC	0	0	0	0	218.5502183	0	68
TTGCAAAATAGTGTTTAAGGCGGGGCTTTT	0	0	0	0	90.27074236	0	84
TTGCAACAAGAATGATATGCGAAACGCTCG	0	0	2.229508197	0	209.0480349	0	17
TTGCAAGGAAAGTGTGAAAGCTGAAGCCGT	0	0	10.03278689	0	0	0	27
TTGCAAGTTATGTCTTAGAATGTAATGTAA	0	0	17.83606557	0	190.0436681	0	339
TTGCAATGAGGCGTCCATGGGCTTCTACCA	0	0	0	0	14.25327511	0	149
TTGCACAAAATCGTGAGCTTTTAACAGTCA	0	0	0	0	133.0305677	0	34
TTGCAGGCTATACGGTAGGTCCCTAATTAG	0	0	0	0	99.77292576	0	8
TTGCAGGCTCGAAGTTTATTGCGGGACCTA	0	0	0	0	4.751091703	0	3
TTGCAGTCACTTCTAGTTTGATTCAGTGGC	0	0	0	0	33.25764192	0	27
TTGCATGTACGAGTGTCGCCCCCGAGAATC	0	0	0	0	14.25327511	0	1
TTGCCCGATAGAATTCGCATGCTTACATCA	0	0	0	0	14.25327511	0	1
TTGCCCGGAGTGATCCTTTAAGTAATTAAT	0	0	0	0	47.51091703	0	20
TTGCCGACTGCTTGGGTGAAGGGCACTATC	0	0	12.26229508	0	0	0	35
TTGCCTATATATCCGGTAACGACACCCCGT	0	11.77257525	2.229508197	0	19.00436681	0	9
TTGCCTGCTGCAAGCCCGTATTGTGAGGCA	0	0	36.78688525	0	0	0	27
TTGCGAGAACGCACAGGATCGACCAAAGTA	0	0	127.0819672	0	0	0	224
TTGCGAGCACTCGTCAGACGTACCCGTCGA	0	0	0	0	1510.847162	0	1688
TTGCGCGGACTACTGAGATCATTGAGGGCA	0	0	4.459016393	0	0	0	2
TTGCGTAGTTGGATATCGTGCCCATGGACT	0	0	0	0	147.2838428	0	5
TTGCGTCATAGTAAGACTTCATGCAGGGGA	0	0	0	0	142.5327511	0	50
TTGCGTCCTAAAAGGGCTGGACTATAGGAG	0	0	0	12.84395793	508.3668122	0	940
TTGCTCTATGTATCCGGACCTCAAATAGGT	0	0	0	21.01738571	38.00873362	0	57
TTGCTCTGAATTTCTTTTCTTTAAGACTGC	0	0	0	0	1159.266376	0	174
TTGCTGAGTAAGTACTTATGCAGTGTAAAC	0	0	0	0	14.25327511	0	1
TTGCTTACAAGTAGCACGACCCTGTGTGGC	0	0	0	0	38.00873362	0	3
TTGCTTATATGGGGTTCAGGGTAGACTAGG	0	0	0	0	403.8427948	0	140
TTGCTTGATTTTGCTTATAACTCACATTAT	0	0	0	0	9.502183406	0	6
TTGCTTGTTTTTGTAGCTAACGTGGACATA	0	0	0	3.502897618	285.0655022	0	16
TTGGAAGGTAAACGTAACCTGGCTTAAAGG	0	0	0	282.5670745	337.3275109	0	1658
TTGGACCATGGATTTCAAGATGTTGTACGT	0	0	5.573770492	0	418.0960699	0	51
TTGGACGTTATTAGTGTTACTACCAACGTC	0	0	0	109.7574587	1501.344978	0	1740
TTGGAGGGATGCGGGGCCGCTATAGTGAAC	0	0	0	11.67632539	23.75545852	0	97
TTGGATAGTTAGTTAGCCCCCGGGTCAGCT	0	0	0	198.4975317	2042.969432	0	9
TTGGCATTTTGCTTGCAGGAAGTGGCCCGC	0	0	0	3.502897618	19.00436681	0	36
TTGGCCCGAGTAACTAGATTAGTATTGCCG	4.187836798	37.45819398	277.5737705	4.670530157	931.2139738	0	899
TTGGCGATTTGATCCTGTATAGGCGTAAGT	0	0	0	0	213.7991266	0	198
TTGGCGCCATAACTAGGTACATAACCCTGA	0	0	2.229508197	0	137.7816594	0	145
TTGGCGTTAAGCGCGGATTGTGTATAGAAG	0	0	0	0	4.751091703	0	49
TTGGCTAGAATCGGAGACGCGGTCCTGATG	0	0	1.114754098	0	0	0	334
TTGGCTGCTAGATTGGCTGGCCCTTAACGG	83.75673595	104.8829431	296.5245902	0	0	0	14
TTGGCTTGACATGAGTAGCCCGATTTTGGG	0	0	0	0	9.502183406	0	2
TTGGGATGTCTCCTAGCGGCTCGGTGACAC	0	0	0	0	9.502183406	0	9
TTGGGGGGAGTGGGTACGGATGGAGCGGGC	0	0	0	5.838162696	66.51528384	0	48
TTGGGGTATTTAACAAGACCTGTGATGAGG	0	0	0	0	14.25327511	0	2
TTGGGTAGTTTCGTGTCTCGGAAGGATAAT	0	0	0	0	90.27074236	0	11
TTGGTATAATGAGTGTCCCGCAAATCCCGG	0	0	0	0	4.751091703	0	10
TTGGTATGATAACTTTAAACTGTAAGGGTA	0	0	0	0	38.00873362	0	35
TTGGTCAATGGAAGGTGGGTGGGGGGGTAT	0	0	0	10.50869285	0	0	621
TTGGTCTATGAAAACTTCGTGTGTATTATC	0	0	0	0	52.26200873	0	866
TTGGTCTTAGAACTCGGTTTAGTAGTGAGT	0	0	0	0	9.502183406	0	3
TTGGTCTTAGGCGGGCCTGCTGGCTGATAG	0	0	0	22.18501824	2209.257642	0	269
TTGGTCTTATAGTGCTAGGGGGAGTGGTAC	0	0	21.18032787	0	0	0	206
TTGGTGACTGCAACGGAGGGGCGGAGTCGT	0	0	0	0	14.25327511	0	1
TTGGTGCAATCATTAGTGGGAGGCTGACGT	0	0	0	72.39321743	0	0	57
TTGGTGGGATCTTTTAATGTAGCGCGTATA	0	0	6.68852459	0	251.8078603	0	29
TTGGTGTGATGGAAGGAAAGAGGGGCGCTG	0	0	0	0	61.76419214	0	11
TTGGTGTTACGGGCAACAGGAGAGATTGTC	0	0	54.62295082	0	0	0	372
TTGGTTCGTTCTTTTGGGGCCCAGGCGGGT	0	0	0	7.005795235	0	0	76
TTGGTTCTTGCTGAACGGCCGTTACGGTGT	0	0	0	54.87872934	0	0	26
TTGGTTGATATAGCTCTAACTTAGACCTCT	0	0	0	0	9.502183406	0	8
TTGGTTTGTATGTGCAGGCTAACATATGAG	0	0	0	67.72268727	0	0	8
TTGTAACTATTTTTGGAGGATGGCTGAAGG	0	0	0	0	28.50655022	0	225
TTGTAATTTCAAATGTTTAGGCGTGAGGTA	0	0	0	0	38.00873362	0	821
TTGTACAGAGACTACCCGTCACGAGTCACT	0	0	0	3.502897618	0	0	1
TTGTACTTAATTATTCTGTTGCGTTAGGCG	0	0	18.95081967	0	622.3930131	0	191
TTGTAGCGTTGCACGCTGCCCCTTGAAAAA	50.25404157	4.280936455	12.26229508	0	80.76855895	0	22
TTGTATAAAGGTGTTCGTAAGGCCGGAGAG	0	0	0	0	133.0305677	0	1
TTGTATATATTGACCCGTGGTTTCTAGTAG	0	0	0	0	156.7860262	0	22
TTGTATGGAATTATTATTAAAGTGGTTCGT	0	0	0	0	4998.148472	0	1020
TTGTCAAGTAATGCTTGGATAGGGTGGATC	0	0	108.1311475	0	0	0	960
TTGTCAGATATTCAACTATGGGTGAGTCTA	0	0	0	0	76.01746725	0	963
TTGTCATATGTTGCTTCGATCTTCCGACTA	0	0	413.5737705	12.84395793	0	0	2105
TTGTCCACTTTTCATGGCCGCTGCGGACGC	0	0	10.03278689	0	80.76855895	0	298
TTGTCGGGTACCTGGGGGAGATTGTGTAGT	0	0	15.60655738	0	0	0	170
TTGTCTACAAGCCGGTGATCCGTGCAGGGG	0	0	0	0	4.751091703	0	2
TTGTCTCAAGTTTTAACAACTGCCGGCATT	0	0	0	0	9.502183406	0	2
TTGTCTTAACACTCGGAAGTCCCATTCTAA	0	0	0	0	28.50655022	0	1
TTGTCTTCTACGGGGGGTTATTTAGTCTAA	0	0	0	11.67632539	4085.938865	0	1184
TTGTCTTGTCTAATCGCGGAAGGTAAATGT	0	0	0	0	1206.777293	0	36
TTGTGATCAGTCGGGGGTCCGGCGTTCAAT	167.5134719	86.68896321	81.37704918	0	1501.344978	0	229
TTGTGCGAAGGGTAAAAAGCACTAAATATG	0	0	0	0	7126.637555	0	106
TTGTGCGATGACCTAATGTAGTAGGTGACT	0	0	0	35.02897618	0	0	1
TTGTGGCGAGGAAGGCTTAGTCGCTCACGG	0	2.140468227	6.68852459	0	0	0	2
TTGTGGCTAGAGCAGGGAACAATGCGCGAT	0	0	35.67213115	340.9487014	15174.9869	0	184
TTGTGGCTTAATTCCTTTAGTGATCTCGTG	0	0	66.8852459	4.670530157	90.27074236	0	605
TTGTGTATTCGTCTTGTACCTTACCCACCG	0	0	42.36065574	0	0	0	149
TTGTGTGGTAGGTAGTATGGCTTTCCTTCT	0	0	3.344262295	0	0	0	8
TTGTGTGGTCTCAAGGCAAACGTAGGGAGT	0	0	24.52459016	0	0	0	938
TTGTGTTAAGTCACTCTAAATGTTATATTC	0	0	0	0	28.50655022	0	9
TTGTGTTCACTCGCAGGCTGTTCAGTAAGG	0	0	0	0	1643.877729	0	671
TTGTTAAAAGATTTTCTGTTATTAAATAGC	0	0	0	5.838162696	9.502183406	0	22
TTGTTACTAAAGCTTGGTTTAAAGGCAAAA	0	0	0	0	4.751091703	0	48
TTGTTATAATGAAATCCGTGTGTTGGGAGG	0	0	8.918032787	0	23.75545852	0	245
TTGTTCAAATACAATGTCCTGATCCGAATG	0	0	0	7.005795235	0	0	24
TTGTTCCCTACATGCAAGGCAACTTTACCG	0	0	0	18.68212063	38.00873362	0	727
TTGTTCCTTGCAAAGTCTCTCGGGCTCAAG	62.81755196	79.19732441	18.95081967	0	403.8427948	0	18
TTGTTCGTTCTGGTTCTACCATGAAAGGTC	0	0	5.573770492	0	313.5720524	0	46
TTGTTGAATGGCTTTGCGCATATAAATTAC	0	0	0	0	498.8646288	0	268
TTGTTGATAAGATTGTAGTTTTGTGCATAA	0	0	0	0	907.4585153	0	661
TTGTTGATTTAACTTTATCAAGCGAAAAGA	0	0	0	0	1116.50655	0	2207
TTGTTGGGTTCTTCCTGCTAGCACCGCGTT	0	0	0	0	4.751091703	0	10
TTGTTGTCATCAGATAATAGGGAAGAGGCA	0	0	0	0	76.01746725	0	139
TTGTTTTATCGGCTTACTAAAGGGACAGAG	0	0	10.03278689	0	931.2139738	0	218
TTTAAACATAGGTCAACGCCTCATATCCGG	0	0	266.4262295	0	0	0	1122
TTTAAAGTACGCGGCCATGGGTCATCGAGG	0	193.7123746	5.573770492	0	0	0	173
TTTAAATGTCTAGGAGTGACCATGCGGTTG	0	0	0	0	28.50655022	0	7
TTTAACGGTCTTATAATCCGGGCGCACCTT	0	0	8.918032787	0	0	0	34
TTTAACGTATTGTTAGAAGACTCTCATCAA	0	0	0	0	874.2008734	0	1747
TTTAACTTACCAGGTGTTAAACTTCTCTTG	0	0	0	0	959.720524	0	1245
TTTAAGCTAGGTGGACGGGTGTGCTCCACG	0	0	40.13114754	0	109.2751092	0	668
TTTAATCGTTGGTGTCTGTTAGGATACTTT	0	0	0	0	38.00873362	0	2
TTTAATTTATCTTAGCCCTTGATTCCCGGC	0	0	0	0	42.75982533	0	6
TTTACAACTCTAGACGTTGTGTGTTTAGAT	0	0	0	0	337.3275109	0	242
TTTACAGAAAATGGGGTGTGGCCTCTCTTG	0	0	0	0	66.51528384	0	9
TTTACCCGAAGGATGATATTAAGTGTTGCT	0	0	0	14.01159047	0	0	44
TTTACCGCCTTGTTAGAAGACTCTCCTCAA	0	0	0	0	4.751091703	0	1
TTTACCTATGGGGCGGGCAGTTCGAGGGGG	0	0	24.52459016	127.2719468	551.1266376	0	142
TTTACTCGATGGGACAAGCGGGGTGCGGGG	0	0	0	2.335265078	23.75545852	0	21
TTTACTGATGTAAGTGGACGAGTCGCAGGG	0	0	5.573770492	0	0	0	23
TTTAGAATTATGGTTACATCGCCGGGGACA	0	0	0	0	4.751091703	0	1
TTTAGTCAAGATCTAACTTCAGTCGGGTAC	0	0	0	22.18501824	0	0	2931
TTTATAAGTGACTGGACTAATGGTGTCCCA	0	0	0	0	14.25327511	0	64
TTTATACCTCGTCCGTGTCTTTGGTTTTAA	0	0	0	0	42.75982533	0	4
TTTATACGTGTGTCGTGGATGGGTTGCGAA	6.281755196	5.351170569	3.344262295	0	57.01310044	0	18
TTTATCAATCCATGTTCCTGGATGGCTGGC	0	0	0	0	9.502183406	0	7
TTTATGAAAGTATGCGGGGGTTGGTGAGCT	0	0	0	0	4.751091703	0	7
TTTATTACTATTATAGTGTTCTGCTGGGGA	0	0	0	0	9.502183406	0	27
TTTATTCTTTGTTGACTCATGATTATGCTG	0	0	86.95081967	0	0	0	1644
TTTATTTCTCTCATATCGCTGAAAAAATTC	0	0	0	2.335265078	4.751091703	0	3
TTTCACTGAGAGGGTGACACGGGACTTTCC	0	0	17.83606557	0	0	0	42
TTTCAGAGACGCGGTACGACGGGGGTAAAT	0	0	0	0	190.0436681	0	7
TTTCAGCGAGTTTGGGAAATAGCTAACGAA	0	0	0	1.167632539	0	0	1
TTTCAGGATTGGGGCCCGTACGCGTCTATA	0	0	0	0	4.751091703	0	11
TTTCAGGGTAACTACGCGAAGTGTCAAGAC	0	0	2.229508197	40.86713887	0	0	64
TTTCATGAAATTGAGCAGGTATTAAGTTTA	0	0	0	0	185.2925764	0	12
TTTCATGGACAGCCCTGCAGGTCTGACTAT	0	0	0	0	261.3100437	0	1724
TTTCATTAAGTGGAGATTGCTCTTAGGGTG	0	0	0	0	166.2882096	0	88
TTTCCATAAAGTTTCAGATCGGCACTTTGT	0	0	3.344262295	0	0	0	9
TTTCCGATTCTTTAGCTTAGTGATGTTGGA	0	0	0	1.167632539	1016.733624	0	678
TTTCCGCATCTGCTCATTCGATGTTTGCGT	0	0	0	0	47.51091703	0	2
TTTCCTTCTGTGTATGACAGTAAGTACAGA	0	0	0	0	4.751091703	0	21
TTTCGACATATGGCCACGTCGGACCAACAC	0	0	0	79.39901266	361.0829694	0	1
TTTCGCCCAGTTCGGTATTGGTTGCTTATA	0	0	0	81.73427774	394.3406114	0	1613
TTTCGCCTTTTGGGTTCATCGTCGAAGAGA	0	0	0	0	52.26200873	0	1
TTTCGCGTAAGTGTAAGCGGATCGGTCAAG	0	0	0	0	66.51528384	0	20
TTTCGCTCAGTTAGCTTGGATTAGGGAAGG	0	0	0	0	23.75545852	0	38
TTTCGGGTTATGGTGCGAGGCGACGTTCTT	0	0	0	45.53766903	0	0	43
TTTCGGTTAACCTACGGCCTGTACCGTGAA	0	0	0	0	14.25327511	0	18
TTTCGTAAAGCACGTACTTGCGTCATGACT	5.234795997	17.12374582	34.55737705	0	0	0	572
TTTCGTGTTTGATACAGACTGTTAATTCTA	0	0	0	0	612.8908297	0	12
TTTCTCAAATTCCGCGCTAGCTGATGTTGA	0	0	0	0	9.502183406	0	7
TTTCTCGCAAGGGGACTAATGTCATACATT	0	0	0	0	19.00436681	0	37
TTTCTGAAACGTCCTGGAGTCGCGGGCATT	0	0	0	2.335265078	0	0	3
TTTCTGGGTGGTGCTGTCGAGGGCTGGGCA	0	0	5.573770492	0	0	0	4
TTTCTGTAAATGCGATTTACATACATCCTA	0	0	0	0	47.51091703	0	207
TTTCTGTTAAAAAAGGATTTCGATCACATA	0	0	0	0	90.27074236	0	1611
TTTCTTCTTTCCCCACAGTTCGGGTGCTTG	0	0	0	0	4.751091703	0	8
TTTGAACCATTGTGATAAGAGTTACTGGGT	2.093918399	14.98327759	34.55737705	0	0	0	1006
TTTGACCATAGGCTGCTCCAGGATGATTGG	0	0	0	0	3667.842795	0	2259
TTTGACCGTAAGATTTTCGTGGGTTAGTCG	0	0	0	0	8086.358079	0	2655
TTTGACCGTGCAGCGACGTTTACGCGTGTT	0	0	0	0	907.4585153	0	234
TTTGAGTGTAGCCTGTCAACTGGAATATGT	922.3710547	2765.48495	309.9016393	9.341060313	0	0	3327
TTTGATACACGGCGGTACGCCACAGTGTAC	0	0	0	0	52.26200873	0	3
TTTGATCCATAGTTTGCGAGTGTGGGGAAA	0	0	2.229508197	0	0	0	8
TTTGATGTTACGAGTTCAATAATTTGTAAG	0	0	0	0	147.2838428	0	10
TTTGCAGGATGTTGGTCAAGCGCGTGGTGA	0	0	4.459016393	0	0	0	57
TTTGCAGGTGTATTAGGCCAGACAGATCGA	0	0	37.90163934	0	0	0	46
TTTGCCAAAGTTCTGTTCCTCTAGTGAGAT	0	0	0	0	23.75545852	0	1
TTTGCGGGTGTTTCTTGGATCGGAACGAGC	0	0	0	16.34685555	23.75545852	0	26
TTTGCGGTTTATACTTTATTTTTCATTTTG	0	0	0	1.167632539	2356.541485	0	703
TTTGCTACTCGTTTTGCGGATTGGAATCGG	0	0	12.26229508	0	3663.091703	0	408
TTTGCTCGAATCGAGGGAGAAGTCAGCTGA	0	0	15.60655738	0	0	0	578
TTTGCTGCATGCGACGCCTAGGGATCATTC	0	0	0	0	47.51091703	0	5
TTTGCTGGTAACGGCGACGCGAACAAGTTC	0	0	0	0	9.502183406	0	8
TTTGGAAAAACTGTCGTATCATCTAGCTGG	0	0	0	45.53766903	3140.471616	0	160
TTTGGATAATTCGTTGGTGGATACGGTCTC	3.140877598	0	0	0	85.51965066	0	5
TTTGGCCGACGCGATAACGCCCGCCTTATG	0	0	0	81.73427774	0	0	1512
TTTGGCGGTACGTGCATAGTACTATGCGTA	0	46.02006689	0	0	0	0	8
TTTGGCTCTATTGGAGTTTGCCATGCTGGC	0	0	4.459016393	0	0	0	4
TTTGGCTCTGGTGGCAGATCGATTTAACAA	0	0	2.229508197	0	0	0	15
TTTGGGCGACACTTTCGGAAAAACCTTGAC	0	35.31772575	110.3606557	54.87872934	1373.065502	0	315
TTTGGGGTAACGTTTAGTTCCTAAATCCTC	0	0	10.03278689	0	0	0	89
TTTGGTCCTCAGGCAGCGTAGGAGATTAGA	0	0	0	89.90770552	332.5764192	0	127
TTTGGTTAAGAATGGGTTCACTATTTTTTA	0	0	0	31.52607856	0	0	9
TTTGTAAGATGGGGGGCAAGAAGGGGAGCG	0	0	13.37704918	0	3430.28821	0	1040
TTTGTAGGAAAAGATCAGCTGTTATTTAAG	0	0	25.63934426	0	0	0	1559
TTTGTAGGATGCTGCACTTGATTTGCGGGC	0	0	1.114754098	0	4907.877729	0	668
TTTGTATAACATTTGGTTACCACTGTGATT	755.904542	573.6454849	702.295082	0	85.51965066	0	1450
TTTGTATAATTGGACATGTGCTATCTCGTG	0	0	30.09836066	0	0	0	703
TTTGTATTTCGGTTAGGCACGTTTGTGGAG	0	0	0	0	1254.28821	0	1409
TTTGTGAAAGGCTGGAACTGGTTAACACAT	0	0	0	0	489.3624454	0	96
TTTGTGGTTTGTCGTAGATCGAAAGGGGGG	0	0	0	0	9.502183406	0	13
TTTGTTGGAACAAGCAATATTCCGGGTCGT	0	0	0	19.84975317	0	0	5
TTTGTTTGTATAAGGGAACAAGGGAGATAG	0	0	1.114754098	0	0	0	422
TTTTAAAGAGCTATGGACGAGGGACGACAT	0	0	7.803278689	0	0	0	33
TTTTAAGAAACAATTCACCTCTCGTCCACT	0	0	0	93.41060313	99.77292576	0	110
TTTTAAGGTAACTCAGTACCAGGTTAGAAA	0	0	0	0	147.2838428	0	324
TTTTAATGAGACACTGCCGCAGCCTTTACC	0	0	0	11.67632539	0	0	282
TTTTAATGTCAGGTTAAGGAATCTATTTGT	0	0	28.98360656	0	3178.480349	0	1435
TTTTAATTATGACCGTACCTGCACGTAACT	0	0	11.14754098	0	0	0	89
TTTTACTAAGTGCAAACATACTCGTATCCT	0	0	0	0	14.25327511	0	26
TTTTACTCATATATTGGCGAGAATCTAGAC	0	0	8.918032787	0	0	0	1548
TTTTAGACAAAAGGGTTCTGTAGAGTTCAC	0	0	0	9.341060313	80.76855895	0	29
TTTTATAGTGAAGTGGAGTAGACGGGTAAT	0	0	0	0	19.00436681	0	17
TTTTATATTGGGCGAGTTGTGCATAGTGTA	0	3.210702341	0	0	0	0	2
TTTTATTTTCCAACGCCGGATAGGCCGACT	0	0	0	0	95.02183406	0	12
TTTTCCTAATTTAGTTACAGATTATCATTT	0	0	0	0	969.2227074	0	1895
TTTTCCTAATTTTAGTTACAGATTATCATT	0	0	0	0	4.751091703	0	1
TTTTCGGGTCTCCTCTTGCCTTGAGGTGAT	0	0	64.6557377	63.05215712	204.2969432	0	606
TTTTCTAGTCTATTTCTTTCAATCCCATCG	0	0	0	0	23.75545852	0	3
TTTTCTGGTGTTCCTCTTGTTTGAAAATGC	0	0	0	0	294.5676856	0	456
TTTTCTTGATAACGTCAGGTCAAGGCGACC	0	0	10.03278689	0	0	0	29
TTTTGAGCTGCAAAGTCTATGTTGTATGGT	0	0	0	0	61.76419214	0	33
TTTTGAGTTATAGATAGTGAGGTTAATCAT	0	0	0	0	95.02183406	0	71
TTTTGCGAAAGGTTTTCAGATCTATGAGCC	0	0	0	0	19.00436681	0	7
TTTTGCGCTGTGTGATGGGCGCGGAGTGCT	0	0	14.49180328	0	0	0	47
TTTTGCTCAGTGAAGGCACAAGGTTATGCC	0	0	0	0	28.50655022	0	40
TTTTGGAATGTAGATCTTGAGCAAGAGAGT	0	0	0	0	118.7772926	0	53
TTTTGGTATAGAAGTCTTGTCTATAGATTG	0	0	0	7.005795235	4.751091703	0	2
TTTTGGTGATGTTATTGGCGGGCACTATGG	0	0	0	0	28.50655022	0	4
TTTTGTATTCGTGAAACTGAAGGTAAGATG	0	0	0	0	465.6069869	0	134
TTTTGTCATGGATAACAGGTATGAGCAGTA	0	0	0	0	38.00873362	0	61
TTTTGTGATCCGTAGCTAAATGGCAGATTG	0	0	0	0	456.1048035	0	169
TTTTGTTATAAGAGGCAGGTCGACTCAGTG	0	0	0	0	14.25327511	0	48
TTTTGTTATACGAATGTTACACCGAATCCC	0	0	0	2.335265078	0	0	1
TTTTGTTATAGGGGGCGCACTACATCCATG	0	0	0	0	2389.799127	0	599
TTTTTATAAGTTAAAGTTTTATAGATCCAT	0	0	0	0	194.7947598	0	23
TTTTTATTAAAATTGTCATAGGTTAGGAAA	0	0	0	0	76.01746725	0	96
TTTTTCCGACGCGGCTCGGGAGTTAACTGT	0	0	0	0	9.502183406	0	94
TTTTTCGATCTAGGCCTATTGTGTGACGGA	0	0	0	0	451.3537118	0	81
TTTTTCGGGTCTCCTCTTGCCTTGAGGTGA	0	0	1.114754098	1.167632539	0	0	3
TTTTTCTTAGGGATTGACTCGAGGGTGGTG	0	0	0	0	19.00436681	0	741
TTTTTGAAAAAATGTTCATTGGTGTTCGGG	0	0	109.2459016	0	0	0	1
TTTTTTAGAAACATACGAGCAGATTATAGT	0	0	1.114754098	0	0	0	5
TTTTTTCATTAGTTGGAACCATTTGCCCAG	0	0	0	2.335265078	28.50655022	0	2
TTTTTTGAATAATGGTTTCTCGGCTACCGA	0	0	13.37704918	0	0	0	222
TTTTTTTGTTTATAGGATTGGATATACTGG	0	0	3.344262295	0	0	0	2