barcodes	rsp	pm	am	a	rl	al	lm	neg	inj
AAAAAAGTGTCCACGTCCGGCTCACGTTTT	0	0	0	0	0	0	0	0	1212
AAAAAATTTATCATTGCAATACTGCATAGT	0	0	0	0	0	0	0	0	1811
AAAAAGGTACTTACTGTGTGCGTCGGCGCT	0	0	0	0	0	0	0	0	2519
AAAAAGGTGCTGGGTCATCTCGTTGTTCCA	0	0	0	0	0	0	0	0	59
AAAACCTGGCTTCGGAGTGGTGTAACCTTA	0	0	0	0	0	0	0	0	1220
AAAACGATCTTCCTGCTCTTTAGTTTGTGT	0	0	0	0	0	0	0	0	1434
AAAAGAATGAATGACCCATGCCCTTGTTCA	0	0	0	0	0	0	0	0	442
AAAAGCGAAGTGGGGAAACTGGCTCTGTAT	0	0	0	0	0	0	0	0	5294
AAAAGCTTTATGGTGGCGCCTTTGGCTGCG	0	0	0	0	0	0	0	0	946
AAAAGGAATAAGCCGCTAAGTTCCGCTATA	0	0	0	0	0	0	0	0	423
AAAAGGCTATGAATCCGATGTACCTTTCTT	0	0	0	0	0	0	0	0	1511
AAAAGTTCGACTTAGTGATGTCAGGCAAAA	0	0	0	0	0	0	0	0	1224
AAAATAACGGATAAAGTTAAGGCCGATGTC	0	0	0	0	0	0	0	0	136
AAAATGCGAAGGCCGTAAGTGGTATCCTGA	0	0	0	0	0	0	14.55837563	0	0
AAAATGGCATATGTGGTTCCGCGTTCGGTA	0	0	0	0	0	0	0	0	661
AAAATGGTCCTCTAACTCAATGATAATTTT	0	0	0	0	15.58695652	0	0	0	9410
AAAATGTAGTTCTAAGTTGGAGCCAAAACC	0	0	0	0	0	0	0	0	869
AAAATTACAGAATGATGGCTTTGACAAAAA	0	0	0	0	0	0	0	0	66
AAAATTCAGCCATGGTGTACAGGTGTTGCA	0	0	0	0	0	0	0	0	3346
AAAATTGTCGTTACATTTAAACACCGGGAT	0	0	0	0	0	0	0	0	470
AAAATTTGAGCGGGGGTGCGGTTAGAAGGG	0	0	0	0	70.14130435	0	0	0	454
AAACAATTTCGCATACGTTGTGTCAAAGTT	0	0	0	0	0	0	0	0	1262
AAACAGTCCGGAACGTGGGTCAAACAATTC	0	0	0	0	0	0	0	0	2242
AAACCAGTCGGCTATGTCCAGCAGAATAGC	0	0	0	0	64.94565217	0	0	0	292
AAACCGACGTTTAATCTTTGGGGAGTGAAC	0	0	0	0	0	0	0	0	275
AAACCGCGTCATATCATGTTCCTCCGACCT	0	0	0	0	0	0	0	0	1476
AAACCGTCGTAAGTCAGATGGGTGGTGGCG	0	0	0	0	0	0	0	0	119
AAACCTAATGCCTGGAAGCTTCGGATGAGT	0	0	0	0	0	0	0	0	14
AAACCTACGTCTTACTAATGTTGTTTTATG	0	0	0	0	0	0	0	0	800
AAACGACCTCGGAATCAAGTTGAAGCAAAA	0	0	0	0	0	0	0	0	1582
AAACGGCAGTCTCTGAAGTCATATATACAT	0	0	0	0	0	0	0	0	129
AAACGGCTCGGAACCCGAAATGTTACTTAT	0	0	0	0	0	0	0	0	235
AAACGTAAAAAGCCACGAGCCAAGCTCCTG	0	0	0	0	0	0	0	0	908
AAACGTCGTGAGCAACTCTTCACAATTCCG	0	0	0	0	0	0	0	0	2469
AAACGTGAAACTGAGCTCAGGTTTTTTAAT	0	0	0	0	51.95652174	0	0	0	2307
AAACTAAAATCGTTGATTATGCAGTACCCG	0	0	0	0	111.7065217	0	0	0	358
AAACTAGTTCAGTGTCAGCGCTCCCAGAAT	0	0	15	0	0	0	0	0	2585
AAACTATGGGATGTGAGTCTGTAGCCCGGG	0	0	0	0	0	0	0	0	2004
AAACTATTCGAGCCAAACATTCACATCGTA	0	0	0	0	0	0	0	0	55
AAACTGTGATAGATTATTGAGCAGATAGGC	0	0	0	0	36.36956522	0	0	0	0
AAACTTCGCCCTCCCAGGCCAAGACCAGAT	0	0	0	0	0	0	0	0	930
AAAGAAACAGACTGTGCTTGTGGCAAAGGG	0	0	0	0	0	0	0	0	2033
AAAGAAAGTTTAGTACGTAGCTCTAAAACG	0	0	0	0	15.58695652	0	0	0	536
AAAGAATAACTCAAATTACTGCTGGATCAC	0	0	0	0	0	0	0	0	167
AAAGACAGATTTAGAAGTTACCCATTCTCA	0	0	0	36.36956522	0	0	0	0	0
AAAGACGCCCTCTGAGAGTTACGCGGAGAC	0	0	0	0	0	0	0	0	955
AAAGACTTTTAAAGTGTACGTGTAACTAGT	0	0	0	0	0	0	0	0	230
AAAGAGGTACTAAACATGTGGTCCCAGTAG	0	0	0	0	15.58695652	0	0	0	0
AAAGATACTGAATGAGTTCACTGTTATCGC	0	0	0	0	0	0	0	0	2963
AAAGATGGAGGTTGTATGGGGTGAACCGAT	0	0	0	0	0	0	0	0	316
AAAGATTGCGGGTGGCTTGAGGGTGTTATT	0	0	0	0	0	0	0	0	1441
AAAGATTGGGCGAAGTTCTTCAAGGTGTGG	0	0	0	0	15.58695652	0	0	0	1531
AAAGCAAATAATTCAATAAGGGGCACTAGC	0	0	0	0	0	0	0	0	1225
AAAGCACGATTAATGCTACGTAGTTTCTGT	0	0	0	0	0	0	0	0	21
AAAGCATATTAGGTGTTAATAGGTTCCAGG	0	0	0	0	23.38043478	0	0	0	281
AAAGCCCGAAGGCCCTGCAAGCACATATTG	0	0	0	0	0	0	0	0	38
AAAGCCGTGGTTAGAGATAGCATCGGCCTT	0	0	0	0	0	0	0	0	614
AAAGCGCTCTTCCTTTATATGTTTACCGAG	0	0	0	0	0	0	0	0	1292
AAAGCGGGCAGAGATCCGCTAATTTGCGCA	0	0	0	0	0	0	0	0	336
AAAGCGGTTGATGGTAGGGAGAGCGGGCGG	0	0	0	0	88.32608696	26.29	0	0	51
AAAGCGTCTGTCAAGGTTGTATGAGGTGCT	0	0	0	0	0	0	0	0	132
AAAGCTATATACGCTTGGGATGGTCTTGGT	0	0	0	0	0	0	0	0	144
AAAGGGACGGTCGTGCAGGAGGTGTTAGCG	0	0	0	0	0	0	0	0	79
AAAGTCATATATTCATTCATTGGTTGAATA	0	0	0	0	0	0	0	0	1110
AAAGTCTGGGGCCTGGACAAGACCGGCGTT	0	0	0	0	0	0	0	0	963
AAAGTGCATCTTTCAGCTGCAACACCCTTT	0	0	0	0	0	0	0	0	225
AAAGTGCTTCCGGGATTGAGCCTAACTGAA	0	0	0	0	109.1086957	0	0	0	8057
AAAGTGGCGCCAGGTGTATGGAGCCCCTGT	0	0	0	0	0	0	0	0	2717
AAAGTGTAATGTAGCCCTGTACAACTGATC	0	0	0	0	0	0	0	0	1332
AAAGTTTTCATCCGCCCTATGGTGCATAAA	0	0	15	0	0	0	0	0	15
AAATAAAGGCCGAGCTAGTGAAATCCTAAT	0	0	0	0	0	0	0	0	311
AAATAAGCTGGTCTGGTGCTTTATCGTTTT	0	0	0	0	0	0	0	0	263
AAATAATCGCTAGATCTCCTCTACGGGCCT	0	0	0	0	0	0	0	0	792
AAATACAGTTACGCTGTTTGGGGAGCTCGA	0	0	0	0	0	0	0	0	4539
AAATACGATTTACAGGGAGTAGTCCGTCGA	0	0	0	0	0	0	0	0	686
AAATACGGGCAGTCTGGTCAGAAGTTAGGA	0	0	0	0	0	0	0	0	384
AAATATAAGTATGGACTGAACGGGCAATAA	0	0	0	0	0	0	0	0	1242
AAATATACTGACTTACGGTGCCGACAAGAG	0	0	0	0	0	0	0	0	3132
AAATATTAATCCTTGGTTTGCTAACTAGTT	0	0	0	0	0	14.34	0	0	0
AAATATTCAAGGCGTTTAGAACACAACCAT	0	0	0	0	38.9673913	14.34	0	0	4186
AAATCACCAAATCCTGGTTGCATTAGGGCG	0	0	0	0	0	0	0	0	1048
AAATCATTGCCCCGTGACCGTTCGTTAGCT	0	0	0	0	0	0	120.106599	0	0
AAATCCACTCTGGGATACAGTATAAGTAAA	0	0	0	0	0	0	0	0	18
AAATCGACGGGACAGCGTAAGAACGTACGG	0	0	0	0	0	0	0	0	1230
AAATCGATTTACCTTAGGTTCCTTTATATT	0	0	24	0	0	0	0	0	75
AAATCGGTCGGGTTGGAGTTTTCTTAGGAG	0	0	0	0	0	0	0	0	2462
AAATCGTAGTTATATCGAAATTTACCTCTG	0	0	0	0	15.58695652	0	0	0	154
AAATCTCAACGGTCCGTGGGAGCAGGGCCC	0	0	0	0	0	0	0	0	360
AAATCTCCGGTTCGGCACACGGGTTTCGCG	0	0	0	0	0	0	0	0	715
AAATGAAGGAGATGGCCGAGTATAATTCAT	0	0	0	0	0	0	0	0	1192
AAATGCAGTAACAAGCTATTGATTTAATGA	0	0	0	0	0	0	0	0	958
AAATGCGCCATCGAATGTTGATTGCTTATA	0	0	0	0	0	0	0	0	51
AAATGCGGTGGAGTGCCGCTACGGACTAGA	0	0	0	0	0	0	0	0	2261
AAATGCTTGACGCTTGAGTCTCTTCGACAT	0	0	0	0	0	0	0	0	38
AAATGGAGGTTAATGTACTTTTTTTGGGTT	0	0	0	0	15.58695652	33.46	0	0	3708
AAATGGCATAGGACCGCTATCGAGGACATA	0	0	0	0	15.58695652	0	0	0	5040
AAATGGCGGTGTGTTGTAACATGTTTCCGT	0	0	0	0	0	0	0	0	850
AAATGGGCCTTAACACGAGCTCTTAATGGC	0	0	0	0	0	0	0	0	22
AAATGGTGCGGGATTTCTTTCAGGTTACGC	0	0	0	0	0	0	0	0	1463
AAATGTACTCTGTGACGTTAAACACCTTTA	0	0	0	0	0	0	0	0	476
AAATGTCAGATAATTCTAATGCCTATAATA	0	0	0	0	0	0	0	0	19
AAATGTCGGGTATTAGGAATAGAAGAGTAT	0	0	0	0	0	0	0	0	85
AAATTCGTCCATGCCTGGGCAGGGTAGATG	0	0	0	0	38.9673913	59.75	21.83756345	0	16417
AAATTGCGAGCAGTACGTTATCTGTCGGGA	0	0	0	0	0	0	0	0	1459
AAATTGGAAATCCATTCTCTACCTTGACGG	0	0	0	0	0	0	0	0	14
AAATTTGATAAACAGTATAACGCGCTAAAG	0	0	0	0	0	0	80.07106599	0	0
AAATTTTCCAAGTTGCGTTGGCATACCTCC	0	0	0	0	0	0	0	0	14
AAATTTTGGACCAAGTTTGGCGTTATGCAG	0	0	0	0	0	0	0	0	831
AACACAGAACGCCTGAAAGTCGCTGTTCTT	0	0	0	0	0	0	0	0	2754
AACACCCCAGTATCTACTAGCTCACCCCCA	0	0	0	0	0	0	0	0	1960
AACACGAGTTGGGCCGTAAGAGAGCTTCAC	0	0	0	0	0	0	0	0	164
AACACGCGCACACCTTTTGTCCACTGGATC	14.6754386	0	72	70.14130435	259.7826087	0	0	0	61970
AACACGCGCACACCTTTTTGTCCACTGGAT	0	0	0	0	0	0	0	0	35
AACACGGATCTTCGTGGGATAGATTATGTA	0	0	0	0	0	0	0	0	49
AACACGGGTGAAAGAGTTCCATACCGTCAC	0	0	0	0	0	0	0	0	15
AACAGAAGTGCTGCCGTGGATCCGCCAAGG	0	0	0	0	0	0	0	0	178
AACAGTATTCTATCGTTGTCGAGATTCACC	0	0	0	0	0	0	0	0	22
AACAGTCAAGCTTATTCGATCCTTCACTTC	0	0	0	0	0	0	0	0	915
AACAGTCAGGTAGGTGTCGTGCTTTCGAGG	0	0	0	0	0	0	0	0	2010
AACAGTGTTTCCTCAATATGAGTGGTAAAT	0	0	0	0	0	0	0	0	15
AACAGTTGGGGGACGACTGAGGATGGGGGA	0	0	0	0	0	0	0	0	7463
AACATAGTTACATCTTCGATTGTGAACGCA	0	0	0	0	0	0	0	0	631
AACATCGCGGTACTCATGCAGAGGGTGTTG	0	0	0	0	0	0	0	0	84
AACATTCTGACATCTGGGCTGTGAGTATAA	0	0	0	0	0	0	0	0	1406
AACATTTGATAGATCCCCCTTCCCTTTTGG	0	0	0	0	0	0	0	0	231
AACATTTGCTTCTATGACTAGGTAATCGTT	0	0	0	0	0	0	0	0	985
AACCACAAATTCGGAACAGTCCGGCGTACC	0	0	0	0	0	0	0	0	790
AACCAGGTAGGTTATGCCAACTTACGAAGT	0	0	0	0	0	0	0	0	820
AACCAGGTTTAAAGTATGGAAAGCGTCCTT	0	0	0	0	0	0	0	0	1370
AACCATTACCAGGTATCTCATCTAATCCTC	0	0	0	0	0	0	0	0	59
AACCCCAGGAGTCTATTGACACTATCGATC	0	0	0	0	0	23.9	0	0	0
AACCCCTTAAAAAGGGTTACTCACGCAAAC	0	0	0	0	0	0	0	0	738
AACCGAGATTTGGTCCAGATTCCAGATGAA	0	0	0	0	0	0	0	0	1870
AACCGATGCTCGCGCATCTAATGCGTGGGG	0	0	0	0	0	0	0	0	2689
AACCGATTAAACCAGTGATGGACCCATCTT	0	0	0	0	0	0	0	0	995
AACCGCCTCGAAGAACCAGTCAGGATTCGC	0	0	0	0	0	0	0	0	1490
AACCGTCGCGCTGAGCGGTGCCTGAGTCGG	0	0	0	0	0	0	0	0	404
AACCGTCTCTGGAGAGACCTACCTCACGGG	0	0	0	0	0	0	0	0	1025
AACCGTGCGATTGCCCCGTTGGTGTCGTTT	0	0	0	0	0	0	0	0	28
AACCTGGACAGGTTCATAAAGCCGGCTTCG	0	0	0	0	0	0	0	0	102
AACCTGTGTCCCCATCTTTTGGGCTTGAAA	0	0	0	0	0	0	0	0	270
AACCTTGTTTTCTTTTGTAAGGCTTTGGCT	0	0	0	0	0	0	0	0	57
AACGAACGTCGGCGGGTTCGCAGTATAGAT	0	0	0	0	0	0	0	0	103
AACGACGCGGGCTGGTTTCTGTCTCATGTT	0	0	0	0	0	0	0	0	984
AACGAGCTAGGACGTTATGTGTCAACGTAG	0	0	0	0	0	0	0	0	1422
AACGAGTCGACATAACATCTATATGACCAT	0	0	0	0	0	14.34	0	0	1129
AACGCAGCTCGTTTCTTTTCTATCCCGCTC	0	0	0	0	0	0	0	0	2134
AACGCCGGCGTTTTCAGAAGAGAGGTTGAG	0	0	0	0	0	0	0	0	2468
AACGCGCACGATCGTTTTCGTTTCTTGGAG	0	0	0	0	0	0	0	0	531
AACGCGGAGCATCCTGGGGCCGCGGGGAGA	0	0	0	0	0	0	0	0	845
AACGCTAGGTCAGTCGCGGATCCGTTCTTG	0	0	0	0	0	0	0	0	947
AACGCTCGGTATGGGTCAAATGGTCTTCTA	0	0	0	0	0	0	0	0	1888
AACGCTCTAGGATGGCGTGCGCTTAGGTTT	0	0	0	0	0	0	0	0	1106
AACGGAAGCAATAGTCGTAGTTCTTCCATT	0	0	0	0	0	0	0	0	2353
AACGGACGTTCGGGGGTGAAAAGGTGTGCC	0	0	0	0	88.32608696	0	40.03553299	0	0
AACGGCAGGACCGCCATCCACGTAACGGCA	0	0	15	0	0	0	0	0	0
AACGGCAGTCTGTGTGGGTTCTCGCAGTTA	0	0	0	0	0	0	0	0	688
AACGGGTTGCATCTCCAACCCTAGGGCACA	0	0	0	0	0	0	0	0	1214
AACGGTTAGGCCTTATAGAATTTGACACGC	0	0	0	0	0	0	0	0	1053
AACGTAATCTACCCCTCTCTCAGGAGGTTC	0	0	0	0	64.94565217	16.73	0	0	4781
AACGTAGCATATGTTTCTTAGTGGCCATGA	0	0	0	0	18.18478261	0	0	0	276
AACGTATTTCAGCGCTTACACTCATGTTCT	0	0	0	0	0	0	0	0	739
AACGTGCCTTGGTTGCTAAGGCTTAGAATT	0	0	0	0	0	0	0	0	924
AACGTTGTTCATGGTCTACGCTTGGGGATA	0	0	0	0	0	0	0	0	1677
AACGTTTATTTAAGTTATGTCGATCGGATA	0	0	0	0	0	0	0	0	38
AACTAAGTAAGTTATTCTTTTTTTGTTTAT	0	0	0	0	0	0	0	0	221
AACTAATGGAAATGGTTAACTCGCATTAAT	0	0	0	0	0	0	0	0	342
AACTACGCATTAGTTTGTTATATTATGTAG	0	0	0	0	0	0	21.83756345	0	1808
AACTAGATACACTACCAGTTCTAAAGACAA	0	0	0	0	0	0	0	0	1323
AACTAGGTCTGTGTTAACCCTTGTTAATTT	0	0	0	0	59.75	0	0	0	1098
AACTCCTTACCTCCTTATTAGAGGGCACAT	0	0	0	0	0	0	0	0	138
AACTCGTTTGAGTGCCGGTAGCGGGTGTCT	0	0	0	0	28.57608696	0	0	0	28
AACTGAGTCTTGCGGGTGGCTCCGACAAGA	0	0	0	0	0	0	0	0	24
AACTGGTTTCGCATAATATTGGCAAAGCTA	0	29.75103734	0	0	0	0	0	0	818
AACTGTCATTGAACCTATTAATGCTTTGCA	0	0	0	0	0	0	0	0	672
AACTTAGTTTATGCTCATATTCCATCCAAT	0	0	0	0	0	0	0	0	106
AACTTATGATTTCGCCCTCCATTTAACGGT	0	0	15	0	20.7826087	0	0	0	79
AACTTCCGATGGATGGATCGGTGGTTAAAT	0	0	0	0	0	0	0	0	1887
AACTTGGTAGGGAAGAGCCGGGTGAGGTGC	0	0	0	0	0	0	0	0	1068
AACTTGTGCTGTCACGCCACTAATCGTAGA	0	0	0	0	0	0	0	0	752
AACTTTGCTTATCCAACAGATGTATTCCTC	0	0	0	0	0	0	0	0	1539
AACTTTTTACTTCAAGGGCCTGCACTTCAC	0	0	0	0	0	0	0	0	38
AAGAAACAGACCTCCCTCCCTTTAGAACGC	0	0	0	0	0	0	0	0	163
AAGAACAGTGAGACACGTTGCAAGTTTCGT	0	0	0	0	0	0	0	0	361
AAGAAGCGCCATTGGGTGGCTTAGAGCACT	0	0	0	0	15.58695652	19.12	43.6751269	0	16
AAGAAGCGTCATCGGGGTCGACTTGTGTTT	0	0	0	0	0	0	0	0	3058
AAGAAGGGGGAGATATTTCATGACGTTTGC	0	0	0	0	0	0	0	0	25
AAGAATAGGTAAGGCGTCACACGTCTTCTG	0	17.85062241	0	0	18.18478261	0	0	0	0
AAGAATCTGTTGTATTGATCGATGGTCCTG	0	0	0	0	0	0	0	0	1620
AAGAATTCGAGTGTCTACATAGGGGGCTCA	0	0	0	0	0	0	0	0	885
AAGAATTTGGTGGGAAGGGCTGGGTAGCGT	0	0	0	0	0	0	0	0	830
AAGACACAGTCCCGAACTCGGCTGTGTTTA	0	0	0	0	0	0	0	0	2391
AAGACAGTGTCAAACAACTACGCTCATCCC	0	0	0	0	0	0	0	0	1281
AAGACGGAGTGTCGTGTCCGAGTTGATACT	0	0	0	0	20.7826087	0	0	0	3038
AAGACTACGGGTGGACCACGTGTATATCCG	0	0	0	0	109.1086957	0	0	0	461
AAGACTGTGGAGTGAATCCTGTGGAGCCCT	0	0	0	0	0	0	0	0	194
AAGACTGTTAAATGTGAAGTGCCGGACATA	0	0	0	0	0	0	1641.456853	0	0
AAGACTTCTATAACGTGCATTAGGGATGGC	0	0	0	0	0	0	0	0	188
AAGAGACCGGGCCGTTTAGATCGGTGTCGG	0	0	0	0	0	0	0	0	242
AAGAGCGGGAAAGTGCAACGTATGCGCAGC	0	0	87	0	114.3043478	40.63	0	0	258
AAGAGTTGGTTGGATCTGTACCGAGTCTGC	0	0	0	0	0	0	0	0	2757
AAGATAACTGGTAGTGCATTTGTGTCGTAG	0	0	0	0	0	0	0	0	1114
AAGATAAGTTCATTAGATCCAGCGAGTCTT	0	0	0	0	0	0	0	0	5057
AAGATAGAACGTTCAGTATTTCCAGACCAC	0	0	0	0	0	0	0	0	1547
AAGATAGTCTTATATTACAGAGCTTTACTA	0	0	0	0	0	0	0	0	1670
AAGATCCGCTAGGGGATCTTCAGCTTCATG	0	0	18	25.97826087	23.38043478	0	0	0	686
AAGATTAGATCCTTTTATGATCAAACTTGA	0	0	0	0	0	0	0	0	1257
AAGATTATAGCAAACGAATGTATTGAGTTC	0	0	0	0	15.58695652	0	14.55837563	0	0
AAGATTCAGCGCAAAAGTTTTTTACATATC	0	0	0	0	0	0	0	0	28
AAGATTCGATCGGTAAGATCCTTATTTCTT	0	0	0	0	0	0	0	0	728
AAGCAGCTGGGCACTAGCATCATCATCGTT	0	0	0	0	0	0	0	0	503
AAGCATATCTCGATGAGTTCTTATAAACTG	0	0	0	0	0	0	0	0	2106
AAGCATCTTCCAGGCTTTCAGCTCCAGTGT	0	0	0	0	0	0	0	0	904
AAGCATTCAGTGGTCGTTGTACGCTAGCCT	0	0	0	0	0	0	0	0	828
AAGCCACGTCATCAGACCAATATGGAATTC	0	0	0	0	0	0	0	0	1534
AAGCCATGATTTTACCCCTGGTGGGAATCT	0	0	0	0	0	0	0	0	423
AAGCCGGTCACAATCTGGGCTCCGGAGGGG	0	0	0	0	0	0	0	0	1780
AAGCCGTGTGCTGAGCTGGTTCAAGTGCTA	0	0	0	0	0	0	0	0	840
AAGCCGTTCCTACGCGCAGGCTAAGCGATG	0	0	0	0	0	0	0	0	89
AAGCCTCAGCAAGCCACCGTCGAGCCCGCA	0	0	0	0	0	0	0	0	2919
AAGCCTCATTGGCCCGTGAGAAGGGCCGAG	0	0	0	0	0	0	0	0	2117
AAGCCTGAGAAGTGTTACGGACTACTTTTA	0	0	0	0	0	0	0	0	1584
AAGCCTGTTCTCACTCTTTGACTCGTACAT	0	0	0	0	0	0	0	0	1301
AAGCGAAGTGGCCCTGTCACGAGGTGATTC	0	0	0	0	0	0	0	0	1479
AAGCGAAGTTTACTACGACCTGTTCGCGGA	0	0	0	0	0	0	0	0	1666
AAGCGATAAGCGGGGTGCGCGGGTATTCCC	0	0	0	0	0	0	0	0	1159
AAGCGTCATTCAGATGAAAACTGTGTCTGT	0	0	0	0	0	0	0	0	619
AAGCGTCTTACAGCAGGCAGGGGCAGGCCG	0	0	0	0	0	0	0	0	713
AAGCGTGACGGATTCGCGGTCCTAGGGGCG	0	0	0	0	0	0	0	0	2334
AAGCTACTCTTGACATCAGTCTATACCCTG	0	0	0	0	0	0	0	0	1528
AAGCTATAGCGTGTTAGTAGCATTGGCGGA	0	0	0	0	0	0	0	0	730
AAGCTATTCTGGAGTTGTGTGCCTACCACG	0	0	0	0	0	0	0	0	980
AAGCTCCGGCGCTCTGTTAGCGTCCTGCCG	0	0	0	0	0	0	0	0	1030
AAGCTGATGTACACTTTGTCGGTATCGACT	0	0	0	0	23.38043478	0	0	0	3808
AAGCTGCATATCTTGCGATACGTGGTGCTT	0	0	0	0	0	0	0	0	1405
AAGCTGGGTGCTCTGTAAGCGTAACAAGTG	0	0	0	0	0	0	0	0	1382
AAGCTGTTAAGGGTATTCGGTGCCAATATA	0	0	0	0	0	0	0	0	24
AAGCTTAGAGTTAAGCTGAACACCGACTGA	0	0	0	0	0	0	0	0	1117
AAGCTTAGGTAGGGAAGGTGTTTGATGCGT	0	0	0	0	0	0	0	0	43
AAGGAAGGTCTGGGCACGGACCACGCAAGG	0	0	0	0	0	0	0	0	698
AAGGAATACGGACATTGCCTCGCAGTGACA	0	0	0	0	0	0	0	0	14
AAGGAATCACTTGTATTACGGACCGAAGTC	0	0	0	0	25.97826087	0	0	0	277
AAGGAATTGCTGTCCTCATATTGCTAGGTG	0	0	0	0	0	0	0	0	195
AAGGACGGGTAATCAACTATCGAAGTGATG	0	0	0	0	0	0	0	0	2162
AAGGACTTGGCGGCCCGCGGGGTGAACGGG	0	0	0	0	0	0	0	0	918
AAGGATCGTATATATATATATATGTGAGTA	0	0	0	0	0	0	0	0	75
AAGGATCGTATATATATATATGTGAGTATT	0	0	0	0	0	0	0	0	374
AAGGCAATCAACTATAGATTTCAACGGGTA	0	0	0	0	0	0	0	0	18492
AAGGCACGCACTTGGGGACGTACTCCAGTA	0	0	0	0	0	0	0	0	1193
AAGGCATGAGTCTAATCAGTGATCTAGGCA	0	0	0	0	0	0	0	0	1530
AAGGCATGATGTGCCAGATGTGGGTTCACT	0	0	0	0	0	0	0	0	245
AAGGCCCGTGAATCACGCCGATTCTACACT	0	0	0	0	0	0	21.83756345	0	0
AAGGCCTGCCCAGGTAACCAGATGGTCAAT	0	0	0	0	0	0	0	0	2053
AAGGCGCACCACACCACGGTGCCCACCACC	0	0	0	0	64.94565217	0	0	0	352
AAGGCTGTCAGCATATGTAACTCTGACATT	0	0	0	0	0	0	0	0	1193
AAGGGAATCGTATGCTTTCGGACTCCGAGT	0	0	0	0	0	0	0	0	810
AAGGGAGAGGATACACCATGAGAGTCGGTA	0	0	0	0	0	0	0	0	1385
AAGGGAGCATAGCACGCAAAGGGGGAGGAA	0	0	0	0	0	0	0	0	648
AAGGGAGCATTCGGTCTTTGCCCCTTCAAA	0	0	0	0	0	0	0	0	1386
AAGGGATGTCTTTTAGAGTAATACTTATAG	0	0	45	0	90.92391304	0	0	0	74
AAGGGGCTAGAGGCCTGGGTTTTCATGGTT	0	0	0	0	0	0	0	0	2931
AAGGGGTTCGGTGCGTCGGCGGCGTTGGGG	0	0	0	0	0	0	0	0	276
AAGGGTGAACGTGTTGGAGGAAATAGGGCA	0	0	0	0	0	0	320.284264	0	0
AAGGGTGCTGAGGAACGGAGGCAGCATGGG	0	0	0	0	54.55434783	0	0	0	9102
AAGGGTGGTCTTCGAAGTTCGGTTAGATGA	0	0	0	0	0	0	0	0	123
AAGGGTTGACGGTATGTACACATTTATTGA	0	0	0	0	0	0	29.11675127	0	59
AAGGTAAGGAAAACGATCCGATGTAAACTG	0	0	0	0	0	14.34	0	0	162
AAGGTATACCGAGCCCGTCCAACGGTATCT	0	0	0	0	0	16.73	0	0	0
AAGGTCATGTCGGATTTGAATCGATCTGCA	0	0	0	0	366.2934783	0	0	0	479
AAGGTGCGCATGGCACTATCGCGTAATCGA	0	0	0	0	15.58695652	0	0	0	3724
AAGGTGTACAGACCCTGGGACGTTTGACGC	0	0	0	0	0	0	0	0	310
AAGGTTAGCTTCCATGGCGTTCGCTCGGTG	0	0	0	0	0	0	0	0	220
AAGGTTCCCTGTATCTACACTTCGTATTTG	0	0	0	0	0	0	0	0	709
AAGGTTTGCAGTATACTCTGTCAGCTTTAT	0	0	0	0	0	0	0	0	932
AAGTACATGTCGGGCTCCCCTTAACTCCGG	0	0	0	0	0	0	0	0	26
AAGTACATTCATATTCCATCTGCGCAGTTT	0	0	0	0	0	0	0	0	1739
AAGTACTAGTCCACGCGCGTCAGCTTTTCA	0	0	0	0	0	0	0	0	853
AAGTAGCACGAAATTGACTTGAGTTCTCAT	0	0	0	0	0	0	0	0	1362
AAGTATAATTGCTACATGCAGATAAAAAAC	0	0	0	0	0	0	0	0	1831
AAGTATAGTCTAGTCTCAAACAAACTTGGT	0	0	0	0	0	0	0	0	671
AAGTATCTACATCGTAAACGTCAACTGTGG	0	0	0	0	0	0	0	0	229
AAGTATGGTATCCGAGAAAAGCCGATACCC	0	0	0	0	15.58695652	0	0	0	294
AAGTATTGTAGGATATCATTACCTTTCCCC	0	0	0	0	0	0	0	0	1460
AAGTCAGGTTGTAGCCTACCTGGTTCTGGG	0	0	0	0	0	0	0	0	17
AAGTCAGTGAGGGGTAGCAGAATGCTGGGT	0	0	0	0	0	0	0	0	1404
AAGTCATGCGGTGGCTGAGGCCGGAGCGCG	0	0	0	0	0	0	0	0	1508
AAGTCCAATATGTCGTGCAAGTCTAATGTA	0	0	0	0	0	0	0	0	42
AAGTCCCTCATCTAGGCCGGGTCGGCCGAA	0	0	0	0	0	0	0	0	1839
AAGTCTACTGTAACACGTTGTATACTCATG	0	0	0	0	0	0	0	0	216
AAGTCTTTCGAATGCGAGAGTCCTACCATA	0	0	0	0	25.97826087	0	0	0	33
AAGTGACCTCCTAGGCGGACCTGACAGGGG	0	0	0	0	0	0	80.07106599	0	0
AAGTGAGATTTGGTTCGGGGTCAACGTTCG	0	0	0	0	0	0	0	0	1821
AAGTGCACCCAGAGCCCGCTAGTAGCAATT	0	0	0	0	0	0	0	0	2010
AAGTGCCTACTCGGTGTTATAATCGTTTTA	0	0	0	0	0	0	0	0	17
AAGTGCTAACAGGTTGTGGATGTATAAGTA	0	0	0	0	0	0	0	0	63
AAGTGGACCCCGGAAGCCTCTAACCCACGC	0	0	0	0	0	0	0	0	265
AAGTGGATAAAGAGAGGGGCTCTACGGTTT	0	0	0	0	0	0	0	0	3118
AAGTGGTAGTAAGTGACAGTACTATTCGGG	0	0	0	0	0	59.75	14.55837563	0	0
AAGTGGTCCCGTGACAAGACTATCATCGGG	0	0	0	0	0	0	0	0	1709
AAGTGGTCCGGGGCCCATGTAGAGATGGCG	0	0	0	0	0	0	0	0	350
AAGTGGTTTATTACGCAAGAAAGCCAGTGC	0	0	0	0	0	0	0	0	54
AAGTGTTAATTCGGTTTCTAGCAAGTTTTA	0	0	0	0	0	0	0	0	18
AAGTTATAAACTAAAGCGTGTTAGCGAGAT	0	0	0	0	0	0	0	0	465
AAGTTATAAGTAGGTACTGTACCGGGGCGG	0	0	0	0	0	0	0	0	2070
AAGTTATAGTTATTTTATACCTTCATGTAA	0	0	0	0	0	0	0	0	1236
AAGTTATATCGTCTCCTGCCCCTGACGAAA	0	0	0	0	0	0	0	0	29
AAGTTCAGCTAAAATCGTGGTATTTCTATA	0	0	0	0	0	0	0	0	1175
AAGTTCATGACTCTTATCGTCGCCCGAAGT	0	0	0	0	0	0	0	0	1773
AAGTTCGGTGGGCCTTACCTGCAACAATAG	0	0	0	0	0	0	0	0	41
AAGTTCTGTCCTCTATATTGGGGGGAAAAG	0	0	0	0	0	0	0	0	929
AAGTTGCTAGTGTGGCCGAGGCCTCGAGGC	0	0	0	0	0	0	0	0	74
AAGTTGGTAGCATGATTGGGCTAATTGCGC	0	0	0	0	0	0	0	0	358
AAGTTGTAATACGTCCCAAACAGGTGAGGA	0	0	0	0	0	0	0	0	19
AAGTTGTGCTGTTACTGCAGGGAGGGGTGG	0	0	0	0	0	0	0	0	369
AAGTTTCTATCCGCAAATTTATATTTAAGC	0	0	0	0	0	0	0	0	139
AAGTTTTCGATTGCCACAAATGTAGCCTAG	0	0	0	0	0	0	0	0	233
AATAAAAGAGTCAACGCCCACGAATCTGTC	0	0	18	0	28.57608696	0	0	0	27
AATAAAGATGTCGCCCTAAATATTGTCTTA	0	0	0	0	0	0	0	0	172
AATAACAATAAGTAACCCATATGGGCGATT	0	0	0	0	0	0	0	0	342
AATAACTTCTCGTGTACGGCTAAGCTTGTC	0	0	0	0	0	0	0	0	692
AATAAGTGCTACTTATGTTAACGTGTGGCC	0	0	78	0	150.673913	0	0	0	74
AATAATAATTGGATACAGTAATTAGCATGT	0	0	0	0	0	0	0	0	2076
AATACAATGTTGGCAGCAGCACAATCTAGC	0	0	0	0	0	0	0	0	522
AATACCGCTTGTGTTACCTAGCTAAGGCAT	0	0	0	0	0	0	0	0	10052
AATACCTCACGCCTGTGCACCAACAAATTT	0	0	0	0	0	0	0	0	573
AATACGAGTTTTGCGAAATTATTGAGGTAG	0	0	0	0	0	16.73	0	0	490
AATACGATCAAACTTCCGTCTACCTTAGTT	0	0	0	0	0	0	0	0	1295
AATACTATCTAATTCATAATGTATTGAGTC	0	0	0	0	0	0	0	0	23
AATAGCAAGTTTAGTCCTAATAGACGCGCC	0	0	0	0	0	54.97	0	0	0
AATAGCAGCTATGACCGGGTAGTCAGTACG	0	0	0	31.17391304	0	100.38	0	0	34
AATAGCCGAAGCGCACTCACTCTGACTGCT	0	0	0	0	0	0	0	0	1002
AATAGGGCAGTTTCGACCTGACCAGAGAGC	0	0	0	0	0	0	0	0	5428
AATAGGGGAATATGCCCGTATTCGGCTGTG	0	0	0	0	0	0	0	0	1870
AATAGTGTTCGACGTGCCAGGGACGTCGGT	0	0	0	0	0	0	0	0	54
AATAGTTTACGGGTATTTTCTTAGGGCTTC	0	0	0	0	0	0	0	0	3883
AATATAAAGAGCTAGCCCTTCGTTCGGCCA	0	0	0	0	0	0	0	0	87
AATATCAGGGTGAAATTAAAGGATTTCGAG	0	0	0	0	0	0	0	0	416
AATATCGCATCGCCTTGTTAAGCATGCACA	0	0	0	0	0	0	0	0	864
AATATCGGAGAAATGACGCCGCGCAGGGGG	0	0	0	0	0	0	0	0	260
AATATGCAGGGAAAGTTCGTATTATGCGAA	0	0	0	0	0	0	0	0	99
AATATGGCGTTTAGCAAACCCGCTTGCACT	0	0	0	0	0	0	0	0	705
AATATGGCTACACCGGAAATTTCTGCATCT	0	0	0	0	0	0	0	0	38
AATATGGTCATATCAGGCCGTCGCGGGAGT	0	0	0	0	0	0	0	0	208
AATATGTGCTGCTTGGATCCCCGACTAAGA	0	0	0	0	0	0	189.2588832	0	0
AATATTTCCAATGTCTGTACATTCTGCATC	0	0	0	0	0	0	0	0	80
AATCAAATTTCGCCGATTCAATGTACGCTG	0	0	0	0	0	0	0	0	173
AATCACCGGCGGACAATCGGATTCCACCGG	0	0	0	0	0	0	0	0	197
AATCACGTTCGTAGCCCGCGCGCACACGCA	0	0	0	0	0	0	0	0	642
AATCAGGATACCGGCTGAGCGCCGTGATTT	0	0	0	0	0	0	0	0	2036
AATCATACTGCCAACCGTAATGCATAGCTT	0	0	0	0	0	40.63	0	0	0
AATCATGCGTAAATCGTGACAGGTAGACTT	0	0	0	0	0	0	0	0	43
AATCCCTACTTTGAGGCTCCGATTGATTCA	0	0	0	0	0	0	0	0	795
AATCCTAAGTGTTTTAAAACTGTTTTGATC	0	0	0	0	0	0	0	0	1401
AATCCTAGGCCGGGGTTCGTGCAGGGCTCC	0	0	0	0	0	0	0	0	1257
AATCCTTAACGTGATCAATCAGTCATTTGG	0	0	0	0	0	0	0	0	699
AATCGCAGAGCACCCGCCTTTTAATGTTGT	0	0	0	0	0	0	0	0	956
AATCGCTCAGCGTTTGCAAGTTAAATGCGG	0	0	0	0	15.58695652	0	0	0	5362
AATCGGGCGGCTGGAGCTGTCGGGCTGGTG	0	0	0	0	0	0	0	0	156
AATCGGGTATACGAGTTTTCCCGCCTAAGT	0	0	0	0	0	0	0	0	34
AATCGGTAACGATTTATTGATGTTACGGAA	0	0	0	0	0	0	0	0	63
AATCTACCTTCATTGTTCGGGAGGCGTAGG	0	0	0	0	0	0	0	0	1886
AATCTACGTGTTGAGTCATTAGGGTTAAGC	0	0	0	0	0	0	0	0	1012
AATCTAGAAGGATATTGGCTACAGTAGTGC	0	0	0	0	0	0	0	0	43
AATCTATACGTTTAAGAGGTCCTTTGAAAC	0	0	45	0	28.57608696	0	0	0	131
AATCTGGGACTGTATATTGGCGTGTCGGCG	0	0	0	0	0	0	0	0	49
AATCTTCATTGTATGGTTCTTAAAGTGTTC	0	0	0	0	787.1413043	0	0	0	246
AATCTTTTATCCCGCGCGATCGATGACTCT	0	0	0	0	0	0	0	0	686
AATGACAGTTAGTAACTTCCCTGGGCGGAT	0	0	0	0	0	0	0	0	85
AATGACGTAGAAACATCCTGCCCCTGTGGC	0	0	0	0	0	0	0	0	193
AATGAGCCAATCAGGACCCGGGAGCACACG	0	0	0	0	0	0	0	0	122
AATGAGCCGGGCTACTCACTGACAACTCGG	0	0	0	0	20.7826087	0	0	0	715
AATGAGGGTATAGGTATGTCTGTCGAGAGC	0	0	0	0	0	0	0	0	1514
AATGAGTCGATGGTTTCTGCCTTTTTACCT	0	0	0	0	0	0	0	0	2114
AATGATTTTAACCAATAAGTATTTACTGTC	0	0	0	0	0	0	0	0	58
AATGCAGCAATACGCTCATTCGGAAACCTC	0	0	90	0	41.56521739	0	0	0	43
AATGCCAAGTAGCGACGCGATGGTCAGTCT	0	0	0	0	0	0	0	0	50
AATGCCCCTCTGCTCGTAGGCAAGCCCCAT	0	0	0	0	0	0	0	0	325
AATGCGCGCTGGCTGCTGTTAGCTCAATAT	0	0	0	0	0	0	0	0	62
AATGCGTCTCTGTCTTGCGCTGAGATGTGT	0	0	0	0	0	0	0	0	2365
AATGCGTTATGACCGATGTTTGATAGTTTC	0	0	0	0	0	0	0	0	1107
AATGCTTCTTTAAATGTGAGTATATACTAT	0	0	0	0	0	0	0	0	619
AATGCTTTATGGCGGAAATGGACCGGATAG	0	0	0	0	0	0	0	0	1438
AATGGATCAATTTTGATTGGCGTGGCCGGG	0	0	0	0	0	0	0	0	46
AATGGCTGGGTGGGCCTGCAGGCAATAGGT	0	0	0	0	0	0	0	0	1396
AATGGGGGTCGTATGTTCGGAGAGGGCTTT	0	0	0	0	0	0	0	0	930
AATGGGTACTACTTGTTCTTGAGTACATGT	0	0	0	0	0	0	0	0	1116
AATGGTACACTTTAACTCTAGCCGTCGCTG	0	0	0	0	0	0	0	0	819
AATGTACACCTCTTTCATACACGTTAATCA	0	0	0	0	33.77173913	0	0	0	0
AATGTAGAGATCGCCTTGAAGTGCCGGTGT	0	0	0	0	0	28.68	0	0	4247
AATGTAGCCTTAGTTCAAAGTATTCCCCAA	0	0	0	0	0	0	0	0	568
AATGTCAAGGAGTTCACATTCGGCTCTAAC	0	0	0	0	44.16304348	0	0	0	569
AATGTCTAGCCCTTTTTTAAGGCATAACAC	0	0	0	31.17391304	0	0	0	0	163
AATGTCTGATACGCATCTTCTTGCGGTATA	0	0	0	0	0	0	0	0	1383
AATGTGGGGGAACGGTGTATCAAGTTCCAA	0	0	0	0	0	0	0	0	1730
AATGTGGTCTAAAAGTTCATAAAGCGTTTA	0	0	0	0	0	0	0	0	2015
AATGTTGTCTTTATGCACATTTGGTGTCCA	0	0	0	0	0	0	0	0	1254
AATTAATGATTCAAGGTCTCATTTCCGCTA	0	0	0	0	0	0	0	0	1859
AATTACTCGTACACATTGTCATATCTGGTA	0	0	0	0	0	0	0	0	522
AATTATAACCACTCTCGGCTCTCGCATCAC	0	0	0	0	0	0	0	0	201
AATTCACGTTGTATTAGTTCGGTTTCGTTA	0	0	0	0	0	0	0	0	592
AATTCCCCGTGGAATGTAGCGATTTTTCGC	0	0	0	0	0	0	0	0	2781
AATTCCTCATTGTTTGGTATTATACGCGGT	0	0	0	0	0	0	0	0	23
AATTCGAGGAATATGCCATGGACTGAGGGC	0	0	0	0	0	0	0	0	2505
AATTCGTTCCAACATGATATAGCTTTTTGG	0	0	0	0	0	0	0	0	878
AATTCTACCCAGCAGACTTGAGTCAACTCT	0	0	0	0	15.58695652	0	0	0	33
AATTCTCTAGAGAGGCATGCCAAAATCCGT	0	0	0	0	0	0	0	0	419
AATTCTCTTTGCCGGCGCCATATAGACCAG	0	0	0	0	0	0	0	0	7088
AATTGAACATGGAGATTCCCAATACAATTA	0	0	0	0	23.38043478	0	0	0	13108
AATTGAGGGGACTAGGTATATTGTGGCACC	0	0	0	0	0	0	0	0	15
AATTGGAAATATTGTGCACAGGCGTTGCAA	0	20.82572614	0	0	0	0	0	0	0
AATTGGGCCATACAGGCTGGTCGATTGGTA	0	0	0	0	0	0	0	0	601
AATTGGTGGCGCACGTGCTTAGGGCATCGC	0	0	0	0	0	0	0	0	44
AATTGTGCTAGATTAAAATCTTCATCATTA	0	0	0	0	0	0	0	0	478
AATTGTTGTTTGTGATTATGCTACCCACAT	0	0	0	0	0	0	0	0	393
AATTTAAGGGTAGGTGAATATACGCGTCAA	0	0	0	0	36.36956522	0	0	0	2971
AATTTATGAACATGGACAATCGCAGGTGCT	0	0	42	0	0	0	0	0	19
AATTTATTAAACCACACTAATAGGGGTATG	0	0	0	0	0	0	0	0	96
AATTTATTGGATGATCTCATATTTAGGTAC	0	0	0	0	0	0	0	0	652
AATTTCTGGTTGCACACAGTCTACATCTAG	0	0	0	0	0	0	0	0	26
AATTTCTTGACAGACATAGATGCCGTAATC	0	0	0	0	0	0	0	0	721
AATTTCTTTAAAAATGAGGAAGCACATATA	0	0	0	0	0	0	0	0	617
AATTTGAAGTTCTCCGTATAATCTCCTAGT	0	0	0	0	0	0	0	0	2214
AATTTGTTGACCGGTTCTAGTATCTAGGCT	0	0	0	0	127.2934783	0	43.6751269	0	18644
AATTTTGGTGATCTGCCATTCCTGGGAAGG	0	0	0	0	0	0	0	0	2872
AATTTTTGTCATGGCGTTATTACCGAGTTC	0	0	0	0	0	0	0	0	2021
ACAAAATGGTACTGGTGAGGGTTGGGCCAG	0	0	18	0	31.17391304	0	0	0	25
ACAAAATGGTATCCTGTGGCGGGTTTAATA	0	0	0	0	0	0	0	0	460
ACAAAGGGGCCTGCCAACAGGCATGCTCGT	0	0	0	0	0	0	0	0	835
ACAAAGTGGCCACATGTTTTGATGTCGTGA	0	0	0	0	0	0	0	0	1112
ACAAATTTTTAGTATCTATTCGAAGAATGT	0	0	0	0	0	0	0	0	83
ACAACAACGATAGATTTAAAATGCGTAATG	0	0	0	0	0	0	0	0	60
ACAACAATATTTTACAAACAAAGGTCCCGA	0	0	0	0	0	0	0	0	1594
ACAACAGATCATAGCTGAGCAGTTATTAAC	0	0	0	0	0	0	0	0	38
ACAACATCGTGCCTTATTTTTTGAGGCCGA	0	0	0	0	0	0	0	0	1848
ACAACGAAATACTTTGTATACAGTTCCTGC	0	0	0	0	0	0	0	0	197
ACAACGGAATTAAGCCACGCCCACGTAATG	0	0	0	0	0	0	0	0	349
ACAACTACGTTGGCAGCCCGATCATCTCCA	0	0	0	0	0	0	0	0	170
ACAACTCGTTACGTCGGTCTCTTTTGGACC	0	0	0	0	0	0	0	0	28
ACAAGAGAATGTGTGCGCGTCGTGACAAGC	0	0	0	0	0	0	0	0	169
ACAAGGAGAGGTAAGATCGAGCGGGCCAGC	0	0	0	0	0	0	0	0	221
ACAAGGCATGCGTGCGCGATGTGTCGCGAG	0	0	0	0	0	0	0	0	151
ACAAGGCTAGATATAATCACCTGATAGAAG	0	0	0	0	0	0	0	0	24
ACAAGTCTGGAGCTACATGAGTGCGAACGC	0	0	0	0	0	0	0	0	1016
ACAAGTGTCGGGGGAAATTAACTTGCAGCC	0	0	0	0	0	0	0	0	303
ACAATAATTGTACCTAAACGTTCTTTGATC	0	0	0	0	0	0	0	0	567
ACAATACCACAGAGCCTACTATAGCTACGG	0	0	0	0	0	0	0	0	183
ACAATCGTCATGTTCTTTACTCGCATGCTT	0	0	0	0	0	0	0	0	4756
ACAATGAGGCATATCGAAGTTACATAGGCA	0	0	0	0	0	0	0	0	660
ACAATGCCTCTCAAACGACAGGGGACTTGA	0	0	0	0	0	0	0	0	351
ACACAAGGTGGTGCCTAGGGCCGGGCAACC	0	0	0	0	0	0	0	0	3173
ACACAGGACCCTCCGCGCACGTAGATACCA	0	0	0	0	0	0	0	0	608
ACACATTGATTCGAATTTGCCTGATTCAAA	0	0	0	0	0	2569.25	0	0	34
ACACCGCACGCTGTCTACTGTAGACGTCAT	0	0	0	0	0	0	0	0	586
ACACCGGATTTATGAAGCGGTGCGCCGTAA	0	0	0	0	0	0	0	0	213
ACACCTATAGTTTCATTCTGTATTATCTCC	0	0	15	0	0	0	0	0	0
ACACCTGATAATTATTTTATTTGGTTCGGC	23.06140351	0	0	0	0	0	0	0	1257
ACACGACAAGTGAAGCGCTAGACAGTAGTC	0	0	0	0	0	0	0	0	1066
ACACGATCTACCAGGGGCTGTCTGGCCTAC	0	0	18	0	0	0	0	0	360
ACACGCCCTTAATGTTCAGGGGTCAAGGAG	0	0	0	0	0	28.68	0	0	15662
ACACGCTCGGGAACTACCCTAGCACACAAC	0	0	0	0	0	0	0	0	335
ACACGGCGAACAAAAGCCGGTATCCATGGT	0	0	0	0	467.6086957	0	0	0	3487
ACACGGTTTTCATCGTCTTGGAGGCTATTA	0	0	0	0	0	0	0	0	318
ACACGTCCCGAAGTCAAACATTCACCGTAG	0	0	0	0	0	0	0	0	57
ACACTCCGCAAGGCTATGGAGCAGAGGCAG	0	0	0	0	0	0	0	0	1486
ACACTCGGGGGGCGTGGTCGGCCCGTGAGC	0	0	0	0	15.58695652	26.29	0	0	0
ACACTGTAAGTCAGACTATATGCATTATGT	0	0	0	0	0	0	0	0	659
ACACTTTGTTGTGAAAATTCACCCCCTCGC	0	0	0	0	0	0	0	0	119
ACAGAACCTTTCCCTGGGGTAATTTCGCAG	0	0	0	0	0	0	0	0	2137
ACAGAAGCCATATTGTACTACAGTCGGTTA	0	0	0	0	0	0	0	0	49
ACAGAATGCAAAGCTATTCATAATAGTATC	0	0	0	0	0	0	0	0	572
ACAGAATTTATTGCCTGTCTTTCGAATCGG	0	0	0	0	0	0	0	0	320
ACAGACACAGCCAAGTCCCACCGTGTGGCT	0	0	0	0	0	0	0	0	1133
ACAGACCTGGGGGTCCGGGTGTTACCCATC	0	0	0	0	0	0	0	0	105
ACAGAGCGCCCTAGGAGGAGCGCTGCCGAG	0	0	0	0	41.56521739	0	0	0	108420
ACAGAGCTCTTCAATAGCTGGTGCGGCCAC	0	0	0	0	0	0	0	0	317
ACAGAGGGCGAGCTGGACCGATTGCTTGCC	0	0	0	0	0	0	0	0	21
ACAGATGTGGAAATCATTTAAAACTGAGGA	0	0	0	0	0	0	0	0	26
ACAGATGTTCTACTGGCCAGATTCACGCTG	0	0	0	0	0	0	0	0	2735
ACAGATTCCACGTTTAGGACCGCTGGATTC	0	0	0	0	0	0	0	0	1773
ACAGATTGGTGGTCCGGAATTTCCTACTGG	0	0	0	0	0	0	0	0	1150
ACAGATTTTAAGCACTGGTTTCGCTTCCAA	0	0	0	0	0	0	0	0	90
ACAGCAAATATTGCAGTACCCATTGTCTAG	0	0	0	0	18.18478261	0	0	0	1051
ACAGCAGCATCTCTCCTTGTGGTCTCTAAT	0	0	0	0	0	0	0	0	1182
ACAGCAGGTCGCGTAGCGGCGGTTACGCTC	0	0	0	0	0	0	0	0	220
ACAGCCGTTCGGGAACTGTAAATCACGAGG	0	0	0	0	0	0	0	0	1791
ACAGCCTTGCCAGAAGCTCGGCCGGGCATC	0	0	0	0	0	0	0	0	926
ACAGCGTATGCAGTTGTCTGGTATCAACGA	0	0	0	0	0	0	0	0	426
ACAGGAAGTCTGTACGAAGCAAGGTCCGCC	0	0	0	0	0	0	0	0	18
ACAGGAATCGCCCAGGAGGATCCGAGACCG	0	0	0	0	0	0	0	0	2471
ACAGGCTCAAATCTTGGCCATGTTAAACGC	0	0	0	0	0	0	0	0	30
ACAGGGCATGGTTTTATGGTATAAATTGCG	0	0	0	0	0	0	0	0	674
ACAGGGTGCCGATTGGCGATGTGGCTGGCG	0	0	0	0	0	0	0	0	1014
ACAGGTTGCCTTGCCAACATTTAAGTCTTA	0	0	0	0	0	0	0	0	125
ACAGTAAAGGTAGGGTCTTATTCACTCAAT	0	0	0	0	0	0	0	0	676
ACAGTACGGGGTGGGGGCGCTCGTAACAGG	0	0	0	0	0	0	0	0	1176
ACAGTATGGATTTGGTAGAACTCTTTCAGT	0	0	0	0	0	0	0	0	1454
ACAGTCCGTTTGATCCGTTATCACTTATCG	0	0	0	0	0	0	0	0	326
ACAGTCGATGGGGAGCAGCAACTCGGGCTC	0	0	0	0	0	0	0	0	1198
ACAGTCTGACAGGTAATGTGCGCGGTCGGA	0	0	0	0	0	0	0	0	1483
ACAGTCTTTAAAGTCTGTATACATGGTTCA	0	29.75103734	27	0	109.1086957	35.85	14.55837563	0	36049
ACAGTGGTGGAGGTCATCGATTTAAGTTTC	0	0	0	0	0	0	0	0	85
ACAGTTGATTGCAATGGGTGAACGACTCGC	0	0	0	0	0	0	0	0	1523
ACATAAAGGCTATTAAGGATGCTCGTATTT	0	0	0	0	0	14.34	0	0	783
ACATAAGGTACTCCTTTATCCGTCTAGCCC	0	0	0	0	0	0	0	0	831
ACATAATTCCCGAATATGAACTACATAGAT	0	0	0	0	0	0	0	0	1069
ACATACGTTAAGATCGAGGGTGAGGGTCAG	0	0	0	0	0	0	0	0	1318
ACATAGGCTTACTTACCATCTATGGCGGTA	0	0	0	0	36.36956522	0	18.19796954	0	2730
ACATAGTTAGTATTCATTTATATATATTTG	0	0	0	0	0	0	0	0	1151
ACATATCTAGATTGCCGACCCACTTCACTG	0	0	0	0	0	0	0	0	1232
ACATATGGAACCCGAACATATAGTCCCAGA	0	0	0	0	0	0	0	0	748
ACATATTGCGGCTCAACGTTAGTGAAGTAC	0	0	15	0	0	0	0	0	1991
ACATCCCAGCTGTCGTATGCAGTTGCAATG	0	0	0	0	0	0	0	0	1560
ACATCCCATCAAAGTTCGGATCCCCCTCTT	0	0	0	0	0	0	0	0	20
ACATCCCTATTCCCGTTTTGGGCAATCACG	0	0	0	0	0	0	0	0	219
ACATCCTGGTTAGAATCTAAAAATGAGGTC	0	0	0	0	18.18478261	0	0	0	417
ACATCGCGCGAGACAGCATCCTTCGTTAGA	0	0	0	0	0	0	0	0	3184
ACATCGTCGTTTCGAAATTCTTTGTGGATC	0	0	0	0	0	0	0	0	1447
ACATCTCGCAACCTAAAGGCATTTGATGTT	0	0	0	0	0	0	0	0	163
ACATCTCTTCGGAATTAGCCACTTGAAAGC	0	0	0	0	0	0	0	0	765
ACATCTTTGGCTTCCTGTTCTCCCATCGAC	0	0	0	0	0	0	0	0	516
ACATGAAGAGGTATCGTCGTAAGTCGTTTT	0	0	0	0	0	0	14.55837563	0	36
ACATGATGTCGTTGAGGTCATGTGGGACGG	0	0	0	0	0	0	0	0	257
ACATGGCATTGGGCGTACATTGAGTGATAG	0	0	0	0	0	0	0	0	1132
ACATGTGTAGGGGGTATCAGGCGCGTAAGA	0	0	0	0	0	0	0	0	932
ACATGTTACTGACTCTTGTAATGCTCGGTT	0	0	33	0	0	0	0	0	999
ACATTAAAGCCGTCTTTTGAAGAACTTGTT	0	0	0	0	0	0	0	0	1302
ACATTACTTCGTTGCAGTTGGGGTCATATA	0	0	0	0	189.6413043	0	0	0	0
ACATTAGATGTGTCAAGGGTAGCAGGGTTG	0	0	462	0	54.55434783	0	0	0	180
ACATTCATTAAGCCAACATCGACGATTTGC	0	0	0	0	0	0	0	0	341
ACATTGAATTAGCACTGTATAGATATGGCG	0	0	0	0	0	0	0	0	1412
ACATTGGCCCATACGATTTGTTAAGTAGGC	0	0	0	0	0	0	0	0	220
ACATTGGCGAGACATAGGTCTGTAAATCAC	0	0	0	0	0	0	0	0	1621
ACATTGGCTCTGGGTCTAGGCGGACACTCA	0	0	0	0	0	0	0	0	2530
ACATTTAAAATTGTGTGGCTTATGTTGGTT	0	0	0	0	0	0	0	0	2682
ACATTTACGGGGTGGAGGTGTCTTACCTAA	0	0	0	0	0	0	0	0	620
ACATTTAGTAGGAGGCTGTACTGCCTTTAT	0	0	0	0	0	0	0	0	1174
ACATTTGAGGGATGGGTTCATTATGTGGAT	0	0	0	0	33.77173913	0	14.55837563	0	22
ACATTTTACATATTTGTCAGTGCCGTACTA	0	0	0	0	0	0	0	0	319
ACCAAACCGGATAGGTCAAGCGTGTAGTCT	0	0	0	0	0	0	0	0	17284
ACCAAATCCAACACAATGTACAACTGACCC	0	0	0	0	23.38043478	0	0	0	720
ACCAACAAAGACATTCAATTGTTTGCCTTA	0	0	0	0	0	0	0	0	1731
ACCAAGCGTTTTCACTGCTCACTGCGAAAC	0	0	0	0	0	0	0	0	437
ACCAAGGTTTCCCCTTGCTTAGTCCTCCGG	0	0	0	0	0	0	0	0	523
ACCAATAGGTCTAGTGGTTATCGGTCCCTG	0	0	0	0	0	0	0	0	16
ACCAATTAAGCGCTGCGTGATCCTCCTGGC	0	0	0	0	883.2608696	164.91	0	0	1302
ACCACCAGCCCAATGTCTGTCAAGCGTAAG	0	0	0	0	0	0	0	0	1282
ACCACGAATGTAGTCGCTTAGTGTTCGGGC	0	0	0	0	0	0	0	0	369
ACCACGGTAGGTGTGCTATTCTGTTTTAAG	0	0	0	0	0	0	0	0	1236
ACCACGGTTGGACGGCCTAATTGAGTGACG	0	0	0	0	0	0	0	0	1339
ACCACTCTGTAGTACCTTATCACCGCGCGT	0	0	0	0	0	0	0	0	2069
ACCAGAATCGGCAGGTTTAATGCCACCGCT	0	0	0	0	0	0	0	0	1080
ACCAGACAAGCTCAAGGGTTCCCGTTTGGG	0	0	0	0	0	0	0	0	4777
ACCAGATCCGTCCGAGCAGAGTAGTTCATG	0	0	0	0	163.6630435	16.73	0	0	102881
ACCAGCACATTCCGTAAGTGTCCGTTTCTC	0	0	0	0	0	0	0	0	1477
ACCAGCTAGTGTCGAACAATTTTATTGAAC	0	0	0	0	0	0	0	0	128
ACCAGGCCCTAAGCGGGATAGTCTCGTAGA	0	0	0	0	0	0	0	0	804
ACCAGGTTCCTAAAGCAATGGTAGTTTTGT	0	0	0	0	0	0	0	0	175
ACCAGTCTGATGAATCGTGGTATAGCAAGA	0	0	0	0	0	0	0	0	70
ACCAGTTAGGGAGACTGCAACGGTGTTTTT	0	0	0	0	0	0	0	0	900
ACCAGTTGGCATCTTTGACTTCGTGCACGT	0	0	0	0	0	0	0	0	858
ACCATAGGCAGTTGCGTTCGGAGCACGCTG	0	0	0	0	0	0	0	0	1045
ACCATCAGTGGTGTGCTCAGAGGGGGGCGG	0	0	0	0	0	0	0	0	357
ACCATCTGTTCACAGTCTTTACGAAGTTCC	0	0	0	0	0	0	0	0	198
ACCATTAATTAGATTGCGTCTGTCCTGGTT	0	0	0	0	0	0	0	0	3292
ACCATTTTGGCGATGACTGAAAATGGGCTC	0	0	0	0	0	0	0	0	614
ACCCAACGGTGTGTTCGGTATCGATATTCC	0	0	0	0	0	0	0	0	2231
ACCCAAGTACATGGCCATCCTACGGGCTCG	0	0	0	0	0	0	29.11675127	0	0
ACCCACTGTCTGGGGGTGGGAGAAGGGTTT	0	0	0	0	0	0	0	0	49
ACCCAGAGGGTGCCCACGTACATCTATGCT	0	0	0	0	0	0	0	0	749
ACCCATATTTCGCAATCTTGTCCTATTTCA	0	0	0	0	0	0	0	0	578
ACCCATTGGTACTCGGACGTGTAGCGTTTA	0	0	0	0	0	0	0	0	1681
ACCCCAGATCCCGAAGAAACAATAGAGGAA	0	0	0	0	0	0	0	0	268
ACCCCCTCATCCCATCTTGCTTGCTTTATA	0	0	0	0	0	0	0	0	858
ACCCCGTGATACTTGCCCATTTCTCCCTCC	0	0	0	0	0	0	0	0	381
ACCCGCGGCTTTCGCAGGATCATCCACCGC	0	0	0	0	0	0	0	0	1985
ACCCGGAGTCTACGGGGTCGGTGTTCTTCG	0	0	0	0	0	0	0	0	1541
ACCCTAGCCGTTGAGGTACGTCCGTGAGGA	0	0	0	0	0	0	0	0	88
ACCCTGCGAGTGTTGCTAAGGTATTTATTC	0	0	0	0	0	0	0	0	493
ACCCTGGTTGCCTAAGGGGGTCTACCAGAT	0	0	0	0	0	0	0	0	190
ACCCTTGGGTTGATAATTCGATGAGAACGA	0	0	0	0	31.17391304	0	0	0	0
ACCCTTGGTGAATCTCTGTATCATGAGCGC	0	0	0	0	0	0	0	0	2354
ACCCTTGTAAGGCGGTCGCCAATACCGGAC	0	0	0	0	0	0	0	0	101
ACCCTTTCATGAGGACAGGGCTTAATCTTG	0	0	0	0	0	0	0	0	864
ACCGAACGATGCGTTCAAATGTAGGCGTGT	0	0	0	0	0	0	0	0	1457
ACCGACAGGTTTTCATTATGTTTTCGATAA	0	0	0	0	0	0	0	0	1613
ACCGAGTCTTTTTGTGATTCTGGCTCTCGT	0	0	0	0	0	0	0	0	54
ACCGAGTTCGCCTGACGATCGAGGCTGGCC	0	0	0	0	0	0	0	0	1159
ACCGATTACTATTATTTGCTTTATATTACT	0	0	0	0	20.7826087	90.82	18.19796954	0	14
ACCGCACGTAGAGAATAGGCGCGAGAACAA	0	0	0	0	0	0	0	0	146
ACCGCAGGCCAGTTCTTATGGAGCTCGCAT	0	0	0	0	0	0	0	0	44
ACCGCATGCTCATCTGCTATAATACTATCT	0	0	0	0	0	0	0	0	683
ACCGCCATGGGGTGAACAGTAGACCAGGAT	0	0	18	0	33.77173913	0	0	0	29930
ACCGCCTGATGAACCATCGAATGGTCAGAG	0	0	0	0	0	0	0	0	1273
ACCGCGCCTGCATTTAGTCCTACGGTGTGC	0	0	0	0	0	0	0	0	72
ACCGCGCTATTAACTTTCAGTTACGTCTGA	0	0	0	0	0	0	0	0	1389
ACCGCGGGTCACAGCAGGGTGCAGACCGGC	0	0	0	0	0	0	0	0	265
ACCGGAGACTCATAGTCTGGATGAGGGTGT	0	0	0	0	0	0	0	0	216
ACCGGATCTACTGCCTTTTAGTTGATGGAC	0	0	0	0	0	0	0	0	2296
ACCGGGACCACGGTGTAATTGGTCCGGTTG	0	0	0	0	0	0	0	0	534
ACCGGGCCGGGCAGGAGGGCTGGAGGGGGG	0	0	21	0	0	0	0	0	258
ACCGGGTACCCTTACGTATAATTGGTTTGA	0	0	0	0	0	0	14.55837563	0	0
ACCGGGTGCCAAAGGCCGAATAGCCTGGGA	0	0	0	0	0	0	0	0	943
ACCGGTTCGCAATATTTTATCGTCAAGTAC	0	0	0	0	0	0	0	0	57
ACCGTGGTGTCATGCGGAAGAATTGCGAGA	0	0	0	0	0	0	0	0	312
ACCGTGGTGTGACGGGGGAGGTCTGCAACA	0	14.87551867	0	0	0	0	0	0	0
ACCGTTAGTCCAACGAGCGTGCACAAATCC	0	0	0	0	0	0	0	0	1263
ACCGTTTTTTTAAATTTCGCAACTCCTATT	0	0	0	0	0	0	0	0	973
ACCTAAATAACTCTCAATTCGATCGCGACT	0	0	0	0	0	0	0	0	2437
ACCTATTCATGCAGCATGGTTGATTTCGAG	0	0	0	0	0	0	0	0	544
ACCTCGCTAACAAAAATAAGTGTAAGTTGT	0	0	15	0	0	0	0	0	44
ACCTCGGCACAAAGACACCCTTCATCCTAG	0	0	0	0	0	0	0	0	1282
ACCTCTAACGCTCGTGGTCGGAGTGCACTT	0	0	0	0	0	0	0	0	351
ACCTGAAGAAGGCCAAACCCCCATTGGTAC	0	0	0	0	0	0	0	0	1296
ACCTGAGATTTTGATTGGTTGCATTTACTC	0	0	0	0	0	0	0	0	16
ACCTGGACTAACGCCGACGATCGTAGCCTT	0	0	0	15.58695652	0	0	0	0	41
ACCTGTATGTGACTATCGCCCATAGCATTA	0	0	0	0	0	0	0	0	904
ACCTGTCCCGTCAAGATTCGTGTTGGTGTA	0	0	0	0	0	0	0	0	244
ACCTTCTGTATGATGTCGTGCCCGTCTCGT	0	0	0	0	0	0	0	0	1074
ACCTTGAGTACGCGATATGTCGGATAACGC	0	0	0	0	0	0	0	0	1199
ACCTTGATCTCTTTCATAGGGGCTACTCTA	0	0	0	0	0	0	0	0	925
ACCTTGCAAAAATTTGGTTCGGGTACACAC	0	0	0	0	0	0	0	0	763
ACCTTGCTTTGTGAGTCTGTAGTAACAGGG	0	0	0	18.18478261	38.9673913	45.41	0	0	14
ACCTTGGGGCTGGTATCTGTGGATCCCCGG	0	0	0	0	0	0	0	0	51
ACCTTTCGTACCCCGTGGCATCGGGGCCAG	0	0	0	23.38043478	0	0	0	0	1229
ACCTTTGTGATCGGACTGAATCGTGGGGCT	0	0	0	0	0	0	0	0	524
ACGAACATTCATACGGAGACCGTCAATGAG	0	0	0	0	0	0	0	0	863
ACGAACGGGGGGCATTTGTCGCTCCCGGCG	0	0	0	0	0	0	0	0	2838
ACGAACTTAAGCGGTACTTAGGGGGCACAT	0	0	0	0	0	0	0	0	69
ACGAAGAGTTGATGCGCTAGGTTCTTTTGC	0	0	0	0	0	0	0	0	514
ACGAAGGCCCAGTTATGGCTATTGTGGGAG	0	0	0	0	0	0	0	0	940
ACGACAGCGGTCCCCCCGCGTACAGTTCCA	0	0	0	0	0	0	0	0	25
ACGACCATTATGGGTGCAGTGACTGGGGGC	0	0	0	0	0	19.12	32.75634518	0	16
ACGACGTAGTGATGCCTCTGGTGCCAATGG	0	0	0	0	467.6086957	0	0	0	742
ACGACTGGTGCGTGGTGAGTCACACTTTGA	0	0	0	0	0	0	0	0	199
ACGAGAAGTTGCACAACAGTTAGCCCCTTT	0	0	0	0	0	0	0	0	169
ACGAGAGGGATATCAATCGGGAAGCCTAAC	0	0	0	0	0	0	0	0	1264
ACGAGCAGGGCCGTGGGGATGACTGGTGAT	0	0	0	0	0	0	0	0	138
ACGAGGCAAGTGCGTGTTGGGTGGTCTGGC	0	0	0	0	0	0	0	0	191
ACGAGGTGCATGTCACCTATCCTATATCTC	0	0	108	20.7826087	122.0978261	23.9	14.55837563	0	27964
ACGATAAGCTTGGGCCACCTGGAGATCGAT	0	0	0	0	0	0	0	0	489
ACGATCACCTCAGCAGCCGAACGGTGGCTT	0	0	0	0	0	0	0	0	50
ACGATCGTTCCACATGCCGGAATGCTGTTT	0	0	0	0	0	0	0	0	471
ACGATCGTTTGTGGCAGACGTGGGATTCTG	0	0	0	0	0	0	0	0	1499
ACGATGCATTTGTAGGAACGGATTTGCACC	0	0	0	0	0	0	40.03553299	0	0
ACGATGCTTCTAGGTCCTGGCCTAAACTCG	0	0	0	0	0	0	0	0	751
ACGATGGTGTTCGAATTTCATTAGGTGCGA	0	0	0	0	0	26.29	0	0	1422
ACGATTATCCTGCATCAACAGAAACAGCTC	0	0	0	0	0	0	0	0	375
ACGATTCAAGGGCCTAGCCCTGCGTAGAAA	0	0	30	0	15.58695652	0	0	0	106
ACGATTTCGTCTAATGGCTTGATGTCAAAT	0	0	0	0	0	0	0	0	1145
ACGCAAATCTTGTGGTACAGAGAGAGGATC	0	0	0	0	0	0	0	0	1818
ACGCAACGGTTCTCCCTATTTGCTAGTTTC	0	0	0	0	20.7826087	0	0	0	849
ACGCAAGATTCACGCGACCCCATGTCAGCA	0	0	0	0	0	0	0	0	933
ACGCAATTCGCTGGCCATTATGTTATTTGT	0	0	0	0	0	0	0	0	5612
ACGCACGCGTAAACCCTTGATAAGGCTAGG	0	0	0	0	0	0	0	0	233
ACGCAGGACGGTACGCTAAATGGGTCGGAG	0	0	0	0	0	0	0	0	19
ACGCAGTTAAGTATAAATGTGGAGTCATGA	0	0	0	0	0	0	0	0	3124
ACGCATCTAACCAATAATAATGTAATTTAC	0	0	0	0	0	0	0	0	1165
ACGCATTGTAACAATGATGGCACAAGTGTT	0	0	0	0	0	0	0	0	1661
ACGCCAATAAGATGCATTCAGTCAGTTAAG	0	0	0	0	0	0	0	0	1247
ACGCCACCAGGTGTGTTGTGCTCGCATGTG	0	0	0	0	0	0	0	0	4753
ACGCCAGCGTGACCAGTTTTGGGGGGAGGT	0	0	0	0	0	0	0	0	653
ACGCCCCTTACCCAGTTAAGATCATACTAG	0	0	0	0	0	0	0	0	59
ACGCCGTAAGCGTCGGGCCCGCCGGTGGAC	0	0	0	0	0	0	0	0	834
ACGCCTCGTTTCTAATTTTCTTGTCCATTG	0	0	0	0	0	0	0	0	71
ACGCCTTCTTGGGGGCTATAGGGGTATATT	0	0	0	0	0	0	0	0	882
ACGCGAGACATCCGGGTTTTGATTGTAAAT	0	0	0	0	0	0	0	0	31
ACGCGGGGGGTGTTAGGACGACAGGGGGGC	0	0	0	0	0	0	0	0	690
ACGCGTAGTGCTAGAAAGCTTATATGTCAT	0	0	18	0	0	0	0	0	15
ACGCGTGGTCCGTGAGGTCGTTCCTACTGC	0	0	0	0	0	0	0	0	1399
ACGCGTTCACCTTGGGATGAGGAGGGGGCT	0	0	0	0	31.17391304	0	0	0	424
ACGCTAAATACAGCACAAGTTCCGGGCAGA	0	0	0	0	0	0	0	0	23
ACGCTACATCGGATGTGCTTAGTTAACACC	0	0	0	0	20.7826087	0	0	0	53
ACGCTACTTTAGTGTTGTCCTGGATATGGG	0	0	0	0	0	0	0	0	132
ACGCTATCGAGTGGTCATTACATAAAAGAA	0	0	0	0	0	0	0	0	44
ACGCTCCCCGGAAGCTCGGCGTCTTCGCTG	0	0	0	0	0	0	0	0	1254
ACGCTGGGGGTGATAGGCGCTACGATGTTA	0	0	0	0	0	0	0	0	966
ACGCTGGTTCTTCGGTGTCCCAGCTGGTAG	0	0	0	0	0	0	0	0	462
ACGCTTAGTCCGGAGCGGTCGCCATTATGG	0	0	0	0	0	0	0	0	459
ACGGAACTAATGGCATCATTATTGTTGTTT	0	0	0	0	18.18478261	0	0	0	0
ACGGAATGATCTCTGCGGTATTGTGGCGCC	0	0	0	0	0	0	0	0	1203
ACGGACAAGTATCTTTCGAGTGCCTTCGCC	0	0	0	0	0	0	0	0	328
ACGGAGGATTCTATCCTGGAGTGAATTGGG	0	0	0	0	0	0	0	0	956
ACGGAGTTCAGTACTGATGTTGGATCACCC	0	0	0	0	0	0	0	0	8502
ACGGATGGTGTTTGCTGATCTGTTTAACGT	0	0	0	0	0	0	0	0	1285
ACGGCATGACGCCCGTTAGATGTAGGCCGT	0	0	39	0	83.13043478	14.34	14.55837563	0	425
ACGGCCAATGTGACGAAACAGGTTTCCGGT	0	0	0	0	0	0	0	0	965
ACGGCCGTTTCTATGAAGTAGGCGCTCGCG	0	0	0	0	0	0	0	0	939
ACGGCTAACGAGGGGATGGGGTAGAAGGGG	0	0	0	0	0	0	0	0	1512
ACGGCTTCGGGCTAGTGGCAAGTTACCTTG	0	0	0	0	0	0	0	0	165
ACGGCTTTGGCGACGCGCGAGGTTGCTAAT	0	0	0	0	0	0	0	0	1064
ACGGGCGCACTATACCGTTCGTCACACAGC	0	0	0	0	0	0	0	0	3642
ACGGGCTTCAGACCCAGCAGCTTGTACCGG	0	0	0	0	0	0	0	0	2541
ACGGGGACCGTTTGGACACAGTTTCCTCAG	0	0	0	0	0	0	0	0	1237
ACGGGGGCGAGGAACGGTCGCCTTGGAGGC	0	0	0	0	0	0	0	0	456
ACGGGTGCAGAGTGGCGTGGGTCGCGTCGT	0	0	0	0	0	0	0	0	1609
ACGGGTTCGCGAATACGCCAAACTAGCACA	0	0	0	0	0	88.43	0	0	0
ACGGTAGAGTAGAGGTATTGGGGAAACGGG	0	0	0	0	0	0	0	0	704
ACGGTGCGACCCTTATCGCATAGGTTTCTG	0	26.77593361	0	0	38.9673913	90.82	0	0	160067
ACGGTGGCAACGCTCTAGCTTACAATTGTC	0	0	0	0	0	0	0	0	4274
ACGGTGTCGCACCATTTTGGTGGCCTTTCA	0	0	0	0	0	0	0	0	1435
ACGTAAAGTGTCGTTTGATTTGTGGTTCCA	0	0	0	0	0	0	0	0	1011
ACGTACCCTGGTCAGGGTACGGTGACGGAG	0	0	0	0	0	0	0	0	1330
ACGTACGGCTGCGCACGATCAAGTTATTCA	0	0	0	0	0	0	0	0	1294
ACGTACGGTCCGCACGGATGTACAGGCCAG	0	0	0	0	0	0	0	0	1694
ACGTAGTCAATTCTGGAGCTTGAGTTAGTT	0	0	0	0	0	0	0	0	369
ACGTATACGACGTGAGGTTAAATCTCCCGC	0	0	0	0	0	0	0	0	15
ACGTATAGGGAGTCGTTGTACCTTTAGTAT	0	0	0	0	0	0	0	0	953
ACGTATCAGTTTCATACAAGCAGGACAATA	0	0	0	0	0	0	0	0	2040
ACGTCACAAAAAGGCCAAAGGATGCCGACA	0	0	0	0	0	33.46	0	0	0
ACGTCAGTAGTTACTTGAGGGGGGTCGGCC	0	0	0	0	0	0	0	0	466
ACGTCCGCACCGCGCTGCTTCGGGTTCTTT	0	0	0	0	0	0	0	0	823
ACGTCGAGCTGACACGGGCTCACGCGGGGA	0	0	57	0	18.18478261	0	0	0	128
ACGTCGCATGAAGCCTGAGGTGATCTGGTG	0	0	0	0	0	0	0	0	1464
ACGTCGCTTGTGTATGCGACACCCACCGCC	0	0	0	0	0	0	0	0	118
ACGTCGTATCACCTAACTGTTAACAATGCT	0	0	0	0	0	0	0	0	40599
ACGTCGTTCCGGCCTATTAGTTAATGGAAC	0	0	0	0	0	0	0	0	1507
ACGTCTAAAAGTATAGTTGATACTGACGAA	0	0	0	0	18.18478261	0	0	0	3572
ACGTCTATAATTGCGTACTACTATCTATTC	0	0	0	0	0	0	0	0	1238
ACGTCTTATTGGAGACTGTCAGTTGTTGAG	0	0	0	0	979.3804348	0	0	0	900
ACGTCTTTCTCCGCTCCATAAGTCTCCTTA	0	0	21	0	0	14.34	0	0	0
ACGTCTTTTGTCAGCTCAGATGCCGCTTAT	0	0	0	0	15.58695652	0	0	0	676
ACGTGAGGGAGTATATCTTTTGTTGCCCGG	0	0	0	0	0	0	0	0	1643
ACGTGATTGCCCAATCCAGCACTATTAACG	0	0	0	0	0	0	0	0	242
ACGTGCGCTGTATTTTTAAGTTTTCGTAGC	0	0	0	0	0	21.51	0	0	2051
ACGTGGAGATGTCTCATGCTTATGGGACCC	0	0	0	0	0	0	0	0	258
ACGTGGATTTTCCGCCATTACTTCTGTTAT	0	0	0	0	0	0	0	0	1262
ACGTGGTAGGGTTGAGAGAGTGGTCGTCTA	0	0	0	0	0	0	0	0	1535
ACGTGGTCTACCTCATCATGCAAGAGAGTT	0	0	0	0	0	0	0	0	3403
ACGTGGTGAATCGTGGCAAGGGTAACAGGA	0	0	0	0	0	0	0	0	149
ACGTGTCGGAGTCCAGATCTCGTCTCGGAT	0	0	15	0	0	0	0	0	0
ACGTGTGACAACTGGTCGATAGCTGAATCT	0	0	0	0	0	0	0	0	21
ACGTGTGCTCCGGTGGCTTCCATTTGTTGT	0	0	0	0	0	0	0	0	1275
ACGTTATCCACCTGTCCACTAATAAAGTAA	0	0	0	0	0	0	0	0	82
ACGTTCAACGAGACGAAAAGCCGCAAGTAG	0	0	0	0	0	0	0	0	1857
ACGTTGACAAATCTCTTGGTCAATTGCTTA	0	0	0	0	0	0	0	0	1301
ACGTTGTCGCTAAATACTTTTTAGTCCGTC	0	0	0	0	0	0	0	0	79
ACGTTGTGATGTCTTCTTCCATGTTGTAAG	0	0	0	0	148.076087	0	0	0	0
ACGTTTAATCATGTCGCCTTATTTCAGTTG	0	0	0	0	0	0	0	0	1503
ACGTTTATCGTATTCGGCTTGAACGGTCGC	0	0	0	0	0	0	0	0	1798
ACGTTTCGGAGTGATATCCTTCAGGGTGAC	0	0	0	0	0	0	0	0	637
ACGTTTCTTTCACCAAGGCTTGAGAGTGGG	0	0	0	0	0	0	0	0	140
ACGTTTGAGCCCTGTGATCATGGTGGGGTG	0	0	0	0	0	0	0	0	1467
ACGTTTGCCGGGTGGCGTTGCCACGGCTGC	0	0	0	0	0	0	0	0	146
ACTAAAGAACATCGGCGTTGGTGGAGGGCA	0	0	0	0	0	0	0	0	63
ACTAAGGGCTACTGAGGGATAAACTCCTCA	0	0	0	0	0	0	0	0	523
ACTAATTTACAAGGGTGTACACGGTCAGCA	0	0	0	0	0	0	0	0	63
ACTACACGTGTATTCAAACAAAATCCCCTT	0	0	0	0	0	0	0	0	847
ACTACCGCTTACGCTCTTTTGGCGCAACGT	0	0	0	0	0	0	0	0	1260
ACTACCGGGCCTAGTTGCTTGATCAGCGGT	0	0	0	0	0	0	0	0	43
ACTACGAGGTGACAATTCGGTAATTTCTGT	0	0	0	0	0	0	0	0	1630
ACTACGCGAATACTTTCAGTTATAACTCTA	0	0	0	0	0	0	0	0	1669
ACTACGGAATGATCCCTACTGTTCGCTTAC	0	0	0	0	0	0	0	0	42
ACTACGGCATCATATCCAATGTCGTACATG	0	0	0	0	0	0	0	0	46
ACTAGCGGAGCTTGGGGTCAAGGCGTTGTG	0	0	0	0	0	0	0	0	6473
ACTAGGCTGTTCCTGGGTTTCCTTGGCGAG	0	0	0	0	0	0	0	0	1385
ACTAGTTGGAGAGGGGCATCGGCGCACGTA	0	0	0	0	20.7826087	0	0	0	762
ACTATAATCTAGTATCCCCAGAATGAATAA	0	0	0	0	70.14130435	14.34	0	0	42815
ACTATATTGTATGGCGCTGACTGAAGATGC	0	0	0	0	0	0	0	0	986
ACTATCCTATCATGGCTTTACTTACTTGTG	0	0	0	0	0	0	0	0	2060
ACTATTAAGCTGTTACTTGATACGGAGTGG	0	0	0	0	0	0	0	0	286
ACTATTCTGTCAGTAGGTTACACAAATGGC	0	0	0	0	0	0	0	0	1362
ACTATTGATTGTCGTGGTGACCTGTTCCTC	0	0	0	0	0	0	0	0	734
ACTATTGCTTGTGTTTGTTCAATACTCTTC	0	0	0	0	0	0	0	0	285
ACTCAACTTGGCATCTCTTAAGGATGATTC	0	0	0	0	18.18478261	0	0	0	86
ACTCACATCCTATGACTGGCAAAAACACAA	0	0	0	0	0	0	0	0	25
ACTCACATCCTTGGAATCGCATGGAACCTT	0	0	0	0	0	0	0	0	1097
ACTCAGTGTCTCCATCATCAACTAAGTTTT	0	0	0	0	0	0	0	0	1141
ACTCATAAACTATTTAGGAGGACACAGACG	0	0	0	0	0	0	0	0	867
ACTCATATGAGATTTTATGAGAGTAAGTGA	0	0	0	0	0	0	0	0	50
ACTCATGGATAGTGACCAGATTCGGGACTC	0	0	0	0	0	0	0	0	1299
ACTCCATCATGTTTAACTAGCATGCCTGCA	0	0	0	0	18.18478261	0	0	0	0
ACTCCCATTCGCATCGAAAGCGGATTTTTA	0	0	0	0	0	0	0	0	2471
ACTCCGAGTTTGGATCTAATAAAGAACGTG	0	0	0	0	0	0	0	0	201
ACTCCGGGATGCCACGCTTTGTCGGTGACT	0	0	0	0	0	0	0	0	1768
ACTCCGTTCCATATTGATTCCAGTAAGCTT	0	0	0	0	0	0	0	0	205
ACTCCTCTTTGATTGGGCAGGTTTCATCGC	0	0	0	0	0	0	0	0	24
ACTCCTTAGTTAGTCGGTTTTACTAAACTC	0	0	0	0	0	0	0	0	649
ACTCGCCAGGCCCCGGGATCTTTCACAGAG	0	0	0	0	0	0	0	0	1804
ACTCGGCGTGTTCGTACTAAAACTGCTGGC	0	0	0	0	0	0	0	0	1065
ACTCGGTTCGTTTTTCATGTGATAGGGTAA	0	0	0	0	0	0	0	0	129
ACTCGTATTGGTAGCCAGTATTAGATTTCC	0	0	0	0	0	0	0	0	1532
ACTCGTCGAGGAGCCCAGCTTCTGATGGGG	0	0	0	0	0	0	0	0	1621
ACTCTAAAGTTCGGCTTTGTAACCTTAGAT	0	0	0	0	0	0	0	0	1649
ACTCTACATGAGATGTATGGATCTCTAGTG	0	0	0	0	0	0	0	0	6189
ACTCTACCTCTATTCATGCTCGTTTGTTGT	0	0	0	0	0	0	0	0	119
ACTCTAGTCACTGTACCCCATCCCTCAAAG	0	0	0	0	36.36956522	0	0	0	0
ACTCTGCAAACGTTTATTTAGAGATTCGTA	0	0	0	0	0	0	0	0	550
ACTCTGTTCCCTCGCTACAATAACTGCTCA	0	0	0	0	0	0	0	0	382
ACTCTTATTGTTCAGATTCAGCAAGTTGAA	0	0	0	0	15.58695652	0	0	0	21
ACTCTTCTGAATCGAACTATAGACTAGCTG	0	0	0	0	0	0	0	0	4720
ACTCTTTTTTGTGAGATATGGAGGGCGATG	0	0	0	0	0	0	0	0	241
ACTGAAATCCCACTTCTAAAGCCTTTGGTC	0	0	0	0	0	0	0	0	1169
ACTGAATCGTATTGTGCGGAGCTTCATGCG	0	0	0	0	0	0	0	0	1451
ACTGACTGGCTGGCGGGTGTGGAGGTAGGG	0	0	0	0	0	0	0	0	113
ACTGAGTACGCTCTTACTTGATTAAATACC	0	0	0	0	0	0	0	0	423
ACTGATCCTAGGACTGTGCTTGCTTAATAT	0	0	66	15.58695652	0	0	0	0	138
ACTGATCGGCAATCTCCTACCACCGGTTTA	0	0	0	0	0	0	0	0	421
ACTGATCGGCAGTATGTAAGGGTTGACGGG	0	0	0	0	0	0	0	0	133
ACTGATGTACTTATCGACACACTACGACGG	0	0	0	0	0	0	0	0	978
ACTGATGTCTGGAATGGCTTTACCAGATGA	0	0	0	0	0	0	0	0	404
ACTGCAACCCCTGGTTGGTCGCTTGGGCGT	0	0	0	0	0	0	0	0	363
ACTGCACCACTCGCGAGTTCCATAGTGCAG	0	0	0	0	0	0	0	0	962
ACTGCCATACTTTCACTAGATGAGTTCCGA	0	0	0	0	0	0	0	0	992
ACTGCCTTTAGAGCGTGGTTTACGATACGA	0	0	0	0	0	19.12	0	0	1450
ACTGCGGTCCTGCCCCAGTTATATTCTGTA	0	0	0	0	0	0	0	0	1946
ACTGCTATAGAGTGTTTATGTATGAGTTAT	0	0	0	0	0	0	0	0	1303
ACTGGATGATTGGGCTGTTCATCCGAAGAG	0	0	0	0	0	0	0	0	132
ACTGGCGCACAGTGCGTGACATTTCGCCGC	0	0	0	0	0	0	0	0	1260
ACTGGCTAGCCGTCTTAAATTAGATCACAT	0	0	0	0	0	0	0	0	481
ACTGGGAGTGTGAATAGATCGTATGATTTA	0	0	0	0	0	0	0	0	18
ACTGGGCGCCGGGACAAAGGTGACTGTTCA	0	0	0	0	0	19.12	0	0	1267
ACTGGGGGCTTGCGGGTTGTCGTCTATAGG	0	0	0	0	0	0	0	0	236
ACTGGTCGTTAGTGGTATTCGATCTTCGGC	0	0	0	0	0	0	0	0	6785
ACTGGTGACGCGAGATCACGCCTAGTTCTA	0	0	0	0	0	0	0	0	1955
ACTGTAGCGGTAGCACTAGTCGGACGTTTA	0	0	0	0	0	0	0	0	36
ACTGTAGGGACGACCTGAGGGCGATTAGGA	0	0	0	0	0	0	0	0	2350
ACTGTATCTTAGCGGATTCTAATTTCCCCA	0	0	0	0	0	0	0	0	40
ACTGTCATACACCGGGCGTGTGCACTCGTT	0	0	0	0	0	0	0	0	27
ACTGTCGATAGTGATGAATGTCAGTTAGAG	0	0	0	0	62.34782609	0	0	0	0
ACTGTGAGTCCTCATTAGGCTGATTCGGGT	0	0	0	0	0	0	0	0	322
ACTGTGGGGCGGCGATCCGCGTGTCACTAC	0	0	0	0	0	0	0	0	391
ACTGTGTGGTTCTAATTTGGGAGGTATTTC	0	0	0	0	0	0	0	0	584
ACTGTGTTGACATTGTCATGTTAGAATGCA	0	0	0	0	0	0	0	0	2067
ACTGTTAGACGTCTAACTACCTGTCGGCTA	0	0	0	0	0	0	0	0	2887
ACTGTTTCGTATAGATATTTCCGGGCTCCT	0	0	0	0	0	0	0	0	1077
ACTGTTTTCGCCTTGGGTCTCAATCATCAG	0	0	0	0	15.58695652	0	0	0	0
ACTTACAAAAATTCAGCCTTTCATCTTCGA	0	0	0	0	0	0	0	0	15
ACTTACTTTTAATAAACGATTTCACTGGGT	0	0	0	0	0	0	21.83756345	0	231
ACTTATTTCTAAGGTAGAGTTAGTAAACGT	0	0	0	0	0	0	0	0	587
ACTTCGCCCGGTCGGCTAGGTGGACGCGTG	0	0	0	0	0	0	0	0	725
ACTTCTTAAATGAAATGTCCAAGACCGGTC	0	0	0	0	0	0	0	0	332
ACTTGAAGATTGGCTAACGAATAGTTTCAA	0	0	0	0	20.7826087	0	0	0	1201
ACTTGAATCGAAGCTCTGATGCTCACTAAG	0	0	0	0	0	0	0	0	1197
ACTTGGACTCGTCTCTCCCTATCTCGCGTA	0	0	0	0	0	0	0	0	146
ACTTGTTGAAATGCCTGAAGGGTGTATCTT	0	0	0	0	0	0	0	0	1180
ACTTGTTTGTGGAGCGGCTCGGACTGGTTG	0	0	18	0	15.58695652	33.46	0	0	72
ACTTTAGACATGCCCATGAGACACTTCCTG	0	0	45	0	23.38043478	0	0	0	40
ACTTTAGAGCGGTCAGTCCGCCAGTCAACC	0	0	0	0	0	0	0	0	22
ACTTTCGATTGAAGTGACTGGTACTCTGTA	0	0	0	0	0	0	0	0	1034
ACTTTGACGGATGGGTTAAGGACGGGTGTA	0	0	0	0	0	0	0	0	15
ACTTTGGGCCCTGCGTTAATTGGGAGGCAG	0	0	0	0	0	0	0	0	11784
ACTTTGTTGCCCGTAGCCAGGTTCGCGTGT	0	0	0	0	0	0	0	0	1506
ACTTTTAAGCACTCACAATTCGATAGCAAA	0	0	0	0	0	0	0	0	1126
ACTTTTTTAGTTACTTCTTCCCTAACAGGC	0	0	0	0	0	0	0	0	798
AGAAAGAGTATTCTAGGGGCTCCTAGTTTA	0	0	0	0	0	0	0	0	835
AGAAATGTACGAACTTGCCTGGAGTTGTTT	0	0	0	0	0	0	0	0	2077
AGAAATTGTTGTTCGTTGCGGCTTTCGTCG	0	0	0	0	0	0	0	0	407
AGAACACCCCCCACTCAACAACAGCCGTGG	0	0	0	0	0	0	0	0	1021
AGAACAGCCCACTTGTTCCGTGTTTACTTT	0	0	0	0	0	0	0	0	27
AGAACCGGCTAATGTGAACTCCGTACTTAA	0	0	0	0	0	0	0	0	60
AGAACGAGACGTTCCCTAAACGATCTTGAT	0	0	0	0	0	0	0	0	1998
AGAACGTGACATGGCAGGGGGTTATTGGTC	0	0	0	0	0	0	0	0	764
AGAACGTGAGGGGTTGGTGTAAGTACTCCG	0	0	0	0	0	0	0	0	1072
AGAACTGATCTCTTTAAGATGGTTAGCCAA	0	0	0	0	0	0	0	0	1275
AGAACTGTAGTCCGTACGACAAGACAGGCT	0	0	18	0	18.18478261	0	0	0	76
AGAACTTAAGTTATCATTTGGCGGAGATTA	0	0	0	0	0	0	0	0	24
AGAAGACGACACCACGGAGGCTCAGGGGTA	0	0	0	0	33.77173913	0	0	0	43901
AGAAGAGCCAACTTCTTGTGATAGGATGGA	0	0	0	0	0	0	0	0	117
AGAAGCAGTCACTCACGGTCGTGGGTCAAC	0	0	0	0	0	0	0	0	1023
AGAAGCTATACTTATCTGGGATTGGGGGTG	0	0	0	0	0	0	0	0	529
AGAAGGTCGAGTCACCGCCGTGGGACGGTG	0	0	0	0	0	0	0	0	281
AGAAGTAAAGTATGAAATTTAATAGCGGAG	0	0	0	0	119.5	0	0	0	220
AGAAGTAGCACGCCGAATGAGCAGGGTTAC	0	0	0	0	0	0	0	0	289
AGAAGTATAATAACTTCGCCATCTTATTGG	0	0	0	0	0	0	0	0	2176
AGAAGTCTTGGAGTGTGCCGTGCGAGCGTG	0	0	0	0	0	0	0	0	1295
AGAATGATCGTTAGCGCAGCCTCATCCACA	0	0	0	0	0	0	0	0	1073
AGACAATACCAAGTATTGTGATTCAGCGCA	0	0	0	0	0	0	0	0	606
AGACACGCGGAATAGATAAATACGTTAGAC	0	0	0	0	28.57608696	0	0	0	301
AGACATAAGGCTAAGAGCTTTGTTAGAGCG	0	0	0	0	0	0	0	0	1848
AGACCAAAGGTAGTTATACTGAGACATGTG	0	0	0	0	20.7826087	0	0	0	227
AGACCCCTTTGATGTCCTGTTAACAAACTA	0	0	0	0	18.18478261	0	0	0	19
AGACCGTATGCCGCTTGGAGACGTAGCTCA	0	0	0	0	0	0	0	0	845
AGACCTGTTTTCATCAGTTATTTGGAGGGA	0	0	0	0	0	0	0	0	704
AGACCTTTAGGCTCTATAGTGGCTTGGCAT	0	0	0	0	0	0	0	0	63
AGACGACAGGAAAGGAGTTTTTGTGAGTTG	0	0	0	0	0	0	0	0	2189
AGACGATGGAGCGGCCTCTCACAGAGACAT	0	0	0	0	0	0	0	0	38
AGACGCTTTGAAGGTCATTAGCGTTGTCTT	0	0	0	0	0	0	0	0	476
AGACGGTAATGCAATTTCTGTGTTCACGAA	0	0	0	0	0	0	0	0	1695
AGACGTTTTATTCCTATTTAGTAGGTGGCT	0	0	0	0	18.18478261	0	0	0	0
AGACTATGGGCTGAAAGCCTTGATTGCGGG	0	0	0	0	41.56521739	0	0	0	274
AGACTCGGGGAACTTTTCGTGCGTCTTACG	0	0	0	0	25.97826087	0	0	0	0
AGACTGCTAACGTCTGTAGAGTGCTATCCT	0	0	0	0	0	0	0	0	1260
AGACTGTGGCCGGGCGCTAGCCTGGGCGGA	0	0	0	0	0	0	0	0	869
AGACTTTGTGTTCAGCTAACAAGCGAGTTC	0	0	0	0	0	0	0	0	1890
AGAGAAAACGGCCCAGCGAAACGGCTGGGA	0	0	0	0	0	47.8	0	0	0
AGAGAATAATTTAAGATTCCTTGGTCATTC	0	0	0	0	0	0	0	0	2739
AGAGAGTTAACAGTGGCTGGCTTGAGCATT	0	0	0	0	0	0	0	0	15
AGAGCAATTGACGGGTCATTCAACCTGTTC	0	0	0	0	0	0	0	0	2020
AGAGCCGTAATAACGTCTGGACCTGTGTGC	0	0	0	0	0	0	0	0	1758
AGAGCTGTTCGGGTGTCGTCACATGTGAGG	0	0	0	0	20.7826087	0	0	0	21
AGAGGACACGCAGCTATTCCTAATGCGAGT	0	0	87	0	67.54347826	33.46	94.62944162	0	0
AGAGGAGTCTCGCGGGTTGACTTGAACCTG	0	0	0	0	0	0	0	0	1282
AGAGGGACCACCCGGGCGATTGTCCAATTC	0	0	0	0	0	0	0	0	196
AGAGGGAGACGGGGGGTTAGGTCGTGAGGG	0	0	0	0	0	0	0	0	68
AGAGGGATGTTCGGGGGTTTTGCAATAAGG	0	0	0	0	85.72826087	0	0	0	489
AGAGGGGCGGGAACCGAGGTCTTGGGTCGA	0	0	0	0	0	0	0	0	194
AGAGGGGGATCTTGGATGATGTTGATCGAT	0	0	0	0	0	0	0	0	164
AGAGGTCGGACCCGGCGGGGCTGTCGTAGC	0	0	0	0	0	0	0	0	1439
AGAGGTGACGAATACAATTCCAGATTCACA	31.44736842	0	246	28.57608696	70.14130435	0	18.19796954	0	0
AGAGGTGGCCAGGGGATGCCCCGTCAGGCC	0	0	0	0	0	0	0	0	414
AGAGTAGTTTGGAGCACTTCGAATTTAATA	0	0	0	0	0	0	0	0	24
AGAGTCTATGCCAGTCCCAACGGTCGCTCG	0	0	0	0	0	0	0	0	59
AGAGTCTCTTTCCAGATGATAATTCGAGTG	0	0	0	0	0	0	0	0	1555
AGATAAGGGATAGAGAATTAACGGGGCGGT	0	0	0	0	20.7826087	0	0	0	30
AGATACGAATGCCAATTAGTATGGTGAGGG	0	0	0	0	0	0	0	0	2277
AGATACTCGTGTCCAGTGGAGACATTTATA	0	0	0	0	23.38043478	0	0	0	138
AGATAGCTATCGTGTGGTAATACATGACGG	0	50.57676349	81	0	20.7826087	0	0	0	515
AGATAGTAGGGCACCCTTCTACCAAACGTA	0	0	0	0	0	0	0	0	207
AGATATTCAAATACTGCTCTGGCTTCAGTT	0	0	0	0	0	0	0	0	1606
AGATCACTGACGGAATACATCTGATTGGAT	0	0	0	0	0	0	0	0	67
AGATCATCACTACGTAGCATAGCAATGCGG	0	0	0	0	0	0	0	0	1193
AGATCCGTTCTCGTTGTGCTGATAATAGAT	0	0	0	0	0	0	0	0	545
AGATCCTAGCCATCAACATCGAGTCAAACA	0	0	0	0	62.34782609	0	0	0	244
AGATCCTGCGGAGAACTTCTTGAATTAATT	0	0	0	0	0	0	0	0	56
AGATCGCATTCATTTCAGGTTATAAGAAGG	0	0	0	0	0	0	0	0	39
AGATCGCGCACCCTGGTGACGGCTATTATG	0	0	0	0	0	0	0	0	423
AGATCGCGGCTGGGCACCGATCTCTGCAGT	0	0	0	0	0	0	0	0	1313
AGATCGGCAAGTCGACTTCCTCCCGTCGAG	0	0	0	0	20.7826087	0	0	0	64
AGATGAGTGGTTCATACTACATGGACCCGT	0	0	0	0	38.9673913	0	0	0	971
AGATGCGTTCGCGATGTCCAAACCGGATAT	0	0	0	0	0	0	0	0	297
AGATGGGACCACCGCGGGCCTTCGATTTCG	0	0	42	0	36.36956522	0	0	0	452
AGATGGGATCGGGGAGCGGCGGGGAGTTTG	0	0	0	0	0	0	0	0	120
AGATGTGATGAGGAAATACCAGTTAGCTGC	0	0	0	0	0	0	0	0	2053
AGATTAGGAGGGCGTCTGGGAACGGGACCG	0	0	0	0	0	0	0	0	3675
AGATTATCTTCCACGTAGTTCAAATGAGCT	0	0	0	0	0	0	0	0	1318
AGATTCAGAGCCCCGAGACGCGAAGCAGCG	0	0	0	18.18478261	0	0	0	0	181
AGATTCGTGGCAGAAGCACGCGTATTAGCA	0	0	0	0	0	0	0	0	483
AGATTGCCGTAACGCGATGGCAAATAAGAT	0	0	0	0	0	0	18.19796954	0	83
AGATTGTTGTTTTCCTGAATGGCGTATCCG	0	0	0	0	18.18478261	105.16	0	0	0
AGATTTAGCAGCCCAATTGATAAGACGTAC	0	0	0	0	0	0	0	0	61
AGATTTCGTGAACAGAAAGGTCCCGGGACC	0	0	0	0	18.18478261	0	0	0	161
AGATTTGACGACTAGTTGTATGTATTACAT	0	0	0	0	0	0	0	0	1094
AGCAAATGGATTCACAGTAATCGGTACAGG	0	0	0	0	0	0	0	0	62
AGCAAATTGTTCCCCTTGGCTTTTTTGCGA	0	0	0	0	0	0	0	0	2995
AGCAACAGGGGTGAAGTCTTTAGGGAGATA	0	0	0	0	0	0	0	0	344
AGCAACATCGCTGAACGTAAGTTCTGCTTC	0	0	0	0	0	0	0	0	442
AGCAAGGCAGGCGTGTAACTTGCGTGGGGT	0	0	0	0	0	0	0	0	71
AGCAAGTCGGCGCTGCGCGGTGAGTGTCAA	0	0	0	0	0	0	0	0	30
AGCAATCCGAGTTCAGCATAGCTTCCGTTC	0	0	0	0	15.58695652	0	0	0	124
AGCAATGTAGCTTTGTCCAGCGCACACAAG	0	0	0	0	0	0	0	0	699
AGCAATTTAAACCACGAACACGAGACTCCG	0	0	0	0	57.15217391	0	0	0	1186
AGCACAGAATTGGCATAATTGTGATTGGCG	0	0	0	0	0	0	0	0	1509
AGCACAGCACACGATATGTGATACTAGAGC	0	0	0	0	0	0	0	0	391
AGCACCACTCCCGGCGGAAGGAAGGGGCCT	0	0	0	0	0	0	0	0	71
AGCACGATCGGCTGACTGTGCTGGATCTGG	0	0	0	0	0	0	0	0	1427
AGCACGGGCAGCTCTCAAGCAATTGTAGTT	0	0	0	0	20.7826087	0	0	0	20
AGCACGTACATGACTCGACCGTTCTTGTTA	0	0	0	0	0	0	0	0	2023
AGCACTATGGCTTGAGTGCTAGGCGACCGC	0	0	0	0	0	0	0	0	4767
AGCACTCGCGTCATTCCTTCATAGAAGTGC	0	0	0	0	270.173913	0	0	0	0
AGCAGAAGATGATTTTTATTTGATACAGGA	0	0	0	0	0	0	0	0	175
AGCAGAAGTGTTGCCCAGCTAGCCACAGGG	0	0	0	0	0	0	0	0	14
AGCAGAGGCTGGAGCGGCACGCCACGCAGA	0	0	0	0	0	0	0	0	664
AGCAGTACCCCAACCGTCTGCGCAGGCGAA	0	0	0	0	0	0	0	0	46
AGCAGTCTGTTACAACAGGCCGCACACTTC	0	0	0	0	0	0	0	0	1036
AGCAGTGCGGGACGCATGTCCCGCGTACGG	0	0	0	0	15.58695652	0	0	0	15
AGCATCCAGAGAACCAGCCTGATCTCGCTC	0	0	0	0	0	0	0	0	1289
AGCATCGCTCGTGCTGTGATTAGTGTTTGA	0	0	0	0	439.0326087	0	0	0	1047
AGCATGGTTATGGGCCGTAAACTACTAACC	0	0	0	0	0	0	0	0	575
AGCATGTATTTGAGATCAATCTGTGTTTAC	0	0	0	0	0	0	0	0	558
AGCATTAATGTGCAATTTGTAGTTCTTAAC	0	0	0	0	0	0	0	0	471
AGCATTTCCGGCGGGTTGTAATAGGGCGTA	0	0	0	0	0	0	0	0	706
AGCCAACAACAGTATCTTTGAAATGTATAA	0	0	0	0	0	0	0	0	2370
AGCCAACACGCCGCAGGCTGGGCACCAAGG	0	0	0	0	0	0	0	0	109
AGCCAATTACATCCTTGCAAAACAGGAGGG	0	0	0	0	0	0	0	0	228
AGCCACCACATAACTCCGTGGATTGCATGA	0	0	0	0	0	0	0	0	793
AGCCAGTGTTGGTTTTCCCGCATCGAGCAT	0	0	0	0	0	0	0	0	949
AGCCCCTTCCTTAGTGACCCGGCCCTTCTG	0	0	0	0	20.7826087	0	0	0	26
AGCCCGTGCAGGGGCGGTGGGATATCTCGC	0	0	0	0	0	0	0	0	944
AGCCCTTTCTTTTGAGTTGCTCTTACTTCA	0	0	0	0	0	0	0	0	17
AGCCGCCTAGAGATGCCGGGAATGAAGAGG	0	0	0	0	93.52173913	0	0	0	90
AGCCGGAGAGGCCTGTCACACCCATCTAAT	0	0	0	0	0	0	0	0	836
AGCCGTCCAGGATCTTAAGAGTAAAAGTCG	0	0	0	0	0	0	0	0	35515
AGCCGTGGGTCTCATCATTGATCGTTCAGT	0	0	0	0	0	0	0	0	203
AGCCTAAATGTCCGGTAGCTGATATTAACA	0	0	0	0	0	0	0	0	34
AGCCTATCTAACTGGGTTCGTACTAGGGCA	0	0	0	0	922.2282609	14.34	0	0	864
AGCCTTCGTGGCTCAATCCCCTGTGTGCCA	0	0	0	0	0	0	0	0	1302
AGCCTTGGTATTTCCAAGTTGAAAACGCTT	0	0	0	0	0	0	0	0	238
AGCGACGTACGAAGCGTAGGACGGGGGACT	0	0	0	0	0	0	0	0	63
AGCGAGACCTATATCTTAGGTTGAGGGTGT	0	0	0	0	0	0	0	0	1999
AGCGATAAATTGCGGTGGTCTGGATTCTAG	0	0	0	0	0	0	0	0	254
AGCGATTGTCCGTTTTGCTCATATGTTATT	18.86842105	0	0	0	0	0	0	0	2052
AGCGATTTGACGCCATTTTAGCTCCTTGAA	0	0	0	0	0	0	0	0	58
AGCGCAACGGTGACAACTCGGGGAGCGATG	0	0	0	0	0	0	0	0	406
AGCGCCACCGAAGGAACGGGACCACCCGCC	0	0	0	0	0	0	0	0	263
AGCGCGGGTCAATTCACCGTCCTAAGGGGG	0	0	0	0	0	0	0	0	693
AGCGCGGTAGGTCATAGGACGCTTGTGGGG	0	0	0	0	0	26.29	0	0	0
AGCGCTGTGCGTGTGTGTAGGGGGGGTCAG	0	0	0	0	0	0	0	0	2178
AGCGCTGTGTAGCACTTTGGTCGCTGAACG	0	0	0	0	0	0	0	0	2222
AGCGGAAGTTATAAGGCCTATTAGTGGTGC	0	23.80082988	0	0	0	0	0	0	0
AGCGGCAAGTATGCCCTTAACTGCTGTCTG	0	0	0	0	0	0	0	0	46
AGCGGCGTTAGTAGCGGGCTCAGAGCAGTG	0	0	0	0	0	0	0	0	1184
AGCGGGCGCATGGGGACTCGAGACGTCCTC	0	0	0	0	0	0	0	0	793
AGCGGGCTCGCGGACGCACACGTTTAACTT	0	0	0	0	0	0	0	0	24
AGCGGGGATAGTGGCAAATGTCCAGGGTGG	0	0	0	0	0	0	0	0	4858
AGCGGTTTTGCACCCTTCGTCCTATCACAA	0	0	0	0	0	0	0	0	1567
AGCGTATCGGGAAGGTTTTATATAAGTCTA	0	0	0	0	0	0	0	0	733
AGCGTCGAACTCACTGTGTCGGGGTCATGT	0	0	0	0	0	0	0	0	1576
AGCGTCTGAATCGTTGGTAAGCGCCGCTGC	0	0	0	0	18.18478261	0	0	0	0
AGCGTGGATCGGCACTTCTCTATGCGTTCT	0	0	0	0	0	0	0	0	743
AGCGTTCCGAGTCGTTGTCGACATATTCAC	0	0	0	0	0	0	0	0	446
AGCGTTCCTCATTCGGGGTACTAAGCAGAC	0	0	0	0	0	0	0	0	15
AGCGTTGTCCGTTATGCGATACTCAGAGAT	0	0	0	0	0	0	0	0	1131
AGCGTTGTTGGCAAACAGACATGCGAAAAT	0	0	0	0	0	0	0	0	2485
AGCTAATGGTGGGAATGGTGGGTGCGTGGG	0	0	0	0	0	0	0	0	900
AGCTACAGCCAACTACCGGCGCAGTGCCAT	0	0	0	0	0	0	0	0	1186
AGCTACAGGGGACGAACATTAGGCCCCGTG	0	0	21	0	0	0	0	0	158
AGCTACTATTGACTACGTCCAGGTTTATCA	0	0	0	0	0	0	0	0	211
AGCTATCAGCAATTGGGTGATAGGCCGAGT	0	0	0	0	0	0	0	0	955
AGCTCGATCGAGTCCGGGTTGCGTGGGGGT	0	0	0	0	0	14.34	0	0	941
AGCTCTACCAGCAAGGCAGTTCAGGTGTGG	0	0	0	0	0	0	0	0	1438
AGCTCTGACGTCTTTCTCAAAGTCTTTAAA	0	0	0	0	0	0	0	0	23
AGCTGAAGTGGGTAACGTTCAAAGGGGACG	0	0	0	0	0	0	0	0	15
AGCTGAGGGATGATGTTCCGGTTGTCGTAT	0	0	0	0	0	0	0	0	1127
AGCTGCCAGGCGATAGTGGGCGGGGAAGGT	0	0	0	0	0	0	0	0	97
AGCTGCGCCGTGGGGCCAGTTGTCTATGCC	0	0	0	0	0	0	0	0	1518
AGCTGCGTCAAATACTAAAAAGTCATAAGT	0	0	0	0	0	0	0	0	310
AGCTGCGTTATCTAGCCGAGTGAGAGTAAT	0	0	90	142.8804348	202.6304348	47.8	0	0	65220
AGCTGGGAGGCCGGGGATTTCGTGCGAGAC	0	0	0	0	0	0	0	0	273
AGCTGTCATTATCCGTCTACTCACTTTAAT	0	0	0	0	0	0	0	0	42
AGCTGTGGACGGGTATTATCTGTCCTGCCA	0	0	0	0	0	0	0	0	1731
AGCTTAACTACGACACGTACGCGCTGACGA	0	0	0	0	0	0	0	0	3751
AGCTTCGCGGGAATTTTGCCACGAAGGATT	0	0	0	0	18.18478261	0	0	0	0
AGCTTGGGGATAATAGGTCTTGGGCTAGGG	0	0	0	0	0	0	18.19796954	0	0
AGCTTTCGTTTTATGTTACTGCCTCGCGCT	0	0	0	0	0	0	0	0	545
AGCTTTGGCGGGTTCGCCCCCGGTCTCCCA	0	0	30	0	0	0	0	0	0
AGCTTTGTATCCCGTACCAGGAATAGGTAA	0	0	0	0	0	0	0	0	1898
AGGAACCGTGCATTATTGTTTAGATTGGGG	0	0	0	0	0	0	0	0	15
AGGAACTAGATTTGGGTCGCCATCGTTTGT	0	0	0	0	0	0	0	0	127
AGGAAGCGAAGATAGAGCAACAAGGCCCTT	0	0	0	0	0	0	0	0	136
AGGAATGGGTCGACAGACCTTCTTTTATAT	0	0	0	0	0	0	0	0	953
AGGAATTAGAGAAGGTTTTCTAGGCGGAGC	0	0	0	0	0	0	0	0	549
AGGAATTGTTATAATAGAAGTTCCCAATTA	0	0	0	0	0	0	0	0	477
AGGACAATCTTTGGGTCAGCCTTTCTGAGA	0	0	0	0	0	0	0	0	781
AGGACCGAACTACGCCGAGAAGGATGTAAG	0	0	0	0	114.3043478	0	0	0	750
AGGACCGGGTACTAGTTCCCAACTTTCACG	0	0	0	0	0	0	0	0	28
AGGACCTGCACAAAAATAAGTATTCCGGAT	0	0	0	0	0	0	0	0	1519
AGGACCTGTAGGCCTATCTCCGCAGGGGGA	0	0	0	0	0	0	0	0	18
AGGACGAACCGTCTGATGGGGGCGGTAGGC	0	0	0	0	0	16.73	0	0	43
AGGACGCAGCCGGAAGCTGGGCGCGCCATA	0	0	0	0	0	0	0	0	66
AGGACGTAGTTGGTCGGGGTGTGAGTAACA	0	0	0	0	0	0	0	0	24
AGGACGTCGGTTGTGCAGAAGCCTGTGGGA	0	0	0	0	0	0	0	0	1373
AGGACTCGACCCGTTTCCGTCCGTCAGACG	0	0	0	0	0	0	0	0	561
AGGACTCTCATTTACCGTGTTTATGTGTTC	0	0	0	0	0	0	0	0	18
AGGACTTGTCGAACTACGTCGGCAACATTG	0	0	0	0	0	0	0	0	48
AGGAGACAGAGTGGTGATCATCCATCCTGT	0	0	0	0	0	0	0	0	1327
AGGAGACTTGGTGACAACTTAAATGTGCTC	0	0	0	0	0	0	0	0	134
AGGAGCAACAATGGTGCATTCGATAGTCTT	0	0	0	0	0	0	0	0	1644
AGGAGCAAGTCTAAGAAGGAACGTTCTCGT	0	0	21	0	0	0	0	0	17
AGGAGCGGGGCGTGGGGAGTGTGGATTGTA	0	0	0	0	0	0	0	0	17
AGGATAGCAAAAGCTTAACTCGCCCATGGG	0	0	0	0	0	0	0	0	2010
AGGATCCTCGGCTGGCACGCCATAGTTGGA	0	0	0	0	0	0	0	0	25
AGGATCTCGTGGCCAGCGTGTGAGGGGAAT	0	0	0	0	106.5108696	45.41	0	0	14827
AGGATGTACAAGTTGTGAATTAGTTAGCGT	0	0	0	0	23.38043478	0	0	0	2511
AGGATGTGCGGGGGGTTGGCGGTGTCTGGG	0	0	0	0	0	0	0	0	605
AGGATTGCCGCCCAGGAGCAAATTCTTATA	0	0	0	0	0	0	0	0	258
AGGATTTCTCCTAATGTCTGAGTCTTGGAC	0	0	0	0	0	0	14.55837563	0	0
AGGCAAAAATCTGGTCACGCGTGGAGGCTT	0	0	0	0	0	0	0	0	1786
AGGCAACTCATTTGCATTAGATTATTTTCT	0	0	87	23.38043478	77.93478261	0	0	0	27928
AGGCACCAACCAACGGTTCCTCCGCTACGC	0	0	0	0	0	0	0	0	1836
AGGCACGTTACGGCCACTTTAGCGCGCGCC	0	0	0	0	0	0	0	0	1167
AGGCACTATGCACGTGTGTATGTGCCAGTA	0	0	0	0	0	0	0	0	26
AGGCAGTTATTAGCTATAGTTAAGAATTAC	0	0	0	0	0	0	0	0	15
AGGCAGTTGCAACACACGATCACGACATCA	0	0	0	0	0	0	0	0	1799
AGGCATGATGCCCTGGCAGTGGATGAGTGG	0	0	0	0	0	0	0	0	43
AGGCCAAAAACCTAACCTGCCTAACACACA	0	0	0	0	0	0	0	0	22
AGGCCAGTAGGATGAAGAGGAGGCGTAAGG	0	0	0	0	0	0	0	0	1793
AGGCCGGCGGGGCAACAACATGGCTTATCT	0	0	0	0	0	0	0	0	396
AGGCGAGTCATGGTGGGGCGCACAAATAAT	0	0	0	0	0	0	0	0	1012
AGGCGCAGACCTGTAGTCTACCTGATATTG	0	0	0	0	0	0	0	0	2159
AGGCGGCTGGCTTGACTAGGTCATGCTTTG	0	0	0	0	0	0	0	0	36
AGGCGGGCATGCAACCCCGTGGGGTGTGCC	0	0	0	0	0	0	0	0	954
AGGCGGGGGGAGGCTGGCGGTGAGTAGGGG	0	0	0	0	0	0	0	0	205
AGGCGTCGTTAGTACTGTCTTATCAAGCAG	0	0	0	0	0	0	0	0	353
AGGCGTGGTATTGTGACCGGTTTGGAGTGG	0	0	0	0	0	0	0	0	18
AGGCGTTAGGACTGCCATACGATTAGGTAT	0	0	0	0	0	0	0	0	907
AGGCGTTGGGATAGGGTCCGGGTGCCTGTA	0	0	0	0	0	0	0	0	1254
AGGCTAATGACCTTCCAAATTATAACAGGC	0	0	0	0	0	0	0	0	248
AGGCTAGAGTCTCCGATTATTTACCAAGCG	0	0	0	0	0	0	0	0	1743
AGGCTAGATGCGATAGTGCGACGGGTGTAG	0	0	0	0	0	0	0	0	659
AGGCTAGCGCTGCATCACTTTCCGGTAGAT	0	0	21	0	168.8586957	0	0	0	353
AGGCTAGTTACTCTTAATCGCAGCACTCTT	0	0	0	0	0	0	0	0	4184
AGGCTCCAGTGCGACTGGTGGGTGGCCTTC	0	0	0	0	0	14.34	0	0	0
AGGCTCTAGATTCAATAGTGCCTTTCAGTG	0	0	0	0	0	0	0	0	1193
AGGCTTACTCGGTAGGATTGTGTTGTGCTT	0	0	0	0	0	0	0	0	419
AGGCTTCGCCGGGGTCGCGGCTCAGGGAGT	0	0	0	0	0	0	0	0	1327
AGGCTTTCAGCTCGGCTCCAGCATGCCTAT	0	0	0	0	0	0	0	0	52
AGGCTTTGTTGCCCGCTGGGCAGGGAATTC	0	0	0	0	0	0	0	0	2968
AGGGAATACTGGGCTGGCAATTGGGTGGGC	0	0	0	0	0	0	0	0	420
AGGGACACAGCAATCTGGGTAGGTTCCCGA	0	0	0	0	0	0	0	0	1095
AGGGACCTGATCTATGCATCGAGCGCATCA	0	0	0	0	0	0	0	0	119
AGGGAGAAACATGTAAAGTCCTTGTTTGTC	0	0	0	0	0	0	0	0	43
AGGGAGCAGGTCGGTTTGATGATTTCCATT	0	0	0	0	0	0	0	0	33
AGGGAGCAGTTTGTATCTGTGTATTCGTTG	0	0	0	0	0	0	0	0	186
AGGGAGGGGACGTGTCAGAGGTTTTTGGTG	0	0	0	0	0	0	0	0	1253
AGGGAGTCCATCTCGGCAGCCGAACTGTTC	0	0	15	0	0	0	0	0	50
AGGGATCCCGAACGTTAATATCCCCTTTAA	0	0	0	0	0	0	0	0	938
AGGGATGACGTTCAGTGTGGGGATTCTGGA	0	0	0	0	184.4456522	0	0	0	959
AGGGATGCCGCCGTGCGGTCGTCTGCCGAT	0	0	0	0	0	0	0	0	230
AGGGATGTCCGAGGGGGTTATTCCGGGCCT	0	0	0	0	0	0	0	0	227
AGGGATTTAGATAGGCGTGTTTAGAATTCC	0	0	0	0	15.58695652	0	0	0	550
AGGGATTTCCACTGAATAGTGGTACACTCT	0	0	0	0	0	0	0	0	48
AGGGCAAAGTTCCCCCTTGTGCAAACGGCC	0	0	0	0	0	0	0	0	1131
AGGGCAACGCATTTAGACATAAGTTTACGT	0	0	0	0	0	0	0	0	1093
AGGGCATTGGCTTAAGGTTGTAAGCACAAG	0	0	0	0	0	0	0	0	947
AGGGCCCGAGCGCGCGGCCCGGCATGAAGG	0	0	0	0	15.58695652	0	0	0	55
AGGGCCTATCGTCTGGGTTCGACGTAGACC	0	0	0	0	0	0	0	0	1358
AGGGCCTGAAACGGGGCCGTGACCGTAGAT	0	0	0	0	15.58695652	0	0	0	202
AGGGCGAAAACGCCATTGTCGCGTATGTAA	0	0	0	0	0	0	0	0	35
AGGGCGGGAGAAGGGGGCGTAAGAGGGTTC	0	0	102	0	31.17391304	19.12	0	0	73
AGGGCGTGATATATCGGAGTTCCGTGCAGA	0	0	0	0	0	0	0	0	62
AGGGCTGCTACGTATTGGGCAGCCGCAGCA	0	0	0	0	0	0	0	0	162
AGGGGACCCACACATATTCACCCGCGGCGC	0	0	0	0	0	0	0	0	353
AGGGGAGAGAATCATATAGTCGGCGTGCCG	0	0	0	0	0	0	0	0	521
AGGGGATTGTGTGGGTCGGGGTCTTGGAAT	0	0	0	0	0	0	0	0	4191
AGGGGCCGCCATGGTGACGTGATGCAGTTG	0	0	0	0	0	0	0	0	583
AGGGGCGCACAGTTAGAATAATGGACTCCC	0	0	0	0	0	0	0	0	1624
AGGGGCGCAGCACGGTAGATACGTCGTATC	0	0	0	0	0	0	0	0	48
AGGGGCTCGGAGCGCGGGCTGCGCGCCGAA	0	0	0	0	0	0	0	0	904
AGGGGCTTGGTCGGGGTCCGCTCCTAGATG	0	0	0	0	0	0	0	0	129
AGGGGCTTGTGATTCCGTATCTCCACCCAC	0	0	0	0	0	0	0	0	1132
AGGGGGAGCGATGTTTCTATTGCCCGTAGG	0	0	0	0	0	0	0	0	500
AGGGGGCATTTGGTGTCGACGCCCGAAGGT	0	0	0	0	0	0	0	0	20
AGGGGGCGGCGGGGCCGTTTGGAGATGGGC	0	0	0	0	0	0	0	0	479
AGGGGGGAATAGTGTTTGTCGGGCCCTTCG	0	0	0	0	0	0	0	0	15
AGGGGGGATGAGTGATTATCCTGTTAATGC	0	0	0	0	0	0	0	0	858
AGGGGGGTAAGAGAACAGGGTGTTGAACCG	0	0	0	0	0	0	0	0	1063
AGGGGGTAGCTTCGAGCGTGGAGAAGATCG	0	0	0	0	0	0	0	0	1236
AGGGGGTATGCTTTAGCCGTCGGATTAGCG	0	0	0	0	0	0	0	0	513
AGGGGTCTTCAGTCAGTTCGTTGTCCATTT	0	0	0	0	0	0	0	0	1201
AGGGGTGCAGACGCGGGTTTTGGGTCAGTG	0	0	0	0	0	0	0	0	881
AGGGGTGTTCAATCTTACCTTACTTCCCTC	0	0	0	0	0	0	0	0	1876
AGGGGTTGTGGCGGGGTAGTCTGGAGAGGC	0	0	0	0	28.57608696	0	0	0	52
AGGGTAAGCACATCGTTCCCTCGGCTTACC	0	0	0	0	0	0	0	0	71
AGGGTCCCGACGTTGCGGATCTTTATACTG	0	0	0	0	23.38043478	0	0	0	198
AGGGTCGCTTTACATATAGGCTCATCATAT	0	0	0	0	0	0	0	0	711
AGGGTCGGCTGGGAGCTCGGGACTCGGTTC	0	0	0	0	0	0	0	0	72
AGGGTCGGTGGCGTCAGCGGAGCCGTTAAA	0	0	0	0	44.16304348	0	0	0	279
AGGGTCTCGGAGGGGGGACGAATGGGCTGA	0	0	0	0	0	0	0	0	28
AGGGTGCAGTCAAGAGGGTATGCGGCTCTT	0	0	0	0	0	0	0	0	2336
AGGGTGCATGGGACTTGACGCGATGGGGGG	0	0	0	0	0	0	0	0	2273
AGGGTGCTGTACATGCCTAGGTTAATCTAT	0	0	0	0	0	0	0	0	737
AGGGTGGACAAACTCTCATATCTTCAGTTT	0	0	0	0	0	0	0	0	6370
AGGGTGGGTGGGCGTTGTTGGGTCCTTGTA	0	0	0	0	33.77173913	0	58.23350254	0	8099
AGGGTTCGGGGACTTGTGAGGTACAGGATA	0	0	0	0	0	0	0	0	1019
AGGGTTTATCTCGTAGAGCAGTGAGACGGG	0	0	0	0	0	0	0	0	262
AGGGTTTTGTCGCTATCAGGTTCGAGAAAT	0	0	0	0	41.56521739	0	0	0	576
AGGGTTTTTACGTATCGACATTACCGAGCA	0	0	0	0	0	0	0	0	5164
AGGTAAATACAGAAAGGTGGACGGCGCTGC	0	0	0	0	0	0	0	0	1356
AGGTAGAGCTCCTATAACGGCGTTAACAGA	0	0	0	0	0	0	0	0	136
AGGTAGCCTGTGCGCCAGGGCCACATTGGG	0	0	0	0	0	0	0	0	1266
AGGTAGGAAATTACGAAGATGTCCATTGAA	0	0	0	0	0	0	0	0	2502
AGGTAGGGTACACAATCTTGCGGGTGAAGC	0	0	0	0	0	0	0	0	910
AGGTAGTGAAGTCGGGTGGAGTTAGTGCAA	0	0	0	0	0	0	0	0	39
AGGTATAGAGGGTTGACGTTCGACACTTCA	0	0	0	0	0	0	0	0	1702
AGGTATGTTCTTCGTAAGCATCACGCACTC	0	0	30	0	33.77173913	21.51	0	0	61
AGGTCAACTTGGTGTGGGATAGGGAACACT	0	0	0	0	0	0	0	0	212
AGGTCATTTATGAATCTAGTACGAGCCCAG	0	0	0	0	0	0	0	0	485
AGGTCGCAGATCTAGAAAGTCGGGTTTGTA	0	0	0	0	116.9021739	35.85	50.95431472	0	7495
AGGTCGCGTCGGCGGTTGATGGTGGGGGTG	0	0	0	0	0	0	0	0	28
AGGTCGTACAGGGCGGACCTCATGGTTGTT	0	0	0	0	0	0	0	0	270
AGGTCGTGCTATAATACTTCGATTGCTATC	0	0	0	0	0	0	0	0	487
AGGTCTCCAAGTTAATTTCAGTGTGTCGGT	0	0	0	0	49.35869565	0	0	0	2000
AGGTCTCTCAGATCTCTGAACGACTGGTAA	0	0	0	0	0	0	0	0	2174
AGGTCTGGGGGCATTCCAATTGTTGACGGA	0	0	0	0	0	0	0	0	1526
AGGTCTGGGTTAGAGGTGAGGGATTGCCCG	0	0	0	0	0	0	0	0	173
AGGTGAAAGGACGATCGCTTACGGGTGTGT	0	0	0	0	0	0	0	0	882
AGGTGATCGGCGAGCATTTCGTGGACCTCC	0	0	0	0	0	0	0	0	988
AGGTGATGATTCGTTGGACTAAATCAGTCA	0	0	0	0	0	0	0	0	30
AGGTGATGCGCTAGTGTTCTGCTATCACGG	0	0	0	0	0	0	0	0	14
AGGTGCAAAAAACTGGTCGAGTTAACCGCC	0	0	0	0	0	0	0	0	127
AGGTGGCATCACCTCCAACAGTGTGAGCTA	0	0	0	0	15.58695652	131.45	0	0	1862
AGGTGGTCACATGTTCTCGCTAATGTGGTA	0	0	0	0	0	0	0	0	98
AGGTGGTGGGGGATTTCACGGCAGATTCCA	0	0	0	0	0	0	0	0	364
AGGTGTATATTTCTTGTACATTGGACATGG	0	0	0	0	0	0	0	0	1938
AGGTGTGGCGTTGGCGGATAGAGTTCTAAG	0	0	0	0	0	0	0	0	1707
AGGTGTGTTTTGCCCGTTTAGCTTGAACGG	0	0	0	0	0	0	0	0	1288
AGGTGTTCGGTTGCATCAAGATAGATCCCG	0	0	18	0	23.38043478	0	0	0	28207
AGGTTACGGTGCTATCCTGAGAGTTACCTT	0	0	0	0	0	0	0	0	49
AGGTTAGATCAGGACTTTTAGCACTAATGG	0	0	0	0	0	0	0	0	1149
AGGTTATACAAAGTGAGACCACTCCGACAG	0	0	0	0	0	0	0	0	459
AGGTTATCGGGGGCATATTGGGCCTCTGCT	0	0	0	0	0	0	0	0	2900
AGGTTCATTTACTAATCAGCGTCCCGCGTA	0	0	0	0	0	0	0	0	51
AGGTTCATTTCGACATGCGAGGTAACCCGG	0	0	0	0	0	0	0	0	1088
AGGTTCCATAGAACGGGGAGCTTACGCTAT	0	0	0	0	0	0	0	0	201
AGGTTCGTGTGCAGTCCTATGGGACGGCAA	0	0	0	0	0	0	0	0	17
AGGTTCTTGGGCGAGTTGTTTGTGTCGGGA	0	0	0	0	0	0	0	0	1504
AGGTTTGTTAGTCAGTTGAGTCGACTGCTA	0	0	0	0	0	0	0	0	71
AGTAACTACATTGTACTGGATAGGCCTGTT	0	0	0	0	0	0	0	0	118
AGTAACTCTCGATTCACTACCGGCTTAGTG	0	0	0	0	0	0	0	0	1417
AGTAACTTGGTTTGTCATTCTTAGGGTGAC	0	0	0	0	0	0	0	0	22
AGTAAGGAGGATGGTTCGGATCGGGCCGAA	0	0	0	0	0	0	18.19796954	0	0
AGTAAGGCTAAAATACTTCCTATTAATTCG	0	0	0	0	0	0	0	0	369
AGTAAGTCGGAACTCCTCTCGAGAATCTCT	0	0	0	0	0	0	0	0	28
AGTACCAGTTGCGGCTCGCAGAGAAAGTCG	0	0	0	0	0	0	0	0	704
AGTACCGGCGAACCGTCACACGAGCGCTCC	0	0	0	0	0	0	0	0	2222
AGTACGAATTCATTGAGATTGGCGGCTACG	0	0	0	0	0	0	0	0	1010
AGTACTAAGCATGAAGATGCACTGAAAAAT	0	0	0	0	0	0	0	0	1060
AGTACTGTAACTTGGGACGGATTTCTGTAC	0	0	0	0	0	0	0	0	4828
AGTAGCGGCTAAGAGGCGCTGAAACCATCC	0	0	0	0	31.17391304	0	0	0	0
AGTAGCTTCTCCCGTACCCATATTAGTACT	0	0	0	0	0	0	0	0	155
AGTAGGGCTATTGGTGGACTACCTAAGGAG	0	0	18	0	0	0	0	0	26355
AGTAGGGGCACTTTTCAATTGCTGCAGAGG	0	0	0	0	0	0	0	0	31240
AGTAGTATTTCGGACGGATGTAGGATTCTT	0	0	0	0	0	0	0	0	17
AGTAGTTATGATGTGCTAAGATCTTGTATG	0	0	0	0	0	0	0	0	1774
AGTATAAGACTGTAGTCAGATTCGTTGGAC	0	0	0	0	0	0	0	0	6787
AGTATACGTGCGCACGGTGGCGGGGTGGAC	0	0	0	0	0	0	0	0	431
AGTATAGAGGTCGGGAGGGTTCGAGGGTTG	0	20.82572614	48	0	64.94565217	14.34	0	0	43887
AGTATAGGTCACATTTAACGTGTTCCCGAT	0	0	0	0	0	0	0	0	1218
AGTATATCTTGTCGTTGTGCAGTCTGGTCC	0	0	0	0	0	0	0	0	7294
AGTATCAGGGCGATCCTGAGCAGGTTCACA	0	0	0	0	0	0	0	0	108
AGTATCCAATAGCCATGTTGCCCTCAAGTT	0	41.65145228	0	0	59.75	16.73	32.75634518	0	2223
AGTATTAAGGCCCGTTGAATGATTCACCTA	0	0	0	0	0	0	0	0	61
AGTATTAGTTAGGCGATTCGGTACAAAGGC	0	0	0	0	0	0	0	0	324
AGTATTCCAGCTCCCCCTGGTCATAGGATT	0	0	0	0	0	0	0	0	969
AGTCAACGTTATTTCTTTAACCACTTTCGG	0	0	0	0	0	0	0	0	527
AGTCAGATTCGATAACGGTAGGGGGTTTTT	0	0	0	0	0	0	0	0	1387
AGTCAGTAGTTTCCCTATACACATTTTAGA	0	0	0	0	0	0	0	0	915
AGTCATCTAGGCCATACACCCCGATTACTT	0	0	0	0	0	0	0	0	1702
AGTCATGACTTAAGCTATAGGTCTAGTTTA	0	0	0	0	0	0	0	0	11276
AGTCATGGCAGCGTGCGGGCTGGAACATGG	0	0	0	0	0	0	0	0	366
AGTCATTCGGAGAGATATTGCTGGCCGTTT	0	0	0	0	0	0	0	0	291
AGTCATTGTATACTAATCTGTCAAGATAAT	0	0	0	0	0	0	0	0	818
AGTCCAAGTTACGGTCAGCGATTTCTTTTC	0	0	0	0	0	0	0	0	1231
AGTCCCGTCGCTCGACAGGCGGCGGCTGGG	0	0	0	0	0	0	0	0	250
AGTCCGGTATGGGTAACGATGTTAGTTATC	0	0	0	0	0	0	0	0	2190
AGTCCGTGATGGTTCGGGCGATGGCAAGGG	0	0	0	0	0	0	0	0	75
AGTCGACTGGATGGCACTTGAGTCACAAGC	0	0	0	0	0	0	0	0	34
AGTCGAGTCATGTCAAGGACTTGTATTCAA	0	0	0	0	0	0	0	0	803
AGTCGCATCCCACGGGGCATGGTGAGTCCC	0	0	0	0	0	0	0	0	601
AGTCGGGAAGGCTTGAGTTTTTGACTGGGT	0	0	0	0	0	0	0	0	1523
AGTCGGGCCTTGATGGAACCATTGTAATAT	0	0	0	0	0	0	0	0	211
AGTCGGTGGCTTTACAAGATGGGCACGTAA	0	0	0	0	0	0	0	0	1052
AGTCGGTTTGAATCGGGCTCAACCAGTCAG	0	0	0	0	0	0	0	0	29
AGTCGTCTGAAATTTAGGCGAAGCGTGGTG	0	0	0	0	0	0	0	0	563
AGTCTATCAGGTTATTCGAGTTGCAAGAAC	0	0	0	0	0	0	0	0	1383
AGTCTGAGAGGCAGGCATGCTATCATCAGT	0	0	0	0	0	0	0	0	367
AGTCTGAGCGATACGGGTTGCTTGATGTAA	0	0	0	0	0	0	0	0	4467
AGTCTGCAAAAGTGTCCGATCATGTGGTAA	0	0	0	0	0	0	0	0	331
AGTCTGGGATTGATCTAGGCTATATAAGTG	0	0	0	0	0	0	0	0	930
AGTCTGGTGAGTGGTCCCGATATTGATCAG	0	0	0	0	0	0	0	0	898
AGTCTGTCAAATCGAGGTCGAGTATTTCAG	0	0	0	0	0	0	0	0	1538
AGTCTGTTTGCCGTATAATATTCATGGACT	0	0	0	0	0	0	0	0	841
AGTCTTCGAACCTACCGAGCTCACCTACTA	0	0	0	0	0	0	0	0	1097
AGTCTTGTTTTATGCGCTTTCATCAAGATC	0	0	0	0	0	0	0	0	260
AGTCTTTTTCTTCTTTTGCAGTCATATATG	0	0	0	0	75.33695652	21.51	0	0	109
AGTGAAAGTATAATGCTCGATATGAGATTT	0	0	0	0	0	0	0	0	186
AGTGAATTTATTCCACAATATCAGTCCGCG	0	0	0	0	0	0	0	0	347
AGTGACGATCCATCTAAGCGTCTTCTATGC	0	0	0	0	0	0	0	0	217
AGTGACGTAGTCGTATCAAACATAACGCTG	0	0	0	0	0	14.34	0	0	30
AGTGAGCGTCGGAAGGTCTAGAGGTCACGG	0	0	0	0	0	0	0	0	1208
AGTGAGCGTCTAAGTCGTATCGTTTAATTG	0	0	0	0	0	0	0	0	1176
AGTGATCGTTGTGCGTTACAGTGGGTGGTT	0	0	0	0	0	0	0	0	3730
AGTGCAAATTATCGGCGGGCTTTGTGTGCG	0	0	0	0	0	0	0	0	19
AGTGCAACGGGTGACTTAAGGTCCTATAGC	20.96491228	23.80082988	0	0	31.17391304	0	0	0	958
AGTGCATTTCGTGTGGAGGGGCCCTTGTCT	0	0	0	0	0	0	0	0	1653
AGTGCCACGCTGTAGCAAGTGGGGTGGGCG	0	0	0	0	0	0	0	0	1827
AGTGCCACGGTCACTATACTGCAGTGGCGA	0	0	0	0	0	0	0	0	59
AGTGCCCGCCCTTACTTTTCAAGAAACGCT	0	0	0	0	0	0	0	0	500
AGTGCCGTGTGGGGGTGGCATGGAGAGACC	0	0	0	0	0	0	0	0	596
AGTGCGAGCGTGGATGTGCTATGACCTGTT	0	0	0	0	0	0	0	0	1965
AGTGCGGTCGGGCTTGAGGAGACAAATTGG	0	0	0	0	0	0	0	0	21
AGTGCTCGTTTGGGTTCAGTGCTTGTTTAC	0	0	0	0	0	0	0	0	1335
AGTGCTGTCGAAGTGACCACGCGTATAATT	0	0	0	0	0	0	0	0	1401
AGTGGAAACCACAGACCGCGTCCTGAGTCT	0	0	0	0	80.5326087	16.73	0	0	73
AGTGGAATGAGTCGATGGATGATTGGGCCT	0	0	0	0	0	0	0	0	1252
AGTGGACCCTATGAAGTCATCTGATTGTAG	0	0	0	0	0	0	0	0	1782
AGTGGACGCCCGGGACGCGGGCTGGGCGCT	0	0	0	0	0	0	0	0	1947
AGTGGATGTGTTTTGTGTCTGTAGTGGTAA	0	0	0	0	0	0	0	0	584
AGTGGCAGCGGGACAAGACGGGAGCTTGCT	0	0	0	0	0	0	0	0	114
AGTGGCAGTGGGAACGAGTAAGGCTTTAGA	0	0	0	0	0	0	0	0	1115
AGTGGCGACGCGCGGTGGGGGCTCCTCGCG	0	0	0	0	132.4891304	43.02	29.11675127	0	10180
AGTGGCGGCTATTTTTCAGAGTGAAATTAT	0	0	0	0	0	0	18.19796954	0	0
AGTGGGACCTCTGCCCGGAGTTCCGAGATT	0	0	0	0	0	0	0	0	63
AGTGGGCGCTTGCAGGCGGGCTGAGGGGTC	0	0	0	0	0	0	0	0	2285
AGTGGGGATACTAGTGTGGAGGTCATGCGG	0	0	0	0	0	0	0	0	150
AGTGGGTAATTGGGTCCAACCAGGGATATC	0	0	0	0	0	0	0	0	2825
AGTGGTTTAAAATGCTACGGAATCCTATCT	0	0	0	0	0	0	0	0	554
AGTGTAAGCACTCATATTTAGGTATGGTGC	0	0	0	0	0	0	0	0	2050
AGTGTCCTGATGCTTTTGACAAAGGCTCGG	0	0	0	0	0	0	0	0	1148
AGTGTCGCTCTTATCGTTTTTGTTTATACA	0	0	0	0	0	0	0	0	1112
AGTGTCGGGGAGGTCTTCGGGGAGAGGAGG	0	0	0	0	0	0	0	0	1872
AGTGTGGGTAAACGGACGATCCATTCATAA	0	0	0	0	0	0	0	0	309
AGTGTTGCGGATTTCTTTCCCGGCCGCTGT	0	0	0	0	0	0	0	0	14
AGTTAACTATCGTTCACAGCGATTGCGAGA	0	0	0	0	0	0	0	0	893
AGTTAACTTTTCGTCAGATACTTGTTTAGC	0	0	0	0	0	0	0	0	50
AGTTAAGGTGTGTTCGGCGACTATAGTCGA	0	0	0	0	0	0	0	0	15
AGTTAAGTAAAGATGGCCCCCTTGATTCCA	0	0	0	0	0	19.12	0	0	413
AGTTACATAGGTAGTGTCTGCATCACGGGC	0	0	0	0	0	0	0	0	653
AGTTACCGGCAATCGCATGTATGGAGCGGT	0	0	0	0	0	0	0	0	1822
AGTTACTAACATCATCCTGTTCCGCATTAT	0	0	0	0	0	0	0	0	965
AGTTAGAGGGTTGTGGAAAATAGTGCCGGT	0	0	0	0	0	0	0	0	1541
AGTTAGAGTCATATATATGAAAACTTTTCT	0	0	0	0	0	0	0	0	827
AGTTAGCCGCTTCGTGCTATTTTCTAGTTT	0	0	0	0	57.15217391	0	14.55837563	0	65
AGTTAGGCATGGGCGAATACAAACGGTGGG	0	0	0	0	0	0	0	0	648
AGTTAGGTATCGCAGTCATTTAGGGTGTGG	0	0	0	0	0	0	0	0	1077
AGTTAGTATTTGATAACTTGCGTGCATGCT	0	0	0	0	0	0	0	0	78
AGTTATAAGGACTCTTTCGTCAGTGTCAAA	0	0	0	0	0	0	0	0	515
AGTTATCAATAGACCACTAATCACTACGTC	0	0	0	0	0	0	0	0	411
AGTTATCACTTCCCCCGTAATTAACAGTCT	0	0	0	0	0	0	0	0	178
AGTTCAATCGGATGTGTGATTTACGACTGC	0	0	0	0	0	0	0	0	1260
AGTTCACTTGTTTCGCGAACGCAGCGAGTT	0	0	0	0	0	0	0	0	251
AGTTCATTATTGACAATTTGTAAATAAGTA	0	0	0	0	0	0	21.83756345	0	16
AGTTCCGTTTGGCGCCCATGCAGATTTACT	0	0	0	0	0	0	0	0	36
AGTTCCTTCAAATGCCGGTCCTTCTTTTAC	0	0	0	0	0	0	0	0	17
AGTTCGCGTAGACTTAGCTGCAAGTGGGTC	0	0	0	0	0	0	0	0	1143
AGTTCTTACGCTAAGCGTCGTCTCCGTGTC	0	0	0	0	0	0	0	0	731
AGTTCTTGTCTAACTATCCGTACTTCAATC	0	0	0	0	0	0	0	0	318
AGTTGAATAAAAGCCCGTGGGCGACAAAGA	0	0	0	0	0	0	0	0	248
AGTTGACTCGGTGTACATAGATTATGACTT	0	0	0	0	0	0	0	0	1245
AGTTGAGGACCAGGTATGGTGTGCTCTAGT	0	0	0	0	0	0	0	0	66
AGTTGAGTCTGTAGGAATCGTGAATATGTG	0	0	0	0	0	0	0	0	39
AGTTGCAGTGCCTTCGCGCTTTTCATGTGT	0	29.75103734	0	0	0	0	0	0	0
AGTTGCGCGGTACGAATTTGTTAGCTGACC	0	0	0	0	0	0	0	0	871
AGTTGCGGGTCTTTTGTCACGACGGCCTGC	0	0	0	0	0	0	0	0	2858
AGTTGCGTCGAATAATTATACCGTCCCTAG	0	0	0	0	0	0	0	0	4622
AGTTGCTCAATCCGAGTAGGAAACTCAACT	0	0	0	0	0	0	0	0	21
AGTTGCTTTGAGTCGACCCTTGTAGGGCTT	0	0	0	0	0	0	0	0	137
AGTTGTAACTGCAACGATGAATGGTGGCGT	0	0	0	0	0	0	0	0	1704
AGTTGTATAAAATTTTCAGTCTTGGAATGT	0	0	0	0	0	0	0	0	225
AGTTTAAACGATGCGAACTGTGCCAAATTA	0	0	0	0	0	0	0	0	1034
AGTTTAAGGAACGGGTCCTCTCATTACCCA	0	0	0	0	0	0	0	0	1606
AGTTTACCAGAATGAAGTCCGCTTGTCCTA	0	0	0	0	0	0	0	0	2822
AGTTTACTGAGCCAGGGCGGATGACCCAAG	0	0	0	0	0	0	0	0	1672
AGTTTATGTCCCGTATAAGAGAGCTCTTTT	0	0	0	0	0	0	0	0	23
AGTTTCCATTATGCTGTTCGAGTAGCACTT	0	0	0	0	0	0	0	0	563
AGTTTCGCCTAATGCGTACATTTTACTACT	0	0	0	0	0	0	0	0	9509
AGTTTCGCGTTTGATATAGTTGGGGGGTTT	0	0	0	0	0	0	0	0	121
AGTTTGACGGCGATGTTCCGGCTGTAGTCT	0	0	0	0	0	0	0	0	1357
AGTTTGGTCTTATATTTTCATTTGTAATTA	0	0	0	0	0	0	0	0	24
AGTTTGGTGAGATCAGTCGACCATGGTGAT	0	0	0	0	0	0	0	0	345
AGTTTGTATATCCGTTGAGTGGTAGGGAAG	0	0	0	0	0	0	0	0	3128
AGTTTGTTTTAGTTTAAATTCCGCTAGCGC	0	0	0	0	0	0	0	0	29
AGTTTTATCTCTGGTTATGGACTGAATTCG	0	0	0	0	0	0	0	0	39
ATAAAACCAAGTGGCTGTGGTTCATTGCTA	0	0	0	0	0	0	0	0	1344
ATAAAAGTTGTATATCATTCGTGCATGTTC	0	0	0	0	101.3152174	0	0	0	3579
ATAAAATGGGGCAACCTGGCTGTACACTAA	0	0	0	0	0	0	0	0	242
ATAAAGCAGAGCTCTTGGGCCTTGATTTGT	0	0	0	0	0	0	0	0	43733
ATAAAGGCGATGAGCCTTGCAAATCTGCAG	0	0	0	0	0	0	0	0	281
ATAAATAGTCGTAGGTGCATTGTGCAAACC	0	0	0	0	0	0	0	0	646
ATAACACAATGCGACAAGCAAGCTCCTTAC	0	0	0	0	0	0	0	0	117
ATAACATATTTACGGGAGGCTCGGATCTTA	0	0	0	0	0	0	0	0	18
ATAACCTGGCTTGGAAGCATGAATACCGGT	0	0	0	0	0	0	0	0	207
ATAACTACATGTCTCTGTCTAACCGTAGTG	0	0	0	0	0	0	0	0	400
ATAACTCCAGGTACAGCGGTTAGCGGTACC	0	0	0	0	0	74.09	0	0	0
ATAACTCCGTATGATGCCCGCCGTTTCGCA	0	0	0	0	0	0	0	0	263
ATAAGCAATGAATTTCTCACAGGGGTTGTA	0	0	0	0	25.97826087	0	0	0	0
ATAAGCCGTGTCAATCAAGTGTCAGGTGTG	0	0	0	0	0	0	0	0	2269
ATAAGCGCAAGCCGTTGGGGTTCGTCGTTT	0	0	0	0	0	0	0	0	852
ATAAGCGTTTGGGGATTCTACTTGTGAGTT	0	0	0	0	0	0	0	0	2308
ATAAGTGGTCTACTCGGAGCTCTCGTGGAA	0	0	0	0	0	0	0	0	26
ATAATAAAAACGCACGATCGTTTCCGGTTC	0	0	0	0	0	0	0	0	944
ATAATAGAACGCTCCCTTTGTTCTGGGTCG	0	0	0	0	0	0	0	0	216
ATAATCCCCCCGCAACTGTATGTGATAAGC	0	0	0	0	0	0	0	0	484
ATAATCTAAGACTTCGGGTATGTTACAAAG	0	0	0	0	0	0	0	0	49
ATAATGATTTAAGTCATCGATCTGCAGTAT	0	0	0	0	0	0	0	0	996
ATAATTAAGCGTGCTAGGACTAAAAGGGAC	0	0	0	0	0	0	0	0	1142
ATAATTCTGCATCTTTTCGTAGACGCCTTT	18.86842105	127.9294606	525	145.4782609	306.5434783	50.19	14.55837563	0	2505
ATAATTTCGGTGAAGCATAAGCCGTCGCAA	0	0	21	0	0	0	0	0	358
ATAATTTGTTATACGTATCAGGCAGAGATG	0	0	0	0	0	26.29	0	0	1240
ATACAACCATTGTACTTTCAGAATTGGTAT	0	0	0	0	0	0	0	0	424
ATACACATCATTCGTTTCGAAATCTTGGTG	0	0	0	0	0	0	0	0	1667
ATACACGGGAAGTTGACTCTGCATAGGCAG	0	0	0	0	20.7826087	0	0	0	49
ATACAGAATATAGAATACTAGAATCTTATT	0	0	0	0	0	0	0	0	803
ATACATAAACTATGTATCGCTAGCCGCTTA	0	0	0	0	0	0	0	0	820
ATACATAGAGAAACGTTCGAGCTAATTGGG	0	0	72	0	161.0652174	0	0	0	25937
ATACATCGCAATTTAACGTTCTTTTACTGT	0	0	0	0	0	0	0	0	1137
ATACATTAAGTTAAGCGTCCTTGAGTGGCT	0	0	0	0	0	0	18.19796954	0	0
ATACCACAGGAAGGCGGGCGATGTGGTTCG	0	0	0	0	0	0	0	0	402
ATACCATGCATGTACACGTAAACTAGACGC	0	0	0	0	0	0	0	0	16
ATACCCAGCTACATTTTGAACTCGTAGGCT	0	0	0	0	0	0	0	0	14
ATACCCCCGCAGAGCCTATAAAACGGCAAC	0	0	0	0	0	0	0	0	1034
ATACCTGGATGACTGCGCATAGGCTGATTG	0	0	0	0	0	0	0	0	1073
ATACCTTCAGGCATCATGGCTCCCGACGGT	0	0	0	0	15.58695652	0	0	0	436
ATACGCTCCGTCCCTTACCAACACTACGGC	0	0	0	0	0	0	0	0	647
ATACGGGCCCAAGAGTAGCATCTTGGGGAG	0	0	0	0	0	0	14.55837563	0	0
ATACGGGGCCTACATTAATGGTAAAAGCCC	0	0	0	0	0	0	0	0	497
ATACGTCTTGGTGGGGGAGATCGCCGCGTA	0	0	0	0	0	0	0	0	734
ATACGTTATGAATTGTTGGTCATGGTTATG	0	0	0	0	0	0	0	0	160
ATACTCGGTTTTGACGCAAACTGTTCCCAA	0	0	0	0	0	0	0	0	1100
ATACTGATTTACTTTCTCTGTCCTCTTGCC	0	0	0	0	0	0	0	0	26
ATACTGGCAGTGTTCGCGGAAAGCTGGAGT	0	0	0	0	0	0	0	0	703
ATACTGGCTGTGATCGGGGGTTGCAAACGG	0	0	0	0	0	0	0	0	151
ATACTGTCCATAGTGGGTGGGCGATCAGGC	0	0	0	0	0	0	0	0	487
ATACTTATCCGACGGTCTAAATATTTGTCT	0	0	0	0	0	0	0	0	447
ATACTTCCTCAAATCGAATTGGTCTTGGGG	0	0	0	0	0	0	0	0	333
ATAGAATGTGGTTCAGCGACCGTATTTGGA	0	0	18	0	0	0	0	0	50
ATAGACGTCATATTGTTCTTTAGATACGAC	0	0	0	0	0	0	0	0	540
ATAGATGTGTTCTAATTATTATTCTGGATT	0	0	0	0	0	0	0	0	232
ATAGATTATGTATACGATACGAGATGCGTT	0	0	0	0	0	0	0	0	16
ATAGATTGGCATCCACCGTTCGTGGATGAT	0	0	0	0	0	0	0	0	91
ATAGCCTAGATCTCCTGCAGCACGACGCCA	0	0	0	0	0	0	0	0	312
ATAGCGCCTGTAGGAACTATCTTGAAATCT	0	0	0	0	0	0	0	0	1486
ATAGCGGCGCATGTTCATGGCTATAGATAT	0	0	0	0	0	0	0	0	269
ATAGCGTATTCTGATATCCACGGTAACAGC	0	0	0	0	0	0	0	0	195
ATAGCTGGGGTATTGCGGTTCCTATAGGCG	0	0	0	0	0	0	0	0	1361
ATAGCTTATAAAAGTAATTCTATTATTGAG	0	0	0	0	0	0	0	0	571
ATAGCTTATGGGAATCGTTGAGTGGTCCAA	0	0	0	0	0	0	0	0	365
ATAGCTTCCCTAGTGATACTATTGACTTAC	0	0	0	0	0	0	0	0	548
ATAGCTTGGGGTATACGTTGCTCCGGGGGT	0	0	0	0	0	0	0	0	238
ATAGGCATGTATACTAATACATTTGAGTGG	0	0	0	0	15.58695652	0	0	0	207
ATAGGCCCAGAGTGGGACGGCTGGTCCTGG	0	0	0	0	0	0	0	0	569
ATAGGCCTAAGCCGTTCGGGGTGTCAGTAG	0	0	0	0	0	0	0	0	14
ATAGGCTATCGATTATTAGCCCGTGAGATT	0	0	0	0	0	0	0	0	290
ATAGGGATCGGAAGGGCAAATGCATTGTTT	0	0	0	0	0	0	0	0	127
ATAGGTATTATTTGGCGAATTATGTCATTC	0	0	0	0	0	0	0	0	911
ATAGGTATTTGGTTGCTTATGGCAGACCTT	0	0	0	0	0	0	0	0	9488
ATAGGTCGCGCGTTCGCCTGAGGAGTTAGG	0	0	0	0	0	0	0	0	1019
ATAGTAATCGCATCAGGGCATTCATTCCAC	0	0	0	0	0	0	0	0	1319
ATAGTATCTTTATTATGTAAATACACTAGT	0	0	0	0	0	0	0	0	18
ATAGTCGCGGGCAATGCAAGGGTTCAGTTC	0	0	0	0	0	0	0	0	92
ATAGTCGGATAGCATTAAGATCCTGGTATT	0	0	0	0	0	0	0	0	1318
ATATAACCTACAACTCGTTGAGTTACTAAA	0	0	24	0	31.17391304	0	0	0	79
ATATAAGAGGCTTGCGTCTCTTATGCCGGT	0	0	0	0	0	0	18.19796954	0	0
ATATAATATATTGAGTAACCAGTAAATAAA	0	0	0	0	0	0	14.55837563	0	854
ATATACTCCATTTGATGTTTGTCGGCTCGA	0	0	0	0	0	0	0	0	27
ATATAGATTTTAAATTGGATTCAATACTAT	0	0	0	0	0	0	0	0	41
ATATAGCTTTCGGAAATAGTATGGTTTATT	0	0	0	0	0	0	0	0	678
ATATAGTTCTTTGGTTCCTGTTTAACCTTT	0	0	0	0	0	0	0	0	964
ATATCACACTTCGTGAGGGTCACGCGCCCA	0	0	0	0	0	0	0	0	2198
ATATCAGTTTTTATCCTTTCTCATCTTATC	0	0	0	0	0	0	0	0	1476
ATATCCTCATTATGGTCTCTGTCGAATGTT	0	0	0	0	18.18478261	0	0	0	0
ATATCTACACTTGCGGATAATACCGGCATT	0	0	0	0	0	0	0	0	852
ATATCTACCTTCCCTCATAACATGCTTGGT	0	0	0	0	0	0	0	0	220
ATATCTGGTATTTGAGCTAACGTGGGTGAT	0	0	0	0	0	0	0	0	517
ATATCTTATTCTGATAGTGTCATGTACTTA	0	0	0	0	0	0	0	0	163
ATATCTTTTGATCGGCCCGATATACCCGCT	0	0	0	0	0	0	0	0	565
ATATGAACAAATTGTCGTAATAGAGGTTAT	0	0	0	0	0	0	0	0	785
ATATGCATTGACACGGTAATCTTTTCAGAC	0	0	0	0	0	0	0	0	128
ATATGCCACAGTGGTTCCCCGGGATTTGGC	0	0	0	0	0	0	0	0	15
ATATGCGCCCCGTGATTCCTCATCATCGGC	0	0	0	0	0	0	0	0	18
ATATGGACATGGTTCTACTCCTCAGCGCTC	0	0	0	0	0	0	0	0	628
ATATGGCACGCTAGCCAGTGCGCAACTAGG	0	0	0	0	0	0	0	0	1551
ATATGGCCACGATTGTATAATTAAGCGTCT	0	0	0	0	18.18478261	0	0	0	0
ATATGGTACTGTAAGCTACGTATACTTTCG	0	0	0	0	0	0	18.19796954	0	0
ATATGTTGTTAATGGCAAATCGCGAACAGA	0	0	0	0	0	0	0	0	943
ATATTACATAATATATTTGGCTATCACGTG	0	0	0	0	0	0	0	0	476
ATATTATTCATTGGATATTTGCTGGAAAAA	0	0	0	0	0	0	0	0	427
ATATTCGAGCATCATGCATCTAATATAAGA	0	0	0	0	0	0	0	0	1278
ATATTCTGCAGTCACGTCGAATAGCGTCAT	0	0	0	0	0	0	0	0	448
ATATTGGCGCTAGTCTGGAATCGCAGTTTA	0	0	0	0	15.58695652	0	0	0	10109
ATATTGGGGGCATGTTTCCAAACCAGGTTA	0	0	54	0	20.7826087	28.68	14.55837563	0	31
ATATTGGTGGCTCTGTGGCTGGCGACTAAA	0	0	0	0	0	0	0	0	467
ATATTTCGGCTCGGATTGATAGAGTTTCGG	0	0	0	0	0	0	0	0	1363
ATATTTCTTCACGTGGCCAATTGCAGTCAG	0	0	0	0	0	0	0	0	556
ATATTTTGGTTGGTAGTACGTGTTAATTTT	0	0	0	0	0	0	0	0	20
ATCAAAGAGGTGCAAGATCGTGGACCTGGA	0	0	0	0	0	0	0	0	690
ATCAACCGGGAGTAAGAGCGTTCCGTAATC	0	0	0	0	0	0	0	0	1583
ATCAACGTGGGATACGTCGGATGAGATGGG	0	0	0	0	25.97826087	0	0	0	15
ATCAAGGGCTACGGCGTAAGGATCATGTTC	0	0	0	0	0	0	0	0	587
ATCAAGTTCGAGGCGTATTGGGGGAATCGA	0	0	0	0	0	0	0	0	466
ATCAATTTCGTCAAGATGGGTTCAGCGGTT	0	0	0	0	0	0	0	0	678
ATCACATATAGGGTACGTTATCTTGTCTGA	0	0	0	0	38.9673913	0	0	0	972
ATCACGCGTTCATGCACGCGGGAAGCAATA	0	0	0	0	446.826087	143.4	0	0	69032
ATCACGGGAGCTTAATTAGCCTTGAATCCG	0	0	0	0	0	0	0	0	2786
ATCACGTTGGTCTTGGTCCTTTATGCAGTC	0	0	0	0	0	0	0	0	901
ATCACTGCACTCATGCTACGCAGGGGTTTT	0	0	0	0	0	0	0	0	507
ATCACTTTATATCGATTCGTCGCGTACCAA	0	0	0	0	0	0	0	0	319
ATCAGAGCAGACCTTGATTGACTTCAGGGC	0	0	0	0	0	0	0	0	331
ATCAGCGACCAAACTGGGTTGAAGCCAGGG	0	0	0	0	0	0	0	0	558
ATCAGGCTCTCACGCGAGATATCCCAGCAC	0	0	0	0	0	0	0	0	32
ATCAGGGGGGTACAAGTACTCTAGTAAGAT	0	0	15	49.35869565	36.36956522	0	309.3654822	0	108
ATCAGTAGGTGGTTCTACTGTTCCCCAACG	0	0	0	0	0	0	0	0	98
ATCAGTTTTTTCGTTGCCCTGTGTTACAGA	0	0	0	0	0	0	0	0	1013
ATCATACACGAGGTATATGAGTCAGATCGA	0	0	0	0	0	0	0	0	62
ATCATAGTGCACAGGGTTCGATCGAGTCAC	0	0	0	0	15.58695652	0	0	0	26
ATCATAGTTCTGGATGGCTTATTAGAAAGT	0	0	0	0	0	0	0	0	712
ATCATATTTTGACATGTGATGGTAAAGACG	0	0	0	0	0	0	0	0	7462
ATCATGTACGATACAAAATGGGGAAGTAAC	0	0	0	0	0	0	0	0	1227
ATCATGTTTATAGCGCCCTGAATGAAATTA	0	0	0	0	0	0	0	0	1098
ATCATTAAACACGTCTGGTATTATCCCAAA	0	0	0	0	0	0	0	0	1715
ATCATTCAGTTGTGTGTACGAGTCTATTCA	0	0	0	0	0	0	0	0	102
ATCATTTATAGTCTATCGGGTAACAATAAT	0	0	0	0	0	0	0	0	1331
ATCATTTCTCTATAGTCTCATAATCGCATT	0	0	0	0	0	0	0	0	727
ATCATTTGTTTCCCAGTGTGGGAGGTCAGA	0	0	0	0	0	0	0	0	924
ATCATTTTGTAGGAAGCCTCGCGACATTTC	0	0	0	0	0	0	0	0	1069
ATCCAACAACATGGTTCAATGTGGACTCTA	0	0	39	0	23.38043478	0	0	0	39
ATCCAATCTGAACCAAGTTGTAATTGGATT	0	0	0	0	0	0	0	0	747
ATCCATGACGATCGTTGCATCGTGAAGTTT	0	0	0	0	0	0	0	0	625
ATCCATGGTCAATTTTGGTCCGGGCAAGGG	0	0	0	0	0	0	0	0	21
ATCCCACTTGGTGGTCCGGGAATCGCCAAT	0	0	0	0	0	0	0	0	5641
ATCCCCAAAGGTAGATAGTCTGTTACAAAG	0	0	0	0	0	0	0	0	1343
ATCCCCTCAAACGTAGTTGTGTACTCGTTA	0	0	0	0	0	0	0	0	66
ATCCCGACCAAATTCGGTGTGTGGTTCAAA	0	0	15	0	0	0	0	0	1010
ATCCCTAGTAGTATTCTCAACTATACGGGC	0	0	0	0	0	0	0	0	825
ATCCGAATGGCGACAGCTTCAGATGCTGTA	0	0	0	0	0	0	0	0	764
ATCCGAGGCATCCACGTAAATTAGGCTGGG	0	0	0	0	0	0	0	0	263
ATCCGCTTTAGGGGTATCGGCGTGAACATT	0	0	0	0	0	0	0	0	15
ATCCGGCGGGCACATATAACTCTTCAGGCT	0	0	0	0	0	0	0	0	168
ATCCGTAAGCTTCATGGCGGATAATCTCCT	0	0	0	0	0	0	0	0	3247
ATCCGTAATCCAATTACCATGCTTGTAGTA	0	0	0	0	0	0	0	0	10886
ATCCGTTTGTGAGGTCATTAAAATGTCTCG	0	0	0	0	0	0	0	0	2896
ATCCTTCCTATAACAACTCTATGTTGCATA	0	0	0	0	0	0	0	0	407
ATCCTTCTAGAGTGTTCTTATAGTGAGCGC	0	0	54	31.17391304	46.76086957	19.12	0	0	4359
ATCCTTTACTCACGTTGTTCAGGGTATAAC	0	0	0	0	28.57608696	0	0	0	260
ATCCTTTGTCGTCGACGCGGTTCGCTGATT	0	0	0	0	168.8586957	0	0	0	127
ATCGAACTAACAGATTCCTTGGCCCGCATA	0	0	0	0	0	0	0	0	55
ATCGAAGGTTTTCCTCTCTAGTCCTAATTA	0	0	0	0	0	0	0	0	196
ATCGACAGATAGTGCAAAGTTCACCTTCGG	0	0	0	0	0	0	0	0	3576
ATCGAGCCTGTATCGAGTGTTGGGTTTATC	0	0	0	0	0	0	0	0	19
ATCGAGTTCCCAGAAATGTTCTCTCCTAGC	0	0	0	0	15.58695652	0	0	0	605
ATCGATATTGGTCCCGGCAGTGGGTCATGT	0	0	0	0	0	0	0	0	67
ATCGATCGCAGCGTTGTCGCACGGTTAACC	0	0	0	0	0	0	0	0	832
ATCGATTCTCATCACGGCTCGCATGTATGC	0	0	0	0	0	0	0	0	1301
ATCGCACCTTGATGGGTTAGTGCGATTAAG	0	0	0	0	0	0	0	0	33
ATCGCATGTCATTTACCTACTTTGATTTGA	0	0	0	0	0	0	0	0	678
ATCGCCAATGGGTGTGGCCCTGAAGGCTGC	0	0	0	0	0	0	0	0	284
ATCGCCCACGATGACTTGGTTCAACCCAGC	0	0	0	0	0	0	0	0	1797
ATCGCCGACTCTGGACGCAATAGCCTGGTG	0	0	0	0	0	0	0	0	1416
ATCGCCGGTTGGGTACGGGGACGATGGGGC	0	0	0	0	0	0	0	0	971
ATCGCGAAATGTGTACTTTTATGCGCCTGT	0	0	0	0	0	0	0	0	17
ATCGCGCATACGAGGTGCTTCTGGAGGGGA	0	0	0	0	0	0	0	0	627
ATCGCGGGATATGTAAGGCTATAAACCTCA	0	0	0	0	0	0	0	0	637
ATCGCTGAGGATGGGATGCTCTGGGGGGGC	0	0	0	0	0	0	0	0	1544
ATCGCTGAGTCGGTTCGCACTTAAGGGGCC	0	0	0	0	0	0	0	0	33
ATCGGAGCTCGGGTGTTTGGGTTATAGGGT	0	1490.526971	180	122.0978261	1545.706522	152.96	0	0	150321
ATCGGCAGCATCAGTCATCGCGTTTTTTCT	0	0	0	0	0	0	0	0	2450
ATCGGCGCGCTTCCTTTGCGTGACGATGGA	0	0	0	0	0	0	0	0	1802
ATCGGGCGCCATATAGTTAGGGCGGAGCAT	0	0	0	0	15.58695652	0	0	0	95
ATCGGGCGGACATTTGGGTCGCAACGCAGG	0	17.85062241	39	20.7826087	44.16304348	21.51	0	0	9796
ATCGGGGTTAGGGGTCCTGGCTGCTACGCG	0	0	0	0	0	0	0	0	996
ATCGGTGCTGGTTTACAGCTTATGAGGCGT	0	0	0	0	0	14.34	0	0	0
ATCGGTGTGGCGGGCCGGAGGGAGATCGGA	0	0	0	0	0	0	0	0	372
ATCGGTTGGACCTCGTAGCGAAGCCTGAGT	0	0	0	0	0	52.58	0	0	0
ATCGTATAAGTATGGTACATCGTGCATGCA	0	0	0	0	0	0	0	0	1885
ATCGTCGACGGGGTTGGTAAGAAGTAACTT	0	0	0	0	0	0	0	0	1337
ATCGTTGTAGTAACTAATCAATATGCATCA	0	0	0	0	0	0	0	0	277
ATCGTTTTTAACCAATAAGCCATTAGCGCC	0	0	0	0	0	0	0	0	757
ATCTAAGTTTCTTGGGTCTGCAAGCTGATC	0	0	0	0	0	0	0	0	150
ATCTAGGTTGTGGGTCCGTCGTGAATCGGT	0	0	0	0	0	0	0	0	977
ATCTAGTCAGGATTTCGTTTGGTTGGTTTA	0	0	0	0	0	0	0	0	2489
ATCTATCCTACCTTTCTTGCGTACATCCAT	0	35.70124481	51	88.32608696	672.8369565	95.6	21.83756345	0	156269
ATCTCATCTAGTTGTATATTACTGTGCTTT	0	0	0	0	0	0	0	0	872
ATCTCATGCCACTTTACTGGTCTAACCCAG	0	0	0	0	0	0	0	0	667
ATCTCATTACTGTTGTCCCGCGCGTAGTTC	0	0	0	0	0	0	0	0	675
ATCTCCGCCACGGTTTATTCAAGTGATTAA	0	0	0	0	0	0	0	0	531
ATCTCGTTAAGATCGGTTTCGGGATACTGA	0	0	0	0	0	0	0	0	17
ATCTCTCCCTGACGAATGGATGGGACAGAT	0	0	0	0	0	0	0	0	25
ATCTCTGATCGTTGGGCGCTCTGCCCAGTT	0	0	0	0	0	0	0	0	870
ATCTGAGATTCTGCCGCGCGTTGGGCAAAC	0	0	0	0	0	0	0	0	30
ATCTGAGCCTAAAGAGGACGACTGGCTCTC	0	0	0	0	0	0	0	0	47
ATCTGCCTGTGAGGATGCTTATTTATCAAG	0	0	0	0	0	0	0	0	344
ATCTGCGGCATCTCGGTCCTCTGCCTCGGT	0	0	0	0	0	0	0	0	1732
ATCTGGCCTGGACGGGTGGGGATTCATGCT	0	0	0	0	70.14130435	0	0	0	29
ATCTGGGGCTATTTAAGCCCTTTTCTAGAC	0	0	0	0	0	0	0	0	93
ATCTGGTTGAAATAATGATTTTGGAACAAT	0	0	0	0	0	0	0	0	1299
ATCTGTGCAGTAAGAGTGTGATGAATGTCG	0	0	0	0	0	0	0	0	14
ATCTGTGTACTATCGCGTAGAACAAAAAAG	0	0	0	0	20.7826087	0	0	0	155
ATCTGTTATCGGTGTGACACCTTCTGTTAA	0	0	0	0	0	0	0	0	1423
ATCTTAATGAGGGAGCGATACAGAGGGTTA	0	0	0	0	0	0	0	0	74
ATCTTAGGGACATAGTCGTAGGGTGTGCCC	0	0	0	0	0	0	0	0	340
ATCTTATACTCAAGAAAGCGAATAGCTGGT	0	0	0	0	0	0	0	0	33
ATCTTATCTATCTATGTATAATCCTATGAG	0	0	0	0	0	0	0	0	27
ATCTTATGGGGAACGTACAGGGCCTGGTTT	0	0	0	0	0	0	0	0	1594
ATCTTATTGAAGCATCTTATCAGGCCTCAC	0	0	0	0	0	0	0	0	8182
ATCTTCATGCTTGGGCGTGTGGCGCGCTGA	0	0	0	0	0	0	0	0	49
ATCTTCTATATCTGCGAGCACTGGCTTTTT	0	0	0	0	0	0	0	0	111
ATCTTGTGTTTTGTCGTGGCAGCCTAAGCA	0	0	0	0	0	0	0	0	174
ATCTTTACACGGTACGGTCTCGGGTTTTTA	0	0	0	0	20.7826087	0	0	0	9811
ATGAAATTTATTGTTCTGTTCCTATTCTTT	0	0	0	0	0	0	0	0	832
ATGAACGCGTGTGGTTAGAGAGATATAGCT	0	0	0	0	0	0	0	0	486
ATGAATGCACGGTTTCCCTAAATTCATACC	0	0	0	0	0	0	0	0	129
ATGACAGGGTAATTCGTGTTATGGTGATTC	0	0	0	0	0	0	0	0	20
ATGACCATAATCAGGCGTATAAACAGACTG	0	0	0	0	44.16304348	0	0	0	7092
ATGACCCAAGGTGAGGTAAAAATTCAACAT	0	0	0	0	0	0	0	0	939
ATGACCCGGGTTAATCGCATATCTTTCTAC	0	0	0	0	0	0	0	0	1405
ATGACCGCGTCCAGACATGAGGCGTCGGGC	0	0	0	0	0	0	0	0	635
ATGACGCGTGGGTGGGGCGGGGTGGTATAT	0	0	0	0	0	0	0	0	993
ATGACGGTTCTGCATAGCGTGTGCTAGAGT	0	0	0	0	0	0	0	0	24
ATGACTCGAGAGGTTGCAGAGCGGGGTAGC	0	0	0	0	0	0	0	0	1118
ATGACTTGATCGTTGATACAATCGCAGTTA	0	0	0	0	0	0	0	0	461
ATGAGAGGGAAATGGTTTTGTAGTGCGATG	0	0	39	0	20.7826087	0	0	0	68
ATGAGATAATGGGAGGCTATATGCAAGAGG	0	0	0	0	0	0	0	0	2286
ATGAGATCCCATTTTGAGGCGTAGTTATCC	0	0	0	0	0	0	0	0	272
ATGAGCAATATGCAACGTACTGTGGCGGCT	0	0	0	0	0	0	0	0	409
ATGAGCCATGAGAAGAACACCTCATTACGT	0	0	0	0	0	0	0	0	1274
ATGAGCTTCGGGTGATATCTAGTCCGGATG	0	0	0	0	0	0	0	0	1242
ATGAGGAGTTTTGTGGGCGAGTTGTCGTGG	0	0	0	0	0	16.73	0	0	1138
ATGAGGATCGATATTGCACACGTGGCAACT	0	0	0	0	0	0	0	0	1164
ATGATATGTATATTGGGGGCGTCGAAGGAC	0	0	0	0	0	0	0	0	1393
ATGATCTTTCGGGTTTTTATGTTTTTCCGA	0	0	0	0	0	0	0	0	1038
ATGATGAGTTTACTAGTTGTCCTGTGCGAA	0	0	0	0	0	86.04	0	0	0
ATGATGGCAGGGTCCGCAAGGGCATACAGT	0	0	0	0	0	0	0	0	651
ATGATGTTCCGGGGTATCCCAACAGCGTCA	0	0	21	18.18478261	59.75	119.5	54.59390863	0	0
ATGATTCCTCTCTAACCTCTTCGCGCATTT	0	0	0	0	0	0	0	0	226
ATGATTCGTCCTTCCGCTAGACAGCAGGAC	0	0	0	0	0	0	14.55837563	0	0
ATGATTGTAGGGACTAATGTACGTCCACTG	0	0	0	0	0	0	0	0	291
ATGATTTCGTGCCCTCTTTGTGCGTGGGCT	0	0	0	0	0	0	0	0	317
ATGCACCGGTGGGTACAACACGTTACTCAC	0	0	0	0	25.97826087	0	0	0	0
ATGCACGGCGGTCTCATGCGTTGGTTTTAG	0	0	0	0	0	0	0	0	708
ATGCACTCTGCTGGAATTACTATGTTTCTA	0	0	0	0	0	0	0	0	511
ATGCACTTCGAAGACTCGTGGATAATCTCA	0	0	0	0	0	0	0	0	33
ATGCAGGTTATAATTCGACACGGTAGGGAG	0	0	0	0	0	0	0	0	255
ATGCATACAACTTTACCACGGTACTTAGCA	0	0	0	0	0	0	0	0	16
ATGCATACCTCGGCCGAAGCCGTGCGTTCA	0	0	0	0	0	0	0	0	168
ATGCATCCAGCTGCTGATCTCATGACGCTG	0	0	0	0	0	0	0	0	58
ATGCCAAGTTAAAAAGCCCCCAGAGTGTCT	0	0	0	0	0	0	0	0	1040
ATGCCAGACGTCGGGCCGATTTCCTATGAT	0	0	0	20.7826087	0	0	0	0	0
ATGCCAGGAGGGTCGACTGAAGAGCTAACT	0	0	15	0	0	0	0	0	0
ATGCCAGGTCCAATGTAGTAAATCAAGGGG	0	0	0	0	0	0	0	0	91
ATGCCAGTTAGAGGCGTTTAGTTCTGAGTA	0	0	0	0	0	0	0	0	1020
ATGCCATGCCGTTAAGTATCGCCAGTGCAG	0	0	0	0	0	0	0	0	285
ATGCCCAATCGGTTTGTGTTAGTAATACGA	0	0	0	0	0	0	0	0	631
ATGCCCGATAAACAGTAATGGGGCGTGCGG	0	0	0	15.58695652	0	23.9	0	0	0
ATGCCGCGAGTGTCTTTAGCACGGCGTTCT	0	0	0	0	0	0	0	0	56
ATGCCGGTGGGGCCAGGGTTCTGCTGAGGG	0	0	0	0	0	0	0	0	36
ATGCCGTTCCTGGTGGCGTTTTGTCGCGTG	0	0	0	0	23.38043478	0	0	0	1506
ATGCCTAGCGTTTATTGCGCTGTGACCTGT	0	0	0	0	0	0	0	0	3192
ATGCCTCCTATGTATAATTCATCCAACATC	0	0	0	0	0	0	0	0	144
ATGCCTGAGAACTTTCGGTGCTACTAGCAG	0	0	0	0	0	0	0	0	943
ATGCCTGCCTGCTAATTTGAAATATGAGGC	0	0	0	0	0	0	0	0	509
ATGCGCCGATGTTGAGGACGCAGCTTAACC	0	0	0	0	0	0	0	0	1425
ATGCGCGTCTATATGCATAAAGCACTTGTA	0	0	0	0	0	0	0	0	408
ATGCGTGTGGCGACATCGCGTTCTTCAAGT	0	0	15	0	77.93478261	14.34	0	0	9039
ATGCGTTAACGTTTTATAGCTCTCATTTCC	0	0	0	0	0	0	32.75634518	0	20
ATGCTACAAGAGAGGGGTCGGGGCCAGCTA	0	0	0	0	0	0	0	0	390
ATGCTCGTTCACGGACGAAAGGGGGATCTA	0	0	0	0	0	0	0	0	321
ATGCTCTGTGGCTCGATTCAACATTTGTAA	0	0	0	0	0	0	0	0	406
ATGCTGAATCTTCTAGCTCGCGATCCAACC	0	0	0	0	0	0	0	0	3012
ATGCTGTAAGCCCGTAGTAGTACAACTCAT	0	0	0	0	0	0	0	0	352
ATGCTTACGTGTGTCGCGTCTTCTTGCTGC	0	0	0	0	0	0	0	0	1339
ATGCTTGGTACCACAATCCATACCTAGGGG	0	0	0	0	0	0	0	0	341
ATGCTTGTATGGTGTACTAATCCTAAGTGG	0	0	0	0	0	0	0	0	1191
ATGCTTGTCTAGAAATGCATTTAGAGTCAA	0	0	0	0	0	0	0	0	999
ATGCTTTTAATCTGTTTAGGCTTTACGTCC	0	0	0	0	0	0	0	0	14
ATGGAAGCTGGCGGCCCGGGGCCGAACGGC	0	0	0	0	0	0	0	0	359
ATGGAAGGGGGCCATTTGGGCCCCAGCTCA	0	0	162	0	51.95652174	0	0	0	0
ATGGAATGGCTCACAGTCGTAGGAAGGATC	0	0	0	0	0	0	0	0	665
ATGGACGTCCTAGCTCTACACACGTTCGTC	0	0	0	0	0	0	0	0	72
ATGGAGTGGGTATATCGCTAAGAGGAAATG	0	0	0	0	0	0	0	0	26327
ATGGATCGGGACTGCATGCGGTCTGTGGCA	0	0	15	0	0	0	0	0	1314
ATGGATGGTGGGAGTCGAAACGTAGGCATA	0	0	0	0	0	0	0	0	1204
ATGGATTCAATGTCCATTGCGTATCGGCGG	0	0	0	0	0	0	0	0	244
ATGGATTGCAGTTATGCATTCGCTAACGGG	0	0	0	0	0	0	21.83756345	0	607
ATGGCAATTCCAAAGGGGCCACCGGATGGG	0	0	0	0	0	0	0	0	1720
ATGGCCAGATGTTGGATACGAATACGCCGT	0	0	0	0	33.77173913	0	0	0	0
ATGGCCGATACCGTGTGCATAAAGTCGGTA	0	0	0	0	0	0	0	0	66
ATGGCCGTCTCTATGCTTCCAATTTTGGGT	0	0	0	0	0	0	0	0	1190
ATGGCCTAATTGCATTTATATTTGCCGAAG	0	0	0	0	135.0869565	0	0	0	1221
ATGGCCTCGAATAGCACCCCGTGGGTATGT	0	0	0	0	0	0	0	0	1363
ATGGCGGGCCTGTGAGTCACTTTTCCACAA	0	0	0	0	0	0	0	0	1410
ATGGCTGTATGTGGCGTTCCAGTCTTTGTG	0	0	0	0	0	0	0	0	1745
ATGGGACCTTTTGTTGATTTTCGTTTGCCA	0	0	0	0	0	0	50.95431472	0	0
ATGGGAGTCTCATCTTATTACTGGTTGGTC	0	0	0	0	0	0	0	0	425
ATGGGAGTGGCTTCAGTAGGACAGTTGCCT	0	0	0	0	0	0	0	0	874
ATGGGCGATGTCTACCCAGAATGGAAGTCG	0	0	0	0	0	0	0	0	941
ATGGGCGGGCACGTTTGGGTACGGGGGTAA	0	0	0	0	0	0	0	0	1004
ATGGGCGGGTCGAAATTGGTCGTCGTTCTA	0	0	0	0	0	0	0	0	614
ATGGGCGTTCGAAGGGGTCCGGGAAGGGTG	0	0	0	0	20.7826087	0	0	0	0
ATGGGCTACAACAATTGGCAATATTACTGA	0	0	0	0	0	0	0	0	140
ATGGGGCATCTTCGTCCTTGGTGGGCAGAG	0	0	0	0	0	0	0	0	1889
ATGGGGGCGAATCGGACAGGTGCGGGGGCG	0	0	0	0	0	0	0	0	2707
ATGGGGGGACAGCTCGGCGCTCCGATCGAC	0	0	0	0	0	0	0	0	530
ATGGGGGGTTACGTCCGTTTTGTTGGTGGG	0	0	0	0	0	0	0	0	2193
ATGGGGTGTTGGAAAAATACGTGGCACGTA	0	0	0	0	0	0	0	0	241
ATGGGGTTAGGGCTCTTAGGGGCTTTGGGT	0	0	0	0	0	0	0	0	841
ATGGGGTTCAAGGATATCGGATAAGCGTAA	0	0	0	0	0	0	0	0	70
ATGGGTCACCCGCACCCTGATGTGGGCGTG	0	0	0	0	0	0	0	0	745
ATGGGTCTAACTGCGTCAGCCGGGTACTCG	0	0	0	0	0	0	0	0	1467
ATGGGTGCCCGAAGAAGGGCTTTTGATCGG	0	0	0	0	0	0	0	0	1503
ATGGGTTAATCAAAGGTTGTCAAGATGTGT	0	0	0	0	0	0	0	0	3851
ATGGGTTTACCTCGCGCGATTCACGTTTGG	0	0	0	0	0	0	0	0	185
ATGGTACAACAACAGGGTATGTTCCTACTC	0	0	0	0	0	0	0	0	152
ATGGTACGGTTCAAAATGCACTTTGACAGC	0	0	21	0	0	0	0	0	1817
ATGGTACTGGGAGAGTTTGGGATCACTGCA	0	0	0	0	0	0	0	0	63
ATGGTCCACGACGTAGGGTCCTACAGGGTT	0	0	0	0	0	0	0	0	1543
ATGGTCGGCAGGCCTTTGCAGAACTTCGCG	69.18421053	116.0290456	204	67.54347826	2161.391304	155.35	21.83756345	0	273001
ATGGTCGTTGCAAATCTGGGTCATCGGGGT	0	0	0	0	0	0	0	0	2469
ATGGTCTCGGTACTACAATATCAGTCAAGC	0	0	0	0	0	0	0	0	513
ATGGTGCCTTTCCTACGTTCACGGTCGACC	0	0	0	0	0	0	0	0	1828
ATGGTGGGCTAAGCGTTCAACTCATCGCAC	0	0	0	0	0	0	0	0	735
ATGGTGTGCATTGCGCATGGGCTCTAAGAT	0	0	0	0	0	0	0	0	1304
ATGGTTAAAACGAGGAGCCAATATCACGAC	0	0	0	0	0	0	0	0	520
ATGGTTCTATGCATCCGAGCCATATGATCA	0	0	0	0	0	0	0	0	420
ATGGTTTGTCAATTATGTACATTTTTATAA	0	0	0	0	0	0	0	0	674
ATGTAACGAGCAACTCCCGATTACAAATGC	0	0	0	0	0	0	0	0	484
ATGTAACTGCTTGTAAATGGGCGTATGTAA	0	0	0	0	0	0	0	0	818
ATGTACGCTGGTCCCGACGGGCAGGATCTG	0	0	27	0	0	0	0	0	932
ATGTAGCTAGTTAGTACACGTTTCATCTTA	0	0	0	0	168.8586957	0	0	0	987
ATGTAGCTATGATATGCATCAGGCTAGCAG	0	0	0	0	0	0	0	0	22
ATGTAGTTCCTTCTTGACACGCCCCGTCGA	0	0	0	0	0	0	0	0	1889
ATGTAGTTTCGAAGCGTTAAAGAGGGATTT	0	0	0	0	0	0	0	0	521
ATGTATCCCCTGGTGACAACTATGGGGAGC	0	0	0	0	0	0	0	0	461
ATGTATGGACCTTAGAGGTTGATACCGGGA	0	0	0	0	0	0	0	0	80
ATGTCAATTACCCGGAGGCGGTAAGGGTCT	0	0	0	0	0	0	0	0	48
ATGTCACCATCGAGGATTTGGGTACTGAAG	0	0	0	0	0	0	0	0	54
ATGTCCTGTGCTTGACAACTTAAAGGGATT	0	0	0	0	0	0	0	0	29
ATGTCGTGCTACGTAGGACACAATGATGTG	0	0	0	0	0	0	0	0	1767
ATGTCTAGATAATTTAAAATTAGCTGTGTA	0	0	0	0	0	0	0	0	215
ATGTGAGGTGAGGTGATACGTGCGCGCATC	0	0	0	0	0	0	0	0	71
ATGTGCCGATTAATTGAAATGACAGTCCAT	0	0	0	0	0	0	0	0	6256
ATGTGCTGCCATTAAAGTACGTCCAAGGGC	0	0	0	0	0	0	0	0	758
ATGTGGCACCGGCTTCGCTTTTACCGCCCT	0	0	0	0	0	0	0	0	653
ATGTGGGGACCGATGTCTGGAGCCCTAGGG	0	0	63	0	25.97826087	0	0	0	128
ATGTGGTATGGTGCGAGCTCGGCGTATTGG	0	0	0	0	0	16.73	0	0	237
ATGTTACCTCGTTGAGTTCGCTAGGACCTT	0	0	0	0	0	0	0	0	904
ATGTTAGTTCATCTGGCTAGTGAATAGGAC	0	0	0	0	0	0	0	0	1425
ATGTTATATCGACGTAGTTCTGCCTAAGAA	0	0	0	0	0	16.73	18.19796954	0	24
ATGTTCCACTGAGCCTATAGGACAAAACAG	0	0	0	0	0	0	0	0	795
ATGTTCGTACAGAGTACCTTCATCGAGGGC	0	0	0	0	25.97826087	0	0	0	160
ATGTTGATTCACTAGTCGCCAGAGTGTTTC	0	0	0	0	0	0	0	0	940
ATGTTGCACCATAGTTGAGCGAGGATGATT	0	0	0	0	0	0	0	0	183
ATGTTGGCCAAACCTTGTTTTAATCCTTCG	0	0	0	0	0	0	0	0	327
ATGTTGGCCGGAAGATAGATCGGCCCTTTC	0	0	0	0	0	0	0	0	998
ATGTTGGTAAGACGGGAAGTTGGGCGGGTC	0	0	0	0	0	0	0	0	41
ATGTTTCAGCAGGAAATGAGAGGAGACCAG	0	0	0	0	0	0	0	0	973
ATGTTTCCGGAGTTATGGTTAGGATCACTA	0	0	45	0	28.57608696	0	0	0	83
ATGTTTGAATCCAATCTGCTGGACATATGT	0	0	0	0	0	26.29	0	0	0
ATGTTTTAATCTTTCTGCGCTCGATTCAGA	0	0	57	15.58695652	62.34782609	38.24	0	0	1930
ATTAAAATACCACGCGTGATCTAATACTAG	0	0	0	0	0	0	0	0	2515
ATTAACATCTCTCGGGCGCACCTAGTCTGC	0	0	0	0	0	0	0	0	47
ATTAAGATTACAGGTCATTTCGTAGATGGA	0	0	0	0	0	0	0	0	122
ATTAAGCACTACCGCACTCATCAGGACCTA	0	0	0	0	0	0	0	0	676
ATTAAGTCGTGAGGTCAACTCAGGGCACTG	0	0	0	0	311.7391304	0	0	0	1353
ATTAAGTGGGGTGTGTGCCTACATTCGACC	0	0	0	0	0	0	0	0	36
ATTAATCGTTCGGCCGTTCGGATTCACACA	0	0	0	0	15.58695652	0	0	0	353
ATTAATTGTGGGGGCCTTGGTTTGTGGTCC	0	0	0	0	0	0	0	0	280
ATTACAAGTTTAACAAACTCTAAACCCTGA	0	0	0	0	0	0	0	0	22
ATTACAATTAGAAGTTGACTACTTTAAATT	0	0	0	0	207.826087	0	0	0	323
ATTACACGTTACCCATATCTTCACCGAAGC	0	0	0	0	0	0	0	0	1053
ATTACCTGGTAAATCCTCGGGGTAAAGATA	0	0	0	0	0	0	0	0	502
ATTACGCGTACGACGCGGTTATCCTTCGCT	0	0	0	0	0	43.02	0	0	42
ATTACGTGGTTTGCAGTTCACTTGCATATC	0	0	0	0	0	0	0	0	974
ATTACGTTAAGCACTTAATCCGGGTAAGAA	0	0	0	0	0	0	0	0	144
ATTACGTTTAAAACTCAAAGGATAGATTGA	0	0	0	0	0	0	0	0	140
ATTACTTCCTCTGGACTTGTGCGTCCCCTG	0	0	0	0	0	40.63	0	0	17
ATTACTTGCATGGTGCACATCGTTGTTTTG	0	0	0	0	38.9673913	0	0	0	576
ATTAGAGGGCGTGTGCCAAGCCCCAGAAAC	0	0	0	0	0	0	0	0	676
ATTAGAGTTCACTTTGCTTCTTTATTTCAA	0	0	0	0	0	0	0	0	349
ATTAGATGCTTGGCACTACTTGAACTCTGC	0	0	0	0	0	0	0	0	167
ATTAGCTGTGTATTGAACCTTAGCCATGTT	0	0	0	0	0	0	0	0	393
ATTAGGCCCCACTGATGATGGTAATTTGCA	0	0	0	0	0	0	0	0	456
ATTAGGCCTGGAGAAACCTCATTGACTATC	0	0	0	0	0	0	0	0	1314
ATTAGGGGAGGGTGGGCTGCCCCCTAAAAC	0	0	0	0	0	0	0	0	1279
ATTAGGGTCGACCCGGTGGCGTTTCTCTTG	0	0	0	0	0	0	0	0	507
ATTAGTACGTAATAGTTGTGGTTTCATAGA	20.96491228	20.82572614	0	23.38043478	350.7065217	105.16	18.19796954	0	11578
ATTAGTATACGTGATGTGTACTTGGGGAAT	0	0	18	0	0	0	0	0	87
ATTAGTCATAATCTGAAGTATACTCGAATA	0	0	0	0	0	0	0	0	1002
ATTAGTGCTGACTAATTTCATCGGCGCGTG	0	0	0	0	0	0	0	0	105
ATTAGTTGTCTGTTATGTGACCCGGGCATC	0	0	0	0	0	0	0	0	811
ATTATACCTTACTCTAAGGTGTATCAATCG	0	0	0	0	0	0	0	0	713
ATTATAGCGAAAATATATATTATACTTATA	0	0	0	0	0	0	0	0	207
ATTATATCAGGAATACCTCATGATACCCTG	0	0	0	0	0	0	0	0	15
ATTATATGTTATTGAATAACTTTTATTAGA	0	0	0	0	0	0	0	0	2053
ATTATCCCCGTCTCTGGTTGGCGCTTACGC	0	0	0	0	0	0	0	0	15
ATTATCGAGCATCGATTAGTAGATCTTAGT	0	0	0	0	0	21.51	0	0	143
ATTATCGGCGATGAACACGGTGACCCATTC	0	0	0	0	0	0	0	0	13992
ATTATGACTTCAAGTATTGAGAGAGGGGAC	0	0	0	0	0	0	0	0	2567
ATTATGATCGTACGCATTCAAAGTGGTTGT	0	0	0	0	0	0	0	0	1395
ATTATGGCCGTTTCCGTGTATATGAACGAT	0	0	0	0	0	0	0	0	447
ATTATGTTTTTTTCGGTCGTTCTTTTGCAG	0	0	0	0	0	0	0	0	1427
ATTATTAATATTTGGCGTGCGTATAGTAAC	0	0	0	0	0	26.29	0	0	107
ATTATTCTTTCTGCCTATTGATTGGACGAC	0	0	0	0	0	0	0	0	253
ATTATTTTTAGACCGAAATGAAAGTGGTCT	0	0	0	0	0	0	0	0	64
ATTCAAGAGATATATGGCTGAATATCCCTT	0	0	0	0	0	0	0	0	72
ATTCAGCTCCTCTTGCGGCCTTCACAGGTC	0	0	0	0	0	0	0	0	146
ATTCAGCTGAAGTGTATTGGTATTGGCTAA	0	0	0	0	0	0	0	0	698
ATTCAGGATCGGCCGCTATTGTTAGATCAG	0	0	0	0	0	21.51	0	0	4140
ATTCATTCAGTCCTTTTGGTCTTAACATAC	0	0	0	0	0	0	0	0	1569
ATTCCAGATATCAAACTAACCCACTTTTTG	0	0	0	0	0	0	0	0	124
ATTCCAGTGAATCCAGAGCTTCTGTTCGGT	0	0	0	0	0	0	0	0	1207
ATTCCGAGTGTAAGCGGACTCACGAAATCT	0	0	0	0	44.16304348	0	0	0	0
ATTCCGCCTTTTATTATTTGTCCCGCTGTC	0	0	0	0	0	0	0	0	61
ATTCCGTTTATTGCTATGGTCAGTCTCAGA	0	0	15	0	0	0	0	0	279
ATTCGAAAAAAGCTGTATTGCTGTTGTCCG	0	0	0	0	0	0	0	0	2737
ATTCGCCGTAAACTAGTTTTCAAGGGATCC	0	0	0	0	0	0	0	0	60
ATTCGCGCGGACAGTTTAGCATACAGGCTT	0	0	0	0	0	28.68	0	0	1663
ATTCGGCCTCTCTGAGTGCTGTCTGTTTCA	0	0	0	0	0	0	0	0	73
ATTCGGGCGCTATCAGTTGGAAGTGGCTAG	0	0	36	0	0	0	0	0	0
ATTCGGGGTCGGCGGTTACGTAAGCTACGT	0	0	0	0	0	0	0	0	82
ATTCGGGTGATAAGAGGAAAAGGACTGGTG	0	0	0	0	0	0	0	0	2754
ATTCGGGTTAAGATCTGCTAGGCACTTGTC	0	0	0	0	0	0	0	0	122
ATTCGTAACTGCAACTGTCTCTCTGTGTTG	0	0	0	0	0	0	0	0	1267
ATTCGTTATGGACAATTTGCATCGAGACAC	0	0	0	0	0	0	0	0	1992
ATTCGTTTTTTGGGTACGTTTTCTTACAGC	0	0	30	0	0	0	25.47715736	0	157
ATTCTATACTCAGGGAATCTTATCATTCAA	0	0	0	0	67.54347826	0	0	0	0
ATTCTCGTTCTACACGGGGGTACAGGCTAT	0	0	0	0	0	0	0	0	2313
ATTCTCTTGGCACGTCTAGGCACTTGGCGA	0	0	0	0	0	0	0	0	2870
ATTCTGCTAGTCATCGAGCGTAGTTTGGTT	0	17.85062241	48	0	54.55434783	0	36.39593909	0	64
ATTCTGTATCAATATTCAATTGTCATATAA	0	0	0	0	0	0	0	0	696
ATTCTTCCCAATGAAGCGCTTAGCATAACT	0	0	0	0	0	0	0	0	1605
ATTCTTCTAACTCATGGAGTAGTCGGAATT	0	0	0	0	0	0	0	0	24
ATTGAATCGGTCTTCTTCCAGTTTGCGTGG	0	0	0	0	0	0	0	0	3863
ATTGACAATCTGAGAATCTGCGTGATTTTG	0	0	0	0	0	0	0	0	383
ATTGACTGTGAGTTTGTTGGCACGCGTCCA	0	0	0	0	0	0	0	0	14
ATTGAGATGTTCCACGACGGCTAGCTTCCC	0	0	0	0	0	0	0	0	571
ATTGAGCGGTATGTAGGCTCACAGGTGAGG	0	0	0	0	0	0	0	0	842
ATTGATGACCCACTTGGGGGAATTCCGATA	0	0	0	0	0	0	0	0	2092
ATTGCAAATGGTGCGGTGAGCAAGATGACT	0	0	0	0	0	0	0	0	1180
ATTGCAGTTTGTAGAGAGTGGGCTCGGGTC	0	0	0	0	0	0	0	0	1487
ATTGCCCCGGATTTATCCCGTAGGAGTGAG	0	0	0	0	0	0	0	0	2392
ATTGCGGTCCCTCTCATTTCACGATTACTA	0	0	0	0	0	0	0	0	364
ATTGCTATCTTCAATTGGGCGTGGCTTGGT	0	0	0	0	0	0	0	0	252
ATTGCTCATTGGGTGCCGCCGCCACACCTA	0	0	0	0	0	0	0	0	27
ATTGGAGAATGAGTGCTTGCGCAGGGCGAC	0	0	0	0	0	0	0	0	24
ATTGGCGCTGCACCTCACTATAGTCGCGCG	0	0	0	0	0	0	0	0	800
ATTGGCGTTCTCCGTGTAGGCTATGGACGG	0	0	0	0	0	0	0	0	45
ATTGGCTAGGCGAGTTGGATTTCCATACGT	0	0	0	0	0	0	0	0	16
ATTGGTCGGGGGTGTTGTGGGACTGTAGGC	0	0	0	0	0	0	0	0	1145
ATTGTAAAGGGGGAGGTCATTCGGGGATCA	0	0	0	0	0	0	0	0	1533
ATTGTAAGATGCGGTGTATAGGCTTCTCTG	0	0	0	0	0	0	0	0	806
ATTGTATTCAATTTCAGCCTGGCTCTCTAT	0	0	0	0	0	0	0	0	154
ATTGTCCATGGGGGGTAACTGTTGTGGTGG	0	0	0	0	0	0	0	0	746
ATTGTCTGAATTCGATTCAAATCCTCAGGG	0	0	0	0	0	0	0	0	1308
ATTGTGGCGTCATTGGTCTGAATGGTATGA	20.96491228	0	0	0	0	0	0	0	0
ATTGTGTCTAGCAAGCCTGCTGCGGCGGCG	0	0	0	0	0	0	0	0	946
ATTGTTCTTACAGCCAAAAAAGACACATTA	0	0	0	0	0	0	21.83756345	0	113
ATTGTTGCTGCTTCCCATTTTCGTCAGGCA	0	0	0	0	0	0	0	0	1925
ATTGTTGGCGTTCGTGCAAAGTACGCCGAG	0	0	0	0	0	0	0	0	474
ATTGTTTGGGAGAAGAACCGCGATTTAGAG	0	0	0	0	0	0	0	0	52
ATTTAAACGAGTACTGCCCTGCTGCGCGAT	0	14.87551867	42	0	77.93478261	0	14.55837563	0	138
ATTTAACGGTGTTGGAGTCTTTTGGGTCCG	0	0	0	0	23.38043478	0	0	0	248
ATTTAAGACTAGTGATATTATTGCTGCCTT	0	0	0	0	0	0	0	0	20
ATTTAATCCCGCAACGGTAGCATGTGCTAA	0	0	0	0	0	0	0	0	123
ATTTACTTTGAACGTCATCATAATACTGTT	0	0	0	0	0	0	0	0	367
ATTTATAACATCAACCAACATGCAACATGT	0	0	0	0	15.58695652	0	0	0	0
ATTTATACAGCCGTGGATGTTTGCCAAAGC	0	0	0	0	0	0	0	0	603
ATTTATGTTGAAATAATGGGGAATTCGTTA	0	0	0	0	0	0	0	0	817
ATTTCAAAATTTATCTGCCGCACCTGCGTG	0	0	0	0	0	0	0	0	849
ATTTCAAAGGCGGGGGGCTCTATCCACAGG	0	0	0	0	0	0	0	0	483
ATTTCAGCATGAGAACTAACAGGATCGGGG	0	0	0	0	0	0	0	0	85
ATTTCAGTGCGGTATGAGACAGTTTCTTGG	0	0	0	0	0	0	0	0	1067
ATTTCCAGAAAGTATTCTCCCTTTACTCAG	0	0	0	0	0	0	0	0	1307
ATTTCCCTATGTCAGGCGCAGATACGCTGC	0	0	0	0	0	0	0	0	1286
ATTTCCGATACGCCTTGGGTCGTCTCAGAC	0	0	0	0	0	0	0	0	3391
ATTTCGGATGGTCGCGTGCTTGATTTGGCA	0	0	0	0	0	0	0	0	265
ATTTCGGTGACGGGTTTCAGGGCAAGGGTG	0	0	0	0	0	0	0	0	574
ATTTCTCATCTGAGTGGTATTGAGTTACCG	0	0	0	0	0	0	0	0	1123
ATTTCTCTGTGTTGAATGTCGTCGTTCACT	0	0	0	0	0	0	0	0	697
ATTTCTGCAAGGCGACAAGGACAGTCCCTC	0	0	0	0	0	0	0	0	1141
ATTTCTGGAAACGTATCATTTTATGCCAGT	0	0	0	0	0	0	0	0	110
ATTTCTGTGATGCCAGAATTGCACGGTCGT	0	0	0	0	0	0	0	0	1733
ATTTGATACTATATAAGTGCTTGCTATGCC	0	0	0	0	0	0	0	0	401
ATTTGCATGGTCATGGGGGTTGGCGTAGAT	0	0	0	0	0	0	0	0	1611
ATTTGCGAGGCCGGTCGTGCTGACGCATCA	0	0	0	0	0	0	0	0	90
ATTTGCTATATTTCTAAGACTGGTAGTAGA	0	0	0	0	0	0	0	0	94
ATTTGCTTAATTTCGCGAGTTTAGCGTAAC	0	0	0	0	0	0	0	0	2256
ATTTGGAGCAGTAATCCGAAGTGGGTTGGG	0	0	0	0	0	0	0	0	321
ATTTGGAGTCCACACCGTGCGTGAGACGCA	0	0	0	0	0	0	0	0	21
ATTTGGCCAGAGGAGGTTGATGCAGGTTCA	0	0	0	0	0	0	0	0	101
ATTTGGCGCTTTCTACGGTGGAGACTTGGG	0	0	0	0	0	0	0	0	44
ATTTGGTTAGGTCCGGGGCAAGGCTTAAGG	0	0	0	0	0	0	0	0	770
ATTTGTAAAGATTTTCCTTTGTATGAAGCA	0	0	0	0	0	0	0	0	2080
ATTTGTATCAGAAAGTCCTTTTAGCTTCTG	0	0	0	0	0	0	0	0	513
ATTTGTATGAAGTAATGTTTTCGTTTACAC	0	0	0	0	0	0	0	0	1058
ATTTGTCACTTATCTTTGGTCTGGTCAGAC	0	0	0	0	80.5326087	0	0	0	37681
ATTTGTTAGGATGTTTGCCGTCTCATCAAT	0	0	0	0	0	0	0	0	819
ATTTGTTTACCGAGCGACTACAAGGCTCAT	0	0	0	0	0	0	0	0	86
ATTTTACCAGCATTAGTCCTTCATTCACAA	0	0	0	0	0	16.73	0	0	103
ATTTTAGGAGGTGTGCGAGAGATGATGTGG	0	0	0	0	0	0	0	0	4994
ATTTTAGGGTCTACATTAGGAATTAGCGGG	0	0	0	0	0	0	0	0	1051
ATTTTAGTGACAGCTTCATAGCCGGTAGAT	0	14.87551867	0	0	0	0	0	0	14
ATTTTATTCGCAGTCCTTCATCTCGAAACT	0	0	0	0	0	0	0	0	444
ATTTTCAACCTTGATTGTGCTTTGACTCTA	0	0	15	0	23.38043478	0	0	0	245
ATTTTCATACCATATGGTATGTCTGGGACC	0	0	0	0	0	0	0	0	1964
ATTTTCGAATTATTAATCTGTCGAAGCTTG	0	0	0	0	54.55434783	0	0	0	8002
ATTTTCGATCAGTGTATGTCAGCGGGGGCA	0	0	0	0	0	0	0	0	14
ATTTTCGTATATTCCTGGGCACACTTCTAT	0	0	0	0	0	0	0	0	115
ATTTTCTATTAGAAAGAATGACAGCACCTT	0	0	0	0	0	0	0	0	60
ATTTTGAACATTTTGGAAACCATCTTATTT	0	0	0	0	0	0	0	0	413
ATTTTGAGTAGATGAATTGCGGGTGTCATC	0	0	0	0	0	0	0	0	46
ATTTTGATTTGCGAGGATTCCCGCCGCGGG	0	0	0	0	0	0	0	0	541
ATTTTGCGGGCGACTTATATTGTAACATCA	0	0	0	0	0	0	0	0	350
ATTTTGGTTCGCCTTACGGCTCATGCCCTG	0	0	0	0	0	0	0	0	25
ATTTTGTACGCTCAGTGGCTAGGTTACTTT	0	0	0	0	0	0	0	0	1460
ATTTTTATTTAATAATGGATATCCACGATG	0	0	0	0	0	0	0	0	193
ATTTTTCCTCTACTGAAATTGGTCATGCAC	0	0	0	0	0	0	0	0	14559
ATTTTTCGCTAGATTGTTGGCGAAGAGCGT	0	0	0	0	0	0	0	0	1432
CAAAAACTTCACCTTTATCTTCCCGCAATT	0	0	0	0	0	0	0	0	7178
CAAAACCGTTTGGTTTGTTGTACTCACCCT	0	0	0	0	0	0	0	0	172
CAAACAATAGTTCGCTAAGTAGGTAATATA	0	0	0	0	0	0	0	0	411
CAAACACATCTACTGGTGTTATTTATAATG	0	0	0	0	0	0	0	0	37
CAAACAGCTCATTGGCCATCAAGTCTACCA	0	0	0	0	0	0	0	0	36
CAAACGTCAAGCGAACTGTTTGCTGATCCT	0	0	0	0	0	0	0	0	1512
CAAACTAACTCCAGGTCCGGGCATTTGGTT	0	0	0	0	0	0	0	0	911
CAAACTCGTCTCATCGCATCTAAGGACGTT	0	0	0	0	0	0	0	0	20
CAAAGGGTATGGTGTCTGATTAGTTGTCTT	0	0	0	0	0	0	0	0	27
CAAAGGGTTCCCTGTTGGATTTTTCACTAA	0	0	0	0	15.58695652	0	0	0	1045
CAAAGTCAATATATCTGGTGCTCTTCCGAT	0	0	0	0	28.57608696	19.12	0	0	8103
CAAAGTTAATCTCCATTAAGGTAGTAATTC	0	0	0	0	0	0	0	0	638
CAAATACCCTATTGATCATCTTGAATGTGT	0	0	0	0	0	0	0	0	95
CAAATATCTGCTTTAGGCCTGTTACTGGCG	0	0	0	0	0	0	0	0	1199
CAAATATTTTCACGGCAGTATCATGGTTGG	0	0	0	0	0	0	0	0	71
CAAATCAGGCCGTTCTCAGTATCTCCCGGC	0	0	0	0	15.58695652	0	0	0	363
CAAATCCGAGTGCAGACTGCGGATCGTCGC	0	0	0	0	0	0	0	0	66
CAAATCGGCATGCGCAATCGGATCGTGAGG	0	0	0	0	277.9673913	0	0	0	1776
CAAATGCAGAAGTGGTTTTCTCTGAATTTT	0	0	15	0	23.38043478	0	0	0	117
CAAATGGAGCGATATTGAATCGTTATTATC	0	0	0	0	28.57608696	0	0	0	184
CAAATTCGTCTTATGTAAACTCATCCTTAG	0	0	0	0	0	0	0	0	15
CAAATTCGTTTTTTCTTTGATTGTCAAGGT	0	0	0	0	38.9673913	0	0	0	99
CAACAAAAATTTTTTCGCATCACTGTTGTA	0	0	0	0	0	0	0	0	23
CAACAAAATCTCAGTTGTCCTCAACAGTTG	0	0	0	0	0	0	0	0	1451
CAACAAATGGGATATGATTGTTGTGGCCAG	0	0	0	0	0	0	0	0	1158
CAACAATATGACACTGCGCAAGTCGACAAT	0	0	0	0	0	0	0	0	504
CAACAGGCTGCTCAATTGTTTATTTTTAAT	0	0	0	15.58695652	0	0	0	0	332
CAACCAACTACCTCCTCGAGGACCGCCCTT	0	0	0	0	0	0	0	0	188
CAACCATGCGTGCTGTAGCCCCGCAGGTCT	0	0	0	0	0	0	0	0	740
CAACCTCGACAGTCTTCTAATGCATTTTAA	0	0	0	0	0	0	0	0	1979
CAACGATGTGTATTGCACTTAATCCATACT	0	0	0	0	0	0	0	0	12542
CAACGCCATCCTAGTGTACATGAGAAGTCC	0	0	0	0	0	0	0	0	1961
CAACGCGCGAGCGGGGCAAGGTCGGTTCCA	0	0	0	0	0	0	0	0	873
CAACGGAGTGGTCGCTACCAAGGCGCCAGA	0	0	0	0	0	0	0	0	138
CAACGGGAAAAGCGCTTTCACATTTAGCCA	0	0	0	0	0	0	0	0	35
CAACGTAACAGTACAGGGGGGTGCGGTATG	0	0	0	0	0	0	0	0	795
CAACGTAAGGCGCATCTGGGCCGCTAAGTT	0	0	0	0	0	0	0	0	847
CAACGTACGGGTGCCCGGGCAGCTGTGCTT	0	0	0	0	0	0	0	0	17
CAACGTCGCGTCTCGCATATGTAAGTTAGT	0	0	0	0	0	0	0	0	1287
CAACGTTAATTTAAGGAAGCTTGTGTATGT	0	0	0	0	0	0	0	0	1181
CAACTAGGTATTATTCGGTGAGGGACTGCA	0	0	0	0	0	0	0	0	66
CAACTCTTGGCCGTGTGTTCTCAGGCAGGG	0	0	0	0	0	0	0	0	1040
CAACTGACATTCTTTGTCTTCGCATTTTTG	0	0	0	0	57.15217391	0	0	0	320
CAACTGGAGATAATTCTATTGCTCATATGT	0	0	0	0	0	0	0	0	73
CAACTGTGGTAGACCGCCCCCAGTCTTGTT	0	0	0	0	0	0	0	0	663
CAAGAACATGTTTTGGTGTTACTAATTCGC	0	0	0	0	0	0	0	0	58
CAAGAACTTTGACTCGACTTTCAGGTCTCG	0	0	0	0	0	0	0	0	28
CAAGAAGGTTTTCTGATAGACCGTCTAGAA	0	0	0	0	0	0	0	0	59
CAAGACTCCCGGCTTGTGGGAGTGAATGAA	0	0	0	0	0	0	0	0	51
CAAGACTGATGCGATTTCTTATATCCTAGG	0	0	0	0	0	0	0	0	912
CAAGCCACATGTGGGGCTGATTGAACGTCT	0	0	0	0	0	0	0	0	2097
CAAGCCACCACCCTCCCAACATACGAGCTA	0	0	0	0	0	0	0	0	817
CAAGCCCGTGAGCTTCCTGTGGATGCAGTG	0	0	0	0	0	0	0	0	1158
CAAGCCGTCGGTAGTTTCTGGTTTACGGGT	0	0	0	0	18.18478261	0	0	0	1891
CAAGCCTGTTGGGCTACCATGCGGTCATCT	0	0	0	0	51.95652174	0	0	0	44
CAAGCGCCGCACTCTGCTTGGTCAACTATA	0	0	0	0	0	0	0	0	7540
CAAGCGGATACCGTCATACGACCCGGTCCA	0	0	0	0	0	0	0	0	77
CAAGCGGGGATAGTTGTGTGGCACGAAACA	0	0	0	0	0	0	0	0	72
CAAGGAACAGTTATGCTCATAGCATGGCTT	0	0	0	0	0	0	0	0	331
CAAGGATAATTGGGGTAGTATCCTGGGGTC	0	0	30	0	23.38043478	0	0	0	830
CAAGGATGGGATAGTAATTGTTATCCGTAG	0	0	0	0	0	0	0	0	2304
CAAGGTTGTGCCAAAGCCGGGTGGATGCAT	0	0	0	0	18.18478261	14.34	0	0	0
CAAGTCCGGAAAATAATCGTGATGCGAGTG	0	0	0	0	0	0	0	0	1365
CAAGTCGAGGTTGGGTTGACGGTAGGCGCC	0	0	66	44.16304348	553.3369565	102.77	18.19796954	0	47772
CAAGTCGCATTCCACTTCTTTCCCCCTTTG	0	0	0	0	0	0	0	0	2335
CAAGTCGTACTATACTACGCCAGTACCGGC	0	0	0	0	0	0	18.19796954	0	0
CAAGTCTAGTAGTAACAAACATGGTCCTGG	0	0	0	0	0	0	0	0	327
CAAGTGATGGGATGGCTAATCATTTTACGA	0	0	0	0	0	0	0	0	938
CAAGTGTACTTGAAGGGGAGGTTGGTCACG	0	0	0	0	0	0	0	0	5135
CAAGTGTCTACACAATGAACTGGCATATGA	0	0	0	0	23.38043478	0	0	0	5178
CAAGTGTGTTGCTGCGCACGAATACGGTTA	0	0	0	0	0	0	0	0	6224
CAAGTTAAGATTAGGCTACGTATCCCTGTA	0	0	0	0	0	0	0	0	291
CAAGTTAGGGAAAAAGGCGTTGCAGGGGGC	0	0	18	0	0	0	0	0	14
CAAGTTCCCCAACACTTGGACGTTTGTGAT	0	0	0	0	0	0	0	0	1789
CAATAACATAAAAGTTCGTCTCACTACCGC	0	0	0	0	0	0	0	0	39
CAATAAGCCGTTATCTGACTGGAACTGCGC	0	0	0	0	0	0	0	0	2675
CAATACGATAATTCAGTGTCATAAGCGCCG	0	0	0	0	44.16304348	0	0	0	0
CAATAGCCCTTACGATCAGATGGACTGCGC	14.6754386	0	18	0	0	0	0	0	24203
CAATATAAGGGGGGGCTTATGGCCCGGTGC	0	0	0	0	0	0	0	0	44
CAATATATTTCACCATAGATTTGGGATCAC	0	0	0	0	0	0	0	0	1306
CAATATCCGTATCGAGGTTTCCATTGTCGG	0	0	0	0	0	0	0	0	1390
CAATATGCAGCCGTGGATGGCCAGGCGTAC	0	0	0	0	0	0	0	0	3444
CAATCAGCCCTTTGTACATGGCCTCATAGC	0	0	0	0	0	0	0	0	2729
CAATCATCGTACGTTCTATCATCACACCAG	0	0	0	0	0	0	0	0	790
CAATCATGCCTGTAGGTTGTGTTTTTGTTC	0	0	0	0	0	0	0	0	3176
CAATCCATTGGTCAGGCCGTTTCGGTTCTG	0	0	0	0	0	0	0	0	263
CAATCCCAGCGTGTCAACTAAGAATTCTCA	0	0	0	0	0	0	0	0	1089
CAATCCTCGTAATATTACATCGACACGCGC	0	0	0	0	0	0	0	0	212
CAATCGCTGCAGTTGGGGCTCTAAACATTA	0	0	0	0	0	0	0	0	686
CAATCGGGAGTTCGTTCAAATATTCCCAAA	0	0	0	0	0	0	0	0	1294
CAATCGTGTCTCTTCCTTTGACTTCTGTAT	0	0	0	0	249.3913043	0	0	0	1092
CAATCTATTCGAGATACTGGAGGGTCTGTT	0	0	0	0	0	0	0	0	522
CAATCTGCATGCGACACCCTAAGTGTTTGT	0	0	0	0	0	0	0	0	154
CAATCTTAGGTTAATTTGACCGTTTCGGTC	0	0	0	0	0	0	0	0	471
CAATCTTCAGGTCTCAGTGGATTCTTGTTT	0	0	0	0	20.7826087	0	0	0	1810
CAATGAACGATTCACGCGAGAATTAGCCGA	0	0	0	0	0	0	0	0	1514
CAATGAAGAAAGAATAGGACAAGTCATATC	0	0	0	0	0	0	0	0	46
CAATGACACTAACTTCTATAAGCTTTATAT	0	0	0	0	0	0	0	0	521
CAATGACATCAGCAGTTTTACATCGGTTCG	0	0	0	0	25.97826087	0	0	0	352
CAATGACTGGTTTAAGTTTGCTTGTCGCGG	0	0	0	0	0	0	0	0	139
CAATGATGCCCCTAGGTCAACGTCTATTAC	0	0	0	0	0	0	0	0	1513
CAATGATGTTGGCCGCCATGTTAGTGACCT	0	0	0	0	0	0	0	0	117
CAATGCTACGAGAAACATTTGGTATCACGT	0	0	24	0	46.76086957	0	0	0	32
CAATGGCGACGAGTTTTTCTATTGTAAGCA	0	0	18	0	38.9673913	0	0	0	59
CAATGTAAGGTCTCGAATATTTAGTTCGAC	0	0	0	0	0	0	0	0	635
CAATGTCCTTGGACTATTGTCTACCATTGT	0	0	0	0	0	0	0	0	1471
CAATGTGCAAAGGGTACCTCTTTATGACAC	0	0	0	0	0	0	0	0	192
CAATGTTCGTTTGGCACCGCACCGTGTCTA	0	0	0	0	0	0	0	0	603
CAATGTTCTGGTATTAATTGCCCGATGACG	0	0	0	0	0	0	0	0	32
CAATGTTTCAGCACTTGTGTGCTAACCTGC	0	0	0	0	0	0	0	0	248
CAATTCAAAATTAGCCGTCAAATGCCAGAA	0	0	0	0	0	0	0	0	2170
CAATTCAGCCACGCGTTCCCTAAGTCAGGG	0	0	0	0	0	0	0	0	4891
CAATTCCTTTTTCCACAATGGCACCAACTA	0	0	0	0	0	0	0	0	2081
CAATTCGTTCTCTTCGGGGACGGAAGTGAT	0	0	0	0	0	0	0	0	336
CAATTCTGTACTACTCTATTAGTTCACCGG	0	0	0	0	0	0	0	0	1050
CAATTGCATATAGTACATCCGTGTGGGGTT	0	20.82572614	0	0	0	0	0	0	1677
CAATTGGGTTTCATTTTGTTGTGTTCTCTT	0	0	0	0	0	0	0	0	544
CAATTGTAAGCGCAACCTGCCAACAAGGTA	0	0	0	0	0	0	0	0	374
CAATTTAGCGAACTGTTTATGAGTGATCTG	0	0	0	0	0	0	0	0	8479
CAATTTGCAAGGCCGATTTCTGCAGATGAT	0	0	15	0	98.7173913	0	0	0	28595
CAATTTGTCGGTCCCGAGTTCACTTTAGAA	0	0	0	0	0	0	0	0	194
CACAAATACGTCGCAGGCTTGCATATCGGT	0	0	0	0	0	0	0	0	236
CACAACGCCCGTGGGGCAATCGCCGTGCCT	0	0	0	0	25.97826087	0	0	0	67
CACAAGCGTCTGGTCCAACGACGGGAGAGA	0	0	0	0	0	0	0	0	1701
CACAAGGATGTCTTTCTTATTGTTGCTAGC	0	0	0	0	0	0	0	0	109
CACAAGTATCCTCACGCGTTGACATGTTCA	0	0	0	0	0	0	0	0	2105
CACACATATACACCAGCATAACAATTTGGC	0	0	0	0	44.16304348	0	0	0	324
CACACATTGAACCAATTGTTCGTTGTGTAT	0	0	0	0	0	14.34	0	0	0
CACACCTATCACACAATTCCGCTCAGTGCA	0	0	15	0	49.35869565	0	25.47715736	0	479
CACACCTATCGTAAAGTAACCCTTTATGGC	0	0	0	0	0	0	0	0	725
CACAGATCGTAGTACAGATCAGCCTGTCAC	0	0	0	0	0	0	0	0	979
CACAGATGTTAGGTAAAGAGTGCCATTGCC	0	0	0	0	0	0	0	0	2100
CACAGATTTAGGCTTGTCAGATCGCACTAA	0	0	18	0	0	0	0	0	19
CACAGCGATCCTCATAATGCTACATAACCT	0	0	0	0	0	0	0	0	916
CACAGTTCGTATGGCAGCTCTCGCTGCCAA	0	0	0	0	0	0	0	0	46
CACAGTTTGGAATTTACATTTTCACATAGC	0	0	0	0	0	0	0	0	943
CACATCAGGCAACGGTCTCGGCAGTAAAAC	0	0	0	0	0	0	0	0	1570
CACATCGTGTTAGTCGGGTGGCTCGTCTTC	0	0	0	0	0	0	0	0	1565
CACATGGCTATCCTGTGGCCTAAAAGTTGC	0	0	0	0	0	0	0	0	7269
CACATGGGTAAGAGGATATCTAAATAGTAG	0	0	0	0	0	0	0	0	456
CACATGTTCTGATGTACAGGGCTTATAGTG	0	0	0	0	25.97826087	14.34	0	0	1227
CACATGTTGTCTTAGTCGTGCTTCGAGCAA	0	0	0	0	0	0	0	0	40
CACCACATTGGGAGTTTTCATACGCTGTGC	0	0	0	0	0	0	0	0	31
CACCAGGGGCCATTTACTGGCACGCCGGTA	0	0	0	0	0	0	0	0	524
CACCCAATCAGCCCTCTGGACCGGCTCTGT	0	0	0	0	0	0	0	0	1665
CACCCAGTGCGCTGTCAGGTCTCCGTAAGT	0	0	0	0	0	0	14.55837563	0	27
CACCCGGGGCCATGCGAATCACTTGGCTGT	0	0	0	0	18.18478261	71.7	0	0	0
CACCGCAGCCTGAATCCCTCCGAAGGATCT	0	0	0	0	0	0	0	0	367
CACCGCATGTGAGGTCTAGAGTATTACAAT	0	0	0	0	0	0	0	0	1070
CACCGCTTGGGCTGGGGATTGACGAGCTGT	0	0	0	0	0	0	0	0	58
CACCGGTGTGGATTCTGATTTTCGACATCT	0	0	0	0	0	0	0	0	246
CACCGTTAGGCGATTATATCTTCAGTAATG	0	0	0	0	0	0	0	0	4183
CACCGTTCATCAAGTCCTGGTTTGTGTGCG	0	0	0	0	0	0	0	0	337
CACCTACGGGCGGCAGGCCGTTCATTCATA	0	0	0	0	15.58695652	0	0	0	0
CACCTATACAATGTTCCCTGAGAAGCTGTT	0	0	0	0	0	0	0	0	961
CACCTCGGTTTGGTGGCTTGACTATGCATC	0	0	0	0	0	0	0	0	1107
CACCTCGTTAAGATATAGTAGGCACCATTT	0	0	0	0	0	0	18.19796954	0	0
CACCTTTGGATTTTCCTGACTGCTCGGATT	0	0	0	0	0	0	0	0	1656
CACGAAGCTTATACACGTCAGAGTAGGAAT	0	0	0	0	0	0	0	0	1771
CACGAATTAATCATATACCTGCGTGGGAAA	0	0	0	0	72.73913043	59.75	0	0	19779
CACGACAGACTGACTTCTAAGAATTGTTCG	0	0	0	0	0	0	0	0	1040
CACGAGAAACGCGGTACCCTACTAGATGTT	0	0	0	0	0	0	0	0	1351
CACGAGCCGGGTGACCAGGATAAAGGGTGG	0	0	0	0	28.57608696	0	0	0	101
CACGAGGATTGTCGTAAAAAACTCGGACCT	0	0	0	0	0	0	0	0	806
CACGAGTCTCACTTATCATACCGATGTTTT	0	0	0	0	0	0	0	0	3051
CACGATTGTCTGTAGACCGGGTGTTGTGTC	0	0	0	0	0	0	0	0	1630
CACGCAGGTCTGCCTGGTCATGATGGGCTA	0	0	0	0	0	0	0	0	788
CACGCCGACGCTTTAGCATTTACGTATTGT	0	0	0	0	0	0	0	0	33
CACGCCGCAATGATACGGCACTTATCACAT	0	0	18	0	23.38043478	52.58	0	0	24
CACGCGCTAGCAACTCGTCCTTTTCTGTCT	0	0	0	0	0	0	0	0	1061
CACGCGGTCCAATTGGGTTAGTGACAGGCG	0	0	0	0	0	0	0	0	1998
CACGCTGCGTACTCCATGAGCATGCTTAAG	0	0	0	0	0	0	0	0	14
CACGGATCGCAAGGACAGGGGGTGTCGGAG	0	0	0	0	0	0	0	0	2110
CACGGATTTGTGCACAATGTACACGTTTCA	0	0	0	0	0	0	0	0	564
CACGGGGGACCGGGGTGTGCGAACACCGTG	0	0	0	0	0	16.73	0	0	0
CACGGGTTGCGATGTCAATCATTGGATCAC	0	0	0	0	1943.173913	0	0	0	620
CACGGTGTTTGAGCCTTGAGACCCCGGACG	0	0	0	0	0	0	0	0	124
CACGGTTTCAGCCATCTTCCCAAATGGATT	0	0	0	0	0	0	0	0	1431
CACGTAAGGTGCGACGTTGGCCCCTGCGGG	0	0	0	0	0	0	0	0	2104
CACGTACGATAGTAGAGTCGGTTTGCGGTG	0	0	0	0	0	0	0	0	377
CACGTACGTGATACCCCCCGCGTTATGTGC	0	0	0	0	0	0	0	0	14
CACGTACTGGGCAGCCGTAGGCGAGTACGG	0	0	0	0	0	0	0	0	1003
CACGTAGGGATGATGGGATACCAGCTCATA	0	0	0	0	0	0	0	0	6513
CACGTCTGATTCTGATCAGCGTCGGTATAT	0	0	0	0	0	0	0	0	1022
CACGTGGGGCCTCTTTAGACTGGTTCAGGG	0	0	0	0	0	0	0	0	525
CACGTTCCCATTGTCCAACTGTGTCACACC	0	0	0	0	54.55434783	0	0	0	6693
CACGTTTCTGGCTTGTCAGAGTTTGAAGAT	0	0	0	0	0	0	0	0	526
CACTACCCAGTCAGTTCCAAACTGTCCTCA	0	0	0	0	0	0	0	0	1096
CACTAGCGTGGTAGACGGCCTTACTGCGCC	0	0	0	0	0	0	0	0	1751
CACTATGCTAGGTGGGGACCAGAGCTGCCT	0	0	0	0	36.36956522	0	18.19796954	0	0
CACTATTATAAGTCCGGAAAATGCATTCCG	0	0	0	0	0	0	0	0	145
CACTCACTCAATGGTAAACCGAATTTTTAC	0	0	0	0	0	0	0	0	70
CACTCCACCCACCTACTAGGGTATATGGCA	0	0	0	0	0	0	0	0	764
CACTCGGTACGACCACTTGGAAGCTTAGCC	0	0	0	0	0	0	0	0	697
CACTCGTGTGGTTAGTCGAGTATTTTGGTT	0	0	0	0	309.1413043	0	0	0	288
CACTCTGCTCACTAGTGTAATTTAGATTTA	0	0	0	0	0	0	0	0	83
CACTGAGTCCGGGGAGTAGAAGTAAGGGGC	0	0	0	0	0	0	0	0	1616
CACTGTGACTATGGATCATCGCGGGAGGTG	0	0	0	0	0	0	0	0	142
CACTGTTGCTTCCATCCTGCCGTCTCACAA	0	0	0	0	0	0	0	0	366
CACTTACGCATTTTTTAGTAAAATTTATTC	0	0	0	0	0	0	0	0	254
CACTTAGATGTTTGTCTACGCAAGCCGTGA	0	0	0	0	0	0	0	0	1878
CACTTAGGTTGATCCAGCTGACGTAATCCA	0	0	0	0	0	0	0	0	1357
CACTTCTCCACGCTGCTCGTTGATGCGAAA	0	0	0	0	0	0	0	0	985
CACTTGGTTCAAGAGCACATCTCGACTTCC	0	0	0	0	0	0	0	0	238
CACTTTCACTTTGCTTAGTATAGAAACCTT	0	0	0	0	72.73913043	0	0	0	122
CACTTTCAGTACCTACCTGCGCCTACCCAC	0	0	0	0	0	0	0	0	535
CAGAAACAAACTCGCCAATTGCTACTCTCG	0	0	0	0	0	16.73	0	0	0
CAGAAACATCAGAAAGTTGTTTTTTTGTAT	0	0	0	0	0	0	0	0	1869
CAGAACTTCTGGGCAATTCGCTTTCTTGTT	0	0	0	0	0	0	0	0	1083
CAGAAGACAGGCCTAGGTCGCGCGGTGTTC	0	0	0	0	0	0	0	0	957
CAGAAGAGGACGGTATTGTTGGGCAAGAGT	0	0	0	0	28.57608696	0	0	0	961
CAGAAGAGGTCGCGCTCTGGAGAGGGACCG	0	0	0	0	0	0	0	0	1661
CAGAAGGCGCTGTCCGGGAGGGACGTTTGC	0	0	0	0	0	0	0	0	2126
CAGAAGTCCCTGGTGATATTGGTGTGCGAT	0	0	0	0	0	0	0	0	55
CAGAATATCGCGTCCGGGTGGTATTATAGC	0	0	0	0	0	0	0	0	1324
CAGAATCTCACCAGACTGAGCCTTTAGATG	0	0	0	0	0	0	0	0	173
CAGAATTTTCCTTATGAAAGTAACAGATTC	0	0	126	49.35869565	23.38043478	305.92	0	0	542
CAGACAACACGTAATTCGTCCCATAGGTGG	0	0	0	0	31.17391304	0	0	0	1040
CAGACAAGTCTGCGTCAATGCGGGGGATGT	0	0	0	0	0	0	0	0	986
CAGACCCTTATGAGGTTTGTTAGCCGTTGT	0	0	0	0	0	0	0	0	1087
CAGACGGGACATTATAAATATGGAGGCCCA	0	0	0	0	0	0	0	0	581
CAGACGTCGCCAGACTCCCTGGGCTTATTT	0	0	0	0	0	0	0	0	487
CAGACGTTACACGGTCTTTAGCTGGGTTTT	0	0	0	0	0	0	0	0	47
CAGACTAGGAAAATGTAGTCTCCATCTCGG	0	0	0	0	0	0	0	0	376
CAGACTCAGTTTACGTCTCATTGAGTTGGG	0	0	0	0	0	0	0	0	296
CAGAGAGGCGTTTCTAACTATGTTGCAACG	0	0	0	0	0	0	21.83756345	0	0
CAGAGCGGGGTGGTAATGTTCTAGGGTACT	0	0	0	0	0	0	0	0	47
CAGAGGGAGTTTCTAGCTATTTGTGGGTTT	0	0	0	0	0	0	0	0	1880
CAGAGTTCTACTACAGGATGAGGCCTTCCC	0	0	0	0	0	0	0	0	874
CAGAGTTGGGGCTCCGCGGGACATGTTATA	0	0	0	0	0	0	0	0	749
CAGATACCTGATTTTCCCCGGAGGAACTCA	0	0	0	0	0	0	0	0	313
CAGATCGCCTATGACATGTTAGATCAATTT	0	0	0	0	0	0	0	0	20
CAGATGCACGGTTTTTCATTTGTTACTCTA	0	0	0	0	0	0	0	0	924
CAGATGCTATAACTGCAAAGAGTAAAGACG	0	0	0	0	0	0	0	0	15
CAGATGGTTTTGCAACTTCGTCATTCGAGG	0	0	0	0	0	0	0	0	23
CAGATGTTGTTTGATCCATTTTGGATGGTG	0	0	0	0	0	0	0	0	1454
CAGATTATATGAATCAAAAATCTAAACGTG	0	20.82572614	0	0	0	0	0	0	97
CAGATTATTGCGGCAGCATTGCCACACAAT	0	0	0	0	0	0	0	0	1404
CAGCACAGGGCTATGGTGAGTGTTATTTAC	0	0	0	0	18.18478261	0	0	0	0
CAGCACGAGTGCCGTGTCGAGTTGAGGGTA	0	0	0	0	0	0	0	0	74
CAGCACTGTCCATATTTAAGCCGTTGAAAA	0	0	0	0	0	0	0	0	3019
CAGCAGTTATAGGTCTGCAGCGTGCGAACC	0	0	0	0	0	0	0	0	258
CAGCATGGTTTAATACAATTGTGAAACGGC	0	0	24	0	38.9673913	0	0	0	72080
CAGCCCCGTGGTTTGGTACCAACTGTCCCC	0	0	0	0	0	0	0	0	1715
CAGCGCAGATCTACGGAGCAATCCACGTAA	0	0	0	0	0	0	0	0	214
CAGCGGCGGGATACTCGGAAGGCGCGGTGC	0	0	0	0	0	0	0	0	437
CAGCGGGCCGCACACGTTCATGGAAGCCAT	0	0	0	0	0	0	0	0	3385
CAGCGGTACGCTCTATGGATGCGGCGGGAA	0	0	0	0	0	0	0	0	385
CAGCGTAACGTGTTAGTCATCAAGTGTCCT	0	0	0	0	0	0	0	0	558
CAGCGTAAGATTGTGTCATCCGGTAGGTTA	0	0	0	0	0	0	0	0	1993
CAGCGTTCTATTACGACTGGTCCTGTTCGT	0	0	0	0	0	0	0	0	2821
CAGCGTTGCGGTCCCTGACCAGCGGGATTT	0	0	0	0	0	0	0	0	414
CAGCTACCAACTCTTAACAGAGGGCATACA	0	0	24	0	18.18478261	0	0	0	267
CAGCTCGGAGGAGGGCATGGTGGGTCTCGG	0	0	0	0	0	0	0	0	1206
CAGCTGAGGAGAGCACATAACGGGTCTGTT	0	0	0	0	0	0	0	0	672
CAGCTTAATAACTGTGTTTACGGGTTCCAT	0	0	0	0	0	0	0	0	1299
CAGCTTAGTATAGCGTTATTTCTGGTGGCG	0	0	0	0	0	0	0	0	1216
CAGCTTATCGGGGGGGCGCCAAGAGGGGGG	0	0	0	0	80.5326087	26.29	0	0	0
CAGCTTTGAGAGTGGTGAATGCGCCTTAAT	0	0	0	0	15.58695652	0	80.07106599	0	17
CAGGACAGGTGGAACTTCTGTTCAAAGGGC	0	0	0	0	0	0	0	0	1348
CAGGAGCGAGGACAGAGCTTTCAGGGTCAA	0	0	0	0	0	0	0	0	1050
CAGGAGGCGCCGGGGACGGTGAGGTTAACC	0	0	0	0	0	0	0	0	150
CAGGATACAAATGTCATTCCTTCTCTGCTC	0	0	0	0	0	21.51	0	0	0
CAGGCAAACGGCAGCCGAATTGACGGCTCT	0	0	0	0	0	0	0	0	323
CAGGCAGGGCTTAGCTGATTTAGGGTCGAG	0	0	0	0	0	0	0	0	1358
CAGGCCATCCAGCTCGGTCACGCATCTTTT	0	0	0	0	0	0	0	0	1704
CAGGCCCTAGCTGCCGCATTATACGTGTGG	0	0	0	0	0	0	0	0	700
CAGGCCGAATACGTTATGAGCAATTATTGT	0	0	0	0	0	0	0	0	630
CAGGCGCGGCCAAGCATGGCAGTGATACCT	0	0	0	0	0	0	0	0	1062
CAGGCTAACTGGATTTTCCAGCAGGGCGCA	0	0	0	0	0	0	0	0	298
CAGGCTGAGGAGACTGCGGAGAGGTAAAAG	0	0	0	0	0	0	0	0	164
CAGGGACATTCGACGCATGGGATTGCACGT	0	0	0	0	0	0	0	0	894
CAGGGATTGTAAACATAATTATTGTAGATT	0	0	0	0	0	0	0	0	104
CAGGGCCGTTTGATAGTATGTGTAATATCA	0	0	0	0	57.15217391	0	0	0	690
CAGGGGGTCAGGAAGGTCAGTGCTACTCCA	0	0	0	0	31.17391304	0	0	0	86
CAGGGGTGATAGCGGCAGCCTCGTGACAAA	0	0	0	0	0	0	0	0	839
CAGGGTCGATGTGGTACTCCTGGAGAAGAT	0	0	0	0	0	0	0	0	428
CAGGGTTAAGCCTCGACGTGCGGGTTGTAG	0	0	0	0	75.33695652	0	0	0	89
CAGGGTTGTAGTAAGGGGCGTAGATGTATG	0	0	0	0	0	0	0	0	1314
CAGGTACAGTGACGATAACTCAGTGCCTGC	0	0	0	0	0	0	0	0	762
CAGGTAGTAGGACCGACAGAAACTAGGGAC	0	0	0	0	0	0	0	0	504
CAGGTCGGCCCCCCGTAGGGGTAACTTCGG	0	0	0	0	0	0	0	0	1465
CAGGTCTGGCGGCAACCCGCACTCTTGGTC	0	0	0	0	28.57608696	35.85	0	0	22298
CAGGTGTGAGACCCGATCTAGGACCAGACA	0	0	0	0	83.13043478	0	0	0	623
CAGGTTACCCGGGCTAAAGATAGTTGATTC	0	0	0	0	0	0	0	0	1253
CAGGTTGGGTTGAAAGCAAGTGGTAGGGAG	67.0877193	0	87	23.38043478	18.18478261	0	0	0	1109
CAGTAAAACATGCTGATCAATCATATTTCT	0	0	0	0	0	0	0	0	769
CAGTAAGCGGCCAGTGCCCACTGTCGAGGA	0	0	0	0	0	0	0	0	2681
CAGTACGCGGGCATGGAGAGGGTGGTCAGC	0	0	0	0	0	0	0	0	1823
CAGTACTATAGCACTATTTGCGCAAACTGA	0	0	0	0	0	0	0	0	446
CAGTAGGACCCGTAATAGGCAATTGTAAAT	0	0	0	0	0	14.34	0	0	4604
CAGTAGTGCTAGTGGAATTTTTCATGAATG	0	0	0	0	0	0	0	0	815
CAGTAGTTACTCGGTAGGCAAGATAGATGC	0	0	0	0	0	0	0	0	310
CAGTATCATTTGCGGGAGTAGTACGGACAA	0	0	21	0	0	0	0	0	0
CAGTATCCCACCGGTCCGCCAATTCGATTA	0	0	0	0	0	0	0	0	1063
CAGTATTTGTGGATTGTTTTAGGAAATCGC	0	0	0	0	0	0	0	0	392
CAGTCACGTGACCTTTGAAGCAATGAACGG	0	0	0	0	0	0	0	0	99
CAGTCAGCGATGCTTCTAGTCAGCACTGTA	0	0	0	0	0	0	0	0	557
CAGTCATACGAAGGCTGTGTCATGCCAAAG	0	0	0	0	0	14.34	0	0	0
CAGTCCTTAGTGCGTCAACCTGCATCCCGG	0	0	0	0	0	0	0	0	587
CAGTCGTTAATTAGTTACGGGTTTATTGGA	0	0	0	0	0	0	0	0	17
CAGTCTCGAACAAGACCTTACGAAAGCATA	0	0	0	0	0	0	0	0	702
CAGTCTTTAGTCTATATAAACATTAACCCA	0	0	0	0	0	0	0	0	851
CAGTCTTTATTATCGGGTGAGACCCTACAG	0	0	0	0	0	0	0	0	560
CAGTGAGATGGTCCAGTTTAGTATTCCGAG	0	0	0	0	0	0	14.55837563	0	0
CAGTGGAGACTCGTAAAAATAACTTGGCCA	0	0	42	0	20.7826087	0	0	0	365
CAGTGGCTGAAGTTTGTATGTCGTGGGTAA	0	0	0	0	0	0	0	0	2033
CAGTGGTTATTCTCGTACAGTACCCAACGA	0	0	0	0	0	0	0	0	1156
CAGTGTAGCACAAGGTTGGCCATAAAAGGG	0	0	0	18.18478261	0	0	0	0	14
CAGTGTATTGGCAGTGACAGTGTATTATCT	0	0	0	0	0	0	0	0	345
CAGTGTCTGTGATAACGCGTCCTGATTCGG	0	0	0	0	0	0	0	0	120
CAGTGTGAGTGGGAAGGCATGACTGGACGG	0	0	0	0	0	0	0	0	462
CAGTGTTGGTGTCTGGGGCATGCGGGCATC	0	0	0	0	0	0	0	0	1552
CAGTTAGCCCTCGGTCTTAAATTTATAGGT	0	0	0	0	0	0	0	0	108
CAGTTCGATTAGTAGTTAGTCGGATCGCAA	0	0	0	0	0	0	0	0	442
CAGTTCTCGAGTGTAATATTTATGTTCACT	0	0	0	0	0	0	0	0	726
CAGTTCTTTGACAGCTTCGACCTATAATTG	0	0	0	0	0	0	0	0	1792
CAGTTGCTGCCCAAGATCTTGTAGTGCCAT	0	0	0	0	0	0	0	0	1049
CAGTTTAAGAGAGAAGTCGATTAACACATG	0	0	0	0	28.57608696	0	0	0	215
CAGTTTCCAGGGCGCTAGGAATGCTCTACC	0	0	0	0	0	0	0	0	5224
CAGTTTCTGCATGATCCCAGGATTTTAATT	0	0	0	0	0	0	0	0	745
CAGTTTGCTTGGTTGTGATTACAGCCTGTT	0	0	0	0	0	0	0	0	124
CAGTTTTGCGCGCGCAGGACAGGTGCAGCT	0	0	0	0	0	0	0	0	485
CATAACACGGTTCTCCGAGCAGTATCTAAT	0	0	0	0	0	0	0	0	411
CATAACCAAACTCAGCTCGCCGGGCCAGTC	0	0	0	0	0	0	0	0	28
CATAAGGAAAAATTTAACTTCATTTGTCGT	0	0	0	0	0	0	0	0	50
CATAATTATTTAGGAATTTAAAGTGCCGGT	0	0	0	0	0	0	0	0	174
CATAATTGAACCAGGCCAATTCAACCAGGC	0	0	0	0	0	0	14.55837563	0	0
CATACCGTGTAGGAATCATGGGGCTCCCCT	0	0	0	0	0	0	0	0	103
CATACTCAATCCCGGTGGACTCAAGTCATC	0	0	0	0	0	0	0	0	540
CATACTCATTGCACGATGTAGTTTTTCGGA	0	0	0	0	0	0	0	0	513
CATAGAGTCCTGCTTGGACGAGTGTCTATT	0	0	0	0	0	0	0	0	792
CATAGCAGGTCTTGTGAGATGTAATCGGGT	0	0	0	0	0	0	0	0	564
CATAGCATGCTTAAGAGTGCGGTTGAGTCA	0	0	0	0	0	0	0	0	1756
CATAGGTGGGATGGCTTGTAATTGGTATAG	0	0	0	0	0	0	0	0	119
CATAGTTGAGGGCTCCGCATTAGCCGTTGC	0	0	0	0	0	0	0	0	22
CATATACGTGCGTCGGTAACCGTGCTACGT	0	0	0	0	0	0	0	0	1951
CATATACGTGGGTCTTTCTCATTGTCAACA	0	0	0	0	0	0	0	0	143
CATATATCAGCGTAAATGTTTCTTTCTGTA	0	0	0	0	0	0	14.55837563	0	38
CATATGAGAATTGCGTCGCCCTAACCTCGG	0	0	0	0	0	0	0	0	2707
CATATGCGGCACAGTACCATTCAGCTGTTA	0	0	0	0	0	0	0	0	49
CATATGCGTTTGAGGTGTTGCGCGCAGGAG	0	0	0	0	0	0	0	0	22
CATATGCTGATCAGTGCTAATTCACAGATC	0	0	0	0	368.8913043	0	0	0	21
CATATGGAGACTAACGTGCGGTTGTCGGTC	0	0	0	0	23.38043478	0	0	0	95
CATATGTTATGTTGTGTTAGCGGATCGCCA	0	0	0	0	0	0	0	0	288
CATATTCTTTGAATAAGGACCTGGTTATAG	0	0	0	0	18.18478261	0	0	0	510
CATATTGACTTTCGGAACTACCTTGGACGC	0	0	0	0	0	0	0	0	699
CATATTTTAAAACACCCCGTCAACGCTATC	0	0	0	0	0	0	0	0	92
CATCAAGCGACTGACGACGCCGAGGCCGTT	0	0	0	0	41.56521739	0	0	0	286
CATCAAGTTCTGTCCATCCGGCTTTGTAAG	0	0	0	0	0	16.73	0	0	0
CATCAATCCATAGGAAAGCAGTAGGGGCCT	0	0	0	0	0	0	0	0	930
CATCAATTTCGTGTTTCTAGATAAATGCGA	0	0	0	0	0	0	0	0	35
CATCACGTATCGTTAACGCCCTACTCGAAG	0	0	0	0	0	0	0	0	1717
CATCATAAATTCGAGTCTAGCAGCCACAAA	0	0	18	0	25.97826087	14.34	0	0	0
CATCATCAGCTGCCGAAGAGGGAGTGTTGG	0	0	0	0	0	0	0	0	1257
CATCATCTAGTGTAGGGTGCACCCACATTG	0	0	0	0	0	0	29.11675127	0	14
CATCATGGAACAGTAAATACTAGACGATTA	0	0	0	0	20.7826087	0	0	0	1152
CATCATGTTACGATACGATGCTTAATATGT	0	0	0	0	0	14.34	0	0	2036
CATCCAACTATGCATCCCCCATGTTACTTA	0	0	0	0	0	0	0	0	829
CATCCAAGTTCGTTCCGCTACGTGTTAGAC	0	0	0	0	0	0	0	0	169
CATCCCAGGTGGGGGGAGTTTACATACTCT	0	0	0	0	0	0	0	0	625
CATCCCTACTTCCCATCTCTAGTACCACTG	0	0	0	0	0	0	0	0	17
CATCCTCATTTGCCTATATTCGACGCTACT	0	0	0	0	0	0	0	0	1155
CATCGAGTCCTTTTGCACACCGGTGGGTCA	0	0	0	0	0	0	0	0	174
CATCGCCGTGGGATGTGAGCATCGGCAATG	0	0	0	0	0	0	0	0	1939
CATCGCGGCGTAGGCCAGTCACACCCTCGT	0	0	0	0	0	0	0	0	83
CATCGGATTAGGTAGCCGGTGACTAATTAA	0	0	18	0	0	0	0	0	0
CATCTCCATATTTGTCGTATTACTTGTATG	0	0	0	0	0	0	0	0	623
CATCTGATGTATTGCCAAGGCATCACGGGG	0	0	0	0	0	0	0	0	1696
CATCTTCTGTGGCTCTACTCGCCGCTATAG	0	0	0	0	0	0	0	0	1315
CATCTTCTTAAGGAGTTAGTCGTCCGTTAA	0	0	0	0	0	0	0	0	382
CATGAAACTTGGGCTGCTTCCCTCACCGAG	0	0	0	0	0	0	0	0	1061
CATGATTACCACTCAGCTCATTAGATGTAA	0	0	0	0	0	0	0	0	56
CATGATTCACCAGCTTACTTAGAGAGAAGT	0	0	0	0	0	0	0	0	1559
CATGCACCGATTATCTATATTAACATTCCT	0	0	0	0	0	45.41	0	0	372
CATGCCTATCTGGCCACATGAATTAATGTA	0	0	0	0	0	0	14.55837563	0	47
CATGCGGTTACCAGGTGGAACCAGTGTGAT	0	0	0	0	0	0	0	0	85
CATGCGTTGTTCGGCTCACAGACTTCGAAC	0	0	0	0	0	0	0	0	1076
CATGCTTTTGTGATTAAAACGGGCTTTAGA	0	0	0	0	0	0	0	0	39
CATGGCTTTTGCGTCGGGCTGCGATGTGTT	0	0	0	0	0	0	0	0	134
CATGGGGGGTGTGTTTCAAAACGCTTAGGT	0	0	0	0	0	0	0	0	2455
CATGGGTAGCAGGCTGGCGTTGGGCTAAAA	0	0	0	0	0	0	0	0	17
CATGGTAATCGTCCTGTGAGGGGTTTTAAA	0	0	0	0	0	0	0	0	135
CATGGTGTCTGTGGTTACAGTTGGAGATTT	0	0	0	0	0	0	0	0	332
CATGGTTAGCCCAAGTGTTCATAGTATATG	0	0	0	0	0	0	0	0	416
CATGTACATGCCTGACAGTTTTACACGCTG	0	0	0	0	0	0	0	0	1745
CATGTAGGCTATACGGGTATACCCGGTAGT	0	0	0	0	0	0	0	0	227
CATGTAGTTGCGCCGCTTGTTACCTCAACT	0	0	0	0	0	0	0	0	314
CATGTATAGCTTACAATCCCACGTCGGACT	0	0	0	0	0	0	0	0	1440
CATGTCATAAGTTTCCGCCTCAAGTAAGGT	0	0	0	0	0	0	0	0	228
CATGTCCCTGTATAGCCGTATTGTAATTAG	0	0	0	0	0	0	0	0	1484
CATGTGATTATTAGCCTTGCCAATTGCTGC	0	0	0	0	0	0	0	0	1570
CATGTGCAGGTTTTCGGTTACACCTGAGGG	0	0	0	0	0	0	0	0	1883
CATGTGCGCTGGTCGGCGCAACAACGTCCA	0	0	0	0	0	0	0	0	441
CATGTGCTCTGGGACGAGGGATATATGACC	0	0	0	0	18.18478261	0	0	0	24
CATGTTCAAACCAAGGTAAATTTTTCTTTT	0	0	0	0	0	0	0	0	23
CATGTTTGCGGACACCCAGCTATTTTACGT	0	0	0	0	0	0	0	0	563
CATTAAACTGTATGATGTATGGGCAATTCT	0	0	0	0	0	0	0	0	426
CATTAACGCGGGATGGCAAAAGAGGGAGGC	0	0	0	0	0	0	0	0	24
CATTAAGTGTCAATAGCGATTTAATTAGGA	0	0	0	0	0	0	0	0	28
CATTACAGGCAGTTCATGTTGATTCAACGG	0	0	0	0	0	0	0	0	1532
CATTACATGGTCTGGAGTACCATCGCTATC	0	0	0	0	0	0	0	0	1957
CATTACTAGGATAAATACTTTCATAACGCG	0	0	0	0	0	0	0	0	33
CATTAGGTACTTCTTCGGTTCCATCTGGCG	0	0	0	0	0	0	0	0	2119
CATTAGTAACTACAAAATTCGGTACGCTAT	0	0	0	0	0	0	0	0	812
CATTAGTCTTTCATATGCTCAGCGTCTTAA	0	0	0	0	0	0	0	0	70
CATTATCGTTGGTTGCGTCACCAGTAAATT	0	0	0	0	0	0	0	0	803
CATTATGTTAAGTATCACTGAGCGTTCTTA	0	0	0	0	0	0	0	0	999
CATTATTATATAATCTTTATTGCCACCATG	0	0	27	0	171.4565217	38.24	0	0	7184
CATTCCGAGGTAATGGCTCTAAACCGTTGC	0	0	0	0	0	0	0	0	56
CATTCCGTCGACCAATATGAGTGTGTTCAC	0	0	0	0	0	0	0	0	117
CATTCGAGCTTTTCCTGATTGAATGGCGCC	0	0	0	0	0	0	0	0	148
CATTCGTAGAGTCCAAAGTATCCTATTGCG	0	0	0	0	0	0	18.19796954	0	2315
CATTCGTGATTCTGGCTGCTTCTTAGTGCC	0	0	0	0	0	0	0	0	841
CATTCTTAGAAAGCATGCCTTAAGGTGTGT	0	0	0	0	0	0	0	0	245
CATTCTTGATCCCGTCTCACTCTGAAATCT	0	0	0	0	0	0	0	0	1749
CATTGCCTCAACCATGCTACGTATTGCTCA	0	0	0	0	0	0	0	0	2409
CATTGCGCGTCCACAATGGTGGCGCGAGAG	0	0	0	0	0	0	0	0	442
CATTGGCCATTAGTGTCGGTGATTGAGATT	0	0	0	0	0	0	0	0	548
CATTGGGCCGTCTCGATGCACAAATGCGGT	0	0	0	0	0	0	0	0	738
CATTGGTGCCACGGGCGAACCTTTCGCGGA	0	0	0	0	0	0	0	0	955
CATTGGTGGGTTCATGTGCACTGGACAGCC	0	0	0	0	0	0	0	0	1398
CATTGTAATCGATCGTAATAGGGCCTAACA	0	0	0	0	33.77173913	0	0	0	6831
CATTGTTGTTGTTCTAAAACACAACTGCTG	0	0	0	0	0	0	0	0	1206
CATTGTTTGAAACCCTCAATTTGCCGCAGT	0	0	0	0	0	0	0	0	374
CATTTATGCCCTGAATTTTTTGTAACCACT	0	0	0	0	0	0	0	0	99
CATTTGACTTGAGGAGTTGTTATAGTCTTT	0	0	0	0	0	0	0	0	1029
CATTTGATGTGTTTGGTATGTCCCGTGAGA	0	0	0	0	0	23.9	0	0	0
CATTTGGTTGAGAGATTGAAGACTGTCAGC	0	0	0	0	0	0	0	0	2811
CATTTTTCGGTCCTAATGACATGAAGTCTT	0	0	0	0	0	0	0	0	1028
CATTTTTTTCCGTTGAGGGGCTGTCGGCTT	0	0	0	0	0	0	0	0	130
CCAAAATAGAGTTGTACATGTTCGTTACTT	0	0	0	0	0	0	0	0	82
CCAAACAGGAGAAGAGCTGAGTCGTGGCAG	0	0	0	0	0	0	0	0	866
CCAAATACATCGCGACCACCTCAGAGACAC	0	0	0	0	0	0	0	0	983
CCAAATGGACATGGCATTGTTTTTTCTGCG	0	0	0	0	0	0	0	0	164
CCAACAAGTACATTGCCTAACTCAGTCGCG	0	0	0	0	20.7826087	0	0	0	0
CCAACCTAAGGGCGGTGTGCTCTGGTCTGG	0	0	0	0	0	0	0	0	22
CCAACTGATCCGTATCGTCGTGTGAGCCCC	0	0	0	0	0	0	0	0	114
CCAACTGGTAGTGCACGATGTCCATGATAA	0	0	0	0	0	0	0	0	305
CCAACTTTGGGCACGATCACCATCGCCGGG	0	0	0	0	0	0	0	0	4130
CCAAGAGGGCACGGAGCCTGCTAGCTCAAG	0	0	0	0	0	0	0	0	18968
CCAAGATTGATGCGCGGTACAGGGAGCCTA	0	0	0	0	33.77173913	0	0	0	0
CCAAGCCGACGATTTGATGGTATGGCCGGT	0	0	0	0	0	0	0	0	19
CCAAGCTGTTTGCGCACCAATGGGCGTGCC	0	0	0	0	0	0	0	0	1732
CCAAGCTTAATAGTTTTCCTCTAGACTTTT	0	0	0	0	0	0	0	0	1979
CCAAGGATCCCCCTTTGCCGTCCTCACCTT	0	0	0	0	0	0	0	0	2231
CCAAGGGCGGGGCGCCTGAAAGGGCTGATC	0	0	0	0	0	0	0	0	478
CCAAGTGGAGAGTGGGGTAGTGTTCGGTAG	0	0	0	0	98.7173913	0	0	0	12234
CCAATAAAAGTCTTAGCCCATACACATGGT	0	0	0	0	0	0	0	0	2481
CCAATAACCACCTCTGTTCGGCCGTCGAGC	0	0	0	0	0	0	0	0	1014
CCAATACATGAGTAGGTAGTCGCAAGGGCT	0	0	0	0	0	0	0	0	751
CCAATCAAAGGGAAGCCGACAAGACACCCT	0	0	0	0	0	0	0	0	1937
CCAATGCATAGCGACCTACCCGCGGCGAGA	0	0	0	0	0	0	105.5482234	0	0
CCAATGCGTCAGTTTTCGAGAAAATAGAGT	0	0	0	0	15.58695652	0	0	0	0
CCAATGGTATCTTGGCTTCCAACTAGTAAC	0	0	0	0	0	0	0	0	48
CCAATTGTAAAGGTCTGGGGGAGAGGATCA	0	0	0	0	0	0	0	0	21
CCAATTTAGCTTCGTTCTCAGGCTATACTA	0	0	15	0	15.58695652	0	0	0	0
CCACAATTGGCCCAGCCGACGACTTAGCCC	0	0	0	0	0	0	0	0	2017
CCACACACGGTTCGGCAGTTTTTTATCTCA	0	0	0	0	0	0	0	0	31
CCACACGCTGCGGGACCTTTCCGAACGTGG	0	0	0	0	0	0	0	0	3775
CCACAGTTTATTTATATCTAGCTGCGGGCT	0	0	0	0	0	0	0	0	696
CCACCAGTTCTTATACGGCCTGAGTTCCAT	0	0	0	0	0	0	0	0	1007
CCACCATTGGCTCTGTGTTCCGTATGCCTG	0	0	0	0	0	0	0	0	176
CCACCCTCAAGATATTATGCATCTAATCCA	0	0	0	0	0	0	0	0	748
CCACCGGAAGTTACCTCATACCTCAATGGC	0	0	0	0	0	0	0	0	2323
CCACCGTCGGGGCGGAAGCCGGGTCCGGGG	0	0	0	0	0	0	0	0	530
CCACGAGTCCTAATGCTATTGTTGGGCGTA	0	0	0	0	0	0	0	0	26
CCACGATAACCTTCCCCCAAGGGCAATATC	0	0	0	0	0	0	0	0	256
CCACGCCGGCTTTTGGTGCCTCAATTTGGA	0	0	0	0	0	40.63	0	0	3153
CCACGCTTTCGTCATTACTTTTAATGCGGT	0	0	51	64.94565217	111.7065217	19.12	0	0	70261
CCACGGGTTCAGGCTCAACTGTGCCCACTT	0	0	0	0	0	0	0	0	16
CCACGTACAGGCATGGAAGCAAGCATCAAG	0	0	0	0	0	0	0	0	588
CCACTACAGGTTCGTCGCGTGTTCACCACC	0	0	0	0	0	0	0	0	2492
CCACTACGGGTAAGTAGTATTTTTCTTGGG	0	0	0	0	0	0	0	0	732
CCACTGCCTGTTTGGTATTTGCTATAGTAA	0	0	0	0	0	0	0	0	1752
CCAGAAAACGCGGGGCGCGTGGGTCCAGTG	0	0	0	0	0	0	0	0	172
CCAGAAATTACTTAGCAGCATAAGCCTCAT	0	0	0	0	0	0	0	0	1116
CCAGACAATTCTACCCCAACAAAATCGGTT	0	0	0	0	0	0	0	0	273
CCAGACACATCGTTAGGCACCGGGAAAACC	0	0	0	0	0	0	0	0	5470
CCAGACCCCTTCAAGCTCATAGATTATCGT	0	0	0	0	0	0	0	0	1533
CCAGACCGGCCTTGCACTGCAGTAATATCA	0	0	0	0	0	0	0	0	267
CCAGAGCCAGGCGGGCGTGCAGTGGAGTGC	0	0	0	0	0	0	0	0	443
CCAGAGCGACTTGTTACCCAAAGTTGTCGC	0	0	0	0	0	0	0	0	18
CCAGAGCGTGTGCGGCTGAGGGTTCGACCT	0	0	0	0	0	0	0	0	234
CCAGAGGTGATTCGGGACGACTCGCAGAAA	0	0	0	0	0	0	0	0	3377
CCAGATTGCGAGCGCCTAATGGGGTTGATA	0	0	0	0	0	0	18.19796954	0	325
CCAGCCCCCTAGAGTGTGTCCTAGGGGATC	0	0	0	0	0	0	0	0	10498
CCAGCCCGTGTTGTATACCTAGTCCTCGCG	0	0	0	0	0	0	0	0	12237
CCAGCGCTACTTTTTCTGAAATACGGGCGA	0	0	0	0	0	0	0	0	1614
CCAGCGGCACTGTAATACCATTCAGAGGGT	0	0	0	0	0	0	0	0	160
CCAGCTGGGGATTACAAATTACCGTACCTT	0	0	0	0	0	0	0	0	976
CCAGCTTACAACTTAACATACATCACAAGC	0	0	0	0	0	0	0	0	262
CCAGCTTCACAACGGGGCCCTAGGTCACCT	0	0	0	0	0	0	0	0	139
CCAGGAAGAGCTGTGTCGATGCCTATGTTA	0	0	0	0	0	0	0	0	4196
CCAGGCAGCCCGTACAACCACAAACGTGAT	0	0	0	0	18.18478261	0	0	0	2531
CCAGGCTCCCATGGATCGAGTTTCTTGACG	0	0	0	0	0	0	0	0	1194
CCAGGGGATATAGGGGACGTCCCTCGGAAA	0	0	0	0	25.97826087	0	61.87309645	0	0
CCAGGGGCCGGTTTTTTTAATAAGTGCTGT	0	0	0	0	44.16304348	0	0	0	0
CCAGGGGGGCGTATCGCGAATCGGTTGCAT	0	0	0	0	0	0	0	0	523
CCAGTACGTTAGCTATCGTCGTTAGGTACG	0	0	0	0	0	0	0	0	20582
CCAGTCGCGAGGGTCTTTCTGGGGGCCTCG	0	0	0	0	0	0	0	0	98
CCAGTCGTACATCAATTATTATCGGTTTTT	0	0	0	0	0	231.83	0	0	0
CCAGTTACCGAACCACGTGAGCTGCGGGTG	0	0	0	0	0	0	0	0	230
CCAGTTACGCAGCCTAACCGAGGGGCGCAC	0	0	0	0	0	0	0	0	316
CCAGTTAGAACGTTCGTTGCCGGTACTGCA	0	0	0	0	0	0	0	0	134
CCAGTTTCCCGGGTGGCTCTAGCTGGGAGT	0	0	0	0	0	0	0	0	2610
CCATAAGCCCCTATCCTTAGCATTAGTGAC	0	0	0	0	0	0	0	0	1419
CCATAATTGCCCCTTCACATATATTCACGA	0	0	0	0	0	0	0	0	430
CCATACAAAAACGCAGATGTGTTTCAATCA	0	0	0	0	0	0	0	0	1786
CCATACTAGGGGGGAGGGTGTTTGGGCTGG	0	0	0	0	0	0	0	0	1441
CCATACTGACTTGAGGTTATCGGATCTACC	0	0	0	0	0	0	0	0	1037
CCATAGACGTTAGCTGTTGCGGAAGCTTGA	0	0	0	0	0	0	0	0	931
CCATATGTTTCAGATCTTAAGTGGGTACGC	0	0	0	0	44.16304348	0	0	0	8071
CCATCATGGCCAACTCGGTTGGTCCACCAA	0	0	0	0	0	0	0	0	104
CCATCCCTTAGAAGTCATATATAAGGGTTG	0	0	0	0	0	0	0	0	970
CCATCCGAAGATCGCCTAGGTGCAGAGTAG	0	0	0	0	0	0	0	0	1357
CCATCTGACTTTAGCTGTCTCATGTTAACC	0	0	0	0	0	0	0	0	1104
CCATGAAAGAAGTAACTTTCATGCCCTCTT	0	0	0	0	503.9782609	157.74	0	0	1406
CCATGCAGTCCTGGTCTCGTGGTACTGCAC	0	0	0	0	0	0	0	0	811
CCATGGTTCGGTTGGCAAATGCATAAGGCC	0	0	0	0	0	0	0	0	498
CCATGTCTGCAGCCGTTGTGCAGTTTAGTG	0	0	0	0	0	0	0	0	952
CCATGTGTTCTCCTACTGACCTGATGGCCT	0	0	0	0	20.7826087	0	0	0	2019
CCATTAAAATGTATTGCCTCTTGAGGCGGT	0	0	0	0	0	0	0	0	1094
CCATTAACCTATCGTCTTTTGTAGGCGAGA	0	0	0	0	0	0	0	0	88
CCATTAGGAGGTTCTAATTGACCCCCATAA	0	0	0	0	70.14130435	0	0	0	304
CCATTATCCCTTTCTGGAAAGTAGTAACTG	0	0	0	0	0	0	0	0	83
CCATTCATACGTAGGGTCTTCCCGACACTT	0	0	0	0	0	0	0	0	1438
CCATTCCATAACCGATCTTGGTCGACTCTT	0	0	0	0	0	45.41	0	0	2666
CCATTCGTAATACCTTACTAAACACCTGTA	0	0	0	0	0	0	0	0	958
CCATTGCTTATCAGCACTAATCGCTACTAT	0	0	0	0	0	0	0	0	3294
CCATTTAATTATCGGGACAAATTGTCTACG	0	0	0	0	0	0	0	0	46
CCATTTACTCACTAAGTTGCGCCGAGCCCC	0	0	0	0	0	0	0	0	23
CCATTTATAGCGATATCTCAGTGAATACAT	0	0	0	0	0	95.6	0	0	0
CCATTTCAATAAGCGGGGCATTCACAGTGG	0	0	0	0	0	0	18.19796954	0	0
CCATTTTCTATTACGGGCATATTGTGTTGA	0	0	0	0	0	0	0	0	291
CCATTTTGCGTCCAAATTGAGACCTAACAA	0	0	0	0	0	0	0	0	593
CCCAAACTTTTGCTATGGCATGGATCTTCC	0	0	0	0	0	0	0	0	313
CCCAAGCAACGTTGGGGTGGGGTCCGGATG	0	0	0	0	0	0	0	0	1255
CCCAAGCTTCACGCTAGTTCATCCTCCGGA	0	0	0	0	0	0	0	0	2557
CCCACACATTAGAGTTTGGGTTCTTAACCG	0	0	0	0	0	0	0	0	1352
CCCACCGTACTGAATGAGGTGCTGGATGGC	0	0	36	0	0	0	0	0	114
CCCACGGGACTGTAGTTGGCGGGATTCAAA	0	17.85062241	0	0	0	0	0	0	1516
CCCACGTGGCCGCTCGATCGTGCAGAAAAT	0	0	0	0	0	0	0	0	2191
CCCAGAACATTGTGTAATATATAGCTCAAA	0	0	0	0	0	0	0	0	454
CCCAGCCGCAGAACCGGGTTACTGCAGCTA	0	0	0	0	0	0	0	0	2025
CCCAGCGGTGGCGTAATGGCCAATGGGGCG	0	0	0	0	0	0	0	0	180
CCCAGGAGCTATGTCGAAGCTGCGAAATCT	0	0	0	0	0	0	0	0	2090
CCCAGGCTTAGGGATTAGACGAATTGGCTG	0	0	0	0	0	0	0	0	16
CCCAGGGTTAAATGACAAGTTTGTTTATGC	0	0	0	0	0	0	0	0	74
CCCAGGTACCGGGTATCACATAGCTTGGCT	0	0	0	0	0	0	0	0	1276
CCCAGGTATGATCAGCTCCGTCCCATTTCA	0	0	0	0	0	0	0	0	3874
CCCAGGTTGTAGTCACGGTGACTGAGATGT	0	0	0	0	0	0	0	0	1267
CCCAGTATAGATGGGACTTAGATCTATGTG	0	0	0	0	0	0	0	0	80
CCCATCATGGCTTGGGCGGCCTCTCATGCT	0	0	0	0	0	0	0	0	750
CCCATCTGTAAGTGGGGATTAAGCGCTGAT	0	0	0	0	15.58695652	0	0	0	94
CCCATGAGTGAAATCAACGAGTATGGTTTC	0	0	18	0	0	0	0	0	48
CCCATGCCTGGGCGGGTGAAAGCTCGTCGG	0	0	0	0	0	0	0	0	343
CCCATTGCGTTCTTAGGAAAAAAGAGTGTT	0	0	0	0	0	0	0	0	33
CCCCAATCTTTGTTAGTGTATACCAATGGT	0	14.87551867	0	0	0	0	0	0	0
CCCCAATGGTAGAATTTGGCCACCTTGGTG	0	0	0	0	0	0	0	0	381
CCCCACATGTTTGCTTTTAGGGAGGTTGTC	0	0	0	0	0	0	0	0	17031
CCCCAGTGTGTGCTTCGTAATGACAACCTT	0	0	0	0	0	0	0	0	199
CCCCCTACCTATCCCGCTACCATGCGCTCG	0	0	0	0	0	0	0	0	1198
CCCCGACGGCTGAAGCCCGGCGCTAAGCAG	0	0	0	0	0	0	0	0	606
CCCCGCGGATATAGCAAGCGTGGAAAATTG	0	0	0	0	0	0	0	0	1041
CCCCGGTACGGACGGGGATCTTAGATAACT	0	0	0	0	0	0	0	0	2314
CCCCGTTGGGAGTTTGGGATCCCTCGGTAG	0	0	0	0	0	0	0	0	43
CCCCTAGATTCCTAGTTACAAGGTAACCGG	0	0	0	0	0	0	0	0	936
CCCCTCATATAAGGTCGGCCCCTACCATGC	0	0	0	0	0	0	0	0	42
CCCCTGAATCAGCCGGCTAGCAAGGAGAGT	0	0	0	0	0	0	0	0	385
CCCCTTATAAAATATCTCCCGGAATTTGTA	0	0	0	0	0	0	0	0	20
CCCCTTGCCCCAGGTAGCGGAATGGCCCCG	0	0	0	0	345.5108696	597.5	0	0	1241
CCCCTTTCACTGAATAACGGATGCCTTTGC	0	0	0	0	0	0	0	0	437
CCCGACCTCCTGCTTACTGTCACCCGCCTG	0	0	0	0	0	0	0	0	398
CCCGACTACAATCGTAATCTGACACAGTGG	0	0	0	0	0	0	0	0	1879
CCCGAGTCGGAATGTGCAGGCCGGGATTGT	0	0	0	0	0	0	0	0	10853
CCCGATCTTCGACGGGCGGCGGTATCGGAT	0	0	0	0	0	0	0	0	46
CCCGCAGACTCTATAAGGTTGGAGTGGATT	0	0	0	0	0	0	0	0	945
CCCGCATCGCCGTGCGCCTAGTGAAGCCGC	0	0	0	0	0	0	0	0	1215
CCCGCATTCCCATTTGGAAATCGTCTCGAC	0	0	0	0	0	0	0	0	1470
CCCGCCGACGGGGGGGACTGGATCAGGGCC	0	0	0	0	0	0	0	0	743
CCCGCCTTTCGAAGCATTTTACGCCTTATT	0	0	0	0	0	0	0	0	60
CCCGCTTAATCTCGTGAATGCTTAATAATC	0	0	0	0	0	0	0	0	84
CCCGGCGGTGGGTCTGGTTGGTATGTTTTG	0	26.77593361	54	28.57608696	257.1847826	16.73	21.83756345	0	10730
CCCGGCTGGTTCTTCCGAGACATTTACGGG	0	0	0	0	0	0	0	0	2263
CCCGGCTGTGCAAGTCCACGTACTGCATCT	0	0	0	0	0	0	0	0	205
CCCGGGAGCGGACCGGGGGAAGTACACGGG	0	0	0	0	0	0	0	0	25
CCCGGGCTATGGCGGGGGGTTCCTAGGAAG	0	0	0	0	0	0	0	0	736
CCCGGGTCTACTCCTAAGGTTTGAAGTTGA	20.96491228	0	0	0	0	0	0	0	10449
CCCGGTGCCGGTAGAAGGGGCGCAAGACAG	0	0	0	0	0	0	0	0	921
CCCGGTGGTGTAACCGTACAATTGCAAGAT	0	0	0	0	15.58695652	0	0	0	14867
CCCGGTTACGGTTAGCTCGCCTAATCCGAG	0	0	0	0	0	0	0	0	1637
CCCGTACTCGTGTTTCCAGGATAATTCGTA	0	0	0	0	83.13043478	0	18.19796954	0	0
CCCGTAGCGATATGCATTTTGGTTCGTCAC	0	0	0	0	0	0	14.55837563	0	23
CCCGTCCCCCCCGTTGGAGCTCTGGGACAC	0	0	0	0	0	0	0	0	587
CCCGTGACCTACATTTTAATGAGTCAATTT	0	0	0	0	0	0	0	0	74
CCCGTGGATCGCGTGTAAAACTAGATTAGC	0	0	0	0	36.36956522	0	0	0	0
CCCGTTGAAATAGGCCTTTAAGCATCCTCT	0	0	0	0	0	0	0	0	146
CCCTAATTGACCTCAGAGTCATATGGCGGG	0	0	0	0	0	0	0	0	487
CCCTAGTGAGAACCAGAAAGGGCCCATGTC	0	0	0	0	18.18478261	0	0	0	170
CCCTATAGAAAACACATATCGTGTCACAGT	0	0	60	0	20.7826087	0	0	0	520
CCCTATGTATGAGTAACTGATGGAGTGTAA	0	0	0	0	33.77173913	0	0	0	30624
CCCTATGTGTCATCGGTACTCCTCTATGGT	0	0	0	0	31.17391304	0	0	0	111
CCCTCATGTTACGGAGCTAATATGTCCGCA	0	0	0	0	0	0	0	0	146
CCCTCCTCCCAACGGGAAATACGGATTACT	0	0	0	0	0	0	0	0	842
CCCTCGCGTGGTCCTATCAGAACGTCGATT	0	0	0	0	28.57608696	0	0	0	17
CCCTCGGGACGGCTGCTGCCGCTTGTTGTG	0	0	0	0	0	0	0	0	16
CCCTCGGGTTATGTGTTTAACAGTCACTAC	0	0	0	0	0	0	0	0	922
CCCTCTACCACGTGTCATGGTAGTCGGAGG	0	0	0	0	0	0	0	0	1539
CCCTCTTCTACCCAAGGGTTACTGTCGGGA	0	0	0	0	0	0	0	0	361
CCCTGAATGTCCCCGGAACGCTATGTAACG	0	0	0	0	36.36956522	26.29	32.75634518	0	41
CCCTGGGTTTGTGGACCGTCCTCGCGCTCA	0	0	0	0	0	0	0	0	2480
CCCTGGTCAGTCAGGCTAGCGAGAAAAGTT	0	0	0	0	0	0	0	0	80
CCCTGTCATCGGAGGCGTACGCGCCGCAGC	0	0	0	0	0	0	0	0	1333
CCCTGTCGGTTGCAGTAATTAGTCGTGGTG	0	0	0	0	0	0	0	0	87
CCCTGTGAGGAGTAGGGTTAGTTAGTCGTA	0	0	0	0	0	0	0	0	1419
CCCTGTGCGGGTTGTCAGTGTTGGGGAGAC	0	0	0	0	0	0	0	0	1587
CCCTGTTTAGACCCTAGGATCTCCCCCCGA	0	0	0	0	0	0	0	0	1957
CCCTTAGACGAAGGGATGATACGGGACGTT	0	0	0	0	0	0	0	0	2169
CCCTTATAGTGCCGGAATTAAATTTGAATT	0	0	0	0	0	0	0	0	3170
CCCTTCCTTAATTTTAGTCTGTAGCCAGCC	0	0	0	0	0	0	0	0	1089
CCCTTCTGATGCTCGTCACGAGGGCCAGTG	0	0	0	0	0	0	0	0	1419
CCCTTGCCTAGATGAGTATATCGACGCAAA	0	0	0	0	0	0	0	0	31
CCCTTGGGCGCCGGGTCTAGCAAAGGAGGG	0	0	0	0	0	0	0	0	664
CCCTTTTGCGAGATGGGCTGCCTCTCGTTC	0	0	0	0	0	0	0	0	1302
CCGAAAGTGCGTCAGTGTGTCGCAGGCGGT	0	0	0	0	0	0	0	0	432
CCGAACGTCAAATGATACGTGTAATTCTGT	0	0	0	0	0	0	0	0	1034
CCGAATCGCTAGTGTCATAGACTCGGGGAT	0	0	0	0	0	0	0	0	1508
CCGAATGACGTATATGAATCAGACTAGGAA	0	0	0	0	0	0	0	0	22
CCGAATTGCGGGGGGCCACGGCAAAGGTGT	0	0	0	0	0	0	0	0	192
CCGACCATGCGGGGGGGTGAGCGCGCAGTC	0	0	0	0	0	0	0	0	129
CCGACCATGCGGGGGGTGAGCGCGCAGTCT	0	0	0	0	18.18478261	0	0	0	34837
CCGACCGGAAAGGAGATTTTGTAGTACACC	0	0	0	0	0	0	0	0	1001
CCGACGACTACTTTGATATGATGATTAAGG	0	0	0	0	0	0	0	0	1116
CCGACTCCATTTGAACTGCTGTTTCTAGCT	0	0	0	0	0	0	0	0	1853
CCGAGGTTTATGGAGCATTAGACTTGGAGC	0	0	0	0	0	0	0	0	145
CCGAGTCCTACGACGTGTTGGTTTTTTCGG	0	0	0	0	0	0	0	0	2756
CCGATAGGAGGAATTTTAAGTGGTCGAGCT	0	0	0	0	0	0	0	0	466
CCGATATACGTTCTCCGTCGGGGTCATCCG	0	0	0	0	0	0	0	0	1354
CCGATATGTTCGTCCATACCTGGCTAGTGA	0	0	0	0	0	0	0	0	681
CCGATGAACTGGAAGAGTGTAAGCAAAAAA	0	0	27	0	46.76086957	54.97	0	0	152
CCGATGCAAATTAGCTGACGTCTCTGACCC	0	0	0	0	0	0	0	0	92
CCGATGTATTACTTTAAAATTCCTCTATTT	0	0	0	0	0	0	0	0	632
CCGATTTATGAAGTGCACCGGAAACATACA	0	0	0	0	0	0	14.55837563	0	0
CCGCAAGGTGCGTGACTTATTTCACCGACA	0	0	0	0	0	0	0	0	630
CCGCACACATCTCGGCTACCGATTTGAAGT	0	0	0	0	0	0	0	0	29
CCGCCCTCGCTGGACTTCTGCGGAAACCTC	0	0	0	0	0	0	0	0	919
CCGCCGGAGTGATACCTCGATCACAAAGCA	0	0	15	0	0	0	0	0	1729
CCGCGAGCCGGAGGCTTGTGTCGCGGCACA	0	0	0	0	0	0	0	0	2671
CCGCGCACACTCACTGTAGCTGCGAGCTTC	0	0	0	0	0	0	0	0	1186
CCGCGCGATGGTGAAGGGCAAGGTTGGGCC	0	0	0	0	0	0	0	0	200
CCGCGGAGCTAAGGCCCCGGAAAGCGAACA	0	0	0	0	0	0	0	0	4756
CCGCGGGCTGTGACCGTCGAGGCGTGTACT	0	0	0	0	0	0	0	0	1487
CCGCGGGGTAGCGCCACGGCCACTGCTGAG	0	0	0	0	0	0	0	0	1251
CCGCGGGGTGAACCTATGCAGTTAGGACTC	0	0	0	0	0	0	0	0	137
CCGCGTACAGCGAACCGTGCGTTTCTCGGT	0	0	0	0	0	0	0	0	1234
CCGCGTGTATTATGTCGCAACTTACTCGGA	0	0	0	0	0	0	0	0	32
CCGCGTTAAACGCGTCTGCGTATAGTATAT	0	0	0	0	0	0	0	0	14
CCGCTAAGCCTGTATCACTAAAGACTATGT	0	0	0	0	0	0	0	0	1511
CCGCTAAGGCGACAAAAGCCAGCGAATATT	0	0	0	0	0	0	0	0	1139
CCGCTAGGCTGAACACGATATGAAAACGTC	0	0	117	0	51.95652174	0	0	0	117
CCGCTCAGTTTCCTTCTTGTTCATAGCCTA	0	0	0	0	0	0	0	0	190
CCGCTGTGGCATATAGCTTTTTTCTGGGCT	0	0	0	0	0	0	0	0	3052
CCGCTTAAAGTGCGAAACAATGGCCAATCT	0	0	0	0	0	0	0	0	1557
CCGCTTCTTCCTGGTCGTCTGAACAGGATT	0	0	0	0	0	0	0	0	2458
CCGCTTTAGGTGACAAGTCCTTGGGGTGGA	0	0	0	0	0	0	0	0	444
CCGGAACGGTCACGTGGGTCACTCAGGTTC	0	0	0	0	0	0	0	0	170
CCGGAAGTTGTATCGCCTTAGATGTGGTTC	0	0	0	0	0	0	0	0	14
CCGGACAGTCGGGAACAGAAGTCGTACCGG	0	0	0	0	15.58695652	0	0	0	810
CCGGAGCAGTCTGTAAGAGAACTCGGCAGT	0	0	0	0	0	0	0	0	15969
CCGGAGTCGTAACCCTGTCAGTTGGGGCAG	0	0	0	0	0	0	0	0	1427
CCGGATACACTTGAACCTTAGGGAACTCCG	0	0	0	0	0	0	0	0	1311
CCGGATGTGTCCCGAATGTTAGTGGCCAGT	0	0	0	0	0	0	0	0	29
CCGGATTGGCGGCATATCCGAAAGGGGTTG	0	0	0	0	0	0	0	0	1460
CCGGATTGTCTCCCAACCACTGTCAACGTT	0	0	0	0	0	0	0	0	180
CCGGCACAATCAAGTAATGGTTTGGTTATC	0	0	0	0	0	0	0	0	1250
CCGGCATTACGTTGGCTTAAAGAAACCTCG	0	0	0	0	0	0	0	0	1182
CCGGCCTGATTTCGGGATTTATGTCGCGTT	0	0	0	0	0	0	0	0	1045
CCGGCGCTCGTGTTACCAACTACATTCCTA	0	0	0	0	0	26.29	0	0	702
CCGGCGGATCTTGGGTTCGGCTTTGAATCG	0	0	0	0	0	0	0	0	1076
CCGGCGTAGGACGGGGGGGCGTAGGGCACA	0	0	0	0	31.17391304	14.34	0	0	42
CCGGCGTCGGCTGAGCGTGCATAAGAGGGT	0	0	0	0	0	0	0	0	50
CCGGCTATCGTCCGCGTATATTATCCTTTG	0	0	0	0	0	0	0	0	57
CCGGCTTTCGAGTGGCGACCCGCACAGACG	0	0	0	0	0	0	0	0	1816
CCGGGAGGGGGTGTGATGCCACCATTGATC	0	0	0	0	0	0	0	0	1973
CCGGGCGCGGTTAGTATTCATTTATTAGCC	0	0	0	0	23.38043478	0	0	0	0
CCGGGCTGGCTGACCAAGGGACGGTTCAAA	0	0	0	0	0	0	0	0	441
CCGGGGATCTGTGAGCCTAGGTCGGGAGCG	0	0	0	0	0	0	0	0	666
CCGGGGTTAGTACGAGACACCATGACGTTA	0	0	0	0	0	0	0	0	4887
CCGGGTACGGAACGTGACGTCACATCCAGC	0	0	0	0	0	0	0	0	68
CCGGGTCATAACCACACGCTGGTCGGTAAG	0	0	0	0	0	0	0	0	610
CCGGGTGAGCAGAGTGGTTGGGTGAGTCAC	0	0	0	0	15.58695652	0	0	0	1540
CCGGTAGTGACGAATGATCAACTCAGGGCG	0	0	0	0	0	0	0	0	41
CCGGTGGTGGTCTGGAAGACTTCTGGGGGA	0	0	0	0	0	0	0	0	2121
CCGGTGTACGAGGAAATAGGCGATCTCCAT	0	0	0	0	0	0	0	0	44
CCGGTTAGCGATCCTTATAGAAAATATTAA	0	0	0	0	0	0	0	0	73
CCGGTTCGTCCCCCGGGGTCGATGGCAGAG	0	14.87551867	0	0	0	0	0	0	0
CCGTAAAACCTTCATGCTGCTAGGGGGGGC	0	0	0	0	0	0	0	0	432
CCGTAAACACTGATAACTTAACCGTGTGAT	0	0	0	0	0	0	0	0	2028
CCGTAACCTAGCCATCGTTAAAAAGAGATT	0	0	0	0	0	0	0	0	325
CCGTAATGAGAATGCAGCAGATTGTTAAAC	0	0	0	0	0	0	0	0	1626
CCGTAATTCGGGGTAGTCGATTTGCCATGG	0	0	0	0	0	0	0	0	1310
CCGTACAACTGTTATCTTGCGGTCTCGTCG	0	0	0	0	0	0	0	0	285
CCGTACCTGGGTATGCTTATATTGGGCAGA	0	0	0	0	0	0	0	0	1151
CCGTACGAGTGCAGCATTTGTTGCCACACG	0	0	0	0	0	0	0	0	924
CCGTACGTAGCGGCGATATCATACCATGAT	0	0	0	0	0	0	14.55837563	0	129
CCGTACTGACGTAGGCTCCTCACTCATGCA	0	0	0	0	23.38043478	0	0	0	0
CCGTACTGTCGAAGCAGCAACATTCCTCGC	0	0	0	0	0	0	0	0	3529
CCGTACTTTATTGGATTAAATTCGCTTCAT	0	0	0	0	0	0	0	0	119
CCGTATATGCACTAGTTTTTTACAGTTTAT	0	0	0	0	36.36956522	0	0	0	60
CCGTATTATGAACTAACTTGGCTCTGAAGG	0	0	0	0	20.7826087	0	0	0	281
CCGTATTTCTGAAGTAGTAATGAGGCGCGG	0	0	0	0	0	0	0	0	964
CCGTATTTTATTATCGTGTGTAGCCAGCTC	0	0	0	0	0	0	0	0	227
CCGTCAGATGCAGCAATGAGCGTAAAAGTA	0	0	0	0	0	0	0	0	1986
CCGTCATTTTCACTACTTATTCCAATGGTC	0	0	0	0	0	0	0	0	677
CCGTCCTGGTCAGGCATCGTATCGTCAAGT	0	0	0	0	0	0	0	0	268
CCGTCGCAATCTTCAGATGCTGCGTGCTGT	0	0	0	0	0	0	0	0	16
CCGTCTAAACGCGCAACTGGGTGTTTATAT	0	0	0	0	0	0	0	0	1446
CCGTCTATTTCCGTGCAGGTCGCTTAGCCC	0	0	0	0	0	0	0	0	865
CCGTGAGCATTAAAACCGAGGCCCCAGGTT	0	0	0	0	0	0	0	0	715
CCGTGCGAGGGGCACGTTCGTTGGGGGACT	0	0	0	0	0	0	0	0	142
CCGTGGGTCTACACCGTTTACGCTTAAGTC	0	0	21	0	46.76086957	31.07	0	0	135
CCGTGGTGAACTACGCAGTAGTACAACCTA	0	0	0	0	0	0	0	0	626
CCGTGTATCTAAATACTTACACGGTACGGA	0	0	0	0	0	0	0	0	3043
CCGTGTCGACATAGAGGCTCTTAGGCAATG	0	0	0	0	15.58695652	0	0	0	6597
CCGTGTCGCGAATCGTCACTCGTAGCTATG	0	0	0	0	0	0	0	0	634
CCGTGTGTCGCAAATACAATAATCTTTCGG	0	0	0	0	0	0	0	0	331
CCGTTACTTCTTCGTGCACTATACTGTCTA	0	0	0	0	0	0	0	0	841
CCGTTAGCGTAGGGGTCCCACACCGCGGTG	0	0	0	0	0	0	0	0	2879
CCGTTAGGTGGTGTCTTGATAGTCAGCCGA	0	0	0	0	0	0	0	0	264
CCGTTCGATACCATCTCTTCGTCGCTATAA	0	0	0	0	0	0	0	0	1081
CCGTTCGCTTCTGAGCGTGGGATCTTTAGA	0	0	0	0	0	0	65.51269036	0	519
CCGTTGGTCCAGGTAAGTACCATCCTTCGA	0	0	0	0	0	0	0	0	1394
CCGTTTCACCACATTTACAGGTTTAGCTAC	0	0	0	0	0	0	0	0	1513
CCGTTTGTGAAGCCGGTGTCTGAATGGATC	0	0	0	0	0	0	0	0	972
CCTAACACAACGACCTCAGTCATGTTCAAG	0	0	0	0	0	0	0	0	524
CCTAACGTACGGACTATGGCACATAATTGC	0	0	0	0	28.57608696	0	0	0	1281
CCTAATCGGCTTCACTTTATTGAGTTTGTG	0	0	0	0	46.76086957	0	0	0	26
CCTAATGAAGTGCTTTTTGACTACTGGGAA	0	0	0	0	0	0	0	0	509
CCTACAATTCTTCGTGTTCGTCTTACATGT	0	0	0	0	33.77173913	0	0	0	294
CCTACACCAAATATTAACCATTTAAGGACA	0	0	0	0	0	0	0	0	656
CCTACAGAACCCCTGCGGATCCGTATCACT	0	0	0	0	0	0	0	0	3053
CCTACAGGTGTACTTTTCATAATCGACGTA	0	0	0	0	0	0	0	0	240
CCTACCCGCTCAGGCCCCTTAGCAACAGCC	0	0	0	0	0	0	0	0	1159
CCTACCTGAGTATGATAATTTACCGTCATG	0	0	0	0	0	0	0	0	23
CCTACGATTGAGGGTTGCGCATTCCAATCA	0	0	0	0	0	0	0	0	905
CCTACGGCAAGTACAGGCTCTTTTCTTTTG	0	0	0	0	0	0	0	0	1477
CCTACGTGCAATAATGGACGCCAGTTACCG	0	0	0	0	0	0	0	0	1068
CCTACTAGGTTACTGGATGCGGCTTATCTC	0	0	0	0	0	0	0	0	29353
CCTACTCAGGACATTGTCTATGGTATGAGA	0	0	0	0	33.77173913	0	0	0	1555
CCTAGAGGAGAGCTCGGTCTGAGTTCAGAG	0	0	0	0	0	0	0	0	20
CCTAGCAGCGTAATTACCAGTCCTACAAAC	0	0	0	0	0	0	18.19796954	0	0
CCTAGCCGGCGAGTCATCTCTGGTTTAGTC	0	0	0	0	0	0	0	0	1615
CCTAGCGCCTTTCTCAATTTGCTAACGTTT	0	0	0	0	0	0	0	0	5434
CCTAGGCGAGATAGGGTGCGAGGGGATGAG	0	0	0	0	0	0	0	0	588
CCTAGGTAGGTTATCTAGTATTTGGTCAAT	0	0	0	0	0	0	0	0	2226
CCTAGTCAGAACGCTGCTGAGGTCAGACTA	0	0	0	0	0	0	0	0	1036
CCTAGTGGTTTGATTGGTCGTGTCTGTTGT	0	0	0	0	0	0	0	0	14
CCTATATTCATTGTAGTCCCACGCCAAAAG	0	0	0	0	0	0	0	0	984
CCTATCCAGGGCTGAAACTGAACGGTAGTT	0	0	0	0	0	0	0	0	224
CCTATCCGCTAATATTTTAGGTATGGAACG	0	0	0	0	0	0	0	0	976
CCTATCGATGCTGACCCGATCTGGGTCTTA	0	0	0	0	23.38043478	31.07	287.5279188	0	0
CCTATGTGTTCTGGGTAAATATGGTCGGCT	0	0	0	0	0	0	0	0	10498
CCTATTACTTCCGATAGGCCCGACGCGGCC	0	0	0	0	0	0	0	0	605
CCTATTTCTTCGCACTTACTTTCTCCTAAC	0	0	0	0	0	0	0	0	898
CCTATTTTATGATTTGGCATGAGACCCCGG	0	0	0	0	0	0	0	0	706
CCTATTTTTAAATAGTGTCCTTTGTTATAT	0	0	0	0	0	0	0	0	213
CCTCAGAGCTCTCGCCGATTCTATTTATCT	0	0	0	0	28.57608696	0	0	0	615
CCTCAGCATGAACAGCAGATAACTTAGCCA	0	0	0	0	0	0	0	0	1237
CCTCAGTGTGATCTTCTTAGTTACTACATC	0	0	0	0	0	0	0	0	233
CCTCCCAAGCCGTTTTGCTACGTGTCTTGG	0	0	0	0	0	0	0	0	3592
CCTCCCTCGTAGACTTATACTGGATTCAAT	0	0	0	0	0	21.51	0	0	0
CCTCCCTTATCATGGTTGAGATAACCTAAA	0	0	0	0	15.58695652	0	0	0	691
CCTCCGCCGGTATTCTTTAACACAGCTAGA	0	0	0	0	31.17391304	0	0	0	10238
CCTCCTTGATAGAATTAGATTCTTTCTTTA	0	0	0	0	0	0	0	0	180
CCTCGGTTAAACAACGCTTTCCGGTGTGTG	0	0	0	0	0	0	0	0	315
CCTCGTTTTGCAGTAAATCAACCATATTTC	0	0	0	0	0	0	0	0	1267
CCTCTCTGTGGGGCTGGGTCGCTAAGGATG	0	0	0	0	0	0	0	0	17
CCTCTGTAATATGTTGTGCGATCAAGGGGG	0	0	0	0	0	0	0	0	1717
CCTCTGTGCCAGATAAATTCTATGTGGTAG	0	0	0	0	0	0	0	0	1470
CCTCTTATTGGATTTCGCAATGCTGACTGT	0	0	0	0	0	0	0	0	342
CCTGAACAGAAGTACCCTTATGCGAAGGTG	0	0	0	0	0	0	0	0	238
CCTGACACTTCGGAATAATATATTCAAACA	0	0	0	0	0	0	0	0	920
CCTGATACGTCGTTGACTTTAGAACCCTGT	0	0	66	0	25.97826087	14.34	0	0	126
CCTGATCTCAGGCGGGCGCAACAGGACACT	0	0	0	0	0	0	0	0	66
CCTGATGTGTGAAAGCGAGCTCATCGGGCC	0	0	0	0	0	0	0	0	1409
CCTGCAAAGTCTAGGTTGCCAGGGTTGCTA	0	0	0	0	0	0	0	0	2126
CCTGCCACGTTGCGCTGAAGACCTAAAGGG	0	0	0	0	0	0	0	0	1095
CCTGCGGTTAAAAATAGTATTTTACTCCCA	0	0	0	0	0	0	0	0	177
CCTGCGTAATGATCTTGTTGTAAGCGAGGC	0	0	0	0	0	0	0	0	622
CCTGCTTGTCATGTCAGATACCAGCGGGTA	0	0	63	0	140.2826087	0	14.55837563	0	0
CCTGGACGATCGACCACATGTTCATTGGTT	0	0	0	0	0	0	0	0	1395
CCTGGCCATGTTCTCACTGCTTATTGCATA	0	0	0	0	0	0	0	0	358
CCTGGCTGCCATATCCTTGATGGGGTTCTA	0	0	0	0	0	0	0	0	416
CCTGGGACGCCATCCTGGCGCGTTTACGCT	0	0	0	0	0	0	0	0	23979
CCTGGTTTAAACGCTATTGTAGCTAACTAA	0	0	0	0	0	0	0	0	1280
CCTGTAAAACAGTTGTAGGAAGCCGGCGTC	0	0	0	0	0	0	0	0	864
CCTGTGATTACTCCCGTGCCGGGGTGTAGT	0	0	0	0	0	0	0	0	3130
CCTGTGTGTTAATGGCGTGTAAGGGGGTGC	0	0	0	0	0	0	0	0	839
CCTGTTAGATCAAATTTCATAGTCCCTCTT	0	0	0	0	0	0	0	0	595
CCTGTTGACCGATGGCTCGTACATGCCGTA	0	0	0	0	0	0	0	0	6475
CCTGTTGGAGCTAAACAATTAAGGAAATGG	0	0	0	0	0	0	0	0	1484
CCTGTTTGTTCGCCTACAATGTGACTCATG	0	0	0	0	0	0	0	0	1651
CCTTAATGGATGCACGGCGCACTAGCCGTA	0	0	0	18.18478261	0	0	0	0	2278
CCTTAATTTATAGTGGTCTTTCCAGATTTT	0	0	0	0	15.58695652	0	0	0	156
CCTTACCGGGCAACAATTTAAAATGACCAG	0	0	0	0	23.38043478	0	0	0	243
CCTTAGCACACGCAGAGGCCAGTCTCCTAC	0	0	0	0	0	0	0	0	26
CCTTCACGACGTATACGTATCTTCTTAAAC	0	0	0	0	0	0	0	0	1572
CCTTCATTGATTTTTTTACCATACTCCAAT	0	0	0	0	0	0	0	0	686
CCTTCCTCCAATTAGGTCTTGTATTTCAAT	0	0	0	0	0	0	0	0	1408
CCTTCGATCCGCTGTCATCAAGTGGTCCTT	0	0	0	0	59.75	0	0	0	3704
CCTTCTCCAAGATAGGTGCTCGAGTAACAG	0	0	0	0	0	0	0	0	86
CCTTCTCCTAATAGAGAAGTTATGCAGAAT	0	0	0	0	0	0	0	0	2547
CCTTCTTCCTATTTTGCTCTCGGCGTTAAG	0	0	0	0	0	0	0	0	100
CCTTGAGCATAAGTTTTCGCTAGTACAGGC	0	0	0	0	20.7826087	0	0	0	31
CCTTGCACCTTGTAGGTCGATTCTACATCA	0	0	0	0	0	0	0	0	576
CCTTGCCATTTGTTAGGTCGTTGTGCTGTG	0	0	0	0	0	0	0	0	640
CCTTGGACAGCCAAATCGTTACTTAGGTCT	0	0	0	0	0	0	0	0	149
CCTTGGCATTCACCAGGGTGCGTCAAGGAC	0	0	0	0	0	0	0	0	10596
CCTTGGGCTAAAATAACCTATGATACATTT	0	0	0	0	0	0	0	0	102
CCTTGTCACATTGCGGTGTCTATCGAACCA	0	0	0	0	0	0	0	0	10064
CCTTGTCCCGCTAGACCACGCGGCGTGTCG	0	0	0	0	0	0	0	0	1181
CCTTGTTCCTTGGAGCGATAGTGGTTCGTT	0	0	0	0	0	0	0	0	516
CCTTTACCACTTTTCACGGGTCCCCGTATC	0	0	0	0	0	0	0	0	1338
CCTTTACCGAAGTGTCGGTGGCTACAAGGG	0	0	0	0	0	0	0	0	412
CCTTTACCTAAAGTAAACAGAGGTCTCACT	0	0	0	0	0	0	0	0	709
CCTTTCAGGGAAAGTGAAGGTGAGGTTACA	0	0	0	0	0	0	0	0	22
CCTTTCGAGACGCTGTCTCTTTGAAGTAAG	0	0	0	0	0	0	0	0	417
CCTTTGTGCGCATATTATATGTGATGTCTT	0	0	0	0	0	0	0	0	640
CCTTTGTGTATCAAAAGTGTGCTCGTATCG	0	0	0	0	0	0	0	0	1062
CCTTTTGGGTGGTTGATAATTGTAAGCGGG	0	0	0	0	0	0	0	0	41
CCTTTTGTTCGTTTGGAATTTCGTGCATTT	0	0	0	0	0	0	0	0	1521
CCTTTTTGCTCAGTTTGTGGCACTGGCTTT	0	0	0	0	18.18478261	0	0	0	263
CGAAACCTTATGTCAGGTATCCTTATTGTG	0	0	0	0	0	0	0	0	342
CGAAACGTAACGCTGATATATGGTGAGTAT	0	0	0	0	0	0	0	0	112
CGAAACTCGTGTAGAGCCAGCGTTTAGTAC	0	0	0	0	0	0	0	0	232
CGAAAGTACAATCGTGGTGAAACTTAAACA	0	0	0	0	0	0	0	0	609
CGAAAGTTCAGCTATTGCTTGATGGGTTGC	0	0	0	0	0	0	0	0	23
CGAAATCTAGCTCAACGTGCCCAGTTTCGA	0	0	0	0	0	0	0	0	27
CGAAATTCCATCCTAGATTACGTCAAATAA	0	0	0	0	15.58695652	0	0	0	0
CGAACAATGAGCAGATAGTGTATCCCGAGC	0	0	0	0	0	0	0	0	2943
CGAACCTTTTGGCCACTCCAACGCCTCCCG	0	71.40248963	63	18.18478261	179.25	0	14.55837563	0	236
CGAACGTAAGTTCGTAAGTATCGTTTAGCC	0	0	0	0	0	23.9	0	0	26
CGAACTAGACAGTTCCGGTTCTCGTTCCTT	0	0	0	0	0	0	280.248731	0	0
CGAACTGGTCGGTATGTTGGGTTCGCATAT	0	0	0	0	20.7826087	0	0	0	21
CGAACTGGTGCTGTGGGCGGGGTGAGTCGA	0	0	0	0	0	0	0	0	162
CGAAGATAACAACCTTGTGTAAATATGTTA	0	0	0	0	0	0	0	0	147
CGAAGCATGTTCAATTCCAACTCTGTTGGC	0	0	0	0	20.7826087	0	0	0	50
CGAAGGCTGGCCGGCGGCGGTAGGGGCTAA	0	0	15	0	54.55434783	0	0	0	0
CGAAGGTTTCATGCGAGTATATTCCAGTCG	0	0	0	0	0	0	0	0	616
CGAAGTAGTAAATGCCTTCTCCACAGCTGT	0	0	0	0	0	0	0	0	96
CGAAGTGTGCGTTGGGATGTTCGGCGGGTT	0	0	0	0	0	0	0	0	63
CGAATAAGTCCGTCATAAGTCCCCCTCTGA	0	0	0	0	0	0	0	0	1174
CGAATCACATCGTTCAATGGAATTATCTAC	0	0	0	0	0	0	0	0	909
CGAATCTCTAGCGGGCCTTAGCGTGAGGGA	0	0	0	0	0	0	0	0	192
CGAATGGGTATAATTGATAATTGCAGGAGT	0	0	0	0	0	0	0	0	1000
CGAATGTAAATTACCTGAGGTTCCGGTATC	0	0	0	0	0	0	0	0	1420
CGAATGTATGGGGCTGGAGCTTCGGAAGAG	0	0	0	0	0	0	0	0	2427
CGAATGTCCGAGTTTACTTCGATTCCAAAG	0	0	0	0	0	0	0	0	51
CGAATGTGATAGGTAAAGGTGTCGCGGGAG	0	0	0	0	75.33695652	19.12	0	0	26
CGAATGTTTGCGTGTTTACGATTAGTTAAT	0	0	0	0	0	0	0	0	1877
CGAATTAGTCACTTAAGGTTTCGACTTATT	0	0	0	0	0	0	0	0	1466
CGAATTCGCTGTGTGCTCTTGTAGGTCGGT	0	0	0	0	0	0	0	0	19
CGAATTCGTAGAGATACTTCTAGAGAAAAT	0	0	15	0	0	0	0	0	243
CGAATTGACGGGATCCCTCTAATATTCCTG	0	0	0	0	0	0	0	0	91
CGAATTGCTTCCTGGTATGTATCAATGTCT	0	0	0	18.18478261	0	0	0	0	8261
CGAATTGGAATCATTTGGAGGCCTTGTTCC	0	0	0	0	0	0	0	0	2059
CGAATTGTTAGTTCTTGGATGTGTGTATTT	0	0	15	0	15.58695652	0	0	0	250
CGACACAGTTTTTCACATATACGGAGGGGG	0	0	0	0	0	0	0	0	737
CGACACATTTGCGAAGGACCACATTTAGTG	0	0	0	0	0	0	0	0	443
CGACAGAACTTCGATGCGTAAGCGTCTCGT	0	0	0	0	0	0	0	0	555
CGACAGGGATCCCAGTGAGCCATAAGCTGC	0	0	0	0	0	0	0	0	671
CGACATAAGAAGATTGCATGGGTTTCATAG	0	0	0	0	0	0	0	0	242
CGACATATTGTGCAGAACGTGTCTGCATCT	0	0	0	0	0	0	0	0	19
CGACATCCTGTATGCTCAGGATCAGAATCA	0	0	0	0	0	0	0	0	566
CGACATCTTGCCTGGTATATCGGACTCGGC	0	0	0	0	0	0	0	0	1274
CGACCATGAGTGTAAAAGTATAAAATGGCA	0	0	15	0	0	14.34	0	0	23735
CGACCCGGAGAGGGCGGCCGGAGCGGGGGG	0	0	0	0	2919.956522	54.97	0	0	492
CGACCGAGCAATCTTCCTGTCTACCGTGAA	0	0	39	0	277.9673913	0	0	0	22
CGACCGTCGTACGGCGTCAACGTGGGCCAA	0	0	0	0	0	0	0	0	67225
CGACCTGGGGAAGAACAGCACTTTTATATT	0	0	0	0	0	45.41	0	0	822
CGACCTTGGGGAGTCGTGGTCTTGCCTGCA	0	0	0	0	0	0	0	0	1251
CGACGAGTCTAATCAGATGACACTAGGAAG	0	0	0	0	0	0	0	0	3962
CGACGCCAGGTTTAGAGCTTCGTACTATAC	0	0	0	0	0	0	0	0	120
CGACGCGGAGGCAGAACATTCCCTCTTACA	0	0	0	0	0	0	0	0	42
CGACGCGTTTACGCAGGAGATCGGTCGTTT	0	0	0	0	0	0	0	0	4381
CGACGGAACGGCATAGAGGGCGAAGTGCGG	0	0	0	0	0	0	0	0	53
CGACGGCAATCTACTCTAAGGTCGTAAATC	0	0	0	0	418.25	50.19	0	0	19164
CGACGGTACGTAAAAAAGGTTATTCTTAAC	0	0	0	28.57608696	0	0	0	0	112
CGACGTGTCTTAATCCGTTGTGTAGTAGCA	0	0	0	0	0	0	0	0	786
CGACTAACGGAACTCCCCGACAGCTTAGCC	0	0	0	0	0	0	0	0	300
CGACTCAATGTTCGTTCTTTGTTCGCGAAT	16.77192982	0	0	0	4670.891304	86.04	0	0	110555
CGACTCAATGTTCGTTCTTTTGTTCGCGAA	0	0	0	0	0	0	0	0	32
CGACTCCTTTACCGCGGCATGACTCCCAAG	0	0	0	0	0	0	0	0	1006
CGACTCGGGGGAATGAGGGTGGGGTTAAGT	0	0	0	0	192.2391304	0	0	0	576
CGACTGCTGAAATGTTTTGTGAGGGTAGAT	0	0	0	0	0	0	0	0	3826
CGACTGGAACTAATGAGGCCTGCTAAAGGG	0	0	0	0	0	0	0	0	905
CGACTGGGGGGAAGCACGGATGTGGATAGC	0	0	0	0	0	0	0	0	1297
CGACTGGTACTGTCAACTCACGTGCGTCCA	0	0	0	0	0	0	36.39593909	0	61
CGACTGTATGCGGTGGTACAATTTTCGTTT	0	0	0	0	70.14130435	0	0	0	69
CGAGAACATATTAACTAAGTCCTTATCAAA	0	0	0	0	0	0	0	0	17
CGAGAAGCGCCTAGCCTCGGTACACACGTT	0	0	0	0	742.9782609	0	0	0	1772
CGAGACCCCCAAGCCCGGGGGGCGGGTTAC	0	0	0	0	0	0	0	0	1966
CGAGAGAATCTCAGATAGAGGGTCAGTCGA	0	0	0	0	0	0	0	0	574
CGAGAGACAGGGTGGGGGTTAATGGGCAAG	0	0	0	0	0	0	0	0	314
CGAGAGATCGGCTGTTGTGGTGAGTGGGGG	0	0	0	18.18478261	0	0	0	0	838
CGAGAGGCATGGGGACACAATTTCAGATAT	0	0	0	0	0	0	0	0	98
CGAGAGTGAGATATAAGGTATGTGACCCAT	0	0	0	0	0	0	0	0	1026
CGAGATATCTAAAATCGGCTTCATTCTCGA	0	0	0	0	0	0	0	0	683
CGAGCATTCGGTCTGTTCGCCTAACACGTA	0	0	0	0	0	0	0	0	747
CGAGCCATCGTAAGGGCCTCAAACGCCATT	0	0	0	0	0	0	0	0	1391
CGAGCTTGACCTGGTGCCTGCGTCGCCCAC	0	0	0	0	15.58695652	0	0	0	1511
CGAGCTTGGTGGGTTGGGTCTGTCTACGGG	0	0	0	0	0	0	0	0	6239
CGAGCTTTTGCAGTCTGGTTTCTTTATAGT	0	0	0	0	0	0	0	0	683
CGAGGCGCGACTTATGTTTTGTGGAATGTG	0	0	0	0	0	0	21.83756345	0	0
CGAGGGGGGAAAGGCGGTTCGCTCAGTGCC	0	0	21	0	0	0	0	0	41
CGAGGGGGTTTGGAAGTGTCCGCAAGGCGG	0	0	0	0	0	0	0	0	400
CGAGGTGTCGGCGGTCTTTCGCTCTCATGC	0	0	0	0	0	0	25.47715736	0	0
CGAGTAATGCTAATGTCCTGGGTTGTCGAT	0	0	0	0	974.1847826	0	0	0	760
CGAGTATTATCACGGACTTTTAGTAAGTGT	0	0	0	0	23.38043478	0	0	0	1515
CGAGTGCCCATGGAAAATGGGCTGCGCCGT	0	0	0	0	0	0	0	0	35
CGAGTGCCGCGTGCTAAACTTGAGCTAGGG	0	0	0	0	0	0	0	0	984
CGAGTTCCCCGGGCAACGCTAGCTAACGAT	0	0	0	0	0	0	0	0	560
CGAGTTTGCCAGTAGCGGGGGACGGGGGAT	0	0	0	0	0	0	0	0	3397
CGATAAATCCAAAGACGTCGTTTTGAATGG	0	0	0	0	0	0	0	0	1347
CGATACAAGTTCGCTCGATCACCTTATTGG	0	0	0	0	0	0	0	0	139
CGATACCGAATGTTTCGGTAACGCTAGACG	0	0	0	0	0	0	0	0	30
CGATAGAAGTTGGGAGCGACGCCACCGTTT	0	0	0	0	0	0	0	0	1250
CGATAGCTCGATAGTGGATTATGTACAGTC	0	0	0	0	0	0	0	0	2446
CGATATCCTGGGAACTAGAGGCCCTACAAG	0	0	0	0	0	0	0	0	1571
CGATCAAGGATCAGGTGACCGCTATGATAC	0	0	0	0	0	0	0	0	523
CGATCAGGTGCACGCTGGTGAAGCTCACTC	0	0	0	0	0	0	0	0	119
CGATCATCCGCCCACGATTCAAACGGCTGT	0	0	0	0	0	0	0	0	10493
CGATCCCAGTGTGTCTAGGGGAATCTTTCC	0	0	0	0	23.38043478	14.34	0	0	2359
CGATCCGGCGTAGCTATGGTCTGGTACATC	0	0	0	0	0	0	0	0	291
CGATCCTTACTATTTTCCCTCTCTAGACTT	0	0	0	0	46.76086957	0	0	0	1890
CGATCGCCGAGGTGGGTGCCAGAACGGGTT	0	0	0	0	0	0	0	0	1320
CGATCGTTTCAATCGCATTGCGCGCATTGG	0	0	0	0	0	0	0	0	1795
CGATCTTCAAGTTGATTATATATATGCGCT	0	0	0	0	0	0	0	0	376
CGATCTTTGATCATTTGGGCACGATTATTC	0	0	0	0	0	0	0	0	2106
CGATGCGGCTACACCTTCAAAGCCTGGGCT	0	0	0	0	0	0	0	0	593
CGATGTCTCTTTTAAACATATTACAGGCAC	0	0	0	0	0	0	0	0	934
CGATTATTCGCTGACCATATACGGGTAATC	0	0	0	0	0	0	0	0	2589
CGATTCAGGTCGTCTAACTCATGGTCGTTG	0	0	0	0	0	0	0	0	75
CGATTCGGCCGCCGTAAATTATTCATGGGA	0	0	0	0	0	0	0	0	730
CGATTCGTTTTCCGCCCCTCTTACGCATCG	0	0	0	0	0	0	18.19796954	0	49
CGATTTTCATAAATTGCACTTGGCGGACTA	0	0	0	0	0	0	0	0	1424
CGATTTTCTGATTTCTCCAAACCCGACGCG	0	0	0	0	0	0	0	0	1278
CGCAAACGACATTTAACTTTCCCCATCGCT	0	0	0	0	0	0	0	0	501
CGCAAACGGTGATGCCCGTGAGACAGGTAA	0	0	0	0	0	0	0	0	3114
CGCACAAACGGGCTTAGACCATTCTACGTA	0	0	0	0	0	0	0	0	968
CGCACAAGTTCGGTTCCACCTAATGTCTGT	0	0	0	0	0	0	0	0	1178
CGCACCGTCCTGGAGCGATTCATAAGCCCA	0	0	0	0	0	0	0	0	161
CGCACCGTCTTTAATGGGTGTGTTAGGACC	0	0	0	0	18.18478261	0	0	0	1167
CGCACGGGCGTGACTGCTGGTGTCTGTTAT	0	0	0	0	0	0	0	0	21
CGCACTGTAATTCGGATCTGAATTTCAAAG	0	0	0	0	0	0	0	0	443
CGCACTTGATGTATGGTAGAGGCTCGGGGG	0	0	0	0	0	0	0	0	1273
CGCAGATGTCAGAAGCTGATTGGTGACGTG	0	0	0	0	1205.391304	0	0	0	1035
CGCAGCATAAACATATGATACATGATTAGA	0	0	0	0	0	0	0	0	60
CGCAGCCCCCCAGTCCTTACGGGTTAAAGT	0	0	0	0	0	0	0	0	1881
CGCAGGGATTAAAGTTAATTAGAAAAGCTC	0	0	0	0	0	0	0	0	861
CGCAGGGGTCCTGCTCCATCTTAAGCGGAA	0	0	0	0	0	0	0	0	1345
CGCAGTATAGGGCCCCTGAGCAGTGGGCAT	0	0	0	0	0	0	0	0	526
CGCAGTCTTACAATCTCCATGATGTAGTAT	0	0	0	0	0	0	0	0	1139
CGCATAGCCCGCTACCTGCTTTTTACTGTG	0	0	0	0	15.58695652	0	0	0	45579
CGCATAGGGTTCATTGCGGGTATAGCCTCT	0	0	0	0	0	0	0	0	916
CGCATCAATAGTGAGGAAGTTGGATACGTT	0	0	0	0	0	0	0	0	657
CGCATGAGGTATGGCATGGTGGTTCGTTGT	0	0	0	0	0	0	0	0	23964
CGCATGCCCGGGAGTAGTGTCAATAAGTCC	0	0	0	0	0	0	0	0	21
CGCATTTGAAATCCAAAGGATGTCTGTCAT	0	0	0	0	0	0	0	0	1178
CGCCAACTATATGAGCGGTTATACCAAATG	0	0	0	0	0	0	0	0	459
CGCCACATTTACTGCCTCCATTGGGTAATT	0	0	0	0	88.32608696	19.12	0	0	33
CGCCACCCCTGTAGCCTTTATTCTTACCGT	0	0	0	0	0	0	0	0	3110
CGCCACGTGGGTCGTTTTGTATCGCGCGGG	0	0	0	0	0	0	0	0	2136
CGCCAGTCACGTTATGATGCCCTAAGTATC	0	0	0	0	0	0	0	0	429
CGCCATGTTTGGGGGCAGCGATGTTCGATG	0	0	0	0	0	0	0	0	18
CGCCCATACTGCATTCGTTTGTTTTTCGTC	0	0	0	0	0	0	0	0	1197
CGCCCCAGATGTGTGGGCTGTGGGACTCTC	0	0	0	0	0	0	61.87309645	0	0
CGCCCCTGGGGTCCTCTGGGACTCTGGGGG	0	0	0	0	0	0	0	0	125
CGCCCGCGCCAGCCGGCCGGCGAGTGGTGA	0	0	0	0	0	0	0	0	2498
CGCCCGTCATGTGGGTTTTCTTTATGCTTT	0	0	0	0	0	0	0	0	1212
CGCCGAGGCCCCGGTTGTTGTGCAGGATTT	0	0	0	0	0	0	0	0	36
CGCCGGCACCTCTGTGTGAGGATTCCTGCT	0	0	0	0	0	0	0	0	22
CGCCGGCCGTGCCGGTTAGAGCAGGTGGTC	0	0	0	0	0	0	0	0	169
CGCCGTACGTATTATAGTTGGGGTTTAGCC	0	0	0	0	0	0	0	0	771
CGCCGTGAATCCTTTGTGTCCTAATGGGTG	0	0	0	0	0	0	0	0	1145
CGCCTGCGTAATTTGGGCTATTAAGCATCG	0	0	0	0	0	0	0	0	91
CGCCTTGAAGTGGATTGGCTAGAAGGGACG	25.15789474	0	0	0	161.0652174	21.51	32.75634518	0	41945
CGCCTTGTCCTTGTGGTAGCTCCTCATAGC	0	0	0	0	0	0	0	0	1001
CGCCTTTTTCAGTTTTATAGCTGTGGACCG	0	0	0	0	0	0	0	0	180
CGCGAAACGTTGTCTGTTTGTACCTCGTCG	0	0	0	0	0	0	0	0	2826
CGCGAACTGGGGGACGTGAGTCCAGAGCAC	0	0	0	0	0	0	0	0	1181
CGCGACTCCTCGCTTCTTCTAGGCGATTGA	0	0	0	0	0	0	0	0	79
CGCGAGAGGGAGTGAGGGAAGCGGTAGGGA	0	0	0	0	0	0	0	0	342
CGCGATGATCTCAATAATAAGTACTTCGTC	0	0	0	0	0	0	0	0	22
CGCGATGCCCGGGGACTTCGCTGCGAGGCC	0	0	0	0	0	0	0	0	1208
CGCGATGTATCCGAGTAACGCAGCTTTATT	0	0	0	0	0	0	0	0	2234
CGCGATGTCAGTACGCCCGCCTGGGATTCC	0	0	0	0	0	0	0	0	154
CGCGCACACCGCTGTTTTTCGCGTCGAAAA	0	0	0	0	0	0	0	0	375
CGCGCCAGATGGGGTTGTCGCACATGTTAA	0	0	0	0	0	88.43	0	0	0
CGCGCCATACTTGGGCGACAATTGACGTCC	0	0	0	0	0	0	0	0	810
CGCGCGAATTAGTCGCAAGTTGGGAATCAC	0	0	0	0	0	0	0	0	887
CGCGCGGGAATTTGGCTGGCGCGGCATCAA	0	0	0	0	0	0	0	0	77
CGCGCTATGCTAGGGATGAGGGCCGAAGGT	0	0	0	0	0	0	0	0	1348
CGCGCTCCTCGTGACGAAGGGGCGGGCCGA	0	0	0	0	28.57608696	0	0	0	19
CGCGGACGTGTGAATATCGGCGGGTCGCTG	0	0	0	0	0	0	0	0	575
CGCGGAGGGGTCCGACCGGGATTTCAACTC	0	0	0	0	0	0	0	0	382
CGCGGAGTATGGGGACTATCGCATTGCTTG	0	0	0	0	0	0	0	0	935
CGCGGATTGGGCGAATTCGGGGCTAGGGGC	0	44.62655602	0	0	103.9130435	26.29	0	0	55612
CGCGGCACTGGAGATAATGCCAGGTTTTGT	0	0	0	0	0	0	0	0	692
CGCGGCGTACTGGCATCACACGTCCATAAC	0	0	0	0	0	0	0	0	34
CGCGGGATGCGTAGTCGAGTCTTGTTCCAG	0	0	0	0	0	0	0	0	25
CGCGGTACGGGCGCGCAGCGAACTTAGCTG	0	0	0	0	0	0	0	0	131
CGCGGTGCCGGCAGATCGCCGATTTCCGGT	0	0	0	0	0	0	0	0	1716
CGCGTAAGAGTGCATAAGTGGGGGAGAGGG	0	0	0	0	46.76086957	0	127.3857868	0	4716
CGCGTAGAGTTTGCTTAGATTGGACTCGAG	0	0	0	0	0	0	0	0	951
CGCGTCATGAAACTGTCGGAATGGAGTATA	0	0	0	0	0	0	0	0	90
CGCGTCGGAGCCCTATTCAGACGAGCCTGG	0	0	0	0	0	0	0	0	70
CGCGTCTCCTTCCATCAGAATAATATTACA	0	0	0	0	0	0	0	0	1255
CGCGTTTCCATTTGATTATGCGACAATGAC	0	0	0	0	0	0	0	0	506
CGCGTTTTTTGACCTTGTCGGAGTCTCGTG	0	0	0	0	0	0	0	0	87
CGCTAAATGAATTGGACTAAGTCCTGTTAT	0	0	0	0	0	0	0	0	371
CGCTAAATGTTTGACGAGTATCTTGCCCGC	0	0	0	0	0	0	0	0	825
CGCTAACATTTCTACGAAGTTCTGTTTTAC	0	0	0	0	0	0	0	0	778
CGCTAATCAGCCGAGTATCATTAAGTTGCG	0	0	0	0	36.36956522	0	0	0	170
CGCTACGAATGCCCGTTTAGCTGACCCGGC	0	0	0	0	0	0	0	0	841
CGCTAGGGCCTTTGACTTCTTCTCTAGCTT	0	0	0	0	0	0	36.39593909	0	17
CGCTATCCATCTATTGGTGGTCCGGTTGAC	0	0	0	0	0	0	0	0	26
CGCTCAAGAGGCGACAAGATGAGGGTTTGG	0	0	48	0	597.5	0	0	0	584
CGCTCATTGCTAGCGTTATTTGCAGTCCTG	0	0	0	0	20.7826087	0	0	0	2262
CGCTCGCCCTCCAGACAGACGTAGTTTCAC	0	0	0	0	0	0	0	0	889
CGCTGAGGCGTTGCCGGACAACGTTTGTTA	0	0	0	0	0	0	0	0	627
CGCTGGAGCAGGGATTGGGGGTGCGCGGAG	0	0	0	0	0	0	0	0	2085
CGCTGGAGTCGGGACGAAGGGTGAATACCG	0	0	0	0	0	0	0	0	1370
CGCTGGGATCTTGTCCTTGGTCTTTCAAGG	0	0	0	0	0	0	0	0	1272
CGCTGGTGCGGTTGAGGGAAGGGACGGTTG	0	0	0	0	0	0	0	0	141
CGCTGTATTGCTCGTCGATCATGGAAGGTT	0	0	0	0	166.2608696	19.12	0	0	26382
CGCTGTTATCCCCCGGAAAGAGCCGTATAT	0	0	0	0	0	0	0	0	1116
CGCTTAATACATGATGCGCCCGCACAGCGG	0	0	0	0	0	0	0	0	119
CGCTTAGCGATGTGTCTGGGGCCCGTATAA	0	0	0	0	0	0	0	0	986
CGCTTCTGTGCCTAATGATCGTATAGGGGA	0	0	0	0	0	0	0	0	1388
CGCTTTGCCATAGACTCCCACTCGCTCTTT	0	0	0	0	0	0	0	0	848
CGCTTTGGATCTCTGGAGTGGTAGTTTCCT	0	0	0	0	0	0	0	0	3455
CGGAAACTTGTTTCACTGTTTTTTGCAATT	0	0	0	0	0	0	0	0	388
CGGAAAGCGTCGGGGGTCGCTGTATCTCTC	0	0	0	0	0	0	0	0	1677
CGGAAATTTAGTATTACGATCATACTCCGA	0	0	0	0	0	0	0	0	155
CGGAACCAAGATAATCGGCGAACCCAATAG	0	0	0	0	0	0	0	0	842
CGGAATCTCGCCAGTTTAAGGCGTCGTCTG	0	0	0	0	0	0	0	0	1332
CGGACACAATGCTCGGTCGTGCCGCCTGCC	0	0	0	0	0	0	0	0	11904
CGGACATGTTCATACACGCCCACTAGGATC	0	0	0	0	0	0	0	0	742
CGGACCCGAGGGCAACGTTTTTGGCACTGA	0	0	0	0	0	0	0	0	192
CGGACCTGGGGAGGTCGTGGGCGGTCTAGG	0	0	0	0	0	0	0	0	495
CGGACGGGGGCGAACAACGCTTCTGCCCTG	0	0	0	0	0	0	0	0	2100
CGGACTCCCCCCTTTCAACGATGCGATTAG	0	0	0	0	41.56521739	54.97	0	0	38
CGGAGACGGATACTCCCCTATATGCTGGAT	0	0	0	0	0	0	0	0	299
CGGAGGCACGGGGAGGTGAGGTTGGGCGCT	0	0	0	0	0	0	0	0	1527
CGGAGGCTCACTATCTTTAGAGTGTGGATA	0	0	0	0	0	0	0	0	1269
CGGAGGGGTCAGGCGGGCGGCACACCGCGT	0	0	0	0	18.18478261	0	0	0	16
CGGAGTGTAGAAGACTTTTCTACGCAGGCA	0	0	0	0	0	0	0	0	14
CGGAGTTTAATCCTAAGCTGTAATTGATTT	0	0	0	0	0	0	0	0	49
CGGATAACCGCTGTGTCAATTCTATCGCTC	0	0	0	0	0	0	0	0	1694
CGGATAACGGGCCCGACCGTGCTTAGTCGA	0	0	0	0	0	0	0	0	320
CGGATATCCTCGTGTCATTGGTAGAGCCTT	0	0	0	0	0	0	0	0	1717
CGGATATGGCCTTCCGCGCAATAGATTTAT	0	0	0	0	145.4782609	26.29	0	0	24666
CGGATATGTTTCGGGTGCTATTACTATTGC	0	0	0	0	0	0	0	0	1409
CGGATCCTCTACGTGGACGAACAGTAGCCA	0	0	0	0	0	0	0	0	84
CGGATGAGAGATACGCGAGACTCTCTATCG	0	0	0	0	0	0	0	0	3207
CGGATGCACAAAACCACTCCGTCCTGTGTT	0	0	0	0	0	0	0	0	52
CGGATGCGTATACTTCCTCAGCTTCGATAT	0	0	0	0	0	0	0	0	190
CGGATGGAAGCTGAGGTCAGTCGGGATCCC	0	0	0	0	0	0	0	0	968
CGGATTGAGATCCGTTTTCAAAACTGGAGT	0	0	15	0	0	16.73	0	0	6451
CGGCAAGGCCTATTGTCGTTGAAAGCTGGG	0	0	0	0	0	0	0	0	1378
CGGCACAAAAGTACGACCGATTCTTACATC	0	0	0	0	0	0	0	0	1334
CGGCATTGGGAGTGTGAGAGTTTTGTTGGC	0	0	0	0	0	0	0	0	2931
CGGCCATTTGGCAGCATGTGAGTCACAGGA	0	0	0	0	0	0	0	0	2152
CGGCCCGTCTAGCACTGCCGAATTAAGATG	0	0	0	0	0	0	0	0	1888
CGGCCGATGTCTCTTCTGTGACGAGGGGAG	0	0	0	0	0	0	0	0	75
CGGCCGCTAGCGAGCTCTGATAATCAGTCT	0	0	129	0	176.6521739	83.65	0	0	102
CGGCCGCTGTCATCGGATCGGGGACGGGTC	0	0	0	0	0	0	0	0	985
CGGCCTCAAAGCTGAGGGAGGTATAGGGAG	0	0	0	0	0	0	0	0	66
CGGCGACATTCGTATCGAATTTGGGTTAAA	0	0	0	0	0	0	0	0	991
CGGCGATCAGGGGTTCAAATACCGCCGTTA	0	0	0	0	0	0	0	0	63
CGGCGCAGATGGTGTGTTGCTCGTGGCGTT	0	0	0	0	0	0	0	0	1120
CGGCGCGGACCGGGCTCGAGGGGTTGAATT	0	0	0	0	0	0	0	0	1456
CGGCGCTTGGTGTCGGCGGTGTTAGGAGAA	0	0	0	0	0	0	0	0	505
CGGCGGAGGCATCCCTCTCTGATTGCGGTA	0	0	54	0	54.55434783	23.9	0	0	127
CGGCGGGTGGTGCGCATAGCAGTAAAGGGC	0	0	0	0	0	0	0	0	201
CGGCGTAAAACACTTATCCACGGGGATTGA	0	0	0	0	18.18478261	0	0	0	799
CGGCGTACACAATCTAGCTGGTACGTCGCC	0	0	0	0	0	0	0	0	1840
CGGCGTACCTGTGCCATATTAGCACTGGCG	0	0	0	0	0	0	0	0	299
CGGCGTCATTTTCTTATAGTTCGCCTCTTA	0	0	0	0	15.58695652	0	0	0	107
CGGCGTGATGTTTGGCGCTACCGATTGAGC	0	0	0	0	0	0	0	0	1620
CGGCGTTCAGATCAGCTAGCGTGGGCTGCG	0	0	0	0	0	0	0	0	69
CGGCTAAAATTACAGAAAGTTATATCCCGA	0	0	0	0	0	0	0	0	626
CGGCTACAACTACTTAAGTTCTTCGTTATT	0	0	0	0	0	0	0	0	1043
CGGCTACTGTTCCACGGCCGTCTTGACAAT	0	0	0	0	0	0	14.55837563	0	0
CGGCTAGGTTTGATCCAGGGTGAGAGGGCT	0	0	0	0	0	0	0	0	675
CGGCTCATGATCAGTTGAATTCTGGCCCCG	0	0	0	0	0	0	0	0	1184
CGGCTCATGGGGCGTAGCCGGGACTGGGCC	0	0	0	0	0	0	0	0	324
CGGCTCTAGCGGGACTGTGCAGTCACTGGA	0	0	0	0	0	0	0	0	64
CGGCTTCTGTAGAGCTACATTGATTTACAC	0	0	0	0	0	0	0	0	1200
CGGCTTGTAGTTGATCTGTATAGTACAGTA	0	0	0	0	0	0	0	0	134
CGGGAACCGTAATAGCCCACCGGTTATCCG	0	0	0	0	0	0	0	0	1229
CGGGAACGGCTGTGGGGCTTTACGATGTGT	0	0	0	0	0	0	0	0	44
CGGGACAAGCGTAAGTTGTCTTAGATGGGG	0	0	0	0	0	0	0	0	829
CGGGACGGGGGGATGGTGCACAGACGTGGG	0	0	0	0	0	0	0	0	1546
CGGGACGGTACGCAGCAACAAACTTCAAGC	0	0	18	0	0	0	0	0	0
CGGGAGACACCAGTAGGGAGCGGGACAGGT	0	0	0	0	0	0	0	0	960
CGGGAGAGGTACAGATGATTTGACAGAAGC	0	0	0	0	0	0	0	0	1740
CGGGAGTGGGGCGATTAGGGTCCGCTCACC	0	0	0	0	0	0	0	0	969
CGGGAGTTCGCCGGATCCCCTTACTCTATT	0	0	0	0	0	0	0	0	93
CGGGATCACTCAGACCCTCGGGCTGATGGG	18.86842105	14.87551867	0	0	0	0	0	0	2902
CGGGATTCGACGGTAATATACGTTGGGATT	0	0	0	0	0	0	0	0	801
CGGGATTCTCGTTATCTCATCAGCGTATTC	0	0	0	0	0	0	0	0	711
CGGGCAAATTGGATAGCATCGGAGCTCGCC	0	0	0	0	0	0	0	0	110
CGGGCAAGGCGGGCGAATTGGAGGCTGGGG	0	0	0	0	0	0	0	0	2130
CGGGCAGGTGTTATAGAATCGAAATTTTAC	0	0	0	0	0	0	0	0	753
CGGGCAGGTTCCAGACTAGTCAAATTGTCG	0	0	0	0	0	0	0	0	3791
CGGGCCCTGGGACTCTCAGGGGGGGCGCGC	0	0	0	0	0	0	0	0	869
CGGGCCGCACAGTGTGAATGACAAAGGGGA	0	0	0	0	0	0	0	0	586
CGGGCCTCCGTTACTATGCACTTGGGTCAG	0	0	0	0	0	0	0	0	1791
CGGGCGACAAGTACGCACAGTCTAGACGAT	0	0	0	0	0	0	0	0	1207
CGGGCGAGCTCCTGTTTACACTAGGGCCTC	0	0	0	0	15.58695652	16.73	18.19796954	0	31
CGGGCGCCATTACACCTTGCTATCATTATC	0	0	0	0	0	0	0	0	23
CGGGCGCTTACGGCGGCCGGGGGGTCGGGA	0	0	0	0	0	102.77	0	0	0
CGGGCGTGTTGCCCGTTTAATGGGTACGGG	0	0	0	0	18.18478261	0	0	0	47
CGGGCTATCCCGAGCCGAGCTGGACGAACC	0	0	0	0	0	0	0	0	36
CGGGCTTACAAGAAATTGGACGTTAATACC	0	0	0	0	0	0	0	0	1975
CGGGGACCGGGTGAAGTTCCTTCATGAAGC	0	0	0	0	0	0	0	0	494
CGGGGACGTTCTAACTCATATACCCATGAT	0	14.87551867	21	0	155.8695652	31.07	0	0	50151
CGGGGATATGGGGGTCTTTTCTACTTCTTT	0	0	0	0	0	0	0	0	39
CGGGGATCTAATTGACAGCAAATTCGTCCT	0	0	0	0	0	0	0	0	1857
CGGGGCAAAGTACAGCTATACGTTACAGAA	0	0	0	0	15.58695652	0	0	0	1349
CGGGGCATTATGATCTTGTTCACTGTCGAC	0	0	0	0	46.76086957	0	0	0	1946
CGGGGGAAGACACTGATTTGCGTTAGTTGG	0	0	0	0	0	0	0	0	196
CGGGGGCTCCTCAACGGACGGGGAGGTGAG	0	0	0	0	0	0	0	0	419
CGGGGGTAGCAGTTACGGGACGGGCTAGGC	0	0	0	0	0	0	0	0	1327
CGGGGTGGGTCCTCGGTACATTACCGATAT	0	0	0	0	0	0	0	0	47
CGGGTCAATGAGCGCTAACCTTTCGTTGTG	0	0	0	0	38.9673913	0	0	0	5494
CGGGTCGCCCAAGCGGGAATAAGTCTGCGC	0	0	0	0	0	0	0	0	317
CGGGTCTGGATGCTCCTGTGATAATAGTAG	0	0	0	0	0	0	0	0	938
CGGGTGACTGCGGCTTTTAGGTAAGGTCGG	0	0	0	0	0	0	0	0	55
CGGGTGGGTTCGAGTTTGGCGTTGAGTAGT	0	0	0	0	0	0	0	0	1425
CGGGTGTGTCTATCGTGCCGCGGAATGGAG	0	0	0	0	0	0	0	0	17
CGGGTGTTCGAGTGGTGCGAGTGGGTCGAA	0	0	0	0	0	0	0	0	945
CGGGTTAGCTGGTTTAGTTGCCTTGACTTT	0	0	0	0	0	0	0	0	1061
CGGGTTGCTGGCCGTAAGAAGTGTGGGGCT	0	0	0	0	0	0	0	0	588
CGGTAATTTTTACGACGAATGGGGGCATCG	0	0	0	0	0	0	0	0	458
CGGTAGCCGTGAAGATAGTGGGCCGGGTGG	0	0	0	0	0	0	0	0	1226
CGGTATACGCAAAAGCGCGCGATGTTTTTC	0	0	0	0	0	0	0	0	628
CGGTATGCAATTCGCCCGGTCTTCATATGA	0	0	0	0	0	0	0	0	3060
CGGTCCAGATCCGTCGTTCAATTCGGCTGT	0	0	0	0	0	0	0	0	1061
CGGTCCATTAGAGCCTCTCGTAGACGGGGG	0	0	0	0	0	0	0	0	629
CGGTCCTACCGAATATGCGAGTGAGCCTCT	0	0	0	0	0	0	0	0	1364
CGGTCCTAGCCGGTCCGGCAATGAGGTCTA	0	0	0	0	0	0	0	0	1785
CGGTCCTGCCTTTTCTTTACACAATGCATA	0	0	0	0	0	0	0	0	17
CGGTCGGAGGATTGGCAGGGGTATTGATGG	0	0	0	38.9673913	0	0	0	0	0
CGGTCGGCGTTGGTGATCGCCGGGATGCGC	0	0	0	0	0	43.02	0	0	0
CGGTCTGTACGAGGTTTCACTGTAGTTTAC	0	0	0	0	0	0	0	0	1276
CGGTGCACACCTCTAGAATTCTCCCGTAGA	0	0	0	0	0	0	0	0	431
CGGTGCGAGATACTGTTGCTGATAGCGCGG	0	0	0	0	0	0	0	0	105
CGGTGTCTCGTGTGATCGAAGGCTTTAGGA	0	0	0	0	0	0	0	0	650
CGGTTAATAGTATGTTATTGGACACTCCAC	0	0	15	0	0	0	0	0	0
CGGTTACTTGACACTTATTGTTATTAGCGA	0	0	0	0	0	0	0	0	2893
CGGTTATAAAAAAATACAGATGGCCTCATT	0	0	0	0	15.58695652	0	18.19796954	0	112
CGGTTATCTTGCAAGCAGGTTACCGACTGG	0	0	0	0	0	0	14.55837563	0	21
CGGTTCCGAGATCCCCCCCGTGTAGTAGCC	0	0	0	0	33.77173913	0	0	0	311
CGGTTCGGGTCTCAACCGACCACGAACAAG	0	0	0	0	0	0	0	0	3099
CGGTTGCGACCTTGGGCCTGGGGGGCGAGG	0	0	0	0	15.58695652	0	0	0	1037
CGGTTGGCTCACAATGCATAAATGGCTTTG	0	0	0	0	0	0	0	0	1890
CGGTTGTGCGCAGGCAGACAGGCCCCCGTT	0	0	0	0	0	0	0	0	566
CGGTTGTGTCTATTTCTATGATATTTCCAG	0	0	0	0	59.75	0	0	0	74
CGGTTTCCAACTTCGATTGATTAATGTCTG	0	0	0	0	0	0	0	0	69
CGGTTTCGAACTACCCACTACAGGTCATTA	0	0	0	0	0	0	0	0	41
CGGTTTGATCAGCTTCATAGCCCCCATAAA	0	0	0	0	18.18478261	0	0	0	302
CGGTTTTGCACTGCGCGCCAATCAGGGGTT	0	0	0	0	0	0	0	0	1903
CGTAACTTCAGTTTAGTAGATTTTATCACT	0	0	0	0	0	0	0	0	22
CGTAAGCCCCGCTTTCATAAATCTTAGTGA	0	0	0	0	0	0	0	0	575
CGTAAGGTGTAGTAGGTTCAGTTTTCGTGA	0	0	0	0	0	0	0	0	944
CGTAAGGTGTCTTGACAGCGAATTAGCGAC	0	0	0	0	0	0	0	0	21
CGTAAGTGATGAGCGGAGATTCGGGCCGTC	0	0	0	0	0	0	0	0	1060
CGTACAATACCTGGTGTCCGTCTATGGGTA	0	0	0	0	0	0	0	0	210
CGTACATTCTATACCCTATTGATGTGGGTT	0	0	0	0	0	0	0	0	916
CGTACCGCGCGGTCGGTTAGGATAATAGGT	0	0	0	0	145.4782609	21.51	0	0	0
CGTACGCACGGCTAATATTCCTAATTCCGC	0	0	0	0	0	0	0	0	1308
CGTACGTGCAGTCACCCGCCTAGAGACAAA	0	0	0	0	0	0	0	0	1856
CGTACTAAGCTAACAACAATCAGTGCTGAC	0	0	0	0	0	0	0	0	313
CGTACTCACTTAGTCAAGAAATATGCCTAA	0	0	0	0	0	0	0	0	2865
CGTACTCCAACGATGTATTTTGCTTTCTCC	0	0	0	0	0	0	0	0	999
CGTACTCGTCTAAGTATCTTGGTTATCACC	0	0	27	0	46.76086957	0	14.55837563	0	536
CGTACTTAGGGTGCGGTGGACCATGGGGGC	0	0	0	0	0	0	0	0	515
CGTACTTCAATGTGGGACGCCCTTACGGCA	0	0	0	0	0	0	0	0	1397
CGTAGCGTACGGGGCTACCCAGGAGCAGGG	0	0	0	0	0	0	0	0	1683
CGTAGGATCGATCGTGTGAGTGAGCCCGCG	0	0	0	0	0	0	0	0	1068
CGTAGGCCATCACGCCGAGGTGTTTTAAGG	0	0	0	0	0	0	0	0	535
CGTAGGCGTCTATAATGGCTTAGGGATCGT	0	0	0	0	0	0	0	0	2317
CGTAGTACGCATATCTCGGTGGCGTGCGCC	0	0	0	0	0	0	0	0	919
CGTAGTATTGTAAGCGGCGGTTTATGTACG	0	0	0	0	0	0	0	0	85
CGTAGTCTTCAATCCTAAATCCAAGTGTTC	0	0	0	0	0	0	0	0	30
CGTAGTGGGCGGGATTGGGCCCGGGGGTGT	0	0	0	0	0	0	18.19796954	0	0
CGTAGTTCTTCCTCTTTTTGTACTTGGACA	0	0	0	0	0	0	0	0	329
CGTATAAGGCGGTGATGGGAGTCTAGCTTC	0	0	0	0	15.58695652	23.9	0	0	1455
CGTATAGAGGGGCGTATCTTGTAGCGAGAT	0	0	0	0	0	0	0	0	1490
CGTATATAAGATTTACCAGCTCGGTCGCGC	0	0	0	0	0	0	0	0	860
CGTATATCGTTCGCGCATTAAGCTCTGTTT	0	0	0	0	0	0	0	0	2532
CGTATCAGGATTGCGTGTTTTGGGCGCTGA	0	0	0	0	0	0	0	0	268
CGTATCGGAACGTTGAGCGTCCAATTGTTT	0	0	0	0	46.76086957	0	0	0	894
CGTATCTCTAATGAAACGTCTAGATCACCA	0	0	0	0	0	0	0	0	660
CGTATGACAAGTCCGACCAGTATTAGTATT	0	0	0	0	0	0	0	0	1240
CGTATGACGATATTGGGGTTGCCGCTGTTA	0	20.82572614	36	0	28.57608696	0	0	0	71
CGTATGGCATCGTCTTTATTGTAATAGGTC	0	0	0	0	0	0	0	0	1632
CGTATGTAAGCGTATCCCGTGCATCTTGCC	0	0	0	0	0	0	0	0	11034
CGTATTATGATCAGTCCAGGCTTCGTGCCT	0	0	0	0	18.18478261	0	0	0	4112
CGTATTGGGCAAGAGTGCATGGGCTAACAG	0	0	0	0	0	0	0	0	2027
CGTATTGTATCAGAGATATTTGGACTCTGG	0	0	0	0	0	0	0	0	934
CGTCAACTTCACAGCCTCTTGATACTATGC	0	0	0	0	0	0	0	0	1396
CGTCAATTTATATAGTAATCTGGATGGTTT	0	0	0	0	0	0	0	0	66
CGTCACAACCTTTTGGTTTTCGGCACTCCA	0	0	0	0	0	0	0	0	676
CGTCAGTTCGAGCTAACTTAGTCACTGGTA	0	0	0	0	0	0	0	0	360
CGTCATCAGCCAGGCGTCCCAGCGAGTTCT	0	0	0	0	0	0	0	0	1953
CGTCATGTACCAGTTGTTAAGCTCCACTGC	0	0	0	0	0	0	0	0	1290
CGTCCATCACGGCGCCCAGCGTCATAAAGT	0	0	0	0	0	0	0	0	89
CGTCCCGGCTAGATCGTGCCGGCAGGAGCT	0	0	0	0	0	0	0	0	92
CGTCCGGAGCTTCGGTACCCGTGAAGGGAG	0	0	0	0	0	0	0	0	3323
CGTCCGGGGTTTGATGGTACGGTGGGGGTG	0	0	0	0	15.58695652	0	0	0	10270
CGTCCGGTATGTACCGTATCGATTCGGGGT	0	0	0	0	0	0	0	0	154
CGTCCGTCATATCCGCAGGAAGCATCGATA	0	14.87551867	0	0	36.36956522	0	21.83756345	0	3454
CGTCCTACATCGTTCTTTATGACCCTTGTA	0	0	0	0	20.7826087	0	0	0	757
CGTCGAGTGATAGTGTCTGGGCATTATTAG	0	0	0	0	77.93478261	0	0	0	1180
CGTCGATAAAATCATGTCTCATTGGGAAGG	0	0	0	0	0	38.24	0	0	14777
CGTCGCCGTTCATTAAAGGGGTGCTGGTCG	0	0	0	0	15.58695652	0	0	0	57
CGTCGGACGCAAATACGTTAGTACGCCTAG	0	0	0	0	0	0	0	0	1340
CGTCGGGGGTCTATACTGTGCTGAGGTTTA	0	0	0	0	0	0	0	0	1479
CGTCGTAGTTTGTCCCAGAGTTGTCAATCG	0	0	0	0	0	0	0	0	5320
CGTCGTTCCTTGTTGGGCCGGAATTTCTGG	0	0	0	0	0	0	0	0	407
CGTCTAATGGGAGCGGATTGTATCCCCAAT	0	0	0	0	0	0	0	0	290
CGTCTAGAAAAGTTCACCTAATCCTGGGTG	0	0	0	0	0	0	0	0	4287
CGTCTGGATTGGCCTCGTCACATTGTCACA	0	0	0	0	0	0	0	0	243
CGTCTGTATGTCTGAAAGGCAATGTATGCT	0	0	0	0	0	0	0	0	15
CGTCTTAAATCTTGTTAATCATTCTTGTTA	0	0	0	0	0	0	0	0	1340
CGTCTTCCTTGCATTCGGAAATTATTAAGG	0	0	0	0	0	0	0	0	5352
CGTCTTTTGGTCAACTCAGCCATACGTGGC	0	0	0	0	0	0	0	0	1368
CGTGAAAAGGTTCTGCGCCGACGCAGGTAA	0	0	0	0	0	0	0	0	2039
CGTGACGCCAATGCACGATGGCATAAGCGC	0	0	21	0	18.18478261	0	0	0	18
CGTGACGGTACTGCGGTCAGACAGGGCTGT	0	0	0	0	0	0	0	0	847
CGTGAGAGCGCTGTTGTATTTGTGTTGGGG	0	0	0	0	0	0	0	0	21
CGTGATACGAGTACTTTCTGGACCGTTTAT	0	0	0	0	0	0	0	0	30
CGTGATTTAATCTTGGGTAATACGCATGGG	0	0	0	0	0	0	0	0	534
CGTGCCAGTTGGCAACGATGATGCGTCTGC	0	0	0	0	0	0	0	0	1823
CGTGCCTAGCCGCTTACTGTCTGTAATGTT	0	0	0	0	0	0	0	0	30
CGTGCGCTATCGACTACGGCAGTGCACCAG	0	0	0	0	0	0	0	0	1727
CGTGCGCTGTTTTCTGATCTCCTTCTTACT	0	0	0	0	0	0	0	0	2037
CGTGGACATATTTACGTAGGGCTTATCAAA	0	20.82572614	0	0	423.4456522	114.72	0	0	132218
CGTGGAGTGTTCTGTTGTGTACATGCGTGC	0	0	0	0	0	0	0	0	38
CGTGGCACACTCGGAACCCGAGGCGGGGCG	0	0	0	0	0	0	0	0	818
CGTGGCATCGACGGAACCCTTAGGAACATA	0	0	0	0	0	0	0	0	578
CGTGGCCTTAGGAGAACTGTGAGGAACTGT	0	0	0	0	0	0	0	0	612
CGTGGCTGCCTAAGTGGATTCTGTTAGACG	0	0	0	0	33.77173913	0	0	0	22
CGTGGGAGGCATTTGGGCGCCAGAAACTGC	0	0	0	0	0	0	0	0	105
CGTGGGCTCGCTGGCGTTACCCGATGGACG	0	0	0	0	0	0	0	0	1733
CGTGGGTATGTCAGGCGAGGTCGCTTGTCC	0	0	0	0	18.18478261	0	0	0	1046
CGTGGGTTCATGGGAAGAGGTAGTGTGAGA	0	0	0	0	0	0	0	0	203
CGTGTACCGATTTATTTAGTTAGTCATGTT	0	0	0	0	0	0	0	0	1193
CGTGTAGTGTTCACTCGCCGTCAGTGTATT	0	0	0	0	0	0	0	0	90
CGTGTGCCGCTGAGCGTAGAAAGGATGCCT	0	0	0	0	0	0	0	0	120
CGTGTGGAGGGCTTCCGGCACGCTTACTTC	0	0	0	0	0	0	0	0	412
CGTGTGGTGGTCTGTTATCAGGATAATAGA	0	0	0	0	0	0	0	0	1150
CGTGTTATTCATTGAAGTTCCTTGTTATGG	0	0	0	0	0	0	0	0	290
CGTGTTGCATGTTCGCGATATGGACATGTT	0	0	0	0	0	0	0	0	948
CGTTAAAAAACGCTTACCTCAGGTCGGGTT	0	0	0	0	0	0	0	0	43
CGTTAAACAACTGTTGCGCTGGAATCATGA	0	0	0	0	0	0	0	0	266
CGTTAAAGTTCTGCTCCTACATCGGTCTTT	0	0	0	0	0	0	0	0	1868
CGTTAATGGTTCTACACACTTTACTCAAAT	0	0	0	0	433.8369565	0	0	0	3559
CGTTACTTATTCACTTCGGTCTCTGGTATA	0	0	0	0	38.9673913	0	25.47715736	0	17400
CGTTAGAATGACGATGAATCACTCTTTCAA	0	0	0	0	0	0	0	0	2334
CGTTAGCGTTTTTGGACGAAGTGTACAGGT	0	0	0	0	0	0	0	0	1197
CGTTAGTCTTTGGTTCCTCGGTCCAGGTAT	0	0	0	0	0	0	0	0	2317
CGTTAGTTAGCGTGGGGTGTGGGAGGTAGG	0	0	0	0	0	0	0	0	1017
CGTTATCTACCGCTATGCGTGAAGGCGCAC	0	0	0	0	0	0	0	0	1890
CGTTATGCAGTGAGAGTGGTAAGGGCTATA	0	0	0	0	0	0	0	0	624
CGTTATGCATGCTGTTCTTTTCTCACGCTT	0	0	0	0	0	0	0	0	109
CGTTCACTAGTGTGTTGCGGCTGAGAGGGC	0	0	0	0	0	0	0	0	1290
CGTTCATAAACATCTGCAACAAGGCAAAAA	0	0	0	0	0	0	0	0	1804
CGTTCATCCAATTGGCATCGAGTCATAAGC	0	0	0	0	0	0	0	0	48
CGTTCCGGGCTCAAAGGTCTATTGTGATAA	0	0	84	0	0	0	0	0	63
CGTTCGAAACCGTATGCGTGCACCCTGGGA	0	0	0	0	0	0	0	0	929
CGTTCGAGTTCATTCAACTATTTTGACGTG	0	0	0	0	0	0	0	0	317
CGTTCGTTTGACCAATGAATACGTCGGACG	0	0	0	0	0	0	0	0	1814
CGTTCTGTGATGTGGTGTGGGGGTAGTAAC	0	0	0	0	0	0	0	0	45
CGTTGAAAGATGGACCTAAGGCCCGAGTCG	0	0	0	0	0	0	0	0	76
CGTTGAGATATAGTGTTTCCCAGCATTGAG	0	0	0	0	0	0	0	0	86
CGTTGAGGACACACTGCCTGTCTTACACCA	0	0	0	0	0	0	0	0	2004
CGTTGATCATGCTGCAGTAAGAGTTACAAA	0	0	0	0	18.18478261	0	0	0	31911
CGTTGATGCCCCGCGCGGTTCCGAGTGGCA	0	0	0	0	0	0	0	0	767
CGTTGATGGACAAACTTGATATTTCAAGGT	0	0	0	0	0	0	18.19796954	0	0
CGTTGCAGTTGAGGCTTTGTCACAGTCGTA	0	0	0	0	20.7826087	0	0	0	0
CGTTGCCAGTCCTGATCCGTAATACGGGGG	0	0	0	0	0	0	0	0	182
CGTTGGCGGTTAGAAACGCCGAAGGCGCCA	0	0	0	0	18.18478261	0	0	0	260
CGTTGGGTGTAGTGCTGTGGGGTGGCGGAA	0	0	0	0	0	0	0	0	1154
CGTTGTACTGGATATATTAACACGGCGGGC	0	0	0	0	0	0	0	0	2324
CGTTGTATGGGATGGCGTTGACCTTCGGGC	0	0	0	0	0	0	0	0	2436
CGTTGTGGCTCGTATACGGGTCGCTCAATC	0	0	0	0	0	0	0	0	1407
CGTTGTTTAGGGCTGCAGTTATCTCCTAGG	0	0	0	0	0	0	0	0	404
CGTTGTTTTCCCGTTGGGCGGGAGCCGGGG	0	0	0	0	0	0	0	0	5681
CGTTTAGAGCATAACAGGGTGGGTTAATGT	0	0	0	0	0	0	0	0	76
CGTTTAGGACAGGATCAGACCGATACGTAG	0	0	0	0	0	0	0	0	529
CGTTTCAAAATGTCACTAGGCAGCATTCAA	0	0	0	0	0	0	0	0	1038
CGTTTCACATCATTCATGGTGGTCCCTGCC	0	0	0	0	0	0	0	0	331
CGTTTCTCTGTACTGTAGGTGCATAGCTGC	0	0	0	0	0	0	0	0	1519
CGTTTCTGCCCATACTACTTGTTCCGTTTT	0	0	0	0	0	0	0	0	194
CGTTTGACACAGGTGTTCTGGTTTTGACCC	0	0	0	0	0	0	0	0	1314
CGTTTGATTGGCATCCATGTATTGACCAGG	0	0	0	0	0	0	0	0	234
CGTTTGTATGCAATGTCGTGCCACTATAAG	0	0	0	0	0	14.34	0	0	809
CGTTTTGTAGATTAGGCTGCACTCGGCTCC	0	0	0	0	0	0	0	0	45
CGTTTTTGCTATCCATTGCACTCACCGTGG	0	0	0	0	0	0	0	0	1235
CTAAAAGCGCTACATTGGCTCTGGTGATGC	0	0	0	0	0	0	0	0	1128
CTAAACTGAGGTTATTTGGTGATCTAGAGC	0	0	0	0	0	0	0	0	223
CTAAACTTTACCCCCCAGCGAGGGACTGTA	0	0	0	0	0	0	0	0	2044
CTAAATGTGGAGGGTGTAGTCACTCTTTCA	0	0	0	0	0	0	0	0	1762
CTAACACTGCCAGGCGATTAAGACGGTTAT	0	0	0	0	15.58695652	0	0	0	1170
CTAACATCGTCTTCGCGGGCCTACAGGTAG	0	0	0	0	0	0	0	0	1445
CTAACGGGCAAGAAACAGGTTTCGGGAACT	0	0	0	0	0	0	0	0	536
CTAACTCGAATTTTTACTCATTCCTCCACT	0	0	0	0	0	0	0	0	882
CTAACTTACTAGTATCATATTGGCTTTCCT	0	0	0	0	0	0	0	0	642
CTAAGAACGATGTTCACACCAGACCCGAAC	0	0	0	0	0	0	0	0	215
CTAAGACGCCAGGAGCTTGGGGTTGGCGCT	0	0	0	0	0	14.34	0	0	2559
CTAAGCATTTCTGATGTATATGTTGTCGCT	0	0	0	0	0	0	0	0	1003
CTAAGCCGTGGATGGTGCGTGTGAAGTCGC	0	0	0	0	15.58695652	0	0	0	0
CTAAGGACCGCTTGTGCCGTCAGGGCTGTG	0	0	0	0	0	0	0	0	1476
CTAAGGCGGTAGTAGGGGGCATTAGCCATC	0	0	0	0	0	0	0	0	679
CTAAGGTTCCATCGATCAATCACTGGCCTA	0	0	0	0	0	0	0	0	2266
CTAAGTAGGTTTACGACTGACTCGGTCAGC	0	0	0	0	0	0	18.19796954	0	18
CTAATAGGGTTTCGACGTGCTAAGCATTAA	0	0	0	0	0	0	0	0	215
CTAATATGAATAAAGTCTATAAGGTCTAAG	0	0	0	0	0	0	0	0	83
CTAATGCGTAATGGGTCCCCGTGTTATTTC	0	0	0	0	0	0	0	0	957
CTAATGTACACGCGAAGCATATGAATTTAG	0	0	0	0	0	0	0	0	339
CTAATTGCGTATAGTCAGTCGTTAGGTAGG	0	0	0	0	0	0	0	0	146
CTAATTTATTCACGTCAGCTGAACCGAATA	0	0	51	0	31.17391304	0	0	0	52
CTACAACATCATAAAGTGTATTCAGTTGTA	0	0	0	0	0	0	0	0	510
CTACAAGTGTCTCCTTTCTTCCTACTCGTG	0	0	0	0	0	0	0	0	791
CTACACTTGGGGCATACGAGCTCCACGACG	0	0	0	0	44.16304348	0	0	0	300
CTACAGGGTTGCGCGTTATACGGCTGCGTA	0	0	0	0	0	0	0	0	1680
CTACAGGTGCTGACTGCATGGAGCCGGGCA	0	0	0	0	0	0	0	0	5011
CTACAGTTCACGACCGCTTCTCTAGTGACT	0	0	0	0	0	0	0	0	3116
CTACAGTTGTGCTAGTGTTGCCACACCATC	0	0	0	0	0	0	0	0	341
CTACCACATACCCATCAACCCGTAAGCTTG	0	0	0	0	0	0	0	0	1283
CTACCCCTGTCTTAGTTAGCGTACGTTTTA	0	0	0	0	0	0	0	0	952
CTACCCTGCTAGGGAGGTTAGAGGTAAGAG	0	0	0	0	0	0	0	0	2039
CTACCGGCTGTCTTTCAGGTAGTTATATAC	0	0	0	0	0	0	0	0	891
CTACCTAGAAGGGATTCTTGGCTCAGAATT	0	0	0	0	0	0	0	0	39
CTACGAGCAGAGTACTAAGGAGATACGGGT	0	0	0	0	0	0	0	0	2165
CTACGATCGAAGATAGGTGGGTTCCAAGTA	0	0	0	0	0	0	14.55837563	0	270
CTACGCCAGTCTGCTGGGGCCACCACCCGC	0	0	0	0	0	0	0	0	2844
CTACGGTACTGGGTTTCGTATTAGTGCGCT	0	0	0	0	0	0	0	0	208
CTACGTATAACCATCATTTCGACTCCACCC	0	0	0	0	0	0	0	0	840
CTACGTATTGGTCACTTCTACCGTCCATAA	0	0	0	0	0	0	0	0	3895
CTACTGACGCTCTATCTTTCGTGTTCTGAT	0	0	0	0	0	0	0	0	294
CTACTGGACGTGTGTGTTCGGATTCGGACG	0	0	0	0	0	0	0	0	70
CTACTGTGGTCATTATCTCTCTTCTTGGTT	0	0	0	0	0	0	0	0	1270
CTACTGTTATTAGGGGGTCCGTCGTATGTA	0	0	0	0	0	0	0	0	1016
CTACTTGCGGTTTCAATCAGCGGCGTCTGT	0	0	0	0	0	0	0	0	1025
CTACTTGGCGCATAGTAGGAGCTCTATGCA	0	0	0	0	0	0	0	0	389
CTACTTTCTTGCGAATATATTGGACACTGC	0	0	0	0	0	0	0	0	425
CTAGAAGCGATATCCGTTCCAATAGCCCTT	0	0	0	0	0	0	0	0	1318
CTAGACGGTTGCCAACTCTTCCTGGTTGGG	0	0	0	0	0	0	0	0	20
CTAGAGGGTCTGAACACGCTGTTGCCTGGT	0	0	0	0	0	0	0	0	3618
CTAGCCACAAGCTCGTCGTACTATAAAATT	0	0	0	0	0	0	0	0	1483
CTAGCCGGAGTGTCGGGGTGAGAAGGTTCC	0	0	0	0	25.97826087	0	0	0	22
CTAGCCTAATGGGGGCCGGACAGTGGGCAC	0	0	0	0	0	0	0	0	941
CTAGCGTTTAGCCGACTGGAGCCACCCAGG	0	0	0	0	0	0	0	0	840
CTAGCGTTTCCTAAGATTAACGGAAGTCTC	0	0	0	0	0	0	0	0	1791
CTAGGAAGTACATTTTCTCAACTGTCTATG	0	0	0	0	0	0	0	0	61
CTAGGCAGAATGGTAGTTTTCCGCCGACTG	0	0	0	0	898.8478261	0	0	0	0
CTAGGCAGTATTGGTTTAGGTTTAAAGATG	0	0	0	0	0	0	0	0	152
CTAGGGGAAACTGATAGTCGAGTACGGGTG	0	0	0	0	0	0	0	0	3798
CTAGGTACAGCATAATTGGCGACGATGTCT	0	0	0	0	0	0	0	0	47
CTAGGTATCGTCCATGCCTATAGTACCATA	0	0	0	0	0	0	0	0	1436
CTAGGTCACGAGTGATCTAGATTTAAGGTT	0	0	0	0	0	0	0	0	694
CTAGGTCCATTTGAGTGGCCGGTGACCTTT	0	0	0	0	0	0	0	0	22
CTAGGTGATGACCTGATTCACGGATCATTA	0	0	0	0	0	0	0	0	2184
CTAGGTGGGTCTGTTCTGCTTGTGCCAACG	0	0	0	0	0	0	0	0	20
CTAGGTGTGGGGCCATTCAGTGGGGATGGG	0	0	0	0	0	0	0	0	1010
CTAGGTTTTACCGTCGAGTGTATCGGCGTG	0	0	0	0	0	0	0	0	1028
CTAGTACGTTACAACGGTAGTACGGTATTC	0	0	0	0	0	0	0	0	525
CTAGTCTGCCGACCGCATGTCCTATTGCGA	0	0	0	0	0	0	0	0	1169
CTAGTGGACAGCTACCGGCAAGTACTGTTA	0	0	0	0	0	0	0	0	238
CTAGTGGACATTGGTGAACTTAGCTATACA	0	0	0	0	15.58695652	0	0	0	12124
CTAGTGGCACCCTTGGAGTCGAGGGACGCG	0	0	0	0	0	0	0	0	1173
CTAGTGTCGATCCTAGTGACTCAGTTGCCC	0	0	0	0	0	0	0	0	3088
CTAGTTAAAGTCCGAGACGGTGTCATGGAT	0	0	0	0	0	0	0	0	160
CTAGTTACTCAAAGGCATTCTGGGTTGGTA	0	0	0	0	0	0	0	0	45
CTAGTTATGGGTGCGGGCAGCCCGGGATGG	0	0	0	0	0	0	0	0	1599
CTAGTTGCTATAAATCGTGTATGTGCGTAG	0	0	0	0	0	0	0	0	1247
CTATAAGGATTGCACGTCCCTAGAGGTCAG	0	0	0	0	0	0	25.47715736	0	0
CTATAAGGCACTACCTGCTGATGCCCTACG	0	0	0	0	15.58695652	0	0	0	114
CTATAGAGGGTAATAGTCGCCCCGGTCGTC	0	0	0	0	0	0	0	0	104
CTATATTCTGGGTTAACCGAACATTCTGGC	0	0	0	0	0	0	0	0	1744
CTATATTTAAAAGAATACGACGGAACTATC	0	0	0	0	0	0	0	0	3001
CTATCAAGATAGGACGAAGGAAATCGTCGA	0	0	0	0	0	0	18.19796954	0	0
CTATCACACGATTGTGATTCCGTAATGGGA	0	0	0	0	0	0	0	0	744
CTATCATTGGCATTTTTCACGCACGATTAA	0	0	0	0	0	0	0	0	1899
CTATCGAAGCCGGTTACCTTATCGTGAAAA	0	0	0	0	0	0	0	0	605
CTATCTATTAACGGCTACGCTTGTTTGCAT	0	0	0	0	0	0	0	0	952
CTATCTTTCTAATCTCTTCCATCTCTTGGT	0	0	0	0	0	0	0	0	865
CTATGAACGGCCCGCTTGTCCCATTGGGGG	0	0	0	0	0	0	0	0	120
CTATGAATGGTGAGAATACTTTCCTTAGAA	0	0	0	0	0	0	0	0	1418
CTATGAGTGATCGCGGACGTACAATGTTGG	0	0	0	0	0	0	0	0	1221
CTATGCGCCAGCATGCTGTCCCCGAAGTAT	0	0	0	0	0	0	0	0	159
CTATGGCAAGGTAGTGTACATTGACTGAAT	0	0	0	0	0	0	0	0	2151
CTATGGGCGGGACTCGATGCGGGTGGCCTC	0	0	0	0	0	0	0	0	344
CTATGGTTTCCTCAACTCGCGGGTTAGCCG	0	0	0	0	0	0	0	0	158
CTATGTGTATGGTGGTCCCTGAACGGTCTG	0	0	0	0	0	0	0	0	2142
CTATGTTCATCGGACTATTCGCTGGGGAGG	0	0	0	0	0	0	0	0	95
CTATGTTGTGGCCGTCGAAAGGGCCAGAAG	0	0	0	0	0	0	0	0	54
CTATGTTTATCCGGCGGTCCCACCTTCTTC	0	0	0	0	0	0	0	0	6072
CTATGTTTTTCAGGCGTGGGCCTGCTTAAA	0	0	0	0	0	0	0	0	24
CTATTAAGGCTCATGAGCAGTAGAATTGCC	0	0	0	0	667.6413043	0	0	0	259
CTATTAAGTTATGCCCGTGGGTGTCTCTGG	0	0	0	0	0	0	0	0	17
CTATTAATTAGTCATGAGCAGACTTGACCC	0	0	0	0	0	0	0	0	509
CTATTAGTGCCGAATCTTGACCACCCGGGA	0	0	0	0	0	0	0	0	102
CTATTATAAGGGGACCTTTGTCTTTCCTGG	0	0	0	0	28.57608696	0	0	0	728
CTATTATCTAAGTATTCGGCTTTCCGACAG	0	0	0	0	0	0	0	0	543
CTATTCATACCTACGGCATTGCGACAGGTC	0	0	36	0	0	0	0	0	0
CTATTGGGATCTAGAGCAAACGTTTGGTCC	0	0	0	0	0	0	0	0	354
CTATTTGGTAGTTCCAGCTTGACGATGAAT	0	0	0	0	0	0	0	0	24
CTATTTGTTCATTTCCACAGCAATGTACAC	0	0	0	0	0	0	0	0	1259
CTATTTTTCTCCCACGCAGATTATCGAATG	0	0	0	0	0	0	0	0	21
CTCAAATGTCATCCGTAAGGAATTCGTTTG	0	0	0	0	0	0	0	0	1833
CTCAACCTTTTCTGAGTTTAACTGGCACGT	0	0	0	0	0	0	0	0	1322
CTCAAGGTACATAGGTCAGTTTGACCTGTA	0	0	0	0	0	0	0	0	322
CTCAATATAAACTCGATATTGTCATATTGT	0	0	0	0	0	0	0	0	118
CTCAATTTTCTCTGGTATCCGTTTCTAAGG	0	0	0	0	0	0	0	0	1253
CTCACGACCTTAGCCGCACTACCGGCTCCC	0	0	0	0	0	0	0	0	15
CTCACGTACTAGATCAGATCTAAACCTATA	0	0	0	0	0	0	0	0	627
CTCAGGACACGTATGGTCATCGCACCCTGA	0	0	0	0	0	0	0	0	1859
CTCAGGATTATCCGTGTGCCGTTTTCTAAT	0	0	0	0	0	0	0	0	121
CTCAGGTCCTCTTGCCGCAAGGCGGAAGGC	0	0	0	0	41.56521739	0	0	0	968
CTCAGTCAGGTTCGACCAACACTACCGGAG	0	0	0	0	0	0	0	0	2991
CTCAGTCATGCTGGGGTTAAACAGACGCGA	0	0	0	0	0	0	0	0	54
CTCAGTGACGCTCAAGCTTTTTAGGTTTTG	0	0	0	0	0	0	0	0	43
CTCATAAGGGAACGGCATCTTCATTGTGGT	0	0	0	0	0	0	0	0	71
CTCATACAGTCTCACCTCTTGCCCAGACGA	0	0	0	0	0	0	0	0	15
CTCATAGTTTGGCAACTTTTGTAACTCTGA	0	0	33	0	57.15217391	16.73	0	0	30
CTCATATGGAACATAAAGTTGCGCTCCCAA	0	0	0	0	0	0	0	0	1250
CTCATGAGAGTGCGGGCCTTTCAGTGGGGA	0	0	0	0	0	0	0	0	693
CTCATGCACGAGGATCGTGGTTTAGACCAG	0	0	0	0	0	0	0	0	67
CTCATGCTGTAGGAAGAACTTGGTCTTTGC	0	0	0	0	0	0	0	0	21
CTCATGTTGTATGCCTTAATATCGTTTTTG	0	0	0	0	44.16304348	23.9	0	0	47008
CTCCAACCTGATTCATGAATATCACACGCA	0	0	0	0	0	0	0	0	241
CTCCAACGCTGCGACTTCATGTGCCGGGAG	0	0	0	0	15.58695652	0	0	0	21
CTCCACGAAAACCCGTATCGGAAATTCTGG	0	0	0	0	0	0	0	0	41
CTCCATATATATGGCGGTCTAACAGCTTGT	0	0	0	0	0	0	0	0	333
CTCCATGAGCGGCGGTTTTGGCGAGCCGTG	0	0	0	0	0	0	0	0	1050
CTCCCAGCATTCTGTTCTCGTTTCTAGAAT	0	0	0	0	0	0	0	0	648
CTCCCGTTACACTCAGTGTAAGTTAGAATC	0	0	0	0	0	0	0	0	1654
CTCCCTGTCCATTTGATCGCGTCGAAGAAC	0	0	0	0	0	0	0	0	92
CTCCGCCCGCGTGGCATTGCAGACCCACGG	0	0	0	0	0	0	0	0	3744
CTCCGGAGACTTAGGTAACTGGGTTTTCTA	0	0	0	0	0	0	0	0	14
CTCCGGTCTCATAGCCGCATGCTCCTCCTC	0	0	0	0	0	0	0	0	1515
CTCCTAAATAGGAGTGCCAGTATAATAATC	0	0	0	0	15.58695652	0	0	0	774
CTCCTAAGCGAGCGCGAGTTCATAGAGGGT	0	0	0	0	0	0	0	0	189
CTCCTATCCAATTTCCTAGACAGATCGGAT	0	0	0	0	0	0	0	0	666
CTCCTCGCCTGGCCTTGGGAAGGGTGGGCT	0	0	0	0	0	0	0	0	1399
CTCCTCTGAGGTCCTAGATCGAAAGTAGAC	0	0	0	0	0	0	0	0	478
CTCCTGCTCAATGTTAATATAAGTTCTCTC	0	0	0	0	0	0	0	0	994
CTCCTGTAAGCGACGTCAGAGGAATGTGTA	0	0	0	0	0	0	0	0	51
CTCGAAGTGGTGGGTTTTCGACTCTGGGTT	0	0	0	0	0	0	65.51269036	0	0
CTCGAGTACCACCTTACATTGTTTTGGGCC	0	0	0	0	96.11956522	28.68	0	0	26619
CTCGATGGCTTAGCCTGTCTAGGGGCGAGG	0	0	0	0	0	0	0	0	1197
CTCGCAGAACAGGCGGGAGGGACAGCCTAC	0	0	0	0	0	0	0	0	16
CTCGCCGCCCCGTGGAGGCAGCTAGAGACC	0	0	0	0	0	0	0	0	658
CTCGCCTTGGTGTGGTTGTCCGCGGAGGTC	0	0	0	0	15.58695652	0	0	0	2378
CTCGCTGTATTTACATCTCGCTGAACTATA	0	0	0	0	0	0	0	0	414
CTCGGAGTACTTTAACCTTCTGGAGAGTAT	0	0	0	0	0	0	18.19796954	0	28
CTCGGATTTTGTAGACTCGATTGTCCGGGT	0	0	0	0	0	0	0	0	599
CTCGGCTGGGGCAATTTTGCACTCTCTGGG	0	0	0	0	0	0	0	0	75
CTCGGGTAGGTGAGACGTGAATGCCGTCCT	0	0	0	0	0	0	0	0	2399
CTCGGTGGAAGCGGTTCGGGCTTTCCTCTA	0	0	0	0	0	0	0	0	1252
CTCGGTTCTGTTTATGCCGTGGGATATCTC	0	0	0	0	0	0	0	0	674
CTCGTAGACTCTCAATCTTTATCTCGCAAA	0	0	0	0	15.58695652	0	0	0	1029
CTCGTAGTATATCTTACCGGGAAGCCCGCC	0	0	0	0	0	0	0	0	920
CTCGTATACCGCGGTGTTATTATCTTGCTA	0	0	0	0	15.58695652	0	0	0	1183
CTCGTATATGGACTGTGACTAAGACCAAAA	0	0	0	0	28.57608696	0	0	0	775
CTCGTATTCTTCTGACATAGAGTAAAGTTT	0	0	0	0	0	0	0	0	71
CTCGTGGGCCCCGGTACAGTCCGTTCCAGT	0	0	0	0	0	0	0	0	278
CTCGTGTAGGTTTAGGTCGAAGTGTCTACG	0	0	0	0	0	0	0	0	185
CTCGTTTGTAGGATTGTTAAGTGCAAATGA	0	0	0	0	0	0	0	0	1393
CTCTAAATCGAACAATTGGCCCATGACTTC	0	0	0	0	0	0	0	0	757
CTCTAAGGTAGTCTGATATTGAGAAACGTA	0	0	0	0	0	0	0	0	944
CTCTACACCTACGTTTAACCTGGTACACAG	0	0	0	0	0	0	0	0	1069
CTCTACATTGGGTCTTTCCAATTATATGGC	0	0	0	0	0	0	0	0	368
CTCTACGCTATGACGCAAACCATGCGTATG	0	0	0	0	0	0	0	0	952
CTCTAGCAAGGGGGCGAATTGTGGGTAGGC	0	0	0	0	0	0	0	0	3146
CTCTAGTGCGTTATGGCCACAAGTAGAGTG	0	0	0	0	0	0	0	0	1539
CTCTATCCAATTTCCTGCGAGCTAGTTCAG	0	0	0	0	0	0	0	0	914
CTCTATGCAAAGCAGACATGGATTCAACAC	0	0	0	0	0	0	0	0	3227
CTCTATGTGTTGGCTCTAATGAATGCCCCG	0	0	0	0	0	0	0	0	883
CTCTCAATAATAGTCGCTTGGCTGTAGCCT	0	0	0	0	0	0	0	0	83
CTCTCACACGGGGTAGTTAGCGCTCCGCGG	0	0	0	0	0	0	0	0	548
CTCTCCGTGATCTGTTTTTGGCATGTCTTG	0	0	0	0	25.97826087	0	0	0	1500
CTCTCTGCACGAGTTAAGAGACCCCCTATT	0	0	0	0	0	0	0	0	414
CTCTCTGTGCGAGAAAGCGTACTGCGACAA	0	0	0	0	0	0	0	0	842
CTCTGCGAAAGCGAGATACCAATCTCAAGG	0	0	15	0	0	0	0	0	0
CTCTGCGCTGACGATGGTCTTCGTAAGACA	0	0	0	0	0	0	0	0	660
CTCTGCGGATGGAGGTGCGCGCCCTGGGGG	0	0	0	0	0	0	0	0	163
CTCTGCTCAGTGAAGTTATATGTCACAGAC	0	0	0	0	0	0	21.83756345	0	0
CTCTGGAGATACATATAAGAATGGAGTTAA	0	0	0	0	0	0	0	0	146
CTCTGGAGGGACGCCGTAGGGGTTCCGGGT	0	0	0	0	0	0	0	0	4124
CTCTGGCAATTAACTGTCCCGTGGTGTATT	0	0	0	0	0	0	0	0	37
CTCTGGGGGTAGCTACCCAGCTTCAGTCTA	0	0	0	0	0	0	0	0	1826
CTCTGGGGGTCCTTCCCATGGCGAACGGCG	0	0	0	0	0	0	0	0	1487
CTCTGGTTAATTATTGAGTCCGTATCCCGT	0	0	27	0	0	0	0	0	0
CTCTTATTCGGGGTTACCTTTGACATAAGT	0	0	0	0	0	0	0	0	279
CTCTTCCAGAACATGTGAGAATGCTTTGTC	0	0	0	0	0	0	0	0	71
CTCTTCCCGGCTCAGCGATTGTTTATGAGG	0	0	0	0	0	0	0	0	619
CTCTTCGGATCTTGGGCTATAGAGGTAGTC	0	0	0	0	0	0	0	0	199
CTCTTGAGGATCCCTGCAAATGTCTATCGG	0	0	0	0	0	0	0	0	3561
CTCTTGCTACTTTGACAGTTCAAAATAATG	0	0	0	0	0	0	0	0	206
CTCTTTCCCGCAACGTCCCCTATGAGTTGC	0	0	0	0	0	0	0	0	95
CTCTTTGGTCGATATTAAGGTTACAATCTT	0	0	0	0	0	0	0	0	1707
CTCTTTGTTTATTGCTGTCTACTGGATAGT	0	0	0	0	0	0	0	0	1461
CTCTTTTGGAGTGGAGTGCTGGTGGGAAGG	0	0	0	0	0	0	0	0	3709
CTGAAGATTTGCAAAGCAGCTAGACTAGTG	0	0	0	0	0	0	0	0	17
CTGAATTTTGAGCCACTTGCTCTTGTTTGT	0	0	0	0	0	0	0	0	176
CTGACAAGTACTGTTAGCTAGGGTCACGTT	0	0	0	0	0	0	0	0	54
CTGACCCGAGGTACTCTGCTCGAAACTTTA	0	0	0	0	0	0	0	0	1106
CTGACCGACGGAATTGTGGGCGCTTAATAA	0	0	0	0	0	0	0	0	107
CTGACGTGATAGTTACCGCAATAACAAGTG	0	0	0	0	0	0	0	0	336
CTGACTGGAGTTTCCGACTTTTAGGTGATC	0	0	18	0	64.94565217	23.9	0	0	113
CTGAGAATTCAAACATGATCATGGGCCTTC	0	0	0	0	0	0	0	0	1938
CTGAGATAAACGGACATAATCGACGCTAGT	0	0	24	0	109.1086957	26.29	14.55837563	0	17243
CTGAGATCCTTATGGGTAGTAGCTGATTTT	0	0	0	0	0	0	0	0	205
CTGAGCGTGGCTTGGCGAGCACTACATTCC	0	0	0	0	0	0	0	0	785
CTGAGCTAAAGATAACGGTCATTGGCGTCT	0	0	0	0	0	0	0	0	42
CTGAGGCGTGTTAGGATTAGCGGACAGGCC	0	0	0	0	0	0	0	0	2484
CTGAGGTCACCCTGATGGACAGGAGGCGCA	0	0	0	0	0	0	0	0	888
CTGAGTGTAGCCCGCTCCGTCGGAGATATC	0	0	0	0	0	0	0	0	1414
CTGATACGTTGCTTTGGATGGAATGAGGGC	0	0	0	0	0	0	0	0	991
CTGATCATGTATGTGCTGTTATCTGGGCGT	0	0	30	0	0	0	0	0	76
CTGATCCAGAGCTTCACAGTGATTGCTATC	0	0	0	0	0	0	0	0	413
CTGATCTGCGAATGCGAGTGTAGGTCTTTA	0	0	0	0	0	0	0	0	977
CTGATGCTTGTTCCACAATTTCATCCTCGG	0	0	0	0	0	0	0	0	1988
CTGATGTAACCTTGTTCATGTCATAACAAT	0	0	0	0	0	0	0	0	814
CTGATTAATACTTGGTGTTTCTCACGTTCG	0	0	0	0	0	0	0	0	51
CTGATTACCCAGCAATGTTTACACATGGTT	0	0	0	0	0	0	0	0	942
CTGATTATCCAGACTTAGCAGCCTAGATAC	0	0	0	0	0	21.51	0	0	775
CTGATTCGCACACAGGGCAAGATTTTGTGC	0	0	0	0	0	0	0	0	244
CTGATTCGGGCTAAGGTGCGTACCTGTGTA	0	0	0	0	0	0	0	0	1841
CTGATTTTAGAATGCAGGCTATAGACTATG	0	0	0	0	0	0	0	0	35
CTGCAAAAATTTTGGCATACTTGTGGGCGA	0	0	0	0	0	0	0	0	1256
CTGCACGCCTGAGGGGCCAACATATGGGCT	0	0	0	0	129.8913043	66.92	0	0	73628
CTGCACGCGATAGACACGCCGTCCTGCCAT	0	0	0	0	0	0	0	0	3112
CTGCAGTTTTTTTGCACATAACTGAATTAT	0	0	0	0	0	0	0	0	54
CTGCCAGTATCTCGCAGGAGGTTTTTTAGA	0	0	0	0	0	0	0	0	1047
CTGCCATTGTCCTTTAACAACTTGCTGGGA	0	0	0	0	0	0	0	0	1077
CTGCCCAGGAATCTGGTATGCCATTGCATG	0	0	0	0	0	0	0	0	304
CTGCCCTCGAGATAGGTCCGTTCATCCTGT	0	0	0	0	0	0	0	0	873
CTGCCGGCGTTCCAAGCCAGAGGGCCTCGG	0	0	69	15.58695652	23.38043478	0	0	0	112
CTGCCGTGCTAGGCGGATGCGTGTGTGAGA	0	0	0	0	0	0	0	0	1240
CTGCCGTTGGTAAATCATCCGTGGTTCTAC	0	0	0	0	0	0	0	0	608
CTGCCTCAGGAGTAGCCCGTGCACCACTAA	0	0	0	0	0	0	0	0	15
CTGCCTTTGCCTCCTATCCGAAGATCATGG	0	0	0	0	0	0	0	0	817
CTGCGCAAGATTAAGGTTCATGTCGGCTTC	0	0	0	0	0	100.38	0	0	4849
CTGCGCATAGTTCTTTCTGTGTGCAGTTCC	0	0	0	0	0	0	0	0	3375
CTGCGCTTTGGTCAAAATCAGTCAGCAGCA	0	0	0	0	0	0	0	0	842
CTGCGGTGCTTTTTGTTGAATCCGGTCACC	0	0	0	0	0	0	0	0	2209
CTGCGTAAACCTCAGTATGGATTCAGTAGT	0	0	0	0	0	0	0	0	1512
CTGCGTAGCCCGGACGGAGGTACGGGAACC	0	0	0	0	0	0	0	0	613
CTGCGTTACCACTGCAGTGCTTTTCGAGGG	0	0	0	0	0	0	0	0	184
CTGCTAAGGTAGTCGGAATGATTGGTTTGC	0	0	0	0	0	0	0	0	64
CTGCTGAAACACTATAGTGTTTCGGGCACG	0	0	0	0	0	0	0	0	88
CTGCTGTAGTTCATTCTTATGATATCCTGT	0	0	0	0	0	0	0	0	211
CTGCTTGGTCATAGAACCGAAAGTACTAAC	0	0	0	0	0	0	0	0	1694
CTGCTTTTGGGTTGGCACACGTAGAGAACT	0	17.85062241	0	0	33.77173913	0	29.11675127	0	15
CTGGAAAAGTTAACGGATATTCTTATCCCT	0	0	0	0	0	0	0	0	1301
CTGGAACACCTAATCACTGGTCTAGTTAGA	0	0	0	0	0	0	0	0	1438
CTGGAATCCAGTCCTCTACCGCGTGCGGTG	0	0	0	0	0	0	0	0	176
CTGGAATGGAGTTTAGTTCGCGCGCGTAAG	0	0	0	0	0	0	0	0	314
CTGGACAAGCATCGGCAAATTAAAAGACTG	0	0	0	20.7826087	0	0	0	0	1795
CTGGAGGAGAGGGGATTGGATGAGCGAGCA	0	0	0	0	0	0	0	0	154
CTGGATAGATGCGATGGGCTGGCAGAAAAG	0	0	0	0	0	0	0	0	16
CTGGATCGACTGAGGAGAGGGGTTCAGGGG	0	0	0	0	0	0	0	0	1544
CTGGATGGTCTAAGCAGAATGCACATTGTC	0	0	18	0	0	0	0	0	0
CTGGATGTTTATTTCAGTACTGTGCTACCG	0	0	0	0	0	0	0	0	553
CTGGCACATAGTGTTAATACAGGGGGCTGC	0	0	0	0	20.7826087	0	0	0	81
CTGGCAGCTGGACGAAGCCCGCTGAGGTCA	0	0	0	0	25.97826087	0	0	0	594
CTGGCGAATGGAATGACTTATATTCTCTAT	0	0	0	0	0	0	0	0	44
CTGGCGTGCGTTGTAAGTCGCGAGTGTTTA	0	0	0	0	0	0	0	0	264
CTGGCGTTATACCAGGGGTTGTACGAGCCG	0	0	0	0	0	0	0	0	765
CTGGCTCATTACGCACATGGTGGCCTTCGG	0	0	0	0	0	0	0	0	201
CTGGCTGTAATCGGCTACATAAAGTACGAT	0	0	0	0	0	0	0	0	1793
CTGGCTTGTGAAACACAGGTTTTATACAGT	0	0	0	0	23.38043478	54.97	0	0	0
CTGGGACTCACTAAAGAAACGTTGACTTGT	0	0	0	0	0	0	0	0	48
CTGGGAGCCGCCCGGGCTCATACGGCACAA	0	0	0	0	0	0	0	0	1373
CTGGGAGTTTTTGCCCGTACCTCTGCTAAG	0	0	0	0	0	0	0	0	141
CTGGGATGGTTTAAGCCTCGGTCTACTCAT	0	0	0	0	0	0	0	0	1464
CTGGGGGTAAGTGACGAACATTTGTTGTGA	0	0	0	0	0	0	0	0	1024
CTGGGTCGTACACAGGTGGATAGATGGCGG	0	0	0	0	0	0	0	0	2853
CTGGTAACACACTCGTGTTTAGGCTGTCGC	0	0	0	0	0	0	14.55837563	0	0
CTGGTAGTATACATTTATCCCTTGTTTTGA	0	0	0	0	0	0	0	0	165
CTGGTATGCGTCGAAAATCATTTAGAATTC	0	0	0	0	0	0	0	0	1084
CTGGTCATCTTCTAACAAGTGTTCAGAGAC	0	0	0	0	0	0	0	0	576
CTGGTCTCGGGCAGTCGAAGTAACGGGATT	0	0	0	0	0	0	0	0	16
CTGGTCTGGGCGTAGACATTCTCAGAGGCT	0	0	0	0	0	0	0	0	2876
CTGGTGAACATTCTATCCCGATCCAGTCCA	0	0	0	0	0	0	0	0	304
CTGGTGATCAGTCGGGAATCGACCCAATGC	0	0	0	0	0	0	0	0	2325
CTGGTGCCAGGCAGTTCATTTTCTCGATAA	0	0	0	0	0	0	0	0	23
CTGGTGGCTAAAGACCTTCGTGCGTCTTTT	0	0	0	0	0	0	0	0	72
CTGGTGGGGGGTTTAGTAAGTGCTCAGAGT	0	0	0	0	0	0	0	0	425
CTGGTGTATTAAGCCTTCAAGTATTAATAT	0	0	0	0	0	0	0	0	2326
CTGGTTGCGAATGATCTTCGTTGCTGCGTT	0	0	0	0	0	0	0	0	407
CTGGTTTGCTATTATTTTTTTGTCAGGCGA	0	0	0	0	0	0	0	0	462
CTGTAAAGGAGGGTTAATTCATGAGGTAAC	0	0	0	0	0	0	0	0	822
CTGTAAGGGTTCTAACTAGAGTGGCAGTCT	0	0	0	0	0	0	0	0	854
CTGTAGATGATACAGTCTCCTTATCGGCAT	0	0	0	0	0	0	0	0	648
CTGTAGGGCGTGGCCCGGGCAGACGTGGGG	0	0	0	0	0	0	0	0	1355
CTGTAGTCCCGCTTAGTATAACGATTAGTT	0	0	0	0	18.18478261	0	0	0	30
CTGTCAAGATAGAGTTCTCTCTCGTAAACG	0	0	0	0	0	0	0	0	4033
CTGTCACAGGGCTTATCCTCAACGACTCGG	0	0	0	0	0	0	0	0	292
CTGTCCCGCGTACACGAATCCGAACTTAAC	0	0	0	0	0	0	0	0	525
CTGTCCTTTACCGGCAGAGCCCATGATGGT	0	0	0	0	0	0	0	0	1251
CTGTCGCGTCAGTTCGGGCACTGCTGACCC	0	0	0	0	0	0	0	0	56
CTGTCGGAGGTCATCCCGCACGAGGGCTAT	0	0	0	0	0	0	0	0	94
CTGTCGTCGTCGGGGGGCTGACTGTACGGG	0	0	0	0	0	0	0	0	663
CTGTCGTGAGGGAGTGGGGGGCCACCGGTA	0	0	0	0	0	0	0	0	962
CTGTCGTGCAGTGATTAATGAATTGCACCT	0	0	0	0	0	0	0	0	115
CTGTCTCCGACCGCGCAAGACTCTGCCTTT	0	0	0	0	0	0	0	0	32
CTGTCTGTGGTCCGGAATGTTTTTAGTCGC	0	0	0	0	0	0	0	0	193
CTGTGACATTCGATGTTAGCTCTAACCTAT	0	0	0	0	0	0	0	0	1132
CTGTGAGACTAGTCAGTTTTGGCATTGCAC	0	0	0	0	0	0	0	0	290
CTGTGATATTTTACAGCTGCCTGCAATTCT	0	0	0	0	0	0	0	0	40
CTGTGCCGTTACGGGGGGGTAGCTCGTTGC	0	0	0	0	0	0	0	0	909
CTGTGCGTTAACCCTGTGCCGGCTAGTAGG	0	0	0	0	0	0	0	0	27
CTGTGGACCATCTAGTCGGATCTCGGTGTT	0	0	0	0	0	0	0	0	1775
CTGTGGGAACACAGGCGTAGCTGGGTCTCA	0	0	0	0	0	0	0	0	1789
CTGTGTGCCCTTTTGGCGACCTTCAGCGCA	0	0	0	0	0	0	0	0	37
CTGTGTTAAGGTATGTAGGATGGCTGCGCG	0	0	0	0	0	0	0	0	724
CTGTGTTCCCAAGGGGATGGTGAGCCAAGT	0	0	0	0	0	0	0	0	162
CTGTTGAACTTTTGAATCACCCCCGTCTAC	0	0	0	0	0	0	0	0	626
CTGTTGCGGGAGGGTCAGTCTTTTGGAGCT	0	0	0	0	0	0	0	0	4968
CTGTTGGATCTGATAACCAAAGTTGGGGCT	0	0	0	0	0	0	14.55837563	0	0
CTGTTGGGAAATGTACTGCCTTAGGGCCAT	0	0	0	0	0	0	0	0	264
CTGTTGGTACGGTTAGTGAGCCTGCGACCG	0	0	0	0	0	0	0	0	1059
CTGTTGTGCTCAATCCTCTTTTTTCATCGT	0	0	0	0	0	0	0	0	16
CTGTTTAGCAACCCTGCAAGTTAAGGGATT	0	0	0	0	0	0	0	0	1124
CTGTTTGCAACGCCGTGGTTAAAGGAATAT	0	0	0	0	0	0	0	0	22
CTGTTTGTAGGCGTTACATCCGTAGGGGGA	0	0	0	0	0	0	0	0	553
CTTAAAGTCACTCTTTAATTTTGTGCATCG	0	0	0	0	0	0	0	0	881
CTTAAATTGCGAGTAATTCACTTATGCGAA	0	0	0	0	0	0	0	0	1547
CTTAACAGTGGGCGTAATCAAACGTCTGTA	0	0	0	0	0	0	0	0	1184
CTTAACGGGTTTCTGCACCCGCATTCAGTG	0	0	0	0	0	0	0	0	1033
CTTAAGTTCCTCACATGGATTTTTACGCGA	0	0	0	0	0	0	0	0	396
CTTAATATTGGAAGTAGCTTTTTCTAGGTT	0	0	0	0	0	0	0	0	325
CTTACATCGGATACACCCTCTGGGTACAGG	0	0	0	0	0	0	0	0	85
CTTACCTGTTTAAGCATAAGATTTTCTCTA	0	0	0	0	0	0	0	0	681
CTTACTTAGGATGCCGTTCTTAGTGTTCCG	0	0	0	0	0	0	0	0	802
CTTAGAACCCACCGTGTACGTTCAGGTCGC	0	0	0	0	0	0	0	0	1671
CTTAGACTTGCGAGGCGGTCCGGGGGGCAC	0	0	0	0	0	0	0	0	1083
CTTAGCATTGGGTAGCCAATAGCGGGGACT	0	0	0	0	0	0	0	0	1022
CTTAGCGGCCTGCGTGTCTAATTGTAGGAG	0	0	0	0	0	0	0	0	287
CTTAGCTCAGTTTAGGTTCTGTTGGGGAGC	0	0	0	0	0	0	0	0	1119
CTTAGGACAGCAGAAAGTACGGCTCGGATT	0	0	0	0	0	0	0	0	1415
CTTAGGAGGGCAAAGGTAGTTATAGGATGC	0	0	0	0	0	0	0	0	423
CTTAGGTGCCGCAGGCATTGACTGTTGTGT	0	0	0	0	0	0	0	0	689
CTTAGGTGGGCTCAAGGTAGGCCACACTTG	0	0	0	0	0	0	0	0	1202
CTTAGTTGAGCTCGTGTGGTAGTGGTCGAA	0	0	0	0	0	0	0	0	671
CTTATATGCCGTACATGCATGTAATCTTCG	0	0	0	0	0	0	0	0	452
CTTATCACGATGGTGTTTCCTGTTCTGCTT	0	0	0	0	0	0	0	0	1173
CTTATCCAAGATAACGCATAACACATCTCT	0	0	0	0	0	0	0	0	196
CTTATCGGCGATGGTTTAAATTTCAGTAGG	0	14.87551867	0	0	10752.40217	40.63	14.55837563	0	48181
CTTATGTTATTACGTCATATAGAGCTCCGT	0	0	0	0	0	0	0	0	475
CTTATGTTTATCGCGATGATCTTAGCGTTT	0	0	0	0	0	0	0	0	2653
CTTATTACAGTAGACTCTGCACCCTTAGTT	0	0	27	0	67.54347826	0	0	0	112
CTTATTACCATCGCTAATGGGCCCATACGA	0	0	0	0	0	0	0	0	127
CTTATTCTCCTCATTATCCTACAGTTGTGA	0	0	0	0	0	0	0	0	239
CTTCAACGTACGCAATCTCGTTAGTTCCGA	0	0	0	0	28.57608696	0	0	0	64
CTTCAAGGGAATTGCTGGCCTCAAATTTTT	0	0	0	0	18.18478261	0	0	0	363
CTTCACCATGTATGGTTTTAGTATTGCGCG	0	0	0	0	0	0	0	0	1197
CTTCACGTGCCTCCTCCATAATACCCTTTG	0	0	0	0	0	0	0	0	1064
CTTCATTCCATGGTCAAAATTCTGCCTCCA	0	0	0	0	0	0	0	0	42
CTTCATTTTCTTTTTGTAATGTTAGCTTGC	0	0	0	0	0	0	0	0	1194
CTTCCACAGGAATATTCTGATCAGGCTGAA	0	0	0	0	0	0	0	0	2196
CTTCCCAGGCGTGGTCTATCACGTGGAATC	0	0	0	0	111.7065217	14.34	0	0	16635
CTTCCCGGCTGTTATAGTTTATTACATCAC	0	0	0	0	0	0	0	0	1112
CTTCCCTACTGAGGTATCCAATTTGGAGCT	0	0	0	0	72.73913043	19.12	0	0	35528
CTTCCCTCAATTCGGAATGCTCTGATCCGA	0	0	0	0	0	0	0	0	1040
CTTCCCTCGTGTAATTGCTCGGACTTCGGG	0	0	18	0	33.77173913	0	0	0	1355
CTTCCGGTCTATAGAACCAGGGTTTACGCG	0	0	0	0	0	0	0	0	1553
CTTCCGTCACCTTTGCTATGCGTTAAAGTC	0	0	0	0	0	0	0	0	26
CTTCGCCACTTGAACTGATTATCTCACACA	0	0	0	0	0	0	14.55837563	0	239
CTTCGCCTGTCACTACTTCGACGGCATCCC	0	0	0	0	0	0	0	0	1315
CTTCGGGATATAAAAGGGACCCTACAGCAC	0	0	0	0	0	0	0	0	1638
CTTCGTAACGGATGCGGCTCAATATTCAGC	0	0	0	0	0	0	0	0	55
CTTCGTACATGCCCGGTCCCCGACCTCCCG	0	0	0	0	0	0	0	0	47
CTTCGTCTATTTATCCTGCCCATGGATGCT	0	0	0	0	0	0	0	0	1635
CTTCGTCTCTCGGGTTCTTTAAAAAAATAT	0	0	0	0	0	0	0	0	1531
CTTCGTTTCCTAATGTCCATCTTTGCCAAC	0	0	0	0	0	0	0	0	375
CTTCTAGATTCTCTTGTCTGAACCTTGTAG	0	0	0	0	0	0	0	0	64
CTTCTAGGTCTAAAGGACCCGCTGCTAATG	0	0	0	0	23.38043478	0	18.19796954	0	1835
CTTCTCATTAAAGTTCAACCGGCGTGCGGT	0	0	0	0	0	0	0	0	1285
CTTCTCTCATACGCTATAATAGATACGGTT	0	0	0	0	20.7826087	0	0	0	52
CTTCTCTCGCGAATTGTCTAATTGCCTATG	0	0	0	0	109.1086957	0	0	0	0
CTTCTGCATATACTAAGGTTATGCAAGATC	0	0	0	0	0	0	0	0	481
CTTCTTTCGGGATATCTTGCTACGTGTTCT	0	0	0	0	0	0	0	0	5733
CTTGAAGTTGCATCGCCGACTGAGCGAAGG	0	0	0	0	31.17391304	0	0	0	1338
CTTGAATACCTGATCACCGTGTATATACCT	0	0	0	0	0	0	0	0	319
CTTGAGTGGCGCAGCCCTGGTGGTATAGCG	0	0	0	0	142.8804348	0	0	0	284
CTTGATCCGTGTCTAGGCTTAGCCGGTATA	0	0	0	0	0	0	0	0	1693
CTTGATGTGCGCCGTACGGTCTTATCAGCT	0	0	0	0	0	0	0	0	989
CTTGATTATGGATATACTTTCACAAATGTT	0	0	0	0	0	0	0	0	884
CTTGCACCGTCTCCTAAGATTTCTGTAAAT	0	0	0	0	0	0	0	0	806
CTTGCACGCGGCCGCGGTGATTACGCAGTG	0	0	0	0	0	0	0	0	827
CTTGCACTGGAAGGCGGGGGGAGGGGCCTG	0	0	0	0	0	0	0	0	20
CTTGCACTTTATCATTTTGTGTTTGCACGT	0	0	0	0	0	198.37	0	0	1844
CTTGCAGGGGCAGCGGCAGTCATCCGAACG	0	0	0	0	0	0	0	0	41
CTTGCCCGAATCGAAGGAACCATTTGAACA	0	14.87551867	0	0	18.18478261	14.34	0	0	15098
CTTGCGCATTACGGTTTTCCCTCATACCCT	0	0	0	0	0	0	0	0	295
CTTGCTATCGGATAGCTATTTGGATAGATT	0	0	0	0	0	0	0	0	3194
CTTGGAATCAATATCTAGTGGCTATGCAAA	0	0	0	0	0	0	0	0	513
CTTGGATGAGATATCTCGCCTAAGGGGCTG	0	0	0	0	0	0	0	0	1097
CTTGGCGAAATTCACGGAGATATAATAAAC	0	0	0	0	18.18478261	0	0	0	0
CTTGGCGGGTGGCGACTGTCATCGGTATGA	0	0	0	0	0	0	0	0	50
CTTGGCTCCATGGCAGTGCCGCGATGGGGT	0	0	0	0	0	0	0	0	384
CTTGGGCAGCTAGGGAGAATGCAGGTCGGC	0	0	0	0	0	0	0	0	1625
CTTGGGGGCTGGCTGGGTCCCGGAGTCTTC	0	0	0	0	0	0	0	0	77
CTTGGGGGGAATGACATTACGTTCTTCGTT	0	0	0	0	0	0	0	0	199
CTTGGGGTTTGACCAGGCGTCGTGGGCCAC	0	0	0	0	0	0	0	0	189
CTTGGTACGTAGCATCATAATGGGGTTGTG	0	0	0	0	0	0	0	0	1555
CTTGGTCTTGGTCGTATGGTGAACGCACGA	0	14.87551867	0	0	0	0	0	0	0
CTTGGTTTTTCCAAGGTTACTTCTGTCAAA	0	0	0	0	0	0	0	0	36
CTTGTAAATTTATTCAGCCAATTTACTGGT	0	0	0	0	0	0	0	0	2043
CTTGTAAGCATTTGCTTTCGATTCGTGATG	0	0	0	0	0	0	0	0	112
CTTGTCCCTAGAGCCGGTCAAGTCTCCTAT	0	0	0	0	20.7826087	0	0	0	1305
CTTGTCTTCATATGATAATTTCAAAGTTTG	0	0	0	0	0	0	0	0	1188
CTTGTCTTTGTACCTCAAATCCTTGCGCCT	0	0	0	0	0	0	0	0	281
CTTGTGGGCATACTATATCGGGGGCACCGT	0	0	0	0	0	0	0	0	1189
CTTGTGTGGTGAGTATCTGCCATTATTGAC	0	0	0	0	0	0	0	0	77
CTTGTTGCAGCTATGTTGTGCAGTGAGTCC	0	0	0	0	0	0	0	0	18
CTTGTTTTTGGATGATAAATGTATCACCAC	0	0	0	0	0	0	0	0	225
CTTTAATATTGCTATCGTAGTGGGGCGCTG	0	0	0	0	0	0	0	0	995
CTTTAGCCCATACGTATGGTTCTCTGCTCT	0	0	0	0	0	0	0	0	728
CTTTAGCTTTGGCACAGCCCTGCATACGTA	0	0	0	0	23.38043478	0	0	0	39
CTTTAGGAACTCATGTGTTATCCCTCAAAT	0	0	0	0	0	0	0	0	1069
CTTTAGGAGAGTCAGTTTGCCTGTAGTGGG	0	0	0	0	0	0	0	0	664
CTTTATAATGCATCAGGAAACCGTCTTTGA	0	0	0	0	0	0	0	0	1177
CTTTATGCTCAGATGTGTACAGAATGTTTA	0	0	57	0	0	0	0	0	1914
CTTTATGGCTTCGCTGCTGTTTTTACACCG	0	0	0	0	0	0	0	0	1338
CTTTATTAGCATGGTTCAATGTTTAGGCCC	0	0	0	0	0	0	0	0	172
CTTTCAGCTGAGTTATACTCCTTTTTACGG	0	0	0	0	0	0	0	0	592
CTTTCATTAAGGTGCCTACATGGCTGTTCT	0	0	0	0	0	0	0	0	1465
CTTTCCACAGAGGCCATAGCCTAATTCTGT	0	0	0	0	0	0	0	0	20
CTTTCGACGTAGGTCAGCATATGCAACCAC	0	0	0	0	0	0	0	0	103
CTTTCGTGTCTCCTACCGCAGCCTCCATCG	0	0	0	0	0	0	0	0	168
CTTTCTAAGGCGGACAACCTAACTCGTTTG	0	0	0	0	0	0	0	0	30
CTTTCTATGGAGCCCCGGAGGTGACGCATT	0	0	0	0	0	0	0	0	5951
CTTTCTCAAATGTTTTATCTACAGAAACCA	0	0	0	0	0	0	0	0	953
CTTTCTGCTCCGACCACCGCTAGCTGTACA	0	0	33	0	0	0	0	0	0
CTTTGATATGCGCTTATCGGTGTCCCTAAG	0	0	0	0	83.13043478	0	0	0	424
CTTTGATCGATTCATCAGCGTCAACTTCCT	0	0	0	0	0	0	0	0	846
CTTTGATCTGAAATAATAGAACCTTCGAGT	0	0	0	0	0	0	0	0	4466
CTTTGATTATTGAGTATACTGGATTATATT	0	0	0	0	0	0	0	0	306
CTTTGCATAGAACATTGGCTAATTAAATCC	0	0	0	0	15.58695652	0	0	0	0
CTTTGCATCCAAAGACTCCGGTATGTCGGT	0	0	0	0	0	0	0	0	879
CTTTGGATGTGATACCATCGCAATTTGGGG	0	0	0	0	0	0	0	0	755
CTTTGGCAGCGAGTTGGTGCCGGATTTGAA	0	0	0	0	0	0	0	0	770
CTTTGGGCCTACATCACTGGACGCACCTTT	0	0	0	0	0	0	0	0	2159
CTTTGTCGTGGTTAAACCACACGGCTACTC	0	0	0	0	0	0	0	0	37
CTTTGTTAGGGCTGATGATTATTGTCTTCC	0	0	0	0	0	0	0	0	955
CTTTGTTGGTCGTGCCGAGGCATTCAATAG	0	0	0	0	0	0	0	0	17
CTTTTAAGAGTCACACACTTCGCTAGTCCT	0	0	0	0	0	0	0	0	46
CTTTTACAGCTCTAGCCCCCGTACCTCGTT	0	0	0	0	0	0	0	0	857
CTTTTAGCTGCACTTCAATTCTTGTGTGGC	0	0	0	0	0	0	0	0	181
CTTTTATCCCAGTGGATGGGTTGGCTCGTG	0	0	0	0	0	0	0	0	47
CTTTTCACTTCGAGTGGAGGCTTGCTTCAC	0	0	0	0	0	0	0	0	2179
CTTTTCCAATAACTACGCGATGGAGTCCTT	0	0	0	0	0	0	0	0	657
CTTTTCGTGGTAGTATACCTTCGCCTTGCC	0	0	0	0	0	0	0	0	631
CTTTTGCACTGACAAGCAAGTCCTACGGAT	0	0	0	0	0	0	0	0	1408
CTTTTGGATACGCGCACATTTGAATGAAGT	0	0	0	0	0	0	0	0	788
CTTTTGGATAGCCGGGCCTTACACACGGCT	0	0	0	0	18.18478261	0	0	0	387
CTTTTGGATTCCAAAATTGATCCCCAACGG	0	0	0	0	0	0	0	0	1731
CTTTTGTTTTGATATAGGAAGATCGCCTTC	0	0	0	0	0	0	0	0	31
CTTTTTGGTAGGGCTCGTGGAGGGCTGCGT	0	0	0	0	0	0	0	0	230
CTTTTTGTGCCCTTATAGTTGTATATCAAG	0	0	0	0	184.4456522	26.29	0	0	15771
CTTTTTTCCTTCGGTCGTATATTGCTGGAA	0	0	0	0	0	0	0	0	198
CTTTTTTTATCAGATATAGATAAGGCTTTA	0	0	0	0	0	0	0	0	330
GAAAAAAATTATCTATTTCTTGACCTCGAG	0	0	0	0	0	0	0	0	365
GAAAAAGGGCATTCCCGGTTGCAGAACTAA	0	0	0	0	0	0	0	0	1707
GAAAAAGTGCTTTGGCGGACCTAGCTCAGG	0	0	0	0	0	0	0	0	606
GAAAACCGTGAGACCTTGCTTGGCAGCGTT	0	0	0	0	0	0	0	0	551
GAAAACTCTATACGGACAATCTGACGAGAC	0	0	0	0	0	0	0	0	2022
GAAAAGCTCGGTGGGCCTGGAGGGGTCGGA	0	0	0	0	0	0	0	0	1151
GAAAAGTTAAAGGGGCTCGAACTCAACCAC	0	0	0	0	0	0	0	0	1021
GAAAATAAGTTCTGCTCTGGAGTAAGGGAA	0	0	0	0	0	0	0	0	2222
GAAAATCCTCCTTAAATTCTTCACACTAAA	0	0	0	0	0	0	0	0	242
GAAAATGCTAACAAGCTGGCTTGAAGTTTG	0	0	0	0	0	0	0	0	1335
GAAACATGTTATGGTTGTTCAGCTTCTTTC	0	0	0	0	0	0	40.03553299	0	39
GAAACGGCGAGATTCGCGGGGGTGGTGAGC	0	0	0	0	0	0	0	0	1478
GAAACGGGGAGTCGTCACGGAATGCGCGGA	0	0	0	0	0	0	0	0	1199
GAAACTTTTGATCAGCTTAGTAGTTGCATA	0	0	0	0	0	0	0	0	890
GAAAGATCCAGGCTCGCGTGTGTATGTTCT	0	0	0	0	0	0	0	0	2292
GAAAGCCCTGTCGGAACCAATCCCCCTGTT	0	0	15	0	0	0	0	0	2961
GAAAGCTTAAAGTATACACGCATGTTCATA	0	0	0	0	179.25	57.36	0	0	54
GAAAGGTCATACGTCCTTAACGAAGCTGTT	0	0	0	0	0	0	0	0	1160
GAAAGGTGAAGTCTATTTCAATTCGTTGTG	0	0	78	0	0	0	0	0	0
GAAAGTACCGATCTGAGAGTAACTAACGTA	0	47.60165975	78	46.76086957	33.77173913	16.73	0	0	96
GAAATAGGGGTGCCGCTTTAGAGCTGCATC	0	0	0	0	0	0	0	0	191
GAAATCACTCTTGACACAACTCGTCTCAAA	0	0	0	0	0	0	0	0	1639
GAAATCCTGTGGTGGGCTACGAACGGCAGG	0	0	0	0	0	0	0	0	174
GAAATGAACCTCCAGATTTTGTCCTCATCG	0	0	0	0	0	0	0	0	106
GAAATTGGCAGTCGCGACGAACATGTGGCT	0	0	0	0	0	0	0	0	661
GAACAATGACTGAATGGAAATAGGATTGAG	0	0	0	0	36.36956522	0	14.55837563	0	4983
GAACAATTTGATTACGGCGTTGGGGCTGTA	0	0	0	0	0	0	0	0	970
GAACATAGTGTCTTTTTGTTCAATTTCTAG	0	0	0	0	0	0	0	0	1308
GAACATGTCCTACTAGGGCCCGAATCCAAG	0	0	0	0	36.36956522	0	0	0	52
GAACATTTCGCAGTCTGAAAGGTTTTGGAG	0	0	0	0	0	0	0	0	3354
GAACCGCGTACTATAGCAGGTGCAAAAGAT	0	0	0	0	0	0	0	0	1302
GAACCTCCGGCGGCTAGTTAGGAGCGGAGT	0	0	0	0	0	0	0	0	957
GAACCTTGCGACGCAGACCGCGCGCAAGTT	0	0	0	0	0	0	0	0	19
GAACGACTCCTGTAACCGAGTTAATCGTTT	0	0	0	0	0	0	0	0	1687
GAACGCCAATCCTTGTGGTTGTTGTCATGG	0	0	0	0	0	0	0	0	583
GAACGCTACCTCAGACGAAAAGTCAAGGGT	0	0	0	0	0	0	0	0	2021
GAACGGCCGCACGGGGAGTTCGTGATAGAA	0	0	0	0	0	0	0	0	83
GAACGGCGGCATGCGGGACATCTATTCTGT	0	0	0	0	0	0	0	0	331
GAACGGCTACAGTTTCCAAGATTACCCATC	0	0	0	0	0	0	0	0	1478
GAACGGTGGTTATGGCGTGAGCCGAGGAGG	0	0	0	0	28.57608696	0	0	0	3840
GAACGTCGGGAGCAGAAGATTTGTGCACTG	0	0	0	0	0	0	0	0	61
GAACGTCTTGGTTACCGCCGTGGATCGGGC	0	35.70124481	24	0	83.13043478	0	0	0	80032
GAACGTGTGGCCGACCTACTTTCCTTGCAC	0	0	0	0	0	0	0	0	17
GAACTAACGGTTACTTGGCGACCTATATGG	0	0	0	0	0	0	0	0	1106
GAACTATTTAGAATGTATCAAGGTTCCTGC	0	0	0	0	0	0	0	0	637
GAACTCTATTGGTGAAATCGACGGGCGGTC	0	0	0	0	0	0	0	0	169
GAACTGCTTTTCACTCCGAGATTAGGACGG	0	0	0	0	0	0	0	0	28
GAACTTACTGGGTCTGCGATGTGCTGGGAG	0	0	0	0	0	0	0	0	55
GAACTTGTTTCTCCGTCTTCGCACTGCTGA	0	0	0	0	0	0	0	0	917
GAACTTTTGGGGCACCGTCCGCGCCTTTGT	0	0	0	0	0	0	0	0	5456
GAAGAATAGGTGGTGTCTGTGGTAGGTTGA	0	0	0	0	0	0	0	0	197
GAAGAGCCTCCCCGACGCTGGCGACGTGTC	0	0	0	0	0	0	0	0	19
GAAGATAGCGTACATACGGCAGTACGGACT	0	0	0	0	0	0	0	0	53
GAAGCAGGGGCGTATGGGGTTGGAGGGGCC	0	0	0	0	0	0	0	0	1604
GAAGCCCGGCGTTTTATAGAAATGACCCAG	0	0	39	0	77.93478261	0	18.19796954	0	125
GAAGCCTCCGCGACACTCTCAAGGAGCTAG	0	0	0	0	0	0	0	0	98
GAAGCTAGGCCACCTCCGTGTGTGTTAGAG	0	0	0	0	0	0	0	0	1111
GAAGCTGTATAGTTTTCGTTACAAAGGGTT	0	0	0	0	0	0	0	0	622
GAAGGAGAATTGAGCGTGTTCGATCTTGTG	0	0	0	0	0	0	0	0	766
GAAGGAGGCGGTCTGGTAGTGTGCCGTGGG	0	0	0	0	0	0	0	0	2898
GAAGGCAGGGCGTATTTCGGGGATTGGGGG	0	0	0	0	0	0	0	0	5486
GAAGGCGGCCTGGGGCGTAAGCGGCGTGGT	0	0	0	0	0	0	0	0	1039
GAAGGCTGGTAATTCTATCGAGTTATACCA	0	0	0	0	0	0	0	0	1332
GAAGGTCGCACTCTGTAATGGATCGTGTAA	0	0	0	0	0	0	14.55837563	0	445
GAAGGTGAACCCCCAAGGCTCCAAATGAGT	0	0	0	0	0	0	0	0	43
GAAGGTTTAAGGCATGGTGTTCTTGTCTTC	0	0	0	0	0	0	0	0	1286
GAAGTAGCCGCGTCCGGCCGGGCATATAAC	0	0	0	0	0	0	0	0	18
GAAGTGGCGCTTAACAGTCCAAAACAATAC	0	0	0	0	0	0	0	0	179
GAAGTGTAAACAGGTCGGACCCAATCCACT	0	0	15	0	0	0	0	0	638
GAAGTTACCTAAGGCGGCAGGTTTCTGTAC	0	0	51	0	67.54347826	28.68	0	0	110
GAAGTTTGTGTTCTTTTTTCTTTCGATGCT	0	0	0	0	0	0	0	0	222
GAATATGCGTCGGGGCTCGTAGCAGTGCCG	0	0	0	0	0	0	0	0	889
GAATATGTTGAATCCAAGCCGCCGGTATAT	0	0	0	0	0	0	0	0	1603
GAATCAGGGTACGTCAACGCGCTAGGATCT	0	0	0	0	0	0	0	0	539
GAATCAGTCTTGCTATTTTTTCACCTATTA	0	0	0	0	0	0	0	0	928
GAATCCACTAACGGGTGCTAGTTTGCGGGC	0	0	0	0	0	0	0	0	383
GAATCCTCCTCTAAGGTAGTCTTCACCTTC	0	0	0	0	0	0	0	0	1413
GAATCGAACGTTAGGGTTCTGGGCGGGTGC	0	0	0	0	0	0	0	0	59
GAATCGATGCCCTGGTCCGCGAGTATCGGG	0	0	0	0	0	0	0	0	695
GAATCGCCGCACGGACCGTGTGAGGCTAGC	0	0	0	0	0	0	0	0	1568
GAATCGGTGTCAACGGTGACGGCCAGTATC	0	0	0	0	0	0	0	0	1613
GAATCGTCCGCTTGTTGAATGAGGACCGAA	0	0	0	0	0	0	0	0	6135
GAATCTCGGCGCGTGTACGAGAGCGCTGGG	0	0	0	0	0	0	0	0	592
GAATCTGCACCGTTAGGGATGTCGAGCATG	0	0	0	0	0	0	0	0	991
GAATCTTGCACCCGGTGTCCCATAACTTGG	0	0	0	0	0	0	0	0	1347
GAATGATGGGTAAGGTTTCTCTTGGCCGTT	0	0	0	0	0	0	0	0	598
GAATGATTATATGACATCGCCTTCTTTATG	0	0	0	0	0	0	0	0	891
GAATGCGCATCGGGGTCAATCAAAGGTCGT	0	0	0	0	0	0	0	0	88
GAATGCGGACTGTCTAGTTTCACTAAACAG	0	0	0	0	0	0	0	0	3193
GAATGCGGGAAGGGCCCCGGACCGGGGGAG	0	0	0	0	0	0	0	0	461
GAATGGGTCGGTTCGCGACGAACGGGTGCG	0	0	0	0	0	0	0	0	793
GAATGGTATCCTTCCATCAAAGATACATGC	0	0	0	0	0	0	0	0	1197
GAATGTATTCCCGGCGCGCATTATATCTCG	0	0	0	0	0	0	0	0	901
GAATGTCTGGCTCCCATAACACGCAGAAGA	0	0	0	0	33.77173913	0	0	0	44
GAATTAATCCAGGTGTGGCGGTGTATTGTC	0	0	0	0	0	0	0	0	970
GAATTAGCTGCTCGAAGTAGTAATGGCTGT	0	0	0	0	64.94565217	0	0	0	294
GAATTAGTGGTCAACCATAGTGACTTACCT	0	0	0	0	0	0	0	0	782
GAATTAGTGTACAAGGTGGCACCCAATTGC	0	0	0	0	0	0	0	0	42
GAATTATCTTTATAACTCGTATCTCTTCAG	0	0	0	0	0	0	0	0	17
GAATTCACGTGTGCTTCTCAAGTATCTGGG	0	0	0	0	0	0	0	0	2303
GAATTCCGCGCTATACATAACTCAGAGATT	0	0	0	0	0	0	0	0	72
GAATTCGACGGGCATAAGGGGCTATGGCAG	0	0	0	0	28.57608696	74.09	47.31472081	0	0
GAATTCGATTTTCTGGTTCCGCAAGTAATT	0	0	0	0	0	0	0	0	90
GAATTCGTTACGAACTCCTAATACAATTTC	0	0	0	0	0	0	0	0	267
GAATTCTACTTGAACTAAGGGTGACTATTG	0	0	36	0	75.33695652	0	0	0	100
GAATTGGATATGAGTCCTTCACTTGGGTTT	0	0	0	0	0	0	0	0	1065
GAATTGGGGTAGATATTGTCTCTCGACAAT	0	0	0	0	0	0	0	0	266
GAATTTAACTGTCGCCATCCGTTTTTTCCC	0	0	0	0	0	0	14.55837563	0	21
GAATTTAATTCTATTTTTTGCCTAACCCTG	0	0	0	0	0	0	0	0	165
GAATTTATGATATTAGTAAGGTTACTTCTA	0	0	0	0	0	0	0	0	415
GAATTTATGGAATACGTATGAAGCGTGGAA	0	0	0	0	0	0	0	0	1977
GAATTTCTACAGCAACAGTGTTATCCAATA	0	0	0	0	0	21.51	0	0	0
GAATTTGATAGGTGTAGTTTTCCACCTTTT	0	0	0	0	0	0	0	0	339
GAATTTGCTATGTCAAACTTGTCTAAAGAG	0	0	0	0	0	0	0	0	1008
GAATTTGCTGTCCTGGCTATATCTTGGTCG	0	0	0	0	0	0	0	0	278
GACAAAACACGAGTAATTGTCTAATGTATT	0	0	0	0	0	0	0	0	177
GACAAAGTTCACTAGTTTTGTCTACAGCGT	0	0	0	0	0	0	0	0	1368
GACAACACATACGCTGTTACAATCTTTGAT	0	0	0	0	0	0	0	0	1047
GACAACAGATCGATCACACGGTATATTAGC	0	0	0	0	0	0	0	0	1417
GACAAGGGGGGGCACGTGGCGCTAGTCATG	0	0	0	0	0	0	0	0	1753
GACAAGTGATAATCTTGACCTGGGGTAATT	0	0	0	0	0	0	0	0	2877
GACAATCTGTCTGGGCATTGCGAGATAGAA	0	0	0	0	0	0	0	0	1071
GACAATGCATTAAGACGCGGGTTATGGGCT	0	0	0	0	0	0	0	0	1716
GACAATGGCCGATTGATATTCAATGCATAA	0	0	0	0	0	0	0	0	364
GACAATGGGTGGCGATATAGGGTGCAGGCG	0	0	0	0	0	0	0	0	3240
GACAATGTCTCCTCATGGAAAGACCGGGGG	0	0	0	0	0	0	0	0	476
GACAATGTGCATAGGGTGGCTTGCAAGACC	0	0	0	0	0	0	0	0	226
GACACAGGTTTATCAGACTGTATAGAAGGT	0	0	0	0	0	0	0	0	26
GACACGTTCGGGCTGGTCTTGCCTTGGAAT	0	0	0	0	0	0	0	0	661
GACACTACTGGTATGTGACACTCATTGATG	0	0	0	0	0	0	0	0	1973
GACAGAAGTCCATTTTACTATGCGGTTCAT	0	0	0	0	0	0	0	0	640
GACAGAGTCCCGAGCGGACGTCTTTTTGAT	0	0	0	0	0	0	0	0	333
GACAGCGCCTGTTTTAGCGTGAGATGTGCG	0	0	0	0	0	0	0	0	1776
GACAGCTACTCCACTTCTTTACCTGGAGAC	0	0	0	0	140.2826087	0	0	0	3386
GACAGCTTTTGCTACGGTATTCTGGGTAAG	0	0	0	0	0	0	0	0	25
GACAGGAGGGCGTAGGCAGGGGCGGGGTGA	0	0	0	0	0	0	0	0	635
GACAGGGTCTATGCGCTTGTGAGCCTTGTG	0	0	0	0	0	0	0	0	464
GACAGGTCGCTGCTGTTTAGTTGTAGGTCC	0	0	0	0	0	0	0	0	686
GACATATTGCATTGTCTTTGATTGTTCATG	0	0	0	0	0	0	0	0	3191
GACATCCAGATTACAACCGTGCTCGTAGAA	0	0	0	0	0	0	0	0	2927
GACATCGAGGAAGGCGGGAGGCGTGCGTGT	0	0	0	0	0	0	0	0	1340
GACATCGATGCCACGCTTATCATCGGGGAG	0	0	0	0	20.7826087	0	0	0	0
GACATGCCAAAAACATTAAGCATTCATTCC	0	0	0	0	0	0	0	0	2239
GACATGCGTATTCTTTTAGTACAAAGAGTA	0	0	0	0	0	0	0	0	1546
GACATGGTTTTTGGTAGTTGGGTAGGGGGA	0	0	0	0	0	0	0	0	121
GACATGTGAGCGCCCCAGCTAAACATGGGT	0	0	0	0	0	0	0	0	779
GACATTAGCTATGTCTTATAGCACGGCGAG	0	0	0	0	0	0	0	0	189
GACCAAGGTCGGCAGCCTGGGGGACTGGTG	0	0	0	0	0	0	0	0	1829
GACCACGGAGACTAGAGTAGAATGGCAGTG	0	0	0	0	0	0	0	0	4715
GACCAGGGAGGGACGTAAGGGCGGGTGGTT	0	0	0	0	0	0	0	0	591
GACCAGTGGTGGTGGGCAGGGAGTGGCATG	0	0	0	0	0	0	0	0	1003
GACCATACACGTTTTAAGGGTGTGCTAAAA	0	0	0	0	0	0	0	0	1346
GACCATCATACTTGAAGTAGTGTAGCTCCT	0	0	0	0	0	0	0	0	1064
GACCATGGCGAGCGCGCGCGATAGAGACGC	0	0	0	0	0	0	0	0	903
GACCCGTTCCTTTTCAGTCTATAGTCATCC	0	0	0	0	0	0	0	0	47
GACCGCGCACAGGCCTGCCGGGCGGGCATG	0	0	0	0	0	0	0	0	66
GACCGGGTGAACGCAGTTCTTCTGAACGGG	0	0	0	0	0	0	0	0	1237
GACCGGTTCACATGCATTATTGTAAATGGG	0	0	0	0	0	0	0	0	382
GACCGTGTATTATCTGATAGTATCTTAGTC	0	0	0	0	23.38043478	0	0	0	35909
GACCTATAGCATTGGTCGCGCAACTGATCA	0	0	0	0	0	0	0	0	2184
GACCTCTTCATATGGTTATGAAACTTTAAC	0	0	0	0	28.57608696	0	0	0	0
GACCTCTTTAGCTCCGTAACATTACGGTGG	0	0	0	0	0	0	0	0	211
GACCTGATGTGGGGTCGTATGTTAACTTCA	0	0	0	0	0	0	0	0	85
GACCTGGCATGGGGTCAGGTAGGATGTCGG	0	0	0	0	0	0	0	0	540
GACGAACGAGAGGGTGCGGGTGCGAATGGG	0	0	0	0	0	0	0	0	6254
GACGAATAGGCAGGCAGCCTTCGTCCGCGT	0	0	0	0	0	0	0	0	1936
GACGACCCTATTGAGGACTTCCTAGACTAA	0	0	33	0	18.18478261	31.07	0	0	9099
GACGACTCGCTAATTTCGGTATTGCTACGA	0	0	0	0	0	0	0	0	92
GACGACTTCGTGAGATTTACGTGAGGCCTG	0	0	0	0	0	0	0	0	454
GACGAGCGTAGCACCTCGGTTCCGCTATCT	0	0	0	0	18.18478261	0	0	0	3101
GACGCCGGGTCCATTGTCCTCCTTCCCAAG	0	0	0	0	0	0	0	0	625
GACGCCTCGCGTGTTTTTCAGGGTGCCTGC	0	0	129	0	23.38043478	0	0	0	60
GACGCCTCGTTTGGATATTGGACCGATTTC	0	0	0	0	0	0	0	0	625
GACGCCTGGCTTAGTGCGGAGCGCGCGGGG	0	0	0	0	20.7826087	0	0	0	1050
GACGCCTTATTTGCGTTTAGAAAAGGATCT	0	0	0	0	0	0	0	0	435
GACGCGAAGGATGGATCACCGAACGCAAAC	0	0	0	0	0	0	0	0	274
GACGCGATAAAGTCAATAGGTTACTTACTA	0	0	0	0	0	0	0	0	975
GACGCGGGGGCGTCGTTACGGTGGGGCGCT	0	0	0	0	0	0	0	0	608
GACGCGTCTGGTGACGTGTGTTTTGTATTG	0	0	0	0	0	0	0	0	825
GACGCTACTTGTACTCCGTGGTTTGACAGC	0	0	0	0	0	0	0	0	812
GACGGACTCGAGGCTAATTGCACGTTGGGA	0	0	0	0	0	0	0	0	869
GACGGCCTAGCCGATACTCTTCAGACTAAA	0	0	0	0	0	0	0	0	324
GACGGGCGTGGTTGGGGGGTTAAAGGCGTA	0	0	0	0	0	0	0	0	37995
GACGGTCCCCAGCCTCTACATCCTCCATGG	0	0	0	0	0	0	0	0	138
GACGGTTCTTATTCCATGCGCGGCCCCCTG	0	0	0	0	0	0	0	0	654
GACGTAAATGGTGGCATCTACGCTGTAGAG	0	0	0	0	0	0	0	0	1193
GACGTAATAGGACAGTCGCCCGCCGATGGG	0	0	0	0	0	0	0	0	568
GACGTAGGTCGAGGATAGTGGTGTTTGCAT	0	0	0	0	0	0	0	0	78
GACGTCTTGGATACGGATGTAGGGCACATG	0	0	0	0	0	0	0	0	24
GACGTTCCCGTTTTCGTCGAAAGACCAAGT	0	0	0	0	0	0	0	0	90
GACGTTTCTAAGAAGTTGTCTGATGACCAT	0	0	0	0	0	0	0	0	1886
GACTAAAAACGACTCTTCTGTAGTGTAGGG	0	0	0	0	0	0	0	0	48
GACTAAACACAGTCGCATCATAAATGCATC	0	0	0	0	0	0	0	0	156
GACTAACTATTTAGCTGAACGTACCCGAAA	0	0	0	0	0	0	0	0	571
GACTAATTGTGAGCGTTCATGCAGGGGTAA	0	0	0	0	0	0	0	0	1192
GACTAGGGCCTACGCCTTGCTGTGATTTAC	0	0	0	0	0	0	0	0	597
GACTATGAGGTGGGGCGATGTGCAATTGCA	0	0	0	0	0	0	0	0	1212
GACTCATATTCGTGAACTATGAATCTATCT	0	0	0	0	15.58695652	0	0	0	2335
GACTCCAAGGAGACGCGCGGTGAGAGAGGT	0	0	0	0	15.58695652	0	0	0	1542
GACTCCCGTTAATCGTGGCGAGAGCATGAA	0	0	0	0	0	0	0	0	52534
GACTCGTCACACAAATTTTTTTCAGGCATG	0	0	0	0	0	0	0	0	583
GACTCGTTTAGACAATGTCTGTAGCTGTTT	0	0	0	0	18.18478261	0	0	0	19
GACTCTGTTATGCGTCTGGTCGTATTTCAC	0	0	0	0	18.18478261	0	0	0	3240
GACTGCGGACGGGAGGCCATATCTGGGGTT	0	0	0	0	0	0	0	0	599
GACTGCGTGTAGTGCCTTTATTCCGGAATA	0	0	0	0	0	0	0	0	1470
GACTGCTCAGGGAACCACCAAATGCATCGT	0	0	0	0	0	0	0	0	1705
GACTGGGAAGCGGTTTTTGAGCTTGTAGTT	0	0	15	0	18.18478261	0	14.55837563	0	144
GACTGGTATGCCCATACATTCCTCGTGGCT	0	0	0	0	0	0	0	0	222
GACTGTTGGCATGTAACTACGTCGGTGGCT	0	0	0	0	0	0	0	0	688
GACTTGACCACTTGGAGTACATTCTGCAAA	0	0	0	0	0	0	0	0	949
GACTTGGCATCAATAAGTTGTAAATGTATG	0	26.77593361	0	0	15.58695652	0	0	0	2020
GACTTGGCGCTGGTATTGATTTACGACGTC	0	0	0	0	46.76086957	0	0	0	753
GACTTTAAGCACAATGTCCAGAGTCTATCA	0	0	0	0	0	0	0	0	899
GACTTTGGTCTTGTCGCACAGGAGAGATCA	0	0	0	0	23.38043478	0	0	0	0
GAGAAAAGGGGCTGGGATTGGTACACGGAG	0	0	0	0	0	0	0	0	52
GAGAAAGACGCACCCCATTCCAACCGCTCT	0	0	0	0	0	0	0	0	1496
GAGAAAGTTAACTAAACGGTCAGACCGGTA	0	0	0	0	0	0	0	0	1059
GAGAACGTTGACACTACTGCGACCTCCTAG	0	0	0	0	0	0	0	0	4931
GAGAATGGATACCCCACAGAGTTGTCCGGT	0	0	0	0	155.8695652	0	0	0	2916
GAGAATTTCGACAGTATCAATCTTGCCCTA	0	0	0	0	25.97826087	0	0	0	14369
GAGACAGGGCGTGGTCGGGGCGGGCGGGTA	0	0	0	0	0	0	0	0	1863
GAGACCGCAGCTTGTGCAGTCTTTGGCTCA	0	0	0	0	0	0	0	0	52
GAGACCTCCACTAAATCAATTGTATGTGAG	0	0	0	0	0	0	0	0	337
GAGACGGTTGGAACTCACAGCGTGGGTCGG	0	0	0	0	0	0	0	0	1613
GAGACGTGACTGGGCGGGATGTCGGCGGGC	0	0	0	0	0	0	0	0	2122
GAGAGAAGGCGGCGATGAGTGGGGTGGGGG	0	0	0	0	0	31.07	0	0	0
GAGAGAGGGACGAGTGGGTGCAGAATGGGG	0	0	0	0	0	0	0	0	1668
GAGAGCGGGGGCCAAAGCAGGTTTGTGTTA	0	0	0	0	0	0	0	0	592
GAGAGCGTAGCTGAGGCACGCGACCTGCTG	0	0	156	0	41.56521739	0	0	0	33
GAGAGCGTTGGGCTGGTGTGACCTATCATC	0	0	0	0	0	0	0	0	278
GAGAGCTTCGGGGTGGCACGGGTTCGTAAG	0	0	0	0	0	0	0	0	796
GAGAGGTGGAACGGCCAGCGCGGCCGCTAC	0	0	0	0	0	0	0	0	643
GAGAGTCCTTAGCGTGCTTGGAGGCAGGCG	0	0	0	0	0	0	0	0	2021
GAGAGTGACTAATTATTCCTGCCGTGTTCC	0	0	0	0	25.97826087	62.14	0	0	3056
GAGAGTTCTTCCGGAGCGCCAGTTGAAAAT	0	0	0	0	358.5	0	0	0	892
GAGATAGAGCACTACACTGAATATACTTAT	0	0	0	0	0	0	0	0	1023
GAGATATCCCCATGGGCTGGTTTTTACGAG	0	0	0	0	85.72826087	0	0	0	622
GAGATGCGTTGCTGGGACGAACGGACCGGG	0	0	0	0	0	0	0	0	1845
GAGATGGGTGCACTAGGACCTGGGTTCCGG	0	0	0	0	0	0	0	0	1665
GAGATTCATATCCTCAGTGATACGCCATCG	0	0	0	0	0	0	0	0	1250
GAGCACAGAGGAAAAGTAGGGTGAAAGGGT	0	0	0	0	0	0	0	0	361
GAGCACCAACAATGACCAGATGAGGGAGAT	0	0	0	0	0	0	0	0	51
GAGCACCCCAGGCTTGATCGTTTGTGCTAG	0	0	0	0	0	0	0	0	723
GAGCAGCCGGACGCTGCAGCCGGCGCAGGA	0	0	0	0	0	0	0	0	1713
GAGCAGGATGTAGTATCTAAATTTTAAGTC	0	0	0	0	0	0	0	0	538
GAGCAGGGCTACGTTGCAATGTACAAAAGG	0	0	0	0	0	0	0	0	48
GAGCAGGTAAATCGGTAGGGACTAGGGGAA	0	0	0	0	0	0	0	0	431
GAGCAGGTTTAACTTAGAGCTTCCGTTATG	0	0	0	0	0	0	21.83756345	0	0
GAGCCAAGGTATATCGGTCGAATGATGGAG	0	0	0	0	0	0	0	0	2257
GAGCCAAGTCACCAGTCTTCCAAGTTCGCT	0	0	0	0	0	0	0	0	128
GAGCCACTTGATGTGGTCCTGCCGTCGACT	0	0	0	0	0	0	0	0	182
GAGCCCTCGAGTATCAGTTTTTGAGTTTAA	0	0	0	0	0	0	0	0	31
GAGCCGGGCCGGTGTAGGTAGGCGGAGGCC	0	0	0	0	0	0	0	0	198
GAGCCGTTTGGCGGATATCCGGCTGACGGC	0	0	0	0	0	0	0	0	2219
GAGCCTATAAGGATTAGGCCAGGTCTCTTT	0	0	0	0	0	0	0	0	3383
GAGCGATTATGTTCTGTAGAGTGGCGGGGG	0	0	0	0	0	0	0	0	3763
GAGCGCGCGGGGGGTTCAGCCCGGCGCCAT	0	0	0	0	25.97826087	0	0	0	0
GAGCGTAGTTAGCGAAAGTCTGCACGCTCG	0	0	0	0	0	0	0	0	3101
GAGCGTCTGCAGGGGGTCGGGGTTACACAG	0	0	0	0	0	0	0	0	280
GAGCGTTCTAGCAGATATAAGTGCCTGAAA	0	0	0	0	0	0	0	0	120
GAGCGTTTATTGTTCAAGTATTATACTTCT	0	0	0	0	0	0	0	0	168
GAGCTAACGTCCCACATAGACTGAACATTG	0	0	0	0	0	0	0	0	2530
GAGCTACTTTAATCCAGCGCCTCTGGTAGG	0	0	0	0	0	0	0	0	114
GAGCTGTCTAGAGAGGTGGGCTACTTCGTG	0	0	0	0	0	0	0	0	271
GAGCTTACCGGGGACCGAATCGGTGCGAGG	0	0	0	0	0	0	0	0	2328
GAGCTTCTTGCAAGGCATGCGTAACAGTAG	0	0	0	0	0	0	626.0101523	0	0
GAGCTTCTTTCGGTTGTATCGTGATACACT	0	0	0	0	0	0	0	0	2506
GAGCTTGACGTGGTAGTGGAGTTGCCGGGC	0	0	0	0	0	0	0	0	209
GAGCTTGCGCGTTCGCGCGCCAGCAAGTGT	0	0	0	0	0	0	0	0	1026
GAGCTTTAGATGTGCGGTTTCGTAGTTTCT	0	0	0	0	0	0	0	0	684
GAGGAACCGTTGCCTCCCGGCGGTGGGCTG	0	0	24	0	23.38043478	0	21.83756345	0	338
GAGGAATTCTTGTTACGTTTTCGCTGCGTT	0	0	0	0	0	0	0	0	61
GAGGACAGGACCGCCCTTTGCCCTTTCAAA	0	0	0	0	0	0	0	0	572
GAGGATACTAAGCGTGCAGAGTGGTGGTTG	0	0	0	0	54.55434783	21.51	0	0	0
GAGGATTCAGTGTGTAGCGGGATGTTTGAA	0	0	0	0	0	0	58.23350254	0	0
GAGGCACCATCCGACACGCTGGGTCTCGTT	0	0	0	0	0	0	0	0	431
GAGGCACGGAAGGTGATGGCGCTGTAGGAT	0	0	0	0	0	0	25.47715736	0	0
GAGGCCGATTAGCAGGCAACCTACATTATG	0	0	0	0	0	0	14.55837563	0	30
GAGGCCGCACTGGAATTTCCTTCTGACCAC	0	0	0	0	0	0	0	0	2562
GAGGCCTACACGTGGTTTGTCCATAACAGC	0	0	0	0	0	0	0	0	230
GAGGCGGTGATTTCGGGTATCCCTCAGGTC	0	0	0	0	0	0	0	0	1390
GAGGCGTCAGAAGCGTTTCGAAGAGTGCGT	0	0	0	0	0	0	0	0	39
GAGGCTAACCGGTGGGGGTGTGTAGTGGCG	0	0	0	0	0	0	0	0	2788
GAGGCTGTTTGAGGTATTTGATTTCTTGTC	0	0	0	0	0	0	0	0	58
GAGGGACGAACGAGGAAGAGGTCGGACGGT	0	0	0	0	0	0	0	0	588
GAGGGAGTTTACGGAGGCTGTGCCGGGGAG	0	0	0	0	0	0	0	0	56
GAGGGCCACTGATTTTGACACCAGCGTGGC	0	0	0	0	0	0	0	0	1372
GAGGGGGGATTGCGCATCCGTGGTTGGAGC	0	0	0	0	0	0	0	0	2560
GAGGGGGGGCCGTCTGGACATCGAAACGGT	0	0	0	0	0	0	0	0	169
GAGGGGGGTGTAGTAGGGCTGTGGCTCGAG	0	0	0	0	54.55434783	0	40.03553299	0	6655
GAGGGGTGACAATGGTAAGGCCAAAAAAAT	0	0	0	0	0	0	0	0	926
GAGGGTACATCTAGGACTGGTCTATTCTCG	0	0	0	0	0	0	0	0	1979
GAGGGTCCCGCAAGTTTTACGTTAGCTAAA	0	0	0	0	0	0	0	0	1894
GAGGGTCTCGTAGACGTCATTCGTAAACGT	0	0	0	0	0	0	0	0	24
GAGGGTGATTGACGGCCGTATGGAAGGCGA	0	0	0	0	0	0	0	0	2805
GAGGGTGTTATGGTGAGATCGTGCAATGGT	0	0	0	0	0	0	0	0	414
GAGGGTTGTGCTTCTTGCATCAACAATTCT	0	0	0	0	0	0	0	0	1943
GAGGGTTGTGGGTCCGTGGATTTGAACGGT	0	0	0	0	0	0	0	0	30
GAGGTACTATCCAATGAGGCGGGAAGTGCG	0	0	0	0	0	0	0	0	3473
GAGGTAGCCTGTCGGAGTGGGGGGAAGTGT	0	0	0	0	0	0	0	0	1516
GAGGTATCCGTTCGGCACTGGTATTGCGAG	0	0	0	0	114.3043478	16.73	0	0	35192
GAGGTCGTATAAACAATTGGAACATGGGCA	0	0	45	0	0	0	0	0	101
GAGGTGTGGTGCTGTGCGTACGGCGTTCCC	0	0	0	0	0	0	0	0	1388
GAGGTTATGACCTCCGTTTAGACGAGCGGC	0	0	0	0	0	0	0	0	52
GAGGTTGTCGTTGTGATGAGTCACGAATAC	0	0	0	0	0	0	0	0	1487
GAGGTTTTGACGGATTGTTGCGTGGATTCT	0	0	0	0	0	0	0	0	3081
GAGTAACGTAAAGAAAGGTAGATATCTATT	0	0	0	0	0	0	0	0	420
GAGTAAGATTTGTATGTTGCCCCGTGGGAT	0	0	0	0	0	0	0	0	382
GAGTAAGTTTCACTATGACTGAGTATCCGT	0	0	0	0	0	0	0	0	1610
GAGTACAGTACGCTCTTAGGAGCTTCCGTT	0	0	0	0	0	0	0	0	375
GAGTACTCTGCTCGTATCGTGGGCTCCGCG	0	0	0	0	0	0	0	0	958
GAGTAGGGTCCAGGGCAGGCGAGGGTTAGG	0	0	0	0	0	0	0	0	1377
GAGTAGTATGTGTCGAGCTACGTTTCAGCT	0	0	0	0	0	0	0	0	874
GAGTAGTGCATACCAGTGGCGCTGGGGGAC	0	0	0	0	0	0	0	0	707
GAGTATAGTGTAGTTGTACGTCCGCTCGTG	0	0	0	0	0	0	0	0	14
GAGTATCTTTGCTCTTGTTAGCGGTGCATC	0	0	0	0	0	0	0	0	566
GAGTATTAACGATTTTGTACTATGCATAGA	0	0	0	0	0	0	0	0	1794
GAGTATTCAATGCTTATGCCACCACAGACT	0	0	0	0	0	0	0	0	33
GAGTATTGATTGTTGCTGGGTCCCATATGT	0	0	0	0	0	0	0	0	60
GAGTATTTGGCCGCCTTGTTGCTCGTAATC	0	0	0	0	0	0	0	0	755
GAGTCGCCTGGGAGGGCAGGGTTAAGGGCT	0	0	0	0	0	0	0	0	618
GAGTCGGCTAGGTAACTTGTGCGTCGTCGC	0	0	0	0	0	0	0	0	66
GAGTCGTGCCTCAACGGTTTGACCTAAGTT	0	0	0	0	0	0	0	0	81
GAGTCTCACTCTCCACTAAGCTAGAATGAC	0	0	0	0	0	0	0	0	14
GAGTCTTAACCGCATTATCCATAATTAGGC	0	0	0	0	0	0	0	0	50
GAGTGCCGTGTTCAGGACGCTAGTTCTGAG	0	0	0	0	0	0	40.03553299	0	1685
GAGTGCGGCAACCTAGAGAGTTAGACCATA	0	0	0	0	0	0	0	0	30
GAGTGCGTATAGCGTAAAACTGCCGCGCGA	0	0	0	0	0	0	0	0	779
GAGTGGAGGGAAGTGGGGGGGTCGTCGATA	0	0	0	0	0	0	0	0	1344
GAGTGGATAAGACCTCAACCGGTTCCACTG	0	0	0	0	96.11956522	0	0	0	412
GAGTGGCGGGTCAAGGGGGTCAAAGTGTAT	0	0	0	0	0	0	0	0	195
GAGTGGGATGGGCGCTGGTGGGTGCGCCTA	0	0	0	0	0	0	0	0	655
GAGTGGGGTGACTGCGTCGCGGGTGCACGC	0	0	0	0	0	0	0	0	516
GAGTGTAACCGAACTGCTTTTCAAGGCAAT	0	0	0	0	0	0	0	0	1781
GAGTGTGGAGGTGGGCTATGCCCAGAGTTC	0	0	0	0	0	0	0	0	3785
GAGTGTGGTGGAGGTGTGGTTGTAGCGTCT	0	0	2337	0	25.97826087	0	0	0	123
GAGTTAATAGAGTCCCCATTCGCCGTATCC	0	0	0	0	0	0	0	0	563
GAGTTACTCACTAGAGCCACTATTGCTCAA	0	0	0	0	0	0	0	0	937
GAGTTAGGCGCGGCTCAGCGGGGCAAAAGC	0	0	0	0	0	0	0	0	171
GAGTTCGTAAGTTTAGAAGCCTAGCGTTCC	0	0	0	0	0	0	0	0	88
GAGTTCTACCTCCATTGTGCATTATCGCGC	0	0	0	0	0	0	0	0	11230
GAGTTGTGTACCGGTTTTTGAACCTACTTT	0	0	0	0	0	0	0	0	166
GAGTTTACTCTCCGGTTTCAGGTGCAGATT	0	0	0	0	0	0	0	0	1199
GAGTTTCCCTGCAAGGGAATCCATCGTTTG	0	0	0	0	38.9673913	521.02	47.31472081	0	16
GATAAAATGTGAGCGCCTTCACACAAGGCG	0	0	0	0	0	0	0	0	845
GATAACACAAATGCCTACGTATTAGAGTCT	0	0	0	0	0	0	0	0	362
GATAAGGATACAAAAGCACACTTGTATGAC	0	0	0	0	0	0	0	0	257
GATAAGGATCTACCGGGTGTGCTAAGTCTA	0	0	0	0	0	0	0	0	990
GATAAGGATGCACTAACTTACAGAAACTCC	0	0	0	0	0	0	0	0	1651
GATACAGGCGAGGTACGTTAAGGGCGGCTG	0	0	0	0	0	0	0	0	1159
GATACATATTGTGCGATCAAACCGGTAGGG	0	0	0	0	0	0	0	0	1961
GATACATGTTCTCAGGATAAAGCTACCGAT	0	0	0	0	0	0	0	0	1242
GATACATTCTGTTAAGTGTCGTTATTAATG	0	0	0	0	18.18478261	0	0	0	1027
GATACCAAGGATGTCGCTATGGAGTGAAAC	0	0	0	0	0	0	0	0	25
GATACCGACGACTCACAACCCAATGGGTAT	0	0	0	0	0	0	0	0	48
GATACGACAAGAAGTTTGGGCCCATGACGT	0	0	0	0	0	0	0	0	366
GATACGATTGCGATTGACTTGCTACGACGC	0	0	0	0	0	0	0	0	7631
GATACTGCTGGTCCATCCTCACAAGGATCA	0	0	0	0	44.16304348	0	0	0	0
GATAGACTGCGTTCTCCGGTGTAAATTTAT	0	0	0	0	25.97826087	0	0	0	4305
GATAGATTTCATCTGATCCTTACCTAAAAA	0	0	0	0	0	0	0	0	1875
GATAGCATACCAGTGCTATCGCGGGTTTGC	0	0	0	0	0	0	0	0	68
GATAGGAATTTTTTAATTTTAGGACGTGTT	0	0	0	0	0	0	0	0	21
GATAGGGGGCCGTGTGAGGGTCTCCGGTCT	0	0	0	0	0	0	0	0	1239
GATAGTCAGTCTCCTTAATGCAATCGCTTA	0	0	0	0	0	0	0	0	935
GATATAGATAGAACTGTGAGAGAACTTAGG	0	0	0	0	0	0	0	0	338
GATATCTACTTATATTGTCTTCGAGAGGCC	0	0	0	0	0	0	0	0	2446
GATATCTGCTCTTCTTTGAGATTCCGTGGA	0	0	0	0	0	0	0	0	422
GATATGGACTTGTCGTGGTAACGTTAGCTG	0	38.67634855	27	0	31.17391304	21.51	0	0	7654
GATATGGTGGTGGTTGGAAAGGGCTTAGGG	0	0	0	0	0	0	0	0	387
GATATGTGGTACGATCCAATAGTAATGGCC	0	0	0	0	0	0	0	0	2130
GATATTGCCAAGTGGCTAAAGGGTTAACGT	0	0	0	0	0	0	0	0	2568
GATATTGTTATGTTTGTCTAGTGCGTCGGC	0	0	0	0	15.58695652	0	0	0	863
GATCACTGGATAGGTGGGTTTCCTGTTTGC	0	0	0	0	0	0	0	0	729
GATCAGCACGGTCCAACTTGTTAGCCTGAT	0	0	0	0	0	0	0	0	3450
GATCATATACGGGATGATCATTCCAATCAT	0	0	0	0	0	0	0	0	150
GATCATCGTAGTTCGGGACGTTGACGGGGG	0	0	0	0	0	0	0	0	2027
GATCATGTGCAAACCGCGATTTAAATCGCT	0	0	0	0	0	0	0	0	4406
GATCATTGTGGCCATTTGTTGGCTTGGCAG	0	0	0	0	0	0	0	0	15
GATCCAGGACCATAGTTGCACAACGTGACC	0	0	0	0	0	0	0	0	2752
GATCCCGCATCAGGAAGAACCATCTCTTTT	0	0	0	0	0	0	0	0	1609
GATCCGAGGGGAGTGGCGGTTTTGCGTGCA	0	0	0	0	0	0	0	0	3075
GATCCGCGGCCATGGCAGTGAATCTCAGGT	0	0	0	0	0	0	0	0	1108
GATCCGTACCGCTCTAGCTTCAGCATCGAC	0	0	0	31.17391304	0	0	0	0	1893
GATCCTGTGCACTCTCGGGTGGTGTTACTG	0	0	0	0	0	0	0	0	1613
GATCCTTGATTGTCGCACCGCGTGTTGGTG	0	0	33	0	28.57608696	69.31	0	0	53
GATCGAATACATAGCGGATGCAGATCGGCA	0	0	0	0	0	0	0	0	170
GATCGAGTAATTCTGGGTCGTGATGTTCGC	0	0	0	0	0	0	0	0	144
GATCGGAGTAATATCGTTTCACTATCGATT	0	0	0	0	0	0	0	0	38
GATCGTACACACCTATCGGGCGGAGTCGAG	0	0	0	0	0	0	14.55837563	0	667
GATCTACTGTTAGCAGGGTTCGTTTTTTCT	0	0	0	0	0	0	0	0	2928
GATCTATAACGCCTTCCAGTTGCTACGTAG	0	0	0	0	0	0	0	0	67
GATCTATGCTTTTCTGAGGCCAGTGGAAAC	0	0	0	0	0	0	0	0	39
GATCTCGTCTAAGGACACCCTGCACTTTCT	0	0	0	0	77.93478261	0	0	0	164
GATCTCGTTGTGATTCGAGTATTTGCGTGC	0	0	0	0	0	0	0	0	656
GATCTCTCTGACCAAGCTCTACGTCTTAGG	0	0	0	0	0	0	0	0	1971
GATCTGGGTGAGTGTTTCCAATCCCCACCG	0	0	0	0	0	0	0	0	1386
GATCTGTACGGGATATGGACGATCGGTAGT	0	0	0	0	0	0	0	0	1753
GATGAAGGTTTACATCTTAGCCAGATAGTG	0	0	0	0	0	0	0	0	113
GATGAATGCGAGGGCGAGGTGTCGTAGGAG	0	0	21	0	49.35869565	19.12	0	0	0
GATGACTACGCTGTCACCTGGGATATTGTC	0	0	0	0	0	0	0	0	468
GATGAGCGAAGGTTGGGCAGGAGAACACTG	0	0	0	0	0	0	0	0	1300
GATGATTACGGAACGGGGTGGTGTTCACTT	0	0	0	0	0	0	0	0	2523
GATGCATCCAGTGAGCTTGGTGGGGGCATT	0	0	0	0	0	0	0	0	47
GATGCCCTCGCGAAGGCGCTTACACTCTGG	0	0	0	0	0	0	0	0	1783
GATGCGGGTTTACGAACCGCGGGTAGGGCG	0	0	0	0	18.18478261	0	0	0	0
GATGCTAATGCGTGGGTGGGGAGTCGAGCG	0	0	0	0	0	0	0	0	1119
GATGCTGAGCCATCGGAGGGGATTTGAAGC	0	0	0	0	15.58695652	0	0	0	19
GATGCTGATTATGTTATGCTCTACCACCAT	0	0	0	0	0	0	0	0	167
GATGCTGCCAAAAGGTTAAACCAAGCGGGG	0	0	0	0	0	0	0	0	745
GATGGACGGGTATTACGAGGTAGTCTGGCT	0	0	0	0	15.58695652	0	0	0	5917
GATGGAGGTTGGTCTCGGCTGCAGTTCGGG	0	0	0	0	132.4891304	0	0	0	313
GATGGATAGATGCGAGTTACTGCATCAGGG	0	0	0	0	0	0	0	0	1129
GATGGCCTTTACAACATGTCGGGAGCTACG	0	20.82572614	0	0	0	0	0	0	0
GATGGCGGGAAGTGTCGGAGAGTGGGGTCG	0	0	0	0	15.58695652	0	0	0	0
GATGGCGTTTGTATGTTTACCTGTGGAGCT	0	0	0	0	0	0	0	0	721
GATGGCTCCATTCGGCTCCGGATATTTAAT	0	0	0	0	0	0	0	0	19
GATGGGTCGTAGCGGATGTGTTCGATTTCG	0	0	0	0	0	0	0	0	86
GATGGGTTTCATGAACGGCGGCTGCTTATA	0	0	0	0	0	0	0	0	172
GATGTAAGTTCAAGATAATCTTACGGATTA	0	0	0	0	0	0	0	0	23
GATGTATAATGCAAGCGTCTATTACGGCGT	0	0	0	0	0	0	0	0	2223
GATGTATCTAGGCCCATGCTGAGTGTCATG	0	0	0	0	0	0	0	0	1257
GATGTCACCCTCATAAGAAGTCGTTTCTGC	0	0	0	0	0	0	0	0	975
GATGTGCAAAGTTTGGTGTATTATCCAGCG	0	0	0	0	0	0	0	0	578
GATGTGCAGGATGCGCGTACGGATCGGGGG	0	0	0	0	0	0	0	0	1134
GATGTGCTTTTTTGTGTGTAACAAGACAGG	0	0	0	0	0	0	0	0	678
GATGTGGCCTCGTTAATACGGTTTCATCTG	0	0	0	0	0	0	0	0	1082
GATGTGTACTCGTGAATTTAACTTAAACAG	0	0	0	0	18.18478261	0	0	0	291
GATGTGTGGTTAGTGGGTTAAACTACCAGT	0	0	0	0	0	0	0	0	2581
GATGTGTTTTAGCATAAAACGACAGAGGTG	0	0	0	0	0	0	0	0	122
GATGTTCCCGCCTCCCTTTGGTTCTTGGTG	0	0	0	0	15.58695652	0	0	0	112
GATGTTCGCGCCGCTTCGGCTCTGGGGAGT	0	0	0	0	0	0	0	0	381
GATGTTGCTCTAGACATTCATTCTGCGGCT	0	0	0	0	0	0	0	0	2411
GATGTTTCGAGTCCTTTGGACGTGGCTATC	0	0	0	0	0	0	0	0	1246
GATGTTTGCCAACAATACTCTCTACGAGTG	0	0	0	0	41.56521739	0	0	0	1540
GATTAAGTTCTTGCCCAGTGGTGTCCCGAT	0	0	0	0	20.7826087	21.51	0	0	429
GATTACCGAAACTAGACGCCTCTTCTAGGT	0	0	0	0	0	0	0	0	340
GATTAGCGGACGGCGTGGGAGAAGTACCGA	0	0	0	0	0	0	0	0	109
GATTAGCTTGGGTTGTGTGGCGTTATCCTT	0	0	0	0	0	0	0	0	5159
GATTAGTCTGGCTTAGTGATGAATAATCAC	0	0	0	0	49.35869565	0	0	0	0
GATTATCATTTGGATCGCAGATCGGTCCAT	0	0	0	0	0	0	0	0	1414
GATTATTCGGCACATGAGGGGGGTAGCCTG	0	0	0	0	0	0	0	0	38
GATTATTTGTGTTCTGTCGGAAATGTTGTG	0	0	0	0	25.97826087	0	0	0	4286
GATTCAGTTTCTGCATAAGGATGTTTCGCA	0	0	0	0	70.14130435	0	0	0	1349
GATTCATAGGGGTCGTACAGCCCTGGCTGA	0	0	0	0	0	0	0	0	1024
GATTCCCAATTCAAGAGTTGTTGAAATATA	0	0	0	0	0	0	0	0	927
GATTCCGCATGGGCCACAATGTTTGCGGTA	0	0	33	0	80.5326087	28.68	134.6649746	0	134
GATTCCGTGAGTGGACATCTCTATGCATGT	0	0	0	0	0	0	0	0	352
GATTCCTCCCATTAGTCCATTAAGCCTACA	0	0	0	0	0	0	0	0	1881
GATTCGTATAAAGTAAACAGTCTTACATTG	0	0	0	0	0	0	0	0	820
GATTCTAGTATTCGATATTTTATTGGAGAC	0	0	0	0	0	0	0	0	24
GATTCTTACATCAATGTACGACTTTGGTTT	0	0	0	0	15.58695652	0	0	0	65
GATTGAACAGGAGCCGGATCCACAGCCCGA	0	0	0	0	0	0	0	0	243
GATTGTGACATATAGGTCCTTGTCTTATTG	0	0	0	0	20.7826087	0	0	0	26588
GATTTATGACCAGTTTCGGCATATACTGAT	0	0	0	0	0	0	0	0	56
GATTTATTTCGGAATAAATCCGTCTGTAGC	0	0	0	0	15.58695652	0	0	0	640
GATTTCACAGGAGGCCCCAGCATACAGGAT	0	0	0	0	0	0	21.83756345	0	27
GATTTCCTGGTTGCTTAGCCCGTAGTGGGG	0	0	0	0	0	0	0	0	81
GATTTCGAGATAAGTGAGTCATGCTCTGGG	0	0	0	0	0	0	0	0	953
GATTTCGGATGCCAATCTTTGCTCAAGATG	0	0	0	0	0	0	0	0	2355
GATTTCTCGACTGATGCACCTACTTTATCC	0	0	0	0	0	0	0	0	926
GATTTGCTTCTAGGCCTGAGGGCGTAGTAC	0	0	0	0	0	0	0	0	1500
GATTTGGCTCTTTGTCCTCCACTAGTTAAC	0	0	0	0	0	0	0	0	509
GATTTTATCACTTAGTTACGTTCTGCAGTC	0	0	0	0	0	0	0	0	2161
GATTTTATGTCGATTGAGGACCGCGGTGGA	0	0	0	0	0	0	0	0	661
GCAAAACAGCAATGGTGGTAGCGAGTGAGA	0	0	0	0	0	0	0	0	274
GCAAAAGTCACTTCGCTATCACATCATGCA	0	0	0	0	0	0	0	0	76
GCAAAATGTCGTCCCATTTGTCAGGGGTGA	0	0	0	0	0	0	0	0	1255
GCAAACTGAAAGATTCGCGGCTGTGGGCTA	0	0	0	0	0	0	0	0	749
GCAACATATCGTCGGACTTTCGGATAGTGC	0	0	0	0	0	0	0	0	1162
GCAACCTGACACAGAGTTGGTTTCTTATTA	0	0	0	0	0	0	0	0	1042
GCAACCTGTCTAGGGGACGGGAACGGCGGC	0	0	0	0	0	0	0	0	5144
GCAACTATTTGGTTCTGGTTTGGATCGCGC	0	0	0	0	0	0	0	0	3942
GCAACTGCTGAGCCGTTATTGTGTACCGGA	0	0	0	0	0	0	0	0	1138
GCAAGCCCAAAGTGAAGACCTGCGCTACAG	0	0	0	0	0	0	0	0	2174
GCAAGCGTGTATTACTGGTAGTTGTTACCC	0	0	0	0	0	0	0	0	15
GCAAGGAAATTGTACTGAGTTATGGAATCT	0	0	0	0	0	0	0	0	88
GCAAGGACCTAAAATGGCGAGTGGCCAGGA	0	0	0	0	23.38043478	21.51	0	0	1252
GCAAGGGGGCATATGCTACATCTACAAGGA	0	0	0	0	0	0	0	0	99
GCAAGGGTAAAAAACTCCAACGTTTTTTCG	0	17.85062241	0	0	0	62.14	0	0	39
GCAAGGTCGGGGAGTACGCGTGATGAGTCG	0	0	0	0	0	0	0	0	3902
GCAAGGTGGGATGTTTCCGGAATTCGGTGC	0	0	0	0	0	0	0	0	14
GCAAGTCCGATTCAGCTACTGCGCGTCCTG	0	0	0	0	0	0	0	0	1252
GCAAGTCGAGAGAGTTAAGGCAAAGCGGTT	0	0	0	0	0	0	0	0	1419
GCAAGTGTTTCAGTACAAACATAATGGCAA	0	0	0	0	0	0	54.59390863	0	21
GCAAGTTCTGGTGGAGTCTGATGTTCAACT	0	0	0	0	0	0	0	0	158
GCAATGAAGAGTACTGGTTGTGTTTCAGGG	0	0	0	0	0	0	0	0	766
GCAATGACTTCGGGCGCATGTGGCGGGGCG	0	0	0	0	0	0	0	0	28
GCAATGAGTTGTTGCGTCATGTTTCAAGTT	0	0	0	0	0	0	0	0	1233
GCAATGCGAGCGTAGACTTGGTTCCACGGT	0	0	0	0	0	0	0	0	912
GCAATGGTTGACGGATATTCAGCTGGAGGT	0	0	0	0	0	0	0	0	150
GCAATTACTAAGTAGATCAATTAATCCGCA	0	0	0	0	0	0	0	0	336
GCAATTCTGGTCATAGTGTTCCCATGTAGT	0	0	0	0	0	0	0	0	1142
GCAATTTCGTAATTCCACACATTTAATTTG	0	0	0	0	0	0	0	0	159
GCACACTAAGATCATGGGATTGTGGTCTGC	0	0	0	0	23.38043478	0	14.55837563	0	0
GCACACTAGCTGCGAGTAAATATATGGCGT	0	0	0	0	0	0	0	0	114
GCACAGCATACTTGTACTTGGAGTAGTGTA	0	0	0	0	0	0	0	0	218
GCACAGGTGGTTGGGACATACAACGTGTTT	0	0	0	0	0	0	0	0	737
GCACAGTGTGTCGCCATGGGCGCACTTGGT	0	0	0	0	0	0	0	0	41
GCACCAGAATGGTATATACGTGACGAGGTC	0	0	0	0	0	0	0	0	260
GCACCATGTGGTCGGGCAGTTGTTTCTTGT	0	0	0	44.16304348	4395.521739	0	0	0	10891
GCACCATTGCCCACGGTGTGCCAACGGATG	0	35.70124481	0	0	0	0	101.9086294	0	0
GCACCGAAATGGCGACTACTGAAACCCAAC	0	0	0	0	0	0	0	0	123
GCACGAGGTCAAACGCTCTTTCTAGCCCTT	0	0	0	0	0	0	0	0	1585
GCACGGAGATATCGCGGATTGCGACGACTC	0	0	0	0	0	0	0	0	174
GCACGGATATAGGCGTGAATCCGCGAGTCA	0	0	0	0	0	0	0	0	1356
GCACGGCCATCCTAAGATCATTAGCGCGAA	0	0	0	0	0	0	0	0	647
GCACGGGGCGATGAAGTTCATGCTTTTGAG	0	0	0	0	0	0	0	0	67
GCACTCCTTCGTTGGTTGGTTTTCGAAGGC	0	0	0	0	0	0	0	0	491
GCACTGAGCAACCTGGACTCGCGTTGCCAT	0	0	0	0	0	0	0	0	63
GCACTGCAGAGAAAAGTACCGACGATTATC	0	0	0	0	0	0	0	0	343
GCACTTGAACGCCGATTACCTTGGAGAAAG	0	0	0	0	0	0	0	0	1045
GCACTTTGTGCTCGGCAAGGCAGGTGTTCG	0	0	0	0	0	0	0	0	1922
GCAGAAATTCCTCGGAGCGTTGAATGTGCC	0	0	0	0	0	0	0	0	17
GCAGAAGACTAATCCGGTCATCCTAGCCGG	0	0	0	0	0	0	0	0	973
GCAGAAGCCACATCGGATAGTTGGGCATGG	0	0	0	0	15.58695652	0	0	0	0
GCAGACAATCCGTACTAGATCCTTGGGGCT	0	0	0	0	0	0	0	0	402
GCAGAGCAAGCGCAACGGGAGCCCTGTAGT	0	0	0	0	15.58695652	0	0	0	8844
GCAGCCCATCTGGGCCGGAACCCATCTCAG	0	0	0	0	0	0	0	0	1383
GCAGCGGCCTCGGGTAGAAGTGCATCGGCC	0	0	0	0	0	0	0	0	144
GCAGCGGGTTAATGCGAGAAGTAACCGACT	0	0	0	0	0	0	0	0	108
GCAGCGTGAATTCGACCCCGCTTTCGGGCT	0	0	0	0	0	0	0	0	1673
GCAGCTCAATATTAGTTTTCAATAAATTGA	0	0	0	0	28.57608696	0	0	0	0
GCAGCTCGTTTCAAGAGGCGTGGCGGACCC	0	0	0	0	0	0	0	0	608
GCAGCTGCTTTAACGAGCTTGTGTTACCGT	0	0	0	0	0	0	0	0	1556
GCAGGAAGTAAGGGCGGTAGAGCCTAGTGT	0	0	0	0	0	0	0	0	973
GCAGGCCGTCTCTCTGGGAAAATTGGTTGC	0	0	0	0	57.15217391	0	0	0	3289
GCAGGGACACCGTAGACGTTGGAAGCGGCC	0	0	0	0	0	0	0	0	55
GCAGGGGGTCGGGGGCGGCGGGTGCGCGCT	0	0	0	0	0	0	0	0	241
GCAGGGTTTCGGATGTCCGTGTAGTCCGAG	0	0	0	0	0	0	0	0	538
GCAGGTGCAGGGTTCAGACCGGTGGGATAT	0	0	0	0	0	0	0	0	193
GCAGGTTAAAGGTCGGATGAGCAGGCTGTG	0	0	0	0	0	0	0	0	84
GCAGGTTATCACGTCGTCACTCACTAATTT	0	0	0	0	0	0	0	0	27
GCAGTAAGGCAGAATGCCACAGCTCCCTGA	0	0	0	0	0	0	0	0	422
GCAGTCAATTGCGATGTCGTCAATAGTGAA	0	0	0	0	0	0	0	0	1375
GCAGTGATCAGTGTTTAACCTCCGGCTGCT	0	0	0	0	0	0	0	0	547
GCAGTGGGCGATGGACAGGGGGGGTGGGAC	0	0	0	0	0	0	0	0	2302
GCAGTGGGCTCTGGTCGAATTCGGGCCGCT	0	0	0	0	0	0	0	0	713
GCAGTTAGAGGGGGGAGTCTCTGGTTCATA	0	0	0	0	0	0	0	0	3885
GCAGTTATCTCTATAAGGGCTCTCCTTACG	0	0	0	0	0	0	0	0	638
GCATAAAGGTCGGTAACGACCGTAAGAACG	0	0	117	31.17391304	31.17391304	26.29	21.83756345	0	60
GCATAACGCCGGTGTGGTACTCTATTCGCG	0	0	0	0	0	0	0	0	217
GCATAAGGCTAGTGCTCGTGTCGATTTGAC	0	0	0	0	0	0	0	0	136
GCATAAGTTCACGGGGAGGATCATCCCTTT	0	0	0	0	0	0	0	0	236
GCATACGTTCAGGGCACGGGGTCTCGAGGA	0	0	0	0	18.18478261	0	14.55837563	0	53
GCATACTCGGGTCGGACTCCTCTCCGTAGA	0	0	0	0	0	0	0	0	2142
GCATAGCACGTCCACCATATAAGCCCCTTG	0	0	0	0	0	0	0	0	764
GCATAGTACACAATTACAACGCATCAGAGT	0	0	0	0	0	71.7	0	0	0
GCATAGTTCTTTCATCATTCTGTTATTACC	0	0	0	0	0	0	0	0	20
GCATATAGTTGTTATGCAGTCAGACCGTCA	0	0	0	0	0	0	0	0	188
GCATATCTATCCGCCGTATTCATATGCGCT	0	0	0	0	15.58695652	14.34	0	0	21946
GCATATGGAGTGGACCCGTACACTGGGGAA	0	0	0	0	57.15217391	0	0	0	1212
GCATATGTCGTGAGATGACTATCAGCTATG	0	0	0	0	0	0	0	0	1091
GCATATTGCCGAGTTACCGTATAGTCAGGC	0	0	0	0	0	0	0	0	1522
GCATATTTTAAGCCCGGACTCGGTTGGTTG	0	0	0	0	0	0	0	0	178
GCATCAACGTGACTATTTCTACACATTGGT	0	0	0	0	0	0	0	0	808
GCATCACGTTTTGCAGGTCTTTGGCTCACT	0	0	0	0	0	0	0	0	2141
GCATCAGAAAACCGCTTGTATAGTCTCTAG	0	0	0	0	0	0	0	0	52
GCATCAGCCCGTCTGTATACGAAAGATCTC	0	0	0	0	0	0	0	0	636
GCATCCACTATTTTTGTAAGCACAGGCGAG	0	0	0	0	0	0	0	0	181
GCATCCCGGTGAGTCTATTCTACAAATGTC	0	0	0	0	0	0	0	0	1323
GCATCCTGTAACGCTATGGGGGAAAGATGC	0	26.77593361	0	0	0	0	0	0	17
GCATCGTTGACCCACCTCTATCTAAGCTCT	0	0	0	0	0	0	0	0	962
GCATCTATCGAGCGCTCAGATTCGTGACTT	0	0	0	0	0	0	0	0	105
GCATCTCCTCTCCAGTGGTCTTTCTAGTGC	0	0	0	0	0	0	0	0	5599
GCATCTGTTACCTCTAATTGTGGGGGGTAC	0	0	0	0	0	0	0	0	1748
GCATCTTTAAAGTAAGTCGTTTACTTGTGT	0	0	0	0	0	0	0	0	116
GCATGCGAATAAAGTGGGTGGGGGGGTCAG	0	0	0	0	0	0	0	0	251
GCATGCGTGGCAGAGTGTGTTGTTAGGGGG	0	0	0	0	0	0	0	0	1232
GCATGGAGTCTACTCGAGAATCGCAATTGG	0	0	0	0	0	0	0	0	1047
GCATGGTCTACCCAGACAACGGGTTGCGAG	0	0	0	0	0	0	0	0	1404
GCATGTCTGTATATTTCGTAATGCGATAGG	0	0	0	0	15.58695652	0	0	0	3450
GCATGTGACTCAGATTGGCTACTTGGGAAC	0	0	0	0	0	0	0	0	2974
GCATGTTCTTGTGGCTACACTTCCCCTAGC	0	0	0	0	0	0	0	0	74
GCATTAAGCGGTCGGATTTTTTCCTGAGAC	0	0	0	0	0	0	0	0	338
GCATTACACTACAGTTTTGGATTGGTGCTC	0	0	0	0	0	0	0	0	840
GCATTATTAAAACCTCGGACGCGGCATTTT	0	0	0	0	0	0	18.19796954	0	0
GCATTCGACGTCTATAAACATTCATCAACT	0	0	0	0	0	28.68	0	0	31
GCATTCGGTTCGCAGTGATGGCGACAGTCC	0	0	0	0	0	0	0	0	22
GCATTCGTCTGTGCATTACCATCGAGCGAG	0	0	42	0	77.93478261	0	43.6751269	0	1145
GCATTGCACATGGGATGAAGGGGCGCGTGC	0	0	0	0	0	0	0	0	214
GCATTGGTGATGCAGGTTATGAAGGTTTGG	0	0	0	0	0	0	0	0	3068
GCATTGTGCGGTCGGGGCGTAGGCGTTGAT	0	0	63	18.18478261	106.5108696	19.12	18.19796954	0	21
GCATTGTTCCGTTACCTCTTCATGTATTTT	0	0	0	0	0	0	0	0	1060
GCATTTGGCGAAGGAGGCGTGGGCTACCTA	0	0	0	0	0	0	0	0	705
GCATTTTACACAAGTCCCCTGGAAAGGCTG	0	0	0	0	0	0	0	0	1802
GCATTTTTTCCTGCATCTTCTACTGTCGCT	0	0	18	0	33.77173913	0	0	0	114
GCCAACGCCGTTATTTTATAAGCTGGACTC	0	0	0	0	28.57608696	0	0	0	0
GCCAACGGGGTAAGAGATATTGTTATCCGC	0	0	0	0	28.57608696	0	0	0	1061
GCCAAGATCAGCCTTCTTTACGTTCATCGC	0	0	0	0	23.38043478	0	0	0	0
GCCAAGGGATTGTATGTTGCTGTTAATGAT	0	0	0	0	0	0	0	0	2335
GCCAATTGCGATCAATCGGCTTCATTGGGG	0	0	0	0	0	0	0	0	26
GCCACAGACTACTGTTTTATCAAGGGCTCA	0	0	0	0	0	0	0	0	17
GCCACATGAATAGTGCAACATTGCCGCACA	0	0	0	0	0	0	0	0	17
GCCACGCGGGGGCCTCGAGGTGGGACGGCT	0	0	0	0	0	0	0	0	1644
GCCACTAAGGCAGTTAGAATACAGCGATCA	0	0	0	0	122.0978261	35.85	18.19796954	0	277
GCCACTTAGTGAAGGTGGTGACACAGGGGC	0	0	0	0	0	0	0	0	489
GCCAGAAGAATGGCGATTGGGTTCGAAGTT	0	0	15	0	18.18478261	0	0	0	1672
GCCAGACCCCTCTAGGGAGTCATACTATGT	0	0	0	0	0	0	0	0	1137
GCCAGCAATATCGGTATAAGTCAAAGCACC	0	0	15	0	0	0	0	0	0
GCCAGCCTTTGCGCACATCCTAGTGCTGGG	0	0	0	0	0	0	0	0	1661
GCCAGCGTATAGCATTACATGAGTACTGCC	0	0	0	0	0	0	0	0	2259
GCCAGCTTTTCATTCTAATTTAGAGTTATA	0	0	0	0	0	0	0	0	1121
GCCAGGCAAACTTGGACATTACCAATATGT	0	0	0	0	0	0	0	0	407
GCCAGGCCACTCTAATCCACGCGTGCGAGG	0	0	0	0	0	0	14.55837563	0	26
GCCAGGGAAGAGCCTTTGTCGAATATGGTG	0	0	0	0	0	0	0	0	513
GCCAGTCATTGCGCCCTGTCGCTTCCACGA	0	0	0	0	28.57608696	0	0	0	0
GCCAGTGAGTGGGTTTCCTGCTTTTTTGTG	0	0	0	0	0	0	0	0	161
GCCATAATATCCATCCCTCTCTTTCGACCT	0	0	0	0	0	0	0	0	54
GCCATCCTATATCTCTGAATAGTGTTATTC	0	0	0	0	0	0	0	0	918
GCCATGACCCTATATTATGACCGGTTGTCC	0	0	0	0	0	0	0	0	663
GCCATGACGCAAAGATTTTACTAATCGTAT	0	0	0	0	0	0	0	0	388
GCCATTATGATAGGATTTATTGCGCCGGTT	0	0	0	0	23.38043478	0	0	0	0
GCCATTTTCCAAGCAGTAGTATTTGGACCC	0	0	0	0	0	0	0	0	89
GCCCAGGCGGGCTCATTTTGGGCGTGGTCC	0	0	0	0	28.57608696	0	0	0	1300
GCCCCAGGCGGGTGTCGACTACGCAGTCGT	0	0	0	0	0	0	0	0	903
GCCCCATTTATTTCTTTGCGAAGAGACATA	0	0	0	0	0	0	0	0	1124
GCCCCGCAAACCTGTTGCTGGCAAATCGCC	0	0	0	0	0	0	0	0	1461
GCCCCGCACGTTTATTACCATTCTTGGTAG	0	0	0	0	0	0	0	0	1083
GCCCCGTATTCTACAATATTTGTTCCGACT	0	0	0	0	0	0	0	0	1628
GCCCCGTTTTTCGAAGGCGAATAATCCCGT	0	0	0	0	0	0	0	0	2024
GCCCCTATCGTGGGCCGTGTGTGCGTGCGT	0	0	0	0	0	0	0	0	852
GCCCCTGGAAGGGTGGCCTCGTACGGGTCG	0	0	0	0	20.7826087	0	0	0	2648
GCCCGATGCAACAAGAGGGGAGGGGGGACA	0	0	0	0	0	0	0	0	1500
GCCCGCACGCTATAACCTCGCATGGCTGTT	0	0	0	0	0	0	0	0	862
GCCCGCCGGAATCTTCTGATAGCGTGGAGA	0	0	0	0	0	0	14.55837563	0	0
GCCCGCCTTCATCTATGCCGTCCTCGTTGT	0	0	0	0	0	0	0	0	461
GCCCGGAGCTGGTGTCTCCGTTGGCCTGGC	0	0	0	0	0	0	0	0	8674
GCCCGGGAACCGATTGACTGTTATCTACAT	0	0	0	0	0	0	0	0	835
GCCCGGTGTGTTTTCAATGTTCGCTATGAT	0	0	0	0	0	0	0	0	1036
GCCCGTACTCGGGAAATGAAGCTCGCAACG	0	0	0	0	0	0	0	0	1660
GCCCGTGGGGTTCAACTGGGTGTCCGTCAT	0	0	0	0	0	0	0	0	3896
GCCCGTTACATTTGACTTGCAGGTTTCTCA	0	0	0	0	0	0	0	0	96
GCCCTACTATGGCCGACTTGGTCTCGTAGT	0	0	0	0	0	0	0	0	1722
GCCCTCGGTATTCGGCCGTTGTATAATGGC	0	0	0	0	0	0	0	0	693
GCCCTTGGGTTGCCACCATCCCTCAATCAG	0	0	0	0	0	0	0	0	200
GCCCTTTATTTCCGTGACCCTTGGGTAAGA	0	0	0	0	0	0	0	0	498
GCCGACGAAATCAAGATGTCAGTGTGGAAG	0	0	0	0	0	0	0	0	259
GCCGACTTCTAGATGTGTTTCTGTTATGTG	0	0	0	0	0	0	0	0	2843
GCCGAGAAGGCGAGTGGGTCAACGATTTTA	0	0	0	0	0	0	0	0	100
GCCGAGCAAAACGCAATTTTGGCAATTACG	0	0	0	0	0	0	0	0	787
GCCGAGGAGCGTTAGGGCGCATGACTGAGT	0	0	0	0	0	0	0	0	641
GCCGAGGATAGGGCGGGTAGATCGGGTCGA	0	0	0	0	0	0	0	0	1956
GCCGATACTCTGGGAGCATCCCGGGGACTC	0	0	0	0	0	0	0	0	36
GCCGATGAACTGACCGGCCTTAGGAGACCG	0	0	207	0	59.75	0	0	0	39
GCCGCCCGCCCAACCACGCCCGGACAGGCC	0	0	0	0	0	0	0	0	111
GCCGCGGATGTCCTTATCCATACCTGATCA	0	0	0	0	44.16304348	0	0	0	2481
GCCGCGGGGTGTCCGCAAAACTTTTGCGGT	0	0	0	0	0	0	0	0	405
GCCGCTAAATGAGTAGGAGCTGTATCGAGA	0	0	0	0	0	0	0	0	18
GCCGGACTTCTGTCTAATCGGCCGTGTTCA	0	0	888	0	31.17391304	0	14.55837563	0	76
GCCGGAGCTTATGGGACGATGGGTGTGGGG	0	0	24	0	0	0	0	0	18
GCCGGATGGGACCGGTGGCTAGTGGGGTAG	0	0	0	0	0	0	0	0	1404
GCCGGCCGGTGGGCGGTGGGGGGTGGCACA	0	0	0	0	0	0	0	0	3134
GCCGGGAACTTTTTTGCGCCATCGGGGGAA	0	0	0	0	0	0	0	0	374
GCCGGGGAGTGTGCAGCAACTGGGGCAATA	0	0	0	0	0	0	0	0	1635
GCCGGTAGCTGGGTGCGCTGGGCGTCGGAT	0	0	0	0	0	0	0	0	785
GCCGGTCGGGGGGGTGGCCAGAGGGGTGCT	0	0	0	0	0	0	0	0	525
GCCGTATGGTGCGGAATGCTGTGAGTTTCC	0	0	0	0	0	0	0	0	590
GCCGTCTAGATGTATGACCCTATGGGAACG	0	0	0	0	0	0	0	0	1943
GCCGTCTGTCGCTTGATACTAACTGTTACT	0	0	0	0	51.95652174	0	0	0	585
GCCGTGCTTGAGACAGAGACCACTTTAAGG	0	0	0	0	0	0	0	0	931
GCCGTGGGGATAATGCGGCATCGGGCAGCT	0	0	30	0	28.57608696	0	0	0	944
GCCGTGTAGGGGGCGCTTCTCACCAAAGCA	0	0	0	0	0	0	0	0	499
GCCGTTCATGAGGAGGCATTTGGAGTTCCG	0	0	0	0	0	0	0	0	298
GCCTAAATGACTGATGGTGTAGGGGGCCCT	0	0	0	0	0	0	0	0	2256
GCCTAATTAATAGTCATACCAGTTCTTTGC	0	0	0	0	0	0	0	0	385
GCCTATGGCTCCATATCTGGCTAAAGGCGA	0	0	0	0	0	0	0	0	42
GCCTATTTTTGATAGTTTGATAGCGCTCCA	0	0	0	0	0	0	0	0	5153
GCCTCCAAGAACTCTCACTTCTTGGAGTAG	0	0	0	0	0	0	0	0	1364
GCCTCCAGGTCCCGAGTACGGCTTGTCCCC	0	0	0	0	0	203.15	0	0	0
GCCTCCATCAGCCTGCCGATGGACGCATGG	0	0	0	0	0	0	0	0	17
GCCTCCCGCAAATTCATTCCGGGCCCTTTG	0	0	0	0	0	0	0	0	1497
GCCTCGGTCATGAAGCGATACAGCTCGGAG	0	0	0	0	0	0	0	0	608
GCCTCTGCATCTTTTAGTGGAGTTCGGAGG	0	0	0	0	0	0	0	0	821
GCCTGAAGACAAACTGCACTAACCGCGCTA	0	0	0	0	0	0	0	0	438
GCCTGAATGGGGACAGTGTCCTGCCATCTG	0	0	0	0	0	0	0	0	6030
GCCTGAGAGACGTAGCGGAGTTCACGGGTA	0	0	0	0	0	0	0	0	178
GCCTGCTGGTCGGTTGATCTAGATCAATGA	0	0	0	0	0	0	0	0	849
GCCTGCTTGGCCACCATGCTCGAAGAGGGT	0	17.85062241	0	0	0	0	0	0	21
GCCTGGACTCCAAGGTCCTTGCCACTTGCA	0	0	0	0	0	0	0	0	818
GCCTGGGCATGACCCTGCTGTTATTGGGAG	0	0	0	0	0	0	0	0	2251
GCCTGGGTCGTTAGAGGTCATGAGGGGTCC	0	0	0	0	28.57608696	0	0	0	66
GCCTGTCAGCCTAGGTTGTACTAGCCTCCT	0	0	0	0	0	0	0	0	7021
GCCTGTCTCGTGGGCGTGTGAATATATAAT	0	0	0	0	0	0	0	0	184
GCCTGTGGAGGAACCGTCGTTAACGACGGG	0	0	0	0	0	0	0	0	1634
GCCTTACCAAGAGAAAACGTGTAGTTGCTT	0	0	0	0	0	0	0	0	309
GCCTTACTTGAGTGGACCACTGTCTCTAGG	0	0	0	0	0	0	0	0	215
GCCTTATGTTGATCGAATCATAAGCTGTGG	0	0	0	0	0	0	0	0	68
GCCTTCTAAGTGATCGTATGATTATAGGTT	0	0	0	0	0	0	76.43147208	0	0
GCCTTCTTCCTATGTTAGGGAAACTGTAGT	0	0	0	0	31.17391304	0	0	0	0
GCCTTGAACATTTGGTTCTTGGAGTAAGCG	0	0	0	0	31.17391304	45.41	0	0	7843
GCCTTGGGGCTTTAGTCAAACCTTGCTCTA	0	0	0	0	0	0	0	0	2519
GCGAAAAGGGAGTGCGGGTGTAGGTCTCTT	0	0	0	0	0	0	0	0	1228
GCGAAACTGGAATAATAACTCGATGTCTTT	0	0	0	0	49.35869565	0	0	0	1469
GCGAACGAACACGCCAGAGTAATGCACCCC	0	0	0	0	0	0	0	0	53
GCGAAGCCGGAGAGCCGGGGCGTAGGGTGC	0	0	0	0	0	0	0	0	1722
GCGAATTAACAGTGGCGGAGGCCACGGGGT	0	0	0	0	0	0	0	0	18
GCGAATTAGTTTACCTTGGGCTGTCGGTTG	0	0	0	0	0	0	0	0	172
GCGACATCACATACTGCGTCGATACTGGGA	0	0	0	0	0	0	0	0	36533
GCGACCCTCTCGTGCTTCTGGTTTGGTGAC	0	0	0	0	0	0	0	0	21
GCGACGAAACAGGGTGCAGTTTTCTATGAA	0	0	0	0	0	0	0	0	32
GCGACGCGAGGCCGGTGGTCATAAAATGGG	0	0	0	0	0	0	0	0	58
GCGAGAAAGATAACTAAAACTTCTCTAGGC	0	0	0	0	0	0	0	0	2851
GCGAGATAGTCTGTGGGTGCGCGGCTCTCC	0	0	0	0	0	0	0	0	374
GCGAGATGCCTCCTTGTTGGTTCCCAACGT	0	0	0	0	0	0	0	0	807
GCGAGCACAGCTTGGAGTACGGCGGGCTAC	0	0	0	0	0	0	0	0	2026
GCGAGCATTTCTCTAAAATCAGTGTTCCCT	0	0	0	0	0	0	0	0	868
GCGAGCCGTGCTGATGGGTGCCGACAAGTC	0	0	0	0	0	0	0	0	318
GCGAGCTCTTATATATAAACCAGTGCCCAT	0	0	0	0	44.16304348	0	0	0	388
GCGAGGGATGAAACAGATCACTGTTTTCTT	0	0	0	0	0	0	0	0	2340
GCGAGGGCAGGAGAGGCGGGGATCCGCGTT	0	0	0	0	28.57608696	0	0	0	132
GCGAGGGCTTATCGGGTGGCTCCGTTAATG	0	0	0	0	0	0	0	0	21
GCGAGGTCATTCGTTCGAGTTGGTAACCGA	0	0	0	0	0	0	0	0	215
GCGAGGTGTTTTAGACAAAGGGTTCCTCAT	0	0	0	0	41.56521739	0	0	0	99
GCGAGTCATTATAGCGTCGAAGCAATTGAT	0	0	0	0	0	0	0	0	56
GCGAGTCGAGGTGCGGTATTTTTTTCGTAG	0	0	0	0	25.97826087	0	0	0	5170
GCGATACGTTTCCGTCCTACTAAATGTCGC	0	0	0	0	0	0	0	0	1103
GCGATATTGTCCTCTTAGTTGTGTGAAATT	0	0	0	0	20.7826087	0	0	0	382
GCGATCGCTCAGTCAATCCTGTCGCTGACG	0	0	0	0	0	0	0	0	1881
GCGATTTTGGGGCGCTGAGGGAGTAAACTC	0	0	0	0	0	0	0	0	1614
GCGCACTCATACCTTAAGGCTGTGGATTCG	0	0	0	0	0	0	0	0	137
GCGCATGACGGGGGGGTGGAATGGAGACTG	0	0	0	0	0	0	0	0	2791
GCGCCAAGCTGTTGCCCGGGGATTGTCAGC	0	0	0	0	0	0	0	0	2158
GCGCCATGCCGACGGGGTATTCAGCTTTAA	0	0	0	0	0	0	0	0	1144
GCGCCCGGAAGCATCCGGCCTCTGGCACAG	0	0	0	0	83.13043478	23.9	0	0	4116
GCGCCGGGAGCCCTCGGATGGGCTGGGACG	0	0	0	0	0	0	0	0	33
GCGCCGGGCGTCGCACCAACGGTCGTCATG	0	0	0	0	0	0	0	0	131
GCGCCTATGGCTGACGTACTAAAAGCAAGT	0	0	45	0	28.57608696	0	14.55837563	0	174
GCGCGCCAACAGGGCCATGCACACCTACAA	0	0	0	0	0	0	0	0	1060
GCGCGCCGCACCTCATCGTCAATGTTCAGC	0	0	0	0	0	0	0	0	80
GCGCGCGAGGATTTCCTTAGTATCGCCTCC	0	0	0	0	0	0	0	0	1059
GCGCGGCGATGTTGTGGATTTTAGGCAGGA	0	0	0	0	0	0	0	0	342
GCGCGGCGCAGGGTAGACTAATTCTTAGTA	0	0	0	0	0	0	0	0	195
GCGCGGGGTCCTTCGTTCGTTTGCTAGTCT	0	0	0	0	0	0	0	0	5796
GCGCGGTGACAGGTATCTGAGACGGCTGAA	0	0	0	0	0	0	0	0	187
GCGCGTACGTGATACCACTGCACGGTCCGA	0	0	0	0	80.5326087	0	0	0	12347
GCGCGTGGACGGTGAGGGTGAAGGAGGGGC	0	0	0	0	0	0	0	0	963
GCGCGTGGATCTTATCGCATGAGGGGCACT	0	0	0	0	0	0	0	0	5647
GCGCGTGTTCCGATAAGACTTGGACACGAA	0	0	0	0	0	0	0	0	156
GCGCGTTCAAACCGAGATTTCCTAAACCAC	0	0	0	0	0	0	0	0	92
GCGCGTTTGTGGCCCGGGGGTTGGTGTGCG	0	0	0	0	0	0	0	0	1151
GCGCTACCTATGCTTATCCCCGTAAAGCTG	0	0	0	0	0	0	0	0	1185
GCGCTAGGTGCGGGCTGGGCCTCTTGAGGT	0	0	0	0	0	0	0	0	1959
GCGCTCATAGGTAGGGGAAAGGCGCCTGGG	0	0	0	0	0	0	0	0	640
GCGCTCCGAAGTCAGTGGTTTTTGCCTCGC	0	0	0	0	0	0	0	0	2268
GCGCTGGGTGGGATTGCTTTAGATGCCGAT	0	0	0	0	0	0	0	0	1282
GCGCTTCTACGGGATGATTACGATGACGGG	0	0	0	0	0	0	0	0	971
GCGCTTGGGATTCTGCTCATTCATGTCTTT	0	0	42	18.18478261	59.75	0	0	0	7951
GCGCTTTTGCTTGAGTTTTGACGGGGTCTT	0	0	0	0	0	0	0	0	1336
GCGGAATATCCTTTGAAAAGAGAGATATGC	0	0	0	0	0	0	0	0	4572
GCGGACCTTTTGTCATTCATCTGGCATGAA	0	0	0	0	0	0	0	0	103
GCGGACGTCCAATGCGGATACTGGCATGTA	0	0	0	0	0	0	0	0	902
GCGGAGGTGTTTAGGCGCAGAATGTGTGAT	0	0	0	0	0	0	0	0	779
GCGGATATTTTTAGGTAACTTCAATAAAAT	0	0	0	0	0	0	0	0	223
GCGGATTGCATCCTCATTATACATGGTACG	0	0	0	0	0	0	0	0	73
GCGGCGCACGACCCGGCGGATTCAGAGGCA	0	0	0	0	0	0	0	0	1423
GCGGCGCAGAACGGGTAGTGTGTAAACCTT	0	0	0	0	0	0	0	0	1367
GCGGCGGAATCGGGGCTGGGAGGGGCGGTC	0	0	0	0	0	0	0	0	332
GCGGCGGGGACGTTAGATGCCGGCGCACTG	0	0	0	0	0	0	0	0	548
GCGGCGGGGGAGAATTCGGGAGCACGGGCT	0	0	0	0	0	0	0	0	267
GCGGCGGGTCGCCGGCTGACGTGGTCTGGC	0	0	0	0	25.97826087	0	0	0	0
GCGGCTACGGTGCTGTTGCTTGCCAGAAAT	0	0	0	0	15.58695652	0	0	0	22
GCGGGAAAATTAGCTCAGGTGCTTCGCTTG	0	0	0	0	0	0	0	0	1011
GCGGGATCAGGCGGGGGACAGCCCGCTTGC	0	0	0	0	31.17391304	0	0	0	863
GCGGGATGGTTAAGGTGCGGGGAGTAGGGT	0	0	0	0	0	0	0	0	957
GCGGGCGATTGATTATCCTCTCCTTTTAAA	0	0	0	0	0	0	0	0	778
GCGGGGGGGCCCCCGTTGAGGTGCGGCTGT	0	0	0	0	0	0	0	0	59
GCGGGTGAAAGATCCAGGCGGTTTAGCAAG	0	0	0	0	0	0	0	0	26786
GCGGGTGAAGGCGCGGCGGCCCGGAGGAGT	0	0	0	0	0	0	0	0	579
GCGGGTGATTTAGTCCTGATGACCAACAGT	0	0	0	0	0	0	0	0	38
GCGGGTGGGATTGAAGTGCCACTGGAAATA	0	0	0	0	0	0	0	0	974
GCGGGTTCGAGCGTTGCGGCACCTCAATCG	0	0	0	0	0	0	0	0	1879
GCGGGTTCGCTGAGTTTCGGTGGTCAGCGT	0	0	0	0	0	0	0	0	4823
GCGGTAGACTAGACAATATCAAAGGCCTTC	0	0	0	0	0	0	0	0	64
GCGGTATGAGGACCGGCAATTCTTCACGAG	0	0	0	0	0	0	25.47715736	0	0
GCGGTCCTTCAAGGTATGTTCACTTGCGGC	0	0	18	0	0	0	0	0	1526
GCGGTCGAAGTTCTAGACGATATTTACGAG	0	0	0	0	0	0	0	0	703
GCGGTCGTATTAGCCTTGCTGCGAGTTGGA	0	0	0	0	0	0	0	0	752
GCGGTCTGACCGGTGCGGGTACGTCAAAAG	0	0	0	0	0	0	0	0	348
GCGGTCTGTATGAGGATGCGATAAATCATC	0	0	0	0	0	0	0	0	63
GCGGTGCGACACAGAAATAGGCTGACGGAA	0	0	0	0	0	0	0	0	1689
GCGGTGCGCCACATCTGGCCACGAACAGCG	0	0	0	0	0	0	0	0	1204
GCGGTGTAACTTTGCTTTTCATTCTTGAGG	0	0	0	0	0	0	0	0	634
GCGGTTAGGTCACGAGTGCGCAGCTTTGGG	0	0	0	0	0	0	0	0	576
GCGGTTCTTTTATTTGGAATTTTCGTTGCT	0	0	0	0	0	0	0	0	147
GCGGTTTAATCGCGTATTCGTCAGTCGTGA	0	0	0	0	23.38043478	0	0	0	0
GCGTAAATGATAAATCCATCCCAGTCAGCG	0	0	0	0	0	0	0	0	423
GCGTAAGAAGCAAAGTGTTGCGATCGGCGT	0	0	102	0	36.36956522	0	0	0	11793
GCGTACTTGGTGACTGCGCGGATACGGGTG	0	0	0	0	0	0	0	0	1311
GCGTAGCGGGGCGTGGGGCGGGGAGGCGCC	0	0	0	0	0	16.73	0	0	194
GCGTAGTAATAATGTATGTCTCTCGTGGGT	0	0	0	0	49.35869565	0	0	0	0
GCGTAGTCCTACCATGGTGAGTGCGAGGGC	0	0	0	0	0	0	0	0	1466
GCGTATCCTATCGCTTGAATAGTTCATCAT	0	0	0	15.58695652	0	0	0	0	276
GCGTATGAAAACGATGCGTAACCTGGTCTG	0	0	0	0	31.17391304	0	21.83756345	0	27907
GCGTCAAACAGCTGTTGGTATACAGTAACC	0	0	0	0	0	0	0	0	1257
GCGTCAATCCAGGGGGCGGGAACAGGCTCT	0	0	0	0	23.38043478	0	0	0	469
GCGTCACTCTAGAACGAATGTCACACAGCC	0	0	0	0	0	0	0	0	38698
GCGTCCACATTTGAATGAGATAGAAGGGAG	0	0	0	0	0	0	0	0	51
GCGTCCGGGTCGGTCTGTTTCCCGGCTTCA	0	0	0	0	0	0	0	0	25
GCGTCGAATTCGATATGGACTCCAGGGCTA	0	0	0	0	0	0	0	0	966
GCGTCGACTTTGTCGGTTAATGAGAGGAGG	0	0	45	0	38.9673913	0	0	0	108
GCGTCGATTTAGGGGGGCATTGCGTCGGCG	0	0	0	0	0	0	0	0	15
GCGTCGCAGACTGTTGTGCAATTCCGCCAA	0	0	0	0	0	0	0	0	1232
GCGTCGGTCTGCGAGTATATGCGCCATACC	0	0	0	0	0	0	0	0	159
GCGTCGTCGTGACGGCGTTTATCATTAAGA	0	0	0	0	0	0	0	0	1424
GCGTCGTGGCTGGCTTATGATGTGGACACC	0	0	0	0	0	0	0	0	1144
GCGTCTTCGTTTGTAATCGACACATGCCTC	0	0	0	0	0	0	0	0	74
GCGTGACTTCATGTTTTGTGTCCTTTTTGT	0	0	0	0	0	0	0	0	1369
GCGTGAGCGGGGCGTGGCGTGGGGGTGGGC	0	0	0	0	0	0	0	0	14
GCGTGAGGTGGGTGTTCGTTGGGGCAGCGC	0	0	0	0	0	0	0	0	57
GCGTGATATATTGCTTGGATCACATTATTA	0	0	0	0	0	0	0	0	2102
GCGTGATCGTCCACCTTGTAGAACGACAAG	0	0	0	0	80.5326087	0	0	0	0
GCGTGGAAGCGAGTTTGCTTTGAGGGATGG	0	0	0	0	0	0	0	0	47
GCGTGGAGTGCTGAATAGATGTGGAGGGCG	0	0	24	0	28.57608696	0	0	0	166
GCGTGGGATATCCGGCTCGCCCTTTAGTGG	0	0	0	0	0	0	0	0	916
GCGTGGGCCAGGCGGGGCGTGTGACGCAGG	0	0	0	0	0	0	0	0	1108
GCGTGGGGGGGATCAAGGGGCTTGCGACTT	0	0	0	0	0	0	0	0	1354
GCGTGGGTCAGGCGAGCGGGAGGGATGCCC	0	0	0	0	0	0	0	0	949
GCGTGGTAATGCCTGGCCCATGGGCCATGA	0	0	0	0	0	0	0	0	885
GCGTGTAGTCTCTCTGTCATGTCGGATACA	0	0	0	0	0	45.41	0	0	78498
GCGTTACGAGGATTGGCGGTCTTGGATGGG	0	0	0	0	0	0	0	0	1126
GCGTTAGTTTTTGAGGTCAGTCCGCTCGGC	0	0	0	0	0	0	0	0	399
GCGTTCCACATACTTATGTGTGTGCCGGCA	0	0	0	0	0	0	0	0	247
GCGTTCGTCTGGTTATTAGGGTAAGATGTA	0	0	15	77.93478261	83.13043478	0	0	0	45392
GCGTTGGAAGCGAGGTGTCTGCGATCCCGG	0	0	0	0	0	0	0	0	640
GCGTTGGTTTATGGACAATTCTCAGGTAGT	0	0	60	0	0	0	0	0	0
GCGTTTAGTATCGCTTCTAAAGTCAGATGT	0	0	0	0	0	0	0	0	3038
GCGTTTGCAAGAACCCACGGGTACAGTAGC	0	0	0	0	0	0	0	0	1437
GCGTTTGCCGAACCTAATTGTTGGTGTATT	0	0	0	0	0	0	0	0	81
GCGTTTGTCCCGGCATCTTTATACTTAACG	0	0	0	0	0	0	0	0	516
GCGTTTGTCTATCTCGTGGTTCCGTCTTTA	0	0	0	0	0	0	0	0	1245
GCGTTTTACCGCGAATGACACTGAGCACAT	0	0	0	0	0	0	0	0	57
GCGTTTTCCACGCGGGGGCAAACTCTCCAA	0	0	0	0	0	0	0	0	892
GCGTTTTGTTTCCGTTATAATATTATGTTC	16.77192982	0	0	0	46.76086957	38.24	902.6192893	0	21
GCTAAATTACTTCTTAATTCGCCACGGTCC	0	0	0	0	15.58695652	0	0	0	1703
GCTAACATTCGTATGCAGGGCTGTCAACCA	0	0	0	0	0	0	0	0	860
GCTAAGTTGTAGTTACGAGTTCGTAAGTTG	0	0	0	0	0	0	0	0	1029
GCTAATCACTTTGGGGCCTCTGGACCGTTT	0	0	0	0	0	0	0	0	475
GCTAATCTACGGGTTATCTTCGACCTCCGG	0	0	0	0	0	0	0	0	21
GCTAATGCGTGGGATGTGGCGAACTCGTAG	0	0	0	0	0	0	36.39593909	0	0
GCTAATTCCATTCCTCATTTACGCGCGCTC	0	0	0	0	33.77173913	16.73	0	0	11617
GCTACATTCAACCACGTCTTCTCATTCTTG	0	0	0	0	0	0	0	0	1609
GCTACCTAGGCGGGGGGGACCGGGAAAGCG	0	0	0	0	0	0	18.19796954	0	0
GCTACGATATGCTTAGGCTGTTGTTTATTC	0	0	0	0	0	0	0	0	156
GCTACGTGTGCACGTGGACCGGGGCTACGC	0	0	0	0	54.55434783	26.29	0	0	25573
GCTACTGTTCTGCACTCCGTGGGCCAACAT	0	0	0	0	0	0	0	0	73
GCTAGACTGCGTAGGAGGCATCATTAGTGC	0	0	0	0	0	0	0	0	545
GCTAGAGATTGTTTACATCGTGAATAAGAA	0	0	0	0	0	0	0	0	396
GCTAGGATAACCCTGTTTCTGGAGCCAAAT	0	0	0	0	0	0	0	0	15
GCTAGGGGAACCAACGCTGACACGGGCATG	0	0	0	0	0	0	0	0	1593
GCTAGTGAGCGCCAGACGACGCTGGAGTAT	0	0	0	0	0	0	0	0	72
GCTAGTGTTATAAGTTGAGAGCAGATTCAC	0	0	0	0	0	0	0	0	346
GCTATAAACGAATACGGTTGATCTCGGGGA	0	0	0	0	0	0	0	0	2946
GCTATAATCAATGTTGAGGAATATTGCATC	0	0	0	0	0	0	0	0	516
GCTATACAATTATGGGTGATAGGACTATAA	0	0	0	0	0	0	0	0	705
GCTATACTGAGATACGTCTTACGGGAACAC	0	0	0	0	0	0	0	0	174
GCTATAGCGCTTAGTTGTATAGGTCACTCG	0	0	0	0	0	0	0	0	738
GCTATCAGATTGTAATTCAAAGGGTCCCAC	0	0	0	0	0	0	0	0	671
GCTATGGGTTCGAAGCCTTAACTCGTCATG	0	0	0	0	0	0	0	0	240
GCTATTAGGGAATTGTCTGCTACGATCGTG	0	0	0	0	0	0	0	0	1102
GCTCAATGTGGTGCTGACTGGGGCTGGGTA	0	0	18	0	0	0	0	0	42
GCTCAGTGGAGCGTTTTGTAATTGATCTCT	0	0	0	0	0	0	0	0	174
GCTCAGTTTTAACGCGGCCAACCTGCAGGC	0	0	0	0	0	0	0	0	1476
GCTCATGGGACGTCCATTAATATGGGCCTT	0	0	0	0	0	0	0	0	346
GCTCATGTGCTTCGGCTGTTTTGACTCGTA	0	0	0	0	0	0	0	0	43
GCTCCACTGGGTCGCGTGTAGTTGATGGGT	0	0	0	0	0	0	0	0	27
GCTCCCGACGCGGGGTGGAAATGAGCTGGG	0	0	330	20.7826087	106.5108696	236.61	0	0	1084
GCTCCGAGAGGTCGGGTGGGTCCATGGCCC	0	0	0	0	0	0	0	0	3024
GCTCCTATCGTTTCTGTCATAATGATGTTT	0	0	0	0	0	0	0	0	103
GCTCCTATTGCAGTATCTCTTTTGGTGTTA	0	0	0	0	0	0	0	0	123
GCTCCTCTTGCTAACCTTCATGGCACGCCC	0	0	0	0	0	0	14.55837563	0	0
GCTCGAGGGTTCTGGTAGATTTCTTTTGGA	0	0	0	0	0	0	0	0	733
GCTCGATAGACCTGACTGCGGTAGGCAAAT	0	0	0	0	0	0	0	0	1072
GCTCGATATGCGAGGAGCATTCGGATGATA	0	0	0	0	0	0	0	0	1273
GCTCGCGTACTATAGTATACGAAAGCTCGC	0	0	0	0	0	162.52	0	0	0
GCTCGCTTTAGCCAAGATGAGAAGATGACA	0	0	0	0	0	0	0	0	531
GCTCGGAAGGGACGTACGAAGACGCGACGC	0	0	0	0	0	0	0	0	1254
GCTCGGATCGTTATTTCAGCCGGGGTTCAA	0	0	0	0	0	0	0	0	62
GCTCGGCTGTGGGGGGCCGGATTCTTCAGG	0	0	0	0	0	0	0	0	2171
GCTCGTAGTGTAAATAAATACCCTATAATC	0	0	0	0	0	0	0	0	23
GCTCGTTGCAGTATTAGCAAAAAATTGTAG	0	0	0	0	0	0	0	0	331
GCTCGTTGGTTGTGGATGAGCGCTAGGGGT	0	0	0	0	0	0	0	0	1360
GCTCTAGCCTAGCGTGTTACTCCTGTAAGC	0	0	0	0	0	0	0	0	1728
GCTCTCATCCCTAATGCGTTCAGGAAGACT	0	0	0	0	0	0	0	0	1418
GCTCTCGTGACCCTGGACGTAAGTCAGTGT	0	0	0	0	0	0	0	0	25
GCTCTGCCTCGGGATGCGGCAACCATGGGT	0	0	0	0	0	0	0	0	1223
GCTCTGGGTGTCGAACCGCTGACGGGTGGG	0	0	0	0	0	0	0	0	1663
GCTGAACGGTGAATGTATGAAGTAGGTCCA	0	0	0	0	0	0	0	0	196
GCTGAATACCAATATTTTTAACCCCTCTAT	0	0	0	0	0	0	0	0	1415
GCTGACAGGGAAAATTAATATCCGTAGGGC	0	0	21	0	23.38043478	0	0	0	353
GCTGACTGTCTCCAACTAAGTCCGAGTATA	0	0	0	0	0	0	0	0	308
GCTGAGACTGTGATAGAATTATACGAAAGC	0	0	0	0	0	0	0	0	10890
GCTGATAGTTCAAGCTGGCGCAAGGATTAT	0	0	0	0	0	0	0	0	344
GCTGCACCTAGCAGGTGAGGTGCTAAAAGG	0	0	0	0	0	0	0	0	845
GCTGCCCGTGGTTACTTGGAGTCTCTTTTA	0	0	0	0	0	0	0	0	1711
GCTGCCTTCCATTATGAGACATGTCTTGAT	0	0	0	0	0	0	0	0	606
GCTGCGCTTACACGAGTGATAAAATGGAAT	0	0	0	0	0	0	0	0	1453
GCTGCGGAGGACTGTATCTGAATCACATAG	0	0	0	0	0	0	0	0	1387
GCTGCGGCGGATGTCCGGTTGAGGAGTGTA	0	14.87551867	0	0	0	0	0	0	503
GCTGCGGTGCTTTACCATAGCATCTCAGGG	0	0	0	0	0	0	0	0	4535
GCTGCTCAATACTGGCGGGTTCGGATTTTG	0	0	0	0	0	0	0	0	1235
GCTGCTGGGCAAGGGAGGGGTTTGAATGGG	0	0	0	0	0	0	0	0	1874
GCTGCTTTCGAATGTTTTAATAGTAATTCC	0	0	0	0	0	0	0	0	360
GCTGGAATGGTGAAACGCCCTGAGAATCGG	0	0	0	0	0	0	0	0	939
GCTGGCATGGGAGCCCTCGGGTGTTACCCC	0	0	0	0	0	0	0	0	1716
GCTGGCGGGAGGGATTAACTGGTCAAACAC	0	0	0	0	0	0	0	0	1278
GCTGGGAACAAGAAGAGCACCTGGACTCCG	0	0	0	0	0	0	0	0	122
GCTGGGAGCGTGATGGGTCTACAGGCTCAA	0	0	0	0	0	0	0	0	159
GCTGGGGATCTAAATCAGTATGGGAGTAGG	0	0	0	0	0	0	0	0	865
GCTGGGTGGCAGATAGGGTAGGTCGTGGCT	0	0	0	0	0	0	0	0	14
GCTGGTCAGCCTGAACCCATGAATCTCGCA	0	0	0	0	0	0	0	0	35
GCTGGTCCGTGTCAAGGAACAAATGAGGTA	0	0	0	0	0	0	0	0	1274
GCTGGTGTGCGCGGGCCCCCAGGGTGTAGG	0	0	0	0	0	0	0	0	1465
GCTGTCCCATCCTCCTATAACGTCCCAAGT	0	0	0	0	0	0	0	0	218
GCTGTCCTACTGTTTCCTGTCGGTTATGAT	0	0	0	0	0	0	0	0	1437
GCTGTGATCTCGAAATACGATGGTCTTAGG	0	0	0	0	0	0	0	0	1624
GCTGTTCAGATTGTTGTCAAATCGCTGCGC	0	0	0	0	0	0	21.83756345	0	0
GCTGTTGGGGGGCGTCGGGTGGGAGTGGAC	0	0	0	0	15.58695652	0	0	0	57
GCTTAATAACTGATTACAACAATAATAAGG	0	0	0	0	0	0	0	0	38
GCTTAATATGTTCAGTACCTATCGATATAT	0	0	0	0	0	0	0	0	225
GCTTACTTCAGTTATTCCTTCGGCTGGGAT	20.96491228	50.57676349	0	0	103.9130435	31.07	0	0	13324
GCTTAGACCCCACATTGCGAACCCATCGTC	0	17.85062241	0	0	0	0	0	0	51
GCTTAGCTGCGACTTAGTGGCGGCATTCTG	0	0	0	0	0	0	0	0	731
GCTTAGGCAACGCGTGTTGGTGTGTGAGAG	0	0	0	0	0	0	0	0	102
GCTTATAAATACGCCAATAGTGTAGGAGCT	0	0	0	0	0	0	0	0	601
GCTTCACAGGGTGCTACAACTGTTAAATCG	0	0	0	0	0	0	0	0	1249
GCTTCCCCCAGCCGAATGTGGTTGTCCATC	0	0	0	0	0	0	0	0	2393
GCTTCGAAACGCGGTCGTGTTCGCATGTAC	0	0	0	0	0	0	0	0	1096
GCTTCGATACACTGCTCCAACTAGTGTTCG	0	0	0	0	0	0	0	0	1813
GCTTCGGATGCGGTATTGTCGGGGGCGGCT	0	0	0	0	0	0	0	0	1438
GCTTCGTTAAACGACGCATCGAGAGAGCCG	0	0	0	0	0	0	0	0	318
GCTTCTCAGTGGTGTTTGGATCAGCACGCT	0	0	0	0	0	0	0	0	1069
GCTTCTCTAAGGCCTCTTCGGCCGCACACT	0	0	21	0	23.38043478	0	0	0	189
GCTTCTGCTCATGACCCACACGGGGGAGTC	0	0	0	0	0	0	0	0	1410
GCTTCTGTCTACGACGAGGTCTAATGTGTA	0	0	57	28.57608696	59.75	0	0	0	226
GCTTGACAGATGCAGGTCCTTCTTTTCACC	0	0	0	0	0	0	0	0	929
GCTTGAGTTACAGCGATACCTATTAACTTT	0	0	0	36.36956522	31.17391304	59.75	0	0	0
GCTTGCAACTCGTGTTTATTTAAAGTGAGG	0	0	0	0	20.7826087	0	0	0	473
GCTTGCCCCCCGTAACTTACTGTGTTCCCT	0	0	0	0	0	0	0	0	69
GCTTGCCTTCTACATGCTTATGAAAACGCT	0	0	0	0	46.76086957	0	0	0	875
GCTTGCTGACCTGATTAGGGTTATCGTACG	0	0	99	15.58695652	98.7173913	26.29	29.11675127	0	811
GCTTGGCCTCACTGTGAAGTCCCCCATGGT	0	0	0	0	0	0	0	0	3087
GCTTGGGCCTACGAACTAGTGGATTTTACG	0	0	0	0	0	0	0	0	1171
GCTTGGTGGATATCTATGTAGCTTGCTTCT	0	0	0	0	0	0	0	0	1675
GCTTGGTGTGAACGTAGTTCTTGGGGTTAC	0	0	0	0	0	0	0	0	1024
GCTTGTATGTGGCTGTGTCGAGCGTGAGAT	0	0	0	0	0	0	0	0	60
GCTTGTGGTTGGATGAAGCGGGTGGTTAGG	0	0	0	0	0	0	0	0	1935
GCTTTAACGTAGAGGTTATTGGCCGGCCTT	0	0	0	0	0	0	0	0	1465
GCTTTATGCACGTAGTTTCGGGTCGGGCTG	0	0	0	0	0	0	0	0	732
GCTTTATTATCTAGATTGATAGCTATACCT	0	0	0	0	0	0	0	0	394
GCTTTCTTTTTAAGTTTCGTTCCCCGCTTT	0	0	0	0	0	0	0	0	912
GCTTTGTTTTGGAGTAGATGGGTTTCTTAC	0	0	0	0	0	0	0	0	2630
GCTTTTAGGTACTCCCATATCCTATATAAT	0	0	0	0	106.5108696	0	0	0	0
GGAAAGATGGGTGGATTGTTGGAGCAGGTT	0	0	0	0	0	0	0	0	285
GGAAAGTCGGCGGACGGTTTTAGCCCGAGG	0	0	0	0	0	0	0	0	1195
GGAAAGTGTGTGGAACTCCTTCCGCGGAGC	0	0	0	0	0	0	0	0	2192
GGAAAGTTTACAGTTGTCGTGATAAACCGG	0	0	0	0	0	0	0	0	80
GGAAATTAGTGCGTGTACTATCCATAGATC	0	0	0	0	0	0	0	0	868
GGAAATTTATTCACTTTAGCGGGGAGTATG	0	0	0	0	0	0	0	0	681
GGAACAGGGATTCAAAGTCTTATAATCAAT	0	0	0	0	0	0	0	0	39
GGAACCAACTCCGTGTGCTCCCCTAGCGGG	0	0	0	0	15.58695652	0	47.31472081	0	38
GGAACCATGTATTCTGGTTTTTCCGAAACA	0	0	0	0	0	0	0	0	75
GGAACCCTGGGGCGGCAGACGAGCTGCGTG	0	0	0	0	0	0	0	0	840
GGAACGACACAGGTCTCGACGTAGATGGAT	0	0	0	0	0	0	0	0	36
GGAACTTCACTGGCGCGTGGTATTGCTGGC	0	0	0	0	0	0	0	0	363
GGAAGAGATGCGTCGCTAGGTACCCTGTGT	0	0	0	0	0	0	0	0	2301
GGAAGATCACATCACGTAAAGTAAGTACGT	0	0	0	0	0	0	0	0	108
GGAAGCCGCTATCCGTTCGTACCGGGGGTT	0	0	0	0	0	0	0	0	55
GGAAGCTGACGGTTCATGAACTGTCATCGC	0	0	45	0	0	0	0	0	676
GGAAGGGCAAGTGAGTTGTCCCGGCCCTCG	0	0	0	0	0	0	0	0	2564
GGAAGGTCAGCGGACTCAGATTTCACAACT	0	0	0	0	0	0	0	0	2392
GGAAGGTCTGTGTTGTGGGTCTCGGCGTAG	0	0	0	0	0	0	0	0	1520
GGAAGTCTTTGGTGCTTCTACTCTTTCGAC	0	0	0	0	0	0	0	0	315
GGAAGTGATACCAGCATATACCCTTCCGAA	0	0	0	0	0	0	0	0	1132
GGAAGTTAATCAAAATTTAATTTGACATGT	0	0	0	0	0	0	0	0	109
GGAAGTTCCTCGGCCCTGCGTCTTTCAGGG	0	0	0	0	0	0	0	0	1318
GGAAGTTGTAAAGAGTATCCTGGATGATGC	0	0	0	0	0	0	0	0	2409
GGAAGTTGTGTGTGGATCGACAAGGATCGA	0	0	0	0	0	0	0	0	162
GGAATACTGCTTACTGATATTCTGATTTTG	0	0	0	0	0	0	0	0	41
GGAATATACTCGTCTGCTGGGCTGCTGCAG	0	0	0	0	0	0	0	0	1494
GGAATCACATGAATCTTTGAAGTGGTCGTT	0	0	0	0	0	0	0	0	4433
GGAATCCTAACATCAATACTGTGATTGTGC	0	0	0	0	0	0	0	0	63
GGAATTGCGAAACGGCGAGATAGTGGGGAC	0	0	0	0	0	0	0	0	755
GGACACCCCGGGGTATATAAATCAGCCGTG	0	0	0	0	0	0	0	0	393
GGACACGACTGACGTTTTCTTAGCAGGATC	0	0	0	0	0	0	0	0	2369
GGACACGCATCGTATACTTGTCTTGAGGGA	0	0	0	0	15.58695652	0	0	0	172
GGACACTTCGAGAGTGACACGTTAGGCTGG	0	0	0	0	0	0	0	0	4053
GGACAGGACCAAGAAGCTTGGAACGGTGTC	0	0	0	0	0	0	0	0	1203
GGACCATACTTTTTTCGGGCACCACTGGCA	0	0	0	0	0	0	0	0	25
GGACCCTGACGAAGATAGCCTGGGGAGGGT	0	0	0	0	0	0	0	0	1506
GGACCGATTTGGGACACGAGTGTAGCGTGG	0	0	0	0	0	0	0	0	702
GGACCGGAAGCGACGATGCGGGAACGTAGA	0	0	0	0	0	0	0	0	1081
GGACCGGGGTCGACTGCAAGCATGGCGCCT	0	0	0	0	0	0	0	0	11385
GGACCGTTATAGTACTCATGCTTGCCGTAC	0	0	0	0	0	0	0	0	938
GGACGATTGCGCTATGGAGAGTGATGGGAT	0	0	33	28.57608696	36.36956522	38.24	0	0	46
GGACGCCCGCTTTGGTTCTTATGTTAAATT	0	0	0	0	0	0	0	0	1208
GGACGGGGCGTAAAATCCCATGGAACGTCT	0	0	0	0	0	0	0	0	210
GGACGGGTGATTAGGCGCGACCGGATCCGG	0	0	0	0	0	21.51	0	0	14
GGACGGTGTTGGGCGTCAGGCGGGAATGGG	0	0	0	0	0	0	0	0	18
GGACGTCGCAAAAATTCGGATGTAGTACCG	0	0	0	0	0	0	0	0	2015
GGACGTGTCAACTTACCTCCCAAGATACGG	0	0	0	0	51.95652174	0	0	0	358
GGACGTTACACGTGTGTCAAGTTCTTCAAC	0	0	0	0	0	0	0	0	235
GGACGTTTGATTTGGCTACGACATGGTTTT	0	0	0	0	0	0	0	0	1106
GGACTAATACATGGCTATGACAATTATGTG	0	0	0	0	0	0	0	0	768
GGACTACGGCCACGTTAGGCAAATAGTCGG	0	0	0	0	0	0	0	0	15
GGACTATACGTAATGCGTCTGATCTGTCCA	0	0	0	0	0	0	0	0	245
GGACTCCTTCTCGCCCTTCGACAATAACGA	0	0	0	0	0	0	0	0	1088
GGACTCGGCATTTTGACAGGGCTACTTGGG	0	0	0	0	25.97826087	0	0	0	1236
GGACTGACTAAGAGCGGACGGTGACGTCAA	0	0	0	0	0	0	0	0	65
GGACTGATGGCACGGGGGCGGAGGGGGAGT	0	0	0	0	0	0	0	0	14
GGACTGTGACCCAGAGGAGTCGTCACGTGC	0	0	0	0	0	0	0	0	540
GGACTTTGCGATCCGTAGTTGTTGTGTAGG	0	0	0	0	0	0	0	0	1627
GGAGAGAGAGGTCGGGAGCCAGGGAAGAGA	0	0	0	0	0	0	0	0	1039
GGAGATACTTATCATTGTGGTGTGTATTAG	0	0	0	0	0	0	0	0	29
GGAGATGTGGTTCCCTGAGAGCATTGAACA	0	0	0	0	0	0	0	0	882
GGAGCAAGCACTTCATTTCCCAACGGCAGT	0	0	0	0	0	0	0	0	101
GGAGCCACAGATGGTTTTTGGGCAGGGAGG	0	0	0	0	0	0	0	0	4385
GGAGCCAGCGAATCTCATGGTAAAGTGCGT	0	0	0	0	31.17391304	0	0	0	1570
GGAGCCGCTGATTGCCGCTGGTTGACCGCA	0	0	0	0	0	0	0	0	27
GGAGCGAGCATTCGATAGAGCTAACGGGGC	0	0	0	0	0	0	0	0	16
GGAGCGATCGGTTTGATGGCGCCAGCAAGT	0	0	0	0	0	0	0	0	1708
GGAGCGTACACGCAGGACGGCCTAGTGTCA	0	0	0	0	0	0	0	0	2838
GGAGCGTCCGGGCTTTACTGCATCTAGTCG	0	0	0	0	0	0	0	0	2371
GGAGCGTTAGTGACTTGTGGGGGTGGGGGT	0	0	0	0	0	0	0	0	1511
GGAGCTAATGACTAAGTATTACTCGGAACG	0	0	0	0	0	0	0	0	404
GGAGCTGCACGGACCTGCGCTCTGGCGGGC	0	0	0	0	0	0	0	0	2317
GGAGCTGGGCAATACCGGGAAAGCGGCGTA	0	0	0	0	0	0	0	0	15
GGAGGATATAGTGCACCTCCCGTGACAAAT	0	0	0	0	0	0	0	0	147
GGAGGATGGGAGCAGGAACGCGGCGGCGAT	0	0	0	0	0	0	0	0	61
GGAGGCAACAGAGGTCTAGTACAGTGGCTG	0	0	0	0	0	0	0	0	436
GGAGGCCAGGCGTCAAGTGCCCAAAAGACG	0	0	0	0	0	0	0	0	21
GGAGGCGCCTTAGGATTCTCACAAGATATT	0	0	0	0	0	0	0	0	435
GGAGGGCCAAGGGTACTACGCAGACGGGAG	0	0	0	0	0	0	0	0	26
GGAGGGGAGTGCGGCAAGGGTGGGGTTGTA	0	0	0	0	0	0	0	0	260
GGAGGGGGCTGCATCCCGATCCGTGGTGCA	0	0	0	0	0	0	0	0	1358
GGAGGGGGTCGGGAAGACGTGTCGGCTCCG	0	0	0	0	15.58695652	0	0	0	710
GGAGGGTCGGTCGCACTGAAAGTGGTAGGG	0	0	0	0	0	0	0	0	472
GGAGGTAAGCGGGTCATTTGGTCATGGAGA	0	0	0	0	0	0	0	0	6768
GGAGGTCGGCCAGGAACATAGATTGATAAT	0	0	0	0	0	0	0	0	1382
GGAGGTGAAGCGCGGGGGACGAGGCGAGGG	0	0	72	0	90.92391304	40.63	14.55837563	0	7565
GGAGGTGCAACGCGGTGCCGAGCCCCGGGA	0	0	21	0	0	0	0	0	25
GGAGTACCGTCTAGCTAATGCACCGGGAGT	0	0	0	0	124.6956522	0	0	0	222
GGAGTCTCCAGCCCATGAGGGGTGGTTTTT	0	0	0	0	0	0	0	0	1681
GGAGTCTGTATATTGTCATGTTACTTTCAT	27.25438596	0	0	0	0	0	0	0	1339
GGAGTGACAATAGGTGCCATAAGTACCTTG	0	0	15	0	0	0	0	0	0
GGAGTGAGATGTGGATAGATTTTTAGTACA	0	0	18	0	23.38043478	0	0	0	17351
GGAGTGATCTGCGCAGGGTGGATCACGAGG	0	0	0	0	0	0	0	0	3393
GGAGTGTTACCGAAATTGTGAGGATAATTA	0	0	0	0	0	0	0	0	123
GGATAACACGATTTAGTTGCGCCTCGATTT	0	0	0	0	0	0	0	0	1298
GGATAATGGCATCACCAACAAAAGGGACGG	0	0	0	0	0	0	0	0	1666
GGATACAAATGGACGTACAGGGTATCCTAG	0	0	0	0	0	0	0	0	1210
GGATACAGGAGCACAGGAGTGCAGACTGGC	0	0	0	0	18.18478261	0	0	0	102
GGATACGAGACTTTCCGGGAGAGTGCTTCG	0	0	0	0	0	0	0	0	421
GGATACTCCACTTATCTGTCTGCTTTCTCA	0	0	0	0	0	0	0	0	632
GGATAGAGATTCTGTTTCGACCGCTGATGC	0	0	0	0	0	0	0	0	1424
GGATAGTTCTTCGTGAGGGTCCGCGGACCA	0	0	0	0	0	0	0	0	1119
GGATATTTGCTATTGTTTTCGAGTTGGCCC	0	0	42	0	0	0	0	0	36
GGATCACGGGACAGGATAGATGTGATCGGG	0	0	0	0	0	0	0	0	2896
GGATCATATCAACCTGGTCTTCGGGATCGC	0	0	0	0	0	0	0	0	1092
GGATCCAGGTACAGCATGTTTGCATATTGC	0	0	0	0	0	0	0	0	1271
GGATCCAGTCCAAATGGGGTTTCTCCGCAT	0	0	0	0	0	0	0	0	21
GGATCCCCAACATTAGATAAACCAGCTTGG	0	0	0	0	0	0	0	0	40
GGATCCTATTCCAAACTTACCACTTTAGAT	0	0	0	0	0	0	0	0	400
GGATCGGAAAAAGCAGCATTGGAGGGCTTA	0	0	0	0	0	0	0	0	746
GGATCTAATTCACCGCTTAAATAATCCAGT	0	0	24	0	41.56521739	0	0	0	55
GGATGAATGTTACGCGTTGCTTGGCCAAGA	0	0	0	0	64.94565217	16.73	0	0	0
GGATGCGGCGTGAGCTACCGCCCCCCCGCA	0	0	0	0	0	0	0	0	737
GGATGCTCGCGATCGTATCCTAATTTGGTT	0	0	0	0	0	0	0	0	971
GGATGGACTTCATAAGTTTGGGTGGTGCTC	0	0	0	0	0	0	0	0	1529
GGATGGGATGTTGGGGCGAGGGCGTGGGGA	0	0	0	0	0	0	0	0	1221
GGATGGTGATCGGACCAGACTGTTGTGGGT	0	0	0	0	0	0	0	0	917
GGATGTGCGGGGGGACCTTGAAGCAGAAGT	0	0	21	0	15.58695652	0	0	0	36
GGATGTGCTTGGCGTGGCTGGGGGGGCTAT	0	0	0	0	0	0	0	0	16
GGATGTTAAGTCAATGAAGGTTAGCTCAGT	0	0	0	0	20.7826087	0	18.19796954	0	97
GGATGTTCTTTCATCACGTATAGCCCCACT	0	0	0	0	0	0	0	0	282
GGATTCACTATATTTTAGTTCGGGTTAAGC	0	0	0	0	0	0	0	0	290
GGATTCGTGGCGGGTCGATATGGGGGTGTC	0	0	0	0	0	0	14.55837563	0	29
GGATTCGTGGGTAATGCGGAAGGCCGCCGA	0	0	0	0	0	0	0	0	1556
GGATTGCAGGTGCCAATCGAGACCGTCTTG	0	0	0	0	0	0	0	0	1700
GGATTGCTCGCGCACTGGAGAGTGAGTTGA	0	0	0	0	0	0	0	0	717
GGATTGTTCCATACTTGTGGGCAAGGTGCT	0	0	0	0	70.14130435	26.29	58.23350254	0	181
GGATTTGAGTGCTTCTAAGTGGGGCCTGGT	0	0	0	0	0	0	0	0	1047
GGCAAATAACTCCCGAAGTGGAGTGCAGTA	0	0	0	0	0	0	0	0	15
GGCAAATTTTAGAGCATTACAGTGGGCGGG	0	0	0	0	0	0	0	0	14
GGCAACGCGTAGTTAGATTAGCTCGCTTAC	0	0	0	0	0	0	0	0	1339
GGCAAGGCGGTCAACTGGGCTCCGCGCGTG	0	0	0	0	0	0	0	0	320
GGCAAGGCTGATCGTACTATTATTGGCGGG	0	0	0	0	0	0	0	0	43
GGCAAGTGTGGATGGCGCAGCAAGTAAGAG	0	0	0	0	0	0	0	0	1127
GGCAATATACTAAATATCACTTGATGGGGC	0	0	0	0	0	0	0	0	109
GGCAATGGAGTTACTAAAAATTCGATCTCA	0	0	0	0	0	0	0	0	1564
GGCAATTTCACGGAGAGCCAGCGATGCCGT	0	0	0	0	0	0	0	0	199
GGCAATTTTGCACGAACCATGAAATGCCCG	0	0	0	0	0	0	0	0	4133
GGCACAAGTTTAGGGGACCCCTAGATCATG	0	0	0	0	77.93478261	0	0	0	2333
GGCACATAGGAACCCCAACAGATTTATTTT	0	0	0	0	0	0	0	0	116
GGCACCCGGTACCTGCGCAAACCGGTAGGC	0	0	0	0	0	0	0	0	3219
GGCACGAACTAAGAGGTGGGGCGATAGGTC	0	0	0	0	0	0	0	0	2442
GGCACGGAATAGAGGTGTGGCTAGAAGAGT	0	0	0	0	0	0	0	0	880
GGCACGGCGGTAAAGACAGCCATGAGTCCG	0	0	0	0	0	0	0	0	506
GGCACGTTGAAACCGGGAACGTTAACGCCG	0	0	0	0	0	0	0	0	1356
GGCAGAAAAGTATAGTAATCGGTAACTAGT	0	0	0	0	0	0	0	0	1004
GGCAGCGCATGATTTCGTAAGTGTCTGTTG	0	0	0	0	0	0	0	0	21
GGCAGGAGCGGGAGCGACAACCGGTTATAC	0	0	0	0	0	0	0	0	72
GGCAGGATCAAGCCTGGTATCAGCGAAGGA	0	0	0	0	0	0	0	0	20
GGCAGGCCATGATCGAGGGACTAAGCGGGC	0	0	0	0	0	0	0	0	10674
GGCAGGCCTACAGGTCAGTGATGTGCCGGT	0	0	0	0	0	0	0	0	1394
GGCAGGGAGGGCCATAAGGCACCGGAGCTT	0	0	0	0	0	0	0	0	970
GGCAGGGGCGAGGACTCCGGTGGCGGGAAG	0	0	0	0	0	0	0	0	1205
GGCAGGTGCCGCCGAACTGCTGTCGGAGTC	0	0	0	0	0	0	0	0	1664
GGCAGGTGTGATTTCAAAGCTAACGTGCGC	0	0	0	0	0	0	0	0	51
GGCATACGCAAATCGTGAAATTAAGCAACT	0	0	0	0	0	0	0	0	309
GGCATACGGATTATGGATCATAAGTGTGTG	0	0	0	0	20.7826087	0	0	0	313
GGCATAGCGGATCATGGGGTGGGGGACCTG	0	0	0	0	0	0	0	0	1238
GGCATATTACGGCCGCCTAAGGGGATTAGT	0	0	0	0	0	0	0	0	540
GGCATCATCCGGCTTCGCGTAATACGAGAC	0	0	0	0	0	0	0	0	1052
GGCATCCTTCCCACAAGTGCTCTATTTGTT	0	0	0	0	18.18478261	0	0	0	0
GGCATCGACCTTCCTGGTATGGCACGAGCC	0	0	0	0	0	0	0	0	2315
GGCATCTTACAAAGGTTAGTAGATATGACA	0	14.87551867	0	0	0	0	0	0	872
GGCATGTAGGGCACACGGTTTACTTGGTGT	0	0	0	0	36.36956522	0	0	0	16024
GGCATGTCTTGACCGTCAGAGGGGAAGAGG	0	0	0	0	0	0	0	0	719
GGCATTCGCGCGTTGAACGCCGCCAGTGGG	0	0	0	0	20.7826087	0	0	0	59
GGCATTGGTTGCAGAACGACAGCGGTTGAC	0	0	72	0	0	0	14.55837563	0	635
GGCATTTCCTAATTAGCTGACGGCGAGACA	0	0	0	0	0	0	0	0	31
GGCCAACGGAAAGCGTGGGAGTGGGGGGGA	0	0	0	0	0	0	0	0	47
GGCCACTCTCTAAGGTGAGGAACGTCGGGT	0	0	0	0	0	0	0	0	931
GGCCAGCCTGGCGTGCCGTGTAATAGAGAT	0	0	0	0	0	0	0	0	2056
GGCCAGGTGCTCGGGTGCTTCACTGTCCAT	0	0	0	0	0	0	0	0	1319
GGCCATAGCCAAGACACGGGGCCGTTTTGG	0	0	0	0	0	0	0	0	1132
GGCCATAGTTGCTTTAAGCTTGGCGAGAGC	0	0	0	0	0	0	0	0	1320
GGCCATGGAGTGTGTCAGCCCAAGTTTCTG	0	0	0	0	0	0	0	0	1184
GGCCATTCCCACACACAGGGCACGCCTTCA	0	0	0	0	0	0	0	0	58
GGCCCAGGTAACGGTTTTGCCGAAATGAGG	0	0	0	0	0	0	0	0	2177
GGCCCCAAAACGCTAGGACGCTCAAGTCGA	0	0	0	0	18.18478261	0	0	0	50
GGCCCCGTGAGACGTGCACGTGTGCGTGTA	0	0	0	0	0	0	0	0	1012
GGCCCGCCAGATTCTACCCTCGCAGGATGA	0	0	0	0	0	0	0	0	821
GGCCCGCTTGGGCGGTATCCTGGAACACGT	0	0	0	0	0	0	0	0	859
GGCCGAAGGAATCAAATCCTGGTTATGCAC	0	0	0	0	0	0	0	0	106
GGCCGCCTGTTCCGTCACAGGCATAATTAA	0	0	0	0	0	0	0	0	859
GGCCGCCTTACATTCCTCTATACGTGGCAG	0	0	0	0	0	0	0	0	216
GGCCGGCGGTGCTCGTTCCTTTTTCCGGGA	0	0	0	0	46.76086957	23.9	0	0	24555
GGCCGGGGAACTGCACGCCCTTCGTACCTT	0	0	0	0	0	0	0	0	274
GGCCGGGTGGGGGACCAGAGCGGGGAAGGG	0	0	0	0	0	0	0	0	81
GGCCGGTGTGTTGGTTCCAGGGGGGTAGGG	0	0	0	0	0	0	0	0	2092
GGCCGTCAGTCGCTTGCACCCGAAAAAGCT	0	0	0	0	0	0	0	0	637
GGCCTGTCGGCCAGAGTGCGACTGAGCAAG	0	0	0	0	0	0	0	0	66
GGCCTGTCTGAGCCCAGTAGCCTCTCGTCC	0	0	0	0	0	0	0	0	1008
GGCCTGTTAGCGTTTCTGGAACCGATTATT	0	0	0	0	23.38043478	19.12	25.47715736	0	190
GGCGAGGTGACGTATTGCACCCTGTTTTAG	0	0	0	0	0	0	0	0	533
GGCGAGGTGATGGTGGGGGCCTTTGAGGGG	0	0	0	0	0	0	0	0	1899
GGCGAGTGGTCATTCAGAAATGCGCCCAGG	0	0	0	0	0	0	0	0	291
GGCGATCGGTGTCATCGTATCCCTCCATTG	0	0	0	0	0	0	0	0	1002
GGCGATTGGAGCAGGGGCTGGGGCGGGGGG	0	0	0	0	0	0	0	0	625
GGCGATTGTGCGCAATCGTGGCGAGCTCGG	0	0	0	0	0	0	0	0	15
GGCGCAGGCGACGGTGGGGGAAGTGTGAGC	0	0	0	0	0	0	0	0	1915
GGCGCCCGCTGGTCCGCCTTGGATTTGGAC	0	0	0	0	0	0	0	0	449
GGCGCCTGGTTCGCAACTACCTATCCCGGT	0	0	0	0	0	0	0	0	1545
GGCGCGAGTCGGTGGTACCATAGGGGCGGG	0	0	0	0	0	0	0	0	1213
GGCGCGCTTGCGCCGGGTCAGTGTGCAGCT	0	0	0	0	0	0	0	0	1218
GGCGCGGACGCAGCGCGAGAATCAGTGGAG	0	0	0	0	0	0	0	0	886
GGCGGAAATCGTCAGATACAGTACTGACCC	0	0	0	0	0	0	0	0	28
GGCGGACTAGAAGGCTGGAACGGCGCCAGG	0	0	0	0	0	0	0	0	89
GGCGGAGATAGCCTGGTTCATCTGCCATTC	0	0	0	0	0	0	0	0	16
GGCGGATGGTGTGAGGTATCTTAGTCGCTG	0	0	0	0	0	0	0	0	1866
GGCGGCCCTGGGCCCACGGGAGTGTGGAAG	0	0	0	0	0	0	0	0	859
GGCGGCTCATTCATTACACTCGTTATGAAC	0	0	0	0	0	0	0	0	583
GGCGGGCTGAACTCTGGGCTAATGCTTTCG	0	0	0	41.56521739	57.15217391	16.73	14.55837563	0	7286
GGCGGGGTTCGCCCCGGACATGATGCGTGG	0	0	0	0	0	0	0	0	2238
GGCGGTATTTCTTCGCTGCCCGGTTGACCG	0	0	0	0	57.15217391	0	0	0	185
GGCGGTCTTGTAATTTACGTTTCCCTCCTG	0	0	0	0	0	0	0	0	451
GGCGGTGGCACTAGCGCGAGGCGTATGCAT	0	0	0	0	0	0	0	0	523
GGCGTACCAAGAGTTCTCTCATTCATCACA	0	0	0	0	0	0	0	0	1130
GGCGTATCGAAATACGTCCCTTTGCTCTGC	0	0	0	0	0	0	0	0	128
GGCGTGCCCCGGAGTCGTGAGCGGAAACAG	0	0	0	0	0	0	0	0	783
GGCGTGGGCGTAGAGCAAAGTACGTCGATG	0	0	0	0	0	0	0	0	51
GGCGTGTAACCGTTAGGTCGTGCTTTTTCA	0	0	0	0	0	0	0	0	342
GGCGTGTCGTCCTGTGTAGGTTAGACGGTG	0	0	0	0	0	0	0	0	773
GGCGTTATCTCTCCCGTTATCGAAATCGTT	0	0	0	0	0	0	0	0	2443
GGCGTTGGGCAGCCTTGGGGATGCGGAGTG	0	0	0	0	0	0	0	0	2645
GGCGTTTACTTGGGCCGATGATTCAGTTTT	0	0	0	0	0	0	0	0	100
GGCTAAACTTGGCAAGCAGGTTATTGAAGA	0	0	0	0	0	0	0	0	1363
GGCTAAATTGGTGAGATCAGAGTTTTGATT	0	0	0	0	0	0	0	0	1570
GGCTAGCAGTTCCAGAGCTCGCTACCCATC	0	0	0	0	0	0	0	0	744
GGCTATACAAAAATTGTGTCCTTCACTCGT	0	0	0	0	23.38043478	0	0	0	402
GGCTATATTTTGATCGGAATTAATTGGTTC	0	0	0	0	0	0	0	0	760
GGCTATTTGTTGAAACCCGTAGTTTGGGTG	0	0	0	0	0	0	0	0	1920
GGCTCCGTCCGAGGCCCTGTCCGGATAGCA	0	0	0	0	0	0	0	0	238
GGCTCCTCATGGCGGACGCTGATCTCAGTT	0	0	0	0	0	0	0	0	764
GGCTCGATCAAAAAAAGGTGGAGTTTGTGG	0	0	0	0	0	0	0	0	157
GGCTCGGTGGCGTGGAACCTAGGAACCGGG	0	0	0	0	25.97826087	0	0	0	314
GGCTCGTGTAAGAAAGCCATACCTCTACAG	0	0	0	0	15.58695652	0	0	0	934
GGCTCTAGGACGGTTCTATGTGGGGTAAAA	0	0	0	0	44.16304348	0	0	0	0
GGCTCTCGGATATTTTAATGCTTGCTGGCC	0	20.82572614	30	20.7826087	620.8804348	260.51	18.19796954	0	108989
GGCTCTCGGATATTTTTAATGCTTGCTGGC	0	0	0	0	0	0	0	0	84
GGCTGACGGAGCAGTGCGCGTCCAACCCGG	0	0	0	0	0	0	0	0	1143
GGCTGCGTCGACGGCCGTGGAGGTTCGCGG	0	0	0	0	0	0	0	0	619
GGCTGCTCTAGGGGGATGGGAGAACAGTGG	0	0	0	0	0	0	0	0	824
GGCTGCTGTACACCCCCAGGGGCCAATATT	0	0	0	0	0	0	0	0	1552
GGCTGGGGATGGGAAAATATGTATTTCGGA	0	0	0	0	0	0	0	0	125
GGCTGTAGCTTAGCGCTTTATGAGGTTTTA	0	0	0	0	0	0	0	0	298
GGCTGTGTCAGCCGGCCACGGCGCTGTACA	0	0	0	0	0	0	0	0	33
GGCTTACTCGGAATGTGTGGCGAAAGTCTA	0	0	0	0	0	0	0	0	3105
GGCTTCCTATGTGAGTAGATACACGTAGGT	0	0	0	0	15.58695652	0	0	0	184
GGCTTCGAGATGGATTGCTCATCTTCCTCG	0	0	0	0	0	0	0	0	14
GGCTTTACTGGTCATGACAACCACCTTACA	0	0	0	0	15.58695652	0	0	0	1543
GGCTTTATTCAGTGTAGCTCTCCTGAAGAA	0	0	0	0	0	0	0	0	28
GGCTTTTGGCGTCAACAATTTTTGCTTAAA	0	0	0	0	0	0	0	0	16
GGGAACGTGGCGCGGAACGGCGAGTCTCCG	0	0	39	0	306.5434783	0	0	0	40042
GGGAACTGTGGTGGCCAGGTTATGTTTTTA	0	0	0	0	0	0	0	0	15
GGGAAGAGAGAGGGCTTCGATGACCGATAC	0	0	0	0	0	0	0	0	1035
GGGAAGCGGATGAACTGATAACAATGTTTC	0	0	0	0	0	0	0	0	667
GGGAAGGCCCTTAGACGGCTTCCCTAAATA	0	0	0	0	0	0	0	0	305
GGGAAGTCTCGGGCGATATCAATTTTGCTC	0	0	0	0	0	0	0	0	21
GGGAATAATCACTTATCAAGCTGCTACCGG	0	0	0	0	0	0	0	0	179
GGGAATCCCAAGTTCCTTCTATTCGCATCT	0	0	0	0	49.35869565	0	14.55837563	0	0
GGGAATCCGTGTTTGTGCTCTCACCGGCTA	0	0	0	0	31.17391304	0	0	0	74
GGGACATACTTTTAGGGGGAATATTTACTT	0	0	0	0	0	0	0	0	24
GGGACATGCACCTATAGACTTCACGTCCCT	0	0	0	0	0	0	0	0	922
GGGACCCGCGTTGGCCTAGTGGGTGCAGAA	0	0	0	0	0	0	0	0	14
GGGACCGTCTGTCGAGGAGGTGTGGAATCA	0	0	0	0	0	0	0	0	100
GGGACCTGGCAATTTCTCCGGGTATATGTG	0	0	0	0	0	0	0	0	879
GGGACGCCGGATATCTCTACCTGGAGTCAA	0	0	0	0	0	0	0	0	1480
GGGACTATACTGTGTTTTTCGTGTGTAAGG	0	0	0	0	0	0	0	0	1062
GGGACTCCCGCTTTGAAGGTCACGCTGCGT	0	0	0	0	0	0	0	0	19
GGGACTGGTGCGTAGAAGGATCTCTGACGC	0	0	0	0	38.9673913	0	0	0	28
GGGACTTTCTATGCGGCCCGCGTACCGGCA	0	0	0	0	0	0	0	0	563
GGGACTTTTCGTATTCGACCGACTACAGTT	0	0	0	0	0	0	0	0	84
GGGACTTTTGTAAAGTGCCAAAGCCACATA	0	0	0	0	0	0	0	0	1329
GGGAGAATCTCCTCTACAGTTATCGAAACA	0	0	0	0	0	0	0	0	293
GGGAGCAACCCCGTTAATGGATACTGCTTG	0	0	0	0	0	0	0	0	80
GGGAGGACAGCATCGTGGATGTGCTGACTT	0	0	0	0	0	0	0	0	48
GGGAGGACCGACACGAGTGAAGACACAGTG	0	0	0	0	0	0	0	0	16
GGGAGGATATTGCACGACTGGTGTCCCGGT	0	0	0	0	0	0	0	0	505
GGGAGGGCGAACGCGCCATGAGCCCCAGGC	0	0	0	0	0	0	0	0	1026
GGGAGGGCTCCGCAGAGCGCTTGCATGTTT	0	0	0	0	0	0	0	0	158
GGGAGGTGGTGGCCTGTGGTTCCGCGTAAT	0	0	0	0	0	504.29	0	0	0
GGGAGGTGTTTATTGGGGGGGTGCGGGGGC	0	0	0	0	0	0	0	0	237
GGGAGTTCTGGGTGACCGATGGAATAAATG	0	0	0	0	0	0	0	0	2457
GGGAGTTTGTATGGCATTTGGATGTGTGTT	0	0	0	0	0	0	0	0	365
GGGATACGAAGGCTTAGTAGAAATGGAAGA	0	0	0	0	0	0	0	0	1187
GGGATAGGTACGGGTCGGTCCGTGACAGGC	0	0	42	0	72.73913043	28.68	0	0	64
GGGATCAATGGTTGCAATCACGCAACCTAC	0	0	0	0	0	0	0	0	153
GGGATCAGCGGAGGGAAGTTGCAAGTCCAT	0	0	0	0	0	0	0	0	1402
GGGATCCGAATCGTCCGAGACAAGGCTAGT	0	0	0	0	0	0	0	0	1106
GGGATCCTTCGGTGGGCGGCCGCTACCTAA	0	0	0	0	0	0	0	0	1851
GGGATCGCTGGGACGTCAAGGGTTGCGCCG	0	0	0	0	0	0	0	0	55
GGGATGGCGTGGGTATGGACGAGGGTGGGG	0	0	0	18.18478261	298.75	0	0	0	1949
GGGATGGGAATTTCTCAAACACGTTGCAAG	0	0	0	0	0	0	0	0	69
GGGATGGGCGATGTGCCTTTCGACACCCGG	0	0	42	0	23.38043478	0	21.83756345	0	310
GGGATGTAACACCATCACTTAGCGGGTGTC	0	0	0	0	0	0	0	0	1061
GGGCAAAATTATACGACCCAAACAGCTGTT	0	0	0	0	0	0	0	0	12928
GGGCAACGTGGAGTAAAGTCGTCGCGGGAG	0	0	0	0	0	0	0	0	3265
GGGCAAGTTTCGACTTCGGGTTTGTTTTGA	0	0	0	0	0	0	0	0	41
GGGCACCCAGCTTCGGGATGGAGTTTATCT	0	0	0	0	0	0	18.19796954	0	0
GGGCAGACCAAAGGACACAACAAGGTTTCC	0	17.85062241	0	0	0	0	0	0	1372
GGGCAGGCTTGATCGGTAGGCCAACGTGTA	0	0	0	0	33.77173913	0	0	0	286
GGGCATCGGTCTGCAGTGCGGTAGGTTCGT	0	0	0	0	20.7826087	0	0	0	724
GGGCATGTGTTGCCGGTCTAATAGGCCATG	0	0	24	0	15.58695652	16.73	0	0	44
GGGCATTCTGATGGCACGAGGTTCGGGCGC	0	0	0	0	0	0	0	0	1999
GGGCCCAGAGCCCAGGCGGGCGGAGTGATG	0	0	0	0	0	0	0	0	862
GGGCCCGCCGCCGGTCAGGGGTTAGAGAGG	0	0	0	0	0	0	0	0	998
GGGCCCTCAGGGGCCGGGCGCCGCGCAGGG	0	0	60	0	18.18478261	0	0	0	402
GGGCCGAATAGTACTCGGGCATTATAACGA	0	0	0	0	0	0	0	0	230
GGGCCGTACGTGCTGTGCCCTTGGTTAACA	0	0	0	0	0	0	0	0	496
GGGCCGTATACCCCTGATTTGATTACGAGA	0	0	0	0	0	0	0	0	1189
GGGCCTCAGTCTTCGGATGCCATTTTAACC	0	0	0	0	0	0	0	0	37
GGGCCTCGGTTGTGGTTGGGGAGGTCGGGG	0	0	0	0	0	0	0	0	737
GGGCGAAATTGTTCGGCGGGGGACCGGTAG	0	0	0	0	0	0	0	0	933
GGGCGAACCGCATGTTTCCTGATCGGGTTG	0	0	0	0	25.97826087	19.12	0	0	18291
GGGCGACCTTGGGGAACTTAAAATGGGCTG	0	0	0	0	0	0	0	0	331
GGGCGCAGAGGCTCAATGGCTGGGAGACTC	0	0	0	0	80.5326087	0	0	0	101
GGGCGCGTCACCTCGTGGTGGAAGGACGTC	0	0	0	0	0	0	0	0	22
GGGCGGAGCGAGGATGTAGGCTTAGTGTGT	0	0	0	0	0	0	0	0	130
GGGCGGATGATGAAGCACCGTGGCTCGGAA	0	0	0	0	0	0	0	0	1977
GGGCGGCGTTGAGCAGGTACGGCGGTCAGC	0	0	0	0	0	0	0	0	3741
GGGCGGGGGCGAAGGAGCAGAAGGCCCGGG	0	0	0	0	0	0	0	0	902
GGGCGGGTAGCAAAGGACTTAGTACCGTGG	0	0	0	0	0	0	0	0	190
GGGCGGTGCTTCCAGCATGGGTGGGCTACC	0	0	0	0	0	0	0	0	541
GGGCGTAAGGGAGTATGTGTCGTGCGGACC	0	0	72	0	31.17391304	76.48	18.19796954	0	162
GGGCGTCAGGCACTCCGTTATGACGCCAAA	0	0	0	0	0	0	29.11675127	0	0
GGGCGTCTCATGGTGATCATCCCTTCAGGT	0	0	0	0	0	0	0	0	35
GGGCGTGCGGCTTTATGCATTGACTCTTCT	0	0	0	0	0	0	0	0	215
GGGCGTGTGTAGAAACTCCAAAGGCCCGTG	0	0	0	0	0	0	0	0	1744
GGGCGTTATGTTGTTCCCCCGGCGTCACGC	0	0	0	0	0	0	0	0	43
GGGCTAATTTGTTACTCTAGTGACCGCGTG	0	0	0	0	0	0	0	0	1002
GGGCTAGGTATTCCAAAATGGTCCGGGTGG	0	0	0	0	0	0	0	0	258
GGGCTCAATCATGTCCGTAGGTGGGAGGTC	0	0	42	15.58695652	51.95652174	0	0	0	68
GGGCTCTGCTCAGGGTGTAATTCACGCTTG	0	0	0	0	0	0	0	0	345
GGGCTGAGGGGCGCTTGGGAAGTTCTGCCA	0	0	0	0	0	0	0	0	398
GGGCTGCAAGTCTTGATCGGCACTCGAGAG	0	0	0	0	0	0	0	0	1148
GGGCTGGTAAGGCTTTGGAGCTCGTAAATG	0	0	0	0	0	0	0	0	579
GGGCTGTCTTGCTTCTGACATGTGTAGTCT	0	0	0	0	0	0	0	0	21
GGGCTGTTGGCACAGTCCACTGGTCCGTTG	0	0	0	0	0	0	0	0	230
GGGCTGTTTTTGCGCTCAAAATAGTGTGAT	0	0	0	0	0	0	0	0	673
GGGCTTGAGCGAGCGCCGAGTCGGGAGGGA	0	0	0	0	0	0	0	0	16
GGGCTTTTAAACTGGGAGGTTTAACGGGTA	0	0	0	0	0	0	0	0	749
GGGGACGCCGGCCGTGTTCTTAAACCCGTC	0	0	0	0	0	0	0	0	247
GGGGACGGGATCTTAGCCTACGAGCGTGGG	0	0	0	0	0	0	14.55837563	0	17468
GGGGAGCGGGCATCAGTGTAGTCAATGCTA	0	0	0	0	0	0	0	0	1305
GGGGAGCGTTGTTTGCTGGGCGTCAGGATC	0	0	0	0	0	0	0	0	1250
GGGGAGCTATCTTTGGTTGGAACAAGCCGG	0	0	0	0	0	0	0	0	247
GGGGAGGGGTCGGTCATGGAGCTACAGCTG	0	0	0	0	0	0	0	0	1514
GGGGATAGTACCGGTGGAGGGTCGGGGGGT	0	0	0	0	0	0	0	0	1023
GGGGATGATGCATACATCGTTGGCTGGAGC	0	0	0	0	0	0	0	0	1638
GGGGATGCGGATCACCTCATAAGAAGCTTG	0	0	0	0	0	0	0	0	1678
GGGGATTTAATCTTGACTCAGAGAGTTGTA	0	0	0	0	0	0	0	0	95
GGGGCAGCGCGAAGCGTCAGCATAGGGACG	0	0	0	0	0	0	0	0	2647
GGGGCATAATATTGTCGTTATACATTCTGA	0	0	0	0	0	0	65.51269036	0	0
GGGGCATAGATGAATCGGCCTGCTAACATT	0	0	0	0	0	0	0	0	558
GGGGCCCAGGGGCATTGGACTCAGTTGGGG	0	0	0	0	0	0	0	0	505
GGGGCCCGGGGGCGGTGTGTGCGGAGCCGA	0	0	0	0	0	0	0	0	1765
GGGGCCGAGGATCCTTCTTTCGCGTGGCTG	0	0	0	0	0	0	0	0	1967
GGGGCGCGATGGTTGCGGAGACGCCGAGGC	0	0	0	0	0	0	0	0	211
GGGGCGGTGTACGGGGGTTCCTCGGCCGGG	0	0	0	0	0	0	0	0	74
GGGGTCCGGCACTCTAGTCCCCACCCGCTT	0	0	0	0	0	0	0	0	708
GGGGTGAGAGGGCGGCCATTGTCTCCAAAG	0	0	0	0	0	0	0	0	951
GGGGTGATTACTGGCATGTCGGCAACGACG	0	0	0	0	0	0	0	0	387
GGGGTGCTCGTGTGAGGTGCGTAGGATATC	0	0	0	0	0	0	0	0	17
GGGGTGGGATTGGCTAGTGCCTCGCGTGTG	0	0	0	0	0	0	0	0	1254
GGGGTGGGCTAGGGGACGGGCGCAGGTGAA	0	0	0	0	0	0	0	0	937
GGGGTGGGGTAATCGAAACTGCGATCAGCG	0	0	0	0	0	0	0	0	48
GGGGTGGGGTAGACTGGGATGAGGCGCGCG	0	0	0	0	0	0	0	0	2482
GGGGTTCCCCCCGCACATTTTTGCTCGGAG	0	0	0	0	23.38043478	0	0	0	855
GGGGTTGTGGAAACTTGATGCTGGGTGACG	0	0	111	0	36.36956522	0	0	0	18
GGGGTTTATAGATCGGGGCGGAGAGTCTTT	0	0	0	0	0	0	0	0	853
GGGTAAATACAATGGACCGCCAATGAGGGG	0	0	0	0	41.56521739	0	0	0	236
GGGTAAGAGGCTTTTCTTGCCAAAGGAAAT	0	0	0	0	0	0	0	0	1493
GGGTAAGGTTCTCCTGGCGGCTGAGAGACT	0	0	0	0	0	0	0	0	955
GGGTACCGCAGGATTAACCCGGCATGAGCT	0	0	0	0	0	0	0	0	592
GGGTAGCGAAGTCGTCTACGGTGAGGGGGG	0	0	0	0	0	0	0	0	2739
GGGTAGTATAGTGTCACCTAGTGCGGACTA	0	0	0	0	0	0	0	0	43
GGGTAGTGCCCGAAGAGTGGTCTACTTGGT	0	0	0	0	0	0	0	0	2209
GGGTAGTTGGGGAGGTCAGTGTACCTTGGA	0	0	0	0	0	0	0	0	1839
GGGTATGGGTGATCGGATTAGGCCTGAGGG	0	14.87551867	0	0	0	0	0	0	32799
GGGTCAACGGTAGCGGCGGGGTCGCTGAAG	0	0	0	0	0	0	0	0	847
GGGTCATTTAAAGACGGAAGCTTACAATCC	0	0	0	0	0	0	0	0	910
GGGTCCACCTCGCGATTTGAAGGTTAACAC	0	0	0	0	0	0	0	0	1490
GGGTCCGTTGCACTTAGGCTTGAGCATACA	0	0	0	0	0	0	0	0	1946
GGGTCCTTCAGTCCACAGTCTGCACACGGA	0	0	0	0	0	0	0	0	1101
GGGTCGATGAGAAGCAGGGGGTAAGAGGGA	0	0	0	0	0	0	0	0	14
GGGTCGCGCACTGTGGGCTGCCAGTATCGG	0	0	0	0	0	0	0	0	1235
GGGTCGGAATACCATCTTGATTATCTAACT	0	0	0	0	0	0	0	0	570
GGGTCGGACGGTCACATTGGGGCTACACTG	0	0	0	0	0	0	0	0	915
GGGTCGTGGTCAGGTGAGGGAAGAGGGATG	0	0	0	0	0	0	0	0	2470
GGGTCGTTGTAGAGGCAGCTGTGTATAGAG	0	0	0	0	0	0	0	0	1443
GGGTCTTTTGGGCAGGGAATAGTTCATGGG	0	0	0	0	0	0	0	0	29
GGGTGAGACATGAACTTGGTAGTCGGTGCA	0	0	0	0	0	0	0	0	1765
GGGTGAGCCTGGGACATCGGCGATCCAAGG	0	0	0	0	0	0	0	0	2861
GGGTGAGTTCGTGCTGTAACGGCTCGAGCG	0	0	0	0	0	0	0	0	622
GGGTGCACCATCCAGAGCTGGACAATAGAA	0	0	0	0	0	0	0	0	42
GGGTGCGCAGATTCCGGTATGCTGCCTAGG	0	0	0	0	0	0	0	0	1022
GGGTGGCACACATCTCGTAATTGTACGGGA	0	0	0	0	0	0	0	0	1113
GGGTGGCATCGAACTCCAAATATTCGGCAC	0	0	0	0	0	0	0	0	3862
GGGTGGCCAGTGGAACCATATTAGGTCGTA	0	0	0	0	0	0	0	0	2038
GGGTGTAGTCATGCTACGTGAAGGGGAGGC	0	0	0	0	0	0	0	0	2422
GGGTGTATGTAGTATGAGGACGCCAGAGCA	0	0	0	0	4078.586957	9533.71	0	0	6737
GGGTGTCCTGGCCGAGGGGCTGTGCGGCCG	0	0	0	0	0	0	0	0	219
GGGTGTGCAAACTCCTTATCTTTGCCTAAA	0	0	0	0	0	0	0	0	976
GGGTGTTGCTCGCCCGGTTTTTGTGCATAG	0	0	0	0	0	0	0	0	365
GGGTTAGTAGCTTACCGCTATAGGATGGGA	0	0	0	0	0	0	0	0	437
GGGTTAGTCTAATAGATGGGCGAGCCCAGC	0	0	0	0	0	0	0	0	847
GGGTTATCACCGACGGTGGCGAGGAACTGG	0	0	0	0	0	0	0	0	1324
GGGTTATGGTCTTGGATTCCTAATCTGGCT	0	0	0	0	0	0	0	0	27
GGGTTCTTTGCGGGTCTTCGTTGGACTCGT	0	0	0	0	0	0	0	0	1952
GGGTTGGGGGGTGGAGTGTCCAGTTAGCTC	0	0	0	0	0	0	0	0	1196
GGGTTGGGGTTAAACGAAGGCCGGTGGTCC	0	0	0	0	0	0	0	0	1578
GGTAAAGAATGGGTAAACGGCAAGAACGAA	0	0	0	0	0	0	0	0	338
GGTAAAGCGATCTCGGCGTTGCTACTGGGT	0	0	0	0	0	0	0	0	2173
GGTAACAGTTACCTGGGGCTTCTCACAGTG	0	0	0	0	0	0	0	0	1932
GGTAACTCAGTTGAGGTACGTCGGTTTGAG	0	0	0	0	0	0	0	0	1185
GGTAAGAGACCGTAGAAAGTCTGACCCGTT	0	0	0	0	0	0	0	0	2707
GGTAAGATTAGGGGGGGTTGCCTGTTAGCT	0	0	0	0	0	0	0	0	1300
GGTAAGCTTAGGAGGACCCAACGTAAGGTG	0	0	0	0	0	0	0	0	453
GGTAAGGACCCTATTGTCTTATATGTCGCA	0	0	0	0	0	0	0	0	746
GGTAAGGGCCGGGGTCCGGTTGGGCCGTTT	0	0	0	0	0	0	14.55837563	0	0
GGTAAGGTAACATAAGAGATAGGGCTAGCT	0	0	0	0	0	0	0	0	109
GGTAATCTGACAACTTGTCTGAATTTTGGC	0	0	0	0	0	0	0	0	43
GGTAATGCCGGACATCATTCAAGGCTCCAA	0	0	0	0	0	0	0	0	825
GGTAATGTCCGGTAAATTGGTAGTAAGATT	0	0	153	0	23.38043478	14.34	0	0	167
GGTACAACGAGAGTGCGGGGACTGCTGCGC	0	0	0	0	0	0	0	0	380
GGTACACACAAGACTGTCGTTTCTAACAAC	0	0	0	0	0	0	0	0	1645
GGTACGCAGTCATAAGACCTCCTCAATGCG	0	0	0	0	0	0	0	0	17
GGTACGCATACACGTTTATTAAGCATGGTT	0	0	0	0	0	0	0	0	56
GGTACGTGCGTATGACGGACTCGATGTGTC	0	0	0	0	0	0	0	0	508
GGTACTGGATATGTATGCGGATTGCTAATA	0	0	0	0	0	0	0	0	428
GGTACTGTTTGTTTGGTTATCGCTGGCCAT	0	0	0	0	0	0	40.03553299	0	0
GGTACTTCGCTGCGTCTTTCTGAGTTCCTC	0	0	0	0	0	0	0	0	123
GGTACTTGTTCCGCTTAGTGACGGATTTAT	0	0	0	0	25.97826087	0	0	0	18
GGTAGAATAGTATGTCAATTCTCATTTGTC	0	0	0	0	0	0	0	0	6702
GGTAGACTGGTACGAGTGGCTCTTCTAGAG	0	0	0	0	0	0	0	0	3844
GGTAGATGCAGGGGGTCTTTCCGGGGAACG	0	0	0	0	0	0	0	0	1967
GGTAGCAATAACCAGGTAACGAGGTTGAAT	0	0	0	0	0	0	0	0	964
GGTAGCGGGGGGGTTAGGTTCACGTAGAAT	0	0	0	0	0	0	0	0	657
GGTAGCTGTGGTTGTGGGACGAGAGTGGGG	0	0	39	0	0	0	0	0	0
GGTAGGCAAGATGTTCGGAGTAGGGCATGG	0	0	0	0	0	0	0	0	2120
GGTAGGCAAGTTTTGATTCACTGCTGGCTC	0	0	0	0	0	0	0	0	1254
GGTAGGGGGGCGTCTTGAGGACCGGTTAGT	0	0	0	0	0	0	0	0	384
GGTAGGGTCCAAGTTGTCTTCTTAGCAGTA	0	0	0	0	0	0	0	0	2398
GGTAGGTAGTATTTCGCATTATACTGATTT	0	0	0	0	0	0	0	0	752
GGTAGTGCCCACTTTTCCGCGGACTCACGA	0	0	0	0	0	0	0	0	159
GGTATAGTTATGTAATGTCCGGGACCATGA	0	0	0	0	18.18478261	0	0	0	0
GGTATATTTTAGTTAACGCTGCGGGTTACT	0	0	0	0	0	0	0	0	969
GGTATCCAATAGGGGATGTTCATTATAGCG	0	0	0	0	0	0	0	0	942
GGTATCGCCTAACTTTATTACAACAAGTAT	0	0	0	0	0	0	0	0	717
GGTATCGTAAGTCACATATCTTTCTAATAG	0	0	0	0	0	0	0	0	463
GGTATCGTGGGATCATTATTACGTGTCTTA	0	0	0	0	0	0	0	0	352
GGTATCTTTTAGGTAGTAAGTACTGTTGGT	0	0	0	0	0	0	0	0	2093
GGTATGCTGTAGTTGGCGCGGCTAAAGGCG	0	0	0	0	0	0	0	0	118
GGTATGCTTGGTTTCAGTTCGTTAATGTGC	0	0	66	0	23.38043478	0	25.47715736	0	42
GGTATGGCAAAGATTTTTACCATTTACGAT	0	0	0	0	0	0	0	0	1434
GGTATGGTCTGACAACATCGGCATTGGATG	0	0	0	0	0	0	0	0	518
GGTATTCTGGGTGCGGGCAAGTCGTGGTGT	0	0	0	0	0	0	0	0	1582
GGTCAAAAATAGGCTGTATTGAATGCTTAT	0	0	0	0	0	0	0	0	1047
GGTCACAATTCGGGTCCGTTATCATTGCTC	0	0	0	0	0	0	0	0	1429
GGTCACGCGGTGATGGGTTTCCAGAACCGG	0	0	0	0	0	0	0	0	371
GGTCAGGCCTGAGATGACTATTTACAGTTT	0	0	0	0	59.75	0	0	0	578
GGTCAGTGGGTCATGATCTGCTACAACTAT	0	0	0	0	0	0	0	0	920
GGTCATCGATCTCGCTTATGGTTGTCCACA	0	0	0	0	0	0	0	0	2215
GGTCCAGTGGGGCGTCACCGGAGCTGTACC	0	0	0	0	0	0	0	0	19
GGTCCATATAGCGGTGAATAACTATATTAG	0	0	0	0	0	0	0	0	60
GGTCCCGACTTTGGAGTTTTTAACCGCTCA	0	0	0	0	0	0	0	0	29
GGTCCCTTCGATTAGTCTAGTAGTGCCCAT	0	0	0	0	0	0	0	0	635
GGTCCGACGTTCTTCTTTGCTAGCAACTCA	0	0	18	0	316.9347826	52.58	18.19796954	0	42736
GGTCCGCGGGATGGTGGTGCTGTATATAGA	0	0	0	0	0	0	0	0	567
GGTCCGTCTTTACCTTTGCTACTCGAACGG	0	0	0	0	0	0	0	0	42
GGTCCGTGATCTAGTCTGACCGTGGTGAAC	0	0	0	0	0	0	0	0	1204
GGTCCTATCGGTAAGAGTGTTGCATCTGTG	0	0	0	0	0	0	0	0	114
GGTCCTTGGGCGAAGCTGACCAGTACGCAG	0	0	0	0	0	0	0	0	1579
GGTCGAAAACTAGTCTAGGCGTGCGGATTC	0	0	0	0	0	0	0	0	12140
GGTCGACTCTACTTCCTGGTTCCTCCTTTC	0	0	0	0	0	0	0	0	1331
GGTCGCAAATTGAATGGCATTAGTTGTGGT	0	0	0	0	0	0	0	0	18
GGTCGCACGGTTAGAAGCACTGCGTCATTA	0	0	0	0	0	0	0	0	467
GGTCGCCCTGGTTGGGCCGGTGGCGTTCTC	0	0	0	0	0	0	0	0	78
GGTCGCTATTTTAACACAAAAATAGACTAT	0	0	0	0	25.97826087	0	0	0	133
GGTCGCTTCGCGTAGGGTGTCATAAACATT	0	0	0	0	18.18478261	0	0	0	0
GGTCGGATTTGCAGCTCTTGGCACAGTATC	0	0	0	0	20.7826087	0	0	0	0
GGTCGGGTAGGGACGCCTGCAGTGACCGGC	0	0	0	0	0	0	0	0	499
GGTCGGTTAAGTCTGGATAGGAAGCGCGGG	0	0	0	0	0	0	0	0	1030
GGTCGTAAAGCGGGGCGATGTGAATGGCCA	0	0	0	0	0	0	0	0	18026
GGTCGTATAGGATACCTACGAGTCAGCTGT	0	0	0	0	0	0	0	0	870
GGTCGTGCACTTTGCTTTTCGCACAGGCTT	0	0	0	0	0	0	0	0	1081
GGTCGTGTCATTCAGAGTACGAGTTTGACC	0	0	0	0	0	0	0	0	155
GGTCGTTAGGCTCCTTGTGGGCGTTCTAGA	0	0	0	0	0	0	0	0	34
GGTCTAAGAGAAAAGCTTACCTACCTCACA	0	0	15	0	0	0	0	0	191
GGTCTAAGGGTCGCAAGAACCGTCCCATTC	0	0	0	0	0	0	0	0	713
GGTCTACTGGAGGTGGAGTCGGCGTGATCC	0	0	0	0	0	0	0	0	384
GGTCTATTAACTGATGGTCTTGGGCGACTC	0	0	15	0	0	0	0	0	0
GGTCTGGAACACCTCAGTGGGACTCATGGG	0	0	0	0	0	0	0	0	1281
GGTGAATGACATACATGTTTCTCGCCTGTG	0	0	0	0	0	0	0	0	1032
GGTGAATGTTAGATACACATCGTGAGGGAT	0	0	0	0	0	0	0	0	675
GGTGACCCTCGGGGTTGAATAGAGATGTCT	0	0	0	0	0	0	0	0	68
GGTGAGATTCACTTAGGGCGGGAGGTGCCA	0	0	0	0	0	0	0	0	883
GGTGAGGACTTAGGCCATATGCGATTGAAG	0	0	0	0	0	0	0	0	44
GGTGAGTAATGGTTTTTTGCCATGGCCGTC	0	0	0	0	0	0	0	0	641
GGTGAGTTACGGAAAGAGAGTCGCGTTCGG	0	0	0	0	0	0	0	0	65
GGTGATGTACATGGAGAGGCCGAGGTCGTA	0	0	0	0	0	0	0	0	1248
GGTGCCCAAAGACTGAAACTCCTAGATAAG	0	0	0	0	0	0	0	0	2908
GGTGCGGAGAACTTCTTATTCGCTTCAACT	0	0	0	0	0	0	0	0	15
GGTGCGGTTGGGTAAGACACCCCGTGGGTC	0	0	0	0	0	0	0	0	51
GGTGCTCGTTACGCCCTGGCTGGCTTTTGT	0	0	0	0	0	0	0	0	1491
GGTGCTGCATGTTCAGGGCGTCTTTTTGGA	0	0	0	0	0	0	0	0	891
GGTGGACGAGGGGGTAGGTACGATCGTTGT	0	0	0	0	0	0	0	0	302
GGTGGCATGCAGGGTTTTAAATCTATTATC	0	0	0	0	0	0	0	0	58
GGTGGCGCAAGATCTTTTATGGGTCGGCCG	0	0	0	0	0	0	0	0	117
GGTGGGGGTTGTGGCTGAGTCCGGATATCA	0	0	0	0	0	0	0	0	64
GGTGGGTTCTATTGGCCGACATGTAGAACG	0	0	0	0	31.17391304	0	0	0	0
GGTGGTCGAACACTATGTCGGGCCAAACCA	0	0	0	0	25.97826087	14.34	0	0	37
GGTGGTCTTGGCCCATGCGTAGAGGCGGTT	0	0	0	0	0	0	0	0	150
GGTGGTGAAATGAAGATGTTTGGTCGTTAA	0	0	0	0	0	0	0	0	528
GGTGTACCATGGGCCGTATTTATCGGTTGG	0	0	0	0	0	0	0	0	354
GGTGTAGTGGGGCTAGATGTGACTCTACAG	0	0	0	0	0	0	0	0	121
GGTGTCGCCAAGGGGGCGGCATCGAGTGGT	0	0	0	0	0	0	0	0	1954
GGTGTGTGGGCGGAGCGTCATGAAAATAGG	0	0	0	0	0	0	0	0	16
GGTGTTATTGGGAGCAAAGGGATTCGGGTT	0	0	0	0	0	0	0	0	405
GGTTAACGATGTGACAAGTCTGGCACCAGG	0	0	0	0	0	0	0	0	793
GGTTAACGTTGGTTGATTTCGGACGAGATA	0	0	0	0	0	0	0	0	1601
GGTTAACTCGAACTAGTTTGGGTGTCCCTT	0	0	0	0	0	0	291.1675127	0	0
GGTTAAGAGGGGGTACGGTGGGGTGGTTGC	0	0	0	0	0	0	0	0	1944
GGTTAATCTTTTTGCCAGCTCGATACAACG	0	0	0	0	18.18478261	0	0	0	22
GGTTAATGAGTTCCTGTTTTCATAGGAGAA	0	0	0	0	0	0	0	0	136
GGTTACCTTATCGTGGGAGGGTCTCCGTCG	0	0	0	0	0	0	0	0	36
GGTTACTATAGATGAGTGGACGGGGGACGT	0	0	0	0	0	0	0	0	1759
GGTTAGAAGGCTCCATATGGCTACACTGGG	0	0	0	0	0	0	0	0	2074
GGTTAGCGGTACTGTCGAATCGTTGGGTCA	0	0	0	0	0	0	0	0	70
GGTTAGGAGGGAGGTCGAGGGCTGCTGGAC	0	0	0	0	0	0	0	0	606
GGTTAGGATGTTTCGTCAGGTCCTGCGGTG	0	0	0	0	0	0	0	0	514
GGTTAGGCTGACTAATACGTACCGTGATGT	0	0	0	0	0	0	0	0	1612
GGTTAGGTCTCCAGTGTAGACGTCGACTGG	0	0	0	0	0	28.68	0	0	26756
GGTTAGTGTCGGGCCTTGGGGTTAGTGCAC	0	0	0	0	0	0	0	0	2319
GGTTATGAGCGTTGGGTCTGGTGTGGGCTG	0	0	0	0	0	0	0	0	271
GGTTATTACAAGTAAAAATACACCCCTACG	0	0	0	0	0	26.29	0	0	64
GGTTCAAAAACCAGGCCAGTTGTCCGTTTT	0	0	0	0	0	0	0	0	809
GGTTCAAGGGAATGAATGCTGGCGTGGCAG	0	0	0	0	0	0	0	0	175
GGTTCAATACAGTGTTCGTAAACCCGAGTC	0	0	0	0	0	0	0	0	263
GGTTCATTCCTACATTGGGAGACTGGCGCA	0	0	0	0	0	0	0	0	2099
GGTTCCAGGGAATATGTGCCTAGTCATTTG	0	0	0	0	15.58695652	0	0	0	39
GGTTCCGAGAATGGAGTCGAGAGGGTATGC	0	0	0	0	0	0	0	0	178
GGTTCCGTGCATTGCGGGATGAGATGGCCA	0	0	0	0	0	0	0	0	402
GGTTCCTTACGTGACTGACCGTTAATTTCA	0	0	0	0	0	0	0	0	15
GGTTCGATCTTTCTAATTCTACATCGCGGG	0	0	0	0	0	0	0	0	15
GGTTCTGGGGGCGGTGGTCCGGGAGTGCGC	0	0	0	0	0	0	0	0	1311
GGTTCTTCCATAGTATAGATTTTGGTGCTA	0	0	0	0	116.9021739	28.68	0	0	62389
GGTTCTTGCGAGACGTGTAGGATTGAAGGA	0	0	0	0	0	0	0	0	6023
GGTTGAGGTAACATCCCGATGCTTACGTAT	0	0	0	0	90.92391304	14.34	0	0	90
GGTTGCAAGAGCTACACTCACGGGTGTCGT	0	0	0	0	0	0	0	0	345
GGTTGCCATGATTTGGTAGGACTGGTGTGA	0	0	0	0	0	0	0	0	193
GGTTGCGACTTGCGATGGCAGTGGGGCCGA	0	0	0	0	0	0	0	0	1256
GGTTGCTTACTTCCTACTCGTGACGTTGTT	0	0	0	0	0	0	0	0	208
GGTTGCTTTTACGTGTTCATCGTGATTGGG	0	0	0	0	174.0543478	0	0	0	0
GGTTGGCGGTCCTGCCGCCTGGGGTTCGCC	0	0	0	0	0	0	0	0	23
GGTTGGGTCGCCCAAGGCGGGCAATGGGGC	0	74.37759336	0	0	4400.717391	169.69	0	0	75654
GGTTGGTTAGGACGAGTCACTCATTTAAAT	0	0	0	0	0	0	0	0	27
GGTTGTCACACGGGGAAAAGGTAGGGTGCC	0	0	0	0	0	0	0	0	1756
GGTTGTGTGTAAACTCGATCCAAACTATCA	0	0	0	0	0	0	0	0	2247
GGTTGTTCTTCTAGATATATAGCATTCGAC	0	0	0	0	0	0	0	0	317
GGTTGTTGTCCCAATCTACCGTATCTTCTC	0	0	0	0	0	0	0	0	3591
GGTTTAAGACACGAAAACAGTTCGCTACAC	0	0	0	0	0	0	0	0	56
GGTTTAATGCTTCGTATGTGTTTCGACTGT	0	0	0	0	0	0	0	0	215
GGTTTATTAAATCCTGCCATTGAATTTTGG	0	0	0	0	0	0	0	0	15
GGTTTCAACCCCCTAGTTCTAGCAGGGGTG	0	0	0	0	0	0	0	0	1974
GGTTTCCGTTTTTGATTCACTTCGTCGGTG	0	0	0	0	0	0	0	0	373
GGTTTCGAGGGTGGTTCGGTAGCTGCGCGC	0	0	0	0	0	0	0	0	17
GGTTTCGATCTTCCGGTTGACTGTTTCTCT	0	0	0	0	0	0	0	0	913
GGTTTCGCTATTGGGGTGAGCTCGAGTGAG	0	0	0	0	0	0	0	0	16522
GGTTTCGCTTGGGTGGTAACGATCCGGATG	0	20.82572614	0	0	0	0	0	0	3134
GGTTTGCCAATCTCCGGGCAAACGTTACGC	0	0	0	0	0	0	0	0	336
GGTTTGTGGGGAATGGTGCTTTGGGTAGGG	0	0	0	0	0	0	0	0	2078
GGTTTTTTGGGCCTTCGTGATTGCCTACGC	0	0	0	0	0	0	0	0	1836
GTAAAAACTACTTGGCAGGTTCTTTGGTTG	0	0	0	0	0	0	0	0	2831
GTAAAAATAGAGTAGCCCTCCCAGTTGGCT	0	0	0	0	0	0	0	0	1156
GTAAAATCGATAGCTTTTCCCAACTCTTCA	0	0	0	0	0	0	0	0	186
GTAAAGGGTGAAAAAGCTCGGGGTGTCAGG	0	0	0	0	0	0	0	0	225
GTAAAGTCTCTCTATGAGAGCACCATTGGG	0	0	0	0	0	0	0	0	601
GTAAATGCCTATTGTCCGAGGTGATGAAGC	0	0	0	0	0	0	0	0	185
GTAAATTTCTTGGCGTGCATAACCACAAAA	0	0	0	0	0	0	0	0	847
GTAACACTGCATATGTGTCGGTTATTGTAC	0	0	0	0	20.7826087	0	0	0	2688
GTAACCGGCGGCGAGGAGTGTAGCGACTGT	0	0	0	0	0	0	0	0	1424
GTAACGGGACCATAATTTCGGGTCGCAAAG	0	0	0	0	0	0	0	0	29
GTAACGTATCCCTCTTCCTAGAATCTCGTA	0	0	0	0	0	0	0	0	835
GTAACTACTTTGGTTGGATAGGCTCGTAAT	0	0	0	0	0	0	0	0	87
GTAACTCAGACGAATTCGTGCCCAATCGCC	0	0	0	0	0	0	0	0	1314
GTAACTGACTCAAGTTGATGCGGTAACTCT	0	0	0	0	0	0	0	0	1410
GTAAGACCGAGCTCAAATTTATTTGATTTC	0	0	0	0	0	0	0	0	38
GTAAGAGGCCTGGGACTCTAGGGGAACGTA	0	17.85062241	0	0	0	0	0	0	397
GTAAGAGGGAAGAATTTGCGAGTGTTTGAC	0	0	0	0	0	0	0	0	2346
GTAAGGGTCGTATAAAACTTTTGAAGCTTG	0	0	0	0	44.16304348	0	0	0	0
GTAAGGTATGGGGATTAAGCAACGTTTGAT	0	0	0	0	0	0	0	0	1923
GTAAGGTTTGTACGCCCATTCGAGCAGAGA	0	0	0	0	0	0	0	0	104
GTAAGTTCCTTTATTATCTGGCTGTATCTG	0	0	51	0	0	0	0	0	0
GTAAGTTCTGGCATAAGATTTGTCTAGTCG	0	0	0	0	0	0	0	0	102
GTAATACGGTGCTTGTCAAATAAAAGGAAA	0	0	0	0	0	0	0	0	24
GTAATATGATATGCAACCACACCTGTCGGA	0	0	0	0	0	0	0	0	5028
GTAATATTCTCCATCACTCGTGTATGGTTC	0	0	0	0	0	0	0	0	1000
GTAATCTTGTACCGTTTGGGATGAGTGTAG	0	0	0	0	0	0	0	0	1545
GTAATGCCTATAGCAATTCACAACTCCCCC	0	0	0	0	0	0	0	0	1065
GTAATGGGTGGGGCTCAGGCGGGGCAGGCC	0	0	0	0	0	0	0	0	822
GTAATGTGACACCGGGCCGCGTAGCAACAA	0	0	0	0	0	0	0	0	558
GTAATGTTCTTGTTGACATGTCACGTCAGC	0	0	0	0	0	0	0	0	686
GTAATTATAAAGAGTCTCGGCAGTCACTTA	0	0	0	0	0	0	0	0	4788
GTAATTATTGCGTTAGATACACCGTACATC	0	0	0	0	0	0	0	0	108
GTAATTCAATGTAAGCTGCGTTGTCATTAA	0	0	0	0	0	0	0	0	81
GTAATTCGGCCAGTGGAAGAATACAGGATA	0	0	0	0	0	0	0	0	1925
GTAATTCTGATTTGAGGTGCACATTATTTG	0	17.85062241	0	0	0	0	0	0	1468
GTAATTGTCAAAATGTGGATTGTTGGGTTT	0	0	0	0	0	0	0	0	1372
GTAATTTCTACATTTATAGTTATTATGTAC	0	0	0	0	0	0	0	0	179
GTAATTTTAGCGACAATATTATTATCGGTG	0	0	0	0	0	0	0	0	174
GTACAACCCTGAGGTGCGCTTGGACGTTGA	0	0	0	0	0	0	0	0	737
GTACAACGTTCACATGCTATAGCTTCACAC	0	0	0	0	0	0	0	0	193
GTACAAGTGGTGTTAGACTTGTTTGCTAGA	0	0	0	0	0	0	0	0	1173
GTACACAGAAACATCTTTTTTAGGTCGTAC	0	0	0	0	0	0	0	0	1178
GTACACAGTTAGGATCCAATTCTGGTTATT	0	0	0	0	0	0	14.55837563	0	0
GTACAGATTGCATGCAGGGGCTCGAGGGAG	0	0	0	0	0	0	0	0	26
GTACAGCGGTGCACTGGTTTGCCCTGCACG	0	0	0	0	0	0	0	0	1740
GTACAGTCTAGCAACATTGCCCTCAACTGT	0	0	0	0	0	0	0	0	1114
GTACAGTGTAGATGGTCACTGCTCCTCCGA	0	0	0	0	0	0	101.9086294	0	447
GTACATCTCAAGGACCTACTTAAATTAATG	0	0	0	0	0	0	0	0	499
GTACCATCTCACTTTCATTCAATTTAATTT	0	0	0	33.77173913	0	0	0	0	2397
GTACCCCGATGTGGTTTGTCCTTCTTGATT	0	0	0	0	0	0	0	0	6009
GTACCGGATTTTCGCGAATTAAGGTCTGCC	0	0	0	0	0	0	0	0	956
GTACCGGTTACCGTGCTTCTGGTTTCAGAG	0	0	0	0	0	0	0	0	2666
GTACCGGTTTCTGTCTCGTCACGCTCCCAT	0	0	0	0	0	0	0	0	14
GTACCTGAAGCTCCAGGTACGGTGCATCTC	0	0	0	0	0	0	0	0	6422
GTACGCTTGTCGAACGACTACATAATTCTC	0	0	0	0	75.33695652	0	0	0	576
GTACGTTTCAGATCATTTTGCTACGACTAG	0	0	0	0	0	0	0	0	2039
GTACTACATGATTTATATTATTTTGCTCTT	0	0	0	0	0	0	0	0	540
GTACTAGCTTATTCGATCATATCCATCAAC	0	0	282	0	28.57608696	0	0	0	42
GTACTATTGCTGTTACAGTCTGAAGGGATC	0	0	0	0	0	0	0	0	1038
GTACTCGTCCATGGATGTATACGCTCCGCA	0	0	0	0	0	0	0	0	1753
GTACTGAATCTGAATCCTAGCCTCGGTCAC	0	0	0	0	0	0	0	0	268
GTACTGTCCTGTTGCATTTTCACATGGTAG	0	0	0	0	0	0	0	0	462
GTACTGTGGCGACAGATCTAACTCGGTCCA	0	0	42	0	23.38043478	14.34	0	0	32033
GTACTTTTTAGTACACGTTATGAAACAAGT	0	0	0	0	0	0	0	0	1129
GTAGAAATAGCGTGGTCGTTAGGTGTGAGT	0	0	0	0	0	0	0	0	654
GTAGAAGTGTTGTGGCATTATCGTTCGAAG	0	0	0	0	0	0	0	0	1143
GTAGAAGTTGTGATCATCACGTGATTACAG	0	0	0	0	0	0	0	0	428
GTAGAATTTGTACCGGACAACCTGTGTCTA	0	0	0	0	0	0	0	0	24
GTAGACGGCTGATAGTGATACCGGAGGAAT	0	0	0	0	33.77173913	0	0	0	210
GTAGACTCTGTTTATAGTCCTCGGTTGCTA	0	0	0	0	0	0	0	0	1900
GTAGAGCTGGTGGGCCTTGTGCAAACCTAA	0	0	0	0	0	0	0	0	1594
GTAGATCGTACCAATTTACTAGGCATAATG	0	0	0	0	0	0	0	0	106
GTAGCCGAGCGGGCATGAAATTTACCACAT	0	0	0	0	0	0	0	0	1986
GTAGCCTATTTTTTAGATCATAATGTATTC	0	0	0	0	0	0	0	0	983
GTAGCGGCGGCCAGGGAGGTGTAGGGGAGG	0	0	0	0	0	0	0	0	1768
GTAGCTGTGTCCTAGCGAACATATTTCGCG	0	0	0	0	0	0	0	0	121
GTAGGAAGCGAGAGGGGGAGCTGGACTTCG	0	0	0	0	0	0	0	0	239
GTAGGAGACGTGCACCAGGGTGCGCGTCCG	0	0	0	0	0	0	0	0	1561
GTAGGGGCGGAGACTGGGTCGTTGGCGTTG	0	0	0	0	0	0	0	0	78
GTAGGGGGTTGCGCGCGCTGGTGTAGTACG	0	0	0	0	0	0	0	0	122
GTAGGGTAATTCGGCACCCGGTTTTCAGGC	0	0	0	0	0	0	0	0	382
GTAGGGTCAATGGTTTGCCCTGTCATGCCA	0	0	0	0	0	0	0	0	100
GTAGGGTGTACTGCATTTGGATTCGATAGG	0	0	0	0	0	0	0	0	249
GTAGGTCAGAGTGTTTTTCGCGTAATGGAC	0	0	273	0	176.6521739	0	0	0	60
GTAGGTGGGCGAGCATATCGGGTTGTGTGG	0	0	0	0	0	0	0	0	1708
GTAGGTTCGCGTCTTGGAGCCACTGGGAGA	0	0	0	0	0	0	0	0	1131
GTAGTAACGACGGAGCGACTTGATTGGTCC	0	0	0	0	0	0	0	0	2467
GTAGTAGGAGCCTGCTCTAGTCTGCTATGT	0	0	21	0	23.38043478	19.12	0	0	445
GTAGTAGGTGGCTCCGACGGGCAGGGGGGG	0	0	0	0	0	0	0	0	933
GTAGTCACACGTGAAGTGGTCAACTCCACA	0	0	0	0	0	0	0	0	96
GTAGTCGCGAAAGCTGATTGTGATTGCTGG	0	0	0	0	0	0	0	0	810
GTAGTGGAGGGGCTGTTGTGTGTTTTCATT	0	0	0	0	0	0	0	0	573
GTAGTGGTCTCATGAAATAAACTCGTGTAG	0	0	0	0	31.17391304	0	0	0	212
GTAGTTAACAGGTGACATTGTATGTATCGT	0	0	0	0	0	0	0	0	797
GTAGTTCAACCGAGCGTACGTCACGACTCT	0	0	0	0	0	0	0	0	2473
GTAGTTCGTTTGTCTGGACTACATCCTTCG	0	0	0	0	0	0	0	0	30
GTAGTTGGGTAGTTGCTGATTGTTACCGTC	0	0	0	0	0	0	0	0	831
GTAGTTGTCAGGTAGTTCAGAGATGGTAAT	0	0	0	0	0	0	0	0	275
GTATACGGGTTGTCGGTGTCGCGTGCAGAG	0	0	0	0	0	138.62	0	0	0
GTATAGATGGTTGGGTCCCGCTTTGCGCGG	0	0	0	0	0	0	0	0	1892
GTATAGTCCCCCTGTGTGATGACCTGCTAG	0	0	0	0	0	0	14.55837563	0	0
GTATATTGCACATATGCCGACTGGAAATAA	0	0	0	0	0	0	0	0	2339
GTATCAAGTCTCGTGATTTCTAGAATAGGT	0	0	0	0	0	0	0	0	2805
GTATCACTCATGATTCAGCCCCGCGGATGT	0	0	0	0	0	0	0	0	1573
GTATCAGGATTGGGATGTCCCTAGCATACT	0	0	0	0	0	0	0	0	383
GTATCAGTGGGTGATTGAATACGCTGTCTC	0	0	0	0	0	0	0	0	2296
GTATCATCATGGCACCATCGTTGTGCAAAA	0	0	0	0	0	0	0	0	172
GTATCCAACTCGAGCACTGTGTGTCAGATT	0	0	0	0	0	0	0	0	1384
GTATCCCGGATTAATTGTGCAAGGTGGTAC	0	0	0	0	0	0	0	0	1277
GTATCGGGTTGGTGGGTTCGTTGAGAAAGC	0	0	0	0	0	0	0	0	1618
GTATCGGTACCGCCATTTCGAGGTTCAGGT	0	0	0	0	0	0	0	0	1185
GTATCTAATATGAAATAGAAATAGCAAAGC	0	0	0	0	0	0	0	0	2197
GTATCTGGTTCGAATCTCCGACTAGATTAA	0	0	0	0	31.17391304	0	0	0	1177
GTATCTTATCGGTTTGACGGGATGCCGCCT	0	0	0	0	36.36956522	16.73	0	0	3816
GTATCTTCCATTTGCATCTGCTGTGCCTGT	0	0	0	0	0	0	0	0	1080
GTATCTTTTATCTTCGATCATCGGTGTCCT	0	0	0	0	0	0	0	0	59
GTATGAACTTAAAGTCTGCTCCGGTAGTAA	0	0	0	0	0	0	0	0	1875
GTATGACGCCATTGGCATTAGCAAGGTCTC	0	0	0	0	49.35869565	0	0	0	0
GTATGCATCGTATTTTAGGAATTTTCGGGG	0	0	0	0	0	0	0	0	364
GTATGCCCATCAAATAGACTCCGGCAATTC	0	0	0	0	0	0	0	0	999
GTATGGACTTGTTATTGTCAGGTTCTGTTG	0	0	0	0	0	0	0	0	1360
GTATGGCTTGCGGGCGTGGCCACATTTGAA	0	0	0	0	0	0	0	0	1921
GTATGGGAAGTTAACAGACTGTAGTGGTTC	0	0	30	0	0	0	0	0	1265
GTATGGGTCGGAAGCTTACTTGCGTGAAGC	0	0	0	0	0	0	0	0	1604
GTATGGGTGATTCTTAGTAGAAGAAACCTG	0	0	0	0	0	0	0	0	56
GTATGTGAAAAAAGATCGCTAATCATTTTA	0	0	0	0	0	0	0	0	4903
GTATGTGAGGCGGACTTCGATTGTCTCGGG	0	0	0	0	233.8043478	0	0	0	704
GTATTAAGTCGTCCATTCTCTGTACGCCTG	0	0	0	0	0	0	0	0	1720
GTATTCATCCGTCACTACCAGTCGAATCAA	0	0	0	0	0	0	0	0	1025
GTATTCCGGTCGGCTTTTGGTCGGTCGTCC	0	0	0	0	0	0	0	0	265
GTATTCTGGGTGCCCGTCGGGAGTATACCT	0	0	0	0	0	0	0	0	906
GTATTGCGGGATGGAACCTGGACTTGTATT	0	0	0	0	15.58695652	0	0	0	486
GTATTGTGTGTTCCACTATGCGCCACTAAA	0	0	0	0	23.38043478	0	0	0	652
GTATTTATGATTTCTTTTGTTTGTATGCCT	0	0	0	0	0	0	0	0	473
GTATTTCGTTTACTTTCTATTTCACTCTGG	0	0	0	0	1280.728261	0	0	0	4071
GTATTTGCCTCAACCCAGAAAGGAGCTACT	0	0	0	0	0	0	0	0	194
GTATTTGGATACAATTATAACGGAAGGGGG	0	0	0	0	0	0	0	0	1372
GTATTTGGCCGTTATTAATTCGCTCGTTTG	0	0	0	0	38.9673913	0	0	0	4704
GTATTTTAGAGCCAGGGTTTCACATTCACC	0	0	0	0	0	0	0	0	25
GTATTTTTTAACCGTCTCGAATCAGCAATA	0	0	0	0	0	0	0	0	23
GTCAAACTCCGCCGAGGAGGGCGTCACGGC	0	0	0	0	0	0	0	0	2719
GTCAACCCCACTGCTTGTTAAAGACGTTAA	0	0	0	0	0	0	0	0	1701
GTCAACCTATGACAGTAGCAATGCGCGGTA	0	0	0	0	0	0	0	0	1023
GTCAACGATTGGTATTCTGCGCTTGATGCC	0	0	0	0	0	0	0	0	1304
GTCAACGGATTCGTGAGTAATTGATGGAAT	0	0	0	0	0	0	0	0	3594
GTCAAGAGTACCATGGTTGGATGAAGCCTG	0	0	0	0	0	0	0	0	160
GTCAAGCGGTAGTCGACTGCGATCGTAGCT	0	0	0	0	0	0	0	0	1503
GTCAATCATTTACTTACCAGAGTTTCGGTT	0	23.80082988	0	0	0	0	14.55837563	0	200
GTCAATTAAGGTAAACAAAGCCCGGTAATG	0	0	0	0	0	0	0	0	797
GTCAATTCAGCACCCCTAGCCATACAGCGC	0	0	0	0	0	0	0	0	1084
GTCACAGTTGGTTTCTGCACGCATTAGCGC	0	0	0	0	0	0	0	0	588
GTCACGAGTGCTAAGACGGAAAAGGCACCT	0	0	0	0	0	0	0	0	1709
GTCACGGGGCCAAGTCGTTGATTCGGGCGG	0	0	0	0	0	43.02	0	0	4542
GTCAGAAGGATTCGCGTGTGATTCGGGAGT	0	0	0	0	0	0	0	0	4510
GTCAGCTATTTTGCACAAGATGCACCCAAT	0	0	0	0	0	0	0	0	1050
GTCAGGCAATGAGTTCGGTGTCGGGGGGTC	0	0	0	0	0	0	0	0	1641
GTCAGGGCTGAAAATTACTATGACGAGTTT	0	0	0	0	0	0	0	0	806
GTCAGGTCGTTTTGAGGTCCTGACGTGTCG	0	0	0	0	0	0	0	0	1725
GTCAGGTCTTTGATAGCAGATGTGGAGGTG	0	0	0	0	0	0	0	0	1687
GTCAGTCTGCAATCTATAGCTTTGCTTGCG	0	0	0	0	20.7826087	0	21.83756345	0	0
GTCAGTTCAGTTCGGCGGGCATTTTTATTT	0	0	0	0	20.7826087	0	0	0	83
GTCATAACTCGATAAACCGTGGTACCAGCT	0	0	0	0	44.16304348	64.53	21.83756345	0	0
GTCATCAACCATGTTTTGGTATGAAGGTGT	0	0	0	0	15.58695652	0	0	0	0
GTCATCATGCGCAGTCAGAACTTGGGACTA	0	0	0	0	0	0	0	0	44
GTCATCCGTGCCGGAGCAACGGGGAGCCAG	0	0	0	0	0	0	0	0	1524
GTCATCTTTAGGCTTCAGTAACGGTGGGTC	0	0	0	0	0	0	0	0	151
GTCATGAAGTGGTAATATCTCCTTGCACTT	0	0	0	0	18.18478261	0	0	0	7752
GTCATGAATCGGTGTGAGATCGTACGATTG	0	0	0	0	0	0	0	0	1321
GTCATGATCCGAGCGTTTTTAGAGGTTGAC	0	0	0	0	15.58695652	0	0	0	0
GTCATGATTGTCTCGTCCTTCCCAGGAGAA	0	0	0	0	0	0	0	0	159
GTCATGCGGTTGGGTGCTCACCGGACGGGG	0	0	0	0	0	0	0	0	1787
GTCATGCTTTATGCTCGAGATGTTAGAATA	0	0	0	0	0	0	0	0	1172
GTCCAAACAGCTAAAAGCGCTTCGCCATAC	0	0	0	0	0	0	0	0	383
GTCCATTGAACGGGTTGGCTTTTTTCGTCA	0	0	0	0	0	0	0	0	395
GTCCATTGAGGTGTCCGCCTTTTTGTGTAT	0	0	0	0	0	0	0	0	2239
GTCCCAGAACATGGTATCGTATGGTGAATA	0	0	0	0	0	0	0	0	513
GTCCCAGCACAGGTTAGTGTTTCATCCGTC	0	0	0	0	0	0	0	0	787
GTCCCAGGCCTGAGGGTCAGCAGCCATCCC	0	0	0	0	0	0	0	0	1103
GTCCGAATGGTCGCATGACGACGTGCAAGC	0	23.80082988	0	0	0	0	0	0	1490
GTCCGCAAGGTTGGAGACAGACGAGCCGGC	0	0	0	0	0	0	0	0	458
GTCCGGAGAATCCATGGAGCTGGAGATCGT	0	0	0	0	0	0	0	0	953
GTCCGGAGGTTGGACGGGTGCGCCTGAACT	0	0	0	0	15.58695652	0	0	0	0
GTCCGTCCAATTATAGCCGGTAATGTTTTC	0	0	0	0	0	0	0	0	2224
GTCCGTCGCTCCGTCGCAGGTATAAACCTA	0	0	0	0	0	0	0	0	1011
GTCCGTGGGGGTCGGTCGAGCCCTAGGTGT	0	0	0	0	0	0	0	0	39
GTCCGTGTACGAGTTCGGCTGGGGGAGGGA	0	0	0	0	0	0	0	0	1241
GTCCTAAATCCCGCATTGTTTCAAGTGCAC	0	0	0	0	0	0	0	0	503
GTCCTAATGTAACATTAACCTTTTGTGCCT	0	0	0	0	0	0	0	0	1538
GTCCTCCATTTGCTACCAAGCGGTGCCCCG	0	0	0	0	0	0	0	0	420
GTCCTCCTTCATCGGGGCTTCTTGGTGTGG	0	0	0	0	0	0	0	0	1270
GTCCTGCGTGCAGTTTTGTTCAGGGGTAAA	0	0	0	0	0	0	0	0	1112
GTCCTTATTGACGGTGCTATGCGGGTGGGG	0	0	0	0	36.36956522	0	0	0	2760
GTCGACAGCAGCGCGAACTCAAAGGACTGC	0	0	0	0	0	0	0	0	14
GTCGAGTCTGACTTCTTTGCCGAATTATTT	0	0	0	0	0	0	0	0	1371
GTCGATCTGCCGTTCGTCTCTTACCATGTT	0	0	0	0	0	0	0	0	637
GTCGATTAACTACATTCATACCTCAGGTTC	0	0	0	0	0	0	0	0	1460
GTCGCAATACCACGGATGGATTTCAACGGC	0	0	0	0	0	0	0	0	34
GTCGCAGGTGCTAAGGGGAAGGCAAGGATT	0	0	0	0	0	0	0	0	602
GTCGCAGGTGGGGTGAAGTAGGGGGCGGTG	0	0	0	0	0	0	0	0	240
GTCGCCAGAGAGAGATCCAATGGTCAATCC	0	0	0	0	0	0	0	0	196
GTCGCCGATTTATTAGGAGCGCAATTTGCG	0	0	0	0	0	0	0	0	643
GTCGCCGGGCTAAGGAGAGGTGGCTGGGAG	0	0	0	0	0	0	0	0	63
GTCGCCTAGGGTTGGTGCTGACAGAGGGAT	0	0	0	0	0	0	0	0	222
GTCGCGCGTGATAGTTTATCGAGTGGTATA	0	0	0	0	0	0	0	0	1233
GTCGCGTTCATCCGCCTTCTCGAGTGCGTC	0	0	0	0	0	0	0	0	238
GTCGCTAAGGGTTTGAACCGAGAGGTGTTG	0	0	0	0	0	0	0	0	3448
GTCGGACAACTACGTGGGATATTTGGCGGT	0	0	0	0	0	0	0	0	1273
GTCGGAGGATATGAATTGAACAGCTGGGAA	0	0	0	0	0	0	0	0	228
GTCGGATTAGTACAAATTTGTGCGTACGAG	0	0	0	0	0	0	0	0	5222
GTCGGCGTTGGTGGAAGGCGGGCCGGAGTA	0	0	0	0	0	0	0	0	1107
GTCGGCTTGCACCGCTCCATTGCTTGTTTT	0	0	0	0	0	0	0	0	2267
GTCGGGAGTTTCCGTCCGCGCTGACTCGTC	0	0	0	0	0	0	0	0	537
GTCGGTAATCGACGAATCACAAATTTGTCA	0	0	0	0	36.36956522	0	0	0	932
GTCGGTCGTGAATCCGGACGCACGCAGGAA	0	0	0	0	0	0	0	0	208
GTCGGTGGTAGGCCGGGGCCCGGTTTCGAG	0	0	0	0	0	0	0	0	14
GTCGGTTACACGGTTACGGGCATAGTCTTC	0	0	21	0	18.18478261	0	0	0	6379
GTCGGTTATTTTCTGTAAGTTTTCACCAGT	0	0	0	0	0	0	0	0	1611
GTCGGTTCGAGTCCGAGATATATGTCTAAG	0	0	0	0	0	0	0	0	1175
GTCGGTTGTTCCTATTCTCATCAGCCGTCG	0	0	0	0	0	0	0	0	1584
GTCGGTTTATTGTCGGAATTATGAATTATT	0	0	0	0	0	0	0	0	351
GTCGTATGACGTTTAAGTGGTTACATATCA	0	0	0	0	0	0	0	0	105
GTCGTCAGGGGAGGGTCATTTCGGCGAAAG	0	0	0	0	0	0	0	0	320
GTCGTCCGTACAATGTCCAGAGTATCTATC	0	0	0	0	0	0	0	0	2732
GTCGTGAGTCCCCTGGTGGATATAGTTAGG	0	0	0	0	0	0	0	0	1631
GTCGTGCCTCTTGCGTCCCCAATAATTCGC	0	0	0	0	0	0	0	0	999
GTCGTGGGTTAGGGGTACTTCCACACGGAG	0	0	0	0	33.77173913	0	0	0	1807
GTCGTGTTTTGATTCTATAGATGTTCGCGT	0	0	0	0	0	0	0	0	1649
GTCGTTAATACGCTTAGTATGTCATCACCT	0	0	0	0	0	0	0	0	1160
GTCGTTTGACTGGACGTGGGCAGTTGGTTC	0	0	0	0	0	0	0	0	1406
GTCTAACGTCTCAGGCAATAAAATGCTTAC	0	0	0	0	0	0	0	0	1921
GTCTAAGTGCCGGGGTAGGCTGTCCATAGC	0	0	0	0	0	0	0	0	16
GTCTACGAAGAGCATAGGGGAGGTTGCGCC	0	0	0	0	0	0	0	0	2439
GTCTAGCTCGTAACAGACTGACATTGCACG	0	0	0	0	0	0	0	0	407
GTCTAGCTTACAATTAGGTAATGTTGTGTG	0	0	0	0	0	0	0	0	2124
GTCTAGGCCGCTTCTGGTCATGGTGTACGT	0	0	0	15.58695652	0	0	0	0	1065
GTCTAGGTATTTTTTAGAACCTATCACGTC	0	0	0	0	0	0	0	0	1510
GTCTAGTTATACGTAAGACTTGGGGTCTTG	0	0	0	0	0	0	0	0	2949
GTCTATTGTGATAAAGGCAACTTTCATATC	0	0	0	0	0	0	0	0	243
GTCTCACAGTCAGGATTACCTCGTAACTTA	0	0	0	0	0	0	18.19796954	0	21
GTCTCAGGGGCACACGCACCCCATGGATGA	0	0	0	0	0	0	0	0	17
GTCTCCGTCCAACGCATTTATTTAATTTCT	0	0	0	0	0	0	0	0	2250
GTCTCGAGGGGGCTGTGTACAGAAATGGAG	0	0	0	0	0	0	0	0	921
GTCTCGAGTCGAAATTTGTCGTTCATAGGT	0	0	0	0	15.58695652	0	0	0	1718
GTCTGGATCGTATTATTGTTCACTAGCTAT	0	0	0	0	0	0	0	0	1097
GTCTGGTCTCCTTTGGAAAATGTTTAGAGA	0	0	0	0	106.5108696	43.02	14.55837563	0	46869
GTCTGGTGATGCAATTCCCATCAGTTGGGA	0	0	0	0	0	0	0	0	19
GTCTGTATGGATCCGCTATCGGAAAATATG	0	14.87551867	0	0	31.17391304	86.04	0	0	95585
GTCTGTGTCGGTCCTTTTGAGCGGTTTGGG	0	0	0	0	0	0	0	0	48
GTCTGTTGTCTTGTCTAGGCTATGGTAGCA	0	0	0	0	25.97826087	0	0	0	25
GTCTTATATAGTTTCGCCGTTCCGGTGAGA	0	0	0	0	0	0	0	0	491
GTCTTCAGACTAGAATTAGAGATTCCACTC	0	0	0	0	0	0	0	0	1007
GTCTTGGGTCATGGTTTCGACAGTACTACT	0	0	0	0	0	0	0	0	541
GTCTTGGGTGGAACGAGATCCCGTAATGCT	0	0	0	0	0	0	0	0	135
GTCTTGGTCCGTCTACACCCAAATTGTCGT	0	0	0	0	0	0	0	0	137
GTCTTGTCCGGTCGAATTGCTCGATGAACT	0	0	0	0	0	0	0	0	3505
GTCTTGTCTAGGGTTTCCGCAGTAAGGACG	0	0	0	0	0	0	0	0	4092
GTCTTTAGGCTAATGTGTCATTTGCTCTCG	0	0	0	0	0	0	0	0	59
GTCTTTTGCAGGTTTTAAAGCTGAATACAG	0	0	0	0	0	0	0	0	1302
GTCTTTTTTCGAGTGCTTAGTCGGGCCTGT	0	0	0	0	0	0	0	0	1466
GTGAAATAGACTCGGTTTACTAACTCGTCG	0	0	0	0	0	0	0	0	1855
GTGAAATGTATTTAGTACCCATTTTGTATA	0	0	0	0	0	0	0	0	2739
GTGAACCGCACATGTTTTACCATATGTTAC	0	0	0	0	0	0	0	0	435
GTGAACCGCATTAGTGGGGTGGTTTGTCGT	0	0	0	0	0	0	0	0	420
GTGAAGAAGCCGATCAACTCCAACTACGCC	0	0	0	0	0	0	0	0	1238
GTGAAGGATTAAATGCTCTTGTTTGGCAGA	0	0	0	0	0	0	0	0	851
GTGAAGTGGGGCGAAACACTGGATTATTGT	0	0	0	0	0	0	0	0	2568
GTGAATACGGTTCCTAGATGTCGAGGGCTA	0	0	0	0	0	0	0	0	894
GTGAATAGCTCATGGTCAAGGACCTGATTG	0	0	0	0	0	0	0	0	692
GTGAATCTTATGGCGTCCTCACTCATATGA	0	0	0	0	0	0	0	0	323
GTGAATGTTTGCGGTATCTCCTTTGATGCT	0	0	0	0	0	0	0	0	3631
GTGAATTATGTCCCCAGAAGATGAGAGCTT	0	0	0	0	0	0	0	0	997
GTGAATTCGTGCTGAGACCCATCAGGACCC	0	0	0	0	0	0	0	0	1102
GTGAATTGGTGGCTCTGTACTAAAAGGGTT	0	0	0	0	0	0	0	0	937
GTGACATCGGTTTGGCGATGCTGGGGATCA	0	0	0	0	0	0	0	0	24
GTGACATCGTCTCTTCTGGTACCATAAACT	0	0	0	0	0	0	0	0	12344
GTGACATTGTCTAGCCTGTCGCTGCCGACG	0	0	0	0	0	0	0	0	773
GTGACCGTATTCTATTCACAAACGCCGTTT	0	0	0	0	0	0	0	0	429
GTGACCGTTCCATGGTTTTCCCCGTTACAT	0	0	0	0	0	0	0	0	96
GTGACGAACCCGATGGGTTCCCTGCCGCAT	0	0	0	0	0	0	0	0	291
GTGACGACGGGCCAGCAACTGTATGATGGG	0	0	0	0	0	0	0	0	89
GTGACGTCCTACCTCGGATGGATCTGCTCG	0	0	0	0	0	0	0	0	123
GTGACTATGGAGAGTGACATGAGAAAAGGA	0	0	0	0	0	0	47.31472081	0	0
GTGACTTCCAGGGCTAAGCTCTCTACCAAT	0	0	0	0	0	0	0	0	46
GTGAGAATTATGTTACACTTAGTTTAGTGT	0	0	0	0	62.34782609	0	0	0	0
GTGAGGCGGGGAGGCTCTGGGAGTCTGGAG	0	0	0	0	0	0	0	0	2501
GTGAGGGAGGGCCGTCCGAAGCCCGGGTGT	0	0	0	0	0	0	0	0	1030
GTGAGGTCTCATGCCTGGGGGGAGTGATAG	0	0	0	0	18.18478261	0	0	0	28
GTGAGTCAATGCGATATCCTGCCAAGGACG	0	0	0	0	0	0	0	0	404
GTGAGTGACGTTAGGAGGCCTGTTGGAGCT	0	0	0	0	0	0	0	0	2049
GTGAGTGTTCTCTGCCAACTTACCTTCGCA	0	0	0	0	0	0	0	0	14
GTGATACGCGTTACGGTGACTTCTAATCGT	0	0	0	0	72.73913043	19.12	0	0	101
GTGATACTTGTGATGGATATAGTGATATAC	0	0	0	0	0	0	0	0	136
GTGATCCACTATCTACGTAGCGAGACTCCT	0	0	0	0	0	0	0	0	1359
GTGATCTCTTACACATTACGTTATGTTGGA	0	0	0	0	0	0	0	0	3895
GTGATGAAAAGATTGAACAGGAGTCGCACG	0	0	0	0	0	0	0	0	16
GTGATGCGATTCTGGTCTACAATTGATGGG	0	0	0	0	15.58695652	0	65.51269036	0	0
GTGATGTACCGTGGGCGGGGCTCTAAGCGG	0	0	0	0	0	23.9	0	0	564
GTGATTAGCCTTTCAATCTACGTAAGCATA	0	0	0	0	0	0	0	0	453
GTGATTGAGTCGTCCTTGCGCTTGTAGTCT	0	0	0	0	0	0	0	0	548
GTGATTTGTTGAATCATCTTCACTTTTAAG	0	0	0	0	0	0	0	0	1000
GTGCACCGGCTTGGTTGTCAGGGCGCCTGT	0	0	0	0	166.2608696	0	0	0	585
GTGCACGATTTGTAGCTCAGAGCGTTCGTC	20.96491228	0	15	0	41.56521739	0	0	0	23664
GTGCACTGATGAGGGGTGATGGGCTCTGGA	0	0	0	0	0	0	14.55837563	0	0
GTGCAGTGATAAGAGTTAGGTGAGCTCGCG	0	0	0	0	0	0	0	0	2377
GTGCATGCTTGATCCCGAGCCGGCCCGTTG	0	0	0	0	0	0	0	0	155
GTGCCACCGGCTAGAAGTCTTGAGACAGCC	0	0	0	0	33.77173913	0	0	0	0
GTGCCAGCGATCAGATTGGAGGGTACGTGG	0	0	0	0	0	0	0	0	955
GTGCCATCTTACATAATGCATATCACATAG	0	0	0	0	0	0	0	0	718
GTGCCCCGGAGATAAAGCAAATCGTTTGGA	0	0	0	0	0	0	0	0	888
GTGCCCGCCACTAGCAGTAACCAACTCGAA	0	0	0	0	0	0	0	0	958
GTGCCCGCCTACTATATATCGGATCTATGG	0	0	0	0	0	0	0	0	27
GTGCCCGGGACAGCCTAGTTTTAGATCAAT	0	0	0	0	0	0	0	0	2082
GTGCCCTAATTACTTGTGTTAGTACCCTTT	0	0	0	0	0	0	0	0	683
GTGCCCTCATGCGGTGATCGTAAGTACTTT	0	0	0	0	0	0	0	0	127
GTGCCTCCCTCAAGACAGATGCTTGGATAT	0	0	24	0	0	0	0	0	1076
GTGCCTTGTGTGAGCATTGGGTTAATTCTT	0	26.77593361	0	0	0	0	14.55837563	0	27
GTGCGAAGGCTGACGCTGGTATGTCCAGAG	0	0	0	0	0	0	0	0	53
GTGCGATGTGTAAATATATCGCCATGACGC	0	0	0	0	0	0	0	0	418
GTGCGCGAGAATGGCGGCACTGACGGCGTT	0	0	0	0	0	0	0	0	349
GTGCGGAAGTGGCATTTGTTCTTCAAAAGT	0	0	0	0	0	0	0	0	1161
GTGCGGGAATGACTACATGAGGGAGTGTCG	0	0	0	0	0	0	0	0	33
GTGCGGGTGGCAGGGACGGGGGGCCAGCCG	0	0	0	0	0	0	0	0	1154
GTGCGTCACCTGCGGCGTCAAGGCATGTGG	0	0	0	0	0	0	0	0	1322
GTGCGTCTTAGGACACTTACGGACGCGTAC	0	0	0	0	0	0	0	0	1201
GTGCGTGCTAGGCCACTTGGTTGCGCTGAA	0	0	0	0	36.36956522	0	0	0	938
GTGCGTTACGGATGGGCGTGCTTCGGTTAT	0	0	0	0	0	14.34	0	0	0
GTGCTATGACACCCCGAAGCTACTGGTTTG	0	0	0	0	0	0	18.19796954	0	0
GTGCTATGCTAACCGCCATGAACCGTGTTG	0	0	0	0	0	0	0	0	1835
GTGCTCACCGAATTATATTAGGAGGAAGAT	0	0	0	0	0	0	0	0	21
GTGCTCAGGGGCTGGATCCGCGAAAGACAC	0	0	0	0	0	0	0	0	589
GTGCTGGCAGCTGGGAAACCCCGAAAACGC	0	0	0	0	23.38043478	0	0	0	163
GTGCTGTGGGACGCTGCGCAGTTCGTGGGT	0	0	0	0	0	0	0	0	3069
GTGGAAGCATATCTGGTTGAGCACTATTAA	0	0	0	0	0	0	0	0	36
GTGGACATTTTCAAGAATCTTGATGCGCTC	0	0	0	0	77.93478261	0	0	0	762
GTGGAGCCGGCCGTCGGGGTCGGGTGGACG	0	0	0	0	93.52173913	0	0	0	450
GTGGAGCTAACGGACGCGACCAGGTAGGGG	0	0	0	0	0	0	0	0	68
GTGGATATCTCCGTGACCAGCACTGCGGTT	0	0	0	0	0	0	0	0	73
GTGGCACCGCCGAGTTCCAATAGACGCCGT	0	0	0	0	0	0	0	0	108
GTGGCAGTGGTCCGGTGGGTCGCTGCGTAT	0	0	0	0	0	0	0	0	235
GTGGCCACACCCCCGTCGGCACAGTGAGGG	0	0	0	0	0	0	0	0	603
GTGGCCACGGTGGGTGTGTCACGTTAAGGT	0	0	0	0	0	0	0	0	2684
GTGGCCAGCGGTTTGGGGGCGACACAGGGG	0	0	0	0	0	0	0	0	1200
GTGGCCCAGCTCATATGCGCGGCACGTTGG	0	0	0	0	0	0	0	0	34
GTGGCCTGTGATAAAAGTCCGGCGCAGGTA	0	0	0	0	38.9673913	0	0	0	1738
GTGGCGCTAGGCGGTCACAGGGGCGCAGAG	0	0	0	0	0	0	0	0	1154
GTGGCGGTAAATCGTCCCACAGCTCAGACA	0	0	0	0	0	0	0	0	66
GTGGCTCATCTTATAATTGGTGTATTCGTA	0	0	0	0	0	0	0	0	2104
GTGGCTGTGTCTGGGCAGAGACCGGCGCGG	0	0	0	0	0	0	0	0	1620
GTGGGAATTGAGGGCGGGGGAGGACGGGTG	0	0	0	0	0	0	0	0	578
GTGGGAGGCTACGGGATGTCGCCGTCGGAA	0	0	0	0	0	0	0	0	181
GTGGGATCATTCAATAGCGATGCATTTAGG	0	0	0	0	0	21.51	0	0	3020
GTGGGATGGGGGGCGGGTGTGTTCGGCCAG	0	0	0	0	0	0	0	0	2864
GTGGGCAGACCATGGGGACTGGGGCAGGAG	0	0	0	0	20.7826087	0	0	0	13064
GTGGGCAGGTAGAACGTGTGACTATTTGGT	0	0	0	0	0	0	0	0	7352
GTGGGCCAGTAGATCGGATTTGTCTTGGTT	0	0	0	0	0	0	0	0	803
GTGGGCCGGGCGCTGGAGCCTCCGCGAATG	0	0	0	0	0	0	0	0	1053
GTGGGCGGCGCGCAGGTTGGCGTTGGTGCA	0	0	0	0	0	0	0	0	154
GTGGGCTATGTATTCAGGTCGCTTTATGGT	0	0	0	0	0	0	0	0	270
GTGGGGATAGGATACTTAGCGGGGCTGCGC	0	0	0	0	15.58695652	0	0	0	780
GTGGGGATCTAATCCCGCAGCTCCCGGATA	0	0	0	0	0	0	0	0	2111
GTGGGGGGAACGGGCGGAAGACCACGGATG	0	0	0	0	0	0	0	0	1472
GTGGGGGGCATTAGCAATGGGGGCGGAGAG	0	0	0	0	0	0	0	0	70
GTGGGTATAGTTGTTAGTATACGAATACTC	0	0	0	0	0	0	0	0	17
GTGGGTCTTCCGTTGCGTTCAGCGTGGCGG	0	0	0	0	25.97826087	0	0	0	8098
GTGGGTGAGCGCGTAGGAACTGTCGGGCTG	0	0	0	0	0	0	0	0	1317
GTGGGTGAGTCATCTGGCGTAGAGTGCCTG	0	0	0	0	0	0	0	0	21
GTGGGTTGCATTGAGCAGGCAAGCCGTTTC	0	0	0	0	0	0	0	0	1120
GTGGGTTTCTAGCCGAATCGTGCTGGAGGG	0	0	0	0	0	0	0	0	75
GTGGTAAACGAGTGACGTCATATTCCTGTG	0	0	0	0	0	0	0	0	1437
GTGGTCCATGCTGGCTTGTGTTTGGTAGTG	0	0	0	0	0	0	0	0	3438
GTGGTCTTTCTTCCTTAAAGGGGGTACTCT	0	0	0	0	0	0	0	0	603
GTGGTGCACCAGCCACCTTAACCGCCTTTC	0	0	0	0	0	0	0	0	588
GTGGTGTCTTCGCTTCAAGTCGTGTTTGAT	0	0	0	0	727.3913043	0	0	0	2043
GTGGTGTTGGACTTAAAGTGTGTTGGCAAG	0	0	0	0	0	0	0	0	332
GTGGTTACAGGGAGACATGTCGCTCGGAAT	0	0	0	0	0	0	0	0	847
GTGGTTGGTAGGTTATTAATTACGTTATAG	0	0	0	0	0	0	0	0	1269
GTGGTTTACTGGGTAGTTCGGAGCAGCGAT	0	0	15	0	0	0	0	0	233
GTGGTTTATCGCTCCTCCGAGGCCCACAAA	0	0	0	0	0	0	0	0	48
GTGTAACGGGTCACAAATTTGGCGCCCTTT	0	0	0	0	0	14.34	0	0	897
GTGTAACGTTTCGGGGCTGGTCCGGGGCGG	0	0	0	0	0	0	0	0	327
GTGTAATCGTCGTCAAGAGCGGGACGTCAT	0	0	0	0	0	0	40.03553299	0	26
GTGTACGGATCAGCTGTCAGGGACACGCAA	0	0	0	0	0	0	0	0	68
GTGTACGGGGAGGAGCCCAGGCAAACGGGA	0	0	0	0	0	0	0	0	70
GTGTACTAGCTCCGGGAGGGTCGCGGGTTG	0	0	0	0	0	0	40.03553299	0	0
GTGTAGATGGTGGTCGTCTTGGCGCTGTGG	0	0	0	0	0	0	0	0	2441
GTGTAGCGGGCTAGCAATCCAAGGGCTGTC	0	0	0	0	0	0	0	0	969
GTGTAGGATGTAAGCGATATCTCCTCACTC	0	0	0	0	23.38043478	0	0	0	378
GTGTAGGGCCGAGATGAGAACCTTTATTAG	0	0	0	0	0	0	0	0	2488
GTGTAGGGCGGGGTGGCGAGCGAGGGGTGG	0	0	0	0	0	0	0	0	1377
GTGTAGGTATGTTATACCGATTGCTTGCCA	0	0	0	0	0	0	0	0	1683
GTGTAGGTATTATTTATTCACAAGTAGTAC	0	0	0	0	0	0	0	0	1457
GTGTAGTGGTTCAGTTTGACTCACCCTTGG	0	0	0	0	0	0	0	0	430
GTGTATAGATGCTAAGGTGTGTGGAACCTC	0	0	0	0	0	0	0	0	4709
GTGTATCCTTGTGTAAAGGTGTCGGAGAAC	0	0	0	0	0	0	0	0	1305
GTGTATGAGCTGTACTAATAGTGGCCTATA	0	0	0	0	0	0	0	0	921
GTGTATGTTACCCCTCTGGGTGCATGATCG	0	0	0	0	0	0	0	0	3170
GTGTATTTCGTAAGCTACGATATAACCTAT	0	0	0	0	33.77173913	0	0	0	0
GTGTCCGGCGAGGAGCTAGGGGCGCGCGGA	0	0	0	0	18.18478261	0	0	0	14834
GTGTCCGTCTAGTGTTTAGTGCAAAGCAAT	0	0	0	0	0	0	0	0	1163
GTGTCCTGTAGACCGTGGGTTGAGTAGGTA	0	0	0	0	0	0	0	0	1223
GTGTCTAATTGTCCTTACAGATGAAGGTCA	0	0	27	0	31.17391304	0	0	0	2149
GTGTCTAGTTGCCACCGCAAGGAGTTGTAT	0	0	0	0	0	0	0	0	22
GTGTCTATTCGGTAGTCAAAAGCACGTAAT	0	0	0	0	0	0	0	0	1175
GTGTCTCAGCGACTTGCGGACACTTATTGG	0	0	0	0	0	0	0	0	462
GTGTCTGTCCCGAGGCAAATCAATCTGTCA	0	0	0	0	0	0	0	0	104
GTGTCTTGTTTTTAGTAGTTGGGACACGGG	0	0	0	0	0	28.68	0	0	5948
GTGTGAGCGTGATAGGACCGGATACGGGGG	0	0	0	0	0	0	0	0	237
GTGTGAGTTGACCGTACTCGTAATCGTTGG	0	0	0	15.58695652	0	0	0	0	11366
GTGTGGGACACGGTGGCTTCATGGTCTTTC	0	0	0	0	36.36956522	33.46	0	0	49
GTGTGGGCATGTGCAGACGTGCGCGGCGAA	0	0	0	0	0	0	14.55837563	0	0
GTGTGGTGCGTAAGGAGGGGTGACCGCGGG	0	0	27	0	0	0	0	0	0
GTGTGTTGTTGGGGAAATGTTCTTTGCGGA	0	0	0	0	0	0	0	0	363
GTGTTAGGCCAGAGTGGGGGCCGTGCAAAC	0	0	0	0	0	0	0	0	1525
GTGTTGCACGCATACCATGAAGCACAACCG	0	0	0	0	38.9673913	0	0	0	0
GTGTTGCATTATGTTGGTTTTAAGATTCGG	0	0	0	0	0	0	0	0	1662
GTGTTGCTGGGTGGGACTCTAATTGCAATG	0	0	0	0	20.7826087	0	0	0	1271
GTGTTGTCTTACTTTCCGCGTCCCTACATA	0	0	0	0	0	0	0	0	2291
GTGTTTAAGGGGTTGGTCGCCCTTCTTTGC	0	0	0	0	0	0	0	0	1680
GTGTTTCCGGAAGAAGTATCTAATAGACAC	0	0	0	0	0	0	0	0	1311
GTGTTTGGGTGCCTCACCCTTCAGATTGTA	0	0	0	0	0	0	0	0	1059
GTGTTTGTGATGTGAGGGTCCAGGGACCGA	0	0	0	0	0	0	0	0	956
GTGTTTTATAATTGCTTGACTAATTACCTA	0	0	0	0	0	0	0	0	1673
GTGTTTTCTAGCATCGGTAGATCTTTTTTG	0	0	0	0	0	0	0	0	981
GTGTTTTTGGAGATTCCTAAATCTCAATGG	0	0	0	0	0	0	0	0	1008
GTTAAAAGAGTAGGTAGTCTTCTGCACTGG	0	0	0	0	0	0	0	0	23
GTTAAAGTGCATCTTCTCGGGCTTCTTTTC	0	0	0	0	0	0	0	0	2083
GTTAACAAATGTACGAGATCCAAGTTCGGA	0	0	0	0	0	0	0	0	1348
GTTAACGGGCTATGGTTACGCACTTCAAGA	0	0	0	0	18.18478261	0	0	0	0
GTTAACGTCGTTGACATTTTTAGGACCTCA	0	0	0	0	0	0	0	0	525
GTTAAGAATGAGGGATCGTGATTGTGAATT	0	0	0	0	0	0	0	0	136
GTTAAGCTTAAACGGCGACGATCTAGGCTT	0	0	0	0	498.7826087	0	0	0	1299
GTTAAGGATTAGCGTCTGGAAGAGGGCAAT	0	0	0	0	0	0	0	0	1624
GTTAAGGGGGGGTGCTACGGCCTCCTTGTA	0	0	0	0	44.16304348	0	0	0	0
GTTAAGGGGGGTGCTACGGCCTCCTTGTAC	0	0	15	23.38043478	7564.869565	327.43	54.59390863	0	130
GTTAATGCAGTTACACTTACAGTGGAACTT	0	0	0	0	0	0	0	0	580
GTTAATTGTCTTGATAGGGAACAAAAATTT	0	0	0	0	0	0	90.98984772	0	0
GTTAATTTTAAACGTAAAATTTTACAACCT	0	0	0	0	0	0	0	0	93
GTTACAAGATTAGCAAGTATCTCCTCATAT	0	0	0	0	0	0	14.55837563	0	0
GTTACATAAATAAACATTAATATTTGACAA	0	0	0	0	101.3152174	0	0	0	125
GTTACATGTGTATATGTGCGTGTCTGGGGT	0	0	0	0	0	0	0	0	952
GTTACCGCTTATAGTACGGCGTCCCTTATG	0	0	0	0	0	0	0	0	885
GTTACCTGATATATTTCCTATACAACCTAC	0	0	0	0	0	0	0	0	1680
GTTACGAGCTCTAGCGAAACGACGTGTGGA	0	0	0	0	0	0	0	0	1548
GTTACGCTTGAGGGTTCTCTGATTGGGGGT	0	0	0	0	0	0	0	0	1252
GTTACGGCCAAGGGGAATGTAAGGTGAATG	0	0	0	0	0	0	0	0	3657
GTTACGGTGGCGGATATTAATATTATTTTA	0	0	0	0	0	0	0	0	1311
GTTACTTCATCAAGCTAACGACGAAACCAC	0	0	0	0	0	0	0	0	35
GTTACTTCGCCAACTGTGCACTCTATTACT	0	0	0	0	0	0	0	0	154
GTTACTTTAGGACGGTGCGGAATGTCTATG	0	0	0	0	0	0	0	0	25
GTTAGAGTCCACGTGCCACACTTGTTTTAA	0	0	0	0	0	0	0	0	551
GTTAGATGGTTTGGTCCATGCGGGTAATTC	0	17.85062241	0	0	0	0	0	0	0
GTTAGGGTCGGGGCTCTTGCCCAGCTCAAC	0	0	0	0	0	0	0	0	47
GTTAGTAGTCTGCTTAGGGGAGGCCGGGAG	0	0	0	0	0	0	0	0	1340
GTTAGTCATGGGACGTCCCAAACCTTATAT	0	0	0	0	0	0	0	0	363
GTTAGTGTGCTATCTCTCAGGGGAGCGGGC	0	0	0	0	0	21.51	0	0	1092
GTTATATGGGGCAATGCGGAGATTTTGAGG	0	0	0	0	0	0	0	0	1538
GTTATTCGCGATTTCAATTTGTTTGCATCG	0	0	0	0	0	0	0	0	2658
GTTATTGTATGGCAGATTCTGGCTGGGAGA	0	0	0	0	0	0	0	0	1341
GTTCAAATGTTAAGCTGTTGGCCTCGAAAT	0	0	0	0	0	0	0	0	1367
GTTCAACCGTATTGCGTATCCTATGCGTTG	0	0	0	0	0	0	0	0	15
GTTCACAGGACCTCCATGCGGGCTGCTACC	0	0	0	0	0	0	0	0	282
GTTCACCCGTATGTGACTCGACGGCCAACA	0	0	0	0	0	0	0	0	685
GTTCACCTTCTAGAACTATTACAATAGTAG	0	0	0	0	0	0	0	0	223
GTTCACTCCGATTTGATCTCACTCTGGATT	0	0	0	0	0	0	0	0	269
GTTCAGAAGGCTTTGAGACCTTCAAGGTAG	0	0	0	0	0	0	0	0	2037
GTTCAGGCTTAGGTTCGTCCGGCTAATCGA	0	0	0	0	0	0	0	0	154
GTTCAGGTGCCTATTGGGCTGGGCTTCCGA	0	0	0	0	36.36956522	222.27	80.07106599	0	358
GTTCAGTCTCGTGCGTAGAGACGATCCATT	0	0	0	0	0	0	0	0	754
GTTCATAGAGTCATCAGGCAGTCCGACTAA	0	0	0	0	0	0	0	0	84
GTTCATTACATTATCGACGCTTACATAACT	0	0	0	0	0	0	0	0	821
GTTCATTCCCACGGGGATGCGCCCGCAATG	0	0	0	0	0	0	0	0	1505
GTTCCAGTGTGGGATTGCTGGCATATATGA	0	0	0	0	0	0	0	0	53
GTTCCATACACTGTCGCGTCACTGTTCAGG	0	0	0	0	0	0	0	0	113
GTTCCATGTGTCGCGAGTAGAAGTCGGGGT	0	0	0	0	0	0	0	0	26
GTTCCCATACGACATCACGTGATATAGTTG	0	0	0	0	0	0	0	0	1807
GTTCCGCCGTCGATTTATAGATGTTCGTGT	0	0	0	0	0	0	0	0	819
GTTCCGGTTGGACGCCGAGGGTTCAGATGT	0	0	0	0	0	0	0	0	1661
GTTCCTTGGACAATGACCAAGCTCCTCGCA	0	0	15	0	0	0	0	0	262
GTTCGACGCGGTTCTCGACGGGTTTATTCC	0	0	0	0	0	0	0	0	29
GTTCGCCTAGATAGTACCGTTTCGTTTATA	0	0	0	0	0	0	0	0	1358
GTTCGGGGTGTACTCAAGCGGCGCAGAATA	0	0	0	0	0	0	0	0	283
GTTCGGTAGTGGGAGGAATGAAAGAAGCTC	0	0	0	0	0	0	0	0	1691
GTTCGTCCTTCGTACCGTTCGCGATTGGTT	0	0	0	0	0	0	0	0	822
GTTCGTGGAGGCACCTTTCGGGCATTGGGC	0	0	0	0	0	0	0	0	367
GTTCGTGGGGAATAATATCTTCTCGATAAG	0	0	0	0	0	0	0	0	3094
GTTCGTTATTTTACGCTTGATGCGCGACAT	0	0	0	0	0	0	0	0	195
GTTCGTTCGCCGGGGTCTTGCTTAGGTATG	0	0	0	0	0	0	0	0	179
GTTCGTTGGACATAAAGGCATCTTCGCCAA	0	0	0	0	0	0	0	0	2248
GTTCGTTGGATATTATTTACAGATAGGGTC	0	0	0	0	0	0	0	0	3169
GTTCTAAACTGCTCCTAGACGAATATCGTC	0	0	0	0	0	0	0	0	4454
GTTCTCATCTCTTTGCACACTAAGACGCGC	0	0	0	0	0	0	0	0	2447
GTTCTCCGGAATTTACAATTTCCGGGTACC	0	0	0	0	57.15217391	0	0	0	263
GTTCTCGAGCGGAAGTGAGAGGTACTCGGG	0	0	0	0	0	0	0	0	3435
GTTCTCGTCGTATGTCAGCGTGAGCTACCC	0	0	0	0	0	0	0	0	15
GTTCTCTCGTGTCCCTAGCACGAGGGTTTG	0	0	0	0	0	0	0	0	756
GTTCTCTGTATAACTTAAATTGATTACTTA	0	0	0	0	0	0	0	0	3914
GTTCTGAAATGTCTTGATCCATTCGTATTA	0	0	0	0	0	0	0	0	455
GTTCTGCATGCGAACATCCGCTGCCTCTCG	0	0	0	0	77.93478261	0	0	0	0
GTTCTGGATGGATATGCTGGTACCGGCTTA	0	0	0	0	18.18478261	0	0	0	0
GTTCTTGCAGTGTTGTCTAGGTCTCTAGAT	0	0	0	0	0	0	0	0	1588
GTTCTTGTTACTGCGCATATTATATCAATA	0	0	0	0	0	0	0	0	16
GTTGACTATCCTTTTAAGTAGTTTATACGG	0	0	0	0	0	0	0	0	1713
GTTGAGGGAAGGGTGGCAGTCTCTTGGGTG	0	0	0	0	0	0	0	0	409
GTTGATGGGGGCAGCTACCCTTAGTCAGTC	0	0	0	0	0	0	0	0	50
GTTGATGGTAGCCGCTGACGCTTATGTCCA	0	0	0	0	0	0	0	0	6442
GTTGATTCGGACCGGGATAGAGTCGTGATG	0	0	0	0	0	0	0	0	1712
GTTGATTGGGTTACAGACCTCTCTCCTAGC	0	0	0	0	0	0	0	0	77
GTTGCAAGTGCAAGTTAACCTTGTCCATTT	0	0	0	0	0	0	0	0	395
GTTGCAGAAGGGGATGGACGGGGACGGACG	0	0	0	0	0	0	0	0	1240
GTTGCATAGATCCCCTTGTTTATAAGTACT	0	0	0	0	0	0	0	0	832
GTTGCCCTATCGATACAGGGGAGCGTGAGC	0	0	0	0	0	0	0	0	1291
GTTGCCCTCAGAATGACTTTAAGACCGACG	0	0	0	0	0	0	0	0	283
GTTGCCGCCTTAGGCGACCGTCTTATATTA	0	0	0	0	0	0	0	0	762
GTTGCCTTAGGTGTCGTTGCTATTCGGCTG	0	0	0	0	0	0	0	0	665
GTTGCGAGCCATCTGGCCCCCGGGAGGCCG	0	0	0	0	15.58695652	38.24	0	0	33
GTTGCGGGACCAGTTTGCGAGCTGCTTGAG	0	0	0	0	0	0	0	0	239
GTTGCGGGGTAGAGGGTAATCCTTTGAAGT	0	0	0	0	0	0	0	0	776
GTTGCTGCAGCGTTGGCACAGTTCCATGTT	0	0	0	0	0	0	0	0	44
GTTGCTGTGGGGGGCAAGGCGGAAAGTGCT	0	0	0	0	0	0	0	0	2008
GTTGCTTGGTAAGGACAGATAAATGTACGA	0	0	0	0	0	0	0	0	92
GTTGGGACGATTGCGGTTGAGTATCTGAGG	0	0	0	0	18.18478261	0	0	0	1080
GTTGGGGACGGGCCGTAGGTCGGGCCGAGG	0	0	0	0	0	0	0	0	807
GTTGGGGGCTGGATAGAAATTTCTTTGGGT	0	0	0	0	0	0	0	0	1217
GTTGGGTTCTGATGATTGCAAGTGTGAAAC	0	0	0	0	0	0	0	0	870
GTTGGTGACAGTGGAGCGGCGCCGTCGCAG	0	0	0	0	0	0	0	0	283
GTTGGTGACGATCGATAGGGTTGCTACGCC	0	0	0	0	0	0	0	0	16
GTTGGTGCGTGCCTCGGTTCCTTTTGCGAG	0	0	0	0	0	0	0	0	1270
GTTGGTGGGGTAAGATCGGGTCAGAAGCTG	0	0	0	0	0	0	0	0	775
GTTGGTTGGTGTGGGGGGGCAAGGCTTGTG	0	0	0	0	0	0	0	0	171
GTTGTAGGTATCCCATTCAGTGATATAGCG	0	0	0	0	0	0	0	0	1858
GTTGTAGTAGTCGGTGCTCGGTCGGAGGCC	0	0	0	0	0	0	0	0	1142
GTTGTCCTACAATCTTAGATTGGGAAGATT	0	0	0	0	0	0	0	0	408
GTTGTCTCCGCAGCCGGGTTAGGGACAGCA	0	0	0	0	0	0	0	0	1025
GTTGTGAAGACTACTCTTTGATTCAGTGTT	0	0	0	0	0	0	0	0	2191
GTTGTGACTCGGTAAGAGAACGGGCAGAGG	0	0	0	0	0	0	0	0	16
GTTGTGGACCAGCGGGATGCCATCAACGTT	0	0	0	0	15.58695652	0	0	0	4990
GTTGTGGTTCATCCGAATGGTTGCAACAAC	0	0	0	0	0	0	0	0	1320
GTTGTGGTTTTTAAGGAAAAGCATTGGCAT	0	0	15	0	270.173913	0	14.55837563	0	9287
GTTGTGTGTGCTCCCATTTTGCTTCGTGAG	0	0	0	0	23.38043478	0	0	0	110
GTTGTTATGGGTAGAACTGGACGTTCCACC	0	0	0	0	0	0	0	0	271
GTTGTTGCCGTGATACCATCTCCACCAGTT	0	0	0	0	0	0	0	0	385
GTTGTTGGGTTTGGTGCGGGCTGATCCATG	0	0	0	0	0	0	0	0	1934
GTTGTTGTGAGGCGCATATTGTCGGGAAAT	0	41.65145228	0	0	62.34782609	0	0	0	12574
GTTTAACAAGCGGCCAGGGGTGGGATGGTG	0	0	0	0	0	0	0	0	325
GTTTAACTTGCTGAGATACATTGTGGCGCG	0	0	0	0	0	0	0	0	216
GTTTAATCGTTTCATTTTCGCGTTATCACG	0	0	0	0	0	0	0	0	208
GTTTACATGTAATTCAAGAATGTCGACCCC	0	0	0	0	0	0	0	0	384
GTTTACCCGTCAAGTGAAGCAACTTCAACA	0	0	0	0	0	0	0	0	9133
GTTTACGATCGGAAGCGTGAGGATGGTTGG	0	0	0	0	0	0	0	0	68
GTTTAGAGTGTGGGTAGTCTACGGGCGTCT	0	0	0	0	0	0	0	0	3686
GTTTAGCACCTTCGGTAGGAATGAAGGGGC	0	0	0	0	0	0	0	0	1240
GTTTAGCTAATATAGTCAGTGACCTCTAAC	0	0	0	0	0	0	0	0	167
GTTTAGGGACCTCGTAAAATTATTCCTCGA	0	0	0	0	0	0	0	0	821
GTTTAGTAGCTCAATGGCATGTACCACTGA	0	0	0	0	25.97826087	31.07	29.11675127	0	5185
GTTTAGTCATGGCAAGAAATTCAATTGCGC	0	0	0	0	0	0	0	0	2610
GTTTAGTCGTGTCGAGCAGCTGAAAAGGAA	0	0	0	0	0	0	0	0	2719
GTTTAGTTAGTTCCAGGTAGTAAGGGATTT	0	0	15	0	0	0	0	0	169
GTTTAGTTGTAAGGGCAACAGACGGGAACG	0	0	0	0	0	0	0	0	1048
GTTTATAATGGCGTCGATAGTAAAAGTCTT	0	0	0	31.17391304	0	0	36.39593909	0	0
GTTTCAGAGGCGAGCCGTGGAGCATAGGTC	0	0	0	0	0	0	0	0	1179
GTTTCATTGGGGCGCTGCAGGACTCCTGGC	0	0	0	0	0	0	0	0	747
GTTTCCAACAGCCTAGAGTCACTGGCTTGG	0	0	0	0	0	0	0	0	236
GTTTCCGTCATAAAATTTCTGGCCTAAGTG	0	0	0	0	0	0	0	0	283
GTTTCGAGTGGTGTCCTAAAAGTTTTGGGT	0	0	0	0	0	0	0	0	139
GTTTCGCAATGTGAGGTCGAAACTCCTCGC	0	0	0	0	0	0	0	0	538
GTTTCGCATTTTTATCCGTCGATGGATCTG	0	0	0	0	0	0	0	0	164
GTTTCGCGGGGTACATTACAAGAAAGAGGG	0	0	0	0	0	0	0	0	780
GTTTCGGCACTGTCGATCCTTGTCGAGCTG	0	0	0	0	0	0	0	0	396
GTTTCGGCGTGCGTGAGGATTTGCCGGGCA	0	0	0	0	0	0	0	0	289
GTTTCTAATATTATGCCAGCAGATCTCTAT	0	0	0	0	0	0	0	0	174
GTTTCTAGGGTATGCTCTAGTCGTCTGAAG	0	0	0	0	31.17391304	0	14.55837563	0	78941
GTTTCTAGTGTGTATTTAGTGGGCTTGGCT	0	0	0	0	0	0	0	0	1969
GTTTCTCATGTGGATGGTTTGAAACCTGAA	0	0	0	0	0	0	0	0	67
GTTTGACTAACGCTCGAATATATTTGTAGC	0	0	0	0	0	0	0	0	731
GTTTGAGCGGATGCTTTGGTTGACTTGGCC	0	0	0	0	0	0	0	0	856
GTTTGAGCTTGAGTAAGCATTTGGCGCATA	0	32.72614108	0	0	0	0	0	0	0
GTTTGAGGACACGGGCCCCAGGCGGATTCA	0	0	0	0	0	0	0	0	935
GTTTGATAGCCCAATAAGTAGTCTCAGGTG	0	0	0	0	0	0	0	0	908
GTTTGCAGACGGTGGACTACTTAGGTCATT	0	0	0	0	0	0	0	0	977
GTTTGCATTCCTTGTATTCAGGATTCGGTT	0	0	0	0	0	0	0	0	1092
GTTTGCCTTCTGTGACTGCGACTGTATAAG	0	0	0	0	0	0	0	0	1212
GTTTGCGCTCGCACGTGGGATCGAGTCGAC	0	0	0	0	0	0	0	0	787
GTTTGGAGCCACGGCTATTTAGGAGCACGT	0	0	0	0	0	0	0	0	1368
GTTTGGATGAAGCCGAGACTGGGCTTTGCT	0	0	0	0	0	0	0	0	1695
GTTTGGCAGGCGAGGGTGGGAGGAAAACTG	0	0	0	0	31.17391304	0	0	0	0
GTTTGTGCTCTGTGCAGGACCCATACGGCT	0	0	0	0	36.36956522	31.07	0	0	7839
GTTTGTTATTAGGCTGGCTGTTGTGACGAG	0	0	0	20.7826087	0	0	0	0	24063
GTTTTAAAAGCCCGCAACATATCACGTTGC	0	0	0	0	0	0	0	0	61
GTTTTAAGTCTATATGTAGGCATAGTGGCC	0	0	0	0	0	0	0	0	204
GTTTTACGGCCGGACCACGAGTTACCATTA	0	0	0	0	140.2826087	0	0	0	244
GTTTTAGCGGTGGGGGATTTTTCAGATTTG	0	0	0	0	0	0	0	0	1826
GTTTTAGGTCATGTGTCCATCAGGTGTGCG	0	0	0	0	0	0	0	0	33
GTTTTATAGTCTTTCCGATGACACATTTTA	0	0	0	0	23.38043478	0	0	0	0
GTTTTATCCTTAAACTGCTATGATATTAGA	0	0	0	0	0	0	0	0	1891
GTTTTATTAAAGGATTCCGCTTTTACGCCG	0	0	0	0	0	0	0	0	32
GTTTTCGAGTTTCCTTATAACTTTCGTTTT	0	0	0	0	0	0	0	0	376
GTTTTCGGATGTTTTGGTCAATTAGTTTTT	0	0	0	0	0	0	14.55837563	0	0
GTTTTCGGCACCGGTTTTTCAGCTACTGTG	0	0	0	0	0	0	0	0	910
GTTTTGACAGGTGTCTTCTTCCAGCGGAGC	0	0	0	0	0	0	0	0	49
GTTTTGATAGTGACTATAGAAGGGCTTAGC	0	0	0	0	0	0	0	0	240
GTTTTGCCTGGCTCATACGGGCGCTCTTTC	0	0	0	0	0	0	0	0	223
GTTTTGCGTAAGGATCGTTGTAAATCTTTT	0	0	0	0	0	0	0	0	614
GTTTTGCTTCACTGTCGACATCGAGGGGAG	0	0	15	0	0	0	54.59390863	0	6723
GTTTTGGGTGGTCATGTGAGTGTCGGCGGG	0	0	0	0	0	0	0	0	558
GTTTTGTTAGTCATTGCGCTTATCACACGG	0	0	0	0	0	0	0	0	255
GTTTTGTTTTAACTAATCGTTTTGCTTCAG	0	0	0	0	0	0	0	0	1531
GTTTTTAGCTTGGACAGTTACGTTATGGTC	0	0	0	0	0	0	0	0	31
GTTTTTATCCTCTATTTCCTTGGGCTATTT	0	0	0	0	0	0	0	0	504
GTTTTTCATTGTAAAGCGGAGGTGGTTAGG	0	0	0	0	0	0	0	0	191
GTTTTTGATTCGTATTTGATACGCCGATAA	0	0	0	0	0	0	0	0	21
GTTTTTGATTTCGACAATGGTCACGTTTTA	0	0	0	0	0	0	0	0	661
GTTTTTTAATGGCGTGACATTAATTTATAT	0	0	0	0	0	0	0	0	270
GTTTTTTTCCAAGTCAGTCTCGAACCGCTC	0	0	0	0	0	0	0	0	74
TAAAAACTTGCGAATATCGGGCCAGCATGT	0	0	0	0	0	0	0	0	704
TAAAAATCCCAGGGAAGAGGTTTATATGCA	0	0	0	0	0	0	0	0	391
TAAAACCTTTAGAAACGGACACCGCCGTGG	0	0	0	0	0	0	0	0	1071
TAAAACGATTCCAGGGTTGTACAGGTGCTT	0	0	0	0	0	0	0	0	1465
TAAAACGGGGCGCCGAATTAAATTATCGCC	0	0	0	0	67.54347826	33.46	0	0	954
TAAAAGAGTGCGAAGCGTGCGGGAGATGCG	0	0	0	0	0	0	0	0	260
TAAAAGCTAGTCATTCACGCTGTCCCTCCC	0	0	0	0	0	0	0	0	936
TAAACACAACTCGAGGTTGATCCCGTTCCC	0	0	0	0	0	0	0	0	150
TAAACACATGCGATTTGGTAGAGCATCACA	0	0	0	0	0	0	0	0	457
TAAACAGAAGTTCTTATTGGATCGTACCCC	0	0	0	0	0	0	0	0	1754
TAAACAGCTATGAATGAGACCCGGTTTAGC	0	0	0	0	0	0	0	0	1762
TAAACGATAGAGTGTCATAGTTAGCGTGAG	0	0	0	0	0	0	0	0	287
TAAACTCAAGATTCTCTAAGTCTGTGTGTG	0	0	0	0	0	0	0	0	94
TAAACTGATGACTAATTCAGCGATGTCATT	0	0	0	0	0	0	0	0	17
TAAACTTTATGTGTGTGTCATGAGACTATG	0	0	0	0	18.18478261	0	0	0	337
TAAAGAAATACCTGAGGGTCCGTCCGCAAG	0	0	0	0	0	0	0	0	194
TAAAGATCCTAGAACGAGTCCCTCCTCCAT	0	0	0	0	0	0	0	0	383
TAAAGCCTGTCTGGGTCGCTAATCTCTCAG	0	0	0	0	0	0	0	0	999
TAAAGCGATAATGCAGGGACTTCGTGTCTG	0	0	0	0	38.9673913	0	0	0	489
TAAAGGATATCTTTTGTTCAAATTCGGGCC	0	0	0	0	0	0	0	0	1476
TAAAGGGAGCCATGGATGGTGTTACCGAGC	0	0	0	0	0	0	0	0	71
TAAAGGTAACCTCACAAGAGGTTTATGCCA	0	0	0	0	0	0	0	0	369
TAAAGGTTCGTTGGCAGTCAGGGGCCCGCG	0	0	0	0	0	0	0	0	2062
TAAAGGTTTTGTCGCTCAATCGAGGACTAT	0	0	0	0	0	0	0	0	513
TAAAGTGACGAATTAGGCACGTGTCTGTAG	0	0	0	0	0	0	0	0	31
TAAAGTGATAACGTCGGAGCTTTGAGGCGT	0	0	0	0	0	0	0	0	1150
TAAATCGGAATTCGCGCCATGCGCCTGGCA	0	0	0	0	0	0	0	0	234
TAAATCTTCGCAGCCGATGAACGTCGAGTC	0	0	0	0	72.73913043	0	0	0	808
TAAATGCCCTATGATCCCCATTTACTCATA	0	0	0	0	0	0	0	0	1368
TAAATGCCTTCATGAGCAGTTTATTATTGG	0	0	0	0	0	0	0	0	772
TAAATGCGGAGCGATCATGGGCAGAATGGG	0	0	0	0	0	0	0	0	1104
TAAATGGATGCTGGACAACTGCTGGTAGGT	0	0	0	0	70.14130435	19.12	90.98984772	0	5601
TAAATGTGAGGATGGGCACTTGGGTCCGGC	0	0	0	0	0	0	0	0	1291
TAAATTGGCGTTTGCGCCCATAGGGTGGGT	0	0	0	0	0	0	0	0	513
TAAATTTCGTCTAGGAGTCTGGAGTCCTTA	0	0	0	0	0	0	0	0	500
TAACAAATACGATGTAAGCCGGTTCAATTC	0	0	0	0	0	0	0	0	1384
TAACACGGACACGAGTATAGCCTGAAGGTA	0	0	0	0	36.36956522	0	0	0	0
TAACACGTCCAGCGAGTCTGAGCGATCGAG	0	0	0	0	0	0	0	0	3629
TAACACTAGGGTAAGTATTTTGGTATCGTT	0	0	0	0	0	0	0	0	46
TAACAGCATAAAAACCAAACGAGTAGGCTA	0	0	0	0	0	0	0	0	1789
TAACAGCCTAAACTAGGTGAAGTATTCTGT	0	0	0	0	0	0	0	0	1016
TAACATACGCCACTCCGTCTAATTCCCTCA	0	0	0	0	0	0	0	0	130
TAACATATATCTTGCTGTACGTAACTATCC	0	0	0	0	0	0	0	0	149
TAACATCACATTCATGTTCCATAAGTCGGC	0	0	0	0	0	0	0	0	541
TAACCCACAGTGATATTAAGGAGTACGTTC	0	0	0	0	0	0	0	0	970
TAACCCTGGCAATTATACTGGCCCTGATTC	0	0	0	0	0	0	0	0	243
TAACCGTACCGTAGGGCGGAACTTTTGCGC	0	0	0	0	0	0	0	0	1786
TAACCTAGTAAATGTCGCCTACTCAGCATG	0	0	0	0	0	0	0	0	868
TAACCTGAAATTGTTCAACTATAGGCGCTC	0	0	0	0	0	0	0	0	612
TAACGACGAGGATAATGACTAGAGTGTCTT	0	0	0	0	0	0	0	0	334
TAACGGGGCGTAGGCCTCACACTCGGGAGT	0	0	0	0	0	0	0	0	290
TAACGGGTTTTTCTGGAGGGCATCACTCCC	0	0	0	0	0	0	0	0	837
TAACGGTGTTGCGGCACCCAGGTAGAACCA	0	0	0	0	0	0	0	0	169
TAACGTTCGTGTCGGGTCCTTTCCCAAAAT	0	0	0	0	18.18478261	16.73	0	0	0
TAACGTTGAAATCAAATCTTTGTATAGGTT	0	0	0	0	0	0	0	0	63
TAACTAGGTGAGTTTATGTTACGTATTCTA	0	0	0	0	18.18478261	0	0	0	100
TAACTATCCCTTGTTAGTAACTAAGATACT	0	0	0	0	0	0	0	0	140
TAACTCAATTAGGTCACGGATTGTGTCCGA	0	0	0	0	0	0	0	0	270
TAACTCTTGGGCATAAAGTCATGTCAATAC	0	0	0	0	0	0	0	0	401
TAACTGAGTGGGCTGAGAAAAGGGGCACGA	0	0	0	0	0	0	0	0	1028
TAACTGCCAATGGGTGGGTCGAGTAGTCTT	0	0	0	0	0	0	0	0	93
TAACTGTTAGATTGCGCATATTATTGGGAA	0	0	0	0	0	0	0	0	47
TAACTTTCTTCCAATCAAATATCCTCCACG	0	0	0	0	0	0	0	0	1501
TAAGAAGAAGTTGACTAAACGGGGATGTGG	0	0	0	0	0	0	0	0	3502
TAAGACGAATACCTAACTCGCCTACCTGAT	0	0	0	0	0	0	0	0	608
TAAGACTTCGCAAGTGCAGGACAAAATCAA	0	0	0	0	0	0	0	0	985
TAAGAGTTGCTACCTTTGGATCAAAATCAA	0	0	0	0	0	0	0	0	1109
TAAGATGGCGGATGGACGTAGTATAACTTT	0	0	0	0	0	0	0	0	506
TAAGATGTAAGGAGTAGGTGGTGCTGCACC	0	0	0	0	0	0	25.47715736	0	0
TAAGATTATGAACCGGGGCGGACTAGATCA	0	0	0	0	0	0	0	0	952
TAAGCATAATTTCCAATTGTGGGGCTTATT	0	0	0	0	0	0	0	0	577
TAAGCGACATCTCGGCTGGGTGCCCTAGCC	0	0	36	0	0	0	0	0	136
TAAGCGGGTTCGACAGAAGGGCTAAGCGAG	0	0	0	0	0	0	0	0	187
TAAGCTACTTGTGAGCCAATAATTATGCCA	0	0	0	0	0	0	0	0	214
TAAGCTGGTAACTTCTTCAAGGATATTGAG	0	0	0	0	0	0	0	0	33
TAAGCTTATTGATAAAAGCTTGCAGCTGAT	0	0	0	0	0	16.73	0	0	823
TAAGCTTGAAGTTTCTATTACTGGGGTGGC	0	0	15	0	0	0	0	0	422
TAAGGAATCCCGTGGATACAAGGAGTGCAT	0	0	0	0	0	0	0	0	539
TAAGGACATCATAGTCTAGAAAATTTGTTG	0	0	0	0	0	0	0	0	421
TAAGGATCATAATTCGAGGCTTACGGCAGT	0	0	0	0	0	0	14.55837563	0	0
TAAGGGAATGCCTCCGGGACCCGCCTCTGG	0	0	0	0	0	0	0	0	1436
TAAGGGGTCACCTCTTTGGGAGATCCGTGT	0	0	0	0	0	0	0	0	521
TAAGGGTAGCAGGGGACGACTTAGGGGTTG	0	0	0	0	0	0	0	0	30
TAAGGTATGAAGGAAATCGGAGTCGGCCTC	0	0	0	0	0	0	0	0	14
TAAGGTATTTCCAAGGACGTGTTTAAACTA	0	0	0	0	0	0	0	0	44
TAAGGTCAAAATAAATAGAAGCTCACTGTG	0	0	0	0	0	0	0	0	1394
TAAGGTCTGTGGGCGAGAAGCTGGAATTTT	0	0	0	0	0	0	0	0	53
TAAGTAATTGTTCTCACCTGACTGCTGCTT	0	0	15	0	0	0	0	0	0
TAAGTAGGTGTGATTCGCAGAAAATATAGT	0	0	0	0	0	0	0	0	70
TAAGTATCATGAAATCCCCTTCTCGTAATT	0	0	0	0	0	0	0	0	738
TAAGTCATCGTTTACTCGGATTAAAGTGCC	0	0	0	0	0	0	0	0	1217
TAAGTCGCGGCCAAAATAGTAGTAAATGGG	0	0	0	0	0	0	0	0	49
TAAGTCTGAGCTACGCAAGCTTTCCCTAAG	0	0	0	0	0	0	0	0	1113
TAAGTGCCTTTAGTAGAATTCATGATCATT	0	0	0	0	0	0	0	0	353
TAAGTGTTTTTGTTTCCTGTTGTTCAAGGG	0	0	0	0	0	21.51	0	0	0
TAAGTTATTTTCAGTACTTGTGCCACGTGG	0	0	0	0	0	0	0	0	202
TAAGTTTCCACCATCCATTAGGGGGTCTCA	0	0	0	0	0	0	0	0	2737
TAATACTCTTGCGTGAGCGTCAGCATAGCC	0	0	0	0	0	0	0	0	101
TAATAGCAACGGACCTGTTCCGAGTGGTTG	0	0	0	0	0	0	0	0	822
TAATATCGGATCCTTATTGCATTCTTGGTC	0	0	0	0	0	0	0	0	1316
TAATATCGTTAAGGAATGTTATACATGGCT	0	0	0	0	0	0	0	0	299
TAATCAACCTCACCTTGTTATTACGCATGT	0	0	0	0	20.7826087	0	0	0	5448
TAATCACTTCACGTTCCTGAGGTAGACATT	0	0	0	0	0	0	0	0	1483
TAATCAGACTGGAAGCAGAGCCAACTGACC	0	0	0	0	0	0	0	0	296
TAATCATCTAATTAGTTCACTGCGTTAGCC	0	0	0	0	67.54347826	0	0	0	0
TAATCCCGAAGTAGATTCCCAGCGACCGTT	0	0	0	0	0	0	0	0	80
TAATCCGGGTATTGGTTGGAGGGTGTGATA	0	0	0	0	0	0	0	0	647
TAATCGACGGTTTATCGACATGCGGATAAG	0	0	0	0	0	0	0	0	58
TAATCGCTCAAATCCGCATGTCGCGTCTTA	0	0	0	0	0	0	0	0	118
TAATCTGGGGTCTACTATACTCCTTGTGTC	0	0	0	0	0	0	0	0	1627
TAATGAAGCCCACAGGTCACTTGTCAGATG	0	0	0	0	0	0	0	0	1751
TAATGATCGCTACATATTTACGCGCGGACT	0	0	0	0	0	0	0	0	20
TAATGCGTGCGTACGTGTTCAATCACGGGC	0	0	0	0	0	0	0	0	1076
TAATGGACCGTCCATTTAATCCATGGGTTC	0	0	0	0	0	0	0	0	60
TAATGTAACTAATCAAGCAGCTGGTTTATC	0	0	0	0	15.58695652	0	0	0	335
TAATGTATTACCCAAGTTTTGACATGGATA	0	0	0	0	0	0	0	0	842
TAATGTTTCTACATTACTCGTTTAAGCGTC	0	0	0	0	0	0	0	0	146
TAATTATCTTTCACACCAGTACTAAAACGC	0	0	0	0	0	0	29.11675127	0	38
TAATTATGTTCTATCGGTTTACCTTAGACA	0	0	21	0	49.35869565	14.34	0	0	68
TAATTCAGGAAAAGGGGACTGCTACATCGA	0	0	0	0	0	0	0	0	864
TAATTCATGTCACTTTTACAGGCTTGCTCC	0	0	0	0	0	0	0	0	76
TAATTCTCCCAAGAGAAAATCATTTCGGGC	0	0	0	0	0	0	0	0	1256
TAATTCTTACTGTCTGGTTAGATTACACAG	0	0	0	0	0	0	0	0	97
TAATTGTGTAGGTGTGCTTCTGTCGTCTCA	0	0	0	0	0	14.34	0	0	1218
TAATTTAACGATAGTTCACTAGCGCCTTTC	0	0	0	0	0	0	0	0	2479
TAATTTACACTCACGAGTGTAGCGTGTTAA	0	0	0	0	0	14.34	0	0	0
TAATTTGTTATTAGGAACCTTGATGCTTCT	0	0	0	0	0	0	0	0	25
TAATTTTCCAAAATTTTAAACTCAAACCGT	0	0	0	0	0	0	0	0	17
TAATTTTTTCCAGTTAAGCTTCCTCAGGGC	0	0	15	0	83.13043478	40.63	0	0	12285
TAATTTTTTTCCAGTTAAGCTTCCTCAGGG	0	0	0	0	0	0	0	0	285
TACAAGAGCAGGTGGCTCATCTTAATGCCA	0	0	0	0	0	0	0	0	845
TACAAGGCTAACGAATGTACGACGTCCCCC	0	0	0	0	15.58695652	0	0	0	70
TACAAGGGTGGTTGGTCTATGGGCTTCAGA	0	0	0	0	0	0	0	0	24
TACAAGGTATCGATCGCTCCTCATAGCGGC	0	0	0	0	0	0	0	0	34
TACACACACGCGAACATATGTGTACACCGG	0	0	0	0	0	0	0	0	1732
TACACAGACTTAAGTAAAACCGGCGGCATT	0	0	0	0	0	0	29.11675127	0	0
TACACCAAGGTAGTGTGTCCAACCGGCTAT	0	0	0	0	0	0	0	0	30
TACACCAGCGACAATATGAGAAGCAAAAGG	0	0	0	0	0	0	0	0	1757
TACACCAGTAGTGTCGTTCAACTAATTAGC	0	0	0	0	0	0	0	0	748
TACACGTACACTCTAAGAGGTCACCGGATG	0	0	0	0	0	0	0	0	1627
TACACTTTTGCAGATGATGTTACGGTTCAA	0	0	0	0	0	0	0	0	186
TACAGACGTCGTATCAGTCAGCAACGACAA	0	0	0	0	0	0	0	0	2732
TACAGATCCTGAGTTCCGGGTAATTTCGTC	0	0	0	0	0	0	0	0	1214
TACAGATTCCGCCTTTGTGATCGAGCATTC	0	0	0	0	0	0	0	0	1636
TACAGCAGATAAGGGAATCGAGACACCACT	0	0	0	0	0	0	0	0	40
TACAGCATATGCCCAGTCGCTGGGAGGACT	0	0	0	0	0	0	0	0	2255
TACAGGGGGTGGGCACTCACACGCATGGGG	0	0	0	0	0	0	0	0	36
TACAGGGGGTTTGTGGACGTTGGGAAAGTG	0	0	0	0	25.97826087	0	0	0	39024
TACAGTGGATCATAGTACTTACCTAATTTC	0	0	0	0	0	0	0	0	540
TACATAATTTCATTTCCCCCGCCTCGTAAC	0	0	0	0	25.97826087	0	0	0	342
TACATACTTCGTTGGCATGGATAGTGTATG	0	0	0	0	0	0	0	0	16
TACATACTTGTGGATCCGCCGGCAACGCTC	0	0	0	0	0	0	0	0	282
TACATAGCGGTTACGCATAGGGGTCTCGAT	0	0	0	0	0	0	0	0	726
TACATCCCGCCCAAACGGGGGGCCCAAAGC	0	0	0	0	20.7826087	0	0	0	1315
TACATCTGTCATCTAGGATGAAGTTCTCCA	0	0	0	0	0	0	0	0	19
TACCAAAGCTTGCTTAGAGGTTCGTTCGGT	0	0	0	0	0	0	0	0	714
TACCACGCCGCTCGTCGGCCCTTATGTCTG	0	0	0	0	179.25	0	0	0	856
TACCACGGCTATGAACCGACGCCAAACAGG	0	0	0	0	0	0	0	0	191
TACCATAACACAATATACCGTCTATACATA	0	0	0	0	20.7826087	0	0	0	19
TACCATGATACAACTGGATAGAAATGGAAT	0	0	0	0	0	0	0	0	1415
TACCCAGAGGTCCTATTCCATTCCGATTTT	0	0	0	0	0	0	0	0	340
TACCCGAGTGAACACGGTTCGATCGGCTCA	0	0	0	0	0	0	0	0	1480
TACCCGCAGGTGTCCAGATTTCTTCTTTTC	0	0	0	0	0	0	0	0	138
TACCCGTGTTCAGCCAAATCTTCGTGGGCC	0	0	0	0	0	0	0	0	1575
TACCCTGTGACGCGCCGCGCTTTATACAGT	0	0	0	0	0	0	0	0	188
TACCCTTGTTTAAAAACGGCGGTGTTTGAC	0	0	0	0	0	0	0	0	1578
TACCCTTTCCATGAAAAAGGAACTTCACCA	0	0	0	0	0	0	0	0	1334
TACCGAGTCTTCGGCATCGATTGTTACGTA	0	0	0	0	15.58695652	0	0	0	811
TACCGATGACAGAATCTTCGGTATCGGTGC	0	0	0	0	15.58695652	0	0	0	1440
TACCGATGCTAGTGTTACACAATGAAGCGG	0	0	0	0	0	0	0	0	1535
TACCGATGGAGCAAAACGGGGCGTCTGGTT	0	0	0	0	0	0	0	0	226
TACCGATTCTGAACCTAAATCCAAGCCTCC	0	0	0	0	0	0	0	0	856
TACCGATTTCAATCCTATGTAGGGTCCCCT	0	0	0	0	0	0	0	0	1058
TACCGCAGTCCAGCTCTCATTAATAGCTAG	0	0	0	0	0	0	0	0	333
TACCGCCTTTGGACGACCAAGACGATCGAG	0	0	0	0	0	0	0	0	236
TACCGCGATTGACGTGTACCTATGCTGTTA	0	0	0	0	0	0	0	0	920
TACCGCGCGAAAGTTTTATAGGATCTCGCA	0	0	0	0	0	0	0	0	79
TACCGCGCTCCACGGCGAGGGGGCCCCGTG	0	0	0	0	0	26.29	0	0	0
TACCGCTACTTCATGCTAACGGAGCTAATA	0	0	0	0	18.18478261	0	0	0	1797
TACCGGCTGTAGGGTCGGATTAGGTACGGT	0	0	0	0	0	0	0	0	2013
TACCGGGAGCGGACCGGGACAGATGCAGGC	0	0	0	0	0	0	0	0	248
TACCGGGGGTGGTGTACAGGATGGGCTCTG	0	0	0	0	0	0	0	0	1424
TACCTACCAACCAGGCATGTATTTGTCAGG	0	0	0	0	0	0	0	0	418
TACCTACGGTACAAGATAAATATTAGCCTG	0	0	0	0	0	0	0	0	28
TACCTAGCAAGGCGAGGCCTCACCAATAGT	0	0	0	0	0	0	0	0	902
TACCTATACTAGGCAGCAAGACTGAGGGCA	0	0	0	0	0	0	0	0	16
TACCTGAAAGAATTATTTTACCACAAGGGA	0	0	0	0	0	0	0	0	1066
TACCTGATTACTCGCTAAGTGGATCCTTAT	0	0	0	0	0	0	0	0	1437
TACCTGGAGTGCGGCGTGGGTCCAAGGGGT	0	0	0	0	0	0	0	0	105
TACCTTTTCGGTAAATTTGACATACTTCCA	0	0	0	0	41.56521739	0	0	0	1401
TACGACAGGCGTGCTGGATGCCGCGCGGTC	0	0	0	0	0	0	0	0	1165
TACGACGCATTTGAATAGAGAATTACCGGT	0	0	0	0	0	0	0	0	620
TACGACTTTGTAGGGTACACCCTCTAAGCT	0	0	0	0	0	0	0	0	1613
TACGCAATCAGAGGTGTAGCAAGGTCTGTG	0	0	0	0	0	0	14.55837563	0	0
TACGCGCGAGATAAGCGCCTCAGAAGACAG	0	0	0	0	0	0	0	0	391
TACGCGTTATTGCTAATCGCTTATCGTAAG	0	0	0	0	0	0	0	0	148
TACGCTACGGTGTCATCTACCAAGTGCCGT	0	0	0	0	0	0	0	0	1049
TACGGACACTCCGTGGGACTGTATGATTGA	0	0	0	0	0	0	0	0	1952
TACGGCAATGTACGACCTAAGATATACGCT	0	0	0	0	0	0	0	0	177
TACGGCCGCCGTGTGGGGGACGTAGTTGAT	0	0	0	0	0	0	0	0	38
TACGGCGCACGATTTGAGTGTTAACATTAT	0	0	0	0	0	0	0	0	697
TACGGGATCTATGCACTTTCGTTTACAGGG	0	0	0	0	0	0	0	0	2362
TACGGGTGCTGGGCGGCACGGAGGGAGGTC	0	0	0	0	0	0	14.55837563	0	0
TACGGGTGCTTATGTTTTCCTTATGTGGGG	0	0	0	0	0	0	0	0	977
TACGGTCTAGCTGACCAGCACTATTAAACT	0	0	0	0	0	0	0	0	158
TACGGTGCATGTGGAGGGAGAGATCATGGG	0	0	0	0	0	0	0	0	1355
TACGTGGTGGTGCCATTGCCTGTTCTGCGA	0	0	0	0	0	0	0	0	2737
TACGTGTGTCATACCATCTGGTAAATACAT	0	0	0	0	0	0	0	0	976
TACGTTCTCTGCTTTGGTTGTGGCACTATG	0	0	0	0	0	0	0	0	21
TACGTTGCATCTTTAGGTTTGAACGCTCAT	0	0	0	0	44.16304348	0	0	0	1703
TACGTTGGAATTACCTTACCCAGTTACATC	0	0	0	0	0	0	0	0	905
TACGTTTTGTTTTAACGGGCAGGTGGGTTC	0	0	0	0	0	0	0	0	897
TACTAATGTACGTTATTGTGCGTTGTTTGT	0	0	0	0	0	0	0	0	19
TACTACGTTGTCTATATCGCTTCCTATAAG	0	0	0	0	0	0	0	0	21
TACTAGCATTCCATGGTTTAAATTTTGGTA	0	0	0	0	0	0	0	0	1226
TACTAGGAGGCCCCTGGTTGGATGCTTTCA	0	0	0	0	0	0	0	0	1462
TACTAGGGGGCTTTCTGCTCGTATGGCCTA	0	0	0	0	0	0	0	0	611
TACTATTAAGTCGTGCGGCTCGATCAATCA	0	0	0	0	0	0	0	0	4639
TACTCCAGTCGTAATCCGTATCAGTCTCTC	0	0	0	0	0	0	0	0	60
TACTCCAGTCTGACGGGGCCGGTAAGGATG	0	0	0	0	0	0	0	0	351
TACTCCGCAGTTCTGGTTTTTCTGTTGATA	0	0	0	0	0	0	0	0	2367
TACTCGGCCAACGCTTTCGTTGAAGTAAAT	0	0	0	0	0	0	0	0	2091
TACTCGTACATACATTTTATATAATTGCGC	0	0	0	0	0	0	0	0	936
TACTCTCCCTAGGTTTTGGAGATGGGATTT	0	0	0	0	0	0	0	0	21
TACTCTTTCTGGGAAGCACTTGTTGTTGTA	0	0	0	0	0	0	0	0	190
TACTCTTTTCCGTGTGTAAGCGTGTTTCAG	0	0	0	0	23.38043478	0	0	0	8589
TACTGCGAGAATTTCCTTGCTAGCGTGTCG	0	0	0	0	0	0	0	0	118
TACTGCTTGGCATTTGGAGTCTAGTCACTC	0	0	0	0	0	0	0	0	2527
TACTGGATTATTGATGATTCATCTAGTTTG	0	0	0	0	0	0	0	0	4070
TACTGTAATTTATTCAGAGTTAGTATATGG	0	0	0	0	0	0	0	0	1346
TACTGTGGTAAATGTGCAGGCGCGATCCAC	0	0	0	0	0	0	0	0	26
TACTGTGGTACGGGACCTCGCAGCTTGTAA	0	0	0	0	0	0	0	0	1643
TACTTAAATTTTCTGGCTTGTGATCATCCA	0	0	0	0	0	0	0	0	75
TACTTCCCTGGGGTGCCGAAGAAGAGGGGT	0	0	0	0	0	0	0	0	189
TACTTCGGAAACGGCACTAGGTCATGTCCA	0	0	0	0	0	0	0	0	107
TACTTCGTGGCCAGGATAATCTGCGTATGT	0	0	0	0	0	0	0	0	36
TACTTGATCCAGTGACTTAAACTGCTCTTT	0	0	0	0	0	0	0	0	711
TACTTGCAATGGCTCATTCATCTAGATACT	0	0	0	0	0	0	0	0	1020
TACTTGTGTACACAGATTCAAATGCGCCCA	0	0	0	0	0	0	0	0	1790
TACTTTCCCGCCTGTGTCTTAGCCCCTGCT	0	0	0	0	0	0	0	0	469
TACTTTGCGATTAGTGCGGGGCGCCTGGCC	0	0	0	0	0	0	0	0	1823
TACTTTTGCCCGACGGAGTATATCCGCTGA	0	0	0	0	0	0	0	0	1239
TACTTTTTTGCTGAAATCATGGCCAAACAA	0	0	0	0	0	0	0	0	977
TAGAAAGGGTATTCTGTTGTTCGCGTTAGT	0	0	0	0	0	0	0	0	2293
TAGAAATGCTCCTGGCATACAGTTAGACTA	0	0	0	0	15.58695652	0	0	0	774
TAGAAATTTAGCAAATCTTGCGGAATGCAT	0	0	0	0	0	0	0	0	1442
TAGAAGACGTCAGGTGGCTGGATAAAGCGC	0	0	0	0	0	0	0	0	845
TAGAAGGACCGGGGCGAGTGATTGAGTGGG	0	0	0	0	0	0	0	0	41926
TAGAAGGGGAACGGTGTGCTGCTATAGGCG	0	0	0	0	0	0	0	0	743
TAGAAGGGTCGTTGCAAAGTCATGTGGAAG	0	0	0	0	0	0	0	0	3354
TAGAAGGGTGGGCTGGGGATTCTGCTGGTG	0	0	0	0	0	0	0	0	1282
TAGAATACAACGGGAAGTTTCAAATCTTCG	0	0	0	0	0	0	0	0	795
TAGAATTTGTCCACCGTTCTATACTGCAAA	0	0	0	0	15.58695652	0	0	0	999
TAGACAGTAATTGTGTTGCATAACATGTGC	0	0	0	0	0	0	0	0	1467
TAGACCGGTTGGGTGGCTTGTCCCTGAGTC	0	0	0	0	0	0	0	0	642
TAGACCTCACGTGTGAAGGCAGGGCTACTC	0	0	0	0	64.94565217	71.7	0	0	0
TAGACGACTGGAACTGGTCTTGGCTCTGCG	0	0	0	0	0	0	0	0	376
TAGACGCCATAGAATTAACCCGATAAGGTA	0	0	0	0	0	0	0	0	177
TAGACGTGTCTTCAAAACGAACGGTGGCCG	0	0	0	0	0	0	0	0	342
TAGACTTCCATTCCGGTGCTCTCCTAACAC	0	0	24	0	0	0	0	0	46
TAGACTTCTTTATCGCCACTGCACCCTAAA	0	0	0	0	0	0	0	0	777
TAGACTTGGTTATGATTTTCACAGTTTTGC	0	0	0	0	0	0	0	0	1212
TAGAGATGCAACGCTTGTGTACATAGGGAG	0	0	0	0	0	0	0	0	1182
TAGAGCATCGTGGATTCACCTTATATATTT	0	0	0	0	31.17391304	0	0	0	50
TAGAGCGCTTTCATAACCTTAACTGGCGTC	0	0	0	0	54.55434783	0	0	0	232
TAGAGCTTCAGTAGGTGAATGCAAGTGCCA	0	0	0	0	0	0	0	0	643
TAGAGGAGCGTCCCTGATGTTAGTTCAGGA	0	0	0	0	0	0	0	0	863
TAGAGGCGGAGGGCGCGTCTTAATGTACTT	0	0	0	0	0	35.85	0	0	0
TAGAGGGGGCGGGTATGGGCATTTCCGCTG	0	17.85062241	108	36.36956522	41.56521739	0	0	0	596
TAGAGTAACCCTGTAAGGGTACTGCGGGAT	0	0	0	0	0	0	0	0	204
TAGAGTATGTGACTGTTAGGGCAGATCTGT	0	0	0	0	0	0	0	0	3028
TAGAGTCGTTTCCGTCTTAGGTTTGGTGTT	0	0	0	0	0	0	0	0	53
TAGATACCACAGTTGGTTCCGTAGGGCACA	0	0	0	0	0	0	0	0	1420
TAGATATATAATCGAATTGCCGGCGTCAGG	0	0	0	0	23.38043478	0	0	0	5928
TAGATCCGTGTTGCGCTGGGAAGAGTGGGG	0	0	0	0	0	0	0	0	511
TAGATGCGCTGACGTCCTGCGATTGTTCGC	0	0	0	0	0	0	0	0	709
TAGATGTACTCTGGCTTTAAATAGTTATAG	0	0	18	15.58695652	28.57608696	0	0	0	126
TAGATTCTCGAGCAGTGGTTGGCTGCTGAC	0	0	0	0	0	14.34	0	0	0
TAGATTTTACATCGCGTTGAATTGACGAAT	0	0	0	0	0	0	0	0	1153
TAGCAATTACAAGTATTATGAGATACTGGC	0	0	0	15.58695652	223.4130435	43.02	0	0	56061
TAGCAATTATAAGACTTACGAAATGGCTAG	0	0	0	0	0	0	0	0	158
TAGCACTTTGCGCCGCCCTTGAGCGTGCAG	0	0	0	0	0	0	0	0	2223
TAGCAGGACGCATTTTTTAAAATACACCCA	0	0	0	0	0	0	0	0	23
TAGCAGGGTTCGTAAACTTCTTTGTATGCC	0	0	0	0	561.1304348	0	0	0	1144
TAGCAGGTGCCAGCTCAAACTTTCATATGG	0	0	0	0	0	0	0	0	1862
TAGCAGTATTCCTTTTCAGTGTTCTGCTGT	0	0	0	0	0	0	14.55837563	0	0
TAGCATACCGTGTGATTCATGATCTGACGC	0	0	0	0	0	0	0	0	1541
TAGCATCATGCGATACAGATATGGGCGCAA	0	0	0	0	0	0	0	0	13352
TAGCATTGGTGTTGAACAAACGTCCCTACC	0	0	0	0	0	0	0	0	394
TAGCCATCTGAGCACCATAAGGTATGAATG	0	0	0	0	0	0	0	0	584
TAGCCCAAGTAGATGTTGGTCGGGTGCTTG	0	0	15	0	0	0	0	0	35
TAGCCCGTTACACAGGGCGTACTAGAAGGA	0	0	0	0	0	0	0	0	1820
TAGCCGCTGAAGTTCGATTTCACGTAAGCG	0	0	0	0	0	0	0	0	740
TAGCCGGCCATAGTGCGTGTTTGGGTCGAC	0	0	0	0	54.55434783	0	0	0	183
TAGCCTGTAAGGAGGTACCTTGGTGAGACG	0	0	0	0	0	0	0	0	27
TAGCCTGTCGAGCCTTGTAAGCGCAGTCAG	0	0	0	0	18.18478261	0	0	0	29
TAGCGACTGAGTGATCGGCGGGCGATTGTC	0	0	0	0	0	0	0	0	40
TAGCGCACATGGACGCCCGTTGCTGCTAGA	0	0	0	0	0	0	0	0	308
TAGCGCGGAATTGGGATGTGGGAAGTCTGA	0	0	0	0	0	0	0	0	530
TAGCGCGGCGACCCCGCAAACCGGGCGGCG	0	0	0	0	0	0	0	0	557
TAGCGCTGATATAACCATATAACCTTGGAC	0	0	0	0	62.34782609	0	0	0	119
TAGCGGACCTCGGCGCTATAGGAGCACTAG	0	0	0	0	0	0	0	0	15
TAGCGGGATGACCATGATAGCAGGAATCTT	0	0	0	0	0	0	0	0	334
TAGCGTACTCGCCCATGGTGGTACAAAACT	0	0	0	0	0	0	0	0	1005
TAGCGTCTGTTGGGGTTCTCTCAATTATGC	0	0	0	0	0	0	0	0	1368
TAGCGTTCTCGAATCAACAGTTTATACCCT	0	0	0	0	0	0	0	0	420
TAGCGTTGCGGAATGTGTGCGGCTTTAGGC	0	0	0	0	0	0	0	0	132
TAGCTAGGTATATGTTCATTAGGGCATATC	0	0	0	0	0	0	0	0	168
TAGCTCGTCCCCCGTCGTTAAGTAAAGGCC	0	0	0	0	18.18478261	0	0	0	1287
TAGCTCTCGTAATATTGAACGCGGCTATGC	0	0	0	0	0	0	0	0	269
TAGCTGCTTACAGGGTAAGGCGATAAACTA	0	0	0	0	0	0	0	0	4044
TAGCTGGTTCCAAATACGTCTCCATGATCA	0	0	0	0	0	0	0	0	109
TAGCTGTATGGTAATAGTCGCATCGAATTG	0	0	0	0	0	0	0	0	2016
TAGCTGTTTGAACAAACTGCCACCCCGTCT	0	0	0	0	28.57608696	0	0	0	538
TAGCTTCATACAGCTCTCGCTCGGTCGGGC	0	0	0	0	0	0	0	0	494
TAGCTTGTACTTTAACATTCTACCCCGCTG	0	0	0	0	23.38043478	0	0	0	864
TAGGAAAATCAGGATAGGTTCTCAACCCAC	0	0	0	0	0	0	0	0	1467
TAGGAAATTGTTCCTATCCTGGGGCTGCCA	0	0	0	0	0	0	0	0	17
TAGGAATGTCCGTAGAACAATCACTGCGGG	0	0	0	0	0	0	0	0	318
TAGGACTACTGCTGCTTGTTGATGACTTTT	0	0	0	0	0	0	0	0	79
TAGGAGAAGAGGCACCTGGCGGTGCTTCAG	0	0	0	0	0	0	0	0	445
TAGGAGCAGGAGACGTTTTTGGGGGGCCAG	0	0	0	0	0	0	0	0	1212
TAGGATCACAATGGTATAGCGCGTTGTCTT	0	0	0	0	0	0	0	0	2286
TAGGCAAGTGTAATTGCTCGGCATTGTGAA	0	0	0	0	0	0	0	0	24
TAGGCACACGTCACTTCCCAAGCCTCGGGG	0	0	0	0	0	0	0	0	151
TAGGCATTCTCAGGACGACTCATTCGTCTA	0	0	0	0	0	0	0	0	1717
TAGGCCTGTTTATGGCGCGTTAATATAGGC	0	0	0	0	0	0	0	0	138
TAGGCGACCGCGGGTCGCACGTTAAGCGGG	0	0	0	0	0	0	0	0	1224
TAGGCGCGGTCAGTGCAGGTGAGCAAGGGA	0	0	0	0	0	0	0	0	1161
TAGGCGGTTAAATATGAATGTGGAAATCGC	0	0	0	0	0	0	0	0	44
TAGGCGTCTTCATAAACACCCGTAGTAGTT	0	0	0	18.18478261	15.58695652	0	0	0	1826
TAGGCGTTTTTTGGAGATCTGATTGGTGAG	0	0	0	0	0	0	0	0	2913
TAGGCTATCTCAGGCCATCCTTAACTTGTT	0	0	0	0	0	0	0	0	36
TAGGCTCGTGATCTGGGGGTGTGCTTAAAC	0	0	0	0	0	0	0	0	25
TAGGGAATTCCGTTCGACCATTTGTATGGA	0	0	0	0	0	16.73	0	0	1427
TAGGGATAGCAGTCGTAGAGTTAGTGTGTC	0	0	0	0	0	0	0	0	1990
TAGGGCAAGACAAACCCTAAATCAGCTAAG	0	0	0	0	0	0	0	0	188
TAGGGCAATATAGTTACGCGTGTGTTGGAC	0	0	0	0	0	0	0	0	214
TAGGGCACATTGACGGCGCTGGCGTGTATC	0	0	0	0	20.7826087	0	0	0	1771
TAGGGCAGACACGTGGTAATCATCTTTATT	0	0	0	0	192.2391304	0	0	0	1997
TAGGGCATGCTCTCTATAAATATTTCTAAG	0	0	0	0	0	0	0	0	620
TAGGGCGAAGCCCTATAATAACATGATGAT	0	0	0	0	0	0	0	0	1271
TAGGGCGATACCAGGCTCTTCAGGATTTAT	0	0	0	0	0	0	0	0	18
TAGGGGAGTACCTGATGTCGCAACGAGCTC	0	0	0	0	0	0	0	0	23
TAGGGGCAGGTTTTTGTTTATAGCTCGACA	0	0	0	0	0	0	0	0	47
TAGGGGCCGGGGCTCCGGACTGCCGTGCTG	0	0	0	0	452.0217391	0	0	0	564
TAGGGGCGAAATTACAATACCCGAGGGTCG	0	0	0	0	83.13043478	0	0	0	397
TAGGGGTTCAGGGCAATCTATCAAACCGCG	0	0	0	0	70.14130435	0	72.79187817	0	0
TAGGGTGTTGTCCGGTGGTCGGACATTTCG	0	0	0	0	0	0	0	0	3464
TAGGGTTATCTTGAAGTATCAGCAAGAGGC	0	0	0	0	0	0	0	0	2355
TAGGTCACGCGATCGTTTCAAAGTTTTTCC	0	0	0	0	0	0	0	0	52
TAGGTGATTTACCATCGGGGGGCGCTGAGT	0	0	0	0	0	0	0	0	1077
TAGGTGCATAAGCCAGAATCATAATTGATA	0	0	0	0	0	0	0	0	1336
TAGGTGCTTTAGCCGCGAAGTCGTTGCGTT	0	0	0	0	0	0	0	0	888
TAGGTGTATCGGGGAGGCGCCAGCGTCAGG	0	0	0	0	0	0	0	0	1001
TAGGTTCAGATATTTTGATAATTCGTGTCG	0	0	24	0	83.13043478	19.12	0	0	85
TAGGTTCGGTCCATGGTAGTAATGCGCAGG	0	0	0	0	0	0	0	0	14
TAGTACAAACAGGCCCTTGCATGTGGCCGG	0	0	0	0	15.58695652	0	0	0	42
TAGTACCCCATTTTCGAGTGACCCGAAATC	0	0	0	0	0	0	0	0	173
TAGTAGATCGCCCAGCCGTTAGTCGTAGGG	0	0	0	0	0	0	0	0	255
TAGTAGCGTAGGCACCTTTGACCCATTTGA	0	0	0	0	0	0	0	0	1250
TAGTAGGCTTACCGCGGAGGTTCTGCCTGC	0	0	0	0	0	0	0	0	138
TAGTAGGTGTAGGTTTGGGTCACCTTTGGG	0	0	0	0	33.77173913	0	0	0	74
TAGTCAAACGTAGGTTTTCAATATTAACGT	0	0	0	0	0	0	0	0	1082
TAGTCAACCAAGCCGTTGTTTTGAGCGCTT	0	0	0	0	0	0	0	0	539
TAGTCCATGCAACCATGGCTTACTTCGTCC	0	0	0	0	0	0	0	0	95
TAGTCCGCGGACGAATCACGTGATGCAGGT	0	0	0	0	0	0	0	0	373
TAGTCGGGAGTCCCATGGGGAGCTGCCTCT	0	0	0	0	0	0	0	0	942
TAGTCGGTATATACAGGTGCCCTTCATTAG	0	0	30	0	67.54347826	0	0	0	71920
TAGTGCAGGCGAAGGGAGTCCCATTTGTTT	0	0	0	0	0	0	0	0	571
TAGTGCAGTGCATTAGTCACATCGAAATGC	0	0	0	0	0	0	0	0	965
TAGTGGCCTCCGGTAAGGCGTTTAATCTAT	0	0	0	0	0	0	0	0	1114
TAGTGGTCATCCGGGTTATTCACTGTCGGG	0	0	0	0	0	0	0	0	54
TAGTGTATTCCTACGGTCATCCTGTTTATT	0	0	0	0	0	0	0	0	1158
TAGTGTGGAGTTTTGGTTTGGTCGACAGGG	0	0	0	0	0	0	0	0	697
TAGTTAAACGCCTGCGTGTTGCCCGTTGTT	0	0	0	0	0	0	0	0	1145
TAGTTCAATTGCAGAATTTGGAATCCAGGC	0	0	0	0	0	0	0	0	52
TAGTTCATGTTAGGCCTGCTCACGAGCGGG	0	0	0	0	0	0	0	0	3260
TAGTTCGACAGGGTGCGCTGTCATTGGGTG	0	0	51	0	101.3152174	45.41	0	0	100
TAGTTCGTCCTCGGGACCTAGTCTGATCAG	0	0	0	0	0	0	0	0	3330
TAGTTCTGGGCTGTCCTGGGGCTTAGGTCT	0	0	0	0	0	0	0	0	425
TAGTTGGGGGATGCCCATCGTGAGGCTCCG	0	0	0	0	0	0	0	0	6209
TAGTTGGTTCCTTTATAATTGCCCAGTTCA	0	0	0	0	0	0	0	0	1254
TAGTTTCACTGGCTTCGTGCTCAGCATCGT	0	0	0	0	0	0	0	0	1367
TAGTTTCGATGTGACGTAGTAGGTTGATCC	0	0	0	0	0	0	0	0	2054
TAGTTTGAGGCTACCACATAGGGGAAATTC	0	0	0	0	0	0	0	0	43
TAGTTTGGTTCTTGTTATTACGTCGCGACT	0	0	0	0	0	0	0	0	82
TAGTTTGTAGTGTATTATTAGTCAAAGACC	0	0	0	0	0	0	0	0	25
TAGTTTTCGTCCGCGTTAACCGCTGTGGAT	0	0	0	0	0	0	0	0	73551
TATAAAGTGTCTGTATTGATTTTGACGTTT	0	0	0	0	0	0	0	0	630
TATAAATGTTCTTGGCGCCAAATCTTCTTT	0	0	0	0	0	0	0	0	1067
TATAACGATTACTTAATAAGATAAACAATT	0	0	0	0	0	0	0	0	41
TATAACTAGTCTTTGTTTGGATAACTGGGA	0	0	0	0	23.38043478	0	0	0	1169
TATAAGCATATAGGTTCTAGTGTGCCATTC	20.96491228	14.87551867	0	0	0	0	0	0	254
TATAAGCTTTGCGAGCCGATTCTTTGAACC	0	0	0	0	0	0	0	0	1288
TATAAGTGGGGCGATGCGAGGGGTGCGGTC	0	0	15	0	15.58695652	0	14.55837563	0	146
TATAATGGGGTGCATACTATTGTACAACGG	0	0	0	0	28.57608696	0	0	0	808
TATAATTTATGTGAGGTACAGGGCGCGGAC	0	0	0	0	0	0	0	0	314
TATACACTGTAACTTGCAACCAGGATTACG	0	0	0	0	0	0	0	0	749
TATACCAATCGATTTACCGTAGCGGTCTCG	0	0	0	0	0	0	0	0	1043
TATACCAGTAGGTAAAGGTTCCTCACCCTT	0	0	0	0	283.1630435	0	0	0	178
TATACCTGGGGGTCACTGGCACATAACGCG	0	0	0	0	0	0	0	0	530
TATACGACTACGAGGAAGATCTCGGAACAT	0	0	0	0	0	0	0	0	1063
TATACGCTCTGTGAACGTCGCTAAACCCGA	0	0	0	0	550.7391304	38.24	0	0	11083
TATACGTTTTGCGATTATGGGACATGATGG	0	0	0	0	0	0	0	0	1433
TATACTCAGGCAGCTTCAGCAGCCCACGGG	0	0	33	0	88.32608696	19.12	43.6751269	0	42
TATAGAACTGGGCGATAGTCAATTTTTCCT	0	0	0	0	0	0	0	0	402
TATAGCACTATATGCATTCTGTCATTCCTC	0	0	0	0	0	0	0	0	762
TATAGCGAAGGCACGGGTCCCGGTAACGTT	0	0	138	25.97826087	96.11956522	45.41	14.55837563	0	24655
TATAGGCCTCCTGTGTTTAGGCCTTTGTAA	0	0	0	0	0	0	0	0	916
TATAGGTGTAGAGATAGCTGCCGGGCCGGA	0	0	0	0	0	14.34	0	0	22
TATAGGTTTCCTCTGATCTTCAACATGGTA	0	0	0	0	0	0	0	0	962
TATAGTTGTCAGCTTAATATCAATGTGGGC	0	0	0	0	0	0	0	0	1321
TATAGTTTACGACCATAGGGGGACATGTGA	0	0	0	0	0	0	0	0	742
TATATACTAGTATCACCGGCTTCGTGATAT	0	0	0	0	0	0	0	0	638
TATATCATCGTGATACAATGCAAATGTTTC	0	0	0	0	0	0	0	0	693
TATATCTTCCGTAACAGCATTTTAGCTATA	0	0	0	0	0	0	0	0	3503
TATATGATCCTAATACGCAACCTATATGAT	0	0	0	0	0	0	0	0	160
TATATTGACTTCCACAGGGGTTAAGTTTGC	0	0	0	0	0	0	0	0	30
TATATTGTGGATCGATTAATTGCTGGCTAC	0	0	0	0	0	0	0	0	29
TATCAAACTTCTAATGACCATAGGGTTAGT	0	0	0	0	0	0	0	0	2315
TATCAAGGTATTCTTGTGTGCGACCGTAAA	0	0	0	0	0	0	0	0	482
TATCAATACCCTCCTTTTTGCGGGTAACGA	0	0	0	0	0	0	0	0	869
TATCAATACGTATTCGGTCTGTTTTGTTCC	0	0	0	0	0	0	0	0	343
TATCACCCGATTGAGGATCGCAGGTAAATC	0	0	0	0	0	0	0	0	1118
TATCACGACCGCCGACGGCGCAGAATACAC	0	0	0	0	0	0	0	0	17
TATCATCACCTTAATCTACAGAGACTGATA	0	0	0	0	0	0	14.55837563	0	23
TATCATGGATCGAAAGGTGGAATGTAGGTC	0	0	0	0	0	0	0	0	231
TATCATGGTGGTGAGAGCGAGTAAATGCGT	0	0	0	0	0	0	0	0	74
TATCCATCGTTAGGCTTGTTGTTAAGAGGC	0	0	0	0	0	0	0	0	14
TATCCCATGCTGATCCAGGCTTATTCGTTT	0	0	0	0	0	0	0	0	17
TATCCCGTCGGGATAGAACATCAACGAGAT	0	0	0	0	0	0	0	0	585
TATCCGGTGGGCTGGTTTCGTGCCCAAGGG	0	0	0	0	0	0	0	0	1051
TATCCGTGGATTTGGTTTAGTGACACCATA	0	0	0	0	0	0	0	0	22
TATCGAATCGGCTGCGGACATTGGTCCTTT	0	0	0	0	0	0	0	0	85
TATCGCGTTGTTAAGAAGTCTTATGGAGAT	0	0	0	0	0	0	0	0	1887
TATCGGCAAATGAAACATTATCAGTTGATA	0	0	0	0	0	0	0	0	10467
TATCGGCTATTGAACGTACAGTTCGCTTGC	0	0	0	0	0	0	0	0	3201
TATCGGGCGAAGGTGTGAAACTTGGTACGT	0	0	0	0	0	0	0	0	308
TATCGGTGTGATTTGCCCAATGGGGGGACG	0	0	0	0	0	0	0	0	1446
TATCGTATACACGTATAGACGAGTACTAGC	0	0	0	0	0	0	0	0	22
TATCGTATGAAGGTCCTTTGAGCTAGGAAC	0	0	0	0	0	0	0	0	1304
TATCTAGGGAAGTTTCTATTATTGTTTTGT	0	0	0	0	0	0	0	0	1096
TATCTATACTGTCATATTTGTTCTATGAGC	0	0	0	0	0	0	0	0	14
TATCTCAGTGCTTTCGCTACAGCGGCTTTA	0	0	0	0	0	0	0	0	855
TATCTCCTCCTTTAATTTAGTCATCTTACC	0	0	0	0	0	0	0	0	484
TATCTCGAGTAGAGATAATGTGAGAGCCGG	0	0	0	0	0	0	18.19796954	0	0
TATCTCGCTTTTCCCTCGGGGTCTCTGATG	0	0	0	0	0	0	0	0	17
TATCTCTCCACCACTAATCAACGGTGCATC	0	0	0	0	0	0	0	0	875
TATCTGATAAAACAAAAGTTCCATAATCAG	0	0	0	0	0	0	0	0	21
TATCTGGACTCCAGTCGACGTCTATACTCT	0	0	0	0	0	0	0	0	608
TATCTTATTAACTGTCAGGTGATTAATAGC	0	0	0	0	0	0	18.19796954	0	0
TATGAATATATGACGCCGCTAGAGCCACTC	0	0	0	0	0	0	0	0	15
TATGAATGCACACGTAAACGCTAACAGTAA	0	0	0	0	200.0326087	0	0	0	1946
TATGACTATCACGGATGTCGAGCAAGATCG	0	0	0	0	0	0	0	0	1205
TATGACTTCGCGGCAAGCAGGTAGAAGGGC	0	0	0	0	0	0	0	0	1459
TATGAGGCCACAAATGGTATCAGATGTGTG	0	0	0	0	0	0	0	0	883
TATGAGTGTCAGTAGGAGTATGTGGCAGTC	0	0	0	0	0	0	0	0	34
TATGATCGTTCCGGAGGATTGGGGTACGTC	0	0	0	0	0	19.12	0	0	3814
TATGATGGGCAGGGCGATCCGCCGCCGGGA	0	0	0	0	0	0	0	0	1374
TATGCCTCGGTTTCCAATTCGACATATTTT	0	0	0	0	0	0	0	0	491
TATGCGAATCGGAAGCCATGGAGCGACGCT	0	0	0	0	0	0	0	0	986
TATGCGACTCTGCAAGGTAGTTAGGATAAC	0	0	0	0	0	0	0	0	707
TATGCGAGCGAGCCGGCGAAGGGTGGGACG	0	0	0	0	0	0	0	0	822
TATGCGATGCACTGGTGGGGTCCGATCGTT	0	0	0	0	0	0	0	0	930
TATGCGGGATCCGGTCAGGGGGTGAATGGA	0	0	0	0	0	0	0	0	92
TATGCGGGTTATACCAGTAGGCAGAGAAGG	0	0	0	0	0	0	0	0	93
TATGCTCCGGATTCCTGGCCTTAAAGTCCC	0	0	0	0	0	0	0	0	1628
TATGGATTTTTCCTTGGGTTTCGCTTCTGC	0	0	0	0	0	0	0	0	87
TATGGCGTCTTGACCCGGGCGCGGGATGCG	0	0	0	0	0	0	0	0	193
TATGGCTAGCTCATAACAAATGCAGCATTT	0	0	0	0	137.6847826	16.73	0	0	2544
TATGGGCATTAAGGATTATTCACCTATACG	0	0	0	0	0	0	0	0	44
TATGGGTAGAGTTGTTTAGGTTAGTTTTCC	0	0	0	0	774.1521739	0	0	0	880
TATGGGTAGTGAGAAATTTGGACTAACACT	0	0	0	0	0	0	0	0	1586
TATGGTATCTCCGTAGGCGAAATGGCATCC	0	0	0	0	0	0	0	0	37
TATGGTCATGTCTCTGCGGGATTTCTTTCC	0	0	0	0	93.52173913	0	0	0	453
TATGGTGGGATGATGCAACGAACCTACACG	0	0	0	0	0	0	0	0	1651
TATGGTGTTTAGACTGTATTATGTTGTTGT	0	0	0	0	0	0	0	0	1440
TATGTACCATGAGTTCCAAATATCTAACCT	0	0	0	0	0	0	0	0	471
TATGTAGGTGTAGGGTAACCGCATAGCTTC	0	14.87551867	60	0	93.52173913	21.51	0	0	315
TATGTATTTACCGAACTGACGGGTGTCGTT	0	0	0	0	0	0	0	0	164
TATGTATTTGTTTATTTTGCACCTTCGTGT	0	0	0	0	0	0	0	0	420
TATGTGAGAGGTCGTCTTGTTGTTGGAGAT	0	0	0	0	0	0	0	0	282
TATGTGCAAGGAGGCAGGGAGCGTCAGGGC	0	0	0	0	0	0	0	0	4246
TATGTGGAGCGCTAATTATTTGAATGCCTC	0	0	0	0	0	0	0	0	507
TATGTGGTCACTGATCACGCTCCAAAAGGG	0	0	0	0	0	0	0	0	2170
TATGTTTCAAGATGTCTTACTTAGAGCTGT	0	0	0	0	0	0	14.55837563	0	1298
TATTAACATTGGCCTATGATTTGGACGTCA	0	0	0	0	0	0	0	0	21
TATTACACTTTCTATTATCATGTCCCATTG	0	0	0	0	0	0	0	0	164
TATTACGTGTGAATACGGATCGCCGGCAAG	0	0	0	0	0	0	0	0	210
TATTAGCAGATCATTATGATTTCGGGATGT	0	0	0	0	18.18478261	0	0	0	54
TATTAGGTGGTACAGTATGTATCTGCGGGT	0	0	0	0	0	0	0	0	362
TATTAGTATCGTATACGTCTTCTAGAAGCT	0	0	0	0	0	0	0	0	653
TATTATCAATCGTGCCAGAAGTTTCCAAAA	0	0	0	0	0	0	0	0	31
TATTATGCATTCAGGCGGCAATCGTATAAA	0	0	0	0	0	0	0	0	417
TATTATGCTGTTATACACGAATGTCGCTCA	0	0	0	0	0	0	0	0	217
TATTATTCTTATTATGACTAGAGTGCATGT	0	0	0	0	0	0	0	0	275
TATTCACTTGTCATCGAGTTTCTCCGTTAA	0	0	0	0	0	0	0	0	133
TATTCATGCGTGTCCTTAGTCATGCTCAAG	0	0	0	0	0	0	0	0	25
TATTCATGGATCAGCCAAGTGACACGAACT	0	0	0	0	0	0	0	0	14
TATTCCAAGTCACCACAGCAGAAGTATTGG	0	0	0	0	0	0	0	0	2386
TATTCCAGCTGCCATTGGGGATCGTTTGTT	0	0	0	0	0	0	0	0	675
TATTCCGCCTCCACTTTTTAGCTCGATTAA	0	0	0	0	0	0	0	0	682
TATTCCTAGTGAGGCATGCGGTTGTCGGAC	0	0	0	0	0	0	0	0	541
TATTCGCGAACTCCACGTTCCCCTTCGATC	0	0	0	0	0	0	0	0	1757
TATTCGCGCTTAATTCTTAGGGTCTATGCG	0	0	0	0	51.95652174	31.07	0	0	0
TATTCGTGCTGAACTGCGGTGGTCCGCCCG	0	0	0	0	28.57608696	0	0	0	3031
TATTCTAGCTCACCGGTGACGTGCTGGCTA	0	0	0	0	0	0	0	0	1058
TATTCTTGGAGCCCGGCCTGGGGATAAATG	0	0	0	0	0	0	0	0	46
TATTGACATTGGCGGGGGGACCAGAGTCGA	0	0	0	0	0	0	0	0	1192
TATTGAGAAATATGAATTTTTTCTGGACCT	0	0	0	0	0	0	0	0	1448
TATTGGACGGAATCTGTTTCATTGAAGTTT	0	0	0	0	0	0	0	0	1197
TATTGGATGTGAGACCTTGAGATAGAGCTC	0	0	0	0	0	0	0	0	762
TATTGGCAGATTCTGCGGTATTGCAGTTGT	0	0	0	0	0	0	0	0	15
TATTGGCCTTCCAAAGCACTCACCACCATC	0	0	0	0	20.7826087	0	0	0	195
TATTGGTACAGGCGCAGACTTTTCGTTCAG	0	0	0	0	0	0	0	0	230
TATTGGTATCTTTGTTGACTTTCTGTACGT	0	0	372	0	0	0	0	0	0
TATTGGTGTCGTTTTGCAGGGAATTTATGG	0	0	0	0	0	0	0	0	501
TATTGGTTTTAGACCGGGCGGAGACGTGGA	0	0	0	0	0	0	0	0	885
TATTGTGATGACTCAATTCAGTGAAATGGG	0	0	0	0	0	0	0	0	480
TATTGTGATGCCACGAAAGAAAATAGGTCC	0	0	0	0	0	0	0	0	950
TATTGTTAAATACTACACTCTGTCTCCTAC	0	0	0	0	0	0	0	0	1125
TATTTAACGACCTTGCGGATCCTTATGTCG	0	0	0	0	0	0	0	0	689
TATTTAATTAGGTCTACAGGTTTTATCTCG	0	0	0	0	0	0	0	0	649
TATTTATACGGGCAAAGGGGGTGAAGAGCC	0	0	0	0	0	0	14.55837563	0	0
TATTTATCTCACTGTATGCGCCCTGAGATT	0	0	0	0	0	0	0	0	58
TATTTATTCTTGACCAATTTAAATGATAGA	0	0	0	0	0	0	0	0	721
TATTTCAATCAACTTGTGATGGCCTATATA	18.86842105	110.0788382	39	0	145.4782609	16.73	240.213198	0	17
TATTTCTTTTCAGTGAAGCTCAGGTCACAC	0	0	0	0	0	0	0	0	1016
TATTTGGAAGGTTAGTCAGACACGCGCCTC	0	0	0	0	0	0	0	0	754
TATTTGGTATACCGACCGATATCCTCCTTA	0	0	0	0	0	0	0	0	174
TATTTGTCTTTCTAACCTGGGTGGAGCGTC	0	0	0	0	0	0	0	0	19
TATTTTACACATCCAGCTGTTTGGATTTGG	0	0	0	0	0	0	0	0	700
TATTTTGCACTTGAACTTAATAAACCGTCA	0	0	0	0	0	0	0	0	18411
TATTTTTTCTATGCATCCTTGAGAATTGTA	0	0	0	0	51.95652174	0	0	0	296
TCAAAAAGCTCTTCCTTAAACATGTATCGT	0	0	0	0	0	0	0	0	64
TCAAAAATACGCGTATGCAGAATTGGGACG	0	0	0	0	0	0	0	0	1341
TCAAAAATATGCAAGGTGTTGGACGAAGCT	0	0	0	0	18.18478261	0	0	0	836
TCAAAACATAGTTTCGAAGGATACGTGCAA	0	0	0	0	0	0	0	0	302
TCAAACCTGTCGAGTATGGTCACCCGTTTG	0	0	0	0	0	0	0	0	1825
TCAAAGAGACGATCGTCGGTGCTATGCGAT	0	0	0	0	0	0	0	0	2584
TCAAAGTATATCCTTTACATACGCTCACCA	0	0	87	0	59.75	19.12	0	0	160
TCAAATACGACATCTTTCTAACCCGGGACT	0	0	0	0	0	0	0	0	100
TCAAATGCCCACAACAGTGTTTACTAAGCT	0	0	0	0	0	0	0	0	1012
TCAAATGTCAAGCGTCGCATTTTGCCCGTT	0	0	0	0	0	0	0	0	1087
TCAAATGTTGAATTCAATTCTTGTCTCTCA	0	0	0	0	0	0	0	0	1341
TCAACAACAGGTTGACGAGGCCTAAACAAT	0	0	0	0	0	0	0	0	931
TCAACAACGACTACGGAGGTCATTCCGGGA	0	0	0	0	0	0	0	0	1712
TCAACACCGCGTCGCACCCCGTAGGCTGAC	0	0	0	0	0	0	0	0	601
TCAACCAACCTGACAGGGTAGAGATGTTCT	0	0	0	0	0	0	0	0	33
TCAACCAACCTGGGTGGTTGACTGGTTTTT	0	0	0	0	0	0	0	0	166
TCAACTACCTAGTTCACAAGGTATTGGGTC	0	0	0	0	41.56521739	0	0	0	0
TCAACTTGCCGACGGACTTGTGTCTACGGG	0	0	0	0	0	0	0	0	45
TCAAGACAGTTTGCTGTCGTGCGGGCTTAG	0	0	0	0	0	0	0	0	1345
TCAAGACTGTGTTAGCACAACAGGATAATA	0	0	0	0	0	0	0	0	20
TCAAGAGCATGTTTATATCACACTCCTGGA	0	0	0	0	0	0	0	0	144
TCAAGCAAAGTGATATAGCAGTATCGAGTC	0	0	0	0	0	0	0	0	54
TCAAGCCATGGACTCCGGGGTCTGGAGCTT	0	0	0	0	0	0	0	0	20
TCAAGCCATTTAGTGCCCGACTCGTCTATG	0	0	0	0	0	0	0	0	42
TCAAGCTCGCAGAGTTACAAACTAGGAGAG	0	0	0	0	6704.98913	45.41	0	0	2101
TCAAGGAGTTCTCCAGGATATGCCGGGGAG	0	0	0	0	0	0	0	0	296
TCAAGGGGAACCCATACCTTTGGGCGGAAA	0	0	0	0	0	0	0	0	1697
TCAAGGGTATCCCCTCCTCGCAGGTGGGTT	0	0	0	0	0	0	0	0	779
TCAAGTCCATCGGTGATTGGCACATGGCGA	0	0	0	0	0	0	0	0	17
TCAAGTGAACTGCTATATAGCTGATACAGA	0	0	0	0	0	0	0	0	23
TCAAGTTCAATCCGTATTTCCCAGCCTTGA	0	0	0	0	0	0	0	0	1332
TCAATACGGTTATTGGCTGAATTCCTTAGC	0	0	0	0	0	0	0	0	1697
TCAATCAGCGGATCTAATGGTGGGAGAAAG	0	0	0	0	0	0	0	0	4040
TCAATCATTAAGATAGGACCCATTTCTATG	0	0	0	0	0	0	40.03553299	0	0
TCAATCGTGGTGTAGGGGGGCCGGGAGCTC	0	0	0	0	18.18478261	0	0	0	893
TCAATGAGGAGCTCGGGTATTGACACATCG	0	0	0	0	0	0	0	0	272
TCAATGGGGTTCTTACTTAAGTTGTATGTT	0	0	0	0	0	0	0	0	4004
TCAATGTTCTTAATCTTGTACAGGTACAAT	0	0	0	0	0	0	0	0	960
TCAATTATGACTAGAGTGCAAAGGCAAGTC	0	0	0	0	0	0	0	0	1216
TCAATTCATTAACGTACCTACTTCGGTTTA	0	0	0	0	0	0	0	0	2517
TCAATTCGTGGTTTCAATCTGCATCTATGG	0	0	0	0	0	0	0	0	984
TCAATTTAAGGCCTTTCCTGAGTTATACGT	0	0	0	0	0	0	0	0	1385
TCACAGTTTCGATTTGTCCAAGTTGCATTG	0	0	0	0	0	0	0	0	1672
TCACATACAAGAGCGGATCTATACACTTTT	0	0	0	0	0	0	0	0	22
TCACATGTGATGTTTACAAATAAGGATGAA	0	0	21	0	20.7826087	0	14.55837563	0	771
TCACATGTGGCGGGTGAAGGTGTTAGCCAT	0	0	0	0	0	0	0	0	147
TCACCACGAATGGGTCAAACTAGCGTGCTG	0	0	0	0	0	0	0	0	1270
TCACCAGTTAAGGTAAAGGCACTAATCAGC	0	0	0	0	0	0	0	0	1707
TCACCCTAGATAAGCGTATTCTTTTATTAT	0	0	0	0	0	0	0	0	613
TCACCGATACGTCAGTCGGGATAAGTTGCG	0	0	0	0	150.673913	0	0	0	144
TCACCGGTATGATATTCGATAACAAAATAA	0	0	0	0	18.18478261	0	0	0	452
TCACCGTGTGCCGGGCCAGGGCAGTAAGGA	0	0	0	0	0	0	0	0	270
TCACCGTTAGCGAATGTTCATCTATCAGCG	0	0	90	0	31.17391304	0	0	0	110
TCACCTAGGGCCAATGTGTCATTTTAATGC	0	0	0	0	0	0	0	0	227
TCACCTTGCGCAGTCTTGTCATTTAAAATT	0	0	0	0	0	0	0	0	119
TCACGCGATCCTTATAATAGAATGAGTTGC	0	0	0	0	0	0	0	0	732
TCACGCGGCCGGTATCGCTCTTTGGTCCCT	0	0	0	0	0	0	0	0	114
TCACGGGGTTTTTGTGTGTTAAGGGTCTAC	0	0	0	0	0	0	0	0	369
TCACGTCTTTGTCTTCGGACTGCGTTCATA	0	0	0	0	0	0	0	0	1324
TCACTAGGTACTGTGATTTGGTCTTGCTTT	0	0	0	0	0	0	0	0	728
TCACTCCCTCAAATGCTGCTCTTGATGCCT	0	0	0	0	0	0	0	0	1123
TCACTCTGTGGGATGCATCAACTATGGCGA	0	0	0	0	0	0	0	0	29
TCACTCTTGAGACTGGTGCTTATCAGGTTG	0	0	0	0	0	0	0	0	1410
TCACTCTTGTCAACTCTGGGGGGGTTGTAA	0	0	0	0	0	0	0	0	83
TCACTGATGTTAATCACTGCCACAATTCAT	0	0	0	0	0	0	0	0	800
TCACTGGATCTGCCCTGGGGGGTAGGTCCG	0	0	0	0	0	0	0	0	649
TCACTGGCGCTGCCCGGGTCGGGCTAGGGG	0	0	0	0	0	0	0	0	2164
TCACTGGTTATCCATTGTGCACAAGTAAGT	0	74.37759336	96	0	194.8369565	54.97	65.51269036	0	109796
TCACTGTGGTTTTCGCTTATGACGTGCGCT	0	0	0	0	44.16304348	0	0	0	0
TCACTTGAACTCCTTTGCCTGCGTGGGACG	0	0	15	0	0	0	0	0	1644
TCAGAAGCGCTGGATGGAGGATCGTTTAGC	0	0	0	0	0	0	14.55837563	0	0
TCAGAAGGGCAAGTATCAGCCTCGACTGTG	0	0	0	0	23.38043478	0	0	0	97
TCAGAATTACGGAGCACAGCAGGGTGCCAA	0	0	105	62.34782609	171.4565217	50.19	0	0	16597
TCAGACTCATATGTTGCATTCATAAATGTA	0	0	0	0	0	0	0	0	527
TCAGAGGAACATGGAGTTCCGGATTGTGGT	0	0	0	0	0	0	0	0	1114
TCAGAGGGGGAACGACGTCGGGCGATCAGG	0	0	0	0	0	148.18	0	0	0
TCAGAGTGATCCTCGGGGTGCGTGGGCGGG	0	0	0	0	0	0	0	0	4007
TCAGAGTTTTCCCTAGCAAACTCTTATGGC	0	0	15	0	106.5108696	21.51	0	0	18574
TCAGAGTTTTTCCCTAGCAAACTCTTATGG	0	0	0	0	0	0	0	0	53
TCAGCACTCGTAAGCGGGCGGGAAATGGGT	0	0	0	0	0	0	0	0	987
TCAGCCATATCATTTGCAGCTCGGAGTTCA	0	0	24	0	38.9673913	33.46	0	0	59
TCAGCGTAGATTACTGGTAACAGTTGCTTT	0	0	0	0	0	0	0	0	389
TCAGCGTCTGGTACATCGTATGCTTCGAAC	0	0	0	0	15.58695652	0	0	0	286
TCAGCGTCTTTGCGCGGTAATTCGATGCGC	0	0	0	0	0	0	0	0	1628
TCAGCTGCGGGATACGTGCTCTTCTGCCTA	0	0	0	0	0	0	0	0	2263
TCAGCTTAAATTTCGGAATCTCGGGCAATA	0	0	0	0	0	0	0	0	517
TCAGGAACTATACCGGTATTATACTTGTTT	0	0	0	0	0	0	0	0	2044
TCAGGAAGGGGCAAGACCAGGAAGGATCGG	0	0	0	0	0	0	0	0	20
TCAGGAGACCGCGTCTTAGGTGGGTTGAAA	0	0	0	0	0	0	0	0	1191
TCAGGATGTCACGGCCGTGCGGTTCGGGAT	0	0	0	0	0	0	0	0	490
TCAGGCAACCGTCGGCACTATCAGTGGGGC	0	0	0	0	0	0	0	0	28
TCAGGCCATAGAGTGCCATAATGATCTGTA	0	0	0	0	0	0	0	0	860
TCAGGGATACGATTTCTGGTAAGTTGGGCG	0	0	21	33.77173913	85.72826087	14.34	0	0	133252
TCAGGGGCTTATCATTGATTCCTTGCCTAG	0	50.57676349	0	0	0	0	0	0	54
TCAGGGTTGAAGAGTCAGACGTGGAAGCGA	0	0	0	0	0	0	0	0	155
TCAGGTGAGGGCAGAAGAATTGGGCCAGGT	0	0	0	0	0	0	0	0	1232
TCAGGTGCTCTCAAGTCATGGCATAGTTGC	0	0	0	0	0	0	0	0	5235
TCAGGTTAGCTCCGCCACATAACCCGGCAT	0	0	0	0	0	0	0	0	1353
TCAGTAATGGGGGTGTAGTGTGCCGGAGTC	0	0	0	0	0	0	0	0	180
TCAGTACGTGACTCGATAGTCTTATAGCGA	0	0	0	18.18478261	0	0	0	0	2167
TCAGTATGATTGGTGGGAGCCTGGAAACAG	0	0	0	0	0	0	0	0	1055
TCAGTCAAGTCTAGAGTTTCCAATACGTAA	0	0	0	0	0	0	0	0	78
TCAGTCCGTTACACAGTTGGTTTCCGATGT	0	0	0	0	0	0	0	0	149
TCAGTCCTAGCACTCCGATGTATCACTCGC	0	0	0	0	18.18478261	0	0	0	578
TCAGTCTATTTAGCGGGAAATTTTTGTGCT	0	0	0	0	0	0	43.6751269	0	0
TCAGTCTTTGGTGTTCAGCGTTCGCACGGC	0	0	0	0	0	0	0	0	1303
TCAGTGAAGATAGCGGTTTTAGCGCAAATT	0	0	0	0	0	0	0	0	48
TCAGTGCGCTCTCAGACAAAATGCTAGGCT	0	0	0	0	0	0	0	0	434
TCAGTGGCGTCGGGGTGGTAAGGGGTGATG	0	0	0	18.18478261	0	0	0	0	0
TCAGTTACTAATAGCCATGCATTGAGCCGA	0	0	18	0	124.6956522	0	0	0	265
TCAGTTATGGAGAGCACTGACATATCTCTA	0	0	0	0	15.58695652	0	0	0	390
TCATAACTGAAATTGTAGCTCCGATGAGCT	0	0	0	0	0	0	0	0	1142
TCATAAGTGCACTTGCCCGAGCGTGTCTCG	0	0	0	0	0	0	0	0	1186
TCATAATGGTCATGGATAGAAAGCTACCTA	0	0	0	0	0	0	0	0	74
TCATACACTAATGGCCTCACATCATTATTC	0	0	0	0	0	0	0	0	47
TCATACCGACTCAGCTTGATCTCGGCTTAT	0	0	0	0	0	21.51	0	0	710
TCATACGTTTCCTATTTTAAAATTAATCCG	0	0	0	0	0	0	0	0	1460
TCATAGACAGTAGATGAGGGCTTTTTAACG	0	0	0	0	0	0	0	0	14
TCATAGTACTTATTCACCTGTGCAAGAAGA	0	0	0	0	0	0	0	0	146
TCATATCGTCTGGACGTGGCATAATACGAG	0	0	0	0	0	0	0	0	1955
TCATATGTTAGTGGCAGTTCTTATTTTTGC	0	0	0	0	0	0	0	0	83
TCATATGTTGTACTAGGCAACCGGGTTTAT	0	0	0	0	0	0	0	0	1237
TCATATTAGCAGAAGTTTCAAGCGCTTGCG	0	0	0	0	0	0	0	0	405
TCATCACTGATTCGTTTCATTGGCTTGTCC	0	14.87551867	30	0	33.77173913	0	0	0	39
TCATCAGTGCAAGTGCGTTGCGTACGGCGG	0	0	0	0	18.18478261	0	0	0	202
TCATCCACTCTCCTTCTTGATCTGTGGAAT	0	0	0	0	0	0	0	0	15
TCATCCTCTAGTCGGTTCCTGCGGTTAGAA	0	0	0	0	0	0	0	0	1307
TCATCCTTCGCGGTTTCCTACAACGTATTT	0	0	0	0	0	0	0	0	2822
TCATCGACATGGCACTGGCTATGTGTATGA	0	0	0	0	0	0	0	0	173
TCATCGAGGGTTTTCACGGTTCTGGCGTCG	0	0	60	28.57608696	28.57608696	0	0	0	184
TCATCGGTGTTCGCGGAGGACTAAAACCAG	0	0	0	0	0	0	0	0	1078
TCATCTTCTCCTTTTTTTCCGACAAAACGC	0	0	0	0	0	0	0	0	3761
TCATGAATGTGCGGTATCTAATTCAGTGCT	0	0	0	0	0	0	0	0	755
TCATGAGTCTGCTTTCACACGCAGAATATT	0	0	0	0	0	0	0	0	24
TCATGCAGATCCGGTGACAGTATCACTGGG	0	0	0	0	0	0	0	0	1633
TCATGCTCCATCTGGAAACTACTCGGCATT	0	0	0	0	0	0	0	0	3648
TCATGGCACAGCGTTTCGGGACGGAGGGTG	0	0	0	0	0	0	0	0	929
TCATGGGACTCGGTTTGACTTGGTACGGAT	0	0	0	0	0	0	0	0	1364
TCATGGTATCTCTATTTATGCACGCATTTA	0	0	0	0	0	0	0	0	443
TCATGTGCAATGTATGAACGTATGTTAATA	0	0	0	0	0	0	0	0	127
TCATGTTGTTACGCTGGCGAGCCAATGCGC	0	0	0	0	59.75	0	0	0	19
TCATTAATCTGTGCGCCTGAGAGATCAGGG	0	0	0	0	70.14130435	0	0	0	0
TCATTACGTTCGCCGCTTTATTTGGGAACC	0	0	0	0	0	0	0	0	34
TCATTAGTTTGTTTGGCTCTGCCCGTCGAT	0	0	0	0	0	0	0	0	2826
TCATTCAGTGTCTCTCTTTATGGGTGAGCA	0	0	0	0	0	0	0	0	816
TCATTCCATTTTTGAGTTAATGTACTTTTA	0	0	0	0	0	0	0	0	669
TCATTCGCATGGAAGCGGACCGCTATCACT	0	0	0	0	0	0	0	0	1289
TCATTCGCCCGAGTTGTATTCCTGACAAGT	0	0	0	0	0	0	0	0	260
TCATTCTCCTTGGGCAGCGTTCGGTTCTAG	0	0	0	0	0	0	0	0	259
TCATTGTGAGTTATGAGTTAGGGTCCCCGT	0	0	0	0	0	0	0	0	1729
TCATTTGGGTTCAGGTGACGCGGCGTCAGT	0	0	0	0	0	0	0	0	497
TCATTTTCTCACCTTATAAGTGTGTCTCAA	0	0	0	0	0	14.34	0	0	783
TCATTTTTATGACTGTATCGCTTTAACGAC	0	0	0	0	25.97826087	0	0	0	51
TCCAAAATATCTATCCCGGGCATGATTCTT	0	0	0	0	23.38043478	0	0	0	0
TCCAACAACCGATGAGGGTGGCTCGGTAAA	0	0	0	0	0	0	0	0	872
TCCAACGAGCACGTTGTTGTAGGGAGATTA	0	17.85062241	0	0	0	0	0	0	0
TCCAACTCCCCCCGTTACGATTGCTAGAAG	0	0	0	0	0	0	0	0	1370
TCCAAGCATAAGTAGCTACAGCACTCAATG	0	0	0	0	0	0	0	0	19
TCCAAGTTCGTCACGCGATATTCCGCGATG	0	0	0	0	0	0	0	0	283
TCCAATCGCTCTAACTATTGTCGTGAGATT	0	0	0	0	0	0	0	0	58
TCCAATTCTATTTATGTCACCGGTGATGGG	0	0	0	0	0	0	0	0	32
TCCACAACCCTCGAGCAGTCACGAGCTCTC	0	0	0	0	0	0	0	0	318
TCCACCTTGCGCTTAAATTCGATCGGGGAC	0	0	0	0	0	0	0	0	1031
TCCACGCACTTGTAGGAGGCCACACGCGTG	0	0	42	0	36.36956522	0	0	0	101
TCCACGTCTGTAAATGTTCACCCTGGTACG	0	0	0	0	0	0	0	0	1936
TCCACTAGCCTGAACCCATGGGCTACGAAC	0	0	0	0	0	0	0	0	870
TCCACTGGCATGTTTCTCATCATTTCGCAT	0	0	0	0	0	0	0	0	2958
TCCACTTCAGTGGCTCTTTAAGCATGGGTT	0	0	0	0	0	0	0	0	399
TCCAGAAGGAACGCTAAGGGTTCATAACAC	0	0	0	0	0	0	0	0	896
TCCAGGGAGACGACGGTTGTGGTGGGCCGT	0	0	0	0	0	0	0	0	1298
TCCAGGGGTGAATGGCTGTGAGAGTGGAGC	0	17.85062241	15	0	28.57608696	0	0	0	1255
TCCATAGAATCATTGCGTTTTTGTCACTGA	0	0	0	0	0	0	0	0	23
TCCATATGGGCTCACTCCGTGCTCAGGTAG	0	0	0	0	0	0	0	0	151
TCCATCTCTGCGACAGTGGTCTGCATTTAG	0	0	0	0	0	0	0	0	3328
TCCATGGTTTTAGGGTTGACTGCGGGGACC	0	0	0	0	0	0	0	0	1299
TCCATGTACCACGTTCGTACCTCTCCTTCG	0	0	0	0	0	0	0	0	93
TCCATGTGCTCGATTCCGATGCTCTGTCCT	0	0	33	0	98.7173913	38.24	0	0	529
TCCATTAATTGAGATATGCAGGCGCCTAAG	0	0	0	0	0	0	0	0	7331
TCCATTGATTGGCAGATGCATCAGGGACTA	0	0	0	0	0	0	0	0	170
TCCATTGCAACTAGGCTAATTATGCTGAAT	0	0	0	0	0	0	0	0	261
TCCCAAGCTCTCTCTAGGTTGTGTATTCCA	0	0	0	0	0	0	0	0	1085
TCCCAGAAACCACGTCTACTCCATGGATAC	0	0	0	0	0	0	0	0	1172
TCCCAGCACTCCAAAGAGGAAACGGTTGCC	0	0	0	0	0	0	0	0	51
TCCCAGCCTGTAGCGGCCTTCTTACTCCGT	0	0	0	0	23.38043478	0	0	0	1754
TCCCAGGAAAGAGGACTTCCTGTTCATGGA	0	0	0	0	0	0	0	0	1630
TCCCAGTCTTGTCTTGCCCGCGAATGCGCC	0	0	0	0	31.17391304	0	0	0	3468
TCCCAGTGGGGGCCCGGTAGCACTCCAGCA	0	0	0	0	0	0	0	0	19
TCCCAGTTCGGTTCCCTTCCGCCATAACGA	0	0	0	0	0	0	0	0	3189
TCCCATGTCCCCCATGAGAAGGGTAGAGGA	0	0	0	0	0	0	0	0	26
TCCCATTATATCGGTCACTGCCGACAAAGG	0	0	0	0	0	0	0	0	446
TCCCCAATCCACGTCTTCCAAATATACTTT	0	0	0	0	0	0	0	0	865
TCCCCCGCCTCTTCACTGGCCATATTTTCA	0	0	0	0	20.7826087	0	0	0	13032
TCCCCCGTTTTTAGCGATTATCTTCCTCGT	0	0	0	0	0	0	0	0	396
TCCCCTAGCTTTATGACAGCACCTGAACTT	0	0	0	0	0	0	0	0	578
TCCCCTCTACGATCGTACTCGCTCCGTGTT	0	0	0	0	0	0	0	0	341
TCCCCTCTGCGGGATGGGATTCCGGTCCTG	0	0	0	0	0	0	0	0	1565
TCCCCTGGCTAATTATTGGTTCTTTACACT	0	0	0	0	0	0	0	0	38
TCCCCTGGGCCTCAATGCGCACATCGCAGC	0	0	0	0	0	0	0	0	627
TCCCGAGAAGTACTTCGTGATGTAGCCATC	0	0	0	0	0	0	0	0	110
TCCCGCCCATTCCTGCTGTGCTCTTGGCCT	0	0	0	0	0	0	0	0	18
TCCCGCGATTGTAGTACTGTGTTGCCATTA	0	0	0	0	0	0	0	0	211
TCCCGGAGTGCCCGGTGGTGGAGATCTGTG	0	0	0	0	0	0	0	0	2790
TCCCGGGTTTTCAATAGCTTGCGTTACGAT	0	0	0	0	0	0	0	0	1693
TCCCGGTGCTGGCGTTTGCGGAATAGTGAT	0	0	0	0	0	0	0	0	836
TCCCGTGTGGAGTTTGTTGGTGGGACTAGC	0	0	0	0	0	0	0	0	61
TCCCTAGCATTTTTTTGGCGCTACTCAACG	0	0	0	0	0	0	0	0	68
TCCCTCCCCTTAAGCCGGAACGTTGCACAC	0	0	0	0	0	0	0	0	1899
TCCCTCGACGATCTCTGTCGATCCGTGGCT	0	0	0	0	0	0	0	0	99
TCCCTGAAAAATCAATTAGATGGAATCATT	0	0	0	0	0	0	0	0	790
TCCCTGAGCAACTTGCAAAATCAATTTACT	0	0	0	0	0	0	0	0	1637
TCCCTTATTACGCCGGTTCACCGTACACCT	0	0	0	0	0	0	0	0	2661
TCCCTTCACCTGTATCGCAATGCCGCTCAT	0	0	0	0	77.93478261	21.51	0	0	44344
TCCCTTGTTTCCATCCGATACTTAATCCCA	0	0	0	0	0	0	0	0	136
TCCCTTTCAGGCAAGCCGAGGCTGCGTGGT	0	0	0	0	0	0	0	0	969
TCCGAAAAGCAGCTGGAGGGGGTGCAGCAG	0	0	0	0	0	0	0	0	37
TCCGAACTGTACGTAAGGGGCGATACTTGA	0	0	0	0	0	0	0	0	685
TCCGAGAGTCGTCAGTCCAGGTACAGGGTA	0	0	0	0	0	0	0	0	1290
TCCGAGATCGATTGGGGAGCGCGGAGGTGT	0	0	0	0	0	0	0	0	96
TCCGAGGCGCATCTATTCGCGGGGACTGCT	0	0	0	0	0	0	0	0	841
TCCGATCTAGGATGGAGACGTCATCGTACC	0	0	0	0	18.18478261	0	0	0	1390
TCCGCAGAGGTTACTCGGTTCAAAAACTGT	0	0	0	0	0	0	0	0	5625
TCCGCCAGGCCTTCTTTGACAGTTCTCCAA	0	0	0	0	0	0	0	0	152
TCCGCGTCCTCTTTGCATAAATTCTCTTCA	0	0	0	0	0	0	0	0	647
TCCGCGTTTACGATGTGATCTCTACGCTTC	0	0	0	0	0	0	0	0	513
TCCGCTCGTATCCAGTGTGTGTAGTGTCAC	0	0	0	0	0	0	0	0	1414
TCCGCTCGTGGTGCCTGACGAGTGGGTTCG	0	0	0	0	0	0	0	0	635
TCCGCTGTTCGACAAAGACGTCTATTACTT	0	0	0	0	0	0	0	0	145
TCCGGATAGATTATGTGGCTTTTTGGGTAG	0	0	0	0	0	0	0	0	1817
TCCGGCTATTGAGGGCTCAGATATGACCTT	0	0	0	0	0	0	0	0	475
TCCGGGATCGTTCTTTCCGGGACAGTCCCT	0	0	0	0	0	0	0	0	2767
TCCGGGGCAAGTCTGGACTGCGCGGCTGGG	0	0	0	0	0	0	0	0	407
TCCGGGGCGTCAGAGAAGGGGTCATTCAGG	0	0	0	0	0	0	0	0	1286
TCCGGGTGAGCGAGATCGTGGGTCTTGGGC	0	0	0	0	0	0	0	0	2258
TCCGGTAAGTAACGCTTTTTAGGGCTACAG	0	0	0	0	0	0	0	0	1517
TCCGGTATCTAGTTTTAGTGGATAAAAGGT	0	0	0	0	0	0	0	0	1004
TCCGGTCACTGGGTCGTTTTGCAGATTGGG	0	0	0	0	49.35869565	16.73	14.55837563	0	0
TCCGGTCTGTAAGTGGCACGTATTCACAAA	0	0	0	0	0	0	0	0	14064
TCCGGTGTAGCCTCTTGACAGTTCGTCTTA	0	0	0	0	0	0	0	0	1569
TCCGTAATGTTAGTGGGTTGCATCTCTGCG	0	0	0	0	0	0	0	0	584
TCCGTCACGAGCATACGGTGGATCGACTGC	0	0	0	0	992.3695652	0	0	0	1386
TCCGTCCTGGCTGTAAGGCGTACCGGACTC	0	0	0	0	0	0	0	0	3530
TCCGTTAGAGCTCACCGATCCTCTGGCATT	0	0	0	0	0	0	0	0	702
TCCTAACATATCGATCCAAGCGGACAACCG	0	0	0	0	0	0	0	0	51
TCCTAACCGCTTTCTGGTAGATACCGGACC	0	0	0	0	0	0	0	0	1160
TCCTACCACTCTGATTAGCCGAAGAGTTTT	0	0	0	0	0	0	0	0	37
TCCTACTTAGTTTCCCGCCCCAGGCAACTT	0	0	0	0	0	0	0	0	218
TCCTAGAGACACATACGATGTATAGCGGAT	0	0	0	0	0	0	0	0	2497
TCCTAGCTTTTGGCTTAGACATCGATCAGA	0	0	0	0	0	0	0	0	1108
TCCTATCAGATGTTTTTCGCACGCTCGACC	0	0	0	0	0	0	0	0	671
TCCTATGCTACTCGATTAGAAGATTTCATG	0	0	0	0	15.58695652	0	0	0	2400
TCCTATGTCAGATGTGACAACGCGACGGAC	0	0	0	0	0	0	0	0	76
TCCTCATATTCGGCGTTTTTATTCGTCGCC	0	0	0	0	0	0	0	0	431
TCCTCCAGGCTTCGGCATCCCGGGGATCCT	0	0	0	0	0	0	0	0	1209
TCCTCGGTATCACGCATTCAGGATGTAATG	0	0	0	0	0	0	0	0	61
TCCTCTCAATGCGGTCATTTATGCCTCAGC	0	0	0	0	0	0	0	0	59
TCCTGCACGTTTACTTGAGTGCACGGTTGA	0	0	0	0	0	0	0	0	1433
TCCTGCTCGGACTTGAGAGCTGGGCGTAGG	0	0	0	0	0	0	0	0	21
TCCTGCTGGGTCGTCAGACGTGGTATTGCT	0	0	0	0	0	0	0	0	2687
TCCTGGATATGTAACAAAAGTCCTTGGGTC	0	0	0	0	0	0	0	0	463
TCCTGGTAGCGGCGGCCGTTCTGTATAGGC	0	0	0	0	0	0	0	0	900
TCCTGGTGGCCCGATGCTGGTGTAACGTCA	0	0	0	0	0	0	0	0	1247
TCCTGTATCAGCTAATGTATCCTTTTGGAC	0	0	0	0	0	0	0	0	333
TCCTGTCAGCACCTTGCATCTCTTAACTTT	0	0	0	0	18.18478261	0	0	0	14972
TCCTGTCCAGGGTCTGCTTGAGTTAGCACG	0	0	0	0	0	0	0	0	146
TCCTTAAATATACTTGCTCGCCGCCAATTC	0	0	0	0	0	0	0	0	746
TCCTTAATATTCGCTCAACGGAAATACTTC	0	0	0	0	0	0	0	0	262
TCCTTAGAGTGTCTTCAGCTCCTTACCAAC	0	0	0	0	0	0	0	0	848
TCCTTAGGTGGTGGGTTCAATGAGTGCTTA	0	0	0	0	0	360.89	0	0	0
TCCTTCAACTATTGGTGCCGAAGGCTGTGC	0	0	0	0	59.75	0	0	0	345
TCCTTCTAGAGGTCTACGTATACCCAGGTT	0	0	0	0	0	0	0	0	193
TCCTTGGGTTGTTTTGTACCTTACCACCGG	0	0	0	0	38.9673913	0	0	0	29281
TCCTTGTGATGCGTGCTGCCGTAATTTCGT	0	0	0	0	0	0	0	0	1220
TCCTTTCTCATTCGGTCCAGAACTTATTGT	0	0	0	0	0	0	0	0	754
TCGAAAGCATTGAATGGTTAGTTCCCTCGT	0	0	78	25.97826087	0	0	0	0	117
TCGAACGGCTATAGGTGAACCCCGAGCCGG	0	0	0	0	0	0	18.19796954	0	0
TCGAACGGTTGTCGTTTACTAGCTTCCCGG	0	0	0	0	25.97826087	0	0	0	2000
TCGAACTGAACCCGACTCCTGCATTTCGCG	0	0	0	0	0	0	0	0	2929
TCGAAGCGGGAGCGATTCGTCTGGAGAGCT	0	0	0	0	153.2717391	45.41	0	0	6996
TCGAAGGGAGCTCGGCCCGATGCAGGAACA	0	0	0	0	0	0	0	0	9030
TCGAAGTGTTTAGATAGATAACCGCAAACG	0	0	0	0	0	0	0	0	22
TCGAATGACTATCTTCCGCCTGCAGGATCG	0	0	0	0	0	0	0	0	1706
TCGAATGCATGTTTTATCAGATGAGAATCA	0	0	0	0	15.58695652	0	0	0	1307
TCGAATGTTATACTCACCAGAATTCAAATG	0	0	0	0	0	0	0	0	993
TCGACAGCCCGGGCAAGGGGCGATGACAGG	0	0	0	0	0	0	0	0	332
TCGACATTTTATTGATATAGGGCTGAGTCA	0	0	0	0	0	0	0	0	76
TCGACCTACGTTTTTTGCGTCAGTGCTGGG	0	0	0	0	0	0	0	0	774
TCGACCTTCTATACATGCCTTGACCCCCAA	0	0	0	0	0	0	0	0	332
TCGACGTCGCTGTATTTTTTAGAATATTTT	0	0	0	0	1374.25	0	0	0	1297
TCGACGTCGCTGTATTTTTTTAGAATATTT	0	0	0	0	25.97826087	0	0	0	16
TCGACGTCTTATTCGGGGACCCGTCCCGAG	0	0	0	0	0	0	0	0	196
TCGAGAGGAGTACATATGACCCGTGAATTG	0	0	0	0	0	0	0	0	881
TCGAGAGTTCTTGTGAGTACCAGAGGTTCA	0	0	0	0	0	0	0	0	3338
TCGAGATGTGGCTGATTCATGGTTTTACGT	0	0	0	0	0	0	0	0	1379
TCGAGCCTTGGATTCTCTACGCCTGGGCAC	0	0	0	0	0	0	0	0	1042
TCGAGCTGTTTAGCTTACCCACGGAAAGGT	0	0	0	0	0	0	25.47715736	0	5059
TCGAGGGGTTTAGGGCTTCGCTTTGGATTC	0	0	0	0	0	0	0	0	31
TCGAGTAGGACTTGCCCATGTTCGCCCACG	0	0	0	0	0	0	0	0	1230
TCGATACTCTTGGCCTACACGTTGAGCCCC	0	0	0	0	0	0	0	0	717
TCGATAGGTTTTGGGGGAGTCGCAGGGCAC	0	0	0	0	0	0	0	0	2440
TCGATCTAAAGGAGGCCTCTCCGTCGAGGC	0	0	0	0	0	0	0	0	21
TCGATGCCGTCGCACCTCATCGGTATCATA	0	0	0	0	31.17391304	0	0	0	530
TCGATGGGCTCTACAGAGTCACTACAGGGA	0	0	0	0	0	0	0	0	4241
TCGATGTTGAGTTTCAAGACTCTCCTCCTC	0	0	0	0	0	0	0	0	869
TCGATTACCTTCATGAGCATGAAACGTATA	0	0	0	0	0	0	0	0	51
TCGATTGTTACCCACCACACCCAGGCCGGG	0	0	0	0	0	0	0	0	1807
TCGCAAGAGAGGGTTCGACTACACCTTCAG	0	0	0	0	0	0	0	0	178
TCGCAAGCTTCGGGGCCCTTTGCTCATCAA	0	0	0	0	0	0	0	0	34
TCGCACAGTCACGGGTTCGACTAATCCTAA	0	0	0	0	0	0	0	0	869
TCGCACGGCTATTCATCAGGCCGGGAGTTG	0	0	0	0	18.18478261	0	0	0	196
TCGCAGAACTTAGTGAATCATCGCCCCGTT	0	0	0	0	0	0	0	0	1282
TCGCAGACAGACTTTCCGTCTAAGCGCTAT	0	0	0	0	0	16.73	0	0	5534
TCGCAGCAGTAAGGAGCTGCGCGCTTTGAT	0	0	0	0	0	0	0	0	378
TCGCAGCGTATAGACAGGTGTAATTCAATG	0	0	0	0	0	0	0	0	930
TCGCAGGTCACATATAGAAGTGTTTAGTGA	0	0	0	0	0	0	0	0	126
TCGCATGGGGCGCAGGACCGGGTGCGATTC	0	0	0	0	0	0	0	0	47
TCGCCATTCATCATTGGCACGGGGGGACCA	0	0	0	0	0	0	0	0	756
TCGCCGGGAGAGAGTATATATCTGGTAACC	0	0	0	0	0	0	0	0	631
TCGCCTAGCCACTAGTAGGCCGTGACAAGG	0	0	0	0	0	0	0	0	1457
TCGCCTCTTTGCACAATCTCGCGACTACTC	0	0	0	0	31.17391304	0	0	0	42
TCGCCTTTGGTAAGCGACTCAAGTGGCACC	0	0	0	0	0	0	0	0	931
TCGCGAAAACCCTGAGCTTCCGTCAACGTG	0	0	0	0	0	0	0	0	507
TCGCGAATTTAATGGGCTGCTACCATTACC	0	0	0	0	0	0	0	0	239
TCGCGAGCCATGGAGGATTTTGCGGCAATT	0	0	0	0	0	0	0	0	1760
TCGCGAGTTAAGCGGCGCCTCTCAAGCAGC	0	0	0	0	0	0	0	0	122
TCGCGCCAAATGGCGATTGGCTATAAATTT	0	0	0	0	0	0	0	0	1401
TCGCGGACGCGGCCGGTAGGTTTGGGGCTC	0	14.87551867	33	0	109.1086957	0	14.55837563	0	198
TCGCGGTTGTTGACTTTTTTTAGTTATTAA	0	0	0	0	0	0	0	0	910
TCGCGTGGCCTGCGCCCGGTTCTCGGGCAG	0	0	0	0	0	0	0	0	942
TCGCGTTACTGAATGAACAGTGTCATTATA	0	0	0	0	0	0	0	0	849
TCGCGTTCACATTCTATAATGAGTGTATTC	0	0	0	0	0	0	0	0	1390
TCGCGTTTTTTTCTATTGAACTTAGTAGAT	0	0	0	0	0	0	0	0	376
TCGCTACTATCTCGTTAATGCGCTTACTGG	0	0	0	0	0	0	0	0	24
TCGCTCCCAACGTCATTCATAAGGAAATCA	0	0	0	0	0	0	0	0	2030
TCGCTGTCTACGAAGCTATTTTTTGTAATG	0	0	0	0	0	0	0	0	327
TCGCTTATACCGTTTGTGCTTGAATTGCGC	0	0	0	0	0	0	0	0	30
TCGCTTGAAAAACGAGGTCATTGGAGGGGG	0	0	0	0	0	0	0	0	123
TCGGAAGAGGACGAAGGCGCAGGGTACAAG	0	0	0	0	0	0	0	0	725
TCGGAAGCTCTGCCTGAGGGTAATCCACGG	0	0	0	0	0	0	0	0	793
TCGGACGCTATCAATTCTGTTTTGTGTGTA	0	0	0	0	0	0	0	0	292
TCGGACTAATCATTCGTAATATGTAGGTCT	0	0	0	0	0	0	18.19796954	0	0
TCGGACTGCTTAACACTTGTATTGTGTGAG	0	0	0	0	0	0	0	0	594
TCGGAGTCTTCATGGGGACCGGGAGGCTCT	0	0	0	0	31.17391304	19.12	0	0	307
TCGGATGCCCCCGAGGTACAAGACCTTCGA	0	0	0	0	0	0	0	0	1598
TCGGCACCGTCTTGGAAACCGGATCCTCGC	0	0	0	0	0	0	0	0	89
TCGGCAGGAAGAGACACACTCAGGATCCTG	0	0	0	0	0	0	0	0	3568
TCGGCCAGCCTGCGTTTTTGTGGTCGGTTT	0	0	0	0	0	0	0	0	1683
TCGGCCAGGGTCCAACGATTTGAGACCCGA	0	0	0	0	0	0	0	0	648
TCGGCCGACGCACTCCCATTTGATTTTGTA	0	0	0	0	0	193.59	29.11675127	0	17
TCGGCGCAGGTATCAGAAAGCCGGGCTGCC	0	0	0	0	0	0	0	0	2215
TCGGCGTACACGGAGCCTATCAATCCAACG	0	0	0	0	0	0	0	0	684
TCGGCTCATTATCCAGTTGTGTACGGCTGG	0	0	0	0	0	0	0	0	1811
TCGGCTCGACTTTGGATCGTGTTCGGTTTT	0	0	0	0	0	0	0	0	1529
TCGGCTCGGTAGCTGCCCCGTATGGTCCTG	0	0	0	0	0	0	0	0	442
TCGGGAGTTGAAGGCTCATGGTAACATGTC	0	0	0	0	0	0	0	0	144
TCGGGATGCACCGTAATGTTGGCGTTGTTT	0	0	0	0	0	0	0	0	3225
TCGGGCCCCCGCCTGGCGTCGCGAGGTTGC	0	0	0	0	0	0	0	0	1435
TCGGGCGTAGAAGGCAGGGTCGTCGGGGGG	0	0	0	0	0	0	0	0	476
TCGGGGCTTACTAGCAAACTCGTAGATTTG	0	0	0	0	44.16304348	16.73	36.39593909	0	0
TCGGGGGTCACGGGTTCAGACATACGGGGA	0	0	0	0	0	0	0	0	1564
TCGGGGTATGCTTGTTAGCCGCGTGTGGAG	0	0	0	0	0	0	0	0	277
TCGGTATGTGCTGGAATAGTGATGCATGGC	0	0	0	0	0	0	0	0	761
TCGGTCAGAACGTGTTCTGAGGTGTCAGAG	0	0	0	0	0	0	0	0	1750
TCGGTCATGTGACCCTGGGAGTTGCCCAAG	0	0	0	0	0	0	0	0	2324
TCGGTCATTGTAGATGACGCATTACCGCTG	0	0	0	0	0	0	0	0	1749
TCGGTCCCGGTCAGGGTCGTAACAGCGGCA	0	0	0	0	0	0	0	0	990
TCGGTGATAGCCTAATCCTAGTGGACCAAA	0	0	0	0	0	0	0	0	908
TCGGTGGGCAGACTGCTTTCACTCGAACTA	0	0	0	0	0	0	0	0	495
TCGGTGTAGCATGAATGGTGTCTCGCGGGG	0	0	0	0	0	0	0	0	67
TCGGTGTATAGGCGAGGGGCGCCGTCTCAG	0	0	0	0	0	0	0	0	82
TCGGTGTTGCAGGACGTTTGGGGTGGTGCA	0	0	0	0	0	0	0	0	1045
TCGGTTTCACTCTGAGAGTGGCAGGCGATA	0	0	0	0	0	0	0	0	1398
TCGTAAACCCTCCTCTGGCATCAGGGTGTC	0	0	0	0	0	0	0	0	263
TCGTACATCTCTAGTCGGTTTCGAGACGAG	0	0	24	0	46.76086957	21.51	0	0	106
TCGTAGCGTGTCAATTGAGTTGTTCCATGA	0	0	0	0	0	0	0	0	1563
TCGTATCCAGTTTGTTATCGTTGTGGTACT	0	0	0	0	41.56521739	0	0	0	2079
TCGTATCCTTCAATATGCTCGATTTTTTCC	0	0	0	0	28.57608696	0	0	0	1335
TCGTATTCTTTGTAAGTAATGCGTTGATAT	0	0	0	0	0	0	0	0	845
TCGTCAATTAGGCTCCAGGTGTTGGCTACC	0	0	0	0	0	0	0	0	189
TCGTCACACGGAATGCTTGTTTATAATCCT	0	0	0	0	0	0	0	0	596
TCGTCATAATTGTCTTGGTTACGAGACTTT	0	0	0	0	0	0	0	0	131
TCGTCATGTCGGTGTAAGCGAGTGTTGGTG	0	0	0	0	0	0	0	0	4455
TCGTCCACTCCGTTCCTGCTATATGCCATA	0	0	0	0	0	0	0	0	610
TCGTCCAGTTATACGCGAATCATGTGTAAT	0	0	0	0	0	0	0	0	1003
TCGTCCCGTGCTTTTTCTACCCGCTCAACA	0	0	0	0	0	0	0	0	849
TCGTCCGGCGAAGTGGGTATCTCTCTGAAT	0	0	0	0	0	0	0	0	1482
TCGTCGGCAAGACCCGGCTAGTAGAGTTGC	0	0	0	0	0	0	0	0	1502
TCGTCTCGACTGCCTGAACTGTGGTAGGCC	0	0	0	0	20.7826087	0	0	0	20
TCGTGAGCAATTGGGCTCGCGCTTGTCACT	0	0	0	0	15.58695652	0	0	0	2277
TCGTGCCACCACGCGTTAAGGACAGGGACC	0	0	0	0	0	0	0	0	623
TCGTGCTACTTTGCGCGCATAGGATATGAT	0	0	0	0	0	0	0	0	121
TCGTGGAAGTGAGGTGGGTGGTGAGGAGGA	0	0	0	0	0	0	0	0	2878
TCGTGGACTTCTTTAGAGCCCAGCTTCTTT	0	0	0	0	0	0	0	0	1031
TCGTGGCATGTCCGTGGAATGACGTTATGT	0	0	0	0	0	0	0	0	1355
TCGTGGGATCCCCTGGAGCTGGGGTCCCGG	0	0	0	0	0	0	0	0	396
TCGTGGGGGGATCGTTTGGATTGAGTGAGA	0	0	0	0	0	0	0	0	2321
TCGTGTACATGGCATCGGGGTTCGCACAGT	0	0	0	0	0	0	0	0	1432
TCGTGTGAGGACAGAACGGGCCTGGGGAAG	0	0	0	0	0	0	0	0	1639
TCGTTAACAATGCTTCCCTGCTCTTTCAAG	0	0	0	0	0	0	0	0	485
TCGTTACTACCGGAGGACAAGGACGTCGTT	0	0	0	0	0	0	0	0	34860
TCGTTATCCGGTCCTGGATATCCGCCTCGA	0	0	0	0	25.97826087	0	0	0	363
TCGTTATCGTTTGTGTTTAGTGCGTTGTCA	0	0	0	0	0	0	0	0	141
TCGTTATGCGGCTTCTTCTGGCGGGATGAA	0	0	0	0	15.58695652	0	0	0	1522
TCGTTCGTACGGTTCATTAATTGAGCTCGA	0	0	0	0	0	0	0	0	316
TCGTTCGTGGCTGGAAACCTTTATCGTGAA	0	0	0	0	0	0	0	0	15
TCGTTGCGCTGGGTTCCGTTTTTTAGCGCT	0	0	0	0	0	0	0	0	1101
TCGTTGGAGCAAGCGAGTTGTATTTGAGCA	0	0	0	0	25.97826087	0	0	0	41
TCGTTGGCTAAACGAAAACCAACTATGTCA	0	0	0	0	0	0	0	0	106
TCGTTGGCTGACGGCGTTTCATCGGTCATA	0	0	0	0	0	0	0	0	3468
TCGTTGGGGTTGGGGGTGGCTGCCGCTTCG	0	0	0	0	0	0	0	0	2254
TCGTTGTTTGGCAGTGCGGACGAGCGCAGC	0	0	0	0	41.56521739	0	0	0	36062
TCGTTTCGAAACCCCCGGGCTGGAACGGCA	0	0	0	0	0	0	0	0	287
TCGTTTGAGGCCTTGTCTGACTCGCTTTGC	0	0	0	0	0	0	0	0	722
TCTAAATATTGCTCTAAATAGTTTTTAAAG	0	0	0	0	0	0	0	0	869
TCTAACATGCGCTGGCGGCTAGCTACCCGC	0	0	0	0	0	0	0	0	946
TCTAACGTCGCGAATCAAAGTGTAGTCACT	0	0	0	0	0	0	0	0	312
TCTAAGCATGCCAGAGCGCTGCTTACTAAG	0	0	0	0	23.38043478	0	0	0	0
TCTAAGTCTACTGCTTCCGTCTCATCGCAG	0	0	0	0	0	0	0	0	106
TCTAATATTTTTTTAACTTGCGTGGGCTAT	0	0	0	0	0	0	0	0	3806
TCTAATGTAAGAGCTTCCATCGCCTCGATC	0	0	0	0	0	0	0	0	963
TCTAATGTGCGACCCAAGCTGGCGTAAGCC	0	0	0	0	0	0	0	0	25
TCTAATTACGATTCTAGTCTCAGGTCGCAA	0	0	15	0	0	0	0	0	1253
TCTAATTTACATCGTATATACTGGTATGAG	0	0	0	0	0	0	0	0	42
TCTAATTTCAACTAACTTGAAACCGGTTAA	0	0	0	0	0	0	0	0	996
TCTACAAATTGGCTGGACAAGCGCTGCTAT	0	0	0	0	0	0	0	0	477
TCTACCTCGAGATGGCGCACCAGGCACTGC	0	0	0	0	0	0	0	0	118
TCTACGTTGGGACAGCGGCGCTCATGCCAG	0	0	0	0	0	0	0	0	2007
TCTAGAAAGCTTTCGTAGCTGAATAACGTA	0	0	0	0	67.54347826	23.9	0	0	7972
TCTAGAGCATTTCTCGAGCACATTCTTCTA	0	0	0	0	0	0	0	0	193
TCTAGCGCCTGGTAACTAAGTTGCCTCTCT	0	0	0	0	0	0	0	0	16
TCTAGCTGTTCAGTGTCCGGTCTACGCGGT	0	0	0	0	0	0	0	0	1254
TCTAGGCTGAATGCTCAATTGCCATGAAAA	0	0	0	0	0	0	0	0	352
TCTAGGGATGCAACTTGCGTATGTGATGGC	0	0	0	0	0	0	0	0	1054
TCTAGGTCTATTTGTTAATTCAGTAGGGTA	0	0	0	0	0	0	0	0	277
TCTAGGTTTCGCAATACCACGTAACCGCTT	0	0	0	0	0	0	0	0	918
TCTAGTATCGAAATTCACACGTGCCGGCGC	0	0	0	0	0	0	0	0	1653
TCTAGTCTATCACGGCTGAAAGCTCCTCGC	0	0	0	0	0	0	0	0	1757
TCTAGTCTTTTCGTGCTGTCATCGTGTGTA	0	0	0	0	0	0	0	0	765
TCTAGTGGTGCGGAACTAGGGGTATTAAGT	0	0	0	0	0	0	0	0	1778
TCTATATTTAAGACTGCGCATTCTTGAAGT	0	0	0	0	0	0	0	0	959
TCTATCGCTCGTACATTAAGCATACTGCTC	0	0	0	0	0	0	0	0	723
TCTATCGGGCACCCCCGTGCTACAAACCAG	0	0	0	0	0	0	0	0	410
TCTATCTGGTCGATGTGTGTGCTGCGCCGC	0	0	0	0	0	0	0	0	1833
TCTATGCAACCTGATACGGAAGGGATTATC	0	0	0	0	41.56521739	0	0	0	233
TCTATGTTTATATGACGCGATCGTAGCTTT	0	0	0	0	0	0	0	0	218
TCTATTAATTCATTTCTTGGGGCCCCATCT	0	0	0	0	0	0	0	0	340
TCTATTCTAGGTTAGAAGCTGCATATATTT	0	0	0	0	0	0	0	0	1116
TCTATTCTCACGGGGATATTTACTCACTCG	0	0	0	0	0	0	0	0	1172
TCTATTGGCTTTCTTGTGGGTTATTTACTC	0	0	0	0	0	0	0	0	40
TCTATTTAATGGGAGTAGTGAGCCAAAGTG	0	0	0	0	0	0	0	0	224
TCTATTTGCGCATCACATTGATGCTTATGG	0	0	0	0	25.97826087	0	0	0	12490
TCTATTTGTCTCTCACTACGGAGGGCATCA	0	0	0	0	0	0	0	0	40
TCTCAAAGAAATACTGTTGCCCGTCTGTGT	0	0	33	15.58695652	33.77173913	0	0	0	79
TCTCAAGGGCATCTAGGCAGATTGAGCCGG	0	0	0	0	0	0	0	0	199
TCTCACACACCGAGGGTCGGGATTATTTCA	0	0	0	0	0	0	0	0	466
TCTCACACTTTTGTCGGGTTATGAAACGTC	0	0	0	0	0	0	0	0	409
TCTCACCTGGGGTTGGTTGATTTGCAGTGC	0	0	0	0	0	0	0	0	1383
TCTCAGATGGCGTGGTTGACTTGTTGTCGG	0	0	0	0	0	0	0	0	2004
TCTCAGTGTTACCGTGAATGAAAGCCTACT	0	0	0	0	0	0	0	0	1493
TCTCATGTAGCGGGGGATCACCCTCCAGTT	0	0	0	0	0	0	0	0	374
TCTCCACTCTTGGGACCGAGGCTCGCCCGG	0	0	0	0	0	0	0	0	41
TCTCCCGCCAGCAGTGTTGCCGCTGCGCGA	0	0	0	0	0	0	0	0	285
TCTCCCGGCATTACCAGGTCCACATTGGTG	0	0	0	0	0	0	0	0	154
TCTCCCGTGTTTCTAAACTTCCATGGATTT	0	0	0	0	0	0	0	0	80
TCTCCGTACGGTCTTGTTGCCTTGCAGCAT	0	0	0	0	0	0	0	0	1491
TCTCCGTGAGTGTTAATGACATCACGGCCT	0	0	0	0	20.7826087	0	0	0	436
TCTCGAAATGAGGACTGATCCAGGCTATTA	0	0	0	0	0	0	0	0	26
TCTCGCAGTTGGATTCCAATAAAATCAACT	0	0	0	0	0	0	0	0	1856
TCTCGCGGGCCAGGGGCAGGTGGAATTTCG	0	0	0	0	0	0	0	0	4839
TCTCGGAAACTGATAGTCACGCTGAGTCTG	0	0	0	0	0	0	0	0	1003
TCTCGGCACCTCCCTAGTTTGCGCCCCTCC	0	0	0	0	0	0	0	0	22
TCTCGGGAGGATTTTTAATCCGTAGATGAT	0	0	0	0	0	0	18.19796954	0	0
TCTCGTGAGTCGTTCTGGGACCTAAACACA	0	0	0	0	0	0	0	0	78
TCTCGTGGTATAGCGCGACCCGGCACGGAG	0	0	0	0	0	0	0	0	187
TCTCGTTATGGCCCGATCCTATCCTACGCT	0	0	0	0	0	0	0	0	1122
TCTCTACAATATCTAGCCAGCCAGTAAACT	0	0	0	0	0	0	0	0	1439
TCTCTACTTTTATAGGCATTGATCCAAGAG	0	0	0	0	0	0	0	0	849
TCTCTCAGCGACGGGCACTTTCTCTGACAG	0	0	0	0	0	38.24	61.87309645	0	21
TCTCTCCAATCTGCTATTACTTTTTACGAC	0	0	0	0	25.97826087	19.12	94.62944162	0	0
TCTCTCCTCAAAAATTGACATGGAGTTTGG	0	0	0	0	0	0	0	0	496
TCTCTCGCCATTCTTACGTGCTAGAAGGAA	0	0	0	0	0	0	0	0	885
TCTCTCGCTGCGCTCAAATTCGTACATACT	0	0	18	0	0	0	0	0	0
TCTCTGATGTTTCCCTGTATTGGGTGTGGT	0	0	0	0	0	0	0	0	35
TCTCTTACATTATTCTTAGCTCCCCGCCTA	0	0	0	0	0	0	0	0	15
TCTCTTGTGGCAGTCTTTAAGAATACAGAA	0	0	0	0	0	0	43.6751269	0	0
TCTCTTTAACTGCGTTCGTGGCATCCGTCC	0	0	120	0	54.55434783	0	0	0	44
TCTCTTTATATGCTCGATGGGGAAGGTGGT	0	0	0	0	0	0	0	0	21
TCTGACCAGGGGAAAGGTTCTGTGTGTGGT	0	0	0	0	0	0	0	0	1177
TCTGACGAGCTGTGTCTCTTAACGATAGGC	0	0	0	0	0	0	0	0	1512
TCTGACGATAAAAAGTACATGCTCGATGCC	0	0	0	0	0	0	0	0	1575
TCTGACGGAGTCTGACGCATGTTTACGAGC	0	0	0	0	0	0	0	0	6324
TCTGACTGCGCTGTTTTGCCGAGGCACCCC	0	0	0	0	0	0	0	0	3905
TCTGATCGGCGTAACTGACTGCCTTATCAT	0	0	0	0	0	0	0	0	837
TCTGATGCTAGATAAAATTGCCGTTGAACC	0	0	0	0	15.58695652	0	0	0	909
TCTGATTCCACTGGAGGTTCTCAGCTATAG	0	0	0	0	0	0	0	0	852
TCTGCAATAGACAGTACGTTAGTCAATGAT	0	0	21	15.58695652	64.94565217	19.12	0	0	37193
TCTGCAGTTAATTCGCAGAGTTGTGAATTA	0	0	0	0	0	0	0	0	3990
TCTGCCGAAGACAGTCGAACCTTGTCCCAT	0	0	0	0	0	0	0	0	1466
TCTGCCTCTGTGTTGAGCAGGGAGCCATCG	0	0	0	0	0	0	0	0	1051
TCTGCGGTCCTACGCTGTGTGCGAATCTGA	0	0	0	0	0	0	0	0	5240
TCTGCGTTTAGGACCGGATATGAGTAATCA	0	0	0	0	59.75	0	0	0	360
TCTGCGTTTATAAGCGTATGTAGTTTTAGT	0	0	0	0	0	0	0	0	69
TCTGCTAGTTACTTGTCGCAAAGAATTCCT	0	0	0	0	0	0	0	0	359
TCTGCTATCCCCGCTCCAAGCATCTCAGGT	0	0	0	0	0	0	0	0	109
TCTGGACCAAGTGTGCCAAGGTGATGATGT	0	0	0	0	0	0	0	0	2893
TCTGGCAGTACCTGTGTTAGCTAGACGAAT	0	0	33	0	0	0	0	0	44
TCTGGCTACGTTGAATTTTTGGTAATAGTT	0	0	0	0	0	0	0	0	1826
TCTGGCTCGATTGGCTAATAAGCCCAAAGT	0	0	0	0	0	0	0	0	1657
TCTGGGATAGTGGGGTAACCTCACGCGCTT	0	0	0	0	0	0	0	0	2130
TCTGGGCCTATCGGACAACGGGTGAGAGAG	0	0	0	0	0	0	0	0	380
TCTGGGGCCTGAGGCTGAAAACGGATTGGT	0	0	0	0	0	0	0	0	1990
TCTGGGTGACAGGAAATTTGGGCGGAACAG	0	0	0	0	72.73913043	76.48	65.51269036	0	176
TCTGTAGCATAAACCGTGGTATGTAGTAAA	0	0	0	0	0	0	0	0	306
TCTGTAGTATTACTCGTATAGGCGGTCACT	0	0	0	0	0	0	0	0	14
TCTGTATAATGTCGATGGTCGGAACAAAAA	0	0	0	0	0	0	0	0	808
TCTGTATGGTAGGCTTCCTGATACGAATAG	0	0	0	0	0	0	0	0	1391
TCTGTCCTGATCGTTTGTGAGTTTTCTTTC	0	0	0	0	0	0	0	0	102
TCTGTGGGCACTTAGCAAGATATGGTCTTC	0	0	0	0	0	0	0	0	39
TCTGTGGGGTGCTAGGGCAATCGACATTGG	0	0	21	0	0	0	0	0	231
TCTGTGGTCGGTAGGGTTATGCGGGAGTCG	0	0	0	0	28.57608696	0	0	0	50504
TCTGTTAGGACTTGGTCCAGACATAGCAAT	0	0	0	0	0	0	0	0	1229
TCTGTTCGTTACTAGTTTTGTTACGGGTTA	0	0	0	0	0	0	0	0	1040
TCTGTTGTATTTCTGCAGCCTTGCTTCATA	0	0	0	0	0	0	0	0	508
TCTGTTGTGGGGGGTTACCTATCAGCAGCT	0	0	0	0	0	0	0	0	156
TCTTAAGTGGGGGCTCACACCTGCTATTGA	0	0	0	0	0	0	0	0	1186
TCTTAAGTTCCCTAGCTTATTGTTATATAC	0	0	0	0	0	0	0	0	119
TCTTAATACTACCATTTGTTTTGCTAAAGG	0	0	0	0	0	0	0	0	516
TCTTACATTGTGCGGTATCGCGTGTTATTG	0	0	0	0	18.18478261	0	0	0	0
TCTTACGGAAAGCAGAGTAAATGAGGGACT	0	0	0	0	0	0	0	0	34
TCTTAGATCGGAAAGAGACCTAGGCGTTAG	0	0	0	0	0	0	0	0	131
TCTTAGGCTTTTTGTACTGTCTACGGCATC	0	0	0	0	0	0	0	0	97
TCTTAGGGGACATCTGATTAAACACCGAGG	0	14.87551867	78	31.17391304	742.9782609	195.98	18.19796954	0	124828
TCTTAGGTCGGGCTGAGCTGAGGGGGCGGG	0	0	0	0	0	0	0	0	81
TCTTAGTAGCATCGCTAACGCCTCGTTGAC	0	0	0	0	0	0	0	0	430
TCTTAGTGTATTGTTCTTGCTGGATTCTTT	0	0	0	0	0	0	18.19796954	0	0
TCTTATTGCTGATGGTTGATTGTATAGGGC	0	0	0	0	0	0	0	0	5149
TCTTATTTCAGGATCCAGCTCTTCACTGTT	0	0	60	0	41.56521739	0	0	0	70
TCTTCAGTAGGCTCTGTACCCCAGGAACTC	0	0	0	0	0	0	0	0	1594
TCTTCCAGCATTATTTGTTGCAGGGAACCA	0	0	0	0	0	0	0	0	6527
TCTTCGAAAAGCTTCATATCTCACGTTTCT	0	0	0	0	0	0	0	0	752
TCTTCGTATGTAGATTGTTGAAGTCAGGTG	0	0	0	0	0	0	0	0	635
TCTTCTCCTGGACTAGAAGTGAGCCGGTGT	0	0	0	0	25.97826087	0	0	0	6776
TCTTCTTTTTACCCTACGCGTATTATGCTT	0	0	0	0	0	0	0	0	1519
TCTTGAAATATATTTCGACAGTTTCCTGCT	0	0	0	0	0	0	0	0	205
TCTTGACGGTTAAAATTTCCTGTTATAAAA	0	0	0	0	0	0	0	0	982
TCTTGACTCGGCCGATCTACTCGACTTGAT	0	0	0	0	25.97826087	0	0	0	3402
TCTTGAGTCCGTACTTTGGTGAATTCTATG	0	0	0	0	15.58695652	0	0	0	261
TCTTGATAATATTCCTTGGATACGGTGTGA	0	0	0	0	0	0	0	0	737
TCTTGATTTAAGTGGTTTTTGAGCTTATGT	0	0	0	0	28.57608696	0	0	0	2237
TCTTGCGTCATCGCCGATATTTCCCCATTT	0	0	0	0	0	0	0	0	16
TCTTGCTTAATCATTTGCCTTCCGGGAAAG	0	0	0	0	0	0	0	0	55
TCTTGGAGACTACCTGGGGTGCTACCGCTT	0	0	0	0	0	0	0	0	3119
TCTTGGAGTACATGCATGATCTCCTGTGCC	0	0	0	0	0	0	0	0	1448
TCTTGGGAGGAGGTTGGCCGAGGTTGCGGC	0	0	0	0	0	0	0	0	31
TCTTGGGCATTGTGGTTAACTAATTCTAAG	0	0	0	0	15.58695652	0	0	0	2441
TCTTGGGCTTTACGTGTTTTTGAAACCACT	0	0	0	0	0	0	0	0	278
TCTTGGGGTGTCGGGGGAGGACGCCGGCGT	0	0	0	0	0	0	0	0	43
TCTTGGTCAACAAAGTAGCTGGTGTGAGCA	0	0	0	0	46.76086957	0	0	0	752
TCTTGTACTTAATGTGGCGTTGAGATAACA	0	0	0	0	0	0	0	0	340
TCTTGTAGTCTCAATATGTATATCTACCAG	0	0	0	0	15.58695652	0	0	0	0
TCTTGTCGTTTACGCACGAGTACAGTATGT	0	0	0	0	0	23.9	0	0	1209
TCTTGTCTACTTCCCCTCGCTTACATAGTC	0	0	0	0	0	0	0	0	1107
TCTTGTGGACAGGGTATGGAACGCATCTGC	0	0	0	0	0	0	0	0	171
TCTTGTTCATTCAAAGAGTCGCTTCGTCCA	0	0	63	72.73913043	254.5869565	26.29	0	0	74103
TCTTGTTCCCCTGGTATTTGTTTAGATAGA	0	0	0	0	0	0	0	0	356
TCTTGTTGCATTTCGTCGTCTATTTTCAAG	0	0	0	0	0	0	0	0	39
TCTTTAAATTCGGTTCGACCGCGTCGTATC	0	0	0	0	0	0	0	0	776
TCTTTAAATTGTGGGGGCGGAATTTAACCA	0	0	0	0	0	0	0	0	467
TCTTTAAGTGAGTACAACATCCTTGCGCGC	0	0	0	0	0	0	14.55837563	0	2933
TCTTTAGTTATACATTCGCACAGGCCTCTC	0	0	33	15.58695652	1995.130435	21.51	0	0	16576
TCTTTCAACGTCAGTGCAGGCCGCGGTATA	0	0	0	0	0	0	0	0	822
TCTTTCACTTCGGTTGTATCCCTTCCTAAA	0	0	0	0	0	0	0	0	1331
TCTTTCGTATCGGAGTTAATGTTTCAGGGT	0	0	0	0	15.58695652	0	0	0	0
TCTTTCTCTGGGTAGGTAACACACACATAT	0	0	0	0	18.18478261	0	80.07106599	0	0
TCTTTGAATTACCTCTTCAGTTCTTTCTTT	0	0	0	0	23.38043478	0	0	0	30
TCTTTGCCTGTTGGGTCTGGACTAAAAGGG	0	0	0	0	0	0	0	0	15
TCTTTGTCTATTAGTAAAATAATTCGGTTT	0	0	0	0	20.7826087	0	0	0	761
TCTTTTAGTTTTGTCGAGATTTGTGCTATT	0	0	0	0	0	0	0	0	386
TCTTTTATGGTCCGTGCATCTTTTACGATA	14.6754386	0	51	0	251.9891304	109.94	0	0	47482
TCTTTTCTAATATAATCGGATTCGGGCTTT	0	0	0	0	0	0	0	0	674
TGAAAAACCTGTGGGGAAAAATCAAGCGAG	0	0	0	0	20.7826087	0	0	0	679
TGAAACCCGTGGAATTGCATTATATGGGTG	0	0	0	0	0	0	0	0	14
TGAAACTTTATTATGACACAGGTGACGCTA	0	0	0	0	0	0	0	0	119
TGAAAGCCATGTTTTGTTCCAAGCAATCTT	0	0	0	0	0	0	0	0	84
TGAAAGTGTTGCTGGGTCCCGGCGTGTTGA	0	0	0	0	0	0	0	0	184
TGAAATACAATGCTACCTTTAAAAATGTCC	0	0	0	0	0	0	0	0	217
TGAAATACCGATCATGACGTCTCTCTTCCT	0	0	0	0	0	0	0	0	521
TGAAATCTTCCCCATATATCATTAAGATTC	0	0	0	0	28.57608696	0	0	0	893
TGAACCCCTTTGTGATTCATAATTAGCTCG	0	0	0	0	0	0	0	0	1656
TGAACGGTAAGGGCGTCATACCTCGATTGT	0	0	0	0	0	0	0	0	733
TGAACTTACCCGTGTACACGGTGTTGCTCC	0	14.87551867	0	0	0	0	0	0	424
TGAAGACATACGGACGGTGGCTTTTATATC	0	0	0	0	0	31.07	0	0	31357
TGAAGATTGTCCCGAAGGGGTTAGGGCTGT	0	0	0	0	0	0	0	0	359
TGAAGCAACGCGTACGTGAGACTAAGCTGA	0	0	0	0	0	0	0	0	413
TGAAGCACCGTTGGCTGAGTCAGTGTTCCG	0	0	0	0	0	0	0	0	1858
TGAAGCCGAGGGAGGAGCACGCATCTTTCG	0	0	0	0	0	0	0	0	200
TGAAGCGCTATGATTAGGTTAATCGGTGAA	0	0	0	0	18.18478261	0	0	0	0
TGAAGCTCTGTGACGTTGTTAAAGCGTAGG	0	0	0	0	20.7826087	0	0	0	15
TGAAGGCAGTTCCGAGACTCGGCTTCCCGT	0	0	0	0	0	0	0	0	1386
TGAAGGGCGATACTTTATCCCGGAGATATG	0	0	0	0	15.58695652	0	0	0	611
TGAAGTGTGGTACATTTTCTGCGAATCACT	0	0	0	0	0	0	0	0	121
TGAAGTTGTTCGGGGTTATGTGGTTAGCTC	0	0	0	0	59.75	0	0	0	524
TGAATAACACCCGGGCGTCCTTACTACGTG	0	0	0	0	0	0	0	0	279
TGAATAAGGTCTCCTACATTATTGCATTCG	0	0	0	0	0	0	0	0	1044
TGAATAGCGGAAGGGCTCAGTAGGGGGGGC	0	0	0	0	0	0	0	0	2628
TGAATATAGTTTTCCAGTGTATATAGCTGT	0	0	0	0	0	0	0	0	115
TGAATCATCTTCTCTGTCAGCACACAGGCG	0	0	0	0	0	14.34	0	0	2452
TGAATGTTCGAGCATTGGTACGTTCTATAG	0	0	0	0	0	69.31	0	0	1926
TGAATTAGCTTGTAAGACGACGCTCATTTG	0	0	0	0	0	0	0	0	1719
TGAATTCCTAAATCTGTCTGGTGTAAGTAG	0	0	0	0	15.58695652	0	0	0	0
TGAATTTTTTCTCGTCCTCTTTTTTAAACG	0	0	0	0	23.38043478	0	0	0	1392
TGACAAAGTGGTATGGCCCGAAACTCGGAC	0	0	0	0	0	0	0	0	1553
TGACACATTAGGTTCATACTCCTGCCAGGT	0	0	0	0	0	0	0	0	3512
TGACACGTCGTGCGGGGGTGCGTCGTGTCC	0	0	0	0	0	0	0	0	1490
TGACACTTAGGCTTTAAGAATTCGCCGCCG	0	0	0	0	0	0	0	0	328
TGACAGCGCGGTGGGTTTTGGTGGTTGATG	0	0	0	0	0	0	0	0	552
TGACATAGTAGTACGGATGGTCCAAGGTAC	0	0	0	0	0	0	0	0	59
TGACCTAGGGTGCAGCAGAGTCCGTTAGTC	0	0	96	0	0	0	0	0	0
TGACCTATCTCCTCCTTATGTGATCTAGCC	0	0	0	0	0	0	0	0	1104
TGACCTGCATTTCCATAAGCATTTTGACTC	0	0	0	0	0	0	0	0	2153
TGACCTTGTGAAGAAATTCCGTTTATAACG	0	0	0	0	0	0	0	0	378
TGACGAAAGGCGTAAATCGCGAGCATGTCA	0	0	0	0	0	0	0	0	1455
TGACGAAGCGTCGCATCAATCTCTCCACTT	0	0	0	0	0	0	0	0	694
TGACGCTAGGTGGTCAACTGGTTCTCACCG	0	0	0	0	0	0	0	0	1097
TGACGGAGGGCGGTAACGGCAGGTGATGGG	0	0	0	0	0	0	0	0	572
TGACGGCCTAGTTGCCTTCAGGATTTTCTC	0	0	0	0	0	0	0	0	1615
TGACGGCCTTTTTATAAACGTCTGGGTGCA	0	0	0	0	0	0	0	0	14
TGACGGGGCCTTCCGGGGTGCTATTGTGCA	0	0	0	0	0	0	0	0	569
TGACGGTCCTTTATAGTTCTAAAAGGTCGC	0	0	18	0	18.18478261	0	0	0	2076
TGACGGTGCGATTGAGGGTGCGACGTCAGC	0	0	0	0	25.97826087	19.12	0	0	1717
TGACGTCTGTGTGAGCAGGGCTGTTGGAGT	0	0	0	0	20.7826087	0	0	0	11308
TGACGTGTGTTGGGGCCCGGAAGATACGGG	0	0	0	0	0	0	0	0	3580
TGACTATATACGTACACGGGCTTGTATGTT	0	0	0	0	15.58695652	0	0	0	856
TGACTCATGAACGTTAAGCTCTTCGGTTAC	0	0	0	0	18.18478261	0	0	0	46
TGACTCCTGTCAACCCGCCATTACCGTCAC	0	0	0	0	25.97826087	0	0	0	28
TGACTCGACTGGGGAGGCTTTGCATAACGG	0	0	0	0	0	0	0	0	121
TGACTCTACATGCGGAAGACAAGGCATCGA	0	0	0	0	0	0	0	0	645
TGACTGCTTTTCCTTTCAAGAACGGGCTGA	0	0	0	0	0	0	0	0	220
TGACTGGTGTATCCTGGGGACATATTTAGG	0	0	0	0	0	0	0	0	385
TGACTGTCAGCTGTAGCTTGTTTGTCCCAC	0	0	0	0	0	0	0	0	22
TGACTGTGAGCGTTCGCAGGAGGGTCGGTA	0	0	0	0	0	0	14.55837563	0	2344
TGACTTCATGCGTAACCTTGCGTCGGGGTA	0	0	0	0	0	0	14.55837563	0	0
TGACTTCCTTCTCATTCTTTCCGTCGGAAG	0	0	0	0	0	0	0	0	856
TGACTTTGAAATGGGGGTCTATTGCCCCCT	0	0	0	0	0	0	0	0	585
TGAGACGGTACCTTTTAAGTATCGCTTTTG	0	0	0	0	0	0	0	0	23
TGAGACTTTGGATCGTGTAGGGTTTATCCA	0	0	0	0	0	0	0	0	1045
TGAGAGAAATGGCGCTGGCCCAGGAAAGGG	0	0	0	0	0	0	0	0	208
TGAGAGTGCAGAGTGGTCTTGACTCGGGTG	0	0	0	0	0	0	0	0	767
TGAGATTTTAATACGTCTAGAAGATTGACT	0	0	0	0	0	0	0	0	38
TGAGCATCGGCTCTCAAAAGCGTCTATGTG	0	0	24	0	0	0	0	0	0
TGAGCCACTCAGAATGAGATCCGTATTCAA	0	0	0	0	0	0	0	0	1907
TGAGCCTAAAAAGCAATCGGAATATCAGTA	0	0	0	18.18478261	875.4673913	289.19	0	0	76471
TGAGCGCAGTGCTTGAAGACTTGCAATACA	0	0	0	0	0	0	0	0	1540
TGAGCGTGTGTACGTCCGTCGAAGCGATGC	0	0	0	0	0	0	0	0	2519
TGAGCTCTGCGCCCTTTCTGTATTGCGTAG	0	0	0	0	0	0	0	0	138
TGAGGAGTGAAAGGGGATGGAAGGGAGTCT	0	0	0	0	0	0	0	0	1260
TGAGGATATGGTCTGGATATGGCTTCAGAT	0	0	0	0	0	0	0	0	1092
TGAGGCACCTTCTTTCGTGTAAGGACGTTC	0	0	0	0	0	0	0	0	1124
TGAGGCGGTCTATGCGTAACGGTGAATGGG	0	0	0	0	0	0	0	0	1845
TGAGGGCCAACCGGTGGGTGAAGGACGGTG	0	0	0	0	0	0	0	0	2344
TGAGGGGGAAAAGGGCGGGTGTATATGGGC	0	0	0	0	38.9673913	0	0	0	0
TGAGGGGGCCAGTCGTTCTCCGTCAAGTCG	0	0	0	0	103.9130435	131.45	0	0	0
TGAGGGTGAAAAGTGAGCAAGCCAGATCCG	0	0	0	0	0	0	0	0	2488
TGAGGGTTGGAGGATGTGCCAGAACGTCGT	0	0	0	0	0	0	0	0	2053
TGAGGTCACGATGGTACTATGGCTCGGTAG	0	0	0	0	0	0	0	0	2284
TGAGTACGGGACCGGGGGACCGGAGATTAA	0	0	0	0	0	0	0	0	1212
TGAGTATTAATATAAGGGAATAACGGTGTA	0	0	0	0	0	0	0	0	387
TGAGTATTTATGCTTGCATACTTTCATGAT	0	0	57	0	0	0	0	0	49
TGAGTCGAAAATATTGGTGTCAGGTGCATT	0	0	0	0	0	0	0	0	691
TGAGTCGACGGCCCATAGCCATAGGCGGTG	0	0	0	0	0	0	0	0	61
TGAGTCGTTCCCATTTTATCTCGGGACGTA	0	0	0	0	0	0	0	0	46
TGAGTCTACGCGCGCGGGCGTATGGATAGC	0	0	0	0	0	0	0	0	1294
TGAGTGCGGGCCAGGATGCAGGGCGACGTG	0	0	0	18.18478261	0	0	0	0	9315
TGAGTGCTTTTCCAGTTATAGAATGCGCCA	0	0	0	0	15.58695652	0	0	0	30
TGAGTGGCCATTTGTGATGGACTAACACCG	0	0	0	0	0	0	0	0	683
TGAGTGGCCGTCGGCGGCCCCGGCTATTGC	0	0	15	0	0	0	0	0	42
TGAGTGTATCATAATTTGATTTTGCCGGCT	0	0	0	0	0	0	0	0	59
TGAGTTCCGAAAGGGTTTTAGTGGGTTTTC	0	0	0	0	0	0	0	0	1169
TGAGTTCTGATCAGAGGAATAGTTCTCCTT	0	0	0	0	25.97826087	0	0	0	1227
TGAGTTGCCTTTCTAAGTTTCTGCCCAGAT	0	0	0	0	0	0	0	0	582
TGAGTTTCATAAGACTCCTCTGTATTTATC	0	0	0	0	0	0	0	0	63
TGAGTTTTATGGCATAATTTCGATGCGGGT	0	0	0	0	0	0	0	0	213
TGAGTTTTGGTGCCCGCGGGTTGTGCGAGG	0	0	0	0	0	14.34	0	0	0
TGATAACTTTGGCTTATGAGGATGTAGTAG	0	0	0	0	0	0	0	0	44
TGATAAGCTGCTTCTCTTAGTTACAAGTAC	0	0	0	0	0	0	0	0	573
TGATAGGATTGATATCCGGCGGATTTCTAC	0	0	0	0	0	90.82	0	0	2203
TGATATGGACTCACTGCACTAGCAAGTGCT	0	0	0	0	0	0	0	0	62
TGATCAGCAGTGTACTCTACAGATTCCTAG	0	0	0	0	0	0	0	0	58
TGATCAGCCAACTATTATGCTATTTGTGCA	0	0	0	0	0	0	0	0	105
TGATCAGCTCCCTACAGATTCGCGGGGTTG	0	0	0	0	20.7826087	0	0	0	716
TGATCGCGGACAACCGGGCATGGGGTTGCG	0	0	0	0	0	0	0	0	18
TGATCGTATTTCATACTACCTGAGAAACAC	0	0	0	0	0	0	0	0	73
TGATCGTGCGTTTCTTTAGCATGTGCAGGT	0	0	0	0	0	0	0	0	2382
TGATCTTATGGGGTGGTGTCAGGTACGCAG	0	0	0	0	0	0	0	0	1792
TGATCTTATTGTAATTAAAGTCGTTATCCG	0	0	0	0	0	0	0	0	265
TGATGACTGCTGAACAAAATGGTTTCTATC	0	0	0	0	0	0	0	0	1020
TGATGACTTAGACCCCAGGATATCTACGGG	0	0	0	0	0	0	0	0	1173
TGATGAGTTTTCGTTCGGTTCTCTTGATTT	0	0	0	0	0	0	0	0	111
TGATGCATCAGGGGGTATGTCGTAATTTTG	0	0	0	0	0	0	0	0	73
TGATGCTACACGGGCTAAGTATGACGAAAT	0	0	0	0	0	0	0	0	625
TGATGGATCTCAACGACGCTTACCCTTGAG	0	0	0	0	0	0	0	0	1487
TGATGTAGCCTGCGTCTGTTTATCGCGGTC	0	0	0	0	0	0	0	0	403
TGATGTCATTGGCGAGGGTTAGCGGGGATA	0	0	0	0	0	0	0	0	390
TGATGTCGGATTGGGGGGATGCAATGGCAG	0	0	0	0	0	0	0	0	609
TGATGTGGACAGCGGAACCAACGTCCTATC	0	0	0	0	0	0	0	0	48
TGATGTTCTTGGCTTAAAAGCAGTGCGCAC	0	0	0	0	0	0	0	0	2040
TGATTAGGACTGTGTGTGGAGGTGTCCGTG	0	0	0	0	0	0	0	0	493
TGATTAGGGAAAGGTGCTCGTACGCAGGGC	0	0	0	0	0	0	0	0	106
TGATTAGTATTACGGAATCGAAGGGGGGAA	0	0	0	0	0	0	0	0	18
TGATTCGAGTAGATGATGAGAATAAGCATG	0	0	0	0	41.56521739	0	0	0	0
TGATTCTCGATCCCCGATTTAAATCAGACA	0	0	0	0	0	0	0	0	60
TGATTCTCGCTGGGAAGGTTGTTTATGTGG	0	0	0	0	0	0	0	0	1042
TGATTGCCACGAGTCCATTATGTGATTGCC	0	0	0	0	0	0	0	0	1868
TGATTGCTGCCCATTATGCAACAGGGCAGC	0	0	0	0	0	0	0	0	89
TGATTGGACGTTCCTCACCTTCCGAGAGGG	0	0	0	0	0	0	0	0	2125
TGATTGTAACTCAGCAGAACGCGTAGCAGC	0	0	0	0	0	0	0	0	2664
TGATTTCGCGGGATTAATGCTTATACAATC	0	0	0	0	0	0	0	0	194
TGATTTCGGGCGCTTGGGGGTGAGTGAAGT	0	0	0	0	0	0	0	0	525
TGATTTGGTCGCCGTTGTGGGAGACGGGCA	0	0	0	0	0	0	0	0	18
TGATTTTGCAGTCTAGAAATGCATACTCAC	0	0	0	0	0	0	0	0	24
TGATTTTTCAAATTGAAAATTTTTAGGCCT	0	0	0	0	0	14.34	0	0	920
TGCAAATCCGTGTTTAAGTCTTTTCGCCCG	0	0	0	0	0	0	0	0	1231
TGCACAGATATTTTGTTCTGCGGAGACGAA	0	0	0	0	0	0	0	0	71
TGCACATACTACCTTGGTCGACATCCGTAG	0	0	0	0	0	0	0	0	735
TGCACGCTCTTAGTCGTGCGTGGCCGTCTT	0	0	0	0	0	0	0	0	1388
TGCACGTTAGTTTGGAGATACGGGCGGCGT	0	0	0	0	15.58695652	0	0	0	127
TGCAGAACAGATACACAACAGTTCCATTTG	0	0	0	0	0	0	0	0	1610
TGCAGATAGAAGTTGTTCGATCACGATTAG	0	0	0	0	0	0	0	0	1648
TGCAGCGGGGATCTCCATATCGAGTCTGGG	0	0	0	0	0	0	0	0	1016
TGCAGCTTCGTGCAGATGACCGTGTGGGCG	0	0	0	0	0	0	0	0	1809
TGCAGGATCGGCAGAGCACGTGAGGGTGCG	0	0	0	0	0	0	0	0	110
TGCAGGATCTAGGCTTTTCGGAAAGTCTCG	0	0	0	0	0	0	0	0	95
TGCAGTACGATTTTAGTGTCATTAATTTAT	0	0	0	0	0	0	0	0	18
TGCAGTGCCTACCCAGTGTGATCTACTAGC	0	0	0	0	0	2621.83	0	0	29
TGCAGTTGCGTTCGGGTGGGAATGTGCTCC	0	0	0	0	0	0	0	0	2267
TGCATAACTCTATTTATTGAACCGACTCGC	0	0	0	0	20.7826087	0	0	0	500
TGCATAAGTAGGAGTAGAAAAATATCGCAG	0	0	0	0	0	0	0	0	198
TGCATATCTGTGGTTTGGATTCTTCCTGTA	50.31578947	0	63	0	15.58695652	14.34	0	0	9164
TGCATCGCTGAATAGTTCGGCCAGAGACAT	0	0	0	0	0	0	14.55837563	0	1685
TGCATCGGTTCACAGATGATTCGAGGTCTC	0	0	0	0	0	0	0	0	163
TGCATCTGAGTAAACATGTACGGTATTTGC	0	0	0	0	0	0	0	0	1658
TGCATCTGCGCTCCGTTTAGCGTGATCCGG	0	0	0	0	0	0	0	0	1173
TGCATGCCATCGCGTTTTATCTGGTATGAT	0	0	0	0	51.95652174	0	0	0	144
TGCATGCGGTGAAAATAGAAGACTCAGGCG	0	0	21	18.18478261	0	0	0	0	279
TGCATGGTTAGCGAGTCTATAATATTCGGC	0	0	0	0	0	0	0	0	2605
TGCATGTTTCTGGCCTTGCAACACTAGATA	0	0	0	0	0	0	0	0	221
TGCATTACAATAGTCACCGGACACCGAATT	0	0	0	0	0	0	0	0	798
TGCATTCGAAATTTATCCTGATAAATACAA	0	0	0	0	0	0	0	0	215
TGCATTGCTGACCAAAATGTACTTACGCCG	0	0	0	0	0	0	0	0	303
TGCCAAGGGCCCTGATTGGGACCCGTATGC	0	0	0	0	0	0	0	0	2242
TGCCAAGTAAGGAGTTTGCGCTTCAGCGAG	0	0	0	0	0	0	0	0	17
TGCCAGCCAGTAATCCTCAGATTACACCTC	0	0	0	0	0	0	0	0	855
TGCCCAGCGTAGCTGCTGGTTAACTGGGTT	0	0	0	0	0	0	0	0	1455
TGCCCATTCGGTCCCCGACGACTTGACTCG	0	0	0	0	0	0	0	0	73
TGCCCCCCACATGGTATGTTGCAAGTTCAG	0	0	0	0	0	0	0	0	199
TGCCCCTTTTAGAACGTAACGACGCATCGG	0	0	0	0	0	0	0	0	1058
TGCCCTGTACCGTGTGCACCAGTTACATTT	0	0	0	0	0	19.12	0	0	0
TGCCCTTACGGTCTCTTGGCTACGGTAATT	0	0	0	0	0	0	0	0	27
TGCCCTTTTAACATGTTTAGTCGAGATCTG	0	0	0	0	0	0	0	0	109
TGCCGAGGAGGTTCGATAGTTGCTATGCCG	0	0	0	0	54.55434783	0	0	0	0
TGCCGCCCCCTCGTTGAGACAAAGGGAGAA	0	0	0	0	0	0	0	0	36
TGCCGCCCTCGGTGATCAAGGGACCGGTGA	0	0	0	0	0	0	0	0	969
TGCCGGATTCCTCGTCTAGTTTTCTTCTGT	0	0	0	0	0	0	0	0	2943
TGCCGGCTGAAGCATTACCTGTGGCTCATT	0	0	0	0	0	0	0	0	19
TGCCGGTAATGTAAGCGGAGCAATTCTAAT	0	0	0	0	0	0	0	0	4009
TGCCTAGAGTTGTCAGCAATCATCTTCCCT	0	0	0	0	0	0	0	0	2262
TGCCTGGGTTTTGGTTACCTCCACTTACCT	0	0	0	0	0	0	0	0	323
TGCCTTCTTTTTAATGTAGAGATTTTGAAG	0	20.82572614	0	0	0	0	0	0	1442
TGCCTTTGGTATCGTCCAAGTTGCCTGCGG	0	0	0	0	0	0	0	0	1792
TGCGAACAAATCTACACCGAACCAACTTGT	0	0	0	0	0	0	0	0	358
TGCGAACTAATTTATGAATGGTCTCCGTGC	0	0	0	0	0	0	0	0	574
TGCGAAGACAGGTCGGATTGTGATACCAGT	0	0	0	0	0	0	0	0	1455
TGCGAAGTGCTAGTTGCTCCCTTCCAATAG	0	0	0	0	0	0	0	0	272
TGCGACACCGTACTAGTCTATAGAATGACG	0	0	0	0	0	0	0	0	142
TGCGACGCTACGTTTTGGTGTACGACATTT	0	0	0	0	0	0	0	0	27
TGCGAGTTTCCAGAAATTACTGCGTTAATG	0	0	0	0	0	0	0	0	1018
TGCGATCTTCCAGGCGGGTCTCGCACGTCG	0	0	0	0	0	0	0	0	927
TGCGATGTGGTAGCGTAGGGACCCCTCGGG	0	0	0	0	51.95652174	0	0	0	47
TGCGCAATAGAGGTATGGTGGTTTAGATTA	0	0	0	0	0	0	0	0	1107
TGCGCAGATCCGTAAACCCCACATTGTCTA	0	0	0	0	0	0	0	0	202
TGCGCAGTGGGTAGTACCCCTTGGTCTGAG	0	0	0	0	0	0	0	0	23
TGCGCCAAATTAAGGAATATATTTGAAAAA	0	0	0	0	0	0	0	0	506
TGCGCCGTGATTTCCATCGAACTAGCGAAT	0	0	0	0	0	0	0	0	1252
TGCGCGAATCTGCGTCAAATTCAATTCTCG	0	0	0	0	0	0	0	0	105
TGCGCGCGCCAATCGCAGGGCGGGGGGTCG	0	0	0	18.18478261	18.18478261	0	0	0	0
TGCGCGGGTGTTCTTGAAGCTTCGGTATTC	0	0	0	0	0	0	0	0	1153
TGCGCTGCGGTAGGAGGATTTGGGCTGGTG	0	0	0	0	25.97826087	54.97	0	0	504
TGCGGAATAGTCTCCAGCTCGCTCCTTAGT	0	0	0	0	0	0	0	0	23
TGCGGAGTCCAATGAATCGCCCTTACGGCT	0	0	0	0	0	0	0	0	1375
TGCGGCACACCACATTTTGACCTAGGAACT	0	0	0	0	0	0	0	0	1819
TGCGGCGCAGCACGCACGCACCGATTAGAC	0	0	0	0	0	0	0	0	36
TGCGGCTGGGCCGGGCAGGCGGGGGGGTCA	0	0	0	0	0	0	0	0	143
TGCGGGCGACGAGCGTTTGTGGGCTCCGCT	0	0	0	0	0	0	0	0	296
TGCGGGCGTAAGTAGGCATTTTGCGATAGA	0	0	0	0	0	0	0	0	517
TGCGGTGCTCTATCTGGGTACGACCAAACA	0	0	0	0	0	0	0	0	611
TGCGGTGTGCGCGTTGCTTAGCTGCCAGTC	0	0	0	0	0	0	0	0	321
TGCGTAAGTGTAGTAACTGGTCCTATTATA	0	0	0	0	0	0	0	0	1583
TGCGTATGGAAGGCGATGTCCTAACAACTT	0	14.87551867	15	0	150.673913	64.53	185.6192893	0	193
TGCGTCATCGCCGTTCACGGGTCGGTTCCT	0	0	0	0	0	0	0	0	468
TGCGTCGGGGGACAATAGGCACGGGCACTG	0	0	0	0	0	0	0	0	295
TGCGTCTTATGGAAATAATACGCAGATGGC	0	0	0	0	0	0	0	0	1639
TGCGTGACGCCCGATCCGCCATGACTTTAT	0	0	0	0	0	0	0	0	37
TGCGTGCGGAGGCGTAGCGGCGTGTGGTCG	0	0	0	0	0	0	0	0	129
TGCGTGGTCCTTCCTATTGCTCTAATGTTG	0	0	0	0	0	0	0	0	259
TGCGTGTGCGGTCTGTACGCCGACGGTGTT	0	0	18	0	23.38043478	0	0	0	179
TGCGTTGGGGACTGGGCATCTGGTGACGGG	0	0	0	0	0	0	0	0	1924
TGCTAACGCTTCCGGGGTGGGTGCGAGAGG	0	0	0	0	0	0	0	0	194
TGCTAACTAGTCCTCTTAGGTTACCGAACT	0	0	0	0	15.58695652	0	0	0	1019
TGCTACGCTAGAGAAGGGGCTTAGGAGTCG	0	0	15	0	0	0	0	0	58
TGCTAGATCCTTGGTTTTTCCCTACAAACC	0	0	0	0	0	0	0	0	1546
TGCTAGCACGTTTTTCCCAAGGTTATACCC	0	0	0	0	0	0	0	0	2132
TGCTATATTTAGCGTGATGGTCTCCAACAG	0	0	0	0	31.17391304	0	0	0	0
TGCTATCCACGTTGGGGGGCCTGCAACAGC	0	0	0	0	57.15217391	0	0	0	57
TGCTATGGGTGACGCCGTGGTTAGTTCCAG	0	0	0	0	31.17391304	0	0	0	942
TGCTCCGTTCGGGTCTCGGCTTGTATGCCA	0	0	0	0	0	0	0	0	2583
TGCTCCTGATGGCACCGACATTCCGCTTTT	0	0	0	0	0	0	0	0	510
TGCTCGGATGGTGCCTAGAATCTTCCAATC	0	0	0	0	0	0	0	0	3888
TGCTCGGGATAGACAGGTGTCCGCATGAGG	0	0	0	0	0	0	0	0	635
TGCTCGGTGTCGTGGCCAGCGGATTGTGTT	0	0	0	0	0	0	0	0	1727
TGCTCGTATACTGTCCTTTCCCGGATATAC	0	0	0	0	0	0	0	0	3393
TGCTCGTCGATGTGTGAGAAGGGGCTCCCA	0	0	0	0	0	0	0	0	1332
TGCTCGTGGATTTGGCTCGATAGGGCTGCA	0	0	0	0	0	0	0	0	105
TGCTGAATGGATATTGGTTCAAACTGATCC	0	0	0	0	0	0	0	0	1396
TGCTGAATTTTTATTCTTTGTGACTGTTTG	0	0	0	0	0	0	0	0	21
TGCTGATCGATTGGTAAAGGCGGGTACAGA	0	0	0	0	0	0	0	0	1526
TGCTGCGTCTGATGAGGATTAGTGTGGTGC	0	0	0	0	0	0	0	0	538
TGCTGCTAGACCTCACATAGAACCCGTCTA	0	0	0	0	0	0	0	0	716
TGCTGCTCGAACAGCCAACCTTTTTGGAGT	0	0	0	0	0	0	0	0	127
TGCTGGACGGTAATTGATCCGACGGGGAAA	0	0	0	0	0	0	0	0	1532
TGCTGGGAGGACGACAGAACTCCATGGCCT	0	0	0	0	0	0	0	0	15
TGCTGGGGTCGTTGCTCGGTGTCGAACGTC	0	0	0	0	0	0	0	0	2232
TGCTGGTGAGTGCCAGAAATTCGATGACCG	0	0	0	0	0	0	0	0	4248
TGCTGGTTATCGGTAGAACCCGTAAATGTT	0	0	0	0	0	0	0	0	721
TGCTGTCACATATGCAACTTACTTGAATTC	0	0	0	0	31.17391304	0	0	0	1795
TGCTGTCTTGATTCGCGCTTGACGCAATTC	0	0	21	0	0	0	0	0	70
TGCTGTGTTTTCAGATCGCGGTTTATTGAT	0	0	0	0	0	23.9	0	0	344
TGCTGTTATGCTACATTTATTCTAGACTAA	0	0	0	0	0	0	0	0	1113
TGCTTCAGCCCGCGTATATCAGCGAGATGT	0	0	0	0	0	0	0	0	542
TGCTTCCTTCGCTGCGTGTGTGGAACGTTT	0	0	0	0	0	0	0	0	1192
TGCTTGCGGAGGGCAAGTGTATGGATTATA	0	0	0	0	0	0	0	0	254
TGCTTGGCTTACGCCCGTCTCATGCATCCT	0	14.87551867	0	0	0	0	0	0	2576
TGCTTGGTTACGGTGCTATTATCATTAGGT	0	0	0	0	0	0	0	0	941
TGCTTTGTAGGGACCAGTTTCAGAGAGCTT	0	0	0	0	0	0	0	0	1708
TGCTTTGTGCGGTGGCCTGCACCGGGGTCG	0	0	0	0	0	0	0	0	1551
TGCTTTGTGTATAGTTTCTGATTTGTACTA	0	0	0	0	0	0	0	0	1256
TGGAAAACGCATTTGATGCCTATCCGGGCC	0	0	0	0	0	0	0	0	1890
TGGAAACTGGCTCCTGCAGTCCCTTTAACA	0	0	0	0	0	0	0	0	393
TGGAACAAGGGCTTACTGGGCAGGATGGCC	0	0	0	0	0	0	0	0	639
TGGAACGTCATTCCCTGAGCACGTTACAGC	0	0	0	0	0	0	0	0	262
TGGAAGTGCATGGGGGCGCTAGAGGGGAAT	0	0	0	0	0	0	0	0	37
TGGAATCGCCTATGGTGCTACTTTTTTCGT	0	0	0	0	0	0	0	0	2130
TGGAATGGATCGCAATCACGTCACGCGATT	0	0	0	0	0	0	0	0	461
TGGAATTTTCATTGGGTCATAAAACTGTTC	0	0	0	0	0	0	0	0	438
TGGACCACTCCACTCCTTGCCTATTGAGGT	0	0	0	0	0	0	0	0	739
TGGACCCCTCGTTTCCTGATCTTCACACGC	0	0	0	0	0	0	0	0	101
TGGACCCTTTGTTTGTTGACTATACATGGA	0	0	0	0	0	0	0	0	158
TGGACGGAGGAGCTATAAGGTGAGAGTTTT	0	0	0	0	501.3804348	0	0	0	64
TGGACGGTAATGACCTCTATACGCAGCTAT	0	0	0	0	72.73913043	0	0	0	484
TGGACTGATAGCTGATGTAGTAGTACCCTT	0	0	0	0	0	0	0	0	838
TGGACTTTGTAGGTAAGCTGTGTGAGCCCC	0	0	0	0	0	0	0	0	481
TGGAGAAAAGTATAGCGCTAGGTATTACTT	0	0	0	0	0	0	0	0	14
TGGAGATGCGATAATCCCGTGCCATCGTGC	0	0	0	0	0	0	0	0	539
TGGAGCAATTATAACATCACCATGTGAGAA	0	0	0	0	20.7826087	97.99	0	0	0
TGGAGCCTTTATTTAATCTAATGCACTCTA	0	0	0	0	0	0	0	0	31
TGGAGCGATTGTGATACTTGTTCATTCTTA	0	0	57	0	67.54347826	26.29	0	0	149
TGGAGGCTATTTACAGGTATTTATTATTGC	0	0	0	0	0	0	0	0	693
TGGAGGTGAAGAGCGCGTCAGAGTCTGCGT	0	0	0	0	0	0	0	0	16
TGGAGGTGGTTCGTGCGTCTGGACACGAGT	0	0	0	0	0	0	0	0	108
TGGAGTAGTCTGAGCGATTGTAGCAGTCGT	0	0	0	0	0	0	0	0	8298
TGGAGTGATATAAGCGCCTCCAGGCTTGGG	0	0	0	0	0	0	0	0	1178
TGGAGTGCGCTTGAGGATTCGGCCGCCTAG	0	0	0	0	0	0	0	0	27
TGGATAAGCTCACAGAGTAGAGATTGGTGA	0	0	0	0	31.17391304	0	0	0	466
TGGATCAGCGAAGGTGAGCTTTGGCCGCTC	0	0	0	0	0	0	0	0	1799
TGGATCGTATTACAGCATGGGAGATAAGCG	0	0	0	0	0	0	0	0	1931
TGGATCTCTCCGTAACAACCTTCGCGAACT	0	0	0	0	0	0	0	0	55
TGGATGGGCTTAAGCATAGTTTGTCCATGC	0	0	0	0	0	0	0	0	376
TGGATGTTAACGTGAACCAACTACTTTAAG	0	0	0	0	0	0	0	0	596
TGGATTACCGTCAAAGTCCACGCTTAATCC	0	0	0	0	0	0	0	0	1523
TGGATTTCCAGTTTGATAATGCGTCCCTCT	0	0	0	0	0	0	0	0	134
TGGCAAAGAGTACTCGCCTCGGCGCTCAGC	0	0	0	0	0	0	54.59390863	0	0
TGGCAAGCCGCTTGTTTGAGTACGGATACA	0	0	0	0	0	23.9	0	0	759
TGGCACCTGACCGGCGCTCTGGGGTTTTGA	0	0	0	0	0	0	0	0	14
TGGCAGTTACCTAGGATTTCGAAACCGGGA	0	0	0	0	0	0	0	0	1424
TGGCATAGACGTTCAGAGCGCGGGGCTGAG	0	0	0	0	0	0	0	0	1742
TGGCATAGATTACTCCTATAGTTACATTTG	0	0	0	0	0	0	0	0	24
TGGCATGACGTAAAGGGCCGAGTTACCCCG	0	0	0	0	0	0	0	0	21
TGGCATTTTTAATCGCTCAGCAATTCTGTT	0	0	0	0	0	0	0	0	1781
TGGCCATATAACATTCCGCATCGGATCAGA	0	0	0	0	0	0	0	0	1937
TGGCCATCCCGCCTTGGCAAGATGCGCTAG	0	0	0	0	0	0	0	0	102
TGGCCATTAACGCCGAACACTTTGGGAGCA	0	0	0	0	0	0	0	0	43
TGGCCCAACCCAGCTTGCCCTACGCTCTGT	0	0	0	0	0	0	0	0	924
TGGCCCAATGCCTTATGGATTCAACTCCTA	0	0	0	0	0	0	0	0	254
TGGCCCCCGCTTTACTTCCTATTTGGACGC	0	0	0	0	0	0	0	0	194
TGGCCCCCGGGTTTATCGGTTATGATCACT	0	0	0	0	0	0	0	0	132
TGGCCTGTATCTTTTGGATGTTTTTGAGGA	0	0	0	0	0	0	0	0	1974
TGGCCTGTGCTTGGGGTCGGGTTCCCCGCG	0	0	0	0	0	0	0	0	3039
TGGCCTGTGGGTAGACTAGTCCGGCGATAC	0	0	0	0	0	0	0	0	362
TGGCCTTTGGGGACGGCACGGACACTGGGT	0	0	0	0	0	0	0	0	34
TGGCGAGGACGACGGGTAGTAGGCGATGGG	0	0	0	0	0	0	0	0	824
TGGCGATGGGGGGGCGCGACGCTTGTGGGG	0	0	0	0	0	0	0	0	972
TGGCGCGGTAATGCGAGGGCGGTGTACTGG	0	0	0	0	0	0	0	0	188
TGGCGGAGCCAGCCCTCGCGGTCGCCCGGG	0	0	0	0	0	0	0	0	1008
TGGCGGGCTGACTAATGCCCTTCAGGTTAA	0	0	0	0	155.8695652	0	0	0	498
TGGCGGTCTGGGCCTCTGGATGCAACAGGA	0	0	15	0	28.57608696	0	0	0	293
TGGCGGTGGACCTAGTATGCTGTTATTAGT	0	0	0	0	0	0	0	0	1317
TGGCGGTGGGTTATTAGCGATGGTGTGTGT	0	0	0	0	0	0	0	0	1008
TGGCGTACAATATCAGACGTCTACTTTTCG	0	0	0	0	0	0	0	0	19
TGGCGTCATTACCACGTAAATGTAAAGGTG	0	0	0	0	28.57608696	0	0	0	40
TGGCGTCGGGACCTCCTGTCCAATCCAAGA	0	0	0	0	0	0	0	0	23
TGGCTAGTAGCTGCGCGAAGGGCATGCCTG	0	0	0	0	15.58695652	0	0	0	0
TGGCTCAGAATATACAAGAGAACGTTCGAA	0	0	0	0	0	0	0	0	481
TGGCTCGCTCCGAGGGGGCCTGTGGTCGGT	0	0	0	0	0	0	0	0	1325
TGGCTCTGCTCGAGGCGTGGTATGGATGGT	0	0	0	0	0	0	0	0	1663
TGGCTGGGGGGTTGGGTAAGTGAGTGACGA	0	0	0	0	0	0	0	0	65
TGGCTTCAAACACCAAAATTTATGTTTGTA	0	0	0	0	59.75	129.06	0	0	238
TGGCTTCGCGTTCACTACCCTTCGTGCTTT	0	0	0	0	0	0	0	0	1214
TGGCTTGCGCACCACGCGTCGTTATGGAGT	0	0	45	0	64.94565217	57.36	0	0	12665
TGGGAAATTCGTGTTGTCGAATCATCCGGG	0	0	0	0	0	0	0	0	26
TGGGAAGAGGTGGGGGGAACCCATGCGAGG	0	0	0	0	0	0	0	0	97
TGGGACCAGTAATAAAACATTCACTATTAC	0	0	0	0	41.56521739	0	0	0	759
TGGGAGACGCTCTAGTTTTCATTAGTAGTG	0	0	0	0	0	0	0	0	16
TGGGAGAGTTCCTTTTTGAGATAGGTGGCT	0	0	0	0	0	0	0	0	1423
TGGGAGATGTGGTTTGAGTGCTATCCGCCT	0	0	0	0	111.7065217	0	0	0	2082
TGGGAGGATTGGGCGTCAGCAAGGGTCTTT	0	0	0	0	0	0	0	0	1865
TGGGAGGTGGGACCGGCTTCGGATCTAGGG	0	0	0	0	0	0	0	0	36
TGGGAGGTTATTGTAGTAAGTTACGCTGGA	0	0	0	0	0	0	0	0	86
TGGGAGTTGTGACACAGCGCTCATGAACGG	0	0	0	0	0	0	0	0	637
TGGGCAGGTTCGTGAGAGGTTGAGGGGCTG	0	0	0	0	0	0	0	0	779
TGGGCATTTGGTGCTTAGGCATCAGTTCTC	0	0	0	0	0	0	0	0	458
TGGGCCGGGGCTCGCAATGGTCTAGGCTAC	0	0	0	0	28.57608696	0	0	0	18250
TGGGCCTCGCAAGCCAGTTGTTTCTACTGT	0	0	0	0	0	0	0	0	1932
TGGGCGCGGATCCAGGGCGTAGGTAACGTT	0	0	0	0	0	0	0	0	81
TGGGCTAGTAGAGGGTTGGCGTCTAGACTG	0	0	0	0	0	0	0	0	403
TGGGCTCTGTATGAATTGGGTTCCAATGTG	0	0	0	0	0	0	0	0	25
TGGGCTGAGTTCCGCCTTAGTTGGGGTCGT	0	0	0	0	0	0	0	0	1139
TGGGGACCAGTACTGGGCTGGGGCCTTGGG	0	0	0	0	0	0	0	0	848
TGGGGAGTACGATTCCGCCACGTAAGAAGT	0	0	0	0	0	0	0	0	958
TGGGGCAGAGGCTTCAAGGGTCGGGTATTT	0	0	0	0	0	0	0	0	319
TGGGGCGCCGGACAGGGGCGGACTGCGAGC	0	0	0	0	0	0	0	0	3210
TGGGGCGGAGCGTACGCGGGAATATGAGGG	0	0	0	0	0	0	0	0	35
TGGGGCGGGACCATCTTAGAGCGTCTGCGG	0	0	0	0	0	0	0	0	541
TGGGGCGTCGAGGGCAGTACCGCGACGGAA	0	0	0	0	0	0	0	0	824
TGGGGCTTTAGATGCCGACAGATTGGTGCA	0	0	0	0	0	0	0	0	717
TGGGGGCAGGAGTGAGAGCGGGGTTTGGTC	0	0	0	0	0	0	0	0	1387
TGGGGGCTGAGGCCTCAGCGGGGCCGCTGC	0	0	0	0	23.38043478	0	0	0	1072
TGGGGGGACTGTCGAAGTGATTTGGGCGTA	0	0	0	0	0	0	0	0	1920
TGGGGGGTCCGCAACATGGGGTTAACGCCG	0	0	0	0	0	0	0	0	577
TGGGGGGTGGTCCATGCTGCGAATGGCCAG	0	0	0	0	0	0	0	0	1182
TGGGGTACGAGGAGGCTTTCGGCCATCGCG	0	0	0	0	23.38043478	0	0	0	0
TGGGGTCCGCACGCATCGTAGGTGGGCGGG	0	0	0	0	0	0	0	0	887
TGGGGTGAGAATAGAACCTCGGCAGCTACT	0	0	0	0	0	0	0	0	1674
TGGGGTGGAGAGGGCGACGATAGGGGGACT	0	0	0	0	0	212.71	25.47715736	0	0
TGGGGTTTAATATATCGAATGAGGTTGACC	0	0	0	0	0	0	0	0	15
TGGGGTTTCAAATGAGGAAGGGAAGCAAGG	0	0	0	0	0	0	0	0	1517
TGGGTAAGCTAAGGCAGCCCCCGGGGTGAG	0	0	0	0	0	0	0	0	1029
TGGGTAATGCGGAAAAGCCTTTATGTTTTT	0	0	0	0	0	0	0	0	1090
TGGGTACAGAGTATGGAATTGCGTGGTGAC	0	0	0	0	96.11956522	0	0	0	624
TGGGTATGGTTTCATAATATCTTCTTATGT	0	0	0	0	0	0	0	0	250
TGGGTATTTAGGTGGTCTGGGTGCTTAAGA	0	0	0	0	0	0	0	0	2124
TGGGTCAGCTTCGCAGATGTTCGAGGAGTC	0	0	0	0	0	0	0	0	1000
TGGGTCGGATACTTGAATGGACGGCAGTAG	0	0	0	0	0	0	0	0	376
TGGGTGACAACCACGGGGACTGGCACGCGC	0	0	0	0	0	0	0	0	218
TGGGTGCAACGTTATGTCTGGAGAGTCAAA	0	0	0	0	0	0	0	0	2155
TGGGTGGACATGGACGGAGACACTGTGTGG	0	0	0	0	0	0	0	0	32
TGGGTGGCTTTCTATTGGGGTAAGTGTCTG	0	0	0	0	0	0	0	0	1105
TGGGTGGGGTCGTGTGGGCGTACCGGGAAG	0	104.1286307	42	0	36.36956522	0	0	0	33
TGGGTGGTCCAATGATTGGCGCGGTCTTCG	0	0	0	0	0	0	0	0	2115
TGGGTGTTTGAATAGAGCGCACGGTGGGGA	0	0	0	0	0	0	0	0	30
TGGGTTACACTCTTTTCTCGGTGAAGATAA	0	0	0	0	0	0	0	0	919
TGGGTTAGATAAGCCTTTCAGTTTGACTTT	0	0	0	0	0	0	0	0	2145
TGGGTTCTAGCTGAGTGTCGTAGCGTGTGG	0	0	0	0	0	0	0	0	800
TGGGTTTATATTGATTCCGGTAAATGCATG	0	0	0	0	36.36956522	0	0	0	384
TGGGTTTTATCTAAGGATCATGCAGGAGTG	0	0	0	0	0	0	0	0	314
TGGGTTTTTCGATCGTGCGATGAAAAGAAC	0	0	0	0	0	0	0	0	642
TGGTACAGTGTAAGAACGTCCTTGGCCTTT	0	0	0	0	0	0	0	0	1800
TGGTACCAAGTTTTAACCGTTGAACCCCCA	0	0	0	0	0	0	0	0	825
TGGTAGAGAGTTTCAGTGTAACTGGGCTGT	0	0	0	0	0	0	0	0	15
TGGTAGATAGAATTTGGAGTTTGGAGCGGG	0	0	0	0	0	0	0	0	69
TGGTAGCTGTATATGTTACTCGTACCGAAT	0	0	0	0	103.9130435	0	0	0	2311
TGGTAGGGATGGGGCTTACGCTGACGCCCT	0	0	0	0	0	0	0	0	2354
TGGTAGGGCAAGAATGCACATCGTCTTATT	0	0	0	0	0	0	0	0	156
TGGTATATTCTTTAGAGTCCTTCGGCTCCG	0	0	0	0	0	0	0	0	14
TGGTATCAACTGTTCGCTGCATTCGGATTG	0	0	0	0	0	0	0	0	18
TGGTATGAATGGGACTGGCCACACCGGAGT	0	0	0	0	0	0	0	0	1434
TGGTATGAGGTTGGCATATTTCATGAGGAT	0	0	0	0	0	0	0	0	15
TGGTATGCTCGGAGACGCATGCGTAAAGAC	0	0	0	0	0	0	0	0	3798
TGGTCAACTTTGCGTGGGTAATTTGGGCAA	0	0	0	0	0	0	0	0	910
TGGTCAATGGACACGCCATAGAGGGCTTGT	0	0	0	0	0	0	0	0	1194
TGGTCAGCTCATAACGTGACAAAGCTATCG	0	0	0	0	0	0	0	0	573
TGGTCAGTCTTTTAGGGCAAAAATTTTTCT	0	0	0	0	0	0	0	0	1190
TGGTCATTTTTTACGTATGCACGGTTACTA	0	0	0	0	0	0	0	0	1330
TGGTCCCGGCGATTATGAGGTTGTGGCGGG	0	0	0	0	0	0	0	0	996
TGGTCGAAGAGCAGTTGGGATGGGCATATT	0	0	0	0	0	0	0	0	571
TGGTCGAATTGCAAAGGTTGGCAAATCGAC	0	0	0	0	0	0	0	0	1438
TGGTCGATTATTACTACAAGTAGGTTCCAA	0	0	0	0	0	0	0	0	7971
TGGTCGCGCCAGATGCGTAGGTTAATTGAG	0	0	0	0	0	0	0	0	1319
TGGTCTGGATAGGTTTAAGCTCCGATGGGT	0	0	0	0	0	0	0	0	357
TGGTCTTCAAAACCCGGTACTCATTCCGCG	0	0	0	0	0	0	0	0	1912
TGGTGATGATCGGCGGCAACTTTCGTGCTT	0	0	0	0	0	0	0	0	58
TGGTGATGGGTGCTTTAGGAGTAATGCAAG	0	0	0	0	0	0	0	0	1343
TGGTGCTCATAGGTTCTCATACTCGGGTTA	0	0	0	0	0	0	0	0	1310
TGGTGGAATATGGGGTAATATTTCCGGGGC	0	0	0	0	31.17391304	0	0	0	15
TGGTGGACCTCCGGTATTCTGCCAAAAGTG	0	0	0	0	15.58695652	0	0	0	953
TGGTGGCATCCCTGATTTAAAACGGTGGGC	0	0	0	0	0	0	0	0	884
TGGTGGGATTCCACTCATGCAGCAGCAACC	0	0	0	0	0	0	0	0	1176
TGGTGGGGCCCATGCTCCCGTCGGTAGGCC	0	0	0	0	0	0	0	0	1553
TGGTGGGTCGGCGCTGCCATTGTGAGCGGC	0	0	0	0	0	0	0	0	340
TGGTGGTATTGCGGGAACCGCTAAACACGG	0	0	0	0	0	0	0	0	61
TGGTGGTGTACGGGGCTCCGCTCGGGCATG	0	0	0	0	0	0	0	0	636
TGGTGGTTAGCCGAAAAGTGGCCATCGAAT	0	0	0	0	0	0	0	0	9529
TGGTGTGCTAAATGTAATGTAAAGGCGGAT	0	0	0	0	0	0	0	0	537
TGGTGTGGTGATTTCGGCGCCACCGGTCCA	0	0	0	0	0	0	0	0	1240
TGGTGTTCGCCATTGTCTCCTTTTGCCCGG	0	0	0	0	0	0	0	0	736
TGGTTCATTTTGAGAACGGTTTAGTAGTTT	0	0	0	0	0	0	0	0	69
TGGTTCGTTTGAATAGTCATGACCTGGACG	0	0	0	0	0	0	0	0	1229
TGGTTCTTATGCGTACACGATCGTTTTCAT	0	0	0	0	0	0	0	0	101
TGGTTGCAACTATACCGGACCCAGCCGTCT	0	0	0	15.58695652	0	0	0	0	3326
TGGTTGCCATACGCGCAATATGCGAGTCAG	0	0	0	0	0	0	0	0	1640
TGGTTGCGTACAAAAAGTAGCGTCGGAACA	0	0	0	0	0	0	0	0	228
TGGTTGGAAGGTTAGCCCAAGGTAGCTGAC	0	0	0	0	0	0	0	0	89
TGGTTGGGTTATTTACACAATTACCCCCGC	0	0	0	0	0	0	0	0	1462
TGGTTGTAAGCTAAGGACCTGTTGGGCCAT	0	0	0	0	15.58695652	0	0	0	1783
TGGTTGTACGGTGGACCATCAGCAAGTGCT	0	0	0	0	0	0	0	0	973
TGGTTTCCCTAAATTACACTATCTCGGCCT	0	0	0	0	23.38043478	0	0	0	16
TGGTTTTAGCTTCTTAGCACTGTACTGCCA	0	0	0	0	0	0	0	0	32
TGTAAAACAGACCCACCTCTGTTTGCAATT	0	0	0	0	0	0	0	0	980
TGTAAATCTGCATCTAGGGTGGGCTTTACC	0	0	0	0	0	0	0	0	317
TGTAAATTAACGCTTCTTGCTTGACTCAAC	0	0	0	0	223.4130435	0	0	0	1176
TGTAAGATGTTCCACGTTGCCTTGAATTTG	0	0	0	0	0	0	0	0	94
TGTAAGGCATTGGGGCGTTCGTTCGGACTG	0	0	0	0	0	0	18.19796954	0	17
TGTAAGGGCTACCATGTCTTATCTTCTTTA	0	0	0	0	0	0	0	0	2036
TGTAAGGTACATATTAAGGCACGGTTTCCA	0	0	0	0	0	0	0	0	194
TGTAATACGTTGATGCGCCTGCATTGGCCA	0	0	0	0	0	0	0	0	676
TGTAATCGATAATACATCTTTTAGCAAGCC	0	0	0	0	0	0	0	0	331
TGTAATGGAGTACCTGGGGGACAGATCGTG	0	0	78	0	38.9673913	0	0	0	509
TGTAATTTCCAGTCAGTAATGCGCAGCTCT	0	0	0	0	0	0	0	0	2003
TGTACACAGGCCAGTTAAAGTGATTATTTG	0	0	0	0	0	0	0	0	541
TGTACACTGGTTGCGAAATAAGGCTAGGGA	0	0	0	0	0	0	0	0	5327
TGTACCAGTAATCAAGTACGTCACCCCCTC	0	0	0	0	0	0	0	0	2123
TGTACGAGAAATATCGCTATCGACGGTGGA	0	0	0	0	80.5326087	0	0	0	201
TGTACGCAGCAACGTGCTATAGGCGCCTGG	0	0	0	0	0	0	0	0	514
TGTACGCGTGGCACATATCACATCACGTTA	0	0	0	0	0	0	0	0	1421
TGTACGTGTAGGTGCGATCGAGCCAGGAGT	0	0	0	0	0	0	0	0	2485
TGTACTACGTGTTTTCGGGGGTTAAGGGCA	0	0	0	0	0	0	0	0	107
TGTACTCGTAGTCGGCAATGCTTAAATTGA	0	0	0	0	0	0	0	0	1039
TGTACTGACGCTATGGTTCCTTGTTTGGTT	0	0	0	0	0	0	0	0	436
TGTACTGATCAAAGGTACGATGGCACTTAC	0	0	0	0	0	0	0	0	133
TGTACTGTTAACAGCTTTTATTCGGTAGCT	0	0	0	0	0	0	0	0	854
TGTACTTATAGGGGTGCCTACCTATAGGTG	0	0	0	0	0	0	0	0	932
TGTAGAATCTAGTTCATTGCCAGGTGTATT	0	0	0	0	0	0	0	0	1142
TGTAGACAAGGCGATGATAAGTGATATTTA	0	0	0	0	0	0	0	0	244
TGTAGAGCTCCGGGTGTGCGGACGTGGCGT	0	0	0	0	0	0	0	0	1133
TGTAGATAGTGTCCAGGGCGAAAACGTTAA	0	0	0	0	0	0	0	0	2277
TGTAGCGAGAATATGTGGCCTCTTATTTCT	0	0	0	0	15.58695652	0	0	0	1183
TGTAGCTTTCTCTATAGGAGTGTCGCTACC	0	0	0	0	0	0	0	0	81
TGTAGGAACAGTTGTTTTGACGTAGCTATT	0	0	0	0	0	0	0	0	1579
TGTAGGCATCAACGCCGCCGAGTACATTAC	0	0	0	0	0	0	0	0	1924
TGTAGGGTACGATGCCACACATCGCTATAG	0	0	0	0	0	0	0	0	991
TGTATAACTACATAGTATCTCAAGAGGGAT	0	0	0	0	0	0	0	0	128
TGTATAGCGATATTGACCTGGCACTTACAA	0	0	0	0	0	0	0	0	2292
TGTATAGCTGGGTTTGGCCACCGGGAACGG	0	0	0	0	0	0	0	0	1209
TGTATATCTAGGTGCTGGGAATTGTCAGTC	0	0	27	0	41.56521739	14.34	0	0	15
TGTATCTGGTTACCCAAGTCATTATTACTC	0	0	15	0	23.38043478	0	0	0	191
TGTATGAACGCTGACTTATATCTTATCCCT	0	0	0	0	0	0	0	0	666
TGTATGAGATAGGGGTCTCGAGTCAGAGTC	0	0	0	0	0	0	0	0	28
TGTATGATGGCGCTAATGTATTGGGTCTCA	0	0	0	0	0	0	0	0	267
TGTATTACTCACATTTCTGCTGGATTGTGT	0	0	0	0	0	0	0	0	2277
TGTATTTTCCATAACGGCAAACGGCATGTC	0	0	0	0	0	0	0	0	31
TGTCAAAACTAGGGTGCCTGATGGCATAGC	0	0	0	0	0	0	0	0	1425
TGTCAAGAGGTAGGTCTGTGGAGGGTGGGG	0	0	0	0	0	0	0	0	1314
TGTCAAGTGGTACTGACCGACTCTTCTGCC	0	0	0	0	0	0	0	0	1065
TGTCACCCCGGTTCGGAGGCTTCAGGTATG	0	0	0	0	0	0	0	0	1095
TGTCACCTATTCGTAGCTACGTGTTGTGTA	0	0	0	0	0	0	0	0	312
TGTCACCTTGGTCCCGACAAGTGGACCGAA	0	0	0	0	0	0	0	0	547
TGTCAGGGAGGCTCAAAGGGGGTTGCAAGG	0	0	0	0	0	0	0	0	133
TGTCATAGGGGTACGAGCCAAGAGGGGCGT	0	0	24	0	23.38043478	0	0	0	105
TGTCCAAATTCCAAGTTATAAAATATCCGG	0	0	0	0	0	0	0	0	378
TGTCCACCACTTATATGAGAATGAGTTGAA	0	0	0	0	0	0	0	0	779
TGTCCCATATAGACCGGGGTGCTACCCATG	0	0	0	0	0	0	0	0	917
TGTCCGAGCCCATTCTTCAGATTGGCATTT	0	0	0	0	0	0	0	0	161
TGTCCGGCAGAATCTGCGCGTATGTGAGGC	0	0	0	0	0	0	0	0	12489
TGTCCGGCCGCACCCTTTCGCGGGGTTACC	0	0	0	0	0	0	0	0	20
TGTCCGGTCGGACGGGGGGACCTACCGGGA	0	0	0	0	0	0	0	0	1332
TGTCCTCGGTGCATTCCTTTCTCTGGCAAT	0	0	0	0	0	0	0	0	1925
TGTCCTCTAGTCTTACCGAGTATTATTGTC	0	0	0	0	0	0	0	0	169
TGTCCTCTTAAGGTTGTGTTTATTTGGAAT	0	0	0	0	0	0	0	0	1405
TGTCCTGATAGAAGGACTGGCCACCATGTG	0	0	0	0	0	0	0	0	616
TGTCGATAGGTTGTTTAAATGTATAATAGT	0	0	0	0	0	0	0	0	31
TGTCGATATGTATACTTGTGTTTATGCTCG	0	0	0	0	0	0	0	0	445
TGTCGCCAAAAACAAAATAAGTACGAACTG	0	0	0	0	0	21.51	0	0	63
TGTCGCTGCAATTCAAAAACGATCTAGTTG	0	0	0	0	0	0	0	0	1743
TGTCGCTGGTGGGTAATGGTCCGATGGCGC	0	0	0	0	0	0	0	0	605
TGTCGGGATCTTCCCATTGATTGCGGTTAA	0	0	0	0	15.58695652	0	0	0	522
TGTCGGGCTTGTAGTATTCTCTCTAAACGG	0	0	0	0	15.58695652	0	0	0	639
TGTCGTTTCCATATTATTTCACGCATAAGG	0	0	0	0	0	0	0	0	3453
TGTCTCCTGGGTACTGTACGTTGCGCTATT	0	0	0	0	31.17391304	0	0	0	554
TGTCTCGTAATAAAAGGGCCCTGTGCTAAG	0	0	0	0	0	0	0	0	170
TGTCTCGTTCTTCCCGCGAGGCATGGCTGT	0	0	0	0	0	0	0	0	1577
TGTCTCGTTTCAACTAGTGGGGCTGATGTC	0	0	0	0	0	0	0	0	20
TGTCTGTTCAAACCCTAGCTGTTGAGTGGT	0	0	0	0	0	0	0	0	15
TGTGAACCATCGTGCCATAAGAAGGAACAT	0	0	0	0	0	0	0	0	904
TGTGACATGAGGCAGATGGCCGATCCGGGT	0	0	30	0	31.17391304	33.46	0	0	3637
TGTGACTACAGATGCGCATACTACTCCACC	0	0	0	0	0	0	0	0	1202
TGTGAGCAATCGGCTGATTGTATCGTGATG	0	0	0	0	0	0	0	0	2074
TGTGATCTTTATTTTATTGTGATTTCTTGA	0	0	0	0	0	0	0	0	523
TGTGATTCTTAGCGATCGTAATTCGGTCGC	0	0	0	0	0	0	0	0	450
TGTGCACCGTACTACACGACTCGCCTCAAG	0	0	0	0	0	0	0	0	58
TGTGCAGAAAATAGGATGAAGTTTCAGCAT	0	0	0	0	0	0	0	0	1073
TGTGCAGATCACAAATCTCAGGTTCCTATA	0	0	0	0	0	0	0	0	736
TGTGCAGCGGGCGACACCAGGACCTGCGGT	0	0	0	0	0	0	0	0	1007
TGTGCAGTAATTGCCATGCTCGAGCCCATG	0	0	0	0	0	0	0	0	1335
TGTGCCGTTATCTGGGACGGTAAGGGCTTG	0	0	0	0	0	0	0	0	176
TGTGCGAGTTACTTAAATAGTAATAAGTTA	0	0	15	0	59.75	21.51	0	0	42798
TGTGCGGCCGGCACTGTATAGGCGTGATGC	0	0	0	0	0	0	0	0	6614
TGTGCTACACGGTTGTACAACTCTAATTGC	0	0	0	0	0	0	0	0	20
TGTGCTATGTAAGGACGTGTCCATCGAGGC	0	0	0	0	0	0	0	0	4382
TGTGGACACAGGCTGGTTATAGGGTGGTTA	0	0	18	0	28.57608696	0	0	0	84
TGTGGACTTAGCTCTAAGGCCCGTCTTACG	0	0	0	0	20.7826087	0	0	0	418
TGTGGAGTGGGGCGTCGCATCCACATAGTG	0	0	0	0	0	0	0	0	577
TGTGGATGTTCGGCGGTGGGTGGCGAAATC	0	0	0	0	0	0	0	0	465
TGTGGCAAACGCCGTCAAGCGTGGATTCTG	0	0	0	0	0	0	0	0	19
TGTGGCCTAAGCTCAGGTCAATTCTGTGTG	0	0	0	0	0	0	0	0	1038
TGTGGCTAAAAAATACACTTGATCGGCATA	0	0	0	0	0	0	0	0	575
TGTGGCTCGATTTAGTTATAATATCGCTCG	0	0	0	0	0	0	0	0	15
TGTGGCTGAATGGGGTCGTTTCGCGGATCC	0	0	0	0	0	0	0	0	207
TGTGGGAATGGTCCCGCCCTTGGTGAAAGG	0	0	0	0	0	0	0	0	582
TGTGGGCCGCGAGGACGAGGATGGGGCGGG	0	0	0	0	0	0	0	0	661
TGTGGGGGTAACGGTGATAATCACAGAGTT	0	0	0	0	0	0	0	0	26
TGTGGGGGTTGTCGAGAAAGTTGACTCGAG	0	0	0	0	0	0	0	0	4534
TGTGGGTATAAATTTACTTTTACGGATTCG	0	0	0	0	0	0	0	0	2223
TGTGGGTATCTCTTTCTGAAGTGGAATATA	0	0	0	0	0	0	14.55837563	0	29
TGTGGGTGTCATAGTATCGGTCTTACCGCG	0	0	0	0	0	0	0	0	1078
TGTGGTCTAAGGTCCTAGAGTGTGCTAGAA	0	0	0	0	0	0	0	0	1998
TGTGGTCTCAGCTGTGTAGAGTAGAGCGCC	0	0	0	0	18.18478261	0	0	0	189
TGTGGTGGAAGGTATCCTGTAGCTCACCCG	0	0	0	0	0	0	0	0	1813
TGTGGTGGGGTACGGAGCGGTGTACCCGGG	0	0	0	0	0	0	0	0	1436
TGTGTAATGGGCGCTCGTGGTGCTTGCGCG	0	0	0	0	0	0	0	0	1970
TGTGTACAGGCAAATCTTCAGCACGGGCGT	0	0	0	0	18.18478261	0	0	0	4880
TGTGTAGACAGTTTTCTGGTCAGGTAATAT	0	0	0	0	0	16.73	0	0	5487
TGTGTATAACACCTCTCATTCTGTTCATTG	0	0	0	0	0	0	0	0	1345
TGTGTATGCTACGGGAATGCCAGGATAACA	0	0	0	0	0	0	0	0	28
TGTGTCGACTCCACGTCAACTCATTCTTCA	0	0	0	0	0	0	0	0	598
TGTGTCGGTACGACCGAGGCTCACTTCAGG	0	0	0	0	0	0	0	0	1320
TGTGTCTACTCTTCTCTGTAGCCCATTAGC	0	0	0	0	0	0	0	0	742
TGTGTGAAGTTAACATTCAGCACATTCCGT	0	0	0	0	0	0	0	0	1066
TGTGTGAGAACGCAAACATGAGCCTTGCCG	0	0	0	0	0	0	0	0	3005
TGTGTGATAGTTTTGTGGGTTCGAAAGAGT	0	0	0	0	0	0	0	0	702
TGTGTGATGCTTTCCAAATACTAATAAGTA	0	14.87551867	60	18.18478261	140.2826087	83.65	0	0	395
TGTGTGCGGAGCTGGGGCGGTGGGGTAGGA	0	0	0	0	0	0	0	0	880
TGTGTGGCCCACAGATAGGCCTAGTAGATG	0	0	0	0	0	0	47.31472081	0	0
TGTGTGGCGGGACACCCTTTTGCGCTGGAT	0	0	0	0	0	0	0	0	43
TGTGTGTGCAGGGTGTTTGCTTATGAATGT	0	0	0	0	0	0	0	0	911
TGTGTGTGTTGAACTCTGATGGTTTTTTAG	0	0	0	0	0	0	0	0	909
TGTGTGTTTTTTTCTGGAACCTAATCTGTA	0	0	0	0	0	0	0	0	835
TGTGTTAAAATTAAGTTCAATAAAGCCGCT	0	0	0	0	0	0	0	0	47
TGTGTTATAATACGTGAATCGTTTTTGTAG	0	0	0	0	0	0	0	0	61
TGTGTTCACAGGACCAATATAGGTATTGAG	0	0	0	0	0	0	0	0	298
TGTGTTGTTGTGATTTGTACGTTAGGGTTT	0	0	0	0	15.58695652	0	0	0	0
TGTTAACCAGTTCCTGGTTATGTCTTTTGC	0	0	0	0	0	0	0	0	1596
TGTTAATAGGGAGGCTGAGTTGCGTCTAGT	0	0	0	0	0	0	0	0	508
TGTTAATGGTCAACTTCGTTAAATCTATCC	0	0	0	0	31.17391304	0	0	0	0
TGTTACGAAATCATGTCAATCCAAATTTCT	0	0	0	0	0	0	0	0	898
TGTTACGGATACGATTACCTTGTGGTGTGG	0	0	0	0	0	0	0	0	1064
TGTTAGGGGCGATTTAACGAGGAGTTTATA	0	0	0	0	0	0	0	0	921
TGTTAGTATAGACATCTTTGGTAACACGTA	0	0	0	0	0	0	0	0	31
TGTTATGGTAGCCTCATTAAGGACCGGATT	0	0	0	0	0	0	0	0	45
TGTTATTTACAGAGTAATAATCCTAATAGT	0	0	0	0	0	0	0	0	330
TGTTATTTACCCGAATTTCTGATGGTCAGG	0	0	0	0	0	0	0	0	625
TGTTCAAATTTCCTGTTGCTCTGAAAATTT	0	0	0	0	0	0	0	0	257
TGTTCACCGCCCGAGTTTCAACATAATAGT	0	0	0	0	0	0	0	0	487
TGTTCACGGTAGCCTCGACTTTTGATGGAT	0	0	0	0	0	0	0	0	1873
TGTTCAGGAACGAAGATTCCAAGACTTTTC	0	0	0	0	0	0	0	0	227
TGTTCATAAGTCACATTCTGTTGTATGTCA	0	0	0	0	20.7826087	0	18.19796954	0	19
TGTTCCATTGTCAGATCTCCTATCGAGTGA	0	0	0	0	0	0	0	0	34
TGTTCCCATGAGCGGGGGTAGTAGATCAGA	0	0	0	0	0	0	112.8274112	0	26
TGTTCCGCGGGAAATCGCAGGACCTGGACT	0	0	0	0	0	0	0	0	958
TGTTCCGTATCCTTGGCGAAAAGTGTAAGG	0	0	0	0	0	0	0	0	2024
TGTTCCTGGCTTTTACTTCGAGTACGTTCC	0	0	0	0	0	0	0	0	3017
TGTTCGTATCACCTGCCTGCAGCCACCTTA	0	0	0	0	0	0	0	0	34
TGTTCGTGCTCGAGGTATCTAGGGCATCCA	0	0	0	0	0	0	0	0	14
TGTTCTATACGCTGTTCGGGCATTGGTGTC	0	0	0	0	0	0	0	0	3739
TGTTCTGACATCAGACCAAGTAGTGGTTGT	0	0	0	0	0	0	0	0	642
TGTTCTGCTCCCACGTGTCGATGGTCTACG	0	0	0	0	0	0	0	0	48
TGTTGATGAGGATGATTGCTTAAGGCACCG	0	0	0	0	0	0	0	0	23
TGTTGATTCTACCTGTAACTTCACCTACAA	0	0	0	0	0	0	0	0	1220
TGTTGCTGGCGTCCACATGAAGCTGGTCTG	0	0	0	0	0	0	0	0	340
TGTTGCTTGCTTAGCAGTAGTTTACCCCTC	0	0	0	0	0	0	0	0	1156
TGTTGCTTTGATTAAAATTTCTTGTTTGTT	0	0	0	0	0	0	0	0	17
TGTTGGATTGAAGGTGATCTCAGTGTGCAG	0	0	0	0	0	0	0	0	201
TGTTGGGCGTATATACGCAGTGTAGTTTAT	0	0	0	0	615.6847826	16.73	0	0	0
TGTTGGTCGTAGGGCGACGAGCGACCCAGA	0	0	0	0	0	0	0	0	2491
TGTTGGTGAAGTGCCCTCGGTCTGACAGGC	0	0	0	0	0	0	0	0	1135
TGTTGTATGGTACTTAGAAGTAAGGTTACG	0	0	0	0	0	0	0	0	757
TGTTGTCGAGAGAGGTACCAGCACCAGCTA	0	0	0	0	0	0	0	0	3756
TGTTGTCTGCCGGAATGCTTATTTTCAGGG	0	0	0	0	0	0	0	0	1080
TGTTGTGGTAGTTATGTGAGAGAACGTCGG	0	0	0	18.18478261	33.77173913	0	0	0	8015
TGTTGTTAGCTAATGATGTATTCACGATTG	0	0	0	0	0	0	0	0	15
TGTTGTTAGGAATTCTAAGGGCAAACGATT	0	0	0	0	0	0	0	0	554
TGTTGTTGGAGTGACTGATCTCTCTCCATG	0	0	0	0	0	0	0	0	262
TGTTTAAGTCATTTGGAGTAATGTCGGTAG	0	0	0	0	0	0	0	0	944
TGTTTAATGAGCTTGCTCGATATTAAGTTT	0	0	0	0	0	0	0	0	547
TGTTTACCCAATTTGGGGGGAACCGCATGG	0	0	0	0	0	0	0	0	373
TGTTTAGGGATTGGTTTGGCCGTCGGAGAT	0	0	0	0	0	0	0	0	400
TGTTTAGTAGGGTCGGCGTCTGTGACCTCT	0	0	0	0	0	0	0	0	1026
TGTTTAGTATCAGGGTTGACTCTGGTCCCT	0	0	0	0	0	0	0	0	17
TGTTTCTCTTAATTTTTTAGCTGTCACCGG	0	0	0	0	0	0	0	0	731
TGTTTGAAGCGGTTATGGATACAACCGATT	0	0	78	0	41.56521739	21.51	21.83756345	0	53
TGTTTGACTACTGATTGATTACAAGGGTCT	0	0	0	0	0	0	0	0	3680
TGTTTGAGAGACTCAAGTACGCTCATCGTG	0	0	0	0	0	0	0	0	1182
TGTTTGGCGATAAATGTCCAGGGTTAATGG	0	0	0	0	0	0	0	0	498
TGTTTGGGACCGTTCGTGAGTAGCTGAGCC	0	0	0	0	0	0	0	0	1334
TGTTTGGTTATGCCTGGATCGTTTTCCGGC	0	0	0	0	15.58695652	0	0	0	933
TGTTTGTCGCCTGGTACCTCTGTTGTTGGC	0	0	0	0	0	0	0	0	2193
TGTTTTATCCTCACACTCACCTCCTCCTTC	0	0	0	0	0	0	0	0	160
TGTTTTCAGGTTGGACGTCCTGAAACAATG	0	0	0	0	0	0	0	0	7708
TGTTTTGATCTAGGTGTTTTGGGAGCGTCA	0	0	0	0	0	0	0	0	1411
TGTTTTGTCTTCGAGACGCACATAGTATTA	0	0	0	0	0	0	0	0	691
TGTTTTTTGTCGCCAGTTAGTCCCCAAAAT	0	0	0	0	0	0	0	0	277
TTAAAAATTAGATCGAACTCTCTGTATCCC	0	0	0	0	0	0	0	0	566
TTAAAACGATGTAAATTACACTTTCGATCA	0	0	0	0	0	78.87	0	0	0
TTAAAAGACTACGATCGGATGAAATGGGCT	0	0	0	0	0	0	0	0	614
TTAAAATCCGACTATACTCTGCCTTTCCTG	0	0	0	0	0	0	0	0	2472
TTAAAATCTTCTCAATTTTAGGCAAATTGA	0	0	0	0	0	0	0	0	724
TTAAACACTAGGGTTTGTGTCTTATATTAC	0	0	0	0	0	0	0	0	716
TTAAACGTTTTACGATGCCAAGCTTGTTCG	0	0	0	0	0	0	0	0	18
TTAAAGGACTTGAAAATCATATTAATAAAT	0	0	0	0	0	0	0	0	1542
TTAAATACCTGTGTTTTGTGATTTTATGAT	0	0	0	0	0	0	0	0	117
TTAAATTCGACGGCTCAAGAGCTTTAGATT	0	0	0	0	0	0	0	0	146
TTAAATTGAGATTTCACCACGTAAACGCCA	0	0	0	0	0	0	0	0	1781
TTAACAAAGTCAGGACCTTACTTTGTCACA	0	0	0	0	0	0	0	0	486
TTAACCGGAGACTTCCTATACCTCCGACCT	0	0	0	0	0	0	0	0	317
TTAACGAGAGTTCACGGATTCGTTACGCTA	0	0	0	0	0	0	0	0	1400
TTAACGTTACGCTATGCAATCAGGTTTAAT	0	0	0	0	0	0	0	0	275
TTAACTGTTCATGGCACCGCAAGAGTGGTA	0	0	0	15.58695652	18.18478261	23.9	0	0	9663
TTAACTTAGGACACCTCTATCTTTAGCTAA	0	0	0	0	18.18478261	23.9	0	0	116
TTAAGCATTACACATAGTATTTTAGAAATG	0	0	0	0	15.58695652	0	0	0	194
TTAAGGGGTGCCCATCTGGACGGCGGAGCC	0	0	0	0	0	0	0	0	2742
TTAAGTGTGGCAGGCGTGGTATGTGGTGGG	0	0	0	0	0	0	0	0	3176
TTAAGTTGAAGCGAGATCCACCCTCTACTC	0	0	0	0	0	0	0	0	46
TTAATAATAAGCCCGTTACCACCCTTGATC	0	0	66	0	20.7826087	0	18.19796954	0	125
TTAATAATAATAGGCTTGATCGTTGCACTA	0	0	0	0	0	0	0	0	903
TTAATACTCGTACGCTATCAGCTAATTTAC	0	0	0	0	15.58695652	0	0	0	881
TTAATATGAAGCTATATGATTTCACGGCAG	0	0	0	0	0	0	0	0	1645
TTAATATTCTTGGTTGTCTTCGGTAACGAA	0	0	0	0	0	0	0	0	65
TTAATCGCTTGCAGGGGTGGGTCAGGGCAC	0	0	0	0	98.7173913	0	0	0	261
TTAATCTTCAGACGTCTACGTTTTATTGGG	0	0	0	0	0	0	0	0	412
TTAATGAGGGCTAGCGTCCGGCCTGGCGGG	0	0	0	0	15.58695652	0	0	0	171
TTAATTATCTCTTGATCCGTGTCCCGGAAT	0	0	0	0	0	0	0	0	756
TTAATTTAGTCGGTCCATATGGTCCGAAGG	0	0	0	0	0	0	0	0	1285
TTACAATCCCCGTTTTCTGGTAATGACAAT	0	0	0	0	0	0	0	0	68
TTACACGGTGAGTCCTTGGGTCAAGAGCCA	0	0	0	0	0	0	0	0	916
TTACACGTCCCAAGATGTCATTCCGCTTTG	0	0	0	0	0	0	0	0	106
TTACACTTGTCGACCACAATTGCGTGAGGT	0	0	0	0	0	0	0	0	1883
TTACAGTTCCTTTTCTGGCATGAGTGTAGT	0	14.87551867	75	0	38.9673913	0	0	0	34
TTACATCATTTATTTGTCCGCACATTATCA	0	0	0	0	0	0	0	0	239
TTACATCGGGAACAACGAGCGTATAAGAAT	0	0	0	0	0	14.34	0	0	2804
TTACCCTCTTGCAAATGAGAGCTCTTTTCT	0	0	0	0	0	0	0	0	643
TTACCCTTTAATTATCAGCAAATATGATTT	0	0	0	0	0	0	0	0	351
TTACCGACACGGGTGCGTGGGGGCCCGGAG	0	0	0	0	0	0	0	0	1174
TTACCGCGTACCTGGTAGGTGTAGTACGAA	0	0	0	0	0	0	0	0	701
TTACCGTACTAGCAAGTTTTAAGCCAGGAG	0	0	87	0	28.57608696	0	0	0	176
TTACCGTGGAGCGCGATATTTTGATCTTAT	0	0	27	31.17391304	28.57608696	0	0	0	565
TTACCGTTATGTCAGTTATTCAGGATGTTT	0	0	0	0	0	0	0	0	199
TTACCTCCAAACTCACGTTTGAATCTTCAA	0	0	0	0	0	0	0	0	326
TTACCTGGTCATCGCGGCGATAGACGGTAC	0	0	0	0	0	0	0	0	54
TTACGGGATATTAGATTATTGTTCGAGATT	0	0	0	0	0	0	0	0	450
TTACGGTGCGAAGTTTTCCGTTCGAGAATA	0	0	0	0	0	0	0	0	1693
TTACGTAGTAATGTTAATAATCTGTTCCTG	0	0	0	0	0	0	0	0	529
TTACGTCACAAATAAATGCTGACGGGCTTT	0	0	0	0	0	0	0	0	1480
TTACGTCATAGGGCACAGTATTGAGTTACG	0	0	0	0	0	0	0	0	26
TTACGTCGCTTGGCGGGGAGCAGGGTGTAA	0	0	0	0	0	0	0	0	1800
TTACGTTTATCCTTATACAACTGCTATCTT	0	0	0	0	20.7826087	0	0	0	0
TTACTAGCCTTTAAGGCTTGTATTCGTCTC	0	0	0	0	0	0	0	0	684
TTACTCCGTTCAAATCAACCTCGGCAGGGG	0	0	0	0	0	0	0	0	879
TTACTGGGTCTCATAGGTCCACTTCGAGAC	0	0	0	0	0	0	0	0	26
TTACTTACAATCGGAGGAGCTGCGAACTGA	0	0	0	0	23.38043478	0	0	0	878
TTACTTCACGTCCGCGTATCTGCCGATGAG	0	0	0	0	0	0	0	0	642
TTACTTCGTCATCAACCATGTGCTGTCCTG	14.6754386	0	0	0	0	0	0	0	2782
TTACTTGGGTGTCAGAAATCAGGAGGACGC	0	0	0	0	0	0	0	0	199
TTAGAATTGTCCGTAGAATGGTTTTAGGCA	0	0	0	0	0	0	0	0	1208
TTAGAGTAAGAGACCTTACCACACTCAATG	0	0	0	0	0	0	0	0	552
TTAGATCTGTGCGGGTGTAATGGCCAGGCT	0	0	0	0	0	0	0	0	1022
TTAGCCCGCACTTTCTCGGCCGGTAGCTTA	0	0	0	0	0	0	0	0	1184
TTAGCCGTCAGTTTAGTATACGGACGCGGC	0	0	0	0	0	0	0	0	893
TTAGCGTGGTTTTGTGGTCCTATACAAGTA	0	0	0	0	0	0	0	0	3430
TTAGCTATCGAGTTCACAGTCACAGTTTGT	0	0	0	0	0	0	0	0	32
TTAGCTATGTCATACGGTGATCGCAGCCGG	0	0	0	0	0	0	0	0	1782
TTAGCTCTCGTTAACTGAATTCGATACAGT	0	0	0	0	0	0	0	0	23
TTAGCTTACGATTGCGGGAATGGGCCTTAG	0	0	0	0	0	0	0	0	1068
TTAGGAGCGGCATGTGACGTTCATCCCCGT	0	0	0	0	0	0	0	0	64
TTAGGCTATACTGCAACATCTGAAGTTATT	0	0	0	0	0	0	0	0	615
TTAGGCTTTCTATCGTACCTTTGTGGTGGC	0	0	0	0	0	0	0	0	1014
TTAGGGTAGCTTGGCATTTAGCTTGATGTC	0	0	0	0	0	0	0	0	968
TTAGGGTGGACCATAGACCAAGCGTGATGC	0	0	0	0	0	0	0	0	907
TTAGGTAGTATATCCCTTACTCAATTTGGT	0	0	0	0	0	0	0	0	572
TTAGGTATGTCGCGACTTCCTTTATAGCTT	0	0	0	0	220.8152174	0	0	0	0
TTAGGTCATCATGGCGGCTGTCTGTGTGTT	0	0	0	0	0	0	0	0	1118
TTAGGTGAGGGTAAGAATACCTCGTCGGGG	0	0	0	0	0	0	0	0	80
TTAGGTGCCACGCTCGGATCACAAGGCACT	0	0	0	0	0	0	0	0	2096
TTAGGTGGTGGGAGGTGAGTGAGGTCTGGG	0	0	0	0	0	0	0	0	349
TTAGGTTAGTCATGGCTGTTAATTCTACTT	0	0	0	0	0	0	0	0	4189
TTAGTCAGTCAATAGGGGCTTTACAGGGTT	0	0	0	0	0	0	0	0	1900
TTAGTCGCCCGAGGGGGCCTAGCACGCGTC	0	0	0	0	0	0	0	0	197
TTAGTCGTCGCCTTGATGGGTAGGTGGGGA	0	0	0	0	0	0	0	0	1955
TTAGTGAATACCTTTCGAAGGTGCGCGTCT	0	0	0	0	0	0	0	0	791
TTAGTGATAAAAGCCTGTAGGTTGGTTATA	0	0	0	0	0	0	0	0	241
TTAGTGATCACTTTATTACATTCTGGTTGG	0	0	0	0	0	0	0	0	301
TTAGTGGGGTTAGGTTGGTACGCCCGCGGG	0	0	0	0	0	19.12	0	0	1099
TTAGTTCAAGAATGGGCAGGGTGAACTCAT	0	0	0	0	0	0	0	0	37
TTAGTTCGGATAGTTAAGGAAGTTCTCTTT	0	0	0	0	0	0	0	0	720
TTAGTTGAGGGGGGCACGTAGAGGGTGGGA	0	0	0	0	0	0	0	0	773
TTATAAGATCCACTTTCAAACATGGCTATA	0	0	0	0	0	0	0	0	1014
TTATACAACGGCACGATATAGTGACATAGT	0	0	0	0	20.7826087	0	0	0	27244
TTATAGGCGCTTTTCTTACTTGAGTTAGTT	0	0	0	0	0	0	0	0	1714
TTATATGCGACGTCTCGTATTTTTTTGGCA	0	0	0	0	15.58695652	0	0	0	0
TTATATTCAGAACGCGTTACATTCCTTGCT	0	0	0	0	0	0	0	0	599
TTATATTTGCGGGTGAGCATAACCTTTACG	0	0	0	0	0	0	0	0	1689
TTATCAAAGCAAGTAAATACCGCATCGTCA	0	0	0	0	0	0	0	0	324
TTATCCGCGCACCAAACTCATCCAGGCTCT	0	0	0	0	0	0	0	0	202
TTATCTACAGCCAGGCTTCATATTTTTGCG	0	0	0	0	0	0	0	0	744
TTATCTACAGTTGAAATAAAACTGCCCTCT	0	20.82572614	0	0	0	0	0	0	2935
TTATCTCACCACCGCCGTGGCGGGACGTAT	0	0	0	0	0	0	0	0	1036
TTATCTCTGGCGAAGGGGACCTTGATTGAA	0	0	0	0	0	0	0	0	116
TTATCTGCGCGTTGTACAGAATTGTAAATA	0	0	0	0	0	0	0	0	14022
TTATCTTATTGATAAAATCCTTACTTAGAC	0	0	0	0	0	0	0	0	98
TTATGAATATGTCGCGCTTTATCCATAATT	0	0	0	0	0	0	0	0	721
TTATGAGCTACCTAGATGTGCTAAGTGAAG	0	0	0	0	0	0	0	0	742
TTATGATACCACGATCTGTTTATAAGCCAT	0	0	0	0	0	0	0	0	11386
TTATGCGATGGCGGCGATTTGTATGTTTGG	0	0	0	0	0	0	0	0	1727
TTATGCGTAAGGCTTTTTACGTGTAGTAAT	0	0	0	0	0	0	0	0	427
TTATGCGTGTTATGGGTATTCGGCATAAAC	0	0	0	0	0	0	0	0	1217
TTATGCTGCCCGAAGATGTCTTTCTGCTAT	0	0	0	0	0	0	0	0	1294
TTATGGAGCTGAGGGCTTCGCCTACTATGC	0	0	0	0	0	1598.91	0	0	29
TTATGGCCTACGCGACAGTTAGGTTATGGT	0	0	0	0	0	0	0	0	1129
TTATGGGTATACTGTTTTACATCTAGTTCA	0	0	0	0	0	0	0	0	106
TTATGGTGTCGTGAGTACTTTATTTTGGTT	0	0	0	0	0	0	0	0	347
TTATGTACTGATAAGAGGCCATGTTGAACG	0	0	0	0	0	0	0	0	52
TTATGTAGCCGCCTATGGATTTCGGCGAAG	0	0	0	0	0	0	0	0	1247
TTATGTCCAAAGTGGCCAGTAGAAGCCGTC	0	0	0	0	0	0	0	0	849
TTATGTCGTCGGCCCTAGTCATTATTTTTT	0	0	0	0	0	0	0	0	865
TTATGTGGACAAGTTAAGGTTTTTTCGCCA	0	0	0	0	0	0	0	0	436
TTATGTTCTGGCCAAACACCCGGCTCATCT	0	0	0	0	0	0	0	0	103
TTATTAACCTAAACGTTCTTGGCAAATTCT	0	0	0	0	0	0	0	0	583
TTATTATTGGTTTAGCATTGCTAGATCTCC	0	0	0	0	0	0	0	0	137
TTATTCAGCAATGACACTAATGTGAGCGCT	0	0	0	0	0	0	0	0	1277
TTATTCAGCGCCTTGTATGAATTATTCCAT	0	0	0	0	0	0	0	0	417
TTATTCGAGATAGGCAATCACGTCGTCTTA	0	0	0	0	0	0	0	0	410
TTATTCGTGCAGGCAGTCATGACATTCTTC	0	0	0	0	0	0	0	0	162
TTATTCTGAGGCACTGTGACTCGTCCGGTC	0	0	0	0	0	0	0	0	2689
TTATTGAACGAAGGGTATTCTCTGTTCAGC	0	0	0	0	0	0	0	0	120
TTATTGCAATCGGTCTTACGCTGGCCCTCG	0	0	0	0	41.56521739	0	0	0	1096
TTATTGCTCATTGGGTCGCGAAGAACGCCG	0	0	0	0	0	0	0	0	1362
TTATTGGGCGGCACACGTCTGGCAGGATAT	0	0	0	0	0	0	0	0	796
TTATTTGCGTTAAGGTAATCATATTAGTGA	0	0	0	0	0	0	0	0	64
TTCAAAAGAACCATGTGCTCGCTATCGTGC	0	0	0	0	0	0	0	0	1046
TTCAAACAACAGGGGGTTGAAACCGAGTTT	0	0	0	0	0	0	0	0	549
TTCAAAGCTTGCCTCTTTATAGCTTAACAT	0	0	0	0	0	0	0	0	714
TTCAAATATTTAAAAATTAAGTCGATATCT	0	0	0	0	0	0	0	0	1486
TTCAACATGCCTCTATTGCTCGTCTAGGCT	0	0	0	0	0	0	18.19796954	0	0
TTCAAGCGATATTCGGTACTAGTTAAGCTA	0	0	0	0	0	0	0	0	2266
TTCAAGCGGAGTACTTCTGGTGTCTGATGC	0	0	45	0	70.14130435	28.68	116.4670051	0	43
TTCAATACTTTTTATGTTTCGTCTATGTGT	0	0	0	0	0	0	0	0	21
TTCACATACAGGCAGACCCTACTGATGTCT	0	0	0	0	0	0	0	0	734
TTCACCGTGCGGACGCCCCGAAAAGTCAGG	0	0	0	0	0	0	0	0	2807
TTCACCGTGGTCTCAAGGCGCACTATGATT	0	0	0	0	0	0	0	0	394
TTCACTGCCTTAGTAGAACGTAAGCATCAA	0	0	0	0	0	0	0	0	982
TTCACTTACACTCGGTCCCCCGAATAGTGG	0	0	0	0	0	0	0	0	1740
TTCACTTCTTACTAGCGGGCCCGACGGATT	0	0	0	0	0	19.12	0	0	0
TTCAGCAAGTGCAACTTCGCTCCTTGATCA	0	0	0	0	0	0	0	0	997
TTCAGCAATTCCGGCCCGCTCCGCACCTTG	0	0	0	0	0	0	0	0	39
TTCAGGACGGCGTTTGTTACTTCGCGTAGT	0	0	0	0	0	0	0	0	1407
TTCAGGATATCCCGCTTAGGTACTAATTAT	0	0	0	0	0	0	0	0	132
TTCAGGTAAGCGGGCTCTCCCGGGCCCGCC	0	0	0	0	2992.695652	119.5	0	0	1568
TTCAGTCGATCTAATCTAACTCTCGTGGAC	0	0	0	0	0	0	0	0	78
TTCAGTGATGTTCACGGCAAACATTTATCC	0	0	0	0	0	0	0	0	132
TTCAGTGGACGTAAAACCGAGACGGAGATT	0	0	0	0	0	0	0	0	198
TTCAGTTGGTATAATTGCACCCCTGAGTCC	0	0	0	0	18.18478261	0	0	0	314
TTCATAAACGGTGATCTTTTATCCGTACTA	0	0	0	0	0	0	0	0	1068
TTCATAATGGTTAGCTAATAGACATCCAGA	0	0	0	0	0	0	0	0	981
TTCATCCGCCGAGCGTTTCAACCAGTCAAT	0	0	0	0	0	0	0	0	410
TTCATCGGTGGCCTTATGAGGCAGGATGAC	0	0	0	0	0	0	0	0	60
TTCATCTTTACCTTCCGGAACTTTACATCG	0	0	0	0	0	0	0	0	2068
TTCATGCCGACTTTTGAGTCGCGTGAAAGT	0	0	0	0	0	0	0	0	896
TTCATGGGTAGATTCACCCTTAGGAAGGAT	0	0	0	0	0	0	0	0	19
TTCATGGGTATCCACAAATTTCCGACGAGG	0	0	0	0	0	0	0	0	283
TTCATGGTCCTTCTATACGCCCGTACTGTG	0	0	0	0	0	0	0	0	182
TTCATTAGGTAGATGCATGCACGCTAATGT	0	0	0	0	0	0	0	0	79
TTCATTGCTAAGGTTGGAGGTGCCTGGTCG	0	0	0	0	0	0	0	0	190
TTCATTTGCCGTAACGTTTTTAACTATCAA	0	0	0	0	18.18478261	0	0	0	138
TTCCAAACAGGGAAACTGATTCGTTGCGTA	0	0	0	0	59.75	0	0	0	2507
TTCCAATTTGCCCATATTGATTGTTGCTTA	0	0	0	0	0	0	0	0	39
TTCCACTACCAAAAGTCTTCATATGCAGCG	0	0	0	0	0	0	25.47715736	0	1508
TTCCACTGTTCTCAATGCACGCAGCAGGAT	0	0	0	0	0	0	0	0	526
TTCCAGCATCTTGATGAATGAAGGGGTCTT	0	0	0	0	0	16.73	0	0	2603
TTCCAGTAGTGATTACCACATGGGCATTTT	0	0	0	0	0	0	0	0	345
TTCCCACTAGACTAGTGCATCCTGTCTGGA	0	0	0	0	0	0	0	0	1092
TTCCCATTCCTCGACGCTAGGAAACGAGGG	0	0	0	0	0	0	0	0	256
TTCCCCAGAAGTGATGCACTATTCACTTTA	0	0	0	0	0	0	0	0	341
TTCCCGGTTTGGCGGAGCGGGTCTAACTCA	0	0	0	0	0	0	0	0	1150
TTCCCGTTCAGTAAAGAACTGCACCCATGG	0	0	0	18.18478261	0	0	0	0	2222
TTCCCGTTTAAGCGTATGTCCCGACATGTT	0	0	0	0	0	0	0	0	1393
TTCCCTATACATGGCAAGAACAGACGTGAA	0	0	0	0	36.36956522	126.67	18.19796954	0	25
TTCCCTTCTTTAAGCGGTCAGCTTGAGCTT	0	0	0	0	0	0	0	0	1117
TTCCGAGGCTATTCGGGAACCACGCTTAGG	0	0	0	0	0	0	0	0	399
TTCCGCAGTTTAGAGCATCTTTACGGCGAT	0	0	0	0	0	0	0	0	1143
TTCCGCCAGGGATAACGTGTGTAGGGCACG	0	0	0	0	0	0	0	0	2231
TTCCGGTATGAGTTATAAATTTTACACATG	0	0	0	0	0	0	0	0	18
TTCCGTGCAATCTGTCAATGCGAAATCGTT	0	0	0	0	0	0	0	0	323
TTCCGTGTCAGTTGTGTAGAAAAATGCGGG	0	0	0	0	0	0	0	0	21
TTCCTAAGGCGAGAATTTGGACTGAGGTGC	0	0	27	0	54.55434783	0	880.7817259	0	0
TTCCTCCGGAACCTTTGCATCACACCACTA	0	0	0	0	142.8804348	0	0	0	334
TTCCTCTTTCCTTCGTGTAGCCATGTCTAT	0	0	0	0	0	0	0	0	1100
TTCCTGCTACGTGTTGTAAGCAGCGTCCGA	0	0	0	0	0	0	0	0	362
TTCCTGTGTTGCTTTTGTGGTTATACCGAT	0	0	0	0	0	0	0	0	1477
TTCCTTACACCTCCAGGCTGATCGAGGTTT	0	0	0	0	0	0	0	0	1943
TTCCTTGGCTCCACAATGGAATTCGGGTCT	0	0	0	0	0	0	0	0	502
TTCCTTGTACATTAAGTACTTCAATTTCCA	0	0	0	0	0	0	0	0	540
TTCCTTGTGTGATTGGTGGTACTAGTCAAT	0	0	0	0	0	0	0	0	1210
TTCCTTGTTGTTGCTCTCTGATGATTCGGG	0	0	0	0	0	0	0	0	1983
TTCCTTTTTACCAAGTTATAATTCTCCATA	0	0	0	0	0	0	0	0	27
TTCGAACTGGTTCGTGGGAGTCTCAGTTTC	0	0	0	0	15.58695652	0	0	0	2436
TTCGACCACCTGACGCCGCACAATATGGAG	0	0	0	0	0	14.34	0	0	0
TTCGAGAGGCCTTGGATTACCGCAACTTGC	0	0	0	0	0	0	0	0	54
TTCGAGAGTAAACGTAAAGATTGCACGACG	0	0	0	0	0	0	0	0	1705
TTCGAGCGCCCAGGTCCTTGTGGGCGTCCG	0	0	0	0	0	0	0	0	299
TTCGATAATCGAGATTCAGGACCTGTAGAT	0	0	0	0	0	0	0	0	965
TTCGATGGACCTGAAAGGGTTTCTCCTCTC	0	0	0	0	0	0	0	0	101
TTCGATTTCAGGTGTACATGCGGCTTTTCT	0	0	0	0	0	0	0	0	209
TTCGCACGATGAGGCGTGTGTCTTGTGGGT	0	0	0	0	0	0	0	0	990
TTCGCATGGGGGCCGGGGCTGTATAGCCCG	0	0	0	0	0	0	0	0	585
TTCGCATGGGTCGGCCTAAGTTTGTGTATC	0	0	0	0	0	0	0	0	481
TTCGCCCGGTATATAAATCCACATTATTTG	0	0	0	0	0	0	0	0	919
TTCGCGGGACAAAAGGATTGCTGCGAACCC	0	0	0	0	15.58695652	0	0	0	2276
TTCGCTATACATTGACTTGGTATGCTGTTT	0	0	0	0	15.58695652	0	0	0	0
TTCGCTCAGGCAGGGCTTGCGATAATCGTG	0	0	0	0	901.4456522	0	0	0	1120
TTCGCTGTGTACAAGTAAATTCTGGTGCCA	0	0	0	0	0	0	0	0	947
TTCGCTTCCGCGACTCACCGGGAAGGATTT	0	0	0	0	18.18478261	0	0	0	650
TTCGGAGTCTAGTTTATGGTCATGAGACAA	0	0	0	0	0	0	0	0	2237
TTCGGATCAGTTTAGTCGCTTTTTGTATGC	0	0	0	0	0	0	0	0	3722
TTCGGCAAACGTAGTAAGCGCCCAGAGGGT	0	0	39	0	150.673913	21.51	0	0	39
TTCGGCCGGTTTGGGGGACCCGCTCACGGC	0	0	0	0	0	0	0	0	1173
TTCGGCGCTGGACACTTAGGGCTGAAGGCT	0	0	0	0	0	0	0	0	1332
TTCGGGAATATCACTCACACGATCATATCC	0	0	0	0	0	0	0	0	97
TTCGGGATCTGATCCATCTCACCCGGGGTC	0	0	0	0	0	0	0	0	1141
TTCGGGGCGGTGGTGAGCAGGCGGAGAGAC	0	0	0	0	0	0	0	0	2060
TTCGGGGTGTGCGAGTCGTGGCGCGGTCCA	0	0	0	0	0	0	0	0	1234
TTCGGGTGAGTGGTCCGGCACTATTGGTGG	0	0	0	0	0	0	0	0	1672
TTCGGTACTTGTGGTAATACCTGTAATAAC	0	0	0	0	0	0	0	0	20
TTCGGTATGTGTCCTTAGCGTCCTTATTTG	0	0	0	0	166.2608696	47.8	47.31472081	0	100
TTCGGTCCATGTTCAAATCTCGAAGAATAG	0	0	0	0	28.57608696	0	0	0	1518
TTCGGTGATAGCAAACTGCGGACTCCATAA	0	0	0	0	0	0	0	0	855
TTCGGTGCCGATGGGTTGCTCCCCGGGCGT	0	0	21	0	254.5869565	66.92	0	0	0
TTCGGTGCTTTAAGACTATGTTGCATAAGG	0	14.87551867	42	0	25.97826087	0	0	0	58
TTCGTACTTCCGGTACTGTGGCCAACTCAT	0	0	0	0	0	0	0	0	1899
TTCGTATGTGGTAGGAAGTTTACTCCACCT	0	0	0	0	0	0	0	0	1832
TTCGTCCGTTAGGTGCGTGAGATCATCACC	0	0	0	0	0	0	0	0	1242
TTCGTGATACATTACCTTATGTTTCGGGTT	0	0	0	0	0	0	0	0	3960
TTCGTGCCCCGGGATAGGCTATCGTCGGAT	0	0	0	0	0	0	0	0	1031
TTCGTGCCTTGGGAGTGTGTGGTATGGGGG	0	0	0	0	0	0	0	0	945
TTCGTGTGATCCGGTGTGACCTAATGTATA	0	0	0	0	15.58695652	0	0	0	8323
TTCGTTCAGATGGGGGTTCCAGTTGCTTAT	0	0	0	0	0	0	0	0	967
TTCTAATAATAGTACTCCAAGTGTAGGCTT	0	0	0	0	2312.065217	45.41	0	0	0
TTCTAATCGACAATCTATGATACTATTGAA	0	0	0	0	0	0	0	0	86
TTCTAATCGCATTTCTATGCACGCGTAGAG	0	0	0	0	51.95652174	0	0	0	0
TTCTACTGAGTGTGTGGCTGCTGGCTGACT	0	0	0	0	0	0	0	0	22
TTCTATCACCTATTAATAATCTGGCTCGCA	0	0	0	0	0	0	0	0	1161
TTCTATCGGACTCTGATTAAACGTTTTAGA	0	0	0	0	0	0	0	0	44
TTCTATGAATGGTCTTCTTGTATGTCTCGT	0	0	0	0	0	0	0	0	926
TTCTCAACCAGCCAACCTTACTCCGACAGC	0	0	0	0	0	0	0	0	27
TTCTCACCCTTAGTCCGATCCTGTACTCCG	0	0	15	0	83.13043478	19.12	0	0	101
TTCTCACCGCTGGAAAGTGTCGTCGATAAT	0	0	0	0	0	0	0	0	125
TTCTCCGGTGGCGCTGAGCACCGGGCCATG	0	0	0	0	0	0	0	0	1223
TTCTCCTCCAGCAATGTTTATTTTGTACCG	0	0	0	0	31.17391304	0	0	0	110
TTCTCGTCAAGTCATCCTCAGATGACGATT	0	0	0	0	25.97826087	0	0	0	0
TTCTCTGTCGTGGGAATTTGAAAAACTCGA	0	0	0	0	0	0	0	0	1448
TTCTGAATGCTGTTCATTTGGTCTTTCGAT	0	0	0	0	0	0	0	0	461
TTCTGATGGTTACGGGTGTGTGAAAGTTGC	0	0	0	0	0	0	0	0	66
TTCTGCGCCCAGCTAATCCCGAGACGTATA	0	0	0	0	0	0	0	0	737
TTCTGGAAAGTTGTGCTTAATCTTGACGTT	0	0	0	0	0	0	0	0	27
TTCTGGCCTTACTGACCTCTGATCTAGCTG	0	0	0	0	0	0	0	0	254
TTCTGGGGCATGTAAGGAGTACGTGGAGCG	0	0	0	0	0	0	0	0	15396
TTCTGTTCCATCTACATCACTAACCGAATC	0	0	0	0	0	0	14.55837563	0	0
TTCTGTTGGGGATTTCTAGTAAGTTGAAGG	0	0	0	0	0	0	0	0	910
TTCTTAATCAGCCATCACGTCACTGCGGAT	0	0	0	0	0	0	0	0	17
TTCTTAGATCCGGTGTACGGGCTGCCTAGA	0	0	0	0	361.0978261	69.31	0	0	34080
TTCTTAGCATACGGTTAGCACGAAAGAAGG	0	0	0	0	0	0	0	0	309
TTCTTCCGGGCGGGGGAGTTGGATCTGGCC	0	0	15	0	0	0	0	0	1668
TTCTTCGACAGAAACGGTACACGCCTGAGC	0	0	0	0	0	0	0	0	1312
TTCTTCGGTAATTACGAATGTTTGCCACTG	0	0	0	0	0	0	0	0	840
TTCTTCGGTTGTCACTAGCGTGTTATTGTC	0	0	0	0	0	0	0	0	5049
TTCTTCGTTTGTCTTGGTTGAGTATATGTG	0	0	0	0	0	0	0	0	963
TTCTTGAAATAGCCTAACGCCGTAAGCCCG	0	0	0	0	0	0	0	0	361
TTCTTGAGCTTTAAAAGGGAAAGCGCTGTT	0	0	63	18.18478261	31.17391304	0	0	0	747
TTCTTGCCCTCAGTAACTGCTTAGTAATTA	0	0	0	0	85.72826087	0	0	0	595
TTCTTGGTCGGGAGACATCTCTTGCTCTCG	0	0	0	0	0	0	0	0	4837
TTCTTTAAAAACCAACTAGTTCTACAAGAG	0	0	0	0	0	0	0	0	811
TTCTTTCACTTGGGCGTATATCTCCTATCT	0	0	0	0	0	0	0	0	1576
TTCTTTCCACTCTTGAAGTACACATGACGA	0	0	0	0	0	0	0	0	297
TTCTTTCTAGATTGACGTTGACGCTGTGGA	0	0	0	0	0	14.34	0	0	0
TTCTTTGCGCGATGGGTGAATCATCTCGTA	0	0	0	0	0	0	0	0	25
TTCTTTTTAGTGGGCTACCTTACCTGGATT	0	0	0	0	0	0	0	0	2098
TTCTTTTTGCAGTTAGGAGACCCAGAACCG	0	0	0	0	0	0	0	0	82
TTGAAACTATATTAACTATGCACACACTGA	0	0	0	0	0	0	0	0	140
TTGAAACTTGTGTTGGATTATTTCATTATT	0	0	0	0	0	0	0	0	2101
TTGAAATAATGTATTCCAAGGTCCAATCGG	0	0	54	15.58695652	36.36956522	0	0	0	249
TTGAACCAGTACTGCAAGTTGGCATTGATG	0	0	0	0	0	0	0	0	4871
TTGAACGCTCGCTTTACAGCTCAAGGTGCA	0	0	0	0	0	0	0	0	80
TTGAAGGCTACTGGACTCAGTGTGGGCGAA	0	0	0	0	0	0	0	0	1153
TTGAATCCGCCAGTTCTAGTTCCTTCTGTG	0	0	0	0	93.52173913	26.29	0	0	24644
TTGAATGCTTCCCCCATATTCGTGCGAAGC	0	0	0	0	18.18478261	0	0	0	4099
TTGACACTTCTAGGATGGAAGTGTGAACAA	0	0	0	0	0	21.51	0	0	1070
TTGACATCTCTGGGCGACTCGTCCACTTGA	0	0	0	0	0	0	0	0	1113
TTGACATTTATACTTTGTCGGACGGCGTGA	0	0	0	0	0	0	0	0	227
TTGACCACTTCATCAAATGCATTATCCCCA	0	0	0	0	0	19.12	0	0	20
TTGACCATCCGGCCAATTCCCGCATCTAGA	0	0	0	0	0	0	0	0	163
TTGACCTTTACCGCCATACGTACCTGGAAT	0	0	0	0	25.97826087	0	29.11675127	0	0
TTGACGGGCTGTCATTGCCTGATGTCCGAG	0	0	0	0	0	0	0	0	1969
TTGACTCGAGATCGGTAACCATTGATAAAG	0	0	0	0	0	0	0	0	3044
TTGAGAGTGCGTGTACTGGGCGGCAATAGA	0	0	0	0	0	0	0	0	1394
TTGAGATGCTCGTATCTGATGATGGTGTCA	0	0	0	0	0	0	0	0	714
TTGAGATTTCTGTGTGGGTAAGTAGCTTTT	0	0	0	0	0	0	0	0	631
TTGAGCCATTGGCATCTCACGGTGGAGGCC	0	0	0	0	0	0	0	0	2497
TTGAGTAATGTTCAGATTCACGCGCTACTT	0	0	0	0	0	0	25.47715736	0	102
TTGAGTAGGAGCATTAAGGTGGTACAATGA	0	0	0	0	0	0	0	0	147
TTGAGTGCACATATGGCTGCCCGGGACCTG	0	0	0	0	0	0	0	0	110
TTGAGTTCGTCGCTTCGAGTTTGTCAGCTA	0	14.87551867	0	0	0	0	0	0	1762
TTGATAACGATGCTAACCCTAGTCAAATTT	0	0	0	0	0	0	0	0	140
TTGATAGACTTTAAAAGATTGATTGGGTTC	0	0	0	0	0	0	0	0	1180
TTGATAGATAGCCTTGGTTTTAGTTAGCGC	0	0	0	0	0	0	0	0	3158
TTGATATCACCTGGGGTGACGTCGCCTTTC	0	0	0	0	0	38.24	0	0	18
TTGATATCGCTGGTTCACCGTGGTACCAGT	0	0	0	0	0	0	0	0	621
TTGATATTCAGCCCGAACAGATGACTGTGC	0	0	0	0	0	0	0	0	1245
TTGATCTCTAAATTTGGTGTTTTGTCTCAT	0	0	0	0	0	0	0	0	1736
TTGATCTCTTCCAGTTGATTTTTACGTCAT	0	0	0	0	0	0	0	0	17
TTGATCTGATAGTTAATAGCCTGTCCCGGG	0	0	0	0	272.7717391	0	0	0	228
TTGATGTCTGTGTCATAGCTGAGGGTCAAT	0	0	0	0	0	0	0	0	1715
TTGATGTTATGTGTAGTGGGGTCGGAATTC	0	0	0	0	0	0	0	0	489
TTGATGTTCGGCGCAAAACGTGCGGGAACT	0	0	0	0	0	0	0	0	942
TTGATTAAATTCGAAGTACACTTGAACGTA	0	0	0	0	0	0	0	0	1360
TTGATTCAAGGGGTTACGTACACTTCCGGA	0	0	0	0	0	0	0	0	2545
TTGATTGGTTACGTTTGATGTAGTCACTCG	0	0	0	0	0	0	0	0	222
TTGATTTCGGGTTGATTAGTACCGTCCTTG	0	0	0	0	0	0	0	0	910
TTGATTTTCACCCGTGTCGTTAGTGTGGCT	0	0	0	0	0	0	0	0	144
TTGATTTTTTCTGGAGATCTAGGTCCCAGT	0	0	0	0	15.58695652	0	25.47715736	0	1755
TTGATTTTTTTCTGGAGATCTAGGTCCCAG	0	0	0	0	0	0	0	0	15
TTGCAAAGCGGCCGTGGGTGATATTTTAAG	0	0	0	0	0	0	0	0	493
TTGCAAATAAAAATCATGGGTTTTATTCTG	0	0	0	0	0	0	0	0	407
TTGCAAGGGTAAATATATGTGTGATTATAG	0	0	15	20.7826087	293.5543478	28.68	0	0	169146
TTGCACAAGAAATTTATCCACGGAAATTTC	0	0	0	0	0	0	0	0	162
TTGCACCATTTTGGCGCGATGTAACTTACC	0	0	0	0	0	0	0	0	199
TTGCACCGTAATTTTACATTGCGCGCCTAG	0	0	0	0	0	0	0	0	33
TTGCACGCCTGTACCCCCAAGTTGGGACAC	0	0	0	0	0	0	0	0	163
TTGCAGTTGTACCGTCTTATACGACTGGCC	0	0	0	0	0	0	0	0	1161
TTGCATAAGGCGCTTCAAACCTGACCGGGT	20.96491228	68.42738589	30	0	116.9021739	50.19	120.106599	0	260
TTGCATACTGTAAACTATTGACCTGTAGCT	0	0	0	0	0	0	0	0	1346
TTGCATATTCCCATCGATTATGTTTTGAGA	0	0	0	0	0	0	0	0	147
TTGCATCCCGCCACTAGATCTTACAGCATG	0	0	0	0	0	0	0	0	845
TTGCATGATAGAAAATTGTTATAGTTCTTT	0	0	0	0	0	0	0	0	903
TTGCATGGGGAGTGTTTAAACAGGTGAGTC	0	0	0	0	0	0	0	0	1015
TTGCATGGTTTCTGATTTACCGGGAGGCAG	0	0	0	0	0	0	0	0	435
TTGCCAGCGTGCGAGGTTATTGAACCTCAG	0	0	0	0	0	0	0	0	786
TTGCCAGCTATGAACTGGTTCGAGCTGGGG	0	0	0	0	0	0	0	0	734
TTGCCAGCTTAGCCGGACCTTTGATAAACT	0	0	0	0	0	0	0	0	4963
TTGCCAGTGGATCGGTTCTTGTCGGAGCGA	0	0	0	0	0	0	0	0	450
TTGCCATTCAAGAGATTCAATGGTATGTTC	0	0	0	0	57.15217391	0	43.6751269	0	207
TTGCCCATAATTAACTGTTTCTCGAATATT	0	0	0	0	0	0	0	0	527
TTGCCGGGGATAGCGGATACTGCGGAAGGC	0	0	0	0	0	0	0	0	543
TTGCCGTTCTGAACTCGCTCACTCAATGGG	0	0	0	0	0	0	0	0	17
TTGCCTAGAAGTCCAAAGATACGTTATTTT	0	0	0	0	0	0	0	0	25
TTGCCTATTTCAATCCGGAGAACCCCTTGG	0	0	0	0	0	0	0	0	382
TTGCGACCAATACGGCCCTAGCCATATAGG	0	0	0	0	0	0	0	0	1026
TTGCGACCCCGTTTAACGAGGATTGGTCAA	0	0	0	0	0	0	0	0	336
TTGCGCAGGATGTATTAAACTAGTGTATGA	0	0	0	0	0	0	0	0	591
TTGCGCGAAAGCGGTGTTTTAGTCAAGGGC	0	0	0	0	0	0	0	0	110
TTGCGGAATATACCTGATGTTGGAAATTAT	0	0	0	0	0	0	0	0	19
TTGCGGACAGCTATCCATCGTCTGTTTCGT	0	0	0	0	0	0	0	0	2052
TTGCGGAGGGCAGACTTCGACAACGCTGTG	0	0	0	0	0	0	0	0	278
TTGCGGATAAAGCTGAGGTGCAAGTCAGAG	0	0	0	0	0	0	0	0	324
TTGCGGCAATGACCCGGTCTAGTCCACAAA	0	0	0	0	0	0	0	0	96
TTGCGTTTACTGGGCGGCTGGGTCAGAGGG	0	0	0	0	0	0	0	0	128
TTGCTAATATCAAACTCGATCGTTCGCGGA	0	0	0	0	0	0	0	0	793
TTGCTAGCAAGTGGTTGCCTTTTGCGTAAT	0	0	0	0	0	0	0	0	2211
TTGCTAGTATCGCGATCAACTCTATTTTAC	0	0	0	0	0	0	0	0	640
TTGCTATGAGAGACGGGACCCGTTAGGGCC	0	0	0	0	0	0	0	0	799
TTGCTCCAGCGTAATATTTCGAGCTCTCTT	0	0	0	0	0	40.63	0	0	0
TTGCTCTGCATATGGGATCACGGCTTATAG	0	0	0	0	0	0	0	0	4984
TTGCTCTGTTGCTGCGAGTCGTGGACGATG	0	0	0	0	0	0	0	0	2053
TTGCTGTGTCATCGTGAGATGTCCAGAGAT	0	0	0	0	0	0	0	0	870
TTGCTTCAATTCTCTCTCATCTACCCACTC	0	0	0	0	0	0	0	0	212
TTGCTTCATTCTGCGGCTAAGACGAGCTTA	0	0	0	0	0	0	0	0	1684
TTGCTTGAGTGTCGAGCTCATCGCCTTTCC	0	0	0	0	0	0	0	0	1688
TTGCTTTACAAAAGTGTATCATTGGCATAT	0	0	0	0	0	0	0	0	84
TTGCTTTCACTATGAAAGTTGCTTTGCGGA	0	0	0	0	0	0	0	0	313
TTGCTTTGATAATACGTTCTCCGTAATCCC	0	0	0	0	15.58695652	0	0	0	220
TTGGAAAGGGAGTGGATTGGTAACGTTGTT	0	0	0	0	106.5108696	21.51	0	0	26026
TTGGACATAGAGTAAGAATGTCGCGACGTT	0	0	0	0	0	0	0	0	2465
TTGGACCTTACTCATAGAAGCCTGGCCAGT	0	0	0	0	0	0	0	0	1175
TTGGAGAATAGGACACGCCATAATCTAGTG	0	0	0	0	0	0	0	0	362
TTGGAGATCCGCGTGCTAACGGAAGCCGAG	0	0	0	0	145.4782609	0	0	0	0
TTGGAGCATTGCCACGATCCTGGCACGACT	0	0	0	0	0	0	0	0	2283
TTGGAGCCTATGGCGCGCTCGGGGTGCTGG	0	0	0	0	0	0	14.55837563	0	0
TTGGAGCGCTGCCTAATGGGGAGCTCCTTT	0	0	0	0	0	0	0	0	1492
TTGGATAATGTTTGTCTTTTGTGAAAGGAT	0	0	0	0	0	0	0	0	2359
TTGGATATAAAAGAGGAACACCGTAATTCT	0	0	0	0	0	0	0	0	204
TTGGATATGTGGCGTGTCTATTTAAGTCTA	0	0	0	25.97826087	0	0	0	0	227
TTGGATCCAGACCGATCTTAAAATAGTCAG	0	0	0	0	0	0	0	0	14594
TTGGATCGTCCTGGAAGAACTCTTAGCTCA	0	0	0	0	0	0	0	0	14
TTGGATGAGGGTATGGCGGTAAGGTTGCGA	0	0	0	0	0	0	0	0	1662
TTGGATGTGTGGGATAGGCCTCGGGAGGCG	0	0	0	0	0	0	0	0	1778
TTGGCAACGGTGTGCGTGTATCTGTGCAGT	0	0	24	0	25.97826087	0	0	0	0
TTGGCAAGGTTCTGAATCAAGCCAGATCAA	0	0	0	0	23.38043478	16.73	0	0	50
TTGGCATGTTCTCCCAGATGTTACCTGGGG	0	0	0	0	0	0	0	0	719
TTGGCCCCCCAATGTCTGATTATATTCACA	0	0	0	0	0	0	0	0	604
TTGGCCCGTGGTCATCTCACAGACTAGATG	0	0	0	0	0	0	0	0	15
TTGGCCGTGAGGCTTTCTTGACACCATATG	0	0	0	0	67.54347826	43.02	0	0	28032
TTGGCGACGGGGAGGGCAAAAGTAGCTTCA	0	0	0	0	0	0	0	0	2026
TTGGCTATATCGTAACTAAAGAGAGCTACT	0	0	0	0	0	0	0	0	14
TTGGCTCGGCGTTCAAGCGAAGATACTCTA	0	0	0	0	20.7826087	0	0	0	541
TTGGCTCTCACGCGGTTTGGGTGGAGTCAG	0	0	0	0	0	0	0	0	2913
TTGGCTGGTGAACGAATTCCAGCGCTAGCT	0	0	0	0	0	0	0	0	196
TTGGCTGGTTTGGGGCCTTTGTGACTCTGG	0	0	0	0	0	0	0	0	18
TTGGCTTTTTGTTGAGTCCAAGAAGCTTAT	0	0	0	0	0	0	0	0	974
TTGGGAAGCACCTTCTTCCCTCGTGCTTAT	0	0	0	0	0	0	0	0	980
TTGGGACTTACGCGGACTTGATGGTCGGTG	0	0	0	0	0	0	0	0	1464
TTGGGAGAAAGAGTATTGCGCGGAACCGTG	0	0	0	0	0	0	0	0	293
TTGGGCAAAAGGACCCAACTCCGGAAGATG	0	0	0	0	0	0	0	0	1588
TTGGGGACCTACAAGACTTTAGTAAGGCTA	0	0	0	0	15.58695652	0	0	0	4852
TTGGGGCCGGTGTTACTATTTCGGATTATT	0	0	0	0	0	0	0	0	371
TTGGGGGAAGTTTGTTCATCTATCACGGTG	0	0	0	0	0	0	0	0	1276
TTGGGGGTTGTGTTGACCGCTGGGGCGGGG	0	0	0	0	25.97826087	0	0	0	127
TTGGGGTAAGCGAGTAACCTTTCTCACAGG	0	0	0	0	0	0	0	0	1572
TTGGGGTACCGGGGTGGTTGTAGCGAGTCA	0	0	0	0	0	0	0	0	1474
TTGGGGTGGGCAGGTCGTGGTAGGGGGCGC	0	0	0	0	0	0	0	0	2274
TTGGGGTTAGTGGCGGGGGTAGTCCGAGAA	0	0	0	0	0	0	0	0	72
TTGGGTACTGTCAAGATTATTGAGTGGATT	0	0	0	0	0	0	0	0	318
TTGGGTATATAATCGGCTTCCACGGGTTTA	0	0	0	0	0	0	0	0	1497
TTGGGTGGGTTCGGGGTTCCAGGGGGACGG	0	0	0	0	0	0	0	0	985
TTGGTATTACGAGCTTTTGGTGTACGAGTT	0	0	0	0	0	23.9	0	0	25
TTGGTATTGTGGACTGTGGACCCTGGTTCC	0	0	0	0	0	0	0	0	1057
TTGGTATTTAGATTGTTATGAAAACATCAG	0	0	0	0	0	0	0	0	1586
TTGGTCAATGAGACTGTTGTGGCGGAGTGG	0	0	0	0	0	0	0	0	158
TTGGTCATCGTTATGTTTGGTCTGTCTGAC	0	0	0	0	15.58695652	0	0	0	1267
TTGGTCTTCACGTTAGTCGCTTAGGTAGCT	0	0	0	0	0	0	0	0	1436
TTGGTGAATAGAACATTATTTGGGCGGAAT	0	0	0	0	0	0	0	0	185
TTGGTGAGTGCAAGGTATGTGTCGTGTTGG	0	0	0	0	0	0	0	0	3566
TTGGTTATCAGATCGCCTTTCAATTATGGT	0	0	0	0	0	0	65.51269036	0	0
TTGGTTCAAAGCATGTGTACAGTATTTATG	0	0	0	0	0	0	0	0	2605
TTGGTTCCGATGATGTGTTAAACTTTAGGG	0	14.87551867	0	0	0	0	0	0	1749
TTGGTTGTGGTCAGCTATGTTGTAAACAGA	0	0	0	0	0	0	0	0	143
TTGGTTTGAATTTGCCCAGAATTGATCGTT	0	0	0	0	15.58695652	0	0	0	1376
TTGTAAAGTCCCTTAAATGTATGACAAGTC	0	0	0	0	0	0	0	0	1751
TTGTAATCTCGGGTACATGACGGAAGTGTG	0	0	0	0	0	0	0	0	1884
TTGTACACTTACCACTTGGTGACATCCCTA	0	0	0	0	0	0	0	0	1133
TTGTACGAGTGGAACTGCTATTCCGGGCGT	0	0	0	0	0	0	18.19796954	0	0
TTGTACTTTACCTATGGCTCCTTAGCGTAC	0	0	0	0	0	0	0	0	3379
TTGTAGCGCGTATAGGATTTCTAGCTTCTC	0	0	0	0	0	0	43.6751269	0	0
TTGTAGGTTGCAAACGGGTGCCCAAGGGGA	0	0	0	0	18.18478261	21.51	0	0	1090
TTGTAGTGTGAGCAGATTTCCCCGCGGCTG	0	0	0	0	0	0	0	0	50
TTGTATATCTTATTAGTATGATCAATTATA	0	0	0	0	0	0	0	0	216
TTGTATCTCTGGGGACCGATGAGCGTTCGC	0	0	0	0	31.17391304	0	0	0	9202
TTGTATTTAACTGTGTCGATGGTTCTCTTT	0	0	0	0	0	0	0	0	899
TTGTCAAGAGATTAGGTTTGCAAATGAGTA	0	0	0	0	0	0	0	0	882
TTGTCATAAATTCGAAAGTGTTTATGATCT	0	0	0	0	0	0	0	0	258
TTGTCATCCGATCTGTTCTGAGGAACGTTA	0	0	0	0	0	0	0	0	16
TTGTCATTGGCTGGGCAGACCCCAAATGGG	0	0	0	0	0	0	0	0	370
TTGTCCAAGAACCGATCATTAGCGTATGCG	0	0	0	0	0	0	0	0	28
TTGTCGACGTTGCTGGTGAAGAGGTACTGT	0	0	0	0	0	0	0	0	1554
TTGTCGCAGTAATACATAAGCGTTCCAAGC	0	0	0	0	122.0978261	0	0	0	95
TTGTCGCCGTTCCAAGTGCCCAGATCGTGT	0	0	0	0	0	0	0	0	336
TTGTCTTAGAACTGCTTCAAGCCTTAGAGA	0	0	0	0	0	0	0	0	176
TTGTGACATTCGACCCAAGTTGACTGGGTC	0	0	0	0	0	0	0	0	859
TTGTGAGGGAGACGGCGTCTGTAGCCGTTT	0	0	0	0	0	0	0	0	1997
TTGTGATGCCAGCCACCGGGCGTATTCTCT	0	0	0	0	0	0	14.55837563	0	16
TTGTGCAGCTACACCTTTTTCGCTTGCGGT	0	0	0	0	0	0	0	0	269
TTGTGCATTTAGATGTTGTCCCCTCCCGTC	0	0	0	0	0	0	0	0	1468
TTGTGCTAGGTGCTCTGTAGGATCCATCGT	0	0	0	0	0	0	0	0	1359
TTGTGGTCAGCCTCACGCCATGTAAAGGAG	0	0	0	0	0	0	0	0	285
TTGTGTATATCATGAGGGTGCCTGTACGTC	0	0	93	0	0	0	0	0	84
TTGTGTTAAAGACCTGTCGAATGCTTGCCT	0	0	0	0	0	0	0	0	408
TTGTGTTATTCGAAAAGTATTTATACCTTG	0	0	0	0	0	0	0	0	94
TTGTTAGGGCGGCCGACTGACCCTCAGGGT	0	0	0	0	0	0	0	0	880
TTGTTAGTGCTGGGGAGATCTAGTTTCTAT	0	0	0	0	0	0	0	0	1125
TTGTTCCTGCTCGGGGTAATTCAGGGAATG	0	0	0	0	0	0	0	0	503
TTGTTGCCCTATAGTTGAGTTATTTATTTC	0	0	0	0	0	0	0	0	404
TTGTTGGGATTTACATCCGGAGGTTATTTA	0	0	0	0	15.58695652	0	0	0	4412
TTGTTGTATCTTCTGTAAATTTATAAATCG	0	0	0	0	0	14.34	29.11675127	0	0
TTGTTGTTCAAATACACCGTTCGACGGAGT	0	0	0	0	54.55434783	0	0	0	58
TTGTTTATCATGGAATACGCCTTGCGCGCA	0	0	0	0	0	0	0	0	14
TTGTTTCAATGGGTTATGGTATTCAGATGA	0	0	0	0	0	0	0	0	1920
TTGTTTCTACGCTTGGGTAATCTCAATGAT	0	0	0	0	0	0	18.19796954	0	0
TTGTTTCTTAGCGTTGTCCACCATACGGGA	0	0	0	0	0	0	0	0	96
TTGTTTGTATCTTATCGATCTTCTACGTTC	0	0	0	0	0	0	0	0	368
TTGTTTTCGTTGTTTAGCCATGTATCGCTT	0	0	69	0	57.15217391	16.73	0	0	71
TTGTTTTCTCCGTTCAGGTTTGGAGTCTCC	0	0	0	0	0	0	0	0	51
TTTAAACTACTGTTCCTGCTAGACGCCCCT	0	0	0	0	0	0	0	0	529
TTTAAAGACAGGCTACATAATATAGCGCTT	0	0	0	0	0	0	0	0	1177
TTTAAATGTTTATATAGTGGGGAGAGTGTA	0	0	0	0	0	0	0	0	72
TTTAACAGTTGGTTCCGGAGTGTAGGTCCC	0	0	0	0	0	14.34	0	0	5316
TTTAACATTCTCGAAGATCACTCGTAATCC	0	0	0	0	0	14.34	0	0	1015
TTTAACCCGGACGGCCCGACCACGCGTGTA	0	0	0	0	0	0	0	0	58
TTTAAGATACGTTCGTTATTTATGATTTGC	0	0	18	0	15.58695652	0	0	0	29149
TTTAAGTGGCTCGCGTCGGTTCTAGACTGC	0	0	0	0	0	0	0	0	2258
TTTAAGTTCGCTCGCGGATATTTGGTACGT	0	0	0	0	20.7826087	0	0	0	1124
TTTAAGTTCTCTCGGCATAGCTTTATCCTG	0	0	0	0	0	0	0	0	2849
TTTAATCGTGTGGCGGTTTTTCTATGTTTT	0	0	0	0	0	0	0	0	1346
TTTACAGTACATTGAACAGTGAGTGACATC	0	0	0	0	36.36956522	0	0	0	195
TTTACCGTCTCTGAAATTGAGTGAACCGTG	0	0	0	0	0	0	0	0	960
TTTACCTATTACTTCGTATGGAAGAAATCA	0	0	0	0	0	0	0	0	1712
TTTACCTGCCGGACGTTCCTGTGAAATGTC	0	0	0	0	0	0	0	0	51
TTTACCTGCGGGTCAAGGTCCCTGTGTCGT	0	0	0	0	0	0	0	0	1294
TTTACCTTTCCGCCTTCCGTTGAAGTTGTG	0	0	0	0	20.7826087	0	0	0	1563
TTTACGGCGTATCGTTCTTTCGCTTTATTC	0	0	0	0	0	0	0	0	1063
TTTACTCTGGGATTTGGAATAGATTATGAT	0	0	0	0	0	0	0	0	616
TTTACTTTCCGAACCCCGGGTGATTTATTC	0	0	0	0	0	0	0	0	455
TTTAGCCACAGCGTGCTTTGTATAGAAATT	0	0	0	0	0	0	0	0	293
TTTAGCCTCACTCTTCTCCGTCATTGGTGA	0	0	0	0	0	0	0	0	578
TTTAGCCTCACTGTATTGGTATAGCACTTC	0	0	0	0	0	0	0	0	95
TTTAGCGGTTGCTTGTTAACGTAAACATTC	29.35087719	0	0	0	0	0	0	0	0
TTTAGGAGCTAGCGTCTAGGTTTTGAATAC	0	0	0	0	0	0	0	0	1551
TTTAGGCGCGGTCTGGCGTGCAAGGGGGGT	0	0	0	0	0	0	0	0	23
TTTAGTCTGGTTGGAATTTTTTTGATCCGG	0	0	0	0	0	0	0	0	849
TTTAGTGCCAGAAAACCGTTAGACGAGTGT	0	0	0	0	18.18478261	0	0	0	206
TTTAGTGGTTCATTAGTGGCCAGGTAGGCG	0	0	0	0	0	0	0	0	442
TTTAGTTGGACTCGGTTGTTGATCTCGGTT	0	0	0	0	0	0	0	0	389
TTTATACTCTATATAAGGCAAATTAAATTC	0	0	0	0	0	0	0	0	64
TTTATAGTTTTTTCGACAGACTGAGCATTT	0	0	0	0	0	0	0	0	681
TTTATATATTAAAACGTGGACCTTTTGATG	0	0	0	0	18.18478261	0	0	0	573
TTTATATCCTGGTTGCATGGGGAGGAATTA	0	0	0	0	194.8369565	0	0	0	155
TTTATATTACCTTTGATTATTCCCTTCGAG	0	0	0	0	0	0	0	0	114
TTTATATTTGGGTTCGTTACGCAAGCAATC	0	0	0	0	15.58695652	0	0	0	0
TTTATCCGCTTTTGTGATGCTAGCCTAGTT	0	26.77593361	0	0	0	0	0	0	252
TTTATCGGCTGTGAACTTCAAGCACCGAGT	0	0	0	0	0	0	0	0	1234
TTTATCGGGCTCCGTGTCCGGGCGTCGCGT	0	0	0	0	0	0	0	0	1372
TTTATCTCCTGTGTATGCTCGTATAGTATC	0	0	0	0	0	0	0	0	46
TTTATCTGGACTTGCCAAACAGGAGGGTAC	0	0	0	0	0	0	0	0	810
TTTATCTTAGTGTCATTGATTAGTTTCGAG	0	0	0	0	148.076087	0	0	0	103
TTTATGACGTTGTGGTGCTATTCAGATGCC	0	0	0	0	0	0	0	0	17
TTTATGCCGTGTTGGGGCCCAGTTGGCCCG	0	0	0	0	0	0	0	0	1027
TTTATGGAAATTTACGGCCCTCCGGGCGTC	0	0	0	0	0	0	0	0	2819
TTTATGGGGCGTTGAATTACGAAACTGGCT	0	0	0	0	0	0	0	0	163
TTTATGTTATTCCTTGCGCTGGATCTCTTA	0	0	0	0	0	0	0	0	900
TTTATTATTCAGAGGGTGATTCACTGGGTG	0	0	0	0	0	0	0	0	229
TTTATTGGATGTCCGCAAGTCCCTGTGTAA	0	0	0	0	0	0	0	0	75
TTTATTTACATCTGTAACTTGCCGTGCAAA	0	0	0	0	0	0	0	0	1938
TTTATTTCACGGAAGCGGCGGGGTATTGGG	0	0	0	0	0	0	0	0	516
TTTATTTTAATTCGTAAGACCTTGTGTGTT	0	0	0	0	0	0	0	0	38
TTTATTTTGGGAACTCTGTGCTCAGTTACT	0	0	0	0	0	0	0	0	209
TTTCAAAAAATATACCGTGGGTGAGACACT	0	0	0	0	0	0	0	0	321
TTTCAATTGTTGTTAAAGTGGACCGTGGCG	0	0	0	0	0	0	0	0	874
TTTCACATATTAAACGCGCGACTATGAAGT	0	0	0	0	0	0	0	0	23
TTTCACCGTGAACCTAAGCAACGCATGTGC	0	0	0	0	0	0	0	0	1066
TTTCAGAGGAGTGAGCGGCTCGCACCGATG	0	0	0	0	0	0	0	0	366
TTTCAGTCCATGGCGGATAGATGAATTTAT	0	0	0	0	0	0	0	0	1288
TTTCATCTCCCATGAATTCACACTCTCAAG	0	0	0	0	0	0	0	0	191
TTTCATGCGTAGACTCTTACGTTAAGGAAT	0	0	0	0	0	0	0	0	1732
TTTCCACCTAGATGGAAGATAACGCCATAG	0	0	0	0	0	0	0	0	92
TTTCCATATTGCAACGTCGTAATTCGCGGA	0	0	0	0	0	0	0	0	1262
TTTCCGTCTGTGGTAGGGAATAGGCTTACC	0	0	0	0	0	0	0	0	4232
TTTCCGTGTTTGGTTATCAGTTACAACTGA	0	0	0	0	0	0	0	0	976
TTTCCTATACGGCCGCCCGGGCTGAGGGGC	0	0	0	0	0	0	0	0	2015
TTTCCTCGCATGACTGGTAACATAAGGCCA	0	0	0	0	20.7826087	0	0	0	72
TTTCCTGCAATTGAAGTCAGAAGACTTAGC	0	0	0	0	0	0	0	0	1021
TTTCCTGTGGACTCCGAGTCGGGGTGAGAC	0	0	0	0	0	0	0	0	3702
TTTCCTTTTTTTATCAACTCGTATTTTATT	0	0	123	0	41.56521739	0	0	0	147
TTTCGACCGTGGGGAAGGCGCCAGTGGGAG	0	14.87551867	0	0	23.38043478	0	0	0	54100
TTTCGAGAAGTCATTTGAACGCGGGAAATC	0	0	0	0	0	0	0	0	1022
TTTCGAGCGGCTCACGCTATAGGGACGTGC	0	0	0	0	0	0	29.11675127	0	0
TTTCGATCCAACCGCGTGAAATTGGTGCTG	0	0	0	0	0	0	0	0	1995
TTTCGATGATAGGCTAAACTACTGCTCGTC	0	0	0	0	0	0	0	0	1260
TTTCGATTGTAGTATATATTTCATGCCGTT	0	0	0	0	0	0	0	0	238
TTTCGCAAGGACATATTCCAAAGAGATCCA	0	0	0	0	0	0	0	0	2122
TTTCGCAATTATTGCCGACGGGATATAACG	0	0	0	0	0	0	0	0	589
TTTCGGCACCACGACAGAAGGTATGATGAA	0	0	0	0	0	0	0	0	2361
TTTCGGCCAGAGTTCGTTTTTCACGTGATA	0	0	0	0	0	0	0	0	619
TTTCGGGACGCTTCGAGAGTAAAGTGAATG	0	0	0	0	0	0	0	0	3065
TTTCGGTAACACAGCAAGCCTTGAGACATC	0	0	0	0	0	0	0	0	358
TTTCGGTGAGTTGTGAACAAAGTATTGCGG	0	0	0	0	0	0	0	0	472
TTTCGGTGTTTTGAGTTTTGAGGCCAAGGT	0	0	0	0	0	0	0	0	122
TTTCGTAGTCTATCAAAGAGTGCTCAGGCT	0	0	0	0	0	0	0	0	482
TTTCGTCTGGCTTGACTTTGTACAACTGAG	0	0	0	0	0	0	0	0	246
TTTCGTTACTTTTGATTGGGGGTGATTTTC	0	0	33	15.58695652	70.14130435	64.53	0	0	86
TTTCGTTTTTGATACATCCCTCCACGTCCA	0	0	0	0	0	0	0	0	1320
TTTCTCATATTACTGTTTCTAGATTGAAAA	0	0	0	0	0	0	0	0	549
TTTCTCGCACCATTGGGTCAGGGCCTGTAA	0	0	0	0	0	0	0	0	860
TTTCTCGTTGCCTAGATCTACATGACTTTC	0	0	0	0	0	0	0	0	989
TTTCTCTGGCCGACGATAGACTATTCAGCG	0	0	0	0	0	0	0	0	1190
TTTCTGCATCACAGTTCTCGCCCATCCCTG	0	0	0	0	0	0	0	0	890
TTTCTGTACAGTCGACGCTTGAGCCGCCAC	0	0	0	0	0	0	0	0	2003
TTTCTTATATGAAGAGAACAGTATGCACTA	0	0	0	0	0	0	0	0	535
TTTCTTCAGGAACGGAGAGTATTACCAGCC	0	0	0	0	0	0	0	0	304
TTTCTTTTTTAAGCCGTCATGGCTTGCGAC	0	0	0	0	18.18478261	0	0	0	0
TTTGAAAGATTTGTCTTTCTAAGTTCCCCT	0	0	0	0	0	81.26	0	0	940
TTTGAAGCATCCAGGCATGCGGACCGACAA	0	17.85062241	0	0	0	0	0	0	1567
TTTGAATACTGCCCAGTCTCTACCTGGAGC	0	17.85062241	0	0	0	0	0	0	2453
TTTGACCCTGATTTTATCAATTCCGATGTC	0	0	0	0	0	0	0	0	460
TTTGACTCTTCATGAGTGCTTAGTATAATA	0	0	0	0	0	0	0	0	206
TTTGAGACAAATCATTCTTAGGCTATCTCG	0	0	0	0	0	0	0	0	217
TTTGAGCACTCCTATTCTTAACTCTAGCAA	0	0	0	0	0	0	0	0	702
TTTGATCGCCCTCAGAATCTCGGGCCTTGT	0	0	0	0	0	0	0	0	868
TTTGATCTTTTCATACGGGGTTCCACTCGC	0	0	0	0	0	0	0	0	43
TTTGATGAAGGATGATTATGGACATTTAAC	0	0	0	0	96.11956522	0	0	0	312
TTTGATTCTGTCAGTGTTTATATAAGGCTC	0	0	15	0	23.38043478	0	0	0	41
TTTGATTTCTCTGTGCTAGGGCGTATACAC	0	0	0	0	64.94565217	0	0	0	44
TTTGATTTTAACGAGTGGACATCGAAAATT	0	0	0	0	0	0	0	0	35
TTTGCACTCAGCGACAGGCGAACTCCTTTG	0	0	0	0	0	0	0	0	1296
TTTGCCATATAGCGGAACAGACCGCTAGCG	0	0	0	0	0	0	0	0	797
TTTGCCATCCTAGACCTTTTGAAAGAATTC	0	0	0	0	0	0	0	0	45
TTTGCCGGGCCGGGGGGTGGGACGCTCATG	0	0	0	0	0	0	0	0	977
TTTGCGTAGGAATATGAGATGGTTGACTAT	0	0	0	0	0	0	0	0	101791
TTTGCTAGTATCCTCATGCTCAAGATCTTC	0	0	0	0	0	0	0	0	1527
TTTGCTGGAGCTATAATAGTTCCCGGATAG	0	0	0	0	0	0	0	0	2422
TTTGGACTTTTTTATCATATTCGGACATGA	0	0	0	0	0	0	0	0	33
TTTGGAGTTATCGGTGTTGAGTAATTTTAG	0	0	18	0	0	0	87.35025381	0	656
TTTGGAGTTCCGTTGGCATTCTCTTTTACG	0	0	0	0	0	0	0	0	18
TTTGGATCTCCGACTTTAATTATATAGACT	0	0	0	0	0	0	0	0	300
TTTGGCCGCTTTTATAGTACCTAGACCTTT	0	0	0	0	0	0	0	0	78
TTTGGGACATAGGCAGTTGCCCAGTTTTTT	0	0	0	0	0	0	0	0	2454
TTTGGGAGTGAAAATGTTCTAGCATGTCTT	0	0	0	0	0	0	0	0	74
TTTGGGTTCTCCCTTACACCTATTAAGTCC	0	0	0	0	0	0	0	0	403
TTTGGGTTGTTCGCGGCTCAAGTCTCCGGG	0	0	0	0	0	0	0	0	38
TTTGGTAGTTGTGTGCTATAGCATACTTTT	0	0	0	0	0	0	0	0	1742
TTTGGTCGAGTTACCGTGTAAGCGGCCCCT	0	0	0	0	0	0	0	0	1529
TTTGGTCGTTGTCACGGGGACAATTAAGGC	0	0	0	0	0	0	69.15228426	0	0
TTTGGTGAGATCTGATTTCTAAGAAAAGCT	0	0	0	0	0	0	0	0	2140
TTTGGTGAGTCCGAGTTTATGTTAAGCGAG	0	0	0	0	0	0	0	0	507
TTTGGTGTAGAGTGGGTAATGTTTGCGTGC	0	0	0	0	220.8152174	88.43	0	0	23614
TTTGGTTCGACGGGCGCCAGGCAAATATCG	0	0	0	0	0	0	0	0	279
TTTGTAAGTATATATGTCATTTCCTTTTAT	0	0	0	0	0	0	0	0	148
TTTGTAATATACGTGATTGAAGGCTGTTCT	0	0	0	0	15.58695652	0	0	0	0
TTTGTAATGGCGCCTAGATTCTCTGCATCA	0	0	0	0	0	0	0	0	1749
TTTGTCCACAACAGGTCTCACAATAGTAAA	0	0	0	0	0	0	0	0	627
TTTGTCGTGTGTTTAAGAACAACAGAAGGC	0	0	0	0	0	0	0	0	1405
TTTGTGCGCCAGGCCTTTTTTGTTCGAACG	0	0	0	0	0	0	0	0	1376
TTTGTGGCTCATTTCCTCATCCATTGTAGT	0	0	0	0	0	0	0	0	1061
TTTGTTAGTCGGGTATTCTTATTGTTATAA	0	0	0	0	0	0	0	0	26
TTTGTTATGGCTACCTGGGTACATAGGTTG	0	0	0	0	0	0	0	0	2455
TTTGTTCACTTCGACGCCACTAAGGCTGGC	0	0	0	0	0	0	0	0	425
TTTGTTCGCATGAGGCGGCCAGGGTGCTTT	0	0	0	0	0	0	0	0	938
TTTGTTTAAAATAGAATAACTTAGATAGCC	0	0	0	0	0	0	0	0	1386
TTTTAAACAGCACACGTAGCGCTCTCGTTT	0	0	0	0	0	0	0	0	16
TTTTAACAAGGAATTGTCGGTCAGCCCCGG	0	0	0	0	15.58695652	0	0	0	1515
TTTTAACCGAAACCAGTCGACTTACTAGCG	0	0	0	0	0	0	0	0	43
TTTTAAGCCATGTGCACGGGTGTGAGTCTT	0	0	0	0	0	0	0	0	934
TTTTAAGCGTAGGGCCTGCTACTTGAGGGC	0	0	0	0	0	0	0	0	705
TTTTACACGTGTAGACTATTCTTCTACTTG	0	0	0	0	0	0	0	0	5432
TTTTACATGTTCGTGTCCGGCATAGTTGCT	0	0	0	0	0	0	0	0	513
TTTTACCCTTTACTCTTATTGTAAAAACTG	0	0	0	0	0	0	0	0	32
TTTTACCTAGCATACAAGAGCTGATCTATT	0	0	0	0	25.97826087	0	0	0	257
TTTTAGAATGTAAGTCACATATGGATACAG	0	0	0	0	0	0	0	0	503
TTTTAGACTTAGGACATGCTGGGTAATTTA	0	0	0	0	0	0	0	0	330
TTTTAGTATGATCCAGCCACACGCCCGGTC	0	0	0	0	0	0	0	0	919
TTTTAGTTAACCAAAATTTCATTGTCCTCG	0	0	0	0	0	0	0	0	40
TTTTATTGGGATACTCCTACGGACTAATTG	0	0	0	0	0	0	0	0	837
TTTTCAAAGGTATTAGACTGCCGCTCTCCG	0	0	0	0	0	0	0	0	52
TTTTCAGCTCTCGTCCAACGGTGAATGCGT	0	0	0	0	18.18478261	0	0	0	173
TTTTCATCTTTATGAGTAGAGGATATCTGT	0	0	0	0	0	0	0	0	54
TTTTCCATTCGTGAACATCTATGGTATGGT	0	0	0	0	0	0	0	0	81
TTTTCCGTTACTCGTCAAGGACAGATTTGC	0	0	0	0	0	0	0	0	1239
TTTTCCTATCCCGGAGCTTACCAGATCTCG	0	0	0	0	0	0	0	0	981
TTTTCGAGGGTTATAGAGGCCGAGCGTGAT	0	0	0	0	0	0	0	0	279
TTTTCGCTGTGCAGGCAATGATTACTTTAG	0	0	0	0	0	0	0	0	51
TTTTCGGTCCCGATTTTCTTCGCGTTATGT	0	0	0	0	96.11956522	0	0	0	745
TTTTCGTGTTCTCGACTTTCGCGTCGGGTA	0	0	0	0	0	0	0	0	133
TTTTCGTTTAAGTACGCAACAGGCATTTCT	0	0	0	0	0	0	0	0	1343
TTTTCTAGAATTTGAATTCAATTGTAAGAA	0	0	0	0	0	0	0	0	2078
TTTTCTGCACCCTCTTTGGCGCTGAAGTAG	0	0	0	0	0	0	0	0	3050
TTTTCTGCAGTTTACCCGCGCCCTACCTGC	0	0	0	0	0	0	0	0	1539
TTTTCTGGTCAACGAAGTATCTGGGATACG	0	0	0	0	0	0	0	0	297
TTTTCTGTCCTGACGAAAATATTACTCGCA	0	0	0	0	0	0	0	0	152
TTTTCTGTGGCTGGGTCTAACGGGTAGTCT	0	0	0	0	0	0	0	0	1758
TTTTGAATCAGGTAATAGTACGTGGTGCGA	0	0	0	0	0	0	0	0	145
TTTTGACATTCCCTCATCGACCTTAATGAT	0	0	0	0	0	0	0	0	62
TTTTGATCTTTGGGGCCGTCAGTATTGTGC	0	0	0	0	0	0	0	0	27
TTTTGATTAGCTGGATAAAGTAGACCTTGT	0	0	0	0	0	0	0	0	33
TTTTGCGAAGCCCTCAAAAGCGTTGGATAT	0	0	0	0	0	0	0	0	55
TTTTGCGAGAGAGTTTTGCTGCGCTAGGGT	0	0	0	0	0	0	0	0	27
TTTTGCGTAGGAATATGAGATGGTTGACTA	0	0	0	0	0	0	0	0	16
TTTTGCTTCTAGCTGTCCTCAAGATCAGGT	0	0	0	0	0	0	0	0	27
TTTTGGAAGGATGGATGCCTTTGATTTTTA	0	0	0	0	0	0	0	0	1075
TTTTGGAGAAACTCCTATCTTCAAGTTTTT	0	0	0	0	0	0	0	0	815
TTTTGGATCGCGTTCGGGATGAGTGGCTAT	0	0	0	0	0	0	0	0	425
TTTTGGATGCGGTCAGAATGAGTGGGTGAT	0	0	0	0	0	0	0	0	23
TTTTGTCACGTATGCAATTGTGGGTGTTCT	0	0	0	0	0	0	0	0	1813
TTTTGTCGTTAGTGTGAGAGTCCATCATAC	0	0	0	0	0	0	0	0	885
TTTTGTGATTACCCATGCAGTATTATGCTG	0	0	0	0	0	0	0	0	1292
TTTTTAGATCACTGAGCTTGCTGTCCTCTC	0	0	33	0	75.33695652	76.48	0	0	154
TTTTTAGCAGAAGTGCGATCATTCTGTAAA	0	0	0	0	0	0	0	0	516
TTTTTCCACGTGGTCTCTCTCCGCGTGGTG	0	0	0	0	0	0	0	0	460
TTTTTGAAACATCGGCATTGTTTTTCGTCC	0	0	0	0	0	0	0	0	104
TTTTTGATCTTAGCTATCTGATTGTGGTTG	0	0	0	0	0	0	0	0	80
TTTTTGATTTGATAGACGATATGGAAAATA	0	0	0	0	0	0	0	0	1204
TTTTTGCATGGATAGCTCTTGATGAATGGC	0	0	0	0	0	0	0	0	50
TTTTTGCCATTCTGTATACGAACTCGTTTT	0	0	0	0	0	0	0	0	6527
TTTTTTAAAACAAGTGGATCCCTACGTGCA	0	0	0	0	0	0	32.75634518	0	0
TTTTTTACACAAGCCCGGCTTTAGTTGTCT	0	0	0	0	0	0	0	0	1562
TTTTTTATGCGTAAGAAGCTGGTCTACACA	0	0	0	0	0	0	0	0	65
TTTTTTGACGGGCTGGTAAACGCAATCTCG	0	0	0	0	0	0	0	0	1180
TTTTTTGGGATGGTAGCGTTCTCGTAACGT	0	0	0	0	0	0	0	0	997
TTTTTTTGGTTATTTAGCTGCTTTTTTGAT	0	0	0	0	0	0	0	0	41