barcodes	rsp	pm	am	a	rl	al	lm	neg	inj
AAAAAAGCGTGCTGCCTGGCGAGAGAGGTT	0	0	0	0	0	0	0	0	1099
AAAAAATCTCTACGTCTAGTCGGCAACCCT	0	0	0	0	0	0	4.324817518	0	521
AAAAACCCTATTTGATCATCTTGAACATTC	0	8.315789474	0	0	0	0	8.649635036	0	968
AAAAAGCTATAGACAGTTAGTTTCGCATTG	0	0	0	0	0	0	0	0	20
AAAAATTCTGTTCGTGCTGACCGATTACGC	0	0	0	0	0	0	4.324817518	0	1362
AAAACCACGGGGCTCTAAGTGGTCAGTGTC	0	0	0	0	0	0	0	0	358
AAAACCCGCTGTTCACATTTGAATGGTCTT	0	0	0	0	0	0	4.324817518	0	782
AAAACGCTCACGTGTATCCATTAGCACGTG	0	0	0	0	0	0	0	0	99
AAAACGGGATCCTAACCGGATTAATCCTTC	0	0	0	0	0	0	0	0	996
AAAAGCAGTGTCTGTCCGGGTGCTTCGGGG	0	0	0	0	0	0	4.324817518	0	12
AAAAGCCTCGGTGTCACCATAAAATGCGCA	0	0	0	0	0	0	4.324817518	0	0
AAAAGGGAACTGTGTAAATAACGCCAAAAG	0	0	0	0	0	0	0	0	1615
AAAAGGGCAGTATGTACGCGCGCCATTGTA	0	0	0	0	0	0	0	0	922
AAAAGGGTGCCGTCCTGTAGGCACAGGCCT	0	0	0	0	0	0	12.97445255	0	211
AAAAGGTGCTAATGTCCTCCTTTATGATCC	0	0	0	0	0	0	8.649635036	0	101
AAAAGTGTAAAATATTGTTACACTTTGTTT	0	0	0	0	0	0	4.324817518	0	956
AAAAGTTGTTCGTTTTTGTTCCTGCACCGC	0	0	0	0	0	0	4.324817518	0	30
AAAATCCGGCTTTCACCGTCCCATGGCTAC	0	0	0	0	0	0	0	0	1129
AAAATCGGTGTGGGTATTCATTAGGCCCCC	0	0	0	0	0	0	4.324817518	0	150
AAAATGACTTCCGCCTAGATTCGATATTAA	0	0	0	0	0	0	4.324817518	0	494
AAAATGTGCCGGGGTTAGGGCGGCGTAGAG	0	0	0	0	0	0	0	0	781
AAAATTATATAACCGGTATCGCCCATTATT	0	0	0	0	0	0	0	0	41
AAACAAATACAGCTTGACACATAGCCATGT	0	0	0	0	0	0	0	0	731
AAACACATTTAGGGTTTGATAGTTTGCGAA	0	0	0	0	0	0	0	0	522
AAACACTACGTAATCCATCGTTTCCGCAGA	0	0	0	0	0	0	17.29927007	0	512
AAACAGGGGTACACTCTAAGTAGTGGTATA	0	0	0	0	0	0	4.324817518	0	12
AAACAGTTGTTTGGTATTATCCCTAGTATT	0	0	0	0	0	0	0	0	83
AAACCAGACTAACTTATCTATTACTCCATA	0	0	0	0	0	0	0	0	278
AAACCTTGTGTTGCGTGCTCATGTGCCTAT	0	0	0	0	0	0	0	0	1106
AAACGAAGGCTGTTTATAATTAGGATTACC	0	0	0	0	0	0	0	0	216
AAACGCCGACTTATCATCAGCGTGCAACAA	0	0	0	0	0	0	0	0	28
AAACGGACAGCTTTGGGCTTCTGTAGAGCG	0	4.157894737	0	0	0	0	8.649635036	0	3257
AAACGTATATTTCTTTATATCCGCCTCCTT	0	0	0	0	0	0	17.29927007	0	69
AAACTAAAATCGTTGATTATGCAGTACCCG	0	0	0	0	0	0	0	0	2
AAACTCAGCATAAGCGTGTTTTGGAGTATT	0	0	0	0	0	0	21.62408759	0	365
AAACTTGGTCAGTCGGTATATTTTGCATGG	0	0	0	0	0	14.8125	0	0	773
AAAGAACGTATAGGAGGTCGAAAGATTAGA	0	0	0	0	0	0	0	0	449
AAAGAACTCGCGGTGTGTACAGCACTCTAA	0	0	0	0	0	0	0	0	952
AAAGACACATTAAATAACTTACGAATGTTC	0	0	0	0	0	0	0	0	1531
AAAGATACTGAATGAGTTCACTGTTATCGC	0	0	0	0	0	0	0	0	2
AAAGATGGAGGTTGTATGGGGTGAACCGAT	0	0	0	0	0	0	0	0	2
AAAGCTTTGTTTCTTTTCCCTCGTCAATCG	0	0	0	0	0	0	12.97445255	0	106
AAAGGATGGTGAAAGGCGTAGATAGTCGGC	0	0	0	0	0	0	21.62408759	0	218
AAAGGCCAACGGCATGCGTCGACGGACGGA	0	0	0	0	0	0	4.324817518	0	746
AAAGGCTCATGTATCTACCAACCTCTGGCT	0	0	0	0	0	0	0	0	1247
AAAGGGAGGCCGCGACGAGCAAAAGGGGGG	0	0	0	0	0	0	34.59854015	0	44
AAAGGTCGGTGTTACGGTCCGAACTGATGA	0	0	0	0	0	0	0	0	1164
AAAGTAACATCAAACAAATGTTATGGCACT	0	0	0	0	0	0	12.97445255	0	509
AAAGTAATACACGCTTGCCGGCTCCGTTGC	0	0	0	0	0	0	8.649635036	0	66
AAAGTATGCTCTCGGTGTTATCTTACCTAC	0	0	0	0	0	0	47.5729927	0	1594
AAAGTCTGTCCCAAATTCTACAACTGGGTC	0	0	0	0	0	0	0	0	90
AAAGTGCATCTTTAAACGGTCCCATCATTC	0	0	0	0	0	0	0	0	94
AAAGTGTACGAGGCGCCGGTGTTGTTTCCA	0	0	0	0	0	0	0	0	1344
AAAGTTATTCCGGTAGGTCCTACATAGGTA	0	0	0	0	0	0	4.324817518	0	335
AAAGTTGTCTTTAGCGCGCGGAGGTAGATG	0	0	0	0	0	0	4.324817518	0	184
AAAGTTGTTCTTAATATTCGCCGGCCAGAC	0	0	0	0	0	0	0	0	884
AAAGTTTGTTCCAGTTGCTTTTAATCACAC	0	0	0	0	0	0	0	0	262
AAAGTTTTTTATCTTTACCTATGAAAATGT	0	0	0	0	0	0	0	0	3220
AAATAAACTCCTGTTGTGGGTCGCTAAGCG	0	0	0	0	0	0	0	0	915
AAATAATAAGAGACTTGTACAAGGCCTTGC	0	0	0	0	0	0	0	0	88
AAATAATTACATAAGCATCTGTAATCCTTG	0	0	0	0	0	0	0	0	375
AAATACAACGATTTACCACTGGGGGGTCTC	0	0	0	0	0	0	0	0	100
AAATATTCAAGGCGTTTAGAACACAACCAT	0	0	0	0	0	0	0	0	3
AAATCCAATCTTCTACATGACTTTAAGTAT	0	0	0	0	0	7.40625	0	0	0
AAATCCACCGTCACCATCGGCTCGGGCTTG	0	0	0	0	0	0	0	0	955
AAATCGTAGTTATATCGAAATTTACCTCTG	0	4.157894737	0	0	0	0	0	0	0
AAATCGTTCAGCCCGGTCTAGCGCGGCCTT	0	0	0	0	0	0	0	0	2002
AAATCTATCTTGATGATACGCGATGCAAAG	0	0	0	0	0	0	12.97445255	0	24567
AAATCTTTACCTGTCGATATAGCCGTTCCA	0	0	0	0	0	0	0	0	210
AAATGAGCTCAAGGGGACGATGGTGTGGAT	0	0	0	0	0	0	38.92335766	0	90
AAATGGCATAGGACCGCTATCGAGGACATA	0	0	0	0	0	0	4.324817518	0	0
AAATGGTCATGGTCTCTTGGGCCCCAATTG	0	0	0	0	0	0	21.62408759	0	1025
AAATGTGGTCACGGGAGCGAGCTGAACCCT	0	0	0	0	0	0	4.324817518	0	433
AAATTAACTGGGAACGCTGCACGGTGTGGG	0	0	0	0	0	0	0	0	363
AAATTCTAGAGTAATGCGATTTGTGTCTAT	0	0	0	0	0	0	8.649635036	0	92
AAATTGCCTGTCCCAAACCAGTCTTCTGCA	0	0	0	0	0	0	0	0	2388
AACAACATACTTGGAATCATTGTGTCCTCT	0	0	0	0	0	0	0	0	1589
AACAACGCAAGAATACTAGGGGGATTTTGG	0	0	0	0	0	0	0	0	1046
AACAATACTTGGAAGCACCGGCACTTATGG	0	0	0	0	0	0	0	0	1886
AACACATGGTTCGCTTAAACAGGAATCCTT	0	0	0	0	0	0	0	0	171
AACACCCCAGTATCTACTAGCTCACCCCCA	0	0	0	0	0	3.703125	0	0	0
AACACGCGCACACCTTTTGTCCACTGGATC	0	4.157894737	0	0	0	0	0	0	19
AACACGGATATGATCTAAGGCATGTCTCAG	0	0	0	0	0	0	0	0	236
AACACGTCGTGCGCCGCCCAAAGCTCAGGT	0	0	0	0	0	0	0	0	939
AACAGATGAGGTATTAATTGCTCGGAGGCG	0	0	0	0	0	0	12.97445255	0	236
AACAGGGGTGTTAGCTATTCCTCACGCGGA	0	0	0	0	0	0	0	0	764
AACAGGTTGTTATATACTTGTCGAACTATT	0	0	0	0	0	0	0	0	1438
AACAGTTGTGAGTAGTCGGATGTTATCCTC	0	0	0	0	0	0	0	0	430
AACATACTAGAGTACATTTAGATTGCTTCC	0	0	0	0	0	0	0	0	992
AACATCGCCCCGTTTCATCGTGATTCAGCA	0	0	0	0	0	0	4.324817518	0	34
AACATGATGTTCTTCGGGGATTTATAACGC	0	0	0	0	0	0	0	0	327
AACCAAGCGTCCGGGTGTCGTAACGCTCAA	0	0	0	0	0	0	0	0	353
AACCACATAAGCGAAAACTCAAACAAAATA	0	0	0	0	0	0	0	0	2
AACCACCATTCTAACCTTCTATTCGCAACG	0	0	0	0	0	0	0	0	1397
AACCATGAGCTTACCGCTAGCTCGGTTTGT	0	0	0	0	0	0	181.6423358	0	36133
AACCATGCATCTAGAATTTGGCTTCACGAA	0	4.157894737	0	0	0	0	0	0	5565
AACCCAGCGGGGTAAGAGGGGTGTGTGGGG	0	0	0	0	0	0	8.649635036	0	256
AACCCTGTAGTTCCATTGGACCGGTTCTAG	0	0	0	0	0	0	0	0	475
AACCGAGTCCCTCCTCGATTACAACTTTAG	0	0	0	0	0	0	8.649635036	0	210
AACCGCTATCATCTCTTTTCGAGTAACACT	0	0	0	0	0	0	4.324817518	0	940
AACCGGGAACCCATCGCCATTAGAAAATCT	0	0	0	0	0	0	17.29927007	0	41
AACCTAGGTTTTTCTCATTGGCAGGAGGTA	0	0	0	0	9.834024896	0	4.324817518	0	103
AACCTCACTGTATGTCAGTTATCGCCTCAC	0	0	0	0	0	0	0	0	15
AACCTCATGACACTACTGGCGCTTGCATCA	0	0	0	0	0	0	0	0	148
AACCTGGATACAACCCGGTGGATCAAGTAC	0	0	0	0	0	0	4.324817518	0	152
AACCTTAATGAATTGCGATATCGTTTCAAG	0	0	0	0	0	0	86.49635036	0	167
AACCTTACTGAGCGGGTGATTTTATGCTTG	0	0	0	0	0	0	12.97445255	0	3
AACGACGCGGGCTGGTTTCTGTCTCATGTT	0	0	0	0	0	0	0	0	2
AACGCCGCATGACTAGCGAGGGACAGCCTA	0	0	0	0	0	0	8.649635036	0	201
AACGGACGTTCGGGGGTGAAAAGGTGTGCC	0	0	0	0	0	0	0	0	2
AACGGAGTTTAGGGGGATTTTGACGGGTTT	0	0	0	0	0	0	25.94890511	0	12
AACGGAGTTTGCTTGAGAAATTCAAGTTAT	0	0	0	0	0	0	8.649635036	0	10
AACGGCGTCCACTGTTAGGCTCGATTACGG	0	212.0526316	9.221789883	0	0	0	108.120438	0	11835
AACGGGTCGGACGGGTAGTAGTGCCTTTCC	0	0	0	0	0	0	4.324817518	0	0
AACGGTATCTTAGCTTAGGAGCCCTGTTGG	0	0	0	0	0	14.8125	4.324817518	0	292
AACGGTATTCATGTTCATCGTATACGGCGT	0	0	0	0	0	0	4.324817518	0	27
AACGGTGTCTGTCGTAAAATTTAGGATGTA	0	0	0	0	0	0	4.324817518	0	2977
AACGGTTGGTCAGGCAGTCAGTTCCTGCAG	0	0	0	0	0	0	0	0	781
AACGTCTTCAACATGACAGACGGTATTTTA	0	0	0	0	0	0	0	0	732
AACGTGAACTTCCAGTGAATTTCGTACACT	0	0	0	0	0	0	0	0	49
AACGTTTGTCCGTAAATTTCACCTATCACC	0	0	0	0	0	0	21.62408759	0	14839
AACTAAATTGTCCGTACTGCACGCTTTAGA	0	0	0	0	0	0	4.324817518	0	45
AACTAGATACACTACCAGTTCTAAAGACAA	0	0	0	0	0	0	0	0	2
AACTAGCGCGAGCCTTGGATCTCAGGTGTG	0	0	0	0	0	0	12.97445255	0	607
AACTATCTGGAACCTGATGGTCCATATGGT	0	0	0	0	0	0	0	0	141
AACTCCTCGCTTGTCTCCAACAGGCCTTTT	0	0	0	0	0	0	17.29927007	0	504
AACTCTACTCATTGCTGCATCACCTCATAC	0	0	0	0	0	0	0	0	1774
AACTGAGGAGGCAATGTCAAACTTCGGGCT	0	0	0	0	0	22.21875	129.7445255	0	11
AACTGGGCGCTACCTGGGTACGCATGGCCA	0	0	0	0	0	3.703125	0	0	0
AACTGGTTGACCCGTATCATCAGTTGTCCT	0	0	0	0	0	0	0	0	522
AACTGTGATCCTCGGGGTCGTGGCTGGGCG	0	0	0	0	0	7.40625	0	0	129
AACTGTGTTCATAACGACACGCACTGTTAT	0	0	0	0	0	0	0	0	1224
AACTTAGTTTGACGTATCCCTCATGCAGCT	0	0	0	0	0	0	0	0	1285
AACTTCAAGGTTCTTTTCTCTCTACGGGAC	0	0	0	0	0	0	0	0	1171
AACTTCCGATGGATGGATCGGTGGTTAAAT	0	0	4.610894942	0	0	0	0	0	0
AACTTCTAGCGTGTGCGGGTTTCAGACATC	0	0	0	0	0	0	0	0	2478
AACTTGGGAGTGCAGGGGACTCTGAGGGCT	0	0	0	0	0	0	0	0	1396
AACTTTAGTTAGGGTTTTGCAGCGTGGGAC	0	0	0	0	0	0	0	0	235
AACTTTGTGTGCACCACACCTTGGACACCC	0	0	0	0	0	0	4.324817518	0	871
AACTTTTTACTTCAAGGGCCTGCACTTCAC	0	0	4.610894942	0	0	0	0	0	0
AAGAAAGTGAGTTAGTCTAGCTACAATTTA	11.02325581	45.73684211	0	0	0	0	0	0	18
AAGAATAACGACAGCTTAAACTCTTTGCCA	0	0	0	0	0	0	0	0	1549
AAGAATTAGGATACTCCCTTCAATGATCTC	0	0	0	0	0	0	51.89781022	0	245
AAGACCGTAAATTCATATTTGCAAGAGATC	0	0	0	0	0	0	0	0	1207
AAGACGCTCATCGTGTCATTGTGAAAGTGA	0	0	0	0	0	0	0	0	10
AAGACTGTTAAATGTGAAGTGCCGGACATA	0	0	0	0	0	0	8.649635036	0	0
AAGAGAAAGGCGAGCTTCCTCGCTTGGGGT	0	0	0	0	0	0	25.94890511	0	1107
AAGAGCGGGAAAGTGCAACGTATGCGCAGC	0	0	0	0	0	0	0	0	2
AAGAGTCAGAACGCTGCACCGCTAGAAAGA	0	0	0	0	0	0	4.324817518	0	0
AAGAGTGAGTCTTCACATTTGTGGTGGTCG	0	0	0	0	0	0	21.62408759	0	84
AAGAGTTTGGAGAAGGGGGCTGGTGCGTAA	0	0	0	0	0	0	17.29927007	0	1514
AAGATAAGACGCAACAATATGAGTTTTAGC	0	12.47368421	0	0	0	0	17.29927007	0	3901
AAGATAAGTTCATTAGATCCAGCGAGTCTT	0	0	0	0	0	0	0	0	3
AAGATACGGAAACGATAGTATTAGTTTGAT	0	0	0	0	0	0	0	0	327
AAGATATGAGAGATCTTTGTGGTAACCCGG	0	0	0	0	0	0	0	0	258
AAGATCAAAGCCCGGTCTTATTATTATAAC	0	0	0	0	0	0	0	0	1915
AAGATGATGATGAACATCTCCGATGCAGTG	0	0	0	0	0	0	0	0	1710
AAGATTTGGAAGTCGACGCTGCATGTATCA	0	0	0	0	0	0	0	0	1203
AAGCAACCGATTCAGCTTACATGCAACAGT	0	0	0	0	0	0	0	0	1761
AAGCACGGGTCCCCCTTGCAACCCCTTAAA	0	0	0	0	0	0	0	0	966
AAGCACTAGGTTAGACGGGAGGGGTGGGCG	0	0	0	0	0	0	12.97445255	0	12
AAGCAGTCTTGTTGTCGGCTATTGCAGGAG	0	16.63157895	4.610894942	0	0	0	69.19708029	0	61
AAGCATACTACTTGGGACATGCTCCGTAAA	0	0	0	0	0	0	0	0	52
AAGCATCGTCGGGTGTAGAGTTATCGATCT	0	0	0	0	0	0	21.62408759	0	778
AAGCATTTAATATAATAATGACACAAAAAA	0	0	0	0	0	0	0	0	3
AAGCCCACTAATAGTATATTAGTTAATAGC	0	0	0	0	0	0	0	0	1153
AAGCCCGTTCCTACGCATTTTGGACCAACA	0	0	0	0	0	0	0	0	1038
AAGCCCTTGCAATGCCCGGCTCCGCCCGTT	0	0	0	0	0	0	12.97445255	0	7
AAGCCTTGGTACACAGCTGGGCTTTCACAG	0	0	0	0	0	0	4.324817518	0	37
AAGCCTTTGCCCTGGTGCCAATTTACTGCA	0	0	0	0	0	0	0	0	306
AAGCGAACTATCTATCCAACCACCATAAGC	0	0	0	0	0	0	0	0	34
AAGCGAAGTTTACTACGACCTGTTCGCGGA	0	0	0	0	4.917012448	0	0	0	0
AAGCGAATATACGTTCGATAAGAGTACCCC	0	0	0	0	0	0	0	0	1093
AAGCGGATACCTTGTGGCCTCCGCTTATGG	0	0	0	0	0	0	0	0	29
AAGCGGGGTCCCCAGAACATTTCGGCTGTG	0	0	0	0	0	0	4.324817518	0	411
AAGCTCCGGCGCTCTGTTAGCGTCCTGCCG	0	0	0	0	0	0	4.324817518	0	0
AAGCTCTTTTCGATAGGTTAATGAAAAGTA	0	0	0	0	0	0	0	0	52
AAGCTGCCAAACTTCACTTTGCGACTATAT	0	0	0	0	0	0	0	0	1044
AAGCTGCCATGTTTCATCTGGTAACTGAGT	0	0	0	0	0	0	0	0	2006
AAGCTGGTTTGGGACGACTAAATGTGCGTG	0	0	0	0	0	0	0	0	93
AAGCTGTTGGCATTCTGTGTGTCACGTAGT	0	0	0	0	0	0	0	0	1345
AAGCTTTCCAAGGAAGGGTCATTGGGCTAA	0	0	0	0	0	0	0	0	48
AAGGAATTGCCGGCTTGATTTTTCGCACGT	0	0	0	0	0	0	0	0	1200
AAGGAGCGGTACAACGCCGTCTAGCTGGGG	0	0	0	0	0	0	0	0	125
AAGGAGGTATTACCTTTTCTGCATGACGGC	0	0	0	0	0	0	0	0	1115
AAGGATCAGTCGTAAGCGACTGACTATTCT	0	0	0	0	0	0	12.97445255	0	94
AAGGATTCATTTGCTAATCTTTTAATAACA	0	0	0	0	0	0	0	0	87
AAGGCAATCAACTATAGATTTCAACGGGTA	0	0	0	0	0	0	0	0	6
AAGGCCCGTGAATCACGCCGATTCTACACT	0	0	4.610894942	0	0	0	0	0	0
AAGGCCTGTCCCGAGATCCCGTATCTTACT	0	0	0	0	0	0	0	0	480
AAGGCGTGCATGTAACCGCGGTACACGTTT	0	0	0	0	0	0	0	0	655
AAGGCGTGTTGTCTGGGGATGGGCCTGACG	0	0	0	0	0	0	263.8138686	0	0
AAGGGAATAGAGTTCATGGTCATTCATTGG	0	0	0	0	0	0	4.324817518	0	76
AAGGGATCGGTGTCGGATAGCTGTACCACC	0	0	0	0	0	0	17.29927007	0	93
AAGGGCTGAATTCTTATGACAAATTCAATA	0	0	0	0	0	0	38.92335766	0	392
AAGGGGGGTTTTTCCAGGAGTATGGTAGGT	0	0	0	0	0	0	0	0	274
AAGGGTGCTGAGGAACGGAGGCAGCATGGG	0	0	0	0	0	0	0	0	4
AAGGTAAGGTACGTGCTTCGAGAGGCATGC	0	0	0	0	0	0	0	0	240
AAGGTCCAGGAGGTGAGGCATGAGGCTAGG	0	0	0	0	0	0	0	0	410
AAGGTGCGCATGGCACTATCGCGTAATCGA	0	0	0	0	0	0	0	0	2
AAGGTTAGTTCTTTCCGGGCCTCTGCGGAT	0	0	0	0	0	0	0	0	713
AAGGTTGTGAACCATGCGTAGGCTGGCATC	0	0	0	0	0	0	0	0	92
AAGGTTTGCGAACTTTAAGAGCGCCACGGC	0	0	0	0	0	0	0	0	983
AAGTAAAGATTGCGCAGAACACAAACAGTC	0	0	0	0	0	0	0	0	208
AAGTACCATTCGTGGGTTCTCGGGGCAAGC	0	0	0	0	4.917012448	0	0	0	246
AAGTACGTTTTTGAGTCTGGGGGCGTGGCA	0	0	0	0	0	0	4.324817518	0	827
AAGTACTAGTCCACGCGCGTCAGCTTTTCA	0	0	0	0	0	0	4.324817518	0	0
AAGTACTGCGCTTGGCCAACCATCACGGGC	0	0	0	0	0	0	0	0	664
AAGTAGGGTGCACTGGCACTCACCATGTGT	0	0	0	0	0	7.40625	0	0	1012
AAGTCACGATGCTCCACACGAAATTATTGT	0	0	0	0	0	0	12.97445255	0	58
AAGTCCACTTGGACAATTGATTCAAATGTC	0	0	0	0	0	0	4.324817518	0	106
AAGTCTCGTGCACTTTGTTTCGCAGTTGGG	0	0	0	0	0	0	4.324817518	0	1338
AAGTCTCTAGGTGGTTAGATGTGTCGTGAA	0	0	0	0	0	0	12.97445255	0	339
AAGTCTGAGAGACTGGACAGGGTAATGTGC	0	0	0	0	0	0	0	0	25
AAGTCTGTACTAAGTTAAGTGAGGCCGTGA	0	0	0	0	0	0	25.94890511	0	42
AAGTGCGGGATTGCGTACGTAATGTGTCAG	0	0	0	0	0	7.40625	103.7956204	0	2865
AAGTGGATCAGCCGTCAGCACAGTCTCCTA	0	0	0	0	0	0	0	0	19
AAGTGGCATGCTCTCTGGGTGTGCCATGGG	0	0	0	0	0	0	12.97445255	0	412
AAGTGTCGGCCTGAAGGTGGGGTCCAACTA	5.511627907	0	4.610894942	0	0	0	8.649635036	0	12
AAGTGTCTGAACGCTGCTCCGCTAGAATGT	0	0	0	0	0	14.8125	21.62408759	0	7993
AAGTGTGACCAGGGAGACGTTCTGAAGTTG	0	0	0	0	0	0	0	0	492
AAGTGTGGCAACGAAGGGCGTGGAAGGGCG	0	0	0	0	0	0	0	0	1802
AAGTGTGTTAAGGGTCAGTCTGACACTAGT	0	0	0	0	0	0	0	0	3
AAGTTAGAACACCTGTGTATTGCCGCATCG	0	0	0	0	0	0	8.649635036	0	60
AAGTTCAGCTAAAATCGTGGTATTTCTATA	0	0	0	0	0	0	0	0	2
AAGTTGGTCAGGAGTCGCTAACCGCGGGGG	0	0	0	0	0	0	17.29927007	0	298
AAGTTTTGTTTTGTATGTCTCTTCACGTTC	0	0	0	0	0	0	4.324817518	0	1129
AATAAAAAGTTTTTTAGAGCTTCTTACAAG	16.53488372	0	0	0	0	0	0	0	204
AATAAACCCTTTTCTTTGCTTCAATTTAGT	0	20.78947368	0	0	0	0	0	0	2108
AATAAACTTTCTTAGATTTTCGTTAGTTTT	0	0	0	0	0	0	0	0	6574
AATAACAATAAGTAACCCATATGGGCGATT	0	0	0	0	0	0	4.324817518	0	0
AATAAGATAGCAAATCTTCAGCAGATCTTT	0	0	0	0	0	0	0	0	1530
AATAAGATTTTGGTGCTTATTCATACCAAT	0	0	0	0	0	18.515625	4.324817518	0	19071
AATAAGGTTATTCTCGTAGTCGTGATCTGG	0	0	0	0	0	11.109375	0	0	1300
AATAAGTGCTACTTATGTTAACGTGTGGCC	0	0	0	0	0	0	0	0	2
AATAATGGGTCTTCGGTGCGGTAGAGGGCA	0	0	0	0	0	0	8.649635036	0	99
AATAATTGATTCAGACATGGATTCGTACAT	0	0	0	0	0	0	17.29927007	0	1088
AATACAAAGCCGAGTTTCGGATTACTAACG	0	0	0	0	0	3.703125	0	0	758
AATACAATTCCACACGGTCGTCTTACACGC	0	0	0	0	0	0	0	0	144
AATACCGCTTGTGTTACCTAGCTAAGGCAT	0	0	0	0	0	0	0	0	2
AATACCTTTGTTTACCGCCGCATCAATATA	0	0	0	0	0	0	0	0	1937
AATAGCAGCTATGACCGGGTAGTCAGTACG	0	0	0	0	0	0	0	0	3
AATAGCGTCATTTGCAAGTTCAGTATTTAG	0	0	0	0	0	0	25.94890511	0	509
AATAGGGGGCGTGTTGTTACGTATGGACCT	0	0	0	0	0	0	328.6861314	0	0
AATATAAGTTAGACTAATAACTCTATCTAG	0	0	0	0	0	0	0	0	4
AATATATGGGCGCCAAGTCCTTGAGGGTCT	0	0	0	0	0	0	0	0	1263
AATATCAGTCATATCTTAGGCGTTTGATTT	16.53488372	24.94736842	0	0	0	0	90.82116788	0	16
AATATCCGAACACTATATACTCTTTGACCT	0	0	0	0	0	0	0	0	1426
AATATCTTTTTTCCAATGGAGAATGTAGGT	0	0	0	0	0	0	8.649635036	0	445
AATATGACAGAGAGTTGCAACCAGCCGTCA	0	0	0	0	0	0	0	0	1350
AATATGGCGTTTAGCAAACCCGCTTGCACT	0	0	0	0	0	0	0	0	2
AATATGGCTACACCGGAAATTTCTGCATCT	0	0	0	0	0	0	0	0	6
AATATTAATTAGGAGTGACCGTAATCATCA	0	0	0	0	0	0	4.324817518	0	612
AATATTACTTGGAAGGTTTTTCTTAGCGCG	0	0	0	0	0	0	0	0	1533
AATATTCCCATTGTCGTTTCGCTGTCTTCT	0	0	0	0	0	0	0	0	357
AATATTGATCTTAGTGGTAGGTGGGTTAAA	0	0	0	0	0	0	4.324817518	0	268
AATATTTAACAGCTTCCAAAGTTCTTTACT	0	0	0	0	0	0	0	0	256
AATCAAACCGTGAGATTTGCCCTTTTAGCG	11.02325581	0	0	0	0	0	43.24817518	0	3477
AATCAAATCATCAAGAGATACGCATAAAGC	0	0	0	0	0	0	0	0	2211
AATCACTACGTGGGAGGTTGGGCTGCGTTG	0	0	0	0	0	0	4.324817518	0	26
AATCATTGGTTTATAGACTGCATATGTAGA	0	0	0	0	0	0	8.649635036	0	2153
AATCCCTATCGGACTGACACTTTGATAAAC	0	0	0	0	0	0	0	0	772
AATCCCTGCCTCTATCCTTATGGTTGATGT	0	0	0	0	0	0	12.97445255	0	2
AATCCCTTCAGAGATGGGATACGCGGTAAA	0	0	0	0	0	0	0	0	1303
AATCCTTCTACACTAGATGTCATTTCAACC	0	0	0	0	0	0	8.649635036	0	162
AATCGCGCTTAATATGGCTGATCGCTTACT	0	0	0	0	0	0	0	0	1017
AATCGGAATTTGAACGACGAGTTACACCTG	0	8.315789474	0	0	0	0	0	0	943
AATCGGCGGCATGTTTTCAATCTTCTACTC	0	0	0	0	0	0	0	0	432
AATCGGGGTGAGCAGAGCCTTGAGATGTGA	0	0	0	0	0	0	4.324817518	0	110
AATCGTACTTGAGTACATAGTGTTGACTGT	0	0	0	0	0	0	12.97445255	0	1601
AATCGTCGCATCTCTAGTTCGCCTTAGTTC	0	0	0	0	0	0	0	0	300
AATCGTTCTAAATTGGCCGAGCACCATAGT	0	33.26315789	0	0	0	0	0	0	105
AATCTGAGATGCAGCAATGCGATTGCCATC	0	0	0	0	0	0	0	0	1540
AATCTGCATAACGACGTACAGGCGCTTGAG	0	0	0	0	0	0	4.324817518	0	1741
AATCTGTAAACATTTAGCTTGTTTTGTGCT	0	0	0	0	0	0	0	0	633
AATCTTACGATCTTGTACTACAGTTAGTTG	0	0	0	0	0	0	0	0	997
AATCTTAGACGGTGTCCTTAGCCAGAGGAG	0	0	0	0	0	0	4.324817518	0	0
AATCTTCTGCCATGCCGAAGCAGTCCCGAT	0	0	0	0	0	0	8.649635036	0	277
AATCTTGTAGATTGTTATTATCGGATGAGC	0	0	0	0	4.917012448	0	0	0	170
AATGAAAGGAAACCCAGATCGTTCCCCGCG	0	0	0	0	0	0	0	0	585
AATGAAGTACAAGTCAATGTATGTTTTTTA	0	0	0	0	0	0	0	0	2
AATGAGTCAAAGTAACCTTGGATGGTGCGG	0	0	0	0	0	0	4.324817518	0	1394
AATGAGTTAGGCTCTGTTCTGTTATTTCGA	0	0	0	0	0	0	4.324817518	0	128
AATGATCTTTTTGGACGCGGTGCACTTATA	0	0	0	0	0	0	0	0	1975
AATGCAACTGGGGCGGATCGGAGGGTCGGT	0	0	0	0	0	0	0	0	1183
AATGCAGCAATACGCTCATTCGGAAACCTC	0	0	0	0	4.917012448	0	0	0	0
AATGCAGTCCCCGTCATAGGTGACCATTCC	0	0	0	0	0	0	4.324817518	0	2153
AATGCGGGTGGCGGCATCATATTGCCTGAC	0	0	0	0	0	0	4.324817518	0	879
AATGCGGTAGTACGATGGCGAATCCCTTTT	0	0	0	0	0	0	0	0	44
AATGCTATCAGCCCCAGCTGGTGTCTTTGA	0	0	0	0	0	0	0	0	1550
AATGCTCTGACCGCTTATGCTCTATACATG	0	0	0	0	0	0	0	0	1151
AATGCTGTGTGCCTGTGGTCATCACTATCT	0	0	0	0	9.834024896	0	43.24817518	0	2837
AATGCTTATCGATAAGTCCACGTAGTCACC	0	0	0	0	0	0	0	0	3
AATGGAGAGAACTTCACAAAACTCGGAGGA	0	0	0	0	0	0	0	0	3878
AATGGCGCGGTGGGTGTCACGCCATATCGT	0	0	0	0	0	0	0	0	938
AATGGCGGTCAGCGCTAGGGGTTATAGGGT	0	0	0	0	0	0	17.29927007	0	578
AATGGTCGACTCGCCAGTAGAGTGACGCCA	0	0	0	0	0	0	25.94890511	0	239
AATGGTTCTCAAATCCGTGCATCACGTAGG	0	0	0	0	0	0	0	0	1063
AATGGTTGTTGAAATAAAGTCGTAGAATAC	0	0	0	0	0	0	0	0	607
AATGTAGAGATCGCCTTGAAGTGCCGGTGT	0	0	0	0	0	0	0	0	34
AATGTATAGGCTCGCCATCCTTAATGGGCA	0	0	0	0	0	0	8.649635036	0	9530
AATGTCCACGTGTAATCTCATTGAACGCCT	0	0	0	0	0	0	4.324817518	0	812
AATGTCTGATACGCATCTTCTTGCGGTATA	0	0	0	0	0	0	0	0	2
AATGTGGTTGTGGAAGGTCGAGCACGTTAC	0	0	0	0	0	0	0	0	1279
AATGTGTGTTTCTCGTGTGGACTGTTCATC	0	8.315789474	0	0	0	0	12.97445255	0	18843
AATGTGTTTCAGCGGGGGGCGAAACAGGGT	0	0	0	0	0	0	0	0	824
AATGTTACTCTTCAATTGCACTCGTAGCGA	0	0	0	0	0	0	12.97445255	0	273
AATGTTCACCCGGGGAGAATAAGGGTACAC	0	0	0	0	0	0	0	0	801
AATGTTTGTAGTACACTTTAGAGTGACACA	0	0	0	0	0	0	0	0	165
AATTAACGTACATTTGTGGACCATGCTTGG	0	0	0	0	0	0	0	0	762
AATTACTTAACATAATTTTGTCTCATGTAC	0	0	0	0	0	0	0	0	797
AATTAGTTCGTCGATAAGTCGGAGCTTGCG	0	0	0	0	0	0	4.324817518	0	40
AATTCAGTACTAGCGGCTTAATAACTGGAC	0	0	0	0	0	0	4.324817518	0	58
AATTCCCCTCGGTGACCTTCCCTAACTTTG	0	0	0	0	19.66804979	0	393.5583942	0	13
AATTCCTCCGGATGGCGATAATGCCAATAG	0	0	0	0	0	0	8.649635036	0	11
AATTCGGTTTTTGAGCGCTCGATTGGTTTC	0	0	0	0	0	0	4.324817518	0	8
AATTCGTCTAACACAACAATCCCGATGCAG	0	0	0	0	0	0	0	0	1880
AATTCTGCGTGTGAACACTTAGTCTTATTA	0	0	0	0	0	0	0	0	887
AATTCTGTCATTTCTGACTACTGGGCTCTA	0	0	0	0	0	0	0	0	634
AATTGAACATGGAGATTCCCAATACAATTA	0	0	0	0	0	0	0	0	2
AATTGACTATGTAAGTCGTATTTCAACCTG	0	0	0	0	0	0	8.649635036	0	11
AATTGAGCAAAGTCCCACATCCTGAGATGG	0	0	0	0	0	0	0	0	1063
AATTGAGTACTAAGACTTTTTAACAATCGA	0	0	0	0	0	0	8.649635036	0	2
AATTGAGTTCTTGTCATTGAGTCCGTAAAT	0	20.78947368	0	0	0	0	0	0	55
AATTGCATATAAAAACTTAGACCAGTTACG	0	0	0	0	0	0	17.29927007	0	2411
AATTGCTTTAATCATGATGAAAGAGGTCTG	0	0	0	0	0	0	25.94890511	0	68
AATTGTTCTGCGAGGGAAGACATTGCTGCG	0	0	0	0	0	0	4.324817518	0	206
AATTGTTGTTTGTGATTATGCTACCCACAT	0	0	0	0	0	0	4.324817518	0	0
AATTTAATTTGTTGAATCTTAATTGTCGCA	0	0	0	0	0	0	8.649635036	0	12
AATTTCATAGGGCTAGGATTTCCGCCTTGA	0	0	0	0	0	0	0	0	1634
AATTTCTTCAATCACCTTCTGCAAATCGCT	0	0	0	0	0	0	4.324817518	0	518
AATTTGGCTCTTGCGTTTTCAATGGCTGCA	0	0	0	0	0	0	0	0	1152
AATTTGTACAACTGAAAATCGAGAGTATAC	0	0	0	0	0	0	4.324817518	0	736
AATTTGTTGACCGGTTCTAGTATCTAGGCT	0	0	0	0	0	0	0	0	3
AATTTTGTGCAGATGCTGTATTTTAGTCCG	0	0	0	0	0	0	0	0	554
AATTTTTCGGAAATGCATATTGTCCCTGGG	0	0	0	0	0	0	34.59854015	0	390
ACAAAATCATAGAACGTTGTCGATAGTAGC	0	0	0	0	0	0	0	0	1457
ACAAAGTCTTTATCGGGGCATTAGGCAAGA	0	0	0	0	0	0	8.649635036	0	7
ACAAAGTGGCCACATGTTTTGATGTCGTGA	0	0	0	0	0	0	0	0	2
ACAACCGTGGCGTAATATAAATCGCTTGGG	0	0	0	0	0	0	0	0	25
ACAACGTTCCCTCATGTTTCCTCTAATTTA	0	0	0	0	0	0	0	0	793
ACAACTTGAAAATGGCTAGGGAAAACTAAC	0	0	0	0	0	0	4.324817518	0	441
ACAAGATTCATCTAATTCTGGGGATTATAC	0	0	0	0	0	0	8.649635036	0	69
ACAAGCTTTTTAAGTGCCCGGCAGCGGTCC	0	0	0	0	0	0	0	0	79
ACAATACTATTGAAGGTCGATTATCTGGTA	0	0	0	0	0	0	0	0	39
ACAATCGTCATGTTCTTTACTCGCATGCTT	0	0	0	0	0	0	0	0	3
ACAATCTGATCAAAATAGATGGTCGACTGT	0	0	0	0	0	0	17.29927007	0	464
ACAATTTCAGCACTACAGAGTCGCGATGTT	0	0	0	0	0	0	4.324817518	0	42
ACACAAGGTGGTGCCTAGGGCCGGGCAACC	0	0	0	0	0	0	0	0	2
ACACAATGCAAACATTTTACGAACATGTCG	0	0	0	0	0	0	0	0	1888
ACACAGGCAAGACTTTTTGTACCAGTGTAG	0	0	0	0	0	0	0	0	372
ACACATCATTTGTGAGACTGCGATGTTGTG	0	0	0	0	0	0	4.324817518	0	155
ACACCGGGGCCGTCTATTTACGGGGTACGC	0	0	0	0	0	0	30.27372263	0	222
ACACCGTCGGATCAAATTCTTATTTTGGCC	0	0	0	0	0	0	4.324817518	0	1323
ACACCTGGGCGGTCTTCTGCATCAAAAACG	0	0	0	0	0	0	0	0	1077
ACACGAATTCTCGTTGCCCGGGGGGAAAAT	0	0	0	0	0	0	0	0	578
ACACGCCCTTAATGTTCAGGGGTCAAGGAG	0	0	0	0	0	0	0	0	7
ACACGGCCTGGCACGCACTCCGCAAGGTGA	0	0	0	0	0	0	8.649635036	0	8
ACACGGCGAACAAAAGCCGGTATCCATGGT	0	0	0	0	0	0	0	0	4
ACACGGGTGTTAATAGCCGGTCGTTCTTGA	0	0	0	0	0	0	8.649635036	0	143
ACACGTAGATTTCGATTTAATATACTTCTT	0	0	0	0	0	0	12.97445255	0	895
ACACGTGAATGGTCTTTTCTGCCCCCGTTC	0	0	0	0	0	0	0	0	222
ACACTCTCACCCAGAGGACTAACGTTGGGC	0	0	0	0	0	0	8.649635036	0	73
ACACTGCGTCACGTTGCTTGTCCCGATTTC	0	0	0	0	0	0	0	0	632
ACAGAACCTGAGGCCACGATGGGATGACCC	0	0	0	0	0	14.8125	12.97445255	0	33981
ACAGAATTCCACAAGGCGTCTTAAGGTCAG	0	0	0	0	0	0	0	0	438
ACAGAATTTATTGCCTGTCTTTCGAATCGG	0	0	0	0	0	3.703125	0	0	0
ACAGACACAGCCAAGTCCCACCGTGTGGCT	0	0	0	0	0	0	4.324817518	0	0
ACAGACGCTGCTCCCCTTTACCTCGTTGGA	0	0	0	0	0	0	0	0	837
ACAGAGCGCCCTAGGAGGAGCGCTGCCGAG	0	0	0	0	0	0	4.324817518	0	9
ACAGATCCTTGGCCTGTCTCTAGCTTGTTT	0	0	0	0	0	0	0	0	1638
ACAGATGCTACTTCTAAGTCGAGGCATAGT	0	0	0	0	0	0	0	0	1930
ACAGATGTTCTACTGGCCAGATTCACGCTG	0	0	0	0	0	0	0	0	3
ACAGCAGGCTAACCGTAAAGGAATAGGTAA	0	0	0	0	0	0	4.324817518	0	0
ACAGCCGAGGGTATCTAAATGAAGTCCAGG	0	0	0	0	0	0	0	0	1499
ACAGCCGTTCGGGAACTGTAAATCACGAGG	0	0	0	0	0	0	0	0	2
ACAGCTATCCTCTCAATCTGGTAGCTGCAT	0	0	0	0	0	0	8.649635036	0	2308
ACAGCTTGGCGCGCTAACGCGGGCACATGG	0	0	0	0	0	0	17.29927007	0	243
ACAGGAACTCTCAGTCCCGGCTACCATGAC	0	0	0	0	0	0	51.89781022	0	1800
ACAGGCCCACGCGACATCACGAGAAGGGCT	0	0	0	0	0	0	0	0	1140
ACAGGCGCCCAGGTTAGAGGGAGGGAGAGC	0	0	0	0	0	0	12.97445255	0	1223
ACAGGTATTCTTCACACTCATTACAAGCAT	0	0	0	0	0	0	0	0	11
ACAGGTTTAATGTCGACTTGTACGCCCAGG	0	0	0	0	0	0	103.7956204	0	120
ACAGTACCCTGAAATTCAACGAAACCGGAG	0	0	0	0	0	0	30.27372263	0	13067
ACAGTCTGCCTCTGTGCATTCTTCCGCAGC	0	8.315789474	0	0	0	0	0	0	101
ACAGTTAGTAAGTGACCAGATTATGTCGCC	0	0	0	0	0	0	0	0	22
ACAGTTGATTGCAATGGGTGAACGACTCGC	0	0	0	0	0	0	0	0	2
ACATAACTCTCATCCCCCCCATTCTTATAC	0	0	0	0	0	0	12.97445255	0	314
ACATAGGGGTGTTCTGAAATTTCCATGAGG	0	0	0	0	0	0	4.324817518	0	1754
ACATATGCGTTGTCCTCATTTGTGTGGTTC	0	0	0	0	0	0	17.29927007	0	200
ACATATTCGAAATTAGTCAAGTTATCGCAG	0	0	0	0	0	0	0	0	253
ACATCAAACTTGACTCAGGCGTCTTTTCCG	0	0	0	0	0	0	0	0	405
ACATCCGTCACTCGTTTTACTCAAAGTAAG	0	0	0	0	0	0	4.324817518	0	1003
ACATCGCCCTATAGCTATCGCTAGCACCAC	0	0	0	0	0	0	4.324817518	0	1498
ACATCGGGCGGTCTCGGGCGAAGCCGGGGT	0	0	0	0	0	0	0	0	1438
ACATCTTCGAGGAATGCTCCATTTTCTTTG	0	29.10526316	0	0	0	0	4.324817518	0	260
ACATGACTTTATAAAGTAAAGAGGGGTTTC	0	0	0	0	0	0	0	0	1147
ACATGAGTCATGGATCCGTCGGGGGACGGT	0	0	0	0	0	0	4.324817518	0	382
ACATGCTTAGTCCGGGAATCGCTCGGAGTA	0	0	0	0	0	0	0	0	721
ACATGGTTCAAACGAATTGTCTTGGTGGGG	0	0	0	0	0	0	0	0	688
ACATGTGCTTGCGTGTTTTCCCCGCCAGGC	0	0	0	0	0	0	4.324817518	0	57
ACATGTTGAATATTTAAACATCAGCTAGTG	0	0	0	0	0	0	0	0	980
ACATTAAGTACGGCGACTCCAAATTTTCCT	0	0	0	0	0	0	8.649635036	0	1041
ACATTACCGGCCACCGTCCGACGCTAGCTT	0	0	0	0	0	0	0	0	1092
ACATTATTATTTGTCTCATCCTTCAGGTCT	0	0	0	0	0	0	12.97445255	0	41
ACATTCTTCATCGGGTTTCGATTTATACAA	0	0	0	0	0	0	0	0	1103
ACATTGAGCCCGAGGTCGCGCTCCCTTAGG	0	0	0	0	0	0	0	0	1047
ACATTGCCCTACACGGCACAATCGGCAAAG	0	0	0	0	0	0	0	0	1220
ACATTGGATGCATTTCTCTGTCAATAAATC	0	0	0	0	0	0	0	0	28
ACATTTGATAGGTCCCAATTCGGTACGACT	0	0	0	0	0	0	0	0	1074
ACCAAACCGGATAGGTCAAGCGTGTAGTCT	0	0	0	0	0	0	0	0	5
ACCAACAAAGACATTCAATTGTTTGCCTTA	0	0	0	0	0	0	0	0	2
ACCAAGCCCCGGGGTCCGGGGTCGGGGATA	0	0	0	0	0	0	8.649635036	0	54
ACCAATTAAGCGCTGCGTGATCCTCCTGGC	0	0	0	0	0	0	4.324817518	0	4
ACCACAAGCGTTCGGCTTCCCCGGATGTGC	0	0	0	0	0	0	4.324817518	0	744
ACCACATTTTATCTTGCTTATATGCCTCCG	0	0	0	0	0	0	4.324817518	0	399
ACCACGACCAAGTCAGGGGCCTAATAGAGA	0	0	0	0	0	0	8.649635036	0	57
ACCACGAGGGCAAAACTACATCATCGCCAA	0	0	0	0	0	0	0	0	88
ACCACGGCACCTCTAGCGCCTGGGTCCTGG	0	0	0	0	0	0	8.649635036	0	1018
ACCAGATCCGTCCGAGCAGAGTAGTTCATG	0	0	0	0	0	0	4.324817518	0	14
ACCAGCAGAACACCCCCATCGGCGACGGCC	0	0	0	0	0	0	0	0	4
ACCAGCGTTAATTGCTCATTCTGAGCCCGT	0	0	0	0	0	0	0	0	908
ACCAGCTATTGCTCACCGAACGGAGTAGCC	0	0	0	0	0	0	0	0	385
ACCAGTCTTGCGTCCCATTCCGAGGGGGAT	0	0	0	0	0	0	4.324817518	0	1036
ACCATAACTATTCTCACAACAATGTACATC	0	0	0	0	0	0	4.324817518	0	62
ACCATCAACTGGCAGTGGAACAAGTGCACC	0	0	0	0	0	0	0	0	633
ACCATTCGTGCGTGCTGATGAAACAGCAAA	0	0	0	0	0	0	0	0	856
ACCATTGTCTATTCACTGTATGTAATGTTT	0	0	0	0	0	0	12.97445255	0	571
ACCCACTCGGCCGTGCGCTCGTTAGCGACG	0	0	0	0	0	0	0	0	1029
ACCCATTAACTATAAGTAATGAAACAATTG	0	0	0	0	0	0	0	0	11
ACCCGGATGGTTATACTTGCCATGGATGAA	0	0	0	0	0	0	0	0	1085
ACCCGGATGTCATTTATGCTCTGGCAAGCG	0	0	0	0	0	0	0	0	565
ACCCGTGGAGAGAGTGGGTGTGGGTGGGGC	0	0	0	0	0	0	0	0	486
ACCGACAAACGCCCAGTGTCTGGGGACCGG	0	0	0	0	0	0	4.324817518	0	309
ACCGAGCACGTATTTGGTTTGCTTAACAGG	0	0	0	0	0	0	0	0	1108
ACCGATCGTACACACCATGCATGGAAAGAT	0	0	0	0	0	0	0	0	70
ACCGCCATGGGGTGAACAGTAGACCAGGAT	0	0	0	0	0	0	0	0	5
ACCGCCTAAATTTTGCATTCACACAGCGGT	0	0	0	0	0	0	0	0	26
ACCGCGATCAATTTGGTCTTTGTTACGAGG	0	0	0	0	0	0	0	0	16
ACCGCTAAGGCGCCGGGCGGTATGCGAGGA	0	0	0	0	0	0	0	0	82
ACCGGAGTGGGGGCACCAGGGGAGGGTTCT	0	0	0	0	0	0	4.324817518	0	1342
ACCGGCGCGATTGTTATACATCAAATACTT	0	0	0	0	0	0	0	0	612
ACCGGCTGCACAACAAGTCGCGTGTCGTTG	0	0	0	0	0	0	4.324817518	0	1031
ACCGGGTATATCTCTCTCTCTAATCCAGCC	0	0	0	0	0	0	0	0	799
ACCGGTATGTATTAACTTGCACTACCTCAG	0	0	0	0	0	0	4.324817518	0	1028
ACCGGTCTGCTGAATAAATAGACCCCTCGT	0	0	0	0	0	0	0	0	600
ACCGGTCTTTCCTCAGCGATTCAAGGATAT	0	0	0	0	0	0	21.62408759	0	742
ACCGTAGAATAGCGCACTATTGTGAAAGCG	0	0	0	0	0	0	0	0	977
ACCGTTTACAAGGGGCTGCCGTTTAAGAGT	0	0	0	0	0	0	0	0	1348
ACCGTTTTCTCAACGGTATTGACAGGTACA	0	0	0	0	0	0	25.94890511	0	3679
ACCTAAATAACTCTCAATTCGATCGCGACT	0	0	0	0	0	0	0	0	2
ACCTAAATTTTTAGTGTACCGTCTTATACA	0	0	0	0	0	0	4.324817518	0	12
ACCTACGAATACTGCTGTCAGAACCCGGCC	0	0	0	0	0	0	21.62408759	0	1823
ACCTAGAGGATTCGGGGGGTTATAGGTGCT	0	0	9.221789883	0	0	0	0	0	447
ACCTAGCGTGTGCGATAGTAGGTGCTAGAT	0	0	0	0	0	0	4.324817518	0	10918
ACCTAGGCATCCTGGTCAGTGATGAATGGG	0	8.315789474	0	0	0	0	12.97445255	0	1289
ACCTATTCATGCAGCATGGTTGATTTCGAG	0	0	0	0	0	0	4.324817518	0	0
ACCTCACCTGCCGAGAGACTTTTTTCGTTG	0	0	0	0	0	0	25.94890511	0	149
ACCTCAGAACTAAAGGGCGAAGGTTGTACC	0	0	0	0	0	0	4.324817518	0	57
ACCTCATAGCCAGCGTTCTGTCACATGATA	0	0	0	0	0	0	0	0	134
ACCTCGGTGCTCATGAGCCCGCAGAATATA	0	0	0	0	0	0	0	0	501
ACCTCGGTGGGACGGGGCACCGTGTGACGG	0	0	0	0	0	0	0	0	176
ACCTCTAATAAGTACTGGCCTTTTGGATGC	0	0	0	0	0	0	0	0	1272
ACCTCTCGAAGGGAGTAGAGTATTTGCTTC	0	0	0	0	0	0	4.324817518	0	376
ACCTGACTACTTTTCGTGTTTATGACCCAT	0	0	0	0	0	0	0	0	1168
ACCTGCGCGTTTCAAGTAATTCCAGTGCTG	0	0	0	0	0	0	17.29927007	0	39529
ACCTGGCCGTGTGTTGGACCCGACAAGTTA	0	0	0	0	0	0	0	0	1221
ACCTGTACAATAGTGGAAACTGTGCTACGT	0	0	0	0	0	0	25.94890511	0	39
ACCTGTCCAGTCGGCGATGAGTCGATTATA	0	0	0	0	0	0	0	0	531
ACCTGTCCGAAGTATAAGCTAATATTTGTA	0	0	0	0	0	0	0	0	249
ACCTGTTTGGGGAGCCAAAACTTGCGTAAA	0	0	0	0	0	0	4.324817518	0	8
ACCTTAGGGTTTTAATACGTTTTAGGATTA	0	0	0	0	0	0	51.89781022	0	230
ACCTTCGGCCAAAGAAATGTTATTGTCGAG	0	0	0	0	0	0	0	0	69
ACCTTGCTTTGTGAGTCTGTAGTAACAGGG	0	0	0	0	0	0	0	0	2
ACCTTGGATTCGTTCTTGGATTCCGGTAGG	0	0	0	0	0	0	4.324817518	0	123
ACCTTGGGTGCAGCTGATTTTAACTAAGGG	0	0	0	0	0	0	0	0	1535
ACGAAATCTGGTCAGCACTATCGGGGTGGT	0	0	0	0	0	0	17.29927007	0	3
ACGAACGTCAAGTGTACTGAATACATTTCC	0	0	0	0	0	0	0	0	1273
ACGAAGACCTTTCGTGAACGCCCCAAACCG	0	0	0	0	0	3.703125	0	0	3
ACGAAGTTAGCCCTCCAGAGTATGGATCTC	0	0	0	0	0	0	0	0	364
ACGAATTAGCAGCTTTCGTGCCCTGCGACA	0	0	9.221789883	0	0	29.625	30.27372263	0	16731
ACGACAGCCAAGATGCAGAGCGCTATTCGC	0	0	0	0	0	0	0	0	299
ACGACGACGAATATTAGTACTATACTTCAT	0	0	0	0	4.917012448	0	1470.437956	0	33
ACGACGATTACCTCGGCTCTAGGGATGGAT	0	0	0	0	0	0	0	0	1144
ACGACGTAGTGATGCCTCTGGTGCCAATGG	0	0	0	0	0	0	0	0	3
ACGAGCCTTAGTAATGTAACTTAGCACATG	0	0	0	0	0	0	0	0	579
ACGAGGTGCATGTCACCTATCCTATATCTC	0	4.157894737	0	0	0	0	0	0	7
ACGAGTGCGGTCGGAGATGCGGGTTGGTCG	0	0	0	0	0	0	0	0	1127
ACGATATGTGTTTCGGACCATATAGACTAT	0	0	0	0	0	0	0	0	590
ACGATCCTGTTGTGTTGTCTCATGAGGAGC	0	0	0	0	0	0	38.92335766	0	4608
ACGATGCGAGGTCTGTGTATTAGGGATGCG	0	0	0	0	0	3.703125	0	0	1300
ACGCAAGATTCACGCGACCCCATGTCAGCA	0	0	0	0	0	0	0	0	2
ACGCAAGGAGGGTAGGCCACGGGTATTATG	0	0	0	0	0	0	0	0	816
ACGCAATACAGATATGACGACTCTCGGAGC	0	0	0	0	0	0	0	0	182
ACGCAGAGGCTCAATGCGCTCGCGGGGGCC	0	0	0	0	0	0	4.324817518	0	117
ACGCATAAAAATGCAAACGATGTCTTGATT	0	0	0	0	0	0	0	0	16
ACGCATAATATCTAATTACAGCGCTTAGAA	0	0	0	0	0	0	0	0	855
ACGCATACTCGGCCATCAATAACGGTCAAT	0	0	0	0	0	0	17.29927007	0	1170
ACGCATTATGCCTATGTGGAATTAATGCAG	0	0	0	0	0	0	34.59854015	0	55
ACGCCAGTCGAGTAGGGCGGGTAGTGGGTT	0	0	0	0	0	0	4.324817518	0	134
ACGCCCCCCCAGAAGCTTAGTTACGGTGAG	0	0	0	0	0	0	12.97445255	0	72
ACGCCCGAGTCAGCATGCCCTTCGTTGCAC	11.02325581	0	0	0	0	0	0	0	892
ACGCCGTATTCTGAGTGGTGCAACCCTATT	0	0	0	0	0	0	4.324817518	0	1450
ACGCCTAGGCATCCCGAGGATAATTGTCCG	0	0	0	0	0	0	0	0	991
ACGCCTCTGCGGTTCCGGGGGTACTGGGCG	0	0	0	0	0	0	0	0	97
ACGCCTGTATTGTATGTAAAGTAAACATAG	0	0	0	0	0	0	4.324817518	0	1166
ACGCCTTAGCGGCTACCGCTCTCTGCACCC	0	0	0	0	0	0	4.324817518	0	100
ACGCCTTGGCGAGGACCATTAGGACTGATG	0	0	0	0	0	0	0	0	278
ACGCGTCGGTCATTAACCTTGGATAATCGG	0	0	0	0	0	0	0	0	1232
ACGCTCACTATCTTACTCTGCTATCGTGGG	0	0	0	0	0	0	0	0	406
ACGCTGGGTCACCGAGGGAGGACGCTAGGA	0	0	0	0	0	0	4.324817518	0	169
ACGCTGTAGTACAAGCCAGTTCAGATCGCC	0	0	0	0	0	0	4.324817518	0	96
ACGGAATACATCAGCCCGTATCCAAGTGAT	0	0	0	0	0	0	0	0	861
ACGGACGTAGGATTTTACTCGAGGCCGAAC	0	0	0	0	0	0	12.97445255	0	0
ACGGAGTCGGGAGCAGAGAGTTGGTTGGGC	0	0	0	0	0	0	4.324817518	0	471
ACGGAGTTCAGTACTGATGTTGGATCACCC	0	0	0	0	0	0	0	0	4
ACGGCACCCGCCTCATATGACACTCGGTCC	0	4.157894737	0	0	0	3.703125	454.1058394	0	2748
ACGGCCCGTTTGCTCCAATTATGCTCCTAG	0	0	0	0	0	0	8.649635036	0	2376
ACGGCCGTCGTAGACGTGGAAGAGCTTTTT	0	0	0	0	0	0	0	0	97
ACGGCGGACGGTAGTGTGGAGGGATATCGG	0	0	0	0	0	0	4.324817518	0	5
ACGGCGGAGGCGGGGCGAACGCGAGACTAC	0	0	0	0	0	0	30.27372263	0	0
ACGGCGGGATGACGATGTGACAACATGCGG	0	0	0	0	0	0	0	0	29
ACGGGAGGGCCCGCGGGGGTAGCTTCAGGG	0	0	0	0	0	0	0	0	1121
ACGGGCGGGGCGCAACGTACGCTGACGCGG	0	0	0	0	4.917012448	18.515625	1172.025547	0	12
ACGGGCTGAGGGGGAGGTAACGAGCGAGTG	0	0	0	0	0	0	4.324817518	0	475
ACGGGGAGATAGGGGTCTGTTTGTCAAATG	0	0	0	0	0	0	0	0	1351
ACGGGGGCGAGGAACGGTCGCCTTGGAGGC	0	0	0	0	0	0	4.324817518	0	0
ACGGGTCCGTCGAAAGGCTGGACACGCTCT	0	0	0	0	0	0	0	0	2539
ACGGGTGCAGAGTGGCGTGGGTCGCGTCGT	0	0	0	0	4.917012448	0	0	0	2
ACGGGTGGGGGCGGCACTGACGGGATTAGT	0	0	0	0	0	3.703125	8.649635036	0	4926
ACGGGTGTCGCGTTTCTCACTGGAATAGTT	0	0	0	0	0	0	0	0	1458
ACGGTCCGAGGATAGCTCACCCGTGTAGGT	0	0	0	0	0	0	4.324817518	0	171
ACGGTGCGACCCTTATCGCATAGGTTTCTG	0	0	0	0	0	0	4.324817518	0	35
ACGGTTACAAATTGGGTGATAATGCAGCTC	0	0	0	0	0	0	4.324817518	0	673
ACGGTTGGGTGTTGTTGGGACCTGTGCTTA	0	0	0	0	0	0	8.649635036	0	3222
ACGTAAAAGTGATACACATTCCTTCCGTTC	0	0	0	0	0	0	0	0	651
ACGTAAGTATTCCATGGTCTAAATCCACAT	0	0	0	0	0	0	0	0	902
ACGTACGTTTCCAGAGCGCTGGGAGATTTC	0	0	0	0	0	0	0	0	1024
ACGTATAAGTGATGATAATTGTCTGTTTTC	0	0	0	0	0	0	0	0	1383
ACGTATGGCGGCCAGGCGGTGAGTGTGGCG	0	0	0	0	0	0	0	0	1194
ACGTATGTGTGGTTATTGTCATATTATAGT	0	8.315789474	0	0	0	0	4.324817518	0	6
ACGTCAAGTACAAGAGCTTGTAATACTTAT	0	0	0	0	0	0	0	0	106
ACGTCACTGTAAGGACACCTACCTCCGAGT	0	0	0	0	0	0	0	0	1118
ACGTCCTGTGAGTTAATGAATGCCGGTGGC	0	0	0	0	0	0	0	0	549
ACGTCCTTTGGATTCGTCCGGTGTAGGCAG	0	0	0	0	0	0	0	0	1069
ACGTCGGCGTCGGCGTTTTGCTGGCATAAT	0	0	0	0	0	0	95.1459854	0	2121
ACGTCGTATCACCTAACTGTTAACAATGCT	0	0	0	0	0	0	4.324817518	0	9
ACGTCTTATTGGAGACTGTCAGTTGTTGAG	5.511627907	0	0	0	0	0	0	0	0
ACGTGCCAATTGTTAACGTATAACGGTTAT	0	0	0	0	0	0	0	0	846
ACGTGCGAGCCGTGCCTAGCTAGCAATGGA	0	0	4.610894942	0	0	0	0	0	0
ACGTGGCTGAGCCTCCCGACGTAGTTACGT	0	0	0	0	0	0	0	0	805
ACGTGTACCGAGTTCTCTCTCCCGCATTAG	0	0	0	0	0	0	0	0	1151
ACGTGTGGGATAGATTTCTTTTATTCAGGT	0	4.157894737	0	0	0	0	0	0	75
ACGTGTTACGTCACGACTTTCGATTCGTTA	0	0	0	0	0	0	0	0	1756
ACGTTAGCCGTAATTGCGATTTGATTCTTA	0	0	0	0	0	0	12.97445255	0	1279
ACGTTCAGCCAATCCGTGGTCAGTCGTCGT	0	0	0	0	0	0	0	0	137
ACGTTCGGACTGGGAATACATCGGCAAGGA	0	0	0	0	0	0	0	0	904
ACGTTTCAACAGTTGTATGGGCGCCTCGTC	0	0	0	0	0	0	8.649635036	0	823
ACGTTTTAGTTACGGAGTCACCAGTTTATG	0	0	0	0	0	0	4.324817518	0	297
ACTAAAGGGCATTACAGCTTTATACTAACT	0	0	0	0	0	0	0	0	1569
ACTAAATGCCTGAGAATTCCGCCGGCTCCA	0	0	0	0	0	0	0	0	1175
ACTAAATGCTCATCCTGCACTTCGCCATGC	0	0	0	0	0	0	64.87226277	0	351
ACTAACGACTCACTCGCCTATTTTCTATCC	0	0	0	0	0	0	0	0	909
ACTACAACCCCTCGAATTTTCCGCGCAAGG	11.02325581	0	13.83268482	0	0	0	0	0	436
ACTACACCTATTAGGCCCTCGTAATTAGAA	0	0	0	0	0	0	4.324817518	0	1791
ACTACAGACTCGAACTTAAAATAAGGTGAA	0	0	0	0	0	0	12.97445255	0	235
ACTACAGTAAGTTTGGACGTCTGGGACTTG	0	0	0	0	0	0	0	0	43
ACTACAGTTCGATTGCGAACTGTGGCGTCG	0	0	0	0	0	0	0	0	2408
ACTACATTTCAAGACTAATGGAAAGTGCAT	0	0	0	0	0	0	0	0	636
ACTACCATTCAGAACTGATTTCAGTCCAGC	0	0	0	0	0	0	0	0	8687
ACTACGGAATGATCCCTACTGTTCGCTTAC	0	0	0	0	0	0	0	0	3
ACTACTGGCTCTGCCATGTTATAGGTCTCT	0	0	0	0	0	0	4.324817518	0	1365
ACTACTTATTAAGAATTTTGCACGCTACTA	0	4.157894737	0	0	0	0	0	0	892
ACTACTTCTTTTTTTATCAGGCCCGGCTTT	0	0	0	0	0	0	0	0	1019
ACTAGATTGCGTATTTCAGGCGTGATTTAT	0	0	0	0	0	0	0	0	575
ACTAGCGGAGCTTGGGGTCAAGGCGTTGTG	0	0	0	0	0	0	0	0	3
ACTAGGCATAACAGATGACCTTGTCCAAAT	0	0	0	0	0	0	4.324817518	0	45
ACTAGTGCATTGATTGTCATTAGAAACGGG	0	0	0	0	0	0	4.324817518	0	71
ACTATAATCTAGTATCCCCAGAATGAATAA	0	0	0	0	0	0	0	0	10
ACTATAGGATCCCGTGACTCGGAGAGAGAC	0	0	0	0	0	0	8.649635036	0	82
ACTATATTGTATGGCGCTGACTGAAGATGC	0	0	0	0	0	0	0	0	2
ACTATCTACGGCCTTCCAGCTCCGTCTGCT	0	0	0	0	0	0	0	0	1287
ACTATGAAGGCTTTTTCGTCACTGGAGGAT	0	0	0	0	0	0	0	0	607
ACTATTCGGTCGTCCTTTTGTCACGACATG	0	0	0	0	0	0	12.97445255	0	1033
ACTCAATATATTAATACCGCTCCCCGGTAC	0	0	0	0	0	3.703125	4.324817518	0	1102
ACTCAGTGTCTCCATCATCAACTAAGTTTT	0	0	0	0	0	0	0	0	2
ACTCATCATGCTTTCCGGAAAATGTCGGCG	0	0	0	0	0	0	0	0	1141
ACTCATGGATAGTGACCAGATTCGGGACTC	0	0	0	0	0	0	4.324817518	0	0
ACTCCAGCCCATTTAGTTCTCTCTTCCCAA	0	0	0	0	0	3.703125	8.649635036	0	9570
ACTCCATCGCGAAGTATTTTGGCGAAGCCT	0	0	0	0	0	0	0	0	1029
ACTCCCCTAAAACGACTGGTCACTATCTCC	0	0	0	0	0	0	4.324817518	0	116
ACTCCGTTTAAGGTCACAGTAGGCCCTAGA	0	0	0	0	0	0	0	0	1054
ACTCCTACTTGTAAGTTGGCGCTATACCGT	0	0	0	0	0	0	0	0	1748
ACTCCTATTAAGCTTAAACTTAACGTGAGG	0	0	0	0	0	0	4.324817518	0	2057
ACTCGCGCTCTGGCTGCACCGTCCACTTCT	0	0	0	0	0	0	8.649635036	0	669
ACTCGGAGTGAGTGTTAACGGAAGGTGTAC	0	0	0	0	0	0	12.97445255	0	21
ACTCGGGTGTAGACTGTTCCGGGTGGGGGG	0	0	0	0	0	0	4.324817518	0	5741
ACTCGTCGGATGCCCCGCTTAAAGCAGACT	0	0	0	0	0	0	25.94890511	0	213
ACTCTACATGAGATGTATGGATCTCTAGTG	0	0	0	0	0	0	0	0	2
ACTCTATGGCTCATGGAGACGTACATTCTA	0	0	0	0	0	0	4.324817518	0	482
ACTCTCTAGGCTTTGTTTTTGAATTTAACT	0	0	0	0	0	0	0	0	198
ACTCTTACATGTCTACTATGCTGCTATCGG	0	0	0	0	0	0	4.324817518	0	36
ACTGAATCGTATTGTGCGGAGCTTCATGCG	0	0	0	0	0	0	4.324817518	0	0
ACTGCAGTTTCATTGTTTTCTTAGGTTGAG	0	0	0	0	0	0	4.324817518	0	1229
ACTGCCCACTAATACCATATTGCGAGGAGT	0	0	9.221789883	0	0	0	0	0	0
ACTGCGTGAAGAGGTTTACGTGGCGAAGAG	0	0	0	0	0	0	17.29927007	0	1004
ACTGCGTTAATTAGTCGCTACTTTCATTGT	0	0	0	0	0	0	0	0	340
ACTGCTTATGCTCTCGTGAGCCTGGCTTAT	0	0	0	0	0	0	8.649635036	0	34
ACTGGAAATGTAGCCACGACGTGGTCGACG	0	0	0	0	0	0	0	0	32
ACTGGCCACCCGTGGACGCCTCTGGGATGG	0	0	0	0	0	0	0	0	621
ACTGGCTAGCCGTCTTAAATTAGATCACAT	0	0	0	0	4.917012448	0	0	0	0
ACTGGGCAAGGGCGGCACATTGATTGCTTC	0	0	0	0	0	0	4.324817518	0	331
ACTGGTCCTGTCTTTGTCGGTGTGTGATAA	0	0	0	0	0	0	0	0	409
ACTGGTCGTTAGTGGTATTCGATCTTCGGC	0	0	0	0	0	0	0	0	2
ACTGTGGGACATTGTTGCTGCTCATGATCA	0	0	0	0	0	0	0	0	8783
ACTGTTAGACGTCTAACTACCTGTCGGCTA	0	0	0	0	0	0	0	0	2
ACTGTTATCCGCTGGTTCACTCGATTAAAA	0	0	0	0	0	0	38.92335766	0	4118
ACTGTTCCCAGATGCCAACAATTAATTGCA	0	0	0	0	0	0	0	0	1201
ACTGTTGGTATTTATGCGGTTATAGTTTCG	0	0	0	0	0	0	34.59854015	0	923
ACTGTTGTGGGAGACAAGCCATTACTGTGA	0	0	0	0	0	0	4.324817518	0	835
ACTTAATCGTCTTCTGGTTCAGCGGATTTC	0	0	0	0	0	0	4.324817518	0	14
ACTTACCACTTCCTTGGTTGAGGCCACACG	0	0	0	0	0	0	0	0	644
ACTTACGCCTATAAATTAGTTCTAGGTCTT	0	0	0	0	0	0	21.62408759	0	175
ACTTACTATGTCGTCTGTGTCACCCCGGGT	0	0	0	0	0	0	43.24817518	0	145
ACTTACTCAGGATTAACATCAACTGATTCT	0	0	0	0	0	0	4.324817518	0	15
ACTTCAACCGAGGCATTAACGATGGAAAAC	0	0	0	0	0	0	0	0	283
ACTTCACCTGCTCCTGACTGATCGCACTTA	0	0	0	0	0	0	0	0	661
ACTTCACTGTTTACAAGTAGTTTACCGCAA	0	0	0	0	9.834024896	0	0	0	156
ACTTCAGTCCACCTTTTGGTAGCCACTGTA	0	0	0	0	0	0	0	0	986
ACTTCCACTCTAATTATACTCGGATGATAT	0	0	0	0	0	0	4.324817518	0	2
ACTTCGTACCAGCGTACTTTTTGAGTTACA	0	0	0	0	0	0	4.324817518	0	2
ACTTCGTGGTTATTGGGCCTTTTGGCCGAG	0	0	0	0	0	0	0	0	18
ACTTCGTTCGAATTACACCATATTGGATTA	0	0	0	0	0	3.703125	0	0	143
ACTTCTACAGATGTGTCTGGGAACGATATG	0	0	0	0	0	0	0	0	670
ACTTCTATTACTTATACACAGTGGCACTTA	0	0	0	0	0	0	0	0	49
ACTTCTGGTTGCAGTCTGGAGCTGTACTAA	0	0	0	0	0	0	4.324817518	0	605
ACTTGAGTGAACGCGTCACTACCAACACTG	0	0	0	0	0	0	12.97445255	0	504
ACTTGTATATTTGGGTAAACATAGTCGACT	0	0	0	0	0	0	0	0	1427
ACTTGTTTGTGGAGCGGCTCGGACTGGTTG	0	0	0	0	4.917012448	3.703125	0	0	0
ACTTTAACGTAAACTTTACTGAACCTAACT	0	0	0	0	9.834024896	0	0	0	604
ACTTTCGGAGTGGTTTCGCGTGGCTAAGCT	0	0	0	0	0	0	0	0	1444
ACTTTCGTTCCCAAGAGGTTACATACTAGC	0	0	0	0	0	0	0	0	508
ACTTTCGTTTCACACACTGTATTTATCTAA	0	0	0	0	0	0	0	0	274
ACTTTGGGCCCTGCGTTAATTGGGAGGCAG	0	0	0	0	0	0	0	0	2
ACTTTGTTGCCCGTAGCCAGGTTCGCGTGT	0	0	0	0	0	0	0	0	2
ACTTTTTTAGTTCCTATATCGTTAGCACAC	0	0	0	0	0	0	0	0	1279
AGAAACTACATTACGTTTGATCATACTAAT	0	0	0	0	0	0	4.324817518	0	0
AGAAACTTGATTAGAAATTAAAAGAGTGAC	0	0	0	0	0	0	0	0	2
AGAAAGAGATTGCCGAGATGCAAAATGAGA	0	0	0	0	0	3.703125	0	0	0
AGAAAGTTTAATATGTCCAATATCTTGTTT	0	0	0	0	0	0	4.324817518	0	62
AGAAATGAATTAGCTTACGCCACGTGATGT	0	12.47368421	0	0	0	0	0	0	152
AGAAATGACAGGTGTGCCCACGTGCCATTC	0	0	23.05447471	0	0	0	0	0	168
AGAAATTTAATCTATAATGCGGTTTGAAAT	0	0	0	0	0	0	4.324817518	0	12
AGAAATTTTACATGTGATTGCGTAAAGTCT	0	0	0	0	0	0	0	0	1421
AGAAGAAGGCTAGACAGTGTGCATGCGGGC	0	0	0	0	0	0	21.62408759	0	815
AGAAGACGACACCACGGAGGCTCAGGGGTA	0	0	0	0	0	0	4.324817518	0	7
AGAAGACTGGTTAATAATACTCGTTTTCGT	0	0	0	0	0	0	4.324817518	0	767
AGAAGGCGTCCGGTTAGGTTGATCTACCTT	0	0	0	0	0	0	0	0	1233
AGAAGTGATTGAAACGGTTGCAATTCGGGG	0	0	0	0	0	0	0	0	1263
AGAAGTGCTGAAGCTTCTCACCGAGGGATA	0	0	0	0	0	0	0	0	1248
AGAATAAGTTTATTGCTTGAAATGGCTTAA	0	0	0	0	0	0	4.324817518	0	345
AGAATAGATCCCACCGTGCAGATAGGAGTA	0	0	0	0	0	0	0	0	971
AGAATCTTGTTTTCGACTGACTTAGTAGTC	0	0	0	0	0	0	0	0	507
AGAATTTAATTATAAGTTTGACCTTTCATT	0	0	0	0	0	0	4.324817518	0	750
AGAATTTGTCGTATGAGCTTTTTTCATGCA	0	0	0	0	0	0	64.87226277	0	75
AGACAATTGCCCGGTTCAATGTTCACTGCA	0	0	0	0	0	0	17.29927007	0	793
AGACACGTACTATCCCGCCTGCTAACTTCG	0	0	0	0	0	0	4.324817518	0	953
AGACAGGCAGTAAGCAACGGACTCCGCCGC	0	0	0	0	0	0	43.24817518	0	2281
AGACATAAAAGGTTAACCTGTCCGTCTGTT	0	0	0	0	0	0	0	0	1831
AGACATGGTTGGGGTATATCCCAAGTTCAA	0	0	0	0	0	0	4.324817518	0	5
AGACCACGATAGCATAAGGTGGTCTCTAAT	0	0	0	0	0	0	8.649635036	0	1210
AGACCTACTTGGTATATACCACCGTTTGTT	0	0	0	0	0	0	0	0	1067
AGACGACAGGAAAGGAGTTTTTGTGAGTTG	0	0	0	0	0	0	4.324817518	0	0
AGACGGAATCTCGGGTCGCGAGTAGTATTT	0	0	0	0	0	0	0	0	178
AGACGTACATAATTGATACACCATCCGACT	0	0	0	0	0	0	0	0	1334
AGACGTCTGCCGGTCATTTTTCTAGACTAG	0	0	0	0	0	0	0	0	2207
AGACGTTTGACGTTATAGGGAGGGGGGTGT	0	0	0	0	0	0	0	0	964
AGACTACTAGAGGAGTTTCAACGTTCGTGC	0	0	0	0	0	0	0	0	775
AGACTGATACGCGCATGAATCTCTCAAAGC	0	0	0	0	0	0	0	0	1288
AGACTTTCGATAGATTTCTTATTTTTTCGG	0	0	0	0	0	0	4.324817518	0	90
AGAGAAAATCGACTTGGTTGATTGGATGTG	0	0	0	0	0	0	4.324817518	0	1731
AGAGACCCTACGAGCTTTATCGAAAAGTGT	0	0	0	0	0	0	0	0	1058
AGAGAGCTCGTTCGTATTTACTCGCCCCGT	0	0	0	0	0	0	0	0	1118
AGAGAGCTGTCGCAGCTTGAATCAGGCCTT	0	0	0	0	0	0	0	0	1552
AGAGAGGAGGGTTTAGTGAACAGTGGCGGT	0	0	0	0	0	22.21875	0	0	35
AGAGAGTTAAACAAGGGGCGGCGGGGTCGT	0	0	0	0	0	0	4.324817518	0	162
AGAGAGTTAACAGTGGCTGGCTTGAGCATT	0	0	0	0	0	3.703125	0	0	0
AGAGATCTCGTCTGAGAGTACAATACTTCA	0	0	0	0	0	3.703125	4.324817518	0	445
AGAGATTGGTCGATGTACAAGAGGAGCGAG	0	4.157894737	0	0	0	0	0	0	2977
AGAGCAGGTGGGGGGCGCTAACGCTTGAAA	0	0	0	0	0	0	77.84671533	0	27
AGAGCCCAAGCACTAAGGACAAGGGGAGGA	0	0	0	0	0	14.8125	47.5729927	0	27
AGAGCGACAAAGAGGCCGGGGCGGGAGGAG	0	0	0	0	0	0	21.62408759	0	59
AGAGCGACGAAGGGAAATCAACCTCCACTA	0	0	0	0	0	0	4.324817518	0	2592
AGAGCGAGGCGTTTGTACGTTATTTTACTT	0	0	0	0	0	0	4.324817518	0	702
AGAGGCAGCTGTAGAGGCGGGGTCCTACTC	0	4.157894737	0	0	0	0	8.649635036	0	8040
AGAGGGCGGGCATGATTCGTGAGGTAGGAC	0	0	0	0	0	0	30.27372263	0	229
AGAGGGTTTGTCAGACTGGGACCAAGTGTA	0	0	0	0	0	0	86.49635036	0	1439
AGAGGTGACGAATACAATTCCAGATTCACA	0	0	0	0	0	3.703125	4.324817518	0	2
AGAGTACTAGGTTTGCCACCTGTATGTTGA	0	0	0	0	0	0	4.324817518	0	12
AGAGTGGGGTGGTAAACTTGAGTAGGGGGG	0	0	0	0	0	0	12.97445255	0	925
AGAGTGTATGTTCGATTTGGATCAACCTCT	0	0	0	0	0	0	0	0	250
AGAGTGTATTGGAAAATGTCCTACTCTTTG	0	0	0	0	0	0	4.324817518	0	1487
AGAGTGTTGTGACACACGCCGAGGCTGTGC	0	0	0	0	0	0	0	0	827
AGATAAGTTGGGGACCATGAGCCTGAAATT	0	0	0	0	0	0	0	0	1325
AGATAGACATCCGCAGCTGGCCATGGTAGG	0	0	0	0	0	0	0	0	91
AGATAGTACCTAGTCATAATCGAGGGTGCA	0	0	0	0	0	0	0	0	23
AGATCAATGTTAAAAAGACTATACGTAATC	0	0	0	0	0	0	0	0	451
AGATCAATTTCTATCGCTCTTCCGAGTTGA	0	0	0	0	0	0	0	0	2009
AGATCCAGTAGAGGAATCAGGGGCGTGGGC	0	0	0	0	0	0	8.649635036	0	240
AGATCGGGACCGAATTACATCCGGTTTGGA	0	0	0	0	0	0	8.649635036	0	743
AGATCGTTCCGGGTTGTATGATGTGCTAGG	0	0	0	0	0	0	34.59854015	0	1236
AGATCTGGGGCTTTCTTTACTGGAACAACT	0	0	0	0	0	0	4.324817518	0	393
AGATCTTTGTCAATTTTAACATCTAATGTA	0	0	0	0	0	11.109375	151.3686131	0	23040
AGATGAACGATAAAGGGTGGATTGGGTGCT	0	0	0	0	0	0	0	0	54
AGATGCGGCGTACACTACATAGCTGGGCGA	0	0	0	0	0	0	4.324817518	0	385
AGATGCGTGTCATCGGGCGGTAAATTCCTC	0	0	0	0	0	0	0	0	62
AGATGCGTTGGTGTATTAAGCTAACAACCT	0	0	0	0	0	0	21.62408759	0	419
AGATGTAAAATAGTTTTATCTTCCCTGAAT	0	0	0	0	0	0	0	0	1694
AGATTACGTTAACGCGCACGGGGACCGACT	0	0	0	0	0	0	0	0	1267
AGATTATCAGTTATTATGCCCACACTCATG	0	0	0	0	0	0	4.324817518	0	1031
AGATTATTCGTCGTAGTTGGTCAGAAGCGA	0	0	0	0	0	0	0	0	891
AGATTCACTTGCAGTATCGATCGGTAGGGC	0	0	0	0	0	0	0	0	1165
AGATTCTTTTTCCTAGTGGCGGAAGCTACT	0	0	0	0	0	0	30.27372263	0	801
AGATTGATAGAAGGTTCCGAGATAGTAATA	0	0	0	0	0	0	4.324817518	0	1278
AGATTGTACATCAAGGTCAACTCGGCTGGG	0	0	0	0	0	0	4.324817518	0	517
AGATTGTATTCTTGGGTTCACTTTTATAGG	0	0	0	0	0	0	0	0	1305
AGATTGTTGTTTTCCTGAATGGCGTATCCG	0	0	0	0	4.917012448	0	0	0	0
AGATTTACTAGCATCCAGAGCAGACTATAC	0	0	0	0	0	0	0	0	690
AGATTTCAGGGTTATATTATGGGCAGAAAA	0	0	0	0	0	0	0	0	1246
AGATTTGGGTAGATAAAACGGTCTAGATGA	0	0	0	0	0	3.703125	12.97445255	0	1604
AGATTTGTTCGCTCGCTAACTAGAGGCAGA	0	0	0	0	0	0	17.29927007	0	245
AGCAAACTGTCGGGTTGGAGCCTGGTCGAA	0	0	0	0	0	0	0	0	1493
AGCAATGGCCTACAAAGCCGTATATGCCGA	0	0	0	0	0	0	0	0	29
AGCAATGGTGAGTCGGGCAGAGGGTAGCAG	0	12.47368421	0	0	0	0	73.52189781	0	200
AGCAATTTTGAGTGAAGTTATCGACATCAA	0	0	0	0	0	0	4.324817518	0	259
AGCACAATTCACTGGGGACACTCAATCATC	0	0	0	0	0	0	0	0	1255
AGCACGTACATGACTCGACCGTTCTTGTTA	0	0	0	0	0	0	0	0	2
AGCACTGTTGCTTGGTTTAAACTATTATCT	0	0	0	0	0	3.703125	8.649635036	0	239
AGCACTTCACTATGGAGCTTCTCAACTTAC	0	0	0	0	0	0	25.94890511	0	729
AGCACTTGCCTTTTTGTGCCACTTATTGCG	0	0	0	0	0	0	12.97445255	0	680
AGCACTTTTAAAGTAGTCCCTCATCCGCTT	0	0	0	0	0	0	4.324817518	0	827
AGCAGATTATTGTGGAAAGTTAGTATTCTG	0	0	0	0	0	0	4.324817518	0	1746
AGCAGTGTCATAATCGTCAGTCATTTGGTT	0	0	0	0	0	3.703125	0	0	645
AGCATCCTCAGCGAGAGTACGCTTAGGGCG	0	0	0	0	0	0	0	0	785
AGCATCGGATAGACACTAATGTGTTCCATG	0	0	0	0	0	0	12.97445255	0	643
AGCATCGGTTCAGTTGATGTCGTTGATCGG	0	0	0	0	0	0	17.29927007	0	77
AGCATTCTCGTCGCAATCTCGGATATTCTT	0	0	0	0	0	0	0	0	63
AGCATTGTTTTGCTACTAAAGCTAGTCGTA	0	0	0	0	0	0	0	0	1511
AGCCAAGAACTACTCAAATGTCATCAGGGG	0	0	0	0	0	0	4.324817518	0	0
AGCCACTTCTGATCACTCCATATACTCGCC	0	0	0	0	0	0	0	0	18
AGCCATGTATCTACGGGGTTTTGACACCTT	0	0	0	0	0	0	0	0	544
AGCCCAAACAAGGTATTGTGCCTTATTGTC	0	0	0	0	0	0	0	0	432
AGCCCGCAGTCACAGCGAGGCTAGAGTGCT	0	0	0	0	0	0	4.324817518	0	1909
AGCCCTCATTGACCTTTAACCCGGTTTGTA	0	4.157894737	0	0	0	0	0	0	0
AGCCGCCTAGAGATGCCGGGAATGAAGAGG	0	0	0	0	0	0	0	0	113
AGCCGCGTGATTTGGGCCGGGGCGAATAGC	0	0	0	0	0	0	25.94890511	0	36
AGCCGGCGTAGCGGTCCGTGGGGTATTCGT	0	0	0	0	0	0	4.324817518	0	728
AGCCGGGACTCGAGGGATGTCAGCGCTGTG	0	0	0	0	0	0	0	0	27
AGCCGTCCAGGATCTTAAGAGTAAAAGTCG	0	0	0	0	0	0	4.324817518	0	8
AGCCGTCCATAATACTGGCCGTTTCGTGTA	0	0	0	0	0	0	0	0	496
AGCCGTGCATACACTCAGCCTATTGGGCTA	0	0	0	0	0	0	4.324817518	0	1543
AGCCGTTAAACGTTTAGGTAAGGATGGACC	0	0	0	0	0	0	4.324817518	0	1441
AGCCGTTAGTGCGCAAATGAGGAGTGCGCT	0	0	0	0	0	0	0	0	1542
AGCCTTGGTTTAAACCGACTCGTTTCGTAA	0	0	0	0	0	3.703125	0	0	1035
AGCGACACCTCGTGGGGAGGCGGCACTCCC	0	12.47368421	0	0	0	0	0	0	25
AGCGACCAGCGTTGCCCCAGGGAGGGCAGT	0	0	0	0	0	0	0	0	517
AGCGAGATACGAAGAGTGGGTTTTCGGGTG	0	0	0	0	0	0	8.649635036	0	1327
AGCGCAGATGTTTTTGGGAAGCTTTCGGGA	0	0	0	0	0	0	21.62408759	0	1098
AGCGCATGGTACCCGCACACCTCGGATGAC	0	0	0	0	0	0	0	0	15
AGCGGAAATTTGATGGGTCTGCCCACTAAT	0	0	0	0	0	0	0	0	258
AGCGGACTGTCGCTAGACGCCCTCAGAGGT	0	0	0	0	0	0	0	0	661
AGCGGAGGGCTGCGGCTTCGAGAGGGGAGA	0	0	0	0	0	0	0	0	261
AGCGGAGTGTGGATGACAGGGCACCGAGGG	0	4.157894737	0	0	0	0	17.29927007	0	269
AGCGGCGGGTGCGTCTGGTCTGGTATCTTG	0	0	0	0	0	0	4.324817518	0	785
AGCGGGGATAGTGGCAAATGTCCAGGGTGG	0	0	0	0	0	0	0	0	2
AGCGTAATCGAGGTCTCGTAAGCGGGTAAT	0	0	0	0	0	0	0	0	406
AGCGTCACTGGACGGCAGGGTTGCGTAAGC	0	0	0	0	0	0	0	0	1167
AGCGTCAGAACCGGCTGTGTATCTCCAAAG	0	0	0	0	0	0	0	0	584
AGCTAAATCATTTTGACAGAGCAGAGGTCC	0	0	0	0	0	0	8.649635036	0	127
AGCTACAGCTGTGGTGCGCGCTCGCAGGAT	0	0	0	0	0	0	0	0	112
AGCTACGCGCAAACCAAGGCATATTCGATC	0	0	0	0	0	0	0	0	1308
AGCTAGCCTATTCTCATCGATGTCCACTTT	0	0	0	0	0	0	4.324817518	0	433
AGCTATTCTTGCCCTTATGTCCGCCTGGGC	0	0	0	0	0	0	0	0	203
AGCTCGTCTGACGGGGCCTCCTAAGCGGGA	0	0	0	0	0	0	4.324817518	0	1581
AGCTCTGCCGGGGTAGCGATCAAGATCCTG	0	0	0	0	0	0	0	0	1231
AGCTGCATAAATCAGCGTCTCAATATTTCA	0	0	0	0	0	0	0	0	60
AGCTGCGTTATCTAGCCGAGTGAGAGTAAT	5.511627907	0	4.610894942	0	0	0	4.324817518	0	8
AGCTGGATCGATACTTAGACATATTGAGAT	0	0	0	0	0	0	0	0	174
AGCTGGTTCCCGGCGGAGGATTGGAAAACA	0	0	0	0	0	0	4.324817518	0	110
AGCTTAAATATCGTATACTAAGTAACCGGC	0	0	0	0	0	0	0	0	1262
AGCTTACAGACTAAGTATAGTGGCTAGTTG	0	0	0	0	0	0	0	0	2128
AGCTTCGAGTTCCCCACCAATGCACCACGG	0	0	0	0	0	0	0	0	833
AGCTTCGATGGTTGACACGATTCGCGTCAC	0	0	0	0	0	0	0	0	1465
AGCTTCGTATTGCAGAACAAGCTTGTTGGC	0	0	0	0	0	0	0	0	1557
AGCTTCGTATTTAGGGTACCAGATCAGCCC	0	0	0	0	0	0	4.324817518	0	455
AGCTTGGTTCGTCCACGTCTAGTATTGTAT	0	0	0	0	0	0	0	0	813
AGCTTGTCCACGGAATGCGTCCCTAAGGTG	0	0	0	0	0	0	0	0	11
AGCTTGTTGGAGTGAATCTGGTTCTTTGTT	0	0	0	0	0	0	4.324817518	0	188
AGCTTGTTTAGGACCGTGAGGTCATCAGAT	0	0	0	0	0	0	30.27372263	0	1616
AGCTTTACTCTCGCCCAGGTCTCACCTCTT	0	0	0	0	0	0	4.324817518	0	1843
AGCTTTCGTTTTATGTTACTGCCTCGCGCT	0	0	0	0	0	0	4.324817518	0	0
AGGAAGTTATATACGAGTTCTGAACTCCTC	0	0	0	0	0	0	0	0	1229
AGGACAAGGTCGCAGTTAAGGCATTGCGTT	0	0	0	0	0	0	0	0	1067
AGGACCGAACTACGCCGAGAAGGATGTAAG	0	0	0	0	0	0	0	0	2
AGGACGTAGAGTGGAAGGGGATGGACGGGT	0	0	0	0	0	0	0	0	1571
AGGACTAAAGGGTCATCCTTTTATTGGGGA	0	0	0	0	0	0	0	0	912
AGGACTGGACGATGGTGACCTGCAATGGGC	0	0	0	0	0	0	4.324817518	0	888
AGGAGCAGTACCCGAGAAGGGGCTTAATAG	0	0	0	0	0	0	0	0	1259
AGGAGGATCGATGGCGCGCGCGGAAAGTCA	0	0	0	0	0	0	8.649635036	0	28
AGGAGTAGTGCAATTGATGTCGATACTGGG	0	0	0	0	0	0	17.29927007	0	0
AGGAGTCGTGGACAAAGCACACTCTACAGC	0	0	0	0	0	0	4.324817518	0	384
AGGATCCCGTGGTACAGCATTTAGAGATGG	0	0	0	0	0	0	0	0	1150
AGGATCGCGGAATGGTGTCGAAGGGGCACT	0	0	0	0	19.66804979	0	0	0	746
AGGATCGTGCTCCGGAGCAGTATATTTTGT	0	0	0	0	0	0	0	0	1211
AGGATCTCGTGGCCAGCGTGTGAGGGGAAT	0	0	0	0	0	0	0	0	10
AGGATGCCACCTCCGGATCTGGAGCCCTAA	0	0	0	0	0	0	4.324817518	0	482
AGGATGTCGAGACAGGTTTATAAAAAATTG	0	0	0	0	0	0	0	0	1800
AGGATTTTGGTTTTTGACCATTGCCTCGCT	0	0	0	0	0	0	4.324817518	0	679
AGGCAACGGTATGGCGCGGCTGTATCCGGG	0	0	0	0	0	0	12.97445255	0	72
AGGCAACTCATTTGCATTAGATTATTTTCT	0	0	0	0	0	11.109375	0	0	6
AGGCAATAGAGGTGAACTCCATTTAGGGGA	0	0	0	0	0	0	0	0	450
AGGCAATGTTAGCATTTCATGGTAAGGCTC	0	0	0	0	0	0	0	0	1164
AGGCACATCTACCATATACGTTGGTTACCT	0	0	0	0	0	0	17.29927007	0	483
AGGCATGTGCATGTCGCTTCGCTCTACGGT	0	0	0	0	0	0	0	0	938
AGGCATTTGATGCGTATAGTAGCGAGTTGA	0	0	0	0	0	0	0	0	1065
AGGCCAATCTCAGATGCGCGTACGTCGTAA	0	0	0	0	0	0	0	0	2
AGGCCACTTCCTGATTTCGTGATTGTGTGC	0	0	0	0	0	0	0	0	1493
AGGCCGGGGAATGGATCGAGGACGTGCCTG	0	0	0	0	0	0	0	0	1418
AGGCCGGTTCGCGTCACCGCGACACGAGGC	0	0	0	0	0	0	0	0	99
AGGCCGTTTTAACGATGAGTGGGTGTTGGA	0	0	0	0	0	0	0	0	486
AGGCGATAGGTGGTACTAGCGTCATAGGTG	0	0	0	0	0	0	0	0	1435
AGGCGCGCCTTCCCCGTGACAAATTACATT	0	0	0	0	0	0	4.324817518	0	2
AGGCGCGGAGGCCCATATACCGGGTGGGGT	0	0	0	0	0	0	0	0	1040
AGGCGGCCTGATGGAGGTGTGACGGGGGGT	0	0	0	0	0	0	0	0	994
AGGCGGGTCCACCGACCTGCCGGGCAGGAC	0	4.157894737	0	0	0	0	0	0	29
AGGCGGGTGGCGGGCGTGTGACGAGTGCGG	0	0	0	0	0	0	0	0	55
AGGCGGTCCGAAGGAATCGTCGCTTATGGG	0	0	0	0	0	0	0	0	415
AGGCGTCGGCTTGACAGGCTGAAAACCGTA	0	0	0	0	0	0	0	0	206
AGGCGTTAGGACTGCCATACGATTAGGTAT	0	0	0	0	0	0	4.324817518	0	0
AGGCTACTGACTACGTAGGCAATCTGGGCT	0	0	0	0	0	0	0	0	43
AGGCTATAACTGTCCCAGGTGTTCACCCTA	0	0	0	0	0	0	4.324817518	0	1298
AGGCTCTACACCAAGCGGCAAGAAGGTGAG	0	0	0	0	0	11.109375	0	0	227
AGGGAATATAGCTCTAATTGATAGTGCGCC	0	0	0	0	0	0	0	0	1408
AGGGAATCCAAGTCCACCTACCGCCATACC	0	0	0	0	0	0	4.324817518	0	316
AGGGAGGAGCAGATGAGGGGGGTGAGTGGG	0	0	0	0	0	3.703125	0	0	1427
AGGGATACTCCATGATCTATCGTGCTACAG	0	0	0	0	0	0	4.324817518	0	214
AGGGATAGAGCTTTTTACCCATGTTTTATG	0	0	0	0	0	0	0	0	740
AGGGATGACGTTCAGTGTGGGGATTCTGGA	0	0	0	0	0	0	0	0	2
AGGGATGCTCAGGGCCTGGAGAGGGACGAG	0	0	0	0	0	0	0	0	152
AGGGCCCGAGCGCGCGGCCCGGCATGAAGG	0	0	4.610894942	0	0	0	0	0	0
AGGGCCTATGTTTGGGTAATATTTGCGTGC	0	0	0	0	0	0	21.62408759	0	507
AGGGCGGAGTGACACAGTGGATGGGTGTTC	0	0	0	0	0	0	0	0	512
AGGGCGGGAGAAGGGGGCGTAAGAGGGTTC	0	0	0	0	0	0	0	0	2
AGGGCGGTTATGAATGACTGCTTCCAGTTG	0	0	0	0	0	0	0	0	733
AGGGGCAATCGTTTTGTGATTAAAAGTTTT	0	0	0	0	0	0	12.97445255	0	780
AGGGGGGGCCTGGCCCCTGGGAGTAGGGTG	0	0	0	0	0	0	0	0	4546
AGGGGGGGCTGGCGAGGGGCGGTGTCCTGA	0	0	0	0	0	0	4.324817518	0	421
AGGGGTAAGGCGATCAGCCTGCACGCGAGG	0	0	0	0	0	0	4.324817518	0	0
AGGGGTCTCAACTAGGTGGATTCGCTTCCA	0	0	0	0	0	0	0	0	479
AGGGGTGTTCAATCTTACCTTACTTCCCTC	0	0	0	0	0	0	4.324817518	0	0
AGGGGTGTTGATGCTTCGACGTGGCCTTGG	11.02325581	137.2105263	0	0	0	0	0	0	2934
AGGGTAACGTCAGCACGTCCCATTAATTCA	0	0	0	0	0	0	21.62408759	0	50
AGGGTAATAACATCGTTTTTGATCTTTATT	0	0	0	0	0	0	0	0	379
AGGGTCACGGTATGCGGGTCCTCGCGCGAG	0	0	0	0	0	0	0	0	282
AGGGTCGCACAAGGGGGACATTTTCAGGCC	0	0	0	0	0	0	0	0	103
AGGGTCTACAATCATACAGTCATCAAAGTC	0	0	0	0	0	0	0	0	758
AGGGTCTCGGAGGGGGGACGAATGGGCTGA	5.511627907	8.315789474	0	0	54.08713693	96.28125	160.0182482	0	85473
AGGGTGATCATCGGCGTGTAGGTGGTTCGG	0	0	0	0	0	0	4.324817518	0	63
AGGGTGATTCAACGGGTGTATGGCATTCTT	0	0	0	0	0	0	4.324817518	0	139
AGGGTGCAGTCAAGAGGGTATGCGGCTCTT	0	0	0	0	0	0	0	0	2
AGGGTGGACAAACTCTCATATCTTCAGTTT	0	0	0	0	0	0	0	0	4
AGGGTTGAATTCAGTGGCGTTTTTTATTCA	0	0	0	0	0	0	0	0	373
AGGTAAAGTCCAGATATGCTAACACTACCT	0	0	0	0	0	0	4.324817518	0	182
AGGTAAGCCCTAACGGTTCGAGCTTGGGGG	0	0	0	0	0	0	12.97445255	0	47
AGGTAGCAGGTATAATTGACTTGGCTTAAT	0	0	0	0	0	0	17.29927007	0	218
AGGTAGGCGTTTATCGGTGAAGAAGTAGTA	0	0	0	0	0	0	0	0	954
AGGTAGTGAAGTCGGGTGGAGTTAGTGCAA	0	4.157894737	0	0	0	0	0	0	0
AGGTAGTGTAATCATCAAACCCGATCATGT	0	0	0	0	0	0	0	0	399
AGGTATAGAGGGTTGACGTTCGACACTTCA	0	0	0	0	0	0	4.324817518	0	0
AGGTATGGCTCAGGCCGTCGGTTGAGATGG	0	0	0	0	0	0	0	0	1361
AGGTATGTTCTTCGTAAGCATCACGCACTC	0	0	0	0	0	0	0	0	2
AGGTCCTCTAATGCCCAGTGTGCGCACAGA	0	0	0	0	0	0	0	0	1567
AGGTCCTTTATAGTTACATGGGCAGGAATA	0	0	0	0	0	0	4.324817518	0	650
AGGTCGATGACAATATGATAATCTATAGTA	0	0	0	0	0	0	0	0	1612
AGGTCGCAGATCTAGAAAGTCGGGTTTGTA	0	0	0	5.837438424	0	0	0	0	0
AGGTCGCTGATCCGAGTTCAGAATCTAAGT	0	0	0	0	0	0	4.324817518	0	815
AGGTCGTTATCAGTATTGTTTAAAATCGAA	0	0	0	0	0	0	4.324817518	0	4
AGGTCTAATGCAACACGTAATTACAAGGAC	0	0	0	0	0	0	4.324817518	0	1439
AGGTCTGATGCTAAACTTCAGTCTTCAGTT	0	0	0	0	0	0	34.59854015	0	107
AGGTCTTAAAATGCGCCGACTTCTTTGTAC	0	0	0	0	0	0	4.324817518	0	314
AGGTGCGATCCTGTGGAAATGTGACCCGAG	0	0	0	0	0	0	38.92335766	0	6
AGGTGCGTAGAAGTTATTGAAGTGCGAAGC	0	0	0	0	0	0	4.324817518	0	194
AGGTGCTCCGTTCAGACCGGACAGCAACAG	0	0	0	0	0	0	0	0	58
AGGTGGAAAAGGCTAGTAATTCTGGGATAT	0	0	0	0	0	0	4.324817518	0	2626
AGGTGTGGGCAGCCGTTCAAAATTAGTTGT	0	0	0	0	0	0	4.324817518	0	852
AGGTGTGGGTCTAAGGAGGGTCGCGTGAGT	0	0	0	0	0	0	0	0	807
AGGTGTTCGGTTGCATCAAGATAGATCCCG	0	0	0	0	0	0	4.324817518	0	0
AGGTGTTCTCTACAGTCGATTTACCGGATC	0	0	0	0	0	0	0	0	1547
AGGTTAAGAGAATGTGGTACTAGTTACATG	0	4.157894737	0	0	0	0	4.324817518	0	68
AGGTTAGGTGCAATAACTAGTGCGCCGCTT	0	0	0	0	0	0	0	0	456
AGGTTCGCGGTCGTACCGTTTCTATCAGGG	0	0	0	0	0	0	0	0	240
AGGTTTAATTCTATCTAGCGTATCAAGACT	0	0	0	0	0	0	0	0	1472
AGGTTTCGGTTTTGCATTCATGTTACCCGC	0	0	0	0	0	0	0	0	375
AGTAAAATCCAGGGTCCTGTTAGATTTTTG	0	0	0	0	0	0	0	0	2166
AGTAAACAACCTCCGACTTTTTTGTAATTA	0	0	0	0	0	0	0	0	235
AGTAACCCACGGTCTTCTTTTGAAAATCAA	0	0	0	0	0	0	12.97445255	0	1682
AGTAACGCTTTACATGTAAGATGGGACTTG	0	0	0	0	0	0	0	0	354
AGTAACTATACCTATCGATGCTTGAGTTTG	0	0	0	0	0	0	12.97445255	0	859
AGTAACTTACCACGAGTAGGTATGTGACCG	0	0	0	0	0	0	0	0	655
AGTAACTTGGTTTGTCATTCTTAGGGTGAC	0	0	0	0	34.41908714	59.25	34.59854015	0	74037
AGTAAGCAGGGTTATACATGGATGTGTCTG	0	0	0	0	0	0	30.27372263	0	54
AGTAAGGACTTACGCACGGGAAGATACCTG	0	0	0	0	0	0	38.92335766	0	1689
AGTAATCACGCCGTTCAGTTGGTTTCTGCA	5.511627907	0	0	0	0	0	0	0	192
AGTACGTATTCGTATAATCTTGCTAGTGCG	0	0	0	0	0	0	4.324817518	0	373
AGTACTGAAAGTTAGACAGTGTTGTACACC	0	0	0	0	0	0	4.324817518	0	1201
AGTACTTGAGATTTCCATGGTCTTACTATC	0	0	0	0	0	0	0	0	4893
AGTACTTTTACTTTTTATATATGTTGGTAG	0	0	0	0	0	0	4.324817518	0	648
AGTAGATTCCGCAAACTACTCGGTCACAGG	0	0	0	0	0	0	17.29927007	0	705
AGTAGCCAGCCAACTACGAACTGGCGTCGA	0	0	0	0	0	0	0	0	653
AGTAGCTTACCTCGACACGTCAATCCATGA	0	0	0	0	0	0	0	0	122
AGTAGGATGTTGCGTGATGTTGGTTAATAA	0	0	0	0	0	0	0	0	1073
AGTAGGGCTATTGGTGGACTACCTAAGGAG	0	0	0	0	0	0	0	0	5
AGTAGGGGCACTTTTCAATTGCTGCAGAGG	0	0	0	0	0	0	0	0	6
AGTAGGTACAGGGGGGGTTCATTTCCCCAG	0	0	0	0	0	0	0	0	32
AGTAGGTGCAGTGGGATCCAGCCGTATTTG	0	0	0	0	0	0	0	0	1466
AGTAGTCGCGTTTTGTCGGTAATACGATAC	0	0	0	0	0	0	0	0	719
AGTAGTCTTCTATGGGTGTGCGGGCTTCAC	0	0	0	0	0	0	4.324817518	0	129
AGTATAAGACTGTAGTCAGATTCGTTGGAC	0	8.315789474	0	0	0	0	0	0	2
AGTATAAGTAAGGAATCACAGGAGTGTCCT	0	0	0	0	0	0	4.324817518	0	172
AGTATAGAGGTCGGGAGGGTTCGAGGGTTG	0	0	0	0	0	0	0	0	10
AGTATATCTTGTCGTTGTGCAGTCTGGTCC	0	0	0	0	0	0	0	0	3
AGTATATTAGGGGTGCCCTGGACCGGCCCC	0	0	0	0	0	0	0	0	169
AGTATCGTACGTTTTTGGTTAAAGAGTGGA	5.511627907	20.78947368	18.44357977	0	0	0	0	0	165
AGTATCTGCGTTAGCTACGCTCCGGCACGC	0	0	0	0	0	0	0	0	1424
AGTATGACCTTACGGTGGGTAAAGCTTGAC	0	0	0	0	0	0	4.324817518	0	23
AGTATGGTCAGAAGCGTCAACGATATATAA	0	0	0	0	0	0	4.324817518	0	776
AGTATTACGGACAATACTATAATCCTCGAC	0	0	0	0	0	0	0	0	455
AGTCACCTGGGATCGTGTTTTGTTCTTATC	0	0	0	0	0	0	0	0	1251
AGTCAGGTTCGCTATTCTATCCATCATTTG	0	0	0	0	0	0	0	0	1538
AGTCAGTCGCGTGGTGTTTCTCAAGATATT	0	0	0	0	0	0	8.649635036	0	77
AGTCAGTTTTTTGATGCAAGCTCAATCGCA	0	0	0	0	0	0	0	0	950
AGTCATACACCTTTATTATTCCGCTGCAAG	0	0	0	0	0	0	4.324817518	0	77
AGTCATACTGCGGTCTTGGCTGTGAGCCTT	0	0	0	0	0	0	4.324817518	0	2800
AGTCATGACTTAAGCTATAGGTCTAGTTTA	0	0	0	0	0	0	0	0	4
AGTCATGGTTTATAATTGAGCCACGAGGAT	0	0	0	0	0	0	30.27372263	0	10
AGTCCCATGTTGGTTCGCTAAGGGTAGATC	0	0	0	0	0	0	4.324817518	0	8
AGTCCCGTTTGTTTGGGTAGTTACTCCCCA	0	0	0	0	0	0	0	0	822
AGTCCGCGACTTGGGCCCTGTTATACGAAC	0	0	0	0	0	0	4.324817518	0	779
AGTCCGGGTCTTCTTAAAGGATCCTGCATC	0	0	0	0	0	0	17.29927007	0	0
AGTCCTAGCATGATCTAGGTCTTGGTTGTA	0	0	0	0	0	0	0	0	1923
AGTCCTATCGTTTAATATTGGTATGTTATT	0	0	0	0	0	0	21.62408759	0	55
AGTCGAGTGTTGGTGCTTCAGTGTGACGTT	0	0	0	0	0	0	25.94890511	0	200
AGTCGCAGTGAGTTGCGGGTTAGGACGCTG	0	0	0	0	0	0	0	0	726
AGTCGCTAGCGGGACATGGCCGGACTACCG	0	0	0	0	0	0	12.97445255	0	105
AGTCGTTAGCCCGTCTTTTCAATGGTTTAG	0	0	0	0	0	0	38.92335766	0	1435
AGTCTACATCAGGGCATCAGCGCAGCCCGT	0	0	0	0	0	0	34.59854015	0	152
AGTCTCAGTCTCTTAATTCTATGTTTAGTG	0	0	0	0	0	0	4.324817518	0	10414
AGTCTGAGCGATACGGGTTGCTTGATGTAA	0	0	0	0	0	0	4.324817518	0	0
AGTCTGGAGTTGAGTCTCGTTACAACAACT	0	0	0	0	0	0	0	0	1285
AGTCTGTTAACACGGATCAAGCAAGTGCGT	0	8.315789474	0	0	0	3.703125	51.89781022	0	1006
AGTCTGTTGGATTGCTAGATTCTAATTCTT	0	0	0	0	0	0	4.324817518	0	0
AGTCTTGAGTCAAAGTTAAAACAAGTGGCG	0	4.157894737	0	0	0	0	0	0	136
AGTCTTGGTTTCTCCGGTGTGGACACGTTC	0	0	0	0	0	3.703125	0	0	700
AGTGACAGTTAGTGCGGTGGGGTTCGGTGA	0	0	0	0	0	0	0	0	78
AGTGAGCGAACGGCAATACGTCGGGGATCT	0	33.26315789	0	0	0	0	4.324817518	0	476
AGTGAGTCTTCCCGCGTTTCGCGAAGGGAA	0	0	0	0	0	0	8.649635036	0	0
AGTGATACGGAAGTGCTGTTCGCGCAGCCA	0	0	0	0	0	0	0	0	765
AGTGATCGTTGTGCGTTACAGTGGGTGGTT	0	0	0	0	0	0	0	0	2
AGTGCAGGACCGGTGTGGCCACGCTGCGAC	0	0	0	0	0	0	4.324817518	0	112
AGTGCCAGAGGGAGGGCCTCCGGGAGCCCG	0	0	0	0	0	0	4.324817518	0	145
AGTGCCTGTTATGCTGTTTTTTTGATGCTG	0	0	0	0	0	0	0	0	330
AGTGCGGATCGACACATAATGGTCCGCTGC	0	0	0	0	4.917012448	0	0	0	0
AGTGCGTTCAGGTTCTCTGTTGATGCTTTA	0	0	0	0	0	0	4.324817518	0	1659
AGTGCTTAGCTACACGTTTAGGATATGACC	0	0	0	0	0	0	0	0	1122
AGTGGCCTGGGGGGTTGTCCCGCGGACCGA	0	0	0	0	0	0	4.324817518	0	1571
AGTGGCGACGCGCGGTGGGGGCTCCTCGCG	0	0	0	0	0	0	0	0	3
AGTGGCTCAGCGACTTTGTTCACCTTAACG	0	0	0	0	0	3.703125	0	0	9
AGTGGGCAGAGCATTCATACCGTGCTGGAA	0	0	0	0	0	0	0	0	120
AGTGGGCGAGTGGTGACACCAACAGTATTC	0	0	0	0	0	0	0	0	921
AGTGGGGCGTAGGTGGGCCTTCGGGTTCGC	0	0	0	0	0	0	0	0	612
AGTGGTAGTGTTCCGCATGCGTTCACTTAA	0	0	0	0	0	0	0	0	1111
AGTGGTGTGACATTAGAGTGGCTCCTCCAT	0	0	0	0	0	0	0	0	53
AGTGTAAAGCTGAGTATATCGGCACAAATC	0	0	0	0	0	0	0	0	294
AGTGTACCGTTTTTTTCTTTTGGCAGAGTG	0	0	0	0	0	0	0	0	1264
AGTGTAGGGGACGGGCTGGGCGGCCTGGGT	0	0	0	0	0	0	17.29927007	0	34
AGTGTAGTTTGTGCCCCATAAACATGAATG	0	0	0	0	0	0	0	0	1394
AGTGTATATCGCCCTTGCGATTTAGCTGAT	0	0	0	0	0	0	0	0	1033
AGTGTCAAAACAGATGTCGATTATAGTTGG	0	0	0	0	0	0	0	0	1802
AGTGTCCATGCTGTAAAACGATAATTGCAG	0	0	0	0	0	0	0	0	484
AGTGTCTCGAAGGTCTTTTTGCATTAACTC	0	0	0	0	0	0	0	0	238
AGTGTGCACTCCGATTTTCCCGTTCTATGT	0	0	0	0	0	0	4.324817518	0	1188
AGTGTGGTCTGACAACTAATCACGGGTATC	0	0	0	0	0	0	4.324817518	0	92
AGTGTTGATTTCTTACATGTAGGGTGTTAC	0	41.57894737	0	0	0	0	17.29927007	0	208
AGTTAAAAGTGTTACATCCTGCATCTTCCT	0	0	0	0	0	0	0	0	969
AGTTAATCTAGTATTTGCTATGTTCCCATA	0	0	0	0	0	0	17.29927007	0	487
AGTTAATTCACTTAAGCCGTCACCTCTTTG	0	0	0	0	0	0	17.29927007	0	1614
AGTTACCACTATCCACACTTGAGGTCTGTT	0	0	0	0	0	0	0	0	976
AGTTACTGTAAGAGCTCATATGAACTGGGG	0	0	0	0	0	0	0	0	1161
AGTTAGTGTATGAGAGGGCGAGTAGGCGGG	0	0	0	0	0	0	0	0	1548
AGTTATAAACGTCCCTCATGATGGGAGCTC	0	0	0	0	0	0	0	0	821
AGTTATCACTTCCCCCGTAATTAACAGTCT	0	0	0	0	0	0	0	0	2
AGTTCACCCGTTGTGTAAGCAATCGATCAG	0	0	0	0	0	0	0	0	298
AGTTCAGCGGGATGGATAACGCTTAGGTAT	0	0	0	0	0	0	0	0	28
AGTTCGTGCGCCTTCAACTCGGTCGCGGCA	0	0	0	0	0	0	4.324817518	0	32
AGTTGAGCCCACCCCAATTGATAGATGTTG	0	0	0	0	0	0	0	0	1015
AGTTGAGGGAGGCATGATGCTGCTGGGCAG	0	0	0	0	0	0	0	0	536
AGTTGAGGTTCTGGTTCTACCTCAGGAATG	0	0	0	0	0	0	4.324817518	0	763
AGTTGATTTGAGTGACGCTGGTATCGGAAT	0	0	0	0	0	0	0	0	1142
AGTTGCCAGGTCTGGATTAAGGCAGATATC	0	95.63157895	0	0	0	0	0	0	596
AGTTGCTCATCTGGGCTAGCTCGACTTTAC	0	0	0	0	0	0	0	0	1227
AGTTGCTTTCTGTGTCACTTGCCATGAATT	0	0	0	0	0	0	0	0	863
AGTTGGTAGTGGGCGTGAACAAGTGCACTG	0	0	0	0	0	0	0	0	173
AGTTGGTTAAGGCAAGAGTGTGGGATGAGG	0	0	0	0	0	0	12.97445255	0	75
AGTTGTAACTGCAACGATGAATGGTGGCGT	0	0	0	0	0	0	4.324817518	0	0
AGTTGTATAAAATTTTCAGTCTTGGAATGT	0	0	0	0	0	0	4.324817518	0	0
AGTTGTGTTACCGGGACTGCGAGTTATGTG	0	0	0	0	0	0	0	0	205
AGTTTATGTCTGTGTCATGGTAAATGCCGC	0	0	0	0	0	0	0	0	160
AGTTTCAGAGTGGTGACATCCGTGCGGTTT	0	0	0	0	0	0	12.97445255	0	599
AGTTTCCTGTTCATCGCCTGTGTCAGAGGC	0	0	0	0	0	3.703125	73.52189781	0	1940
AGTTTCGCCTAATGCGTACATTTTACTACT	0	0	0	0	0	0	0	0	5
AGTTTGAGTTTTACCAAAGCTTTTGCGTCG	0	0	0	0	0	0	4.324817518	0	2422
AGTTTGCAGTGTGGGTGAAGTGAAATTATT	0	0	0	0	0	0	0	0	717
AGTTTTGCTATAGACACAGCAATCGCTTGA	0	0	0	0	0	0	0	0	1239
AGTTTTGGCACCAGTAGTAAACGTTACCTG	0	0	0	0	0	0	21.62408759	0	6
AGTTTTTGCTGCGTCGGGAGCGGCGCTAGA	0	0	0	0	0	0	0	0	895
ATAAACGCTCCCTTGTGTCTTGCTTCATAT	0	0	0	0	0	0	0	0	1679
ATAAACTAGTGAACATATTGACCACCAACA	0	0	0	0	0	0	0	0	21
ATAAAGACAGACGAGTGGTCTTACTTCGCT	0	0	0	0	0	0	0	0	55
ATAAAGCAGAGCTCTTGGGCCTTGATTTGT	0	0	0	0	0	0	0	0	8
ATAAAGTCACTGGTGAGTCACCCTGTCACC	0	0	0	0	0	0	4.324817518	0	1089
ATAAAGTTGAGTCATAAGATAGACTACATG	0	0	0	0	0	0	0	0	1134
ATAAATAGGGTTTGTGAACACCATATTCTC	0	0	0	0	0	0	0	0	572
ATAAATCTTAATCGGCTAAAGAAAGAAACT	0	0	0	0	0	0	17.29927007	0	923
ATAAATGGAAGTTGAATAGCGCTCGTTTGT	0	0	0	0	0	0	34.59854015	0	49
ATAAATTTTTTAATTGTGTCCCCTGATTGC	0	0	0	0	0	0	0	0	801
ATAACAGTCCTAGGAACCCAGCGCGCCTCC	0	8.315789474	0	0	0	0	0	0	1735
ATAACCATGTTTGCGGCGTAGTGAGGGTGA	0	0	0	0	0	0	0	0	1035
ATAACCCAATGTAGGCGCATTCCCAGTGGG	0	0	0	0	0	0	0	0	156
ATAACCCGGGCTCAACTTTTTTCTGAGTCG	0	0	0	0	0	0	8.649635036	0	2
ATAACGGGTCACAGGGTAATACCTCACATA	0	0	0	0	0	0	0	0	3257
ATAACGTACCTTGGTGCGGCGACTCCTGGC	0	0	0	0	0	0	0	0	1149
ATAACTCACTGCAAAGACATGACTGTCATC	0	0	0	0	0	0	4.324817518	0	2870
ATAAGGTGTCTTCTGGTTCGCTACGGGTTG	0	12.47368421	0	0	0	0	0	0	9
ATAAGTGTAGATGTGTCGGCGAGCTTAATT	0	0	0	0	0	0	0	0	776
ATAATAATATGCACCGAATGATGTGAGGGA	0	0	0	0	0	0	0	0	7
ATAATCAAGAGGTATGGCTGGATCGTTACC	0	0	0	0	0	0	0	0	1061
ATAATCGCTACAGACCATGCCGTTACGCAC	0	0	0	0	0	0	4.324817518	0	1107
ATAATCTAGCGCTAACCTGCCAATCTGCTG	0	0	0	0	0	0	8.649635036	0	1158
ATAATGATTTAAGTCATCGATCTGCAGTAT	0	0	0	0	0	3.703125	0	0	0
ATAATTCTGCATCTTTTCGTAGACGCCTTT	0	4.157894737	0	0	0	0	0	0	0
ATACACATCATTCGTTTCGAAATCTTGGTG	0	0	0	0	0	0	0	0	2
ATACACGATTCCGTTCTTCAGTATTCACAA	0	0	0	0	0	0	4.324817518	0	1694
ATACAGCTAACAGGCGTAAAGTAACGTTGT	0	0	0	0	0	0	0	0	1124
ATACAGTGAATCAAGCCTTATAATGCATAG	0	0	0	0	0	0	17.29927007	0	1316
ATACATACCTCTATGTGTCGTACCATATGA	0	0	0	0	0	0	0	0	849
ATACATAGAGAAACGTTCGAGCTAATTGGG	0	0	0	0	0	0	0	0	4
ATACATGGCCAACTCTTACGGCATTTCGCA	0	0	0	0	0	0	0	0	225
ATACCCGAGCGCTGTAGAGCAAATCGTTGT	0	0	0	0	0	0	17.29927007	0	225
ATACCGCGGCTGTGTCTTTTCACTTCGACT	0	0	0	0	0	0	103.7956204	0	292
ATACCGTCTAATTACTGGCTTTACTTCAGA	0	0	0	0	0	0	0	0	1168
ATACCTGGATGACTGCGCATAGGCTGATTG	0	0	0	0	0	0	4.324817518	0	0
ATACGAACTGCTGGCTTCCCCACCAGTCCG	0	0	0	0	0	0	4.324817518	0	10433
ATACTACTCCTCAGATAAAAGTCTTATGTA	0	0	0	0	0	7.40625	0	0	95
ATACTGAGGGGCTATGTTCCTTCTGACCTA	0	0	0	0	0	0	0	0	61
ATACTGCCCAATGTTTGACCATATTGCTTA	0	0	0	0	0	0	4.324817518	0	0
ATACTTCCTTCTCGGTGCGAACTCGACTTT	0	0	0	0	0	0	0	0	38
ATAGAAAGTGTCTTATTACAAGTATGGTTA	0	0	0	0	0	0	0	0	1126
ATAGACTGATAAGTGGTGAAAGCCCAGAGC	0	0	0	0	0	0	0	0	732
ATAGCAGATCTTTTATTCGACGAAATTTCA	0	0	0	0	0	0	0	0	1217
ATAGCCGCCTGTGAAGGAGCGGTATGGCAT	0	0	0	0	4.917012448	0	0	0	1623
ATAGCCTCGGATGGCACACTTTTCTAGGCC	0	0	0	0	0	0	0	0	1018
ATAGCTGTTATGGCTTTATTGTTGTGAAAA	0	0	0	0	0	3.703125	0	0	713
ATAGGCCTCTTGCTCATGTCTATATTCTCA	0	0	0	0	0	0	0	0	1113
ATAGGGACGGGTTGAGGCGCAGACTAGCCA	0	0	0	0	0	0	17.29927007	0	121
ATAGGGGCGCGTTTTCAGGGAGTGATGTAC	0	0	0	0	0	0	8.649635036	0	54
ATAGGGGGTATGTGGATGGGTTATACACGC	0	0	55.3307393	0	0	0	0	0	707
ATAGGGTTGGTCTGCGACGGCCACCCAAAT	0	0	0	0	0	0	8.649635036	0	141
ATAGGTATTTGGTTGCTTATGGCAGACCTT	0	0	0	0	0	0	0	0	4
ATAGTAAGACTGTGCTCACATACAGGTTCT	0	0	0	0	0	0	34.59854015	0	235
ATAGTATTTGCCCTTCCACGTCCATCACAG	0	0	0	0	0	0	4.324817518	0	100
ATAGTATTTGTAATTTGAAGCGTTATGACC	0	0	0	0	0	0	0	0	177
ATAGTCACCCTGCGGTCGTACCCCTGGGTA	0	0	0	0	0	0	82.17153285	0	0
ATAGTCCTAGAACTCGCCGCCGGTTGATTC	0	0	0	0	0	0	0	0	935
ATAGTCTCTCCATCTGCTACAGTCTTGGGT	0	0	0	0	0	0	0	0	869
ATAGTCTGGGCTAAAAGATTAGCGCTTAAG	0	0	0	0	0	0	8.649635036	0	468
ATAGTCTTACGCAGTTCATGCTCATGCAAA	0	0	0	0	0	0	108.120438	0	938
ATAGTGAATACTTTGCGAGACTAAATAATT	0	0	0	0	0	0	30.27372263	0	101
ATAGTGTATTGTAGTATAGTCATCGCAAAT	0	0	0	0	0	0	47.5729927	0	8
ATAGTTTAACTTAATATCAGGGGTCATTCT	0	0	0	0	0	0	0	0	357
ATATAAACATGCTGTCTCGTACTATCCAAT	0	0	0	0	0	0	0	0	960
ATATCACACTTCGTGAGGGTCACGCGCCCA	0	0	0	0	0	0	0	0	2
ATATCATGTGTCATTTTTCTTCTCGCTCAC	0	0	0	0	0	0	0	0	80
ATATCGTCTATAATGATCCGTCATTCGACT	0	0	0	0	0	0	0	0	696
ATATCTAACTGCGATTGTAGCCTAACAGCT	0	0	0	0	0	0	0	0	939
ATATCTCAACATAACTTAATTATAAACACT	0	0	0	0	0	0	0	0	2
ATATGCCACAGTGGTTCCCCGGGATTTGGC	0	0	9.221789883	0	0	0	0	0	0
ATATGCCCGTGTGCGGGCCAGCTTACACAG	0	0	0	0	0	0	4.324817518	0	1150
ATATGCTTTTTTGCCAGAAGACAGAGTTAC	0	0	0	0	0	0	21.62408759	0	6
ATATGTGAACTGCTGAGGAGAGCCTAGCTG	0	0	0	0	0	3.703125	0	0	544
ATATTAAGGTAGGGGGAAATGATTCCCTCA	0	0	0	0	0	0	0	0	1239
ATATTCTTGACTCTTGTGACATCAAATTTG	0	0	0	0	0	0	0	0	1004
ATATTCTTGGAACGGGGGGAAATGTTGGGA	0	0	0	0	0	0	0	0	1372
ATATTGCATTCTTGCTGCTTTTTCGTCATA	0	0	0	0	0	0	0	0	757
ATATTGCCAATGTCGGGGTCTCCCCTTTTC	0	0	0	0	0	0	21.62408759	0	244
ATATTGGGGGCATGTTTCCAAACCAGGTTA	0	0	0	0	0	0	0	0	3
ATATTTACATATACAGGACACTCGTTGTAA	0	0	0	0	0	0	0	0	4475
ATATTTCAACTCGCCATGCGAAGTCAATTT	0	0	0	0	0	0	12.97445255	0	1110
ATATTTCCTTATTGGAATTCCGCGATGAAG	0	0	0	0	0	0	0	0	721
ATCAAAGACCAGTGTTTGTGGAACGAGCAC	0	0	0	0	0	0	0	0	38
ATCAACGCCCACCGATGCGGTGTTGTAACG	0	0	0	0	0	0	4.324817518	0	701
ATCAACGTGGGATACGTCGGATGAGATGGG	0	0	0	0	0	0	0	0	2
ATCAAGCGACGGGGGGGACGAACGAGAGGG	0	0	0	0	0	0	4.324817518	0	1907
ATCAAGGCGAGCTTTCTCGATTAGAGAGAT	0	0	0	0	0	0	0	0	993
ATCAATGCACCTACACCGCCGGGGATGGGG	0	0	0	0	0	0	30.27372263	0	1086
ATCAATGTAGCCTATACTACAAGGTTATAT	0	0	0	0	0	0	103.7956204	0	2861
ATCACAAGTATACGTTGAGAGCTGCGTTTG	0	0	0	0	0	0	0	0	942
ATCACGCGTTCATGCACGCGGGAAGCAATA	0	0	0	0	0	0	0	0	22
ATCAGAATCGCGTAATTGGCATAATTTTAT	0	0	0	0	0	0	0	0	910
ATCAGCTCCGTCGTTCGGAGCGATCGAGGG	0	0	0	0	0	0	8.649635036	0	1621
ATCAGGTGAGGGCGCTCGTGTTGTTCTCCC	0	0	0	0	0	0	0	0	47
ATCAGTGACGCCTTCAGGAAAGCGCCCATA	0	0	0	0	0	0	4.324817518	0	120
ATCATAAAGGGGCTCAGGCTAGATCAATCC	0	0	0	0	0	0	4.324817518	0	1391
ATCATAGAGCACGGCACGGCTAGATCTGCA	0	0	0	0	0	0	0	0	505
ATCATATTTTGACATGTGATGGTAAAGACG	0	0	0	0	0	0	0	0	2
ATCATGACATAACGTTAAGGAATCTTGTAA	0	0	0	0	0	0	8.649635036	0	1580
ATCATGCTATATGAACTTCTCTCCGTTCTT	0	0	0	0	0	0	4.324817518	0	99
ATCATGGTCAGGAAGCGTGATCCGCTGGTA	0	0	0	0	0	0	4.324817518	0	1069
ATCATTCAGAGTTTCTTCCAGTCTTTCTGC	0	4.157894737	0	0	4.917012448	0	108.120438	0	25947
ATCCATTATATACCGACTAGCGTCACGGAT	16.53488372	0	0	0	0	0	0	0	49
ATCCCAATCTGCCTCGCTTTTTGCTAGATG	0	0	0	0	0	0	4.324817518	0	866
ATCCCAGTTGGTAAGCATGACATTTGTGTT	0	0	0	0	0	0	0	0	459
ATCCCCTCGTCATATTTTACGTTTATGTAT	0	0	0	0	0	0	0	0	296
ATCCCGCATGGGGGGTCCAATGCATGGGTA	0	0	0	0	0	0	8.649635036	0	10
ATCCCGTGATAGGTTTTTATACCCTCCTCT	0	0	0	0	0	0	21.62408759	0	816
ATCCCTCTCCATTGTACGACTTTGTTACGC	0	4.157894737	0	0	0	0	0	0	558
ATCCCTGCAAGGAAAAATCTTAGAGGAAGG	0	0	0	0	0	0	8.649635036	0	17
ATCCGAGGTGTACTAAGGGCTTTACAGTGT	0	0	0	0	0	0	0	0	238
ATCCGCTTTAGGGGTATCGGCGTGAACATT	5.511627907	0	0	0	4.917012448	0	60.54744526	0	80338
ATCCGGGTTTAGACAGCTCCAGCTCTGCTT	0	0	0	0	0	0	0	0	199
ATCCGGTTATACTTGCCTAGCGCTTACGCC	0	0	0	0	0	0	0	0	296
ATCCGTAATCCAATTACCATGCTTGTAGTA	0	0	0	0	0	0	0	0	2
ATCCGTCGTCTTCAATCCCGGCTAACTCAC	0	0	0	0	0	0	8.649635036	0	171
ATCCTCAGTCGTAAAGTTATACAGGATTTG	0	0	0	0	0	0	0	0	184
ATCCTCGCCTCTATCGCAGCACGTTCCCTC	0	0	0	0	0	0	4.324817518	0	2313
ATCCTTCTAGAGTGTTCTTATAGTGAGCGC	0	0	0	0	4.917012448	0	0	0	0
ATCGAGTCGGTTATGAGGATTCCATGCTCG	0	0	0	0	0	0	34.59854015	0	37
ATCGCACGCGTTGAGCTGGATCTTAAGATT	0	0	0	0	0	0	4.324817518	0	530
ATCGCCATTCTGCGCGGATAATTACAGAGG	0	0	0	0	0	0	0	0	3
ATCGCGCCACGTTAATAGACTCCTGTCTTA	0	0	0	0	0	0	0	0	1415
ATCGGATCAGCCGCTGATTTTTAATAGGGA	0	0	0	0	0	0	0	0	705
ATCGGCAGGAATCTTATGTTGCCCCGCCTT	0	0	0	0	0	0	4.324817518	0	668
ATCGGCGTCGTAACATATATTGTAAGCCAC	0	0	0	0	0	0	12.97445255	0	1874
ATCGGGCGGACATTTGGGTCGCAACGCAGG	0	0	0	0	0	0	4.324817518	0	0
ATCGTACCTTTGTGTGCACATGCAGTCGCA	0	0	0	0	0	0	0	0	226
ATCGTATCGGACGGTGCACTAATAGGCTCA	0	0	0	0	0	0	0	0	2
ATCGTCGCGATTTCCGCAACATCAAGTACT	0	0	0	0	0	0	0	0	1157
ATCGTTACACGTCGGGCTTGCCCCCTAGCT	0	0	0	0	0	0	0	0	259
ATCGTTTAGAGAGTTGTTCCCTTCAAGGTA	0	0	0	0	0	0	25.94890511	0	88
ATCTACATAAAGGACAAGAGACTAGAGGTC	0	0	0	0	0	0	12.97445255	0	1074
ATCTACCGGTTTGATCTAGGCGGTCGGGGG	0	0	0	0	0	0	0	0	627
ATCTATAGATGGACAAAACCTTTCTGTGAG	0	0	0	0	0	0	4.324817518	0	1047
ATCTATCCTACCTTTCTTGCGTACATCCAT	0	0	0	0	0	0	0	0	37
ATCTATGCTAGTGTGACTGAGTAGAACGTT	0	0	0	0	0	0	0	0	459
ATCTCCGCCACGGTTTATTCAAGTGATTAA	0	0	0	0	0	0	0	0	2
ATCTCGAACTGTTCCATCCTCTTCTGGAGT	0	0	0	0	0	0	0	0	897
ATCTCGCTTCGGAGGCATGTCGCCGGTGTA	0	0	0	0	0	0	0	0	1910
ATCTGATGTTGTCTGCTAGCAGGCTTCTGA	0	0	0	0	0	0	0	0	802
ATCTGCCCGCCACCTTCTTCCAGTTCGGAG	0	0	0	0	0	0	17.29927007	0	1691
ATCTGGGCTTCCTGAAGGCGACGCCGGTGC	0	0	0	0	0	0	4.324817518	0	107
ATCTGGTTAAGTATTGTGCGTGCCAGCCAG	0	0	0	0	0	3.703125	0	0	1524
ATCTGTCACCCTGTGTCTGGCGTAGTATTG	0	0	0	0	0	0	0	0	1104
ATCTGTGCAGTAAGAGTGTGATGAATGTCG	0	4.157894737	0	0	0	0	0	0	0
ATCTGTGTAGGAGCAACGATGCAAGCCTCC	0	0	0	0	0	0	0	0	1424
ATCTTAGGGCATTCGTTAACGTAACTCTTG	0	0	0	0	0	0	43.24817518	0	7837
ATCTTATCTTTTCGTTTGGTAACCGATTTG	0	0	0	0	0	0	0	0	173
ATCTTATTGAAGCATCTTATCAGGCCTCAC	0	0	0	0	0	0	0	0	4
ATCTTGCACCGGTTGCAATGGAGATTGGGC	0	0	0	0	0	0	0	0	1164
ATCTTGGGCTTCAGTCCTAGTCTGAAATCA	0	0	0	0	0	0	4.324817518	0	983
ATCTTGTTAGGCGAGACTCTCGTCAAGATA	0	0	0	0	0	0	12.97445255	0	1103
ATCTTTAAACATACCGCATCTGTTAGTAGA	0	0	0	0	0	0	0	0	1013
ATCTTTACACGGTACGGTCTCGGGTTTTTA	0	0	0	0	0	0	4.324817518	0	0
ATCTTTATGAAGTCTGGTTCTGGGCATGAA	0	0	0	0	0	0	4.324817518	0	176
ATCTTTCTTATCGATGCGCTCGAAGGGAGA	0	0	0	0	0	0	0	0	35
ATCTTTGCTTCGCGGTCTTCCTCCACGGGT	27.55813953	0	0	0	0	0	0	0	254
ATCTTTTCGCTCCGATGGCGCCATACTCTA	0	0	0	0	0	0	38.92335766	0	98
ATGAAATGGCTTTTGATCGTTCTTTGCTAG	0	0	0	0	0	0	12.97445255	0	45
ATGAAGATCGGTATTATACCAATTCGGCTT	0	0	0	0	0	0	4.324817518	0	4408
ATGAAGTTTTCGGGGCTTAAGTCCATTGTA	0	0	0	0	0	0	34.59854015	0	664
ATGAATCGTGCCCTTAGGCGTGTATTGATG	0	0	0	0	0	0	0	0	1075
ATGACCATAATCAGGCGTATAAACAGACTG	0	0	0	0	0	0	0	0	10
ATGACCGGCATTACTCTGGGGGCAGGACCG	0	0	0	0	0	0	0	0	887
ATGACGTACGTGCGCGCTGTGCCTGGCAGA	0	0	0	0	0	0	0	0	1192
ATGACGTGAGCGCCGCTTACCAAGTGGCTC	0	0	0	0	0	0	4.324817518	0	569
ATGACTTCACACTCATTGCTAACGTTGCCA	0	0	0	0	0	0	0	0	2721
ATGACTTTAAATTCGATTCGGAGCGCTAAC	0	12.47368421	0	0	0	0	12.97445255	0	10
ATGAGCGCAAATGGAAAAGAGATGTTTTAC	0	0	0	0	0	0	0	0	29
ATGAGCTAATTACCGAATTATCGCGGGTTC	0	0	0	0	0	0	0	0	825
ATGAGGGATTGAAGACTAAGTTGTCTCTAC	0	0	0	0	0	0	21.62408759	0	697
ATGAGGGGCTCATTGTTCTGTTACTTAGCA	0	0	0	0	0	0	0	0	134
ATGAGGTGGGCGTTGTAGCCGGTAGCTGAA	0	0	0	0	0	0	0	0	578
ATGAGTGGACAGGTGTCGACTTGTATAAGA	0	0	0	0	0	0	0	0	257
ATGAGTGGGGGGTAACGGGCGCGGGAGGCG	0	4.157894737	0	0	0	0	69.19708029	0	14641
ATGAGTGTGGAGTCAAAACGGACCGCGGAA	0	0	0	0	0	0	12.97445255	0	1282
ATGATATGTATATTGGGGGCGTCGAAGGAC	0	0	0	0	0	0	0	0	2
ATGATCAAGAATAGGTTGCTGAACACTGAA	0	0	0	0	0	0	17.29927007	0	1174
ATGATCATATCTAAACATGCACCTGGATAC	0	0	0	0	0	0	8.649635036	0	387
ATGATGTCGCTGACAATTATTATTCTGAGT	0	0	0	0	0	0	0	0	107
ATGATGTGGTGGCGACTCGCAGCAGTGGGC	0	0	0	0	0	0	0	0	394
ATGATTGAGCGATGCTACCTTTATAAAACT	0	0	0	0	0	0	4.324817518	0	205
ATGCAAATCAAATAAGCGATGATAGAAATT	0	0	0	0	0	0	4.324817518	0	367
ATGCAACTAGGGTTTATGGTGTAAGCTGAT	0	0	0	0	0	0	4.324817518	0	1532
ATGCAAGCTAGCGCCTGGCCAACATTCAAA	0	0	0	0	0	0	0	0	1112
ATGCAATTAAACTCATGGGCATATTAAGCG	0	0	0	0	0	0	34.59854015	0	18
ATGCAGAGAATTCGAGAATTTTCGGTAGGG	0	0	0	0	0	0	0	0	283
ATGCAGCCTCACATGGTACTACAATGTTAT	0	0	0	0	0	0	12.97445255	0	66
ATGCATGGAGCGCGACTGCACTTACGCGGA	0	0	0	0	0	0	8.649635036	0	503
ATGCCATTCGGGTATTGGGTTATTTGGTAG	0	0	0	0	0	0	8.649635036	0	87
ATGCCCATTAGAGACTTCTTGCGTTTATCA	0	0	0	0	0	0	4.324817518	0	62
ATGCCCGATAAACAGTAATGGGGCGTGCGG	0	0	0	0	4.917012448	0	0	0	0
ATGCCGAAGAGAGTGGGTGTGGTCGTTCGG	0	0	0	0	0	0	0	0	149
ATGCCGTTATTCTAACACGTTTCTTACCGA	0	0	0	0	0	0	12.97445255	0	40
ATGCGAGGTAACAACGGTAGATTGGGCCTG	0	0	0	0	0	0	0	0	539
ATGCGATGCACTGGTCTGAGGGTTTTTAGT	0	0	0	0	0	0	0	0	546
ATGCGCAGCATTGGGCGATTGGGGTGAGGG	0	0	0	0	0	3.703125	0	0	291
ATGCGGTACCGTATTTGCTTTTACCTGCTA	0	0	0	0	14.75103734	0	0	0	1164
ATGCGGTAGAGACCTGGCATGATCATATGA	0	0	0	0	0	0	60.54744526	0	25
ATGCGGTTATTGATCTCTCCGATCTATACG	0	0	0	0	0	0	4.324817518	0	1330
ATGCGTATGGTTTTGATTTCAGAGCGGGTA	0	0	0	0	0	0	0	0	653
ATGCGTGGCGTCAGGTCAGGTAGAGTTGCG	0	0	0	0	0	0	0	0	1709
ATGCTAATCCGAAAGGCTGTGAGTGGGGCG	0	0	0	0	0	0	0	0	793
ATGCTCACAGACAGGGAATAGATTGTGAGG	0	0	0	0	0	0	8.649635036	0	16
ATGCTCGAGGTTCATGTGGTGTGCGTCTTT	0	4.157894737	0	0	0	0	4.324817518	0	1866
ATGCTGAATCTTCTAGCTCGCGATCCAACC	0	0	0	0	0	0	4.324817518	0	0
ATGCTGGTGACCAGTATTACCCTTGACTAC	0	0	0	0	0	0	0	0	72
ATGCTGGTGTCGTTGGAGGGGTTCTATGTT	0	0	0	0	0	0	0	0	1085
ATGCTGTATCAAAACTGCTACACGTAGAAA	0	0	0	0	0	0	0	0	118
ATGCTGTTTGGGTAATATGCGTACAGCGAG	0	0	0	0	0	0	0	0	1152
ATGGAAAGTTTTAGGTCAGCAACGCCCGGT	0	4.157894737	0	0	0	0	0	0	983
ATGGAAATGTGGCACCGCCCGATTGGGGAA	0	0	0	0	0	0	0	0	1015
ATGGAATGTAACAGAATACGATAGTAATAA	0	0	0	0	0	0	0	0	297
ATGGACTATCCGGTGGATAGTGTTTTTGTG	0	0	0	0	0	0	0	0	899
ATGGAGATTGATTGGCTAAATGAAAACCAG	0	0	0	0	0	0	17.29927007	0	0
ATGGAGTGGGTATATCGCTAAGAGGAAATG	0	0	0	0	0	0	4.324817518	0	0
ATGGATAGTCCACCGTAGGGGTGCGGAAGA	0	0	0	0	0	0	0	0	1035
ATGGATCGTACGGTTGGAAACGCTTCGATT	0	0	0	0	0	0	0	0	820
ATGGATGAGCATGCATCTTGGACCATCCTG	0	0	0	0	0	0	4.324817518	0	1781
ATGGATGTCTTGATTACGTAGTTTCAAGTT	0	0	0	0	0	0	8.649635036	0	10
ATGGCAGACGGTCGGAGCACGCGTTACATC	0	0	0	0	0	0	0	0	728
ATGGCATACGGATCGGGTGGGGATTGGTTC	0	0	0	0	0	0	0	0	76
ATGGCCTACTAACGTAATATCTCGAATCGT	0	0	0	0	0	0	0	0	1706
ATGGCGGCTACACGGGACAGTGACTCATCC	0	0	0	0	0	7.40625	0	0	579
ATGGCGTGGAGATCCCGGGGAGTCGCACAG	0	0	0	0	0	0	0	0	711
ATGGCTGGTAGGATTTCTTGTTTTTGTAAA	0	0	0	0	0	11.109375	0	0	4
ATGGGATATGATCGGTGTTGTTTGACTTAT	0	0	0	0	0	0	0	0	269
ATGGGCAAGTTCCGGCTTCTGTTGACGTAT	0	0	0	0	0	0	4.324817518	0	589
ATGGGGATATACGTTATGCTTCGGGTATGT	0	0	0	0	0	0	0	0	1030
ATGGGGCCATTAACGGGTGGCCCATCTAAG	0	0	0	0	0	0	0	0	977
ATGGGGCGAAATGAATGACCTTTGTACATG	0	0	0	0	0	0	4.324817518	0	36
ATGGGGTGGCCGGCTCACGGTGGGGGAGTA	0	0	0	0	0	0	8.649635036	0	238
ATGGGTGCCCGAAGAAGGGCTTTTGATCGG	0	0	0	0	0	0	0	0	2
ATGGGTGGCGGGTGCAGGTGGGGGGTAGGC	0	0	0	0	0	0	0	0	447
ATGGGTTAATCAAAGGTTGTCAAGATGTGT	0	0	0	0	0	0	0	0	3
ATGGGTTGGACGAACCCGACTTTGTACGCG	0	0	0	0	0	0	0	0	1966
ATGGTACGGTTCAAAATGCACTTTGACAGC	0	0	0	0	0	0	0	0	7
ATGGTCAAGTTATAGGGGATGAGCGTAACG	0	0	0	0	0	0	30.27372263	0	11
ATGGTCGGCAGGCCTTTGCAGAACTTCGCG	0	4.157894737	0	0	0	0	0	0	62
ATGGTGAATCAAATCGTCATACTTTGTTGT	0	0	0	0	0	0	4.324817518	0	156
ATGGTGTTGCTGAGGACGGTCCTGCAAAGA	0	0	0	0	0	0	0	0	522
ATGGTTCTGTCCCTTGACTGCGGTTTAGGT	0	0	0	0	0	0	21.62408759	0	126
ATGGTTCTTTGCGTGTGTGGAAAGAATGCT	0	0	0	0	0	0	21.62408759	0	531
ATGGTTTTCACCCACATATACGTTCATCTT	0	0	0	0	0	0	0	0	187
ATGTAAGGTTGTCTAGGGTCTTCGGCCCAA	0	0	0	0	0	0	0	0	1275
ATGTAATGAGCCTTTGGAATCGATAGAGGG	0	0	0	0	0	0	0	0	618
ATGTACAGTGGAAATTCAGGGGTGCCGGAC	0	0	0	0	0	0	0	0	594
ATGTACCGTCCGAGCGGAGGCACTGGAGTC	0	0	0	0	0	0	0	0	1391
ATGTACTTTATATTCTCTTTGGGCCTCTGA	0	0	0	0	0	0	0	0	1523
ATGTAGCTATGATATGCATCAGGCTAGCAG	0	1513.473684	4.610894942	0	0	22.21875	229.2153285	0	66091
ATGTATATCGACATACTAATAGAGTACCAG	0	0	0	0	0	0	0	0	1061
ATGTATGCCAACAATCATTGATAGGACAGT	0	0	0	0	0	0	47.5729927	0	14644
ATGTATTGAAGGTTTTTCTTTATCTAGCAT	0	0	0	0	0	0	0	0	506
ATGTCCCACAGTGATTTTCGTTTTTCTCTA	0	0	0	0	0	0	0	0	862
ATGTCCGTATTTAATCTCGTTTTTAACGGC	0	0	0	0	0	0	4.324817518	0	22
ATGTCCTACAGTGCTCACATCCCACTTGCT	0	0	9.221789883	0	0	0	0	0	0
ATGTCCTGGGGGCAAGCGTTTAAGGGGTCA	0	0	0	0	0	0	4.324817518	0	74
ATGTCGTAAGTACACGTTTTTTCGCACCAG	0	0	0	0	0	0	8.649635036	0	6
ATGTGAACTGTGCTGGATTTTAGCCATAAG	0	0	0	0	0	0	0	0	1459
ATGTGATAGGGTATCCTTCTCACTGGGTTA	0	0	0	0	0	0	0	0	1749
ATGTGCCGATTAATTGAAATGACAGTCCAT	0	0	0	0	0	0	0	0	2
ATGTGCGATCTGGCGGTCAGATGCAGGGCG	0	0	0	0	0	0	0	0	2
ATGTGTCGGGGTTAGAAGGGGACCACCATG	0	0	0	0	0	0	43.24817518	0	144
ATGTGTGACATGCTTCTCATAATATGCTTA	0	0	0	0	0	0	0	0	1016
ATGTGTGTAATTCGGCTTCTCTTGTTATCC	0	0	0	0	0	0	0	0	1076
ATGTTAGATGTGCTCTCTGGGACAATGTTA	0	0	0	0	0	0	0	0	1129
ATGTTAGTAATCCACCGTTATTTCCTGTTT	0	0	0	0	0	0	4.324817518	0	1835
ATGTTGGATAAGATGGTGGCTACAATTTAC	0	0	0	0	0	0	0	0	431
ATGTTTACCGAGATCTATACTGCACTAGAG	0	0	0	0	0	0	4.324817518	0	40
ATGTTTAGTCCGATTGCTTGAAAGGGACAT	0	0	0	0	0	0	0	0	1511
ATGTTTCCGGAGTTATGGTTAGGATCACTA	0	0	0	0	4.917012448	0	0	0	0
ATGTTTCTTGCTCGTGTTATCTAGGTAGAA	0	0	0	0	14.75103734	0	0	0	594
ATGTTTTGGATCTTTAGGTATAGAGTTTCA	0	0	0	0	0	0	0	0	1048
ATTAAAAATTACCGTTCGAGCCCTTTAGCA	0	0	0	0	0	0	4.324817518	0	16
ATTAAAATACCACGCGTGATCTAATACTAG	0	0	0	0	0	0	4.324817518	0	0
ATTAACGGGCTTTAGTAAGGTCTTTTCGAG	0	0	0	0	0	0	0	0	613
ATTAATTGGGAGTTGTGGATCGCGGTAGGA	0	0	0	0	0	0	0	0	580
ATTACAAAAGGGCCGCAAGGTCGCTCGCAC	0	0	0	0	0	0	8.649635036	0	333
ATTACGAACATTCCCCAGACCTAATTCATG	0	0	0	0	0	0	0	0	11
ATTACGCAGTTTATTTTAAACACCTCAATA	0	0	0	0	0	0	4.324817518	0	113
ATTACGCGTACGACGCGGTTATCCTTCGCT	0	0	0	0	0	3.703125	0	0	0
ATTACGTTATCTCCTCATTTTTTACCGGGT	0	4.157894737	0	0	0	0	0	0	2453
ATTAGAAATACCAATGCATTATATCGCGCC	0	0	0	0	0	0	4.324817518	0	1302
ATTAGACCTTTACGTTACAAGTAGTAACTA	0	0	0	0	0	0	4.324817518	0	1339
ATTAGAGCGCTATCGGGCAGAAGTTGGGGC	0	0	0	0	0	0	0	0	720
ATTAGAGCGGAATCGTTAATCTTATAGTCT	0	0	0	0	0	0	4.324817518	0	155
ATTAGATATACGAATTGGCATGATTCTGAT	0	45.73684211	0	0	0	0	0	0	108
ATTAGCTCAGAATTGCTATCATTTCGTGTC	0	0	0	0	0	0	4.324817518	0	39
ATTAGTGCAGCATATGTGGGTTAGCGAATT	0	0	0	0	0	0	0	0	921
ATTATCGGCGATGAACACGGTGACCCATTC	0	0	0	0	0	0	0	0	4
ATTATCGTTGATTGCTCCACGGATATACAA	0	0	0	0	0	0	0	0	45
ATTATGGAAGGTCCCGACCAAGCGCTTCGG	0	0	0	0	0	0	0	0	119
ATTATGGCTAGACGGGTCAGTCGGACAACG	0	0	0	0	0	0	0	0	116
ATTATGGCTGTTCGTCAGACAGTCCCGGGG	0	0	0	0	0	0	0	0	200
ATTATTTGAGGTCAGCATGACCTTGGACTC	0	0	0	0	0	0	0	0	662
ATTCAAAATTAATGCGTTGTGTCCAGCTTA	0	0	0	0	0	0	4.324817518	0	3521
ATTCACAATACACTAGAAAGTTATAGCATT	0	0	0	0	0	0	0	0	565
ATTCACCGTAGCGTACCATCCTGAAGATAC	0	0	0	0	0	0	0	0	972
ATTCACCTTTCAACGTAAACTCTATTCTCT	0	0	0	0	0	0	0	0	1241
ATTCACGACTTGTACCAAATAATGGGGTTT	0	0	0	0	0	0	4.324817518	0	172
ATTCCAGTCCTTGGCGGTGTCATATGCATT	0	0	0	0	0	0	0	0	1032
ATTCCATAGGTCGATTGACCTATACTGCTG	0	0	0	0	0	0	0	0	1345
ATTCCCGAACCTTCCAGTAGGCTAACCATG	0	0	0	0	0	0	8.649635036	0	1384
ATTCCGTACTACTCGTGCGGGTGAGGGTCG	0	12.47368421	0	0	0	0	0	0	431
ATTCCTGGAGACTACTATACATGCCCCAAA	0	0	0	0	0	0	0	0	657
ATTCCTTGAATCATGTTAGCCCCCTAATTA	0	0	0	0	0	0	0	0	1733
ATTCGCGAGTAGCGCAGGCGTAAATCGGTT	0	0	0	0	0	0	4.324817518	0	919
ATTCGCGCCATGAACTGAGGCAAATGCTAG	0	0	0	0	0	0	0	0	1414
ATTCGGTCTAATAGTTATTACTCGTTCAAG	0	0	0	0	0	0	4.324817518	0	752
ATTCGGTGGCTGGCGCGGGTATGGGGTCGA	0	0	0	0	0	0	0	0	958
ATTCGTCGGATAAATTGGCTTTACTTAGGG	0	0	0	0	0	0	0	0	1599
ATTCTACTCAGCTCTATAAACTGAATGCAC	0	0	0	0	0	0	12.97445255	0	488
ATTCTATACCGTAAGGGAGTTAGGCATATC	0	0	0	0	0	0	0	0	361
ATTCTCCGCACTTATATCTTTATTTTAGCG	0	0	0	0	0	0	38.92335766	0	2
ATTCTCCGCCCCTCGGTATTATCATTACTT	0	0	0	0	0	3.703125	0	0	26
ATTCTTTACGTTTATGTGCTCCTCACATCT	0	0	0	0	0	0	56.22262774	0	144
ATTCTTTTAAACGTGTTTGCTAGCTAGGTC	0	4.157894737	0	0	0	0	4.324817518	0	220
ATTCTTTTCGGGTCCGAGCGCATTCCTGAG	0	0	0	0	0	0	0	0	1274
ATTGAAAGTTTAAAAGTGAACCTATACTAC	0	0	0	0	0	0	4.324817518	0	62
ATTGACGTTCCGGGGTCGAGCGTTCTCTGG	0	0	0	0	0	0	0	0	808
ATTGACTGGTATCGTAGATTCGTGCATGTG	0	0	0	0	0	0	0	0	413
ATTGAGCTTAGACTCTGTTTACAGGGTTAA	0	0	4.610894942	0	0	0	8.649635036	0	16609
ATTGAGGCTTACCAACGTGAACGTGGGTTT	0	0	0	0	0	0	4.324817518	0	0
ATTGATTGAAATCTTTACTTTTCTTGTATC	0	0	0	0	0	0	4.324817518	0	226
ATTGATTTCGAACCAGCCGTACTGGTAGAT	0	0	0	0	0	0	0	0	1206
ATTGCAGACTTGGTCGTTCGTTGGACGTGC	0	0	0	0	0	0	0	0	62
ATTGCATACGCCGTTGTCGTGACATATAAA	0	0	0	0	0	0	0	0	1364
ATTGCCAGATGGGATGCAAATCCTTACGGA	0	0	0	0	0	0	0	0	551
ATTGCGCATAACCGCATAATACACCTGAGT	0	0	0	0	0	0	0	0	121
ATTGCTAAACCATTTGGGGTCTTGGCAGGG	0	0	0	0	0	0	12.97445255	0	10
ATTGCTAGTAAATAGGTCCAAAAGTTTTCT	0	0	0	0	0	0	25.94890511	0	6659
ATTGGCCCTGTTAGTGCTTGCTATCGATTT	0	0	0	0	0	0	12.97445255	0	226
ATTGGGGCAAGTTGCGGCTCATTTTACATT	0	0	0	0	0	0	4.324817518	0	978
ATTGGGTTGTGTTAGCTCTTATGGATCTCC	0	0	0	0	0	0	0	0	1244
ATTGGTCTCGAGTTCTTTCGTTATATACGC	0	0	0	0	9.834024896	0	0	0	1891
ATTGGTTCTCGGATTCGGAACGCACTATTT	0	0	0	0	0	0	0	0	840
ATTGTAAAGGGGGAGGTCATTCGGGGATCA	0	0	4.610894942	0	0	0	0	0	0
ATTGTACAACACCTATCATAAAGTGGCAGA	0	0	0	0	0	0	0	0	617
ATTGTCAGGGTCAGTTGGGTTACTGCTCTC	0	0	0	0	0	0	0	0	856
ATTGTCATGGCCATAGGTGTCGAGGAGAGC	0	0	0	0	0	0	0	0	921
ATTGTCTGAATTCGATTCAAATCCTCAGGG	0	0	0	0	0	0	0	0	2
ATTGTCTGTGTCCCTGGTGCCGGTTGTGCA	0	0	0	0	0	0	8.649635036	0	808
ATTGTGACATGTTGTAAACCACTTCAAGCG	0	0	0	0	0	0	4.324817518	0	279
ATTGTGATTATCTTTAAACTACTAGATGTT	0	0	0	0	0	0	0	0	914
ATTGTGGAATCGCGCAGGCCCAGGTGCCTA	0	0	0	0	0	0	0	0	903
ATTGTGGGGCAGGTGCATATAGTCTTCCGC	0	0	0	0	0	0	8.649635036	0	33
ATTGTGGTAGAGTTTACAGAGGATGAGTGT	0	0	0	0	0	0	0	0	383
ATTGTGGTTCAGCGGATCTAGTAGATTTTT	0	0	0	0	0	0	8.649635036	0	4
ATTGTTATGATCTGTGAGATGGTCTCTGCA	0	0	0	0	0	0	0	0	1115
ATTGTTCAACTCCATTCTGTTTAGAGAATT	0	0	0	0	0	0	30.27372263	0	2022
ATTTAACATGGTGTCATGGTGCGAGGGTCT	0	0	0	0	0	0	0	0	401
ATTTAAGACTAGTGATATTATTGCTGCCTT	0	0	0	0	0	3.703125	64.87226277	0	53883
ATTTACCACTGAAACCATGTGAGGAATCGG	0	0	0	0	0	0	47.5729927	0	20581
ATTTACGAAGTCTCGTCCCCGCTGTTCATC	0	0	0	0	0	0	4.324817518	0	214
ATTTACTAACCGTTGCAGTCTTCACGAGTT	0	0	0	0	0	0	4.324817518	0	0
ATTTACTGGGCTAAATTGGTTTGTTGTTTT	0	0	0	0	0	0	0	0	1315
ATTTAGACCTGGGAGGTTGCATCATGTTTG	0	0	0	0	0	0	4.324817518	0	899
ATTTAGATAGGTTTCTTTCAGATATATTTC	0	0	0	0	0	0	4.324817518	0	22
ATTTAGGACTGCGGGAGTGTGCCTGTCCGG	0	0	0	0	0	0	0	0	139
ATTTAGGATTCATGTTCATGATTGCCTAGT	0	0	0	0	0	0	0	0	199
ATTTAGGTGTGGTTTCATGTTTAGTGCTTT	0	0	0	0	0	0	4.324817518	0	1306
ATTTAGGTTTGAACTAGACCACGGTAGTTC	0	0	0	0	0	0	4.324817518	0	621
ATTTATGAAGAGCTCTCGCCTGGTGTAGAT	0	0	0	0	0	0	0	0	365
ATTTATTGACATCTCTGTTGTAACATGGCT	0	0	0	0	0	0	0	0	718
ATTTCAGTTATCCGTTTTTGATCATAAGTA	0	0	0	0	0	0	0	0	95
ATTTCCCTATGTCAGGCGCAGATACGCTGC	0	0	0	0	0	0	0	0	2
ATTTCGGCAGGCTGTCGGGCGGGTTACAGT	0	0	0	0	0	11.109375	0	0	18
ATTTCGTTTTCTCCCTGTTCCCTAGCACGT	0	0	0	0	0	0	0	0	1353
ATTTCTCATCTGAGTGGTATTGAGTTACCG	0	0	0	5.837438424	0	0	0	0	0
ATTTCTCGATACTAATTGATTAGGCCGGTG	0	0	0	0	0	0	56.22262774	0	240
ATTTCTCTTGTTTGGAAGGTCTGCATGGGT	0	0	0	0	0	0	4.324817518	0	26
ATTTCTGTACCCAATCGCCTCACGCGCAAC	0	0	0	0	0	0	17.29927007	0	34
ATTTCTTGTACTCGCGGTAGATGTTCTTTG	0	0	0	0	0	0	17.29927007	0	157
ATTTGAATGTGATGTTAAAAGGTTTAGTTT	0	0	0	0	0	0	0	0	275
ATTTGAGCTCAACGATATTGCACAATCGAT	0	0	0	0	0	3.703125	0	0	4
ATTTGCAATCAAGCGTGGACGATCCTCCTT	0	0	0	0	0	0	0	0	1601
ATTTGCCTCGCGGTCATTTATTTTCGGCGA	0	0	0	0	0	0	0	0	326
ATTTGCGCAGGTACCTTGTAAAGGTTAGAT	0	0	0	0	0	0	0	0	324
ATTTGCGTGTTATGGGCTCTGTTGGTCGAG	0	0	0	0	0	0	8.649635036	0	2871
ATTTGCTACATTGGTAGATCAAGATAGATT	0	0	0	0	0	0	0	0	284
ATTTGGAGTCCACACCGTGCGTGAGACGCA	0	0	0	0	0	0	4.324817518	0	0
ATTTGGATGTATATCTATGTTAAGCGCGGA	0	0	0	0	0	0	0	0	1485
ATTTGGTTATGTTATGCCTGGCTAGGTTGA	0	0	0	0	0	0	12.97445255	0	1202
ATTTGTAAAGATTTTCCTTTGTATGAAGCA	0	0	0	0	0	0	0	0	2
ATTTGTCACTTATCTTTGGTCTGGTCAGAC	0	0	0	0	0	0	4.324817518	0	13
ATTTGTTTGTTGCACTTGGAGTGCCTCTGG	0	0	0	0	0	0	0	0	500
ATTTTAGCAACGTGGGTTTCATTGGACACA	0	0	0	0	0	0	51.89781022	0	176
ATTTTAGGAGGTGTGCGAGAGATGATGTGG	0	0	0	0	0	0	0	0	2
ATTTTCACTGGTACTGCTTGCTGACCATCT	0	0	0	0	0	0	17.29927007	0	38
ATTTTGTTTCGCATCGTATCCCGTGGTTCC	0	0	0	0	0	0	73.52189781	0	302
ATTTTTCCTCTACTGAAATTGGTCATGCAC	0	0	0	0	0	0	0	0	4
CAAAAAGCATACTGAACCTACTTGGATTAT	0	0	0	0	0	0	4.324817518	0	247
CAAAAATTCCCAACACCGCAAAGCGCAAGC	0	0	0	0	0	0	0	0	1388
CAAAAGCCTTGGGTTATAGCCGGGTTGCAC	0	0	0	0	0	0	4.324817518	0	115
CAAAAGTGCCATAGAGAATGAAACGCGCTT	0	0	0	0	0	0	0	0	142
CAAAATCCTAACACTAGCGATCCCATTTCG	0	0	0	0	0	0	38.92335766	0	239
CAAACTATACAAGTTCGACCTGCTGTTTCG	0	0	0	0	0	0	0	0	1083
CAAACTCTAGACGATGTCGTGTAGGAGAGG	0	0	0	0	0	0	0	0	461
CAAAGCGCTCAGCGTGTTTGCAAAGGTTAA	0	0	0	0	0	0	0	0	4818
CAAAGGGTATGGTGTCTGATTAGTTGTCTT	0	0	0	0	0	0	0	0	1429
CAAAGGGTCAGTTTTAGTAATTTGATGCTT	0	0	0	0	0	0	8.649635036	0	3861
CAAAGTCAATATATCTGGTGCTCTTCCGAT	0	0	0	0	0	0	0	0	5
CAAATCCTCTGGGTCCTTAGGCAACACATC	0	0	0	0	0	0	0	0	886
CAAATCGGCATGCGCAATCGGATCGTGAGG	0	0	0	0	4.917012448	0	0	0	2
CAAATCTAGTTATAGGAATTTTAACAAATA	0	0	0	0	0	0	25.94890511	0	3356
CAAATGCTCATGCTCCTCCTAGTTGTACGG	0	0	0	0	0	0	8.649635036	0	2554
CAAATTACGAGTCGTTAACATCCGCTGCTC	0	0	0	0	0	0	4.324817518	0	18
CAAATTCGTCTAGTTGCTTGGGGCGGGGCT	0	0	0	0	0	0	0	0	6012
CAAATTCGTCTTATGTAAACTCATCCTTAG	0	0	0	0	0	0	69.19708029	0	38450
CAAATTGCGGAAGTAACGAGAATTGACGAC	0	0	0	0	0	0	0	0	631
CAAATTGTGGTAGTTGGGTGTGTGAAAGTA	0	0	0	0	0	0	4.324817518	0	2063
CAAATTTTGTTCTCAATGCTGCTGTTTGAA	0	0	0	0	0	0	0	0	1304
CAACAGTTTCCTAGTCCTTTTTGTGCATAG	0	0	0	0	0	0	0	0	2
CAACATCAGCGTATCCGCCTTTAGGGTATG	0	0	0	0	0	0	0	0	1048
CAACATCGAGTATCCGTCGGGAATTGACAA	0	0	0	0	0	0	0	0	445
CAACCGGTTAATCTGCGAGGGTGAAATAGA	0	54.05263158	0	0	0	0	4.324817518	0	6
CAACGCCTTTATAGGTGTGTCGGCATTACT	0	0	0	0	0	0	8.649635036	0	756
CAACGTGTTCATCCTCTAGATTGCTCGAAT	0	0	0	0	0	0	4.324817518	0	213
CAACTCATGCCCAGCTACTTTAGTGCTATC	0	0	0	0	0	0	99.47080292	0	22
CAACTGTAAATTTTTCTCTATCACTTCTGG	0	37.42105263	0	0	0	0	0	0	630
CAAGAGACCCACTGAGAGTGTCTTAAGCAT	0	0	0	0	0	0	0	0	1802
CAAGATGCCTGTCATATTCTAAGGGGAAAG	0	4.157894737	0	0	0	0	0	0	291
CAAGATTCGTTCTTTAGCTGGTCCACAATT	0	0	0	0	0	0	0	0	1201
CAAGCAAGCGGGAAATATGATTGGGTGGAC	0	0	0	0	0	0	0	0	1206
CAAGCCCGTGAGCTTCCTGTGGATGCAGTG	0	0	0	0	0	0	0	0	2
CAAGCCGGAGTTCAGCGACTTCGAAGAGTT	0	0	0	0	0	0	0	0	620
CAAGCCGTCGGTAGTTTCTGGTTTACGGGT	0	0	0	0	0	0	4.324817518	0	0
CAAGCCTCCACCTATACCCGCTGGATTATA	0	0	0	0	0	0	0	0	490
CAAGCGCACCCCTTATTTTTTTGTGGGGAT	0	0	0	0	0	0	43.24817518	0	1013
CAAGCGCCGCACTCTGCTTGGTCAACTATA	0	0	0	0	0	0	0	0	3
CAAGGATGTGATGAGTCACACAGGCAGAGT	0	0	0	0	0	0	0	0	1251
CAAGGGGGCGGCGGTCAACGTTGCTACATT	0	0	0	0	0	0	25.94890511	0	71
CAAGTATCGTATCATGCATCAGTTTTAAGA	0	0	0	0	0	0	4.324817518	0	1384
CAAGTATTTCTAATCTATTGCGCTCCCTAT	0	0	0	0	0	0	0	0	269
CAAGTCGAGGTTGGGTTGACGGTAGGCGCC	0	0	4.610894942	0	0	0	4.324817518	0	18
CAAGTCGGTTCGAAATACTAATGTGTGATC	0	0	0	0	0	0	47.5729927	0	3720
CAAGTCGTAATCAGGGGTTGAGGCGCATCC	0	0	0	0	0	11.109375	0	0	652
CAAGTGCGGAACCCAGAGTTTTTCGACGCC	0	0	0	0	0	0	0	0	1214
CAAGTGTACTTGAAGGGGAGGTTGGTCACG	0	0	0	0	0	0	0	0	3
CAAGTGTCTACACAATGAACTGGCATATGA	0	0	0	0	0	0	0	0	2
CAAGTGTGTTGCTGCGCACGAATACGGTTA	0	0	0	0	0	0	0	0	3
CAAGTTGCCTGTACATCCCAGTCGGCCTAT	0	0	0	0	0	0	12.97445255	0	6
CAATAAATCAGATGGTATTAAGGCATGTTT	0	0	0	0	0	0	0	0	522
CAATAACTGAGTGGTGTTTGGGTGGGAGGT	0	0	0	0	0	3.703125	0	0	165
CAATACCCGAGTAGAATCGCTAAACGTATC	0	0	0	0	0	0	0	0	525
CAATAGAACACCTACTTCAGAAGTCAAACG	0	0	0	0	0	0	0	0	1331
CAATAGCCCTTACGATCAGATGGACTGCGC	0	0	0	0	0	0	0	0	4
CAATCACACTGACTTGTCAAGCCGTTGACT	0	0	0	0	0	0	4.324817518	0	1671
CAATCCCGATCTATCACGCATTAAAGGATC	0	0	0	0	0	0	0	0	1919
CAATCGAGTATGGCATGCGCTCCGTCAGTC	0	0	0	0	0	0	0	0	924
CAATGATAGGGTGATTTTGCGACGCCCTAG	0	0	0	0	0	0	0	0	137
CAATGGGCAAGCTCAGACATAGGGCCCGCG	0	0	0	0	0	0	4.324817518	0	186
CAATGTGTTTGCAAGCGTGTTATAACGGAC	0	0	0	0	0	7.40625	12.97445255	0	0
CAATGTTTCAGCACTTGTGTGCTAACCTGC	0	0	0	0	0	0	0	0	2
CAATGTTTCGTCTTGGGATAACTCGTGGTG	0	0	0	0	0	0	0	0	13
CAATTACTGAGTCGGTCTTCTATGAGTAAC	0	0	0	0	0	0	51.89781022	0	1570
CAATTAGATGCCACTGATATTCAATTCAGG	0	0	0	0	0	0	4.324817518	0	140
CAATTCAAAATTAGCCGTCAAATGCCAGAA	0	0	0	0	0	0	0	0	18
CAATTCAGCCACGCGTTCCCTAAGTCAGGG	0	0	0	0	0	0	0	0	2
CAATTGTCATGACCCGCTATAGAGGGTTCG	0	0	0	0	0	0	4.324817518	0	0
CAATTGTCTGTCCGAGGCACGTCTCAGGAG	0	0	0	0	0	0	4.324817518	0	624
CAATTTGCAAGGCCGATTTCTGCAGATGAT	0	0	0	0	0	0	4.324817518	0	11
CACAACCTTTTGAAACGCATTCACTCTATT	0	0	0	0	0	0	0	0	997
CACACATATACACCAGCATAACAATTTGGC	0	0	0	0	0	0	4.324817518	0	2
CACACATGCTGCTTGATCGAAATTAGGGAT	0	0	0	0	0	0	0	0	53
CACACCTGCATACCTAGCGCCTACCCACAA	0	0	0	0	0	0	4.324817518	0	124
CACACTGTGTAAGTTCGGATTTCAGGGTTC	0	0	0	0	0	0	0	0	4
CACAGGGTGGCACTGTTAGGCGGCCCATTA	0	0	0	0	0	0	0	0	658
CACATAACTTTTTTCTTTGAGCATACGTCC	0	0	0	0	0	0	0	0	18
CACATCCTGGTCACTAGCTTTATTCTCCTG	0	0	0	0	0	0	0	0	400
CACATCGCATCACAGGGTGAGTGTTGGCGG	0	0	0	0	0	0	4.324817518	0	593
CACATGCAGCTGCGCTAATACGTCGCGCTG	0	16.63157895	0	0	0	0	125.419708	0	487
CACATTCATACGGAATCGACTCGTCACGGG	0	0	0	0	0	0	0	0	32
CACATTGTTAGGCCAGGCGGTAGTGAAAGG	0	0	0	0	0	0	0	0	435
CACCAAATGCCGGTAGTACACAAGGTCGCT	0	0	0	0	0	0	4.324817518	0	919
CACCACATTGGGAGTTTCATACGCTGTGCT	0	0	0	5.837438424	4.917012448	0	0	0	5
CACCATGTTCAGAAGTCTGGGCATATGTCG	0	0	0	0	0	0	0	0	2479
CACCCTTCCACGACAGTTGATGTGTTTGCA	0	0	0	0	0	0	0	0	272
CACCGGTGTGGATTCTGATTTTCGACATCT	0	0	0	0	0	0	4.324817518	0	0
CACCGGTTTAATAGTAGACGCCTGTATGGG	0	0	0	0	0	0	0	0	421
CACCTAGTGGGCGGGGGATGACGCTGGTCC	0	0	0	0	0	0	0	0	40
CACCTCCACCTTCTTCATGTATGTGACTGT	0	0	0	0	0	0	0	0	1694
CACGAAACGCGTGACTGGACACATGTTTAA	0	0	0	0	0	0	0	0	792
CACGAAGCTTATACACGTCAGAGTAGGAAT	0	0	0	0	0	0	4.324817518	0	0
CACGAATTAATCATATACCTGCGTGGGAAA	0	0	0	0	0	0	0	0	7
CACGACGTTGATAACTTCATGTCAGAGTCT	0	0	0	0	0	0	0	0	616
CACGAGTGCCTATCAGGTAGACTACCTTTG	0	0	0	0	0	0	8.649635036	0	344
CACGATTCGCGCGAGGCACTCCGGCGCTGG	0	0	0	0	0	0	47.5729927	0	68
CACGCAGTCCGATGGGCTTGTGTTGTCTAT	0	0	0	0	0	0	0	0	1366
CACGCCATTCCCTTAAATGAGTACAGATCA	0	0	0	0	0	0	0	0	59
CACGCCCGCGCATCAGCAAAATGGTTCCAA	0	29.10526316	0	0	0	0	8.649635036	0	123
CACGCCTTTAGCACTCTGATTTATCAATAG	0	0	0	0	0	0	0	0	807
CACGCTTCGGGGTTACTATGTGATGCGCCG	0	0	0	0	0	0	25.94890511	0	4131
CACGGAAATCAGACAATGTCATCAGTAGAG	0	0	0	0	0	0	0	0	882
CACGGACAACTAGTTGGCTGCGTGAGTCTC	0	0	0	0	0	0	0	0	730
CACGGAGTCGAGGGTAGAGTGTCCTTGGGT	0	0	0	0	0	0	4.324817518	0	6
CACGGCAGTAAATTAAATGTCAACGACGCA	0	0	0	0	0	0	0	0	632
CACGTAATCACTCTTTTCTACTGGGCCGCT	0	0	0	0	0	0	8.649635036	0	1110
CACGTGGGGCCTCTTTAGACTGGTTCAGGG	0	0	0	0	0	0	4.324817518	0	0
CACGTTCCCATTGTCCAACTGTGTCACACC	0	0	0	0	0	0	0	0	2
CACGTTTATCATTGGTAGAATCTCTTTGGA	0	0	0	0	0	0	0	0	128
CACGTTTCACGACTTCCATGACTATCGTCA	0	0	0	0	0	0	0	0	1376
CACTAAGCTGCGTCAGGCGGACAGTAATGT	11.02325581	0	0	0	0	0	8.649635036	0	2941
CACTACGGTGGTTATTTCTTAAGATTCGTA	0	0	0	0	0	0	0	0	1576
CACTACTATATGTTCGGGGGGCAATGCGAG	0	0	0	0	0	0	0	0	281
CACTAGGTTAAATCAACTCGGACCATCTGG	0	0	0	0	0	0	0	0	350
CACTATCTGGATCACATCGACGACGCCACC	0	0	0	0	0	0	0	0	1307
CACTATGATTGGCCGTCAGGGGTGATTGCG	0	0	0	0	0	0	4.324817518	0	714
CACTCAGTATTCATCTCAGTGCTTACGTCA	0	0	0	0	0	0	0	0	488
CACTCGGTGTTTGCTTCACCATATCTATCG	0	0	0	0	0	0	0	0	2213
CACTGATCATATCCAATCTTACCCTAATCT	0	0	0	0	0	0	4.324817518	0	178
CACTGGCTACGATCGGTTGGGGGACGGCGG	0	0	0	0	0	0	0	0	564
CACTGTCTGCCGCGTCAGATGCCGTCCTCG	0	0	0	0	0	0	0	0	930
CACTGTGACAGGTTCTTTGGAGGCATGGTG	0	0	0	0	0	0	4.324817518	0	3363
CACTTAGAAAGTTTTGTTGACGTTGCTTGT	0	0	0	0	0	0	4.324817518	0	1073
CACTTCGCCATGGTTGGATGAAGCTTCTGG	0	0	0	0	0	7.40625	0	0	891
CACTTGTAGCGACTCGGACATTTGATCTCC	0	0	0	0	0	0	0	0	386
CACTTGTGTACAATGTGCTTCTGGTGTAGA	0	0	0	0	0	0	4.324817518	0	2
CACTTGTTGAAGTCCATTAGGCTTAGTTAT	0	0	0	0	0	3.703125	0	0	1190
CAGAAAAACTGGAAGCCTGTTAGTCGAGAA	0	0	0	0	0	0	4.324817518	0	1792
CAGAATAAATGTTCGTAAAGCAATGGGCGG	0	0	0	0	0	0	4.324817518	0	1887
CAGAATGCGTGGCGTGGCTGATTGCAGGGT	0	0	0	0	0	0	0	0	1585
CAGAATTTTCCTTATGAAAGTAACAGATTC	0	4.157894737	0	0	0	0	0	0	3
CAGAGCGTTGGGTGAGACGCTCCGTCTGTC	0	0	0	0	0	0	0	0	44
CAGAGCTCGATGTGTAGATCTCGTGTTGTT	0	4.157894737	0	0	0	0	8.649635036	0	290
CAGATAGAGTTTCTTGGACCCATATACTTG	0	0	0	0	0	0	4.324817518	0	149
CAGATAGCTGACGGTTGATTTTGTGCCGAC	0	0	0	0	0	0	0	0	26
CAGATAGTTTTCCTAAGCAACTTTCGGATT	0	0	0	0	0	0	0	0	184
CAGATATAACAATGTGAGAGTAGGGGCTTA	0	0	0	0	0	0	12.97445255	0	0
CAGATTTCTGACTATAGTAACCAGAAGAGC	0	0	0	0	0	0	0	0	1633
CAGATTTTAGCTCCGTACCGATTCCGCGGC	0	0	0	0	0	0	4.324817518	0	395
CAGCAAGGGTGTTGGTGTTTACCAGTGGTG	0	0	0	0	0	0	0	0	547
CAGCAGGTTCCATTGTTGTGGTTATCCGTG	0	0	0	0	0	11.109375	0	0	2198
CAGCAGTATTAAGGCGCATACCAGGAGTTC	0	0	0	0	0	0	0	0	302
CAGCATGGTTTAATACAATTGTGAAACGGC	0	0	0	0	0	0	0	0	12
CAGCATTTGTGAATGTTTTGCCCGTACTGT	0	0	0	0	0	0	73.52189781	0	366
CAGCCCGTTAGTGTAACAGTGAGGCCTGTT	0	0	0	0	0	0	0	0	741
CAGCCGTATCAAAATCCGACAACTACTTAG	0	0	0	0	0	0	0	0	1982
CAGCCGTCTACAATAGCTTTGTGATCAAGT	0	16.63157895	0	0	9.834024896	0	8.649635036	0	9948
CAGCCGTCTGTGTACCTCTTAAACAATATT	0	0	0	0	0	0	4.324817518	0	69
CAGCCTGGCCGCGTTTTGTTCTTTCAGGTC	0	0	0	0	0	0	0	0	969
CAGCCTGTTATCAGGCTCGATCCGCACAGG	0	0	0	0	0	0	0	0	821
CAGCGAGGCTTACGCTCCCAGCAAATTGGG	0	0	0	0	0	0	4.324817518	0	1580
CAGCGGTTAGAGGTCAGTTGGCAGAGGTCG	0	0	0	0	0	0	4.324817518	0	438
CAGCGTCCCTTAGTGGGACCTTAGTGGTCA	0	0	0	0	0	37.03125	0	0	634
CAGCTGAGGAGAGCACATAACGGGTCTGTT	0	0	0	0	0	0	0	0	2
CAGCTTATGTTGCTTTCAAAGAAACGACCT	0	0	0	0	0	0	4.324817518	0	1004
CAGCTTCAAGCGTTGCATGTGGGTAGTGTA	0	0	0	0	0	0	17.29927007	0	0
CAGCTTCTTATCGGGCAGGCTCAATAATGG	0	0	0	0	0	0	0	0	988
CAGCTTTAATGGGGGGCCATTCGTGGCTCA	0	0	0	0	0	0	4.324817518	0	1746
CAGCTTTGAGAGTGGTGAATGCGCCTTAAT	0	0	0	0	14.75103734	0	0	0	2
CAGGAAAAGCTACGCCGTCCTGTTTGGTGT	0	0	0	0	0	0	0	0	19
CAGGAACGACTGCTCAAATGTCAACTGTAG	0	0	0	0	0	0	0	0	1818
CAGGAACTTGCCCTAACTTGATTAGTCCTT	0	0	0	0	0	0	25.94890511	0	293
CAGGACCAGCATGCGAGGCACAAGCGGGAG	0	0	0	0	0	0	0	0	1244
CAGGAGGCTCAAGACACGTGCGATTCAGGC	0	0	0	0	0	7.40625	0	0	607
CAGGAGTCGGAGGCGTTATAAGTCGGGATT	0	0	0	0	0	0	0	0	692
CAGGCAAAGCCGGGTAGGGTGATCCGAGCG	0	0	0	0	0	0	0	0	2084
CAGGCAAGTCGGAATCCTGTAATTCTGATC	0	0	0	0	0	0	8.649635036	0	7
CAGGCAGGGCTTAGCTGATTTAGGGTCGAG	0	0	0	0	0	0	4.324817518	0	0
CAGGCCGGGACTCGTGGGAGCGGTAGTACT	0	0	0	0	0	0	0	0	370
CAGGCGTTTTGTCTAGGGCTAGAACTCCGC	0	0	0	0	0	0	0	0	524
CAGGCTGTGATTTTGACTATTGTTGGTTGG	0	0	0	0	0	0	12.97445255	0	246
CAGGGGGAGAGCAAGTGAAGGAGGCAGTGT	0	0	0	0	0	0	4.324817518	0	660
CAGGGGGTCAGGAAGGTCAGTGCTACTCCA	0	0	0	0	0	0	0	0	2
CAGGGTACCGGTAAACATTTCCGCAGGGTA	0	0	0	0	0	0	0	0	628
CAGGGTCTCGGTATCCGTCTGTCGGCTCGT	0	0	0	0	0	0	4.324817518	0	2422
CAGGGTGTGGTGCTATCGGGTGGGGGTCTG	0	0	0	0	0	0	8.649635036	0	3
CAGGTCAGTTGATGGTTACATCTATCCGAG	0	0	0	0	0	0	0	0	89
CAGGTCTGGCGGCAACCCGCACTCTTGGTC	0	0	0	0	0	0	0	0	3
CAGGTGACACCCTTCCTGACAAACCGGGGG	0	0	0	0	0	0	4.324817518	0	180
CAGGTGCACGCTCATATGCACGCCAAAATT	0	0	0	0	0	3.703125	4.324817518	0	819
CAGGTGCCTTTTCGCGAAATCTCACTTTCA	0	0	0	0	0	0	4.324817518	0	1843
CAGGTGCTCAGAGACCTCAAAGGCTTTACG	0	0	0	0	0	0	21.62408759	0	255
CAGGTGGTTAGGGCCCAGGGTCCGCTGCGG	0	0	0	0	0	0	0	0	938
CAGTAACGCAAAATTCATACCAATAGGCAC	0	0	0	0	0	0	0	0	1911
CAGTAATTCACGTGCATGACGTAATCTTTC	0	0	0	0	0	0	0	0	96
CAGTAATTGCTTGCACATGACGTTATAGTT	0	0	0	0	0	0	0	0	967
CAGTACTATAGCACTATTTGCGCAAACTGA	0	0	0	0	0	0	4.324817518	0	0
CAGTAGAGCCATGTGGGTCGGGTGCGGAAG	0	0	0	0	0	0	4.324817518	0	1491
CAGTAGGACCCGTAATAGGCAATTGTAAAT	0	0	0	0	4.917012448	0	0	0	0
CAGTATGATCCTACCCCTTTGTAATGTGGG	0	0	0	0	0	0	0	0	13
CAGTCAGCGATGCTTCTAGTCAGCACTGTA	0	0	0	0	0	0	0	0	2
CAGTCATGGGGAAATGAGAATAGTCCGCCG	0	0	0	0	0	0	0	0	1292
CAGTCCCGTAGTCAGGTGGTGAAGTGAAGG	0	0	0	0	0	0	0	0	564
CAGTCCTCCATAGAAAGTTTTGCATAGTCT	0	0	0	0	0	0	0	0	1420
CAGTCGAACCTTCGAATCCGCTGGTGGCAT	0	0	0	0	0	0	0	0	363
CAGTCGCCTTATGTACCCTTTAATGTTAAT	0	0	0	0	0	0	0	0	23
CAGTCTAATTTGGGTTTCTCCCTTTTCATT	0	0	0	0	0	0	12.97445255	0	437
CAGTGGGGTGTTGTCCGTATCTATGTCTCA	0	0	0	0	0	0	0	0	30
CAGTGGTCGACAAGGCCGCGGAAAACCGGG	0	0	0	0	0	0	0	0	380
CAGTGTAGCACAAGGTTGGCCATAAAAGGG	0	4.157894737	0	0	0	0	0	0	0
CAGTGTTCACAGTCGACGCTGAATATCATA	0	0	0	0	0	0	0	0	12
CAGTGTTCTTCCCCGCAACCCAGCTTCGAG	0	0	0	0	0	0	0	0	6752
CAGTTATCGCCGAGACTGTAATTCATTCCA	0	0	0	0	0	7.40625	0	0	707
CAGTTCACTAAGGTGTTATTTGGATGTATT	0	0	0	0	0	0	4.324817518	0	1663
CAGTTCCATCAGTGACTTTTGTGATCATTA	0	0	0	0	0	0	0	0	4
CAGTTGGATCACTATATCTCGGAGGCGGTA	0	0	0	0	0	0	0	0	10
CAGTTGGCGCTCGCTGAGGGCTTCCTTGAC	0	0	0	0	0	0	0	0	827
CAGTTTGAGAGACTAAAGATGCGATGCAGT	0	0	0	0	0	0	0	0	28
CAGTTTGTTTAGTGCGTACCAATGGGTTAT	0	0	0	0	0	0	43.24817518	0	126
CAGTTTTAGGGGTCATGTATAAAGACTTAC	0	0	0	0	0	0	25.94890511	0	1047
CATAAACGCTTCCATTTAAGGAGATCAGTT	0	0	0	0	0	0	0	0	1258
CATAAACGTCAATCCGTGTTTGTTAGCAAG	0	0	0	0	0	0	0	0	238
CATAACTCTTGATCACTCATTTTGTCGTCT	0	0	0	0	0	0	0	0	13
CATAATGACAAACTTTCTAGCTTTTTCATT	0	0	0	0	0	0	0	0	1305
CATACAAGTTGTCTGATGCCACTAACTAGG	0	0	0	0	0	0	0	0	3234
CATACACGGGTCTAGTGTCACCTGCTCTCC	0	0	0	0	0	0	0	0	2
CATACAGGGTGTAAACTCCCGTTTGAACTA	0	0	0	0	0	0	0	0	574
CATACATTACGATTTGTAACTGGCCATCTT	0	0	0	0	0	0	4.324817518	0	136
CATACCGCAACCGCGAGGTAATGGTCCCTA	0	12.47368421	0	0	0	0	0	0	3907
CATACCGGGAGGTATACAGTGCGTATGCGG	0	0	0	0	0	0	0	0	1134
CATACGCAAGTTATGCTGTCATTAAGATCG	0	0	0	0	0	0	0	0	307
CATACGTCGAGATGTTTTAGTTTTGATTGC	0	0	0	0	0	0	21.62408759	0	116
CATACGTGTTACGGCTGGCTCTGGGTGTAC	0	0	0	0	0	0	4.324817518	0	149
CATAGACAATTAGTAATTCTTCTATTATTA	0	0	0	0	0	0	0	0	3
CATAGACCTTTTTACTTGGGTTCATTCTTC	0	0	0	0	0	0	12.97445255	0	140
CATAGACGAGCTGGGCCGGCCTTGGAGCTT	0	0	0	0	0	0	0	0	788
CATAGAGGCGGGTTGGGTCTGCCGGAGAGT	0	12.47368421	0	0	0	0	0	0	41
CATAGCCCCAGACTCAATGATGCGTCCGAC	0	0	0	0	0	0	0	0	1187
CATAGGGGGACCCCTAGTAGGTGTGTAGTA	0	0	0	0	0	0	0	0	1378
CATATATCAGCGTAAATGTTTCTTTCTGTA	0	0	0	0	0	0	4.324817518	0	0
CATATCAATCGTAGTATTGCATGTACTGGT	0	0	0	0	0	0	0	0	1035
CATATCACGTTGAAGTCTGCCCGATGGGTC	0	0	0	0	0	0	12.97445255	0	174
CATATGTGACTTACAAAACTTTCGAGATAT	0	0	0	0	0	0	0	0	891
CATATTAGTGTGGCAAAACCACCTAGATAA	0	0	0	0	0	0	4.324817518	0	0
CATCAACACTAACGGGCTGTTAGTGTATAC	0	0	0	0	0	0	4.324817518	0	705
CATCAATGGCGCCCGTCGAAGGTGTAGGTA	0	0	0	0	0	0	0	0	14
CATCATCTTGGATGGCACTTAACCGACACA	0	0	0	0	0	0	4.324817518	0	8
CATCATGTATGTATGTCGACGTTTATTCTC	0	0	13.83268482	0	0	0	8.649635036	0	1176
CATCCATCCATTATTGGTAACAACGACTAG	0	0	0	0	0	0	0	0	414
CATCCCGTTGGTCGTCCCTGGGGACAGTGC	0	0	0	0	0	0	0	0	1138
CATCCGTGGAAAGCCGAACTGTCGGTTCCT	0	0	0	0	0	0	0	0	886
CATCCTCTCCGCGGTCCGACGTGATCAAAG	0	0	0	0	0	0	0	0	1145
CATCGCAATGCGTGTACACATAGACTTGAG	0	0	0	0	0	0	4.324817518	0	946
CATCGGAAAGTCCTGGGGGTTGTAGCACCC	0	0	0	0	0	0	0	0	528
CATCTAATAGCTGGGCGTAGTACTACAGTT	0	0	0	0	0	0	12.97445255	0	17486
CATCTAGATTTCAGCTGCTCAAAGTGGACG	0	0	0	0	0	0	12.97445255	0	646
CATCTAGCTTTGCCGTCTGACACTCGCAAT	0	0	0	0	0	0	0	0	1382
CATCTATGTGTGTGTTAGTGTCATCAACTT	0	0	0	0	0	0	0	0	433
CATCTCCGTGGCGTTTTTTGGAGCATTCCA	0	0	0	0	0	0	4.324817518	0	72
CATCTCTCCGTTCTGAGATGACAGAGCCTC	0	0	0	0	0	0	0	0	716
CATCTGATATAGGTCAAGCCATAGTCCTGT	0	0	0	0	0	0	0	0	987
CATCTGTTGCTGCCACATCAGTTTTGGCAA	0	0	0	0	0	0	0	0	697
CATCTTCGCCCGGGCTCGATTGTACATTCA	0	0	0	0	0	0	0	0	755
CATCTTCGGCTTTTCCGGTGGCCCAGAGGA	0	0	0	0	0	7.40625	38.92335766	0	1912
CATCTTTTAAGTAGGCCGGAAGTGGGCAGA	0	0	0	0	0	0	4.324817518	0	45
CATGAACCGATTTATTTCACTCCTGCTGCT	0	0	0	0	0	0	4.324817518	0	0
CATGAAGTATTAACATATGTGCAGGTACCT	0	0	0	0	0	0	4.324817518	0	64
CATGAGGAATGCTTAGGAAGTAAGCTGAAA	0	0	0	0	0	0	0	0	304
CATGAGTTCCGGTTGTTGGGTTCCGTGGGT	0	0	0	0	0	0	0	0	198
CATGATGGACATGATGCACGTGTGTACTTC	0	0	0	0	0	0	0	0	119
CATGATTCACCAGCTTACTTAGAGAGAAGT	0	0	0	0	0	0	0	0	2
CATGCAATTGAATTGATCGGAGAGTGGATC	0	0	0	0	0	0	4.324817518	0	1484
CATGCAGATTCTGTTACGGGTCCCGCAAGG	0	0	0	0	0	0	0	0	33
CATGCGACCTCGGAAGGAGAGCTTAGGAGC	0	0	0	0	0	0	4.324817518	0	143
CATGCGGAGGCTCGGTATAACAAGGAAATT	0	0	0	0	0	0	8.649635036	0	13
CATGCTACGTCGTTTTGCCCGGGCGTCGGG	0	0	0	0	0	0	0	0	1272
CATGCTCGGTCTAAGTTGGGGGAGCACCCA	0	0	0	0	0	0	185.9671533	0	12
CATGGACATGGATGTCTGACATCCGAAACT	0	0	0	0	0	0	4.324817518	0	298
CATGGACCACGCACGTCCCGTACTCGGCGC	0	0	0	0	0	0	4.324817518	0	9926
CATGGATTCACAAATTCGCTGTTTGGAGTA	0	0	0	0	0	0	0	0	1929
CATGGGGGCCTTTGGTGTATGTGGGGCTGA	0	0	0	0	0	0	0	0	993
CATGGGGGTTAGGATGAAGGATCTTGGATC	0	0	0	0	0	0	0	0	851
CATGGGTAAGTGAAGTCGGGTGTCGGGCAG	0	0	0	0	0	0	8.649635036	0	757
CATGGTAATACAGATTAACCTGGAACAAAC	0	0	0	0	0	0	51.89781022	0	81
CATGTAAGAGTAGACTCCCTTAGCGGGGTA	0	0	0	0	0	0	4.324817518	0	349
CATGTATAGTGCGTTCGCTTTTTAGTTTGC	0	0	0	0	0	0	8.649635036	0	92
CATGTCCATCAATTGATTCAGTCTTTTGCC	0	8.315789474	0	0	0	0	17.29927007	0	11419
CATGTCGTTTCCAATAGCTTTCCCTTGCTA	0	0	0	0	0	0	4.324817518	0	33
CATGTGAAAACGTATCGTGTCGGTGGGAAT	0	0	0	0	0	0	12.97445255	0	976
CATGTTGACCTCGATATTAGGGGGCATCGA	0	0	0	0	0	0	0	0	392
CATGTTGAGATTTTACATCTGCCTTTCAGG	0	0	0	0	0	0	8.649635036	0	208
CATGTTGATAGAAATAGGGTCTCATTCGAC	0	0	0	0	0	0	17.29927007	0	129
CATTAAAATGCATAGTTTCTTGGCGCCTAT	0	0	0	0	0	0	0	0	1304
CATTAACCAATGTTACTTAGTCTATACGAG	0	0	0	0	0	0	21.62408759	0	491
CATTAACGGTTTGTACGGTCGGGCGGCACA	0	0	0	0	0	0	0	0	127
CATTAACTAACGATGGTTTGATAGCATCCG	0	0	0	0	0	0	4.324817518	0	36
CATTAAGTTTTTTATCTCTCAGGCCAATCA	0	0	0	0	0	0	0	0	279
CATTACTTAGTCGCTATGTTGCGACTCTGC	0	0	0	0	0	0	0	0	918
CATTATTAAATCCGTTATCCAATTTTCAAC	0	16.63157895	0	0	0	0	0	0	150
CATTATTATATAATCTTTATTGCCACCATG	0	0	0	0	0	0	0	0	2
CATTCAAGGTCCTTTAATTGGCCACGGGTG	0	0	0	0	0	0	4.324817518	0	0
CATTCAGGTCAGATTTATATGATCTGTGAT	0	0	0	0	0	0	4.324817518	0	555
CATTCCTAGATCCGCGTACTTTTCCGTTGT	0	0	0	0	0	0	0	0	841
CATTCGAACTACTCGAAGTCGGTCTTTATT	0	0	0	0	0	3.703125	0	0	24
CATTCGGACTAGCTATCGAGTCGTTCAGGA	0	0	0	0	0	0	4.324817518	0	345
CATTCGGAGCCATGAAATTTGCGGGAAACG	0	0	0	0	0	7.40625	8.649635036	0	1099
CATTCGTACTTTCGGGTTTCACAGTATAGA	0	0	0	0	0	0	4.324817518	0	332
CATTCGTTAGATGTAATGTACACCCACCTC	0	0	0	0	0	0	4.324817518	0	60
CATTCTCGAGATAAATTGTTTATCAATACA	0	0	0	0	0	0	8.649635036	0	228
CATTGAATTCCTTGTTAGTGCTTCGCCTTA	0	0	0	0	0	14.8125	0	0	1457
CATTGCATATTCTTCTAGATACATTGCAGC	22.04651163	0	0	0	0	0	376.2591241	0	29
CATTGCATGGTGCGTATTGCATAAACACTG	0	0	0	0	0	0	0	0	1385
CATTGGATGGGCCCGGCAGACGTTGACTGT	0	0	0	0	0	0	0	0	264
CATTGGCTAGCTTCGCTATAAATAATTGCT	0	0	0	0	0	0	4.324817518	0	993
CATTGGCTGGCAGGCTACATGATAGTCAAT	0	0	0	0	0	0	4.324817518	0	1788
CATTGGGCTTCTTCGTAGCCAGGGCAGACG	0	4.157894737	0	0	0	18.515625	125.419708	0	16840
CATTGGTAGTACCCGGATATCATCATCCGA	0	0	13.83268482	0	0	0	0	0	0
CATTTAATTTTATCTGCTTCCCGGACTGTA	0	0	0	0	0	0	25.94890511	0	1303
CATTTAGAATTCAATGATTGTCGATGTATA	0	0	0	0	0	0	4.324817518	0	223
CATTTAGAATTCGTCGAGCGACTGGGTCCA	0	0	0	0	0	0	0	0	303
CATTTCAATTGACAGTGACGCGACGGGTCT	0	0	0	0	0	0	0	0	943
CATTTTACCTGGAACACTACTCGGAGTTTG	0	0	0	0	0	0	77.84671533	0	33052
CATTTTTCGCAGTATTTATGAGCATTGCCA	0	0	0	0	0	0	0	0	278
CATTTTTTACCTTCTCGTACAGTTCACAGT	0	0	0	0	0	0	0	0	14
CATTTTTTTCCGTTGAGGGGCTGTCGGCTT	0	0	0	0	0	0	4.324817518	0	0
CCAAAAAAACGTCCCCTACGGTGGGAGGCA	0	0	0	0	0	0	4.324817518	0	586
CCAAACGCGTTCGTGCCCCAACGGGAACGA	0	0	0	0	0	0	0	0	1061
CCAAATGTGGTAGTCCGTGAAAATGAAACT	0	0	0	0	0	0	0	0	179
CCAACAGTGTGGCCCTCTAAGTGGGTATTG	0	0	0	0	0	0	4.324817518	0	565
CCAAGAGGGCACGGAGCCTGCTAGCTCAAG	0	0	0	0	0	0	0	0	4
CCAAGGCCTATGGCGTAAAAGTGGTTCAAC	0	0	0	0	0	0	0	0	1223
CCAAGGGTTGTGGAGGTTAACATACCATAG	0	0	0	0	0	0	0	0	876
CCAAGTACTTCTGGGGGCAACTTGACTGTG	0	0	0	0	0	0	0	0	1844
CCAAGTCGATCGGTCCTCAGGCCCGGCGAG	0	0	0	0	0	0	12.97445255	0	653
CCAAGTGGGTCTTAATTTTTGAAGTCTGCT	0	0	0	0	0	0	0	0	558
CCAAGTTGTGGGCGACTGTTGGTTCGGCGC	0	0	0	0	0	0	34.59854015	0	27
CCAATAAAAGTCTTAGCCCATACACATGGT	0	0	0	0	0	0	0	0	3
CCAATAACCGCCGCCTAAGCACCAATGGAC	0	0	0	0	0	0	0	0	37
CCAATCAAAGGGAAGCCGACAAGACACCCT	0	0	0	0	0	0	0	0	2
CCACAACTCTACAGCTCAGAGCTTTCCCGT	0	0	0	0	0	0	8.649635036	0	0
CCACAGGGACCAGGCATGGCTCCCATGAAA	0	0	0	0	0	0	8.649635036	0	170
CCACATATTTTCAACACAGGCAGCAAAGTT	0	0	0	0	0	0	4.324817518	0	807
CCACATTATTTAAGTGTGTCATGGCTATCA	0	0	0	0	0	0	0	0	1560
CCACATTTCCGTATTAGTCTCGTAAAGGGT	0	0	0	0	0	0	4.324817518	0	6
CCACCAACGCATAGTAAACAGCATGTCTCA	0	0	0	0	0	0	0	0	1730
CCACCGGTTGTTAGGTCCATCCCTGATTTA	0	0	0	0	0	0	51.89781022	0	98
CCACCGTCGGGGCGGAAGCCGGGTCCGGGG	0	0	0	0	4.917012448	0	0	0	0
CCACCTTTACGTACGCCTAGGGCTATTTAA	0	0	0	0	0	0	0	0	330
CCACGAAAGTAGAATTATGTTGGTATAAAC	0	0	0	0	0	0	0	0	3029
CCACGATATGATTTCTCTTCTTTTGGGTCA	0	0	0	0	0	0	12.97445255	0	418
CCACGCTTTCGTCATTACTTTTAATGCGGT	0	0	4.610894942	0	0	0	0	0	27
CCACTAGACGAAATTATTAGTATTTTACGT	0	0	0	0	0	0	0	0	20
CCACTAGATACATTAGGCGCACTCTCACTT	0	0	0	0	0	0	0	0	929
CCACTCTGAACAATGACATCATACTAATCT	0	0	0	0	0	0	0	0	2310
CCAGAAACGTCTTCGGATGTTTTTGTCATG	11.02325581	0	0	0	0	0	0	0	141
CCAGACACATCGTTAGGCACCGGGAAAACC	0	0	0	0	0	0	0	0	3
CCAGATTGGGCGCTGGTCGCATGGGTGGTC	0	0	0	0	0	0	0	0	193
CCAGCATAACACCCCAGGCATGTCCCACTT	0	0	0	0	0	3.703125	0	0	0
CCAGCCAACCCATTTTAGAGGATCAATGTC	0	8.315789474	0	0	0	0	172.9927007	0	488
CCAGCCCCCTAGAGTGTGTCCTAGGGGATC	0	0	0	0	0	0	0	0	3
CCAGCCCGTGTTGTATACCTAGTCCTCGCG	0	0	0	0	0	0	0	0	2
CCAGCGGCACTGTAATACCATTCAGAGGGT	0	0	0	0	0	0	4.324817518	0	0
CCAGCTCTAAAATGGTCATCACTCCGATTT	0	0	0	0	0	0	0	0	2234
CCAGCTTGGTTTGGACATTTTAAGCAGCTA	0	0	0	0	0	0	0	0	2679
CCAGCTTTCTGGACTGCAACACGTATGGTG	0	0	0	0	0	0	0	0	1532
CCAGGAGGAATTACATGGGTGTCAGAGTCG	0	0	0	0	0	0	0	0	3331
CCAGGCGTACCCTGACGGTCGCGCGCTTCT	0	0	0	0	0	0	0	0	1860
CCAGGCGTTCGGGTCGGGGGGATCGAGATT	0	0	0	0	0	0	4.324817518	0	529
CCAGGCTGATTTCCAAATTGACTTCACGGC	0	37.42105263	0	0	0	0	0	0	252
CCAGGCTTCGTGCATAGTGCCGGGCTTCTG	0	0	0	0	0	0	4.324817518	0	1953
CCAGGGATGTGCATCGTCCCCGTAAATCCC	0	0	0	0	0	3.703125	90.82116788	0	731
CCAGGGGCATTCACGATGAGAGCCTCGGGT	0	0	0	0	0	0	0	0	922
CCAGGTATATAGGGTGGCGGGGAGCCATGG	0	0	0	0	0	0	12.97445255	0	1094
CCAGGTGGTGCAACCATCTCTCCTTCTCTG	0	0	0	0	0	0	0	0	1082
CCAGGTGTTTGGTGGGGTCGTTGCAGTGGA	0	0	0	0	0	0	0	0	847
CCAGGTTTGGACTGGGGTGAAAAGATTGTG	0	0	0	0	0	0	0	0	1047
CCAGTACGTTAGCTATCGTCGTTAGGTACG	0	0	0	0	0	0	0	0	3
CCAGTCCGGTTCGGGGACTCTTTTTCGTGG	0	0	0	0	0	0	4.324817518	0	250
CCAGTCCTGAATGGCTTGGTGCTTTGTAGT	0	0	0	0	0	3.703125	0	0	790
CCAGTCGGAGCCCATGAGAGGTGGCTATGT	0	0	0	0	0	0	0	0	785
CCAGTCGTACATCAATTATTATCGGTTTTT	0	0	0	0	0	0	0	0	3
CCAGTGATGTTGAGTTTAAGTTACCGTGAC	0	0	0	0	0	0	0	0	1209
CCATAAGCCCCTATCCTTAGCATTAGTGAC	0	0	0	0	0	0	4.324817518	0	0
CCATACAAAAACGCAGATGTGTTTCAATCA	0	0	0	0	0	0	0	0	2
CCATACGACTACGATAAGAATTGCATTTCT	0	0	0	0	0	0	0	0	988
CCATAGGCTATCCGAAGATCTAGAATCATG	0	0	0	0	0	0	8.649635036	0	715
CCATAGTCAGAGGCTTAAGGTATGGGTGGG	0	0	0	0	0	0	0	0	1423
CCATATCATGGATATCTACCACGGCCGGGA	0	0	0	0	0	18.515625	4.324817518	0	2704
CCATATGTTTTTCTGGCTGCTTTGTTCGTG	0	0	0	0	0	0	0	0	18
CCATCCCCACTGTTCCAAAACGTTTAATAT	0	0	0	0	0	0	4.324817518	0	1812
CCATCCGGCCGGTGAATGACGTATGGTGAT	0	0	0	0	0	0	0	0	116
CCATCTCTTTTATGATCGGCTAGAAATTGC	0	0	0	0	0	0	8.649635036	0	1173
CCATCTGGGGGTGCACCTTTGGGATCTCGC	0	0	0	0	0	0	0	0	1608
CCATGAAAGAAGTAACTTTCATGCCCTCTT	0	0	4.610894942	0	0	0	0	0	2
CCATGAAGTCTTGGTACACGGTCGCCGTTT	11.02325581	0	0	0	0	0	0	0	62
CCATGATTTAACGGGTAAGAAGCGTGCTCT	0	0	0	0	0	0	0	0	71
CCATGGTGAAGTCAGTTATCCGAGCTTCGT	0	0	0	0	0	0	8.649635036	0	2
CCATGTGTTCTCCTACTGACCTGATGGCCT	0	0	0	0	0	0	0	0	2
CCATTCCCATTGGTATCCCACCCGGGTAAT	0	0	0	0	0	0	0	0	14
CCATTCGTAATACCTTACTAAACACCTGTA	0	0	0	0	0	0	0	0	11
CCATTGCTTATCAGCACTAATCGCTACTAT	0	0	0	0	0	0	0	0	3
CCATTGTTAGCAGCACAGGCCGATTTAGTC	0	0	0	0	0	0	8.649635036	0	492
CCATTTATATGAAGCCGTCGGATGAACCAT	0	0	0	0	0	0	12.97445255	0	0
CCATTTCGTACGTGCTAGGTCGGTGTAGAT	0	0	0	0	0	0	0	0	155
CCCAAAGCGTGCAATGAAGGTTGAACATTC	0	0	0	0	0	0	4.324817518	0	1140
CCCAAGCAGTAATGCCGTAACGCTAGGCAC	0	0	0	0	0	0	0	0	942
CCCAAGCTTCACGCTAGTTCATCCTCCGGA	0	0	0	0	0	0	0	0	2
CCCACGGGCTTGGACCAGTAAAATTGGGCT	0	0	0	0	0	0	8.649635036	0	98
CCCACGGGGGCTCCAACCGCCGTTGGTATG	0	0	0	0	0	0	0	0	1496
CCCACGTGGCCGCTCGATCGTGCAGAAAAT	0	0	0	0	0	0	0	0	2
CCCACTTTGGACGGCGCACATGCGGGCTCT	0	0	0	0	0	0	8.649635036	0	662
CCCAGACGTTTCAGACCGGGCGATAACGGA	0	0	0	0	0	0	0	0	275
CCCAGAGTTGTTGGATCTGCGGGTGCCTCT	0	0	0	0	0	0	0	0	310
CCCAGATAAGCGAGTGATGAAGATTACGCA	0	0	0	0	0	0	4.324817518	0	1280
CCCAGCCGCAGAACCGGGTTACTGCAGCTA	0	0	0	0	0	0	0	0	2
CCCAGGTATGATCAGCTCCGTCCCATTTCA	0	0	0	0	0	0	0	0	2
CCCATACTGGTACTAATATAAAGTCTATTA	0	0	0	0	0	18.515625	0	0	1435
CCCATGCGCTAGGAAGACGGGCTAAACGCC	0	0	0	0	0	0	0	0	574
CCCATTATGCGGAGGAATGTAACAAGCTCC	0	0	0	0	0	0	0	0	293
CCCCACATGTTTGCTTTTAGGGAGGTTGTC	0	0	0	0	0	0	4.324817518	0	6
CCCCAGTACTCTTTCTTTTCGTTGGTGATC	0	0	0	0	0	0	0	0	1264
CCCCCTCGATTTGGCCTTACATATGGCACC	0	0	0	0	0	0	4.324817518	0	1049
CCCCGAAGTGGGTAATAACTAAGGTTTGGA	0	0	0	0	0	0	8.649635036	0	114
CCCCGATAGTGTCTTTAGCAGTGTTCCAGT	0	0	0	0	0	0	43.24817518	0	1354
CCCCGGTACGGACGGGGATCTTAGATAACT	0	0	0	0	0	0	0	0	3
CCCCTCGGCGGGTTACAGCCTTTGGATTCC	0	0	0	0	0	0	0	0	944
CCCCTCTAAATAGTGTTTTGGGTTGTACAT	0	0	0	0	0	0	0	0	2139
CCCCTTAGGTTGGATTTATCGGATAGCCTC	5.511627907	0	0	0	0	0	0	0	211
CCCCTTATAATTCTATTTGGCTGCGCGAGT	0	0	0	0	0	0	0	0	1008
CCCGACCTGTCAGGACAAGAGGTAGACATG	0	0	0	0	0	0	0	0	1411
CCCGACGGTAATTGTCAGCGGGTTGTTGAT	0	0	0	0	0	3.703125	0	0	105
CCCGACGTCGCGCGAACAACAACCTGGAAT	0	0	0	0	0	0	0	0	1274
CCCGACTACAATCGTAATCTGACACAGTGG	0	0	0	0	0	0	0	0	2
CCCGAGGATAATATGTTTCACCAATCGGCA	0	0	0	0	0	0	4.324817518	0	1611
CCCGAGTCGGAATGTGCAGGCCGGGATTGT	0	0	0	0	0	0	0	0	2
CCCGATACTCCAGGTAATTACATGAATAGA	0	0	0	0	0	0	0	0	133
CCCGCAAGTCAGGCATATGAGGATAAGCAA	0	0	0	0	0	0	8.649635036	0	158
CCCGCAATTTACCGTATCTAGAATCGTTTT	0	0	0	0	0	0	25.94890511	0	6261
CCCGCAGACTCTATAAGGTTGGAGTGGATT	0	0	0	0	0	0	0	0	2
CCCGCCATATACGGTGATTCAGTTCTGTGC	0	0	0	0	0	0	21.62408759	0	2
CCCGCTCGCGCGAGCGCACGGCAGCGAGTT	0	0	0	0	0	0	0	0	1062
CCCGCTGTACTGCCCAAAGCGTTGAAATTT	0	0	0	0	0	0	4.324817518	0	305
CCCGGCGCTGACCTAAGTCATTTTAAATGT	0	0	0	0	0	0	4.324817518	0	103
CCCGGCTGGTTCTTCCGAGACATTTACGGG	0	0	0	0	0	0	0	0	2
CCCGGGATATAATTCGTGGGCTGGTAAATT	0	0	0	0	0	0	21.62408759	0	46
CCCGGGATTGGGCTGACGTAATTTTGCCCC	0	0	0	0	0	0	4.324817518	0	698
CCCGGGTCTACTCCTAAGGTTTGAAGTTGA	0	0	0	0	0	0	0	0	2
CCCGGTATATATAAGCGCATGTTTTCGATC	0	0	0	0	0	0	30.27372263	0	7786
CCCGGTGGTGTAACCGTACAATTGCAAGAT	0	0	0	0	0	0	0	0	4
CCCGGTTAGAACGTGGAGGGTGTACTCGCG	0	0	0	0	0	0	0	0	116
CCCGTACTCCCAAAAGCCACTGGAATACGC	0	0	0	0	0	0	0	0	268
CCCGTAGAAGTGAGTGTTTAACCAGGCTTT	0	0	0	0	0	0	4.324817518	0	338
CCCGTCCGTTGGGATAAGTGGACTTTTGGC	0	0	0	0	0	0	0	0	246
CCCGTCGCCTTTAACCCACGTTCGCATTTA	0	0	0	0	0	0	0	0	62
CCCGTGTCCATCGTGTAACAAGGGAAGAGC	0	0	0	0	0	7.40625	0	0	957
CCCGTTGATAGACAACGTTCTTCAGCATGT	0	0	0	0	0	0	0	0	580
CCCGTTGGCCGAATCCGTCTTGTCAGTCAT	0	0	0	0	0	0	17.29927007	0	1230
CCCTAACCAATTTAGCATTCCTTCCTCAAA	0	0	0	0	9.834024896	18.515625	8.649635036	0	0
CCCTAATTTAAAACTCTTCACCAGTCCAAT	0	0	0	0	0	0	4.324817518	0	2041
CCCTACGCATCATGACACCATCCGTATGCC	0	0	0	0	0	0	4.324817518	0	917
CCCTAGGATTCTTCGTAATGAGACCTTGTC	0	0	0	0	0	0	0	0	193
CCCTATATTTGGCTTCCGTCTTCAGAAGGT	0	0	0	0	0	0	8.649635036	0	1330
CCCTATGTATGAGTAACTGATGGAGTGTAA	0	0	0	0	0	0	0	0	7
CCCTCGCCGACAAGGGCAGTCAGCTGCGGG	0	0	0	0	0	0	8.649635036	0	70
CCCTCGCGTGGTCCTATCAGAACGTCGATT	0	0	4.610894942	0	0	0	0	0	0
CCCTCGTCTCTGGAATCACGAGGCAATACC	0	0	0	0	0	0	0	0	1568
CCCTCTTAAGAGGTCTCGCTCAGGGAGCCG	0	0	0	0	0	0	0	0	207
CCCTGAATGTAGCGTGTAGTACCGTGCGAG	0	0	0	0	0	3.703125	0	0	78
CCCTGACCGGATCGATAAGACGGACTCTGC	0	20.78947368	0	0	0	0	21.62408759	0	620
CCCTGCATCTTGGCACTCACTATTTTGAGT	0	0	0	0	0	0	4.324817518	0	826
CCCTGCGGTGTACCATTTTCTGGAGCCGAT	0	0	0	0	0	0	4.324817518	0	1625
CCCTGGGTCCCCTGCATGTTAGAAGCGGGG	0	0	0	0	0	0	0	0	529
CCCTTCGCTAACCTCAAAAAAGTTGAATGT	0	0	0	0	0	0	0	0	757
CCCTTCGGCATAGTCTTAGCTTCGGCTCTC	0	0	0	0	0	0	4.324817518	0	1562
CCCTTCTTCGCATAGGTTGGTTTCAATTGC	0	0	0	0	0	0	4.324817518	0	1188
CCCTTGCTCTCGGTCTTAGTCTGAAACAGG	0	0	0	0	0	0	0	0	618
CCCTTGGTTGCGTGACGAGTTGCGGTGGCC	0	0	0	0	0	7.40625	8.649635036	0	823
CCCTTTATTCTGCAACCGAAAGGGTTCATT	0	0	0	0	0	0	0	0	14
CCCTTTCGCGAGACGATACTCTGACGCTTT	0	0	0	0	0	0	0	0	471
CCCTTTGACTGGTGTAATATTAGCAGGGTT	11.02325581	0	0	0	0	0	0	0	124
CCCTTTGATAGAGGTGCGGTTCCTGGGGGA	0	0	0	0	0	0	0	0	1102
CCCTTTGCATCATATTCAAGTAATTTAACT	0	0	0	0	0	0	8.649635036	0	881
CCGAAATCATCCGAGAGCTCGCGCGTCGGC	0	0	0	0	0	0	47.5729927	0	2175
CCGAAGAAACATACTAATCTAATTGCGATT	0	0	0	0	0	0	8.649635036	0	0
CCGAAGAGGGAAAGTCATTTAGCAGTCAGA	0	0	0	0	0	0	0	0	6
CCGAAGGTTGTCACCAATGTTCTAACGTCT	0	0	0	0	0	0	0	0	1057
CCGAAGTTTTTAATAACAAGGAATGTATAG	0	0	0	0	0	0	8.649635036	0	7004
CCGAATGTAAGTCTTTCGCCTAGTTAGGTC	0	0	0	0	0	0	4.324817518	0	941
CCGACAAAATGTACGTTGGTCATATCGTCT	0	0	0	0	0	0	0	0	1545
CCGACCATGCGGGGGGTGAGCGCGCAGTCT	0	0	0	0	0	0	4.324817518	0	5
CCGACCGTGAGTGCTCTGTCGGTGCGGAGT	0	0	0	0	0	0	4.324817518	0	1487
CCGACGCTGATTCCTGGCTATTCTCCGTGC	0	0	4.610894942	0	0	0	0	0	0
CCGACTAAAGGACTTCAATGTTCCCTACTC	0	0	0	0	0	0	0	0	13
CCGACTTGGTCGTTTCCGCTCTCTCTTACT	0	0	0	0	0	0	12.97445255	0	15
CCGAGATGCTGGTTGGGCACCCACGCTCCT	0	0	0	0	0	0	12.97445255	0	28424
CCGAGATTTACGATGCTTACATCATGACTG	0	0	0	0	0	0	4.324817518	0	6
CCGAGCTCGAATAATCGTAGGCACCCTTAA	0	0	0	0	0	0	8.649635036	0	287
CCGAGGATGATGAGAGGAGCTCAGGGGCTC	0	0	0	0	0	0	0	0	833
CCGATCACGGGCACGACTAACCTACAATTT	0	0	0	0	0	0	0	0	1034
CCGATCGTCGCCAAACGAGCGTACTTACAG	0	0	0	0	0	0	21.62408759	0	1005
CCGATGCAAATTAGCTGACGTCTCTGACCC	0	4.157894737	0	0	0	0	0	0	0
CCGATTCGGGGCGGCGTAGGTAAGAATACG	0	0	0	0	0	0	0	0	129
CCGCACGCTGGTTATTTGTATGCTTGATCC	0	0	0	0	0	0	21.62408759	0	1303
CCGCAGCCTCAAAATATCCCAACTTCTCTA	0	0	0	0	0	3.703125	0	0	0
CCGCCAACTCTTAGCTCCATAAGATACGCG	0	0	0	0	0	0	0	0	435
CCGCCATTGTGCGCGGCTGTGTGTTTTAAC	0	0	0	0	0	0	0	0	7
CCGCCGGGTCGCGCGCGATTCCGGTAGTGT	0	0	0	0	0	0	0	0	671
CCGCCGTATGGTAGCGCGTTTAGATTCTTG	0	0	0	0	0	0	0	0	1381
CCGCGCGGGGCGGTCATCGGAGGTGTGGAT	0	0	0	0	0	0	0	0	1633
CCGCGCTTACTAACCCAAGTTACTGGGGCT	0	0	0	0	0	0	0	0	933
CCGCGGAGCTAAGGCCCCGGAAAGCGAACA	0	0	0	0	0	0	0	0	3
CCGCGTCAGGGGTGGGTAGGGCCGAATGGC	0	0	0	0	0	0	0	0	227
CCGCGTTTGCACTATCTCTCTTAAATTCCA	0	0	0	0	0	0	0	0	834
CCGCTAAGGCGACAAAAGCCAGCGAATATT	0	0	0	0	0	0	4.324817518	0	0
CCGCTTTCCGCAATCGCTTTTGGCACGGTT	0	0	0	0	0	0	30.27372263	0	53
CCGGAAGTGTTTAGTTTACATCGTAGTAGC	0	0	0	0	0	0	0	0	555
CCGGAGCAGTCTGTAAGAGAACTCGGCAGT	0	0	0	0	0	0	0	0	3
CCGGATTATGTGCTCCCAATGGCTACCTAT	0	0	0	0	0	0	0	0	855
CCGGATTGGCGGCATATCCGAAAGGGGTTG	0	0	0	0	0	0	0	0	2
CCGGATTGTCTCCCAACCACTGTCAACGTT	0	0	0	0	0	0	0	0	2
CCGGCCCCCGATCTTGAGATAGGGTATTTC	0	0	0	0	0	0	4.324817518	0	12202
CCGGCCTGATTTCGGGATTTATGTCGCGTT	0	0	0	0	0	0	0	0	2
CCGGCGTAGGACGGGGGGGCGTAGGGCACA	0	0	0	0	4.917012448	0	0	0	0
CCGGCTTCGACCACCGTCGGCACTGTTCTT	0	0	0	0	0	0	8.649635036	0	2
CCGGCTTTCGAGTGGCGACCCGCACAGACG	0	0	0	0	0	0	0	0	2
CCGGGAACGGAACTGCGGGGGGGCTTAGGC	0	0	0	0	0	0	4.324817518	0	106
CCGGGAATAGGATCGACAACGACCGGATGC	0	0	0	0	0	0	8.649635036	0	747
CCGGGAATTTCTCCCTAGCTTAATGGATTA	0	0	0	0	0	0	0	0	1087
CCGGGAGGGGGTGTGATGCCACCATTGATC	0	0	0	0	0	0	0	0	2
CCGGGCAGTTTGGTTTTTGGGTATTTTTAG	0	0	0	0	0	0	0	0	2567
CCGGGCGTCTTGTGCCCAGGTCTGGGGGGC	0	0	0	0	0	0	0	0	916
CCGGGGCAGGAGCGGACAGGGAGGTCGTCG	0	0	0	0	0	0	0	0	1154
CCGGGGTGCTCCCGCAGCCTGCGTGGGGTG	0	0	0	0	0	0	4.324817518	0	1070
CCGGGGTTAGTACGAGACACCATGACGTTA	0	0	0	0	0	0	0	0	2
CCGGTCATCAATTAGTTTAACTTAGTTTGC	0	0	0	0	0	0	12.97445255	0	1052
CCGGTTTGCTCCGCGCAGTGTCAGAATGAC	0	0	0	0	0	0	0	0	1211
CCGTAACTCTATAAGAATTTCACTTAACGT	0	0	0	0	0	0	17.29927007	0	474
CCGTAAGGGGAACAGGTGACGGCACAAAGA	0	0	0	0	0	11.109375	4.324817518	0	821
CCGTAATTCCGACACGAACCTGATGCTCCG	0	0	0	0	0	0	0	0	1467
CCGTACGTAGCGGCGATATCATACCATGAT	0	0	0	0	4.917012448	0	0	0	0
CCGTACTGTCGAAGCAGCAACATTCCTCGC	0	0	0	0	0	0	0	0	2
CCGTATATGCACTAGTTTTTTACAGTTTAT	0	0	0	0	0	0	0	0	2
CCGTATCGCTTGGGGCGATGACCGACACTG	0	0	0	0	0	0	43.24817518	0	1224
CCGTATGGATTCCATCGACTTAGAAGGCCT	0	0	0	0	0	0	0	0	1778
CCGTATGTTTCTGGAGGTGGTGCAGGTCTT	0	0	0	0	0	0	4.324817518	0	1450
CCGTCAGATGCAGCAATGAGCGTAAAAGTA	0	0	0	0	0	0	0	0	2
CCGTCCAGGAATCTACGTCCAAACCGCCTG	0	0	0	0	0	0	4.324817518	0	2064
CCGTCCTGGTCAGGCATCGTATCGTCAAGT	0	0	0	0	4.917012448	0	0	0	0
CCGTCTAAACGCGCAACTGGGTGTTTATAT	0	0	0	0	4.917012448	0	0	0	0
CCGTCTAGCGTTGTGCGGATCCGAGAAATG	0	0	0	0	0	0	0	0	213
CCGTCTTATATGCTCACCTCGTGCCATTGT	0	0	0	0	0	0	0	0	1792
CCGTCTTGGATCCCTCGGGTTTCTCGATCC	0	0	0	0	0	0	25.94890511	0	621
CCGTGAGGTGTGCCGCGGAGTGAGGAGCCC	0	0	0	0	0	0	0	0	1525
CCGTGAGGTTCAAAATCATCAACTCCGTGG	0	0	0	0	0	0	0	0	84
CCGTGGCTCTAATTCCTAGCCGAAGACGAT	0	0	0	0	0	0	12.97445255	0	1026
CCGTGGGAACGCCCCACAGAATTGGACGTT	0	0	0	0	0	0	0	0	551
CCGTGGGGTTAATATGCAGATCCATCAGTG	0	0	0	0	0	0	0	0	689
CCGTGTATCTAAATACTTACACGGTACGGA	0	0	0	0	0	0	0	0	2
CCGTGTCAGGTACAATTAATTATAGTGGTC	0	0	0	0	0	0	0	0	483
CCGTGTGCCTCCTTCGCGTTATGGCCGTTA	0	0	0	0	0	0	4.324817518	0	0
CCGTGTGTAAGTCTCTGATGAACTGCTTAG	0	0	0	0	0	0	8.649635036	0	218
CCGTGTGTCGCAAATACAATAATCTTTCGG	0	0	0	0	4.917012448	0	0	0	0
CCGTTAAAGAGGCGCACATAATCGCCCAGG	0	0	0	0	0	0	0	0	47
CCGTTAGCGTAGGGGTCCCACACCGCGGTG	0	0	0	0	0	0	0	0	2
CCGTTAGGGTAGCAAAGGCAATTAACGGTC	0	0	0	0	0	0	0	0	1171
CCGTTCGTTGCGCGGGGCCGGGGCCGCACC	0	24.94736842	0	0	0	0	0	0	91
CCGTTGAACCTGACGATCAGGCGTTGCGGT	0	0	0	0	0	0	0	0	307
CCGTTGGCTCGTGGGGAATCCATCTGATTA	0	0	0	0	0	0	0	0	209
CCGTTTTGTCCTATAACAGGAATTATTTGA	0	0	0	0	0	0	0	0	507
CCTAACGTCGAAAGATTCGATGCGCGGGTG	0	0	0	0	0	0	0	0	820
CCTAAGAGTCATGCTCAAAATGCTCGTTCA	0	0	0	0	0	0	0	0	1418
CCTACAAAGGGGGTTCGCCTGTACCATGGC	0	0	0	0	0	0	0	0	209
CCTACAGAACCCCTGCGGATCCGTATCACT	0	0	0	0	0	0	0	0	2
CCTACGATTTCTGATCTGGATCAAGAATGA	0	0	0	0	0	0	8.649635036	0	312
CCTACTAGGTTACTGGATGCGGCTTATCTC	0	0	0	0	0	0	0	0	226
CCTACTCGTCCGGAGGTTCTACTACAATCG	0	0	0	0	0	0	0	0	585
CCTAGAAGCCTAGCTGGTACACTCGTTCTC	0	0	0	0	0	0	8.649635036	0	354
CCTAGAGGATGCTTTGAAGCATTGGGGACA	0	0	0	0	0	0	0	0	221
CCTAGATTCGCAGGGTCCCATTTATGGGGG	0	0	0	0	0	0	4.324817518	0	12
CCTAGGCTACGGTTGTTAGAATCAGGCCTA	0	12.47368421	0	0	0	0	0	0	836
CCTAGGGATTCCAGGGAAACCTGATAGCAT	0	0	0	0	0	0	4.324817518	0	174
CCTAGTCGTACACGTCGAGGTGGAAGCTGA	0	0	0	0	0	0	0	0	1406
CCTATGAAGATGGTCTACAACAGCATTATC	5.511627907	0	0	0	0	0	0	0	28
CCTATTACACATATTCTTACTCTGTATCCT	0	0	0	0	0	0	4.324817518	0	123
CCTATTAGCTAATTATTGGCTCGATCGGAT	0	0	0	0	0	0	0	0	1674
CCTATTGCGATTAGTCTCGTCTTTTGTTTC	0	0	0	0	0	0	0	0	1154
CCTATTTTTAAATAGTGTCCTTTGTTATAT	0	0	0	0	0	0	4.324817518	0	0
CCTCAACTCTGTGATCTCTGTGCGGGTCGG	0	0	0	0	0	0	4.324817518	0	66
CCTCAAGCAGGTGAGTTTCCAGAGTCACTC	0	0	0	0	0	0	0	0	1202
CCTCACTCAAACGTCTGAATTAGTCCATTT	0	0	0	0	0	0	4.324817518	0	539
CCTCAGTATTTACCGGGCCCAGAATGGACA	0	0	0	0	0	0	4.324817518	0	9
CCTCCAGGAATCGCAGATTCACGATGTGAT	0	0	0	0	0	0	0	0	2636
CCTCCCAAGCCGTTTTGCTACGTGTCTTGG	0	0	0	0	0	0	0	0	2
CCTCCGCCGGTATTCTTTAACACAGCTAGA	0	0	0	0	0	0	0	0	2
CCTCCTTTCGTATGACAATCCTCTAAGTGT	0	0	0	0	0	0	12.97445255	0	10
CCTCGAAAGATCAGTTACCGTAAGGGCCTC	0	0	0	0	0	0	0	0	601
CCTCGAGATGCGTCTGGGCAACGTAATGTA	0	0	0	0	0	0	0	0	569
CCTCGCAGTGCACAAACGAAGTCATGGGTG	0	0	0	0	0	0	0	0	563
CCTCGGAGAACTTCTTCACCATATGTGCCT	0	0	0	0	0	0	4.324817518	0	138
CCTCGGAGGTTGTGGCTGCTAAAAAAAGAG	0	0	0	0	0	0	0	0	847
CCTCGTACAGTTTCTGAAAACTAGAGTTCA	0	0	0	0	0	0	8.649635036	0	38
CCTCTGCGTAAATTGAATATTCATCCCAAC	0	0	0	0	0	0	12.97445255	0	44
CCTCTTGCGTCAACCGGTTGCATTGAATGG	0	0	0	0	0	0	0	0	370
CCTGACACCGGGCTGTGGGCAGGATGACTT	0	0	0	0	0	0	0	0	1253
CCTGACTCCAAAAGAGACATTCTAGCACAC	0	0	0	0	0	0	30.27372263	0	264
CCTGAGAGGTGGCCGGTGTACGGTACTCGG	0	0	0	0	0	0	480.0547445	0	5
CCTGATCTCGTCCTAGAATGCAGTCCTATA	0	20.78947368	0	0	0	0	0	0	1966
CCTGATGTATCTTAGGTTTAGAGCAACTAG	0	0	0	0	0	0	4.324817518	0	1027
CCTGATTGGTATGATAGTCTGTTGTGTGTT	0	0	0	0	0	0	4.324817518	0	0
CCTGCAAAGTCTAGGTTGCCAGGGTTGCTA	0	0	0	0	0	0	0	0	2
CCTGCACCATTGATTCAGATAGTTGGGAAT	0	0	0	0	0	0	0	0	15
CCTGCGTTCCGGTTAGCATCCAAACGTCAA	0	0	0	0	0	0	0	0	1544
CCTGCTGTCCTCGACAGCGCGCGCGGACGG	0	0	0	0	0	0	0	0	591
CCTGGACGCAATAGTTGTTATGATTCGATG	0	0	0	0	0	0	0	0	1158
CCTGGCATGTCTAGTCGTCCTGTAGTAAAA	0	0	0	0	0	0	0	0	808
CCTGGCCAGGTCTGCTCCCGGCTTTGGGCC	0	0	0	0	0	0	0	0	1663
CCTGGGACGCCATCCTGGCGCGTTTACGCT	0	0	0	0	0	0	0	0	5
CCTGGTCCCATCGACGTTGTAATCCGAATG	0	0	0	0	0	0	0	0	30
CCTGGTCGGGGAGTTCAAGTCCCCAAAATC	0	0	0	0	0	0	0	0	1019
CCTGTAAATCTCTGCTTGCTGTATTTACGT	0	0	0	0	0	0	0	0	1724
CCTGTAACCCGGGATGGCAGCGGATCCACC	0	0	0	0	0	0	0	0	1378
CCTGTGCACCACGATAATTTATATACTACG	0	0	0	0	0	0	4.324817518	0	1229
CCTGTTGACCGATGGCTCGTACATGCCGTA	0	0	0	0	0	0	0	0	2
CCTGTTGTGCTTTCGGAAATCGTGTACTGT	0	0	0	0	0	0	0	0	54
CCTGTTTGTTCGCCTACAATGTGACTCATG	0	0	0	0	0	0	4.324817518	0	0
CCTTAATGTCCTGTGCTTTGTTTTGGGCTC	0	0	0	0	0	0	8.649635036	0	77
CCTTACCATTATAAGATTTTGACTCGTGTA	0	0	0	0	0	0	0	0	1015
CCTTATCGCTCTGCAGAGCTTCGCTAACGG	0	0	0	0	0	0	4.324817518	0	5
CCTTATTAGGAAATGTTGAGCGACGATTAG	0	0	0	0	0	0	0	0	1553
CCTTCAAGTGAGCGTAAAATGTGTCTTGTG	0	0	0	0	0	0	4.324817518	0	136
CCTTCGATCCGCTGTCATCAAGTGGTCCTT	0	0	0	0	0	7.40625	0	0	2
CCTTCGGTTTGATGAATCTGCATTCGGACT	0	0	0	0	0	0	0	0	542
CCTTCGTCGGTGGGAGGAAAGCAGCCAGCG	16.53488372	0	0	0	0	0	0	0	137
CCTTCTATTTCCAACAGGCATCAAACGCAA	0	0	0	0	0	0	0	0	1404
CCTTCTCTAATCCACGTCCGAATACTGTTG	0	0	0	0	0	0	8.649635036	0	0
CCTTCTGTCGCAAGTTCGAGGGCGGATAGT	0	0	0	0	0	0	21.62408759	0	6813
CCTTGATAACTCTGTAAGCGCCTGCAGGTC	0	0	0	0	0	0	4.324817518	0	21
CCTTGCTGAAGGAAAATAGTTCTGTATACC	0	0	0	0	0	0	0	0	1468
CCTTGGCATTCACCAGGGTGCGTCAAGGAC	0	0	0	0	0	0	0	0	2
CCTTGTCACATTGCGGTGTCTATCGAACCA	0	0	0	0	0	0	0	0	2
CCTTTAGTGTCGCCACTGTAGTCCGTGCAA	0	0	0	0	0	0	8.649635036	0	116
CCTTTCCTGTGTGGCTTTTGTTGGAGCGTT	0	0	0	0	0	0	4.324817518	0	199
CCTTTGTAAATCCGTTTTCGTAGGCTCGAG	0	0	0	0	0	0	0	0	1878
CCTTTTAGAGCTACCTTAGGGATCTTACCA	0	0	0	0	4.917012448	0	268.1386861	0	3
CCTTTTGACCTGGGGATGCATTCGATCCGC	0	0	0	0	0	0	0	0	850
CCTTTTGTCGGTCCGTTCTACGAAAATCTT	0	0	0	0	0	0	4.324817518	0	120
CCTTTTGTTCGTTTGGAATTTCGTGCATTT	0	0	0	0	0	3.703125	0	0	0
CCTTTTTCCTTCAGCTCAAGTTGTTGCTTT	0	0	0	0	0	0	0	0	645
CGAAAAAACATTAACATGTCCTGTGTAAGG	0	0	0	0	0	0	0	0	576
CGAAACCGCGCAGTTAGGAGATTGGCCTAC	0	0	0	0	0	0	21.62408759	0	8
CGAAACTTCCGAGCATCAATCGAGAACTCT	0	0	0	0	0	0	0	0	479
CGAAAGTGCTCCGTGGCTGGTGTCGGCCTT	0	0	0	0	0	0	4.324817518	0	2088
CGAAATCTCAATCCTTGTTGACTTACTGCC	0	0	0	0	0	0	4.324817518	0	0
CGAAATGATTCGTGTATAGGGAGTTTCACC	0	0	0	0	0	0	0	0	439
CGAAATGCGCAGCCACGCGCGCCTCGGACG	0	0	0	0	0	0	17.29927007	0	33739
CGAAATTCAATATCTCCTGCACTTGTTCTT	0	0	0	0	0	0	0	0	820
CGAAATTTCATCGATTATTTCATAACTGTG	0	0	0	0	0	0	4.324817518	0	145
CGAACCGACCCAGATCATTCAGTATTTATC	0	0	0	0	0	0	0	0	115
CGAACTAACCTTACCCATACGTTCTGCTGA	0	0	0	0	0	0	0	0	1439
CGAACTCGTGTTTTCACCAACTCGCACTCG	0	0	0	0	0	0	0	0	1130
CGAAGAGGATCTGGGCTAATGTGGGGAGGG	0	4.157894737	0	0	0	0	0	0	398
CGAAGATTATATAATGAGAATAAAACTTCA	0	0	0	0	0	0	0	0	1102
CGAAGCATTGGAGATCTGATCTGTATCTAC	0	0	0	0	0	7.40625	0	0	1691
CGAAGGATACGTAATGCTCGGGAGCGCGTG	0	0	0	0	0	7.40625	4.324817518	0	1023
CGAAGGGGATGGTGTTCCCAGAAGAGCGAC	0	0	0	0	0	0	0	0	36
CGAAGGGTGAAGTAGGCCAACAGCCTGAGC	0	0	0	0	0	0	0	0	757
CGAAGGTGAACGGTCATTGGAGAGCGGATG	0	0	0	0	0	0	0	0	198
CGAATCACAAACTAAGTTTGTCAGCGCCTG	0	0	0	0	0	0	0	0	250
CGACACCACTCAAGTGTCCAAGTTTTATGA	0	0	0	0	0	0	60.54744526	0	313
CGACACGGGTCGCCTTAGCACGGGGACCAC	0	0	0	0	0	0	0	0	313
CGACAGGTCTGTACGAAAGAGCTCATATCG	0	0	0	0	0	0	0	0	1022
CGACAGTCGAGTTTCCGTTATGTTTAGATG	0	4.157894737	0	0	0	0	0	0	0
CGACCATCACTAAAAATTTGTTTCGCAGGT	0	0	0	0	0	14.8125	8.649635036	0	1881
CGACCGTCGTACGGCGTCAACGTGGGCCAA	0	0	0	0	0	0	0	0	19
CGACGAGTCTAATCAGATGACACTAGGAAG	0	0	0	0	0	0	0	0	2
CGACGGCAATCTACTCTAAGGTCGTAAATC	0	4.157894737	0	0	0	0	0	0	4
CGACTAAATTTTACAATGGAAACGTCGCGC	0	0	0	0	0	0	4.324817518	0	1130
CGACTAGCAATCTTTTTCTAACTCGACATT	16.53488372	0	0	0	0	0	0	0	12135
CGACTAGGTTTGTGGGTTGGCTTTAGGGGC	0	0	0	0	0	0	4.324817518	0	39
CGACTCCGGTGGGGGGCAGTCGCCAGTAGT	0	0	0	0	0	3.703125	34.59854015	0	2
CGACTCCGTTAATTGCTTGTAGTATTTCAA	0	0	0	0	0	0	4.324817518	0	545
CGACTCCTTTACCGCGGCATGACTCCCAAG	0	0	0	0	0	0	0	0	2
CGACTCTATTACACGGCTGGCTGGTCAGAA	0	0	0	0	0	0	0	0	893
CGACTGGCACGGGGAGCAGTGTCGCACGTC	0	0	0	0	0	0	4.324817518	0	1238
CGAGAAGCGCCTAGCCTCGGTACACACGTT	0	0	0	0	0	3.703125	0	0	5
CGAGACAGTTTCCATTGTGTTTTTATCGCT	0	0	0	0	0	7.40625	38.92335766	0	470
CGAGACTGGGGCCGGGAAGACGGGGGCAGG	0	0	0	0	0	0	0	0	559
CGAGAGAAACCTGGCACGGCGCTTTTACGG	0	4.157894737	0	0	0	0	17.29927007	0	305
CGAGCAGATCTCCAGACTTATGCAAAGTGA	0	0	0	0	0	0	4.324817518	0	2097
CGAGCATCTCACCCTAATGGGTTCAGGAAG	0	0	0	0	0	0	21.62408759	0	1204
CGAGCGGTGATCCTTTTCATCATCTTTTGA	0	0	0	0	0	0	0	0	1586
CGAGCTTGGTGGGTTGGGTCTGTCTACGGG	0	0	0	0	0	0	0	0	2
CGAGGGCTGTAGGAGGGGGGTCGGCCGTAG	0	0	0	0	0	0	0	0	445
CGAGGTTAAAGGCGATCACGTCTTGACTTA	0	0	0	0	0	0	0	0	1560
CGAGTACGTACATAGTTCCGGATAGCGTTT	0	0	0	0	0	0	0	0	155
CGAGTCTGGGGGGTTGCTGTCAGGGAGGGT	0	0	0	0	0	0	0	0	257
CGAGTGGGGCAATCATTAGGTTCAGCAAAC	0	0	0	0	0	0	4.324817518	0	668
CGAGTGTCGGGGCAAGCGTGTGTGATTGGT	0	0	0	0	0	0	0	0	1033
CGAGTTTGCCAGTAGCGGGGGACGGGGGAT	0	0	0	0	0	0	4.324817518	0	0
CGAGTTTTTACCTGTATCAGATTTAGTTTC	0	0	0	0	0	0	0	0	1641
CGATAAGTTTGAGCTGTTGGTTCGATAGTA	0	0	0	0	0	0	0	0	77
CGATAATCTAAACAACCCTTTCTCTAAATA	0	0	0	0	0	0	8.649635036	0	1386
CGATAGCCTTCCCAGGACTCCAGGAGGCCA	0	0	0	0	0	0	4.324817518	0	27
CGATAGGAACGCTAAAATCACCCCTCTTGG	0	0	0	0	0	0	38.92335766	0	13
CGATATACAGTATATTGTCAAGGTTCAAAA	0	0	0	0	0	0	8.649635036	0	641
CGATATCTAGCCTCACGTTTTATTTCAGAG	0	0	0	0	0	0	0	0	1111
CGATATTCTTCGTTTTATCGGCCGAAGGGA	0	0	0	0	0	0	38.92335766	0	321
CGATCATGCGTTTACACTACTTAGTCAGCT	0	0	0	0	0	0	0	0	195
CGATCCTATGGCCCGACGGGATATGGTGAC	0	0	0	0	0	0	30.27372263	0	0
CGATGATGGGTAGTGGGAGGAAGTGATGGG	0	0	0	0	0	0	0	0	1267
CGATGGCGCGAGTGAACGGGAGTGCCCGCG	0	0	0	0	0	0	4.324817518	0	750
CGATGTCGGCAGTTGCCAGGCCGGGCCGGT	0	0	0	0	0	0	0	0	962
CGATTAAACAATGGTTTTGACATGAGTATT	0	0	0	0	0	0	0	0	137
CGATTACTGGACCAGTATTTGGTACGCTAG	0	0	0	0	0	0	4.324817518	0	247
CGATTATCTCGTTAGGCTTGTCGAGTTTCT	0	0	0	0	0	0	4.324817518	0	202
CGATTCTGCGCCATGTTACGTTCTTTGTCG	0	0	0	0	0	0	4.324817518	0	2193
CGATTGACGAGCGGTATAGTTTAGTAAAAC	0	0	0	0	0	0	0	0	1095
CGATTTGCCCAGAAAGGGTTATGTTTTGGG	0	0	0	0	0	3.703125	0	0	1593
CGATTTGGTCGGCTATGCATGGCGCGTGTT	0	0	0	0	0	0	0	0	221
CGATTTGTCTACGAGGCTCTAATTGTTAGT	0	0	0	0	0	0	4.324817518	0	1265
CGATTTTGTACCGACAGCCGTAACGTTGGG	0	0	0	0	0	0	21.62408759	0	738
CGCAAAATGCTGTCAGGCTTGTGCAGGAAG	0	0	0	0	0	0	0	0	2103
CGCAACAATGGGTTCCACTATTTGATTCAA	0	0	0	0	0	0	0	0	603
CGCAACGATTTGGGTGTCGCTCGGGATAGG	0	12.47368421	0	0	0	0	0	0	449
CGCAACGCCGCATAGGCTTAATTGGATGCA	0	0	0	0	0	0	0	0	1635
CGCACCAGGGTGTGGGAGGGAGGTGGTCGC	0	0	0	0	0	0	0	0	196
CGCACGCATTGAGATGCCGAAATTTCTCAT	0	0	0	0	0	0	0	0	185
CGCACTGCTCATTGATACTGATTCCGAGAC	0	0	0	0	0	0	0	0	597
CGCAGAATGCAAACGGATAGACTGGGTGAA	0	0	0	0	0	0	0	0	60
CGCAGATGTCAGAAGCTGATTGGTGACGTG	0	0	0	0	0	0	0	0	3
CGCAGGCCTTTGTTTGGCCATATAACCGTT	0	0	0	0	0	0	4.324817518	0	46
CGCAGTCATCTGTCATAGCGTACGGTTTTG	0	0	0	0	0	0	17.29927007	0	86
CGCATAGCCCGCTACCTGCTTTTTACTGTG	0	0	0	0	0	0	0	0	8
CGCATGAGGTATGGCATGGTGGTTCGTTGT	0	0	0	0	0	0	0	0	8
CGCATGGTCATTCTAATGCTTTTCGTCTCC	0	0	0	0	0	0	8.649635036	0	4396
CGCATTGCCACTACGTATGCTGGAATTTTA	0	0	0	0	0	0	0	0	403
CGCCAAAGTACACTAAGGTTTCAACGTTTA	0	0	0	0	0	0	0	0	202
CGCCAAGGCAGTGCGGTGCCGGGGGGTTGT	0	0	0	0	0	0	0	0	334
CGCCAGACGTTGTCTAAAGGTCGGGTTGCC	0	0	0	0	0	55.546875	0	0	235
CGCCAGGCATTCTTACTTTGCTGAAGCCTT	0	0	0	0	0	0	4.324817518	0	437
CGCCATAGTTGTCAGTGACCGATGAAGTAA	0	0	0	0	0	0	0	0	259
CGCCATGCTCGGCGTCTTAGGATCTGACTC	0	0	0	0	0	0	12.97445255	0	2
CGCCATGTTTGGGGGCAGCGATGTTCGATG	0	0	0	0	0	3.703125	0	0	0
CGCCCAATTAGTGTCGTATAGGTCACACTA	0	0	0	0	0	0	4.324817518	0	2
CGCCCATCTCGTATACTCCCAAAACAGATC	0	0	4.610894942	0	0	0	0	0	2138
CGCCCGCGCCAGCCGGCCGGCGAGTGGTGA	0	0	0	0	0	0	0	0	2
CGCCGAGCTTGGCAGTACGCTTCCCAGTTC	0	0	0	0	0	0	12.97445255	0	148
CGCCGCCCTGCGCATGTTCAATTTGCTTTC	0	0	0	0	0	0	0	0	898
CGCCGGGCATTGCTAGATCCTGTCAATTGT	0	4.157894737	0	0	0	0	0	0	324
CGCCGGTTGTTTGTATGTCTGCGACTCTGA	0	0	0	0	0	0	8.649635036	0	0
CGCCGTGAATCCTTTGTGTCCTAATGGGTG	0	0	0	0	0	0	4.324817518	0	0
CGCCTGTGCACTGGTGTTACTTCAGCCGAA	0	0	0	0	0	0	4.324817518	0	60
CGCCTTAACGTTCACTGACCCTTTATACGC	0	4.157894737	0	0	0	0	0	0	24
CGCCTTGAAGTGGATTGGCTAGAAGGGACG	0	0	0	0	0	0	0	0	7
CGCCTTTGTTCATCGCTATGTGCAGGCAAG	0	0	0	0	0	0	0	0	1218
CGCGATATGGGAGATGATGCGGGCAGGCCA	0	0	0	0	0	0	4.324817518	0	253
CGCGCGGCGATCAACTTTCGTTTCGGGCAA	0	0	0	0	0	18.515625	0	0	1806
CGCGCTGATCTTGGTTTTACTATGAGGTGG	0	0	0	0	0	0	0	0	1186
CGCGCTGGTCAAGGTTTGTGTAGGCATTGT	0	0	0	0	0	0	4.324817518	0	1556
CGCGGATTGGGCGAATTCGGGGCTAGGGGC	0	0	0	0	0	0	0	0	15
CGCGGCCTCTACATAACAAGTTTGGACAGC	0	0	0	0	0	0	0	0	1253
CGCGGCGAAGCGAATACTGACAAGGCGTTT	0	0	0	0	0	0	0	0	32
CGCGGCTAGCGAGCTTCCAATGATGTTAGC	0	0	0	0	0	0	0	0	21
CGCGGGGACACCCGTTTTGCAGGATGTAAG	0	0	0	0	0	0	4.324817518	0	786
CGCGGGGCTAACGCGCTCGTTCTGGCTATA	0	0	0	0	0	0	0	0	489
CGCGGGGTTCCAACTGAGTGGGCCCATGCG	0	0	0	0	0	0	4.324817518	0	924
CGCGGGTGGTAGAAAGCCGGCTCCAAAACG	0	0	0	0	0	0	4.324817518	0	170
CGCGGTTCTCTAAGATGATTGGACAATTGG	0	0	0	0	0	0	0	0	2
CGCGGTTTCTGTGGGATAACAGATATGACG	0	0	0	0	4.917012448	0	0	0	1199
CGCGTAAGAGTGCATAAGTGGGGGAGAGGG	0	0	0	0	0	0	4.324817518	0	0
CGCGTAGCTCTTTACTGTGTCTCTATGGGC	0	0	0	0	0	0	30.27372263	0	62
CGCGTCCTCTCATTTCTGCCGGTCAGAGGA	0	0	0	0	0	0	0	0	90
CGCGTTGTTGTAGGCCTCCTCGACTCTCAA	0	0	0	0	0	0	8.649635036	0	856
CGCTACCCATTATGCCTGACACATGCTCCC	0	0	0	0	0	0	0	0	113
CGCTAGATCGGGCCGAAAATCTAGAGAGCA	0	0	0	0	0	0	0	0	867
CGCTAGCGCGGAGGGGGCTTAGTGTGCCCT	0	0	0	0	0	0	4.324817518	0	195
CGCTAGTCGGTTGCTGTTGATACTTACGTA	0	0	0	0	0	0	0	0	114
CGCTATCTAATACCCTTACTCGACTCTTCA	0	0	0	0	0	0	0	0	1683
CGCTATGGGTTCTGATCCTTGCTGGATAGG	0	0	0	0	0	0	0	0	661
CGCTATTACAATTTGATTTTCTTGGGCAAT	0	0	0	0	0	0	4.324817518	0	125
CGCTCACCTGAAATGGATTATGTTGGCGAA	0	0	0	0	0	0	38.92335766	0	58
CGCTCAGGTCCTATTCGTCGGTCGGGCAAC	0	8.315789474	0	0	0	0	17.29927007	0	763
CGCTCATACGGCTCTAAATGTGTAGTTTCA	0	0	0	0	0	0	0	0	1074
CGCTCCGACTATGGTCCGGTTCGAGCTATC	0	0	0	0	0	0	0	0	218
CGCTCCTACACCACGGGTGAGGCTTGTATC	0	0	0	0	0	0	4.324817518	0	1096
CGCTCCTGCGCCTGAGCAGTAAGGATCGGC	0	0	0	0	0	0	4.324817518	0	1396
CGCTCGAGTCTTGAAAGTCTTTCATTTTCC	0	0	0	0	0	0	30.27372263	0	16551
CGCTCGTAGTCTCATCTTAAAGTACAGGTT	0	0	0	0	0	0	8.649635036	0	0
CGCTCTGGATTCAAGGTCAATGAAACAGGA	0	20.78947368	0	0	0	0	151.3686131	0	9859
CGCTGAACAGACCGTTGGATCGGACGGCTG	0	0	0	0	0	0	82.17153285	0	56
CGCTGCAAAGCCAAGTTGTCTGTAACGCCG	0	0	0	0	0	0	0	0	1333
CGCTGCATGTCGGGAGTAGCGTCGTGCATC	0	0	0	0	0	0	0	0	1066
CGCTGGATTGCCGCTGAGTTCGAGGGCGTA	0	0	0	0	0	0	0	0	371
CGCTGGCTCTGTACGTGAATCGCGCAACTA	0	0	0	0	0	0	4.324817518	0	22
CGCTGGGAGGCGACGAAGCTAGAGTGCAGT	0	4.157894737	0	0	0	0	8.649635036	0	29658
CGCTGGTCGGGATATGTCAGACGAGTCTCG	0	0	0	0	0	0	8.649635036	0	1161
CGCTGTATTGCTCGTCGATCATGGAAGGTT	0	0	0	0	0	0	0	0	10
CGCTGTCCCTTTCCCCGCACCGCTGACTTT	0	12.47368421	0	0	0	7.40625	8.649635036	0	1113
CGCTGTGATCTTTATACGGCATCAGAGGAC	0	0	0	0	0	0	8.649635036	0	0
CGCTTACGTTTCGGTCTGACATGTTAAAAC	0	0	0	0	0	0	0	0	242
CGCTTCAATATACCCGTCAAAAACCTACTA	0	0	0	0	0	0	0	0	2176
CGCTTCGCTGTTTATGGTCTTTGTATGAGA	0	0	0	0	0	0	77.84671533	0	0
CGCTTCTTAATATGTTAATCGACATGTATA	0	0	0	0	0	0	0	0	1188
CGCTTTAACAGGGGTCAGTAAACGATCCAA	0	0	0	0	0	0	0	0	1022
CGGAACCGCTCTGTTTTTTGCTGCGGCAAT	0	0	0	0	0	0	25.94890511	0	40
CGGAAGCTCTATGAAAAAGTTTTAAACCGT	0	0	0	0	0	0	4.324817518	0	6
CGGAAGCTGTTCTTTTTGATACTATTTACT	0	0	0	0	0	0	4.324817518	0	1052
CGGAAGGAGCTGGGAGGGGCACTTATGACT	0	0	0	0	0	0	0	0	130
CGGACACAATGCTCGGTCGTGCCGCCTGCC	0	0	0	0	0	0	0	0	2
CGGACAGTCCGCCCATGGTGCACACTCTGT	0	0	0	0	0	0	51.89781022	0	34
CGGACCACCACGTGAAATGCAATTGTTTAT	0	0	0	0	0	0	0	0	612
CGGACCGGTGTGGCACAACAGGAGGGCACG	0	0	0	0	0	0	0	0	945
CGGACCGTTGAGATGGGGTGGCATAGCACT	0	0	0	0	0	0	0	0	24
CGGACCTTATGAATTACTTTATACTCGTCC	0	0	0	0	0	0	0	0	221
CGGACGGGGGCGAACAACGCTTCTGCCCTG	0	0	0	0	0	0	0	0	14
CGGACTAGTCCGTTGGGCATACATTATCCG	0	0	0	0	0	0	4.324817518	0	58
CGGACTTCGCGATTCGGCATATCCTTTAGC	0	0	0	0	0	0	8.649635036	0	200
CGGAGCAGTGTGGTACATGGGTGGGGGGGC	0	0	0	0	0	0	12.97445255	0	49
CGGAGCGCATGGTTTGCGTCGAAGCCGAGG	0	0	0	0	0	0	17.29927007	0	161
CGGAGCTCTAGCTGTGAAATGTGGGACCGG	0	0	0	0	0	0	34.59854015	0	3634
CGGAGGAAGGGTAGGGACGGGGCAATGATG	0	0	0	0	0	0	4.324817518	0	4
CGGAGGCTTAGATGGTTATAGTGGTTTCTG	0	0	0	0	0	0	0	0	1082
CGGAGGGCAGTGACTCGCTGACCTTGGCTT	0	0	0	0	0	0	0	0	160
CGGAGGGCCGTAACCGCCAGCAAGCTATGC	0	0	0	0	0	18.515625	17.29927007	0	5630
CGGAGGGTTCAGCAGGGCTATGATGCATGA	0	0	0	0	0	0	0	0	1651
CGGAGTTCTCGATAGTGGGTAATATGGGCA	0	0	0	0	0	0	0	0	111
CGGATATGGCCTTCCGCGCAATAGATTTAT	0	0	0	0	0	0	0	0	6
CGGATATGTTTCGGGTGCTATTACTATTGC	0	0	0	0	0	0	4.324817518	0	0
CGGATCATAATCATGTGGCACGCAAATAAA	0	0	0	0	0	0	64.87226277	0	131
CGGATCCTAATAGTCCAGGTTTCATAATCG	0	0	0	0	0	0	4.324817518	0	319
CGGATCCTCTACGTGGACGAACAGTAGCCA	0	0	0	0	0	0	4.324817518	0	0
CGGATCGGTGGTCGTGCGGGCAGTTCAGGG	0	0	0	0	0	0	51.89781022	0	263
CGGATGGAGTTCAGGTGCAGGCCGGCCCCT	0	0	0	0	0	0	0	0	263
CGGATGGGCGCTTGACACCTTCACGTTCGT	0	0	0	0	0	0	0	0	1106
CGGATGGTTTCTCGGGTAGATGGAGCGTGA	0	0	0	0	0	0	0	0	10
CGGATTCTGGTATACAAACTTTTAGGCTCA	0	0	0	0	0	0	0	0	1178
CGGATTTAGGCTCACATTGACCCGTCGCGG	0	0	0	0	0	0	0	0	1192
CGGCAAGAATGTTATGTATATAATAGCTTA	0	0	0	0	0	0	0	0	883
CGGCAAGGCCTATTGTCGTTGAAAGCTGGG	0	0	0	0	0	0	0	0	3
CGGCAAGTAGGCGAACTCAGTGGAAGGCTC	0	0	0	0	0	0	0	0	947
CGGCAGATTTATGTCTTACTATGTAATGAG	0	0	0	0	0	0	4.324817518	0	1311
CGGCAGGCGGCCTGGTATTCGGGTTATGGG	0	0	0	0	0	0	12.97445255	0	1290
CGGCAGTATCTAACCGTGCTTGTGGGCTTG	0	0	0	0	0	0	8.649635036	0	2634
CGGCAGTTTTATAGAAAAACCCATTAGCAT	0	0	13.83268482	0	0	0	0	0	0
CGGCCATATACCTACAACAATAGTTTGGGT	0	0	0	0	0	0	0	0	126
CGGCCATCATCGGTAGTGGCGTCTTACGAG	0	0	0	0	0	0	0	0	306
CGGCCGGACCGCACTGATCATGGGGTGCTA	0	0	0	0	0	3.703125	0	0	0
CGGCCGGGTCCGTCAGCAGAAATTGGCAGC	0	0	0	0	0	0	4.324817518	0	94
CGGCCTTCGCATTGCCATGTCAGGCATGCG	0	0	0	0	0	0	8.649635036	0	4384
CGGCGAGTTCGGAACAGGCCGCAAGATATT	0	0	0	0	0	0	4.324817518	0	309
CGGCGATTTGTGTCGCTAAATAAACGGTTT	0	0	0	0	0	0	0	0	837
CGGCGCCAGGGCAAGGGCGCTTCGGTCGTC	0	0	0	0	0	0	4.324817518	0	250
CGGCGCGGCGGCATTCACGGGGTTGAGATT	0	0	0	0	0	0	0	0	749
CGGCGGAAGTTCCTAGGGGTTTCGGAGCAG	0	0	0	0	0	0	0	0	577
CGGCGGAGGCATCCCTCTCTGATTGCGGTA	0	0	0	0	0	0	4.324817518	0	0
CGGCGGCAGAGGCGATGTACATGGCAGGGC	0	0	0	0	0	0	0	0	75
CGGCGGTTCTTCCTGTTGTTAGCATGTCTG	0	0	0	0	0	0	0	0	557
CGGCGTCGTGAGGGGGGAGCCTGGTCGATA	0	0	0	0	0	0	21.62408759	0	110
CGGCTAACATGAGATCAGGAGAGTGGGTGG	0	0	0	0	0	0	17.29927007	0	518
CGGCTAAGTAACATTGAAACAGGTCTTCTG	0	0	0	0	0	0	0	0	591
CGGCTAGTGAAAGTTGGAGCGCGGGCAGTC	0	0	0	0	0	0	4.324817518	0	343
CGGCTCTCAGGTCTGGGTATTGTGGATCGC	0	0	0	0	0	0	0	0	315
CGGCTTCGACCCATTTGTACTGAGATCGCC	0	0	0	0	0	0	12.97445255	0	74
CGGCTTTGCGTCCACTTTTCACCAGGGTCT	0	0	0	0	0	0	0	0	1473
CGGGAAGCACTGTGTGGGTGGAGAACTAAA	0	0	0	0	0	0	0	0	55
CGGGAATGCGAGGGAGACGTGACTTGGGAG	0	0	0	0	0	0	0	0	396
CGGGACGTGGTACGGTGGTACGGGAGGAGG	0	0	0	0	0	0	0	0	724
CGGGAGACCCGCGGTCCGAACTGGCCGCGG	0	0	0	0	0	0	12.97445255	0	83
CGGGATTAATATTGGGCTATTAATCGTATA	0	0	0	0	0	0	0	0	2528
CGGGATTGTGGGACCAACCGATTCAGGTTT	0	0	0	0	0	0	4.324817518	0	127
CGGGCCCCCGCGATAAGTTAGCTAGCACTA	0	0	0	0	0	0	51.89781022	0	391
CGGGCCGCGGCACGACGGAGACGTGGAGGC	0	0	0	0	0	0	77.84671533	0	16
CGGGCGAGGCGATTGATCGGGGGGGTGTCT	0	0	0	0	0	0	69.19708029	0	1583
CGGGCGATCGCCCGCGTCGCGAAATTTTCT	0	0	0	0	0	0	69.19708029	0	15428
CGGGCGCAAGGACTAGTCGGGGCGACGCCG	0	0	0	0	0	0	8.649635036	0	0
CGGGCGCTTACGGCGGCCGGGGGGTCGGGA	0	0	0	5.837438424	0	0	0	0	0
CGGGCGGGCCCACCATTGCTGTACGGTTAA	0	0	0	0	0	0	0	0	1636
CGGGCTCTTTTTCGTCCCATGTAAAACTAT	0	0	0	0	0	0	4.324817518	0	742
CGGGGACGTTCTAACTCATATACCCATGAT	0	0	0	0	0	0	0	0	16
CGGGGAGCAGGGAAGAGTAATCACGTTGGT	0	0	0	0	0	0	4.324817518	0	1107
CGGGGATGTTGGTGTTGGTTTACTTAATCT	0	0	0	0	0	0	0	0	1431
CGGGGCAAGAGGGCACGGCCCGGAAACGGG	0	0	0	0	0	0	4.324817518	0	214
CGGGGCGGGCTTGAATTTCCCCGGAATATT	0	0	0	0	0	0	0	0	693
CGGGGGTGCAAGATGTGTTTCCTTGGGTGT	0	0	0	0	9.834024896	0	12.97445255	0	16301
CGGGGTGAGCGTAATTCCGCAGCAGGAGGT	0	0	0	0	0	0	4.324817518	0	102
CGGGGTGTGTCGTAGGCGGACACACCGGAA	0	0	0	0	4.917012448	0	17.29927007	0	207
CGGGGTTCAATTCTGTTGATTACCATACAT	0	0	0	0	0	0	8.649635036	0	1175
CGGGTGCAGTCTAGGAGAGTTACTTATTCG	0	0	0	0	0	0	0	0	1264
CGGGTGGGTTCGAGTTTGGCGTTGAGTAGT	0	0	0	0	0	0	0	0	2
CGGGTGTTCGAGTGGTGCGAGTGGGTCGAA	0	0	0	0	0	0	4.324817518	0	0
CGGGTTGTGGGTCTTAAATTGGCGTACATC	0	12.47368421	0	0	0	0	8.649635036	0	9102
CGGGTTTCTTACGTCTGAGATTGCTATCTA	0	0	0	0	0	0	0	0	481
CGGTAACTAGCAGTCTCGGCACCCATGTGA	0	0	0	0	0	0	0	0	389
CGGTAACTGATGTGAGGCATCTTAGAATGT	0	0	0	0	0	0	0	0	1873
CGGTAAGGGCGCAACTCGGGTTCGGCCGAG	0	0	0	0	0	0	0	0	873
CGGTAATGTTGTGAGGGTCGTAAGATTTAA	0	0	0	0	0	0	0	0	1829
CGGTAGCCGTAGAGTTCGTCTTGAGGGTCG	0	0	0	0	0	0	0	0	241
CGGTAGTCCTGTCACGCACCGGAGTGTGCG	0	0	0	0	0	0	0	0	5872
CGGTATTAATAACGTGTTTGGCGGAACGAA	0	0	0	0	0	0	0	0	59
CGGTCAAACAACATAATAACGTAAGTGGCG	0	0	0	0	0	0	4.324817518	0	144
CGGTCAGTTGGGGTCCTATCCGAGTTGAGC	0	0	0	0	0	0	0	0	1324
CGGTCATGCCCCAACCGTGGACAAGGATGT	0	0	0	0	0	0	4.324817518	0	188
CGGTCCGGCCCCTTAAGGAGCCAATGAATC	0	0	0	0	0	0	0	0	146
CGGTCGGACTTGAGATTACTGTGCATGACT	0	0	0	0	0	0	4.324817518	0	500
CGGTCTCGCAGCGATCCGATAGGTATTGTG	0	0	0	0	0	0	4.324817518	0	22136
CGGTCTCTTCACTCCACGTAAATACGACTT	0	0	0	0	0	0	0	0	35
CGGTCTGACGGTCGCCGGGGCATCTATGCC	0	0	0	0	0	0	30.27372263	0	6
CGGTGGACTTTACATCATTTACCCCCGTTA	0	0	0	0	0	0	0	0	252
CGGTGGCGAGATTTTGGGGTGAAGTTCAGA	0	0	0	0	0	0	0	0	1332
CGGTGGTATCGACGAATCAAAGTCCGCTGG	0	0	0	0	0	0	4.324817518	0	1528
CGGTGTCACTAACTGTAATCTGTGTTTATT	0	0	4.610894942	0	0	0	0	0	1222
CGGTGTCGGGTCCGAGCAGGGACGTGTGAG	0	0	0	0	0	0	0	0	161
CGGTGTGAAAATGGACTAGGAGATGTGTAG	0	0	0	0	0	0	0	0	1743
CGGTGTGGGCGATCCTGCAGAATGGGAAAC	0	0	0	0	0	0	0	0	46
CGGTTACTTGACACTTATTGTTATTAGCGA	0	0	0	0	0	0	0	0	3
CGGTTCAGCGGTCTGTTGTGTTCTGGACTA	0	0	0	0	0	0	0	0	3
CGGTTCATTTAGCCAATGTCGATCGTCTGT	0	0	0	0	0	0	8.649635036	0	34
CGGTTCCGTCGCATAGGTTGTCGGCGAGAC	0	0	0	0	0	0	0	0	714
CGGTTGAGACGCTCCTGGGCTGCTACTGCC	0	0	0	0	0	0	0	0	44
CGGTTGCGGGCAGGAGGATAACCGCCCGAG	0	0	0	0	0	0	12.97445255	0	419
CGGTTGCTTTCGGATGGTACTTACCGGCAC	0	0	0	0	0	0	0	0	838
CGGTTGGACTGTCCATGGTATCAGGAGCAT	0	0	0	0	0	0	0	0	1521
CGGTTTCAAGAGGCGAGGCCGCCGCATTGA	0	0	0	0	0	0	0	0	1223
CGGTTTGGTTGTTCGTCGGGATATATGGCT	0	0	0	0	0	0	0	0	1165
CGTAAATGTTAAGGGGTAGGGCTGGGCGAG	0	0	0	0	0	0	0	0	538
CGTAAGCGTCTAGTTACGATGAGTACTCTA	0	0	0	0	0	0	47.5729927	0	0
CGTAATAGGGCCTATCTATCTCGGAGCGTA	0	0	0	0	0	0	60.54744526	0	225
CGTAATGTAACCCGAGCAGGGAGCAATGCT	0	0	0	0	0	0	0	0	930
CGTACAGGGGTGTTCGATCTTCTGGTCTGG	0	0	0	0	0	0	12.97445255	0	12
CGTACTCACTTAGTCAAGAAATATGCCTAA	0	0	0	0	0	0	0	0	2
CGTACTGCGACAGTTACCAAGACGTTCATC	0	0	0	0	0	0	0	0	92
CGTACTGTATCACCTTCTACTTTTACGTTT	0	0	0	0	0	0	0	0	714
CGTAGAGACGGCCGTTTGTTTTGATGTAGA	0	0	0	0	0	0	0	0	500
CGTAGATGCTCGGATCCTATCATAATGCGT	0	0	0	0	0	0	12.97445255	0	724
CGTAGCAAGTAAATTTTTCGATCAATGTTA	0	0	0	0	0	0	0	0	1131
CGTAGCCGTCCAGCTGTACTAGCGGCTGCG	0	0	0	0	0	0	0	0	897
CGTAGCTAGGAGTGTCCAGCATAGCATCAG	0	0	0	0	0	0	0	0	1373
CGTAGGTCTTGGTCACCTGCCTGGCTTTAG	0	0	0	0	0	3.703125	0	0	15
CGTAGTATATCTGGGCCTGATTATAACAAT	0	0	0	0	49.17012448	0	0	0	0
CGTAGTTCTTCCTCTTTTTGTACTTGGACA	0	0	0	0	0	0	4.324817518	0	0
CGTATAGAGGGGCGTATCTTGTAGCGAGAT	0	0	0	0	0	0	4.324817518	0	0
CGTATGCCGACTTATTAATGAAAAAAATAA	0	0	0	0	0	0	0	0	36
CGTATGTAAGCGTATCCCGTGCATCTTGCC	0	0	0	0	0	0	0	0	3
CGTATGTAGGACAGTTTGATCGTGATTGAT	0	0	0	0	0	0	12.97445255	0	452
CGTATTATGATCAGTCCAGGCTTCGTGCCT	0	0	0	0	0	0	0	0	2
CGTATTATTAAAGGGTTTTTCACAGGCGAG	0	0	0	0	0	0	0	0	1329
CGTCAGCGCCATAGCCCAAACTCTGGCGAT	0	0	0	0	0	0	0	0	1377
CGTCCCCTTGCATTACTGTTGTCCCGTACC	0	0	0	0	0	0	21.62408759	0	8
CGTCCGATAGACCTTCCATTGTTTGACGTC	0	0	0	0	0	0	0	0	1666
CGTCCGTACGTATGTATGAAGGGGGTCTAA	0	0	0	0	0	0	0	0	83
CGTCCGTCATATCCGCAGGAAGCATCGATA	0	0	0	0	0	0	4.324817518	0	2
CGTCCGTGCACGCTAGGCAAAAATAGCGCA	0	0	0	0	0	0	12.97445255	0	450
CGTCCTAACGAAGTGCGATTAGGTCTCCAT	0	0	0	0	0	0	0	0	1214
CGTCCTACACGTGAGTCCGAAATGATCTCG	0	0	0	0	0	0	0	0	332
CGTCGATAAAATCATGTCTCATTGGGAAGG	0	0	0	0	0	0	0	0	3
CGTCGTCGGTAACAATCTTTCACTTAAATG	0	0	0	0	0	0	4.324817518	0	1154
CGTCTACTAATGATCTTTGTGCCCCGAGCC	0	0	0	0	0	0	4.324817518	0	314
CGTCTAGAAAAGTTCACCTAATCCTGGGTG	0	0	0	0	0	0	0	0	2
CGTCTGCTTAGTTATATCAACTTAGACACC	0	0	0	0	0	0	0	0	922
CGTCTTCCTTGCATTCGGAAATTATTAAGG	0	0	0	0	0	0	0	0	3
CGTCTTGGGTGGGCTGACTCTGTCGGTGAC	0	0	0	0	0	0	0	0	499
CGTGAAAAACGCTCAGAGTCGGGGGCTGGC	0	0	0	0	0	0	0	0	1088
CGTGAAAGTAGTTCATTTTTTCCGTTATCA	0	0	0	0	0	0	4.324817518	0	213
CGTGAACATGCCCCCTCGGAATATAGGATG	0	0	0	0	0	0	30.27372263	0	2962
CGTGAAGCGGAGAGTCGACATACGTCGCGT	0	0	0	0	0	0	12.97445255	0	679
CGTGAATTGGCTCGTAGCTATCCAGTCGTA	11.02325581	58.21052632	0	0	0	0	0	0	3150
CGTGACCCAGTGCGCCGTGTGAGCATGGAC	0	0	0	0	0	0	0	0	80
CGTGATACAGTAGCTCAGTAACTTTATTAC	0	0	0	0	0	0	0	0	3546
CGTGATATCGAAACATATCTGCCGTCAAGT	0	0	0	0	0	0	0	0	1532
CGTGATGCGTACGATAAACATTTAGGGTCG	0	0	0	0	0	0	0	0	1139
CGTGCAAGGTCAAGGTAAGCTTAAGTTATT	0	0	0	0	0	0	4.324817518	0	178
CGTGCAGTATTCGGCAACAATATCGACTCT	0	0	0	0	0	0	0	0	81
CGTGCATCGCTGTTGTCTTAGCCGTGCTTA	0	0	0	0	0	0	0	0	505
CGTGCCGATATATGATAGGCCGTTTTATTG	0	0	0	0	0	0	4.324817518	0	40
CGTGCGAAGGGCTGCAGCGGCAAAGGGGTA	0	0	0	0	0	0	0	0	9
CGTGCGCGGTCGTTCGTCTTGGTCTACGAC	0	0	0	0	0	0	8.649635036	0	284
CGTGCGGGGCTCAGGGGGGTACGTAAAGGG	0	0	0	0	0	0	4.324817518	0	0
CGTGCGGTGGCGGGGAACGATATAACGGTT	0	0	0	0	0	0	0	0	1089
CGTGCGGTTTTTTGCGCTTTAGCTGACGTG	0	0	0	0	0	0	0	0	8
CGTGCGTTAAGTTACCCATTTGTCTGCATT	0	0	0	0	0	0	4.324817518	0	0
CGTGCTATCCCTGCCAGGTTGAACCACTGA	0	0	0	0	0	0	0	0	1248
CGTGCTCTTAGTATCGCATATCGCGTTTTA	0	0	0	0	0	0	0	0	1555
CGTGGACATATTTACGTAGGGCTTATCAAA	0	0	0	0	0	0	12.97445255	0	19
CGTGGACGTCGAAGGAGGCTAGGGGCCGGG	0	0	0	0	0	0	0	0	62
CGTGGCACGTGCTCTTTTGAACTTCTCAGA	0	0	0	0	0	0	17.29927007	0	18948
CGTGGCATCGACTGGGGGGTACGTCGGGTC	0	0	0	0	0	0	0	0	1295
CGTGGGCACTCGCTCAACGATCGAACGTCT	0	0	0	0	0	0	0	0	931
CGTGGGCGATGCGAGTTTAGGCGGAGCGTG	0	0	0	0	0	0	0	0	897
CGTGGGGAGTGGCGTCCCAGGCAGCCATCG	0	0	0	17.51231527	0	0	12.97445255	0	216
CGTGGGGATGGGTGGGGGTCCGCACCGGTT	0	0	0	0	0	0	4.324817518	0	1259
CGTGGGGATTGAAGTGGCGGCGTGCACACG	0	0	0	0	0	0	0	0	1566
CGTGGGTGGTTGAGTGGACCTACCCCCCTG	0	0	0	0	19.66804979	0	0	0	1216
CGTGGTGAACGAGGCCCTTGAAGAGCAAGG	0	0	0	0	0	0	0	0	1299
CGTGGTGAAGGGGTGGAATTTCACCTGCCG	0	0	0	0	0	0	4.324817518	0	1215
CGTGGTTGTCTCTGCAAAAGTAATTGCTTT	0	0	0	0	0	0	8.649635036	0	864
CGTGTGCGCCGAGACCGCGGGGGTAAGGAT	0	0	0	0	0	0	4.324817518	0	1047
CGTGTGGACTTTGGGAAGTGTCGCGAACAG	0	0	0	0	0	0	0	0	36
CGTGTTGCCATCAATCTGCCCCCGATCGGA	0	0	0	0	0	0	0	0	271
CGTTAAACGGAAGCATTCCCATTTATATTC	0	0	0	0	0	0	0	0	599
CGTTAAGTCACTAGCGGCACTTGCACCATG	0	0	0	0	0	0	0	0	51
CGTTAGGTGACATAGAGTGGTGACAGCGCA	0	0	0	0	0	0	0	0	1406
CGTTAGTAGTCCCCCATTGTGTGCAAGAGT	0	0	0	0	0	0	0	0	1623
CGTTATGGGCAAGGGCTGAATTATTCTCCC	0	0	0	0	0	0	0	0	212
CGTTATTATTAAAGCTAAACGCCTCGGGTT	0	0	0	0	0	0	0	0	395
CGTTCAAGTATCGTCAGACCTATCGTTTAT	0	0	0	0	0	0	0	0	797
CGTTCACACAGAATCTATAGCAATGTACAG	0	0	0	0	0	0	0	0	1439
CGTTCGCAGAAGTATTTGGAGTAGAATATG	0	0	0	0	0	0	0	0	1099
CGTTCGTTTGACCAATGAATACGTCGGACG	0	0	0	0	0	0	0	0	2
CGTTGATCATGCTGCAGTAAGAGTTACAAA	0	0	0	0	0	0	0	0	8
CGTTGATCCCTGGATGAGTCACCGGTAGTT	0	0	0	0	0	0	4.324817518	0	59
CGTTGATCTGACAGAAGGGACAGGGGCACC	0	0	0	0	0	0	12.97445255	0	16
CGTTGCATGAATATTCCGACTAATATTTTA	0	0	0	0	0	0	0	0	929
CGTTGCATTACTGGCCCGAATCAAGGAAGA	0	0	0	0	0	0	4.324817518	0	1026
CGTTGCCTGCCTTCAAGGGGGAGGGCTGAA	0	0	0	0	0	3.703125	8.649635036	0	14508
CGTTGCTTCTTCGGATTGAAGCCGGACTGT	0	0	0	0	0	0	0	0	1751
CGTTGGAATCTATTACTCTTATACGTGCCA	0	0	0	0	0	0	4.324817518	0	352
CGTTGGCCTGGTCAGGTGTCGAACATCTAC	0	0	0	0	0	0	0	0	915
CGTTGGGGGCTTATGCGAGGCGGCCGCTAC	0	0	0	0	0	0	0	0	26
CGTTGGGTACTAGGCCACCGGCTTGTGGGT	0	0	0	0	0	0	4.324817518	0	411
CGTTGTTATTTGGAATGCCAGGCGATTGGC	0	0	0	0	0	0	0	0	138
CGTTGTTTTCCCGTTGGGCGGGAGCCGGGG	0	0	0	0	0	0	0	0	3
CGTTTCTACAGAGCCTTATGGTTCCGCCAA	0	0	0	0	0	0	8.649635036	0	537
CGTTTCTCTGTACTGTAGGTGCATAGCTGC	0	0	0	0	0	0	0	0	2
CGTTTGGGACATGATTATTTCCACGACCAA	0	0	0	0	0	0	0	0	1124
CGTTTGTAGCATTCGAACAACAACTCAGAT	0	0	0	0	0	0	0	0	280
CGTTTGTTAAGGGGTGTATTCTATTTGCTA	0	0	0	0	0	0	8.649635036	0	0
CGTTTTAACCGCGCCGCCAAAATTAAGGGT	0	4.157894737	0	0	0	0	0	0	1142
CGTTTTCCGTGACGGATTTTTTCTATCAAG	0	0	0	0	0	0	0	0	392
CGTTTTCGGCATAGACTTATAGCGCTATCA	0	0	0	0	0	0	0	0	1275
CTAAAAGAGTTTAGTCCGGACAGGCAGCTT	0	0	0	0	0	7.40625	0	0	576
CTAAAAGCTTCCGAATGCTGATTGGTCCTC	0	0	0	0	0	0	0	0	870
CTAAACAAGGAGTCTGCTCCTCACCATGTC	0	0	0	0	0	0	0	0	924
CTAAACTGAGTAGATCGGGAAGGCATCATT	0	0	0	0	0	0	0	0	1011
CTAAACTTAGCCTTATTTACATAGACTTAG	0	0	0	0	0	0	8.649635036	0	1023
CTAAAGAAGGAAAGATACATTCTAAATTCT	0	0	0	0	0	0	0	0	1049
CTAAAGTTCCGGTATGCAGGGCGTAAGTGA	0	0	0	0	0	25.921875	0	0	263
CTAAATGTGGAGGGTGTAGTCACTCTTTCA	0	0	0	0	0	0	0	0	2
CTAACAATCGCATTACACTCCTCCGTGTTT	0	4.157894737	0	0	0	0	4.324817518	0	54
CTAACCCCACAATGTGAAGCTCACTTTTTT	0	0	0	0	0	0	0	0	98
CTAACGTTCCAAAGGTATGCTTAGCGAGTT	0	0	0	0	0	0	86.49635036	0	4024
CTAAGGTTCCATCGATCAATCACTGGCCTA	0	0	0	0	0	0	0	0	2
CTAAGTCGTGTTTTTAAGCGAGGAGCCTAT	0	0	0	0	0	0	4.324817518	0	1253
CTAATAAGCGACGAGAGACGGTCCAGGCGC	0	0	0	0	0	0	0	0	419
CTAATACGTAATACACTGCAGTTGCGCTGC	0	0	0	0	0	0	0	0	8
CTAATGTTAGTCGACAACCGGGCCAGTTTT	0	0	0	0	0	0	0	0	928
CTACAGCTACAAATTGCTTTTAAGTGAACG	0	0	0	0	0	0	0	0	2248
CTACATACGAACCATAGCCCGTGCCATGTC	0	0	0	0	0	0	4.324817518	0	1607
CTACATTATTAACACTGCGGTATTAGTACT	0	0	0	0	0	0	12.97445255	0	8
CTACCATGTCAAGGGTCTTGGTATCCTGAA	0	0	0	0	0	0	0	0	110
CTACCCAAACGGATAGGGCCCTGAGTCATA	0	0	0	0	0	0	8.649635036	0	614
CTACCGATTATTGCTTTCATTTTAATGTAT	0	0	0	0	0	0	4.324817518	0	668
CTACCGCATGTGATGTATAAAGTATAAATT	0	0	0	0	0	0	4.324817518	0	1802
CTACCGGTTGACCTTTTCGCGCCTTTACGG	0	0	0	0	0	0	21.62408759	0	0
CTACCTCCCAAAAACATACCTTGGTGCCCA	0	0	0	0	0	0	0	0	1381
CTACGCGCTCCGACAGTGTGTGAGGCTGGT	0	0	0	0	0	0	4.324817518	0	838
CTACGGGTCACGAAATATTTCCAATTCGTA	0	0	0	0	0	0	4.324817518	0	607
CTACGTGAAGACAGTATTTTTTTCTTCCCC	0	0	0	0	0	0	4.324817518	0	108
CTACGTGATTAAAAGCGTTCATCTTCCTAA	0	0	0	0	0	0	0	0	1074
CTACTAACAACGTTTATAAATTGGGTATCA	0	0	0	0	0	0	0	0	1488
CTACTGTCCGTCATGTAAAACTCGAGCGTA	0	0	0	0	0	0	0	0	1896
CTAGACACCTAGGCGTTTGTGGTAAAGGGG	0	0	0	0	0	29.625	0	0	264
CTAGACTGGCAGTTGGGACTGGACATTGTA	0	0	0	0	0	0	0	0	510
CTAGCAGAGTGGTCGGTGGGTGCTGCTGGT	0	0	0	0	0	0	0	0	735
CTAGCTTTAGACCATGCTTCCGGGGGATAC	0	0	0	0	0	0	4.324817518	0	111
CTAGGACAGCAGGGTATGTGTACTTAAGGG	0	0	0	0	0	0	17.29927007	0	568
CTAGGCAGAATGGTAGTTTTCCGCCGACTG	5.511627907	0	0	0	0	0	0	0	0
CTAGGCTTAATGACTGTTTAAGTCACTCTC	0	0	0	0	0	0	12.97445255	0	15
CTAGGGGACTTTGAAGGTATGCATTCTCGT	0	0	0	0	0	0	12.97445255	0	490
CTAGGTCTGATTGACGCTGAAAATCACGAT	0	0	0	0	0	0	0	0	908
CTAGTCGTTCTGCAAGAGAGGGTGCGCGGG	0	0	0	0	0	0	8.649635036	0	92
CTAGTGGACATTGGTGAACTTAGCTATACA	0	0	0	0	0	0	0	0	2
CTAGTGGAGGGAACGGAGGAGGATTGATGT	0	0	0	0	0	11.109375	0	0	1160
CTAGTGGGTCCGTGACTGGTAACGGTCTTT	0	0	0	0	0	0	4.324817518	0	869
CTAGTTGATATTATCTTATTTTCTGCATGC	0	0	0	0	0	0	0	0	1480
CTAGTTGGGTAGAGCCACCTCTGTTGTCAT	0	0	0	0	0	0	21.62408759	0	662
CTATAACCTTGCAGTATAATAACATACTCC	0	0	0	0	0	0	0	0	1022
CTATAAGAGCTTGACTCGCTTCGGCGGGTA	0	12.47368421	0	0	0	0	8.649635036	0	3549
CTATACCCGCATTTGGTGGGTTCGCACCTA	0	0	0	0	0	0	0	0	204
CTATATTTAAAAGAATACGACGGAACTATC	0	0	0	0	0	0	4.324817518	0	0
CTATCACTTGCCGGCTAAAGACACACCCGA	0	0	0	0	0	0	8.649635036	0	67
CTATCTTTCTAATCTCTTCCATCTCTTGGT	0	0	0	0	0	0	0	0	2
CTATGAAGGGAATCCGTTTGTCTCCAAGTT	0	0	0	0	0	0	0	0	321
CTATGCGCTTCGGACTGCCATAGCAGTAGG	0	0	0	0	0	0	4.324817518	0	2
CTATGGGGGTCTCCTAAAAATATGTCGGAT	0	0	0	0	0	0	4.324817518	0	1223
CTATGTAGCCAAGGTATCCTCGACTAGCAC	0	0	0	0	0	0	4.324817518	0	339
CTATGTGGGAACGAATATAATAAATTCGAA	0	0	0	0	0	0	0	0	867
CTATGTGGTCCGGAGATGGCGCTTAGCTCA	0	0	0	0	0	0	0	0	589
CTATGTTTATCCGGCGGTCCCACCTTCTTC	0	0	0	0	0	0	0	0	3
CTATTAAGTTATGCCCGTGGGTGTCTCTGG	71.65116279	91.47368421	9.221789883	0	0	0	531.9525547	0	59939
CTATTAGAACTAGAAATTCGCCTCACATAA	0	0	0	0	0	0	0	0	269
CTATTCGCCGAATTTGGGTAGGGTAGTCCC	0	0	0	0	0	0	4.324817518	0	204
CTATTCGTGGGTTTTAATTATGACTACCTA	0	0	0	0	0	0	0	0	931
CTATTGCCTTTTAGATAAGGAAAGCTGAGT	0	0	0	0	0	0	8.649635036	0	179
CTATTTATCTTATTAAGGACTTTCACAGAT	0	0	0	0	0	0	0	0	671
CTCAAGCCGTAAAGATGGTTCCGTCCGTCG	0	0	0	0	0	0	0	0	921
CTCAAGGCGAACTTAATGGGTGATACATAT	0	0	0	0	0	7.40625	0	0	2069
CTCAATTAGACAAAAGTAATGTCTAGCGAA	0	0	0	0	0	0	30.27372263	0	8
CTCACCTCCCGCCGTACTAATGGAAAGTGC	0	0	0	0	0	0	0	0	13
CTCACCTCGGTCTGTCCACAATGAGAAGTA	0	0	0	0	0	0	12.97445255	0	1567
CTCACGTACTAGATCAGATCTAAACCTATA	0	0	0	0	0	0	4.324817518	0	0
CTCACTGCCTTCACCTCCTATCTGCATTTC	0	0	0	0	0	0	0	0	922
CTCAGAGACCCTAACATGATTATCAGGACT	0	0	0	0	0	0	4.324817518	0	774
CTCAGGAACTTAGCTCCGTGGTTCTACAGC	0	0	0	0	0	0	0	0	1217
CTCAGGACACGTATGGTCATCGCACCCTGA	0	0	0	0	0	0	0	0	2
CTCAGGGTCGAGATTCATGTGTCCGTTCAG	0	0	0	0	0	0	4.324817518	0	232
CTCAGGTCAATTACGGATATTTTTTAAAAT	60.62790698	16.63157895	0	0	0	0	12.97445255	0	18768
CTCAGTAGAGCAGCACTGTTACGTTGTTTC	0	0	0	0	0	0	4.324817518	0	507
CTCATGACCGAGTGGTTCGCGTTCGTAAGT	0	0	0	0	0	0	0	0	1080
CTCATGTTGTATGCCTTAATATCGTTTTTG	0	0	0	0	0	0	0	0	9
CTCATTAAATGTTATGTCACCAATCATTTC	0	0	0	0	0	0	4.324817518	0	1431
CTCATTGGCCTGACTGGTTTTTTTCGGAGC	0	0	0	0	0	0	4.324817518	0	13
CTCCACTCTTATTTACGTATATGATGCTTG	0	0	0	0	0	0	4.324817518	0	20
CTCCATTTAGGTGGGCATTGCTGCTGATCT	0	0	0	0	0	0	0	0	822
CTCCCCCCCACGATTTTCTCATTCTGGGAA	0	0	0	0	0	0	30.27372263	0	300
CTCCCGTTACACTCAGTGTAAGTTAGAATC	0	0	0	0	0	0	0	0	3
CTCCCTTCAAGGGTGCAATATTCGGTACGT	0	0	0	0	0	0	0	0	39
CTCCGAACCGAAAGTACTTCCCTACGTTTC	0	0	0	0	0	0	0	0	62
CTCCGAATGTGATAGGAGAAAATATTCCAT	0	0	0	0	0	11.109375	4.324817518	0	716
CTCCGTCCGTCATGTATTCATCTTCCATGC	0	0	0	0	0	3.703125	0	0	112
CTCCGTGATCTGTGGGCCGTGCGGGTCGGG	0	0	0	0	0	0	0	0	1103
CTCCGTTTGCAAACTGTTAGATAGCTAATT	0	0	0	0	0	0	0	0	996
CTCCTGCGTCTGAACGTCGGTAAGTGATCT	0	0	0	0	0	0	30.27372263	0	869
CTCCTTACTCGCCTTCTGGGATTACCGGGG	0	0	0	0	0	0	4.324817518	0	1033
CTCGAAGGGGTGTGTCGCTGGGCATGGCGA	0	0	0	0	0	0	12.97445255	0	8266
CTCGACCCGTACAACGGGGGCAGGTCATAT	0	0	0	0	0	0	0	0	818
CTCGACGGCAGCCGCTTCTGTTACAGCTGG	0	16.63157895	0	0	0	0	0	0	137
CTCGACTTTGTCGCTTTACCCAGTGGAATG	0	0	0	0	0	3.703125	4.324817518	0	5
CTCGAGTACCACCTTACATTGTTTTGGGCC	0	0	0	0	0	0	0	0	10
CTCGATAGTACCTCACCAGACACGACGACC	0	0	0	0	0	0	0	0	152
CTCGATCGAGTGCGAGGTTGTGGTAAGGAG	0	0	0	0	0	0	0	0	760
CTCGATTACCAGTGGAGTCGGGATGGATCC	0	0	0	0	0	0	0	0	1690
CTCGCACTGTCGGGTTTAATGACTGGCGGT	0	0	0	0	0	22.21875	0	0	909
CTCGCCACAAAGGGGCCTTATTGCTTCGCG	0	0	0	0	0	0	0	0	1503
CTCGCCTTGGTGTGGTTGTCCGCGGAGGTC	0	0	0	0	0	0	0	0	2
CTCGCTGCTAATTTGGTTTAGGATCACTGT	0	0	0	0	0	0	0	0	2874
CTCGCTGGTTCCATATAGTGGCAATGAGCG	0	0	0	0	0	11.109375	21.62408759	0	1376
CTCGCTTGCCGCTGGGCGGCGGAGAGCGTT	0	0	0	0	0	0	0	0	234
CTCGGACTAGCCATTGGACAGCGATATAGC	0	0	0	0	0	0	0	0	1255
CTCGGAGTGGCACGTGGAATGCACGTTGTC	0	0	0	0	0	0	0	0	1418
CTCGGCCATTTGCGGATCGTTCAGATGGAG	0	0	0	0	0	0	0	0	293
CTCGGCTCCCGGCGGCCGTTCATCTTGGGC	0	0	0	0	0	0	4.324817518	0	1559
CTCGGGCGGGAGGAAATGTCAAACATGTTA	0	0	0	0	0	0	8.649635036	0	187
CTCGTCTAGAGAAACAATCCGTTCGATCTT	0	0	0	0	0	0	4.324817518	0	736
CTCGTGCACCTGAGCCCAAAACGGCTGACC	0	0	0	0	0	0	4.324817518	0	47
CTCGTTATTCTATGACTCAGGTTACGGGGT	0	0	0	0	0	0	12.97445255	0	532
CTCTAAGGAAGTCTCCTAGGGTCACTTCAG	0	0	0	0	0	0	0	0	155
CTCTAATCCTCCTCAATGCTTTCCGGACGT	0	0	0	0	0	0	0	0	952
CTCTACACCCCGATCTCATCGACATAACTA	0	0	0	0	0	0	0	0	176
CTCTACGTAGCTCTTAGGGGATACTTCATG	0	0	0	0	0	14.8125	0	0	1082
CTCTACGTCCTACCTTCGCTATCTACTCTG	0	0	0	0	0	0	0	0	1043
CTCTAGAACGGGGCTCTCGCCATGAGGCAC	0	0	0	0	0	0	0	0	538
CTCTATATACTTCATAAGGGTCAGTTCCTG	0	0	0	0	0	0	0	0	720
CTCTATGCAAAGCAGACATGGATTCAACAC	0	0	0	0	0	0	0	0	3
CTCTCAGTCGCCATACCTTTGCTCATATGT	0	0	0	0	0	0	0	0	3327
CTCTCATGTCACACAATCGGGACCTTATGA	0	0	0	0	0	0	0	0	103
CTCTCTATTTGTTTGTCTGGCGGGTCTAAA	0	0	0	0	0	0	4.324817518	0	538
CTCTCTTACTTCTTCGACGGCAGAGAGATG	0	0	0	0	0	0	0	0	463
CTCTGAAACAAAGTTTTACACCCTAAGCTC	0	0	0	0	0	0	4.324817518	0	91
CTCTGACATTGTTTTGAACTCTTTACTACT	0	0	0	0	0	0	4.324817518	0	48
CTCTGACGAAGGACCATTGTGGGGGGTGAT	0	0	0	0	0	0	8.649635036	0	1079
CTCTGAGGGAAGTCCTGGTAATCCTTGGGG	0	0	0	0	0	0	0	0	186
CTCTGATAGGTATAAAGTGTCAGGTGTGGA	0	0	0	0	0	0	8.649635036	0	39
CTCTGCACTTGGGCGGTCGGTAGTCTGGAT	0	0	0	0	0	0	21.62408759	0	443
CTCTGCGCAATGTTTGAATTTCGTGAGGTA	0	0	0	0	0	0	4.324817518	0	834
CTCTGCGTGAAGGAATGTTGTCGCGCAGAA	0	0	0	0	0	0	0	0	622
CTCTGGGACTTAGCCCAATTTCGAAACTCA	0	0	0	0	0	0	0	0	621
CTCTGGTGGAGCGCATACACCGGATTCAGT	0	0	0	0	0	0	0	0	169
CTCTGGTTAATTATTGAGTCCGTATCCCGT	0	0	0	0	0	0	0	0	2
CTCTTATGGGTCACATTAAATTAGTGTCTC	0	0	0	0	0	0	17.29927007	0	8
CTCTTCCCAATGTACGGATACGAAGGCGTA	0	0	0	0	0	0	0	0	502
CTCTTGAGCTGCAGGTAGCAAAACTGCGGT	0	0	0	0	0	0	0	0	76
CTCTTTATTGTTCCTCCTCGATGGTTATCG	0	0	0	0	0	0	0	0	1472
CTGAAGCAGAGAATGTATTTACAAACTTGT	0	0	0	0	0	0	25.94890511	0	1244
CTGAAGGGTTCTCGGTGACTAGTGGATCGG	0	0	0	0	0	0	0	0	1278
CTGAATCAAGGACTTATCCTGGCCTAACTA	0	0	0	0	0	0	0	0	879
CTGAATGCATAATAAGATCTAGTTACTGTC	0	0	0	0	0	0	64.87226277	0	1480
CTGAATTTGCTCGGTGTCTATAAATTTATC	0	0	0	0	0	0	4.324817518	0	19
CTGACCCATAAATACTGTACACTGTATGCA	0	0	0	0	0	0	0	0	765
CTGACGAATCGCGAAATGCATAGCACTTGG	0	0	0	0	0	0	12.97445255	0	1515
CTGACGCCACCTGTCATCATCTACGGGTAA	0	0	0	0	0	0	12.97445255	0	34
CTGACGTACCGCCTAGCATTGGAGTTGAGT	0	0	0	0	0	0	0	0	1058
CTGAGAGCAGGGGCGAGTAGCGCACTGGGA	0	0	0	0	0	0	34.59854015	0	2252
CTGAGTCTATGTGTGCACTTCCCTGACAGT	0	0	0	0	0	0	0	0	786
CTGATAAACTCGAAGTGGATTAGAGGCACT	0	0	0	0	0	0	0	0	2864
CTGATAATGTCGGGTGAACATTCGGGCCTT	0	0	0	0	0	0	12.97445255	0	69
CTGATCATTGGAATTTAGCGGGGTAGCATT	0	0	0	0	0	0	17.29927007	0	252
CTGATCGCCAGATAACCACCTGTTTGCACG	0	0	0	0	0	11.109375	748.1934307	0	625
CTGATCTGCGAATGCGAGTGTAGGTCTTTA	0	0	0	0	0	0	4.324817518	0	0
CTGATGTCGGATCGCCCGCATTAGGATGCG	0	0	0	0	0	0	12.97445255	0	0
CTGATTAGCGATGAGGGCGATAGTGCGCGG	0	0	0	0	0	0	0	0	1548
CTGCAAGTTTTCCTGCTCACCTCGTCAGGC	0	0	0	0	0	0	4.324817518	0	284
CTGCAATGACATATCACTCGAACCTGACTA	0	0	0	0	0	0	0	0	668
CTGCACAGTCATCTGCCCCATTCACTCTCT	0	0	0	0	0	0	0	0	1585
CTGCACGCCTGAGGGGCCAACATATGGGCT	0	0	0	0	0	0	8.649635036	0	20
CTGCACGCGCAAGTTAAGTTACTATGGTCC	0	0	0	0	0	0	0	0	256
CTGCATGTGCAGAGAGGTTGTGAGACATTC	0	0	0	0	0	0	0	0	1448
CTGCCATCTTTCCCATTAGTATATAAACGG	0	0	0	0	0	0	0	0	945
CTGCCGACTTTGAGTGCCTGCGGAGGAGTG	0	0	0	0	0	0	4.324817518	0	2795
CTGCCGTGTTATTAAAGGGGTTTTGATTGC	0	0	0	0	0	0	0	0	1394
CTGCCTTGGTATGGCTGACTTGAACCCGGC	0	0	0	0	0	0	4.324817518	0	605
CTGCGAAACCGTGGAAAATCGATTTGTAAT	0	0	0	0	0	0	0	0	1257
CTGCGAACGGATAGGGATAGGCGAAGATTG	0	0	0	0	0	0	12.97445255	0	1485
CTGCGACTCGAAACGTATATGTCTGTGAGT	0	0	0	0	0	0	0	0	273
CTGCGCATAGTTCTTTCTGTGTGCAGTTCC	0	0	0	0	0	0	0	0	3
CTGCGGATCTCAGAAGCGGTAAGGTGTTTT	0	0	0	0	0	0	4.324817518	0	115
CTGCGGTAATATGTCCATACCCATTGCGTA	0	0	0	0	0	0	0	0	998
CTGCGTGGTGGATGAAATACCCTTGGTTAT	0	0	0	0	0	0	4.324817518	0	1685
CTGCGTTTTTGTTTATGGTGAGGAGTTTGG	0	0	0	0	0	0	4.324817518	0	1375
CTGCTAGCCCATGGTTACGCATCTACAGTC	0	0	0	0	0	0	0	0	1193
CTGCTCTCCTGTCTGATGTAAACATATGCT	0	0	0	0	0	0	0	0	1037
CTGCTCTGCTGAGCTGCAACTCATGGGATA	0	0	0	0	0	0	17.29927007	0	372
CTGCTGCCTGAAAATGATTGGTTGGGTTTA	0	0	0	0	0	0	0	0	1425
CTGCTTCAGGTTCTCTGCTAAATCACACCC	0	0	0	0	0	0	0	0	834
CTGCTTCTAATTGTGGTGTTGGCGTCGAAG	0	0	0	0	0	0	0	0	997
CTGCTTCTCCCTAAGTCCGTAAGGGATAAG	0	0	0	0	0	0	8.649635036	0	797
CTGCTTGTCGTATGTTAGATTTCAGCTTTC	0	0	0	0	0	0	0	0	1331
CTGGACGTTTTACCCGACTGTTTTTTAGGA	0	0	0	0	0	3.703125	0	0	9
CTGGACTTAACTTAGGTGGTATCTTCTCGT	0	0	0	0	0	0	0	0	537
CTGGATAAGAACCAGCCAAACCGGTAAGCT	0	0	0	0	0	0	43.24817518	0	7224
CTGGATGCTTTCTCTTATTCACGGCGTTCG	0	0	0	0	0	0	4.324817518	0	266
CTGGCAGTATGGCATCGAGTTTTGTGTCCT	0	0	0	0	0	0	4.324817518	0	214
CTGGCGGCCGGGGTTCTCGTGTACGAGGGT	0	0	0	0	0	0	0	0	835
CTGGCGGGTCTCTTGGAGAGTGTGGGGGGA	0	0	0	0	0	0	0	0	50
CTGGCTGCGGTAGATGTAGCCCGAACTTGT	0	0	0	0	0	0	0	0	1133
CTGGGATCTGGACTCAGTTTCCGATGAACA	0	0	0	0	0	0	4.324817518	0	6042
CTGGGCGGGCCCCCCAATGTTTGATGACTT	0	0	0	0	0	0	4.324817518	0	390
CTGGGCTTTCTCCCACTGAGATATTCAGAA	0	0	0	0	0	0	8.649635036	0	169
CTGGGGAACTTACGTGTGGGCTGTCGAAAT	0	0	0	0	0	0	0	0	104
CTGGGGAGGGTGTCGTTCATCAGTGTGGAC	0	0	0	0	0	0	4.324817518	0	246
CTGGGGGCATGGCCGTACAGCTTGTAACGT	0	0	0	0	0	0	4.324817518	0	11
CTGGGGTTCCTTGCCGGCTTGCTCTTTGGG	0	0	0	0	0	0	4.324817518	0	958
CTGGTAATCTAAGGTATTGCCGCCAACTCG	0	0	0	0	0	0	4.324817518	0	27
CTGGTGGGTGCTAATTTCCCGTTGCCTTCT	0	0	0	0	0	0	0	0	2012
CTGGTGGGTTATGCACGTTGCTTTTGTCAT	0	0	0	0	0	0	0	0	34
CTGGTTTTTACTTAAAACATCGCATAGGTG	0	0	0	0	0	0	8.649635036	0	199
CTGTAATCCATTGTATTGAGTCAGTCTTTT	0	0	0	0	0	0	0	0	4070
CTGTAATTGTTCCGCGTCAAGAGCCTTTGT	0	0	0	0	0	0	0	0	1224
CTGTAGCTGTGGGTCGCGCAGTGGGCGGTA	0	0	0	0	0	0	0	0	1394
CTGTAGTATGTCTCCACAGTTTGACGCGTC	0	0	0	0	0	0	0	0	1667
CTGTAGTGGTCTATGAGTTTATTTGAGTGG	0	0	0	0	0	0	0	0	355
CTGTAGTTATTGGGTCCGTAAGCTAGTCCT	0	24.94736842	0	0	0	0	0	0	241
CTGTATAAGCATCCCGGTCGGTGCTTTCAG	0	0	0	0	0	0	0	0	124
CTGTATAATTCTTTTCGTTTACCTAGTTGC	0	0	0	0	0	0	0	0	251
CTGTATACTGTATTTTTCAGGCCCCTCGAA	0	0	0	0	0	0	0	0	870
CTGTCAAGTGGCCTATTTGGCACTCTTCTC	0	0	0	0	0	0	25.94890511	0	1092
CTGTCGATATTTTTTACACTTCTAGGGTCA	0	0	0	0	0	0	25.94890511	0	6
CTGTGCGATAGAGTACATTCATTTCCCTTT	0	0	0	0	0	0	4.324817518	0	212
CTGTGGTGTAAGACCTCTCTGTGCGATTTA	0	0	0	0	0	0	0	0	52
CTGTGTCAGATATGTACGGCTCACCCATGA	0	0	0	0	0	0	8.649635036	0	123
CTGTGTCAGCTCATCCAGCCTAGTTACCCA	0	0	0	0	0	0	0	0	237
CTGTGTGGGAGAGACTGAAATAAGCTTACA	0	0	0	0	0	0	0	0	680
CTGTGTGTACGACACACGCGGGGGATACGG	0	0	0	0	0	0	0	0	5
CTGTTACAATGTCAGTCCCGTGCATGCCAC	0	0	0	0	0	0	0	0	5243
CTGTTATGGTCTATATATCCGTGATTAATG	0	0	0	0	0	0	0	0	956
CTGTTCAAACTATCCGACACAAGGCGCTGT	0	0	0	0	0	0	0	0	1348
CTGTTCTATTCAGAGCTTGATTCGGCGACG	0	0	0	0	0	0	25.94890511	0	1045
CTGTTGTAGCTCGTAGGAAACATCGGCTTG	0	0	0	0	0	0	12.97445255	0	0
CTGTTGTTGTCTAGTCCCTTTTTGTCGCGA	0	0	0	0	0	0	0	0	1032
CTGTTTCGGAAGCCGAGTGAAATCAAGCGC	0	0	0	0	0	0	12.97445255	0	59135
CTTAAAAGGTGTAAGCTGTTTATAACTTGG	0	0	0	0	0	0	0	0	526
CTTAAACACCGGTTTTTCTACACGTCTCAA	0	0	0	0	0	18.515625	0	0	987
CTTAACATGACGTTTCATTTTAGCGTGTGG	0	0	0	0	0	0	0	0	4
CTTAACTCGTTATGCAAATAAAAAGTTGTC	0	0	0	0	0	0	0	0	30
CTTAAGTAGCAGGTTGCGCATTGGTGCGAT	0	0	0	0	0	0	8.649635036	0	798
CTTAATCAGACACCTCGGATGCGAATGTAA	0	0	0	0	0	0	0	0	662
CTTAATCTGCATTCGTATATGTCATTTAAC	0	0	0	0	0	0	4.324817518	0	510
CTTAATTTGGGGGAAGTGCAAATGGTCCTA	0	0	0	0	0	0	0	0	1110
CTTACAGTCTCTTAGATATAGAGTTGGCAT	0	0	0	0	0	0	34.59854015	0	1437
CTTACCTACATATGTCGTAAAAAGTTTAAT	0	0	0	0	0	0	8.649635036	0	187
CTTACTGCTCCGAGGAGACTAACCCGTTAA	0	0	0	0	0	0	0	0	358
CTTACTGTTTGTGTATTTGGCCCCCTGTAT	0	0	0	0	0	0	4.324817518	0	1006
CTTAGAGGATAGTGATTTAGGTACAATGAT	0	0	18.44357977	0	0	0	0	0	1478
CTTAGCATTATCTGTGTAAACCCGTGTTGA	0	0	0	0	0	0	0	0	167
CTTAGCATTGGGTAGCCAATAGCGGGGACT	0	0	0	0	0	0	4.324817518	0	0
CTTAGCTCGGCTCCAGTGGCAACACGCGGC	0	0	0	0	0	0	0	0	11
CTTAGGACAGCAGAAAGTACGGCTCGGATT	0	0	0	0	0	0	0	0	2
CTTAGGGTCTATTCACCCGTTCCCTTGTCC	0	0	0	0	0	0	4.324817518	0	48
CTTAGGTGTAGTTTTGACCTGATGGTCTGT	0	0	0	0	0	0	8.649635036	0	7
CTTATAAGTTATTGGGCGCCCATGCAATGT	0	0	0	0	0	0	4.324817518	0	104
CTTATATGAGGGAACGGGCATAACTTTTAT	0	0	0	0	0	0	0	0	389
CTTATCCACTGGGCGTCACAAGGTTAGGAA	0	0	0	0	0	0	0	0	58
CTTATCGAATTTGCCTGTATCCTTTATTCC	0	0	0	0	0	0	8.649635036	0	0
CTTATGTGTGCAAATGACTTTGCTTAGGTT	0	0	0	0	4.917012448	0	0	0	0
CTTATTTAGCTTAAGAGGTGACTGCCATTT	0	0	0	0	0	0	134.0693431	0	1116
CTTATTTGGAGTCCGGACCAGTCGAACCTT	0	0	0	0	0	0	4.324817518	0	648
CTTATTTTATTTCAATTCGCTTCTTTCGTG	0	0	0	0	0	0	0	0	79
CTTCAAAGGCTAGAGGCGCATACGTGTATC	0	0	0	0	0	0	12.97445255	0	47
CTTCAGATAGTCAGATCCAGACCTTCATCA	0	0	0	0	0	0	0	0	710
CTTCAGCTTCAAGATCCTTCAGCTGTTCTA	0	0	32.27626459	0	0	0	0	0	1324
CTTCAGGCGGTTCCGTGTCGCGTAGAGATG	0	0	0	0	0	0	73.52189781	0	1107
CTTCAGTACACAAAATATTTTAGCGCCCTA	0	0	0	0	0	0	0	0	1271
CTTCCACAGGAATATTCTGATCAGGCTGAA	0	0	0	0	0	0	0	0	3
CTTCCCAGGCGTGGTCTATCACGTGGAATC	0	0	0	0	0	0	0	0	4
CTTCCCTACTGAGGTATCCAATTTGGAGCT	0	0	0	0	0	0	0	0	11
CTTCCCTCGTGTTTGGTAGGCTAATATGCC	0	0	0	0	0	0	4.324817518	0	381
CTTCCGGTCTATAGAACCAGGGTTTACGCG	0	0	0	0	0	0	0	0	2
CTTCGACACTGGACTGTCTTCGGACGCGTT	0	0	0	0	0	0	4.324817518	0	109
CTTCGAGGCTAGTGTGAGTGAGCAGGCTAT	0	0	0	0	0	0	0	0	1724
CTTCGATGCACGTTGCGTACGGTATTCACT	0	0	0	0	0	0	0	0	1351
CTTCGTCTATTTATCCTGCCCATGGATGCT	0	0	0	0	0	0	0	0	2
CTTCGTGCTTAGCACTGCTGCTGGAATGGC	0	0	0	0	0	0	0	0	1032
CTTCTATCCGTGCGAATCAGTGATACTCTG	0	0	0	0	0	0	0	0	2179
CTTCTATCTACTGTTAATTCGAACCAGAGC	0	0	0	0	0	0	0	0	559
CTTCTCAGATTGGCCATGATCGACCAATAG	0	0	0	0	0	0	0	0	508
CTTCTCATGACTATTGGCGGGTCAGGGTAT	0	0	0	0	0	0	0	0	1149
CTTCTCATTAATTATCCAACTCGTAGTCAT	0	0	0	0	0	0	4.324817518	0	0
CTTCTCTGGGCATCACTTAAACGCGTAGTA	0	0	0	0	0	0	0	0	1204
CTTCTGCGCGCGGTTGGTAAGGCGCTTTTT	0	0	0	0	0	0	4.324817518	0	461
CTTCTGGTTGCTTACAAGATTCAACCCTGT	0	0	0	0	0	0	0	0	186
CTTCTTTCGGGATATCTTGCTACGTGTTCT	0	0	0	0	0	0	0	0	3
CTTGAAACGCTCACGTGTCACGCTATAATC	0	0	0	0	0	0	4.324817518	0	4
CTTGAAATTGGATATTAGAGTGACAATTAG	0	0	0	0	0	0	0	0	400
CTTGAACTGTGTGATTATAGTTCAGCCGGA	0	0	0	0	0	0	4.324817518	0	34
CTTGAAGCCAGGGAAGGTACCGCCCCTATC	0	0	0	0	0	0	4.324817518	0	5
CTTGAATCGTGGCTCACGCAATCCGTCCTT	0	8.315789474	0	0	0	0	0	0	4987
CTTGACCTTGTATCCCTGGTGCAGTGCTCG	0	16.63157895	0	0	0	0	12.97445255	0	4434
CTTGAGGAATATTAGGCATCCGTGTCGGCT	0	0	0	0	0	0	0	0	405
CTTGAGGTTGGCCTTAAAGGGGAGTCATGA	0	29.10526316	9.221789883	0	0	55.546875	129.7445255	0	75473
CTTGATCTCCCGGTCGGGCCAGTGTGTTTG	0	0	0	0	0	0	0	0	1407
CTTGATGTATCTGATAAGTATGCGGTAAGA	0	0	0	0	0	0	4.324817518	0	1784
CTTGCACTGGAAGGCGGGGGGAGGGGCCTG	0	0	0	0	0	0	8.649635036	0	0
CTTGCAGGCAAATTCGATATACGCTAGTCT	0	0	0	0	0	0	38.92335766	0	157
CTTGCAGTCAACATTGCTGACAAATGTTCT	0	0	0	0	0	0	21.62408759	0	704
CTTGCGCATTTTGTTAGACATCGGGACTGT	0	0	0	0	0	0	0	0	50
CTTGCTACCGCTGAGGCTCTGGGCGCCAAG	0	0	0	0	0	3.703125	0	0	0
CTTGCTATCGGATAGCTATTTGGATAGATT	0	0	0	0	0	0	0	0	2
CTTGCTTGCCTGGGCAAAGGCACGACAGAG	0	0	0	0	0	0	43.24817518	0	73
CTTGGACATCCCCAAAGCGTTAAAGCCGGC	0	0	0	0	0	0	0	0	2026
CTTGGAGATGTGCGAGTGGAGTACGGAGCG	0	0	0	0	0	0	0	0	870
CTTGGGCGCAAAGTTAAAACCCTCAGTGTG	0	0	0	0	0	14.8125	77.84671533	0	915
CTTGGGGGGAATGACATTACGTTCTTCGTT	0	0	0	0	0	0	4.324817518	0	0
CTTGGTATCGCCGACCGGTACTAGGTTCGC	0	0	0	0	0	0	0	0	669
CTTGGTATTAACTTTGCGTTACTCTTGGCT	0	0	0	0	0	0	0	0	1429
CTTGGTGAACGCCTTGTTGTTATGTATTCA	0	0	0	0	0	0	8.649635036	0	46
CTTGTAAGAATTAGACTGCATTGCGTGCGG	0	0	0	0	0	0	4.324817518	0	144
CTTGTAAGCATTTGCTTTCGATTCGTGATG	0	0	0	0	0	0	4.324817518	0	0
CTTGTAGCAGGGAGAGCCGTGGACATCGTG	0	0	0	0	0	0	4.324817518	0	95
CTTGTCGAAGCCCCGAGAGTCCCTGAATAG	0	0	0	0	0	0	0	0	360
CTTGTCTGAGTGCCCGTATATGCAGGGAAC	0	0	0	0	0	0	0	0	142
CTTGTCTGCCGGAACCATGCACGAAAGGGT	0	0	0	0	0	0	0	0	1957
CTTGTGACATATCTACGTCCTATTAGTAAT	0	0	0	0	0	0	12.97445255	0	1101
CTTGTGACTAGCGCCTCCTTAGTGGGTGAG	0	0	0	0	0	3.703125	0	0	78
CTTGTGGAACTGGATCCTTTTAGCACAGTG	0	0	0	0	0	0	0	0	51
CTTGTGTTCGGCCGTTCTTCATCTAACCAC	0	0	0	0	0	0	34.59854015	0	729
CTTGTTCGATTTGATCCGCCTTACCAGCCT	0	0	0	0	0	0	0	0	272
CTTGTTGCAGCTATGTTGTGCAGTGAGTCC	0	0	0	0	0	3.703125	0	0	0
CTTTACGTGTTATGTTCGCCAGGGCCTTTT	0	0	0	0	0	0	0	0	544
CTTTAGGACCCGTAAACGTGCAGAAAATCA	0	0	0	0	0	0	0	0	539
CTTTATCAGCTTTCACTAGGATGAATTTTC	0	0	0	0	0	0	4.324817518	0	0
CTTTCACGTTAACTTATGGGTGCTAATGTT	0	0	0	0	0	0	38.92335766	0	45
CTTTCCGTCTCGTATCTCAATTTCTTAACA	0	12.47368421	0	0	0	0	0	0	257
CTTTCGAGTCAACTCCTCACTCAGCTAAAC	0	0	0	0	0	7.40625	0	0	474
CTTTCGGACGATGGGACAAGGGAGCCAGTA	0	0	0	0	0	0	0	0	1192
CTTTCTGATCATTCTGCCTGGACCTCGGAT	0	0	0	0	0	0	0	0	1144
CTTTCTGCTCCGGCCTTTTTTTACAGGCTG	0	0	4.610894942	0	0	0	0	0	4
CTTTCTTGTTGAGCTCACGGGGTAGTTTCA	0	0	0	0	0	0	4.324817518	0	229
CTTTGAGGACGCTAATACGATGTTCTATAC	0	0	0	0	0	0	0	0	209
CTTTGATATGACTAGTCAGAAAGCTCGGAG	0	0	0	0	0	0	0	0	66
CTTTGATTCATGTTCTTCGTTGACTGTATG	0	0	0	0	0	0	0	0	983
CTTTGCCTGTATTTATAACCGCGGAATAGT	0	0	0	0	0	0	4.324817518	0	2000
CTTTGCGTTCGGTTTTTCTTACATAACGTG	0	0	0	0	0	0	0	0	2217
CTTTGGTTGGTACGTTTGGTGACATGATAT	0	0	0	0	0	0	0	0	43
CTTTTAACAATGGAGTTGAACTTTAAGGGC	0	0	0	0	0	0	0	0	108
CTTTTAATGCTTCTTAGAATAATCTCTTAG	0	0	0	0	0	0	4.324817518	0	3686
CTTTTAGTTGTCTCGGTGTAGAGGTGTTTG	0	0	0	0	0	0	8.649635036	0	290
CTTTTCTGAATCTGTGCTATATGGAAAGCC	0	0	0	0	0	0	0	0	173
CTTTTGAACTGGGAAGTGGGTGAGCGCTGT	0	0	0	0	0	0	0	0	1884
CTTTTGACTGTGTGCGTGCGCGGGAGGGGC	0	0	0	0	0	0	12.97445255	0	356
CTTTTGGCCTGCCTGGTGCGCGGCGGTTCG	0	0	0	0	0	0	4.324817518	0	17
CTTTTGGTTAGTGACCATTGCATTATCAGC	0	0	0	0	0	0	0	0	370
CTTTTTCCTTTATTCTTCTAGTTAAAGCAT	0	0	0	0	0	0	4.324817518	0	66
CTTTTTGTGCCCTTATAGTTGTATATCAAG	0	0	0	0	0	0	0	0	5
CTTTTTTAGCCGGTTCTGCATGAGTGCCTT	0	0	0	0	0	0	0	0	588
CTTTTTTCAGCTTCCTAGGATGATTAATTA	0	0	0	0	0	0	4.324817518	0	3696
CTTTTTTCCCCAGGTCTGCGAGTTGCTCGC	0	0	0	0	0	0	0	0	5
GAAAAATATGCAAAGTTCAATGGCTTGTGC	0	0	0	0	0	0	0	0	1112
GAAAACGATGTGTGGCCGTTTCTGTTTTGC	0	0	0	0	0	0	4.324817518	0	92
GAAAACGTTGGAAGCTGGATCACCTGGGTA	0	0	0	0	0	0	82.17153285	0	162
GAAAAGCTCGCCTGGGATTCGACATCGGTA	0	0	0	0	0	0	0	0	3248
GAAAAGGCTTCAGTTAGCTCAGGTACGTCA	11.02325581	0	0	0	0	0	64.87226277	0	1173
GAAAAGTTAAGTCTGTAAACTTTGAAAGAC	0	0	0	0	0	0	8.649635036	0	10
GAAAATATAGTGCCTGCTTTCAGTTGATCC	0	0	0	0	0	0	0	0	10
GAAAATGGCCCACTATACTTTCCCACTGGC	0	0	0	0	0	0	4.324817518	0	101
GAAAATTCGTTTTGACATTTTGTTAATCAT	0	0	0	0	0	0	0	0	218
GAAACCATCCGACTTTTAGCATGCTTCGTT	0	0	0	0	0	0	0	0	629
GAAACGCATTTTATGTAACTGTTGAGGACC	0	0	0	0	0	0	0	0	960
GAAACGGCGAGATTCGCGGGGGTGGTGAGC	0	0	0	0	0	0	0	0	2
GAAACTATGTCCTTAGTTTAGACAAGCAGG	0	0	0	0	0	0	0	0	770
GAAAGAACTTGATTACGTTAACGTGTGTTA	0	0	0	0	0	0	8.649635036	0	0
GAAATCACAAGATGTTTTATGCTGATTAGG	0	0	0	0	0	0	4.324817518	0	961
GAAATGCAGGGGCTTGACGACGAAATTTAT	0	0	0	0	0	0	0	0	207
GAAATGCCGACACACGAGGCGGAACCTGAA	0	0	0	0	0	0	0	0	15
GAAATTAAACCTCTCCTATATCATACCGTA	0	0	0	0	0	0	0	0	514
GAAATTCCGCTGCGCAATTGATTCACCCCG	0	0	0	0	0	0	0	0	1782
GAAATTTGGTCTTATAACTTGCTGCGATTC	0	0	0	0	0	0	8.649635036	0	1134
GAACATTGCCAACCTGTACACATTGAGTTG	0	0	0	0	0	0	0	0	735
GAACCAAGGACCCTGCCATCGTCAAGCGCA	0	0	0	0	0	0	0	0	767
GAACCAATCGCCGGTTATTTATGATCTGCC	0	0	0	0	0	0	0	0	2518
GAACGATAGGGCCAGTCGAATGCAGGATTG	0	0	0	0	0	22.21875	0	0	3267
GAACGTCTTGGTTACCGCCGTGGATCGGGC	0	0	0	0	0	0	0	0	9
GAACGTTGGCGGTGTAGACAGTCCGAGGCG	0	0	0	0	0	0	8.649635036	0	140
GAACTAAAGGAGTAAGTTTAAGCTCCAACG	0	0	0	0	0	0	4.324817518	0	61
GAACTACTTGTGAGGTGTGGCGTCTGACAC	0	0	0	0	0	0	0	0	797
GAACTAGTACAAACTGACAACTAGCGCAAT	0	0	0	0	0	0	0	0	64
GAACTATATTCAAGAGCTACAGGGTTTACA	0	0	0	0	0	0	0	0	774
GAACTTTTGGGGCACCGTCCGCGCCTTTGT	0	0	0	0	0	0	0	0	2
GAAGAAGTTGAGCACGCATGGGTTAGGATC	0	0	0	0	0	0	0	0	612
GAAGACAAGGCGCGAGCGCAGCCTCGCGTA	0	0	0	0	0	0	25.94890511	0	199
GAAGACATTCCGATAGCGCCTGATGAAAGA	0	0	0	0	0	0	0	0	1580
GAAGAGGTGTGCTCGTTCATTTTATAATCA	0	0	0	0	0	0	0	0	197
GAAGATATTATACGTGGCCGGCATATTCAA	0	0	0	0	0	0	12.97445255	0	474
GAAGCAGGGGCGTATGGGGTTGGAGGGGCC	0	0	0	0	0	0	0	0	2
GAAGCGACTAAACGCGGTCATTATCGGCGC	0	0	0	0	0	0	12.97445255	0	108
GAAGCGTAGAGAATGCTGGATGGCAGAGTG	0	0	0	0	0	0	12.97445255	0	0
GAAGCTGGAGGTCTCGGGGATTCACATGTG	0	0	0	0	0	0	25.94890511	0	13
GAAGCTTTTTACGCTGGATAGAGCTTTGCC	0	0	0	0	0	0	0	0	1200
GAAGGAAGCGTCTCTTTGTAGTTTGCCTTT	0	29.10526316	0	0	0	0	0	0	86
GAAGGCACCGGTAGGAAGGGTGGGTTTTGA	0	0	0	0	0	0	4.324817518	0	840
GAAGGGGGTAAGAATGTGTACGCGACAGAT	0	0	0	0	0	0	25.94890511	0	2
GAAGGGGTATGACCAGAGGCTGGACTATTG	0	0	0	0	0	0	0	0	1285
GAAGGGTTCTAGTCTTGGTATTTCACTGGG	0	0	0	0	0	0	0	0	334
GAAGTAGGTCTGAAGTCATTTGCTTGGATT	0	0	0	0	0	0	4.324817518	0	632
GAAGTATGTTAATAGCTTTGGTTTGGGTGC	0	0	0	0	0	0	8.649635036	0	380
GAAGTGAAGTGATTTCGATTGATGGCAGGT	0	0	0	0	0	0	4.324817518	0	280
GAATAATCATCAGGGTGTCACTCGGGGATG	0	0	0	0	0	0	4.324817518	0	1519
GAATACCATCCTCTCCGGTATCTGTATTCC	0	0	0	0	0	0	12.97445255	0	1987
GAATACTGAGACTTGCGATTATTGAAAATC	0	0	0	0	0	3.703125	0	0	3204
GAATAGCGACGGAAAAACAAATGTTCGGGC	0	0	0	0	0	0	4.324817518	0	13
GAATAGGCCCAGCTCTCGTCGGTGCGGGTG	0	0	0	0	0	0	4.324817518	0	323
GAATAGGGTTACTGCAAGATTCAGATCGGG	0	0	0	0	0	0	8.649635036	0	762
GAATCAAGTACAATACAGTGGAACCAAACC	0	0	0	0	0	0	0	0	2182
GAATCCGAAACACCCGTCCGTATCTTATAA	0	0	0	0	0	0	0	0	1495
GAATCCGACTTAATGAGCGGAGGTTTACGT	0	0	0	0	0	0	4.324817518	0	980
GAATCTGGTGAATGTGGTTGAGTTGAAGAG	0	0	0	0	0	0	8.649635036	0	132
GAATCTTTCAGAGGCCAATGCTGTATGATA	0	0	0	0	0	0	0	0	276
GAATGCTGAAGAGCGTAGAGAGGAGGTTCG	0	0	0	0	0	0	0	0	128
GAATGCTTCTTGTGTTTCTGGCCTTATAAG	0	0	0	0	0	0	0	0	606
GAATGCTTGGGCATTTACATGGTGAAGTTC	0	0	0	0	0	0	21.62408759	0	0
GAATGGAACTACAGGTTGTCCCCCGGCCAT	0	8.315789474	0	0	0	0	0	0	1024
GAATGGCCTATTTATTGCAAGTTAAGTAGT	0	0	0	0	0	0	12.97445255	0	183
GAATGGTACACCACTGAATTATGAACTTTA	0	0	0	0	0	0	0	0	4
GAATTACACTCTATAGTCAGGATAGTGGTT	0	0	0	0	0	0	17.29927007	0	0
GAATTCACGTATTTAGTGACTACTCTGGGG	0	0	0	0	0	0	21.62408759	0	588
GAATTCCTGTGTGGTATAGTGCTTTACTTA	0	0	0	0	0	0	0	0	408
GAATTCGACGGGCATAAGGGGCTATGGCAG	0	0	0	0	0	0	0	0	4
GAATTCGGACCGTTGGTGCCGTTTTTGTGA	0	0	0	0	0	0	0	0	1826
GAATTCTTGTACGGGGAGTGGTTCCTCGAG	0	0	0	0	0	0	4.324817518	0	79
GAATTGCCAAAGCCTCGAGTAACTGATGGC	0	0	0	0	0	0	177.3175182	0	146
GAATTTTCTTTTGCGGTTGCATTTATATTG	0	0	0	0	39.33609959	0	38.92335766	0	1173
GACAATGGGTGGCGATATAGGGTGCAGGCG	0	0	0	0	0	0	0	0	3
GACAATGTCTGTTTCACTGTTCCGATTATG	0	0	0	0	0	0	8.649635036	0	155
GACACCGTGATGCGCTACATGGTCAAGTTC	0	0	0	0	0	0	4.324817518	0	19
GACACTTGTATACGAGCGTATTGCATTCTC	0	0	0	0	0	0	21.62408759	0	2109
GACAGAGCTCCATTCCTGGACTTGCGAAAA	0	0	0	0	0	0	0	0	377
GACAGCGGCTTGTACATAGGGGTATGCGTT	0	0	0	0	0	0	129.7445255	0	88
GACAGCTACTCCACTTCTTTACCTGGAGAC	0	0	0	0	0	0	0	0	2
GACAGGTCTGGTCAGGATATTTTTTCTGAG	11.02325581	0	0	0	0	0	0	0	174
GACATTTGCTTAGAGCGTTTTCAGCCTCCC	0	4.157894737	0	0	0	0	0	0	49
GACCACGGAGACTAGAGTAGAATGGCAGTG	0	0	0	0	0	0	0	0	4
GACCAGACATTTGATTATCTCGGGGAAGTT	0	0	0	0	4.917012448	0	0	0	39
GACCATGGGATATTGCACCCTCACTACAGT	0	0	0	0	0	0	0	0	287
GACCCATTGTCCTCCAAAACGTATAAAAGG	0	0	0	0	0	0	0	0	4613
GACCCCGTTGGAGAGGGGTGATGCCCGTGG	0	0	0	0	0	0	4.324817518	0	243
GACCGCATCTGGTTAATCTGGGAACGCTAC	0	0	0	0	0	0	0	0	819
GACCGCGATGTGGCATAATTTCTGTTGCTG	0	0	0	0	0	0	4.324817518	0	191
GACCGGGCGAGTGAGCCGGTGGGGTGCTGA	0	0	0	0	0	0	0	0	391
GACCGGTGTTGTGATCTGTCTAGCTATACT	0	0	0	0	0	0	4.324817518	0	1473
GACCGTGCCGCTGAGTAATATGACTACTTA	0	0	0	0	0	0	0	0	176
GACCGTGTATTATCTGATAGTATCTTAGTC	0	0	0	0	0	0	4.324817518	0	13
GACCTAGGGCCCTGTCCCTAGTCCTAGCAG	0	0	0	0	0	0	43.24817518	0	2669
GACCTCTTTAGCTCCGTAACATTACGGTGG	0	0	4.610894942	0	0	0	0	0	0
GACCTGGGCACTCAAAGTAGCTCAGGAATG	0	0	0	0	0	0	4.324817518	0	2744
GACGAGCGTAGCACCTCGGTTCCGCTATCT	0	0	0	0	0	0	0	0	2
GACGATCACACGTATATGTTTAGAGCGTAT	0	0	0	0	0	0	4.324817518	0	164
GACGCACGTGGGGTGGCGTCGCGAGAGGGA	0	0	0	0	0	0	0	0	1428
GACGCACGTTTGAAGTATCATTTCGTCACC	0	0	0	0	0	0	0	0	618
GACGCCATCTAATAGGGTCTACCCGAGTGC	0	0	0	0	0	0	4.324817518	0	490
GACGCCTCGCGTGTTTTTCAGGGTGCCTGC	0	0	0	0	0	7.40625	0	0	0
GACGCCTGCCGGGCTCATTCTGAGCGAGTG	0	0	0	0	0	0	0	0	8
GACGCTACTTTTGTTGTTAAGCAACTCGTA	0	0	0	0	0	0	0	0	140
GACGCTTATCGTTTAGGTGCATGGGCCAGC	0	0	0	0	0	0	4.324817518	0	58
GACGGAGAGGGTATTAGGCGGGGACGGCCC	0	0	0	0	0	0	0	0	741
GACGGAGCAAACTAGGCCGGTCAGGGAGGT	0	0	0	0	4.917012448	0	47.5729927	0	702
GACGGCTCACATGTGCAGACATTTGCTCAA	0	0	0	0	0	0	0	0	568
GACGGGCGTGGTTGGGGGGTTAAAGGCGTA	0	0	0	0	0	0	0	0	11
GACGGGTAAGTTTTTCTAACGCGGGTCGGG	0	0	0	0	0	0	0	0	4849
GACGGTGTATTATTCTGCCGAGATCTGGTT	0	0	0	0	0	0	12.97445255	0	308
GACGTAATGTTCGAGTTCCCTCGTGCGAGA	0	0	0	0	0	3.703125	12.97445255	0	6682
GACGTATTATCCGCATAAAGCGGTCTGGCG	0	0	0	0	0	0	21.62408759	0	703
GACGTGGAGGGCTTTGGGTGATGTTGTAAG	0	0	0	0	0	0	8.649635036	0	1121
GACGTGTTGAGGGCCCTGTGTACAACGGTT	0	0	0	0	0	0	0	0	926
GACGTTAATGTAAGTACTACTAATCGGGAC	0	0	0	0	0	0	0	0	269
GACTACTGGCACCGTCTTCAGTATAAATCT	0	0	0	0	0	0	4.324817518	0	22
GACTAGCACCCATTTTTTTCGCGCTGGTGA	0	0	0	0	0	0	0	0	2
GACTAGCACCCTTTTTTTCGCGCTGGTGAT	0	0	0	0	0	0	4.324817518	0	7
GACTAGTGTGAGAATACTGCTATTACGTGG	0	0	0	0	0	0	0	0	280
GACTATAGTCCGGATGTATTACGACCACCT	0	0	0	0	0	0	4.324817518	0	44
GACTATGTCGATGCGTTGTTTATATGGGCT	0	0	0	0	4.917012448	0	0	0	0
GACTCACAAGTCATATTGCATCTCCAAGCC	0	0	0	0	0	0	0	0	773
GACTCCCGTTAATCGTGGCGAGAGCATGAA	0	0	0	0	0	0	0	0	8
GACTCGACGTGTGGTGCGTGGTGACATTTG	0	0	0	0	0	0	4.324817518	0	802
GACTCGGGTCGCATCCAGTCGTCGAACTAC	0	41.57894737	0	0	0	0	12.97445255	0	9197
GACTCGGGTTAGTACTGTCTCATGACGGCT	0	0	0	0	0	0	4.324817518	0	1115
GACTGAGTTGTAGCTCTTGTTTGTTGTTAA	0	0	0	0	0	0	0	0	757
GACTGCGTGTAGTGCCTTTATTCCGGAATA	0	0	0	0	0	0	4.324817518	0	0
GACTGCTTATGAGTATGAGAACGCTAGGGG	0	0	0	0	0	0	4.324817518	0	4404
GACTGGGCCGCCCAGCCCTTAAACTGTTCC	0	0	0	0	0	0	21.62408759	0	4029
GACTTAAATGTCTCAAAGTGTGCTTAGTTT	0	0	0	0	0	0	0	0	723
GAGAACTGCTTGTCACATCGGCGAATAGGA	0	0	0	0	0	0	30.27372263	0	10
GAGAAGAACACGGGGGTTACTCACATGGAC	0	0	0	0	0	0	0	0	878
GAGAATGCCGTTGGCCTTGTTGCTTGGGAC	0	0	0	0	0	0	0	0	570
GAGACAAAAGTCGGTGGTATGTTGTAATAG	0	0	0	0	0	0	8.649635036	0	40
GAGACAAGTTAGAGTTGGGTGTGGCCCGGT	0	0	0	0	0	0	0	0	1169
GAGACCATCACGTTCTGATTTCTGTTCAAT	0	0	0	0	0	0	4.324817518	0	131
GAGACGGCAGGGTGCGACGGCGCGGCGGTC	0	0	0	0	0	0	0	0	25
GAGAGAAGGCGGCGATGAGTGGGGTGGGGG	0	0	0	0	0	0	0	0	2
GAGAGAGTCTGCTACTCTGCATGTCCTGTA	0	0	0	0	0	3.703125	0	0	78
GAGAGATGACATGGTAGGAAAAATCGTGCG	0	4.157894737	0	0	0	0	0	0	555
GAGAGCATGGCATCGTTTAGTCAGTTGTGT	0	4.157894737	0	0	0	0	4.324817518	0	678
GAGAGCGCTGCGTTCTAACTATATTCGAAA	0	0	0	0	0	0	4.324817518	0	161
GAGAGCGTAGCTGAGGCACGCGACCTGCTG	0	0	0	0	4.917012448	0	0	0	0
GAGAGGGACCGATATTACGGCAGTTTTATA	0	0	0	0	0	0	0	0	989
GAGATAGCACCCGCTCGTGTGTTGGAGTAA	0	0	0	0	0	0	4.324817518	0	315
GAGATATATGGGTTGGTGGAGGTCGTGTAG	0	0	0	0	0	0	8.649635036	0	1539
GAGATGGGGGTACTAGGGGGATCGGCGTTG	0	0	0	0	0	0	17.29927007	0	961
GAGATTTGGCCTAAGTAGGTAGAGGGGGTT	0	0	0	0	0	0	0	0	301
GAGCATCGGGTATTCCGTGGGGGTGGGCCA	0	0	0	0	0	0	17.29927007	0	0
GAGCCCACCAAGTGGCCTTTGGGGGAGGGT	0	0	0	0	0	0	4.324817518	0	4846
GAGCCCTTGGTCTGCGCTAATTAGGCCTAT	0	0	0	0	0	0	0	0	2884
GAGCCGTGATGGCCAGGGGTCATTGGTGGC	0	0	0	0	0	0	4.324817518	0	251
GAGCCGTTTGGCGGATATCCGGCTGACGGC	0	0	0	0	0	0	0	0	2
GAGCCTGGATGGGTCAGGTGTGAAGTAATG	0	0	0	0	0	0	0	0	440
GAGCCTGTAGCAATTGTCTTTCGGATGAGG	0	0	0	0	0	0	4.324817518	0	779
GAGCGATAGGATATAGAACGGGTCCCTCCT	0	0	0	0	0	0	4.324817518	0	316
GAGCGATCACATTCGTAAGATTCGGATAGT	0	0	0	0	0	0	0	0	59
GAGCGGAATCATGAACCCGCCAAGTTAATG	0	0	0	0	0	0	4.324817518	0	859
GAGCGTTTAACTACTCCCATGCTTGCTCCA	0	0	0	0	0	0	4.324817518	0	154
GAGCTACTAATCGAGTTAAGTATGTTACAT	0	0	0	0	0	0	0	0	1033
GAGCTATGATTGTTTTCGATTGCACCTGAG	0	0	0	0	0	0	0	0	173
GAGCTGTTAGTCAGCTCTACGGATGCTATA	0	0	0	0	0	0	12.97445255	0	482
GAGCTTCAGAGACTGGTCGTACCCATTAGT	0	0	0	0	0	0	8.649635036	0	0
GAGCTTTAGTTATTCGGTCAATTAAATACA	0	0	0	0	0	0	8.649635036	0	1969
GAGGAACCGTTGCCTCCCGGCGGTGGGCTG	0	0	0	0	0	0	4.324817518	0	0
GAGGAATTCGTTGGATGTTAGAATGGGTAC	0	0	0	0	0	0	0	0	1230
GAGGACTCGCCTGTCATTAAGGACGATGGG	0	16.63157895	0	0	0	0	69.19708029	0	917
GAGGAGCAGGATCCTTTGTTACAGCTAAAA	0	0	0	0	0	0	4.324817518	0	196
GAGGAGTTCGGGAGCACATCGGCGTCGTCG	0	0	0	0	0	0	0	0	923
GAGGATTCAGTGTGTAGCGGGATGTTTGAA	0	0	0	0	0	0	0	0	2
GAGGCGAGCTGAACAGGCTGCAGGCGAAGA	0	0	0	0	0	0	30.27372263	0	924
GAGGCGGTAAGGCGGCCGGGGGCGTCCGCA	0	0	0	0	0	0	0	0	954
GAGGGAGAATGCGGGATTTGTCTGCGATAG	0	0	0	0	0	0	8.649635036	0	64
GAGGGGGGTGTAGTAGGGCTGTGGCTCGAG	0	0	0	0	0	0	0	0	3
GAGGGTGACATACGATGCGGTAATTACCTC	0	0	0	0	0	0	0	0	141
GAGGGTTGTGCTTCTTGCATCAACAATTCT	0	0	0	0	0	0	4.324817518	0	0
GAGGTATCCGTTCGGCACTGGTATTGCGAG	0	0	0	0	0	0	0	0	2
GAGGTCACTCGAAGCTGGAGTCAAATAGTG	0	0	0	0	0	0	0	0	1399
GAGGTCTAGCTGGGTTGGCCCGGAGATGTC	0	0	0	0	0	0	0	0	174
GAGGTGCCGGCTAACGTGCGGAAAATTAGT	0	8.315789474	0	0	0	0	0	0	306
GAGGTTACGGTGCAGGTCACGACGCACGTT	0	0	0	0	0	0	0	0	329
GAGGTTCCTCACCTTTCGCTAAGGGCCGGT	0	0	0	0	0	0	43.24817518	0	892
GAGGTTGAAAAGCCAGAGGGTTCGTGGGGC	0	0	0	0	0	0	0	0	831
GAGGTTGGGTTCCCCGAGGGTGTTAGCACA	0	0	0	0	0	0	4.324817518	0	16
GAGGTTGGTAGAGAGGAGGCGAGGAAGAGG	0	0	0	0	0	0	0	0	128
GAGGTTGTCCCGGTCATAAGACTCATGTGT	0	0	0	0	0	0	8.649635036	0	1136
GAGGTTGTCGGGTCGCCGTGGAATGTACCA	0	0	0	0	0	0	0	0	355
GAGTAAACAAGGTCAAACCTGGTTGGGTGT	0	0	0	0	0	0	0	0	1161
GAGTAAAGTTCAATTGTCCACTACTTTGAG	0	0	0	0	0	0	12.97445255	0	290
GAGTAACGTAAAGAAAGGTAGATATCTATT	0	0	0	0	0	0	4.324817518	0	0
GAGTAAGTTTCACTATGACTGAGTATCCGT	0	0	0	0	0	0	0	0	2
GAGTACGCCCCTTTAAATGCCGGAGAGTCG	0	0	0	0	0	0	0	0	391
GAGTACTTTGCATACTGTGGAATTTTTATC	0	0	0	0	0	0	0	0	904
GAGTAGAGGTTTACTGAAGACCAGTTGTAA	0	0	0	0	0	0	0	0	857
GAGTAGATACTTCGGAAGCGGTCCATTCTA	0	0	0	0	0	0	21.62408759	0	204
GAGTAGGGGTTACGGGCCTGGTAATTTAGC	0	0	0	0	0	0	4.324817518	0	128
GAGTAGTAGTTGATGTTTCATAAATTTGCG	0	8.315789474	0	0	0	0	0	0	455
GAGTATACAAGTCCTGGTAAGCTATGTAAA	0	0	0	0	0	0	12.97445255	0	7261
GAGTATCCGCATGCGTTGGCTGTTCGGATA	0	0	0	0	0	0	0	0	54
GAGTCACTGTTCTCTATTGAGAGTGAACGC	0	0	0	0	0	0	8.649635036	0	46
GAGTCAGAGTCGGCGGTTATTTCGACAGGT	0	0	0	0	0	0	0	0	2668
GAGTCATCTGGGAGACCGACATGGCTTAGT	0	0	0	0	0	0	17.29927007	0	135
GAGTCGTCGCCCATGTATTAATGAGGCAGC	0	0	0	0	0	0	21.62408759	0	4
GAGTGACCCCTACTTTGTCGACATGCAAGT	0	0	0	0	0	0	0	0	768
GAGTGAGATGTGTTGTGAACCGAGAGGCGG	0	0	0	0	0	3.703125	4.324817518	0	80
GAGTGAGGGTATTAGGGTTGGGATGTGGGG	0	0	0	0	0	0	12.97445255	0	0
GAGTGCAAGCTCACAGGTGCCGGAGCCCGT	0	0	0	0	0	3.703125	0	0	113
GAGTGCCGTGTTCAGGACGCTAGTTCTGAG	0	0	0	0	0	0	0	0	2
GAGTGCGGGAAGGAGGATGTGTGGGGCGGG	0	0	0	0	0	0	0	0	316
GAGTGGGTCGATGAAGTTTGAGGCTGTTAC	0	0	0	0	0	0	17.29927007	0	144
GAGTGGTTGTCCTCCTGACTGGGTGGCGCT	0	0	0	0	0	0	21.62408759	0	0
GAGTGTTATGGCAGGACCACAAAGCGAATA	16.53488372	0	0	0	0	7.40625	56.22262774	0	30233
GAGTTACCATCCGGAGTATGGCCGTCAAGC	0	0	0	0	0	0	4.324817518	0	8
GAGTTAGCGTGTGCCGCTGGGATATTCCGG	0	0	0	0	0	3.703125	0	0	812
GAGTTAGGGCTTGTTCTTAGCGAAGTTGTA	0	0	0	0	0	0	4.324817518	0	207
GAGTTATAGGTGAAAAGGCATCACTACTCA	0	8.315789474	0	0	0	37.03125	17.29927007	0	7944
GAGTTCAGGGCCGCCTAATACGTGACTTGT	0	0	0	0	0	11.109375	12.97445255	0	615
GAGTTCAGTAGGCTAACGCTTAGAGAGTGA	0	0	0	0	0	0	0	0	536
GAGTTCTTAGGCTTACAGTATCATGGGCAT	0	0	0	0	0	0	0	0	7
GAGTTGAAGCCCGGCAAGTGATTACGACGA	0	0	0	0	0	0	4.324817518	0	145
GAGTTTGTCACACACACTGAACAAATCATA	0	0	0	0	0	0	4.324817518	0	595
GAGTTTTTCTGGGCACAAGTTGGAGCAGCT	0	0	0	0	0	0	0	0	568
GATAAACTCGTTTAGGGCTTTTATCCTGTG	0	0	0	0	0	0	0	0	682
GATAAAGGGGTCCGACATGAATACGGGAGC	0	0	0	0	0	0	4.324817518	0	0
GATAAATATCAAACCACAATAAGTAGGGAT	0	4.157894737	0	0	0	0	0	0	0
GATAACGTACCTCACTCGGTTTCGATTTAG	0	0	0	0	0	0	0	0	782
GATAATAAGTCGGCGATCCGTTGAGCGGTA	0	0	0	0	0	0	0	0	616
GATACCTCGACACACAGATTGCTAAATCTG	0	0	0	0	0	0	0	0	1318
GATACTACGATGGCATCCTCTGTACAGTAT	0	0	0	0	0	0	0	0	45
GATACTATCGTCATAGTTGCATCGACAAGG	0	0	0	0	0	0	12.97445255	0	3
GATACTCGCAGGCGCGAACTGCCGGGCTCA	0	4.157894737	0	0	0	0	0	0	521
GATACTTTTCACTGGGCTTGCATGCTACAC	0	0	0	0	0	0	0	0	1491
GATAGACTGCGTTCTCCGGTGTAAATTTAT	0	0	0	0	0	0	4.324817518	0	0
GATAGGAGTCTGAGATGGTCACTGGGGCTG	0	0	0	0	0	0	0	0	78
GATAGGTCGCTGGAATGTTGCGGCTAGATT	0	0	0	0	0	0	0	0	809
GATAGGTTTCAGGTGCTAATCATATACAAC	0	8.315789474	0	0	0	0	0	0	6
GATAGTTGACGTAATATGAAACCAAGGGTA	0	0	0	0	0	0	4.324817518	0	1379
GATATGCAGTGTAGGTAAAGTATTCCGGAC	0	0	0	0	0	0	0	0	16
GATATGGCGGTTCGTCATGCAACGAAATTA	0	0	0	0	0	3.703125	0	0	288
GATATGTGGTACGATCCAATAGTAATGGCC	0	0	0	0	0	0	0	0	2
GATATTATTCCGATAGTGGAACGAGATGAG	0	0	0	0	0	0	0	0	1158
GATCCACGGTCTCTTATTAGGCGTCGCGTC	0	0	0	0	0	0	0	0	298
GATCCATAGATGCTTATGGCGAACATGTTC	0	0	0	0	0	0	0	0	184
GATCCCATTCCTGATCCCTCATTGGGCATG	0	0	0	0	0	0	0	0	247
GATCCGATGGTGACCCAGTCCGTTTGGAAT	0	0	0	0	0	0	0	0	887
GATCCGGCAGACTACCCATCGCCGATCACG	0	0	0	0	0	0	0	0	898
GATCCGGTGGTTCGTGGTCTATTGTGGTAC	0	0	0	0	0	0	4.324817518	0	1505
GATCCTTGAAAGTGTTTGCAACTGATTATC	0	0	0	0	0	0	0	0	1582
GATCGCAGGTTCGTGATTATATGGACAGAT	0	0	0	0	0	0	0	0	181
GATCGCGGAATTGTGTAGGGGCCCAGGGCT	0	0	0	0	4.917012448	0	0	0	276
GATCGGCGGTGAAGCACTGAACGCCTGACA	0	0	0	0	0	0	4.324817518	0	136
GATCGGCTGTCGATCTTCTCCACGTTTCCC	0	0	0	0	0	0	0	0	128
GATCGGGCGTGCAACCTGCCGGCAGAATGG	0	0	0	0	0	0	17.29927007	0	6386
GATCGGTCGTGGCGCGTGGGAGTAAGGACC	0	0	0	0	0	0	0	0	725
GATCGGTTGGATTTTTGGTGCTAAGACGAG	0	0	0	0	0	0	0	0	272
GATCGTACACACCTATCGGGCGGAGTCGAG	0	0	0	0	0	0	4.324817518	0	0
GATCGTTAGATGCCAGTTGTCCGGTCTTTC	0	0	0	0	0	0	0	0	147
GATCGTTTAACTTTAATGGTGGGTCTTTTG	0	0	0	0	0	0	0	0	1638
GATCTATCCTTTCATGCTCCGGTAGTTAGG	0	0	0	0	0	0	0	0	660
GATCTCAATAATCCTGACACGAGGGTATGT	0	0	0	0	0	7.40625	0	0	373
GATCTCACCCACTGAATCCGGTTTTGCAAT	0	0	0	0	0	0	0	0	1410
GATCTGTGAGGGCCAATAAGGGTATTAGTT	0	0	0	0	0	0	0	0	697
GATCTTTCAAACTTTTTTGCGTGAGTATCG	0	0	0	0	0	0	0	0	957
GATGAAATTACGGTGTGGGTAGTAAGATTA	0	0	0	0	0	0	0	0	813
GATGCCGTGAAATGGAGCTTTCACGCTTGT	0	0	0	0	0	0	12.97445255	0	5
GATGCCTTTGACCTTAATATGTCGCAAATA	0	0	0	0	0	0	0	0	474
GATGCGGGGGTGGGTGCCAGGACTTCAGCC	0	0	0	0	0	0	38.92335766	0	490
GATGCGTATGCCCCCCTCATTTCGCCCAGT	0	0	0	0	0	0	4.324817518	0	1321
GATGCGTTGAGGTTGATTGAGTTATAGCTC	0	0	0	0	0	0	0	0	924
GATGGCAATTCAGTTATCGCCCGCTGACTT	0	0	0	0	0	0	0	0	1098
GATGGCGCTTATGTTTAAACTAGGGCTTAT	0	0	0	0	0	0	8.649635036	0	197
GATGGCGTTATATTGAATGTGACTTTACGC	0	0	0	0	0	0	21.62408759	0	12
GATGGGCCTCATTTTGGAACATTGCAACGA	0	0	0	0	0	0	12.97445255	0	142
GATGGTGATTCCAGTGTGCTTTTTGTACAA	0	0	0	0	0	3.703125	4.324817518	0	8805
GATGGTGTCGAATTTCTCGCTGTCACAAAG	0	0	0	0	0	0	0	0	1122
GATGTCATGGTTGTGATGTCGACTTACGGA	0	0	0	0	0	0	8.649635036	0	1298
GATGTCCTGCATCTGTTATACTTCTGAACC	0	0	0	0	0	0	4.324817518	0	24
GATGTTAGGAGATCGTTGGCCTTTCGAGCA	0	0	0	0	0	0	116.770073	0	341
GATGTTATTCCAACGTGTATAGGTAGGTAA	0	0	0	0	0	0	0	0	22
GATTACGAGTTAGTAACTTTTTCGTTGATT	0	0	0	0	0	0	8.649635036	0	146
GATTAGAGCCCTTGAGCTCCGTGGCGCTCT	0	0	0	0	0	0	8.649635036	0	211
GATTATCTAGCCCATGAGAGTTACTCACTT	0	0	0	0	0	0	0	0	931
GATTATTTTCAGAACGTAGATTTGCACCCT	0	0	0	0	0	0	21.62408759	0	153
GATTCAGGGATATGATTGGGTGATCGGGTT	0	0	0	0	0	0	0	0	95
GATTCATGATTATGGCCTAGCTGTAAGTGT	0	0	0	0	0	0	4.324817518	0	67
GATTCCGAGCAATGGGTCAGCGGTGCCTAG	0	0	0	0	0	0	0	0	457
GATTCCGCATGGGCCACAATGTTTGCGGTA	0	0	0	0	0	0	0	0	2
GATTCCGTTTGTATCGTAGGTCTTTCAGGC	0	0	0	0	0	0	4.324817518	0	524
GATTCGAAGGCGGGTGACGGGAAGTATGGG	0	0	0	0	0	0	4.324817518	0	156
GATTCGTCTTTTCCCCGCTCTGGTGAATGC	0	0	0	0	0	0	0	0	23
GATTCTCAGCTTGCGCGCATGCGGGCCAGT	0	0	0	0	0	0	0	0	345
GATTCTCGGGTAGTGTGGGCTCGGCGGGTA	0	0	0	0	0	0	4.324817518	0	0
GATTCTGTGATTTCTGGAGTTTTGGCATTT	0	0	0	0	0	0	0	0	63
GATTCTTCATGGGATGGGAGGTGGCCAACG	0	0	0	0	0	0	0	0	845
GATTCTTGTTGTTAAGGGCTCGTCGTATTT	0	0	0	0	0	0	0	0	894
GATTGAGGTGGGATCAGGCAGCAAGCTGTG	0	0	0	0	0	0	8.649635036	0	134
GATTGATTTCCCTCCCAATATCTGCACATT	0	0	0	0	0	0	4.324817518	0	64
GATTGCACTTCTCCCAGACAGACATAGTAG	0	0	0	0	0	0	8.649635036	0	259
GATTGGCTTTCGAACGGCGTGGGTCCTGAA	0	0	0	0	0	0	0	0	1179
GATTGGTACAACCGCATTGTGGTGCACGTG	0	0	0	0	0	0	4.324817518	0	695
GATTGGTGCAGTTCTACCGCGCCGGGCGGC	0	0	0	0	0	0	4.324817518	0	0
GATTGTGACATATAGGTCCTTGTCTTATTG	0	0	0	0	0	0	8.649635036	0	11
GATTTAGTGAGTTTAAGAGAAGGCGCGCTT	0	0	0	0	0	0	4.324817518	0	108
GATTTAGTTCTTAAAGTTAGGGGTTCCTAA	0	0	0	0	0	0	0	0	26
GATTTCATTTCATGAGCCTTATCTTGGCAA	5.511627907	0	0	0	0	0	0	0	3
GATTTGCGATGCGAGTACCTGTTCGTAGGA	0	0	0	0	0	0	4.324817518	0	505
GATTTGCTCCAGTTAATTGAAACATGGGCT	0	0	0	0	0	0	0	0	1048
GCAAAAGATGATGTGTGTATTTCGTCCACA	0	0	0	0	0	0	12.97445255	0	1068
GCAAACAATGGGTCACGCGTTGCCTAAGCG	0	0	0	0	0	0	0	0	1041
GCAAAGGGCCTATGTAGCAAGGCATAGGTT	0	0	0	0	0	0	8.649635036	0	15890
GCAAAGTCTTCGCAGGTTCGTGACTAGTTG	0	0	0	0	0	0	51.89781022	0	2078
GCAAATAGGTGGGAACCGGACGTGAGATGG	0	0	0	0	0	0	4.324817518	0	48
GCAACCCTGCACCAGCGAAACCCACGTATT	0	0	0	0	0	0	0	0	194
GCAACCTGCGGAAGGCTGCCTAGTCATCGA	0	0	0	0	0	0	4.324817518	0	1633
GCAACGGTTCGATAGCTATACTGCTGTGCG	0	0	0	0	0	0	8.649635036	0	176
GCAACGTACCGGATAGTGCTATGACCTTCC	0	0	0	0	0	0	4.324817518	0	397
GCAAGATGCGGGGCGTTGCGTAGATAAAGA	0	0	0	0	0	0	0	0	811
GCAAGCGTTCTATCGGCGAGCCCCCAGTTG	0	0	0	0	0	0	8.649635036	0	36
GCAAGGCACATAGTGACAATGTGTTAAGGG	0	0	0	0	0	0	64.87226277	0	60
GCAAGGGCGTGATATGGGTCTGGTGAAGTT	0	0	0	0	0	0	4.324817518	0	145
GCAAGGGTAAAAAACTCCAACGTTTTTTCG	0	0	0	0	0	0	0	0	2
GCAAGGTAAAGTAGCCGTTGGGGCGGGCGA	0	0	0	0	0	0	0	0	1921
GCAAGGTCGGGGAGTACGCGTGATGAGTCG	0	0	0	0	0	0	0	0	2
GCAAGGTTGGATACGGCTCGTGCTGTTAGC	0	0	0	0	0	0	4.324817518	0	1538
GCAAGTAATCCCATAGCATAATAGTGCAAA	0	0	0	0	0	0	0	0	60
GCAATCTTTGCAGCATCGAGTGCGGAGGTA	0	0	0	0	0	0	4.324817518	0	7
GCAATGATGTTCGAGAATGCGCGTAGCCGT	0	0	0	0	0	0	4.324817518	0	39
GCAATTATTTTGAGTCGGGCTCTTGGAACT	0	0	0	0	0	0	0	0	1347
GCAATTGTGTTTCGGCTTCTCTACGCAGCA	0	0	0	0	0	0	0	0	9106
GCAATTTGAGGCCGATGTTTACGCACATTG	0	0	0	0	0	0	0	0	720
GCAATTTTATGTTATAGGTTTTTCGTGCCT	0	0	0	0	0	0	60.54744526	0	1741
GCACAAGTTAAATGTGGAATAGACGGCTAG	0	0	0	0	0	0	0	0	788
GCACACGGACTTGCCTCGGGCTGCCTAATG	0	0	0	0	0	0	4.324817518	0	1370
GCACACGTATTATCTAGAGAAACAAAGTCG	0	0	0	0	0	0	0	0	1401
GCACACGTGTTAGGCGGATCCCTTGGAGGA	0	0	0	0	0	0	17.29927007	0	371
GCACATGCATTGACTCAAGTAAAGAACTGG	0	12.47368421	0	0	0	0	527.6277372	0	10614
GCACATGTTGTACAATCGTTCCCGCTTGTC	0	0	0	0	0	0	4.324817518	0	1295
GCACGAGGTCAAACGCTCTTTCTAGCCCTT	0	0	0	0	0	0	0	0	2
GCACGCCGAATTATGGCGGGTAGCGAGGGG	0	0	0	0	0	0	8.649635036	0	159
GCACGCCGGGCATTATCGGCACGGGGAACT	0	0	0	0	0	0	8.649635036	0	81
GCACGGAGATATCGCGGATTGCGACGACTC	0	0	0	0	0	0	4.324817518	0	0
GCACGGCCTTCGCCAATTATCTGTTCCGCG	0	0	0	0	0	0	0	0	94
GCACGGTAGTATAGTATCAATCGATTGTGC	0	0	0	0	0	0	0	0	411
GCACTACAGATATACGATGGGGTGAAGGCG	0	0	0	0	0	0	0	0	383
GCACTCCGGATGCGCATGCGAGTCGGGGCT	0	0	0	0	0	0	0	0	641
GCACTGGTTTAGGCAGGGATGAGTAAGTTC	0	0	0	0	0	0	125.419708	0	27774
GCAGACGCCTCGCCTTTTAGTACTTGCTGT	0	0	0	0	0	0	0	0	274
GCAGACTGATCATTTTAGAATCGTAATTCT	0	0	0	0	0	0	51.89781022	0	283
GCAGAGCAAGCGCAACGGGAGCCCTGTAGT	0	0	0	0	0	0	0	0	2
GCAGAGCTTGTTATCCATCAATGCAGTATT	0	0	0	0	0	0	0	0	912
GCAGAGGTTAGCAGTGCGCTGGAGGGCTGT	0	0	0	0	0	0	0	0	1197
GCAGAGTGGAACGTTTATAATCTTCAACTC	0	0	0	0	0	7.40625	12.97445255	0	1186
GCAGATGTACATGTTCGGTATTGGGATGAT	0	0	0	0	0	0	0	0	242
GCAGATGTCTCTGTGTTGTTCGTCACCTTC	0	8.315789474	0	0	0	0	21.62408759	0	11084
GCAGCCCGGGCGGGCTGGCGAGATTAATGT	0	0	0	0	0	0	0	0	442
GCAGCGGCCTCGGGTAGAAGTGCATCGGCC	0	0	0	0	0	0	4.324817518	0	0
GCAGCGTCCTCCTCGTATGGTGATGGGCCG	0	0	0	0	0	0	34.59854015	0	1599
GCAGGCCAGGCCTTGCTACCTACAGTCTAT	0	0	0	0	0	0	12.97445255	0	835
GCAGGGACGACGCTCGGGCGGGTGCGATGT	0	0	0	0	0	7.40625	0	0	215
GCAGGGGGAACTAGAATGGCGTAGGGTGGG	0	0	0	0	0	0	4.324817518	0	451
GCAGTCACGAATTTTATCTAGTAGGGATTA	0	0	0	0	0	0	17.29927007	0	7565
GCAGTCTCCTAGTACCATGGGTTTATCGTC	0	0	0	0	0	0	0	0	942
GCAGTGTACCACTACCTTTACATTGCGTCT	0	0	0	0	0	0	4.324817518	0	508
GCAGTTAGAGGGGGGAGTCTCTGGTTCATA	0	0	0	0	0	0	4.324817518	0	0
GCAGTTCGTTGTGTGTGATGACATGGGGAG	0	0	0	0	0	0	38.92335766	0	170
GCAGTTGTTAACGGCGTTTTCGTGCACGAT	0	0	0	0	0	0	0	0	1378
GCATACGAAAAATACCCCTCCTGCCTTGAC	0	0	0	0	0	0	4.324817518	0	2480
GCATACGAGGAGTGCGCGCCGTTGAAGGGT	0	0	0	0	0	0	4.324817518	0	84
GCATACGATTCTTAAGACGGGTTATCACGT	0	0	0	0	0	3.703125	51.89781022	0	20
GCATAGGCCATGTCACTTCGATATTAGATA	0	0	0	0	0	0	8.649635036	0	183
GCATATGTCGTGAGATGACTATCAGCTATG	0	0	0	0	0	0	0	0	444
GCATCACACTTGCCTGGCTACTCGGGTACA	0	0	0	0	0	0	21.62408759	0	1133
GCATCAGATGTCGTAAGCAAGACTGTTAGA	0	0	0	0	0	0	0	0	3
GCATCCATCTCTTGGGGAAGGTAAGGGGGA	0	0	4.610894942	0	0	0	0	0	0
GCATCCTTCTTGCTGTCGTTGTGTATCCTC	0	0	0	0	0	0	4.324817518	0	1236
GCATCGGTACTTTTGAATTTCACCAGCGTC	0	0	0	0	0	0	30.27372263	0	837
GCATCTGGACATGGTTTAGATAAGAGGTCG	0	0	0	0	0	0	0	0	938
GCATCTGTTACCTCTAATTGTGGGGGGTAC	0	0	0	0	0	0	0	0	2
GCATGATATGACTGATCTGAAACTCAGTGT	0	0	0	0	0	0	4.324817518	0	2995
GCATGCGTGGCAGAGTGTGTTGTTAGGGGG	0	0	0	0	0	0	0	0	6
GCATGCGTGTGGAAGAAACTGACTAGGTCT	0	0	0	0	0	0	0	0	1185
GCATGGCTGTCGGCTATGGGGGAAACGTGA	0	0	0	0	0	0	0	0	1258
GCATGGTTAGCGTTCCTCGGGTCACGTAGG	0	0	0	0	0	0	0	0	1114
GCATGTCAGTCAAAACTTAATTGCGATTTG	0	0	0	0	0	0	0	0	1827
GCATGTCTACCAGGGCTGTCTCGACAAAGA	0	0	0	0	0	14.8125	0	0	245
GCATGTGACTCAGATTGGCTACTTGGGAAC	0	0	0	0	0	0	0	0	2
GCATGTGGAGGTATGAATCATCAGGAGCTA	0	0	0	0	0	0	47.5729927	0	13
GCATGTGGTGAGTGCATGTATGTCTTGGGA	0	0	0	0	0	7.40625	0	0	30
GCATGTTTTTCTATATCGCCTTATTACAAC	0	0	0	0	0	0	4.324817518	0	1039
GCATTAACTCTTGTTATATGTGCACGGATC	0	0	0	0	0	0	0	0	988
GCATTCCTGGTGCGTCAGTCTGTCGTGGGT	0	0	0	0	0	0	4.324817518	0	0
GCATTCGAGTGAATATGACAGCTACTTGAC	0	0	0	0	0	0	0	0	666
GCATTCGGTTCGCAGTGATGGCGACAGTCC	0	0	0	0	0	0	8.649635036	0	81
GCATTCGTTTTCGTAGCTAGATTCATACAT	0	0	0	0	0	0	4.324817518	0	252
GCATTGCGTTACAATTAAGTCATATTAGGG	0	0	0	0	0	0	0	0	1669
GCATTGCTGATTGATGTAAAGCGGCAAACA	0	0	0	0	9.834024896	0	0	0	970
GCATTGGTGATGCAGGTTATGAAGGTTTGG	0	0	0	0	0	0	4.324817518	0	0
GCATTGGTTTTAAAAATTCACCAGAGCAAA	0	0	0	0	0	0	17.29927007	0	13
GCATTGTTCCGTTACCTCTTCATGTATTTT	0	0	0	0	0	0	4.324817518	0	158
GCCAAAGTAGTCAAAATATGTCAACGCGTA	0	0	0	0	0	0	25.94890511	0	1702
GCCAACGGCTTCTTAGGGCAGGAGACTGAA	0	0	0	0	0	0	0	0	904
GCCACGAGGCAATAGCTGCACCTTTTACTT	0	0	0	0	0	0	38.92335766	0	1120
GCCACGAGTGTCCTAGACAGGTTCAAGCAC	0	0	0	0	0	0	0	0	278
GCCACGGTTTTACGGGTCATGCTTGCACCA	0	0	0	0	0	0	21.62408759	0	691
GCCACTAAGGCAGTTAGAATACAGCGATCA	0	0	0	0	0	0	0	0	3
GCCAGAGGAGAGGGGTCCGGGGGGAGGCTA	0	0	0	0	0	0	0	0	183
GCCAGTTTTGACGTTCGCATTCTGATGCAA	0	0	0	0	0	0	4.324817518	0	170
GCCATCCAGATCGAGTTCACTGTACTTTCC	0	0	0	0	0	0	0	0	685
GCCATCCGACACCCATCGACCGCACCCGGC	0	0	0	0	0	0	0	0	1599
GCCATCCTATATCTCTGAATAGTGTTATTC	0	0	0	0	0	0	0	0	2
GCCATGACCCTATATTATGACCGGTTGTCC	0	0	0	0	0	0	4.324817518	0	0
GCCCAAAGGGTAGCTCGACCTATCGTAGTT	0	0	0	0	0	0	4.324817518	0	989
GCCCAGGGTAAGGAATCATACGCCTTGGAG	0	0	0	0	0	0	0	0	1416
GCCCCACAGGGACCCTAGAAATAGTCTAAG	0	0	0	0	0	0	4.324817518	0	0
GCCCCCTGAAGACCAGACAGAGCCATGCCC	0	0	0	0	0	0	4.324817518	0	193
GCCCCCTTTGCGTCATGCCATAAGAACTTG	0	0	0	0	0	0	4.324817518	0	118
GCCCGAAGTGTCAGCTTGTAGTTGAAGTAT	0	0	0	0	0	0	4.324817518	0	118
GCCCGAGAACAGGTGATGGCTTTAAAACAG	0	0	0	0	0	0	43.24817518	0	425
GCCCGAGGTCACCCGGCGGTCCCGGGAGAG	0	0	0	0	0	0	0	0	202
GCCCGCCGGAATCTTCTGATAGCGTGGAGA	0	0	0	0	0	3.703125	0	0	0
GCCCGGAGCTGGTGTCTCCGTTGGCCTGGC	0	0	0	0	0	0	0	0	2
GCCCGTCATTGTAAGCCTGCGTCGGAACCG	0	0	0	0	0	0	0	0	1289
GCCCGTGGGGTTCAACTGGGTGTCCGTCAT	0	0	0	0	0	0	0	0	2
GCCCTCAATCTTCAGGCCGACCAGGCGTTA	0	0	0	0	0	0	4.324817518	0	946
GCCCTCCTGAGTTAGTTCGAAAGGGACCAG	0	0	0	0	0	0	0	0	468
GCCCTTGCTCCTGCAATCTGGTTTACCACA	0	0	0	0	0	0	8.649635036	0	1005
GCCGAAGACACACATGTTTTCCTGCCGGCC	0	0	0	0	0	0	0	0	1369
GCCGACGGCGCCCCATTAATTTGTCTGTAG	0	0	0	0	0	0	0	0	1945
GCCGACGTTTTAGTTGTTATTACGGTAGAT	0	0	0	0	0	0	0	0	50
GCCGATGTACCTTAATAACGAGGTCCAGTG	0	0	0	0	0	0	25.94890511	0	550
GCCGCAAAGCCCCATTCGGTATAGGTAACA	0	0	0	0	0	0	17.29927007	0	543
GCCGCAATGCGTCAGGATTGGGACACGGTG	0	0	0	0	0	0	0	0	927
GCCGCCAAATCAGTAGAAACGCCGTTTGTT	0	0	0	0	0	0	4.324817518	0	997
GCCGCCGACGTCAAATTGGGGTAGAGGGCG	0	0	0	0	0	0	0	0	1103
GCCGCGCGCTGATGTGTCGCGATAAGAGGG	0	0	0	0	0	0	0	0	1720
GCCGCTAACGTCGATGCCCCGACCAGCTAG	0	0	0	0	0	0	0	0	1724
GCCGGACTTCTGTCTAATCGGCCGTGTTCA	0	0	0	0	0	0	0	0	3
GCCGGCGTATCCGTAAGTAATCGGCATACA	0	0	0	0	0	0	0	0	547
GCCGGGAGCCAGCGTTTATGTGGTTTATGA	0	0	0	0	0	0	4.324817518	0	155
GCCGGGTCAATGGACCCTACTACGACTTGT	0	0	0	0	0	0	0	0	428
GCCGGTCCTTAGGGGTTGGACCGGAGGGGC	0	0	0	0	0	0	0	0	338
GCCGGTTTGGTAGAGGGGAAAGGCGGTTGC	0	0	0	0	0	0	0	0	722
GCCGTACATTTAGGAAAAATGCGCTTTTGA	0	0	0	0	0	0	21.62408759	0	455
GCCGTCTAGATGTATGACCCTATGGGAACG	0	0	0	0	0	0	0	0	2
GCCGTCTAGTTACAACTTCCCTGTACTAAT	0	0	0	0	0	0	25.94890511	0	384
GCCGTCTGTGAGCACAGCTTGTGCGAGCTA	0	0	0	0	0	0	0	0	2964
GCCGTTCATAACTACAGGAGTTGCTTTTAT	0	0	0	0	0	3.703125	0	0	132
GCCGTTCATGGCTTTCTTGTCAGAGGAAAC	0	0	0	0	0	0	8.649635036	0	217
GCCGTTCTCAAGAATTCTCCCTAGTAGAGC	0	0	0	0	0	0	0	0	943
GCCGTTTGCGTTGCAGATCGTGCCGTGCAG	0	0	0	0	0	0	0	0	1152
GCCTAACATGTTGAACCCTGGTTATTAAAC	0	0	0	0	0	0	21.62408759	0	982
GCCTACATTTTTGGCTTATCAATCGCTTAA	0	0	0	0	0	0	112.4452555	0	1373
GCCTACCTTGAGAGCCGTGGCTTTTCTCGT	0	0	0	0	0	0	12.97445255	0	68
GCCTAGACAAAGCGTAATCTTATAATGGGG	11.02325581	0	0	0	0	0	0	0	0
GCCTAGCAGTTATTTGAGAAAATAATCATG	0	0	0	0	0	0	0	0	684
GCCTATTTATGGGATTAAGTGAAATTGAGA	0	0	0	0	0	0	8.649635036	0	210
GCCTCAAGAGTACCCTGTACTTGCGAGGAC	0	0	0	0	0	0	4.324817518	0	0
GCCTCATATATCCAAGAGTTTTATTCGCGA	0	0	0	0	0	0	8.649635036	0	31
GCCTCGGCTGTGCATTCACTGTTATATATC	0	0	0	0	0	0	0	0	334
GCCTCTGCGTTCCGCAACTCGGAACGTTTG	0	0	0	0	0	0	0	0	1619
GCCTGAGTTAGGTGATTATTTCAAGATGTG	0	0	0	0	0	0	0	0	142
GCCTGCGGGTCTAGTGCTTTATCGATCCTC	0	0	0	0	0	11.109375	0	0	43
GCCTGCTTGGCCACCATGCTCGAAGAGGGT	0	0	0	0	0	0	0	0	2
GCCTGTAATTGCAGGGAGGTCGGTCATGGT	0	0	0	0	0	0	0	0	5323
GCCTGTCAGCCTAGGTTGTACTAGCCTCCT	0	0	0	0	0	0	0	0	2
GCCTTCGTGATAGTGGCGAGCATGTTACTA	0	0	0	0	0	0	0	0	848
GCCTTCTAAGTGATCGTATGATTATAGGTT	0	0	0	0	0	0	4.324817518	0	0
GCGAAAGGCACGTTTACCGTGGGCTAGAAG	0	0	0	0	0	0	0	0	102
GCGAAGGTAATGTGGATAAGAGTGTGGGTA	0	0	0	0	0	0	0	0	112
GCGAAGTTAGAAGATTGCTGTTTAGGCGTC	0	0	0	0	0	0	0	0	122
GCGAATTCTTCCTTGTAAGCGCACTCGGCC	0	0	0	0	0	0	4.324817518	0	76
GCGACATCACATACTGCGTCGATACTGGGA	0	0	0	0	0	0	0	0	11
GCGACATTAGCACCGGGCTTCTCGGATCGT	0	0	0	0	0	0	0	0	38
GCGACCAGATGTAATCCATTAGATTTAAGT	0	0	0	0	0	0	8.649635036	0	0
GCGACGGAGTAAGTGAGACGGTGGGGCACT	0	0	0	0	0	0	12.97445255	0	859
GCGACTCAAGATGGTTCTGCGCTCTCTTGT	0	0	0	0	0	0	0	0	285
GCGACTTGGTACAAGGTATTGCATGGAGCG	0	0	0	0	0	3.703125	4.324817518	0	5675
GCGAGGTGGTCTGTCGTGGCTGCGGGGGCG	0	0	0	0	0	0	0	0	791
GCGAGTGACTTAAACGGCGGTTAAGGTTCC	0	0	0	0	0	0	4.324817518	0	85
GCGATAACTAGAGCGGGAACCTATACGATA	0	0	0	0	0	0	0	0	1302
GCGATACTGCGGCCGCTACCTAATTGCCGT	0	0	0	0	0	0	0	0	4
GCGATAGACAGGGTAGTCAGCTCATTCGTT	0	0	0	0	0	0	0	0	689
GCGATAGCGAACCTCAGCCATGGACGGGCA	0	0	13.83268482	0	0	0	0	0	829
GCGATATATAGGCGACTGGCTTAGCTAATA	0	0	0	0	0	0	0	0	209
GCGATCAGCTAGCCATCTTATTAGGTGTAT	0	0	0	0	0	0	0	0	202
GCGATGCAAACTGTGGTATACGTAGCGCTG	0	0	0	0	0	0	0	0	1526
GCGATTAAAGCGAGTGCTCGGACTACCCCA	0	0	0	0	0	0	4.324817518	0	497
GCGATTCATTTTGCTATATCGGGGGGGATT	0	8.315789474	0	0	0	0	0	0	1182
GCGATTCGGATTGGTCCATATTGCATTACA	0	0	0	0	0	0	8.649635036	0	81
GCGCAGTGGGGCTTTTCTCGGCCGGTTAGT	0	0	0	0	0	0	0	0	126
GCGCAGTTAAGGCGGACGCTCGTCAAGACG	0	0	0	0	0	0	0	0	613
GCGCATATGTTTGCGATAAATAGAGGTGTT	0	0	0	0	0	0	21.62408759	0	887
GCGCCACAAGACGAAATCTCGAGTTGAGTT	0	0	0	0	0	0	4.324817518	0	125
GCGCCATCGGCTCCCGTCAATAGATTTTTA	0	0	0	0	0	7.40625	0	0	151
GCGCCGCTTATTTGTGCCTTTGTGTCTGTA	0	0	0	0	0	0	17.29927007	0	1445
GCGCGAGAGTAAGATGGTGCTTTTTGAACG	0	0	0	0	0	3.703125	0	0	213
GCGCGATTCTCCTCTACAAGAGGGGGGGCT	0	0	0	0	0	0	4.324817518	0	42
GCGCGCACATAAAGCGCCACCAGAAATGAT	0	0	0	0	0	0	0	0	1209
GCGCGCTGGGTCAAGTGAGAGTAGGGGTGA	0	0	0	0	0	0	0	0	597
GCGCGGGGTCCTTCGTTCGTTTGCTAGTCT	0	0	0	0	0	0	0	0	3
GCGCGTCTTCCAGGAATTGACTAGCTCGCA	0	0	0	0	0	0	4.324817518	0	621
GCGCGTTTGTGGCGTACTACGTTGGTAGTC	0	0	0	0	0	0	4.324817518	0	66
GCGCTAGGCTCGAAAGGTGGAGGCGCGGCA	0	0	0	0	0	0	0	0	185
GCGCTCAGTCACCGGGTTGGTGTCGTGTAC	0	0	0	0	0	0	0	0	421
GCGCTCATAGGTAGGGGAAAGGCGCCTGGG	0	0	0	0	0	0	4.324817518	0	0
GCGCTTCACGCTCATTGTTAAATGGTTTTA	0	0	0	0	0	0	0	0	837
GCGCTTGGGATTCTGCTCATTCATGTCTTT	0	0	0	0	0	0	0	0	3
GCGCTTTTGGCTGTAGTCAAATTTTAAAGA	0	0	0	0	0	0	0	0	1155
GCGGAAAAGGTTTTGCGCGAACGCGACGGA	0	0	0	0	0	0	4.324817518	0	291
GCGGAACGCCATATTTCTCCCTATCATTAA	0	16.63157895	0	0	0	0	0	0	258
GCGGACTATTTACCCATAGGTCTCTCTTCT	0	8.315789474	0	0	0	0	0	0	291
GCGGAGCGGTTTAAGAGACACGTTACGTGG	0	0	0	0	0	0	30.27372263	0	15697
GCGGAGTGTTCGGTGTATGAGGTTCATTAG	0	0	0	0	0	0	0	0	1450
GCGGATAACATACAGGGAGCGATGATCAAT	0	0	0	0	0	0	0	0	687
GCGGCAGCGGGCACGGAGGGGGGATAGCCT	0	0	0	0	0	0	0	0	736
GCGGCAGGGCCCGGTGTCGTCGACGAGTGT	0	0	0	0	0	0	0	0	1797
GCGGCCATTGCGATCTTTGTTCCATTTGAA	0	0	0	0	0	0	0	0	1173
GCGGCGATTTGGGGCCGAATCGCTTCCTGG	0	0	0	0	0	0	12.97445255	0	38
GCGGCTGATCTCGGTAACAGGTGGCGTGCC	0	0	0	0	0	0	0	0	285
GCGGGAGGACGGTTAGCCGGCTCTTTCACC	0	0	0	0	0	0	0	0	959
GCGGGCGCACGCGCCGCGGCGGCAATGTTC	0	0	0	0	0	0	0	0	577
GCGGGGACGCTGTTCCTTTCATCTACGTGT	0	0	0	0	0	0	4.324817518	0	321
GCGGGGGATCGCAAGGCCTAGGCCAAAATC	0	0	0	0	0	0	0	0	246
GCGGGGGGTGCGAGTCGGTCGGCGCCATGA	0	0	0	0	0	0	4.324817518	0	4
GCGGGGGTATACAGCTCGATACGCTGCTCT	0	0	0	0	0	7.40625	0	0	14
GCGGGGTTGGGCAAGGATCGGAGCAGGGCG	0	0	0	0	0	0	0	0	275
GCGGGTGAAAGATCCAGGCGGTTTAGCAAG	0	0	0	0	0	0	0	0	4
GCGGGTGGCAACTGGGCTATGGTGAAGGCT	0	0	0	0	0	0	0	0	181
GCGGGTGGGATTGAAGTGCCACTGGAAATA	0	0	0	0	0	0	4.324817518	0	0
GCGGGTTAGGCGGTGCACCGGGGCAGCGTT	0	0	0	0	0	0	0	0	54
GCGGTCCGGTGGCACGAGCGCGCCACGCGG	0	0	0	0	0	0	0	0	98
GCGGTCCTTCAAGGTATGTTCACTTGCGGC	0	0	0	0	0	0	0	0	2
GCGGTGGTGCATCCTCCGTTAACAACTATT	0	0	0	0	0	0	4.324817518	0	870
GCGGTGTGGTTGCAGATAGTTGTCTCTACA	0	0	0	0	0	0	8.649635036	0	1084
GCGTAAGAAGCAAAGTGTTGCGATCGGCGT	0	0	0	0	0	0	0	0	3
GCGTAATTGACACTCCGATGAATTTTTGCT	0	0	0	0	0	0	0	0	168
GCGTACACGGGTTATTGTGCGTTCCTGATC	0	0	0	0	0	0	0	0	405
GCGTACATGAAAGGGACCCAGGAGTTCCGG	0	0	0	0	0	0	4.324817518	0	427
GCGTACTACAACGGGTTTCTCCGGCCAAAG	0	0	0	0	0	0	25.94890511	0	1246
GCGTAGTCCTACCATGGTGAGTGCGAGGGC	0	0	0	0	0	0	0	0	2
GCGTATGAAAACGATGCGTAACCTGGTCTG	0	0	0	0	0	0	0	0	6
GCGTATGCTCAGCCATAAGACTCTTCGGTC	0	0	0	0	0	0	4.324817518	0	33
GCGTCAAGAGTACCCTGTACTTGCGAGGTC	0	0	0	0	0	0	30.27372263	0	90
GCGTCAAGCGCGGACCAGGGCGGACGTCGC	0	0	0	0	0	0	21.62408759	0	336
GCGTCACTCTAGAACGAATGTCACACAGCC	0	0	0	0	0	0	0	0	6
GCGTCCATCTGCTCGGCGGAGAATCTGGGT	0	0	0	0	0	0	0	0	291
GCGTCGACTTTGTCGGTTAATGAGAGGAGG	0	0	0	0	0	0	0	0	2
GCGTCGCAGGCCATGCCGAATGGGCCCCGT	0	0	0	0	0	0	0	0	53
GCGTCGCATCCGGGACAGTAGCGCTTTACG	0	0	0	0	0	0	0	0	20
GCGTCGGAGCGAAAGGCTTGGGCACAGCCG	0	0	0	0	0	0	0	0	224
GCGTCGGTCGGGTAATAGGGACGAGTGTCG	0	0	0	0	0	0	0	0	193
GCGTCTAATTTCCTTCGCATACGGCGCTAT	0	0	0	0	0	0	0	0	69
GCGTCTATGGGTGCGAGCGTATGGGAGAGC	0	0	0	0	0	0	8.649635036	0	17
GCGTGAAAGCCGGTAGGCTGGAGGGATAGT	0	0	0	0	0	0	0	0	27
GCGTGAGAACCACATTTTGTTCAACATCAA	0	0	0	0	0	7.40625	0	0	72
GCGTGATGTCTTGTGTTTTATTGCACATTA	0	0	0	0	0	0	4.324817518	0	1014
GCGTGGACAGTGTCTGTACGCAGATTTTAT	0	0	0	0	0	0	4.324817518	0	0
GCGTGGATTCCACTGCACAGTCTTCCGGGC	0	0	0	0	0	0	4.324817518	0	13
GCGTGGGAACAGGCCAAAGAGTGTGGAGCC	0	0	0	0	0	0	0	0	68
GCGTGTAAAAACGCGATCTCGAATCGTTGT	0	0	0	0	0	0	0	0	1290
GCGTGTAGTCTCTCTGTCATGTCGGATACA	0	0	0	0	0	0	0	0	16
GCGTGTGATCTATGTAAATGAGATACCGCT	0	0	0	0	0	0	0	0	705
GCGTGTTATTCACGAAGGAGTGTCGGGAAC	0	0	0	0	0	0	0	0	789
GCGTTAATCCGTACTATTTGTTAAAGCTTC	0	0	0	0	0	0	4.324817518	0	27
GCGTTCGTCTGGTTATTAGGGTAAGATGTA	0	0	0	0	0	0	0	0	12
GCGTTCTGCGTAGGCGTGACATTGAGGTTG	0	0	0	0	0	0	0	0	69
GCGTTTAGTATCGCTTCTAAAGTCAGATGT	0	0	0	0	0	0	0	0	2
GCTAAATTACTTCTTAATTCGCCACGGTCC	0	0	0	0	0	0	0	0	3
GCTAACGTGGGCGATTGATAGAGTTTTGGG	0	0	0	0	0	0	0	0	1780
GCTAATAGGCTCCATGTCAGAGCGCGTCTG	0	0	0	0	0	0	0	0	1801
GCTAATTCCATTCCTCATTTACGCGCGCTC	0	0	0	0	0	0	4.324817518	0	0
GCTAATTGATATGATTATGTAAGTAGAAGT	0	0	0	0	0	0	0	0	792
GCTAATTTTAGCGTAGCCGTTAATTGTCAA	0	0	0	0	0	0	4.324817518	0	0
GCTACAGGCAGTTGTTCGTGCGCACCGGGG	0	0	0	0	0	0	0	0	434
GCTACCTTCTGCTTTGGATTTTTCGCCCGT	0	0	0	0	0	0	0	0	1312
GCTACGAGCGATCTGGGAGCCTTGGGCAAC	0	0	0	0	0	0	0	0	671
GCTACGATAGTGAGCATGATGTCCCGTGTG	0	0	0	0	0	0	4.324817518	0	963
GCTACGTGTGCACGTGGACCGGGGCTACGC	0	4.157894737	0	0	0	0	0	0	7
GCTACTAGGTCTATTCTTTGTACTGGCGTA	0	0	0	0	0	11.109375	0	0	1566
GCTACTATCTTCCGCCCTGTTTTGTGTAAT	0	0	0	0	0	0	0	0	334
GCTACTCTAAGTCCTGCTGAGCTACCGCAT	0	0	0	0	0	0	0	0	3069
GCTAGGATAACCCTGTTTTCTGGAGCCAAA	0	0	0	0	0	0	30.27372263	0	3
GCTAGTATCTTTCTCATCTTTTCCAGGTGC	0	0	0	0	0	0	0	0	301
GCTATAATTACCCGTCCTCTAGAGTCGGCA	0	0	0	0	0	0	4.324817518	0	2001
GCTATCGTGTCCATTGTTAAAAGAACATTA	0	0	0	0	0	0	25.94890511	0	0
GCTATGAAGTGATTGACGTCGGGTACGAGG	0	0	0	0	0	0	0	0	1857
GCTATGATTTGAGGGTTGTGCACATTAGTA	0	0	0	0	0	0	0	0	1240
GCTATGGCTGGATCCCACGTTGAATTTTGC	0	29.10526316	0	0	0	0	0	0	905
GCTATTTGGCGATACACCATACGTTACCGG	0	0	0	0	0	0	4.324817518	0	1191
GCTCAATAGGTGAGGACATTTGTTAAAACC	0	0	0	0	0	0	4.324817518	0	445
GCTCACTTGTAGGGTAGTTACCTGGTTGGC	0	0	0	0	0	0	0	0	1013
GCTCAGAACTGTTGTATAAACTACTACGTA	0	0	0	0	0	3.703125	0	0	0
GCTCAGTGATGGCGCGCCAATGGGTGGGTT	0	0	0	0	0	0	4.324817518	0	932
GCTCAGTTCCTATATAGTGTGTTGGAGTTC	0	0	0	0	0	0	0	0	162
GCTCCCGACGCGGGGTGGAAATGAGCTGGG	0	0	0	0	0	0	0	0	2
GCTCCCGCCAACCAAGATGGGTGATTTCAG	0	0	0	0	0	0	4.324817518	0	2
GCTCCGCGATTGTTGGCCATAATAGGGGAT	0	0	0	0	0	0	17.29927007	0	853
GCTCCTGAGGGATGGTTTCTGTTTACTTAG	0	0	0	0	0	0	4.324817518	0	828
GCTCCTTTTGGGTCATTATGTATCCGTCCA	0	0	0	0	0	0	4.324817518	0	630
GCTCGAGAGGAGCTTCCTTAGCGTCGAGCG	0	0	0	0	0	0	0	0	1962
GCTCGCTATTATCCTGAGATAGGACCATTC	0	0	0	0	0	0	4.324817518	0	922
GCTCGCTTAAAGCAGGCTAGGGCCCGGGGA	0	0	0	0	0	0	0	0	835
GCTCGTCGTATGATCGCCCTGAGAAAAATT	0	0	0	5.837438424	0	0	0	0	0
GCTCTAGGTTATTGAGCCGTTGTGTGTAAG	0	0	0	0	0	0	17.29927007	0	0
GCTCTTGACAGAGCAGGAAGTAATGCGACC	0	0	0	0	0	44.4375	0	0	2220
GCTGAACTTTGCGTCATTTTTGGAGGCTGC	0	0	0	0	0	0	0	0	13
GCTGAAGTAGTGTAGCGTCACAAAAGGAGC	0	0	0	0	0	0	4.324817518	0	162
GCTGACCTGGGTATCATTGCGGATAGTGTC	0	0	0	0	0	0	38.92335766	0	587
GCTGAGACTGTGATAGAATTATACGAAAGC	0	0	0	0	0	0	0	0	4
GCTGAGGCTGAGGTGATACAGCAGCTAGGG	0	0	0	0	0	0	4.324817518	0	6
GCTGAGGTGGGAGGTAGATGTCGGAGGCGA	0	0	0	0	0	0	4.324817518	0	1728
GCTGATCGAGAGGGTGTCGTTGTGGGGGGG	0	0	0	0	0	0	0	0	973
GCTGATGGTATCGGTATACACCAGGGGAAC	0	0	0	0	0	7.40625	0	0	0
GCTGCACAAGTATTTAGGCCAGGGTACTAG	0	0	0	0	0	0	0	0	435
GCTGCCCAGACGGGGATTATCCGGGGGATG	0	0	0	0	0	0	0	0	257
GCTGCCGCTTGCGGGGAGGGTGCTGGAATA	0	0	0	0	0	0	0	0	572
GCTGCGGCAATGTACTACGTGGTAGCGCAG	0	0	0	0	0	0	8.649635036	0	0
GCTGCTGGGCAAGGGAGGGGTTTGAATGGG	0	0	0	0	0	0	0	0	78
GCTGGACTTCTTCTGATCTTGTGCTTGTTT	0	0	0	0	0	0	0	0	136
GCTGGTCAGGGGCGGATAGCGTTCAAATCC	0	0	0	0	0	0	69.19708029	0	1096
GCTGGTGCTTCTTGCGTGATCGACCAATAG	0	0	0	0	0	0	4.324817518	0	107
GCTGGTGGTAATAGTTAATTCTATGACAAT	0	0	0	0	0	0	0	0	1323
GCTGGTGTACCGAAGGCGGATTGTCTATGT	0	0	0	0	0	0	0	0	1005
GCTGTATGATGATCAGACATGTGAGGCCCA	0	0	0	0	0	0	0	0	1301
GCTGTTCGTACTCAAGTTAGGAGGTGTTTC	0	0	0	0	0	0	4.324817518	0	241
GCTGTTTTGCGCTGGGTATGGCATATGCTC	0	0	0	0	0	0	8.649635036	0	23
GCTTACAAAGGTAACGTGGGGTGGATATGG	0	0	0	0	0	3.703125	0	0	839
GCTTACTGGCTCGCTCCTTACGACGACGTG	0	0	0	0	0	0	0	0	594
GCTTACTTCAGTTATTCCTTCGGCTGGGAT	0	0	0	0	0	0	0	0	4
GCTTACTTCATATTGAAAGAGTTAGTTAAA	0	0	0	0	0	0	8.649635036	0	346
GCTTAGGTTTCAAACTTCGGGTTCGACCGG	0	0	0	0	0	0	0	0	11
GCTTATGAGCATACCCCATTGTGTTGGGAT	0	4.157894737	0	0	0	0	0	0	0
GCTTATGCCTTAGCTCCCGCGGGGCGACTA	0	0	0	0	0	0	21.62408759	0	148
GCTTATTCGGTTATATAAGCAGCTTTATGT	0	0	0	0	0	0	0	0	1299
GCTTCACAGGTATCGTAGGTCTCGGACCAG	0	0	0	0	0	0	0	0	397
GCTTCACCTAATGTTTTAGGGTATATGCTT	0	4.157894737	0	0	0	0	30.27372263	0	2488
GCTTCAGCACGTCCTCTTCGTAGTCGCTGT	0	0	0	0	0	0	0	0	1092
GCTTCGAAACGCGGTCGTGTTCGCATGTAC	0	0	4.610894942	0	0	0	0	0	0
GCTTCGATGGAAGCCGTGGTGTACTAGTAC	0	0	0	0	0	0	34.59854015	0	559
GCTTCGGCGACGTGGCCTGATAAAAGCTTG	0	0	0	0	0	11.109375	12.97445255	0	30886
GCTTCTGTTATACGACTTTTCCCATCTCGC	0	0	0	0	0	0	38.92335766	0	1620
GCTTGCAAGGTGGGCGAGTGGGGTAAGGGG	0	0	0	0	0	3.703125	0	0	0
GCTTGCAATTTTAAACTCACTTACACCTGA	0	0	0	0	0	7.40625	0	0	780
GCTTGCTGCACACGTTGACACATCACCTGT	0	0	0	0	0	0	0	0	1353
GCTTGCTGGGTCAGTAGTGAGCAAGTATGA	0	0	0	0	0	0	0	0	406
GCTTGGCCGTTGGCGTGCTCTCAAGTCAGT	0	0	0	0	0	0	198.9416058	0	3721
GCTTGGTTGAGGTGCCCCAGGTCACATCGA	0	0	0	0	0	0	4.324817518	0	1228
GCTTTAATGTAGGGCGAGAAGGCCTCGGCG	0	0	0	0	0	0	0	0	1624
GCTTTACTGCAGTGAGGTTAAGAGGGAGAG	0	8.315789474	0	0	0	0	0	0	268
GCTTTCTCGGCAGGAATGTTTTAACTCTTC	0	0	0	0	0	0	0	0	73
GCTTTGCTTTTGCGTTGTATATTGGGATGC	0	0	0	0	0	0	4.324817518	0	67
GCTTTGTATTAGACCATGCTTTTCTATGAA	0	0	0	0	0	0	0	0	80
GCTTTGTGGCCCAAAAGGGTATTGGGTGGG	0	0	0	0	0	3.703125	17.29927007	0	2400
GCTTTGTGGCCCAAAGGGTATTGGGTGGGT	0	0	0	0	0	0	4.324817518	0	0
GCTTTTAATGCGGGGTATTCATGTTAATGC	0	0	0	0	0	0	0	0	1180
GCTTTTTAGATAGTACTCATTCGGCTGGTG	0	0	0	0	0	0	0	0	36
GCTTTTTCCAGGACCGGAGTAACAGCTCGT	0	0	0	0	0	0	0	0	532
GGAAACAATGATAGACATTCGCTGGAAGGA	0	0	0	0	0	0	77.84671533	0	2
GGAAAGGTGTGGAATCAGGTTGCCGAAGTA	0	0	0	0	0	0	4.324817518	0	941
GGAAATGAAGTATATCTCAACACGATATAG	0	0	0	0	0	0	0	0	109
GGAACAAGACATTACGGCTTCCGGAAAAGT	0	0	0	0	0	0	0	0	275
GGAACCAACTCCGTGTGCTCCCCTAGCGGG	0	0	0	0	0	7.40625	0	0	0
GGAACGCGTGGTATGGAATGATATCTAGAC	0	0	0	0	0	0	0	0	360
GGAACGGTGCTTAAGTTGAGGCTTGTCAAC	0	0	0	0	0	0	0	0	587
GGAACTGACCACGTTCCTTAACTATGACCG	0	0	0	0	0	0	0	0	1143
GGAACTGTAACGACTGGTTCACTCCTGTCA	0	0	0	0	0	0	25.94890511	0	119
GGAACTGTTTAATTCTTAGTCATTTGCACA	0	0	0	0	0	0	8.649635036	0	613
GGAAGAATGTTTCTTAAGAGGCTATCGTGT	0	0	0	0	0	0	0	0	45
GGAAGATGATATGTTGGGTGGGAGGATGTT	0	4.157894737	0	0	0	0	8.649635036	0	287
GGAAGATGCTGACTATGGTTCCAAAAATCT	0	0	0	0	0	0	0	0	613
GGAAGCTCTTGGAGCCGCCGCCGGTCGGGG	0	0	0	0	0	0	25.94890511	0	555
GGAAGGAATCCACAGCCAACCCATCTGTGG	0	0	0	0	0	0	0	0	216
GGAAGGCATGTCCACCATGACGTCGCCTAG	0	0	0	0	0	0	0	0	1155
GGAAGGTCAGCGGACTCAGATTTCACAACT	0	0	0	0	0	0	4.324817518	0	2
GGAAGGTGTGGTTGAGACGTGCAAGGATGG	0	0	0	0	0	0	17.29927007	0	196
GGAAGTAATCAATAGGTTACCCTCGTAGTT	0	0	0	0	0	0	12.97445255	0	824
GGAAGTCGGTATGGCCGAGATTGGGGGCGG	0	0	0	0	0	0	0	0	13
GGAAGTGATTGCCGGGTGTGTTGTATTGCC	0	0	0	0	0	0	12.97445255	0	39
GGAAGTTGTGTGTGGATCGACAAGGATCGA	0	0	0	0	0	3.703125	0	0	0
GGAATATAATTCAAGAAGTGAAAGGATGTT	0	0	0	0	0	0	0	0	617
GGAATGACAATCGAGATCAGTCTCGTAACA	0	0	0	0	0	0	0	0	303
GGAATGGTCTCTGCCAAGGGGACAATATCA	0	0	0	0	0	0	4.324817518	0	215
GGACCAAAGTGGGCGTCGGAGTGCGTGGGG	0	0	0	0	0	0	4.324817518	0	941
GGACCGGGGTCGACTGCAAGCATGGCGCCT	0	0	0	0	0	0	4.324817518	0	2
GGACCGGTCGGGTTCGCTGCTTTGTGTGTT	0	0	0	0	0	0	0	0	1384
GGACCGTGGGTTGAGTGGGGTCAACATAGA	0	0	0	0	14.75103734	0	0	0	972
GGACGAAGGGGTGGTAGCGCGGACCTCATA	0	0	0	0	0	3.703125	30.27372263	0	3162
GGACGGCGTGTCACTTTCTTTCTTGCGAGA	0	0	0	0	0	0	25.94890511	0	880
GGACGGTTCTCTTTTTGTTGCTGCTTATCC	0	0	0	0	0	0	0	0	805
GGACGTAGGGTGGATGGAAACGGATCGGCG	0	0	0	0	0	3.703125	0	0	1290
GGACGTGTCAACTTACCTCCCAAGATACGG	0	0	0	0	9.834024896	0	0	0	0
GGACGTTGGCGTACGATTATTTGATCCAAT	0	0	0	0	0	0	0	0	778
GGACTCCGTCTGCGAGAGGTCCCGGCGGTA	0	0	0	0	0	0	0	0	2034
GGACTGGTTTTGTCGTCGGGCTCCGCTGTC	0	0	0	0	0	0	0	0	637
GGACTTTTTTGAGCTTTGTTCTACTCCTGA	0	0	0	0	0	0	0	0	946
GGAGACGTGGGACCTATTGGCACCTAACTT	0	0	0	0	0	0	0	0	668
GGAGAGTGCTGTACATACATTAAGTCAATG	0	0	0	0	0	0	0	0	350
GGAGATCCGTGCGCCCTTTAAGTGTGCTAA	0	0	0	0	0	0	0	0	553
GGAGATGGGTGTCCGCGCTCATACTCGATG	0	0	0	0	0	0	0	0	1327
GGAGCAGGGTTTGTATGGCCGATTAGGTCC	0	0	18.44357977	0	0	0	4.324817518	0	44
GGAGCAGTGTGTTTACCTTATAACAGCCCG	0	0	0	0	0	0	0	0	1165
GGAGCCCTACTTTTGTTACCCTGGATTTTT	0	4.157894737	0	0	0	0	12.97445255	0	148
GGAGCGCGGTTCTGAGATGTGTAAAGCAAG	0	0	0	0	0	0	0	0	1083
GGAGCGTGGGAGCCGGGTGAGCGCCTGAGG	0	0	0	0	0	0	0	0	1655
GGAGCTATTCCCTTACCCAGGACGTGATAC	0	0	0	0	0	0	12.97445255	0	44
GGAGCTGTTGAGTAAGTGGTCGCTTATCCC	0	0	0	0	0	0	0	0	874
GGAGCTTAGAAGAATTGGTAGTATCGCAGT	0	0	0	0	0	0	0	0	1197
GGAGGAGGGCGTTCTAACTTATGGCTATCA	0	0	0	0	0	0	8.649635036	0	143
GGAGGCGCAATGGTGATCCACGGAGGCGGG	0	0	0	0	0	0	60.54744526	0	593
GGAGGGAGAGGTCGTGGACGACCCCTCAGG	0	0	0	0	0	0	0	0	944
GGAGGGCGTAGTTGGGCGTGGGGGGGTGCC	0	0	0	0	0	0	0	0	114
GGAGGGCTACGAGGGCGACTTGATCTAGGG	0	0	0	0	0	0	8.649635036	0	740
GGAGGGTCCGCGAGGGGCCGGTGGTGGGGC	0	0	0	0	0	0	8.649635036	0	912
GGAGGTAAGCGGGTCATTTGGTCATGGAGA	0	0	0	0	0	0	0	0	2
GGAGGTAATGGGGAGGGTCAGGGGACGGTT	0	0	0	0	0	0	4.324817518	0	16
GGAGGTCGAGCTGCTCCCCCTTAGACTCGT	0	0	0	0	0	0	4.324817518	0	163
GGAGGTTACTTCCAGATCTCGTTGCCTGGA	0	0	0	0	0	0	0	0	1942
GGAGGTTTGACGGGACTCCTTGGTAGTAGC	0	0	0	0	0	0	4.324817518	0	0
GGAGTACCGTCTAGCTAATGCACCGGGAGT	0	0	0	0	0	0	0	0	2
GGAGTACGACTTACCGTGATTTTTGGCGTT	0	0	0	0	0	0	0	0	478
GGAGTATGATCGCGCCGCCGGTGGGTGTGT	0	0	0	0	0	0	8.649635036	0	2422
GGAGTCAGATTATGGTGAATTTTCCTCAAG	0	0	0	0	0	0	8.649635036	0	37
GGAGTGGTTGTGAAGGTAACTAGGGCGCAT	0	0	0	0	0	0	4.324817518	0	1567
GGATAAGGGCTTGAGGGCACACGTTTTTAC	0	0	0	0	0	0	4.324817518	0	543
GGATAATGCTCGATTTTGCCAGTGGGACAT	0	0	0	0	0	0	34.59854015	0	3
GGATAGATAACCTGTTTCGGACTTAAGCTG	0	0	0	0	0	0	0	0	1482
GGATAGGATTTGTGCCCGCAAATAAGCGTT	0	0	0	0	0	0	12.97445255	0	1195
GGATATGATCAACTTCCTAGACGTGTTAGT	0	0	0	0	0	0	0	0	368
GGATCATATACTTAGTTCCCCCTCTTGATA	0	0	0	0	0	0	4.324817518	0	316
GGATCATTTGATCCGCTGTCGCTACGGTTA	0	0	0	0	0	0	4.324817518	0	26
GGATCCTCCTGTGTCAGGTCCTGGTGTATT	0	0	0	0	0	0	0	0	483
GGATCTAATTCACCGCTTAAATAATCCAGT	0	0	0	0	0	7.40625	0	0	0
GGATGCGTGCTAGCTCCCGAGACCGCGTCT	0	0	0	0	0	0	4.324817518	0	701
GGATGGGAAGTTGCAGGTCGGCCGCCTATG	0	0	0	0	0	0	4.324817518	0	0
GGATGGGGCAGTCGTTAACGTTTTGGCCCG	0	0	0	0	0	0	0	0	536
GGATGGGGGACTGCTACCGAGGGCGGGTCA	0	0	0	0	0	0	0	0	3
GGATGTCAAGCCACCGCACTGCCCGGCAGT	0	24.94736842	0	0	0	0	4.324817518	0	24
GGATGTGTCCTGACGCTCACAGGTATGGTC	0	0	0	0	0	0	0	0	548
GGATGTTGGTTGAAAGGTCAGTGTCTATAG	0	0	0	0	0	0	17.29927007	0	266
GGATGTTTTTGCAATTTGCTTTAAGAATCC	0	0	0	0	0	0	0	0	561
GGATTACCGGTCGACTTTCGGTATGTGTGA	0	0	0	0	0	0	4.324817518	0	690
GGATTGACACTCGGATCGCACCTGGCTTGC	0	0	0	0	0	0	12.97445255	0	1558
GGATTGAGTACGGTCGTCATGCACGGGCCA	0	0	0	0	0	0	4.324817518	0	184
GGATTGCAGGTGCCAATCGAGACCGTCTTG	0	0	0	0	0	0	0	0	2
GGATTTCGTCTAAAAAATTTTCGGCTTAGC	0	0	0	0	0	0	4.324817518	0	55
GGCAAAAAATGCATTGTTCAGCATCGTTAG	0	0	0	0	0	0	0	0	162
GGCAAGACTTGTTTACAAGGACATCCACTT	0	0	0	0	0	0	0	0	965
GGCACAACCAACAGGGACCAGTGGATCCAC	0	0	0	0	0	0	0	0	836
GGCACACGGACGCTTAGAGCTGCGTCACCG	0	0	0	0	0	0	77.84671533	0	2474
GGCACGGAATAGAGGTGTGGCTAGAAGAGT	0	0	0	0	0	0	4.324817518	0	0
GGCACGTGTATTTGTCAGTAAATGTCTGAG	0	0	0	0	0	0	0	0	198
GGCACGTTGAAACCGGGAACGTTAACGCCG	0	0	0	0	0	0	0	0	2
GGCACTTAGGTAGAAATTATCTACGGAGGT	0	0	0	0	0	14.8125	0	0	974
GGCAGACTTAACGGGTCTTTCTAAATGATT	0	0	0	0	0	0	4.324817518	0	16
GGCAGAGCAGCTCTCGGCCGCGCCGAGGCC	0	0	0	0	0	0	0	0	1104
GGCAGCGGATTATGACTAACAGAAGAGGCG	0	0	0	0	0	0	4.324817518	0	1409
GGCAGGAGAGGGCGGGTTGGGCGGGCTTGT	0	0	0	0	0	0	8.649635036	0	771
GGCAGGAGGCATGTGAGGGCAAGCTGCCCC	0	0	0	0	0	0	4.324817518	0	174
GGCAGGGCCATCGCATTCGGCCACCGGGGG	0	0	0	0	0	0	0	0	1998
GGCAGGGGGGGCGGGACGATAGCTGCTCCA	0	0	0	0	0	0	4.324817518	0	2851
GGCAGGTGTGGCGTGAGAGGTAGAATCGCC	0	0	0	0	0	0	8.649635036	0	11
GGCAGGTTCCGCGGGCGGTGGGTACATGCG	0	0	0	0	0	0	0	0	441
GGCATCATGGATTACACTTATTCAGGCTTG	0	0	0	0	0	0	0	0	188
GGCATCGCATTGGCAGGATGGTGCCGAAAT	0	0	0	0	0	0	17.29927007	0	364
GGCATCTGGTAAATTCACTCTTAAGTGGTT	0	0	0	0	0	0	90.82116788	0	87
GGCATGATGATATTTAATGGTTGTGCCTCT	0	0	0	0	0	0	0	0	1314
GGCATGGAGTCAATTGTCCGATGGTTTATT	0	0	0	0	0	0	0	0	22
GGCATGTAGGGCACACGGTTTACTTGGTGT	0	0	0	0	0	0	4.324817518	0	4
GGCATGTCCTTATTATGACGGCTAATTAGT	0	0	0	0	0	0	0	0	1320
GGCCACGCTAGAATCTCTTTAAGATACGGT	0	0	0	0	0	0	4.324817518	0	187
GGCCACTTACGGCTCGGGTCGCAGGCTCGC	0	0	0	0	0	0	0	0	1387
GGCCAGATGCTACCGTGGTTAGTTGTTGCT	0	0	0	0	0	0	4.324817518	0	1419
GGCCAGCCGCTAGGGGGGCCGAGGCTGGCG	0	0	0	0	0	0	0	0	693
GGCCAGCCTGGCGTGCCGTGTAATAGAGAT	0	0	0	0	0	0	0	0	2
GGCCAGTATTACTGCACGACGTGTAATTTT	0	0	0	0	0	0	0	0	831
GGCCATGAAACATCGTGGTGTATAGTCTGT	0	0	0	0	0	0	0	0	1201
GGCCCACACGTAGGGGAAACTTAGGCTGTT	0	0	0	0	0	0	4.324817518	0	432
GGCCCAGGTAACGGTTTTGCCGAAATGAGG	0	0	0	0	0	0	0	0	2
GGCCGCGAAAACGGTGGGTCTCAGGGGCGG	0	0	0	0	0	0	0	0	985
GGCCGGATGAGCTGGTCCAGCGCGAGTGGC	0	0	0	0	0	0	25.94890511	0	92
GGCCGGCGGGATAGTCGGGGGACCGCGGCG	0	0	0	0	0	0	0	0	405
GGCCGGCGGTGCTCGTTCCTTTTTCCGGGA	0	0	0	0	0	0	0	0	4
GGCCGGTTTAGGATCGGATGGTATCTCCCT	0	0	0	0	0	0	0	0	339
GGCCGTGCAGGGGTGGCCTGGGGCGTGGGG	0	0	0	0	0	0	0	0	2841
GGCCGTGGATTGGGGCGCGATGGAGGGAGG	0	0	0	0	0	0	8.649635036	0	1092
GGCCGTTGGCATGCGGCTAGTCGCCAAAGG	0	0	0	0	0	0	0	0	1371
GGCCTAATAGTTACACATACGTCTACTCAA	0	8.315789474	0	0	0	0	0	0	7
GGCCTACTCAACGGCTGTTTACGGTGTAAG	0	0	0	0	0	0	4.324817518	0	144
GGCCTCGCTCGAGACCCACACGAAGAGACT	0	0	0	0	0	0	0	0	1230
GGCCTGCAGTCGTAATCACCACAGTTGCCC	0	0	0	0	0	0	0	0	2441
GGCCTGCCGAATGTTCCGGCTGAAAAGTTA	0	0	0	0	0	0	0	0	84
GGCCTGGGCGCGGTCGCGCCGGGATAGCCC	0	0	0	0	0	0	8.649635036	0	696
GGCGAAGGGAGGGTGACTAGGGAGGGTTTG	0	0	0	0	0	0	8.649635036	0	24
GGCGACGCCCGTGTTTAGTGGACCGCACCC	0	0	0	0	0	0	0	0	1086
GGCGACTGCTCGATGTAGTTAATCTTGAGG	0	0	0	0	0	0	0	0	342
GGCGACTTGCTGCCAGCCACTGGTCGGCTT	0	0	0	0	0	0	12.97445255	0	2485
GGCGAGCTGTTGATGGGTGGGTGGCCGGCT	0	0	0	0	0	0	0	0	437
GGCGAGGCGCCCCCGGACGGCAAGGCTGGA	0	0	0	0	0	0	0	0	137
GGCGAGTTCGGAGTGGTCATAATTTATATG	0	0	0	0	0	0	30.27372263	0	929
GGCGATATGAAAAGTTCGGCTGCGTACGTG	0	0	0	0	0	0	4.324817518	0	11
GGCGATGTTCAAGTGCGGTCAACGCATGGA	0	0	0	0	0	0	0	0	1062
GGCGCCAGTGCCTTTGGTCCGTGAGGCACT	0	0	0	0	0	0	12.97445255	0	666
GGCGCCGGTGAACACGGGGGAGAGCGTGTA	0	0	0	0	0	0	0	0	217
GGCGCCTGGTTCGCAACTACCTATCCCGGT	0	0	0	0	0	0	0	0	2
GGCGCGCTTTCTCAGATTCATGTACCGAGA	0	0	0	0	0	0	0	0	1332
GGCGCGGACGGTGTCCTGGCACCGCATGTG	0	0	0	0	0	0	4.324817518	0	2870
GGCGCGTATAATATCGAATTATTGGGGTGG	0	0	0	0	0	0	17.29927007	0	671
GGCGCGTGTGTGGATGGGGACAAGAGAAGG	0	0	0	0	0	0	0	0	49
GGCGCGTTGATTTCCCGCTCTGTACTGTCT	0	0	0	0	0	0	4.324817518	0	60
GGCGCGTTGCATCGGGCGGGCTGCGACCGG	0	0	0	0	0	0	0	0	1164
GGCGGAAGTGGTGTGGGGCAGTGTGGCGGT	0	0	0	0	0	0	4.324817518	0	0
GGCGGCCCTGGGCCCACGGGAGTGTGGAAG	0	0	0	0	0	0	0	0	4
GGCGGCTTGGGCACGCCTGGACTTCAGAGC	0	0	0	0	0	0	4.324817518	0	1208
GGCGGGCTGAACTCTGGGCTAATGCTTTCG	0	0	0	0	0	0	0	0	4
GGCGGGGAAGGCTGACGCGCGGCAACCAGG	0	0	0	0	0	0	0	0	626
GGCGGTCCCGTCGGGCTCGAAGGATGATCC	0	0	0	0	0	0	0	0	287
GGCGGTCCTCCTCTTGGCGGGTAAACTATA	0	0	0	0	0	0	21.62408759	0	840
GGCGGTGCAATGCGTGTACAACAAGGAAGT	0	0	0	0	0	0	0	0	504
GGCGGTGTAGATAGACTATGGTCTATTGAG	0	37.42105263	0	0	0	0	0	0	93
GGCGTAATATAATTATTATAAATACTTAGG	0	0	0	0	0	0	0	0	1492
GGCGTACCTCTGGTAGTTCTGGGCCTCGGG	0	0	0	0	0	0	0	0	1116
GGCGTGCCCCGTATTGTTCAGAGCCGGGAC	0	0	0	0	0	0	12.97445255	0	19
GGCGTGGCATCGCAGGTGTACCCCCTGTGT	0	0	0	0	0	0	0	0	1041
GGCGTGGGGGGTTGGGTGAGGTGGAGGGCC	0	0	0	0	0	0	0	0	4
GGCGTTGATGGTTCTGCCCACTTGGGTAGT	0	0	0	0	0	14.8125	0	0	641
GGCGTTGCTATGGTCGTCTTAGGACGTGTA	0	0	0	0	0	0	4.324817518	0	7285
GGCTAACCAATAGATTAAAATCTCAACAAT	0	0	0	0	0	0	34.59854015	0	0
GGCTATCATCGAATTGACCGCATGCTCGAA	0	0	0	0	0	0	0	0	111
GGCTCCATCCGAGGGGATCGCGAAGGAAGT	0	0	0	0	0	0	0	0	754
GGCTCCTATGTCATAATTCAAAGACATAAA	0	0	0	0	0	0	0	0	138
GGCTCGCATAGCAAGGCGTTCACTACGTGG	0	0	0	0	0	0	4.324817518	0	940
GGCTCGCCAAGAAGGGCGGCGGTAGATGTT	0	0	0	0	0	0	0	0	290
GGCTCGGAATGCGCGACAAGGAGGGACCGG	0	0	0	0	0	0	0	0	637
GGCTCTCGGATATTTTAATGCTTGCTGGCC	0	0	0	0	0	0	0	0	17
GGCTGAATCAGTACCACGAAGACAGGCGAC	0	0	0	0	0	0	0	0	125
GGCTGACGAAGATTACTACGGGTTCTAAGA	0	0	0	0	0	0	0	0	827
GGCTGCTCAACAAGGGGAAACTTTTTCAGG	0	0	0	0	0	0	51.89781022	0	12786
GGCTGTACCACTGCGAGATTGGTCATTAGC	0	0	0	0	0	0	0	0	233
GGCTGTCACGGGTATGTCGGTTGAGCATGG	0	0	0	0	0	0	0	0	1169
GGCTGTCTACTGATTCTCCCGCCGTGTCCG	0	0	0	0	0	0	0	0	110
GGCTGTTCTGCCTGGCCCACGCATCGGCTA	0	0	0	0	0	0	0	0	3748
GGCTGTTTCAACATGCGGTGGCTTAATGAC	0	0	0	0	0	0	4.324817518	0	56
GGCTTAATCTAGAACGAATAATGTTGAATG	0	0	0	0	0	0	38.92335766	0	89
GGCTTACGTATTTAATGCCCCCTGTAGAAC	0	0	0	0	0	0	17.29927007	0	181
GGCTTCGGGCGAAGGGAGTCGGGGGGAGGG	0	0	0	0	0	0	4.324817518	0	90
GGCTTGCATAGGCGTTCAGGCGCCTGCTGT	0	0	0	0	0	7.40625	0	0	138
GGCTTGGCTCCTTGTAGCACTTCACTTCCT	0	0	0	0	0	0	0	0	956
GGCTTTAGGTTATTTGATTATAGCGGGGAC	0	0	0	0	0	0	0	0	365
GGGAAATCTAGTGGAGTTTTAGGGACACCA	0	0	0	0	0	0	0	0	1380
GGGAACATCTCAAGTGATGTTAAACTGTGC	0	0	0	0	0	0	8.649635036	0	240
GGGAACGTGGCGCGGAACGGCGAGTCTCCG	0	0	0	0	0	0	0	0	8
GGGAAGACCGGACGCATCGATTGCCGGGGC	0	0	0	0	0	0	0	0	1099
GGGAAGAGAGAGGGCTTCGATGACCGATAC	0	0	0	0	0	0	0	0	2
GGGAAGAGTTGGTACACGTGGCGGTATCCG	0	0	0	0	0	0	0	0	486
GGGAAGGAGGATGTCGATCAGCCTCCCGTG	0	0	0	0	0	0	0	0	499
GGGAATATGAGAGCCGAGGAATAGCGGCAG	0	0	0	0	0	0	0	0	3134
GGGAATCCCCGCGGGAGTCCATACTCAGCG	0	0	0	0	0	0	17.29927007	0	198
GGGAATGCGGTGTGGGGGCCGATGGGGCTG	0	0	0	0	0	0	4.324817518	0	1256
GGGAATGGAGGTATTCGAGGGGGTTCGAGT	0	0	0	0	0	0	0	0	509
GGGACAAAATATCTAGTAATGGCTTGCACC	0	0	0	0	0	0	0	0	692
GGGACAGCCCACCCAGGGGGCAGGCTGAGT	0	0	0	0	0	0	0	0	918
GGGACAGCTTATCGCGGACCACAGCGCGCC	0	0	0	0	0	0	8.649635036	0	330
GGGACCGGGGGTCCTGAGGGGTGGGTCGGC	0	0	0	0	0	0	0	0	2700
GGGACGCCGCACAAGTTATTAGGCCTTCCT	0	0	0	0	0	0	34.59854015	0	11
GGGACTTTGCCATATATGCCGTCGCTTAAG	0	0	0	0	0	0	8.649635036	0	4
GGGACTTTTGTAAAGTGCCAAAGCCACATA	0	0	0	0	0	0	0	0	2
GGGAGAAAGTTAGATGGTGATTCTGAAGCT	0	0	0	0	0	0	12.97445255	0	531
GGGAGCGCACGGGGGCCTCCTGCGGGGAGG	0	0	0	0	0	0	8.649635036	0	4350
GGGAGGAGGAGTCGCGGTTACTACGCGGGG	0	0	0	0	0	0	4.324817518	0	247
GGGAGGGAGCATGGGGGTCATGTGGCGCTG	0	0	0	0	0	0	0	0	104
GGGAGGTGGTGGCCTGTGGTTCCGCGTAAT	0	0	0	0	0	0	0	0	2
GGGAGTTGCGGTAGGAGCACGGGGCTTAGG	0	0	0	0	0	0	8.649635036	0	44
GGGATAAGAGCGCACAGTATAATGAATATT	0	0	0	0	0	0	0	0	1175
GGGATCATGGGTCTGTGTTGATGTAGAGTG	0	0	0	0	0	0	12.97445255	0	5
GGGATCTTGAGGCAGCACGATGCGTAGGGT	0	0	0	0	0	0	0	0	443
GGGATGCTAAATCGGATCATTATCTCGGAA	0	0	0	0	0	0	0	0	1237
GGGATGGCGTGGGTATGGACGAGGGTGGGG	0	0	9.221789883	5.837438424	0	0	0	0	3
GGGATTCGCATCTGCGGGACCGTAGGAACG	0	0	0	0	0	0	0	0	146
GGGATTTCCAAGTCTCCGTCTTTAAACGAA	0	0	0	0	0	0	0	0	1121
GGGCAACGTGGAGTAAAGTCGTCGCGGGAG	0	0	0	0	0	0	4.324817518	0	0
GGGCAAGGAGGCCCTAACCCGGCCATATTT	0	0	0	0	0	0	0	0	747
GGGCAATTCACAACACGCCTGGGGCCGAAG	0	0	0	0	0	0	0	0	521
GGGCACTTCGGACTGGCACAGAGGAGATTT	0	0	0	0	0	0	4.324817518	0	248
GGGCAGAACGACGTACAGGAGGTAGCCGTA	0	0	0	0	0	0	4.324817518	0	333
GGGCAGACCAAAGGACACAACAAGGTTTCC	0	0	0	0	0	0	0	0	2
GGGCAGTACACTAAGATGTGTTGGATTGAC	0	0	0	0	0	0	0	0	25
GGGCATGGATGGTTCGTCGGGCCGGTCTCG	0	0	0	0	0	0	0	0	26
GGGCATGGGCGCGAATTATGTAGGGCAGTT	0	0	0	0	0	0	4.324817518	0	1534
GGGCATGTGTACGTGGTATCAGAAAGGGGA	0	0	0	0	0	0	0	0	564
GGGCATTTACCATTAGATTCCCTGGCTCAT	0	0	0	0	0	0	0	0	1445
GGGCCGGAGGCAAGCCGTGCAGTGCGCTGA	0	0	0	0	0	0	0	0	25
GGGCCGTTCTACCGCTGACCATTTTGGAGT	0	0	0	0	0	7.40625	21.62408759	0	7270
GGGCGAACCGCATGTTTCCTGATCGGGTTG	0	0	0	0	0	0	0	0	2
GGGCGAATTGCAAGCCTCTTTCCAAGCCTT	0	8.315789474	0	0	0	0	34.59854015	0	175
GGGCGATCCGGGGCGATGGGCGGCGATCGG	0	0	0	0	0	0	0	0	318
GGGCGCAGAGGCTCAATGGCTGGGAGACTC	0	0	0	0	0	3.703125	0	0	0
GGGCGCGTGACAGAGCTTTATGCGGGGACC	0	0	0	0	0	0	0	0	535
GGGCGGCGTTGAGCAGGTACGGCGGTCAGC	0	0	0	0	0	0	0	0	2
GGGCGGGCCGTGTAGGGCCGGTGGGCTGGG	0	0	0	0	0	0	0	0	284
GGGCGGTGATCTTAAGAATTCCTGGTTCAC	0	0	0	0	0	0	0	0	141
GGGCGTAAGATGGGAGTTTGGTTGGGAGAT	0	0	0	0	0	0	38.92335766	0	147
GGGCGTAAGGGAGTATGTGTCGTGCGGACC	0	0	0	11.67487685	0	0	0	0	0
GGGCGTCGCACGCCTAATTTAGGGGGGGTG	0	0	0	0	0	0	30.27372263	0	4
GGGCGTTATATGCAAGGACAACGTCATTCC	0	0	0	0	0	0	8.649635036	0	0
GGGCGTTGCGAAAAGCACCGGTCTTTGGGG	0	0	0	0	0	0	4.324817518	0	60
GGGCTCAATCATGTCCGTAGGTGGGAGGTC	0	0	0	0	0	0	8.649635036	0	0
GGGCTCCGTCGAAGGGTGGAGGGGTGATGT	0	0	0	0	0	0	0	0	1205
GGGCTGATGGGTCATGTAAAAGGGGATGGG	0	0	0	0	0	0	0	0	3097
GGGCTGGACTAGCGGGTTTCAGTTACCGAC	0	0	0	0	0	0	4.324817518	0	3
GGGCTGTCTTGCTTCTGACATGTGTAGTCT	0	0	0	0	0	0	0	0	1565
GGGCTTAAGGTATCTAGGTGATCTACCCCT	0	0	0	0	0	0	0	0	276
GGGCTTGAGCGAGCGCCGAGTCGGGAGGGA	0	33.26315789	0	0	0	92.578125	211.9160584	0	69958
GGGGACCGACTATTGGTGTAGTCAAAGGCC	0	0	0	0	0	0	25.94890511	0	155
GGGGACGGGATCTTAGCCTACGAGCGTGGG	0	0	0	0	0	0	0	0	4
GGGGAGCGCGTCAAGTGAAGTGAGTTTGGC	0	0	0	0	0	0	4.324817518	0	387
GGGGATCGGAACCGGGAAGTCGGTGCCGGG	0	0	0	0	0	0	4.324817518	0	1046
GGGGATGTTTTACCGTTAGTCGTTGGAATT	0	0	0	0	0	0	0	0	92
GGGGATTGTGCTTGGCAATGCAAGTCTGCG	0	0	0	0	0	0	4.324817518	0	1518
GGGGCAAATTTTGTTAGAGCCCTTGCATGT	0	0	0	0	0	0	0	0	1250
GGGGCAGTCAGTCCCATCCGGGTATTTGAG	0	0	0	0	0	0	4.324817518	0	1236
GGGGCCCGGGGGCGGTGTGTGCGGAGCCGA	0	0	0	0	0	0	0	0	2
GGGGCCTAGGCCACTACAGGGGGCCCACTC	0	0	0	0	0	0	0	0	283
GGGGCGTGCGCTGGGGTAGAGGGCGTGGTA	0	0	0	0	0	0	0	0	149
GGGGCTATGGCGGGTGTTATCGGCAGAACG	0	0	0	0	0	3.703125	0	0	90
GGGGCTGTGGAGGGGCGCGGGACTCGTGGT	0	0	0	0	0	0	21.62408759	0	349
GGGGTAAACGGAAAGGGGACGGAGAGTTCG	0	0	0	0	0	0	0	0	856
GGGGTAAGCGCGGTAGATATTAGTATGGCG	0	0	0	0	0	0	4.324817518	0	149
GGGGTAGCCCTTCCTTACAGGCAGCCTATC	0	0	0	0	0	0	25.94890511	0	2
GGGGTCGCCCAAAGGGCTTACGCCGATCTT	0	0	0	0	0	0	8.649635036	0	99
GGGGTGACGGACCAGCAGGCGGGAAGCCGA	0	4.157894737	0	0	0	0	0	0	52
GGGGTGGGGTAGACTGGGATGAGGCGCGCG	0	0	0	0	0	0	4.324817518	0	0
GGGGTTCCCAATTCGGATGCTCAGATTTAC	0	0	0	0	0	11.109375	0	0	868
GGGGTTGCCGTTCCTGGGATGGGTGACGCC	0	0	0	0	0	0	4.324817518	0	115
GGGGTTGCGTCACAGGAAATCATTCCAGCG	0	0	0	0	0	0	12.97445255	0	1741
GGGGTTGGGGTAGGCACTTGTGGAACTGTT	0	0	0	0	0	0	0	0	87
GGGTAATCGTATTAGCGGGGGATACCGGCA	0	0	0	0	0	0	17.29927007	0	673
GGGTACGGGGGCTTAAAAGCTGAGGGAATG	0	0	0	0	0	0	17.29927007	0	503
GGGTACTCGCAAGTAATTGAATTTGATTTA	0	0	0	0	0	0	0	0	350
GGGTAGATCTCGTAAGATCCGCAGTCAACT	0	0	0	0	0	0	12.97445255	0	312
GGGTAGCATGTCGCAATTCCAAGGACTACT	0	0	0	0	0	0	0	0	960
GGGTAGGCGGGGCCGGGGACCACTTTGGAG	0	0	0	0	0	0	0	0	167
GGGTATCTCGTTCTTGTATCCGATGCAGTT	0	0	0	0	0	0	4.324817518	0	511
GGGTATGGGTGATCGGATTAGGCCTGAGGG	0	0	0	0	0	0	0	0	16
GGGTATTGAGCTACTGTTCTTGAACAACAT	0	0	0	0	0	0	0	0	1184
GGGTATTTTATTCCACATTGCCCGGGTTCA	0	0	0	0	0	0	4.324817518	0	628
GGGTCCGCGCCGGGAGTGGGGCTGTCCTGG	0	0	0	0	0	0	4.324817518	0	1103
GGGTCCGTTCTGGCGAGCCCGCAAGCCCGG	0	0	0	0	0	0	0	0	192
GGGTCCGTTGCACTTAGGCTTGAGCATACA	0	0	0	0	0	0	4.324817518	0	0
GGGTCCTATAAGCTTATTGATTCTCCACGG	0	0	0	0	0	0	0	0	1272
GGGTCGCAATCAGGCGGGGTGGCACAGGCT	0	0	0	0	0	0	0	0	1721
GGGTCTGAGGGCGCGAGAGGAAAGCGTGTG	0	0	0	0	0	0	0	0	365
GGGTCTTCACACAGACTAAGTGGCATGCCA	0	0	0	0	0	0	0	0	896
GGGTGACAACCTGGCCGAGCTCATGGGAGA	0	0	0	0	0	0	12.97445255	0	20
GGGTGACCGTTTGTCTATAACCTCTGAATC	0	0	0	0	0	0	0	0	420
GGGTGAGACTAGGGCGCACTTAGCGTACTC	0	0	0	0	0	0	0	0	23
GGGTGCAAAATCGTCAATCATCAGGCATAT	0	0	0	0	0	0	4.324817518	0	469
GGGTGCACGCACTGTCGAGGTGCACCTCCG	0	0	0	0	0	0	0	0	323
GGGTGCGTGACCGGGCGATTTACTGAATCT	0	4.157894737	0	0	0	3.703125	64.87226277	0	7815
GGGTGCTTTTTGGGTGACCATTCTACTTGT	0	0	0	0	0	0	0	0	392
GGGTGGCATCGAACTCCAAATATTCGGCAC	0	0	0	0	0	0	0	0	3
GGGTGGCCAAGGGCGGGCATCACACAGTAG	0	0	0	0	0	0	0	0	1094
GGGTGGTCTGCAGCGGGGTCCAGACGACGG	0	0	0	0	0	0	4.324817518	0	199
GGGTGTTGGTTGGGGCAAGGAAGATAGACA	0	0	0	0	0	0	21.62408759	0	126
GGGTTAGGCAATAGAGTGAGGTGGCTTGGA	0	0	0	0	0	0	0	0	477
GGGTTAGTTCATGGCCCAGTCGTAAAACTT	0	0	0	0	0	3.703125	0	0	0
GGGTTCTAAGCTTGTTTAGGCTGAGTCCCC	0	0	0	0	0	0	0	0	1375
GGGTTGATCCATGCCGGGACTTAGACCTTA	0	0	0	0	0	7.40625	0	0	1285
GGGTTGCGATCCTTTAATTGGTTTGCTAAG	0	0	0	0	0	0	4.324817518	0	1259
GGGTTGTTCAATGTGCTCGGTACATTCTAT	0	0	0	0	0	0	4.324817518	0	82
GGTAAGAACATCTTCCACGCCTTCAAGTAG	0	0	0	0	0	0	0	0	18
GGTAAGCTTTATCGGGCTTCTAGGAGATAG	0	0	0	0	0	0	0	0	213
GGTAAGGGGCATTACACATAAATTCGCCCT	0	0	0	0	0	0	4.324817518	0	493
GGTAAGTATAGATATAAAGGGCGAAAGGGC	0	0	0	0	0	0	0	0	1066
GGTAAGTGTCAGTGGGTTTTTGTCGAGGGC	0	0	0	0	0	0	47.5729927	0	2071
GGTAATAGCCATTGGCATCTTGGACTGCAG	0	0	0	0	0	0	4.324817518	0	1164
GGTAATATTTAAAAGAATAACCTTGTGACC	0	0	0	0	0	14.8125	0	0	1243
GGTAATCGTTATATATAACAAGTAGATCTT	0	0	0	0	0	0	0	0	1135
GGTAATCTCATTTTTTTATGGCTCAATATA	0	0	0	0	0	0	21.62408759	0	16
GGTACGATCGACGGGGCAGGAGGGGATGAG	0	0	0	0	0	0	86.49635036	0	107
GGTACGCCGTTGGGACGTGGGGGCGCCGCG	0	0	0	0	0	0	0	0	161
GGTACTGAGCTCCATTGGTTAGCAAAAAGG	0	0	0	0	0	0	0	0	636
GGTACTGGGGATCCGGGAGGCCTTTTTAGG	0	4.157894737	0	0	0	0	4.324817518	0	101
GGTAGAACAAGATGCCTGCCAAGTGCGGGT	0	0	0	0	0	0	4.324817518	0	436
GGTAGACTGGTACGAGTGGCTCTTCTAGAG	0	0	0	0	0	0	0	0	2
GGTAGCGGGTACAATCGGGGGCTGGAGTGG	0	0	0	0	0	0	0	0	895
GGTAGGGAAGAGAGCCAGAATGAGGTCCGT	0	0	0	0	0	0	0	0	422
GGTAGGTACCCTAGGCATGACGCACTGGCG	0	0	0	0	0	0	0	0	176
GGTAGGTTAACAGCTCCTTAGGTTCACAAT	0	0	0	0	0	0	4.324817518	0	724
GGTAGTAAAAGTATGTTAGTAGGACGACGC	0	0	0	0	0	0	0	0	321
GGTAGTATGCTTGCTTGCATCAGTGTCGTT	0	0	0	0	0	0	0	0	1228
GGTAGTATTGAACCTGGCTGGGTCCCCACT	0	0	0	0	0	0	0	0	2456
GGTATCAGTTGGATAATTCGCGGCTATGGG	0	0	0	0	0	0	8.649635036	0	454
GGTATCGCAGACGGAGGGACGAGCGACTTA	0	0	0	0	0	0	0	0	1196
GGTATCGCATGGGCCAAAGCGCGCGAGCGC	0	0	0	0	0	0	4.324817518	0	1398
GGTATGATTATGGGAAAGCGCTAAGACAGG	0	0	0	0	0	0	0	0	215
GGTATGCTTGGTTTCAGTTCGTTAATGTGC	0	0	0	0	0	3.703125	0	0	0
GGTATTATGTAGATGGTAATGGAAATGTCT	0	0	0	0	0	0	25.94890511	0	3751
GGTCAAGCAACCGCATTTAGACCTACGAGC	0	0	0	0	0	0	0	0	450
GGTCACGTCTACGTCCGGCTTCGGACTACA	0	0	0	0	0	0	4.324817518	0	401
GGTCACTGTAACCAGGCAGGTAGACCTCGA	0	0	0	0	0	0	0	0	1240
GGTCAGAACGGGACAAAAAGTTGACATGGG	0	0	0	0	0	0	0	0	792
GGTCAGAGAGGGGGGATTGGCGTCGTCTAA	0	0	0	0	0	0	4.324817518	0	95
GGTCAGTATCTAGAATTGCATCGCTCACGA	0	0	0	0	0	0	4.324817518	0	816
GGTCATTGTCTGCGTTTTGGGGTTTATGTT	0	0	0	0	0	0	25.94890511	0	1088
GGTCCGAATAAGTGGTTTTCATTTCGATAC	0	0	0	0	0	0	4.324817518	0	802
GGTCCGACGTTCTTCTTTGCTAGCAACTCA	0	0	0	0	0	0	0	0	6
GGTCCGTATGTCGGGCGGCTCAAGTCATCC	0	0	0	0	0	0	0	0	584
GGTCCTGTTTCTATAGCATCCGAGTCCGGG	0	0	0	0	0	0	17.29927007	0	11
GGTCGAAAACTAGTCTAGGCGTGCGGATTC	0	0	0	0	0	0	0	0	2
GGTCGCAAATTGAATGGCATTAGTTGTGGT	0	0	0	0	14.75103734	0	0	0	0
GGTCGCGGAACGATTAGATGTCGTTATTCT	0	0	0	0	0	0	0	0	790
GGTCGCTCGACAGGGACTGCTGTTTTATAT	0	0	0	0	0	0	0	0	130
GGTCGGGAGGCTGGACATTAAGGTACAGAG	0	0	0	0	0	0	4.324817518	0	408
GGTCGTAAAGCGGGGCGATGTGAATGGCCA	0	0	0	0	0	0	4.324817518	0	0
GGTCGTTGAGGAGGAGTAGCCGCGCTTGTG	0	0	0	0	0	0	0	0	1260
GGTCGTTTGGCCGACAGGAGGGGAGGGGTG	0	0	0	0	0	0	4.324817518	0	834
GGTCTAAGGGTCGCAAGAACCGTCCCATTC	0	0	0	0	0	0	4.324817518	0	0
GGTCTAGACGGTGCTGGTCCCTGATCGACA	0	0	0	0	0	0	4.324817518	0	2
GGTCTAGCGCCGTAGTGCAAGGATTATGCG	0	0	0	0	0	0	0	0	1031
GGTCTAGGCGACTCGGAGGCTATTGTCGGT	0	0	0	0	0	0	17.29927007	0	1260
GGTCTATCGCTAAAATTAAAGTGGGATTAT	0	0	0	0	0	0	0	0	34
GGTCTGCCTTGTCTTAACTGATCTTGGCGT	0	0	0	0	0	0	0	0	343
GGTGAAGTGAGTTGCAGCGGGAGACGAGGT	0	0	0	0	0	7.40625	0	0	59
GGTGAGCCTGAGTATATAATTTTAATAGAT	0	0	0	0	0	0	0	0	1771
GGTGAGGTGTTAGGGGGCGCATGAGTCATG	0	0	0	0	9.834024896	0	8.649635036	0	11718
GGTGAGTGAGTCAAGTATTGTGTTATGCCG	0	0	0	0	0	0	8.649635036	0	85
GGTGCAGAAGCGCCTTAGGCAAATCTCGTA	0	0	0	0	0	0	0	0	418
GGTGCAGTGTTGGAAGAACGGTAGCGCTGC	0	0	0	0	0	0	0	0	1025
GGTGCCGTTGGGGTGGCTGGACGAGATAGG	0	0	0	0	0	0	4.324817518	0	1094
GGTGCCTCACGTCTCCGATTATAGTCCAGG	0	0	0	0	0	0	38.92335766	0	22339
GGTGCCTGATGGCAGAGGCTGCCGATGGGG	0	0	0	0	0	0	8.649635036	0	549
GGTGCGGCTGCTTATTACTATACTACTTTT	0	0	0	0	0	0	0	0	1084
GGTGCTACAGAGTTAACGGCAAGATCTCCA	0	0	0	0	0	0	0	0	339
GGTGCTACTAACTAGAATGATTTACGGAGT	0	0	0	0	0	0	4.324817518	0	81
GGTGCTAGTTACGGTGTCGGGGGTTGCGGG	0	0	0	0	0	7.40625	4.324817518	0	1046
GGTGCTCGGTCGAGTTTATCTCCACCGACG	0	0	0	0	0	0	0	0	1131
GGTGCTTCCGCATGGTGTAGATTAAGCGTC	0	0	13.83268482	0	0	0	0	0	8371
GGTGGACTTTCGCAAATCTCCGGGCTCATA	0	0	0	0	0	0	0	0	1409
GGTGGATGACTGCGTGGGGAGCCTTTTGGA	0	0	0	0	0	0	47.5729927	0	3
GGTGGCAAGGACGCTGTGACGGCGCGGTTT	0	0	0	0	0	0	0	0	15
GGTGGCATATTCATCATGCCTTAGTTAACA	0	0	0	0	0	14.8125	4.324817518	0	1121
GGTGGCCACGGGGCGAGTGCGGAGAGTTAT	0	0	0	0	0	11.109375	285.4379562	0	8155
GGTGGCTTTCCCTTATTGGTCGTTATTTTC	0	0	0	0	0	0	0	0	2307
GGTGGGAACCTGGATCGGTTAGGTGAGGAT	0	0	0	0	0	0	4.324817518	0	768
GGTGGTGCTAGGAGGTTCTGCGGGCCCCTC	0	0	0	0	0	0	190.2919708	0	5135
GGTGGTGGGCTAAACATATGGCGACTTGTT	0	0	0	0	0	0	4.324817518	0	310
GGTGGTTATACACGGTCCAATAAACAATCG	0	0	0	0	0	0	0	0	141
GGTGTACCTTAAGGCCTGGTGGGGGAGGAC	0	0	0	0	9.834024896	0	4.324817518	0	1032
GGTGTCATCGTCTGTTCGCTAGATCTTTGG	0	0	4.610894942	0	0	0	95.1459854	0	249
GGTGTGAGACGTATAATGGTTATAGCAGAG	0	0	0	0	0	0	30.27372263	0	1217
GGTGTGCGGTTCATGCTATGAGGGTTGGAG	0	0	0	0	0	0	0	0	425
GGTGTTTCTTATAGTGCTTTTTTAAGTAAG	0	0	0	0	0	0	4.324817518	0	2
GGTGTTTTGATGAGTGGGCTGGTAGGAGTA	0	0	0	0	0	0	4.324817518	0	1149
GGTTAAAATTCTTGATCGTTTCGCCCTATG	0	0	0	0	0	0	0	0	1189
GGTTAACGTTGGTTGATTTCGGACGAGATA	0	0	0	0	0	0	0	0	2
GGTTAATAGCAAGATTAACCGTTATTTCAA	0	0	0	0	0	0	8.649635036	0	88
GGTTAATGTTTAGGCAAATTGATCCGAGAC	0	0	0	0	0	0	47.5729927	0	5030
GGTTACAAAACGCGCTTATTTCTAAATTAT	0	12.47368421	0	0	0	0	0	0	92
GGTTACGGACTGCTAAAACCAGGTACTTTA	0	0	0	0	0	0	0	0	1107
GGTTACGTATTGCGAACTCTACGGTGATTT	0	0	0	0	0	0	4.324817518	0	2125
GGTTACTGGTCTTCCGCACTCTTCCTACTT	0	0	0	0	0	0	0	0	968
GGTTAGCCCTTAGGGGTCATTCCGTCGAAG	0	0	0	0	0	0	4.324817518	0	987
GGTTAGGGTGGATATTCCGAAATGTCCCGG	0	0	0	0	0	0	0	0	1344
GGTTAGGTCTCCAGTGTAGACGTCGACTGG	0	0	0	0	0	0	0	0	7
GGTTATCATTAACGGCCAGTCAAGGCTCAC	0	0	0	0	0	0	0	0	112
GGTTATCGTTGCGATTGCTCGATCACGTTC	0	0	0	0	0	0	21.62408759	0	38
GGTTATGTATGTTAACAAGCTCACGGCGCC	0	0	0	0	0	0	38.92335766	0	46
GGTTCATCTAAATAAGAGTCGTCCACCAGG	0	0	0	0	0	0	38.92335766	0	37
GGTTCCAGGTGTAGCATTATTATGCTGATT	0	0	0	0	0	0	0	0	77
GGTTCCGCCGAGTTGCGGAAGGGATGTTCG	0	0	0	0	0	0	0	0	200
GGTTCGATAAGCTTTAAGCCTTCTGTTAAT	0	12.47368421	0	0	0	0	25.94890511	0	1863
GGTTCTTAGGCGCCTGTTATATCAGCTCCA	0	0	0	0	0	0	0	0	1183
GGTTCTTCCATAGTATAGATTTTGGTGCTA	0	0	0	0	0	0	0	0	14
GGTTGATTTTAGCCTAGTCATATTTTTTAA	0	0	0	0	0	0	0	0	1319
GGTTGCCGTGAGTGCTAGCCAACCTGATAT	0	0	0	0	0	0	4.324817518	0	1360
GGTTGCCGTTGAGCACAAATTGGTGGGTTC	0	0	0	0	0	0	0	0	202
GGTTGCTGCCAGCAGTGAAACGACCCGCGA	0	0	0	0	0	0	12.97445255	0	1128
GGTTGGTATACTCAATTAGGACAGTCAACC	0	0	0	0	0	0	8.649635036	0	92
GGTTGTCATGGTCCTATTGTTAAAATCGCC	0	0	0	0	0	0	4.324817518	0	938
GGTTGTCATTCTATCTAGTCTCGCATCAAG	0	0	0	0	0	0	0	0	1817
GGTTTAATACTTGGTGGTTAATAGAGTCCA	0	0	0	0	0	0	0	0	1349
GGTTTACCGGGGCGCCCCTCGAAGGGTGGG	0	0	0	0	0	0	4.324817518	0	0
GGTTTCATGTGGGGAATTGAATCGTCGGGT	0	0	0	0	0	0	4.324817518	0	102
GGTTTCGCTATTGGGGTGAGCTCGAGTGAG	0	0	0	0	0	0	0	0	2
GGTTTCGCTTGGGTGGTAACGATCCGGATG	0	0	0	0	0	0	0	0	2
GGTTTCGTATATGGTACAAAGATGCGGAGT	0	0	0	0	0	0	0	0	320
GGTTTGAAATGGAGGGCGTGTCATACTGGC	0	0	0	0	0	0	0	0	1058
GGTTTGGATGTCTTAGTCATGTAGTACTCG	0	0	0	0	0	0	0	0	182
GGTTTTTATCTTCATATGACTATCGAATTG	0	0	0	0	0	0	0	0	46
GTAAAAGTACCTCCAAAGCCTTCTCCCACT	0	0	0	0	0	0	4.324817518	0	34
GTAAACTATGTCAACTCAGTCGGAATGGAT	0	0	0	0	0	0	17.29927007	0	92
GTAAAGACGTCAGCGCTGGCATTTTGCGCC	0	0	0	0	0	0	25.94890511	0	39
GTAAAGCGGTCATAGATCTTTGACAGTGCG	0	0	0	0	0	0	0	0	167
GTAAAGCTTGGGGGGGAGAGAGGTGCGTCC	0	0	0	0	0	0	0	0	708
GTAAATAGTCGGGGCGTGCGGGTAGTGCCA	0	0	0	0	0	0	0	0	1221
GTAACAATCGGTTGGTTCGCCACATAAAAG	0	0	0	0	0	0	4.324817518	0	200
GTAACACCTGTTGGTGGGCTGATCATTGCA	0	0	0	0	0	0	4.324817518	0	492
GTAACGAATAACTGAATACTTTTAGTTACA	0	0	0	0	0	0	4.324817518	0	1706
GTAACGCCTTATTTATACTTGTAGTTATTT	0	0	0	0	0	0	4.324817518	0	531
GTAACGGCCTAACTATTATTCATTCCTCCT	0	0	0	0	0	0	0	0	1391
GTAACGTAGGTTTTAGTGCTCCCGGAATAG	0	62.36842105	0	0	0	0	0	0	270
GTAAGATTAGGTTTATCGGCCCAGCCGAGA	0	0	0	0	0	0	4.324817518	0	4
GTAAGCAAGTTCACGTGTTAATGGACCTCC	0	0	0	0	0	22.21875	0	0	10
GTAAGCGCTCAGGCGCGTTGGGCTTGTATC	0	0	0	0	0	0	47.5729927	0	7
GTAAGGTATGTGGTTTAGGTAAAGCTGTCT	0	0	0	0	0	0	17.29927007	0	519
GTAAGGTGTTAGAATGCACTCCGGAGGGCG	0	0	0	0	0	0	12.97445255	0	288
GTAAGTGGGGGCGTAGTGTCGCGGGATCGC	0	0	0	0	0	3.703125	0	0	1050
GTAATATGATATGCAACCACACCTGTCGGA	0	0	0	0	0	0	0	0	2
GTAATCAATGTGACTATCGGACTCATCTTC	0	0	0	0	0	0	0	0	6
GTAATCTTGGGGAGGGAAAACTATGTAATG	0	0	0	0	0	0	0	0	17
GTAATGGAAATGGTGAGGACTGTCCGGCTA	0	0	0	0	0	0	0	0	199
GTAATGTGATAATCTTTCCACTGAGCATCC	0	0	0	0	0	0	0	0	1936
GTAATTATAAAAGATGTACGAGTTCAGATG	0	0	0	0	0	0	0	0	1492
GTAATTCCTCGCTCCACTTATCTGACAGTT	0	0	0	0	0	0	0	0	507
GTACAAACTGTCGCTACGGAATAGAATTAC	0	0	0	0	0	0	0	0	946
GTACAGCCATGCTAGGGTCACCAAGTCGAT	0	4.157894737	0	0	0	0	0	0	7342
GTACATATATACACGGTCATATTTCAGAAA	0	0	0	0	0	0	4.324817518	0	268
GTACATGCGCTTTTGGACGATTCCCACAGA	0	0	0	0	0	0	0	0	446
GTACATTTAGCGCGGACGACGTTACGTACC	0	0	0	0	0	0	30.27372263	0	61
GTACCCATCTGGCTTCGAGTCGACAAAGCT	0	0	0	0	0	0	4.324817518	0	144
GTACGAGGGTTTGTGCGGGATGCGGGGTAT	0	0	0	0	0	18.515625	0	0	888
GTACGCAAGGGGACGGGGGACAAATTGCCT	0	0	0	0	0	0	0	0	250
GTACGCCCGGGCGGTTAAATCCATCTTCTT	0	0	0	0	0	0	12.97445255	0	9
GTACGCTGCGTGACCCGCGGGTGGAGGGGG	0	0	0	0	0	0	4.324817518	0	20
GTACGGAGGCATGCGGTTAAAGGTCCCACC	0	0	0	0	0	0	0	0	576
GTACGGCTGGCTTACCTTTTGCCTGTGCCC	0	0	0	0	0	0	17.29927007	0	862
GTACGGTTATTTGACTTTCCACCGTCACGT	0	0	0	0	0	0	4.324817518	0	69
GTACGTGGGAATAATGCTTGGAAGGAATAA	0	0	0	0	0	0	0	0	1500
GTACTACACGATCATTTTGGACAAAACATA	0	0	0	0	0	0	4.324817518	0	999
GTACTCGGGGTCCCGATGTGGCTCGACAGA	0	0	0	0	0	0	21.62408759	0	874
GTACTGAGTTAGTCCATACGGGTGGCACCT	0	0	0	0	0	0	4.324817518	0	95
GTACTGGCAGCAGTAGAAGATGCAACAATT	0	12.47368421	0	0	0	0	0	0	265
GTACTGGCTGATGCCTAGTGTGGCAGTGGA	0	0	0	0	0	0	77.84671533	0	1597
GTACTGTGGCGACAGATCTAACTCGGTCCA	0	0	0	0	0	0	0	0	6
GTACTTGGTCGCAAAGGACCCCTGTTGGTA	0	0	0	0	0	0	25.94890511	0	526
GTACTTTAGCTGGCTACTCAGTGACCAACT	0	0	0	0	0	0	4.324817518	0	77
GTAGAAATAGCGTGGTCGTTAGGTGTGAGT	0	0	0	0	0	0	0	0	2
GTAGAATCCGTTACGCAAGGCACCCGGGCA	0	0	0	0	0	0	0	0	84
GTAGAATTTGTACCGGACAACCTGTGTCTA	11.02325581	16.63157895	0	0	19.66804979	0	56.22262774	0	72033
GTAGAGCATCGTTCCCCTATACGGGAGAAC	0	0	0	0	0	0	0	0	3316
GTAGAGCTGGAGCCCCAGGGGCCGGAGTGT	0	0	0	0	0	0	0	0	659
GTAGAGTTTTGGGGTCGATTATGTATAATT	0	0	0	0	0	0	0	0	1071
GTAGATGATGAGGGTATTGGTAAGGGGGGG	0	0	0	0	0	0	12.97445255	0	12
GTAGGAGGGGCGCGGGGGGGTCCAAGGCGG	0	0	0	0	0	0	0	0	119
GTAGGATAGTATGAGAAATCGCGGGTTGTC	0	0	0	0	0	0	0	0	1752
GTAGGATCGCGCATAGCGGAGGAATAGAGG	0	0	0	0	0	0	0	0	319
GTAGGCTCGGGAGAGGGGGGCCCCAGCCCC	0	0	0	0	0	0	0	0	905
GTAGGGACAGCTGGTAACCGGCATGCAGAC	0	0	0	0	0	0	337.3357664	0	9698
GTAGGGGGGCCTGTGGAAATCGGTCATAAT	0	0	0	0	0	0	0	0	1770
GTAGGTAGACGAACCCGATACTGGTCCCGG	0	0	0	0	0	0	21.62408759	0	125
GTAGGTCAGAGTGTTTTTCGCGTAATGGAC	0	0	0	0	0	0	0	0	2
GTAGGTCGGCAGTTTCCTTCCAACTTTGTT	0	0	0	0	0	0	34.59854015	0	214
GTAGTATCGGCATTGCATCCTTGGACCTGA	0	0	0	0	0	0	0	0	5056
GTAGTATGCTTGTTTGTTATTTTTAGCCTT	0	0	0	0	0	0	12.97445255	0	25176
GTAGTATGGACGTTTGAGCGGAGAAGGCAC	0	0	0	0	0	0	0	0	2
GTAGTCAAGGTGATCGACGTCACCTGTGTT	0	0	0	0	0	0	0	0	675
GTAGTCAATTGTCGAAGTGATATATATCAT	0	0	0	0	0	0	0	0	539
GTAGTGCTCTTGTAAGTTACTTAAAGGCAC	0	0	0	0	0	0	0	0	1065
GTAGTGGGGATGAATACGGTTAGCCGTGAT	0	0	0	0	0	0	0	0	500
GTAGTGTGTCGTCAAGTCATTCAGGCATGG	0	0	9.221789883	0	0	0	0	0	216
GTATAACGCTAAGTGAGGCCTATCTTTTCG	0	0	0	0	0	0	0	0	1292
GTATACATGTATAGCCCCTTACCATGAGAT	0	0	0	0	0	0	0	0	177
GTATACGGGTTGTCGGTGTCGCGTGCAGAG	0	0	0	0	0	3.703125	0	0	0
GTATAGCGTGACCTCGCCCTATTTACTACG	0	0	0	0	0	0	4.324817518	0	1842
GTATATTTGACGCTAAGAATCGTAAGTTAG	0	0	0	0	0	0	0	0	1347
GTATCACACGAGGCCTAGAGCTCCTCGTGA	0	0	0	0	0	0	0	0	1769
GTATCAGTGGGTGATTGAATACGCTGTCTC	0	0	0	0	0	0	0	0	2
GTATCCCACGGGTGAATATAAGTGGGTGGC	0	0	0	0	0	0	0	0	21
GTATCCCGCCTACATCTTCAACAGCTGTCA	0	0	0	0	0	0	8.649635036	0	69
GTATCCGAGTCGACGTTTTATAGGTCTCTC	0	0	0	0	0	0	4.324817518	0	578
GTATCCTTAGAACCTAAGGTCCTTAAGGAA	0	0	0	0	0	0	0	0	423
GTATCGCTTGGGTGCCTATGACCGGAGGCT	0	0	0	0	0	0	0	0	456
GTATCGGCTGTGGTTGCCTTGCGAAATTGA	0	0	0	0	0	0	0	0	212
GTATCTAATATGAAATAGAAATAGCAAAGC	0	0	0	0	0	0	0	0	2
GTATCTGAGCCTTATTTCGAAATTTTTGTC	0	0	0	0	0	7.40625	0	0	72
GTATCTGCAAGGATGGCTGGTGGGTTTGGC	0	0	0	0	0	0	4.324817518	0	876
GTATGAAGAACGGGACTGAGAGCCCGCGCG	0	0	0	0	0	0	0	0	1366
GTATGCCTCCTTTTGTCAATGGAGTCTGGG	0	0	0	0	0	0	0	0	555
GTATGCGTTTATTGGAACTTTGGTTTTCTT	0	0	0	0	0	0	4.324817518	0	1179
GTATGGCTTGCGGGCGTGGCCACATTTGAA	0	0	0	0	0	0	0	0	3
GTATGGTGTCAAGATGCGGTCTAGGTGTGG	0	0	0	0	0	0	0	0	864
GTATGTAATTTATAGGTACGATTACGCGTG	0	103.9473684	0	0	0	0	0	0	0
GTATGTATCTCCTCGTTGCATGTTGATATA	0	0	0	0	0	0	4.324817518	0	666
GTATGTCGGTCAGCTTATGCTTGTGATGTC	0	0	0	0	0	0	56.22262774	0	1446
GTATGTGAACATCTGTGGCATAATGCTAAA	0	0	0	0	0	0	25.94890511	0	865
GTATTAAGAAAGCACTGTCAACCGTCAGCT	0	0	0	0	0	0	0	0	101
GTATTCTGGTGCCCAAGGGCTTCGAGGAAT	0	0	0	0	0	0	8.649635036	0	85
GTATTTACAGTTGGTGGTCCAAGTGTCTGC	0	0	0	0	0	0	0	0	1020
GTATTTCTTTTTACATTATGGTCTCCAGTT	0	0	0	0	0	0	34.59854015	0	89
GTCAAATTCGGGGGGACGTAGCACAGGGCT	0	0	0	0	0	0	0	0	246
GTCAACCAATAAACTCCTCAGAAGAAATGT	0	0	0	0	0	0	0	0	76
GTCAACGGATTCGTGAGTAATTGATGGAAT	0	0	0	0	0	0	0	0	3
GTCAAGGGGAGTTAACATCCGTTTATTCGT	0	0	0	0	0	0	0	0	1031
GTCAAGTGTGTGCCAGGCCAGGCTAGTGAA	0	0	0	0	0	0	0	0	77
GTCAATCTAGGGTACTAAATCCCTACTGTC	0	0	0	0	0	0	0	0	138
GTCAATCTTCTGTCCTCAAGTTACTCCTGA	0	0	0	0	0	0	0	0	618
GTCACAATCTAATTTGCTAGACGTCCAGGC	0	0	0	0	0	0	0	0	1524
GTCACATAGGTGGACGTAGGTCGCATGTCC	0	0	0	0	0	0	4.324817518	0	70
GTCACCCATTTGTTTGTAGTCAACAGGCTA	0	0	0	0	0	0	12.97445255	0	4
GTCACCCCACGGACCTCTTACCGAAGTATG	0	0	0	0	0	0	0	0	237
GTCACCGCCTGCCCTTTGCGGTCTGGAATG	0	0	0	0	0	0	0	0	13
GTCACGAGCAGCCGAATACGTTCTTTTATT	0	0	0	0	0	0	0	0	763
GTCACGGGGCCAAGTCGTTGATTCGGGCGG	0	0	0	0	4.917012448	0	0	0	0
GTCACTGGTAGGCACGCGTTGCGGAGGGGG	11.02325581	8.315789474	0	0	0	0	0	0	603
GTCACTGTCCAGTACTACGCACATCCCTCT	0	0	0	0	0	0	25.94890511	0	2
GTCAGAAACGGATCAACCACCATTTCTATG	0	0	0	0	0	0	30.27372263	0	14
GTCAGCAATTGCGTCTGTGCATTTACTTTA	0	0	0	0	0	0	0	0	207
GTCAGGGGCTGCACTTCGCGGTCCACGGGA	0	0	0	0	0	0	0	0	360
GTCAGGGGGGGTCGCATGGTCGGTTGCTGG	0	0	0	0	0	0	17.29927007	0	359
GTCAGTCCGACATGTAACTTGGGCTTCGAA	0	0	0	0	0	0	0	0	127
GTCAGTCGGGTCAGGTGGGTGTGTCGCGTG	0	0	0	0	0	0	25.94890511	0	1391
GTCAGTGGAATGCCTCGTATGCTGAGGGCG	0	0	0	0	0	0	0	0	310
GTCATAGAGGATCCGTCTCCTTATTCATCG	0	0	0	0	0	0	0	0	2408
GTCATAGTGAGCTTTAATAGCACTAAAGCT	0	0	0	0	0	0	0	0	36
GTCATCCGCATAGGGGGGTTAAGGTCCCCC	0	0	0	0	0	0	0	0	114
GTCATCCGTGCCGGAGCAACGGGGAGCCAG	0	0	0	0	0	0	0	0	3
GTCATCGGTATGACTTGGTATTTAAATATC	0	0	0	0	0	0	4.324817518	0	539
GTCATGGCATCTCAGGGGCAGAGGCCTATC	0	0	0	0	0	0	103.7956204	0	569
GTCATGGTATCATCGGTTTACTAAACATGG	0	0	0	0	0	0	4.324817518	0	895
GTCATTACCAACTTTATAGCAGTAGCGGAT	0	0	0	0	0	0	0	0	232
GTCATTCTCTATTCATCAAGATAGTTACTA	0	0	0	0	0	0	17.29927007	0	186
GTCATTGAGTGTGGTCAAGTGCGGGGAGGC	0	0	0	0	0	0	0	0	496
GTCATTTTTTAACGGTTGTGATTTGTCTTA	0	0	0	0	0	3.703125	21.62408759	0	1191
GTCCAAGCCCGTCTATAGAGTCTCGGCGCT	0	0	0	0	0	0	0	0	1285
GTCCATCCAGCGGCAGACTGCGGAAGGGGA	0	0	0	0	0	0	73.52189781	0	2836
GTCCATGAGTCAAATGTCTTTCCTCTACTT	0	62.36842105	0	0	0	0	0	0	136
GTCCCATCTGATCCCATTAGCATGTGGCCT	0	0	0	0	0	0	0	0	969
GTCCCATTTACACGGTGTCTTCTGTGCTGA	0	0	0	0	0	0	12.97445255	0	193
GTCCCCGAGAGCCGAAGTGTATTCTGTAGG	0	0	0	0	0	0	4.324817518	0	2172
GTCCCCTTGAGACTGAAGCGTTAGGTTAAC	0	0	0	0	0	0	34.59854015	0	1754
GTCCCGTTGGCCAAATTTATCAGTCGCATT	0	0	0	0	0	0	4.324817518	0	308
GTCCCTGAAGGGAAGAAAAGCGCTGACGTG	0	0	0	0	0	0	0	0	84
GTCCGGCAGTAATTTGAGAAAAATAAGATT	0	0	0	0	0	0	56.22262774	0	1361
GTCCGGCTCTACTACGTTATCTCTGAGCGA	0	0	0	0	0	3.703125	12.97445255	0	8827
GTCCGGGAAGTATCGGGAGGCATGCAGTAC	0	0	0	0	0	0	0	0	10
GTCCGGGATTACATGGTCGATGTTCCCCGC	0	0	0	0	0	0	0	0	1198
GTCCGGGTGTCGTTGCTGCAGTGATGAGCG	0	0	0	0	0	0	21.62408759	0	768
GTCCGTCTTTCGGGGTGTGCAGTTAAAAGT	0	0	0	0	0	3.703125	0	0	177
GTCCGTGGGAACTTCGACTTATGACTACGG	0	0	0	0	0	0	0	0	907
GTCCGTTGCGATTCCTTGCCTAGGCACCGT	0	0	0	0	0	0	4.324817518	0	395
GTCCGTTTGAATTTGCGACTCGTATGTCAG	0	0	0	0	0	0	4.324817518	0	267
GTCCTCACGTTGGGTATATTTTAAGGCCAC	0	0	0	0	0	0	4.324817518	0	794
GTCCTCCTCGCTCCAGGCAGGACTGGTGAC	0	0	0	0	0	0	0	0	1214
GTCCTGCGTGCAGTTTTGTTCAGGGGTAAA	0	0	0	0	0	0	0	0	2
GTCCTGTATCGTAGTCATGTTCAACATTCG	0	0	0	0	0	0	0	0	341
GTCCTGTCCCAGGTGTCCAGCCATTCTAGA	0	0	0	0	0	0	0	0	242
GTCCTTATTGACGGTGCTATGCGGGTGGGG	0	0	0	0	0	0	0	0	3
GTCCTTCTTGCTCCTCGTGATTTGGGGAGA	0	0	0	0	0	0	0	0	1098
GTCGACAGCAGCGCGAACTCAAAGGACTGC	11.02325581	33.26315789	0	0	4.917012448	0	134.0693431	0	41289
GTCGAGGGTTCTTTGTCATGGCTTTATATC	0	0	0	0	0	0	0	0	1061
GTCGCCAAAATTTAGGAGGATGGTGAGCTG	0	0	0	0	0	0	8.649635036	0	255
GTCGCCGGAGTGGGTGGAGCGAAGGTGGGG	0	0	0	0	0	0	8.649635036	0	1876
GTCGCGCACAATGGAGTGCTGGACTTCAGA	0	0	0	0	0	0	0	0	1156
GTCGCGCGTGATAGTTTATCGAGTGGTATA	0	0	0	0	0	0	4.324817518	0	0
GTCGCTTAAATTCTATGCAATGGGTACAGA	0	0	0	0	0	0	25.94890511	0	17
GTCGGCGGATACGTGTCCAAACGTGTTCTA	0	0	0	0	0	0	4.324817518	0	315
GTCGGGAAACTGGCGGTGCCTCGGGACGGT	0	0	0	0	0	0	4.324817518	0	394
GTCGGGAATTTAATCTGACAGATGACAGGA	0	0	0	0	0	0	12.97445255	0	1566
GTCGGGACTGAGGTTGAACTGTCGGACAAA	0	0	0	0	0	0	0	0	109
GTCGGTCCGTTCTGATGGAGTTTTGGATTG	0	0	0	0	0	33.328125	185.9671533	0	0
GTCGGTTACACGGTTACGGGCATAGTCTTC	0	0	0	0	0	0	0	0	2
GTCGTCGCTAAAGCGGTCAAAATCCGATTC	0	0	0	0	0	0	21.62408759	0	12586
GTCGTCGTAAAGTGAGTGTCAACTTCACTG	0	0	0	0	0	0	17.29927007	0	12
GTCGTGATACCAGATCGAGGTACCCCGTGC	0	0	0	0	0	0	17.29927007	0	7036
GTCGTGCGTACTTGCGTGGGGCGGAGGAGG	0	0	0	0	0	0	4.324817518	0	430
GTCGTGTAACCGAGGACGCTCGAATGGGAA	0	0	0	0	4.917012448	0	0	0	35
GTCGTGTCTAGCGATACTACTGTTCCACGC	0	0	0	0	0	0	4.324817518	0	959
GTCGTGTTTTGATTCTATAGATGTTCGCGT	0	0	0	0	0	0	0	0	2
GTCGTTAATAACCTCATCCAGATACCAACC	0	0	0	0	0	0	17.29927007	0	95
GTCGTTTTTATGTAGGAGCAATATCCCTGG	0	0	0	0	0	0	0	0	1820
GTCTACAGTACCCCGTGTAGCGCGGACATC	0	0	0	0	0	0	21.62408759	0	2427
GTCTAGCAGACGGGCCTCTTTTGTGTACGT	0	0	0	0	0	0	0	0	1613
GTCTAGGTTCTCATCTCTGTCCCCAGATGC	0	0	0	0	0	0	0	0	1092
GTCTCAGGTAATACCTTGCAATTCACTCCG	0	0	0	0	0	0	4.324817518	0	294
GTCTCCCGCTTATTACGACAGGGTGGCGGG	0	0	0	0	0	0	0	0	2392
GTCTCCTCCTCAAAAAATCCGAACCAGCAG	0	0	0	0	0	0	0	0	1045
GTCTCCTTTTACGGACACCATTAAGTTTAA	0	0	0	0	0	0	21.62408759	0	2020
GTCTCGGATACGCTTTAGGATTCCATATTT	0	0	0	0	0	0	0	0	188
GTCTCGTTGCGCGTGTTGGGGCCAAATTGC	0	0	0	0	0	0	8.649635036	0	210
GTCTCTCCCACCCTTCAAAGACTCATGTTC	0	0	0	0	0	0	4.324817518	0	0
GTCTCTCGCTGACAGTGGATCCCGCATAGT	0	0	0	0	0	0	0	0	16
GTCTCTGTACAATGTTTTAGCTTTACGATT	0	0	0	0	0	0	12.97445255	0	838
GTCTGAACCTCAATCTTTTCACTATTTCTA	0	0	0	0	0	0	4.324817518	0	973
GTCTGAAGGGTTAGTTCACCAGTGGACGGG	0	0	0	0	0	0	8.649635036	0	921
GTCTGACTGTTAGACGTCTTTACGTACCAA	0	0	0	0	0	0	8.649635036	0	40
GTCTGATGCAGATTGATGTTCTATCATATA	0	0	0	0	0	0	0	0	599
GTCTGCATATAAGCCGTTTGTATTGTCGTG	0	0	0	0	0	0	12.97445255	0	0
GTCTGCCACCAGTGGGGTGTTGGAAAACAG	0	0	0	0	0	0	8.649635036	0	1085
GTCTGGTCTCCTTTGGAAAATGTTTAGAGA	0	0	0	0	4.917012448	0	0	0	5
GTCTGTATCCCTGCATCGAAATGAAGGCGG	0	0	0	0	0	0	4.324817518	0	645
GTCTGTATGGATCCGCTATCGGAAAATATG	0	0	0	0	0	0	4.324817518	0	19
GTCTGTCGTAAAAGTAGTCAGGGCGTATGA	0	0	0	0	0	0	4.324817518	0	1535
GTCTTACATCTCCCCCAAGACACAGCATGG	0	0	0	0	4.917012448	0	0	0	0
GTCTTCATTGAGGATGCTTCGGACACTAAT	0	0	0	0	0	0	0	0	415
GTCTTCCCGTATTGGACTGCGCGTTTCGTC	0	0	0	0	0	0	4.324817518	0	6
GTGAACACGGCCCCTGATATTTAAATTTAG	0	0	0	0	0	0	21.62408759	0	7
GTGAATCTAGACGGAATGGGAATGGATGCG	0	0	0	0	0	0	0	0	935
GTGAATGGCACTTCATCAGGGTCAGTCTGG	0	0	0	0	0	0	8.649635036	0	184
GTGACAGTCAATCTCGCAATTACTTACATG	0	0	0	0	0	0	0	0	7
GTGACAGTGTCTCTGTAGGCTGTAAGTGAC	0	0	0	0	0	0	0	0	1003
GTGACCGCGGAACAAGAGTGAACCAGCATA	0	0	0	0	0	0	0	0	981
GTGACCTCCTAAAATTGTTCGTATCTTCAA	0	0	0	0	0	0	0	0	2390
GTGACGACGGGCCAGCAACTGTATGATGGG	0	0	0	0	0	0	0	0	7
GTGACGATGGGAGTGTTCATGGTGATGGCG	0	0	0	0	0	0	0	0	87
GTGAGAGATCGCTCAGGCAGGGGCAGTGCA	0	0	0	0	0	0	34.59854015	0	503
GTGAGATAATGCAGGGACTTGCACGCGTTT	0	0	0	0	0	0	0	0	85
GTGAGCAGGGGTTATCGTGGTTAGACTGTA	0	0	0	0	0	0	12.97445255	0	0
GTGAGGCAGCTTGTGTTATGTTACTGGGGC	0	0	0	0	0	0	0	0	100
GTGAGTATACAGCATTTAGGTATGGAAGGG	0	0	0	0	0	0	12.97445255	0	1025
GTGATAACAGCATATTAAATGGTCCTTCTC	0	0	0	0	0	0	0	0	302
GTGATAATATTCACTTATTCTGCTGGTTTA	0	0	0	0	0	0	0	0	1488
GTGATCGTATATTGTCGCCTTGAGGCGGGG	0	0	0	0	0	0	0	0	140
GTGATGCGATTCTGGTCTACAATTGATGGG	0	0	0	0	4.917012448	0	0	0	0
GTGATGCGTAGCAGATCGCGGTCATATTTG	0	0	0	0	0	0	4.324817518	0	106
GTGCAAGTTTTTCCCACTAATTCCGCGCCT	0	0	0	0	0	0	12.97445255	0	244
GTGCACGATTTGTAGCTCAGAGCGTTCGTC	0	0	0	0	0	0	0	0	3
GTGCATCGGGCGCGTGCACGAGCACTGAAG	0	0	0	0	0	0	0	0	2139
GTGCCAGGATGAACTCCTGACAGATCACGC	0	0	0	0	0	0	4.324817518	0	185
GTGCCAGGTTTAGTCTCTGGTGGGGCAATG	0	0	0	0	0	0	0	0	1294
GTGCCAGGTTTTGCGCTGAGCATATGGCAA	0	0	0	0	0	0	4.324817518	0	55
GTGCCCCCGGATAATCGGCTGGGGATCAAG	0	0	0	0	0	0	4.324817518	0	108
GTGCCCGATTGAGCAACGCCCTTCTGGCGT	0	0	0	0	0	0	30.27372263	0	111
GTGCCCGCCACTAGCAGTAACCAACTCGAA	0	0	0	0	0	0	0	0	2
GTGCCCGGGACAGCCTAGTTTTAGATCAAT	0	0	0	0	0	0	4.324817518	0	0
GTGCCCTGGTCAAATTGTCAGTGTGCCCCT	0	0	0	0	0	0	4.324817518	0	2571
GTGCCTGGGTTTTGGTCTCCAGAAGCCTAT	0	0	0	0	0	0	0	0	1151
GTGCCTGTTCAAAGGTGTTCACTTACGGGT	0	0	0	0	0	0	0	0	632
GTGCGCGTCTCACTGGGGGGTGTCTGCAGA	0	0	0	0	0	0	8.649635036	0	1291
GTGCGGTTGGGGTTCTGTGGATTGGTTTAG	0	0	0	0	0	0	12.97445255	0	93
GTGCGTGCTAGGCCACTTGGTTGCGCTGAA	5.511627907	0	0	0	0	0	0	0	0
GTGCTCACCGAATTATATTAGGAGGAAGAT	0	0	0	0	0	0	0	0	2
GTGCTCCAATTATCGTCTGAATAGCTTCCG	0	8.315789474	0	0	0	0	0	0	699
GTGCTCCCTTGCTCCCCAAGCTCTTGTGAG	0	0	0	0	0	0	0	0	28
GTGCTCGCCTGACGCGTAGTAGCTGCTGAT	0	0	0	0	0	0	0	0	900
GTGCTTCAAGGTCCGGGTCAACTAGAAGTG	0	0	0	0	0	0	0	0	481
GTGCTTGGCCGCTAGGCGAGGCGGCAGGCG	0	0	0	0	0	0	0	0	992
GTGGAAGTGGCGTTCTATGCCGTATGTGGC	0	0	0	0	0	0	25.94890511	0	916
GTGGAGGAATGCGGTGTACGAACCAGGACG	0	0	0	0	0	0	4.324817518	0	0
GTGGATTATTGGAGTCAGGCGCAGGGGGCT	0	8.315789474	0	0	0	0	0	0	104
GTGGCACTAACAACATAGCATTTGTCTGCT	0	0	0	0	0	0	4.324817518	0	41
GTGGCAGGAAAGGAGCGGATGCGCCGCGGG	0	0	0	0	0	0	0	0	211
GTGGCAGTGGTCCGGTGGGTCGCTGCGTAT	0	4.157894737	0	0	0	0	0	0	0
GTGGCCCGGGAAATGGGCGTGCGGTAAGGT	0	0	0	0	0	0	0	0	6
GTGGCCTCGTCGTCAGACTCCGCGTTACTG	0	0	0	0	0	0	21.62408759	0	134
GTGGCGAAATCCAACGGAGATACGGCGCGT	0	0	0	0	0	0	0	0	1285
GTGGCGCCGCGGGGCGGAGCGTACGTCAGG	0	0	0	0	0	0	8.649635036	0	300
GTGGCGGGTCTACACGTTCATCGTCTCACT	0	0	0	0	0	0	12.97445255	0	933
GTGGCGGTAGGGTGCCTTAGGGAAAGGGGC	0	0	0	0	0	0	0	0	339
GTGGCGGTTGGGGTATGAACGGGTGGGTAA	0	0	0	0	0	0	0	0	756
GTGGCTGTTGGGGCTTATGGTGATGACATT	0	0	0	0	0	0	4.324817518	0	0
GTGGGCACTGTCGGGGTCTTATCTTTCAGT	0	0	0	0	0	0	4.324817518	0	92
GTGGGCAGACCATGGGGACTGGGGCAGGAG	0	0	0	0	0	0	4.324817518	0	2
GTGGGCCATCGCTGGCGTCAGCAGGCAAAT	0	0	0	0	0	0	0	0	413
GTGGGCGTTCATCTGAAGTTAGAGGAAATT	0	0	0	0	0	0	0	0	1195
GTGGGCTGTGAATTGTGGTGGAGTAGAGGG	0	0	0	0	0	0	0	0	93
GTGGGGAGTGCAGCTCAGATGTCAGCCGCT	0	0	0	0	0	0	0	0	1023
GTGGGGGTGCAGGGGCTGAGGCAGCGTGAC	0	0	0	0	0	0	12.97445255	0	41
GTGGGTCGTCGATGTGTCACCGGGGGAGCG	0	0	0	0	0	0	0	0	139
GTGGGTGAGCGCGTAGGAACTGTCGGGCTG	0	0	0	0	0	0	0	0	2
GTGGGTTAACTGTTCCGATTCCGATCGGTG	0	0	0	0	0	3.703125	4.324817518	0	2039
GTGGGTTACTTCAACTACGATGTCAGGCCA	0	0	0	0	0	0	0	0	193
GTGGTAACAGCTTCATGTTTTAGAGGGTCC	0	0	0	0	0	0	0	0	167
GTGGTCATCTCGGTATCCCGGTTCGGTCTG	0	0	0	0	0	0	12.97445255	0	49
GTGGTGATGCAGCAGTTAGGGTGGAGACGC	0	0	0	0	0	3.703125	0	0	124
GTGGTGCTTCGAAAACACGGTTCACGGCTT	0	0	0	0	0	0	4.324817518	0	1154
GTGGTGGTGATGACTGGTACTGGATGAGAC	0	0	0	0	0	0	17.29927007	0	10144
GTGGTGTTGCGCACAGGTGTGGGCGGTTAA	0	0	0	0	0	0	0	0	1888
GTGGTGTTGTCTTGAATTTCGGGTCCTGTA	0	0	0	0	0	0	0	0	1283
GTGGTTATGTATTTCGGTTATGGGCTAAGC	0	0	0	0	0	0	0	0	489
GTGTAAATTTCAGCTATTCGTATTACTTTG	0	0	0	0	4.917012448	0	8.649635036	0	5
GTGTAACCGAAAATTCGCGTTTCGTCCGGT	0	0	0	0	0	0	4.324817518	0	1635
GTGTAATCAACGGTCGTAAGGCGTAGTTCT	0	0	0	0	0	0	21.62408759	0	2
GTGTAATGTATTGGTCCTCGCGTGTAACTT	0	0	0	0	0	0	4.324817518	0	456
GTGTACCCCGTAGTTCTACGGGTGCCAGGG	0	0	0	0	0	0	0	0	607
GTGTAGAAGCGAGCTTGGGCGCTCCGGCCG	0	0	0	0	0	0	0	0	242
GTGTAGCAACCATATGACAAGGATTTCCGC	0	0	0	0	0	0	484.379562	0	0
GTGTAGGTATGTTATACCGATTGCTTGCCA	0	0	0	0	0	0	0	0	3
GTGTAGGTGGCGAGTGTGTGGGGAATCGGC	0	0	0	0	0	0	0	0	331
GTGTATGAGCTGTACTAATAGTGGCCTATA	0	0	0	0	0	0	0	0	3
GTGTCCAGCATAATCCACCCATCAATCAGT	0	0	0	0	0	0	8.649635036	0	436
GTGTCCATGTAGTCCTCTCGCTTAATTCTC	0	0	0	0	0	0	0	0	1408
GTGTCCGGCGAGGAGCTAGGGGCGCGCGGA	0	0	0	0	0	0	0	0	3
GTGTCCGGGTGGGGTGTTAAGTTGCCGAGG	0	0	0	0	0	0	0	0	876
GTGTCGGCCGTGTGCGGGGAGGCCTGCTTA	0	0	0	0	0	0	21.62408759	0	1594
GTGTCGGTCTGGTAGACTGGATGATGCACG	0	0	0	0	0	0	4.324817518	0	264
GTGTCTATAGGACGTGGCTGTCAATCGGAC	0	0	0	0	0	7.40625	8.649635036	0	260
GTGTCTGCCAGGAGTAATTCCGACAAGTCG	0	0	0	0	9.834024896	0	0	0	133
GTGTCTTCCGGGCCGAGGGAGACGTCTGAA	0	0	0	0	0	0	0	0	79
GTGTGAAACGACCATGTGGGCTTTTTGTAA	0	0	0	0	0	0	4.324817518	0	176
GTGTGAAGAGATGCGGTCGGTTAGGTGACC	0	0	0	0	0	0	0	0	705
GTGTGAAGGATTTCGGGCACGAGAAACTCT	0	0	0	0	0	0	0	0	867
GTGTGAGTTGACCGTACTCGTAATCGTTGG	0	0	0	0	0	0	0	0	4
GTGTGCCGTACTACTCGTATCGAGGGCAAC	0	0	0	0	0	0	21.62408759	0	182
GTGTGGATAGAGTTACTACTTCGACTCGCC	0	0	0	0	0	0	4.324817518	0	917
GTGTGGGCTCTTGACAAGTAATAACCCACT	0	0	0	0	0	0	4.324817518	0	1069
GTGTGGTTCGGAAAGCCCGTCCAGAAGATC	0	0	0	0	0	0	0	0	1681
GTGTGTCATACCTCACTCTAGATAGGCTTG	0	0	0	0	0	0	0	0	45
GTGTGTGTTTGATTCGGCCGTGCATGTCAA	0	0	0	0	0	0	0	0	1040
GTGTGTTGTTGTTAGAAAATACAACTGTTG	0	0	0	0	0	0	4.324817518	0	18
GTGTTCCAATCATGATGAGGATCATGGTGC	0	33.26315789	0	0	0	3.703125	82.17153285	0	3944
GTGTTCCTAGCGAAATTTAAGTGGATGCTT	0	0	0	0	0	0	4.324817518	0	327
GTGTTCGTCTTGGAGGTCATACTCCTTAGA	0	16.63157895	9.221789883	0	0	0	30.27372263	0	562
GTGTTGAGGAGTAGATTCTCCCCCCGTTTA	0	0	0	0	0	7.40625	0	0	559
GTGTTGGTAAAACGTATTTTTAACTTTCTC	0	0	0	0	0	0	0	0	23
GTGTTTGGGCCTGTACTGTCTTGTTTGTAC	0	0	0	0	0	0	0	0	34
GTGTTTTATAATTGCTTGACTAATTACCTA	0	0	0	0	0	0	0	0	2
GTGTTTTGTATTAGTATCTGGTTATGAATG	0	0	0	0	0	0	17.29927007	0	593
GTTAAAAGAGTAGGTAGTCTTCTGCACTGG	0	0	0	0	9.834024896	3.703125	90.82116788	0	79676
GTTAAATAGGTTATTACCCTTGCTGTGGTA	0	0	0	0	0	7.40625	0	0	138
GTTAAATCTACGTTGGGATCCAAGTTACCC	0	0	0	0	0	0	77.84671533	0	44
GTTAACAAGCACGACGCATCCCACAGGGTG	0	0	0	0	0	0	0	0	1174
GTTAACCGCTAGTCCAAACTAAGCTCTTGT	0	0	0	0	0	0	0	0	171
GTTAACTTGCATAAGATCTATCGAACAGTA	0	4.157894737	0	0	0	0	0	0	53
GTTAAGCTTAAACGGCGACGATCTAGGCTT	0	0	0	0	0	0	4.324817518	0	3
GTTAAGGGGGGTGCTACGGCCTCCTTGTAC	0	4.157894737	0	0	0	7.40625	0	0	22
GTTAATTGTCTTGATAGGGAACAAAAATTT	0	0	0	0	0	0	4.324817518	0	0
GTTACAAGTTGTGTTGTATTTTGCGCTTCG	0	0	0	0	0	0	0	0	638
GTTACATAAATAAACATTAATATTTGACAA	0	0	0	0	0	0	0	0	3
GTTACCCGTACAGAACCGGTGGTGCGGGTC	0	0	0	0	0	3.703125	34.59854015	0	16805
GTTACCGATAGCTTGCATCGATAGGCCGAT	0	0	0	0	0	0	0	0	107
GTTACGCCAAAATATTTGTTAAAATGCCGT	0	0	0	0	0	0	4.324817518	0	21
GTTACGTATGTTTTTGAGTTGAGCTGTTCG	0	0	0	0	0	3.703125	25.94890511	0	1575
GTTACTTTTTAACTATATGCAATTTAATGT	0	0	0	0	0	3.703125	0	0	171
GTTAGACAGTTCGTCCTAGGCTGTGCAACG	0	0	0	0	0	0	0	0	3482
GTTAGAGCAAGCCTTCGATTTCCTCCTGGT	0	0	0	0	0	0	0	0	1168
GTTAGGCGACTATTTGTTTCAGGTCCGGCT	0	0	0	0	0	0	0	0	868
GTTAGTAGACAGGCACGGAGTTCGGTCTTC	0	4.157894737	0	0	0	0	90.82116788	0	3841
GTTAGTATGAGTCGGTACTGACTTCCCGAG	0	0	0	0	0	0	17.29927007	0	250
GTTAGTTGGATCGTTAACGCTACCTAATTG	0	0	0	0	0	0	4.324817518	0	3
GTTATACTTGAATGCGTTGTTTATGGCTGT	0	0	0	0	0	0	0	0	667
GTTATAGAGTGGTTTTGGCTACTCCTTAAG	0	0	0	0	0	0	8.649635036	0	0
GTTATCAGTGTCAGGGCGATGGATACGTAT	0	0	0	0	0	0	8.649635036	0	101
GTTATCGAGGAACATGAGTTTTTCGAAGTA	0	0	0	0	0	0	0	0	96
GTTATCTGTCGGGTGAACGGAACAATTTTA	0	0	0	0	0	0	4.324817518	0	379
GTTATGCTGCCAGGTGGCCCGTTCAGTGAA	0	0	0	0	0	0	0	0	125
GTTATTAGATGTTGGGCGAATTCGAGACTT	0	0	0	0	0	0	0	0	73
GTTATTCGGCCGACCGTATTTAAAGCCAGC	0	0	0	0	0	0	4.324817518	0	961
GTTATTGGGCAACCTTCGCGTTCAGTCGTT	0	4.157894737	0	0	0	0	0	0	929
GTTATTGGTACTCCATATCTTTATACTCGG	0	0	0	0	0	0	30.27372263	0	73
GTTATTTTACTCTCGATTTAACACTACAAA	0	0	0	0	0	0	0	0	7866
GTTCAATCTCTATTACTAGACTTATATAGG	0	0	0	0	0	0	4.324817518	0	1187
GTTCAATGTGCGCGCCCTCGGGATATTAGA	0	0	0	0	0	0	0	0	1099
GTTCACATGCATATATCGCTTTACCGTATA	0	0	0	0	0	0	4.324817518	0	872
GTTCACATGCGTGGTCCAACATATTGGAGT	0	0	0	0	0	0	0	0	874
GTTCAGATTACAAACGGGCGCTTACGGCAT	0	0	0	0	0	14.8125	0	0	876
GTTCAGGTGCCTATTGGGCTGGGCTTCCGA	0	0	0	0	9.834024896	7.40625	0	0	0
GTTCATAAATTCTTAACGATTTGAAAGAAA	0	0	0	0	0	0	4.324817518	0	306
GTTCATCTGTAACATAACCTCTTTAGTATT	0	0	0	0	0	0	0	0	1254
GTTCATTAGTCACTAACATAACCTTCGGAA	0	0	0	0	0	0	0	0	881
GTTCATTCCACCCAGTTCTCTAGGGTAAAG	0	0	0	0	0	0	0	0	1329
GTTCATTTGAGTGTTGTAGCTCGGATTAGG	0	0	0	0	0	0	30.27372263	0	15806
GTTCCATGTGTCGCGAGTAGAAGTCGGGGT	5.511627907	0	4.610894942	0	4.917012448	3.703125	134.0693431	0	120965
GTTCCCCATAGCAGCTTTGGATCCCTGTGC	0	0	0	0	0	0	0	0	574
GTTCCCTGGGGCCGCGTAGCGGATAGTTGA	0	0	0	0	0	0	4.324817518	0	0
GTTCCTCTACCTTAGTATGGTCAGATTAGT	0	0	0	0	14.75103734	0	0	0	643
GTTCGAACATTGCTCGCACGGGGAGAGTTG	0	0	0	0	0	0	4.324817518	0	3
GTTCGATCAACCTCGGTCGCCATGATCTGC	0	0	0	0	0	0	0	0	1594
GTTCGATCGTGGTACATAAAATTCGAGGTC	0	0	0	0	0	0	0	0	34
GTTCGCTATTCATGGCACCGGGTATTCAAT	0	0	0	0	0	0	0	0	69
GTTCGCTTAAATTGGGTATACAATGAAATG	0	0	0	0	0	0	0	0	895
GTTCGCTTGCCCGTTCTTGAAACGCAAAAA	0	0	0	0	0	0	4.324817518	0	82
GTTCGGGTAAGCTGTAAGGTTTACGCGTCA	0	0	0	0	0	0	0	0	378
GTTCGTCCCAACGAGTAATTGTTGGAAGAT	0	0	0	0	0	0	0	0	25
GTTCTAAACTGCTCCTAGACGAATATCGTC	0	0	0	0	0	0	0	0	3
GTTCTAAAGAATCCTTTCTGGTATCACGCC	0	0	0	0	0	0	0	0	961
GTTCTAGTTCCTTCAGAATTGTCGTGAAGC	0	0	0	0	0	0	4.324817518	0	19
GTTCTCCGGAATTTACAATTTCCGGGTACC	0	0	0	0	0	0	0	0	3
GTTCTGCCCTACGTGTTCGGGCGGAATTCA	0	0	0	0	0	0	0	0	899
GTTCTGCCGATAGCATCTTGTATCCAACTT	0	0	0	0	0	0	8.649635036	0	7714
GTTCTTTGGTCTTGGTCGGCGGGGCTGTGA	0	0	0	0	0	0	47.5729927	0	8084
GTTGACCCAACTGAATGCGTTTGCTAGACG	0	0	0	0	0	0	8.649635036	0	46
GTTGACTCGTTAATCACAAGTTTTTAATGA	0	0	4.610894942	0	0	0	0	0	1042
GTTGAGACCTGAGGGAGACTAGGATCAGGG	0	0	0	0	0	0	0	0	1076
GTTGAGCGAATCGACTATGTTTCGTCGAAT	0	0	0	0	0	0	4.324817518	0	47
GTTGAGGGGGTCGGCGGCATGTGATTGTGC	0	0	0	0	0	0	8.649635036	0	77
GTTGATAGGACGACGGAGATGGTTTGCGGG	0	0	0	0	0	0	0	0	974
GTTGATAGTAACGAGCGTTTGGTTGTTTCC	0	0	0	0	0	0	0	0	1185
GTTGATGGTAGCCGCTGACGCTTATGTCCA	0	0	0	0	0	0	0	0	4
GTTGCAGATTGCCTCTCATAGGATAACACA	0	0	0	0	0	0	0	0	773
GTTGCATGAAGTTTAGGAGTATTGCTCGTT	0	0	0	0	0	0	0	0	2606
GTTGCCCTATCGATACAGGGGAGCGTGAGC	0	0	0	0	0	0	0	0	2
GTTGCCGGACGCGCCAGGGAAGCGTTGGCT	0	0	0	0	0	0	4.324817518	0	21
GTTGCGATGCGAATGCAAACTGTGGCTCGG	0	8.315789474	0	0	0	0	0	0	332
GTTGCGCTCGGAGAGCAGTCCATGGGTCGT	0	4.157894737	0	0	0	0	0	0	537
GTTGCGGAAGCCGCCAGGGACGATCGCTCT	0	0	0	0	0	0	8.649635036	0	185
GTTGCTATTTTACGAATCGCAGGGGACGCG	0	0	0	0	0	0	4.324817518	0	222
GTTGCTGTCCGGGCAGCAGAGGAGAAATCG	0	0	0	0	0	0	0	0	1075
GTTGGAATCCTCATAAACAAGTATCCGCAC	0	0	0	0	0	0	8.649635036	0	294
GTTGGGTCTTTCAGTCCAAGCTTAGAGATG	0	0	4.610894942	0	0	0	0	0	381
GTTGGGTTCTGATGATTGCAAGTGTGAAAC	0	0	0	0	0	0	0	0	2
GTTGGTAGGGTGCGTTGTAGTTTCTAGTCG	0	0	0	0	0	0	4.324817518	0	1170
GTTGGTTTCTCGCCGGTTGCTCGGACGCCA	0	0	0	0	0	0	0	0	77
GTTGTAGGTATCCCATTCAGTGATATAGCG	0	0	0	0	0	0	0	0	2
GTTGTATAATCCATGGTTTTGCTTTTCTAC	0	0	0	0	0	0	73.52189781	0	128
GTTGTATATCGAAAAGATTATCGAACAGTT	0	0	0	0	0	0	0	0	543
GTTGTCCACGGAGGCGGGGCTGGCGACGTC	0	0	0	0	0	0	0	0	1317
GTTGTCTGACTTCGGTGACGAGTCGCGTTT	0	0	0	0	0	0	34.59854015	0	613
GTTGTGGCATTTTATACACGCGTGTTGTAT	0	0	0	0	0	0	0	0	1745
GTTGTTCCATGTTGAATTTTAGGGGGCGTC	0	0	0	0	0	0	0	0	1425
GTTGTTCTTACAGTTGTAAAGGTGTACCCA	0	0	0	0	0	0	0	0	1030
GTTGTTGTGAGGCGCATATTGTCGGGAAAT	0	0	0	0	0	0	0	0	3
GTTGTTTAATTTTTTTGCCCCCTGCTGTCG	0	0	0	0	0	7.40625	4.324817518	0	819
GTTGTTTCTTTGCAGGTTAGCTGTCTAGGG	0	0	0	0	0	0	4.324817518	0	378
GTTGTTTTAGTTGTTCTTGTGAGTGCAAAT	0	0	0	0	0	0	4.324817518	0	115
GTTTAAAGGTGGGGCTGGCGTTTCTAGGCT	0	0	0	0	0	0	0	0	885
GTTTAACTGTACAGTAATCGCGAGGCAGTC	0	0	0	0	0	0	0	0	133
GTTTAACTTGCTGAGATACATTGTGGCGCG	0	0	0	0	0	0	4.324817518	0	0
GTTTAACTTGTTTCGTAGCCGACGGGGCTA	0	0	0	0	0	0	0	0	189
GTTTAATAGGTTTGGGGGAGACCGTGGAGT	0	0	0	0	0	0	4.324817518	0	417
GTTTACTCTAGCACTTTCAGTTGGTCGCTT	0	0	0	0	0	0	0	0	1548
GTTTAGTCATGGCAAGAAATTCAATTGCGC	0	0	0	0	0	0	4.324817518	0	0
GTTTATAATGGCGTCGATAGTAAAAGTCTT	0	4.157894737	0	0	0	3.703125	0	0	0
GTTTATTATTGAGCAATCTGTTCATGTGGT	0	0	0	0	0	0	0	0	982
GTTTCAAACTCGGTAGTATTTTGATTTCTA	0	0	0	0	0	0	0	0	645
GTTTCAGCGTGAATGGAGCTCGGTTACACG	0	0	0	0	0	0	0	0	1272
GTTTCCGGCGCTCGGTTCGGTATGGCGGTT	0	0	0	0	0	0	0	0	787
GTTTCGCAATGTGAGGTCGAAACTCCTCGC	0	0	0	0	0	0	0	0	2
GTTTCGGCACTGTCGATCCTTGTCGAGCTG	0	0	0	0	0	0	4.324817518	0	0
GTTTCTAGGGTATGCTCTAGTCGTCTGAAG	0	0	0	0	0	0	0	0	13
GTTTCTATTGGATGGAACCATGATATCCCG	0	0	0	0	0	0	12.97445255	0	1113
GTTTCTCTTCTTTTGCAGACGGAGTCGCGT	0	0	0	0	0	18.515625	0	0	454
GTTTCTTGTTTTGCAACATTACAGGAGTAC	0	0	0	0	0	0	0	0	1226
GTTTGACAATACGTAATGCCATAGTTAGTT	0	0	0	0	0	0	0	0	1729
GTTTGACATCTCACTGGCTATTGATGAGGC	0	0	0	0	0	0	4.324817518	0	1020
GTTTGACCAGTCAGCATTTTATATTCGCAA	0	0	0	0	0	0	8.649635036	0	94
GTTTGACGGGCACTCCTAATGGGGGCAAGT	0	0	0	0	0	0	0	0	314
GTTTGAGCGCGACGCCCCGGGCAAGTCGTT	0	0	0	0	0	0	12.97445255	0	5905
GTTTGATCGTGTGAAAGCGCGTCCCACTAT	0	0	0	0	0	0	0	0	934
GTTTGCAGTGAGCTCCCCGTTTTTAGCGAT	0	0	0	0	0	0	38.92335766	0	1400
GTTTGCCATGCGCCAGGGATTCTCAGCCTT	0	0	0	0	0	0	4.324817518	0	251
GTTTGGTCTCTTTTACCCGACCATCTTTGT	0	0	0	0	0	0	0	0	745
GTTTGTAACCATATCTCACTCCTAGGTGCT	0	0	0	0	0	0	12.97445255	0	1845
GTTTGTGCTCTGTGCAGGACCCATACGGCT	0	0	0	0	0	0	0	0	2
GTTTGTGCTGCGCAAGTGCAATTGTATAGG	0	0	0	0	0	0	4.324817518	0	223
GTTTGTTATTAGGCTGGCTGTTGTGACGAG	0	0	0	0	0	0	0	0	5
GTTTTACGGCCGGACCACGAGTTACCATTA	0	0	0	0	0	0	4.324817518	0	2
GTTTTAGCTATGCCATATCAGCAGTGTCTT	0	0	0	0	0	0	4.324817518	0	337
GTTTTATCTGACAGCGTTTAATATGGTCGC	0	0	0	0	0	0	30.27372263	0	64
GTTTTATTTGCGCCTATACCGATTAAGGAG	0	8.315789474	0	0	0	0	0	0	902
GTTTTCAGACCCGCTAATAGACTTTATAGA	0	0	0	0	0	0	4.324817518	0	613
GTTTTGAGGTCCAGTTGGGTAACTTTCCCC	0	0	0	0	0	0	30.27372263	0	325
GTTTTGCTTCACTGTCGACATCGAGGGGAG	0	0	0	0	0	0	0	0	2
GTTTTGTGAGTCAGCTGGCGTGCTAAAGCT	0	0	0	0	0	0	0	0	665
GTTTTGTGCGTCCGGCCGAGTGGGACAGGG	0	0	0	0	0	0	0	0	1267
GTTTTTGGTGGGGTGTCCGGAGTTATCCTT	0	0	0	0	0	0	0	0	718
TAAAAAGCTTCTCGAGTTTCTAGCGGTTCC	0	0	0	0	0	0	4.324817518	0	1698
TAAAACGATTCCAGGGTTGTACAGGTGCTT	0	0	0	0	0	0	0	0	2
TAAAACGGATTTTCTCCGCCTTCATAATGT	0	0	0	0	0	0	4.324817518	0	1098
TAAAACGTCGATTGGCAGTGCTTGTAGCTC	0	0	0	0	0	0	0	0	508
TAAAATGACAAAGTCATAAAGGTAGACACT	0	0	0	0	0	0	0	0	52
TAAAATTGACAATCTTAGCCTTGGAGAATA	0	0	0	0	0	0	0	0	820
TAAACGTTTTTACTTTCGACGTTACTACGT	0	0	9.221789883	0	0	0	0	0	0
TAAACTGCGCCTCTGTGCTGAAAGTTTCAT	0	0	0	0	0	0	12.97445255	0	1168
TAAACTTTTGTTGCTCTCTCGAGGATTGGA	0	0	0	0	0	0	0	0	313
TAAAGACGCACGTTCCAGTTATTGATCTTA	0	0	0	0	0	3.703125	0	0	1154
TAAAGATTGTTGTGTATTGCTCAGTTGTGC	0	0	0	0	0	0	0	0	971
TAAAGCGCAAAGGATGGCAAAAGCACCATC	0	0	0	0	0	0	4.324817518	0	1211
TAAAGCTTTTGGACATTGGCCACTCGTCCT	0	0	0	0	0	0	0	0	757
TAAAGGATAACCATTTTTATTTATACAAAT	0	0	0	0	0	0	4.324817518	0	0
TAAAGGGCGCCCGGCTAGTGTTCTTGAGGT	0	0	0	0	0	0	0	0	125
TAAAGGGGCGGGGGAAGGGTATCGCGTATC	0	0	0	0	0	0	0	0	735
TAAAGGTGTGGGAACTGAGCAGTGGGTCGT	0	0	0	0	0	0	4.324817518	0	272
TAAAGTCGCCCGTAGTAGTCTCGGGGTTAT	0	0	0	0	0	0	0	0	386
TAAATAAAAGGCACCATAAGCGCGCTAGCA	49.60465116	0	0	0	0	0	21.62408759	0	1102
TAAATAAGCAGTAGGCGGCTATGTTATTTT	0	0	0	0	0	0	0	0	838
TAAATAGTTTTTCGGTATTCTGGACAAGCT	0	0	0	0	0	0	4.324817518	0	1341
TAAATGGATGCTGGACAACTGCTGGTAGGT	0	0	0	0	0	0	0	0	2
TAAATGGGGACAATAGGGAGCCCTATTCAT	0	0	0	0	0	0	0	0	1512
TAAATTCACGTATAATTGTGGATGAGCTGG	0	0	0	0	0	0	0	0	1069
TAACAAATACGATGTAAGCCGGTTCAATTC	0	0	0	0	0	0	4.324817518	0	0
TAACAGTTTAAGTACTATCGTTCAGACTAA	0	0	0	0	0	0	12.97445255	0	13
TAACATTGTCAAGTGCGTAGCCGTCGGTGA	0	0	0	0	0	0	0	0	13
TAACCATTTTTCTATCCGTATAGGTGTATT	0	0	0	0	0	0	4.324817518	0	362
TAACCCATATGATCATGTGGGTGCTGCGTC	0	0	0	0	0	11.109375	4.324817518	0	6270
TAACCGGTGCTATCGCCATCCATACGGGTG	0	0	0	0	0	0	0	0	886
TAACCTGGGGGCATGGACGGGAAAACTATA	0	0	0	0	0	3.703125	0	0	946
TAACCTGTAGGTTGGCGTTTGCTCACGCCC	0	0	0	0	0	0	4.324817518	0	40
TAACGAGAGCATTAGTTTTGTGATAAATAT	0	0	0	0	0	0	4.324817518	0	0
TAACGCATGGGAGTCCCTGATACGCGAGCT	0	0	0	0	0	0	12.97445255	0	17
TAACGGGGCATCATTGGCTATTTCGAATTG	0	0	0	0	0	0	0	0	236
TAACGTGGTGCGCCTGGGTGGGTCTAGTGT	0	0	0	0	0	0	0	0	281
TAACGTTCGTGTCGGGTCCTTTCCCAAAAT	0	0	0	0	0	0	4.324817518	0	0
TAACTAATAAGTGCGTCAACTGTCCTCAAG	0	0	0	0	0	0	8.649635036	0	1516
TAACTATGATGCCATTAGTTTTTTGTGTTG	0	0	0	0	0	0	0	0	1164
TAACTCTTGTGTGCTTAGTCTGGCATTAGT	0	0	0	0	0	0	0	0	468
TAACTTCGTCATACGCCTTCGATACACGCA	0	0	0	0	0	0	64.87226277	0	186
TAACTTTGTGTGCTTATATCTTCGGCTAAG	0	0	0	0	0	0	0	0	84
TAAGAACGCCATGAATGGATAATGGGGTCC	0	4.157894737	0	0	0	0	0	0	526
TAAGAAGAAAGCTTAATGGCTTCGATTGTA	0	0	0	0	0	0	0	0	524
TAAGAAGAAGTTGACTAAACGGGGATGTGG	0	0	0	0	0	0	0	0	69
TAAGACGACTTGCGGGGATCTGGGAGGACG	0	0	0	0	0	0	0	0	979
TAAGAGTAACCCAAGCCCCCTTGTTAATAA	0	0	0	0	0	0	4.324817518	0	1197
TAAGATGTTGAGGTTTTAAATTAAAATTAT	0	0	0	0	0	0	0	0	429
TAAGCATCTTTATGTCGTATAACCAGGTAT	0	0	0	0	0	0	4.324817518	0	9
TAAGCCACTTGAGGTGCTCAGTTTTCATCT	0	0	0	0	0	0	17.29927007	0	329
TAAGCCGTAAAAGAAAAGCACGGACGGTAT	0	0	0	0	0	0	0	0	1781
TAAGCGATGCAGCATGTTGATCTGTTCGCA	0	0	0	0	0	0	34.59854015	0	579
TAAGCGCTTGCGTCGGACTTATCGCCTCGG	0	0	0	0	0	0	4.324817518	0	66
TAAGCGTGCTATGGTGGTCTTGATAGGGTC	0	0	0	0	0	0	38.92335766	0	2
TAAGGGCGTTAGCAGCAAAGGTGCAGCAAT	0	0	0	0	0	0	69.19708029	0	0
TAAGGGGGCAGTCGTCAACCGTGTGGGGTG	0	0	0	0	0	0	4.324817518	0	108
TAAGGGGTGTGGGCCCACGAGGGCTGGCCC	0	0	0	0	0	0	0	0	992
TAAGGGTTTCATGTGTTTAAGTATTCTATG	0	8.315789474	0	0	0	0	0	0	114
TAAGGGTTTGAACCAACGGTCATAGTTATG	0	0	0	0	0	0	4.324817518	0	741
TAAGGTGGGCACTGCTGTGAGCACGGCGGG	0	0	0	0	0	0	0	0	478
TAAGGTGTGAGCGTCGTTCTGAACTTCATC	0	0	0	0	0	0	0	0	1980
TAAGGTTCGGTGCCATTTACCGGGAGTATC	0	0	0	0	0	0	0	0	5
TAAGTAAAGCAATATGTTACATGTACGGTC	0	0	0	0	0	0	4.324817518	0	1414
TAAGTAATGCACTTGGTAGCGCTTAATGAG	0	4.157894737	0	0	0	0	4.324817518	0	429
TAAGTCTTCGAATGTTCTCCCCTGAGAACC	0	0	0	0	0	0	0	0	1540
TAAGTGAATACAGCCTGTTCACTGTGATTG	0	0	0	0	0	0	4.324817518	0	38
TAAGTGATTTCGTGGGCATCGCTACTCGGG	0	0	0	0	0	0	0	0	987
TAAGTTCTGATGCGGGCTGCTGCAATGCTT	0	0	0	0	0	0	4.324817518	0	1244
TAATAGTATACACCAGTCTAGAGTGTAGTT	0	0	0	0	0	0	0	0	1393
TAATAGTTCTCTTGCCGTTGTTCTGAAATC	0	0	0	0	0	0	4.324817518	0	369
TAATATAAGTTCATCGCTTTATTTTACTTA	0	0	0	0	0	0	4.324817518	0	2
TAATATGATTTACAGAACAGGCCCTGAGTC	0	0	0	0	0	0	0	0	95
TAATATGTTGAGTGTGGTCTGTGGTCTCGG	0	0	0	0	0	0	38.92335766	0	4494
TAATATTTTTTCTTTCCAGGTAGTCCTGGT	0	0	0	0	0	0	0	0	580
TAATCATGCCATTGCCTCATCCTCCAACGA	0	0	0	0	0	0	0	0	891
TAATCCATGAATGTGTATTTACTACTAGGG	0	0	0	0	0	0	0	0	621
TAATCCGCCCTCATTAAGACGAACTTGTAA	0	0	0	0	0	0	0	0	892
TAATCCGGGAGGAAAATCGCCAGCTATGGC	0	0	0	0	0	0	21.62408759	0	541
TAATCGACATGCTATCATCAAATACCCACA	0	0	0	0	0	0	4.324817518	0	9
TAATCGGTTCACCGTTGCCCCTAAAGTGAG	0	0	0	0	0	0	0	0	8349
TAATCGTACTATCCGAACGGTAGTCGGCAT	0	0	0	0	0	0	8.649635036	0	48
TAATGAGTGCGTGTGGACTGTATGGGGCAT	0	0	0	0	0	0	17.29927007	0	591
TAATGAGTGTGGAATAACTTGGGCGGCGGG	0	0	0	0	0	0	0	0	598
TAATGCCCGCACTGAACTGCCCAAAATCAC	0	0	0	0	0	0	4.324817518	0	84
TAATGGGGTGAAACGTGAATTGGTGACAGT	0	0	0	0	0	0	0	0	1267
TAATGGTCATCGGTTGATCCCGAAGAATTT	0	0	0	0	0	0	4.324817518	0	42
TAATTAGAGCTATAGATTGACTTTTGTTTT	0	0	0	0	0	0	0	0	724
TAATTATGTTCTATCGGTTTACCTTAGACA	0	0	0	5.837438424	0	0	0	0	0
TAATTGCATATTGGTCTAGGTCATTCGCAT	0	0	0	0	0	0	4.324817518	0	290
TAATTGCGGGGCCCACGACACTTTTTCTCC	0	0	0	0	0	0	4.324817518	0	3
TAATTGTGCGAGCTTCTACCTCGCATAGCC	0	0	0	0	0	0	0	0	1178
TAATTGTTTCCTTCGGATTTATGATAGTAT	0	0	0	0	0	0	30.27372263	0	2
TAATTTTCCATTACCCATTTGGAGTTTGCC	0	0	0	0	0	0	4.324817518	0	72
TAATTTTGCATACCAAATTTGTCGCGATAC	0	0	0	0	0	0	0	0	4
TAATTTTTTCCAGTTAAGCTTCCTCAGGGC	0	0	0	0	0	0	0	0	2
TACAAATAAGTCGACAGCAAGCAGTGGGCC	0	0	0	0	0	0	4.324817518	0	65
TACAACACCTTGGGGTATCCTATCTACACA	0	0	0	0	0	0	0	0	532
TACAATGCGGTCTACACATTCTTTAGGAGT	0	0	0	0	0	0	4.324817518	0	520
TACACACAACCCTTGTCCCAGGCCTCGGGT	0	0	0	0	0	0	0	0	557
TACACAGACTTAAGTAAAACCGGCGGCATT	0	0	0	0	0	0	4.324817518	0	3
TACACAGTCATATGGGGAACCCGATGTCGC	0	0	0	0	0	0	17.29927007	0	1244
TACACTCTGACCGTTGCATGGTTCCCGGGA	0	0	0	0	0	0	0	0	1353
TACAGACGTCGTATCAGTCAGCAACGACAA	0	0	0	0	0	0	0	0	3
TACAGGAAATTATTGATTTTATATGATATT	0	0	0	0	0	0	0	0	983
TACAGGGGGTTTGTGGACGTTGGGAAAGTG	0	0	0	0	0	0	0	0	5
TACAGTAGCGTGTTGCTAACGAAGCACAAT	0	0	0	0	4.917012448	0	0	0	47
TACATATCATGATGCTCCAGTGTCGGGCTA	0	0	0	0	0	0	21.62408759	0	9588
TACATGAGTATGCGCCGTAAGTATAAAGCT	0	0	0	0	0	0	0	0	964
TACATGCATCACCTACATGGGTTTGGTCTA	0	0	0	0	0	0	0	0	63
TACATGTCGAGCGAGCCGCGCCGAAGACTC	0	0	0	0	0	0	0	0	1042
TACATGTCGGCGGGCGCTTACAAACAGCGA	0	0	0	0	0	0	21.62408759	0	737
TACATGTTGCCGTTTGTAGTACTCTATCTT	0	0	0	0	0	0	0	0	72
TACATTAGCATAGGTGGTTCGGGGTCCTTT	0	0	0	0	0	0	8.649635036	0	645
TACATTTTATGGGCGTGCCTAACTAGGAGA	0	0	0	0	0	0	0	0	875
TACCAAGTAGCCCTGAATTGGGGCCGCTAT	0	0	0	0	0	0	0	0	118
TACCAATGCTAAAATCGAACGTTCTTTGGT	0	0	0	0	0	7.40625	0	0	0
TACCATTTTAGACGGCTGTATCTGACAATA	0	8.315789474	0	0	0	0	0	0	578
TACCCCACTAATACATTCCTTAATCCCGGC	0	0	0	0	0	0	30.27372263	0	1479
TACCCCCGTAGAAAGCCACCAATATCTGAC	0	0	0	0	0	0	12.97445255	0	153
TACCCCTAATTTAGCATCTTTCTTGGATCG	0	0	0	0	0	0	0	0	121
TACCCTCCTAATCAAGTGCTCTAGAACACT	0	0	0	0	0	0	12.97445255	0	39
TACCGCCGAGTGTGGCCTACCAGTGGATAA	0	0	0	0	0	0	12.97445255	0	4
TACCGGGGGTGGTGTACAGGATGGGCTCTG	0	0	0	0	0	0	0	0	2
TACCGGTAATGAGTCTATAAATAAGTCGGA	0	0	0	0	0	0	0	0	1180
TACCTACGGTACAAGATAAATATTAGCCTG	0	4.157894737	18.44357977	0	29.50207469	25.921875	147.0437956	0	114025
TACCTCACTAGAGGGGGGGTTACCGTGGAT	0	0	0	0	0	0	4.324817518	0	263
TACCTCAGCCGTAGTGTATCCCTGGGCAAA	0	0	0	0	0	0	0	0	935
TACCTCCTGATCGTCGTTCGCCTGTTAAAC	0	0	0	0	0	0	0	0	75
TACCTCGGAACTTACGTACGCTACATCTGG	0	0	0	0	0	0	0	0	460
TACCTTGGCTTGTGTGACTGATGTGTAACG	0	0	0	0	0	0	4.324817518	0	84
TACCTTTGCGGATTTCCAGCACTTCCTCCT	0	0	0	0	0	0	0	0	179
TACCTTTGTGAGGACTGCAAAGCTCATTCT	0	0	0	0	0	0	0	0	241
TACGAGCAAAACTCAGGCCACACTGTGTTC	0	0	0	0	0	0	17.29927007	0	6182
TACGAGTCAGGGGCTGCTGGGCTATCGTTC	0	0	0	0	19.66804979	0	0	0	54
TACGAGTTGTATTTTGGGACCCGTCTGGAC	0	0	0	0	0	0	4.324817518	0	23
TACGATCGTAGAATACTGTGCACCCCCAAT	0	0	0	0	0	0	0	0	457
TACGCGCCCCGTGTGCTGGGGGGCAGGCGA	0	0	0	0	0	0	64.87226277	0	2
TACGCGCGTAAATGTATAGGCAGTTCCTTG	0	0	0	0	0	0	8.649635036	0	80
TACGCTACGGTGTCATCTACCAAGTGCCGT	0	0	0	0	0	3.703125	0	0	0
TACGCTCCGGGTAAGCGTCGAACATAGCAG	0	0	0	0	0	0	0	0	715
TACGGGGGAGTTAAGGGTATATTTCGCGGG	0	0	0	0	0	0	0	0	2148
TACGGTCGATATTTGTGTTAGTCTAAAAAT	0	0	0	0	0	0	4.324817518	0	374
TACGGTGCTTCTGGTTGGGTTTGCTCGCTG	0	0	0	0	0	0	0	0	225
TACGTAGAGACGGGGTTCAGTCGTGTTGGA	0	0	0	0	0	0	0	0	319
TACGTAGGATAATGGAGACCGTTTTTAGAC	0	0	0	0	0	0	17.29927007	0	1150
TACGTGGCTAGCTCATTGGAGACGCTGTGA	0	12.47368421	0	0	0	0	0	0	465
TACGTTGAAGAATGTATTGGGCTTGGGGAT	0	0	0	0	0	0	0	0	1451
TACGTTTGAACTGTGAGGTACGGTTAGGTT	0	0	0	0	0	0	12.97445255	0	102
TACTAAATCTGATTAAATACATATGGTACC	0	0	0	0	0	0	4.324817518	0	422
TACTACCAGAGATGGCTCTATTGGCAGATT	0	24.94736842	0	0	0	0	8.649635036	0	266
TACTACGTTGTCTATATCGCTTCCTATAAG	0	4.157894737	0	0	19.66804979	0	108.120438	0	91823
TACTAGATTGTAATGATGGCATTTGCGCTT	0	0	0	0	0	0	0	0	161
TACTATCGCTATTTGCGGAAGTCCTATGCT	0	0	0	0	0	0	30.27372263	0	5
TACTATGCAAGATGCGCGGTTGTGCGCAGG	0	0	0	0	0	0	0	0	1450
TACTATTAAGTCGTGCGGCTCGATCAATCA	0	0	0	0	0	0	0	0	2
TACTCAATGGCACGAAAATTTATATGCCAG	0	0	0	0	0	3.703125	0	0	0
TACTCACCCCAGGATTTCAGCCGTCGTTGC	0	0	0	0	4.917012448	0	276.7883212	0	1639
TACTCGACCGGCTTCTCGTGATAGGAGAGG	0	0	0	0	0	0	0	0	716
TACTCTTTTCCGTGTGTAAGCGTGTTTCAG	0	0	0	0	0	0	0	0	5
TACTGCCGACAGCAGACCCTTAGATTTGTA	0	0	0	0	0	0	8.649635036	0	2
TACTGCCTCAGAGACGCCAAACGGTGATCG	0	0	0	0	0	0	12.97445255	0	459
TACTGGATTATTGATGATTCATCTAGTTTG	0	0	0	0	0	0	0	0	3
TACTGGCGGGTACCGCGCAAGCTCAGTCAC	0	0	0	0	0	0	17.29927007	0	8298
TACTGGTACTTCCACCTTCATCTAATTTGT	0	0	0	0	0	0	0	0	1972
TACTGTCTACCCTCGCCGGCGTGTTTCGGG	0	0	0	0	0	0	12.97445255	0	6
TACTGTGTCGGTGAGGCCGGGTGGGCACGG	0	0	0	0	0	0	12.97445255	0	0
TACTGTTTAGTTGCCTTGTAGCCAGGGTAT	0	8.315789474	0	0	0	0	0	0	2341
TACTTAACAATCGTGATGACGAGTCAGTAG	0	0	0	0	0	0	0	0	1098
TACTTAGTTGGTAGGGGGGCGCCCGGTCGC	0	0	0	0	0	0	0	0	982
TACTTCCAATACGATACAGGGTTAGGTTCA	0	4.157894737	0	0	0	0	0	0	546
TACTTCGAATAGGATTTATCAGTGGGGAAA	0	0	0	0	0	0	0	0	1708
TACTTGTTTAGAGTTGTAGGCCCTGCACGA	0	0	0	0	0	0	0	0	2400
TACTTTGCCCTTGCGACTTTGGTCGAATGC	0	0	0	0	0	0	8.649635036	0	171
TACTTTGTCGGAAGACGACGGCCAAGATTA	0	0	0	0	0	0	17.29927007	0	330
TAGAAGGACCGGGGCGAGTGATTGAGTGGG	0	0	0	0	0	0	0	0	3
TAGAATCGACTGTTTTGGTTGTGTAGGCAT	0	0	4.610894942	0	0	0	1202.29927	0	130
TAGAATGGACTATTTTGGTAAGTCTATCAT	0	0	0	0	0	0	4.324817518	0	326
TAGAATTGCAGAGTTGCGGATATAATACGA	0	0	0	0	0	0	8.649635036	0	140
TAGAATTTGTCCACCGTTCTATACTGCAAA	0	0	0	0	0	0	0	0	2
TAGACAGTCGGGTTCGGGCCACAGTTTCAA	0	0	0	0	0	0	0	0	926
TAGAGAAAAGACTGTAATTGTGTGCCTGGG	0	0	0	0	0	0	0	0	1401
TAGAGAAGTAATGGCCCCGGGTAGGTTCTT	0	4.157894737	0	11.67487685	0	7.40625	77.84671533	0	32573
TAGAGTATCCTGATTTGTGTTCCTATAAAT	0	0	0	0	0	0	0	0	1296
TAGAGTATGTGACTGTTAGGGCAGATCTGT	0	0	0	0	0	0	0	0	2
TAGAGTGAGGGGCCGTGTGGGCTTGATGGG	0	0	0	0	0	0	4.324817518	0	18
TAGAGTTTTCCTTCACTTAATGTTAAGATA	0	0	0	0	0	0	0	0	806
TAGATAATGGAATCAAAAATAAAACATAAC	0	0	0	0	0	0	151.3686131	0	14
TAGATAGTACCGAAGATGAATTGACCGTTG	0	0	0	0	0	0	0	0	206
TAGATATAGGTTCTCTTCCACTCATAATTT	0	0	0	0	0	0	0	0	433
TAGATCACCTTTGTGTCCCTGATGTCAACA	0	0	0	0	0	0	12.97445255	0	127
TAGATGCCACCTCACGGCGCCGGCTTCGGG	0	0	0	0	0	0	64.87226277	0	6
TAGATGGGGTCAGCCTCCGTGGACTAGTAC	0	0	0	0	0	0	0	0	1309
TAGATGTACTATATCAAGATCAGCAGGTTC	0	0	0	0	0	0	4.324817518	0	1232
TAGATTGCAATATTGTGAGGTAAGGCGCTT	0	0	0	0	0	0	8.649635036	0	32
TAGCAATTACAAGTATTATGAGATACTGGC	0	0	0	0	0	0	0	0	15
TAGCACAATGTCGTTCTGGTCGTTGCTTTC	0	0	0	0	0	0	0	0	166
TAGCAGGGTTCGTAAACTTCTTTGTATGCC	0	0	0	0	0	0	0	0	2
TAGCAGTTAACTCGATACCAAGACGTGCAT	0	0	0	0	0	0	8.649635036	0	36
TAGCATCATGCGATACAGATATGGGCGCAA	0	0	0	0	0	0	0	0	4
TAGCATTTCCCTTAATATGTTCTCCCTATT	0	0	0	0	0	0	4.324817518	0	2
TAGCCACCCTGATTTTCATCCTCAGCCTCT	0	0	0	0	0	0	0	0	474
TAGCCGTTCCTATACACGATAAATGAGGGA	0	0	0	0	0	0	12.97445255	0	194
TAGCCTTTTAAAATCCCTAATTGTCTATTT	0	0	0	0	0	0	8.649635036	0	861
TAGCGGAGTAGGTTAACGAGGGAGGGTGGA	0	0	0	0	0	0	0	0	1235
TAGCGTGATTACCGACACCTTGCTGATGAG	0	0	0	0	0	0	0	0	1918
TAGCGTGGATAGGACTGAGGTGGGAGCCGG	0	0	0	0	0	0	0	0	143
TAGCTACATTATTGTAACATTACCACCAAC	0	0	0	0	0	0	21.62408759	0	573
TAGCTATTTGTTTGCGGCTTCATGCATCCG	0	0	0	0	0	0	12.97445255	0	1498
TAGCTCTCTACGCCGACTAAGCGCACCAGC	0	0	0	0	0	0	0	0	1103
TAGCTGCACAAATGTTAGACTGGGGGGTCG	0	0	0	0	0	0	0	0	3642
TAGGAAAACTCTATCTACACATTTGAAATT	0	0	0	0	0	0	4.324817518	0	108
TAGGAAATGCGGGCATTTCGCCAGCTCATG	0	0	0	0	0	0	0	0	1763
TAGGAAATGGGTTGTTGACAAAGTCATGGA	0	0	0	0	0	0	0	0	1174
TAGGACTGCATCTCTGGGGAAAACCTTCCT	0	0	0	0	0	0	0	0	251
TAGGACTTCTCATGCTGCAGACGAGAAGCG	0	0	0	0	0	0	0	0	12698
TAGGAGGTTCACGGTCGAGGGACGGGCGAC	0	0	0	0	0	0	0	0	939
TAGGATGTGATGCTAAAGGCTAGATCTTCC	16.53488372	0	0	0	0	0	285.4379562	0	22123
TAGGCAAATAGTTTCTGACAGTCTTTTGCG	0	0	0	0	0	0	0	0	182
TAGGCGGCTTAGGAATCCGCTAGCGAGGGA	0	0	0	0	0	18.515625	0	0	533
TAGGCGGGATGCGTGCATCAGGCCAGGGAA	0	0	0	0	0	0	12.97445255	0	517
TAGGCGTCTTCATAAACACCCGTAGTAGTT	0	0	0	0	0	0	0	0	2
TAGGGACTGGTGAATTGCGAGTCTGGAGGG	0	0	0	0	0	0	0	0	1501
TAGGGACTTTAGATGGTTGCACATGGTATA	0	0	0	0	0	0	8.649635036	0	1433
TAGGGCGAGATCCGTTATCAGACAGGTTAC	0	0	0	0	0	0	4.324817518	0	287
TAGGGCGCACTTGCGGTAATATTCATTTGA	0	0	0	0	0	0	0	0	1024
TAGGGGATCTGCCGTGAGGCTGGAACGCGT	0	0	0	0	0	0	0	0	530
TAGGGGTTCAGGGCAATCTATCAAACCGCG	0	0	0	0	0	0	4.324817518	0	0
TAGGGTATGCTTCAGGGGGCTGCTCTCCTT	0	0	0	0	0	0	0	0	465
TAGGGTGGAGTAGTCCTAGTCTTAGACCCG	0	0	0	0	0	0	0	0	163
TAGGGTGGTGGGTCAGCCCCTCAAAAAGAG	33.06976744	0	0	0	0	0	0	0	971
TAGGGTGTAAGCATGTCGGGCTATGTTGAG	0	0	0	0	0	0	0	0	259
TAGGGTGTTGTCCGGTGGTCGGACATTTCG	0	0	0	0	0	0	0	0	2
TAGGTATGTGAGTGTAGTGAGGGCAGGCCG	0	0	0	0	0	7.40625	0	0	92
TAGGTCCGTTCACCCGGGGCACCCGACGTG	0	0	0	0	0	0	0	0	1116
TAGGTGATTTACCATCGGGGGGCGCTGAGT	0	0	0	0	0	0	0	0	2
TAGTAAGCTGCGTAAGTATTGATATGCCGG	0	0	0	0	0	0	0	0	957
TAGTAATGGGGCATAGGCATGTAGATTCGC	0	0	0	0	0	0	0	0	1028
TAGTACACGGCCATTCCATGGTATCCCGTG	0	0	0	0	0	0	0	0	504
TAGTAGGTGTAGGTTTGGGTCACCTTTGGG	0	0	0	0	0	0	4.324817518	0	0
TAGTATAAGGGCGGGGTCCAACCCCAATGT	0	0	0	0	0	0	0	0	1693
TAGTATAAGTAGTGCTGTTGCCAACGAACG	0	0	0	0	0	0	0	0	1186
TAGTATACGTACGTAAGTCCGTACTCTGCC	0	0	0	0	0	0	0	0	176
TAGTATCAGTATTGCGTCTATTCATGCCTA	0	4.157894737	0	0	4.917012448	3.703125	0	0	7
TAGTATGGATTCGGTCCGGGTGGCATACTG	0	0	0	0	0	0	0	0	957
TAGTATGTTGGTCTCCTCTATACACTTTGT	0	0	0	0	0	0	0	0	409
TAGTCATGCTCATGCGCATTGAGGGTTCGT	0	0	0	0	0	0	17.29927007	0	1622
TAGTCCGGAGATTTGGCCCATGTCCTATCC	0	0	0	0	0	0	0	0	817
TAGTCGACCAAGAACGCGCGTACTCTTTAC	0	0	0	0	0	0	0	0	190
TAGTCGGTATATACAGGTGCCCTTCATTAG	0	0	0	0	0	0	0	0	9
TAGTCGGTTTTTTCGAAGTGAATAGTGAGT	0	0	0	0	0	0	0	0	1054
TAGTCTAATACTAGCCTCTGACTCTGGTAC	0	0	0	0	0	0	0	0	1642
TAGTCTAGGTCTATGTGACATCCCCAAAAG	0	0	0	0	0	0	0	0	39
TAGTCTCACTCTAGTGTACATCCATATGTG	0	0	0	0	0	0	0	0	1401
TAGTCTTAATTATAGGATTAGTGGCCATTT	0	0	0	0	0	0	0	0	770
TAGTCTTGTGTGCTTGTAAGATTTTCAAAC	0	0	0	0	0	0	0	0	946
TAGTGATACATCTAGGCATAATGATGGCCT	0	0	0	0	0	0	0	0	1404
TAGTGATCTCCAGGGGGGGCGGAGTGGGGG	0	0	0	0	0	0	0	0	345
TAGTGATGGTCGTAGGCATGATTCGTGCGA	0	0	0	0	0	0	4.324817518	0	832
TAGTGCAAGTTAACATCGGTGCACTGGTCC	0	0	0	0	0	0	0	0	3660
TAGTGCGAACTCGTGTTCATGTTTGGGGCG	0	0	0	0	0	0	4.324817518	0	57
TAGTGGATGATGGTCTCTTAGCGCGACTCA	0	0	0	0	0	0	0	0	3419
TAGTGGATGGTATTATGTATCCGAAGGGGT	0	0	0	0	0	0	0	0	1354
TAGTGGGGGGCCAGCGGACTATGGGCGTGA	0	0	0	0	0	0	17.29927007	0	0
TAGTGGTTTCGGACGATTCGAGACCGTACT	0	4.157894737	0	0	0	0	0	0	701
TAGTGTGATAATTGTTTTATGGTTCTATAT	0	0	0	0	0	0	4.324817518	0	7
TAGTGTTGTGGTCACCGGAGAGCGCCCCCG	0	0	0	0	0	3.703125	4.324817518	0	138
TAGTTACACTGGTGTTTCGGTGCGCTCTTT	0	0	0	0	0	0	4.324817518	0	1065
TAGTTCATAATAATCGACGAATCTGTCCGG	0	0	0	0	0	14.8125	0	0	0
TAGTTCCATCTACACACGAGTGCTCCCCAG	0	0	0	0	0	0	0	0	956
TAGTTCCCAAGGGGTTGCCGCGGCTTGGGG	0	0	0	0	0	0	0	0	52
TAGTTCCGCTCGGTTTGAGATAGCGTGTGA	0	0	0	0	0	0	4.324817518	0	226
TAGTTCGGCTTGGTACCACGATCCGTTATA	0	0	0	0	0	0	12.97445255	0	368
TAGTTGGTTCCTTTATAATTGCCCAGTTCA	0	0	0	0	0	0	0	0	2
TAGTTGTGAGTACTGACTTTCATGGAACAG	0	0	0	0	0	0	0	0	380
TAGTTGTTCACCCCCCAGTACCGGTGGCTG	0	0	0	0	0	0	8.649635036	0	1015
TAGTTTAGGGTAGTGTTCGCAGGCGACCGG	0	0	0	0	0	0	0	0	46
TAGTTTGCCCAGTTATGCGCGTGTCGATCT	0	0	0	0	0	0	8.649635036	0	187
TAGTTTTCGTCCGCGTTAACCGCTGTGGAT	0	0	0	0	0	0	0	0	19
TATAAAAATGAGGGGCTGTTTTAACAAGCC	0	0	0	0	9.834024896	0	0	0	0
TATAAACTGAGGGACGCCCGTACTAAAGTG	0	0	0	0	0	0	4.324817518	0	16
TATAACTTCTATATTGTGCGTATGAACTTC	0	0	0	0	0	0	8.649635036	0	541
TATAAGGCGTCACGGCCACTTCACGGTTCA	0	0	0	0	0	0	0	0	4
TATAAGTAGGTACAATCGGGGGGCGGGCAT	0	0	0	0	0	0	17.29927007	0	461
TATACAGAAACGAGTCCTGAGGGAAGGGAA	0	0	0	0	0	0	0	0	950
TATACCCGTCATTGCATTTTCGGGGCTCCT	0	0	0	0	0	0	4.324817518	0	138
TATACCGGTACTCTCCTGGGCCCCTTGGGA	0	0	0	0	0	0	0	0	409
TATACCTGTATATCAATCACATACATACAA	0	0	0	0	0	0	0	0	783
TATACGATATCTACAATCCGAAGATGATCT	0	0	0	0	0	0	4.324817518	0	1200
TATACGCTCTGTGAACGTCGCTAAACCCGA	0	0	0	0	0	0	0	0	3
TATACTCTCATGTGACATCAAGTTTATTTT	0	0	0	0	0	0	0	0	1157
TATACTTTAATGAAATCGGACGCCGGCGGG	0	0	0	0	0	0	0	0	5386
TATAGCATCGAAGTCTACATGTCGTACTGA	0	0	0	0	0	0	0	0	1490
TATAGCGAAGGCACGGGTCCCGGTAACGTT	0	0	0	0	0	0	0	0	5
TATAGCTGTATCATAACCGGGGCAGTCACC	0	0	0	0	0	0	0	0	502
TATAGGTCTAGTGGCAGAACACTCATGCTA	0	0	0	0	0	0	17.29927007	0	78
TATAGTAGATATTCGACCCTGTTCTTTAAT	0	0	0	0	0	0	0	0	402
TATAGTATATATAGCAATTTATATCTTCAA	0	0	0	0	0	0	0	0	1083
TATATATGTACGGGAATCTCCGATGGTAGC	0	0	0	0	0	0	4.324817518	0	0
TATATATTTTGTCGCTGCAGTCTTTCTATG	0	0	0	0	0	0	4.324817518	0	481
TATATCAGACATCGACGATAGTCGTTGAGC	0	0	0	0	0	0	0	0	1179
TATATCAGGTAATGTCTTACAATACCAGGA	0	0	0	0	0	0	0	0	3591
TATATCATGAAAAGGGCTAATCCGAAGGGA	0	0	0	0	0	0	0	0	250
TATATCCTAATTGTCTCTGGATCTTTATTG	0	0	0	0	0	0	0	0	1830
TATATTCGGCATGGGTAGTAATGCTCGGCC	0	0	0	0	0	0	0	0	165
TATCAACCTATCGTAAAAAAGATTAAACTT	0	0	0	0	0	0	8.649635036	0	5
TATCAATTGGTGTAGCTTCGAGTATCAACC	0	0	0	0	0	0	0	0	1006
TATCACCACCCTATGGTGCCCTACATCAAC	0	0	0	0	0	3.703125	0	0	39
TATCACGTTCAAGCGAGTCCTCCGTTGACC	0	0	0	0	0	0	0	0	630
TATCAGATGTTAGCACTCGATTTAATTGTT	0	0	0	0	0	0	4.324817518	0	48
TATCCAGATCCTCGGCTAACTACTTCTATG	0	0	0	0	0	0	0	0	108
TATCCCAACACCTTTCAAAGTCGTCGAGCG	0	0	0	0	0	0	0	0	1010
TATCCCCAAACCAGACCAGCTTGTGCTTGA	0	0	0	0	0	0	0	0	4841
TATCCGTTATTCTATGCTTCACATTCTAAC	0	0	0	0	0	0	51.89781022	0	739
TATCCTCCGGGGTTAATTTGTGGGATTGTT	0	0	0	0	0	0	12.97445255	0	1410
TATCCTGTAGTCTAATAAGGCCCCCAGAAG	0	0	0	0	0	0	4.324817518	0	9682
TATCGAACACTAGCTTGAAGACGCGTTCAA	0	0	0	0	0	0	4.324817518	0	704
TATCGCATGTAGCAAACTCCGTGGCTTTTA	0	0	0	0	0	0	21.62408759	0	828
TATCGGAACGTATCCTTGTTGCCTATTTGC	0	0	0	0	0	0	4.324817518	0	68
TATCGTATCGAGTCATAGTATTTAATATGC	0	0	0	0	0	0	0	0	6927
TATCTAAGTTACGAGTTGGAATGTGTCCAG	0	0	0	0	0	0	12.97445255	0	698
TATCTACTAAAGTAGAAAACGTGTGGTTAA	0	0	0	0	0	0	0	0	1469
TATCTAGAACGTTCGTGGTGGCGTACAGCG	0	0	0	0	0	0	8.649635036	0	44
TATCTCACCTAAGTTGTTGATCCCCAGTCT	0	0	0	0	0	0	0	0	1063
TATCTCTAGACATTGTCAACCATAGGACCT	0	0	0	0	0	0	4.324817518	0	20
TATCTCTCGCCAGGTCATAAGCCAGCTTAT	0	0	0	0	0	0	8.649635036	0	1100
TATCTGACCTCCACGCGCAACGTTCATCTC	0	0	0	0	0	3.703125	0	0	742
TATCTGACGATACTCTCCTTTAAAAAACAT	0	0	0	0	0	0	0	0	77
TATCTTACATCTCCGGGCTGTGGACAAGCA	0	0	0	0	0	0	4.324817518	0	75
TATCTTGGTATTGATAACTGTATGTGTTTT	0	0	0	0	0	0	38.92335766	0	149
TATGAAACACCGCCTCTGAAGGCTGTCTGG	0	0	0	0	0	0	0	0	506
TATGAACACCTTAACACAGTTTAATCCATT	0	0	0	0	0	0	8.649635036	0	3
TATGAAGAAGTACCATTGTAACGTTGTGGT	0	0	0	0	0	3.703125	30.27372263	0	51
TATGAATTAGTCTTGTTTCGGCACCAATCC	0	0	0	0	0	0	43.24817518	0	400
TATGACTGAGACGTTGTTCCATTGACGTTC	0	0	0	0	0	0	30.27372263	0	47
TATGACTTCGCGGCAAGCAGGTAGAAGGGC	0	0	0	0	0	0	0	0	2
TATGAGCCCAGTTCGCCAGTAGCCTTGTCT	0	0	0	0	0	0	0	0	124
TATGAGGCGCGGGAGCAGAATAGGTGTGGG	0	0	0	0	0	0	0	0	157
TATGAGTGTTTGAAGCTCTTGGTTAGATGT	0	0	0	0	0	0	21.62408759	0	92
TATGATGCGAGAACTTGAATTATGGTAGTT	0	0	0	0	0	0	4.324817518	0	1111
TATGCACCTGTAGTTCATTTGACGAATTGG	0	0	0	0	0	0	0	0	407
TATGCACTCTCATACATTTTATTAGGTGAT	0	0	0	0	0	0	0	0	393
TATGCGGGTGCCTGATGCACCATGACTTGT	0	0	0	0	0	0	0	0	69
TATGCGGTCGCTTGCGAAGCGGTAGTTATG	0	0	0	0	0	0	0	0	1739
TATGCTGGCTAGATTCATAGGGATGTGTGT	0	0	0	0	0	0	0	0	440
TATGGACCAGTATCTACGAAGGTTGCCGAA	0	0	0	0	0	0	4.324817518	0	41
TATGGACCTAGTCAAGGGTCATGGTTTTGA	0	0	0	0	0	0	0	0	991
TATGGCTAGCTCATAACAAATGCAGCATTT	0	0	0	0	0	0	0	0	2
TATGGGTAGAGTTGTTTAGGTTAGTTTTCC	5.511627907	0	0	0	0	0	0	0	3
TATGGTATGTGTTATTAACCGTCTGCATCC	5.511627907	0	0	0	0	0	134.0693431	0	1024
TATGGTGCTCGGCCAATAACTTTTGCACTT	0	0	0	0	0	0	0	0	1344
TATGTATCTTCCTTTTCCGGGTTGCACTCG	0	0	0	0	4.917012448	0	0	0	0
TATGTTCTTGTTGATCTTTTTGGATTTATC	0	0	0	0	0	0	0	0	933
TATGTTGTATATTTAAGTATCGGGACTCTC	0	4.157894737	0	0	0	0	0	0	28
TATTACCTCTCGACTAATGTTATAACCATG	0	0	0	0	0	0	0	0	16
TATTCCCCGCGCAAATCAGCGGGTATCATG	0	0	0	0	0	0	0	0	1472
TATTCCGTACAAGGCGCCGTTATTTGCAAA	0	0	0	0	0	0	4.324817518	0	597
TATTCGCGCTTAATTCTTAGGGTCTATGCG	0	0	0	0	0	3.703125	0	0	0
TATTCGGGCTCCAGAGAGCGCTGCGTGAAG	0	0	0	0	0	0	0	0	1207
TATTCTATTAACGAACTCTTTGCCTACCTG	0	0	0	0	0	0	0	0	23
TATTCTCCTTTCTAACGATCGTGCCTAATG	0	0	0	0	0	0	17.29927007	0	1303
TATTCTTCGTAGGGTCTAACAAGCAGACTT	0	0	0	0	0	0	0	0	1313
TATTCTTTTTTAACATCCGCTCACACGAGT	0	0	0	0	0	7.40625	0	0	759
TATTGATTTTCAGGTTCTCGGGCAAGTATC	0	0	0	0	0	0	12.97445255	0	1248
TATTGCATCCCTGGTGCGCTACCAGTTTAA	0	0	0	0	0	0	0	0	990
TATTGCCATTAGATGGCATCCTTCGATTTG	0	0	0	0	0	7.40625	0	0	185
TATTGCTTCAATTCGGTGCACAAACCACCT	0	0	0	0	0	0	25.94890511	0	2254
TATTGGATCGTGTTCTCCAGGTCAAGTCCT	0	0	0	0	0	0	0	0	540
TATTGGATTGTCATTTGAATCTATGCTCAA	0	0	0	0	0	7.40625	0	0	163
TATTGGCAAATACATATACGGGCACTCATG	0	0	0	0	0	0	43.24817518	0	160
TATTGGGCATGATTCGACTCACGCTAACAT	0	0	0	0	0	0	0	0	62
TATTGGGCATGTAGTCAATTGGTTTTGCGT	0	0	0	0	0	0	0	0	341
TATTGGGGGCGAGTCTTAACCGGATAGTCT	0	0	0	0	0	0	0	0	284
TATTGGGGTGTGAAGCCTAGTTCTTAGAGA	0	0	0	0	0	0	0	0	148
TATTGTACGCTCCAACTTTAATAGGGCTTC	0	0	0	0	0	0	8.649635036	0	6384
TATTGTCCAATGTTAACTTCGCCCGGTCTT	0	0	0	0	0	3.703125	0	0	837
TATTGTTCGCTCGCCCTTTCGGTCGGTTCA	0	0	0	0	0	0	21.62408759	0	962
TATTGTTTTCTTGGGATTTCCCCGGCGCTA	0	0	0	0	0	0	0	0	2319
TATTTACCGTTTAATTATAGGTATGTGCGA	0	0	0	0	0	0	4.324817518	0	74
TATTTACGGGTGCTTGATTATTTAAGGGGT	0	0	0	0	0	0	0	0	867
TATTTATTGACTTTAAAGCCACTGTCGGGC	0	0	0	0	0	0	0	0	58
TATTTCAGTAACTGTATCTATCCGGAATGT	0	0	0	0	0	0	4.324817518	0	1439
TATTTCATTACGATCGAATGGTTGGTTAGC	0	0	0	0	0	0	8.649635036	0	505
TATTTCCCTTAGGCTGTTATTTTACGGGCG	0	0	0	0	0	0	0	0	1005
TATTTCGAATGAACCTTTCCGTTGCATGTC	0	0	0	0	0	0	0	0	1457
TATTTCGCGAAGGAAGAGTTGCTGAATGGG	0	0	0	0	0	0	4.324817518	0	812
TATTTCTCCGGGGGTAAGTCGAGTAGCTTG	0	0	0	0	0	0	4.324817518	0	1490
TATTTGCAGCTTAAAAAATCCAGGGGCATC	0	0	0	0	0	0	0	0	690
TATTTGCCGCTTCATAGCCCTTGGTTGCAC	0	24.94736842	0	0	0	0	30.27372263	0	81
TATTTGTAATGAAGCTGCCACGTGGAGCTC	0	0	0	0	0	7.40625	0	0	224
TATTTGTGTTAACCCGGCAGCTTTAGACGC	0	0	0	0	0	0	0	0	1443
TATTTTAATGCACGTGCGGTTTACAGTTCT	0	0	0	0	0	0	17.29927007	0	37
TATTTTCGCATTTAGGTCACATTAGGCATA	0	0	9.221789883	0	0	0	4.324817518	0	12025
TATTTTGCACTTGAACTTAATAAACCGTCA	0	0	0	0	0	0	0	0	5
TATTTTGCCCTGTCGTTACGTTATAAATTT	0	0	0	0	0	0	4.324817518	0	283
TATTTTGTTGAAGATAGTTGAGGCTCTGTT	0	4.157894737	0	0	0	0	21.62408759	0	146
TCAAAAATTAAATGACGGAGCCTTCTGCGA	0	0	0	0	0	0	4.324817518	0	390
TCAAAACTTTTTTGCGCTTTTTAATTTGGT	0	24.94736842	0	0	0	37.03125	0	0	75
TCAAACCAAACTTCGGCGAGCAGTAAAACC	0	0	0	0	0	0	0	0	1034
TCAAAGGACATCGATGTTATTACGTTGGCG	0	0	0	0	0	0	12.97445255	0	23
TCAAATGCTGATTATATCCTACGTTGTCCG	0	0	0	0	0	0	0	0	432
TCAAATGTCAAGCGTCGCATTTTGCCCGTT	0	0	0	0	0	0	4.324817518	0	0
TCAACACGCTAGTTCATGGTCAAACTGGAG	0	0	0	0	0	0	8.649635036	0	372
TCAACCAACCTGACAGGGTAGAGATGTTCT	0	0	0	0	0	0	4.324817518	0	0
TCAACCATTATTTGAGTAGATTTATGTTTA	0	0	0	0	0	3.703125	4.324817518	0	1123
TCAACCTAGCTTTAGATAATCATAATAATG	0	0	0	0	0	0	0	0	1222
TCAACGTGAGTTCTTCCAGGATCTCTTATC	0	0	0	0	0	3.703125	0	0	0
TCAACTTAATAAATTTGCCACCTGGTGGTT	0	0	0	0	0	0	0	0	176
TCAACTTTCATGTTGCACGATTGTATGTGT	5.511627907	0	0	0	0	0	0	0	115
TCAAGACAGTTTGCTGTCGTGCGGGCTTAG	0	0	0	0	0	0	4.324817518	0	0
TCAAGCGATAAGTGGGCGGCGTTGGGGAAT	0	0	0	0	0	0	17.29927007	0	300
TCAAGGGGACCACACATAGGACATTCATGT	0	0	0	0	0	0	8.649635036	0	193
TCAAGTTACTACATATTTCATGTATTGACA	0	0	0	0	0	0	4.324817518	0	31
TCAATACTGATCACAAATAGTTACTACGTC	0	0	0	0	0	0	0	0	895
TCAATAGGCGTACCGCCTAGTGCCGGCGGT	0	0	0	0	0	0	0	0	1479
TCAATCGTCGGCAGTATATATACATTGGAG	0	0	0	0	0	0	0	0	363
TCAATGAAGCCAGATGATTACCACATTGTT	0	0	0	0	0	0	30.27372263	0	641
TCAATGGGGTTCTTACTTAAGTTGTATGTT	0	0	0	0	0	0	0	0	2
TCAATTATGACTAGAGTGCAAAGGCAAGTC	0	0	0	0	0	0	4.324817518	0	0
TCAATTCTTCTTCCATGGAGTTTTTAATTC	0	0	0	0	0	0	8.649635036	0	19
TCAATTGGCGAGCCATGCGGTGCCGGCCTC	0	0	0	0	0	0	0	0	217
TCACAAAACAAGTCCTGATCCACTCCAGGT	0	0	0	0	0	0	95.1459854	0	8
TCACAGGTAATGCAGTAGTTAGACTGGGCA	0	0	0	0	0	0	0	0	414
TCACATTCTCTTAAGCCATACGTGAAATAG	0	0	0	0	0	0	0	0	516
TCACCGGATAAGCATGTATAGCCTACACAT	0	0	0	0	9.834024896	0	0	0	0
TCACCTATAATACGGTTCGAGGTTCACAGC	0	0	0	0	0	0	25.94890511	0	6609
TCACCTGTAACTAGGCTATAATATTAAACG	0	0	0	0	0	0	0	0	4
TCACGAGAGGATGGATTTTACGATGCATCA	0	0	0	0	0	0	0	0	134
TCACGGATCTGTGGAGTATGTAATATTCCT	0	0	0	0	0	0	0	0	1066
TCACGGCGTGTCGATCACTATTGTACATTT	0	0	0	0	19.66804979	0	4.324817518	0	6864
TCACGGTGTTCGGGACGTAAGGGCGCGACG	0	0	0	0	0	0	0	0	429
TCACGTCGGTTTGCGGTTTCTACGCCTCGT	0	0	0	0	0	0	4.324817518	0	190
TCACGTGTGAGTGGGAGCACGAGCTAGCAT	0	0	0	0	0	3.703125	0	0	535
TCACTAACTGGGGGAATTTACTAAGTCATC	0	0	0	0	0	0	4.324817518	0	189
TCACTCTCCGTTTCTGATGACTGCAAAAGC	0	0	0	0	0	0	4.324817518	0	564
TCACTGATGTGGCGAAGTCGGTAATGTATA	0	0	0	0	0	0	8.649635036	0	28
TCACTGATTTATGTGGAGAGCAGTCGATTT	0	0	0	0	0	0	4.324817518	0	14
TCACTGGTTATCCATTGTGCACAAGTAAGT	0	0	0	0	0	0	0	0	25
TCACTTAACCATCCCGAGGCCGATTCTCCA	0	0	0	0	0	0	0	0	3367
TCACTTATAACGATACGGTTGAGCGTCGAG	0	0	0	0	0	0	0	0	1295
TCACTTATTCCTTGAAATTATCAAGTGTGT	0	0	0	0	0	7.40625	0	0	1296
TCACTTTTAGGTGCCACTCATTCCTTCGCA	0	0	0	0	0	0	0	0	236
TCAGAAGTCCTGCTGGCAGCCCTACCACAA	0	0	0	0	0	0	0	0	1224
TCAGAATCAGAGCAGATATAAATGTGTCTC	0	0	0	0	0	0	34.59854015	0	7
TCAGAATTACGGAGCACAGCAGGGTGCCAA	0	0	0	0	0	0	4.324817518	0	4
TCAGACACGCTTTGCGCAGAGTTACTTACC	0	0	0	0	0	0	0	0	1114
TCAGAGTTAGGAGCTATTACCAGTGTTTTT	0	0	0	0	0	0	4.324817518	0	811
TCAGAGTTTTCCCTAGCAAACTCTTATGGC	0	0	0	0	0	0	4.324817518	0	0
TCAGCAGCGTCCGGTTTGATGAAGGGGCGG	0	0	0	0	0	0	4.324817518	0	159
TCAGCATGTGGGTGAGACAGCCCTGCTTCA	0	0	0	0	0	0	4.324817518	0	42
TCAGCCATATCATTTGCAGCTCGGAGTTCA	0	0	0	0	0	0	0	0	2
TCAGGCAAGCCCACGAGATCTTTATACACT	0	0	0	0	0	0	0	0	1453
TCAGGCCATAGAGTGCCATAATGATCTGTA	0	0	0	0	0	0	4.324817518	0	0
TCAGGGATACGATTTCTGGTAAGTTGGGCG	0	0	0	0	0	0	4.324817518	0	24
TCAGGTAACGCGAATACAGTTACCTCTCCG	0	0	0	0	0	0	4.324817518	0	484
TCAGGTGCTCTCAAGTCATGGCATAGTTGC	0	0	0	0	0	0	4.324817518	0	3
TCAGGTGTTGAGGTAGAATATACGCGATAT	0	0	0	0	0	0	4.324817518	0	5
TCAGTATGAGAAGCTTCAGGAAGTCGGGGT	0	0	0	0	0	0	0	0	3870
TCAGTATTAGGACACAGTACGACCATAATT	0	0	0	0	0	0	0	0	405
TCAGTCAGTTTTAATTTGAGGTGTGGACAT	0	0	0	0	0	0	4.324817518	0	1748
TCAGTGATGGAGGGCAACAGCATACTTGTT	0	0	0	0	0	0	0	0	1527
TCAGTTTAAGGGCTGCGAGTCTTTCAGTAA	0	0	0	0	0	0	4.324817518	0	9342
TCATAAGTGCACTTGCCCGAGCGTGTCTCG	0	0	0	0	0	0	0	0	2
TCATAGTGAACGTTTCGCATGCCGGTTTAG	0	0	0	0	0	0	8.649635036	0	95
TCATATCATCTAGTCTTCAAAACTATTTGA	0	0	0	0	0	0	0	0	484
TCATATGGCGGGCTAGTAATACTCACCCGG	0	0	0	0	0	0	4.324817518	0	539
TCATATTATGTCAAGTAATCTATGAATGAG	0	0	0	0	0	0	0	0	1252
TCATCAACTTTGGGGCTACGTTGGACATAG	0	0	0	0	0	0	4.324817518	0	137
TCATCAGGCTTGTCCTAGGCGGGTGTACGC	0	0	0	0	0	0	64.87226277	0	370
TCATCCTTCGCGGTTTCCTACAACGTATTT	0	0	0	0	0	0	0	0	2
TCATCGGAGATTAAGAGCTGACAGGGGTGG	0	0	0	0	0	0	0	0	1467
TCATCTTCTCCTTTTTTTCCGACAAAACGC	0	0	0	0	0	0	0	0	2
TCATGAAGTTGGAACGTGCACGTGCCCGAT	0	8.315789474	0	0	0	0	99.47080292	0	2741
TCATGACGTCAAGACGACTAATTCCCATAC	0	12.47368421	0	0	0	0	0	0	634
TCATGTAAACCTCATATTACCGTTACATAC	0	8.315789474	0	0	0	0	0	0	38
TCATGTCCTCACCATCTGCCTTAAATCTTC	0	0	0	0	0	0	8.649635036	0	67
TCATGTGTAAGGTATTGGACGTGCTTTCTC	0	0	0	0	0	0	4.324817518	0	1064
TCATTAGAGCCTTTCCAGCCCGCGAGTTTG	0	0	0	0	0	0	0	0	34
TCATTAGTTTGTTTGGCTCTGCCCGTCGAT	0	4.157894737	0	0	0	0	0	0	0
TCATTCCATTTTTGAGTTAATGTACTTTTA	0	0	0	0	4.917012448	0	0	0	0
TCATTCGTTAATCTGCTTATTCTAATGGAT	0	0	0	0	0	0	30.27372263	0	761
TCATTGTACGGCATATTCCTGGAGTGATCA	0	0	0	0	0	0	4.324817518	0	1141
TCATTTATTAGGGGCTGATTCTTTTACGGC	0	0	0	0	0	0	0	0	1257
TCATTTGACATATGCCAGTCTTTACAGGAC	0	41.57894737	0	0	0	0	8.649635036	0	76
TCCAAAGCAGGGGAGAGGGGGTGCTGCGAA	0	0	0	0	0	0	4.324817518	0	146
TCCAACAAAATGCATAATCATGGCCTGTAA	0	0	0	0	0	0	0	0	1116
TCCAAGAACTTTGTGGAGAAGTACGCTGAC	0	0	0	0	0	0	0	0	185
TCCAATTGTTGAAATTATCGTAAAAGCAAG	0	0	0	0	0	0	0	0	233
TCCACCATTATAGTTCTGGAATACTAGGTA	0	0	0	0	0	0	0	0	1342
TCCAGAGCCCTCCGTTGGGAGAGGTATCAA	0	0	0	0	0	0	0	0	573
TCCAGCACGGTGCTATCAATTAAATGGCCA	0	0	0	0	0	0	8.649635036	0	82
TCCAGCTGTTTCTCTGATTACTTTAGGATT	0	0	0	0	0	0	0	0	89
TCCAGGATAAGTGGGTTCCACCCTTGAACT	0	0	0	0	0	0	0	0	70
TCCAGGTAGCTGGGCAGCAGTTTCACTGTG	0	0	0	0	0	0	0	0	913
TCCAGGTGCATGGCCTAAGCCTCTTCCCGC	0	0	0	0	0	0	0	0	669
TCCAGTGTCATGACTAGAGGCTCCGTCTAT	0	0	0	0	0	0	0	0	316
TCCATAGATGATGATTTGAATTGGAAATTC	0	8.315789474	0	0	0	0	0	0	289
TCCATCCTTTGAAACGTGGCCGTAGAATTT	0	0	0	0	0	0	0	0	1862
TCCATCGCATTCAAAACACTTTCGCGCTAT	0	0	0	0	0	0	0	0	6
TCCATCTCTGCGACAGTGGTCTGCATTTAG	0	0	0	0	0	0	0	0	2
TCCATGTGCTCGATTCCGATGCTCTGTCCT	0	0	0	0	0	0	0	0	2
TCCATTAATTGAGATATGCAGGCGCCTAAG	0	0	0	0	0	0	0	0	3
TCCCAAAAGCCGAGACGAGTGGGATAACCA	0	8.315789474	0	0	0	0	0	0	731
TCCCAAGCTCTCTCTAGGTTGTGTATTCCA	0	0	0	0	0	0	0	0	2
TCCCAATGCTTAGCAGAGGGTCCGTTTGTA	0	0	0	0	0	0	0	0	302
TCCCAGAGTTAAAATTTTTTCAGCTTAATG	0	0	0	0	0	0	0	0	989
TCCCAGCCTGTAGCGGCCTTCTTACTCCGT	0	0	0	0	0	0	0	0	2
TCCCAGGAAAGAGGACTTCCTGTTCATGGA	0	0	0	0	0	0	0	0	2
TCCCCCGCCTCTTCACTGGCCATATTTTCA	0	0	0	0	0	0	0	0	2
TCCCCGGAACGGAACCCCGGAAGGTAATCG	0	0	0	0	0	0	0	0	733
TCCCCGGTACATTTTACGAGCGTAGCAATA	0	0	0	0	0	0	4.324817518	0	239
TCCCGCACTCTAGCTTCTGTAGGTCCTATG	0	0	0	0	0	0	0	0	1174
TCCCGCGTGGCGAATGTTTATATTTATCTC	0	0	0	0	0	0	8.649635036	0	101
TCCCGGTAATTAAACCTGGCTCAGTGCAAT	0	0	0	0	0	0	0	0	2138
TCCCTAGGCTGTCGTAACTTTGTCCAATTA	0	0	0	0	0	0	0	0	767
TCCCTCTCAAAGCAGAATGACTGTCGGTGT	0	0	0	0	0	0	0	0	9454
TCCCTGAGGCACTGATTGCGCAAATTTCGT	0	0	0	0	0	0	0	0	63
TCCCTGGAATCCGCAAGTGATCAAGTATCG	0	0	0	0	0	0	0	0	1491
TCCCTTATTACGCCGGTTCACCGTACACCT	5.511627907	0	0	0	0	0	0	0	0
TCCCTTCACCTGTATCGCAATGCCGCTCAT	0	0	0	0	0	0	4.324817518	0	13
TCCCTTCGTTCGCTATAGTTGACGGTTACG	0	0	0	0	0	0	0	0	341
TCCGAGTTCCGATGCTTCTGTTAAATGTCG	0	0	0	0	0	0	0	0	712
TCCGCAGAGGTTACTCGGTTCAAAAACTGT	0	0	0	0	0	0	4.324817518	0	3
TCCGCCGCCAACGCTTAGGAGGCGAGCTTG	0	0	0	0	0	0	12.97445255	0	362
TCCGCCGGGGTCATTGTTTCAGGTGCACCA	0	0	0	0	0	0	4.324817518	0	272
TCCGCGCGGTGGGGAGGTATGCGCCGGTAC	0	0	0	0	0	0	4.324817518	0	13
TCCGCGGCGGGAATCGTCACATGCGACTGT	0	0	0	0	0	0	0	0	1034
TCCGGCTAGTGTCGTGTTTTGACCAGTGTT	0	0	0	0	0	0	8.649635036	0	112
TCCGGGATCGTTCTTTCCGGGACAGTCCCT	0	0	0	0	0	0	4.324817518	0	0
TCCGGGTGAGCGAGATCGTGGGTCTTGGGC	0	0	0	0	0	0	0	0	2
TCCGGTCAGTCGATTACCTTATGCAAAAGC	0	0	0	0	0	0	0	0	5953
TCCGGTCTGTAAGTGGCACGTATTCACAAA	0	0	0	0	0	0	4.324817518	0	4
TCCGTAACTGTTGTAATTCCCAAGCATTTA	0	0	0	0	0	0	0	0	457
TCCGTCACGAGCATACGGTGGATCGACTGC	0	0	0	0	4.917012448	0	0	0	2
TCCGTCCTGGCTGTAAGGCGTACCGGACTC	0	0	0	0	0	0	0	0	2
TCCGTGGAGAATCAGATGCATCAGCCAACT	0	0	0	0	0	0	0	0	2491
TCCTAACCGCTTTCTGGTAGATACCGGACC	0	0	0	0	0	0	0	0	2
TCCTAACGTCAGGCTTGTTGCTCGTAATTA	0	0	0	0	0	0	4.324817518	0	6
TCCTAGCTCAATTGATTGCTCGCAAATCTG	0	4.157894737	0	0	0	0	8.649635036	0	2540
TCCTAGTGGGAACTTGATAGGCGGTAAAGC	0	0	0	0	0	0	0	0	8
TCCTAGTTCCTATGTGCCTTTAAACAGGGA	0	0	0	0	0	0	4.324817518	0	147
TCCTATGTCAGATGTGACAACGCGACGGAC	0	0	0	0	4.917012448	0	0	0	0
TCCTCATTGCTCCGACCAGTCTGTTCGAAA	0	0	0	0	0	0	12.97445255	0	404
TCCTCCAGGCTTCGGCATCCCGGGGATCCT	0	0	0	0	0	0	0	0	2
TCCTCCTATTTTCCGTTAAGATCATCGCAA	0	0	0	0	0	0	12.97445255	0	186
TCCTCGCCAATGGAAGCCGATGCAGCCGGT	0	0	0	0	0	0	0	0	888
TCCTCTAGGTGGTATTCGCAACGGGTCTTT	0	0	0	0	0	0	4.324817518	0	1115
TCCTCTCTAGGTTGTTATCGTTACTGCCCA	0	0	0	0	0	0	0	0	1065
TCCTCTGGGAACATCGCGGCGTCTTGCTAT	0	0	0	0	0	0	4.324817518	0	880
TCCTCTTTATATTTGGATTATCCATATCTT	0	0	0	0	0	0	4.324817518	0	2166
TCCTGAGAGGGACCGAACCATCGCAATTTG	0	0	0	0	0	0	0	0	1007
TCCTGCCTACCTGCAATAGCGATTGCATCT	0	0	0	0	0	0	0	0	1525
TCCTGCTTTGTTTATTGCTTGGATAAAACG	0	0	0	0	0	0	8.649635036	0	188
TCCTGTCAGCACCTTGCATCTCTTAACTTT	0	0	0	0	0	0	0	0	6
TCCTGTCTTCCGGACGCCACGCCTACTACG	0	0	0	0	0	0	17.29927007	0	580
TCCTGTGTAAAGGCGTGTAAGGTGGTTCAT	0	4.157894737	0	0	0	0	0	0	403
TCCTGTTAGGCAACTCGGCCTGGGGAGAGA	0	0	0	0	0	0	0	0	973
TCCTGTTTACTGTCTTCCCTATTTAAGATG	0	0	0	0	0	0	4.324817518	0	89
TCCTTAGGTGGTGGGTTCAATGAGTGCTTA	0	4.157894737	0	0	0	0	0	0	2
TCCTTCGTAACGAAAGTCTGATTGCCACCC	0	0	0	0	0	0	0	0	1248
TCCTTCTTGAATAGGTTGGAAACGAGTAAC	5.511627907	0	0	0	0	0	0	0	23
TCCTTGGGTTGTTTTGTACCTTACCACCGG	0	0	0	0	0	0	0	0	5
TCCTTTTTCAAGTGCTTGCACTACAGTCTC	0	0	0	0	0	0	0	0	26
TCGAAGCGGGAGCGATTCGTCTGGAGAGCT	0	0	0	0	0	0	0	0	3
TCGAAGGAGACAAGTGCATGGTCCCTCAAC	0	0	0	0	0	0	0	0	1117
TCGAAGGGAGCTCGGCCCGATGCAGGAACA	0	0	0	0	0	0	0	0	3
TCGAAGTCTCCCGCTGATGGTAAAGTAAGT	0	0	0	0	0	0	25.94890511	0	0
TCGAATGTTACTTCGGTGGTAACTCGGTGC	0	0	0	0	4.917012448	0	0	0	0
TCGACAGATGCACATAATGAATGAGGCGTG	0	0	0	0	0	0	0	0	572
TCGACAGCTCTCACATAGCTCAAATCTATA	0	0	0	0	0	0	4.324817518	0	10
TCGACATTAACAGTCCTGCTAGCTTTCCTT	0	0	0	0	0	0	0	0	917
TCGACCGACCCGCCAGCAAGGGTGCGCACG	0	0	0	0	0	0	0	0	558
TCGACCTCTGTCATAATAGGGAGGAGTAAA	0	0	0	0	0	0	4.324817518	0	500
TCGACGTCGCTGTATTTTTTAGAATATTTT	0	0	0	0	0	0	0	0	3
TCGACTGCTTCAGCCCTACTCAGTATCTTG	0	0	0	0	0	0	0	0	168
TCGAGACACTGGTATAACTTTTAAGCATGT	0	0	0	0	0	0	12.97445255	0	194
TCGAGCTGGTCTTAATTTATCGGACTCGGG	0	0	0	0	0	0	0	0	405
TCGAGCTGTTTAGCTTACCCACGGAAAGGT	0	0	0	0	0	0	0	0	2
TCGAGTAGATGAGGTTATTTACTTGCTGGT	0	0	0	0	0	0	0	0	24
TCGAGTCTTAGCAACGTAATTCGGTAAACT	0	0	0	0	0	0	25.94890511	0	443
TCGAGTGGCTCCATGGGGGGGCTTTTGGCT	0	0	0	0	0	0	0	0	838
TCGATAATCTACTGTGGCGTGTGGCTATGT	0	0	0	0	0	0	8.649635036	0	503
TCGATACAAAGGGGAGTTGTGCCCACAGAT	0	0	0	0	0	0	21.62408759	0	254
TCGATACCGCCTGTCCATCAAGGTTCTGAA	0	0	0	0	0	0	0	0	298
TCGATAGATATTGTGACATAGAATTAGCCA	0	0	0	0	0	0	0	0	1255
TCGATGCGGTTGTTTAGCTAAGGAAATTGG	0	0	0	0	0	0	4.324817518	0	1032
TCGATGGTCTTACAGGAAGGGGTAAAGCTT	0	0	0	0	0	0	4.324817518	0	861
TCGATTAAAGCTATGGGGCGAACTTTATGA	0	0	0	0	0	0	0	0	1069
TCGATTAAATAGTACTCATCATTTCCCGGA	0	0	0	0	0	0	0	0	231
TCGATTTATGTCGCGGGACGCGGACGGTAG	0	0	0	0	0	0	0	0	128
TCGATTTGCGCGCCCGGCACGTGGTCCGAG	0	0	0	0	0	0	17.29927007	0	2
TCGCAATCCGTACTTCAACAACCCATGTGT	0	0	0	0	0	0	0	0	75
TCGCATTCCGCTTTATCAGAGGTTCTGTTC	0	0	0	0	0	0	4.324817518	0	49
TCGCATTGCTTAAGAACACGTGTTCTCGTG	0	0	0	0	0	0	0	0	525
TCGCCAACCCAATAACGGAATATATATCAC	0	0	0	0	0	0	0	0	1238
TCGCCCAGACAACGAGTTGTAATCATAGTT	0	0	0	0	0	0	4.324817518	0	252
TCGCCCATATAATTGTTAGGCTTTGCATGC	0	0	0	0	0	0	8.649635036	0	168
TCGCCCGGCTGTGGCCGCGCGATGGCTAGG	0	0	0	0	0	0	38.92335766	0	1307
TCGCCTTCTGTGTGTGGATTTCTATCATGA	0	0	0	0	0	0	4.324817518	0	11
TCGCGCGGCCACAGCCGGGCGATGGCTAGG	0	0	0	0	0	0	4.324817518	0	0
TCGCGGCCAGAGAGACTACCATAGGCCCAC	0	0	0	0	0	0	12.97445255	0	936
TCGCGGTACGTGAATAAGGACCAATGGGAC	0	0	0	0	0	0	25.94890511	0	185
TCGCGGTTATGTTCTAGCGTTACTGATGAG	0	0	0	0	0	0	0	0	98
TCGCGTGAACTGACTCGGACCTCACAGTGT	0	0	0	0	0	0	30.27372263	0	21967
TCGCGTTCTGGCACATAGAGACACCTGAAC	0	0	0	0	0	0	8.649635036	0	60
TCGCTAGACCTGACTCTCTTGCTTACAGAC	0	0	0	0	0	0	21.62408759	0	1279
TCGCTCATGCTGGAGGTCTCGTGACGGGCA	0	0	0	0	0	0	8.649635036	0	4
TCGCTGCCGCTGGAGCATCTCGGCTGTGCA	0	0	0	0	0	0	4.324817518	0	918
TCGCTTATACCGTTTGTGCTTGAATTGCGC	0	0	0	0	0	0	0	0	1450
TCGCTTTAATCGTCACCCCCTCTTGCCATT	0	0	0	0	0	0	0	0	1031
TCGCTTTGACATATGGTCCCGTATATTGTC	0	0	0	0	0	0	4.324817518	0	944
TCGGAACGACCCCAGGTAGTCCCCCGTGGG	0	0	0	0	0	0	0	0	328
TCGGAACTAACGGGAGGGGCGAAGGGGGGG	0	0	0	0	0	0	34.59854015	0	842
TCGGAAGCAACTGAGGGGCGTTAATCCTGT	0	0	0	0	0	0	0	0	1021
TCGGACTTCAGTTCATCTGTATAAGGTGAA	0	0	0	0	0	0	4.324817518	0	30
TCGGATGCCCCCGAGGTACAAGACCTTCGA	0	0	0	0	0	0	0	0	2
TCGGCACCGTCTGGCTGCGCGAGTTTTATG	0	0	0	0	0	0	8.649635036	0	124
TCGGCAGAACATTTTCTGTATATGGTTTAC	0	0	0	0	0	0	0	0	1020
TCGGCAGAGAGTGTGGGCTCTGGGACGTTG	0	0	0	0	0	0	0	0	4837
TCGGCCATCAAGTCCGATTGTGGGTAACCT	0	0	0	0	0	0	0	0	194
TCGGCTAGCCATGGGGAGTTAGGGGTCCAC	0	0	0	0	0	0	8.649635036	0	404
TCGGCTGGCAAGGGGCTGAGGGTTAGGCAT	0	0	0	0	0	0	4.324817518	0	628
TCGGGATTCCATTGGCGGACGTGATGGATT	0	0	0	0	0	0	4.324817518	0	634
TCGGGCACTTATGTTCTAGGATGTATGAGC	0	0	0	0	0	0	0	0	236
TCGGGCCTTTGGGATGGGTCAACGGGTATG	0	0	0	0	0	0	0	0	1147
TCGGGCTTCCGTGATGTCCAAATATACCAG	0	0	0	0	0	7.40625	0	0	1025
TCGGGGATACTTGTAAATGAGCCCGGGGGC	0	0	0	0	0	0	0	0	867
TCGGGGCGCGGAAGACTATATGTGGTGCCG	0	0	0	0	0	0	0	0	31
TCGGGGCTTACTAGCAAACTCGTAGATTTG	0	0	0	0	0	0	4.324817518	0	0
TCGGGGGAACTAGCCTTTCCAGTGCTTGTT	0	0	0	0	0	0	0	0	1366
TCGGGGTGTTCATACGTGACAGGGTCGTAT	0	0	0	0	0	0	4.324817518	0	1728
TCGGGTTGTAGGGAGGGGGGCTACGTGGAT	0	0	0	0	0	0	4.324817518	0	835
TCGGTATCTTTTTTTGGTTACCTCGAGAGC	0	0	0	0	0	0	38.92335766	0	0
TCGGTCATAAGCGAGCACGAGCGGGAGTGG	0	4.157894737	0	0	0	0	38.92335766	0	4921
TCGGTCGAACGGGGTAAGTAGTGGGCTCTG	0	0	0	0	0	0	8.649635036	0	356
TCGGTGCAAGGGTTGATTGGCAAAACTTGG	0	0	0	0	0	0	8.649635036	0	1718
TCGGTGGGATTCTCCAGGCTGCATTGATGA	0	0	0	0	0	0	4.324817518	0	764
TCGGTTGTCCTATCAAACAGTAGAAATGCA	0	0	0	0	0	0	0	0	5966
TCGTAACATGCGCTGTACTACGGGCACGCC	0	0	0	0	0	0	4.324817518	0	16
TCGTAATTGTGGACGCGATTCTGTTCCATC	0	0	0	0	0	0	0	0	1062
TCGTACACATATTTTATTTCTTGAGCTCCA	0	0	0	0	0	0	4.324817518	0	1431
TCGTACTCAGTACAGGAATAAAGTAGGAAT	0	0	0	0	0	0	43.24817518	0	33
TCGTAGTCAGCCACCTACTCCACGCAATAA	22.04651163	0	0	0	0	0	0	0	2082
TCGTATATCTTTCTTCTTTAATGTGTCGTT	16.53488372	8.315789474	0	0	0	0	4.324817518	0	531
TCGTATGCTCGGGGATGGTATAGAAACCGG	0	0	0	0	0	0	4.324817518	0	338
TCGTATTCGGGGTGTGTTCTTTCTTAAACG	0	0	0	0	0	0	8.649635036	0	1133
TCGTATTTTTCGCCGCTGAACCTATAACCG	0	0	0	0	0	0	0	0	595
TCGTCATGTTTGCCAAGTGCTCTAACCTAA	0	0	0	0	0	0	0	0	314
TCGTCGGCAAGACCCGGCTAGTAGAGTTGC	0	0	0	0	0	0	0	0	2
TCGTCGGCGGGTAGGGGTCCCTGGCGCCGG	0	0	0	0	0	0	30.27372263	0	3455
TCGTCTGATATATTTGGGCATAGATGTAAT	0	0	0	0	0	0	8.649635036	0	0
TCGTCTGTTATACCACTTTTTAATTATTTT	0	0	0	0	0	0	4.324817518	0	891
TCGTCTTCGTAAGTCAATACAGCCTGCGAA	0	0	0	0	0	0	0	0	1189
TCGTGAGGCCCGACGTAGCCGAGTATTAAA	0	0	0	0	0	0	0	0	35
TCGTGGTGCGGGGACGCGGGGCAAGGCGCC	0	0	0	0	0	0	8.649635036	0	938
TCGTGTCGGCCGCTTGCACTTTGCGCGGAA	0	0	0	0	0	0	8.649635036	0	33
TCGTGTTAGGTGTCCACGAAAGTATTTAAC	0	0	0	0	0	0	0	0	616
TCGTGTTCATTATTAACTTAAGTCATATGA	0	0	0	0	0	0	0	0	1090
TCGTTACTACCGGAGGACAAGGACGTCGTT	0	0	0	0	0	0	0	0	7
TCGTTCATCATTTGAATAGCTCGCAATCTT	0	0	0	0	0	0	0	0	1727
TCGTTCTGGTACAATTTAAAGATGTGGAGG	0	0	0	0	0	0	0	0	1002
TCGTTGCTAAGCTGACTAGCACTTTTAGAC	0	0	0	0	0	0	17.29927007	0	713
TCGTTGGCTGACGGCGTTTCATCGGTCATA	0	0	0	0	0	0	0	0	3
TCGTTGTTTGGCAGTGCGGACGAGCGCAGC	0	0	0	0	0	0	0	0	9
TCGTTTCCACTAGAGCGGATCTATGATTCA	0	0	0	0	0	0	4.324817518	0	106
TCGTTTGTCGATGATATACTAGATGCTGTG	0	0	0	0	0	0	0	0	1140
TCGTTTTGTAGACCTTGCTGGATGAGCTCG	0	0	0	0	0	0	4.324817518	0	133
TCTAAAATCCTCGATATTTCTATGCCAGAT	0	0	13.83268482	0	0	0	0	0	1453
TCTAAATTGCTCCTTATAGGATTTGTCAGC	0	0	0	0	0	0	4.324817518	0	234
TCTAACGGGGTGGTTGATATCAGATTCATC	0	0	0	0	0	0	8.649635036	0	35
TCTAAGCATGCCAGAGCGCTGCTTACTAAG	0	0	0	0	4.917012448	0	0	0	0
TCTAAGTTCTGCGGGGAAACGTTGTTTCTC	0	0	0	0	0	0	0	0	656
TCTAAGTTTGCTCGCCCACGGCGAGTCGCG	0	0	0	0	0	0	0	0	1101
TCTAATATTTTTTTAACTTGCGTGGGCTAT	0	0	0	0	0	0	4.324817518	0	0
TCTAATGAGGGCGGTTGTTAGACGAGACAT	0	0	0	0	0	0	4.324817518	0	688
TCTAATTTCAACTAACTTGAAACCGGTTAA	0	0	0	0	0	0	0	0	2
TCTACAAGCTTTGGCATGTGCGTTACTCAG	0	0	0	0	0	3.703125	0	0	334
TCTACCTGTTCACTTTTCACTTTACGGGGC	0	0	0	0	0	0	8.649635036	0	1463
TCTACGAATAGGGGTACAACGTCGCAGGTA	0	0	0	0	0	0	0	0	1057
TCTACGGTAGAAGAACCTCACACTTTTCAA	0	0	0	0	0	0	4.324817518	0	194
TCTACGTAAAGGGGCCCAGATCGTGGTTGC	0	0	0	0	0	0	0	0	949
TCTACGTTATTGATTGGATTTCACACGGCT	0	0	0	0	0	0	0	0	1137
TCTAGGAGTGATCGGGAGACGGGCGCGAAC	0	0	0	0	0	0	17.29927007	0	370
TCTAGGGCCGCGGGGGGGTCTTTATTGGGG	16.53488372	4.157894737	0	0	0	0	0	0	50
TCTATAGTTTTCGCGTGGACACCCAAGACT	0	0	0	0	0	0	0	0	695
TCTATAGTTTTTATAGCCCTTTTTCATCCT	0	0	0	0	0	0	8.649635036	0	124
TCTATCAATTAGTTGTAGCGTTTTGGTGTT	5.511627907	20.78947368	0	0	0	0	8.649635036	0	10035
TCTATCGTTTAAGCTTGGTCTTCCGAGGCT	0	0	0	0	0	0	0	0	972
TCTATTGGAGGATTTCTTCTGTATGCACCT	0	0	0	0	0	3.703125	0	0	0
TCTCAATCGTAGACAATACGTCTGTCCGGA	0	0	0	0	0	0	0	0	103
TCTCACATTACTCTCCTCGATATTCGTTGC	0	0	0	0	0	0	8.649635036	0	1190
TCTCACGCGTTGTACTTTATAATTTACGTC	0	0	0	0	0	0	4.324817518	0	344
TCTCACTTGACCGTTTTTAATCCTGGCTTA	0	0	0	0	0	0	21.62408759	0	486
TCTCAGCGTCAATCGGGAATGGGTATCGAG	0	0	0	0	0	0	4.324817518	0	963
TCTCAGTAAAACCATCTTTAAGTAATCAGT	0	0	0	0	0	0	4.324817518	0	974
TCTCATCTTACTTTCCCCGCTTTCCTCATA	0	0	0	0	0	0	0	0	1254
TCTCCACCGTTCAGAATTCTAGTAATTAAA	0	0	0	0	0	0	0	0	940
TCTCCATACGCATTATATTTCCATAAACAA	0	0	0	0	0	3.703125	0	0	35
TCTCCCGAGTATTGTGTATAGGCAGAAAAT	0	0	0	0	0	0	4.324817518	0	64
TCTCCGAAGGTTCCGTCTGATTTTAGGTTT	0	0	0	0	0	0	0	0	550
TCTCCGGATGGAAGGGTGCGAGTCGAGTTT	0	0	0	0	0	0	0	0	583
TCTCCGGCCGTCATTCTGCGCAGACGAAAG	0	0	0	0	0	0	0	0	1095
TCTCCGTCTAATGCCATGCTGTAATGCTTT	0	0	0	0	0	0	0	0	550
TCTCCGTGGTATACTTTTAGTATCCTTTGA	0	0	0	0	0	0	0	0	115
TCTCCTAATCCAGATTGAAAGTTGTTTCGG	0	0	0	0	0	0	4.324817518	0	925
TCTCGCGCTTGTGAGGTAAGTTAAATCAGG	0	0	0	0	0	0	4.324817518	0	4084
TCTCGGAAACTGATAGTCACGCTGAGTCTG	0	0	0	0	0	7.40625	0	0	0
TCTCTGCTAGAATGCCCAACGTTCATGGCT	0	0	0	0	0	0	0	0	469
TCTCTGGCCCGGACCCCCTGTCACCGGGGT	0	0	0	0	0	0	8.649635036	0	657
TCTCTGGGCTTGATCTGAGCTTACATTTGT	0	0	0	0	0	0	0	0	126
TCTCTTGTGTTCTAAAGAGTCCACACGTCC	0	0	0	0	0	0	4.324817518	0	34
TCTCTTTGAGGATCGCCTAGAAAATAGAGC	0	0	0	0	0	0	4.324817518	0	108
TCTGAAAGTGTTTCTTAAACTACAACCTCT	0	0	0	0	0	0	0	0	392
TCTGACGGAGTCTGACGCATGTTTACGAGC	0	0	0	0	0	0	0	0	2
TCTGACTGCGCTGTTTTGCCGAGGCACCCC	0	0	0	0	0	0	4.324817518	0	0
TCTGACTGGCGAGCAGTAAGGGCTGTGAAA	0	0	0	0	0	0	0	0	1416
TCTGAGCTTCATAGTGGCTCGTCATTAGGT	0	0	0	0	0	0	0	0	701
TCTGAGGGCGTCTTCAGAATCATCCGCAAC	0	0	0	0	0	0	4.324817518	0	434
TCTGATCACTAAATCGGCCGTAGGTTCGTG	0	4.157894737	0	0	0	0	4.324817518	0	823
TCTGCAATAGACAGTACGTTAGTCAATGAT	0	0	0	0	0	0	0	0	5
TCTGCAGTCACGCCTGTGGGGTCGTTGTAA	0	0	0	0	0	0	0	0	1431
TCTGCATTATCGAGCGCACCATTATTAGGA	0	0	0	0	0	0	0	0	425
TCTGCCCATAAACTGACACAGGGATACGAT	0	0	0	0	0	0	0	0	186
TCTGCCGATATGGTGAGAACAAGAAACTAT	5.511627907	0	0	0	0	0	0	0	236
TCTGCCGTCTGGGCAAGGGTATACTGATGC	0	0	0	0	0	0	0	0	935
TCTGGCAATTGCCGTGTGCTTCACGAAGCT	0	0	0	0	0	0	0	0	1086
TCTGGCGTACTCCATCTGCGTGGCTATACT	0	0	0	0	0	0	0	0	631
TCTGGCGTTACATGTACGCACACAAAGACT	0	0	4.610894942	0	0	0	17.29927007	0	1014
TCTGGCTCCATAAGCACCGGTTGGGTTTGC	0	0	0	0	0	0	4.324817518	0	126
TCTGGGATACTCTAGCGACTAACAAAGTAT	0	0	0	0	0	0	0	0	131
TCTGGGGTGCGGTGGATGGGGTCTGAGGGT	0	0	0	0	0	0	82.17153285	0	0
TCTGGGTGGAGGCGGGGCCAGACCTGTTTT	0	0	0	0	0	0	0	0	176
TCTGGTGACCGTTAGGACCGGGAGGTGCGG	0	0	0	0	0	0	12.97445255	0	502
TCTGTAAAATACAATTGGGTTAAGGTGCCG	0	0	0	0	0	0	0	0	1636
TCTGTACAAGTCTTTTCGGCGCACCCGAAT	0	0	0	0	0	0	0	0	462
TCTGTACGGCCGGCCCGTGATATCACAATT	0	0	0	0	0	0	0	0	276
TCTGTCCTATTGGTGGAAGATGATGATTTT	0	0	0	11.67487685	0	0	0	0	0
TCTGTGAAGCGTCGGGATTGAGAAGGAGGG	0	0	0	0	0	0	0	0	980
TCTGTGGTCGGTAGGGTTATGCGGGAGTCG	0	0	0	0	0	0	0	0	8
TCTGTTTGCGTTCTCTGTATGTTCAGTCGT	0	0	0	0	0	0	8.649635036	0	1367
TCTTAAAGATTAAGTGCGCGACCAAGGCTT	0	0	0	0	0	0	0	0	2
TCTTAACCTGCGTATGGGTTCTTTATTGGT	0	0	0	0	0	0	4.324817518	0	84
TCTTACGACAGATGGGACAGTTATCGATTT	0	0	0	0	0	0	0	0	1098
TCTTACTGTCATTGAAACGAAATCCTATAT	0	0	0	0	0	0	0	0	5213
TCTTAGGTAAGTTTTAAGGTAACACTAGAA	0	0	0	0	0	0	0	0	1492
TCTTAGTCAATCATGTTGTTTTTATCCGGC	0	0	0	0	0	0	0	0	1502
TCTTAGTCGGGCCGGGTATCCCGCGCTACT	0	0	0	0	0	0	0	0	8
TCTTATACGCGCGTCATTCGTGGTAACTCT	0	0	0	0	0	0	0	0	591
TCTTATTCTATATCATATCCATCGTTTATG	0	0	0	0	0	0	4.324817518	0	163
TCTTATTGCTGATGGTTGATTGTATAGGGC	0	0	0	0	0	0	0	0	2
TCTTCAAAGCGTAGACCGCTTGTTTTTTCA	0	0	0	0	0	0	0	0	1374
TCTTCACGCCGGAATAGTGGAGAGGCGAGA	0	0	0	0	0	0	12.97445255	0	29
TCTTCAGACGTCCGGGTTTCGGCATGGGCA	0	0	0	0	0	0	4.324817518	0	554
TCTTCCGTATTTAGCACTCATCATCTGGAC	0	0	0	0	0	0	0	0	105
TCTTCGCGGCGGGTGAATCCGACTGGTCTC	0	0	0	0	0	0	0	0	800
TCTTCGGATTAAGCTACTGCGGAGCATATT	0	0	0	0	0	0	17.29927007	0	3
TCTTCTCGGAAAACGAAATCGAGGCATGGG	0	0	0	0	4.917012448	0	0	0	729
TCTTGAAATTCTTTAAATAGAGAATTAGTT	0	0	0	0	0	0	4.324817518	0	2548
TCTTGACTCGGCCGATCTACTCGACTTGAT	0	0	0	0	0	0	8.649635036	0	0
TCTTGATTCTCGACAGTGGGTTTTTCATCC	0	0	0	0	0	0	8.649635036	0	445
TCTTGCAGGACTTTTAGGTCTGTTTCTCTA	0	0	0	0	0	0	34.59854015	0	13
TCTTGGACATACGGGTCGCGGGCGACTACA	0	0	0	0	0	0	0	0	779
TCTTGGATAGTGGGCGTGGGGGCGAAGGCG	0	0	0	0	0	0	4.324817518	0	22
TCTTGGGCATTGTGGTTAACTAATTCTAAG	0	0	0	0	0	0	0	0	2
TCTTGGTCAACAAAGTAGCTGGTGTGAGCA	0	0	0	0	0	0	0	0	2
TCTTGTTCATTCAAAGAGTCGCTTCGTCCA	0	0	0	0	0	0	8.649635036	0	14
TCTTGTTTAAGGTTGTCTCTAGCCAAGTAG	0	0	0	0	0	0	8.649635036	0	1407
TCTTTAGAACAAGCCACAAGACTGATGATC	0	0	0	0	0	0	0	0	938
TCTTTAGAGAGTCGCATTTAGGGGCACCAC	0	0	0	0	0	0	4.324817518	0	1182
TCTTTAGTTATACATTCGCACAGGCCTCTC	0	0	0	0	0	0	8.649635036	0	5
TCTTTGATTTGGCCACGGTCATTCAATATC	0	0	0	0	0	0	17.29927007	0	0
TCTTTGGTAGACTCGTCAAATGTAGTTCTG	0	0	0	0	0	0	12.97445255	0	5
TCTTTTATGGTCCGTGCATCTTTTACGATA	0	0	0	0	0	0	0	0	11
TCTTTTCCGCAAACGATTAATACCTATTTG	0	0	0	0	0	0	12.97445255	0	176
TCTTTTTGTTTTGCTTGTTGAAGTTGTCTA	0	0	0	0	0	0	43.24817518	0	153
TGAAAACGCCCGCCTTAGACTATGGCAAAG	0	0	0	0	0	0	12.97445255	0	126
TGAAAATTCATAATGTGTCTCTTATAATAA	0	0	0	0	0	0	0	0	37
TGAAATAAAGCGATAATGTCGACCAGAACC	0	0	0	0	0	0	0	0	1957
TGAAATCAAGGTTGTAATAGGATATAATCT	0	0	0	0	0	0	0	0	1167
TGAAATTTCTTTAGAAATTACCCAGTCGCA	0	0	0	0	0	0	0	0	1183
TGAACCAAGAGACGAGTGGGCAAAGTTGGT	0	0	0	0	0	0	0	0	16
TGAAGACATACGGACGGTGGCTTTTATATC	0	0	0	0	0	0	4.324817518	0	8
TGAAGACGCGGATGTCAGTAGTATGTCGTG	0	0	0	0	0	3.703125	8.649635036	0	261
TGAAGAGGGCGTCTACGGTTGTTGCTCTGG	0	0	0	0	0	0	17.29927007	0	375
TGAAGCTGGATCAGAGCCAGCTACTCATTT	0	0	0	0	0	0	0	0	1723
TGAAGGTCGTCTCGCGTGGTCATTCAGTAT	0	0	0	0	0	0	0	0	1001
TGAAGTAACCGTATCAAGTTTTTTGGTAAA	0	0	0	0	0	0	8.649635036	0	10
TGAATAGGTTTTACCATCCTGAACTGAGTA	0	0	0	0	0	0	0	0	1037
TGAATTTCTATGTTCATCAGTTTGTCTATA	0	0	0	0	0	0	0	0	4
TGAATTTTAGGTCAGAGTGCGGCTAACATC	0	0	0	0	0	0	0	0	69
TGAATTTTTATCTCCATGGCGCTCATGGAC	0	0	0	0	0	0	0	0	27
TGACAACAACCCGAAGGTTCTATGATATAT	0	0	0	0	0	0	8.649635036	0	1157
TGACAGGGTTATTCGTGTGAGGGGGGGCGC	0	0	0	0	0	0	8.649635036	0	49
TGACAGTGCCTTACGCTGTAATTGTAAAGT	0	0	0	0	0	0	0	0	1378
TGACCCATGCACCTATAGGAACTCCGCGTT	0	0	0	0	0	0	0	0	1307
TGACCGGCAGGCTGAACACTACGGGGTGGT	0	0	0	0	0	0	4.324817518	0	397
TGACCGTGCGGATTGCATTACCAATAAGAG	0	0	0	0	0	0	12.97445255	0	17
TGACGATTGCTTGGAGTGGCTGGTATCGCC	0	0	0	0	0	0	0	0	761
TGACGGATCGGTTCAGGTTCCTGTACCATC	0	0	0	0	0	0	38.92335766	0	3926
TGACGTGTAGCATTAGTGGGCAATCTCGAT	0	0	0	0	0	0	8.649635036	0	1185
TGAGACGGCCTGTGATTCTTTCCCGACTGC	0	0	0	0	0	0	4.324817518	0	1277
TGAGCGCAGTGCTTGAAGACTTGCAATACA	0	0	0	0	0	0	0	0	2
TGAGCGTGCTGGAGTACGATGGCAGGGTGT	0	0	0	0	0	0	8.649635036	0	59
TGAGGAGTGATTATTAGTTCAGTACGGTCT	0	0	0	0	0	0	17.29927007	0	568
TGAGGCCGGTGCACGAGTTCGGCTCTGCCT	0	0	0	0	0	0	0	0	3
TGAGGCGTTTCTTCTGAGTGGCGATAGGGA	0	0	0	0	0	0	0	0	15
TGAGGCTAGAAAAGCAACCTGGGTGTTCTT	0	0	0	0	0	0	0	0	526
TGAGGGACGATCCTCCTTCTGCACTGTCTT	0	0	0	0	0	0	4.324817518	0	653
TGAGGGGGCGTCGATGCCAGGGGCGCATGG	0	0	0	0	0	0	0	0	237
TGAGGTGGCCGTGCTTCCAGTATTTCGTTC	0	0	0	0	0	0	0	0	170
TGAGGTTTGGTTGGGTGCACAATCCCCCTC	0	0	0	0	0	0	0	0	742
TGAGTCAAGCACTCGCTTTATCGTGAGTTA	0	0	0	0	0	0	0	0	49
TGAGTCCGTTATCGGCTGATTAGTGAGATA	0	0	0	0	0	0	4.324817518	0	1527
TGAGTGCGGGCCAGGATGCAGGGCGACGTG	0	0	0	0	0	0	0	0	2
TGAGTGGAGAATAGCGCGAGACGCAGTTGT	0	0	0	0	0	0	0	0	1288
TGAGTGGCTCTTATTGCGGTGAGCGAGATA	0	0	0	0	0	0	8.649635036	0	753
TGAGTGTAGGGGCATAGTTATGCCAGGGTG	0	0	0	0	0	0	0	0	984
TGATAACTGCCGAGTGGTCATTCATGATTG	0	0	0	0	0	0	21.62408759	0	523
TGATATATCGGTTCCCCCATGAAAGTGGTA	0	0	0	0	0	0	155.6934307	0	135
TGATATCGCACTCAGATGCGTCAGCGGGCT	0	0	0	0	0	0	25.94890511	0	5274
TGATATGTTTCTATGCATGGGTTCCGCACT	0	0	0	0	0	0	0	0	1307
TGATATTAGTCCCACAGCCATGCCACTATC	0	0	0	0	0	0	82.17153285	0	4
TGATCCATAATCTCTTGCGTGGATCCCATA	0	0	0	0	0	0	8.649635036	0	5882
TGATCCATGTGTCTGCACGCGAGTATACAA	0	0	0	0	0	0	0	0	958
TGATCGAGTAAAAATCTCTGCCCAACAATG	0	0	0	0	0	0	4.324817518	0	0
TGATCGCGGACAACCGGGCATGGGGTTGCG	0	0	0	0	0	0	4.324817518	0	0
TGATCTAGAATTACAGACTGGGCCAAATCC	0	0	0	0	0	0	0	0	912
TGATCTTAGATTCAACTTATCGTATTCCTT	0	0	0	0	0	0	4.324817518	0	73
TGATCTTCGTGTGAGGTCCTTAGGAATTTT	0	0	0	0	4.917012448	0	8.649635036	0	671
TGATGACACTGAGCGACCACGGGCTGTTAG	0	0	0	0	0	0	25.94890511	0	16
TGATGACTCAAGTTCCGGCTACTGCTGAGA	0	0	0	0	0	0	0	0	2910
TGATGCACAAGGTGTTCCACGCTCAGGAGT	0	0	0	0	0	3.703125	0	0	0
TGATGCATCCAGGGTTTAGATTGAAATAGT	0	0	0	0	0	0	0	0	193
TGATGCCAAATCTTCACAAGTCTATATGGT	0	0	0	0	0	0	12.97445255	0	342
TGATGCGATCGGAGGAAGGCGCTGTGAGAT	0	0	0	0	0	0	4.324817518	0	1163
TGATGTTAAACCGTTCGCCATGTTTTTACC	0	0	0	0	0	0	0	0	542
TGATGTTCGTGGGGGAGGCGCCGCTCATCA	0	0	0	0	0	3.703125	0	0	149
TGATGTTTCTATGTGCTGACACCATGATGC	0	0	0	0	0	0	21.62408759	0	1477
TGATTAGCTCTCTCGCTGATGGACACTGCC	0	0	0	0	0	0	8.649635036	0	541
TGATTCACATCCCCCTCTCGAGCTGAACGC	0	0	0	0	0	0	0	0	2459
TGATTCCAAAGGGCGAAATTCAAATGCTTC	0	0	0	0	0	0	0	0	18
TGATTCCTCTCAGCAAGCTTTCAATTCCTA	0	0	0	0	0	0	4.324817518	0	148
TGATTGGACGTTCCTCACCTTCCGAGAGGG	0	0	0	0	0	0	0	0	2
TGATTTCGGATATATCTTCACCAAGAATGT	0	0	0	0	0	0	82.17153285	0	8739
TGCAAAAGTGCGATACACTTGTCTTACGCG	0	0	0	0	0	0	17.29927007	0	217
TGCAAAGACGTAATTGTGGAACCGAGTACC	0	0	0	0	0	0	38.92335766	0	3852
TGCAAAGCATTTACGAAGTATTTAATCATT	0	0	0	0	0	7.40625	0	0	71
TGCAACCCTCGGTGGCTAAGTTACCGGCGT	0	0	0	0	0	0	4.324817518	0	1795
TGCAAGAGTTATGTCTTTCTGTGTTGGTAT	0	0	0	0	0	0	4.324817518	0	921
TGCAATTTGTGAAAAAGCAATACCCTTGAC	11.02325581	0	0	0	0	0	0	0	57
TGCACCAGTTCCTGTTAGTGTGGCACATAG	0	0	0	0	0	0	8.649635036	0	129
TGCACCCGGTCGGACGGATCGTATGATGAC	0	0	0	0	0	0	0	0	1248
TGCACTGTCACATCAGATCGATTTACTCCT	0	0	0	0	0	0	0	0	266
TGCAGAAGTTGCAACACTTGGTTAGGCCTG	0	0	0	0	0	0	0	0	398
TGCAGCCGATTAGGCAGTAGTTGTCGGGTC	0	0	0	0	0	0	0	0	104
TGCAGGACCGGGGAGAGTGAGAGTGTATCA	0	0	0	0	0	0	0	0	195
TGCAGGGAACCCCGTTGTTTGGTGCCTATG	0	0	0	0	0	0	4.324817518	0	182
TGCAGTAATGGGTTCTTGCAAGTTCAGTAG	0	0	0	0	0	0	0	0	127
TGCAGTGCCTACCCAGTGTGATCTACTAGC	0	0	0	0	0	0	0	0	9
TGCAGTGGGCTTTGCGCCCTGGGCGTTAGT	0	0	0	0	0	0	4.324817518	0	268
TGCAGTTCACATTTCAAAGTAATTTTCGCA	0	0	0	0	0	0	0	0	509
TGCATATATGAACTTAGAGTGTTGGCTGAG	0	0	0	0	0	0	4.324817518	0	338
TGCATCCTTTGAAGGGCCGCCAACAGGTTT	0	0	0	0	0	0	0	0	2135
TGCATGAACAAGGTCGGCTTTTTGAAGGGA	0	0	0	0	0	0	0	0	9
TGCATTGACGTACCGATCAGTTCCGGCCAT	0	0	0	0	0	0	0	0	811
TGCCAAGGGCCCTGATTGGGACCCGTATGC	0	0	0	0	0	0	0	0	3
TGCCAATATAGTCCTGCCATGCACCATGTT	0	0	0	0	0	0	0	0	1018
TGCCACTAGGCGCGCTAAATATTTCCCAGG	0	0	0	0	0	0	4.324817518	0	228
TGCCAGCAGGAGTGTGGTGTGGGGGGTTGT	0	12.47368421	0	0	0	7.40625	43.24817518	0	60221
TGCCAGGTTTCTCTACCACGGTGACGATTA	0	0	0	0	0	0	4.324817518	0	491
TGCCATCGCCTGGGGCGTGAGATCGGGTAT	0	0	0	0	0	0	4.324817518	0	0
TGCCCACCTGAACTATCTTAGGTTTGCCTT	0	0	0	0	0	0	12.97445255	0	160
TGCCCCCAGGCTTTTGATTTTCTTTGGGTT	0	0	0	0	0	0	4.324817518	0	91
TGCCCGATTATAACGATTATCATCAATTAT	0	0	0	0	0	0	0	0	862
TGCCGAAGAGCTTGGTATCTGGGCGATATT	0	0	0	0	0	0	0	0	759
TGCCGCCCTCGGTGATCAAGGGACCGGTGA	0	0	0	0	0	0	0	0	2
TGCCGTGGGTTACTTACGGATTGTTTTCTG	0	0	0	0	0	0	0	0	212
TGCCTCTACACACAATCAGCTTCTCTGGAA	0	0	0	0	0	0	4.324817518	0	547
TGCCTCTAGGGGGGTACGCTGAAGGCCAAA	0	0	0	0	0	0	4.324817518	0	12
TGCCTCTAGGGGGTACGCTGAAGGCCAAAT	0	0	0	0	0	0	38.92335766	0	6191
TGCCTCTGAAAGAGCAACATGCGCTCGTGT	0	0	0	0	0	0	4.324817518	0	1383
TGCCTGAGCCTATTAAGACGATTTAATGTA	0	0	0	0	0	0	4.324817518	0	32
TGCCTGCGGACAATTGTTTTGCGATTAGAT	0	0	0	0	0	0	0	0	1559
TGCCTTCCCAGTTGAAAATAGGTCATCGTA	0	0	0	0	0	0	0	0	3399
TGCGAACTTACCTTGGACATGGTGGTTCCA	0	0	0	0	0	0	8.649635036	0	70
TGCGAATGAGTTAAATCCCGCTAGCACTCG	0	0	0	0	0	0	0	0	3865
TGCGACGGGTAGCCCAGCGGAATAGCTGTG	0	0	0	0	0	0	17.29927007	0	172
TGCGACGTAAAAAGGGAATTCGCCCTTCCT	0	0	0	0	0	0	4.324817518	0	5
TGCGCATGTGCAGGGGCGGGAATTTGACTG	0	0	0	0	0	0	0	0	675
TGCGCATTTGCGCTATTTCAATAAACGTTA	0	0	0	0	0	0	0	0	66
TGCGCCGTGATTTCCATCGAACTAGCGAAT	0	0	0	0	0	0	0	0	2
TGCGCGCCCTAATCTGCGAGGACATTTACG	0	4.157894737	0	0	0	0	8.649635036	0	333
TGCGCTCGTGATGAGATCCCTTCTTCGAGC	0	0	0	0	0	0	0	0	47
TGCGCTGCGGTAGGAGGATTTGGGCTGGTG	0	0	0	0	0	0	0	0	2
TGCGGACAATTTTTAATCCTGGTCTTTCAT	0	0	0	0	0	0	25.94890511	0	360
TGCGGATGGTCACTTCGTGCGAGACGATGG	0	0	0	0	0	0	0	0	33
TGCGGATTGCTTAACAGTGTAATTAATTTT	0	0	0	0	0	0	17.29927007	0	9588
TGCGGCTGTTGTTAGCATTAGACGTAGCTG	0	0	0	0	0	0	21.62408759	0	512
TGCGGCTTGCATCGAATGCAGGGGTAGTTC	0	0	0	0	0	0	0	0	1211
TGCGGGAGGGGCGATCTCGCGTAGTATTAG	0	0	0	0	0	0	0	0	66
TGCGGTCGCCTTGATGGAGTTTTCCACTCA	0	0	0	0	0	0	0	0	606
TGCGGTGTTTCACGATCTGGATTCAGCGTG	0	0	0	0	0	0	4.324817518	0	1208
TGCGTATGGAAGGCGATGTCCTAACAACTT	0	0	0	0	0	0	12.97445255	0	6
TGCGTCATCGCCGTTCACGGGTCGGTTCCT	0	0	0	0	0	0	0	0	245
TGCGTCCGTATCAGCGGCATTGAAGCGTGT	0	0	0	0	0	0	0	0	1229
TGCGTGCGGAGGCGTAGCGGCGTGTGGTCG	0	0	0	0	0	0	8.649635036	0	0
TGCGTGGTTTGCCGTGCGTAACTGGAGACA	0	0	0	0	0	0	4.324817518	0	0
TGCGTGTCAAATACCTGGAGTTGCTGCACT	0	0	0	0	0	3.703125	0	0	1058
TGCGTTCATCACACTTTCGCATGTCATGTG	0	0	0	0	0	0	21.62408759	0	1243
TGCGTTTACGTTCGGTCATGGACCTTGATC	0	0	0	0	0	7.40625	268.1386861	0	44
TGCTAATGAGAGCGTGCCCCATACTTACTG	0	0	0	0	0	0	0	0	125
TGCTACCAAAACGAAGTAGGCGTTTTCCTT	0	0	0	0	0	0	4.324817518	0	92
TGCTACGCATTTTCAGGTCTTAACAGCTGT	0	0	0	0	0	11.109375	134.0693431	0	88672
TGCTACGCTAGAGAAGGGGCTTAGGAGTCG	0	0	0	0	0	0	0	0	210
TGCTAGAAAGAAAAGTACCACTCATCATCT	0	0	0	0	0	0	4.324817518	0	409
TGCTAGATCCTTGGTTTTTCCCTACAAACC	0	0	0	0	0	0	0	0	2
TGCTATGGACAATCATACCGGCCACCGTGG	0	0	0	0	0	0	43.24817518	0	1265
TGCTCAACGAGTACGTGCGCGTAGTCTTTT	0	0	0	0	0	0	4.324817518	0	766
TGCTCAATTAGATCAGCTGTATAGTGATGA	0	0	0	0	0	0	4.324817518	0	2474
TGCTCCACATTGGGCTTCCGGGTGCGGGTC	0	0	0	0	0	0	4.324817518	0	1928
TGCTCCGTTCGGGTCTCGGCTTGTATGCCA	0	0	0	0	0	0	0	0	2
TGCTCCTTTGACGTGTGGCGACAGTATATA	0	0	0	0	0	0	0	0	453
TGCTCGCAACAACTCACCTCTATGCGTTGC	0	0	0	0	0	0	4.324817518	0	63
TGCTCGCAATCTCGCCAACAGAGGAACGTA	0	0	0	0	0	0	0	0	274
TGCTCTAACCCTACAGTAGTTGTTCGAGAA	0	0	0	0	0	0	0	0	1352
TGCTCTTATTCCAGTAATTACAGTTTGGCT	0	0	0	0	0	11.109375	0	0	1425
TGCTGACGCGTTGGTGCACTATTCCACAAG	0	0	0	0	0	0	0	0	31
TGCTGACTCGCAAGCGCGCACTCGATCAAG	0	0	0	0	0	0	8.649635036	0	295
TGCTGATTGGAGTCTTGTCACCGCACGCAG	0	0	0	0	0	3.703125	0	0	16
TGCTGCAGTGGGTTCGAGTTACAGGGGAGG	0	0	0	0	0	0	0	0	25
TGCTGCATGCCTCCGTATTTGAAAGCACCA	0	0	0	0	0	0	0	0	858
TGCTGCTTAAATGACTTCCATATTGTATCA	0	0	0	0	0	0	0	0	55
TGCTGGGACGTGTCATATCCGAGGAACGAC	0	0	0	0	0	0	21.62408759	0	14
TGCTGGGACTTCGATCGCATGTGGGAGTGG	0	0	0	0	0	0	0	0	420
TGCTTACCCTGGTGCATCGGTCTAATTCAG	0	0	0	0	0	0	0	0	182
TGCTTAGGTTCCGGATTGCATTTATTGACA	0	20.78947368	0	0	0	0	0	0	239
TGCTTGAGTGGCGCGGTAGGGGTGGCAATG	0	0	0	0	0	0	0	0	3091
TGCTTTCAGGGTATCATTAAGTAATGCCAG	0	0	0	0	0	0	17.29927007	0	86
TGCTTTCTGCTGCTTCTAAACAAGTTCTTC	0	0	0	0	0	0	0	0	227
TGCTTTTGAACAACGTATGGACCGATCCGG	0	0	0	0	0	0	0	0	70
TGGAAAAATAAGGTGCAGCTTCCATTCACT	0	0	0	0	0	0	0	0	1208
TGGAAACGTCCGGAGGCGCTGGAACGAGGA	0	8.315789474	0	0	0	0	0	0	185
TGGAAACTGCATCTTCTCTAAGCGATCCTT	0	0	0	0	0	0	12.97445255	0	73
TGGAAATAGCCCAGATACAAGTGGGCGAGT	0	0	0	0	0	0	0	0	804
TGGAACACACGGAATGGGGCGCATCCCCGG	0	0	0	0	4.917012448	0	0	0	1004
TGGAACCCCAATCATGTCCTTAAACGGCAG	0	0	0	0	0	0	0	0	959
TGGAACGTCATTCCCTGAGCACGTTACAGC	0	0	0	0	0	0	4.324817518	0	0
TGGAACTGGGCGATATTTCTGTACTAGTTG	0	0	0	0	0	0	0	0	981
TGGAATCTTACGGCTCTATCATGCAAAGGA	0	0	0	0	0	0	0	0	1865
TGGAATTGTAAGGTCGCCTAGTCTAGTGTT	0	0	0	0	0	0	0	0	37
TGGACGCGCATCATTTCGCCTATAATCGCA	0	0	0	0	0	0	0	0	1312
TGGACGGACTCTATTGTCTACCGATCCACT	0	0	0	0	0	0	8.649635036	0	879
TGGACTGCCAAGGATCTCAAATTTTCATCG	0	0	0	0	4.917012448	0	0	0	5366
TGGACTTCACCGGCTTAATATATCACCGAC	0	0	0	0	0	0	17.29927007	0	353
TGGAGACATACGGGATTCGAAGATGATGTG	0	0	0	0	0	0	30.27372263	0	41
TGGAGCAATTATAACATCACCATGTGAGAA	0	0	0	0	0	0	0	0	2
TGGAGCGACAACGGCACGCTTGTCATGGAC	0	0	0	0	0	0	0	0	655
TGGAGCTCGCTACAGTACAGGAGCCTCTGG	0	0	0	0	0	0	0	0	240
TGGAGCTTCTTGTATACCGAGCCGGTTAGG	0	0	0	0	0	0	12.97445255	0	269
TGGAGGTGGCCATACCCTACTCATGACTCA	0	0	0	0	0	0	0	0	1421
TGGAGGTGTTAGCGTACTGTTGTTGAATTG	0	0	0	0	0	0	0	0	664
TGGAGTACAGACGGGGACCCCCCCGGCTGT	0	0	0	0	0	0	0	0	16
TGGAGTGACCGAGCCGTGTCCAGTGCACGG	0	0	0	0	0	0	4.324817518	0	77
TGGATCAAGGGAATGTGACTACAGACAGGG	0	0	0	0	0	0	4.324817518	0	435
TGGATGTTGGGAGCCGCCTAATTATCTGTC	0	0	0	0	0	0	0	0	294
TGGATTAACGATGGTCCAGGGTAGTGACAT	0	0	0	0	0	0	0	0	1384
TGGATTAGGATAAGTGATTGAAGTTGTTTT	0	0	0	0	0	0	0	0	1005
TGGATTCCATCGCGATTTTCAACAAATATG	0	0	0	0	0	0	4.324817518	0	58
TGGATTTTATTCCAAGATTGATCGCTGAAG	0	0	0	0	0	0	0	0	1476
TGGCAATCCGGTTAAGTTTGCAAATGACCA	0	0	0	0	0	0	60.54744526	0	14312
TGGCATCCTCAGCAATTCCTCCTGCGGCGC	0	0	0	0	0	0	185.9671533	0	5529
TGGCATGGGAAGAGTGCATGGATTACGAAT	0	0	0	0	0	0	4.324817518	0	142
TGGCCAGAATCGATATCTCCGCTGACAAGG	0	0	0	0	0	0	0	0	1374
TGGCCATTGGTAGCAGGGGGGCATGCAAGG	0	0	0	0	0	0	0	0	237
TGGCCCCCGTATACTTACCCAGCTTATTCT	0	0	0	0	0	0	0	0	986
TGGCCCTTGGCTGGCACCGACGGGTGCGCC	0	0	0	0	0	0	0	0	24
TGGCCTGCAGTATGAAAATGGTGAGCCGCA	0	0	0	0	0	0	4.324817518	0	0
TGGCGAAACCGTCGGTGAGTAGATGCTCAT	0	0	0	0	0	0	0	0	519
TGGCGCTCGTTATCCGTCTGTACGCCTGGC	5.511627907	8.315789474	0	0	0	0	0	0	60
TGGCGGGCTGACTAATGCCCTTCAGGTTAA	0	0	0	0	0	0	4.324817518	0	0
TGGCGTGATTTGATGACTGGGCTTTAACTA	0	0	0	0	0	0	4.324817518	0	254
TGGCGTTGCCAGTAATACTTGTTAGGGTTC	0	0	0	0	0	0	4.324817518	0	1842
TGGCTACTAAGCTTCCGTTTCTATGGAATT	0	0	0	0	0	0	0	0	380
TGGCTCAACTTCTCGTCAAACCCGAATGCG	0	0	0	0	0	0	0	0	609
TGGCTGCTGGCAAAGCCGGCACAGATCGAC	0	0	0	0	0	0	4.324817518	0	418
TGGCTGGTTAAAACGAGAAGGTGGTTACTG	0	0	0	0	0	0	0	0	1299
TGGCTGTCAAGGCCTCCAGTTTGTCCAAAT	0	0	0	0	0	0	0	0	1540
TGGCTTACATACGTTTCCCCGAGATGCGCC	0	0	4.610894942	0	0	0	0	0	98
TGGCTTGCGCACCACGCGTCGTTATGGAGT	0	0	0	0	0	0	0	0	4
TGGGAAAGTGAAAGTCAGGGGCTAACGTCT	0	0	0	0	0	0	0	0	514
TGGGACCAGTAATAAAACATTCACTATTAC	0	0	0	0	0	3.703125	0	0	0
TGGGAGATGTGGTTTGAGTGCTATCCGCCT	0	0	0	0	0	0	0	0	2
TGGGAGGATTGGGCGTCAGCAAGGGTCTTT	0	0	0	0	0	0	0	0	2
TGGGAGGCTCGAATACGTTGTTGGGAGTGG	0	0	0	0	0	0	0	0	298
TGGGAGTAATTTCGTGTGTTTCCATGCGTG	0	0	0	0	0	0	0	0	682
TGGGAGTACTAGGGCTGTATCATTGTGTCA	0	0	0	0	0	0	8.649635036	0	45
TGGGCAGACACGTCAAAGTGATACGATGTG	0	0	0	0	0	0	0	0	1600
TGGGCAGCTTACGGGCTGTACCTCTTGGCT	0	0	0	0	0	0	4.324817518	0	1102
TGGGCCGGGGCTCGCAATGGTCTAGGCTAC	0	0	0	0	0	0	0	0	3
TGGGCCGGTTGATACGTATTTAATGTCCAT	0	0	0	0	0	0	0	0	165
TGGGCCGTTAAATTTGGCTCAGATCCTTTG	0	0	0	0	0	0	30.27372263	0	155
TGGGCGAACATAATTACAGAGCGGTCCATA	0	0	0	0	0	0	0	0	511
TGGGCGAACGTGACATGCGTTTTCGGTATG	0	0	0	0	0	0	0	0	657
TGGGCGTACCCGCTTACAAGGTATTAACTT	0	0	0	0	0	0	0	0	312
TGGGCTCAGTCATGCATAAGAGCGTACCAT	0	0	0	0	0	0	0	0	1554
TGGGCTTCACCCCGCTAGCCCTAAGGAGTT	0	0	0	0	0	11.109375	0	0	11
TGGGGACGGATGACCTTGATGCTACCGATC	0	0	0	0	0	0	0	0	1286
TGGGGAGGCTTGCGTGGGACAGTCACCGCG	5.511627907	37.42105263	0	0	0	0	168.6678832	0	10917
TGGGGAGGGGAGGGTCTTCTGGTACTGGCG	0	0	0	0	9.834024896	0	0	0	0
TGGGGGAGCTGATAGCTGTATCAGTTCCGT	0	0	0	0	0	0	8.649635036	0	40
TGGGGGGATGCGAGATTACGTGTGCACGAG	0	0	0	0	0	0	0	0	195
TGGGGGGCCTCGAGACCCGGTGTGGCGTCG	0	0	0	0	0	0	0	0	350
TGGGGTACTTCCTAGGCGGAATCATGCAGG	0	0	0	0	0	0	0	0	658
TGGGGTAGTCAGCTACTCTGCTGGTGTTGC	0	0	0	0	0	0	0	0	241
TGGGGTTCAGTGTTTATGGGACAGCGTAGC	0	0	0	0	0	0	0	0	289
TGGGGTTGGGACTGACGGTTAGGGGGCTTC	0	0	0	0	0	0	0	0	789
TGGGTAAGCTAAGGCAGCCCCCGGGGTGAG	0	0	0	0	0	0	0	0	2
TGGGTACAGAGTATGGAATTGCGTGGTGAC	0	0	0	0	0	0	0	0	3
TGGGTAGAATGTAATCAGGCATGTTATACG	0	0	0	0	0	0	21.62408759	0	54
TGGGTAGTTGGGGCTTGGTGACTGAGAATA	0	0	0	0	0	0	0	0	1080
TGGGTCCGGCAGGATGATAGTCTAGTAACG	0	0	0	0	0	0	0	0	507
TGGGTGCAACCATAGGCGCAACTAGTCAGC	0	0	0	0	0	0	0	0	1458
TGGGTGTGTTGCGAACCCGTCTGTAACCTG	0	0	0	0	0	0	8.649635036	0	39
TGGGTTAATTTGCTAGCCGTCTTTCGCGAC	0	0	0	0	0	0	4.324817518	0	0
TGGGTTAGATAAGCCTTTCAGTTTGACTTT	0	0	0	0	0	0	4.324817518	0	0
TGGGTTCTTTTGTGAAATAAATATAGTCTT	0	0	0	0	0	0	0	0	346
TGGGTTTCACATGCACTGTTACGTACGGTA	0	0	0	0	0	0	0	0	652
TGGTAACTGGCACCTGTTATGTCGCAACGC	0	0	0	0	0	0	73.52189781	0	765
TGGTACCAAGTTTTAACCGTTGAACCCCCA	0	0	0	0	0	0	0	0	7
TGGTACCCACCTGGGGCCAAGGCGCGCGTC	0	0	0	0	0	0	4.324817518	0	338
TGGTACTGATACGAAGGGCGCTATAAAGGG	0	0	0	0	0	0	12.97445255	0	171
TGGTATCATGCATAAGTCACTCTTTAACTA	0	0	0	0	0	0	0	0	932
TGGTATGACGGTGACGCGGGGCTCTGGCTT	0	0	0	0	0	0	0	0	279
TGGTCAGCTCATAACGTGACAAAGCTATCG	0	0	0	0	0	0	0	0	9
TGGTCAGGGGAGTCTCGGCGGCGGCGGGGA	0	0	0	0	0	0	0	0	607
TGGTCAGGGTTGCGAATGTTTACTTCGCCT	0	0	0	0	0	0	0	0	60
TGGTCATTTTTTACGTATGCACGGTTACTA	0	0	0	0	0	0	0	0	92
TGGTCCGCTTAGGCAATTCGTTGCCTAAGG	0	0	0	0	0	0	0	0	1124
TGGTCGCTTTTCAAGCTTAAAGTGAAGAAG	0	24.94736842	0	0	0	0	0	0	507
TGGTCTCGGCGGATGCGGAAGGTCTGCGCG	0	0	0	0	0	0	0	0	75
TGGTGCAGTGCTATAATCAGTCGTAGCCTA	0	0	0	0	0	0	4.324817518	0	0
TGGTGCCATTAATCCCAATGCCGTTTGGGT	0	0	4.610894942	0	0	0	0	0	0
TGGTGGACCTCCGGTATTCTGCCAAAAGTG	0	0	0	0	0	0	0	0	2
TGGTGGCATCATACCTTAATTTTTGATCAT	0	0	0	0	0	0	0	0	1709
TGGTGGCGTGATGGCCTGTGAGTAAGCAGG	0	0	0	0	0	0	38.92335766	0	1245
TGGTGGGTATCTAGCCCCTGGCTCCCACTC	0	0	0	0	0	0	0	0	796
TGGTGGTAATAGGTGGAGCGGACACGGTGC	0	0	0	0	0	0	0	0	6736
TGGTGGTGAACGCTACAATTTTTTAGTTTA	0	0	0	0	0	0	0	0	1911
TGGTGGTTAGCCGAAAAGTGGCCATCGAAT	0	0	0	0	0	0	0	0	2
TGGTGTGTCTAGGCTGTGGGGCTCGCAATT	0	0	0	0	0	0	4.324817518	0	1719
TGGTGTTTGGAGCTAACTTGTAATCGTCAG	0	0	0	0	0	0	0	0	1063
TGGTTACGAAGTGTCTCATTCGCCGTAGTC	0	0	0	0	0	0	12.97445255	0	5069
TGGTTACTACTCTGTGGGGACGAGGAGGTC	0	0	0	0	0	0	4.324817518	0	136
TGGTTAGTGATTCGTTAGCTTTTTCATACG	0	0	0	0	0	0	4.324817518	0	754
TGGTTGACACGATTGTTAGTTTTTACTCCA	0	0	0	0	0	0	4.324817518	0	192
TGGTTGCAGCACTGTCGACTATTTTAGGGC	0	0	0	0	0	0	4.324817518	0	58
TGGTTGCTAAGGCGTGTAGGGGAACAGCCG	0	0	0	0	0	0	8.649635036	0	1159
TGGTTGGACGTTTACTACCTCGTTTTCGGG	0	16.63157895	0	0	0	0	34.59854015	0	24785
TGGTTGTCGGTTTCAAACATCGAGTTCAGT	0	0	0	0	0	0	17.29927007	0	3
TGGTTGTGTAGATTCGTATGTAAGGGCTAT	0	0	0	0	0	3.703125	8.649635036	0	175
TGTAAACGGTTTCGTTGAGTCGCTGCATCA	0	0	0	0	0	0	0	0	123
TGTAAGTATAAGCACGTACAACGCATTTCG	0	0	0	0	0	0	4.324817518	0	0
TGTAAGTGATCGAAACTTGACTTGAGGATG	0	0	0	0	0	0	0	0	1473
TGTAATACTGTGAAGACGTGATTCCGGGTC	0	0	0	0	0	0	4.324817518	0	1163
TGTAATGCGTTCCGCCAAATTTCCCATGTG	0	0	0	0	0	0	4.324817518	0	1054
TGTAATTTCCAGTCAGTAATGCGCAGCTCT	0	0	0	0	0	0	0	0	2
TGTACACTGGTTGCGAAATAAGGCTAGGGA	0	0	0	0	0	0	0	0	2
TGTACCATCCGGGCAGCAGTTCACCGCCTC	0	0	0	0	0	0	4.324817518	0	36
TGTACGAGAAATATCGCTATCGACGGTGGA	5.511627907	0	0	0	0	0	0	0	0
TGTACGCTAACCCATTGCTCCCAACCGCCT	0	0	0	0	0	0	4.324817518	0	240
TGTAGCACCCCGTTGGTTCTGTAACTAGCT	0	0	0	0	0	7.40625	0	0	6
TGTAGGCAAGATGGGATAAGATGTAGGCTC	0	0	0	0	0	0	21.62408759	0	410
TGTAGGCCATCTAATTTTTCGTTTTTGTGG	0	0	0	0	0	0	0	0	27
TGTAGGCGACCTTAGTTTGCCGTCCACCAT	0	0	0	0	0	18.515625	4.324817518	0	1581
TGTAGTTCTTGGGGCTCCCAAACCAGGAAT	0	0	0	0	0	0	0	0	1000
TGTAGTTGGGGTGGAACACATGGGGGGGTT	27.55813953	33.26315789	0	0	0	0	34.59854015	0	1793
TGTATAAACACCATCGAAGATGCAATTGCC	0	0	0	0	0	0	4.324817518	0	4
TGTATATAAAGTGTTGGATTTACGTGGTGA	0	8.315789474	0	0	0	0	17.29927007	0	9103
TGTATATTTTTCAGCTATGTGATGGGCAGC	0	0	0	0	0	0	4.324817518	0	1929
TGTATCGTTGAATTAAGTTTGTTAATCCCC	0	0	0	0	0	0	0	0	72
TGTATCTCTAAGGATGTATGTATTTCGAGG	0	0	0	0	0	0	4.324817518	0	1002
TGTATCTGTGATTCTACTTATCATTTTCAA	0	0	0	0	0	0	4.324817518	0	8
TGTATGGGCGACAGAATCGCGGGTGCAATG	0	0	0	0	0	0	0	0	1291
TGTATGGGTCAGGTTATTGAGGGCCTGTTG	0	0	0	0	0	0	4.324817518	0	160
TGTATTAGGCGTCCATGATGTCGAATGAAA	0	0	0	0	0	0	4.324817518	0	770
TGTATTCTAATCTTTTGTTATTCACGCACG	0	0	0	0	0	0	4.324817518	0	1574
TGTATTCTTCCTTGTCACTGTGGGTAAGAT	0	0	0	0	0	0	0	0	709
TGTATTCTTTCTTTAATGGGGTTTCGACCC	0	0	0	0	0	0	4.324817518	0	374
TGTCAATATCATCGAATAGATATGGTGCAA	0	0	0	0	0	0	12.97445255	0	314
TGTCAATCATGTCTATGAGCCACCCGGAAC	0	0	0	0	0	0	21.62408759	0	1945
TGTCAATCCTGTGACCCCTTGGTTTTGTCT	0	0	0	0	0	0	8.649635036	0	360
TGTCAATTTGTCGTTCAGGTTAGGAACGTG	0	0	0	0	0	0	4.324817518	0	430
TGTCACACTTACGCGCTTATTTCAAGAGTG	0	0	0	0	0	0	21.62408759	0	1093
TGTCACCATTGTCTACTGGGCATCGTCCGT	0	0	0	0	0	0	0	0	389
TGTCACCCTTATGTCTTTCAATTTCACTGA	0	0	0	0	0	0	0	0	66
TGTCATATCCTCTCGTTAAATACGTTCAAT	0	0	0	0	0	0	0	0	1190
TGTCATGGATCCCATGGGTACTCGGTGGCT	0	0	0	0	0	0	0	0	1084
TGTCATGTGTATCAAGGACACTTTCGTCCA	0	0	0	0	0	0	4.324817518	0	380
TGTCCAATCGTTCTTTCTCTAGCATAAATC	0	12.47368421	0	0	0	0	0	0	791
TGTCCACGAAGCATGTTCAGTCTCCCATGT	0	0	0	0	0	0	17.29927007	0	5
TGTCCAGGCCCGTTGACTTATATCAATTAA	0	0	0	0	0	0	0	0	1083
TGTCCCTCCGTCGCTTCTATCCGTCTGGTC	0	0	0	0	0	0	0	0	1296
TGTCCGATGCGATTAGCGCTTAGGGCGAAT	0	0	0	0	0	0	8.649635036	0	1942
TGTCCGGCAGAATCTGCGCGTATGTGAGGC	0	0	0	0	0	0	0	0	5
TGTCCGTGTGCTGTTCAGTATACTGATTTT	0	0	0	0	0	0	12.97445255	0	1147
TGTCCTGTACACATTTTGATTGGAATGCAA	0	0	0	0	0	0	43.24817518	0	55
TGTCCTTGTGGCGGCAGTTCGTGGCAGTCT	0	0	0	0	0	0	0	0	138
TGTCGATAGGTTGTTTAAATGTATAATAGT	0	0	0	0	4.917012448	0	0	0	0
TGTCGCCGGGTCGGGTCCCTTTTTCGTGTC	0	0	0	0	0	0	4.324817518	0	63
TGTCGGGCTCCACCATCTGGTCGTCGGCGG	0	0	0	0	0	0	4.324817518	0	1729
TGTCGGGTCGATGTTGTCCAGTCTGTATTA	0	0	0	0	0	0	4.324817518	0	2003
TGTCGTAAAGCTTCGATTCGTCTTAATCGT	0	0	0	0	0	0	0	0	174
TGTCGTCTAAAACGATGCTGACCGGTAAGG	0	0	0	0	0	0	12.97445255	0	49
TGTCGTTCGACTGGCTGCCGGTCGTCGGAG	0	0	0	5.837438424	0	0	0	0	0
TGTCTAATTTCCTAGTGCAACTTATGCGAT	0	0	0	0	0	0	0	0	1100
TGTCTATGATTGGGGAGCAAGTTAGCAGTT	0	0	0	0	0	0	0	0	1032
TGTCTCAGAGTGGGGTGGGCTCCTGGAGTG	0	0	0	0	0	0	0	0	36
TGTCTCAGTGTCGCCCTAGCTAACACGGCT	0	0	0	0	0	0	4.324817518	0	2861
TGTCTCTAGTCTATCCTGTGTGAGCCCCAC	0	0	0	0	0	0	0	0	111
TGTCTGACACCTTCTGCGCTAGGGTATAAA	0	0	0	0	0	0	0	0	1014
TGTCTGGCGACGGGAGAGAGGTGGTATGGA	0	0	0	0	0	0	0	0	1148
TGTCTGTCCGTCTGGTTTCGGCCCTGTCTC	0	0	0	0	0	3.703125	0	0	650
TGTCTTGTAATATACCGTTGACGTAAAGGA	0	0	0	0	0	0	12.97445255	0	97
TGTGAAAATATCACACCTGGTATCGCGACA	0	0	0	0	0	0	0	0	906
TGTGAACCATCGTGCCATAAGAAGGAACAT	0	0	0	0	0	0	0	0	2
TGTGAAGCCTCGGGTTTTTAAGATCCACAT	0	0	0	0	0	0	4.324817518	0	741
TGTGAAGTTGATGCGGGGGACCTAGATTTT	0	0	0	0	0	0	0	0	207
TGTGAATCTCGAAAACATTTTGATGCCTCC	0	0	0	0	0	0	8.649635036	0	483
TGTGACTCCTCGGCCGTAAAACAAGGACGG	0	0	0	0	0	0	0	0	1053
TGTGAGGATCTCATCATACCTTTAGAGGAT	0	0	0	0	0	0	8.649635036	0	27
TGTGAGTGTTTATGAGCACTCTTCTTTAAA	0	0	0	0	0	18.515625	0	0	319
TGTGATGAATTGGATAATGTGGTAAGCTAG	0	0	0	0	0	0	0	0	724
TGTGCAACAGGTTGCAAGTTACTCGTTAAA	0	0	0	0	0	0	4.324817518	0	97
TGTGCAGGCGGATCGGAAAATTATGTCCGA	0	0	0	0	0	0	4.324817518	0	661
TGTGCCGACAGTTTATTTGTAATATAGCAG	0	0	0	0	0	0	0	0	534
TGTGCCGGTCTGGGGTGAAGGTGAGCGGTT	0	0	0	0	0	11.109375	8.649635036	0	7155
TGTGCGAGTTACTTAAATAGTAATAAGTTA	0	0	0	0	0	0	0	0	10
TGTGCGATTCGTATATCATGTACAAGAAAT	0	0	0	0	0	0	8.649635036	0	8
TGTGCTTCAGCTACTGTAGAGTATACCATT	0	0	0	0	0	0	4.324817518	0	1136
TGTGGAACTCGGTGGCCATGGATACGCCCA	0	0	0	0	0	0	0	0	1254
TGTGGCAACATAGGCCCAATACCGAAGAGT	0	0	0	0	0	0	4.324817518	0	1017
TGTGGCAACTAAGGTGGTGCGAATATTCCT	0	0	0	0	0	0	0	0	755
TGTGGCGTAATGAGAGGGCCCGGTCAGTAC	0	0	0	0	0	0	0	0	628
TGTGGCTCGGGACTCGAGGGGTATCCGTGT	0	0	0	0	0	0	0	0	768
TGTGGCTGCCAGATGTTTAGTTTACGCAGT	0	0	0	0	0	0	0	0	1199
TGTGGCTGCTTGAAGATGTGATGTCTGCTG	0	0	0	0	0	0	0	0	1332
TGTGGGACACTCAAAGTACGCGCGTTGGTA	0	0	0	0	0	0	0	0	50
TGTGGGGGTTGTCGAGAAAGTTGACTCGAG	0	0	0	0	0	0	0	0	2
TGTGGTCCCACCGTTTCGACACAGCGATCT	0	0	0	0	0	0	0	0	1227
TGTGGTCCGATAGTGGGTCCTTACAATGCG	0	0	0	0	0	0	0	0	1283
TGTGGTGATCAGCCCCGTGCACCGTCTGTG	0	0	0	0	0	0	0	0	2921
TGTGGTTCCGTTCATGCTGGGCTGCCCGGG	0	0	0	0	0	0	0	0	723
TGTGTAGGGCACATTAACCGCATCCGAAAT	11.02325581	0	0	0	0	0	0	0	1232
TGTGTATGCATTGAGAACCTAGATCAATTG	0	0	0	0	0	0	0	0	689
TGTGTATTGGAATCTAATTGGTTCTGCCAC	0	0	0	0	0	0	0	0	436
TGTGTGAGAACGCAAACATGAGCCTTGCCG	0	0	0	0	0	0	0	0	2
TGTGTGCGTCTGGTGCGGTCTATATTGCAC	0	0	0	0	0	0	4.324817518	0	925
TGTGTGGATTGATGGAGATTCGGCACCCCC	0	0	0	0	0	0	0	0	194
TGTGTGGGTGTCAGTGATCTCCCAGCAACT	0	0	0	0	0	0	0	0	277
TGTGTGTGGTCGGGGCCTCTCTGAAAGAAT	0	0	0	0	0	0	0	0	318
TGTGTTCATATGTGCTTCGCCCTTTTTAGC	0	0	0	0	0	0	0	0	35
TGTGTTTGAGTCGCGTCAATATGTGACAAG	0	0	0	0	0	0	0	0	647
TGTTAAACCGCGTCATTCAACTCCTAGTCT	0	0	0	0	0	0	0	0	82
TGTTAAATTCTGTTGAATGTGTTTAGATTT	0	0	0	0	0	0	8.649635036	0	814
TGTTAACCTAGGCCTGTCGGTTGTGTAGAT	0	0	0	0	0	0	0	0	193
TGTTAACGTAGCTCATTACAGCATGCCAAA	0	0	0	0	0	0	0	0	352
TGTTAAGGGTACTTTCACAAACTGCACTGT	0	0	0	0	0	0	0	0	1515
TGTTACCAACAGGGGGTGGAGGGGATCCAA	0	0	0	0	0	0	0	0	6
TGTTACCGTTGGGAATTATTTTACGCTTAG	0	0	0	0	0	0	0	0	1259
TGTTACTTGTGGCCGGGACCTTTGATTGGC	0	0	0	0	0	0	0	0	703
TGTTAGAAGGCGGTTAGTCCGTCGCCAACA	0	0	0	0	0	0	60.54744526	0	3
TGTTATTATTCATCGTTGTTTCACTCGCTA	0	0	0	0	0	0	0	0	15
TGTTATTTCTTGTAGTCTACACTTCGAATT	0	0	0	0	0	0	0	0	969
TGTTCATTGGTGACCAATGGTATGTCCGTT	0	0	0	0	0	0	4.324817518	0	319
TGTTCCCAGCGGCTGGAAATCCACGGGTCG	0	0	0	0	0	0	8.649635036	0	8
TGTTCGGACAAGTGGTTTTGTTATCCTCAG	0	0	0	0	0	0	4.324817518	0	246
TGTTCGTGCTCGAGGTATCTAGGGCATCCA	0	0	0	0	0	7.40625	0	0	0
TGTTCTATACGCTGTTCGGGCATTGGTGTC	0	0	0	0	0	0	0	0	2
TGTTGACATAAAAGCAAGTGCAGCTAAGAC	0	0	0	0	0	0	0	0	1004
TGTTGACCTGTAATTGGCCTGAGGTAGCCT	0	0	0	0	0	0	8.649635036	0	0
TGTTGATAGGCTAAATGTGATCTCATATCG	0	8.315789474	0	0	0	0	12.97445255	0	25
TGTTGCCCATGCAGGAGTTAGATTGATCGA	0	0	0	0	0	0	30.27372263	0	111
TGTTGCGGCGCCAGTGGGACCTGGCGGGTC	0	0	0	0	0	0	8.649635036	0	950
TGTTGCGGGTCATATATTAATTGCCTATGC	0	0	0	0	0	0	0	0	41
TGTTGGGCGTATATACGCAGTGTAGTTTAT	0	8.315789474	0	0	0	0	0	0	18
TGTTGGTCGAGTCGTGCCGGCCTGTGACAG	0	0	0	0	0	3.703125	0	0	116
TGTTGTACCTAGTGTGGTGGGTTATGTATT	0	0	0	0	0	0	0	0	324
TGTTGTGGTAGTTATGTGAGAGAACGTCGG	0	0	0	0	9.834024896	0	0	0	3
TGTTGTTTATATCCGCAGTGCTCGTCGCGC	0	0	0	0	0	0	0	0	1211
TGTTTAACAGCGTGGTCAAGCTAAAGAGAC	0	0	0	0	0	0	8.649635036	0	2561
TGTTTAACATAATAGGGCACCCCCAGCAAG	0	0	0	0	0	0	0	0	342
TGTTTAAGAACTGTCTGTTTATGTTCGATG	0	0	0	0	0	0	0	0	71
TGTTTACAAGAACCCAATGTCTCTTATAGC	0	8.315789474	0	0	0	0	34.59854015	0	10630
TGTTTACCACTCAGGAGGCTTCCAGCCAGC	0	0	0	0	0	0	4.324817518	0	59
TGTTTAGTAAATTAGGTATTAATCAGTAAC	0	0	0	0	0	0	8.649635036	0	0
TGTTTGCTGCCGATTTGGCATTGACGTGTT	0	0	0	0	0	0	12.97445255	0	1356
TGTTTGTCGCCTGGTACCTCTGTTGTTGGC	5.511627907	0	0	0	0	0	0	0	0
TGTTTTCAGGTTGGACGTCCTGAAACAATG	0	0	0	0	0	0	0	0	2
TGTTTTGGTAGCTAAGGTACATTGTCTGGG	0	0	0	0	0	0	8.649635036	0	201
TGTTTTTGACTTCATACTGTTGTCAAATAC	0	0	0	0	0	0	4.324817518	0	49
TTAAAAATCGAATTCTATAACTTGCTCTCG	0	0	0	0	0	0	0	0	1510
TTAAAACATTTATATGCACATCAATTGCCT	0	0	0	0	0	0	0	0	188
TTAAAACGATGTAAATTACACTTTCGATCA	0	0	0	0	0	0	0	0	4
TTAAAACGGCCGGGGTGGTATGGCAATGTT	0	0	0	0	0	0	0	0	729
TTAAAACTCATCCGTCCCCACGAGCCGCCA	0	0	0	0	0	0	0	0	210
TTAAACATCTTCGTCCCGCCTACGCACATA	0	0	0	0	0	0	0	0	725
TTAAACTCGATACCGGATTTCTGGCCTGTC	0	0	0	0	0	0	0	0	1135
TTAAAGACTTTAGGAGGGTAAGGGCGGGGA	0	0	0	0	0	0	30.27372263	0	1272
TTAAATTGGCAATTTCACCTTTATGCCAGC	0	0	0	0	0	0	4.324817518	0	328
TTAACATTCAACGTCAATACTCTGTTTTGG	0	0	0	0	0	3.703125	4.324817518	0	7664
TTAACCTACAGCGCAACAGAGGGTAGTTGT	0	0	0	0	0	0	4.324817518	0	41
TTAACGGGTCCTCGCAGATCCTGCTAGGCG	0	0	0	0	0	0	0	0	15
TTAACTCTTGAGCTATGACGAAACTTGTCC	0	0	0	0	0	0	12.97445255	0	382
TTAACTGTTCATGGCACCGCAAGAGTGGTA	0	0	0	0	0	3.703125	0	0	4
TTAAGAATAGGCTATCTTTCGGACCTCGTA	0	4.157894737	0	0	0	0	30.27372263	0	3618
TTAAGAATCGGACTTTACGAAATGGAGATA	0	0	0	0	0	0	8.649635036	0	36
TTAAGACCGAAGAAGTCTCAGAGTCAGGAT	0	0	0	0	0	0	0	0	8
TTAAGCCGTCTCATGAGGCTCTCTAGACAG	0	0	0	0	0	0	0	0	1072
TTAAGCGCTTCATTACGAAAATTCAGGACA	0	0	0	0	0	0	0	0	392
TTAAGGATATTTGTCACGATAAGCTTGGCG	0	0	0	0	0	0	0	0	17
TTAAGTTACTGGGAACAGCCGCCAACAGTT	0	0	0	0	0	0	17.29927007	0	316
TTAATATAATCGTCCTGTACATTTAACGTG	0	0	0	0	0	0	0	0	1327
TTAATCCTTAAACGGTAGGGGCTGTCTCGC	0	0	0	0	0	0	0	0	1046
TTAATCGCTTGCAGGGGTGGGTCAGGGCAC	0	0	0	0	0	0	0	0	2
TTAATCGGGCCCGTAATTTTAGATCGCTCT	0	0	0	0	4.917012448	0	0	0	0
TTAATTACTTAATTTGTCCCGGTCGGCTGC	0	0	0	0	0	0	0	0	269
TTAATTAGGCTGCTCTAGTTGTCCTCCACC	0	0	0	0	0	0	0	0	1355
TTAATTATGAACAATACTGCCATCCTGTTC	5.511627907	0	0	0	0	0	34.59854015	0	324
TTAATTGCTGGTACACTGGAACATGCACAA	0	8.315789474	0	0	0	0	415.1824818	0	622
TTAATTTAGTCGGTCCATATGGTCCGAAGG	0	0	0	0	0	0	0	0	2
TTACAAACTAAAACCACGAACAACAAAGCC	0	0	0	0	0	0	0	0	3
TTACAACCACCTAGTCATAAGGAGGGGGGG	0	0	0	0	0	0	12.97445255	0	389
TTACAAGGATTTGCTGTGGTATTGTCCCGA	5.511627907	4.157894737	0	0	0	0	73.52189781	0	180
TTACACTCGCAGGACACTTATTGTTTCCTT	0	0	0	0	0	0	0	0	151
TTACAGCCTTAAACTGTTCGTTTCTAGGGA	0	0	0	0	0	25.921875	0	0	1149
TTACATTTAACGGGTTCGTAAGGCTCTCTG	0	0	0	0	24.58506224	0	0	0	525
TTACCCTAACCTATGTCTAGGGTTAACTAT	0	0	0	0	0	0	0	0	507
TTACCTGTTCCGGTTCATTCAGATATATTT	0	0	0	0	0	0	8.649635036	0	301
TTACCTTGGTGCCGCCGAAATTTGATACTC	0	0	0	0	0	0	4.324817518	0	27
TTACGACTCTAGCGGGTTAATCCTAATAGT	0	0	0	0	0	0	0	0	1060
TTACGCTGCCAGGGAAAGCTGAAGTGCCCA	0	0	0	0	0	0	34.59854015	0	16411
TTACGGTTAGCGAGGTGTTCTTTTCAGAGC	0	0	0	0	0	0	0	0	477
TTACGTATTGCCACCAGAATTTATGCATGT	0	8.315789474	0	0	0	0	0	0	26
TTACGTCACAAATAAATGCTGACGGGCTTT	0	0	0	0	0	0	0	0	2
TTACTATAAAATAGTAACTCGTAGTATATC	0	0	0	0	0	0	12.97445255	0	528
TTACTGGTGAATCCGGACGGGGCTATACAA	0	0	0	0	0	0	0	0	380
TTAGAACGCCACGAGACGTTTACTTCGCTG	0	0	0	0	0	0	4.324817518	0	567
TTAGAATTAGCGATATCGCTCGGACGTATC	0	0	0	0	0	0	0	0	2984
TTAGAATTCGTACATAAACTTAACGATTTG	0	0	0	0	0	0	64.87226277	0	203
TTAGACAATCACGAGGTAGATAGGAGGTCA	0	0	0	0	0	0	0	0	1216
TTAGACACATAGGGAAGTTGCCCGTCGTCA	0	0	0	0	0	0	17.29927007	0	67
TTAGACCAGTTCAGCATGACACCGCTGTAG	0	0	0	0	0	0	0	0	1160
TTAGAGTTGTGCTTTGAATCGTACGTCAGG	0	0	0	0	0	0	4.324817518	0	995
TTAGATCTACCGCTGTTTTCTTTTTGGACA	0	0	0	0	0	0	4.324817518	0	43
TTAGCAGTGCAGTCATCTTCGGAATTGGAT	0	0	0	0	0	3.703125	0	0	30
TTAGCCCGCACTTTCTCGGCCGGTAGCTTA	0	0	0	0	0	0	0	0	2
TTAGCCCGGTTCGTGATACCAGCGGTAAGA	0	0	0	0	0	0	4.324817518	0	299
TTAGCCGTCAGTTTAGTATACGGACGCGGC	0	0	0	0	0	0	0	0	2
TTAGCCTAAAGCGCGCGCGGGGAGTGTCGT	0	0	4.610894942	0	0	0	0	0	0
TTAGCGGAAGCAATTACCGCGGTATGCGCT	0	0	0	0	0	0	4.324817518	0	3553
TTAGCTAATCCGGAACATGCCATCGTATTG	0	0	0	0	0	0	4.324817518	0	10
TTAGCTAATCGCTTGGCGCAACTCGATGTC	0	0	0	0	0	0	4.324817518	0	10
TTAGCTCGTCTGAAAACGTGTCCTACTGAT	0	0	0	0	0	0	0	0	10
TTAGCTCTCGTTAACTGAATTCGATACAGT	0	0	4.610894942	0	0	0	51.89781022	0	89137
TTAGCTGGTGGGTTACTTGAAATGGGTCGG	0	0	0	0	0	0	0	0	151
TTAGGCCTTCGACTAGGACAGTTTAAAGGC	0	0	0	0	0	0	21.62408759	0	28
TTAGGCGCGAAGTCCCTGCTATAGTTGAGG	0	0	0	0	0	0	0	0	1168
TTAGGCTAGGTGCGTATCCGGGATAGGTCT	0	0	0	0	0	0	0	0	638
TTAGGGGATGCGGAATTTGATTTGGGCTTC	0	0	0	0	0	0	12.97445255	0	799
TTAGGTGAAACTATTTGCGCATCTGATAAC	0	0	0	0	0	0	0	0	55
TTAGGTTGAAGGTTTTGACCCTGATTTACG	0	0	0	0	0	0	0	0	525
TTAGTACTTTCCTGGCAGCGCTGGGCTTAA	0	0	0	0	0	0	0	0	1344
TTAGTAGGCTGCTGGAGCGGGTCGTTGAGT	0	0	0	0	0	0	4.324817518	0	243
TTAGTGAGTTCTCGGTTTGGAGTTCAGGCG	0	0	0	0	0	0	0	0	170
TTAGTGCCTCGGTATAGATGATTGAGGGAC	0	0	0	0	0	0	4.324817518	0	1091
TTAGTGTGAGATTGGGCTACTATGCTTTCT	0	0	0	0	0	0	4.324817518	0	849
TTAGTGTTCTTTCATTAGAGTATTTATATT	0	0	0	0	0	0	0	0	688
TTAGTTCGGATGAGGGGACGGTGCGTGCGA	0	0	0	0	0	0	4.324817518	0	577
TTAGTTGTAGGATACCAACACTCTGTCAAC	0	0	0	0	0	0	4.324817518	0	877
TTATAAAATGTGTCAGGGCAAATAAGGATT	0	0	0	0	0	0	30.27372263	0	186
TTATAAATCTCAATGTTCATCTGTATCGCA	0	0	0	0	0	0	0	0	852
TTATAACCGGGTTTTATCTCTTTGACCGCC	0	0	0	0	0	0	0	0	316
TTATACAACGGCACGATATAGTGACATAGT	0	0	0	0	0	0	0	0	3
TTATACTCACCCAAAGAATTGTCGGGCTGG	0	0	0	0	0	0	47.5729927	0	88
TTATACTCCCATTACATTTCCCCTCCTGGG	0	0	0	0	0	0	0	0	919
TTATAGTAGCTCTTTAAAGACGTTCACTTG	0	0	0	0	0	0	12.97445255	0	69
TTATAGTCAATTGAAGCCCTTTTTCTTCTT	0	0	0	0	0	0	0	0	647
TTATATCAGGTGCAGCGGGTTACAGTCTGT	0	0	0	0	0	0	12.97445255	0	1049
TTATATGCGACGTCTCGTATTTTTTTGGCA	0	0	0	0	4.917012448	0	0	0	0
TTATATTGCAGGCGTGCCCGGATCATGAGC	0	0	0	0	0	3.703125	0	0	836
TTATCGATTATGGGTGCAGGCCGGGCGGCT	0	0	0	0	0	0	0	0	596
TTATCGCCAAAACTGGTATATCTGAGATGT	0	0	0	0	0	0	4.324817518	0	1124
TTATCGGTGGCCAAGTCCCGGTTTTCAACA	0	0	0	0	0	0	0	0	1344
TTATCGTCACGGTCATTTCTAGTTAATCCC	0	0	0	0	0	0	0	0	1166
TTATCTCGTTTGGTTCTGTTAAGTTCATTA	0	0	0	0	0	0	0	0	926
TTATGATACCACGATCTGTTTATAAGCCAT	0	0	0	0	0	0	0	0	5
TTATGCAAGGTGATTTTGTTACTGGACACT	0	0	0	0	0	0	21.62408759	0	1201
TTATGCAGATTAGTTCCATTCCGGGTATCT	0	0	0	0	0	0	8.649635036	0	840
TTATGCCCACTATATCCATTGCATCGGTAA	0	0	0	0	0	0	0	0	381
TTATGCGATGGCGGCGATTTGTATGTTTGG	0	0	0	0	0	0	4.324817518	0	0
TTATGCGTTTACGAATATACTAGGTTTTAC	0	24.94736842	0	0	0	0	51.89781022	0	42556
TTATGCTTTGGTGGACGTCTTTCATGTTTG	0	4.157894737	0	0	0	0	0	0	115
TTATGGAGCTGAGGGCTTCGCCTACTATGC	0	0	0	0	0	0	0	0	6
TTATGGTGAGATGGGTGCTTGTGGACGGGC	0	0	0	0	0	0	0	0	698
TTATGTACTCTCTCTTCTCGCGTTGCGCAG	0	0	0	0	0	0	0	0	50
TTATGTGCAGTCCCTGCTGCCATTTTATGT	0	0	0	0	0	0	0	0	912
TTATGTGCTATGTCCTTGATCTTTCAAGGT	0	0	0	0	0	0	0	0	879
TTATGTGGGTCGACACTTTCTTCGACGAGG	0	0	0	0	0	0	8.649635036	0	954
TTATTAGCAGAGGAAACCCGAATCTCTCTG	0	0	0	0	0	0	8.649635036	0	524
TTATTCAGCGCCTTGTATGAATTATTCCAT	0	0	0	0	0	0	0	0	2
TTATTCGACCTAAAGGGTACCGTCAACATT	0	0	0	0	0	0	0	0	913
TTATTGAATGAAATCGGACCGTAAGTTTTC	0	0	0	0	0	0	4.324817518	0	21
TTATTGGGCGGCACACGTCTGGCAGGATAT	0	0	0	0	0	0	4.324817518	0	0
TTATTTCGCGTGTATAGCTGTAATGTTTCC	0	0	0	0	0	0	0	0	2223
TTATTTGCCTTGCAGACAGGCCGAAAATGG	0	0	0	0	0	0	0	0	1137
TTATTTGCGTTAAGGTAATCATATTAGTGA	0	0	0	0	0	0	0	0	12
TTCAAACGCTATTGGGGCCAATCACGCCAT	0	0	0	0	0	0	0	0	303
TTCAAATAAAGCCACGGGTGGCTAGTTATC	0	0	0	0	0	0	0	0	233
TTCAAATTATTAAAGCGTGAGGACTTTATC	0	0	0	0	0	0	0	0	1061
TTCAACCTGGAGTTGATAGTGCATAGCAAA	0	0	0	0	0	0	0	0	732
TTCAAGCGATATTCGGTACTAGTTAAGCTA	0	0	0	0	0	0	0	0	2
TTCAAGTATCATCGTCTTTTTCATTGCCAG	0	0	0	0	0	0	0	0	1296
TTCAATCGAGATCCTACAATGCTGTTGGTC	0	0	0	0	0	0	0	0	579
TTCAATGACCATAGTGCGGGCCTGTGTCAG	0	0	0	0	0	0	4.324817518	0	139
TTCAATGTAGAAACCTTCTTAGTATATTGT	0	12.47368421	0	0	0	0	4.324817518	0	10
TTCAATTCGGGGCTGCGCTAAGAGCGTAAA	0	0	0	0	0	0	0	0	960
TTCAATTTCCATTTCTTGTTAAACCTTTTT	0	0	0	0	0	0	0	0	729
TTCACCCGTTAAAAAGATGTTATAGTGCCG	0	0	0	0	0	0	4.324817518	0	315
TTCACCGCGGCACGGCCGGGGGAGGGGGCG	0	0	0	0	0	0	0	0	1079
TTCACCTTTTGCGATCTCTTATTGGTTATT	0	0	0	0	0	0	12.97445255	0	39
TTCACGTCGTGACCTGCAGTCTGGCTCCAA	0	0	0	0	0	0	8.649635036	0	1162
TTCACTAGGTGACATGTACGGTCCGGTCCT	0	0	0	0	0	0	0	0	1040
TTCACTATTTGTTTATGCGATGCAGGGATC	0	0	0	0	4.917012448	0	4.324817518	0	2924
TTCAGACTCGATAGGTCGGAAGGCCTTATC	0	0	0	0	0	0	30.27372263	0	1978
TTCAGACTTTTGAATGCGCCTATATAAAAT	0	0	0	0	0	0	17.29927007	0	1269
TTCAGATTCGTATATTGTTTTGTCTATATA	0	0	0	0	0	0	0	0	660
TTCAGCGGAAGGTGTGAGTAGAGCCGTGCC	0	0	0	0	0	0	0	0	1472
TTCAGGTTCTTGTCAGGGTGTAATGTAATT	0	0	13.83268482	0	0	0	0	0	167
TTCAGTTATTCGATAATGACACCAAAGACT	0	0	0	0	0	0	0	0	761
TTCAGTTTCAAAACACTTGCTGGAGACACA	0	0	0	0	0	0	4.324817518	0	130
TTCATAAGCTTGATAATCAACCGCTCTAGT	0	0	0	0	0	0	0	0	414
TTCATCGTAGGTACATACCGCTGCGGCTCG	0	0	0	0	0	0	0	0	400
TTCATGGCACAATGCCGCCCTTATACTAAA	0	0	0	0	0	0	0	0	1109
TTCATGTCATAAGTCTGCACGTAGGTGAAG	0	0	0	0	0	0	8.649635036	0	953
TTCATTGATAGCGTCGACGCCGGATCTTGG	0	0	0	0	0	0	0	0	683
TTCCAAAATGCGTAAGTGTCCGCATATTGG	0	0	0	0	0	0	0	0	166
TTCCACACGAGCCGCGGGATCCGTCCGTCG	0	0	0	0	0	0	0	0	833
TTCCAGATCTCACGGCTAACGCCTTATGGG	0	0	0	0	0	0	0	0	1255
TTCCAGTTGGTGTGATATGCCAACCAATAG	0	0	0	0	0	0	0	0	955
TTCCCGAATTCCAATAAGGGTCCCAGCATT	0	0	0	0	0	0	4.324817518	0	71
TTCCCGATCAGCGTCCGGTACTTCTCGGGT	0	0	0	0	0	0	0	0	541
TTCCCGCCTTTGGCCCTAGGGTTCCTATAA	0	0	0	0	0	0	0	0	970
TTCCCGGTTATGGATGTTCGTTTACGACCT	0	0	0	0	0	0	0	0	468
TTCCCTATCTTATGTTACAGGCTTCAGGCG	0	0	0	0	0	0	17.29927007	0	91
TTCCCTTGTATCGTACTCACTATGAATAAA	0	0	0	0	0	0	4.324817518	0	115
TTCCGTAACCGTAGGTCGGTCGGTGCAAGT	0	0	0	0	0	0	25.94890511	0	26
TTCCGTAATGTGTTTAGTGACGTTACCGAG	0	0	0	0	0	0	4.324817518	0	144
TTCCGTACTGTTCAGCCCAGGGCAAGCCCA	0	0	0	0	0	0	8.649635036	0	316
TTCCGTCTCATGTTCCAGCTAATGATGAAA	0	0	0	0	0	0	4.324817518	0	1663
TTCCTAAGGCGAGAATTTGGACTGAGGTGC	0	0	0	0	14.75103734	3.703125	8.649635036	0	2
TTCCTCGCACGGCAAGCTATTATCTGTCAG	0	0	0	0	0	0	21.62408759	0	286
TTCCTCGTCTGGGGCGATTAAGATAAAGTG	0	0	0	0	0	0	17.29927007	0	40
TTCCTCTGGAATACTCTTCCATCGGGCCCA	0	0	0	0	0	0	0	0	1375
TTCCTCTTTGCAGCGATGCACCGCGTGTCA	0	4.157894737	0	0	0	0	0	0	184
TTCCTGTGCACGATTCGTGTGGGACATTCT	0	0	0	0	0	0	0	0	1121
TTCGAGAGTCCTGGGTGGAGGGCACATTGG	0	0	0	0	0	0	0	0	261
TTCGAGGTTTGGGGTTGGCTATTGCGACAC	0	0	0	0	0	0	4.324817518	0	286
TTCGATTGTACTATTGCTCCCAAGAGTAAC	0	0	0	0	0	0	21.62408759	0	218
TTCGATTGTGTCGGGCCAGTGTGAGTTACG	0	0	0	0	0	0	8.649635036	0	407
TTCGATTTTCGAGAGGACTAGACTAGTTTA	0	0	0	0	0	0	4.324817518	0	124
TTCGCCACTGTTCAGGCGTGTGGGCCCGGG	0	0	0	0	0	0	0	0	74
TTCGCGTTACGGAATACGATTGAGGCGTCG	0	0	0	0	0	3.703125	0	0	0
TTCGCTCAGGCAGGGCTTGCGATAATCGTG	0	0	0	0	0	0	0	0	3
TTCGGAGGTTTTTATGCTTCTTCTATAAGT	0	0	0	0	0	0	0	0	1394
TTCGGCTGCAACAGATAATTTTTAGTCAAT	0	0	0	0	0	0	4.324817518	0	873
TTCGGGACGAGGTGGGTTCCGAACGGCAAG	0	0	0	0	0	0	17.29927007	0	974
TTCGGGATCTGATCCATCTCACCCGGGGTC	0	0	0	0	0	0	4.324817518	0	0
TTCGGGCGTCTGACAGCTTTGTCCGTTTAT	0	0	0	0	0	0	0	0	879
TTCGGGGAAAACCCCGATCTATCATCTCTG	0	0	0	0	0	0	0	0	1279
TTCGGGGTCAGGGAGAGCTTGTTCCGTTGG	0	0	0	0	0	0	0	0	105
TTCGGGTTGGGTAGGCAAAGTATCGCTCGA	0	0	0	0	0	0	0	0	292
TTCGGTGCCGATGGGTTGCTCCCCGGGCGT	0	0	0	0	0	0	4.324817518	0	0
TTCGTAGCCCGCTTTGTTGAAGGATTAGAC	0	0	0	0	0	0	0	0	226
TTCGTATGTAAGGACGGAGAGCAATCGATG	0	4.157894737	0	0	0	0	0	0	1243
TTCGTGTGTATTAGAAACGGCGAAAGTTAG	0	0	0	0	0	0	8.649635036	0	40
TTCGTGTGTCCCAGCAACGACATTCTGAAC	0	0	0	0	0	0	4.324817518	0	244
TTCGTTATACTCCAGAGACATCGGCAAAGT	0	0	0	0	0	3.703125	25.94890511	0	12220
TTCGTTCCTTATTCGTGTGGGTCTAGGTCG	0	0	0	0	0	0	0	0	1227
TTCGTTGCACCCAGTGATTGTTACTATATA	0	0	0	0	0	0	4.324817518	0	477
TTCGTTGTCCTGCCGGGACTGACCCGTTTA	0	0	0	0	0	0	0	0	129
TTCTAATAAGTATGGTTCAGCTGTAAAGCA	0	0	0	0	0	0	8.649635036	0	925
TTCTACAATCTAAACATTCGAGTCTTTTTG	0	0	0	0	0	0	0	0	2098
TTCTACGGAAACAGCTTCGGAGGTTTCCCG	0	0	0	0	0	0	0	0	1287
TTCTACTGTAGCTGAACATTTTATTAAATC	0	0	0	0	0	0	0	0	1114
TTCTAGGGCCCAGCTTAAGGGTCGGTTACA	0	0	0	0	0	0	4.324817518	0	654
TTCTCAAAATTTCCCGTGGGGCCGTGGTAT	0	0	0	0	0	0	0	0	101
TTCTCCGTCAATCGTCGTGTGACAACCTCT	60.62790698	0	0	0	0	0	0	0	225
TTCTCGATATACATATTGGCAAGGTTCTAT	0	0	0	0	0	0	0	0	451
TTCTCGCCAACCACTTGCCGTAGTTCGGTA	0	0	0	0	0	0	4.324817518	0	551
TTCTCTTATTCGATCAGTGTAAACTGATGC	0	0	0	0	0	0	25.94890511	0	57
TTCTCTTGATGCTCAGCTTGGTGTCGGAGG	0	0	0	0	0	0	0	0	571
TTCTGAGTAAGTAAAGGAGATAAATGCTTT	0	0	0	0	0	0	0	0	1187
TTCTGCCTCATTTCCCACTCGGTTGACCGG	0	0	0	0	0	0	0	0	33
TTCTGCCTGAAATATCCGGTGATTGTGTTA	0	0	0	0	0	0	4.324817518	0	294
TTCTGGACAGTGGTTAACTGACCTGAGGAA	0	0	0	0	0	0	0	0	1219
TTCTGGAGGTGTAGGGGAGAGGGGCCAGCG	0	0	0	0	0	0	0	0	277
TTCTGGGGCATGTAAGGAGTACGTGGAGCG	0	0	0	0	0	0	0	0	2
TTCTGGGGTTGATAGCAAGTAGAAAGGGTG	0	0	0	0	4.917012448	0	34.59854015	0	1182
TTCTGGGTTCACGCAGTTCTGGCGTGAGTT	0	0	0	0	0	0	4.324817518	0	4953
TTCTGTGTTAATCCACGGTTCGGCTCGCTT	0	0	0	0	0	0	0	0	290
TTCTTACGTCACCGCCATTATATGGGGGAT	0	0	0	0	0	0	0	0	1352
TTCTTAGTGTTGTGACCGTTAGGTGTGCGA	0	0	0	0	0	0	0	0	1636
TTCTTCAAGAAATTTTCGAATGTAACTGTA	0	0	0	0	0	0	4.324817518	0	16
TTCTTCCGAGGAGTAAGTATTCGCAGGCAT	0	0	0	0	0	0	0	0	545
TTCTTCGGCCCGTGATCGGCGCAGCACCCC	0	0	0	0	0	0	4.324817518	0	82
TTCTTCGGTAATTACGAATGTTTGCCACTG	0	0	0	0	0	0	4.324817518	0	0
TTCTTGAGGTTTACAAAACAAGAAGCCTTC	0	0	0	0	0	0	17.29927007	0	16
TTCTTGCCCTCAGTAACTGCTTAGTAATTA	0	0	0	0	4.917012448	0	0	0	0
TTCTTGGTATCCTTTCACCGGATGATAGCG	0	0	0	0	0	0	4.324817518	0	736
TTCTTTATGTGATCTTTTGGCCTCGGCTAT	66.13953488	0	0	0	0	0	0	0	18
TTCTTTCGCTCCCGTAGCCGGAGCATCTGA	0	0	0	0	0	0	8.649635036	0	807
TTGAAATGCTCGGCCTGAGTCGGTACGATT	0	0	0	0	0	0	0	0	1132
TTGAACAGTGAATGTCCCGGGCTACGTATT	0	0	0	0	0	0	0	0	1278
TTGAACATACCGTACCGCACGGTCTTGGAT	0	0	0	0	0	3.703125	47.5729927	0	14471
TTGAACCTGTGGTCGCGCTGCCGGCTTGCG	0	0	0	0	0	0	0	0	786
TTGAACTCGTGGTGTTGCTCTCAAACTATG	0	0	0	0	0	0	47.5729927	0	1616
TTGAACTTCGGTAAGGTAATGTTTTTTTAA	0	0	0	0	0	0	0	0	422
TTGAAGATGGCATGTTGAGCATGATCGACC	0	0	0	0	0	0	82.17153285	0	84
TTGAAGGGATCTTCTTTCATAAGGATGCTC	0	0	0	0	0	0	0	0	29
TTGAAGGGTAATGGTAAATGGGTCAAGGAC	0	0	0	0	0	0	0	0	48
TTGAAGTGCTGCAATATTGGAACACACGGG	0	0	0	0	0	0	0	0	832
TTGAATCCGCCAGTTCTAGTTCCTTCTGTG	0	0	0	0	0	0	0	0	9
TTGAATCTCCTAATGGTTACTAGAATTCAG	0	0	0	0	0	0	4.324817518	0	87
TTGAATTTTTCATCGTTACTTTCTGGGCAA	0	0	0	0	0	0	4.324817518	0	182
TTGACAACGCGGATGTTCTTGCTACCTTGT	0	0	0	0	0	18.515625	108.120438	0	7865
TTGACAGTAAGGTGAGCTCTGGTTGTTGGT	0	0	0	0	0	0	0	0	198
TTGACATAGACCAGTCCGGAGAAGCTGACC	0	0	0	0	0	0	21.62408759	0	394
TTGACATGAATCAGAACTTGGGTCCATGAC	0	0	0	0	0	0	0	0	2584
TTGACCGGGCTCCGAATCGCAAGGGCTAGG	0	0	0	0	0	0	0	0	247
TTGACCTAGTTAATGTCTGCGGCAACCATC	0	0	0	0	0	0	17.29927007	0	40
TTGACCTTTACCGCCATACGTACCTGGAAT	0	0	0	0	0	0	4.324817518	0	0
TTGACGATAAGACTAGGTACTAAAGACTTT	0	0	0	0	0	0	0	0	1027
TTGACGTGTCGGGGTATGGCATTCAGTGTG	0	0	0	0	0	0	0	0	176
TTGACTAAGTGCGGGACGTATGGGCATATG	0	0	0	0	0	0	4.324817518	0	156
TTGACTTGGGACCGGGGGTCCGCGGCGTGT	0	0	0	0	0	0	0	0	500
TTGAGAGTGCGTGTACTGGGCGGCAATAGA	0	0	0	0	0	0	0	0	2
TTGAGAGTTCGTCTATGTCGCACGTCTTAT	0	0	0	0	0	0	12.97445255	0	116
TTGAGCACGGGTAAATTGTTTTTTCCTACC	0	0	0	0	0	0	30.27372263	0	746
TTGAGCATGTCTCATATCACTCAACGTTCG	0	0	0	0	0	0	0	0	1221
TTGAGGCGCCCCGAACTCCAGTTAGTGGAA	0	0	0	0	14.75103734	18.515625	73.52189781	0	37994
TTGAGTCGTAGAGGTGTAGCAGCGGGGTCG	0	0	0	0	0	0	12.97445255	0	598
TTGATAGACTTTAAAAGATTGATTGGGTTC	0	0	0	0	0	0	0	0	2
TTGATCTCTAATTGAAGATATTATATTGGC	0	0	0	0	0	0	0	0	47
TTGATCTGATAGTTAATAGCCTGTCCCGGG	0	0	0	0	0	0	0	0	2
TTGATGTAGGATTAGTCTGTTTAGATTCGG	0	0	0	0	0	0	25.94890511	0	1006
TTGATTTCGCATGGGCGTCGAGTCACTTTA	0	0	0	0	0	0	8.649635036	0	916
TTGATTTTGTTGAGACCCAGGCCCCCATAC	0	0	0	0	0	0	17.29927007	0	0
TTGCAACGGAGCTGAGCAGAGAGAACTCTG	0	4.157894737	0	0	0	0	0	0	1228
TTGCAAGGGTAAATATATGTGTGATTATAG	0	0	0	0	0	0	12.97445255	0	41
TTGCAAGGGTAGTGAAAGTTGTTCTAGCCA	0	0	0	0	0	0	0	0	1305
TTGCAATGTCAAGTCTTTCCTTCACACGGA	0	0	0	0	0	0	0	0	431
TTGCACAAGAAATTTATCCACGGAAATTTC	0	0	0	0	0	0	0	0	49
TTGCATAAGGCGCTTCAAACCTGACCGGGT	0	0	0	0	0	0	4.324817518	0	0
TTGCATGGTCCCTGGTTAGGGGGCTATTCG	0	0	0	0	0	0	25.94890511	0	1205
TTGCCATACTAGGTACTGGGGCGAGAAAAA	0	0	0	0	0	0	0	0	507
TTGCCATGATAAGTAGTAATCCCAATCTCT	0	0	0	0	0	0	4.324817518	0	974
TTGCCGAATCTAGTTTAATATTCGGAGTAA	0	0	0	0	0	0	0	0	177
TTGCCGGGGGGCTCGTGGGATAGCAACCGT	0	0	0	0	0	0	0	0	168
TTGCCTTCCAACCTTGGGCCCGGCCAACCT	0	0	0	0	0	0	0	0	1002
TTGCGCGCTCGGGAAGCGCGCTCCGACGAG	0	0	0	0	0	0	0	0	5246
TTGCGGACAGCTATCCATCGTCTGTTTCGT	0	0	0	0	0	0	0	0	2
TTGCGGGCAATTTTGCTTGGGTCTACAGGG	0	0	0	0	0	0	0	0	17
TTGCGTACTTATTTGTTAATTTGGACGCCA	0	8.315789474	0	0	0	0	0	0	515
TTGCGTAGGCCTCGGCTAGACATGGGAACG	0	0	0	0	0	0	4.324817518	0	131
TTGCGTTTACTGGGCGGCTGGGTCAGAGGG	0	0	0	0	0	0	4.324817518	0	0
TTGCTAAGCTAGTTAGTGGGGACATCGAGG	0	0	0	0	0	0	8.649635036	0	6579
TTGCTATGCTTTAAGTGGGACCATCTGACT	0	0	0	0	0	0	0	0	21
TTGCTCAGTTGAGTGGTTCACATTGTCCGG	0	0	0	0	0	0	0	0	1566
TTGCTCGGTCAGGGGGAGGGTGTTGGCCGG	0	0	0	0	0	0	25.94890511	0	42
TTGCTCTGCAGAAAGAGCCTCGCGGGTGAT	0	0	0	0	0	7.40625	0	0	13
TTGCTGTGCGGCTGGTGATGGGTTCGCCCC	0	0	0	0	0	0	4.324817518	0	528
TTGCTTATAACCACCACTATAAACATCCGC	16.53488372	0	0	0	0	0	0	0	32
TTGCTTTCGGCAATCAATTCGGCCTACTCT	0	0	0	0	0	0	12.97445255	0	3014
TTGGAAAGGGAGTGGATTGGTAACGTTGTT	0	0	0	0	0	0	4.324817518	0	2
TTGGAATGGATTATCACCACATTGTGTAGG	0	0	0	0	0	0	0	0	1826
TTGGACGAACGGAACGGCTGGAGGCTGGGA	0	0	0	0	0	0	8.649635036	0	862
TTGGAGAAGACCTGGGTTAGGTTCGGACCC	0	0	0	0	0	0	4.324817518	0	1215
TTGGAGGAGTGTTTTTTGGATCCCGTTCTT	0	0	0	0	0	0	0	0	24
TTGGAGGGCTTGGCCGCTTGAGGGCAAGCG	0	0	0	0	0	0	4.324817518	0	153
TTGGAGGTTAGGTGGAGAGAACTTTTAAGA	0	0	0	0	0	0	0	0	542
TTGGAGTCGCTTAAGGGGGCGCAAGGCTAA	0	0	0	0	0	0	8.649635036	0	5
TTGGATAGATGTGTGTTCGATCGGTTGTAA	0	0	0	0	0	0	0	0	454
TTGGATCGGGCTGCCCTGAGGCCTCCTTGA	0	0	0	0	0	0	0	0	83
TTGGATGGTCACGGGCTTTTCCCATGCCGG	0	0	0	0	0	0	0	0	223
TTGGATGTGTGGGATAGGCCTCGGGAGGCG	0	0	0	0	0	0	0	0	2
TTGGCAACATTTTGTAATAGCTAGACAACT	0	0	0	0	0	0	4.324817518	0	1869
TTGGCAAGGTGAAACGCGTATCCGCCCGTA	0	0	0	0	0	0	8.649635036	0	6236
TTGGCAAGTTACATAGTTTTTTGCGTTGAC	0	0	0	0	0	0	17.29927007	0	3
TTGGCAAGTTACATAGTTTTTTTGCGTTGA	0	0	0	0	0	0	8.649635036	0	0
TTGGCCCGTGGTCATCTCACAGACTAGATG	0	0	0	0	4.917012448	3.703125	147.0437956	0	59529
TTGGCCGCGCAAAGGGAGGAGGCGAGGGGG	0	0	0	0	0	0	17.29927007	0	175
TTGGCCGTGAGGCTTTCTTGACACCATATG	0	0	0	0	0	0	0	0	4
TTGGCGGGGAAAATCTACTGCTAAACTGTC	0	0	0	0	0	0	8.649635036	0	1871
TTGGCTGATCACAGGCCATGTCCTTGTGTT	0	0	0	0	0	0	21.62408759	0	112
TTGGCTGGGCAGTGACAATTGCGGCTTGGG	0	0	0	0	0	0	4.324817518	0	8
TTGGCTTCGGGTCTGTTGTAGTCATGTTAT	0	0	0	0	0	0	0	0	257
TTGGGAGCGCTGTTTATTTTCCAGGTCCGT	0	8.315789474	0	0	0	0	0	0	31
TTGGGAGGAGGCTCGGGGATTCTTCGGAAG	0	0	0	0	0	0	0	0	1339
TTGGGATCAATCCATCGGGCAAAAAAGTGG	0	0	0	0	0	0	0	0	1291
TTGGGATCATTTAAGGATAATCATAGAATA	0	0	0	0	0	0	21.62408759	0	1793
TTGGGCAAAAGGACCCAACTCCGGAAGATG	0	0	0	0	0	0	0	0	2
TTGGGCGGGCGGTGTATAATGGAGGGTAAC	0	0	0	0	0	3.703125	0	0	11
TTGGGCTACCTTGGCGTTTGAGACAGGGGA	0	0	0	0	0	0	30.27372263	0	43065
TTGGGCTTGTTAATTGCCAGGTCTGTGTGG	0	0	0	0	0	0	0	0	37
TTGGGGAGGTAATGCACCCAGTTTGTTTAG	0	0	0	0	0	0	0	0	1047
TTGGGGCGAATAAAAGCACTGGTACGGGAC	0	0	0	0	9.834024896	0	0	0	323
TTGGGTGCCGTATATATCTGTGTGCCATCT	0	0	0	0	0	0	25.94890511	0	120
TTGGTAGAACACGAATGGCGGTGAGAGGAG	0	0	0	0	0	0	8.649635036	0	9
TTGGTATTCTATACCAAGAGTCTTCGTGGT	0	0	0	0	0	0	21.62408759	0	220
TTGGTCACATCGACCAGATGCCCAATGAAA	0	0	0	0	0	0	0	0	1185
TTGGTCCCCTACTTTGGCAACTAAGGCTCA	0	0	0	0	0	0	30.27372263	0	1390
TTGGTGAAATGAGGTCTCACGTGGGCTTGT	0	0	0	0	0	0	8.649635036	0	443
TTGGTGGAGACAGTGAAGGGTTGGTGGGTC	0	0	0	0	0	0	0	0	474
TTGGTGGCAACCGACTCACGCGATCTCATA	0	0	0	0	0	0	8.649635036	0	554
TTGGTGGGCATCTAGTAGCAAACCCGGGTT	0	0	0	0	0	0	0	0	636
TTGGTGTGTTTAGGTAGTTTATGTCTCGTG	0	0	0	0	0	0	4.324817518	0	183
TTGGTTGTTAAGCTTTGTTCTAACGGGACC	0	0	0	0	0	0	0	0	145
TTGGTTTGTAAAGTGTCAGGTCGTTATGTT	0	0	0	0	0	0	0	0	1701
TTGTAAGACCAGTGCTTAGAATTTGTGTCG	0	0	0	0	0	0	4.324817518	0	1299
TTGTACGTTTAATTTTATAATTGTTTTTTC	0	0	0	0	0	0	4.324817518	0	71
TTGTACTTGGTTTGTTGTTGATAAGTTGTA	0	0	0	0	0	0	0	0	680
TTGTAGCAAGGGCGGAGGCTCGTCGCGTTC	0	0	0	0	0	0	0	0	23
TTGTAGGTGGTACACGCGCACTTGGTTGTA	0	0	0	0	0	0	8.649635036	0	46
TTGTAGTCTTAGCCCGGTCCGTGTTCAGAG	0	0	0	0	0	0	4.324817518	0	1273
TTGTATATTTCTCCCGGTTGTTCACGAACA	0	0	0	0	0	0	0	0	79
TTGTATCTCTGGGGACCGATGAGCGTTCGC	0	0	0	0	0	0	0	0	4
TTGTATGAACAGCCGGATAAGAAGGGGGTC	0	0	0	0	0	3.703125	0	0	0
TTGTATGTATTATGCAGTGTCACATGTAAG	0	8.315789474	0	0	0	0	0	0	327
TTGTATTTAACTGTGTCGATGGTTCTCTTT	0	0	0	0	0	0	0	0	3
TTGTCAAGGGTTAGACACCGCATGTAAGTT	0	0	0	0	0	0	0	0	927
TTGTCGCGTGACCTACTAGGAGTTTCTCTT	0	0	0	0	0	0	17.29927007	0	13744
TTGTCGGCGCACGGAGAGGCAGACGCCCCG	0	0	0	0	0	0	8.649635036	0	6076
TTGTCGTGTGTGATAAGAAAGGACGACTCA	0	0	0	0	0	0	0	0	139
TTGTCTCCATTTTCGACTTTGAGAATAAGG	0	0	0	0	0	0	0	0	1515
TTGTCTGGGAATATTGACGCATAGACAAGT	0	0	0	0	0	0	4.324817518	0	20
TTGTGACTTGTGCGTGGTTATAGTGATCGA	0	0	0	0	0	0	4.324817518	0	1546
TTGTGCATTTAGATGTTGTCCCCTCCCGTC	0	0	0	0	0	0	0	0	2
TTGTGCCTAAAAGCGTGCCCGAGGTCTACG	0	0	0	0	0	0	0	0	57
TTGTGCCTGCTACAGGTTCTCACTGACGGG	0	4.157894737	0	0	0	0	30.27372263	0	8878
TTGTGCGACTGTCTATTTCATGTATCAGCT	0	0	0	0	0	0	0	0	795
TTGTGCGCGTCTCCCTAAGGAATTTTCTAC	0	0	0	0	0	0	4.324817518	0	14
TTGTGGAGAGCCGTACTAGGATGACAGAGA	0	0	0	0	0	0	0	0	2939
TTGTTAACGGATCTGACTTGCCTAACCATC	0	0	0	0	0	0	0	0	63
TTGTTAGATGGATGGCAATGGGTGTATCAC	0	0	0	0	0	0	0	0	1033
TTGTTAGTAAGGGTTGCACCTGCCGGGGGC	0	0	0	0	0	0	21.62408759	0	60
TTGTTAGTCGTTACCCTGTCTTATTGGGCC	0	0	0	0	0	0	4.324817518	0	0
TTGTTATTTCCGGCATGACGTCGAGGGTGT	0	4.157894737	0	0	0	0	4.324817518	0	190
TTGTTCCACAGGCGTGCTGTGATTCAATCT	0	0	0	0	0	0	0	0	299
TTGTTGATATTGTCTCTCGGGGGTTGCACG	0	0	0	0	0	0	4.324817518	0	171
TTGTTGGCACCGTATATCCTTGGTGGCCAG	0	0	0	0	0	0	0	0	198
TTGTTTCCGCCGAAAACCTTAGCTGGGAGA	0	0	0	0	0	0	0	0	1488
TTGTTTCTTAGTTGTCAAATTAGTAGCTGT	0	0	0	0	0	0	0	0	1044
TTGTTTGGTTGTCTAATAGCCTCGAGATGG	0	0	0	0	0	0	0	0	1131
TTGTTTTAGAGACCCCCTTCTTCGTATAGG	0	0	0	0	0	0	4.324817518	0	763
TTGTTTTCACCGCAACCCGCCCTGCGTGTA	0	0	0	0	0	0	0	0	171
TTTAAAACGTGTTCGCCTCGGGCAAAAAAT	0	0	0	0	0	0	0	0	1090
TTTAAAGACAGGCTACATAATATAGCGCTT	0	0	0	0	0	0	0	0	4
TTTAAATTCACTGTCTTTCTTTAAAACGGG	0	0	0	0	0	3.703125	0	0	409
TTTAACAGTTGGTTCCGGAGTGTAGGTCCC	0	0	0	0	0	0	0	0	3
TTTAACGGTTCTGCGAGTCGGATGATACTA	0	0	0	0	0	0	0	0	976
TTTAAGATACGTTCGTTATTTATGATTTGC	0	0	0	0	0	0	0	0	9
TTTAATAAATTCACGATGTTACCGGCTAGC	0	0	0	0	0	0	0	0	462
TTTAATTGTGTGTAGCTTCTTGTAGGAAAT	0	0	0	0	0	0	17.29927007	0	4176
TTTACAGCCATGCCGGGTGTCATGGGTATG	0	0	0	0	0	0	0	0	108
TTTACATGGCCTTCCGTTTCGACGTTATAT	0	0	0	0	0	0	0	0	1421
TTTACCTTCCCAAGAAATCCAGTGTACCAA	0	0	0	0	0	0	30.27372263	0	3
TTTACTCCCCTTTGCCAACATTGAGGACTC	0	0	0	0	0	0	4.324817518	0	25
TTTAGATTTTAATCGGGAATTTGGTTTGCA	0	0	0	0	0	0	0	0	1328
TTTAGCCTGTTAGTCACAATCGGTATATTC	0	0	0	0	0	0	8.649635036	0	1192
TTTAGGCTGTACATATCTGTCATATAGGAG	0	0	0	0	0	0	12.97445255	0	664
TTTAGGTCTTTGGGATAGATTTACGTGTCC	0	0	0	0	0	0	0	0	743
TTTAGTCAGCCCTAGTTAATCAGTCCCTGT	0	0	0	0	0	0	4.324817518	0	0
TTTAGTCTGATGTGACTTCCACAGATACAA	0	0	0	0	0	0	0	0	737
TTTAGTGCAGCCTATTCTCCAATAGTCACA	0	0	0	0	0	0	4.324817518	0	2417
TTTATATAGCAGGCGATCCATGACCTTCCA	0	0	0	0	0	0	0	0	1247
TTTATCCCTTATCGTGATTGGAGAATTGTA	0	0	0	0	0	0	12.97445255	0	836
TTTATCGGCTGTGAACTTCAAGCACCGAGT	0	0	0	0	0	0	0	0	2
TTTATGGAAATTTACGGCCCTCCGGGCGTC	0	0	0	0	0	0	0	0	3
TTTATTTATTCATGTACTTGCTGTCATTGA	0	0	0	0	0	0	0	0	1015
TTTCAAAGGAAAGTCTGGAACTGAAAATAG	0	0	0	0	0	0	0	0	95
TTTCAAGGTTTTTTAGATGATCTGACTTCC	0	0	0	0	0	0	17.29927007	0	57
TTTCAATAGTAGCATGGCCTGGGTAGCGGT	0	0	0	0	0	0	0	0	411
TTTCACAATTTTGGTTTGGATATTTTTCTC	0	0	0	0	0	0	0	0	1255
TTTCACATGGGGGCGGGATCCGACCCAGGG	0	0	0	0	0	0	0	0	1209
TTTCACTTTAAGGTTGTGATCGGTATAGCG	0	0	0	0	0	0	0	0	1402
TTTCAGCACCAAACAATTTTTAGTTCTTAA	0	0	0	0	0	0	17.29927007	0	384
TTTCAGGTGTTGCACATAGTCGATCGTACA	0	0	0	0	0	0	4.324817518	0	0
TTTCAGTGTGACGGCAATCCGCTAAGAGGG	0	0	0	0	0	0	8.649635036	0	1045
TTTCAGTTCAGCTCCGCGGAAGGTAGGTCG	0	0	0	0	0	0	0	0	1381
TTTCATATAAGCGGTTATTATACATCCGGT	0	0	0	0	0	0	0	0	193
TTTCATGATTCTTAAATATTCTATCCCGAA	0	0	0	0	0	0	8.649635036	0	242
TTTCATTTGCAAAGGATTAGCGGTAGAAAT	0	0	0	0	0	0	0	0	1045
TTTCCACCGAACACATTGATTTAAATATTC	0	0	0	0	0	0	0	0	27
TTTCCCGAATACTTAGCGTGGTCCGACCGC	0	0	0	0	4.917012448	0	0	0	87
TTTCCGACGACCTGCTATCTTTGAGAAGGA	0	0	0	0	0	0	0	0	1478
TTTCCTAAGGAAACTACGTTCCCCCCTTCG	0	33.26315789	0	0	0	0	86.49635036	0	428
TTTCCTAGATATATTATATTAAATCTTGAA	0	4.157894737	0	0	0	0	0	0	524
TTTCCTTGGGGATGTGTGATCGCAACGGGC	0	0	0	0	0	0	0	0	460
TTTCCTTTCTTTGAACGTCTAGAGTCACGT	0	0	0	0	0	0	8.649635036	0	1487
TTTCGACAAAATCCTTAAATTCCAGGAGAC	0	0	0	0	0	0	8.649635036	0	175
TTTCGACCGTGGGGAAGGCGCCAGTGGGAG	0	0	0	0	0	0	0	0	7
TTTCGACGGCGTAGTCACGACACTATTTAC	0	0	0	0	0	0	0	0	64
TTTCGATATTAAATCACTCGCGCTTAAGTT	0	0	0	0	0	0	0	0	134
TTTCGCTCGGGCCACAGAATGTGGTTTAGT	0	0	0	0	0	0	0	0	393
TTTCGGAGTTGACCTTCTAGATCCGCAAGG	0	0	0	0	0	0	8.649635036	0	1406
TTTCGGCACCTATCCTCACCATATCAAGGG	0	0	0	0	0	0	0	0	1052
TTTCGGGACGCTTCGAGAGTAAAGTGAATG	0	0	0	0	0	0	0	0	2
TTTCGGGCTAACGTCGGGTCGAGGATAGGT	0	0	0	0	0	0	0	0	16
TTTCGGTAAAATTGTGACGTCACTAGAATC	0	0	0	0	0	0	4.324817518	0	78
TTTCGTGGCATCTTGTATGCGTTATACATC	0	0	0	0	0	0	4.324817518	0	183
TTTCGTTACTTTTGATTGGGGGTGATTTTC	0	0	0	0	0	0	0	0	2
TTTCGTTATGGGTGTATCATTTCACTGATA	0	0	0	0	0	0	4.324817518	0	1084
TTTCTAAACCCCTAACTGCCCTCCACGGTA	0	0	0	0	0	0	0	0	1667
TTTCTAACAGCAGACTGTAGGGTAATAGGA	0	16.63157895	0	0	0	0	0	0	170
TTTCTCATATTACTGTTTCTAGATTGAAAA	0	0	0	0	0	0	4.324817518	0	0
TTTCTCTGGTTGCCAACTTTTTTAATGGCC	0	0	0	0	0	0	0	0	48
TTTCTGAGGGGTGAGCATGGTTGTCATATA	0	0	0	0	0	0	12.97445255	0	0
TTTCTGCCATCCGGTTAATACTGCGTGACA	0	0	0	0	0	0	21.62408759	0	10124
TTTCTTATATGAACATGGTGTTCGAAATTG	0	0	0	0	0	0	4.324817518	0	247
TTTCTTTATACAGGTGCCGTCTTCCGTATG	0	0	0	0	0	0	0	0	1399
TTTGAAATCATTATGAAGTTGAGTCAATGT	0	0	0	0	0	0	0	0	90
TTTGAACTACTTTGGGTAGCTTGGCGACGG	0	0	0	0	0	0	0	0	70
TTTGAGCGTGCGGGGGGACGGGAAGCCGGG	0	0	0	0	0	0	0	0	231
TTTGAGTGTAAGTCAGGGTTCCAGAGCGAG	0	4.157894737	0	0	0	0	0	0	121
TTTGAGTTCGACATGGCGGTTCGCAATATG	0	0	0	0	0	0	8.649635036	0	154
TTTGAGTTCTAACATTTGGCACACAGGTTC	0	0	0	0	0	0	0	0	2209
TTTGATAAACCAATGGTCGAGCTATACGAG	0	0	0	0	0	0	12.97445255	0	65
TTTGATAAGACTTTTTGATTTCCCACGTTC	0	0	0	0	0	0	0	0	939
TTTGATGTATGGTATCAAGCTTAGGCCAAC	0	8.315789474	0	0	0	0	25.94890511	0	325
TTTGATTATGCGTCTTCGTGAGAGTCGACT	0	0	0	0	0	0	8.649635036	0	3097
TTTGCCTGGGTACGGCGCCACGCTTAGGAG	0	0	0	0	0	0	4.324817518	0	0
TTTGCGGCCATCAGTGTGCCGCCCCCCTTG	0	0	0	0	0	0	0	0	569
TTTGCGGGATGAGCGCGTTCTCAAGAGTTA	0	0	0	0	0	0	25.94890511	0	234
TTTGCGGGCTGGTTCCCTCTGGTCTTCAGC	0	0	0	0	0	0	0	0	1145
TTTGCGGGTTGCACGCAGCGTGCCGTGTGA	0	0	0	0	0	0	4.324817518	0	128
TTTGCGTAGGAATATGAGATGGTTGACTAT	0	0	0	0	0	0	0	0	22
TTTGCTGACCGTAGCAGGGGAACTAAAAGT	0	0	0	0	0	0	12.97445255	0	1391
TTTGGACCCGGAAAACCTACTAACTTAATG	0	0	0	0	0	0	0	0	874
TTTGGAGAGCCGAGGGTGGATGCTGCTGGG	0	16.63157895	0	0	0	0	0	0	388
TTTGGCAGGCCGGACTTATATTTTAGGAGC	0	0	0	0	0	0	0	0	170
TTTGGCCCTTTGTGCTCCATCTCTTCGGCT	0	4.157894737	0	0	0	0	0	0	242
TTTGGCCGCTTACAATATTTGCTAGGAAGG	0	0	0	0	0	0	4.324817518	0	288
TTTGGCTCAAGATATAAACCCGCACTTTGA	0	0	0	0	0	0	0	0	124
TTTGGCTTACTATTTATGGTCATTCACTTG	0	0	0	0	0	0	4.324817518	0	16
TTTGGGCATAATTTTAGTTACATTAATGAG	0	0	0	0	0	0	0	0	1320
TTTGGGCGTGCTCCTTAGACTTTGGATTGA	0	0	0	0	0	0	0	0	1839
TTTGGGGTTTCGAACCATCGCATGTTAGAT	0	0	0	0	0	0	0	0	866
TTTGGTATGGGCCCTGACTACGGGGTGGTG	0	0	0	0	0	0	0	0	704
TTTGGTGTAGAGTGGGTAATGTTTGCGTGC	0	0	0	0	0	0	0	0	5
TTTGGTTAAGGACGATGGTGAGGCGTGTGT	0	0	0	0	0	0	0	0	664
TTTGGTTCAGATTCGACGGGAGCGGGTGGG	0	0	0	0	0	0	0	0	1848
TTTGTAAGCTCCGGTTCATACGAGTACTAC	0	0	0	0	0	0	8.649635036	0	67
TTTGTACACGAGGTGCCCCAGCGAATTGCC	0	0	0	0	0	0	0	0	419
TTTGTAGCATTTATACTAACTGTCCGCTTG	0	0	0	0	0	0	4.324817518	0	336
TTTGTAGGTGGAAGGGCAGAGAAACAAATT	0	0	0	0	0	0	38.92335766	0	906
TTTGTCCACAACAGGTCTCACAATAGTAAA	0	0	0	0	0	0	8.649635036	0	0
TTTGTCTAGGCGTTCGCCCATGACGTAGCT	0	0	0	0	0	0	4.324817518	0	7526
TTTGTGCAATTTTTTAAGCAATAAGCGTTC	0	0	0	0	0	0	0	0	399
TTTGTGCACGGGCGTGCTTTCCCAGTGAGC	0	0	0	0	0	0	17.29927007	0	559
TTTGTTAAGGGGGTGGAACTTTGAGGGGGT	0	0	0	0	0	0	4.324817518	0	18
TTTGTTCTATTATAGTACCTTGTCATACCA	0	0	0	0	0	0	0	0	782
TTTTAAAACACGAGAGAATTACTTTATATG	0	0	0	0	0	0	4.324817518	0	13
TTTTAAACTTGGGGCTCAGAGATAGTGTTG	0	0	0	0	0	0	0	0	943
TTTTAACACTCAAGTCCTTTCTGGCGTCTG	0	0	0	0	0	0	0	0	931
TTTTAACTCTCGAGGGGAAAGTTTGCCCAT	0	0	0	0	0	0	17.29927007	0	1024
TTTTACACGTGTAGACTATTCTTCTACTTG	0	0	0	0	0	0	4.324817518	0	0
TTTTACGCTTACCGCTTATGGGATAACAAT	0	0	0	0	39.33609959	0	8.649635036	0	1234
TTTTAGTATACGTTGACAGGTGTCGGGGGT	0	0	0	0	0	0	8.649635036	0	16
TTTTATACAGTCCTGAGTCTCCCCGGCGGT	0	0	0	0	0	0	8.649635036	0	829
TTTTATTGACCATATCTTGCACTTGTCTTT	0	0	0	0	0	0	8.649635036	0	1502
TTTTATTTACTTAGGCTTATGGGTTGTAAA	0	16.63157895	0	0	0	0	90.82116788	0	16922
TTTTCAAGGCGGGTTTGAATGTTTTCTATG	0	0	0	0	0	0	4.324817518	0	3
TTTTCACCCGCGCAAACCAGACGTGATTCC	0	0	0	0	0	0	0	0	27
TTTTCATCATTCACTATCGGGCGCTTGCAG	0	0	0	0	0	0	4.324817518	0	164
TTTTCCACATATGAATTAACTCGGTTTGCG	0	0	0	0	0	0	0	0	751
TTTTCCCTTTTTTCAAAATTTGGTGTTTAT	0	0	0	0	0	0	0	0	66
TTTTCCTGTACGGTCTGCTCAGTCCCCATT	0	0	0	0	0	0	4.324817518	0	12
TTTTCGGGGTGCTGAGTTCAACCCCTGATT	0	0	0	0	0	0	8.649635036	0	308
TTTTCTACGTGAATTAGTTAATTTTGCAGC	0	0	0	0	0	0	0	0	250
TTTTCTCCGATATGGCTCCTTCTAGTGTCA	0	0	0	0	0	0	12.97445255	0	245
TTTTCTCGCTTAAAATCGATTGTATCTTGA	0	0	0	0	0	0	0	0	52
TTTTCTGGCAAGGCTTGTGCTCTCCTGTAT	0	0	0	0	0	0	0	0	1524
TTTTCTTGGAAACCACACGATCTCAGCTAT	0	0	0	0	0	0	8.649635036	0	631
TTTTGATAAAATTGGTGAGGTGCTCCATAC	0	0	0	0	0	0	8.649635036	0	765
TTTTGATTGGGGTACTGGTTTATTACGTGT	0	0	0	0	0	0	21.62408759	0	297
TTTTGCGAAGCCCTCAAAAGCGTTGGATAT	0	0	0	0	0	0	0	0	269
TTTTGCTTGGGGACCCCATTCTATTGAATA	0	0	0	0	0	0	0	0	948
TTTTGCTTTCTTCTTCTGTCCAGATAGTTT	0	0	0	0	0	0	12.97445255	0	7
TTTTGCTTTTTGACTGGGTCTGGCAGACCA	0	0	0	0	0	0	4.324817518	0	358
TTTTGGATGTTTCCTCCTGGCATCCGCGAT	0	0	0	0	0	0	4.324817518	0	432
TTTTGGGTGAAATGCCCTCCCCGGCTTCTA	0	0	0	0	0	0	0	0	1548
TTTTGGTCGAGCGGGCAATAATCACCTATA	0	0	0	0	0	0	0	0	117
TTTTGTCCAACATGTTTTCTGACTCCGTTT	0	0	0	0	0	0	0	0	36
TTTTGTTGTTGCGTGGATCAGTGTTATCTG	0	0	0	0	0	0	0	0	1059
TTTTTATCCGTTAGAATTTCCTCGGGCAGG	0	0	0	0	0	0	8.649635036	0	32
TTTTTATTAACGTTCTTCTCTTTATCCGGA	0	0	0	0	0	0	38.92335766	0	691
TTTTTATTTTTTTGGGGAAGCTAATCAAAT	0	0	0	0	0	0	0	0	260
TTTTTCAAACAAACCATACTCCAGGCATGT	0	0	0	0	0	0	12.97445255	0	772
TTTTTCGGAGGGCAGTTCGTAAGCCGACTG	0	0	0	0	0	0	0	0	708
TTTTTGTCTTCCTGGACAGGGGGCATGGTC	0	0	4.610894942	0	0	0	134.0693431	0	19
TTTTTTATCGGGCCTAAAACCGGATTAATT	0	0	0	0	0	0	25.94890511	0	7618
TTTTTTCCGACATTTAAAACGTGGACATAT	0	0	0	0	0	0	4.324817518	0	6
TTTTTTGGGATGGTAGCGTTCTCGTAACGT	0	0	0	0	0	0	4.324817518	0	0
TTTTTTTGACATCGGCCCTCTGCAGGTTTT	0	0	0	0	0	0	8.649635036	0	91