barcodes	rsp	pm	am	a	rl	al	lm	neg	inj
AAAAAGAAATTTTGGTATTAGACTTGTATG	0	0	0		0	0	0	0	1006
AAAAAGACTGCACGTGGGGTTAATAGGATA	0	0	0		0	0	0	0	2294
AAAAAGAGTCTCGTGGTGCGCCCGGCGTTG	0	0	0		0	0	0	0	10516
AAAAATGTTCGTTCAGGCTAGAAAGTCAAA	0	0	0		0	0	0	0	1858
AAAAATTTACGGCAGTTGGTATGATCTAAC	0	0	0		0	0	0	0	7140
AAAACGAAAGAAGACCTCTTAGGGAGTATA	0	0	0		0	0	0	0	1224
AAAACGCGTTCGTAGGTGAACAATTCCACG	0	0	0		0	0	0	0	1005
AAAACTCCTGCATTAAGGATTACCGGGATC	0	0	0		0	0	0	0	1621
AAAACTTTACGCTTATCCTGTTAAATATTC	0	0	0		0	0	0	0	6431
AAAAGAGGAATTTCACGTGAGTGGCTGCAC	0	0	0		0	0	0	0	1169
AAAAGCCTTGGTTAGCGTCGGGGCAGGGCG	0	0	0		0	2027.112982	0	0	1522
AAAAGGATAGGTGTCAACGATATTACCTTG	0	0	0		0	0	0	0	666
AAAAGTAGTGCATCAGGCAGGGGGCAGGGT	0	0	0		0	1949.873283	0	0	20432
AAAAGTCATGCGTATATGCTCGTGACGTTG	0	0	0		0	0	0	0	1163
AAAATAACTTTCCTAGGCGCTCTCAGGGAC	0	0	0		0	0	0	0	1950
AAAATCCGTAGACGTGCTTTTTAGCGGATG	0	0	0		0	950.9065131	0	0	6184
AAAATCTCATATTTGAATTAGAACTAATGG	0	0	0		0	0	0	0	9373
AAAATCTCTTCTGTGGGAATTCTTATAGGT	0	0	0		0	0	0	0	710
AAAATCTGTGGATTACTGAATGGCGTAAGC	0	0	0		0	0	0	0	5628
AAAATGTCAATAGAATAGGTGTCTGCTACT	0	0	0		0	2730.852459	0	0	6553
AAACAATATGGGGTGTCATGATGTCACGGA	0	0	0		0	0	0	0	693
AAACAATTTTGTACAGGTCCAGCCAAGCCG	0	0	0		0	0	0	0	645
AAACACGGACTCGAGACACGGATTGAGGCG	0	0	0		0	1989.351351	0	0	802
AAACAGTCACTCTTTGTTTCGAGCGGGAGT	0	0	0		0	0	6277	0	0
AAACAGTCAGTGTCGATCTTTTCTTTTGGA	0	0	0		0	592.1710235	0	0	10358
AAACCAGCTTCCTCATCCTTAAATACTAAT	0	0	0		0	0	0	0	918
AAACCGACTGTGGTCTAATCGGACGGGATC	0	0	0		874.9787234	0	0	0	2063
AAACGACCAAGATCAGTAATGAGCAATCAT	0	0	0		0	722.6202924	0	0	10221
AAACGCAATATGCTCTTGCAATCAAGGTAA	0	0	0		0	0	0	0	3621
AAACGCACACGGTGAGTGCCGCCAGTGAGC	0	0	0		0	901.1298183	0	0	15405
AAACGTTCTAGAGACTGGGTGGTCACGGGC	0	0	0		0	0	0	0	846
AAACTAGATGTGTATGGATCCTTTTGGGCA	0	0	0		0	0	0	0	603
AAACTCATTTCCGGTTCTTGTATCTCATAA	0	0	0		0	0	3864	0	1716
AAACTGCCAGTACAAAGTGCCGCTAATCCG	0	0	0		0	0	0	0	7042
AAACTGCTACTAGTTATAACTGACGAATGC	0	0	0		0	0	0	0	2946
AAACTGTAAATGTTTTCCTTAGCCCATGCT	0	0	0		0	0	0	0	4203
AAACTTAATGGTCTTAGTCGTCTTTATGTC	0	0	0		0	0	0	0	1346
AAACTTGGAACACCTGATCAAAATCAGGGT	0	0	0		0	4721.920248	0	0	0
AAACTTTATGTTTGGTGATAGGCCATCATG	0	0	0		0	1610.018609	0	0	0
AAAGAACTATGCACCAGTTATGTCGTGGTG	0	0	0		0	1306.209127	0	0	1476
AAAGAATGTATAGAGTTTGGGAGGGGGACA	0	0	0		0	0	0	0	5780
AAAGACAATGATCTTAATTGTTAACTCACA	0	0	0		0	0	0	0	2288
AAAGACCGTTGACGAGCTTTTCGTCGTTAC	0	0	0		0	0	0	0	660
AAAGAGCAAATCAATGCAGATGTACTGGCT	0	0	0		0	0	0	0	20864
AAAGATAGTGTATTAGCGATAGGAAAAGTA	0	0	0		0	0	0	0	1731
AAAGATATATAGCCAGAGAGTATGGCAGCG	700.2796726	0	0		0	8192.557377	0	0	4853
AAAGCAAGATAATAGCTCGAATTCTCACAT	0	0	0		1938.056738	0	0	0	0
AAAGCGTATAGTTAATCCGTGACGTAGATC	705.5648022	0	0		0	0	0	0	0
AAAGCGTCACTTTTCCTGTATATCATATCG	0	0	0		0	0	0	0	4678
AAAGCGTTTACAGTGGGAACGATGGGTCCG	0	0	0		0	0	0	0	3389
AAAGCTGTACTGCTTAACTTTTCGTAATTA	0	0	0		0	0	0	0	1761
AAAGGAGAACGAGTCCAGTTTTCATTCTCA	0	0	0		0	0	0	0	1171
AAAGGAGGTGGTGAGCAGGGAAGTCAGATG	0	0	0		0	0	0	0	2195
AAAGGATAAGCTGGCATACATAGGCGAAAC	0	0	780.1103133		0	0	0	0	2284
AAAGGATCAGCGTTCAGGCAGAAATACATT	0	0	0		0	1297.626938	1028	0	1116
AAAGGCAGACCTTGCGTAAGCCAGGTGACT	0	0	0		0	0	0	0	95310
AAAGGCAGATCCCCCCAGGGGATCTAGAAG	0	0	0		0	0	0	0	1518
AAAGGCTGTCGTTAGAACTTAGGAGTCGCG	601.1834925	0	949.5345953		0	0	680	0	915
AAAGGCTTAAGCCTCAAGTTTACGGGATAC	0	0	0		0	0	0	0	618
AAAGGGGAATTTGGAGCTAGATTTGGGGCA	0	0	0		0	0	0	0	3144
AAAGGGGGTTTAGGCGAATACTGTGAAGAA	0	0	0		0	0	0	0	4357
AAAGGTAGAGCGGCCAGGAATAACAGTTGT	0	0	0		0	0	0	0	2618
AAAGGTGCAGAGGTCGTATCAGTGAGACTG	0	0	0		0	0	0	0	7520
AAAGGTGGATGGGTCTCGAAATATGGTCTT	0	0	0		0	0	0	0	1349
AAAGGTTCACTAAGAAATACTATTTGTATA	0	0	0		0	722.6202924	0	0	3712
AAAGGTTTAGAAAGTACGCCCAGGTAGGAT	0	0	0		0	0	0	0	19239
AAAGGTTTTTGGATCCCGGCGGTATGTTCA	0	0	0		0	976.6530793	0	0	2208
AAAGTACCTCTTTAGATCATATTGAAGGGT	0	0	0		0	0	0	0	1273
AAAGTAGATTGGCGTGTTGATCTTGAATGT	0	0	0		0	1170.610545	0	0	8583
AAAGTATATGTAGCCGACTGGCTTGGTACT	0	0	0		0	0	0	0	1275
AAAGTCTGTGGACATAATTCTGGATCGACA	0	0	0		0	0	0	0	1514
AAAGTCTTTTCAGATAGGCGGTGGTTATTG	0	0	0		0	0	0	0	2911
AAAGTTAGTCCGTTGTAAGATCTGGGGGCG	0	0	0		0	0	0	0	1604
AAATAATGAGTAAGCTTTAAAAGGATTGTA	0	0	0		0	0	0	0	15773
AAATACCAATTAATTGAGTGGCCGGCCATG	0	0	0		0	1287.328312	0	0	0
AAATACGTAAACCAATCGCACTTTCTGCTG	0	0	818.0411227		0	0	680	0	970
AAATAGGCAGATTTCACAAAGGTTCGATCA	0	0	0		0	1252.999557	0	0	0
AAATAGGCTGCGGACCGGTTTGGGGTCGGC	0	0	0		688.9929078	0	0	0	4124
AAATAGGTTTCGAAAAGGGCGGGATCGTTG	0	0	0		0	647.0970315	0	0	0
AAATAGTGAGGTCAAATGCCCATTTTGTGT	0	0	0		0	0	0	0	1237
AAATAGTTACCTCCTTTTATTGACGTTGTT	0	0	0		0	906.2791316	0	0	1890
AAATATAGTTTCCGTTCTCCGTGGCCTGCG	0	0	0		0	0	0	0	654
AAATATCCATAGCCTGTAAGTTTGCGTGAG	0	0	0		0	0	0	0	12838
AAATATTCTTACTTATTGTTATCGAGTGAT	0	0	0		0	0	0	0	20099
AAATCATTTTGTATTGCTCGCAGGCTTCGA	0	0	0		0	938.8914488	0	0	5673
AAATCCGTTTTATAGTAGACTGGGTTGCCC	0	0	0		0	0	0	0	30565
AAATCGGGTTTGTTTTGGGCAATCAACGGT	0	0	0		0	0	0	0	828
AAATCGTTTGACCCAGGTTAGGACCACACT	0	0	0		0	0	0	0	1074
AAATCTAAATGCCTATGTTTTAAAAATAAT	0	0	0		0	0	0	0	950
AAATCTTGTAAGTATCCCCAGCATGGGAGG	0	0	0		0	0	0	0	735
AAATGATCAGCCCAAACCCTCAAGAAAGGA	0	0	0		0	0	0	0	2409
AAATGATCATCGAGGGCCTGAATCTACGAT	0	0	0		0	0	0	0	1436
AAATTCAAAGGATAATTACCGATATAGTCG	0	0	0		0	0	0	0	7390
AAATTCAATCTACCCTTTTGCCGTGGAATA	0	0	0		0	0	0	0	2579
AAATTCGAATCAGACACGTGGCGGCATGGA	0	0	0		0	0	0	0	672
AAATTGAAATGCGTCTACTGGTTTTGACCA	0	0	0		0	0	0	0	12353
AAATTGAGTATTCTCACAGCAGTTGGAGAT	0	0	0		0	0	0	0	2979
AAATTGGTTGTCAGGGGCTGGGGCGACGGG	0	0	0		0	688.2915374	0	0	0
AAATTGTTATAGTCCTAACCCTTTGTTAGA	0	0	0		0	0	0	0	921
AAATTTATTTCAGTGGAGTACCGGATAGTT	0	0	0		0	1395.46389	0	0	5060
AAATTTCTTTAGGGAAAATCACTTGGTTGC	0	0	0		0	0	0	0	16605
AAATTTGAAGGAGTGCCGCTCCAGGGCTAT	0	0	0		0	674.5600354	0	0	1511
AACAAAGGTTTGGAATGGTGTTAATCGGTG	0	0	0		0	0	0	0	954
AACAAAGTAGGGTGTCGCAGGGGGATAGGG	0	0	0		0	0	0	0	12972
AACAACGTTACTCGGTTGTGCTCCTAAGTA	0	0	0		0	0	0	0	1314
AACACCTTTCCGGAAACCCCGCTGAACAGC	0	0	0		0	0	0	0	3856
AACACTGATTAGTCGCCTCACATCGAGGGT	0	0	0		0	0	0	0	19854
AACACTTGAGGTCGGTGGCCCGCATTTGAT	0	0	0		0	0	0	0	698
AACAGGGATCTAATGTCGAAATGCTTCAGC	0	0	0		0	0	0	0	770
AACAGGGTTGATGCTCGGGTCGTTTATGGA	0	0	0		0	0	0	0	764
AACAGGTTTATTAGGGGATGCAATTTGGGT	0	0	0		0	0	0	0	873
AACAGTCTTGGAGGCTTGTTTGTTTATTTT	0	0	0		0	0	0	0	20447
AACAGTTAATGGGAGGCTAATTACACCGTC	0	0	0		0	0	0	0	1520
AACATAAAACTTGGGCATAGACGAAGATAT	0	0	0		0	0	0	0	2109
AACATGTATGGGTCCTCGATTCGGTTTGAA	0	0	0		0	0	0	0	1160
AACATTTGTCATATGGGTTCAGGGTATTGC	0	0	0		0	0	0	0	23161
AACCACACTGTCGGCCATTTAGTACACAAC	0	0	0		0	0	0	0	5721
AACCACATAAAGTCCTGATGTGTTCCGGGG	0	0	0		0	0	0	0	1288
AACCACGTATGGGTATGGGGAGGGGGAGAG	0	0	0		0	0	0	0	1496
AACCAGTATTAGTTAACACGAAGTGTTAGG	0	0	0		0	0	0	0	3568
AACCCAGAACTACAACTACAAGGCGGTCCA	0	0	0		0	0	0	0	636
AACCCGAAAGTATAACGTCTAGCGGGTCTT	0	0	0		0	0	0	0	10321
AACCCGCCACTACATCCGTATGTTTAAATA	0	0	0		0	0	0	0	2168
AACCGAAGAATAGAAGTCTGAACGTGACGG	0	0	0		0	0	0	0	615
AACCGAGTACTGCGTTCCGCCACATTGCGG	0	0	0		0	0	0	0	18986
AACCGCGCAGGAACCGCACAACCTTGATAC	0	0	0		0	2960.855117	0	0	15705
AACCGCGTATTATTTGTATAATGGAGGGCG	0	0	0		0	0	0	0	2561
AACCGTCGTTGGCTGCGCAATTTTGCAAAA	0	0	0		0	0	0	0	7445
AACCGTCTTAGCCACTGGCCGGATCACCTA	0	0	0		0	0	0	0	2446
AACCGTGGAGCCTGGTGGTGAGACACTAGA	0	0	0		0	0	0	0	8429
AACCTCCATCAGGATGGGAGGGGAGGTGAG	0	0	0		0	0	0	0	6062
AACCTCGCAGGCGGTTTAGAGTGTATGCGT	0	0	0		0	4255.04918	0	0	1784
AACCTCTGTTATTCCTGTCAATTGCCCAGG	0	0	0		0	0	0	0	10243
AACCTGAATTGTGCGAGCGTGCTTTGTTTG	0	0	0		0	0	0	0	910
AACCTGGCACAAATAAGATTGATTCTTGAA	0	0	0		0	0	0	0	7495
AACCTGGGTGACAACTAGCCGGCTCTATTC	0	0	0		0	1884.648649	0	0	2791
AACGAAAGTACAGGTCCCTGAAGACGAGAA	0	0	0		0	0	0	0	2052
AACGAGCGTGAAGGAACACGTCCGTCCCGG	0	0	0		0	0	0	0	676
AACGATAATAGTATACATAATAAGTTGTTT	0	0	0		0	0	0	0	3287
AACGGCCTTTACCGAATCATTGCTGAACCT	0	0	0		0	0	0	0	1565
AACGGCTGAGCGAATGGGCGGATCTTGGGC	0	0	0		0	0	0	0	3560
AACGGGCAATTGGCGGTGGAATGGGGCGAA	0	0	0		0	710.6052282	0	0	29474
AACGGGGAAATACATTTTCCGGAGTCATCC	0	0	0		0	641.9477182	0	0	23396
AACGGTAATTGGGCGAGATACTTATAAAAA	0	0	0		0	0	0	0	7965
AACGGTACACGCCAGATGCTGCTTATGAAA	0	0	0		0	0	0	0	1154
AACGTAAATAAGTCATTAATATAACAGTAA	0	0	0		0	0	0	0	1628
AACGTAATTAGGCCGTACTGAGGGCCTGAT	0	0	0		0	0	0	0	1952
AACGTAGGAGTGGGTGGCAGGGTGTGTATC	0	0	0		0	0	0	0	1315
AACGTGCGAGATGGTGTCCGGATGGGGTTA	0	0	0		0	677.9929109	0	0	0
AACGTGGTACAGGTGTCGGTTTGGGCCCTA	0	0	0		0	0	0	0	706
AACGTTAGAGCCTATTCAGGCGATTGATCC	0	0	0		0	0	0	0	902
AACGTTATAACCTTTCGCTGGTTCGGAAAG	0	0	0		0	0	0	0	5095
AACGTTCGTGCGGAGGGGGATAAATTACGG	0	0	0		0	0	0	0	5183
AACTACCGTGGGTTTGGTCCAGATTCGCAA	0	0	0		0	0	0	0	4262
AACTAGAATTAATTTACCGCCTTACAGGGG	0	0	0		0	0	0	0	25761
AACTAGCAACGGGTGGCCCTTACTGGGTGA	0	0	0		0	1100.236597	0	0	0
AACTAGCATAGTGTCTGGGAGGCGTTTGTT	0	0	0		0	0	0	0	589
AACTAGGAAAGACGGGGAGGTCGGTCCGCG	0	0	0		0	604.1860877	735	0	13452
AACTATCCTGATCTTGCGCGTTTTTGTGGA	0	0	0		0	0	0	0	1994
AACTATGGTGACACCCTACTGGGACTATGA	0	0	0		0	0	0	0	1761
AACTATGTATGACGTCACCATCTTGTATCA	0	0	0		0	0	0	0	12747
AACTCACAAAAGGGGCATCAGGCGGGAGCG	0	0	0		0	1608.302171	0	0	12521
AACTCACTTAAGGCGTTTTTTAATCTAATA	0	0	0		0	0	0	0	2734
AACTCAGCTTGGAGAATTTGCCGTGTTTTC	0	0	0		0	2420.177226	0	0	25704
AACTCAGGAAGGTAATTACCTACGTCCTGT	0	0	0		0	0	712	0	1502
AACTCCCTACTTGGAAGTAACATATACAAG	0	0	0		0	0	0	0	13555
AACTCGAAAATACTGCTGCGGCTCCCCAAC	0	0	0		0	2814.957909	0	0	2568
AACTCGTCTTAGTTGAACGAGAATTGGTTG	0	0	0		0	753.5161719	0	0	5245
AACTCGTGAATGCGATTGCTGGCACGTCCA	0	0	0		0	0	0	0	2875
AACTCTTATTATGTGATTGAAGCCGATGTC	0	0	0		1893.673759	0	3336	0	3179
AACTGAACTATGTCGTACTGGTATATAAGA	0	0	0		0	0	0	0	1604
AACTGGGGAAGCATACATCGAACCGGCGTA	0	0	0		0	0	0	0	734
AACTTCATTATACACCGTCATATGAGTAAA	0	0	0		0	0	0	0	17301
AACTTGTCAGTTTTGGCCGATGGAGCCAAA	0	0	0		0	0	0	0	1697
AACTTTAGTTGTTTACGGCAGGGCGTAACC	0	0	0		0	4249.899867	0	0	31752
AACTTTTTAGTTACACGGATACGCCGCGTA	0	0	0		0	0	0	0	623
AAGAACCGTGCTGAGGTATTGTGAGTTAGC	0	0	0		0	0	0	0	18124
AAGAACGTACGGAAAATTTCATGATCGAAC	0	0	0		0	1901.813026	0	0	28080
AAGAAGGTTCCCGGGTCGAGGGCTTTAAGC	0	0	0		0	0	0	0	13333
AAGACACGTGAGGGGGCCAGACTGCGGGTA	0	0	0		0	0	0	0	40067
AAGACCGGACGTCATAAACCGTAGGTCAAA	0	0	0		0	0	0	0	3598
AAGACCTTTGGACGGAGGTATTTGTGACCG	0	0	0		0	0	0	0	1211
AAGACGAGTGAATTCATTCATTAAAAATCC	0	0	0		0	0	0	0	20640
AAGAGAAAACGAGCGCGCCTATTGTCAGTC	0	0	0		0	0	0	0	653
AAGAGAGATGACCAGGATTGGAGAGATTCT	0	0	0		0	0	0	0	3004
AAGAGGATTTGGGTCCCGATCCACTTACGC	0	0	601.8355091		0	985.2352681	870	0	38856
AAGAGGCTAGAATCTACTAATAGGAACGAC	0	0	0		0	0	0	0	688
AAGAGGGGAGATTAGACACTGCTGTATTAG	0	0	0		0	0	0	0	5763
AAGAGGTCATTCTGTAGCGGGGGCAGTCCG	0	0	0		0	0	0	0	3912
AAGAGTGTTTGTCCGTGTGTTCGACTACCA	0	0	1144.246084		0	0	0	0	0
AAGAGTTCTTCCCTCGACTACCTCCCCATA	0	0	0		0	0	1392	0	0
AAGATAACTAAGTGTACTGCGGACTTGGGT	0	0	0		0	0	0	0	3757
AAGATAGTTCCATGCCCAACTTTATTTTCG	0	0	0		0	1258.14887	0	0	9726
AAGATATTTGATGAGGATATTATTTTTAAT	0	0	0		0	0	1078	0	10914
AAGATATTTGGTCTATCCGCTCGTGAGTAA	0	0	0		0	0	624	0	694
AAGATCTGTAAGTAGTTGCCAACTAGTTTC	0	0	0		0	911.4284448	0	0	0
AAGATGAATCCACAGTCCTTGTGTTAACAA	0	0	0		0	0	0	0	794
AAGATGTTACGTGTCAAGTATCAGACGGTT	0	0	0		0	0	0	0	742
AAGATTTAACCATCGTCGGGCGTCAATCAC	0	0	0		0	0	0	0	2190
AAGCAAATACTTCGCACAGTGGAATGCAGA	0	0	2029.298303		881.3191489	1108.818786	0	0	0
AAGCACAGTTGGCGCTTTGAGAGTGGGTGA	0	0	0		0	0	0	0	640
AAGCACGCTTGTCGTGCATGGTCAGATACG	0	0	0		0	887.3983163	0	0	0
AAGCATGGTTGGAGTGTGGGACGTGTAAGT	0	0	0		0	1864.051396	0	0	26923
AAGCCACGATCAAATAGCAAGAAATTACGA	0	0	0		0	0	1013	0	13107
AAGCCATTAGGAAAGTGCTCCTCCTGTGCA	0	0	0		0	0	0	0	2737
AAGCCCGGTGGGTTGAGGGCGTACCGCCGT	0	0	0		0	0	0	0	6431
AAGCCCTATACCAAATGCAGACGGAGAAAG	0	0	0		0	0	0	0	12238
AAGCCTCGAGGTTGGTAAAGCGGTTTCCAC	0	0	0		0	0	0	0	3699
AAGCGAGGTACATAACTTCAGGCGTCATAC	0	0	0		0	0	881	0	0
AAGCGCAATCCGAGTGGTACTACAAGCTGG	0	0	0		0	0	0	0	1164
AAGCGCACATTAGATTGTAATGAATCTGAG	0	0	0		0	0	975	0	0
AAGCGCCCAGGAAGAATAGAGGGACCGAGT	0	0	0		0	0	0	0	632
AAGCGCTGTCGTCTGGCCTTTGTAGGGGAG	0	0	0		0	0	0	0	1589
AAGCGGGTACTGGTGGAATATTTTAGACAA	644.7858117	0	0		0	0	0	0	0
AAGCGTCGAGCTGCGTTGCAGCGTTAGATG	0	0	0		0	0	0	0	1857
AAGCTAAATTAAGAACCCAAGTAGTGTATC	0	0	0		0	0	0	0	16183
AAGCTCAAAATGCAGAATCAGGTTGGCTTA	0	0	0		0	0	0	0	3000
AAGCTGCATATGTCATTTACTCGCCAGGGA	0	0	647.3524804		0	0	0	0	37008
AAGCTGCCATGTCTAATAGCTCGTGGTATT	0	0	0		0	0	0	0	5049
AAGCTGTATCTGTGATCCTGTGGCGGTTAC	0	0	0		0	0	0	0	23722
AAGCTTTATGTTTGTTGTCGGAAGCGGGGG	0	0	0		0	0	0	0	2499
AAGGAAGAAATGATCGTATTTGGTGACTTA	0	0	0		0	0	2150	0	805
AAGGACCGAAGGGTGCTCGGGCTTGAAGTA	0	0	0		0	0	0	0	734
AAGGACGTAGAGTCCATTCAGACCTAGTGT	0	0	0		0	0	0	0	1995
AAGGATATTTCCTAATTGTCAGACGATCCG	0	0	0		0	0	0	0	11944
AAGGCAGCAATGGGTGTTTGTCGGCGCCAT	0	0	0		0	0	0	0	9679
AAGGCATTAAGAGGTCGGCCCTCTCCCAAG	0	0	0		0	0	0	0	745
AAGGCATTTCAATGACCTATTTTACACCCA	0	0	0		0	0	0	0	1610
AAGGCCGCAATTGCAGCGGGGACGGGGTAT	0	0	0		0	714.0381037	0	0	20278
AAGGGAACTATTGGACATTCTTGGGCCGAC	0	0	0		0	1694.124058	0	0	24266
AAGGGACGATTGGTCTGTTTGTGACGATCG	0	0	0		0	0	0	0	643
AAGGGATGACAGTGGAATTACGATAGGGCT	0	0	0		0	0	0	0	883
AAGGGATGACGCTCCCTTCTCGTTCAAGTT	0	0	0		0	0	0	0	8105
AAGGGCGCTAACTAGGGGTCTTATGCGTTA	0	0	0		0	0	0	0	33911
AAGGGGGATCGGGAGGTCGAGAGGGGAGGT	0	0	0		0	0	0	0	1538
AAGGGGTAAAAGATTGTGTGTGGTAGTGGT	0	0	0		0	0	0	0	2759
AAGGGTAGTGGGACCACGGAATAGTCTGGC	0	0	0		0	0	0	0	1578
AAGGGTTTAATGGGGTAGGCCTTCACGTTC	0	0	0		0	0	0	0	5662
AAGGTAAGACCGTTCTGAAGAGAGGCCGTG	0	0	0		0	0	0	0	1571
AAGGTACGTTCCAGCCTCTAGCTCTGGTCC	0	0	0		0	0	0	0	30349
AAGGTATGTTGCTGTTTGATTTTATGAACG	0	0	0		0	0	0	0	1546
AAGGTGTTAGTTCGAACGACGCTGAGTTCA	0	0	0		0	0	0	0	3549
AAGGTTGGAAAGACGACACGTACGGGTTGA	0	0	0		0	0	0	0	5179
AAGGTTTGAACTTTACGCATTGTTAAATAT	0	0	0		0	1220.38724	0	0	20896
AAGGTTTGATGCCTTACTGCTAGTAGCGTG	0	0	0		0	0	0	0	4365
AAGTAAAAAATTAATCCCACAAAGATTACA	0	0	0		0	0	0	0	1863
AAGTACGTTATTACCGAGGCTGTAGGGGGC	0	0	0		0	0	0	0	22742
AAGTAGAATGGAGGGTCGTGTCGGGTAGGT	0	0	0		0	0	0	0	1110
AAGTAGCATTCCCCTCTAATTGCACTACAT	0	0	0		0	1549.943288	0	0	14198
AAGTAGGGTTGGTGTTTGTTTCGTAGTAGG	0	0	0		0	1838.304829	0	0	8023
AAGTAGGTTAGGGGAGCGTGAGTCATAGGT	0	0	0		0	0	0	0	2864
AAGTATACAGTAGTTAGGGGGGAGGTCGAT	0	0	0		0	0	0	0	953
AAGTATGCTTTATCGTGAGGGACTAGCTTT	0	0	0		0	0	0	0	618
AAGTCATTTTTGCTAAACTTTTTTTCGCAC	0	0	0		0	1333.672131	0	0	3307
AAGTCGGTACACGCAATTAAAGGATCCCCG	0	0	0		0	0	0	0	25064
AAGTCGTTATTGCCTGCGCTTATCACAATA	0	0	0		0	0	0	0	943
AAGTCTCATGTAAACTCTCCCAGGCTGCAA	0	0	0		0	1307.925565	0	0	7094
AAGTCTTGTATATGCGTGTTTAAGCATGGG	0	0	0		0	0	0	0	1329
AAGTGATAATGAGGCTAGTGTAGTTCTTTA	0	0	0		0	0	0	0	3145
AAGTGCAGTGATAGTGGCTTGGGTAATCCT	0	0	0		0	0	0	0	1191
AAGTGGAGTACGCGGGCAAACTTCCAGCCG	0	0	0		0	0	0	0	6846
AAGTGGATTGTCACAGTCTGCAGTCAGTGG	0	0	0		0	0	0	0	1414
AAGTGGGTTCGAACATTGGGTACCCTAGGT	0	0	0		0	0	0	0	3419
AAGTGTAGTGGCTTAGTCAATATGGATAGG	0	0	0		0	0	0	0	2291
AAGTTAATACGCTGTCTGCATATTTACCGG	0	0	0		0	0	0	0	891
AAGTTACGACCTACACATTTGAGATTGACA	0	0	0		0	0	0	0	3912
AAGTTATGATTGGCAATTCCGCAGAGTATG	0	0	0		0	0	620	0	30893
AAGTTATGTGCTTATCAATTACTGGGTCTG	0	0	0		0	0	0	0	1459
AAGTTGTGAGTGTGTCCTGTGCGGATCGTA	0	0	806.6618799		0	2499.133363	0	0	34103
AAGTTTAAAGTGTTATGAATGAGACCGTGC	0	0	0		0	0	0	0	2803
AAGTTTAATATGGATACGCGTGCGCAATGC	0	0	0		0	0	0	0	816
AAGTTTGGAATGTAATAAGCGGTGACAGCA	0	0	0		0	0	0	0	4126
AATAACGGTGACTCCATACTGGCATTCTTC	0	0	0		0	0	0	0	2470
AATAACTCTGCTGTTTTTCTTGAAAGGCGC	0	0	0		0	0	0	0	796
AATAACTGTAAAATAGCACATAATGAGAAC	0	0	0		0	0	0	0	1544
AATAAGAGAGGAGAGGCGGGTCGGTCAAGG	0	0	0		0	2245.100576	0	0	6568
AATAAGCGATCGTAAACAGGACGCTGTGCA	0	0	0		0	0	0	0	1190
AATAAGCGTTGCTTTCTTGTGCGTAACGCA	0	0	0		0	0	0	0	4550
AATAAGGTATGTATCATCCTATGGCTGGGT	0	0	0		0	2669.0607	0	0	17825
AATAATATTGTTTGCACAGTACATGTAATT	0	0	0		0	0	0	0	1456
AATAATCATATGACCGCATTCACCTTGACT	0	0	0		0	3202.87284	0	0	22519
AATAATCTTTGTTCTGTGTCGCCGTCGCAG	2010.991814	0	771.2597911		0	2363.534781	0	0	45804
AATAATGATTTGATTTGGTTTCTACGATTG	0	0	0		0	0	0	0	6402
AATACCGGTGTGTTGTGGTGAATGGTGATC	0	0	0		0	0	0	0	1312
AATACGTGTTTTTTTACAAGTCGTTAATTC	0	0	0		0	0	0	0	25647
AATACTCAAAACCGGCCTCATTAGGACTTG	0	0	0		0	0	0	0	625
AATACTCTTAGCCCCGTACCAGGATAAAGT	0	0	0		0	0	0	0	2666
AATACTTATGGCATCGTATTGTTGGCTGTC	1366.206003	0	3522.507833		1105.347518	3867.134249	1089	0	2222
AATAGCGATAATATACAGCAGGGAGTGTCA	0	0	0		0	677.9929109	0	0	19869
AATAGCTCTGACGTTCTGATGTGGTTCTGA	0	0	0		0	0	0	0	3637
AATAGTGTTTCGTCGTGGTGCTAACTCACC	0	0	0		0	0	0	0	1081
AATATAAATGGATTTGGGGCCGGCCCGGTA	0	0	0		0	0	0	0	4605
AATATATGAGCTTATTGCTGACATGAGATT	0	0	0		0	0	0	0	1530
AATATATTAGTTTTCACATCGCTCCTATGC	0	0	0		0	0	0	0	4247
AATATCATATCCCGGGCCTACGAGGGTGGG	0	0	0		0	0	0	0	1771
AATATCCATCCCTCGATGGACAAGAAACGC	0	0	0		0	0	0	0	599
AATATCCCTGGGTGCATGTTGAAATCGACC	0	0	0		0	0	0	0	1158
AATATTCCAGAGAACATAGGTTCTTATGAG	0	0	0		0	0	0	0	987
AATATTGGACTGTTAACGAATTCTCAGTCT	0	0	0		0	0	0	0	907
AATCACCTTTTATCTGCGTGTCCGGGATGC	0	0	0		0	0	0	0	985
AATCACTCAAGCAGGAACGGGTGTGACATT	0	0	0		0	1368.000886	0	0	10447
AATCAGCTTGGGTTCAACCGCAACTGACGA	0	0	0		0	0	0	0	925
AATCAGGGTTAGGTCAAGCGCTCTGTGATA	0	0	0		0	0	0	0	965
AATCAGTGTGTTCTCTCGAGAGACTGAGTG	0	0	0		0	0	0	0	2015
AATCCGAGTAAGCTTGGGTAGAATGTTTCC	0	0	0		0	0	0	0	1949
AATCCGTAAGCGTTGAAAAGGAGCTTAGGG	0	0	0		0	0	0	0	866
AATCCTGTAGGGTCTATTGGGGAGTGTGAA	0	0	0		0	0	0	0	4590
AATCCTTGTGTCTGCCGGCGTGGAGGTTGG	0	0	0		0	1021.280461	0	0	595
AATCGAGGTTAGACTGCAATAGCCTAAAAG	0	0	0		0	0	0	0	4320
AATCGAGTTTAGCTCCGTACGGATAGAACG	0	0	0		0	0	0	0	1023
AATCGGACTCATTTATTAAGTGTTTCGAAA	0	0	0		0	0	0	0	5099
AATCGGGTTGGTTAGGCGCGTGGCTTTGGG	0	0	0		0	0	0	0	14660
AATCGGTTATATGTGTCCACGGGCTAACGG	0	0	0		0	1311.35844	0	0	9465
AATCGTATTTAGTCTACGGTAGGAGCTGAA	0	0	0		0	0	0	0	2640
AATCGTTAAACGATTAGGGGATTGCGCAGG	0	0	0		0	0	0	0	4688
AATCGTTGATTATCGTTGGACATGACGGTC	0	0	0		0	633.3655295	0	0	0
AATCTAAAAAGTAGCTATCTAGTGTTTAGG	0	0	0		0	822.1736819	0	0	1509
AATCTCCTAACGCACATAACCGGCATACGA	0	0	0		0	0	0	0	1697
AATCTGTGTCCAGGCGCTTTATGGTGTTCG	0	0	0		0	0	0	0	9106
AATCTTTGACCATGGTTCGTCTGAAATTGC	0	0	0		0	0	0	0	1212
AATGACTTATCTGCGCGCCAATTGATAATG	0	0	0		0	0	0	0	1670
AATGAGCTATGTTAAGAGCCTGAGACGTGT	0	0	0		0	1077.922907	0	0	2617
AATGAGTAATAGATATTCATGATTGGGCCA	0	0	0		0	0	628	0	1167
AATGAGTTTTAAGTGGAGACGGTTTTTGAT	0	0	0		0	875.3832521	0	0	2223
AATGATACTGGTGGGAGATCTGCGGGTAAA	0	0	0		0	0	0	0	20018
AATGCAACTTAGTGTGGGATTAGACAGAGT	0	0	0		0	0	0	0	2991
AATGCATGTCACGCGCCGTCGGGGGAATGG	0	0	0		0	0	0	0	12926
AATGCCTGATGCGATGGAAAAAAGGTTTAG	0	0	0		0	0	0	0	1565
AATGCGAGAGTCCTTGTGCCTAGATGATAT	0	0	0		0	0	1007	0	1879
AATGCTTATGGTGATACTACCCCGGGCATC	0	0	0		0	0	0	0	1085
AATGGAGATTTAGTGTCCCGCGTCGTCTAA	0	0	0		0	0	0	0	620
AATGGATTATTCACTTCTCACGCCCTGCGC	0	0	0		0	0	882	0	0
AATGGCTAAACGCGGGTACTTGAGGACCGC	0	0	0		0	0	0	0	2155
AATGGCTGACTGGCGTTGTTCGTCCAAAAT	0	0	0		0	0	0	0	3313
AATGGGAATAGTCTATATGACGGCGTAATG	0	0	0		0	0	0	0	806
AATGGGAGTTTCAGGAGAGTGGGGGCGATT	0	0	663.7891645		0	0	1153	0	0
AATGGGGTTTCGTGCAATCGGTCGGCCTTT	0	0	0		0	0	0	0	11920
AATGGGTAAGGATATTGGCATCAGGGGAGG	0	0	0		0	0	0	0	1648
AATGGTAATTTGCTAATCAGGCGTGCTTGG	0	0	0		0	0	0	0	2267
AATGGTTCATCGGTTCGGGTAGAGTGACAT	0	0	0		0	0	0	0	13421
AATGTAAAAGCTAATTAAGAGGTAGCCTGG	0	0	0		0	0	0	0	992
AATGTACTTTAGCCCAATTTCGCTCTGGCA	0	0	0		0	0	791	0	1071
AATGTCAATCTGGTTCGCGTAGCCTGGGAG	0	0	0		0	0	0	0	680
AATGTCAGACTGTCCACAGTGGTCTTGGTG	0	0	0		0	0	0	0	19241
AATGTCGGAGTATCCTGCGGGGTTGGCAGA	0	0	0		0	0	0	0	4934
AATGTGAAAATAACAGGAGATCGCTGACAT	0	0	0		0	0	0	0	33354
AATGTGCATACTAGCAAATAACGAGTGTTA	0	0	0		0	0	0	0	971
AATGTGGAACTTGGCATGTCGGGGAAGAAA	0	0	0		0	0	0	0	827
AATGTGGATATAGACGAGGCCTGCTGCGAA	0	0	699.1912533		0	0	0	0	14984
AATGTGGTTTGTGAACCTACTGCGTGCCCT	0	0	0		0	0	0	0	21660
AATGTTAAAACTATCTGCTCAAGTTCAGCT	0	0	0		0	0	0	0	4459
AATGTTGATCAGTTACACGGGACAGTTTAA	0	0	0		0	0	0	0	1056
AATTAAGGTATGAGCTCGCTGTATCGTGTA	0	0	0		0	0	0	0	28655
AATTACCATATGGACTTTAGGTGCTAGCAC	0	0	0		0	3498.100133	0	0	0
AATTACTTTAAGTGGTAACCTGGACAGGAC	0	0	0		0	0	0	0	2034
AATTAGGTTATGTGATTGACTGGTCCGTAT	0	0	0		0	866.8010634	0	0	5016
AATTATCCAGTGGAGGTAGTTAGTCACTTT	0	0	0		0	0	0	0	1213
AATTATCTTATCCACAAAACGGGGTGACAG	0	0	0		0	0	0	0	3997
AATTATTCTTCTAATTGCCGGTGAAGCAAA	0	0	0		0	0	0	0	2624
AATTATTTAAGTCATTTAGGTAAAAATCCC	0	0	0		0	3170.260523	0	0	25930
AATTCCGGAGTCCGACACCTGAGTCCATTG	0	0	0		0	0	0	0	2641
AATTCCGGTCACGCGGGTTCAGATTGAGAG	0	0	0		0	0	0	0	2137
AATTCTAGTGGAACGTCAGTGTCTGTGGCC	0	0	0		0	0	0	0	4461
AATTCTCAAGGGAGAACTAAGTGCTTATGT	0	0	0		0	0	0	0	1008
AATTCTGTTGGGATAGAAGGTTCTCGGCAT	0	0	0		0	0	0	0	5099
AATTGAAATTGAGCAGCATGCAAGGCGAGT	0	0	0		0	0	0	0	23961
AATTGACATTGATGGGCTTTTGTGGGAGTC	0	0	0		0	0	0	0	2231
AATTGAGGTAATCGTCTGGCACAAGGTGCA	0	0	0		0	0	0	0	2006
AATTGCCTATCACCTTACTTTATATACGTT	0	0	0		0	0	0	0	773
AATTGCGTACGTCCGTTGTCCCTGAAATTA	0	0	0		0	0	0	0	1233
AATTGGATTTCTCAACTTGACTAGGGGCAA	0	0	0		0	0	0	0	774
AATTTACAAGATGTAGGCGTTGTAGGAGTT	0	0	0		0	0	0	0	2410
AATTTAGAACAGCTAGTATCATTGTTTTCT	0	0	0		0	0	0	0	1012
AATTTAGTTGGAGTTAGCTGGGAGCTTCAA	0	0	0		0	0	0	0	2328
AATTTATAAGTTCCGAAGGAACTATTAGTA	0	0	0		0	1028.146212	0	0	6705
AATTTCGGTCGGGCTATAGCCTGCGGCTGT	0	0	0		0	0	1954	0	1588
AATTTGATTAGTGAGCCAATGCAGGTGTTA	0	0	0		0	0	0	0	13924
AATTTGCGTTAGATGGAATACCGTGTAGAG	0	0	0		0	0	0	0	963
AATTTGGGTACGTCTTGGCGCACATGGAAT	0	0	0		0	0	0	0	623
AATTTGTGTTATTTTACTTGTGATTAAGAT	0	0	0		0	0	0	0	2727
AATTTTAGTCTGGTGTCCTCGATTCACGTT	0	0	0		0	4067.957466	0	0	20121
AATTTTATATCAGCAAGAGTGTGCTTTTTT	0	0	0		0	0	832	0	673
AATTTTCGAGTCCGCGCGATGTTGCTATGA	0	0	0		0	0	0	0	2449
AATTTTTCTTCGTGAGAATCAGTTGAGGCA	0	0	0		0	0	0	0	720
ACAAAACGTCTTAGAATGGATGGCGATATA	0	0	0		0	0	0	0	4245
ACAAACAATACACTCCAGGCGCGCTAGGGG	0	0	0		0	0	0	0	9555
ACAAAGCGAGCTATTCAATTGCTCTGCGGG	0	0	0		0	0	0	0	1205
ACAAAGGATTGTAATTCATGGTGCGGACCA	0	0	0		0	0	0	0	754
ACAAATGCTTTGTCTCCCCTTATAGCTGTC	0	0	0		0	0	0	0	688
ACAACTTATGATAGCGCTTGGCGTTGATCC	0	0	0		0	611.0518387	0	0	0
ACAAGACATGTGCGTTGCAGTAATGAGGGA	0	0	0		0	0	0	0	4674
ACAAGTCAACATATTAACTTTTGTGATGTT	0	0	0		0	0	0	0	8621
ACAAGTGATGCTGGTAGTTCGTAGGTTAGC	0	0	0		0	0	0	0	979
ACAAGTGCTCGGTTAACAAGATAAACATTG	0	0	0		0	0	0	0	20437
ACAAGTGGTATGAGTAACGTTGACTTAGGG	0	0	0		0	0	0	0	1621
ACAATCGCTGGAAGGGGTGAGATGGCTAGG	0	0	0		0	1038.444838	0	0	0
ACAATGATTGGTTACGTGTTATCCCGCAAG	0	0	0		0	0	0	0	36919
ACAATTAATTTCCGGAGATGGCCATTGTAT	0	0	0		0	2782.345591	0	0	45661
ACACAGGGTGTCAACGGTTGGAGAGGGATG	0	0	0		0	0	0	0	1339
ACACATCATTGCATCAGCAATTACACTCGC	0	0	0		0	0	0	0	2091
ACACATTAACGCACCACAGTGCCGGCATCT	0	0	0		0	0	0	0	757
ACACCCGGATAAGGGGAGTTGGGGATGGTT	0	0	0		0	0	0	0	666
ACACCGTTACCTATTTCATCAGTCGCTGTA	0	0	0		0	774.1134249	0	0	3001
ACACCTCGTAGTATGGTCACACAGAAGGCG	0	0	0		0	0	0	0	1669
ACACGAATTCCCTCTACGGTAACCTCACGC	0	0	0		0	0	0	0	712
ACACGGCGTCGTAGCAGGCTAGATAGGGCG	0	0	0		0	803.2928666	0	0	6753
ACACGGTCACCACTTTTGAAGAAGTGTGTA	0	0	0		0	0	0	0	2768
ACACGTGTAGTGCTGCGATGCACCCTCGAA	0	0	0		0	0	0	0	939
ACACGTTTAGCAACTGTGAGACATAAGGAA	0	0	0		0	0	946	0	2148
ACACTAACACTGCTAGGTGCCATCGTTTTG	0	0	0		0	0	0	0	1206
ACACTAATACGTGCGCTGCCGTGAATATGC	0	0	0		0	0	0	0	1870
ACACTACTTCTTGTCACATTATACTCTGTT	0	0	0		0	791.2778024	0	0	0
ACACTCTTTTCGGGCTTGAGTTTACTATGG	0	0	0		0	0	1018	0	6496
ACACTGTAATTGTGTGTGCGTCAGGGGGCG	0	0	0		0	0	0	0	5731
ACACTGTTTGTGGTAGGTACGTGTTAAGGG	0	0	0		0	0	0	0	3749
ACAGAAGAACGCCGCCTATATTACCTACTC	0	0	0		0	0	0	0	3514
ACAGAATATCGCGTCTTTGTGGCTAAGATG	0	0	0		0	0	0	0	993
ACAGACTCAAAATTCAATGGGGTTCGTGCA	0	0	0		0	0	0	0	1443
ACAGACTTACAGAGCACGTATGGGGGCGTC	0	0	0		0	0	0	0	16111
ACAGAGGTAGAGCTGGACAAGGGACGGAGA	0	0	0		0	0	0	0	680
ACAGATAATGATTTTGCCAAAGGCTCAGGG	0	0	0		0	0	0	0	2235
ACAGATCTTAGTTGCTCACGTTGCGAACAG	0	0	0		0	0	0	0	19960
ACAGATTGTAGGAGGGCGCATAAGCATAAG	0	0	0		0	0	0	0	842
ACAGCACCTTAAGTCCAGGGGGGTGTTACC	0	0	0		0	0	0	0	6250
ACAGCGAGACACTTAAGGTCTGCCCTAGAA	0	0	0		0	0	0	0	1653
ACAGGATATTTTTGTGTGACGTGTTTCAGG	0	0	0		0	0	0	0	844
ACAGGCTCTCAGGTCAGGGCGATCCGGGGA	0	0	0		0	0	0	0	4453
ACAGGGCCTTCGGGGACGTTGCTGTAATCA	0	0	0		0	0	0	0	1892
ACAGGTCGTGCGCTTTGGTAGATAGGGACG	0	0	0		0	0	0	0	3873
ACAGGTGTTCAAACCGATTTGGGGTTGCAA	0	0	1967.344648		0	1400.613203	0	0	1219
ACAGGTTGATATACCGGTGCTTTACTGTGG	0	0	0		0	0	0	0	751
ACAGTAAGTATTTGGGATGGTCCAGTGCTC	0	0	0		0	0	0	0	660
ACAGTAATAATCCTGCTGTTCGTTGACCAA	0	0	0		0	0	0	0	1634
ACAGTAGGATCAGGACCAGATGTGAGGTAC	0	0	0		0	0	0	0	3088
ACAGTATATTTCTCAGGTTCGCCCCTCTTA	0	0	0		0	0	0	0	33088
ACAGTCCGATGTATGAGGCGTTTTCCTGGC	0	0	0		0	3374.516615	0	0	1879
ACAGTGCATGGTGGTACAGGGTGATAATAT	0	0	0		0	0	0	0	929
ACAGTGGGAGGGCGTGGGGGGATCGGGATC	0	0	0		0	0	0	0	1116
ACAGTGGTTGCGTCGGCGCGATAGGAGACG	0	0	0		0	0	0	0	3793
ACAGTGTATATATGCGTTTTAGAGTGAACG	0	0	0		0	0	2079	0	1914
ACATAAAGTAAAATACCGCGAGTAAAGGGA	0	0	0		0	0	0	0	1428
ACATAAGCAGATATGGTGAATTGGCCCTGT	0	708.985782	2555.272193		0	0	0	0	3822
ACATAATCTCGCTACGTGCCCGTATTGGTG	0	0	0		813.6879433	0	0	0	2236
ACATAGCGTTGGTAGAGTTGAGGCTCAAGA	0	0	0		0	849.6366859	0	0	765
ACATAGGTTGCTACATTCTCTAGCGTATGT	0	0	0		0	0	0	0	2217
ACATATTGTCATTCAGGAATGGCTGACTGG	0	0	2442.744125		1151.843972	0	0	0	1814
ACATCCTCTGTTTAGCGCTCTTCCTGGATA	0	0	0		0	0	0	0	5861
ACATCGCCATGCCTCAGATGGAATATTGTT	0	0	0		0	1625.466549	0	0	14387
ACATGACTAGGTATCAGTGGGTAGAAGAAA	0	0	0		0	0	0	0	1002
ACATGCCTTAATATTTATCTTCCCAGCCAA	0	0	0		0	0	0	0	921
ACATGGCGAAGGCGGGGACGGAGAGGACGG	0	0	0		0	715.7545414	0	0	0
ACATGGGGTGTAGGGGTCGCCCCGGGGGGG	0	0	0		0	0	0	0	2508
ACATGGTTTCGGGTTTCATCATGCAAACAT	0	0	0		0	0	0	0	11005
ACATGTCTTACTTGGCATTTGACACGAATA	0	0	0		0	0	0	0	1466
ACATGTTATTATCGGAATGTTCCTTTAGAA	0	0	0		0	0	0	0	19134
ACATGTTATTTGTGGTATGCGCATATAAGT	0	0	0		0	0	0	0	2133
ACATTCACACTATAGAATACGTAATATCCG	0	0	0		0	0	0	0	1088
ACATTTAGTTCCAGCGTTCGTTGGGTGGGA	0	0	0		0	0	0	0	737
ACCAAATTTATGATGAGTGCGTCATAAGGG	0	0	0		0	0	0	0	1893
ACCAACGGAAATTCGAAGAATCTAGCGCGT	0	0	0		0	0	0	0	1130
ACCAATAGTGGTGCGGTAGATTGGCAATTG	0	0	0		0	2864.734603	0	0	17097
ACCAATCTTACAAGGGTCTTAACTGTTACA	0	0	0		0	1951.589721	0	0	2604
ACCAATGTTTAAGAAGTAGGGGAGGGTGGG	0	0	0		0	0	0	0	8433
ACCACAGTTGGACCGATCTAATGGTTCATG	0	0	0		0	0	0	0	10543
ACCACATGTAAGGTTCAACAGGTGTCCCAC	0	0	0		0	0	0	0	2990
ACCACCAAAAGGGGGAGCGTTAACTTGGTT	0	0	0		0	0	0	0	1082
ACCACGCGATGGTCACTGTTATGGTTTGGA	0	0	0		0	0	0	0	898
ACCACTCGATTGGAATGGTAGCGTCTGTTC	0	0	0		0	0	0	0	3190
ACCAGCATTCCAGTCATACCATCCGTGTTA	0	0	0		0	664.2614089	0	0	0
ACCAGCCCAAGTCACTCCACGTCGTGCACC	0	0	0		0	0	0	0	1580
ACCAGGGAATCATGACCACTTCGTCAGAGG	0	0	0		0	0	0	0	1560
ACCAGGGCTTGTGTTCCTCGCATAGGCTTA	0	0	0		0	0	0	0	1362
ACCATAGTTTAAGAGTATTGGAACGCCGCA	0	0	0		0	0	0	0	2941
ACCATATGTCAGGTTCTTTAGCTATTAGTC	0	0	0		0	0	0	0	1807
ACCATGCTTGTATGTGGGATTTGAACACTC	0	0	0		0	892.5476296	0	0	0
ACCATTACTTGCAGCTGTGGCCACGGTAAA	0	0	0		0	0	0	0	1065
ACCCAACTAAACTGGTGGGCTGGGGCAACA	0	0	0		0	0	0	0	7365
ACCCACCATAACTCATAGCATGCTGGTGGT	0	0	0		0	0	0	0	2374
ACCCACGCTGTCCGCCAGGTACAACAAGCA	0	0	0		0	0	0	0	840
ACCCACTGTGTGCTAATCATAATTGATGTT	0	0	0		0	0	0	0	848
ACCCAGAATAGGGTATGGATTCTTTCCTTT	0	0	635.9732376		688.9929078	686.5750997	0	0	13521
ACCCCACGTCCAGGCGGCTCTGTGTGTTTG	0	0	0		0	0	0	0	1744
ACCCCCATATCATTAGAGAAATGCGTCGTT	0	0	0		0	0	0	0	6141
ACCCCCGGACTTGAAGGTATCCCAGTGGGG	0	0	0		0	0	0	0	1506
ACCCCCGTTATTTTCAACGCAATCACCTGC	0	0	0		0	0	0	0	4867
ACCCGAACTAAAGGAGTCGATAGGAAGTCA	0	0	0		0	0	0	0	2117
ACCCGAAGTTGTACGCCAGCTGTTGGCTGA	0	0	0		0	0	0	0	11348
ACCCGGAAAATTTGGATCATCCTGCGTTTA	0	0	0		0	0	0	0	5048
ACCCGGAGATCTGGTACGTACTGCATGCTC	0	0	0		0	0	0	0	637
ACCCGGTTATGGAGCCAAGTAGTGTGGGAG	0	0	0		0	0	0	0	9923
ACCCGTACAGTGGTATCTTGAAAACGGCGA	0	0	0		0	0	2963	0	20437
ACCCTCCTAGCTCTCTGACGACCGTTGATG	0	0	0		0	1208.372175	0	0	14144
ACCCTGGGAGACCAACTTTTGTGCGTATAA	0	0	0		883.4326241	0	0	0	25163
ACCGCATGTTAGGATTGCGTTCACACCAAG	0	0	0		0	0	0	0	1389
ACCGCGCCTAAGGCTCTTGATGGGTGATCT	0	0	0		0	2023.680106	0	0	776
ACCGCTCTTCTTCTGTCTGGTGGTACGGAG	0	0	0		0	0	0	0	1076
ACCGGGGTTGAAATAAATAAATTTAAGTTT	0	0	0		0	0	0	0	1608
ACCGGTTTAAGAACCTGACTGTTATGTGAC	0	0	0		0	600.7532122	0	0	775
ACCGTATTTCTTAATTATACTCATACAGGG	0	0	0		0	0	0	0	837
ACCGTCCGTGCTGGCCTGGGTGCGTTGGCG	0	0	0		0	0	0	0	9224
ACCGTCCGTGGCTTACTGGTACGCAGCCGG	0	0	0		0	0	0	0	25860
ACCGTCGATGCCTCATTTAAGAAGGATGAA	0	0	0		0	3702.356225	0	0	14185
ACCGTTATACTCTTTTAAGAGCGCACTCTC	0	0	0		0	0	0	0	2028
ACCGTTTAATCTTAGGAAGATGTTGTTATG	0	0	0		0	0	0	0	31098
ACCGTTTTTAGGTCTTGCACTAAAATCGGG	0	0	0		0	0	0	0	10391
ACCTACGAAACGGTCACCACTTCAACGGCA	0	0	0		0	2511.148427	0	0	13424
ACCTCTCAATTAATAGCGGGCTTGATTGTT	0	0	0		0	0	0	0	850
ACCTGCTAAGAGTGTCATAGAAAATATGGT	0	0	0		0	0	0	0	6131
ACCTGGAGACGGCGCAATGTGGATGAGATG	0	0	0		0	2844.13735	1530	0	0
ACCTTATTATTGGGATTATTATTTCACTGT	0	0	0		0	0	0	0	1832
ACCTTGTCATACCTCTATAGTTACAGCCGG	0	0	618.2721932		0	1429.792645	0	0	15664
ACCTTTTTTTGACTCACTACGGAGTAAAAC	0	0	0		0	0	0	0	1641
ACGAACGTAATTCAGCTGAAAGGAGCTCAA	0	0	0		0	0	1875	0	43643
ACGACAGTAATTGCGAATCGCACGGTACTT	0	0	0		680.5390071	0	0	0	915
ACGACGCTTGGGGCCGCAGGTTTGCGCTAA	0	0	0		0	1654.64599	0	0	1403
ACGACGGCTCCTGTTTCCCATAATAACTCA	0	0	0		0	0	8232	0	4221
ACGACGTAATCGATGGTGCCATGGAAGGCG	0	0	0		0	0	0	0	802
ACGAGATGTGCGCAATGGGAGGATAAGTGC	0	0	0		0	736.3517944	0	0	0
ACGAGCGATTACAGTTCGCCAAAGTCACGG	0	0	0		0	0	0	0	6024
ACGAGGCGATGGGATGCCGGAGTTGCCACG	0	0	0		0	0	0	0	764
ACGAGGCTTATCGTCCCGTATTCTAATGAG	0	0	0		0	0	0	0	7604
ACGAGGTATGTACAGAGCTCTCGTGGTATC	0	0	0		0	0	0	0	670
ACGAGGTGTTTGGCAGGTAAGGACGGCAAA	0	0	0		0	791.2778024	1992	0	12184
ACGAGTTAACTTGGGGTGGAAATTACGGTG	0	0	0		0	842.7709349	0	0	15555
ACGAGTTATATGCGACGTCTCGCGCGAAAG	0	0	0		0	0	0	0	829
ACGATGTGTGTACTTGTGTACCGCTACATG	0	0	0		0	0	0	0	2442
ACGATTTTTGGGGGAAGGGCCGGTCCCATA	0	0	0		0	0	0	0	5292
ACGCAATAACGTGCCACGAGGGATTCATTT	0	0	0		0	1651.213115	0	0	5495
ACGCACTTTCGGTTTGGGAAATTACTAAGA	0	0	0		0	0	0	0	1264
ACGCATCAAGCATCAGAAATATTTGCCAGC	0	0	0		0	0	681	0	0
ACGCATTATCGACCGCTCGTGCTACAGAGC	0	0	2024.240862		0	0	0	0	1188
ACGCCAGAAGAATTAGGGTCGATGAAGGGC	0	0	0		0	0	0	0	816
ACGCCCTATTAGATTTCGTCGGCTAGAGTC	0	0	0		0	0	0	0	676
ACGCCGTAATGGCCGGTTATGATGCTTTGG	0	0	0		0	0	0	0	8866
ACGCCGTGTCTTGGAGCTCATACGTTTGGG	0	0	0		0	0	0	0	4830
ACGCGAAGAATTCTATAGAGGTGACGACAG	0	0	0		0	0	0	0	3742
ACGCGATCAACGAGGAGAACGGGGCTGGTG	0	0	0		0	0	0	0	1745
ACGCGCCTAGAAAGGGCGCTTTGGTAAACT	0	0	0		0	0	0	0	2467
ACGCGCTATCGGAAGATTATACAGTATCCG	0	0	0		0	0	0	0	27699
ACGCGGTATTGGGTCTCTTGAAACTGCAGT	0	0	0		0	0	0	0	3996
ACGCGTATAAAGGTCCTTAGCTTATCGTGT	0	0	0		0	0	0	0	946
ACGCGTGAAGTAATACCCGTTATATTGATG	0	0	842.0639687		0	0	0	0	961
ACGCTAGGTGCGCGGCAGACAGTGGGTAAA	0	0	0		0	0	0	0	1798
ACGCTCCGACCATCTCTGAATAATTTATTC	0	0	0		0	0	0	0	1398
ACGCTGTATCCTTGTACGGCAATGGGTTAG	0	0	0		0	0	0	0	5149
ACGCTTTCAGGAGCCCGTGTGTGCTTAAAG	0	0	0		0	0	0	0	7788
ACGGAAAAATTTAGGGTTCAATAGGTCGAG	0	0	0		0	0	0	0	991
ACGGAAACATTCAAAGATTATCATGACGAT	0	0	0		0	762.0983607	4032	0	13844
ACGGAGGCAGTGTGGATGGCCGTCATCTGC	0	0	0		0	0	0	0	1214
ACGGAGTTACCGTGAAAAGATGGTTTAATG	0	0	0		0	0	0	0	862
ACGGCCCGTTGTTAATATTGTGATGCTGTG	0	0	0		0	0	0	0	6731
ACGGCCGCATGAGGGGGCTACGTTCTGGGA	0	0	0		0	0	0	0	2118
ACGGCCGTTGAGTTATGAGTATGTTCTCAC	0	0	0		0	0	0	0	596
ACGGCGGTATGCGGGTCCAGGGGTCGGGAC	0	0	0		0	0	0	0	854
ACGGGAAGTGGGTCTGGGCGAATTGGAGCG	0	0	0		0	0	0	0	6371
ACGGGAATTCGTTAAGGCACTAGCATTCAG	0	0	0		0	588.738148	0	0	693
ACGGGATCTTTGTATCCAGTTTGTACTCTC	0	0	0		0	0	0	0	23359
ACGGGCGTTCAAGCTCCGGCTGAAATGGGT	0	0	0		0	0	0	0	847
ACGGGCTAACTCGGACTAGATAGCGAGAGC	0	0	1484.359008		0	3376.233053	0	0	41235
ACGGGGGCTTGAACGACTATGGTCCCTCAC	0	0	0		0	0	0	0	1456
ACGGGGGGTTGATGGAGGGGGGTTGAGGTG	0	0	0		0	0	0	0	1170
ACGGGGGTTTATGTAGAATAATACGACAGG	0	0	0		0	0	0	0	692
ACGGGGTGAACAGGCACGCCATGAGGCTCG	0	0	0		0	0	0	0	3458
ACGGGGTGTGGCTGCTCGTTTCAATTTAGG	0	0	0		0	0	0	0	3019
ACGGTACAACTTTAAACTGATTGTAGAGAG	0	0	0		0	0	0	0	5067
ACGGTATCTATGCTTCAATCTGGGTGCAGA	0	0	0		0	0	0	0	1065
ACGGTCCCATAAGGGTGGGACAGATCAGAC	0	0	0		0	0	0	0	4095
ACGGTCTGAAAATCAGTTACCATACCCCGG	0	0	0		0	0	0	0	684
ACGGTTAGAAAATCATGGTCGTCTGTGTCC	0	0	0		0	0	0	0	2615
ACGGTTAGATTAACTGCAAGATCTCTTCAC	0	0	0		0	0	0	0	1325
ACGGTTGGTAATCATCCACGCTGCGTTACT	0	0	0		0	0	0	0	1070
ACGTAAATTGTAGCCGTTTGTCCACGCCGA	0	0	0		0	0	0	0	1025
ACGTATGAACTCGTAGGGAGACACGAGGTC	0	0	0		0	0	0	0	28980
ACGTATGTTGCGCTGGATGTTTTATGTTGG	0	0	0		0	0	0	0	4686
ACGTCAGTTGGCAGATCGGTCTTGCCCTGT	0	0	0		0	0	0	0	7501
ACGTCATAAGCTTACGTGTATAATTTGGTA	0	0	0		0	0	0	0	1022
ACGTCATCAGACGTGGGTCTCCGCTCGTCA	0	0	0		0	665.9778467	0	0	0
ACGTGAGCTCGTCCATAGCGGACGCTGCAG	0	0	0		0	0	0	0	845
ACGTGCATTGAAAGCGATGGGCGAAGCGAT	0	0	0		0	0	0	0	3554
ACGTGCCGATCTTTTTAAACCCAGGGTCAG	0	0	0		0	0	0	0	2167
ACGTGGTTTCCGAATGCTGGAATGTTGTCT	0	0	0		0	0	0	0	14156
ACGTGTGCTTCCTACCAGTCTGCGCAAAGT	0	0	0		0	0	2784	0	628
ACGTGTTATTTGCAGCTAGATACGAGTGAC	0	0	0		0	0	0	0	6345
ACGTTAAAATGGTTTTGTACCGTATCCCCT	0	0	0		0	0	0	0	779
ACGTTAACAGAGCATCGTGCGAATATTGGT	0	0	0		0	0	0	0	3399
ACGTTAGGATTATCCCGAGGGGTCGTCGTG	0	0	0		0	0	0	0	4215
ACGTTATGTGTGTTTACGAAGTGGCATAAC	0	0	0		0	0	0	0	1954
ACGTTCTCACGGGGCGAATGTGGGAGCGCG	0	0	0		0	0	0	0	17844
ACGTTGTGAAGGGTATGAGAAGATTAGACA	0	0	0		0	0	0	0	618
ACGTTTAAAATTAGGTAACAAGGCGGTATT	0	0	0		0	0	0	0	3138
ACGTTTGATGACGGTCACATGAGTAGGCGG	0	0	0		0	0	0	0	10319
ACGTTTTGTAAGGAGTAACTATCAGGGATT	0	0	0		0	1798.826761	0	0	13336
ACGTTTTTTGACGGCACGGACTCCACTTTG	0	0	0		0	0	0	0	2977
ACGTTTTTTGCTTAGGAGCCAGATTGGATG	0	0	0		0	0	0	0	1206
ACTAACATTAGGAATGTGCGGGGCTAGATA	0	0	0		0	0	0	0	3052
ACTAAGATTATTCGATCAAGAGGCTTGCTT	0	0	1247.923629		2278.326241	0	0	0	47045
ACTAAGTGACGTAGGGTGGAGAGTGAGGGC	0	0	0		0	1673.526805	0	0	0
ACTACAGTAAGTGCTCTGTGCCTGTGATAA	0	0	0		0	0	0	0	4005
ACTACGGGATGTATACTTCAAGCTTATGAG	0	0	0		0	0	0	0	13501
ACTACTGGTGGCCCTGTACCCCGGCTACCG	0	0	0		0	0	0	0	18531
ACTAGAGCTTTTCACGGAAACGCAAGTTGT	0	0	0		0	0	0	0	5865
ACTAGATTTACTCCCTCAGATCTAAGGGTG	0	0	0		0	0	0	0	32470
ACTAGGCCACTTCGTAACGTAGCGGAATGG	0	0	0		0	0	0	0	1619
ACTAGGGATGCTTATAGTAGTGTGACGCTA	0	0	0		0	0	0	0	624
ACTAGTCGAGAAGTCCAGACAATTGTGAGT	0	0	0		0	1144.863979	0	0	0
ACTATAATAACGGATGGTTTGCAGGTAACC	0	0	0		0	0	0	0	9436
ACTATACGATTATGTATTGGATTTGACGCG	0	0	0		0	0	0	0	8989
ACTATCAAATACATACGGTCGCGCCTGTTT	0	0	0		0	0	0	0	7342
ACTATCAATATATTAAGGCCTGGTTATTCA	0	0	0		0	7152.396101	0	0	4935
ACTATCGAACGGTTTATTTGCCAGGCAGAG	0	0	0		0	3455.189189	0	0	0
ACTATCGTATCCCAGAGGACGCCGTCCATT	0	0	0		0	0	0	0	2402
ACTATCTTTTTCGGAAGGGTATATCAATCA	0	0	0		0	0	0	0	1873
ACTATGCGTATATTTCTTAGAAGTAAGGGT	0	0	0		0	0	0	0	1234
ACTATGGTAATTTGGACTAAAGCATTTGCT	0	0	0		0	0	0	0	9355
ACTATGGTACTCGTGGGTATATATGACCGA	0	0	864.8224543		0	0	0	0	7766
ACTATTGTAGCCTATAATTTATACGCCTTA	0	0	0		0	0	0	0	2808
ACTATTGTATTTAGGAATGTAATGTGCACT	0	0	0		0	0	0	0	14471
ACTATTTTATAGAGGATTTTCCAATTAAAC	0	0	0		0	0	0	0	27473
ACTCAAGTTGTGTGGTATTTGGTGTGAACA	0	0	0		0	0	0	0	1083
ACTCATTTTCATTCTCACGTTTATATGCTG	0	0	0		0	0	0	0	4875
ACTCCCAAACGGGTGGGTCATCCGACCTAG	0	0	0		0	0	0	0	3831
ACTCCGGTAATGCAAGTGTAGGTGCGGATT	0	0	0		0	0	0	0	1589
ACTCGACATCCACACTGTTGCCTGGATAAG	0	0	0		0	0	0	0	6365
ACTCGACCTTGAAATCATGTTGTGATTAGG	0	0	0		0	1761.065131	716	0	8177
ACTCGATCTCTGTCATAAGTGGCTGGAGAT	0	0	0		0	0	0	0	17744
ACTCGATGTCCAGATTTTTAGAACTGAAAC	0	0	0		0	1493.300842	0	0	935
ACTCGGCTTTTAATTTGGCTAAAAGAGACG	0	0	0		0	0	0	0	1053
ACTCGGTTTGCGCTGTTGAGGCACTGGGGT	0	0	0		0	0	828	0	1323
ACTCGTCGTAATGTACCAGCTAATCACTTT	0	0	0		0	0	0	0	969
ACTCGTGAAGTTTCAGCAATCTGAGCATCA	0	0	0		0	0	0	0	2617
ACTCTAAGAGACCCGGAGTAAGGAGTATTA	0	0	0		0	0	666	0	0
ACTCTACGAGTTGATGCCGTAATATAACCT	0	0	0		0	0	0	0	3427
ACTCTAGGTGTTACAGGGCGAGTGGCGGAG	0	0	0		0	0	0	0	1207
ACTCTCCTATGTTTCCTATCATAATACACG	0	0	0		0	0	0	0	9864
ACTCTCGAAAGCTTCTTCATCCGGGCCGGT	0	0	0		0	0	0	0	5685
ACTCTCTTACACGTCGTATTCCGTACGGCT	0	0	0		0	0	0	0	16313
ACTCTGCAACCGAGCGGAAATACTGTGCAT	0	0	0		0	0	0	0	3595
ACTCTGCGAAGGTTTAGTGAGGTGTAGCTT	0	0	0		0	0	0	0	595
ACTCTGTATAGTGTATATAAGTTTATTTGC	0	0	0		0	1508.748782	0	0	25409
ACTCTTCGTCGGTACTGTATTTGAGACTGC	0	0	0		0	0	0	0	674
ACTCTTGAAATCTAGCCTAATCTTTAATGC	0	0	0		0	0	0	0	1333
ACTGAAATTGGCGGTGAGGTTTCGCTTGCA	0	0	0		0	0	0	0	1238
ACTGACGGTCGCTGCGTGTTCATACAAAGC	0	0	0		0	0	0	0	15307
ACTGATGATGCCGTTAGGTCTGTAAAAAGC	0	0	0		0	0	0	0	3015
ACTGATTTAGAAGGAACAGAACTCGGCGGG	0	0	0		0	0	0	0	2515
ACTGCAAATGATTGAGGTGAACGGGGGTAT	0	0	0		0	0	0	0	2309
ACTGCAAGAGGGGGATGGGTTGATACCGCG	0	0	0		0	0	0	0	22472
ACTGCACCACGGGGTCATGGGGACTCACGG	0	0	0		0	0	0	0	1006
ACTGCCATATAGGGGCGGGTATTCCGCAGG	0	0	0		0	0	1156	0	33751
ACTGCGATTTTCACATTCCCTGGCCTACGT	0	0	0		0	0	0	0	10459
ACTGCGCGAGACGAAGGAGGGGGGTTGGCG	0	0	0		0	1002.399646	0	0	986
ACTGCTAATACTACTGGCGGGGTGACGTTG	1873.578445	0	0		0	0	0	0	9768
ACTGCTCTATGGGGAGAATAAAGCTGTTTG	0	0	0		0	0	0	0	2638
ACTGGAAAATGAACGGTGGGCGGGATCTAT	0	0	0		0	0	0	0	1247
ACTGGACCTGAACGGTCATGTCCCTGGCCG	0	0	0		0	3280.112539	0	0	33517
ACTGGATGAGTATTGTAGGAGGTGGGACTG	0	0	0		0	0	0	0	15956
ACTGGCCGTTCAACTAATAGGTTGAGGGGA	0	0	0		0	0	0	0	5916
ACTGGCGCTAGGGGGTGGATTTGCAAGGTT	0	0	0		0	0	0	0	20462
ACTGGCGGAAGACTGCCGGGTTGCGTACTG	0	0	0		0	0	791	0	852
ACTGGGAGAGGAAGCGTTTGCGGAACCAGA	0	0	0		0	0	0	0	3252
ACTGGTACTTTTTAATTACAGGGACGCGGG	0	0	0		0	978.3695171	0	0	16678
ACTGGTCTTTTTGGGATTGTAGAATTCTGT	0	0	0		0	0	0	0	2806
ACTGGTGTTGCGATGCTGGTGGGGCAACTC	0	0	0		0	0	0	0	926
ACTGTAAGAGCGAGGCCCAAAGTATCTCGA	959.2510232	0	732.0646214		0	0	0	0	15474
ACTGTATCACTCCTATTGTTGATTTTAGTT	0	0	0		0	0	0	0	5010
ACTGTATCTTTAAGCTGATATTATCTTGCC	0	0	0		0	0	0	0	19141
ACTGTATGAGGTTACGTTCGGGACCGACAT	0	0	0		0	755.2326097	0	0	4449
ACTGTCTGATGGGTTAGTTGGAGTCGACTT	0	0	0		0	0	0	0	32687
ACTGTGAATTAAGCATGTAGGGCTGGCGGC	0	0	0		0	0	0	0	3420
ACTGTGGTACGCCTAGATGTTGGGCTTGTA	0	0	0		0	0	0	0	8330
ACTGTGTAATGGTCTCACGTGGTCATTGGC	0	0	0		0	0	0	0	3683
ACTGTTAAAACGCTCCGACGGGTATGATTG	0	0	0		0	0	0	0	1685
ACTGTTCCAGATTATGGGGAACTGGTTGTA	0	0	0		0	0	0	0	646
ACTGTTGTATAATTTAGGCATACAGTCATG	0	0	0		0	0	0	0	1130
ACTGTTGTTAGGCACACCGAGCAGCAACTT	0	0	0		0	0	0	0	2212
ACTGTTGTTTAATGACGAGCGGAGCGAAGG	0	0	0		0	0	0	0	4551
ACTTAAATTAGTTGAATAGGGATTTGAGTT	0	0	0		0	0	0	0	2983
ACTTATACAATTTGTGTGCGAAGGAGTCGA	0	0	0		0	0	0	0	4762
ACTTCAGATTCGTACGTTCGGAATTAGGGC	0	0	0		0	0	0	0	2270
ACTTCTACTGTGCGGGAGGGCTCTGGTATG	0	0	0		0	0	0	0	1869
ACTTCTAGTTGGGTGGTTGCATGGGACAAT	0	0	0		0	0	0	0	1146
ACTTGCGAAGGCCTTTTTGTTTCTCATATG	0	0	0		0	0	0	0	792
ACTTGCTCTGAGACCCCCGGTGCTTCATTG	0	0	0		0	0	0	0	11722
ACTTGGACTCGATGGACGTTTTCTACGTAA	0	0	0		0	3426.009747	0	0	6830
ACTTGGAGTAGGTTGTCACCCGCGGGGTAA	0	0	0		0	0	0	0	596
ACTTGGATTTTCGTGGGAGAACGTCTAAGT	0	0	0		0	1687.258307	0	0	0
ACTTGGCCAGTTGTGTAGAATAGGCATGAA	0	0	0		0	0	0	0	3229
ACTTGGTTATTGTCCGGTTAGTCGAATGAG	0	0	0		0	0	0	0	619
ACTTGGTTTTGTGTGGGAAGGGCGTGGGCA	0	0	634.7088773		0	0	0	0	4985
ACTTGTAAAGAGTCTCTAGAGATCTTACCC	0	0	648.6168407		0	0	0	0	0
ACTTGTACACGCGCCAACTCGAGACGGTCG	0	0	0		0	0	0	0	1737
ACTTTACCAGGTTGTTCAATCACCTCTTAA	0	0	0		0	0	0	0	33644
ACTTTAGATGGCCCTTATACAGTCTTGAGC	0	0	0		0	2629.582632	0	0	47597
ACTTTATGTTAACCATACTGCATCGAAGGT	0	0	0		0	0	0	0	1111
ACTTTCCCACGATCATGGTATATGAGGTAC	0	0	0		0	0	0	0	597
ACTTTGGAATCTAGGCTTATATCTCTCACC	0	0	0		0	2183.308817	0	0	1291
ACTTTGGATGTTAGTCAGGTTGAATTTATT	0	0	0		0	0	0	0	14352
ACTTTTGATCATTGGCTGGGGCATGCGCAG	0	0	0		0	0	0	0	1264
ACTTTTTGTGCGAGACAGAGACAACCCGTT	0	0	0		0	0	0	0	1261
AGAAACAGAGGTTGTGCCCGCGTGGTTGTG	0	0	0		0	0	0	0	5132
AGAAAGCAAGTACCTGATTACTTGACGGGA	0	0	0		0	0	0	0	738
AGAAAGCGTCGTGGCATGGCGCATGGGGTC	0	0	0		0	0	0	0	908
AGAAAGGGTAAGCGATTTTTTGATCAAGGG	0	0	0		0	0	0	0	1002
AGAAAGTAACCGAATGAAGATGTATTCCTA	0	0	0		0	0	0	0	1011
AGAACAGCTGCCACCAGCTAGCTGATGACG	0	0	608.1573107		0	0	0	0	10685
AGAACATTACTAAGGATAAGTCTTCTGGGC	0	0	0		0	0	0	0	608
AGAACCAGTGCTATATTGTGGGTGTAGAGC	0	0	0		0	0	0	0	2425
AGAACCTGACCGAGACTCTGTTAGACAAAT	0	0	0		0	0	0	0	2583
AGAACGTGTAAAAGGAGACGGTGCTGGGGT	0	0	0		0	0	0	0	9766
AGAACTATTGGGTTATCCGCGTCCGGTTGG	0	0	0		0	0	0	0	966
AGAACTTATCGCCGGATCGCGGTATATCGC	0	0	0		0	0	0	0	3547
AGAAGAGATCATGACCGTGCTTGCGTAACT	0	0	0		0	0	0	0	2755
AGAAGCGGACAGTTCCGTTGGAGATGGACA	0	0	0		0	0	0	0	3570
AGAAGGGGTGGCGGTAATGCTGTGACGCGG	0	0	0		0	0	0	0	11926
AGAAGGTTTGTAGCTTGGGCAGATACGATA	0	0	0		0	0	0	0	2135
AGAAGTATAGCATTTTGTACAGAGTGTTGA	0	0	0		0	0	0	0	772
AGAAGTGCTCAGATGCAAGGTAGGTAGGTG	0	0	0		0	0	0	0	668
AGAATATGACACATACGCGCATGAGCACTT	0	0	0		0	0	0	0	36811
AGAATCCTCTGCTACGAAACCCGTAGTTTT	0	0	0		0	0	0	0	3703
AGAATGGTACGTGATTTATCTGCGTACGGA	0	0	0		0	0	0	0	2757
AGACACCAAAAGCTGGTATCTGACGGAAAG	0	0	0		0	0	0	0	2117
AGACACTGAACGGGGTAAGGTCTCGCTGCG	0	0	0		0	913.1448826	0	0	6833
AGACATGTAGATATTATGGGGGCTCTACGT	0	0	0		0	0	0	0	961
AGACATTATGCTTGTGAGTTGGTCCGTGAA	0	0	0		0	0	0	0	2950
AGACATTATGTACGCAGGAAATGCTGAGTG	0	0	0		0	0	683	0	847
AGACCGGTAGGGCGGGTGTGAGTCGGATTA	0	0	0		0	1098.52016	0	0	43660
AGACCGTGATACCGCCTAGTCATACAGAGG	0	0	0		0	0	0	0	5411
AGACGAGCTATCAGATAGGTTCTGCCATAT	0	0	0		0	832.4723084	0	0	29029
AGACGAGCTATGCGGACAGATTCGGTACGG	0	0	0		0	0	0	0	21118
AGACGTCAACTTTTATTTGTTGGAGGCCAT	0	0	1082.292428		0	0	0	0	25419
AGACGTCGTTTGACAATGTCGTGCCCAATT	0	0	0		672.0851064	0	747	0	0
AGACGTGCTATTGCTCGCTACATCGATAAT	0	0	0		0	0	0	0	793
AGACTAAGACTCCGGAGCGGATGGCTCAGG	0	0	1763.782637		0	0	0	0	982
AGACTCCGTAGGGTACGAGCTCACATCAGT	0	0	0		0	1517.33097	0	0	716
AGACTGCTTGTCCCGACCGGTCGAATAGGT	0	0	0		0	0	0	0	1196
AGACTGGCTGAGGATTATTCTAATGGATTG	0	0	838.2708877		0	0	0	0	18214
AGACTGGTTTCGGCCCCTTAGGGGGAAATT	0	0	0		0	0	0	0	1558
AGAGACCCTTGACAACTCACGTACATTTAC	0	0	0		0	1539.644661	0	0	1307
AGAGACGATGGACGAAGACCGTTGATAATA	0	0	0		0	0	0	0	12236
AGAGAGCGTAGTACAACGGATTAGTGCAAC	0	0	0		0	0	0	0	3464
AGAGATCTTTCTTGGGTCAACAGAGAATGC	0	0	0		0	0	0	0	1802
AGAGCCTGAGGTAGGCAAGGACGTATGCAC	0	0	0		0	0	0	0	2094
AGAGCGAGTGATTTAGAGATAGCTTACATT	0	0	0		0	0	0	0	3388
AGAGCGCCTCGGGAAACCTCTTAGTTGGGA	0	0	0		0	0	0	0	2357
AGAGCGCTAGACTGCTGCATGCTCAGGTTT	0	0	0		0	0	0	0	16673
AGAGCTGTATGTAAAAAGTCTCGGTTCAAA	0	0	0		0	0	0	0	6116
AGAGGAAATGTTCATCGTGGACGGATCTCT	0	0	0		0	0	0	0	17262
AGAGGAAGATAAGTTAATGGCTTTATCATG	0	0	0		0	0	0	0	2497
AGAGGAGGACCTGAGTCTGAATGGTACGGA	0	0	0		0	0	0	0	12683
AGAGGAGGTTAGAGACACGGAGAGCGCGTG	0	0	0		0	0	0	0	12227
AGAGGAGTAACAACAGATCTCGGAGCTTCG	0	0	0		0	0	0	0	1421
AGAGGATTTTGAAGGTGCGCGGGAGGGTAA	0	0	0		0	0	0	0	1419
AGAGGGCTTGTGAGCTGCGCACACGCCTAA	0	0	0		0	0	0	0	22276
AGAGGTAGAAAAACCTGTTGAGCTGTAGAG	0	0	0		0	0	0	0	1168
AGAGGTAGATGGCTTTCGCTTCCGGAGTCG	0	0	0		0	0	0	0	4949
AGAGGTCGTCACCGGGCCAGGGTCCCGGAA	0	0	0		0	0	0	0	2505
AGAGGTTGTAACCCGCGAGCTCGGTCCATG	0	0	0		0	1210.088613	0	0	21764
AGAGTACATGCTTCTACTCGCCGGACTGAG	0	0	0		0	0	0	0	5925
AGAGTATATAGTTTACTGTTCTGCTAACAT	0	0	0		0	0	0	0	4641
AGAGTATGTGTCATGTCTTGTAAATTGACG	0	0	0		0	0	0	0	2751
AGAGTCATTTTTTAAGGTCAAACCGGAATA	0	0	0		0	0	0	0	3152
AGAGTGAAAGATGTCAAAAACTATGGACCG	0	0	0		0	942.3243243	0	0	18128
AGAGTGCTTGGGGATATACGACTCATTCGC	0	0	0		0	0	0	0	8973
AGAGTGCTTGTTGTAGGTGTATCTGGGCAT	0	0	0		0	0	0	0	1133
AGAGTGTCATACTGTGTTTTCGTGCTTTTA	0	0	0		0	0	0	0	16574
AGATACTATCTTAATGTAGCGGGGGCATGT	0	0	0		0	0	0	0	1136
AGATAGAAAGGTATGTTGCTTTCCGTGCTG	0	0	0		0	0	0	0	10276
AGATATATTGGGGTTAGAACGTGGGAGGAG	0	0	0		0	0	0	0	854
AGATATGCTAAGCAAGTCTTGTGACTCGAT	0	0	0		0	0	0	0	8042
AGATATTGTATTTTGAGCTATCTTACTGCG	0	0	0		0	624.7833407	0	0	921
AGATCACCAGCCTAGATGGGCCGGGGTGAA	0	0	0		0	0	0	0	2283
AGATCAGTTAGGTAGAATCTTAGCGCTACA	0	0	0		0	0	0	0	1693
AGATCCAAAAGTTTAATGTGTGACTAACCA	0	0	0		0	0	0	0	9824
AGATCCAGTCTATAATGGCAGATTTAGCGA	0	0	0		0	1434.941958	0	0	18195
AGATGACCAAGTATGAATAGGCGCGCAGCG	0	0	0		0	2445.923793	0	0	1792
AGATGACGTTAGGCTTCTGATGGGTAAGAG	0	0	0		0	0	0	0	6905
AGATGAGAAAAAGCCTCATTATGTAGCGAT	0	0	0		0	0	0	0	3835
AGATGCCCAAGGTGGGGGGCAATTCGTGTT	0	0	0		0	0	0	0	663
AGATGCTGAGCTAAGAAGGGATCAGCGGGT	0	0	0		0	0	0	0	1695
AGATGGATTGGATGGAGGTGTTGGACTTTA	0	0	0		0	0	0	0	6008
AGATGGCCTTTGGTAGAATGTGATGGTAAT	0	0	0		0	0	603	0	7961
AGATGGGCACATACAACAAGGTGTGGAAGG	0	0	0		0	0	0	0	1367
AGATGGTTAAAAAATTGAAATTCCAGTATA	0	0	0		0	968.0708906	0	0	31506
AGATGGTTTGAGTGGTTGGGGGTGCAGGGC	0	0	0		0	0	0	0	4068
AGATGTACAGGCGGCGAATGTAATGCGGAG	0	0	0		0	0	0	0	1031
AGATGTAGTTGTGGGGGCTCCCAGGGATAG	0	0	0		0	0	0	0	9378
AGATGTGATATGATGGAGCTGGGGACAATA	0	0	0		0	0	0	0	4016
AGATTAGCTGGGGCTATGGTGATATCAATG	0	0	0		0	0	0	0	802
AGATTCTAATTCCGCGTTTTTAATAGAATA	0	0	0		0	0	0	0	30603
AGATTCTCAGAAGAATTAGAGCCTTATGAG	0	0	0		0	0	0	0	628
AGATTTAATAGATGCTCTAGCTAGGTATGA	0	0	0		0	0	0	0	3445
AGATTTAGTCGGGGGGTCCGCAGAGGGTAC	0	0	0		0	1014.41471	0	0	3588
AGATTTTGAGGGTGGAGCCGGCTCAGAAAA	0	0	0		0	0	0	0	7987
AGCAACAGAGAATCATGCATGTTGGGGTAT	0	0	0		0	0	0	0	8286
AGCAAGGAAAGTCAAGGGACTCTTTGCAGC	0	0	0		0	0	0	0	19215
AGCACATGACTCTTTTGGTATTCGTAATTT	0	0	0		0	0	0	0	6135
AGCACCATTAAAGCAATTTCAACAAGTGTT	0	0	0		0	1424.643332	0	0	3454
AGCACCTCTTATTGGGGATTTACGAACAAG	0	0	0		0	1158.595481	0	0	1368
AGCACTCTTGCTGTGGAAACGATCCGCGTG	0	0	0		0	0	0	0	666
AGCACTGCTGCTTTCTTTGCATTTTGTGTT	0	0	0		0	0	0	0	4186
AGCACTTAATCGCATAATACCAGGTATCAC	0	0	0		0	954.3393886	0	0	2144
AGCAGAGGTGTAGTCTGGGTTGGTTTAGTT	0	0	0		0	0	0	0	689
AGCAGGGCAGCGCTGTCAGATGCGTTGAGC	0	0	0		0	0	0	0	1777
AGCATCGGTGTCCAGTGGGTCCGAGCCCGC	0	0	0		0	0	0	0	34923
AGCATTCGTGATAGCGTACGCCCCGACTGT	0	0	0		0	0	0	0	4714
AGCCAAAATCATGCTATTGAAGCACGCTGC	0	0	0		0	0	0	0	1226
AGCCAAATTTATAATCCCAGTTGGTATTCA	0	0	0		0	0	0	0	29641
AGCCAAGGTGCCTCCACGCAGGACGAAGGC	0	0	0		0	1089.937971	0	0	1160
AGCCAGGGACGAGGATCTAGGGCTGAGGGG	0	0	0		0	0	0	0	1647
AGCCATCCTCAATAATTGATTATGGACATG	0	0	0		0	0	0	0	18211
AGCCCTGGACTCCAAGCGGGGTGGACAGGG	0	0	0		0	0	614	0	0
AGCCGAATTGCCCCTATGGCCGCTTGCGCT	0	0	0		0	0	0	0	770
AGCCGCTTTGGGTGGCTGTAGGGGTAGTCG	0	0	0		0	0	0	0	8568
AGCCGCTTTGTCACGTGCTGGACGGCAGTT	0	0	0		0	0	0	0	802
AGCCGGCGAATACGGGTAGCCAGGTGCTGT	0	0	748.5013055		0	0	0	0	923
AGCCGTTAAAAACCAAGTAATTGTCGTGCG	0	0	0		0	0	0	0	10989
AGCCTAGATTGATATGCTTTTTGGATCGTG	0	0	0		0	0	0	0	3760
AGCCTATTTGCGTTAGGGGGCGAGTTCCCA	0	0	0		0	0	0	0	20708
AGCCTCCTTTAAAGGTCCAAAACGTACTTG	0	0	0		0	3626.832964	0	0	0
AGCCTGAATCACAGGTGTCGGGCAGAGGAG	0	0	0		0	0	0	0	9814
AGCCTGTGAGCGGTTAGAATGCAGAGTATG	0	0	0		0	0	0	0	7863
AGCCTTCGAACTTAATCTACACGGCTTATG	0	0	0		0	2176.443066	0	0	905
AGCCTTTCTCCTTGGTTTGGTTCGTTGGTT	0	0	2402.284595		0	1115.684537	1610	0	32455
AGCGAATGTGAACACACCTTTCGCATGGAT	0	0	0		0	0	0	0	1659
AGCGCAGTATCTCAGGGTCGTGCGTTGGTC	0	0	0		0	0	0	0	2315
AGCGCTGCATGGTGGTATGAAGCTGGACGG	0	0	0		0	0	904	0	0
AGCGCTTGTGAAGGCAAGGAGGCTGGCGCG	0	0	0		0	0	0	0	7217
AGCGGAGAAGGAGTCAAGATAGCTACATGT	0	0	0		0	0	0	0	5377
AGCGGAGGTTTGCGAGTTGGAAATTCACAT	0	0	0		0	0	0	0	2855
AGCGGATAATAGGGCCGGGCAAAGCTCTTT	0	0	0		0	1000.683208	0	0	0
AGCGGGGCTTCGATGCACGCCTCTCGGTAA	0	0	823.098564		0	0	0	0	1859
AGCGGTGTTAAGTGAATAGACTAGAAAAGT	0	0	0		0	0	0	0	2312
AGCGTAAAATCACAGCCCACAGATGTAGTA	0	0	0		0	0	0	0	6503
AGCGTCCATTGGCTCCTGCGCTTTGTGTCA	0	0	0		0	846.2038104	0	0	987
AGCGTGAATATTCACAGTAGCAGCGCAGCT	0	0	0		0	0	0	0	1517
AGCGTTCAATGTGCTGTAAAGCATATCAGT	0	0	0		0	0	0	0	3927
AGCGTTGATCGATCGTTCGAGTCGACGTAA	0	0	0		0	0	0	0	3431
AGCGTTTATGATAGTTAATGGTGTCCCTGT	0	0	0		0	0	0	0	1624
AGCTATCTACCTGCAATTATATAGCTTGAT	0	0	0		0	0	0	0	6541
AGCTCGTGTCATTGCAAGCGCGTATGAAAT	0	0	0		0	0	0	0	1407
AGCTCTAGTTCAAGGAGTAATCGCCCTTAT	0	0	0		0	0	0	0	4196
AGCTGCCGTCCTGTTGGAGCCGGTGATTGC	0	0	0		0	0	0	0	891
AGCTGGAGTATAGCGGGAGAAACGGTACAG	0	0	0		0	0	0	0	773
AGCTGGGAATTGCGATTTTCTGGAGGTTAA	0	0	0		0	4781.995569	0	0	615
AGCTGTGCATCCAATCCTGAGTCGGCCTGG	0	0	0		0	3063.841382	0	0	943
AGCTGTGGATTAAACCAATGCTAGTCCCAG	0	0	0		0	0	0	0	1227
AGCTGTTATAGTGATAACCGGCGGATGTTT	0	0	0		0	0	0	0	2725
AGCTTACAATTGACGGGTCTATACCGCCCT	0	0	0		0	600.7532122	0	0	0
AGCTTAGGAGAGCCGATGCCGTTGGATGAT	0	0	0		0	0	0	0	17862
AGCTTATGTTGCGGCTCGAAATACGTTCTG	0	0	0		0	0	0	0	1420
AGCTTCTGAAACGGCCGCTTCGTTTCTATC	0	0	0		0	0	0	0	1425
AGCTTGAAAATTCATGCGTGCCGTCTACAA	0	0	0		0	0	0	0	2833
AGCTTTCGTTTGTACACAATGGCGCTAGTG	0	0	0		0	0	0	0	4086
AGCTTTGCTTTATTTCAAGATCCAGGCGTA	0	0	0		0	0	0	0	4020
AGGAAACATTAGTGAGCGACGGTTAGAGTG	0	0	629.651436		0	0	0	0	1940
AGGAAATAAGTAATCGGCGACTACTGAGGA	0	0	0		0	0	0	0	1067
AGGAAATGATCGCTTTTGTGTTTTGTCGGC	0	0	0		0	0	0	0	1194
AGGAACCTAGCCCAAACGAGTTCTGGCGCC	0	0	0		0	0	0	0	948
AGGAACGCTCCTAGGGCTCGATTAGAGCAG	0	0	0		0	0	0	0	1463
AGGAACGTACAGGCTGAAAGAATAGTACTC	0	0	0		0	674.5600354	0	0	0
AGGAACGTATTTAAAAATGCCGCTAGTAGG	0	0	0		0	1007.548959	0	0	640
AGGAAGAGAGTAGTTCTGGTGCAAGAACGC	0	0	0		0	0	0	0	3065
AGGAAGATTCACTAACTGGAGTTATTAGAC	0	0	0		0	0	0	0	630
AGGAAGCCTTGAGGGTGGAGAGACGGAGGG	0	0	0		0	0	0	0	815
AGGAAGGTTGTTTGAGTGGAGCTGGACGGA	0	0	0		0	0	0	0	20112
AGGAATCAAGACCTAGGGTCAGGGAAGGCC	0	0	0		0	0	0	0	37148
AGGAATGGACGTGGGGTGGCTTAGTGCGGG	0	0	0		0	0	0	0	983
AGGAATTTAGCCCTTTTGCCTGAGCTTAGG	0	0	0		0	0	0	0	4127
AGGACATCTTCATTGAGCCGGTGGGGGCGA	0	0	0		0	863.3681879	0	0	0
AGGACATTAATAGTTAGGTCCCGAGCTCTG	0	0	0		0	0	0	0	1289
AGGACATTTAGTAATGGCGCGTATATACGC	0	0	0		0	0	0	0	11574
AGGACCACTTACTATAGCTGGGTGTTTGGT	0	0	0		0	0	0	0	889
AGGACCGGACCATCACACAATAGCTGTGAT	0	0	0		0	0	0	0	722
AGGACTGAAATCCTATCCCCGGGAATTTGC	0	0	0		0	0	0	0	5594
AGGAGGCATGACATCGCGGTTAAGTACGCT	0	0	0		0	0	0	0	1673
AGGAGTGTTAGTAGGGGAGGTATTGATAGG	0	0	0		0	0	0	0	26776
AGGATACCTCGATGTTTAAAGGTAAACGTA	0	0	0		0	0	0	0	5491
AGGATATTAGCGCGCGGCGTAGCTAGGTGG	0	0	0		0	0	0	0	670
AGGATCAGTAAGGAAGCCGAGTCAGTAGTT	0	0	0		0	0	0	0	16610
AGGATGACTGGTCTAAAGGGTCGTATCAAT	0	0	0		0	0	0	0	2794
AGGATGCTATTGTGAAGCTCGGAAAATGTA	0	0	0		0	0	0	0	878
AGGATGTATACTAGGGCGCAGCGGCGCGGC	0	0	0		0	0	0	0	17923
AGGATGTATGCCTATGGGAGATAGTTCATT	0	0	0		0	0	0	0	2177
AGGATGTGTCACGAGAGTGTTGATTATGTC	0	0	0		0	0	0	0	6016
AGGATTAAACCCGGGTCCAATGCTATGTAA	0	0	0		0	0	0	0	1906
AGGATTACTAGGAGGATTTGGGCTCAGGTT	0	0	0		0	2564.357997	0	0	31132
AGGATTCAATGATGAACGTCATTGTTTTCA	0	0	0		0	0	0	0	1351
AGGCAATGAGAAAGGCAGTAAGAAGGCGCA	0	0	0		0	0	0	0	1092
AGGCACTCAGGTGAGTGGGGATGAGCCACG	0	0	0		0	1062.474967	0	0	1779
AGGCAGCCTAGTAAGTGCCATGCATACTTG	0	0	0		0	0	0	0	12458
AGGCAGTGTGTTAGCGTGGCGGGGCGTGTG	0	0	0		0	0	0	0	696
AGGCATCGTCGAAAGGGCTGCGGGTACGTA	0	0	0		621.3617021	0	0	0	12213
AGGCATGGACAGTAGGTTAGTTGCGGCTGT	0	0	0		0	0	0	0	693
AGGCCATATCGGCTCTTGGCCCTTAAGCCT	0	0	0		0	703.7394772	0	0	0
AGGCCATTAGTTGGTCAAGGTCCAGGGATT	0	0	0		0	0	0	0	2902
AGGCCGTTTTCTCTGGGCAAATGAGGTGTC	0	0	0		0	0	0	0	13452
AGGCCTGATTGTTGTACTCAGAAACATGTA	0	0	0		0	0	0	0	1238
AGGCCTGTTATAGCTGAGTCCGTTTAGGTA	0	0	0		0	0	0	0	3080
AGGCGATTTTCCGTTTGGTAGCGCGGGTGC	0	0	0		0	3012.34825	0	0	17547
AGGCGCATAGCGAAGGCTGTACAATTATGG	0	0	0		0	0	0	0	1187
AGGCGCCCTCGGAGTAGCTGACGCACTGCC	0	0	0		0	4155.495791	0	0	30484
AGGCGTGAACGTTACACGGAGAGATTTGGG	0	0	0		0	0	0	0	6800
AGGCGTTTTACAATGCGACTGGGTAGGGGC	0	0	0		0	0	0	0	8289
AGGCGTTTTCTGCTGCGTCATGCAACTGTA	0	0	0		0	1649.496677	0	0	0
AGGCTACTTTGGGCGGTTGAGGGGCTAACC	0	0	0		0	0	815	0	1413
AGGCTAGGTTTACCGAGGGTTAACTAGGAG	0	0	0		0	0	1856	0	14421
AGGCTATCTCACATTCCCCGTCCCATTGTC	0	0	0		0	0	0	0	9955
AGGCTGTGAGGGCGAGCCGCCATTTCGTTC	0	0	0		0	0	0	0	17285
AGGCTGTTTGCGTACTTGTGGAGTATATTA	0	0	0		0	0	0	0	811
AGGCTTATTTAGGAGGTACGGGTACGACGA	0	0	0		0	0	0	0	1419
AGGCTTGTTTCTATCAGCTCATTATTATCG	0	0	0		0	0	0	0	2718
AGGGAAAATATTGCTCGATTACAGATGGGT	0	0	0		0	0	0	0	2236
AGGGAACCTTCAATAAGGAAGCTACCCTGG	0	0	0		0	0	0	0	4490
AGGGAAGATTAGTTGGTTATAAACGGTCGC	0	0	0		0	0	0	0	2671
AGGGAAGGTCGCACTCGAGCACAGAATCAG	0	0	0		0	0	0	0	19306
AGGGACTGATGAGAGCGTAGGGGACGGAGA	0	0	0		0	0	0	0	26012
AGGGAGAGTGGGGCAGTCACGTGGGGACGC	0	0	0		0	0	0	0	5119
AGGGAGGGTACGCGATGATGCTATAAGTGA	0	0	0		0	0	0	0	1485
AGGGATAGAAGCTGACTAAAAAGATGTTTT	0	0	0		0	0	0	0	741
AGGGATGAACGAATTGGCGACGCTCGTTAG	0	0	0		0	0	0	0	1204
AGGGATGATCCGAAGGCCTTGGACGGGTTC	0	0	0		0	0	0	0	1236
AGGGATGTTAGCATAGGGCGGGAAAGACCA	0	0	0		0	0	0	0	1160
AGGGATTGATCTATGGTTGAAATCTAGTGT	0	0	0		0	0	0	0	30286
AGGGCAAGTGTAAGTACGCAGCACCATGCA	0	0	0		1306.12766	0	0	0	0
AGGGCCGCATGCCGGGATGCGGTGGGTTTG	0	0	0		0	0	0	0	10590
AGGGCGTAAGAGTCAAACATAGGACCAGCA	0	0	0		0	0	0	0	589
AGGGCGTGTTGGGGGTGGTGAGTCTGGTGT	0	0	0		0	0	0	0	706
AGGGCTAGATGGAATTGAAGTACAAAGGTG	0	0	0		0	1110.535224	0	0	12195
AGGGCTAGATTTGGAACGAATTGCGACAGC	0	0	0		0	0	0	0	3366
AGGGCTATTCTTTAGAATCTGCCAGCCCAC	783.5204638	0	629.651436		0	0	0	0	6048
AGGGGCCGTCACGGGTGGCTGTGGTGAGTT	0	0	0		0	0	0	0	5669
AGGGGCGTTGGAGTCAGGAAGTCGTAATAT	0	0	0		0	0	0	0	13383
AGGGGGAGAAGTGATATCCGAATGTTTGCT	0	0	0		0	1927.559592	0	0	0
AGGGGGCAACGCCTGCCGCGGTCGTTGCAA	0	0	0		0	0	0	0	879
AGGGGGCGTTCCGGCGTTGTAACTCGCGCA	0	0	1156.889687		2743.29078	0	0	0	39395
AGGGGGGCAGGACCCGCCGACATGGTGGTG	0	0	0		0	2433.908728	0	0	14767
AGGGGGGGTTTATGCGGGTAGGTGTGAATT	0	0	0		0	0	0	0	23980
AGGGGGGTAGACATCATCTTCCAACAGGAA	0	0	0		0	0	0	0	2789
AGGGGGTGAAAAGACCGGGTGTCGGTACAC	0	0	0		0	1639.198051	0	0	1113
AGGGGTCTAAATTGTGCTACATACATGGCT	0	0	0		0	0	0	0	1596
AGGGGTGGAAGGGGGATGACGCGAGCGGCT	0	0	0		0	0	0	0	1912
AGGGGTTTAGAGAGTGGACACAGGGTTAGT	0	0	0		0	957.7722641	0	0	0
AGGGTAGCAGGATTAAGTATGCGGAATGGC	0	0	0		0	0	0	0	24125
AGGGTAGGTTCCATAGTAAGACCCCACATA	0	0	0		0	0	0	0	2077
AGGGTAGTAGAGAGTAGATAGGTAGCTGCC	0	0	0		0	0	0	0	2776
AGGGTATCAGTCTGCGGGTATGTGAAGGGT	0	0	0		0	0	0	0	29069
AGGGTATTAGCGTAACCGTCCAGTTGAGGA	0	0	0		0	0	0	0	1476
AGGGTCTTAACAGACAGTGGACACCGGTAA	0	0	0		0	0	0	0	7055
AGGGTTGGTGGAAGATGTACGGCAATGCTT	0	0	0		0	0	0	0	7502
AGGGTTGGTGTTAACATAAGGGCATGTTAC	0	0	0		0	0	0	0	2965
AGGTAATGACAGATGATGTGGTTTCGCAAC	0	0	0		0	0	0	0	1549
AGGTAATGTAATCTTCATACGTCGTGTAAA	0	0	0		0	0	0	0	19987
AGGTAGGCATGGGCCCATTATGGTAAAGGT	0	0	0		0	0	0	0	1997
AGGTAGGGATCGCGTAGGACGAAGGGATAG	0	0	0		0	0	0	0	26865
AGGTATAGTCCGGTCCCGACTCCGTGGTCT	0	0	0		0	0	0	0	2489
AGGTATGGTAATCTGCCCCGTTAGATCAGT	0	0	0		0	0	0	0	4526
AGGTCGGGTGCATACCCTGGGAGGCCTCGT	0	0	0		0	0	0	0	682
AGGTCTGATATGTTGAATGTAGCGCCATGC	833.7291951	0	1356.658616		0	0	1263	0	59696
AGGTGACGTGGAGTGGACAGAATTTCTAAT	0	0	0		0	0	0	0	35510
AGGTGATGAGCGCGACGGCGCTTATCGACT	0	0	0		0	0	0	0	899
AGGTGCAATTTTCAAACTAAGAAGGTGCTG	0	0	0		0	0	0	0	2864
AGGTGCTCATGGAGTCAGTCTGCGTGCTCG	0	0	0		0	0	0	0	2533
AGGTGCTGATAGGGCTGAAAATGCCAGGGG	0	0	0		0	0	0	0	6790
AGGTGCTGTCTTCAAGGTGAGTGGTACCGC	0	0	0		0	0	0	0	3228
AGGTGGCGAGCCGTACTGAGAAACTACTGT	0	0	0		0	0	0	0	8763
AGGTGGGGTGAGCGGCGTGGTAGGTCGCAG	0	0	0		0	0	0	0	1378
AGGTGGTAAGCTGCGCTCGGAGTGAAATGA	0	0	0		0	0	0	0	30744
AGGTGTCCATATGATTGCTGGTGCCCGGAT	0	0	0		0	0	0	0	3550
AGGTGTGCAGTCCGCTAAGTCGGTTAAAGT	0	0	0		0	0	0	0	2911
AGGTGTGTTGAAATTTTTCTGGTCTACCTC	0	0	0		0	0	0	0	15196
AGGTTAAAAGGGGGCGCCTGCAATCAATAG	0	0	0		0	0	0	0	12025
AGGTTAAAATTATGAGGCCCATGCGATTTG	0	0	0		0	0	0	0	1361
AGGTTAGGAATCAATCAGCTGCTATATTGA	0	0	0		0	0	0	0	16921
AGGTTAGGTAGGTACAGGTGTGCGGTCTGA	0	0	0		0	0	0	0	11092
AGGTTATCTTGAGGATTTATGGCCTGATGA	0	0	0		0	0	0	0	855
AGGTTCAAATTTAGTGACCAGTTTGGGTGC	0	0	0		0	645.3805937	0	0	0
AGGTTCTCAGTGTATATAGCTTTCTTTCAA	0	0	0		0	638.5148427	0	0	1237
AGGTTGATTGCATATTGTGGTACAGTGGGC	0	0	0		0	0	0	0	1059
AGGTTGGAATAGGGTGGCATGTGTATGGTG	0	0	0		0	0	0	0	4184
AGGTTGGGTGTATGCGCCATAAGGTGGCCC	0	0	0		0	0	0	0	4071
AGGTTGTTACTAGACATCGCTGATGATTAC	0	0	0		0	0	0	0	1845
AGGTTTGGAATTTTGGGATGGGCGTAGTCG	0	0	0		0	0	0	0	24087
AGGTTTTGTGCAGGGGAAGCTTGATTGTAC	0	0	0		2018.368794	0	0	0	692
AGGTTTTTTCGGATAGTGGAGGCCCGCATG	0	0	0		0	0	0	0	4814
AGTAAAGCTCCTGCGACCCAGTGAATTGCT	0	0	0		0	0	0	0	1229
AGTAAATCAGGTCCCTTAAAAAGAGAAAGG	0	0	0		0	0	0	0	7117
AGTAAATGATGCGTTGTTGACGTGAACTTG	0	0	0		0	0	0	0	31345
AGTAACAGAGGGGCGTGCGAGGGAGGGGCA	0	0	0		0	0	0	0	1135
AGTAACTTTTTTAGGCGTAGTACGGAGAGG	0	0	0		0	0	0	0	12494
AGTAAGAATCGTTATGTTAACGCAGCTTAC	0	0	0		0	0	0	0	1163
AGTAAGAGTGTGCGGGCAGACCCACGCGGG	0	0	0		0	942.3243243	0	0	2023
AGTAAGCGTCGGTGGCAAGGCATGCACTAG	0	0	0		0	0	0	0	7832
AGTAATACTTTGGGTGTGGTCTGACAAAGG	0	0	0		0	0	0	0	762
AGTAATATTTGTTACTTACGGTTTGTCTTA	0	0	0		0	0	0	0	5309
AGTACGCCTGTGCTGGGGGAGGGTGGCGCG	0	0	0		0	0	0	0	1394
AGTACGGTTCAGCGTATCACGAAGGCTAGA	0	0	0		0	0	0	0	1327
AGTACGTTAGGGATGCCTGCTGGAGGAACG	0	0	0		0	0	0	0	753
AGTACGTTTCATCATCATTTCGTAGAATTG	0	0	0		0	0	0	0	1953
AGTAGAGCTTGCTCCTTTCGACGAGTTTGC	0	0	0		0	0	0	0	1885
AGTAGATTTTTATGTAAATCATGGCCCGGG	0	0	0		0	0	0	0	5286
AGTAGCGTATGAGGGTGTGCGTGTAACAGC	0	0	0		0	0	0	0	1099
AGTAGCTGATTGCTCGGGTATGAGTATATT	0	0	0		0	6467.537439	0	0	33542
AGTAGGGCAATTTCGCGGGAAGAACAAAGT	0	0	0		0	0	0	0	2839
AGTAGGGCTACCGCGGTACTGCAAGGCCAA	0	0	0		0	0	0	0	2876
AGTAGGGTATAAGAGCTGGCTAGGGAGGTA	0	0	0		0	818.7408064	0	0	9856
AGTAGGGTTTTATGAAGGATTAGAGCTGAT	0	0	0		0	0	0	0	3608
AGTAGTAATGAACTACTTGGGGTTTGACGG	0	0	0		0	0	0	0	783
AGTAGTATAAGACGGATCCGTGATATGTGA	0	0	0		0	0	0	0	1684
AGTAGTGCAACTAATAATCACCTCGGCCAA	0	0	0		0	0	0	0	4305
AGTAGTTTATCGACGGATGGATGGTGGCTT	0	0	0		0	0	0	0	5988
AGTATATATTATAGTGAACGTTGACATGGT	0	0	0		0	0	0	0	34379
AGTATATGTGTGGGCAATCAGTGTTGACGT	0	0	0		0	0	0	0	2039
AGTATCACATCTTAGTCAATTAGAGGAAAT	0	0	0		0	0	0	0	2765
AGTATCCATTGCATGGTTCTCTTGACAAGA	0	0	0		0	0	0	0	7930
AGTATCCCTGCTGTGTGGGGGCTGGATGCA	0	0	0		0	0	0	0	7084
AGTATCGAAGTAACCACCGCGGGGCTGTCT	0	0	0		0	0	0	0	27571
AGTATGGGTTCGCCTTTATTCGGTTTGACC	0	0	0		0	0	0	0	1831
AGTATTCAATGCATGTGGTGGACAGGGTTA	0	0	0		0	0	0	0	2183
AGTATTTGAACAACGTTATATCAGGTATAC	0	0	0		0	801.5764289	0	0	0
AGTATTTTTTATTGGAGCATCCATAGAGCG	0	0	0		0	0	0	0	5280
AGTCAAATTGTGCCCGGTGGCGAGAGCGAG	0	0	0		0	0	0	0	3161
AGTCAAGAAGGTATTTATATCTAAGATTTT	0	0	0		0	0	0	0	1144
AGTCAAGGTTTTCGCTCGCTTACAGTTGAG	0	0	0		0	0	0	0	9337
AGTCACGTAGCTCTACGGTTGTGACGGGGG	0	0	0		0	0	0	0	693
AGTCATTGTGAACCATAGATGTGTGGAGTG	0	0	0		0	0	0	0	5632
AGTCCAGGAGGTAGGTAATCAAGGAGGGAG	0	0	0		0	0	0	0	19912
AGTCCCCTATTTTCCGCGGCGTAGAAGCTA	0	0	0		0	652.2463447	0	0	868
AGTCCCTGTGCAAATGATACGTTACTTCGT	0	0	0		0	0	0	0	2828
AGTCCTAGTATGGGGTAGATACGGGCCCAT	0	0	0		0	0	0	0	3438
AGTCCTGGAGGTAGGAACATCAGCCGCCAC	0	0	0		0	0	0	0	1161
AGTCCTGGAGTGGTAGTACTGGCTCTCGGG	0	0	0		0	0	0	0	6124
AGTCCTTTACAGTCAAGAAGTGTCAACGGC	0	0	0		0	1244.417368	0	0	6242
AGTCGAGAATATGCTGGTGCGGTAAATCTT	0	0	0		0	0	0	0	1772
AGTCGAGTAATCAGAAATCGTGGAAGAGGT	0	0	0		0	0	0	0	3378
AGTCGCCCATCACTATACTGCCGCGGGTTG	0	0	0		0	0	0	0	708
AGTCGCGTATTTATATTCGGTTGTTGGGCT	0	0	0		0	0	0	0	1710
AGTCGGGATACTTTGGCCCGGACGTTTTGT	0	0	0		0	0	0	0	660
AGTCGGTGTTAATTGGCGTGAGAGCCGCTT	0	0	0		0	0	0	0	674
AGTCTAAAATGCGATACAGGTGAATGCAGC	0	0	0		0	0	0	0	943
AGTCTAAGACTTTTAGTCGACGAGTTTGAG	0	0	0		0	0	0	0	818
AGTCTATGACGGCCGCAAACGCGCATTAGA	0	0	0		0	4102.286221	0	0	11676
AGTCTCGATTAATTTTTGGAAAAACTGTAT	0	0	0		0	0	0	0	2365
AGTCTCGTTCTCTGCCGCCGGTGTGTAAAA	0	0	0		0	0	0	0	7358
AGTCTGCGATCCCAGACTTTGGCACGGCCG	0	0	0		0	0	0	0	3137
AGTCTGCTAGGCAGGCAACAGATAGGGACG	0	0	0		0	0	0	0	6919
AGTCTTCCTCCTGAGGCGGTACGTCAGCGA	0	0	0		0	0	0	0	645
AGTGAAGGTGTGCCTGGCGGGGACCACCAC	0	0	0		0	0	0	0	5811
AGTGAATAAAATCAAGGGAACAAAGTAACG	0	0	0		0	6175.743022	0	0	22966
AGTGAATTATGGGCCCCGGATGCAGTTTTT	0	0	0		0	0	0	0	2123
AGTGAGCAAGCGAAACCGAGGAGAGCGTGG	0	0	0		0	0	0	0	10684
AGTGATCTAGTCGTACGCCTACAAGCGTTC	0	0	0		0	0	0	0	1930
AGTGATTCTGCTGAGCTAAATGGGAGTGTG	0	0	0		0	0	0	0	2002
AGTGATTCTGGGAACGCGGCACGTAAATGT	0	0	1311.141645		0	0	0	0	0
AGTGATTGACTGGACGGGGATAAAGAGCGG	0	0	0		0	0	0	0	29321
AGTGATTTTTCGGCATCTGCGCTCTTACAT	0	0	0		0	641.9477182	0	0	3617
AGTGCAGGTGAGAGGTCTGCTGTATGATTG	0	0	0		0	0	0	0	27100
AGTGCATTATTGAGCCAAGACCCGGCAGAA	0	0	0		0	0	0	0	11058
AGTGCCAATGGTATGGCCAACTGATAACAA	0	0	0		0	715.7545414	0	0	9131
AGTGCGAAAGGGTGATAGTGTCGGTGCCCT	0	0	0		0	0	0	0	695
AGTGCGATAGTACTGGGGCCAGTTCTATAC	0	0	0		0	0	0	0	2679
AGTGCGGTAGGTACATGGGCGTTCCAAGAT	0	0	0		0	2919.660611	0	0	10372
AGTGCGTAAAATTTGTTATAGGTACTGCTT	0	0	0		1103.234043	2863.018166	0	0	50321
AGTGCTCGTGCACTTGTTCAGTTCACGGAA	0	0	0		0	2758.315463	0	0	6672
AGTGCTGTTGATGCCTTGCAAATTCGTATC	0	0	0		0	0	0	0	14368
AGTGCTTCTAACTAGTCACCCGGTAGCCGT	0	0	0		0	0	0	0	1532
AGTGGAGTATAATGCAAATTCGCCCATAAA	0	0	0		0	0	0	0	1948
AGTGGCAGTGGTAGAGAACCGCTGGTTAAC	0	0	0		0	0	0	0	40874
AGTGGCCCTTTTAATCTGTGTCGTAGAAGC	0	0	0		0	0	0	0	1362
AGTGGCCGTAAGACCGACTTATCAAGATTA	0	0	0		0	0	0	0	1606
AGTGGCGAACTGGGCCTTGACGTAGGGGCC	0	0	0		0	799.8599911	0	0	0
AGTGGGATTCTAGTTGACGCGTTTATCCTG	0	0	0		0	0	0	0	1444
AGTGGGGCTTCATACATGGGGCAATGCTCA	0	0	0		0	993.8174568	0	0	3313
AGTGGGGTAACAGGGTTATGAAGTGCTTCT	0	0	0		0	0	0	0	790
AGTGGTCGTGGTCAGCTAAAGGGAGCTGAT	0	0	0		0	0	0	0	879
AGTGTATCTCTACCGGGCGCGTCTGGGAGT	0	0	0		0	0	0	0	1563
AGTGTATTAGACCTACGGTGTGCCTATGGT	0	0	0		0	1000.683208	1165	0	31721
AGTGTCCCAGGAGCCGTAATGAGGTTGGCA	0	0	0		0	0	0	0	716
AGTGTCGTTATAGACTTAGGTCGAGCGACG	0	0	0		0	0	0	0	917
AGTGTGCAAGTTCTTCTATCGGATGGTAAG	0	0	0		0	0	0	0	1041
AGTGTGGCTACCGTCCACGTGATGGGGCGC	0	0	0		0	0	0	0	1122
AGTGTGGGAGCAACCGTAGCGACGAGAGGT	0	0	0		0	0	0	0	892
AGTGTGGTTTATCCTCCCCATGTCGGGCTT	0	0	1691.714099		0	0	1423	0	3918
AGTGTTAATTGTATTACGTGGTGTTGCGCT	0	0	0		0	0	0	0	1651
AGTGTTACAATAGATCTTAAACCTAGGTCG	0	0	0		703.787234	0	0	0	0
AGTGTTTGTTCTGTCACGCCTTAACCAGCC	0	0	0		0	0	0	0	659
AGTTAACTTAGTGAAACATGTTTTCGCATC	0	0	0		0	0	0	0	619
AGTTAATTTGCGAGATCGGAGAAAAAGCGA	0	0	0		0	0	0	0	9902
AGTTAATTTTCATTCTGTATGATAGTCTCA	0	0	1369.302219		0	0	0	0	2887
AGTTACGGTATGAAATCACACTGGTTGTTT	0	0	1035.511097		0	0	0	0	18722
AGTTAGCTTAGGACGCTACTGCCTGGCACA	0	0	0		0	0	0	0	1972
AGTTAGGCATACATTACTGGATAAGAAGCT	0	0	0		0	1555.092601	0	0	0
AGTTAGGGAGACCGCGCTATGGGGATGCTG	0	0	0		0	0	0	0	5293
AGTTAGGGTGACGTGTGCAGAACTGTAGGC	0	0	0		0	0	0	0	3469
AGTTAGTTAGGAATGAGTATGATGGGTCTT	0	0	0		0	1901.813026	0	0	0
AGTTAGTTTGGGTGTGAGAGACGTCATCTA	0	0	0		0	647.0970315	0	0	2368
AGTTATACTTGATGCCTCTCCGCTTGGGGC	0	0	0		0	0	0	0	3865
AGTTATATACTAGGCACACTTGGGATGCGT	0	0	0		0	1035.011963	825	0	22538
AGTTATGTAATATGTTCTTACGTTAGTGTA	0	0	0		0	0	0	0	786
AGTTCACGTTATTATTTATGTGATTAGCGG	0	0	0		0	0	0	0	3932
AGTTCCGGAATTGGTCATGTATACCATGCG	0	0	0		0	0	0	0	9886
AGTTCGAGTAATAGAGGTGACCTGTGCGGC	0	0	0		0	0	683	0	15128
AGTTCGATAGGACTGGAGAACGGGTCCCAC	0	0	0		0	0	0	0	4430
AGTTGACCAAGTATTGTAAGAAGGGATGTT	0	0	0		0	0	0	0	8911
AGTTGACCTAGTCAGTCTTTGACTTGGCCG	0	0	0		0	0	0	0	989
AGTTGACTTACTCGTGAGCCGGGACCCCTG	0	0	0		0	0	0	0	2606
AGTTGAGATATCGCTGTAAGGAAGTTGACG	0	0	1494.47389		0	0	0	0	0
AGTTGCGGTCTCGAAGTGCTCCAGCTCAGA	0	0	0		0	959.4887018	0	0	852
AGTTGGATATTAGGTGTGGACATAGTTGGT	0	0	0		0	0	0	0	1327
AGTTGGGATGCGCCGGAGGGGGGGTATAAT	0	0	0		0	0	0	0	10710
AGTTGTACTCAGATGGACAATTAAACCGTA	0	0	0		0	0	0	0	6280
AGTTGTGATGGTAGAATTTGGGGTATATGG	0	0	0		0	0	0	0	10931
AGTTGTTGACCTACTGAAGGGGGAGGCTCT	0	0	0		0	0	0	0	857
AGTTTACGTAAGACGCTAAGTTTGCTGAGG	0	0	0		0	0	0	0	10834
AGTTTATTTCAAATAAACTATTGTGTATAG	0	0	0		0	0	0	0	3950
AGTTTCGCAAATTCAGAGCAGGCATAACCT	0	0	0		885.5460993	0	0	0	21238
AGTTTGCGAAAAGCCCGTGTGTGAAGCGTC	0	0	0		0	0	0	0	724
AGTTTGCGTAGATTTACGCTGAACTTGGTC	0	0	0		0	0	0	0	29385
AGTTTGGGACTCCTCCCGGAGTGTGGAGGG	0	0	0		0	0	0	0	23674
AGTTTGGGTGGGTGACGAGGATTCGCCTGC	0	0	0		0	0	0	0	1649
AGTTTGTATTCTTTTACAAAGGCGATATAC	0	0	0		0	0	0	0	1319
AGTTTGTCTATGCTAAATAGGCGGAATTTC	0	0	0		0	0	0	0	1484
AGTTTTAATGGAGGCTGTTACGAGAGGGGA	0	0	0		0	0	0	0	958
ATAAAATATGTAAGGATGCCAGGGCCTTTG	0	0	0		0	0	0	0	22330
ATAAAATTTGAGTGGTGATTAGCATACTGA	0	0	0		0	0	0	0	8497
ATAAACCATCATACTTGATTGTAAGGGTGG	0	0	0		0	0	0	0	2537
ATAAAGAGTGTCGCCACAAATGGCACAGCG	0	0	0		1048.283688	0	0	0	0
ATAAAGCTAGGTGGCCATCGGGATTAATGT	0	0	0		0	3345.337173	0	0	6837
ATAAATAATTGTCTCGAGATATTCCGACTT	0	0	0		0	0	0	0	6008
ATAAATCATTACATAAATGTAGAAGCTGAG	0	0	0		0	0	621	0	0
ATAAATCGTGTTGCTGGGGCGGAGTAGCTT	0	0	0		0	1246.133806	0	0	802
ATAAATTGTGAGCTCTGCGGATGTCTCTTC	0	0	0		0	2275.996455	0	0	3984
ATAACTCGTTAAATCGTAATGCACTGTCCC	0	0	0		0	0	0	0	820
ATAAGATTTATGTATCAGATGGGGCCACGG	0	0	0		0	2528.312805	0	0	27190
ATAAGCAATTAGTTCTGATGGACACTGGTA	0	0	0		0	0	0	0	17601
ATAAGGCTTACTTATCTTCGAACTCATGAT	0	0	0		0	0	0	0	6693
ATAAGGTGTTGTGAGAAATGGAGATAGAAT	0	0	0		0	0	0	0	2706
ATAAGGTTATACTGCTGCCACTCGACCACA	0	0	0		0	0	0	0	3305
ATAAGTTCTCGGCTCGACGCCACGTTTAGA	0	0	0		0	0	0	0	16496
ATAATAGGTATCATCGGCATTATTGATCAT	0	0	0		0	0	0	0	27247
ATAATATATGTTTAAATTCGAGTTGAGCGC	0	0	0		0	0	0	0	8849
ATAATCAATTGCTATAACTGCACTGCAAGA	0	0	0		0	2037.411608	0	0	0
ATAATCATACAGAGATGATGGACGGCCAGT	0	0	0		0	0	0	0	15213
ATAATCGAAATCAAGAGCCGCTTCATCGAC	0	0	0		0	0	0	0	1196
ATAATCTGATGTGTGACGTGTATGAGGACA	0	0	0		0	0	0	0	946
ATAATTTGTTAAGTCTCTAACCTCTGTGAA	0	0	0		0	0	0	0	2282
ATAATTTTACAAAGTTTGCTGATTATTGCG	0	0	0		0	0	0	0	597
ATACAAGATATTTCATACACATGAGGAATG	0	0	0		0	0	0	0	23941
ATACACGTATTTATGGCAAAATCATGGCGG	0	0	0		0	0	0	0	677
ATACAGCGAGTCCTCGTTTGGGCTGCGGGA	0	0	0		0	1002.399646	1260	0	3439
ATACATATTATTACCCTGGACGGTCAACGT	0	0	0		0	2288.01152	0	0	3374
ATACCTATAGCGGGTATTAGCATCTTATCG	0	0	0		0	0	0	0	1350
ATACGCAGATCCATAATGTCATATGATGAA	0	0	0		0	0	0	0	2184
ATACGCTTTGTGCGTACTGAGAGGCGCGGC	0	0	0		0	0	0	0	4222
ATACGGAAATATGCAGCGGCGATAAGGCTT	0	0	0		0	0	0	0	5410
ATACGGGTTATGACATATATGGGGGAGAGT	0	0	699.1912533		0	0	0	0	35953
ATACGGTTTCAGTTGTCGCGATACGGTACA	0	0	0		0	0	0	0	613
ATACGTAGTACGAATAGAGAGGAGGCTCCG	0	0	0		0	933.7421356	0	0	2404
ATACGTAGTTTTTATTCTCCTATCTGGAGT	0	0	1810.563969		0	2645.030572	0	0	1946
ATACTAAAAAGCAGAGCGTGATTGACTGCG	0	0	0		0	0	0	0	30460
ATACTCCTTGAGAAAGTCCCAGCCGCATAA	0	0	0		0	0	0	0	1220
ATACTCCTTTGTTAAGTGCGATACGAGGTT	0	0	0		0	0	0	0	6190
ATACTGAAACCGGGGGCTCACGAAGTAGTA	0	0	0		0	0	0	0	2213
ATACTGCCAGACCCGGGCATAGGACCACAG	0	0	0		0	0	0	0	1424
ATACTGGGTTCACGATATTTCGTGGTAAGC	0	0	1561.484987		0	1033.295525	745	0	1782
ATACTTAGTTGTGTGCAGGATGTATGCCCG	0	0	0		0	0	0	0	32135
ATACTTTTATCAGCAGTGAACCGGACAGAT	0	0	0		0	0	0	0	16440
ATAGAACGATTTAGTCTTGAATTTTGCGTC	0	0	0		0	5755.215773	0	0	16635
ATAGAATGTTTTACGCTTGCCAATGAAACG	0	0	0		0	0	0	0	2949
ATAGACGTTGCATATGGGGCAAGTGAGTAA	0	0	0		0	0	0	0	3134
ATAGACTGTTCAGTAGCCACACAGGGGAGA	0	0	0		0	0	0	0	2495
ATAGATCTTCAATGATGGCCGCGGCTTGTA	0	0	0		0	0	0	0	2284
ATAGATGCTTGGGGGAATCTCTGAATCTAT	0	0	0		0	0	0	0	2865
ATAGATGTAACTTGCCTAGGGTCAGGGCAC	0	0	0		0	0	0	0	604
ATAGATTATGCCCATCTATGAGTAGGAAAC	0	0	0		598.1134752	0	0	0	0
ATAGATTGAAGTTGGGCGCTGTCCTATCAG	0	0	0		0	1690.691183	0	0	0
ATAGCAAATCACATAGCCCTTTTGTTCATT	0	0	744.7082245		0	0	0	0	44424
ATAGCAGATTTACGGAAGCTCGGACCCGCT	0	0	0		0	0	0	0	5592
ATAGCATGTAGGACATTGCGCACATCAGAC	0	0	0		0	4021.613646	0	0	0
ATAGCCTCTGGGAGTCGCGACACTTGTAGC	0	0	0		0	0	0	0	741
ATAGCGTCAAGCGTCCCGGCAAATAAAACG	0	0	0		0	0	0	0	14335
ATAGCTGAAATGCGTGCCCCGGCTGCAAGA	0	0	0		0	0	0	0	657
ATAGGAATAGTGACTATTCAAGGGGGCGTT	0	0	0		0	0	0	0	603
ATAGGATTAGGCAGCTCGGAGATCGAATGG	0	0	0		0	0	0	0	1871
ATAGGCCAAGATAGCGTAAATACGACTATA	0	0	0		0	0	0	0	4794
ATAGGCCATGTGGCGTACCCAATCTGCTGA	0	0	0		0	0	0	0	17301
ATAGGCGAATATATAATGTCTGATAGGGTC	0	0	0		0	736.3517944	0	0	0
ATAGGCGTATCTACACTTTCTACACGACAT	0	0	0		0	643.664156	0	0	5517
ATAGGCTGTCGGAACTAAGGGAAGGTTAAG	0	0	0		0	0	0	0	1235
ATAGGCTTAAGAGCCGTAATTGCGGGAAGA	0	0	0		0	0	0	0	694
ATAGGGACAGCATGTTGTTGGAGAGCAGTA	0	0	0		0	0	0	0	802
ATAGGGAGAATATCATATTAACAATATTAA	0	0	801.6044386		0	0	850	0	0
ATAGGGATTGTGCTTGCTCGGGGGGACATT	0	0	0		0	0	0	0	796
ATAGGGTGAAGTTTCCCTTTTTCCCATTGA	0	0	0		0	0	0	0	689
ATAGGTAGTGTTGATGAATCTGCCAGTGGC	0	0	0		0	0	0	0	22562
ATAGGTCGATGGCAGGGGAGTGGCCATCGG	0	0	0		0	0	0	0	7677
ATAGGTGCTAGCCCGTCTTAAGGAGTTGAT	0	0	0		0	0	0	0	724
ATAGGTGCTTCGGATTTCGGTAAGCGCTAT	2484.010914	0	5306.520235		0	0	0	0	5967
ATAGGTGGAGTGTGCGAGACCAGGGTCACA	0	0	0		0	806.7257421	0	0	3075
ATAGTAAGAGATTTAGCAAATTGTGATGTC	0	0	0		0	0	0	0	665
ATAGTATTAATTTTAATGAAATAGGAGTGT	0	0	0		0	660.8285335	0	0	1930
ATAGTCTTTCGTTAGGCGAAATTCAGGCGT	0	0	0		0	0	0	0	4623
ATAGTGAATTACCTGGAGGGGCGTTGGAGG	0	0	0		0	0	0	0	1290
ATAGTGCCAATGTGTAAGTGTATTGGGATT	0	0	0		0	0	0	0	2960
ATAGTTTAAGATTTCATATGATATGTGGCA	0	0	0		0	0	0	0	8679
ATATAAACTACTCATTATGCATGAAACTTG	0	0	0		0	0	4114	0	1117
ATATAAGTTGCGTACCGGGAAATGGTCTTC	0	0	0		0	0	0	0	1457
ATATACAGTGAAATTTAAACCGCATCTAAC	0	0	0		0	0	0	0	859
ATATACCGTGCGGTTCCTAGCGCGGCTAGG	0	0	0		0	0	0	0	11731
ATATACTCTTTCGAATTAGAGTGGTGAGTT	0	0	0		0	0	0	0	2339
ATATAGCCTAACCACCTTAACGCGTAGCGC	0	0	0		0	0	0	0	2088
ATATAGTAACGCGCCTGGACGGTATGAGCG	0	0	0		0	0	28699	0	10117
ATATATTAATGCCGTTAGGGCGAACTGAGA	0	0	0		1225.815603	0	0	0	22350
ATATCACGTACATCACTTGATTGTAATGGA	0	0	0		0	0	0	0	1414
ATATCATTTGTGTGGGAACGTTCTTATTTT	0	0	0		0	0	0	0	1110
ATATCGTAACCGAGGTTCCTACCAGAGGGG	0	0	0		0	0	0	0	5053
ATATCTAATCAAGCCGAAGCTCCAGAGTAA	0	0	0		0	1079.639344	0	0	1213
ATATCTGCTGGCGTGTACGGTGCATGTGTG	0	0	0		0	0	0	0	653
ATATGAATTTTGTTCCCAGGAGCAGGGATC	0	0	0		0	0	0	0	1130
ATATGCACATCATCAGTAGTTTACGTTTCT	0	0	0		1339.943262	0	0	0	16679
ATATGGCAAAACTTACTGGGGCAGGTAACG	0	0	0		0	1362.851573	0	0	6928
ATATGGCCTTTGGAAGAACGGCCCTGTCTT	0	0	0		0	0	0	0	792
ATATGGCGAGGTGGCCTGGGTTCGGCGGGT	0	0	0		0	2308.608773	1329	0	15200
ATATGGTGTAATCTGGGTCCTGAGCTTCGG	0	0	0		0	0	0	0	5085
ATATGTACATATCACCCTGTTAGGGTGGGC	0	0	0		0	0	0	0	1120
ATATGTAGAGCGGTTAATCGAGAGCTGTTG	0	0	0		0	0	0	0	772
ATATGTCAACAGTTTGGTTGGGCAGCTTGT	0	0	0		0	0	0	0	2619
ATATGTGCAAAGTTCGCTTTCGAGAAATCG	0	0	0		0	0	0	0	4304
ATATGTGCAGGCGTGGTGCTGTAGAACATT	0	0	4889.281332		0	0	0	0	2030
ATATGTGGATGACTTGTGTTGGCGTCAAAT	0	0	0		0	0	0	0	3288
ATATGTGTAAAGCGGAGGGAGTGGCCAGGC	0	0	0		0	0	0	0	1573
ATATTAAGTACTATATCGGGGGGTGAAATG	0	0	0		0	0	0	0	7448
ATATTACTAGAAGGACTCGGGCACCGTGTA	0	0	0		0	0	0	0	11978
ATATTAGCAACTTATATTTTATTCGATTGC	0	0	0		0	0	0	0	15871
ATATTAGCAATGTGGTAATGGACGTACCAA	0	0	0		0	676.2764732	0	0	5938
ATATTATATTGTGGTAGAATCCTTGGGAAA	0	0	0		0	0	0	0	5567
ATATTCGTTCCATCGATACGGTACCCTGCC	0	0	0		0	0	0	0	1478
ATATTCTAAGACTGTGCTGTCTTAAGGCCC	0	0	0		0	691.7244129	0	0	0
ATATTCTCACACTTTCGTGATGCCTGCCAT	0	0	0		0	2361.818343	0	0	40223
ATATTGAATATATGATGGACGCGAGTGCCG	0	0	0		0	0	0	0	592
ATATTGGGTTCGAGATTTGAGTGGGGATCC	0	0	0		0	0	0	0	703
ATATTGTATGTTGGGGTCGTTGAAGACGCA	0	0	0		0	0	0	0	6806
ATATTGTGTATATTCGGACGATTGTGACTC	0	0	0		0	0	0	0	1779
ATATTGTTTAGGTGGCATGCGCTCGAATCG	0	0	0		0	0	0	0	5089
ATATTTAATAATTATCGAGATTCATGAGAA	0	0	0		0	0	0	0	19066
ATATTTTATGCATGAGTTCACAATGAACCT	0	0	0		0	3583.92202	0	0	3509
ATCAAAGGACGTGACATAGTAACCCCCAGA	0	0	0		0	0	0	0	4531
ATCAAATAAAGTAAGTAATATGAGCGTTGG	0	0	0		0	696.8737262	0	0	0
ATCAACGTATTGCCAGACTTCAATACATAA	0	0	0		0	2210.771821	0	0	32353
ATCAACTTATCTTATTACGGATTCAGCTCG	0	0	0		0	2037.411608	0	0	667
ATCAAGCTTCCTATTGGGTTAGCCGGATTC	0	0	0		0	0	0	0	4827
ATCAAGTGTCAAGCCGAAAATGGCGGATAA	0	0	0		0	0	0	0	5727
ATCACAACTGTTAGTCCTACATACGTCTAG	0	0	0		0	0	0	0	1110
ATCACAGGTGCGGTTGGACACAGAATGTGC	0	0	0		0	0	0	0	864
ATCACAGTTTATCGCCCGCGTTTGCTTAGT	0	0	0		0	2847.570226	0	0	36368
ATCACTGATTTGGTTGGTTACAACGATCAC	0	0	0		0	0	0	0	1104
ATCAGCTAATTGAATCGGACGTGTATGTAG	0	0	0		0	0	0	0	9162
ATCAGGGCATGTTACGGGGATCGGCATGTA	0	0	0		0	0	0	0	3533
ATCAGTCCTTGATACTGTTCATTCGGTTCA	0	0	0		0	0	0	0	1259
ATCAGTTTAAGGCAATCAGATTCCCAGACC	0	0	0		0	0	0	0	4065
ATCAGTTTATAACTCACTTTCCCAGTTTTA	0	0	0		0	0	0	0	21483
ATCATCCCTCTAACCTCCATCATCGGGGTC	0	0	0		0	0	0	0	1148
ATCATCTTTTATCCTTTCTGAATCGTGGAA	0	0	0		0	0	0	0	2026
ATCATGTTACACCGGCACACAAAAGCATCA	0	0	0		0	0	0	0	10814
ATCATTACATTTACTGGGTACTCATTCTCG	0	0	0		0	0	0	0	960
ATCATTTTACGTTGGGGCTCATGGTCACGG	0	0	0		0	0	0	0	900
ATCCAAATAGTTGGTCTGCGGCTAGATATT	0	0	0		0	0	0	0	4433
ATCCAATGAACGCAAACGCGTACCGGATAT	0	0	0		0	0	0	0	1174
ATCCAGTATGTTCTCATAATGTTCGAAAGT	0	0	0		0	0	0	0	1073
ATCCATTTTCCTTGCGTATCCATTGCTACT	0	0	0		0	0	0	0	10305
ATCCCCTATGCAGCCGGCGAGTGTCGGGAG	0	0	0		0	0	0	0	8278
ATCCCGAGTAATTAATTTGGTATGGCGGAG	0	0	0		0	0	0	0	27204
ATCCCTTATCTAGTGTCTCGACGCTTTTAT	0	0	0		0	0	0	0	1476
ATCCGCTTTGTTAATCGCAATAGGTTACCG	0	0	0		0	11453.7891	0	0	1666
ATCCGGGCTAGATTTGATGGTGAGGTAGAG	0	0	0		0	0	0	0	7442
ATCCGTTTATAGGCATGGTCCATGGGGGTG	0	0	0		0	0	0	0	17265
ATCCTATATATAGATGCGATGAGAAGTTTA	0	0	0		0	0	0	0	2064
ATCCTCTATCTACTTACATACTTAGTGCTA	0	0	0		0	0	0	0	1628
ATCCTGATTCCACAAGAGAGTTACGCGGTT	0	0	0		0	1417.777581	0	0	46044
ATCCTGCGTTGGGTCCCGCGAATAGAGCAC	0	0	0		0	0	0	0	6898
ATCCTGTATTGTCTTAGTGTTGGGTGATTG	0	0	0		0	0	0	0	695
ATCCTGTTATTTTTATCAATGGTACTCTGT	0	0	0		0	657.395658	0	0	0
ATCCTTGCATTAGCCTAATTGCCTTGGTCA	0	0	756.0874674		0	1436.658396	0	0	0
ATCGAAGAAAGTTGCTTTAGGTAAATGTTA	0	0	0		0	0	0	0	13654
ATCGAAGCAGTAAGCCGGGGTCAAGGGATG	0	0	0		0	0	0	0	6372
ATCGAATAACTGTAGCGGTTGACATGACTG	0	0	0		0	0	0	0	700
ATCGAATCTAATTCATTTATCCATTCTGTA	0	0	0		0	0	0	0	6332
ATCGATGCTCGTGCATGTGAGAATCTGGAT	0	0	0		0	0	0	0	894
ATCGATGGTCGTGCTTGTCGATATCCTTAA	0	0	0		0	0	0	0	1135
ATCGCAACATGGATTCCGGGGGGCATCGAG	0	0	0		0	0	0	0	4805
ATCGCACTTTGTAGGTTACGCTACTGAGCA	0	0	0		0	0	0	0	916
ATCGCCGGATGGAGTTGGCCTTAGGGATGT	0	0	0		0	0	0	0	5157
ATCGCGATTTAGGTAAGCAGAGTCGAGTTG	0	0	0		0	0	0	0	891
ATCGCGGGACGCCGGGGGGGATGGCGCGCT	0	0	0		0	0	0	0	619
ATCGCTACAGGAAATGCGAATTCAGTAGTC	0	0	0		0	0	0	0	20771
ATCGGATCTTAAACTTAGTCACATAAATCT	0	0	0		0	0	0	0	1972
ATCGGCAAACGTTAGAGGGGGTTGGCCTCA	0	0	0		0	0	0	0	4315
ATCGGGTAACGTTGAGGAGCGCGCAAATGG	0	0	0		0	0	0	0	8207
ATCGGTAAATGCGGCTAACGTAACATTAAG	0	0	0		0	724.3367302	0	0	0
ATCGGTGGTTGTGGTATGTTATCCGGAAAA	0	0	877.4660574		0	0	0	0	0
ATCGTAAATCGAGGTTTCTTCAAGGAAGTA	0	0	0		0	0	0	0	8351
ATCGTAAGTTTCACAGTACTCGTGTTGGAT	0	0	0		0	0	0	0	6494
ATCGTACTTTCGTGGTAAATAAATGGACGC	0	0	0		0	0	0	0	1978
ATCGTAGGACACTTGTACTCTATGCAGTAC	0	0	0		0	0	0	0	6108
ATCGTCCTTACTGACCATTAATCCATACTG	0	0	0		0	1994.500665	0	0	733
ATCGTCGATGCGCGTGGTTCGCCTACATCG	0	0	0		0	0	0	0	3849
ATCGTCGGTTCGCTAGGGGGTGGGTGCTTC	0	0	0		0	1706.139123	0	0	0
ATCGTGAGAACGACTGAATGTCACAACCAG	0	0	0		0	0	0	0	2214
ATCTAAGATAAAGCTTGATGTCGACGGACT	0	0	0		0	0	0	0	867
ATCTAAGGTCGTGCGATACACCGAGGCAGG	0	0	0		0	0	0	0	1733
ATCTAGCGTTGATCGCTCATCGCCCTGGCG	0	0	0		0	2871.600354	0	0	10339
ATCTAGGATATCCGTAATAGTAGTAGTTAT	0	0	0		0	0	0	0	3051
ATCTAGTTTAAGAGCTTCGTGCACGAGATC	0	0	0		0	0	0	0	646
ATCTCAAATTAATGCACTCTAGTCTGCTTA	0	0	0		0	0	0	0	2150
ATCTCAATTTTGACAAGGAACCGCTCTGGA	0	0	0		0	4831.772264	0	0	20773
ATCTCACTTAGGTTCTTTTTAAACGTGATT	0	0	0		0	0	0	0	1036
ATCTCCACTTAAACTGCCCGGTATGAGACG	0	0	0		0	971.5037661	0	0	953
ATCTCCTGACGCGGAACACGGGAGCCACCT	0	0	0		0	0	707	0	19644
ATCTCGTTTGCTTTAATCGTCTCTGTATGC	0	0	0		0	774.1134249	0	0	0
ATCTCTGATCGTGTACCCCCGTTTTTGGAC	0	0	0		0	0	0	0	722
ATCTCTGTTGAGTATAAGCTGTTGCGTAGT	0	0	0		0	0	0	0	5648
ATCTGAATTGGTTGTGCTTATTGCAACACA	0	0	0		0	0	0	0	616
ATCTGCAATCTGAGGTGCGGGTGGCCACAT	0	0	0		0	0	0	0	1377
ATCTGCCGAGTGTGAGCGCCTCAAGGGAGT	0	0	0		0	0	0	0	945
ATCTGGATAGTAAAAAGAAGGCTGCTCCTG	0	0	0		0	0	0	0	2688
ATCTGGTCTTAGCAGACCAAATGTATTTAA	0	0	0		0	0	0	0	3314
ATCTTACCAAATAACGAAGGGTGATCGGAT	0	0	0		0	0	0	0	591
ATCTTCAATAATAATAAATGTATCCTTTCA	0	0	0		0	0	0	0	5285
ATCTTCGGACGTCAACGTATGGTTTACCCA	0	0	0		0	0	0	0	1562
ATCTTCTTTCCGTCAGAATGTATTGGGTTT	2754.873806	0	0		0	0	854	0	31611
ATCTTGCCTACAGGCTTGGAATGGGGGACT	0	0	0		0	1096.803722	0	0	0
ATCTTGCTAGTCCAAAGGGTGCACGAACTG	0	0	0		0	0	0	0	5116
ATCTTTGATTGCAAGGGCAGGCTTGTGAAA	665.9263302	0	3358.140992		0	0	1118	0	1222
ATCTTTTGTTCCATCGGAGAGTCACGCCAC	0	0	0		0	0	846	0	5046
ATGAAATATCTAATAATGGGCAGTGAGCCG	0	0	0		0	0	0	0	1015
ATGAAGTAACTGGTGTCTTGATGATTAATG	0	0	0		0	0	0	0	1666
ATGAAGTCAACTATGTCGGGGGTGCGCGGT	0	0	0		0	0	0	0	1282
ATGAATACAGCAGTGTATGTCTTACGGCCT	0	0	0		0	0	0	0	38249
ATGAATGTATGTGCAGGGTTTGATAGTACA	0	0	0		0	0	0	0	5525
ATGAATTGTGTGGTATTCGAGTTAGAGTAT	0	0	0		0	0	0	0	1175
ATGACACTTATGAATTCCCTTTGGTACTGA	0	0	0		0	2929.959238	0	0	37752
ATGACGGCAACCTTGGTTAGCCACTATAGA	0	0	0		0	0	0	0	19322
ATGAGAGCATGCGGACATGCGCTGTTAGAG	0	0	0		0	0	0	0	811
ATGAGAGCATGTTGTCGAATGAGAGGGAGG	0	0	0		0	0	0	0	920
ATGAGAGGACGGTTGTACTTGTTTTAAGAA	0	0	0		0	0	0	0	1390
ATGAGCAATGCATGGGCAGGGGGGCTCAGC	0	0	0		0	0	0	0	1265
ATGAGCATTCGGCAGTGGAAGCTTTCCCGC	0	0	0		0	0	0	0	1393
ATGAGCCCTGCTCAACGATTTAGGTTGAAT	0	0	0		0	0	0	0	862
ATGAGCTGTGGACACGAGGGTTAAAAGGCA	0	0	0		0	1349.120071	0	0	1774
ATGAGGAGATGAAAGGGGGGCGGGGACGGC	0	0	0		0	0	0	0	1074
ATGAGGGGTTAACCTCTATGCGGGGAGCTC	0	0	0		0	0	0	0	746
ATGAGGGGTTTCGTCGAAGCCGGCAGGATG	950.0020464	0	656.2030026		0	0	0	0	12686
ATGAGTCTTGAGTATCATGACCATCGGGGC	0	0	0		0	861.6517501	0	0	0
ATGATACGTCGAGAAGGAGAGTCAAGTACA	0	0	0		0	0	0	0	1139
ATGATCGGAAAGCCAAGCAATAGAGTCTGG	0	0	0		0	0	0	0	1862
ATGATCGGACGCGCTGAGATCGTAGTCTTG	0	0	0		0	0	0	0	18205
ATGATCTGTGGTAGGTTGCCGGAGGCGGGT	0	0	0		0	0	0	0	908
ATGATCTGTGGTTGTTTGCCGGTTTGAGAG	0	0	0		0	0	0	0	984
ATGATGTATGATATCGTGATGTAGTGCATG	0	0	0		0	0	0	0	1894
ATGATGTTTACAATGCGAATTGGTTGAGGA	0	0	0		0	0	0	0	6729
ATGATTCGTGTGGCGCCTTAGGCCTGGGCA	0	0	0		0	0	0	0	1915
ATGATTGTTCCTGGGTATACAGATTGGGAA	998.8894952	0	1802.977807		0	3643.997342	845	0	1426
ATGCAAGGATGGAGGGGTGGTCAGTATATA	0	0	0		0	0	0	0	1424
ATGCAATATTTCTACACGAGGTGGGAGTTG	0	0	0		0	0	0	0	5947
ATGCAATGTTGTGGCGTTGTAGATGATAGC	0	0	0		0	0	0	0	8054
ATGCACGCTTCCATGCCTAGTTTCTGAGAC	0	0	0		0	0	0	0	1966
ATGCACGTAAGAGAAGACAGTGAGGGCGCG	0	0	0		0	0	0	0	2030
ATGCAGCAAGGACACTACGGTTGCATATAG	0	0	0		0	0	0	0	16591
ATGCAGCTACGTATGTTGTACAATAATATG	0	0	0		0	0	0	0	1511
ATGCATAATCCCCGTTGTTCTGTTCCGGAC	0	0	0		0	0	0	0	742
ATGCATCATCTCGCACTTCTTGCGTTATTG	0	0	0		0	0	0	0	2823
ATGCATTTTTTTGAGTTTCTATATCGAGTA	989.6405184	0	1011.488251		0	1824.573327	1320	0	0
ATGCCACTACGCACCGTGGAAAAGTTAGGC	0	0	0		1170.865248	3554.742579	1151	0	4175
ATGCCCACAGCGGTATGTGGATACGTGTGT	0	0	0		0	0	0	0	866
ATGCCCCCAAGGGGTTCGAGGCATCGTATG	0	0	0		0	1254.715995	0	0	1010
ATGCCGAGTTTATATCCATCCCCCATTGGG	0	0	0		0	0	0	0	600
ATGCCGTAAACCTCTAACCGGCGATGTGTT	0	0	0		0	0	0	0	1924
ATGCCGTGTCATCGGTACGCACGAATAGAG	0	0	0		0	0	0	0	12460
ATGCGATGACAGGAAGCGCCTAATATCGTG	0	0	0		0	3218.32078	0	0	21588
ATGCGCCTTCCGCTGTTTCGGGTTAAAAAC	0	0	0		0	0	0	0	2288
ATGCGCGTTGCGAGGGTAAGTTGGTACACA	0	0	0		0	0	0	0	5344
ATGCGCTATTAGTATCGGGCTGTTCGGGTC	0	0	0		0	0	0	0	1371
ATGCGTAAACGGGTCGGAGGGGGATCGGGG	0	0	0		0	0	0	0	1596
ATGCGTAGTCCTTAGATCTAAAACCGTCTT	0	0	0		0	0	0	0	2052
ATGCTACTTGAGTTCATTATAGGTATATAT	0	0	0		0	0	0	0	25555
ATGCTAGCATTGTATGGAAGCTGGAATATT	0	0	0		0	0	0	0	872
ATGCTAGTTATGATAGAGCGGCGTAGGGGG	0	0	0		0	0	0	0	755
ATGCTGAAAACCACTGGAACTACCCATATT	0	0	0		0	0	0	0	1695
ATGCTGCTTCGACCGTATACATACGATATT	0	0	0		0	0	0	0	4509
ATGCTGGATTTTACTAGGTCGCTTCCGGGT	0	0	0		0	0	0	0	1146
ATGCTTCGTCTTTTCTCGCTGTATCCAACA	0	0	0		0	0	0	0	1171
ATGCTTGTTATATGCCACTCAGTTGACGCA	0	0	0		0	0	0	0	1551
ATGCTTTTTTTGAGAGTTTAACTTAACCTG	0	0	0		0	0	0	0	1314
ATGGAAAGTGTTATTGGCTGATGTATAGCA	0	0	0		0	0	0	0	6104
ATGGAATTTAGTGACGACGTGGCGGGAGAC	0	0	0		0	0	0	0	1407
ATGGACATTCCCCTCTAGAAGGACCACTAG	0	0	0		0	0	0	0	786
ATGGAGAATATTCGTCTATAGATTTCGCAT	0	0	0		0	0	0	0	837
ATGGAGACTCGGGAGGCAATACGAGGGAAT	0	0	0		0	2301.743022	0	0	0
ATGGAGGATAGGAGACACTGCAGTAGGAAG	0	0	0		0	0	0	0	2634
ATGGATAGTGGGCATCCGCAATTATTTGCT	0	0	0		0	0	0	0	1140
ATGGATAGTTATGCTGAAACAAATGTGTTC	0	0	0		0	0	0	0	23892
ATGGATTGTTTCTTTATCACCTGAAGGGAG	0	0	0		0	0	0	0	6913
ATGGATTTAATTAGGGCCCGTTAGTTCCAG	0	0	0		0	1398.896766	0	0	15950
ATGGATTTATAATGACATGCAACTCTTGTT	0	0	0		0	0	0	0	715
ATGGCAGTAGGGGTAGGGTGTCAGGAAGTG	0	0	0		0	0	0	0	1040
ATGGCAGTTTTGTTGAGGGCTAGGCCGGGA	0	0	0		0	0	0	0	622
ATGGCCATTGCATGGGAGTGTCATACGGGA	0	0	0		0	0	0	0	8270
ATGGCCCAAATAGGAAACCCGTCGGATAGT	0	0	0		0	2651.896323	0	0	4238
ATGGCCTATGGGGGGCCGCCGGCTTGCATG	0	0	0		0	0	0	0	5917
ATGGCCTGTGATACTTCATCAAAATGGATG	0	0	0		0	1441.807709	0	0	23679
ATGGCGAAAGTCGATGAGAAATTTTTCAGT	0	0	0		0	677.9929109	0	0	4590
ATGGGAGCACACTGTGAGTGACTCCCGGGG	0	0	0		0	0	0	0	2105
ATGGGAGGTATTACAGATGCGATCGTGTTG	0	0	0		0	0	0	0	5942
ATGGGCATTGTATTCTTCCATAGTTAGTTC	0	0	0		0	0	0	0	903
ATGGGCTATCCGGCGGTACTGGTAGATGTA	0	0	0		0	2018.530793	0	0	3392
ATGGGGAATTAATTTGTAAATACTGTGGTG	0	0	0		0	0	0	0	3658
ATGGGGAGATGCGTGAAAGGGTGAAATGAA	0	0	0		0	0	0	0	28272
ATGGGGATATGGAAGGGGTGGTACGACGAA	0	0	0		0	0	0	0	38370
ATGGGGATATGGTTTAGGTGGGGGGCGGGC	0	0	0		0	0	0	0	1482
ATGGGGCTACTTGCCCGCGTCGTAATGCGT	0	0	0		0	0	0	0	1368
ATGGGGCTATGTGGTAAATGAAGGGTGGCA	0	0	0		0	0	0	0	15343
ATGGGGTGTGCCAAGTATGACTGGTAAAAT	0	0	0		0	935.4585733	0	0	13746
ATGGGTAAACACATGCGGTGGTACCGGGAG	0	0	0		0	0	0	0	1022
ATGGGTACATTATTTGGAACTATTTCTTAA	0	0	0		0	0	0	0	786
ATGGGTGCAAAATGATTAACTGAGGTGGTA	0	0	0		0	0	0	0	956
ATGGGTGCAAAGTAGTTGCGCCGACCCTCA	0	0	0		0	0	0	0	1056
ATGGGTTCAGTTTGCGGCATCCCATGATGG	0	0	0		0	0	0	0	6852
ATGGTACATAAGTCATCAGAAATATAGGGG	0	0	0		0	0	0	0	4312
ATGGTATTAGTTAGGTTCGGTTAGTGTACC	0	0	0		0	0	0	0	907
ATGGTCATTTGCGGAACGTCATTGTTGTGT	0	0	0		0	0	0	0	10769
ATGGTCGGAGTGGGGTCTTCACCTGCAGGG	0	0	0		0	0	0	0	821
ATGGTCTATCTTTTTGCAATACGCTAAACC	0	0	0		0	0	0	0	20286
ATGGTCTTAGTTGGAGATATGTGAGGTGGC	0	0	0		0	0	0	0	823
ATGGTGGGAACGGCGGTTGTCAGATCGTGA	0	0	0		0	0	0	0	936
ATGGTGTGTGAAGTCCCAGGGGTCGTACGC	0	0	0		0	0	0	0	27841
ATGGTTCTTCTTTGCAGCGGCGGGTGTCGA	0	0	0		0	0	0	0	1016
ATGGTTGCTCTTTGTACACTAGGGCTGTAA	0	0	0		0	0	0	0	24600
ATGTAACAATTTATGAATATGCTTCTACGA	0	0	0		0	0	0	0	1504
ATGTAATGAAATGTCGGCGTCTGGAATAAC	0	0	0		0	0	1188	0	17320
ATGTACAGAACATCGGTCCGGTCGCATCAC	0	0	0		0	0	0	0	1194
ATGTACATTGAGTACCAGTGGCTGGGGGTA	0	0	0		0	0	0	0	1244
ATGTACGATGTGCGTGCTGTAAGGGGGAAA	0	0	0		0	641.9477182	0	0	23709
ATGTACTTTGTAATTGGCAGGAGTCCAACT	0	0	0		0	1033.295525	0	0	0
ATGTAGCTTTCTGACGGGGACCGTGTATGG	0	0	0		0	0	0	0	1239
ATGTAGTAATCGTGGTAAAGGGTGTCCCTC	0	0	0		0	593.8874612	0	0	3340
ATGTATCTTCTGAATTGAGAAAGGGGCGCT	0	0	0		0	0	0	0	1133
ATGTATGGAGCTTGCTGTGTTTACGGCAAG	0	0	0		0	0	0	0	6565
ATGTATGGAGGAATAGGGAAAAGGATGGGC	0	0	0		0	0	0	0	1119
ATGTATTTTTTGATTATCGTAACAGGAATG	0	0	0		0	0	0	0	8261
ATGTCTGTTTGTGGCATTGGCGGTGGAGGA	0	0	0		0	0	0	0	4970
ATGTGAAATATTAAGCATTTACATGATAAA	0	0	0		0	0	0	0	1161
ATGTGAACTTAAGCCGTAAACGAAAGATTT	0	0	0		0	0	0	0	1173
ATGTGAGGATAACGATGTTCCTTTGAAAAC	0	0	0		0	1407.478954	0	0	1819
ATGTGAGTATGTGTTCATATTGCAGAACTG	0	0	0		0	792.9942401	0	0	866
ATGTGCGGAAGACAAGAATGGCACGGGAGT	0	0	0		0	0	0	0	819
ATGTGCTGAGGGAATGCTTTCGCCGATCGA	0	0	0		0	0	0	0	904
ATGTGGCGAGCATCTGAAATTGTGGGACCA	0	0	1295.969321		0	0	0	0	1120
ATGTGGCTAGGTTCGTACTACTCTGTCTTA	0	0	0		0	0	0	0	27864
ATGTGGGCTCATAGTACCAGGTCGATAGGA	0	0	0		0	0	0	0	613
ATGTGGGTTTCCAGTGTGAATGAAGTGTCG	0	0	0		0	0	0	0	1022
ATGTGGTAAAGCTGGCTTCAAGGCTGTGTC	0	0	0		0	0	0	0	751
ATGTGTGTAGAACATTGCTGCCGGGTCACT	0	0	0		0	0	0	0	4727
ATGTGTTATCCCCTAACTCTCATAGGGGGT	0	0	0		0	0	1816	0	0
ATGTGTTTAGAGTTTCGATGCAAGTGTTGT	0	0	0		0	0	0	0	23675
ATGTTACAACTAGTCGTTAACGTGCGGACA	0	0	0		0	0	0	0	10603
ATGTTAGCACGATGGTGACCACTGGCATAC	0	0	0		0	1433.225521	0	0	1245
ATGTTAGCAGGACGATGCCATGCCGTGACT	0	0	0		0	0	0	0	6707
ATGTTAGCATCGTAGGATTATATGTTAAAG	0	0	0		0	0	0	0	775
ATGTTATCTGTCTTATATGGAAAGGCGGTT	0	0	0		0	0	0	0	932
ATGTTCCATTCCATCGTTCTGAAGTCGCAT	0	0	0		0	0	0	0	2839
ATGTTCCCAAGTGTTGTCTGACATGCTGCC	0	0	0		0	0	0	0	1081
ATGTTGGGAACATTCGAACCGGATTGCATA	0	0	0		0	0	0	0	662
ATGTTGGGTAACGGGATACTGAGATGTGCG	0	0	747.2369452		0	0	0	0	22829
ATGTTGTCTTGCGATTTACTACGTTAGGGC	0	0	950.7989556		0	1834.871954	0	0	47970
ATGTTTTGTGGGGCGTTAAGTAAGTGGTCC	0	0	0		0	0	0	0	1421
ATTAAAACATGGTTCCGCTCGCTAGATTCT	0	0	0		0	3923.776695	0	0	0
ATTAAAAGTCAATCCCGGCGGGCATATTAA	0	0	0		0	0	0	0	1779
ATTAACAATAAATTCGATCTTAAGTTCTAA	0	0	0		0	1307.925565	0	0	0
ATTAACGGTGGGGAACGCCCGAATTGGTTG	0	0	0		0	0	0	0	1323
ATTAATAGTGAATAGGGGTTCTGTGCTTGT	0	0	0		0	645.3805937	0	0	3639
ATTAATCTACGTAAGGACTAGGTAACATGA	0	0	0		0	707.1723527	0	0	17015
ATTAATGCAATGACCTGAGGCGGTTTGTTA	0	0	0		0	0	0	0	2525
ATTAATTGACGTTATCAGTGTTAGGGTTAG	0	0	0		0	0	2467	0	26804
ATTACAAAAGCGGAGGTCCCGGCCGGCTAA	0	0	0		0	0	0	0	898
ATTACGAAAAGCGGCTACACTGGGGATAGA	0	0	0		0	3892.880815	0	0	13546
ATTACGTGTGGTTGCACGGATAGTAGCCTG	0	0	0		0	0	0	0	17226
ATTAGAGGTTACAGGCAGGGGGAAATGCAC	0	0	6961.567885		0	0	692	0	29138
ATTAGCATACCTGTCTATGTGATAGTAGCT	0	0	0		0	0	0	0	8317
ATTAGCGGAACTTGTTACAAACTGGGATTG	0	0	0		0	0	0	0	12114
ATTAGCTTAGAGGCACACGCTCGTGAAGGC	0	1073.364929	0		0	0	0	0	0
ATTAGGCCTTAGTGGAAGACATAATTGTTG	0	0	0		0	0	0	0	3815
ATTAGGGAACCTGATCTGCTTGAGGCCCGG	0	0	0		0	0	0	0	8838
ATTAGGTCAGCCATGGATAGGGTCTTCACC	0	0	933.0979112		0	0	0	0	0
ATTAGTAGTAGATCCTTACGATTAGTGCTA	0	0	0		0	1201.506424	0	0	33441
ATTAGTGATCGCACGCCGGAATGGGCCACA	0	0	0		0	0	0	0	1193
ATTATACCTTTGTCCGGATTGATCATAGTC	0	0	0		0	0	0	0	1797
ATTATAGTTTGGGTATCTGCCTTGATAGGT	0	0	0		0	0	0	0	8361
ATTATATGTGGGTAGTGTCCCGGTGACGCA	0	0	0		0	0	0	0	2499
ATTATCGCACAATTTTTATGTGGAAGATTT	0	0	0		0	0	0	0	1210
ATTATGGATTAAAACTGTTTTAAGATCAGA	0	0	0		0	0	0	0	17355
ATTATGTGTCTAAGCCGAATAGGCTCGAAA	0	0	0		0	0	720	0	0
ATTATTCAACGTCTAGGGTTTTTGCTGGCA	0	0	0		0	0	0	0	3312
ATTATTCTATGGGGAAGCATACGATATTGG	0	0	0		0	0	0	0	606
ATTATTTATATGGGTGTAGAGTGTACCCGG	0	0	0		0	0	0	0	1324
ATTATTTATTTGCATATTGTTAAAATTGGA	0	0	0		0	0	0	0	818
ATTATTTCATGTCCGTGGGTCAGTACCACT	0	0	0		0	0	0	0	1306
ATTCACTTAAGGCGTTTTCGCGGTGTCATT	0	0	0		0	0	0	0	1187
ATTCACTTATAGGAGTGGATTTGGGGAGCA	0	0	0		0	0	0	0	20997
ATTCAGAAAGCGATTGGTTTTTGATGCGAG	0	0	0		0	0	0	0	4123
ATTCAGACATAGTTTACCTGAAAATAAGTT	0	0	0		0	0	0	0	3363
ATTCAGGTTGATCGGATTATCACAAGATCG	0	0	0		0	0	0	0	659
ATTCAGTATGGACAGTGAATACGCCTTCAG	0	0	0		0	0	0	0	19251
ATTCATGGATCCACCCTTGGTGCCAGAACT	0	0	0		0	2080.322552	0	0	0
ATTCATTATTACCGTAGCGAAGTCTTCGTG	0	0	0		0	0	0	0	7939
ATTCATTTATATTTAAGCATATATTAAAAA	0	0	786.4321149		0	0	0	0	0
ATTCCCAATCTTATTGCAATTGTATTGTGT	0	0	0		0	636.798405	0	0	7337
ATTCCCCATGATGGCCAATAGTGGCAAGAC	0	0	0		619.248227	0	0	0	3969
ATTCGAAGTGGGGTTTCGAGACCATAGCTA	0	0	0		0	0	4565	0	56738
ATTCGATTTGGGTCTTATGTCAGGCAGCAC	0	0	0		0	0	0	0	1100
ATTCGCATTGGTAGTCGCAAAGTGGATCTT	0	0	0		0	0	6743	0	0
ATTCGCGGTTAATGATTCAGTACACTCAAA	0	0	0		0	0	0	0	932
ATTCGCTTTACTGTTTGTTAAGACAAGTTA	1141.587995	0	0		0	0	0	0	0
ATTCGGCTTTCGCTGGGTTTAGTTATTATC	0	0	0		0	0	0	0	1327
ATTCGGTCAAGTTGAAACTGTGAAAAGTCT	0	0	0		0	774.1134249	0	0	0
ATTCTATATACCTAATCACGAAACGTCGTT	0	0	0		0	0	0	0	915
ATTCTCACTAATACGCACTTTCTCTAAACG	0	0	826.8916449		0	3714.371289	0	0	28803
ATTCTCACTTTGAAAAGTCAAGCTTGTTCT	0	0	0		830.5957447	7883.598582	0	0	44728
ATTCTGAAACGGGATAAGGAGCCAGAAGAT	0	0	0		0	1156.879043	0	0	4781
ATTCTGCTTTGGGCTTACCTGGAGCATTGA	0	0	711.8348564		0	595.603899	0	0	2162
ATTCTGGCAGCAATTTCAAGGTTAGTTAAC	0	0	2156.998695		995.4468085	0	0	0	27271
ATTCTGGGACATCTTGTGATACGAGTTTGG	0	0	0		0	0	6629	0	0
ATTCTTGTTCTTACCGGATGACTGCATGCA	0	0	0		0	0	0	0	33113
ATTCTTTGTTGCTAGAGTCAGTGTGGGGAT	0	0	0		0	0	0	0	2025
ATTGAAAATCGGGCTATCCAATATGATTTA	0	0	0		0	0	0	0	2411
ATTGAACCTAGAACGGTAACGCTGGAATGT	0	0	0		0	0	0	0	3315
ATTGACAATAGACGTTAACGAGAATCAAGT	0	0	0		0	0	0	0	7803
ATTGACGCATCAAGTCTGTTTTACTGCTAG	0	0	0		0	0	0	0	3412
ATTGAGACAAGTTGCGAGCTCGCGAGACCG	0	0	0		0	0	0	0	1668
ATTGAGCTTAAGTGCGAAAGAATTGTCAGG	0	0	0		0	0	0	0	2977
ATTGAGGCAAGAGGTCATGCGCATGCTCAG	0	0	0		0	0	0	0	1738
ATTGAGGGTGGTCGGGCCCAGCCGTATGTG	0	0	0		0	0	2641	0	0
ATTGAGTATGGTGCCGTGCGATGGTATGAT	0	0	0		0	0	0	0	14710
ATTGAGTTACGTTATGGGGTCAGGGGTTAG	0	0	0		0	0	0	0	1032
ATTGATCAATAGGATAAGTTTTTGTTTTAC	0	0	0		0	0	0	0	658
ATTGATCTCAGTTGCGTCCACCCCCAGGTC	0	0	0		0	870.2339389	0	0	0
ATTGATTCACAAAGTGATAGTTTGGTAGTA	0	0	0		0	0	0	0	4382
ATTGATTCATGGCAAATTAAGTTGGGCGTT	0	0	0		0	1055.609216	0	0	0
ATTGCAGGTGGCAGGCAATGTTGGGTACCG	0	0	0		0	0	0	0	619
ATTGCGCCACGGCCCTTCATGCCTCCATGG	0	0	0		0	0	0	0	5557
ATTGCGTATAGCGTTATACCGAGAGAATCG	0	0	0		0	0	0	0	6321
ATTGCTACTCGTTTTTGTCACATCGTACGT	0	0	0		0	0	0	0	592
ATTGCTTCAGTAAGTATGAACTCCATAGTT	0	0	0		0	0	0	0	1204
ATTGGAAAACACTACATCATTGGAGTAGAC	0	0	0		0	3323.023482	715	0	2928
ATTGGAAGTGTTGGTTCACAAGAGGCGGAT	0	0	0		0	0	0	0	1929
ATTGGACGTACGGCGACCAAGGCGTTCATA	0	0	0		0	1325.089942	0	0	4068
ATTGGACGTAGGTCCCGCGGTTCTGATTAC	0	0	0		0	0	0	0	2085
ATTGGAGTAAGAATCGTATCCTCCTCTATG	0	0	0		0	0	0	0	2135
ATTGGCTATGAGATTTAGTCAGCCACTCTT	0	0	0		0	0	0	0	2767
ATTGGCTGTGTGCCCTAGGGTATCCGCCCA	0	0	0		0	859.9353124	0	0	0
ATTGGGGAACGGTCGAAAGTTGCGAGCATA	0	0	0		0	0	0	0	1992
ATTGGGGGACGCAGCTGTCGGTAAGTGAGG	0	0	792.7539164		0	0	0	0	7268
ATTGGGGGTCGGTGCATCCGGCATGGGAGC	0	0	0		612.9078014	0	0	0	0
ATTGGGTAAGCGAGGCAAGTGAAAGTTGGA	0	0	0		0	0	0	0	2319
ATTGGGTTACTTGTGGGGTTTCCTGATGTA	0	0	629.651436		0	1733.602127	0	0	7806
ATTGGTCATCTCGTTCTTTGCGTGTCAATA	0	0	0		0	0	0	0	782
ATTGGTCATGAACTAGTCTAGCGACTCAAG	0	0	0		0	0	0	0	710
ATTGGTTGAAGTCATATTATGTATCGTCAT	0	0	0		0	0	0	0	1037
ATTGTACGATAAAGGGCGATCTATAGCACA	0	0	0		0	0	0	0	2929
ATTGTAGGATGAGGACGGATGTATATGTTG	0	0	0		0	1977.336287	1094	0	19269
ATTGTCAATAGCTAGCCATATTAGACGTTT	0	0	0		0	1225.536553	0	0	29470
ATTGTCAGTGCAGGCCTAATACTCGTACTG	0	0	0		0	741.5011077	0	0	0
ATTGTCGCTGAGCTATAATTGTGCTGTAAG	0	0	0		0	0	0	0	3888
ATTGTCTCTTTGTGATATTGGCCGCAGGCA	0	0	0		0	0	0	0	15018
ATTGTGAATTGTCACTTCAAGGGCTGCCAC	0	0	0		0	0	0	0	5928
ATTGTGAGTTAGTTTCACTTCAATTTGGAC	0	0	0		0	0	0	0	13755
ATTGTGGGAATCCTCGCATGGGGGTCTGCG	0	0	0		0	0	0	0	605
ATTGTGGTTGTAAAACTATAGATGTCTCAT	0	0	0		0	0	0	0	10799
ATTGTTTAAAGCTTGAGTAATTTATTGCAA	0	0	0		0	0	0	0	31957
ATTTAAGAAGCGTTGCAATTAGCGATTTTT	0	0	0		0	0	730	0	0
ATTTAAGTAGTAGAAGGCCGATGCCATAAC	0	0	0		0	0	0	0	7798
ATTTAATAATGCGGCATAAGTAGAGGTTCA	0	0	0		0	619.6340275	1186	0	10414
ATTTAATTTTCCTATCTCGGGTGCGTACAT	0	0	0		0	909.7120071	0	0	6474
ATTTACCGTTTGTAACGGGGTCTAACTCAC	0	0	0		0	0	0	0	598
ATTTAGCATGAGGCGACTGGGGGCGAGTAA	0	0	0		0	0	0	0	6712
ATTTAGGATCAGTGCATCCGGGCTACTGTG	0	0	0		1585.106383	770.6805494	0	0	63017
ATTTAGTGTTTTTAGAGATAGACTTTTGCA	0	0	0		0	0	0	0	1481
ATTTATTTTGCTCATATTAAAGGCCGGGAC	0	0	0		0	0	0	0	28145
ATTTCAATATCAGGCAGGCTACTTTGGAAC	0	0	0		0	0	0	0	3658
ATTTCACTTATGATATTAATAATTCCTGCT	0	0	0		0	0	0	0	1623
ATTTCAGGAGGTGTGCGTTTTTGCTGGAGT	0	0	0		0	0	0	0	2641
ATTTCAGTAGTCTATGGTATATATGGAATC	0	0	0		0	0	0	0	863
ATTTCCAATGTGTCTACTGACGAATTTAAG	0	0	0		0	0	0	0	2257
ATTTCCTGTTCGATGCGAGAAAGGCCCAGT	0	0	0		0	0	0	0	17515
ATTTCCTTTGTTGTTATTAAAAATAGTATT	0	0	0		0	0	716	0	33333
ATTTCGAAATTGGCTTCGCGCATACAACGG	0	0	0		0	0	0	0	1183
ATTTCGTTATAGGAGATTGGTTAGAGACTG	0	0	0		0	0	0	0	7049
ATTTCTGTTGATCTGCCAGGTACTGAGCGT	0	0	0		0	0	0	0	1199
ATTTGAACTCGAGATGTTTAAGTGATGCGC	0	0	0		0	0	0	0	5136
ATTTGATATCAGTAAGCATAGAGGTTGCTA	0	0	0		0	0	0	0	7099
ATTTGATGAAGAAGTCAACAAGTAATTGAT	0	0	0		0	8240.617634	0	0	26003
ATTTGATGTTTAGGCACCTAATTTTCTCTT	0	0	0		0	0	0	0	2469
ATTTGCCGTGTGTCACCCTCGTCTTTTATT	0	0	0		0	2293.160833	0	0	9625
ATTTGCCTAGGTGTTCCCTGAGTGGCTTGC	0	0	0		0	0	0	0	1870
ATTTGCGTAAGTACAATTGTTAACGCCTTG	0	0	0		0	0	0	0	1226
ATTTGCTCTCGTGCTTCACCCAGATTAGAT	0	0	0		0	985.2352681	0	0	1244
ATTTGCTGTGTGAGACCCTACTGTGGAGAA	0	0	0		0	1965.321223	0	0	34934
ATTTGGCAATATTTATGTCGTTTAGTTAAA	0	0	0		0	0	0	0	3727
ATTTGGGGACTATTTTTGGCCCTGCAGATG	0	0	0		0	0	0	0	711
ATTTGTATTACTCCTGGCATTGCCTGGAGG	0	0	0		0	0	0	0	965
ATTTGTATTACTTTAACATGGTGCGTCACG	0	0	0		0	0	0	0	897
ATTTGTTATCTAGTCCTAGGGTTCCTTTTA	0	0	0		0	0	0	0	8073
ATTTGTTCATGAAGGAATGTTCCACAGGGA	0	0	0		0	0	0	0	3589
ATTTGTTTTTAGTCCCACGTCATGGCGGGC	0	0	0		0	0	0	0	1078
ATTTTAACACGAGAATTAGACGTAGGCTTT	0	0	0		0	1225.536553	0	0	645
ATTTTAAGTTGCAGGTTTTCAAGTTAAGTA	0	0	0		0	0	0	0	5058
ATTTTATGAGTGATGGGGGCTGAGCGTCAT	0	0	0		0	0	0	0	3176
ATTTTATTACCACCACGGGACCAGTAAATC	0	0	0		0	0	0	0	1993
ATTTTCCATAAGGTTCATAACTCCTAGCAC	0	0	0		0	715.7545414	0	0	1325
ATTTTGATAGCCAAGCTTTTAGAGGTGCAT	0	0	0		0	0	0	0	635
ATTTTGTAAAAGGCGTTCGTAGGACCTTCG	0	0	0		1223.702128	0	0	0	0
ATTTTGTATACGTTGCAGTGGTTCGGATTG	0	0	2325.158616		0	0	0	0	11713
ATTTTTACTTTTACCATACAAATGGTCGTT	0	0	0		0	1531.062472	0	0	1921
ATTTTTAGATGTGAAATGGATAAGCGCAGG	0	0	0		0	0	0	0	657
ATTTTTAGTGTCTGAATCGGGGTATAAGAA	0	0	0		0	0	0	0	5791
CAAAAGATTTGTGGTGACCAGTATAAATTT	0	0	0		0	0	0	0	677
CAAAAGGAATCCCGGTGTTATCACTTTACA	0	0	0		0	0	1470	0	2933
CAAAAGGTTCAGTCAGCTTACAAGCGGGTT	0	0	0		0	0	0	0	780
CAAAATCGTAGGACGGTCCTATCTGCGCGG	0	0	0		0	0	0	0	2373
CAAAATGCACGGTGGATTCCTCTATTAGCC	0	0	0		0	0	0	0	1721
CAAAATGGTTCACATTCTTATACAAACGCG	0	0	0		0	0	0	0	977
CAAAATTCTGAGTGCAGTGGGGGAAGTATG	0	0	0		0	0	0	0	25593
CAAACAGGACTTTCGCTAACTGGTAGTTCT	0	0	0		0	0	0	0	1338
CAAACATGAAGGTGATTTGGTGGGCCAATT	0	0	0		0	0	0	0	7616
CAAACCCTACGTGTTGCTTATTGTACCTGA	0	0	0		0	621.3504652	0	0	9264
CAAACCTGTGTTCGTCTGAGGTGAGTGGTA	0	0	0		0	0	0	0	2044
CAAACGACACAGGGCCGACCACGTGTTTAG	0	0	0		0	0	0	0	1002
CAAACGTGTTGACGTAGGGTATATAGCATT	0	0	0		0	0	0	0	9453
CAAACTAGATCAACGTTAGCAAGACACAGA	0	0	0		0	0	0	0	2178
CAAACTCAACGGCTGACGATCGGTCCACAC	0	0	0		0	0	0	0	2489
CAAACTTATTGTGCGTATGGGCCCAAGAAT	0	0	0		0	0	0	0	3730
CAAAGAAGTGTTGATTGATGTCTGTGATGG	0	0	0		0	1002.399646	0	0	718
CAAAGATAAGCGTATTCTTGGGTTCAGTCA	0	0	0		0	0	0	0	8147
CAAAGATCAAATGCCACTGATCCACAGTGT	0	0	0		0	0	0	0	1902
CAAAGATGTTGCTCGGTAGGTTGGGTACCG	0	0	0		0	0	0	0	1047
CAAAGTACAGCCCAGAATGGAGTGGCATGT	0	0	0		0	0	0	0	722
CAAAGTATATAAATGGTGTCCACAGTTAAA	0	0	0		0	0	0	0	715
CAAAGTGGTTTCCTATAATATGAGACATGT	0	0	0		0	0	0	0	6967
CAAAGTGTTTCAAAAGACCGACCAGCATAC	0	0	0		0	0	0	0	1602
CAAATAAGAGGGTGTCGACAAGTCCCCAAT	0	0	0		0	0	0	0	10324
CAAATATTTGGATGTCGGTTAAATATTTGA	0	0	0		0	0	0	0	1809
CAAATCTGATGAAATAGTCGTAGGAGCCGA	0	0	0		0	0	0	0	4845
CAAATGGGTATTCGGGATAGTCCGGTGTTA	0	0	0		0	0	0	0	1188
CAAATTGATCCTGGAGGCCCAATCGGGTTA	0	0	0		0	0	0	0	1353
CAACAACTTGTCCTAAGGCCGTTGGGATTA	0	0	0		0	0	0	0	4953
CAACAAGGTTTGAATGGATCACCCGTCCAA	0	0	2576.766319		0	1412.628268	0	0	0
CAACACATAGCCCCAGGTCATATCTAATCT	663.2837653	0	0		0	0	0	0	0
CAACAGACAAGGGATTTTCACATCGTTGCA	0	0	0		0	0	0	0	2923
CAACCCTTTACATGCACAGGGCACTCTGTA	0	0	0		0	0	0	0	21475
CAACCGGCACAATCCGGTTAGCTGTGTCCG	0	0	0		0	0	0	0	15451
CAACCGGGTCTGTCCGAGTCAGCGGTTGCA	0	0	0		0	0	0	0	12922
CAACCGTCATAGTCTCATCTCATGAGCACA	0	0	0		0	0	0	0	10452
CAACCTAGATGCTTTAGCAATATCAATGAT	0	0	0		0	0	0	0	1085
CAACCTCGAACTTTGCCTCGGTGAACTATT	0	0	0		0	0	0	0	3606
CAACCTGGTAACTATGACGCCGACCGAGTC	0	0	0		0	0	0	0	1422
CAACCTGTTACTAGAGCCTTGGCTCGTGGC	0	0	0		0	1563.67479	0	0	2245
CAACCTTTAGAGTTTTATGGGCGGGGAGCC	0	0	0		0	0	0	0	917
CAACGATCACTAGCGATTGATGGGGGGTCG	0	0	0		0	0	0	0	663
CAACGGATTTTCTTTATGTTGAAATAGACT	0	0	0		0	0	0	0	1476
CAACTATTATCCCGAGTGGAAAATAACGTG	0	0	0		0	726.0531679	0	0	0
CAACTCTCACTATAGAACTTTGCTATGATA	0	0	0		0	0	0	0	3485
CAACTTTGAACTCAAGAATCTTTTGCTCCT	0	0	0		0	895.9805051	0	0	0
CAAGAACATGCCCGTATCACATGAGGATCT	0	665.2037915	0		0	0	0	0	0
CAAGACAGTCACCGCGCGGTTTTAGGCAGT	0	0	0		0	0	0	0	20811
CAAGCTTTTGGTCAGTCGCTCAGAAACATT	0	0	0		0	2996.90031	0	0	28876
CAAGGGATAAAACACGCAGGGAACAGGAGG	0	0	0		0	0	0	0	821
CAAGGGATTTGTGTCTTGGACTGTGGGAGG	0	0	0		2214.921986	0	0	0	693
CAAGGGCAACTAAGGCGCCCTAGATATGTC	0	0	0		0	0	0	0	2742
CAAGGGCAACTGAGGTTCGAGAGGTACATA	0	0	0		0	0	0	0	5639
CAAGGGGCTAAGCGAGTCGCGTGGACGTTG	0	0	0		0	0	617	0	1313
CAAGGGTGAAGGCGTAGCCACCCTTGTAGA	0	0	0		0	0	0	0	1096
CAAGGTAGTCCGTGAAGGGGTGCTAGCGTC	0	0	0		0	0	0	0	998
CAAGGTATTTGCATTACCCCCCGCGCACGC	0	0	0		0	0	0	0	595
CAAGTAGATAATGACACCGTATGCTGGGTA	0	0	0		1686.553191	0	0	0	11373
CAAGTAGTTCGTTAGTTGCCCTGGTAAGCA	0	0	0		0	0	0	0	1103
CAAGTCTCTTAGCAGCGCAATCGAGGGACA	0	0	0		0	791.2778024	0	0	892
CAATAAACATTTCTAACGTGCAATTCAGAT	0	0	0		0	0	0	0	4731
CAATAAGTTCTACTGTGGTTTTTAGGTAAA	0	0	0		0	9795.710235	0	0	0
CAATACAATGGCAGTTGTGGCGTTGAAGTG	0	0	0		0	0	0	0	823
CAATACATAAGCTTACCTGTTTCGGCTTGC	0	0	0		0	0	0	0	3161
CAATAGAGACGTACGGCATCACGGGGGTAT	0	0	0		0	0	0	0	2747
CAATATCGTGATATAATGGTAGGGCATTAT	0	0	0		0	0	0	0	3916
CAATATGAATGGCGTCCTCGAGGATGCGGG	0	0	0		0	0	0	0	6075
CAATCATGTTGACGGGTGAGTGGTGGAGGT	0	0	0		0	0	0	0	1416
CAATCTAGTATACAGAAGCCATGTCATAGT	0	0	0		0	0	0	0	14782
CAATCTGTAATGATGGAAGCTAGGTCAAGC	0	0	0		0	0	0	0	4665
CAATGAGATGAAGAATCCTGGTGGCATGCG	0	0	619.5365535		0	0	0	0	21253
CAATGAGTAATAAAGTTTTTAGCTTAATCA	0	0	0		0	0	0	0	650
CAATGCGATTTTCAGATCACTTGTGGGGCG	0	0	0		0	0	0	0	598
CAATGCGGTTAGTGTGTTATGTGGGGGTCG	0	0	0		0	0	0	0	742
CAATGCTTTGGGGCGCTTTTGTTGTCATCT	0	0	0		0	0	0	0	2839
CAATGGACTTTGCTAGTGCCACGTATCGAA	0	0	0		0	0	0	0	6277
CAATGGCGTTCTCTGATCGCGTGAATTTAT	0	0	0		0	0	0	0	6440
CAATTAATAGCCGAGGTATGTACGCGTATT	0	0	0		0	623.066903	0	0	3320
CAATTACGTAGAGTGTCGCCAGATTTGCAT	0	0	0		0	0	0	0	20093
CAATTCATATTGAGAGTCTCGTCAATACAC	0	0	0		0	0	0	0	1065
CAATTCCCAAACACCTAACACAGATGTGAG	0	0	0		0	0	0	0	627
CAATTCGTATTCGAGAACATTTACGTGAGA	0	0	887.5809399		0	1893.230837	0	0	16187
CAATTGACATTTAGAGCTAAGGGTATTGGC	857.5122783	0	0		0	0	0	0	1349
CACAAGAATCGTTTGATCTATCGATAAAAG	0	0	0		0	0	0	0	5477
CACACCCTTTGTTGTCTAATGCCGGATTAC	0	0	0		0	0	0	0	695
CACACTAATATTGCACTAGGGGTGGTCGTG	0	0	0		0	0	0	0	908
CACACTTTATAAGGTACGCCTACGAATAGG	0	0	0		0	1246.133806	0	0	14439
CACAGACTATCCAAACCCTATGTGGCATAC	0	0	0		0	0	0	0	2942
CACAGCTCTGTAGAGTTAACCATGTCTTGC	0	0	0		0	1266.731059	0	0	4383
CACAGTGTTACCTGATATTAGTATCGAATT	0	0	0		0	0	0	0	1267
CACAGTTTTCGTTCCTTATCATTTCTACTG	0	0	0		0	0	23109	0	2791
CACATCTCAAATAATCGGTGAGGAGTGGCA	0	0	0		0	0	812	0	52808
CACATTGCATCGTACTGAATACGTTCCTTG	0	0	0		0	0	0	0	22797
CACCAAAAAACGTGTTCTTATGAGTGTTGA	0	0	0		0	0	0	0	719
CACCACGAAGGCCAATTCTACCTGCTGTAT	0	0	0		0	0	0	0	713
CACCAGCTAAATCAAGCCAAACCGTACCGT	0	0	0		0	1431.509083	0	0	1038
CACCCAAATTAGGCCTCAGTCATCCGCATA	0	0	0		0	0	0	0	20233
CACCCAGTAGGATGTAGATAAGTTCTTACT	0	0	0		0	0	0	0	642
CACCCCCGTTTAGGGTGTTTATACTTGTGT	0	0	0		0	0	0	0	1166
CACCCGGTTCGATGCAGGTGTAGCAGTCCG	0	0	0		0	0	0	0	7487
CACCCTCGACGTTGATGTGTTGATGGTGAG	0	0	0		0	0	0	0	824
CACCCTTCTTTTCCATCTGTGTGAATCCTC	0	0	0		0	0	0	0	740
CACCGGGCTTTCCAGGCGAACGGGGCGGGT	0	0	0		0	0	0	0	2282
CACCGTACTAATATCAAGATGTACAGCGCG	0	0	0		0	0	0	0	3285
CACCGTGGTCATGTAAAGTTGCCGTGATCG	0	0	0		0	0	0	0	6183
CACCTGGAAGTTACCTACGACATTATTAAT	0	0	0		0	0	0	0	3890
CACCTGTGACTTAGCGATCGGTTATTATAG	0	0	0		0	0	0	0	30156
CACCTGTTAGTTCAGTGGATTAGGATGGTG	0	0	0		0	5485.735047	0	0	25130
CACGAACCTTTTGGATTCGCGATATCATCT	1244.648022	0	1049.41906		0	1464.1214	0	0	7386
CACGAGTGAAGGATATGTGTCGTAGGGCTG	0	0	708.0417755		0	0	614	0	986
CACGATGCTCAGTTAGTAAGCAATGCTCCC	0	0	0		0	0	0	0	1427
CACGCACGATGACTACACCACACAATGGGT	0	0	0		0	0	0	0	1180
CACGCGGGAAGTCGGGGTTAATTTTGTACG	0	0	1804.242167		0	863.3681879	747	0	31017
CACGCTAAAAGGAAATGCAGGAGGCGAAGG	0	0	0		0	0	0	0	1093
CACGCTGGATTTACCACCTGCGTCAAACTG	0	0	0		0	925.1599468	0	0	667
CACGGAAATTGGCAAGGGTTGTCAGAATAG	0	0	0		0	0	0	0	26613
CACGGACGAGTAGGGAAGGTCAAAAGACTC	0	0	0		0	0	0	0	666
CACGTCCTTCGCATGTTCGCGAATCTGTAG	0	0	0		0	0	0	0	924
CACGTCTGACACTTGGTGGCCAGGGATATA	0	0	0		0	0	0	0	12124
CACGTCTTTCTACCTTGGAGGGTCTTACTT	0	0	0		0	0	0	0	3878
CACGTGGTAAGGTTAGCTAACCCTTCGACG	0	0	0		0	0	0	0	1760
CACGTTTGAAGGCGCTATTATGCCCCACCA	0	0	0		0	0	0	0	835
CACGTTTTTACGGGCCACCTTAGAAGACGC	0	0	0		0	9908.995126	0	0	43561
CACGTTTTTTAGTTAAACACTTGACCCCTA	0	0	0		0	995.5338946	0	0	32748
CACTATGATTTGTTAGAATCTTGGTCGATA	0	0	0		0	0	0	0	10007
CACTCAGGACAGCGAACCTAGATCCGCCAA	0	0	0		0	0	0	0	611
CACTCAGGTTATTTAACGGATTGTTCATCG	0	0	0		0	0	1694	0	12112
CACTGAATACAGTTTTGCCGTTGTGGTGTT	0	0	0		0	0	0	0	978
CACTGATTATCTAATCGGGTGACTTTGTGC	0	0	0		0	0	0	0	2082
CACTGGCGTCGGCGGGGGCGTAGGGGATGC	0	0	0		0	1287.328312	0	0	1454
CACTGGTTAGAAGTTGGGGTCGGTCTCCAA	0	0	0		0	0	0	0	942
CACTTCTTTGGTTGCGTTACAAATAGACTG	0	0	0		0	0	0	0	19342
CACTTGAGTCGCCGGAGTAGTCTATCGCCG	0	0	1030.453655		0	0	0	0	10692
CACTTGGTTCGTAATAGAGACTAGGTTATG	0	0	0		0	0	0	0	21520
CACTTTCTTGGTGAGTGATCAATATCGCGT	0	0	0		0	0	0	0	19903
CAGAACTAAAAGACCAGGCGCCCGTGCTTG	0	0	0		0	4158.928666	0	0	21514
CAGAAGTATGCTGCGAAGATTAGTCTAGCC	0	0	0		0	0	0	0	11719
CAGAATGTTGTGGGAGGGGCAATGCATAAG	0	0	0		0	0	0	0	1295
CAGAATTTATTGGTGGTCTTTGACGACGTG	0	0	0		0	0	839	0	0
CAGACCCGAGCTTGTATCAGGCGCTGCACT	0	0	0		0	0	0	0	4601
CAGACGAGATTGGGTTTCAGACGAAATTGC	0	0	0		0	0	0	0	1244
CAGAGACGAGGTATTGCTACGGGGGTTGAT	0	0	0		0	0	0	0	1000
CAGAGAGAACGAGGCCAGCAGGGTGAAGAT	0	0	0		0	0	0	0	4624
CAGAGATCATTTCCCCGGCCTATGATTTTA	0	0	0		0	0	0	0	928
CAGAGCGAATGTAGGACGCCACTTGAAACA	0	0	0		0	2322.340275	2449	0	35852
CAGAGGGGATAACCCGCACCAGTCGGGACG	0	0	800.3400783		0	0	0	0	0
CAGAGTTTTCAACCTGATTTACAGACTATT	0	0	0		0	0	0	0	2064
CAGATAGGTAACGCCAGTACACCCTCGGGG	0	0	0		0	3192.574214	0	0	16944
CAGATGAGAAGTGTGTCTTGTGCGGGTTTG	0	0	0		0	969.7873283	0	0	9586
CAGATGGATCGTACAAATGTTTCGATTTGG	0	0	0		0	0	0	0	2578
CAGATGTATTTTAGTGATGGTGGGTGCATC	0	0	0		0	0	0	0	4773
CAGCAACTAGCAGCACAGAGTACTCGGTCG	0	0	0		0	0	0	0	3732
CAGCACAATTTCTTGTCTGCGCAGGGGTGA	0	0	0		0	0	0	0	879
CAGCACCGAAATATGCGGTTTCGTCCTGTA	0	0	0		0	0	0	0	4720
CAGCACCTTGGGACTGCTCAATTTATATTG	0	0	0		1284.992908	0	0	0	22501
CAGCACTGAAGTGTCCCTCCGTATTTTGGT	0	0	0		0	0	0	0	3908
CAGCAGTAACGGCCGGGGGTATCCGTTGAC	0	0	0		0	0	0	0	3340
CAGCAGTGTGGATGGGTGGGCGTGAGAAAT	0	0	0		0	0	0	0	17452
CAGCATAGAGGGGAAGGCGGTTGGATCGCC	1438.876535	749.943128	0		0	0	0	0	0
CAGCATTTTCGGGCGGGAGGGTGCAAAGGG	0	0	0		0	0	0	0	708
CAGCGATGAGTTTGTACCTCTATCGAGATG	0	0	0		0	0	0	0	1293
CAGCGCGCTACTTGGGGACCCCGCCAGGGG	0	0	0		0	756.9490474	0	0	6018
CAGCGGAGTGGCACTAGTGAAATGTGTAGG	0	0	0		0	0	0	0	1082
CAGCGGTGTACCATGAGAGGTATTGTAAAG	0	0	0		0	0	0	0	688
CAGCGGTTAGCGAGGGCGCACGTGCGCAGT	0	0	0		0	0	0	0	1543
CAGCGTGTAGTTAGCGATGGCCGTATCTTA	0	0	0		0	0	0	0	1375
CAGCGTTGACCTCGGGTGAGGTGGTAAAGC	0	0	0		1804.907801	0	0	0	4559
CAGCTATTTAGACAGCTGCGGTGTGAAGGT	0	0	0		0	0	0	0	1164
CAGCTCCTATTTCTCAGGAGTAGAAATGAT	0	0	0		0	0	0	0	4789
CAGCTCTATCGTGCACTTCGCATCGGGGGC	0	0	0		0	0	0	0	708
CAGCTGCAACTGGCGGTCCGGGAGGATGAG	0	0	0		0	0	0	0	832
CAGCTGGCAGTACAACCCTTAGAAGAGTTA	0	0	0		0	0	0	0	11190
CAGCTGTTTTTTCTATCGCAGGGTGATGCG	0	0	0		0	0	0	0	6551
CAGGAACATCAATTTATTTATAGTAATAAA	0	0	0		0	0	0	0	2522
CAGGAAGAAATCACGCACCTAGCGCTCACG	0	0	0		0	0	0	0	10501
CAGGAAGTATTAAACGTACGGGGAGGCAGT	0	0	0		0	0	0	0	894
CAGGACGAAGCTATTAGGATTGCGAATGAT	0	0	0		0	0	0	0	3250
CAGGATCTTATATCATGCGGCCAGTCCGTT	0	0	0		0	0	0	0	5152
CAGGATGGATATGCCTAATGGGCGGGCTAC	0	0	0		0	2142.114311	0	0	0
CAGGCCCATATGACAGAAGACGTCAAGAGA	0	0	0		0	0	0	0	19791
CAGGCGTTTGCTTCTCTATCTCTTACATCC	994.925648	0	0		0	0	0	0	2730
CAGGCTATAGTTGCTTCTATGATGGAGGGA	0	0	0		0	866.8010634	0	0	1272
CAGGGAAATCTCACGCCTGGGGTGGGTCGA	0	0	0		0	0	0	0	2306
CAGGGAAGACATACGAAGGTCAATAGTGAA	0	0	0		0	0	0	0	3721
CAGGGCCGAACGCGTCTGCCGGTCGGCATT	15828.96317	0	0		705.9007092	0	0	0	3156
CAGGGCGTTGTTCGTACAGGATGTAGGACG	0	0	0		0	0	0	0	843
CAGGGCTGAAGCGTCGGGGGGGTGCCACGG	0	0	0		0	0	0	0	8971
CAGGGGCTATTTGTCTCAAGAGAGATCGCG	0	0	0		0	0	0	0	2510
CAGGGTGGTTAGTAATGTTCACTAAACATT	0	0	0		0	0	0	0	3170
CAGGTATCTCCTTTCGATGTTGGACTGGCA	0	0	0		0	0	0	0	4319
CAGGTATGATTATCCGATAGATGGTAAATT	0	0	0		0	0	0	0	2118
CAGGTCTTAAATTTACCGGGTGTAGATTTG	0	0	0		0	1223.820115	0	0	812
CAGGTGAATGGCTGTGTGGAAGGTTGAACC	0	0	0		0	3106.752326	0	0	26573
CAGGTGTAAAGGCAGGTCTACGACCCTGAA	0	0	0		0	0	0	0	6697
CAGTACACTACACATTTGCTTTTTTAGCGG	0	0	0		0	0	0	0	1445
CAGTACTGAACAGGTAGTCTCCTATGTCTT	0	0	0		0	0	0	0	2380
CAGTAGGATTACCGGCCGTACTTCCTGTAC	0	0	0		0	1016.131148	0	0	3601
CAGTAGGCTAATGGATAGGCGGGGGAGGTG	0	0	0		0	0	0	0	5539
CAGTAGGGTTAGGTTGAGGCCACCTGCGAG	0	0	0		0	0	0	0	18247
CAGTATAGTGGACCCGATTCATAATTTTAT	0	0	0		0	0	0	0	1577
CAGTCAAATCGATGCGAAGTTGTCGTCCAC	0	0	0		0	0	0	0	22781
CAGTCACTTTGCGGGCTGTAACCAGGCGGG	0	0	0		0	0	0	0	721
CAGTCAGTTTTCGTTACCAATTTGCGTTAC	0	0	0		0	0	0	0	1398
CAGTCCGATACTAGTGGAATACATACTGAA	0	0	0		0	0	0	0	2151
CAGTCTCTATCGTGCTTTTATAGATGGGAA	0	0	0		0	0	0	0	22769
CAGTGCGATAACTACTGCTTCCTCGCACGT	0	0	0		0	0	0	0	7181
CAGTGGACATTATAGTGTCTGCATGAACGT	0	0	0		0	0	0	0	599
CAGTGTTGACTTCTCCCCGGGTATATATTG	0	0	0		0	0	0	0	3261
CAGTTAAGTAGAGAATAGTTATGGCAGTAT	0	0	0		0	0	0	0	1201
CAGTTAATACAGACTCAGAAGCATTCAGCG	0	0	0		0	0	0	0	2329
CAGTTCATTGTATGCCGCCGGCGGACTGAT	0	0	0		0	744.9339832	0	0	0
CAGTTCCATCGTCTTTGAGATACCAACAAT	0	0	0		0	0	0	0	4182
CAGTTCTCTCGGACGGGGCTTTATTCCGAG	0	0	0		0	0	0	0	1003
CAGTTGCATCCGTCACTGTCCATAATCGTT	0	0	0		0	0	0	0	1206
CAGTTGCTACGCCTTCGTCAGGATCGTACA	0	0	0		0	3990.717767	0	0	15811
CAGTTGGATGCGACTCTGCGGCTTTACAGA	0	0	729.5359008		0	0	0	0	7569
CAGTTGTAAAAGCGCGGTAGGCCAATATGG	0	0	0		0	0	0	0	4812
CAGTTTATTAATGTGCACTCACACTTTAGA	0	0	0		0	0	0	0	17319
CAGTTTTATGGCCCGATACGGTTTCGGGTG	0	0	0		0	705.4559149	0	0	1144
CAGTTTTGTGTTGCGCGTGGCCGGTGTGTC	0	0	0		0	0	0	0	15153
CATAAAGGTCAACTGAATGAAGAATAGTTG	0	0	0		0	0	0	0	895
CATAAATATAAATGAATTTACCGTTTAGGT	0	0	0		0	0	0	0	2349
CATAAATGTGTGGCCACAAAGGGGTCCATA	0	0	0		0	0	0	0	5142
CATAACGGAAGATCGAAATCGATAAAAGCA	0	0	0		0	0	0	0	3826
CATAACTATTCGTCTTATATCTTCTTAAGA	0	0	0		0	0	0	0	5864
CATAAGGAAAGTCGTTGATGCGCTCTTCAC	0	0	0		0	0	0	0	722
CATAATGAATTTTGGGTCGAGGAGTTTTTA	0	0	0		0	0	2476	0	8579
CATAATGTTGGTCAAAATCTAGGAGTTTTG	0	0	0		0	0	0	0	1088
CATACATGATGAATTGCCAGGATCATCTTA	0	0	0		0	0	0	0	967
CATACATGTGGGGGACGACGCGTCGTGGCT	0	0	0		0	0	0	0	1595
CATACTAAACGTCCACTAGTTTACGAAGCT	0	0	0		0	1043.594152	0	0	30395
CATACTGATTACTAGTGTCTGAGATCCAAC	0	0	0		0	2476.819672	0	0	25634
CATAGAAGATTGTCAACGCGTTTTAATTCT	0	0	0		0	0	0	0	29111
CATAGGTCTATGCTAGTGTCAGCCTACCAT	0	0	0		0	0	0	0	759
CATAGTGGTGTTATCTGTTTTGGGATGTCG	0	0	0		0	0	955	0	19035
CATAGTTGTTAGGTCAATGATTATTCTGGG	0	0	0		0	0	0	0	3010
CATATCACACTAATGTGGCCTCGTCTCTTG	0	0	0		0	0	0	0	693
CATATCAGAGCGTCAGGTGCGTTTGTTTGG	0	0	0		0	0	0	0	1782
CATATTAGATTTAGATAATGCCGCCGGCGG	0	0	0		0	0	0	0	19742
CATATTCGTGGACCAGCACCGTGTTAACGA	0	0	0		0	0	0	0	1001
CATATTTTTAAATTGTCGCGCCCCCTGGAC	0	0	0		0	0	0	0	1078
CATCAATGTAATAACGATAGCCAATCTTGT	0	0	0		0	0	0	0	6057
CATCATGATTGGAAATGCATTTACAGATAG	0	0	0		0	0	0	0	2025
CATCATTCTGATCTACCCCTGGTGGTACAT	0	0	0		0	0	0	0	29570
CATCGAAGTCGTTCCTCTGTCGTGCTTGGA	0	0	0		0	0	0	0	1253
CATCTGATTTGCGCAGTCGACACACACGTT	0	0	0		0	0	0	0	7323
CATCTTTGTCTCACGCTGAACTGAGGGCAG	0	0	0		0	0	0	0	2313
CATGAAACTTGCTCCTTGTACTTACAGCAA	0	0	599.3067885		0	0	0	0	37745
CATGAGTCTTGGAAAGTGCATTTGTCACAA	0	0	0		0	832.4723084	0	0	10082
CATGATTGTTATAGTTTCACGGCTATATCT	0	0	0		0	0	0	0	9788
CATGCACGAGAGTGCTTAAATGATGCATCG	0	0	0		0	0	0	0	2183
CATGCCAAAATTGGATCTTCGTTTCGATAT	0	0	0		0	0	0	0	5286
CATGCGAAATGGGCGAGAACGTGAAATTGG	0	0	0		0	0	0	0	7304
CATGCGAGTGGCTGTAGTCGGGGGGAAGGC	0	0	0		0	0	0	0	1778
CATGCTGCACGAGGTAGAAGGTGTTCCAGC	0	0	0		0	0	0	0	841
CATGCTTAATATGCCGCCTATGCTGTTATC	0	0	0		0	0	0	0	9479
CATGCTTAATTGAACTCACCTATTTTAGTA	0	0	0		0	0	0	0	1927
CATGGAATATTGCAACGGTGACTCGGTGGC	0	0	0		0	0	0	0	603
CATGGAGATCCGGGTAATGCTCCGTTTATG	0	0	0		0	0	0	0	646
CATGGAGATCGCGACTAGTGCTGCTGTAAT	0	0	0		0	7632.998671	0	0	43682
CATGGCATACCCGATGTAGTTAGAAGCAGA	0	0	0		0	0	0	0	10885
CATGGCCCACCACCTGCGAGTGCGGCACAA	0	0	0		0	0	0	0	1335
CATGGCGGTATTAGAAGGGGTGCACACGGA	0	0	0		0	0	0	0	2677
CATGGGGGAAAGTATTCCTGTTACTTGAAC	0	0	1655.04765		813.6879433	0	0	0	37118
CATGGTAATACTTTCTGGCTCTCCCAGACG	0	0	0		0	0	0	0	9593
CATGGTGGAAAGTATGAAAAGAGCAGCCGT	0	0	0		0	0	0	0	763
CATGGTGTAGGAAGGGTTCTCTCCACAGGG	0	0	0		0	0	0	0	6282
CATGGTTAACTGTATCTTCGCTAGGCCCTC	0	0	0		0	2813.241471	0	0	34434
CATGTAATTCGCGAAGTCTAATTGCCGGCA	0	0	0		0	0	0	0	1789
CATGTAGAAGCCACGACCAACCATGTAATG	0	0	0		0	0	0	0	12330
CATGTCGGATGGATTCAACTTCTCTGGATT	0	0	0		0	0	0	0	2608
CATGTCTATATGAGGGATGAGGCTGTAGCG	0	0	0		0	0	0	0	2337
CATGTGACTTGCGACGTCTGAAATGCTATG	0	0	0		0	0	0	0	8091
CATGTGCTATAGCTTCAAGTAAATCTAGGG	0	0	0		0	0	606	0	10155
CATGTGGTTTCACTGAGTACTTTAAAGAGT	0	0	0		0	0	0	0	18601
CATGTGTCAACCGGACAGGAGATTGTAAAA	0	0	0		0	0	693	0	2603
CATGTTAATCGTTCCTGGACTGCTAAATCG	0	0	0		0	727.7696057	0	0	1579
CATGTTATATATGATTGTATAGCAGTCATC	0	0	0		0	0	0	0	706
CATGTTGCACAAAGTCTTGCTTAACCAGTT	0	0	0		0	0	0	0	744
CATTATGTTCTTATTCAGTTATATGGCATG	0	0	0		0	0	0	0	1485
CATTATTATATGCACGTTTGTACTTGTGCT	0	0	0		0	0	0	0	7581
CATTCACTAATATTTGTGCTGTGTTAGGAG	0	0	0		0	811.8750554	0	0	3281
CATTCAGTTTGACAGTCAAGGTCAAATTTA	0	0	0		0	3214.887904	0	0	9152
CATTCGGGTATATGCCGTGGGAACAGAGGA	0	0	0		0	0	0	0	764
CATTCGGTTCTCAATGGAATACCGGGGCAT	0	0	0		0	0	0	0	1584
CATTCGTGTTCTATACAAGTCGTTCAAGAC	0	0	0		0	0	0	0	3626
CATTCTGATTGCTTGTCAACGCCCAGTTAT	0	0	0		0	653.9627825	0	0	0
CATTCTGTTGGGTTGCGACTGTGTCTACAA	0	0	0		0	0	0	0	1455
CATTGAATACGTATACACACATATGCTTAT	0	0	0		0	0	0	0	1491
CATTGAGAATTTGTTATGTGTCAATGTATG	0	0	0		0	0	0	0	2189
CATTGGCATCGCCTACTGGTAGAGATTGTT	0	0	0		743.9432624	813.5914931	0	0	29900
CATTGTGAAGCAGTAGTAGTCGACAGCACG	0	0	0		0	0	0	0	612
CATTGTTATAGGGCCAGCCTGCTGAAATAA	0	0	0		0	2135.24856	0	0	3882
CATTTAAGACCTCGGTTCCGCCGATTCGCT	0	0	0		0	966.3544528	0	0	2003
CATTTAATTGGTTTTAAGAATTGCTCAAGT	0	0	0		0	0	0	0	4343
CATTTAGAAGCGGGCTGTATTTAGTCCACA	0	0	0		0	0	0	0	7865
CATTTATATAGACACCGTGGACAGTGCGGA	0	0	0		0	0	0	0	3252
CATTTGCCACAGATCGATTATTTGTGTAGC	0	0	0		0	0	0	0	770
CATTTGGGAATAGATCTTTATGTAGTGGGT	0	0	0		0	0	0	0	18362
CATTTTCAAGATTGTACCCCACGAGTTTAC	0	0	0		0	822.1736819	0	0	810
CATTTTTAAACGCTAGAAACTGTAACATGC	0	0	0		0	0	0	0	1434
CATTTTTTACGATGCAGATCAGTCCAGTCA	0	0	0		0	0	0	0	1109
CCAAAAAGTTTTGGGCTCGAGAGGTAGAGT	0	0	0		0	0	0	0	628
CCAAAATGTTTGTATGCCGTGTGGTTTATA	0	0	0		0	0	0	0	2773
CCAAACCATTCCGGACTAAACGCTCGTCAT	0	0	0		0	0	0	0	8361
CCAAAGGTTCATAGCTTCGTTTGTCTACTA	0	0	0		0	10032.57864	0	0	29138
CCAACCAATCCCAAAGGCCCTTGCGTTCCT	0	0	0		0	0	0	0	3465
CCAAGACATAGTGGCTCACTTGGCTGTTGT	0	0	0		0	2221.070447	0	0	7820
CCAAGTAGATCGGCTCAAAGGGGACGCATG	0	0	0		0	2404.729287	0	0	0
CCAAGTGTACATCATGTGGTGGGGAAGCGA	0	0	0		0	0	0	0	19198
CCAAGTTATGGGGGAGCTAGGCGCTAGGGC	0	0	0		0	0	0	0	869
CCAATAAGATTTTATTTCATTTGAGGTGTA	0	0	0		0	1714.721311	0	0	1894
CCAATATTAAAGCCAATGTACTTTTGCGTG	0	0	0		0	0	0	0	3437
CCAATTCAAGGAATTTTTAATCATAATCGT	0	0	866.0868146		0	0	0	0	13595
CCACAGCGATGGAGAGAGCATTCCTACAGG	0	0	0		0	2128.382809	0	0	675
CCACCCGATATAAGGCAAAGGCACGGAGGG	0	0	0		0	0	0	0	1199
CCACCCGTTCAGGAACGTTCGGTATTACGA	0	0	0		0	0	0	0	1644
CCACGAACTGTCCATCTTGGTCGCGGATTG	0	0	0		0	1870.917147	0	0	11146
CCACGAAGAGTTTGAAGATAGTCGATGGGC	0	0	0		0	1414.344705	0	0	0
CCACGGATTCGCGAGATGGCGAGGGTCCGT	0	0	0		0	0	0	0	1266
CCACGTGCAAATAAAATTCCGCGGAGAAGT	692.3519782	0	1140.453003		0	1970.470536	2503	0	804
CCACTAGTTGTGCACCGGAATTAATTTTTG	0	0	0		0	0	0	0	17130
CCACTGGCTCGGTTGTCGACGGAGGTTAGA	0	0	0		0	5497.750111	0	0	11775
CCACTGTTTCATGATCAAGGGCGTCAGTCA	0	0	0		0	0	0	0	15959
CCAGAACGTGTGGCTCATGTAAGTCGTGCA	0	0	0		0	0	0	0	3951
CCAGACGATTTGGCAGGTCCCGCGCAGGTC	0	0	0		0	0	0	0	5965
CCAGCCAAAGGCGAGTCACAACAGGATAAT	0	0	0		0	1129.416039	0	0	8261
CCAGGCCATGACTGTGTCGGGATCGTAAAT	0	0	0		0	0	0	0	11405
CCAGGGGTATCGATCGAGGCGCCAGGGGCT	0	0	0		0	0	0	0	3799
CCAGGGTTATGGAGCCGTGGCGACTGCCAC	0	0	0		0	0	0	0	1863
CCAGTACATATAGGGTGCCGCGTCACTTGG	0	0	0		0	0	0	0	7132
CCAGTACTACATCATACTCACCGCAGGGCT	0	0	0		0	0	0	0	11681
CCAGTAGATCGACGCCCAAACGCTGTCGGA	0	0	0		0	0	0	0	3583
CCAGTCGTAAAGTTTAGAATGAAAGAGAGA	0	0	0		0	3141.081081	0	0	25439
CCAGTGCGTTGCGTGGGATGCGTCGGACAG	0	0	0		0	0	0	0	14682
CCATACAATACGAGATACCGTAGTATGTCG	0	0	0		0	0	650	0	1781
CCATACACTTGAGGTGGGTTAGATGTCTGT	0	0	0		0	1977.336287	0	0	6357
CCATACGGTCCTTAAAGGGGCTACTCTGAA	0	0	0		0	6743.883917	0	0	40950
CCATATCTTGCGTGCGATTTTGTCCGGGTT	0	0	0		0	0	0	0	9922
CCATATTTAAGATTTTCAATCTTTACTCTG	0	0	0		0	1469.270713	0	0	21414
CCATCACTTGAGATGGAGGATAGAAGACTA	0	0	0		0	1000.683208	943	0	2133
CCATCGTAAATACTGTGTGTCGGATATAAC	0	0	2000.218016		0	0	0	0	21602
CCATCTAATTTTGCTACTAACGGTTAAAAA	0	0	0		0	0	0	0	2969
CCATGTGGATGTGGGCGTTTGGTATTCAGG	0	0	0		0	0	0	0	1388
CCATGTTAAGAGGAGCATCGGTGAGGTTGC	1836.582538	0	0		0	0	0	0	621
CCATTATAAGAAACTAAGCCTTAGCTAGCA	0	0	0		0	0	0	0	777
CCATTATGACGCAGAGTCGCGCAAGTCTGG	0	0	0		0	0	0	0	1600
CCATTCTACCTACGATCCCAACCGCCTCAT	0	0	0		0	0	2512	0	0
CCATTGGCACAAGTAGTCCTATAACTGTTA	0	0	0		0	0	0	0	2298
CCATTTAGTTATTATGTCGACGTCATAACT	0	0	0		0	0	0	0	802
CCATTTGGATTGTTCTGATGCTGGGACCTG	0	0	0		0	0	0	0	1798
CCCAAGTTTCATCAAACACTTCCTTTCGGT	0	0	0		0	0	0	0	13643
CCCAATGCAGACCCTCTGGACTGGAGGCGT	0	0	12891.41775		0	0	0	0	1063
CCCACCTAAGTCATCCGCTGTACCCAAAAC	1470.587312	0	605.6285901		0	0	0	0	0
CCCACGCATTTCCGTTCCTGGGGGAGAAAC	0	0	0		0	0	0	0	2488
CCCAGATTTTGAGTCTGGTCCGTACTAGTT	0	0	0		0	0	0	0	714
CCCAGGACAAGCATAGCCTTTGGCGGTGCG	0	0	782.6390339		0	1026.429774	0	0	0
CCCAGTACTGATCCATGGAAAGGTATAATT	0	0	0		0	0	0	0	1621
CCCAGTCCACGTTTCTTCGAACGGTCAATT	0	0	0		0	0	0	0	1041
CCCATAATAGGTAGTGGGGCGGTTCTTGTC	0	0	0		0	0	0	0	3053
CCCATATATGACGATTACCTCCGTACCCGC	0	0	0		0	1982.4856	0	0	1636
CCCATCATATTGGCTTGGCCAAAGGTGGTT	0	0	0		0	0	0	0	3618
CCCATCCTCCAGCACCTCCACCTGGACTCT	0	0	0		0	0	2001	0	0
CCCATTCTTGCGTCTTTTCAAGTCTGATTG	0	0	0		0	0	0	0	1001
CCCATTTTAGTGTATCTAGCTCTCTTTAAC	0	0	0		0	0	0	0	13917
CCCCAGCTATGACGGGATTATCATGGAGGC	0	0	0		0	4153.779353	764	0	29032
CCCCAGGGATGGACTACGATACACGATAGG	0	0	0		0	0	0	0	863
CCCCCCGATGGGTGGTTGGGGAGTATCGGA	0	0	0		0	0	1388	0	857
CCCCCGTTAGGTAACATTGGGGAGTTAGTC	0	0	0		0	0	0	0	4409
CCCCGAAAAGGCTAGGTGTACGAGGGCCAG	0	0	0		0	0	0	0	2466
CCCCGCGGTCGGCGCGGGGTAGCGGGGTTG	0	0	0		0	0	0	0	746
CCCCGTGATATTTAAGTAACATAACCAGCA	0	0	0		0	0	0	0	591
CCCCTTGCTTGCCATTTATGATATGTTGAG	0	0	0		0	1022.996899	0	0	3311
CCCCTTTCTTATGTTGAATGTTTGGTTAAT	0	0	0		0	0	0	0	1400
CCCGATTTTCCTGCGGGTTGCACACGTAGC	0	0	0		0	0	0	0	1255
CCCGGATTAAACCAGGCATGGATACGCCTA	0	0	0		0	0	0	0	5069
CCCGGGCTATCGTGGGATTAGAAAGTGTCT	1391.310368	0	1828.265013		0	0	0	0	18029
CCCGGTGTTACTGATACGCCTGCGGTCGCG	0	0	0		0	0	0	0	1187
CCCGTCAGTAACCATGTTAGATAGACGGAG	0	0	0		0	0	0	0	4634
CCCGTCGTTTTTTTAGGGCAGTGTGCTACG	0	0	0		0	0	0	0	741
CCCGTCTAACACGGGAGGTGTGGGTACAAG	0	0	0		0	0	0	0	16499
CCCGTGCATGCAACAGGGGTCATCTTTACT	638.1793997	0	1345.279373		0	1455.539211	1368	0	1107
CCCGTGCTACTAAAATCCTGATATATAAAC	0	0	0		0	0	0	0	940
CCCGTGGTTTTCCAGGGCTCCACGAGTAAC	2830.186903	0	6263.640992		0	1486.435091	0	0	672
CCCTAAGTTGCTTTAGTGGGCATTTTCTAT	0	0	0		0	0	0	0	4987
CCCTACGATACCATCAAGACTAAGTCTAAT	0	0	0		0	0	0	0	2954
CCCTAGAATGCATGTGTTATGTCGGGAAAT	0	0	0		0	0	0	0	2755
CCCTCGTCAGGTATCAGCGCATAGTTATAT	0	0	0		0	0	3719	0	3301
CCCTGGGATCGCATTCTTTTAATATGCCCC	0	0	0		0	0	0	0	19295
CCCTGTGATCAATCGGCGCTTCCATCCACT	0	0	0		0	0	0	0	1957
CCCTGTTGTCACTCCCTACTATGGGCTCCT	0	0	0		0	0	0	0	20830
CCCTTGCTACGAACCTGACAATCAAAGTCT	0	0	0		0	0	1367	0	908
CCCTTGGCAATCAGGACTTAACCAGTCGAT	0	0	0		0	0	0	0	3877
CCCTTGTGTAATGTTTTCAGCAACGAAGGT	0	0	0		0	0	0	0	1440
CCCTTTATAGTGTCGTATTGTTAAGCAGTC	0	0	1112.637076		0	0	0	0	23527
CCGAAAAGTTGTGTGTGTTTCTATTTGGGC	0	0	0		0	0	0	0	1120
CCGAACAAAGGAAAGGCCGGGGCAAATATA	0	0	0		0	918.2941958	0	0	5603
CCGAACAGTCTAAAGTGCGTAGCATGGGCT	0	0	0		0	0	0	0	3343
CCGAATGTTGAGTTAACCGCACAGAGGAAC	0	0	0		0	0	0	0	2339
CCGAATTATGGTGTATAGTGTCGATTGGTA	0	0	0		0	0	0	0	834
CCGAGCTAATTGGAGCTCGCGTGACATGCC	0	0	0		0	0	1486	0	40441
CCGAGGGATAATACGGGGCATATACGAGAA	0	0	0		0	0	0	0	3148
CCGAGGTATGGGTCGGAGCTACGTGCGGGT	0	0	0		0	0	0	0	2218
CCGAGGTTAAGTTCTTCGGCGTCATCCGCC	0	0	0		0	0	0	0	1823
CCGAGTACACTCGGCTATTACGTGTAACAT	0	0	0		0	0	0	0	830
CCGAGTGTAGATATGGTGCGGGTAGAACTG	0	0	0		0	0	0	0	18254
CCGAGTGTTGTAGAGAATTTACCCCGGATT	0	0	0		0	0	0	0	1774
CCGATACGTGGAAAGCGCTCGTGGCACCTA	0	0	0		0	0	0	0	807
CCGATCATATATCATAGGTATCTGTCTCGA	0	0	915.3968668		0	0	0	0	17257
CCGATGGTAGAATGAGGGATCACTGGTGCT	0	0	0		0	0	0	0	2404
CCGCAGTATAGGTTCAACGAGTACATATAA	0	0	0		0	0	0	0	974
CCGCCGTGTAGCGCAAGAAGCGGAGATGAT	0	0	0		0	0	0	0	863
CCGCCTTGTTAAGAAGTTGTTTTCCGTTAG	0	0	0		0	0	0	0	16148
CCGCGAAGTAGTTACACTGTAGGCCTTTGC	0	0	0		0	0	0	0	1432
CCGCGAGAAGTGCGGAGGGGGGTTGGGAGG	0	0	0		0	0	0	0	6694
CCGCGGTAATAAGCGTACTGATGGGCATAC	0	0	0		0	0	0	0	1044
CCGCGGTATTGAAGAGATTAAGGTAACTGT	0	0	0		0	592.1710235	0	0	5768
CCGCGGTCAGCCATTACGCCTGCGCCGGAG	0	0	0		0	0	0	0	3638
CCGCGTAGTGCTGCATACGTCAGAGGGCAA	0	0	0		0	961.2051396	0	0	5416
CCGCTAACATGATGCAGGTGTTACCCTTTG	0	0	0		0	0	0	0	1064
CCGCTAGCTTTCGGCCGCAGTCGACATTGT	0	0	0		0	0	0	0	1189
CCGCTCAATATATAGTTGAAGGATTGTAAG	0	0	0		0	0	0	0	3380
CCGGAAAGTCCTTAGTGTTTATTGACCATT	0	0	0		0	0	0	0	11392
CCGGAATTAAAGAGCCTATCCTTTTAAACT	0	0	0		0	0	0	0	1471
CCGGAGGTATGCCGACCTGCCCAGTTTCTG	0	0	0		0	945.7571998	0	0	0
CCGGATGTATAAAAAGTTTGGCTTACCACT	1183.869031	0	1207.464099		0	0	0	0	5174
CCGGCAAGTCAGCAGTGTCGAAGTTCATTC	0	0	0		0	0	0	0	766
CCGGCATGAGTGCAAGGACGCTGTGGGAAG	0	0	0		0	0	0	0	15405
CCGGCCGGTAGTTCATCGCCACCAAAGTGA	0	0	0		0	0	0	0	2078
CCGGCGAATGATGATTAATTGACCGATCTG	0	0	0		1227.929078	0	0	0	12239
CCGGCGATATTTAAATCACAGGTGGCTGGA	0	0	0		1090.553191	0	0	0	3040
CCGGCTACTAAGGTGGCTTTTGGCCTATAA	0	0	0		0	0	0	0	1442
CCGGCTATAGTGAGGGAGCTGAAGCACGAT	0	0	0		0	0	0	0	2637
CCGGCTGGAGAGCCTGAGGCTTGGAGGTGC	0	0	0		0	0	0	0	1619
CCGGGACTTTACATCGTAAGAGTCCGTGTT	0	0	0		0	0	0	0	1791
CCGGGAGGTAGTTTCGAGGCATAATGAGTA	0	0	1668.955614		0	0	0	0	848
CCGGGCGCTAATGAGGATAGGTGGAGAACT	0	0	0		0	2907.645547	0	0	6979
CCGGGCGTAAAGTCAATTCTGCCTATGGGG	0	0	0		0	0	0	0	1290
CCGGGGGCACGTGGATGCGACGCAGGGCCG	0	0	0		0	0	0	0	1688
CCGGGTACTGAGTGGGGGCAGAAAACTGTA	0	0	0		0	1682.108994	0	0	5601
CCGGGTGAAAATGAGTGCGTCGAGAGTGAA	0	0	1599.415796		0	1004.116083	0	0	711
CCGGTAGAAGTTGTCCAAGCGATGAGTGGA	0	0	0		0	0	0	0	1008
CCGGTAGGTAGCTACCCTCTGCCCGCGCAG	0	0	0		0	0	0	0	9403
CCGGTCGGACTGCGTGTACCGGTATCTGAT	0	0	0		0	0	0	0	962
CCGGTGCCTCATCCTGTAAGCCCGGCTAGC	0	0	0		0	0	0	0	630
CCGGTGGCAGAATAACCATTGTTGCCTCAT	0	0	0		0	0	0	0	608
CCGGTGTATCACGCAAATTCTACAGGCCAT	0	0	0		0	0	0	0	2973
CCGGTGTATGAGGTTGAAGCTGGGCAAGTC	0	0	0		0	1886.365086	0	0	3071
CCGGTTATAAATTTGGCTGGGACGTAACAT	0	0	0		0	0	623	0	29869
CCGGTTCAACAGGGATACTTATTCCTTAGC	0	0	0		0	0	0	0	11512
CCGGTTGATCACGGTTTGAGTTGACACGCA	0	0	0		0	1132.848914	0	0	1608
CCGGTTGTTAATGAGCTTGGCGGAAATTGG	0	0	0		0	0	0	0	11002
CCGGTTTTATGAACGTCCCTAAGTGGAGGA	0	0	0		0	0	0	0	19561
CCGTAGAATAGCCGTTATCGCGGCTGGATG	0	0	0		0	0	0	0	1032
CCGTAGTTATGTTGGACTGGTTGTCGCTCG	0	0	0		0	1362.851573	0	0	18710
CCGTAGTTTCGGAGCTTGGAAGTCGTAGAA	0	0	0		0	0	0	0	23363
CCGTCGAAATATGACTTGCGTAGGAGGAGT	885.2592087	0	0		1648.510638	0	0	0	0
CCGTCGCAAGAACCCGAAATGTTGGACGGC	0	0	0		0	614.4847142	0	0	1493
CCGTCTTTTTTAAACGGAATACGGGTGAAG	0	0	0		0	0	0	0	985
CCGTGACTAGGTACACTGATACAAGAGGGA	0	0	0		0	0	0	0	18515
CCGTGAGCTACAAACTAGCTAATGGATTCA	0	0	0		0	0	0	0	691
CCGTGATAAGTCAACAATTTTGAACTGGTA	0	0	0		0	0	0	0	2224
CCGTGGAAAGCCTATCAAGACTACTGGTTA	0	0	656.2030026		0	0	0	0	5843
CCGTGTTGAACGGACGCGGATTGCAAATGC	0	0	1976.19517		0	0	0	0	25947
CCGTTACCTCTTACATTAGGGGTCGCTCGT	0	0	0		0	0	0	0	2162
CCGTTCAGTTGGAAGAGAGTTAAGTTCGTA	0	0	0		0	0	0	0	16710
CCGTTCTTAGACTGGGCTCAAGTCGGTCAG	0	0	0		0	0	0	0	1680
CCGTTGACACCCCGGTGCTGAAAGATTGCT	0	0	0		0	0	0	0	1596
CCGTTTTTTAGATTGTTTCTGGTTTATGAG	0	0	0		0	0	0	0	840
CCTAAAAGAATCCGTTAATGTGCGTTAACA	0	0	0		0	1960.17191	0	0	5040
CCTAAAGGAAGTTAAACCCGTTACAACCGC	0	0	0		0	1666.661054	0	0	7536
CCTAACTAACTCAATACTCTTAATGTTGAG	0	0	0		0	0	0	0	4468
CCTAATATAAGCATCTTTGTGTGGGAAACG	0	0	0		0	0	0	0	782
CCTAATTTATTGTGAACGATTGGAATTGCT	0	0	5305.255875		0	0	4937	0	28325
CCTACATCTGCGGCATGTCAATAACGCGGT	0	0	0		0	0	0	0	1423
CCTACTGGTGTGTCGCTTCGCCACAAAGTG	0	0	0		0	633.3655295	0	0	0
CCTAGAATTTTCGCTTGTCACCGGGCCAGG	0	0	0		0	0	0	0	642
CCTAGACATATTTCAATGTTTCCGAAAAGC	0	0	0		0	616.201152	0	0	709
CCTAGCGCTGATCACCAAAGAGGAAGTTGT	0	0	0		0	0	0	0	7333
CCTAGGCTATCAGTTACATAATCGTGTATG	0	0	0		0	0	0	0	1049
CCTAGTACAGATGCTTCGAAATCTGGCGTT	0	0	0		0	0	0	0	852
CCTATATGTCCAGTGGGCTGACCGACTACA	0	0	0		0	0	0	0	14830
CCTATCCTACCACAATATCCCCTATACACT	0	0	0		0	0	1342	0	0
CCTATCGATTGCTGTGGCAAATACTAACCA	0	0	0		0	899.4133806	0	0	2534
CCTATGATAGAATTCATCACGGTGGGGTCA	0	0	0		0	0	0	0	2139
CCTATGGGATCGTCTGTTCTTGTGGGGTAT	0	0	0		0	0	0	0	14252
CCTATGTGAGAGTGTACGTTGGGATGACTT	0	0	0		0	0	0	0	3063
CCTCAAGAAATTAAGCAGATGCGGTGGGGG	0	0	0		0	0	0	0	877
CCTCAATCATTTCGGCCACCTCTGGATATA	0	0	0		0	0	0	0	1378
CCTCACATTTGTGTCGGGTATAATAGTCAA	0	0	0		0	0	0	0	2366
CCTCACGGAGGGCCCCAGGGCTTCGCGCCT	626.2878581	0	692.8694517		0	0	0	0	30181
CCTCAGATACGTGGTCTAAGACGTGTTGGC	0	0	0		0	1074.490031	0	0	850
CCTCCGCCTGTTTTGTTTATACTGGAATGA	0	0	0		0	3489.517944	0	0	6915
CCTCGCAAATTTGTGGGAAAGGGGGCGCCG	0	0	0		0	0	0	0	14388
CCTCGCAGTTGTTGTGTGTTGCTTGTGGGA	0	0	0		0	0	0	0	802
CCTCGCGGATGGCGTAGAGGGGTTCAATGG	0	0	0		0	0	0	0	8127
CCTCGTGTAGACTGCTCATTGGAAACCGGT	0	0	0		0	0	0	0	1589
CCTCGTGTTACGAGGCAGATCGTTAGTCGT	0	0	0		0	4220.720425	0	0	26592
CCTCTAAGAAATTTATGCCAGGGTATATCC	0	0	0		0	0	0	0	901
CCTCTGGCATCAAAAACTCAAGAGATCTAA	0	0	0		0	0	0	0	4695
CCTCTTAGTGTTCCCGGCTATGAAGAGGGA	0	0	2181.02154		0	731.2024812	1289	0	14841
CCTGAACGTTAAGCACCTACGAGAGAGGTA	0	0	0		0	0	0	0	10264
CCTGAACGTTTGACTTGTTGGTTCGTCATG	0	0	701.7199739		0	0	0	0	13254
CCTGATCGTGCGGTCATTATTCAGACTTTG	0	0	0		0	849.6366859	0	0	3117
CCTGCAGTAAGTTCATAGTGCGGCTTACAA	0	0	0		0	901.1298183	0	0	2875
CCTGCCAGACGCACCTTGTATGTAGGCAAA	0	0	0		0	1127.699601	0	0	1550
CCTGCCTCAGGAAGGGCTTGAATTGATACG	0	0	0		0	0	0	0	9091
CCTGGACCTTACCCTGGCCAGGATTCGAGG	0	0	0		0	0	0	0	8569
CCTGGCAAATGGACACGATCGTGAGAGCAG	0	0	0		0	0	0	0	1928
CCTGGGATTCTTGTCTTGCAGCAAAGAATA	0	0	0		925.7021277	0	0	0	47662
CCTGGGCATCTTCAGATACGGCATTTTCGC	0	0	0		0	13048.35977	0	0	32872
CCTGGGGCACCTCAGTCTATTCAACATATG	0	0	0		0	0	0	0	1180
CCTGGTGATGGACTATGGACTCGTGTGCTG	0	0	0		0	0	0	0	751
CCTGGTGCACATACAGATATTAAGGGTAAT	0	0	0		0	0	0	0	13724
CCTGTACCCCCACCCTATTACCTAGACGCC	0	0	0		0	0	6799	0	0
CCTGTAGCAGTCCTCGGCAATTCGTTAGGG	0	0	0		0	0	0	0	1063
CCTGTGCTTTGGACAATGGAGGAACAAGGT	0	0	0		0	0	0	0	1065
CCTGTGGTTAGTGGGTAGTAAGGCTACAAA	0	0	0		0	0	0	0	1310
CCTGTTGATAAGTATGGATTTGTTGTTTTG	0	0	0		0	0	0	0	10582
CCTGTTGCAAGCGGAATAATGAGGTAAGAT	0	0	0		0	4960.505095	0	0	9994
CCTGTTGTTGTTTTGTCAACTGAAAGATAC	0	0	0		0	1505.315906	0	0	0
CCTTAATTACGAATGGGTGTCTATCGGGCC	0	0	0		0	0	0	0	2171
CCTTACCGTCGCGTAAAACGATGGCCTCAC	0	0	0		0	0	0	0	1945
CCTTACGGTGGGATATTATACTCGCGTTAC	0	0	0		0	0	0	0	1145
CCTTAGACAAGAAGGAATTGCTAATTGACA	0	0	0		0	0	0	0	5335
CCTTAGAGACACCGGGATTGCGTAAAGTCC	0	0	0		0	1491.584404	0	0	22657
CCTTAGTTTAAGACCTTGAACACGTAACAA	0	0	0		0	7169.560479	0	0	0
CCTTATAATCGATGCCTGCCGGATCAGGGT	0	0	0		0	792.9942401	0	0	3254
CCTTATGCTTCTTGCATTCGCTGGCAAGAG	0	0	0		0	0	0	0	1502
CCTTCAATTTGCGATCCCCTCGCACGAGTA	0	0	0		0	0	0	0	20486
CCTTCCCACCCACCCTCTGACTCATACTAC	0	0	0		0	0	770	0	0
CCTTCGAGTCTCGATGTGCCCCTCGATGCG	0	0	0		0	0	0	0	1118
CCTTCTCGAACGAGAGATGGTAGTGGTGAT	0	0	0		0	617.9175897	0	0	6957
CCTTCTGCACGGCCATTGCGTTTAAGATCT	0	0	0		0	0	0	0	1071
CCTTGCAAATATGAGTAGGGTCGAGTGCGG	0	0	0		0	0	0	0	2362
CCTTGGCGAGGATGTTCGAGCTTGGTCACA	0	0	0		0	0	1033	0	15358
CCTTGGCGTCATTTCGATGAGGATGTCAGA	0	0	0		0	0	0	0	30211
CCTTGTATACGAAGCCCGCGTATGTCAGGT	0	0	0		0	1630.615862	0	0	0
CCTTGTCCAGGTACTGCATAAAACATACAG	0	0	0		0	0	0	0	699
CCTTGTGTTCCTAATAACCCATTGGATCCA	0	0	0		0	2897.346921	1017	0	19666
CCTTTAGTTGGCTAGATAATATTGATGTAT	0	0	0		0	0	0	0	1219
CCTTTGTAAAACCGAGCCTTTGACTAAGCG	0	0	0		0	0	0	0	656
CCTTTTAAAGACATGTAGCCAGGTCAGATG	0	0	0		0	0	0	0	714
CGAAAATAATCGCTTGGGACGGTGCAAATG	0	0	0		0	0	0	0	1383
CGAAACAGATCGTTGGCCGGTGGGCGTGGT	0	0	0		0	0	0	0	929
CGAAACAGTATGGAAAATATAAGGACCTAA	0	0	0		0	0	0	0	1156
CGAAACGTAAGCGCCTGTAGGCGAACCAAC	0	0	0		0	0	0	0	611
CGAAATGTTCCTGTCCGATGGAGGGTTGTG	0	0	0		862.2978723	0	0	0	0
CGAACAAGTTTGGGGTTGGTGCGATGCTTG	0	0	0		0	0	0	0	1329
CGAACAGATCACACCAGGACGTGGATGTTT	0	0	0		0	0	0	0	1132
CGAACATGTACACAGGGGATTGTCATGCCG	0	0	0		0	0	0	0	2074
CGAACCACATGGAAGGTTAAAGAGATCGAC	0	0	0		0	1014.41471	0	0	37424
CGAACCACTGTAGGACTCAGGGTTTATTAT	0	0	0		0	0	0	0	1728
CGAACGGCTTACACGAGGTCGCTGGGGTGA	0	0	0		0	0	0	0	1092
CGAAGCGGAGCCTGGTGTATAATGACGGGA	0	0	0		0	0	0	0	24293
CGAAGCTAAGATTACTGTTCTGAGTGAGCG	0	0	2863.77611		0	0	0	0	21096
CGAAGGGAATGTAGTCTTTTAAGACGTGGT	0	0	0		0	0	0	0	6399
CGAAGTTATGCCGTCTAGGGCCGTGCCCGA	0	0	0		0	0	0	0	2974
CGAAGTTGATGCTATTGATCGTTATTTCCG	0	0	0		0	0	0	0	803
CGAATCCTTGTGCTCTTTCAATCTGAGTCG	0	0	0		0	0	0	0	26882
CGAATGAAATCCCCAATGGTTAACGCATGC	0	0	0		0	0	0	0	20572
CGAATGCAATCCACGTGGGCGCCATGATGG	0	0	0		0	0	0	0	5266
CGAATTGGTGCGCCTGTGGACTAGGATCTT	0	0	0		0	695.1572884	0	0	12243
CGAATTGTACGGTGCTCTTTGGGCTTAATC	0	0	1392.060705		0	0	0	0	69984
CGAATTTAAAGGCTGGGAAAAAAATGGAGA	0	0	0		0	0	0	0	3059
CGAATTTATTTTCGTACGACTAGGTAACGT	0	0	0		0	0	0	0	1988
CGAATTTTAAGTGAGAGGCGGGATTTAAGG	0	0	0		0	0	0	0	1372
CGACATTGATCGTTTCGAGTGTTATTAATT	0	0	0		0	0	0	0	6389
CGACCAGCTGTATGTCCGAACTCGCCGTGA	0	0	0		0	0	862	0	1793
CGACGCTTTTTGAACTGCGGAAAGGGATGT	0	0	0		0	0	0	0	5074
CGACTATATCTGCTAAAATACGTGTATGGA	0	0	0		0	0	0	0	22267
CGACTCACTGTAATAATATGTTTTGGCCGG	0	0	0		0	0	0	0	676
CGACTCCAATTATCCTAGTATGCCGGACGA	0	0	0		0	0	0	0	1292
CGACTTAGTGTCACCGCGCTGAGGTGTATA	0	0	0		0	3199.439965	787	0	30635
CGACTTTCACAGTGACTTTTGTTAGGAAGT	0	0	0		0	0	0	0	673
CGACTTTCTATACATAGGGGGGGTAGGGGA	0	0	0		0	0	0	0	21823
CGAGAAAGTCGTAGCGGGGAAACGCGGGAC	0	0	0		0	0	0	0	2067
CGAGACCTTCAAGCGCTCATCCTCGATCCT	0	0	0		0	0	0	0	875
CGAGAGTATGGGCCAAAAAACGTGGCTACA	0	0	0		0	0	0	0	1352
CGAGAGTGTTTTGACGCGTACTTGTTACGT	0	0	0		0	0	0	0	817
CGAGATATTAGCACGAGGTTTGGTACGAAT	0	0	0		0	0	0	0	15097
CGAGCGCATAGGCGCCATTAGACGAAGGGC	0	0	0		0	1151.72973	0	0	0
CGAGGAGAATTGTGGGAGGCGCATTAAGCG	0	0	0		0	0	0	0	10228
CGAGGAGGATACCCAAACATGATCCCCCGT	0	0	0		0	0	975	0	10435
CGAGGCACTTCTTACGTTGAGACCTGCCGA	0	0	0		0	0	0	0	3420
CGAGGCCGTAACGTTATTCAGATAGTGGGG	0	0	0		0	0	0	0	7729
CGAGGCGGTATGCCGAAAATGGATACAGCC	0	0	0		0	0	0	0	41022
CGAGGCTGTCTTTGTCGGGTGGAGGTAGTT	0	0	0		0	0	0	0	2910
CGAGGGACTCCTAGTTAGAACTATGAATGT	0	0	0		0	0	0	0	2529
CGAGGGAGTCGCGATGGCGCGTAGGCGGGC	0	0	0		0	0	0	0	1287
CGAGGTGCTGCTGAGTACCATATGGCCTCC	0	0	0		0	0	0	0	1031
CGAGTAAAAGTTGGTACCACAGCACATCGC	0	0	0		0	0	0	0	858
CGAGTAAGATCGATACTAAGAGTTCTGATG	0	0	0		0	0	0	0	9688
CGAGTCTTTTGAAATGGCTTACCTGCGAGC	0	0	0		0	0	0	0	859
CGAGTGCGTTGCTACTAAATGAGGGAGATT	0	0	0		0	844.4873726	0	0	4244
CGAGTGCTACGGCACGAAGTAAGACCATGC	0	0	0		0	0	0	0	22369
CGAGTGTTATGTTATCAGCGTCTTGAGAGA	0	0	0		0	746.6504209	942	0	11721
CGAGTGTTTACTCTCGGCTCCGGTGGGCGG	0	0	0		0	0	0	0	769
CGAGTTAATTGGTATGTGTGTGCTAGGCGT	0	0	0		0	0	0	0	8919
CGAGTTACACGGGGATTCGGGGTTCTAGAT	0	0	0		0	0	0	0	2216
CGAGTTTGTTCGTCGGGGGGAGAGGCCCGA	0	0	0		0	0	0	0	3755
CGATAACCAGGCGCCATGTCCACTGGATTA	0	0	0		0	0	0	0	2097
CGATATCAAGTGCAGAGACGGGAACGCGCT	0	0	0		0	3855.119185	0	0	20580
CGATATGTTTGAATCTCTGGTCTTATTTAA	0	0	0		0	1438.374834	0	0	5290
CGATCTAGACACTGGGCTGGTCGAGGTCGG	0	0	0		0	0	0	0	720
CGATCTTTTAGCGCCGTCGTGGTAGCGTGG	0	0	0		0	0	0	0	1280
CGATGACAAACAATGGGATTGTTCGTGACT	0	0	0		0	0	0	0	1524
CGATGAGAACGCATATGCGTAAATCCGGTT	0	0	0		0	0	0	0	2565
CGATGAGCATGCTGTTCAGTGGTAGGCGGT	0	0	0		0	0	0	0	736
CGATGCACAGCCCAGGCGAGGATTTTTCCG	1609.321965	0	0		817.9148936	0	2467	0	0
CGATGCCCTCTATCTGTATGTTGTGAGGTA	0	0	0		0	0	0	0	13861
CGATGGCATCAACGTGATCGTATTTTTCGT	0	0	0		0	3613.101462	0	0	2095
CGATGTAAACCTAACTCGCTGGACTTGTTA	0	0	0		0	0	0	0	30241
CGATGTCATTCAATGCATCTATTTTTGAGA	0	0	0		0	0	0	0	1825
CGATGTGTACGTATATCCTCGGTTCGCCTG	0	0	0		0	0	0	0	1416
CGATTACGTCGCCTCCGCCCTCCTAGAGGG	0	0	0		0	0	0	0	1054
CGATTAGGACTGTTAGTATTTGTTGATATA	0	0	1131.60248		0	743.2175454	0	0	1325
CGATTAGTACCAGGGGTCGAGCGCGGTGTG	0	0	0		0	0	767	0	0
CGATTCGATGGGTCGGTGTGCACTTTGGGT	0	0	0		0	0	0	0	1693
CGATTGAAAGAGGATTGGACTATAGGGTAT	1367.527285	0	1466.657963		0	3506.682322	0	0	5211
CGATTTAATATTAAACACGGACTGAATTTC	0	0	0		0	0	0	0	743
CGATTTATTGTAGGGGTCGTGGCATGGGGG	0	0	0		0	2076.889677	0	0	761
CGATTTCTTACTTAGTATCCAGGAAGTCAC	0	0	0		0	0	0	0	5560
CGCAAGGCTTTATGGCCGTGCTGACCCGCT	0	0	0		0	0	0	0	1053
CGCACACTATGCACGTGGACGTATGTGACG	0	0	0		0	0	0	0	1279
CGCACCACTAGGACTAGACTGTCCCCGGAA	0	0	0		0	0	0	0	1120
CGCACCCGTAATGTATCAACAGTCTAGAAT	0	0	0		0	0	11005	0	4458
CGCACGGGTTGAGTGGCACAGCCTGTGCAT	0	0	0		1065.191489	0	0	0	17280
CGCACGTTAAGGATGTTTACAGAGCCAATA	0	0	0		0	0	0	0	20083
CGCAGAAGAATGTGATTTCAGTGCATTTGG	0	0	0		0	0	0	0	7589
CGCAGGGAACGTGCGCTGGTTTAAAGAAAA	0	0	0		0	0	0	0	3071
CGCAGGGTAGGCAGCATTGATGTTCCCTGT	0	0	0		0	0	0	0	5354
CGCAGTTTAGACCTCCCCGAATGCGTGAAA	0	0	0		0	0	0	0	65143
CGCATGATTTTGCCTCGGGACGGGTGTGGG	0	0	1835.851175		0	0	0	0	33679
CGCATGGCTGAGCTCTAGGGGGAGGGGGGG	0	0	0		0	0	1889	0	13514
CGCATGGGTGTAGTAACGAACGGGGACCCA	0	0	0		0	0	0	0	11588
CGCATGTGACCTGTCGATATTAGGGACTAA	0	0	0		0	1220.38724	0	0	8950
CGCATTACTACAACCCAACTATACCTCAAG	0	0	0		0	0	0	0	1244
CGCCATGATCTCCAAGATAGCCAAGGGGGG	0	0	0		0	0	716	0	0
CGCCCTACTGCCTTGTAAGCTCGTCGCGGG	0	0	0		0	0	0	0	14018
CGCCGACTTGTACCTGCTACCAATATTTCG	0	0	0		0	0	0	0	1346
CGCCGCGGTAATTGGTCGGTTTGTGTGGTA	0	0	0		0	0	0	0	2026
CGCCGCTATACAGGGCGATCTTCTTCTAGG	0	0	0		0	0	0	0	3017
CGCCGGATAAAGCTGGGCGCTCCGGGGGTA	0	0	0		0	0	0	0	1964
CGCCGGTGTTATTCATCAGCACAGATAACA	0	0	0		0	0	0	0	54789
CGCCGTTCACCGATGTTTGGTTAGGGTGTT	0	0	0		0	0	0	0	638
CGCCTTATAAGGCCTGTTGGAACTTGGTCA	0	0	0		0	0	0	0	2742
CGCGAACTAGGGTGCAAAACGGCGAATTGT	0	0	702.9843342		0	0	0	0	2938
CGCGACGTAAGTGTGTTGAGAGCGACCTAG	0	0	0		0	0	0	0	3155
CGCGATAGTTTAGAAGCCTTCTCCTTTGAG	0	0	0		0	0	0	0	5454
CGCGCCGCATGGAGTCAGTCCCCGCATTTG	0	0	661.2604439		0	0	0	0	0
CGCGCGAGACGTCGTTACGTATCCCAAGGA	0	0	0		0	914.8613203	0	0	729
CGCGCGCAATACCTCGAAAGCTGTTGGAAT	0	0	0		0	0	0	0	7554
CGCGCGGGTAAACGAGCGGCTCCGCTAGTT	0	0	0		0	0	0	0	11670
CGCGCTCATGGAATGTAGCACGCGGTTTTA	0	0	0		0	0	0	0	614
CGCGCTTTATATAATCCGACAAGTACGCTT	0	0	0		619.248227	0	0	0	3404
CGCGGGGAACTTCGGTGGAGGGAATTAGCT	0	0	0		0	0	0	0	1605
CGCGGGGCTGCTGTAATGTTTTTATTTAGA	0	0	0		0	0	1385	0	25169
CGCGGGGTTACTGCCCGAGGGAAATTGAGG	0	0	0		0	0	0	0	800
CGCGGGTAACGACCCGCTGCTGGCTGGGGA	0	0	0		0	0	1441	0	15546
CGCGGGTTATACATGCTCAGAACGGGACAC	0	0	0		0	0	0	0	788
CGCGGTACAATTTTTCGGGACTCCATGCGA	0	0	0		0	0	8164	0	0
CGCGGTTAAGTTACGAGATAGGGCTTAGAG	2350.561392	0	1756.196475		0	0	0	0	1379
CGCGGTTGTAGAGTGGCATGGTAACAATGT	0	0	0		0	0	2575	0	2842
CGCGTCGATCGGCAAATAGTCTTCGGAAGC	0	0	0		0	0	0	0	1335
CGCGTGGGTGTCGAATTCAAAAATAGCCAA	0	0	0		0	0	0	0	13407
CGCTAAGGTATTCAATATTGGACAACTCTT	0	0	0		0	0	0	0	12800
CGCTAGGGTCTGTAATCTGTAGTACAGGGC	0	0	0		0	0	0	0	2308
CGCTCAAAAACGTTGTGAAGTCATCAGGTA	0	0	0		0	2049.426673	0	0	16583
CGCTCATATTTTACACAAGGGTCCTTAATC	0	0	0		845.3900709	0	0	0	0
CGCTCGTGTTTGCCTTCGGGTCGGAGGTTT	0	0	0		0	0	0	0	3939
CGCTGCTATGTTTCTTTGTGCGTTGACGTT	0	0	0		0	0	0	0	895
CGCTGGATAACGAGGAACCGGACATTAAAC	0	0	0		0	0	0	0	2189
CGCTGTATTTTCCTGTACCTGGCGCTTAGG	0	0	0		0	1488.151529	0	0	0
CGCTGTCGTGCTTTGGAATGCGGTTACTAG	0	0	0		0	0	0	0	684
CGCTTAGAATCGAAAAACTCGTCCATGAGC	0	0	0		0	1064.191405	0	0	25736
CGCTTTATAGGAACCATTCCGTAAAGAAAC	0	0	0		0	0	0	0	896
CGCTTTGGAGGGGCTTGGCGATTTCAGGGC	0	0	0		0	0	0	0	1327
CGCTTTGTTGGGTCCATGTGTATTTCGCTT	0	0	0		0	1522.480284	0	0	37568
CGGAAAAGACAGTGGGTTCATTGCAGCCGT	0	0	0		0	0	0	0	699
CGGAAATCTCGAGAGCAGGAATGTGACCCC	0	0	0		0	0	0	0	14856
CGGAACTGTGAGTAACCTCTCGTCGAAGCG	0	0	0		0	1338.821444	0	0	33834
CGGAAGGGTAGTACACGCTTCGTGGGAACA	0	0	0		0	0	0	0	1425
CGGAAGTAATTTGGCGAATTACTGGTGGGG	0	0	0		0	0	0	0	11933
CGGAATAATCATCTCTCGAAGGAAATGTAA	0	0	0		0	0	0	0	5810
CGGAATGTTTTTTGGGTACTGTTCGGCAAC	0	0	0		0	4526.246345	0	0	0
CGGAATTTAAAGTTGACGTGCGGATGCTCA	0	0	0		0	0	0	0	1421
CGGACGAAATGGGTTTTAAATTAAATGGCG	0	0	0		0	0	0	0	2359
CGGACGACATGCGTTTTGTGATAGCGGGTC	0	0	0		0	0	709	0	17519
CGGACTAGACAAGGGTCAAGGCGGTGCCAA	0	0	0		0	0	0	0	3397
CGGAGAGATAGGGGGCCTAAGCGGCGTTGT	0	0	0		0	0	0	0	1019
CGGAGCGGAAATACGGCAATATGGACTTGC	0	0	0		0	4304.825875	0	0	32595
CGGAGGATAAGGATCTCACTGTGCTGTGTG	0	0	0		0	0	0	0	5933
CGGAGGTCAACAGGTGTATTAGAAGCCCGG	0	0	0		0	0	0	0	14613
CGGAGGTGTGGTAGGAGGCTTCACCTGTTT	0	0	0		0	0	0	0	1040
CGGAGTGCTTAGTTGGTACCGGTGCAACGG	0	0	0		0	870.2339389	0	0	0
CGGAGTGTACTGAATTAATCGGGCGCCTCC	0	0	0		0	0	0	0	1531
CGGATAAGTGCGGTGTTTTGCTCGAAGGTC	0	0	0		0	0	0	0	2242
CGGATGATACGGTAGTTTGGAGCATCACTT	0	0	0		0	0	0	0	12749
CGGATGGGTGACTTAGAAACAGTTCAGTCG	0	0	0		0	0	0	0	1194
CGGCAAGATAAGGTAGGAGTTTGTAATTAT	0	0	0		0	0	0	0	6417
CGGCACTGAAGGTCGGCAGGGCGGTCAGAC	0	0	0		0	0	0	0	595
CGGCAGGAATAGTCCCTATAGCTTTAAAAC	0	0	0		0	0	0	0	2781
CGGCATAATTGCCAAAGATGATGAATTTAT	0	0	0		0	0	0	0	1460
CGGCATCATGGGGCCGTGACGGCAAGGATT	0	0	0		0	0	0	0	5555
CGGCATTGTGGGCAGAATAACGTTCTACGG	0	0	0		0	0	0	0	7278
CGGCCATCTAAATGCGATAAATGGAAGGAG	0	0	0		0	0	0	0	10777
CGGCCCCTTTCCCCTTCCTCTCCTCCCACA	0	0	0		0	0	705	0	0
CGGCCGGGTCTTCGAGGAGCTCTTATACCA	0	0	0		0	0	0	0	4658
CGGCGAGTTAACCGGCCCAACTGCTTCGAG	0	0	0		0	695.1572884	0	0	1470
CGGCGCGATGTGGTAAATCCTTGGGTTTAT	0	0	0		0	0	0	0	989
CGGCGGGAATAGCGGAGGGGCGAGAGGCAC	0	0	0		0	0	0	0	778
CGGCGGGTAAATCATTTGCTACATGAAAGT	0	0	0		0	985.2352681	0	0	743
CGGCGGTGTCCATCTGATCGTCGGATCGGC	0	0	0		0	3755.565795	0	0	2124
CGGCGTGCTAAGAGAGTCGTAACGTGTTTT	0	0	0		0	0	0	0	2848
CGGCGTGTTGTGAGTGGCGCGCTGATCGGA	0	0	0		0	0	0	0	939
CGGCTATTTTTGTGGCATGTATTTGTTGCA	0	0	0		0	0	0	0	18336
CGGCTCATAGCTCTGCTTGGTTTTAGACAG	0	0	0		0	0	0	0	19076
CGGCTGAGACAAGGGCTCGGAGTCGTAGCT	0	0	0		0	0	0	0	38098
CGGCTGTGAAATATCGGCTCCTGCAGGTAT	0	0	0		0	0	0	0	3837
CGGCTTACACGCTACCTATCTGAAGGGACA	0	0	0		0	0	0	0	674
CGGGACTTACTCGATATTCGGGGGAGGAGT	0	680.7393365	0		0	0	0	0	7824
CGGGAGACATCGTAGGCTGAGCTGTGCTTA	0	0	0		0	0	0	0	3312
CGGGAGCAACAGAGTTTACCATTGTGAGTC	0	0	0		0	0	0	0	686
CGGGAGCGAGCGTCGCGAGGCAGCGTGTAA	0	0	0		0	0	0	0	1463
CGGGAGGGAGCGTGATCGGGCGTTTAAGTC	0	0	0		0	2639.881258	0	0	3227
CGGGAGGTTTGCTCCTCCCCCGGCCAGAGT	0	0	0		0	0	0	0	3501
CGGGATCATCATGGCAGTTCGCCACGAAAG	0	0	0		0	0	0	0	2901
CGGGCGAGTACGGGGGTAGACGGCTTTGGA	0	0	0		0	0	0	0	2127
CGGGCGGCAGGGGGGTAAGTGAAGAATGGG	0	0	0		0	0	0	0	940
CGGGCGGCTACAGTTGTTGACAGTAGGGTG	0	0	0		0	0	0	0	1140
CGGGCTCATGCGGCGCTGTTGGTTCTAGGG	0	0	0		0	0	0	0	1221
CGGGCTCTACGCATTTGAAATCCCGGTCAG	0	0	0		0	0	0	0	589
CGGGCTTAAGTGGTGTGGGGATTGGCCGGC	0	0	0		0	0	0	0	16802
CGGGGATGACTTTGCGTGGCATATAATCTA	0	0	0		0	0	0	0	29717
CGGGGGCCAGGGCCGCCCAGTGGAAGGGGG	731.9904502	0	0		0	0	0	0	13249
CGGGGGGATGGGTGCGGTCAAAAGCATGGG	0	0	0		0	1695.840496	0	0	7741
CGGGGGTCTCCGGGGGAGGGTGGGGGTCAA	0	0	0		0	0	0	0	18116
CGGGGTAGTCCAGGTCCCACTGGCCTGTAT	0	0	0		0	0	0	0	1312
CGGGGTTCAGAGTTTCCGGGGGTAGGCAAT	0	0	0		0	0	0	0	50789
CGGGGTTGAGCTTGACGCCATAGCAATATT	0	0	0		0	0	0	0	3832
CGGGTAACAGTGACATGTATGTGTGGATCA	0	0	0		0	0	0	0	18128
CGGGTCGCATGGGTAGAGGCGTCAATCGTC	0	0	0		0	0	0	0	6896
CGGGTGAATGGGGGCCGCGTGAATGCGAGT	0	0	0		0	0	0	0	2632
CGGGTTCATAAAAAGTCACGGATAGTCGGC	0	0	0		0	0	0	0	4117
CGGGTTCCAGTTATCTCCCGAATACGGTGC	0	0	0		0	0	0	0	7613
CGGGTTGAAATGCAATCATCGATGTGACGT	0	0	0		0	0	0	0	1157
CGGTAAAGTCGATGGGGACTTGTGGCATGG	0	0	0		0	0	0	0	591
CGGTAAGCTGTGTTAGCGGGCCATGACGAA	0	0	0		0	0	0	0	2863
CGGTAAGGTATATGGGCTGAAGAGAGACTG	0	0	0		0	0	0	0	35488
CGGTACTCAGGTGACAATTTCAATCGTATC	0	0	0		0	710.6052282	1213	0	0
CGGTAGATTAAGAGTATGCAAGCTTTCAGA	0	0	0		0	0	0	0	927
CGGTAGCCACGAGCCGGGCCTCAGATTTGC	0	0	0		0	0	0	0	4341
CGGTAGGTTGCAATAAGACAGGCACGGAAC	0	0	0		0	0	0	0	31119
CGGTATTATTGAATTTAGCGGTTATACCGA	0	0	0		0	0	0	0	13853
CGGTCAGAATAAAGGAAGTTGAAGGTTGGA	0	0	0		0	0	0	0	1872
CGGTCCAATCGTCGGAATTCCTGATTCATA	0	0	0		0	0	0	0	613
CGGTCCGCATGGACAGGCTGATTGGTTGGG	0	0	0		0	942.3243243	0	0	16611
CGGTGCATTTACGCGATCAATAAATCGCCG	0	0	0		0	0	0	0	43191
CGGTGCCATTGGTAAGGCCCATTGACATGC	0	0	0		0	755.2326097	0	0	1441
CGGTGCGGATCCTCAAACGATTGTGTGCTG	0	0	0		0	0	0	0	17180
CGGTGCTGAATGAGCGGGATTACCCCCAGA	0	0	0		0	0	0	0	906
CGGTGCTGTTATTGCATCCTGTGGATTGAT	0	0	0		0	0	0	0	2519
CGGTGGAAAACTTAGTGTTCGGATGCCGGT	0	0	0		0	0	0	0	7503
CGGTGGAATCTCTCCTTAATCTGGCGCCAC	0	0	0		0	1074.490031	0	0	3759
CGGTGGACTGCCGAGCACGTCACACGGAGT	0	0	0		0	597.3203367	0	0	1473
CGGTGGAGTGTTGGTTTGCTAGGAATTTGG	0	0	0		0	0	0	0	4497
CGGTGGCGATGAAATCAGTCTTTCGGCTTG	0	0	0		0	0	0	0	1172
CGGTGGGGAGATCAAAGACAGGCTGAATGA	0	0	0		0	1028.146212	0	0	2037
CGGTGGTCTTCGCAGTCAATGTAGCAGGCC	0	0	0		0	2387.564909	777	0	23505
CGGTGGTTTCCGGGCATTGTTAAAATCGGA	0	0	0		0	0	0	0	2218
CGGTGTAGAGATTGCGGTTTGGGACGAGGT	0	0	0		0	0	0	0	1463
CGGTGTAGTGCTTAAATGCTTTCGAGGATA	0	0	0		0	5880.515729	0	0	17055
CGGTGTGAAGGGGTATACATTACTGCCAGC	0	0	0		0	0	0	0	658
CGGTGTTAATAATGAGCGGGCCTAGCATTG	0	0	0		0	0	0	0	749
CGGTTAGTACCAAAGGAAGCTCTGACTAAG	0	0	0		0	0	707	0	17118
CGGTTAGTTACGTAAAGGGCTTTAGGGGTG	0	0	0		0	0	0	0	1063
CGGTTATCAAATTGGGATAGACGGTAGTTA	0	0	0		0	0	777	0	54345
CGGTTATGACAGTAGCTGATTGATTGGTCC	0	0	0		0	0	0	0	23119
CGGTTCACATGGTTAATCTAGGTTCGCCAC	0	0	0		0	0	0	0	20855
CGGTTCGGTTTGTAGATGCCCGATCATGAC	0	0	0		0	0	0	0	4604
CGGTTGCATCAGGTCTTTCGCTTGGTAGAA	0	0	0		0	0	0	0	4576
CGGTTGGGATCATATGATTGTGATAGCAGT	0	0	0		0	0	0	0	5410
CGGTTGTGTGTATTTGTGCGTGAAACTGAG	0	0	0		0	0	0	0	4869
CGGTTTACAGGTGCTGCAGGCAGTGTCAGG	0	0	0		0	0	0	0	11795
CGGTTTCAAGTGTGATATTATCTTTGAACT	0	0	0		0	0	0	0	1448
CGGTTTTTAGCCTACAGGTGCACCGTTGCC	0	0	0		0	0	0	0	14801
CGTAAATATAATTGCAATCCATTGCTTGGC	0	0	0		0	0	0	0	740
CGTAAATATTCCGGGGGCCTTTGGGCAGGA	0	0	0		0	0	0	0	5413
CGTAAATCACGGCACGTGATTGGCATGCGA	0	0	0		0	0	0	0	608
CGTAACCCAGGCCGGGCAAATGGGAGTCAT	0	0	0		0	0	1067	0	39499
CGTAAGCGTATAGGGGGAGCATGCGCCCTT	0	0	0		0	3298.993354	1018	0	30495
CGTAAGGGTCAGCGTTCTAATAGTTCGTAC	0	0	0		0	0	0	0	2357
CGTAAGGTTAGGCCGAATACGGAGTGAAAC	0	0	0		0	0	603	0	5931
CGTAAGTGTCCGGGGTGAATTCTTTAGCAT	0	0	0		0	0	0	0	11297
CGTAATAGTCGTTACGGGAGGCGCGTAATA	0	0	0		0	1707.85556	0	0	2458
CGTACAATTCGTGTGTCCTCTCAAGAACAA	0	0	0		0	0	0	0	708
CGTACCCGATATCATAACTTTCAGTATTAG	0	0	0		0	0	0	0	698
CGTACCGCTGTTACACACCCTCCTTACTAC	0	0	0		617.1347518	1076.206469	0	0	19747
CGTACGTGAGATAGGGACCGTGGTCTAGAG	0	0	0		0	0	0	0	1175
CGTACGTTAGCGGGAGTCGTAGGGGTGAGG	0	0	0		0	0	0	0	827
CGTAGACCTAAGAAAGGCGTATATGCTTAA	0	0	0		0	0	0	0	601
CGTAGATGATGATATGTGCCTTGGAACGAG	0	0	0		0	0	0	0	838
CGTAGATTTCTTTACGTTGTACAGGATTTG	0	0	0		0	0	0	0	868
CGTAGCGGTATAGAACTCCGTGTAGCCGTG	0	0	0		0	1688.974745	0	0	2453
CGTAGCTGTATGGGCAGCGAGACTGCCGCG	0	0	1021.603133		0	0	0	0	688
CGTAGGACAAAGTCCCCTAATTATACCGCA	0	0	0		0	0	716	0	8717
CGTAGGGCATGGGTTTTCCAGATTAGGGGA	0	0	0		0	0	0	0	3178
CGTAGGTTTTTTGTATACCTGAGGAGCGCA	0	0	0		0	0	0	0	17292
CGTAGTTGTCTGAAGTGGGTGAACGATAGA	0	0	0		0	0	0	0	924
CGTATAGATCATAGTTACGGTTTTTATAGG	0	0	0		0	0	0	0	4178
CGTATATGTGTACTGTGCAGATAGGATGTA	0	0	0		0	0	0	0	18670
CGTATCGTATATGTGCTCCTAGATCGCATA	0	0	0		0	0	0	0	17694
CGTATTATATCGAATTTACTCTATCACATA	0	0	0		0	0	0	0	2248
CGTATTCCTCGTTAATTTTATGGTGTTTTT	0	0	0		0	0	0	0	3192
CGTATTGCAGTCATGCCGTCCACTGTAGCT	0	0	0		0	0	0	0	605
CGTATTGCTATGGATCCTATTAAATTTGTA	0	0	0		0	1817.707576	0	0	9760
CGTCAATTAGCCGGCGCTTTCCTTACGTTT	0	0	0		0	2375.549845	0	0	48932
CGTCACAATTCCGCGTATATGCTAAGAGTC	0	0	0		0	0	0	0	34732
CGTCACTAATGCATGAGTAAGACAGATCTG	0	0	0		0	1730.169251	0	0	12769
CGTCACTTTTAGAATCCTGTGGCACTTTTT	0	0	0		0	0	0	0	635
CGTCATAAACCAGTTTAGTGTCTGACTTGG	0	0	0		0	0	0	0	4816
CGTCATATTCGTAGGCTTCTGTGTGGCAAC	0	0	0		0	0	0	0	3120
CGTCATGGAGCTGACTAAGGCGTGCTGGTG	0	0	0		0	0	0	0	15140
CGTCCACTTAACTTATCCGGTGTAATTGTC	0	0	0		0	0	0	0	8226
CGTCCCAGTCGACACGAGTCCCGAAACGGA	0	0	0		0	0	0	0	6731
CGTCGAAGTTAAAAAGTGAACAGTAGCGGA	0	0	0		0	0	0	0	3937
CGTCTAATTACTTGCGCGCCTATACAACCT	0	0	0		0	0	0	0	1167
CGTCTCACTTTGCGTTGTGTGAGAGATGCT	0	0	0		0	1012.698272	0	0	7470
CGTCTGGGATACAGACCACGTCGGCGCTTC	0	0	0		0	0	0	0	1058
CGTCTGTTAGACGGCATTACCTTATCAAAT	0	0	0		0	0	0	0	3923
CGTGAACAACATGTTTGCCAGGTAAGAGTC	0	0	0		0	0	0	0	15303
CGTGACGGTAAGCGAATGCGGGTGATCGAT	0	0	0		0	0	0	0	1003
CGTGAGGGAGTCCGGCCAGGGTGTCGCCTG	0	0	0		0	0	0	0	2093
CGTGATTCAGCGCCTTCCATACATGTTCTA	0	0	0		0	0	0	0	696
CGTGATTTTACTTTTGAGATGAGTGTTTAT	0	0	0		0	0	0	0	1228
CGTGCAAATTTCAAGGGTGCCTAGTACCAA	0	0	0		0	0	0	0	3176
CGTGCACTTCTAGCTGTCGGTCCATAGTAC	0	0	0		0	0	0	0	13478
CGTGCCGTAAGCTGCTAAGGAACTGGGTTA	0	0	0		0	0	0	0	809
CGTGCCTTAATCCGTTGGGCGCCCTGGAAG	0	0	0		672.0851064	0	0	0	0
CGTGCTTCTTCAGACGTTTGGGCCATTTAT	0	0	0		0	0	0	0	1259
CGTGCTTGTGCTATATGTGTTCGTGGCTAG	0	0	5116.866188		0	0	0	0	0
CGTGGAAAAGCTGAGCGCAGCGCTACAGCG	0	0	0		0	1991.067789	0	0	2348
CGTGGAACAGATTTCTAAGTAATGTATCGG	0	0	0		0	0	0	0	1847
CGTGGATCTGAAACCCACGGGTTTTGCCAT	0	0	0		0	0	0	0	20076
CGTGGGATTCGATATCATGGGGGGCTCTGC	0	0	0		0	0	0	0	713
CGTGGGGAATGTGGCCAGTTGAATGGGGGC	0	0	896.4314621		0	0	0	0	1405
CGTGGTTTAGGGATGACGTAAACGTACTGC	0	0	0		0	0	0	0	1487
CGTGTAGGAGTGGATGGTTGGACAGAAATA	0	0	0		0	966.3544528	0	0	839
CGTGTATCTCGGGGAGTCCAGGCGGGTGCG	0	0	0		0	0	0	0	872
CGTGTCCCTTTGTTTACAGTAGGGTCTGGC	0	0	0		0	0	0	0	8174
CGTGTGGCACGCGACCATCACCATGAGCGT	0	0	0		0	0	0	0	2399
CGTGTGGGAGTCGATCCTGCTGAGCCGGCG	0	0	0		0	0	0	0	18989
CGTGTTGCTGTTGTCGCGGATACAGGAAGA	0	0	0		0	0	0	0	852
CGTGTTTCAAATATCATGCTACTGGGGTTT	0	0	0		0	1484.718653	0	0	18672
CGTTAAACTACGTCAGCGAGGATGACTATG	0	0	0		0	0	0	0	1181
CGTTAACGTATATACCAGTCGGTGTGTCAA	0	0	0		0	950.9065131	0	0	612
CGTTAGGAATCAGAAAATCGTGTCGGTTTG	0	0	0		0	0	0	0	1366
CGTTAGTGTTAAGGGAATAGAGTTTTGGTC	0	0	0		0	0	0	0	3208
CGTTATAAAAGGGCGACAAGGCCTCGCCCT	0	0	0		0	0	0	0	643
CGTTATAAACGTGCCGAGCATTATACACAG	0	0	0		0	0	0	0	8307
CGTTATTAAGGAGCAGGACTTTCTTAGCGA	0	0	0		0	0	0	0	12514
CGTTATTTACCAGGGACATACGGAAGAAAT	0	0	0		0	0	0	0	32690
CGTTCAGTTTAGAGTGTTATGAACGATTGG	0	0	0		0	0	0	0	791
CGTTCATGAGGGTCACGGACAAGATAAGAT	0	0	0		0	0	0	0	590
CGTTCATGTTAATCTTTATGTTTCGTTGGA	0	0	0		0	0	0	0	26941
CGTTCCTTACGGCGTGGAACGACTAGAAAT	1339.780355	0	0		0	0	0	0	15524
CGTTCGGCTTGCCAACTAGCGTGAATCTAT	0	0	0		0	4018.180771	0	0	4315
CGTTCGTCTTTACGTACGACCCACCACCAG	0	0	0		0	0	0	0	33090
CGTTCTGGTTCACGGGATACGGCTGGAGGA	0	0	0		0	0	0	0	5794
CGTTGAGGTTCGGTTAGGCGCGGCGTTTCC	0	0	0		0	0	0	0	19111
CGTTGCGGAGAAAGGAACGATCTGGGGGAC	0	0	0		0	0	0	0	619
CGTTGCTATAGCTTGGTGCGTCACCGTAGG	0	0	0		0	0	0	0	6204
CGTTGCTTTCTAATTGCTCTAATTAAGAGA	0	0	0		0	2336.071777	0	0	15615
CGTTGGAGTTTTTCAGTTCTTAGTTAAAAC	0	0	0		0	0	1172	0	24049
CGTTGGATTCTTAGTGCCACGTCCAATCGA	0	0	0		0	0	614	0	24845
CGTTGGTTTAAAGTTGGTTCCACAAATACT	0	0	0		0	0	0	0	999
CGTTTAAGAGATTAAACGTCACGGTCATGC	0	0	0		0	0	0	0	1596
CGTTTAATACGTTGTAGCGAGTGTAGAATG	0	0	0		0	0	0	0	1307
CGTTTAGCAAGTCTGAGTTGCCTGTCGGCA	0	0	0		0	0	0	0	2821
CGTTTCACTCGAGGAAAATTCTCGACGAGG	0	0	0		0	0	0	0	1020
CGTTTGATTGCAATTAAGCATCCCGTTTAT	0	0	0		0	1299.343376	0	0	0
CGTTTGGCAACAACTCAGAGCTATTTTGTC	3547.643247	0	785.1677546		0	0	2284	0	45534
CGTTTGTTTGTATGTTCACAACGTGCATAC	0	0	0		0	1670.09393	0	0	1033
CGTTTTCTACCCTGTTTGTACATGTATATA	0	0	0		0	0	0	0	1035
CTAAAAAGATGTTTGGCTCAAGGATGATAA	0	0	0		0	0	0	0	5717
CTAAAAGCTCGTCCCAAAACTGCCATTGTA	0	0	0		0	944.0407621	0	0	0
CTAAAATCTTCTGAACCGAACTCGTCACTA	0	0	0		0	0	1123	0	0
CTAAACGGTGGTAACTCTAACAACCACGGT	0	0	0		0	0	0	0	10098
CTAAAGTGTCCCTGCGCGGTGGCCGGTGTG	0	0	759.8805483		718.5815603	0	0	0	1667
CTAACAAAATGGGTCGCTGAATTGTTTCTC	0	0	0		0	0	0	0	4638
CTAACATCTTCCTTGGCGGCTTATTTACTG	0	0	0		0	0	0	0	1111
CTAACGAGTCGGATTACAAGAATAACAAAT	0	0	949.5345953		0	0	0	0	5835
CTAACTTGCCCGTACTCCTCAAAATCTTAT	0	0	0		0	0	902	0	0
CTAAGGGATGGATGAAGATGTATCGGTTTC	0	0	0		0	0	0	0	7294
CTAAGGTTTTGTCGGGGCGTAAATGGGAAA	0	0	0		0	0	0	0	14017
CTAAGTCCACCCCTGATAACAGCCTGAAGC	0	0	0		0	0	0	0	1720
CTAAGTCGTCGAAAAGTCTGACAGTATGGC	0	0	0		0	0	0	0	755
CTAAGTTGAACAGTCGCTTGTCATATCCGC	0	0	0		0	1376.583075	0	0	755
CTAATAATTCTACGTTTTGATGACATAGTC	0	0	0		0	0	0	0	1012
CTAATCGTTTTAGCATGACGGTATGTTGGA	0	0	0		0	0	2103	0	2178
CTAATGAATCGGTGCGAAAGATGAGTGCAG	0	0	0		0	1417.777581	0	0	9398
CTAATGAATGAGGTTTTCGATTAAGGGGTA	0	0	0		0	913.1448826	0	0	0
CTAATGTTAAGTATAATACTTCAGTTATAA	0	0	0		0	0	0	0	4496
CTAATTCCAGGGACCTTGGCTAAGGGCTAG	0	0	0		0	0	0	0	7367
CTAATTGATTGTCATCTTCGCACTTGCGGC	0	0	0		0	0	0	0	6171
CTAATTGTAGTTCCAGTTTGCCTTGAAAAT	0	0	0		0	0	0	0	4563
CTACAACGTTGCGCCTTTGAGTGGAATGAG	0	0	0		0	0	0	0	666
CTACAAGGTTGGTGGGAAAGAGTTCGCGCC	0	0	0		0	0	0	0	7157
CTACAGGGTAATACCATAACCGAGTGCGGT	0	0	0		0	0	0	0	985
CTACATTCATATAAATTCAGTAAGCCGCGA	0	0	0		0	1640.914488	0	0	3555
CTACCTCTATGTATTTTTCAATGCGCGTAG	0	0	0		0	0	0	0	6954
CTACGAGAACCCAAGACCACTTGGCCAGTT	0	0	0		0	806.7257421	0	0	0
CTACGTGAAGTCATAGGTACAATAGAGGCG	0	0	0		0	0	0	0	7590
CTACTATAATTTAAAGTGCGTCGTTGGGAG	0	0	0		0	0	0	0	1350
CTACTGCGTATGCGATCTCAATGAGTGTAC	0	0	0		0	1131.132477	0	0	0
CTACTTCGTTCGATCAGTCTGGTGAGTGTC	0	0	0		0	0	0	0	10962
CTACTTGGTCAAACCAAGGTTGTGCTCAGT	0	0	0		0	8391.664156	0	0	6116
CTACTTTTACGCCTAACTCTTTCAGGAGTG	0	0	0		0	0	0	0	9083
CTAGAAAGTAAGGTGGATATGGAAGTCAGT	0	0	0		0	0	0	0	40924
CTAGAAGATGAATCTGTAAGACAACGACAG	0	0	0		0	2801.226407	0	0	17211
CTAGACTTAAGGCAGACGATAAAATGTTGA	0	0	0		0	0	0	0	5378
CTAGAGGTAGAGACCTCAGAGGCAAGCCAA	0	0	0		0	0	0	0	1015
CTAGATCAATTTTGCAAGTCGGAGATGGAG	0	0	0		0	4642.964112	0	0	26117
CTAGATTAAAGTTGGGAGCTGTTGCGCTCT	0	0	0		0	0	0	0	2800
CTAGATTCATTGAAGGAGGATGTGACAGGC	0	0	0		0	0	0	0	860
CTAGATTGTGCACTACCTACCGCAGTTTAA	0	0	0		0	612.7682765	0	0	8975
CTAGCATTAGGTAACGGCACTGTTCAGGTG	0	0	0		0	0	0	0	13373
CTAGCCACAGCTTAATGTATGAGCCTTCAG	0	0	0		0	0	0	0	656
CTAGCGCGTTGAGACCTCAGCGCTAAGGGT	0	0	0		0	0	0	0	1320
CTAGCTACTGCTCTCATGGCTTTTACTCAG	0	0	0		0	0	0	0	1293
CTAGGATGAGTGCACGTTGGACCGTCAGAA	0	0	0		0	0	0	0	1231
CTAGGATGTTGTCGCTTGAATCATTTCGAG	0	0	592.9849869		0	0	0	0	0
CTAGGGTGACTATTTTTCAATTACTATTAG	0	0	0		0	748.3668587	1326	0	0
CTAGGTGGTCTGAATGGGTGGCACCGAGGT	0	0	0		0	0	0	0	802
CTAGTATCAGTCGTGCTCCGTGTCACTTAC	0	0	0		0	0	0	0	2496
CTAGTGAAACCGATTTGTAAAACCAAGATT	0	0	0		0	0	0	0	776
CTAGTGCATGTATTTGGGATGTTTTTTACG	0	0	0		0	2250.249889	1220	0	0
CTAGTTCGTCTGCGTTTTATGTTCTCCGTT	0	0	0		0	0	0	0	2222
CTAGTTGGAAGTGTTTAATACGGCAAATCT	0	0	0		0	0	0	0	1175
CTAGTTGGACGGGTAACGAGCGTGGAAACT	0	0	0		0	0	0	0	690
CTAGTTTTTAGTGTTGGAAATTAATACTCT	0	0	0		0	0	0	0	14677
CTATAAGATTTGGTCCTCAAGCGCGAGGCA	0	0	0		0	0	0	0	7837
CTATACGATTAATTAGTAGAGTGTTTTACC	0	0	0		0	0	0	0	6497
CTATAGGCAGGAATGAGGGGTAGCGTTAAG	0	0	0		0	0	0	0	869
CTATAGTGATGTGTTGAATACCTTGAGTCG	0	0	0		0	0	0	0	10123
CTATATCTTTGTCTTTCGGCGAAAGGGTCG	0	0	0		0	0	0	0	1452
CTATCAAAATATCCCAGAACGTACTGTTTC	0	0	0		0	0	4775	0	5477
CTATCGATAGCGGGAACTAAGTGTTAGGGG	0	0	0		0	0	0	0	5869
CTATCTCTAGCCCCTCCCTGGCAAAAGGAT	2609.532742	0	749.7656658		0	3522.130261	0	0	1043
CTATGATCAGGGCGCTCCGTACTGTCCGGC	0	0	0		0	0	0	0	1225
CTATGCCATGGTGGGACCGGGGGGAGCGGT	0	0	0		0	0	0	0	3205
CTATGGGGAGCAAGTATCGTCGAACCCTTT	0	0	0		0	729.4860434	0	0	0
CTATGTAATTTATAGTCTGACGCTGAGAAC	0	0	0		0	0	0	0	3436
CTATTAAGTAGTTGCATTTATATTATACGC	0	0	0		0	0	0	0	4830
CTATTAGTATGCATGATGCAGGCGCTTAGG	0	0	0		0	1326.80638	0	0	638
CTATTCATTATTAAAGCGTTCCCGGGAGTG	0	0	0		0	0	0	0	984
CTATTCCTTCCGGAGTAGTTGGGCAGCATG	0	0	0		0	0	0	0	905
CTATTGCTAATACGGTCACGCCTCTAATTT	0	0	0		0	0	0	0	4261
CTATTGGCTGCAATGAATTCTAGTTTGACG	0	0	0		0	0	0	0	844
CTATTGGTTTTTTCTGATAGTGCTATGTTG	0	0	0		0	0	0	0	756
CTATTTCTCCCCCCCTCAACAACCCCTTAT	0	0	0		0	0	714	0	0
CTATTTTGTCTAGGAACATATCGGCCTCAA	0	0	0		0	0	0	0	1550
CTCAATACATGGTAGTCCTTGGGCTGGATG	0	0	0		0	0	0	0	594
CTCAATGTTGAACTGGTGCCGCAGGCAAAC	0	0	0		0	0	0	0	11097
CTCAATTGTCGAGAGGTCACGATCTCTCTC	0	0	0		0	0	0	0	2163
CTCACACTACCACCCCCCACCCTCTCCAAT	0	0	0		0	0	3673	0	0
CTCACGCTTGTTGTATTGGAGATTTGAGTG	0	0	0		0	0	0	0	666
CTCACGTGAAGCACACTTATAATGAAATCA	0	0	4668.018277		1536.496454	1886.365086	0	0	31753
CTCAGAACAGACTCGGAAGCTAACCATCCT	0	0	0		0	0	0	0	9523
CTCAGAACTGTCATTCGGTTCCGAAAGGAC	0	0	0		0	0	0	0	4653
CTCAGACTTCTGCTTGAGGGGTAAAGAATA	0	0	0		0	0	0	0	866
CTCAGGACATGGGGAATAGCTTGTGGACTC	0	0	0		0	0	0	0	2250
CTCAGGGTTGTGGTGGGATTGTATTGAATA	0	0	0		0	0	0	0	1763
CTCAGTCGAGGTCACCTCTGGATAAGCACT	0	0	0		0	0	0	0	1038
CTCATACGACCAGTCTGCGTGGTATTCTAC	0	0	0		0	0	0	0	2091
CTCATCTGTGCTCAGGAGGCGTAGTCCCAG	0	0	0		0	0	0	0	713
CTCATCTTTCCGGATATGTGAACAGGATCG	0	0	0		0	5106.402304	0	0	7654
CTCATTTTTTTAGGAATAACCGCCTCGAGT	0	0	0		0	1119.117412	0	0	0
CTCCAGTTTTTTGGCATGCAGAATCGATTG	0	0	0		0	1249.566681	0	0	2228
CTCCCACGTCGAAAGGCGCGTAGGAAGAGT	0	0	0		0	0	0	0	2063
CTCCCCCGTTGGGGTATTTATTGTGTTTTT	0	0	0		0	0	0	0	590
CTCCCGTAAAATGGGCTGTCATAGGATATT	0	0	0		0	0	0	0	23095
CTCCCGTATTGAACGAAAGAATTAATGCTC	0	0	0		0	0	0	0	1890
CTCCCTGATTCAGGGCGACCCAGAGGGCCA	0	0	0		0	0	695	0	0
CTCCGAGGTGTCGATGAATCCGACTGGTAA	0	0	0		0	0	0	0	4489
CTCCGTAGTGGGCGTATATGGGTATATAAT	0	0	704.2486945		0	0	0	0	11126
CTCCGTCTAAGCCACGTTCCTGTTTGAACA	0	0	0		0	6797.093487	0	0	31484
CTCCTACAAGTTTACACGACCTGGAGACGT	0	0	0		0	0	0	0	2338
CTCCTACATAGGACATTTAAGTCTGCGCGG	0	0	0		0	0	1069	0	614
CTCCTACGACACCCCCATGATCTCAACGAC	0	0	0		0	0	2455	0	0
CTCCTTTGAGCCCCTTCCGAGAGGACTGGA	0	0	0		0	0	0	0	4325
CTCGAACCTGAGTCCTAACGGGTCTTGAGA	0	0	0		0	0	0	0	32867
CTCGACCTAGGTTGAGCTTGGATAGTATAA	0	0	0		0	0	0	0	1251
CTCGAGCCTCCGAGATCCATTGTAGTCACC	0	0	632.1801567		0	0	0	0	0
CTCGCCGTATCTGCATCACCCGTTTGCCGA	0	0	0		963.7446809	2222.786885	0	0	1618
CTCGCGCAAGTCGGCCGGTACCGCAATAAG	0	0	0		0	0	0	0	612
CTCGGAAAACCATTTTGCGATTCGCGAGCA	0	0	0		0	0	0	0	7363
CTCGGATATCAACCCTCCCTCAAGTCACGC	1025.315143	0	0		0	0	0	0	2069
CTCGGCGGAACTGCTGCAGGGGCCTTAGCG	4213.569577	0	1165.740209		0	4368.334072	0	0	21584
CTCGGGTTACGTGGGTCCGATTAGCGCAAT	0	0	0		0	0	0	0	1046
CTCGGTCTTCTTTCCTTGCTTACTTCCCGA	0	0	0		0	5125.283119	0	0	1788
CTCGTATTATGCGCCTCGTTGACGGGGGTT	0	0	0		0	774.1134249	0	0	1698
CTCGTCGTTTGGAAAGCTTATTGCAAAAGG	0	0	0		0	0	0	0	4366
CTCGTTGAAAGAGTGCGAAGTCAGATATTT	0	0	0		0	0	0	0	1466
CTCGTTGATGTGCGCCGGCCTTGGATTGGC	0	0	0		0	1005.832521	0	0	0
CTCTAAAATTGAACAAATTGTCGGCTTAAC	0	0	0		0	1855.469207	0	0	25810
CTCTATCCATCGGCACTCATAGGGTCGAGC	0	0	0		0	0	0	0	637
CTCTATCCTACGGTATGACGGTCATTAAGT	0	0	0		0	0	0	0	10129
CTCTCGCTTATAGCGTCTGTTTGAATTGTA	0	0	0		0	0	0	0	1676
CTCTCGTATAATAATGTTTGTTAGGATTAC	0	0	0		0	0	0	0	18777
CTCTCTGGTTAGAAGGGGAGAAAAGTTGTC	0	0	0		0	0	0	0	5394
CTCTGAATTATTGCGTTGAAGCAGCCAGCA	0	0	0		0	0	0	0	23801
CTCTGCCTATCCGGATGGTTTTCTACAGGG	0	0	0		0	0	0	0	7398
CTCTGCGATAAGGGCGACGGCTCTGGCGCA	0	0	0		0	0	638	0	1657
CTCTGGATAGAGGACTCACATATGCGATCT	0	0	0		0	0	0	0	823
CTCTGGCGTTACTTCTATGGGCGAGAAGGT	0	0	0		0	0	0	0	1545
CTCTGTACTGCTACCTGTGGTGTACTTATA	0	0	0		0	0	0	0	2599
CTCTGTTCACTCCTGTCCCAAGTGAGCTAC	0	0	0		0	0	0	0	4886
CTCTTAAGATCAGACGACGGGCTGCTTTTT	0	0	0		0	0	0	0	3636
CTCTTATTAGGCCAATACGTGCACGCCCGT	0	0	0		0	0	0	0	6483
CTCTTTATATACTTTACGGATGTCGAGTGA	0	0	0		0	0	0	0	867
CTCTTTATTCCCACCGTCACATTAAAAAGA	0	0	0		0	0	0	0	2087
CTCTTTCATGCCGGCACATTGGCGGGCCAT	0	0	0		0	0	0	0	2362
CTCTTTGAAGGGAATAGCGGGGAGGACAGT	0	0	0		0	2358.385467	0	0	41125
CTCTTTGTAGGAGATAAGCCGTGGTGCCGG	0	0	0		0	0	0	0	836
CTCTTTTAAACGAGCTATATCGCACGAGAT	0	0	0		0	0	0	0	1123
CTCTTTTATATCTACAGTTGCATATTGTAT	0	0	0		0	0	0	0	7151
CTCTTTTCTTGTGACTTTAGGGTTCATTCG	0	0	0		0	0	0	0	609
CTGAAAGCTTCGGAGGAGGTGTGGAGTTGC	0	0	0		0	0	0	0	795
CTGAAGCGTAACGAATTTGGCTAATGACAG	0	0	0		0	0	0	0	2150
CTGAAGGGTGAACATCGGTGTAGATAGTTA	0	0	0		1037.716312	0	0	0	19266
CTGAAGGTTTGGTGAATTGTTATGCGGTGG	0	0	0		0	0	0	0	1729
CTGACGTGTTTCCGCCAGTTAGTTTACAAG	0	0	0		0	0	0	0	886
CTGACTGTTAACGGGTGATAAATCTTGAAC	0	0	0		0	0	0	0	10240
CTGAGCATATTATAGTAGTGAAGGAGCGTG	0	0	0		0	0	0	0	6400
CTGAGCATTTCACAGTGGGCCGGTCCGTTC	0	0	0		0	0	0	0	2340
CTGAGCCGAGGTGCCAACATGTGTCGCCGC	0	0	0		0	0	0	0	56835
CTGAGCGTAGGAATACTTTACATTCTTCTC	0	0	0		0	626.4997785	0	0	19355
CTGAGGATTCTCTAAGTAAAACTACGAGTT	0	0	0		0	0	0	0	1021
CTGAGTTAAGCATGTTGGACTACAGTCGAG	0	0	0		0	0	0	0	601
CTGATAAATACCTTCATAGTCGGCTTGCAC	0	0	0		0	0	0	0	2133
CTGATGCGTGGGGTCTAATCCACTATAATG	0	0	0		0	866.8010634	0	0	0
CTGATGGAAATGCTCGACCGGGGCTCGAAA	0	0	0		0	0	0	0	1438
CTGCAACATTCCAGCGAAATTGGGGTGTAT	0	0	0		0	0	0	0	2429
CTGCAAGATGACCCCCTTCTCTGCGGCGAC	0	0	0		0	0	0	0	1189
CTGCAATAAGCGGTACTGCCAGGCAACTTT	0	0	0		0	0	0	0	3333
CTGCACAAACCTGCGGGGGCTAAAGCACTT	0	0	0		0	0	0	0	3848
CTGCAGTAATGTAATGCCGCACACGGATCT	0	0	0		0	0	0	0	1108
CTGCCGAATACTATACAAAGGGGCCTTAAT	0	0	0		0	0	0	0	1950
CTGCCTTGTGTTAGGACAATAGGGTGACGA	0	0	0		0	0	0	0	2659
CTGCGAACACACGAGTTACCTCGCTCCTTG	0	0	0		0	0	0	0	1552
CTGCGCAATTGGGAGATAGGATCTCGATAG	0	0	0		0	0	0	0	10963
CTGCGCTAATGGCACGCAGAAGAGGGGGCA	0	0	0		0	0	828	0	0
CTGCGGCTTACGCTACACATGGAGTACTAG	0	0	0		0	0	0	0	873
CTGCGGGGTGTTTGTGTGCGTAAGACCACG	0	0	0		0	0	0	0	616
CTGCGTACATTGGGTATACCATCGGACTTG	0	0	0		0	0	0	0	752
CTGCGTTAACACAGTGTAACTGCCGACAAC	0	0	0		0	0	0	0	1487
CTGCTAATACTTATGTCAACATACCGGTAG	0	0	0		0	780.9791759	0	0	6193
CTGCTAATATAGCCAATAGCAGGCGCATTG	0	0	0		0	0	1142	0	13478
CTGCTAGATAATAACCCACATCTTCCTAAG	0	0	1129.07376		0	0	0	0	919
CTGCTCACTATGTACCAGGAACACAGGGTG	0	0	0		0	705.4559149	0	0	966
CTGCTCGCAGTTTGGTTTTGAAATGTTGAT	0	0	0		0	1373.150199	0	0	2112
CTGCTGTGAGAGTGGTTCGTATTAGCGGTG	0	0	0		0	0	0	0	5401
CTGCTTGGTTGAAGGCAAAGAGGGGGCAGG	0	0	0		0	0	0	0	4975
CTGGAAGTTGTATTTTGTTCGCGCGCAAGC	0	0	0		0	0	0	0	1841
CTGGAGGAAGGTTCCGCTTTCTACCACTTT	0	0	0		0	0	0	0	1474
CTGGAGTTTGATGGAGCGGTACGGAGACAC	0	0	0		0	0	0	0	1235
CTGGATGAACAGTCTAGTGGAGTCTTATCG	0	0	0		0	0	0	0	2769
CTGGATTAAGCCGCCTAGGAATGAGGGATG	0	0	0		0	0	0	0	19022
CTGGCAGATATTAGCGCTGATAGGAGAACG	0	0	0		0	0	0	0	3055
CTGGCATGAGATATTCAGTATATATGGGTC	0	0	0		0	937.1750111	0	0	1007
CTGGCGTCATGCCTTGCTCAACCTTTGGTC	0	0	0		0	0	0	0	2021
CTGGCGTTAGCCATCGTTTATGAAATTCCT	0	0	0		0	0	0	0	3272
CTGGCTTTAAGGCGCGCAGGGAAGTTAACT	0	0	0		0	0	0	0	1533
CTGGGAAGACGTTGTGATTTCGCTCCGAGA	0	0	0		0	0	0	0	8871
CTGGGACCTGCATGGGTGGGTTTAGGGTAG	0	0	0		0	0	1054	0	20840
CTGGGAGAATGAATCTCGGTCTCTATCAAA	0	0	0		0	0	0	0	3291
CTGGGAGCAAGGACCCTGATTGAGTTGTGA	0	0	0		0	0	0	0	22337
CTGGGAGGTGGTCGGTTGAGGTACCGGGGA	0	0	0		0	0	0	0	2479
CTGGGAGTTGGATAATTTTCATATGGCATT	0	0	0		0	611.0518387	0	0	0
CTGGGCAGTGATGCCGGGGAGACAGTGTAG	0	0	0		0	0	0	0	7640
CTGGGGAGTCTAATTATTATGCAGATCGAC	0	0	0		0	0	0	0	813
CTGGGGTGTTCCAGGTCACACGCTAAACAA	0	0	0		0	0	0	0	1385
CTGGGGTTTTGCCGAGCCTGGAAGGGTTAA	0	0	0		0	0	736	0	2929
CTGGTCCAAGGTAACGCGAGCTAATCATTT	0	0	0		0	0	0	0	1871
CTGGTCCGTGGTGATTAGTGGTTCGGCTTT	0	0	0		0	0	0	0	7584
CTGGTCGGTTGTAATTGTATTATCAATGGG	0	0	0		0	0	0	0	1535
CTGGTCTAAGAACACGGATGTGCCCGGTCC	0	0	0		0	0	0	0	10462
CTGGTGAAAACGGTGCGTGCTGCCCCCGTA	0	0	0		0	0	0	0	6662
CTGGTGACTACAATGTACAACCGGTGCGTG	0	0	0		0	0	0	0	19439
CTGGTGACTGCATTCCTTGCTAATATTGGA	0	0	0		0	595.603899	0	0	15590
CTGGTGGAATGTTGTGGGATTCATTAGGGC	0	0	0		0	0	0	0	712
CTGGTGTATCCTTTTTATCCCACATTATTA	0	0	0		0	0	1354	0	3113
CTGGTGTCAGAGCCGAGGCAAAACATGCGT	0	0	0		0	0	0	0	1202
CTGGTTACAAGGTATTAGAACGGTCACTCG	0	0	0		0	777.5463004	0	0	0
CTGGTTAGACGGGATTCAACCGAGATTGGC	0	0	0		0	0	0	0	1550
CTGGTTGCTCGGGGCGTGTTTAATTCGCAC	0	0	0		0	0	0	0	16088
CTGTAAAGTATTGATAATAGTTAGTACGGT	0	0	1625.967363		0	0	4478	0	0
CTGTAATGACCGCACTGTACGGCGCGATAG	0	0	0		0	3196.007089	0	0	0
CTGTAGCCAAGGTGTGAGTAGAATAACGCC	0	0	0		0	0	0	0	36355
CTGTATAATTAGGAATGTTCAGGTGGGTGG	0	0	0		0	0	0	0	3874
CTGTATATATTGGCGACGCATAGGTGCAAT	0	0	0		0	0	0	0	22591
CTGTCAGTACACTTCTTTTGTCTAATTTGT	0	0	0		0	3003.766061	0	0	5555
CTGTCAGTAGGTCTTTGGTATAGAAATGTT	0	0	0		0	0	0	0	5235
CTGTCCAAACAGGGAGGGGGGAGTGGGTCT	0	0	4623.765666		0	0	909	0	5352
CTGTCCTGACTTGCGGCAGATCAATGTAAG	0	793.7251185	0		0	0	0	0	14974
CTGTGACATCGCAACCGATTGCCGGGTGCC	0	0	0		0	0	0	0	980
CTGTGCCAAAACTTGTTAAGCGCCAAGTAT	0	0	0		0	0	0	0	18621
CTGTGCGAACTCCGAGTGGGTAGTCTGTTG	1000.210778	0	0		0	0	0	0	17893
CTGTGCGCTTTTAAGGCGCAGGGAAATATG	0	0	0		0	0	0	0	34008
CTGTGCTATCAGGTAAAATAGAAACATCGC	0	0	0		0	0	0	0	796
CTGTGGTTTAGGTTAGCGCGATGTACGTCG	0	0	0		0	0	0	0	19105
CTGTGTAGATGATGGATAGTGGCTAGTCGA	0	0	0		0	0	0	0	1037
CTGTGTGCTTGAACTAGGATGTTGGTGGTT	0	0	0		0	0	0	0	7416
CTGTGTGGAAACCTTATATAATAATAGTAT	0	0	0		0	0	1554	0	1459
CTGTTAAGTCCTAGACGTTACCGGAGCCGG	0	0	0		0	2773.763403	0	0	18678
CTGTTACGTCCTGGCGTCGAGGGGGGATGA	0	0	0		0	0	0	0	785
CTGTTCAAACGCTTTCAGTCTTAATTAGCT	0	0	0		0	0	0	0	683
CTGTTGTTTAAGTCGAAAGGACGCGAACGT	0	0	0		0	0	0	0	635
CTGTTTCCATCATTAAGGTCATATGGACAA	0	0	0		0	0	0	0	13289
CTGTTTGCATGTAGATGGAACAATGCACAG	0	0	0		0	0	0	0	9287
CTTAACTCAGTTCATAACCGGTCATCCCTC	0	0	0		0	0	0	0	604
CTTAAGATACAGGCATTTAAGTTGATCGGG	0	0	0		0	0	0	0	967
CTTAAGCGTGACTTGCTTGGGGGGCGGGAT	0	0	0		0	0	0	0	887
CTTAAGTATTGTGGAGGTTTATCAATTCTC	0	0	0		0	0	1162	0	0
CTTAAGTGTCACGGACGGGGCCGGCACCAC	0	0	0		0	0	0	0	25917
CTTAATCGTTTATTTTTTGAGTGTTAATCA	0	0	0		0	674.5600354	0	0	0
CTTACATAAGCTTTCCACGTGAACTCGTTC	0	0	0		0	0	0	0	1074
CTTACCCTAAGCCTCGCATATTCGATAATA	0	0	0		0	0	0	0	15679
CTTAGAGATCTCTGCGGAGGTCGGGGGTAT	0	0	0		0	0	0	0	954
CTTAGATAATTGATAAGCTCGAACCTAATG	0	0	0		0	0	0	0	16426
CTTAGGGGTACTTTAGCGATTGGATCGAGG	0	0	0		0	0	0	0	4175
CTTAGTCATATGGCAGTAGGGGCTGAGTGG	0	0	0		0	0	0	0	9460
CTTAGTCTATCGTGACGGTCAGGGGCTAAT	988.319236	0	0		0	0	1796	0	5477
CTTAGTGTATATTATGTTTTTCTCCGCGAG	0	0	0		0	0	0	0	8252
CTTATCGCTGTATTCCGGGACTGTGGTACA	0	0	0		0	0	0	0	6468
CTTATGATTTCAGGGAGTCGTGGTATGTTT	0	0	0		0	0	0	0	7537
CTTATGTATTCATACAATGAATTCATGTTG	0	0	0		0	0	0	0	1110
CTTATGTTAGTCCCATGAAACGGTTGTGGA	0	0	0		0	0	0	0	1140
CTTATTACTCTGGAGCTTCCAGATAGCGAA	0	0	0		0	0	0	0	4944
CTTATTGGACAAATGTACCTATTGGGACGC	0	0	0		0	0	0	0	9501
CTTATTTCTGTACCCGATTAGCGCGTAGCT	0	0	0		0	0	0	0	6965
CTTCAACCTTCGTGAGGGCTACCGACAAGT	0	0	0		0	0	0	0	10559
CTTCAATGAGATGAGGTTTGTGAGTAGTAG	0	0	0		0	1304.492689	0	0	16302
CTTCAGATAGTCAGACGTTATTCGGACGAA	0	0	0		0	0	0	0	10447
CTTCAGGGTCGTCTTGCCTTTACAGCTCCA	0	0	0		0	1448.67346	0	0	0
CTTCAGTCAATATTCACGTTTTGTGTCTTG	0	0	0		0	907.9955693	0	0	6981
CTTCCTTGTTCAAATCGCATCTTGGTAAAG	0	0	0		0	0	0	0	3213
CTTCGAGGATGCCTTGAGGCACATGGAGTT	0	0	0		0	0	0	0	1951
CTTCGCCATAATGCGGGAGTGTTTGTTCGT	0	0	0		0	0	0	0	979
CTTCGGCTACCGAATTACAAGTGTATAACA	0	0	0		0	0	0	0	914
CTTCGGTGTGATGTCGGATTGCCGTGAGGT	0	0	766.2023499		0	0	0	0	3033
CTTCGTCTATGGCGGATCGACTGCAATAGA	0	0	0		0	0	0	0	20353
CTTCGTCTTGCAAGTTTGGGGGTACGGGAC	0	0	0		0	1033.295525	0	0	0
CTTCGTTAACCTTAAAATTTAATCGTTAAT	0	0	0		0	1309.642003	0	0	6077
CTTCGTTAATGCGGCTGGAGACACTTTATA	0	0	0		0	0	0	0	1131
CTTCGTTTATCGGGATATGACTGGATGGTT	0	0	0		0	0	0	0	955
CTTCTCAGACAATAATCAGAGGGGCGACAG	0	0	0		0	0	0	0	1613
CTTCTCCGCCTGTTCTCAAAACCATCTCCC	0	0	0		0	0	760	0	0
CTTCTGAAATTTTTGGTCTGGAAATAATTG	0	0	0		0	0	0	0	787
CTTCTGCAACCAGTGGGAGGAATGCTTGTG	0	0	0		0	0	0	0	810
CTTCTGTATGGAGTACGGGAACCTTAAGTC	0	0	0		0	0	0	0	1892
CTTCTGTCATGTGTAGCGCAAGCCCCAGTA	0	0	0		0	0	0	0	3627
CTTCTTGGTATTTGCAAAAGGCTATCCAAC	0	0	0		0	0	0	0	2045
CTTGAGAAACGAGAAAGATGCGTTTGAGGG	0	0	0		0	0	0	0	685
CTTGATAATACTATTGGAGGGTGCAACTCA	0	0	0		0	0	0	0	1222
CTTGATAGATGCTGGGCCCACGTACTACGG	0	0	0		0	0	0	0	4769
CTTGATTGTACTGGTACCTGCGTTTGTATG	0	0	0		0	1795.393886	804	0	0
CTTGCCCTACAACCCCGTCCTTCCGCCCAC	0	0	0		0	0	1763	0	0
CTTGCCTTATTAGACAATCAAGTCGCCAGG	0	0	0		0	0	194632	0	35905
CTTGCGAATCAGCGATGGGAGGACTTATAA	0	0	0		0	631.6490917	0	0	4792
CTTGCGAGTATTAGAGGGCTCAGTGTGACA	0	0	0		0	0	0	0	5763
CTTGCGTAAGCTCGAGTGTGCTCCTGGAAC	0	0	0		0	0	0	0	2462
CTTGGATGTACAACGCTCGCTTGGGCCCAA	0	0	0		0	1821.140452	0	0	2421
CTTGGCAGTTAGGGGAATAGTTGTTTATCG	0	0	0		0	0	0	0	723
CTTGGCGGTCACTGTTAGCTACGTGGGGCA	0	0	0		0	3983.852016	0	0	37662
CTTGGCTTACTATAGTGTGGTTGCGCTATT	0	0	0		0	0	0	0	2195
CTTGGGGCAATTTAAACGAGGGATAATGAT	0	0	0		0	0	0	0	797
CTTGGGGTTTTGTTCTTAGGATGCAGCTCT	0	0	0		0	0	0	0	661
CTTGTCCGCCCTCAACCCGCCTTATCCAAT	0	0	0		0	0	893	0	0
CTTGTCCGTTCATAAGCAAGTCGCAGAACA	0	0	0		0	870.2339389	0	0	0
CTTGTCTGAGGCAACAATGAGCTGTGGTCT	0	0	0		0	0	0	0	3244
CTTGTCTTTGCACTGATGTGTCAATACGAA	0	0	0		1358.964539	0	0	0	8876
CTTGTGGCTAGCTCGCTAGCTATAGGGGGA	0	0	0		0	1064.191405	0	0	14694
CTTGTGGGACCGCATATGCGATCATGGGAG	0	0	0		0	652.2463447	0	0	1938
CTTGTGTGAGTGTTAAGATAACATGGTTCG	0	0	0		0	0	0	0	6367
CTTTAACTATCAAACATGGTTTTGATGCAA	0	0	0		0	0	0	0	7507
CTTTAATCACAGAGTGGTGCTCATTTGTCA	0	0	0		0	0	0	0	3483
CTTTAATTATCGCTTCGTTTCCGCGCTTTA	0	0	0		0	0	0	0	2349
CTTTACAATTTGGGTGTATTCTGAGAAAAT	0	0	0		0	650.529907	0	0	0
CTTTACACTTTGCCCGGATGCTGCATAAGC	0	0	0		0	0	0	0	1579
CTTTATGGATTGTGTTTCGTTTTTCGCGGA	0	0	0		0	0	0	0	1054
CTTTCACGTCCTCCACTTACAACCGCCCTC	0	0	0		0	0	0	0	9367
CTTTCCATAGTGAAACGAAACGGTCGATGT	0	0	0		0	2124.949934	0	0	10447
CTTTCTTCTAGTAAACGTGTAGATCCAAAT	0	0	1029.189295		0	0	0	0	44237
CTTTGACCACTCGTTAGACAGTAGGCTACG	0	0	0		0	0	0	0	941
CTTTGACTTAAAATTTAAATGGTGACATGC	0	0	0		0	0	0	0	1759
CTTTGAGCAAAGCAAGATGTCGCCACCATG	0	0	0		0	0	0	0	709
CTTTGAGTTTTTGCGTGCTGATGCGGTGCC	0	0	0		0	0	0	0	7344
CTTTGCATACAGTATTCTGGCCATTCGAAG	0	0	0		0	1182.625609	0	0	1647
CTTTGCCATGACAGTTGGCCGGATAACGAG	0	0	0		0	0	0	0	1624
CTTTGGAGACCATGCACCAGCGCGCACCCA	0	0	0		0	0	0	0	1208
CTTTGTAATATAGGTCTTCAGGCTAAGTAC	0	0	0		0	0	0	0	1957
CTTTGTACAGTCCGACTGCGACGTAGGCCT	0	0	0		0	0	0	0	8205
CTTTGTCATTTGTGTGAGGTCCTTCGGTAT	0	0	0		0	0	0	0	986
CTTTTACCTTGCTTAGTTTAAAGTTTGTAC	0	0	0		0	0	0	0	1776
CTTTTACTAGTCGGGTCATAGATGGTTATA	0	0	0		0	0	0	0	1023
CTTTTAGAAGTGGAGATGCTCGACGGACGT	0	0	0		0	0	0	0	1660
CTTTTATGTTCCCCCGGTTTTAAATCAACA	0	0	0		0	669.4107222	0	0	0
CTTTTATTAAGAGAGATTCCAACAAGACAC	0	0	0		0	0	0	0	695
CTTTTTAGACCAGGAGTCCCATTTCTACTT	0	0	0		0	0	0	0	610
CTTTTTGCACTTACAAGCCATTATTGCATA	0	0	0		0	0	0	0	842
CTTTTTGGTGGCTCCGGTATATTAAAGAGA	0	0	0		0	0	0	0	1361
CTTTTTTGCCCGTTACCATCCAAACCTTAT	0	0	0		0	0	674	0	0
GAAAAAGGTACTTTCAGTATTGTTCGCCGT	0	0	0		0	0	0	0	1903
GAAAAGGGTGGCGAGGATTGGCCATAGGAA	0	0	0		0	0	0	0	3726
GAAAATAATCAGGTGCACTGGTAAGATTTT	0	0	0		0	0	0	0	898
GAAAATAGTCGAGGTGAACCTGGTCGACTG	0	0	0		0	0	0	0	1314
GAAAATCTAGTTGCGAACATGTCGTAGGCG	0	0	0		0	0	0	0	657
GAAACATGATCTCGGAAGCGAGCGGGCTCG	0	0	0		0	0	0	0	1920
GAAACCCATTCAGTGAATGGCCCGGGCAAT	0	0	3483.312663		0	0	0	0	3570
GAAACGTTAGGTTACAAACTTGCTGAATTC	0	0	0		0	1180.909171	0	0	4792
GAAAGCAGAGGCTTTGTGTTCGAGAGACCA	0	0	0		0	0	0	0	13586
GAAAGCGGTGCCAACTGGGTGCTTGGGTCG	0	0	0		0	0	0	0	860
GAAAGCGTACAACCTGTGTCCCGTGCCTCG	0	0	0		0	1416.061143	0	0	7021
GAAAGGATTGTGTGCGTGGCGGCATTTTCA	0	0	0		0	0	0	0	2657
GAAAGGGGAAGTGGGACAATGTACTGGGCA	0	0	0		0	0	0	0	678
GAAAGTAATCGTCGGTTACAGGGTACCGGG	0	0	0		0	0	0	0	8812
GAAAGTATTGGGGGTCTACAAAGGGAGTTT	0	0	0		0	0	4508	0	10095
GAAAGTCGAGATAGCAGGGTGCCCAATGAC	0	0	0		0	0	0	0	1133
GAAAGTGATTGTGGAGGTTGGTTGGTATAC	0	0	0		0	0	0	0	38905
GAAAGTTTATTGGTCATAGTAGTACACCTG	0	0	0		0	0	0	0	9930
GAAATACAAGGCTACATCGAGGCTTATGGT	0	0	0		0	0	0	0	20926
GAAATCATAGCGGTCTGCCGTTCCGCGAGC	0	0	0		0	0	0	0	2555
GAAATCCTAAATGTGTTTTAGGCTTTGCCT	0	0	0		0	1079.639344	0	0	979
GAAATCGGTGGATAATAGCAGGAGGTGTTT	0	0	0		0	3197.723527	0	0	24538
GAAATTGGAAGCTCTGGTTTTAGTAAGAAA	0	0	1309.877285		0	0	0	0	9323
GAAATTGGTCAGATTAGAGGGGATAGGGTA	0	0	0		0	0	0	0	8988
GAAATTTGACCCCCGCTTCCCTCTAGACAT	0	0	0		0	0	0	0	6658
GAACAAAGTGGATATATATCATGCCATTTC	0	0	0		0	0	0	0	24067
GAACAACATGTCGATACGTTCCAACTGCCG	0	0	0		0	0	0	0	2629
GAACAAGGTTCTCTTGGGCATATCGGGGCG	0	0	0		0	2037.411608	0	0	4142
GAACAGAAATTTCCTGCTGTCATTCAGATA	0	0	0		0	0	0	0	5223
GAACAGACAGAGGGCGACTCAGAACGGGTC	0	0	1964.815927		0	0	0	0	36817
GAACAGGTACTTGACAGCCGTAGCCGCGAA	0	0	0		0	0	0	0	4126
GAACATCGTAGGGCCTATACTGCCCTCCTA	0	0	0		0	0	0	0	11480
GAACATCGTGTGCTGGTCATAGCTGTGTAA	0	0	0		0	0	0	0	1190
GAACATTCTGCTGCAGTAAATTTGGATCCG	0	0	0		0	1434.941958	0	0	8546
GAACCACCTCTTATTGCTCTCTCACTTCGC	0	0	0		0	0	0	0	18782
GAACCCAGTGCGGACTACTTTCGGAACGCA	0	0	0		0	0	0	0	992
GAACCGAAAGTTAGTATCGGTTTATGGCTA	0	0	0		0	0	0	0	21031
GAACCTTGAGGGGTAAATAGCCCGGGGAAC	0	0	0		0	0	0	0	8170
GAACGTATAAGAAACTTTGCTTTATTGGGG	0	0	0		0	0	0	0	923
GAACGTGCATAAGGAGTTTGGGAGTTAGAT	0	0	0		0	0	0	0	1629
GAACGTTTACAGGGAGCGGCCTCGGAACCG	0	0	0		0	0	0	0	1053
GAACTCTGTCCAGGCTGAAGAAACTTTTGA	0	0	0		0	1436.658396	0	0	1052
GAACTGTCACTCGGGACCGTAACGGGGGAA	0	0	0		0	0	0	0	970
GAACTGTGTATTGAGAACTGGAATTTTGCC	0	0	0		0	0	0	0	1750
GAACTTGATGTCGGTCCATGGCTGAGGAAA	0	0	0		0	0	0	0	2041
GAAGAAAAATTAAGCCCCCATTTCGTTGCG	0	0	0		0	0	0	0	1509
GAAGAACTAAGGGCGTGCATTGCAGGGGAC	0	0	0		0	871.9503766	0	0	0
GAAGACGGACGTTTAATTCCGTTAACTGGG	0	0	0		0	0	0	0	7034
GAAGCGCGTTAAACAGGTTAGGAATGACGT	0	0	0		0	4788.86132	0	0	37426
GAAGCGGATATTCATTAATTTTCTGATTCG	0	0	0		0	0	0	0	16833
GAAGGACGTAAGTGTAGGATGGTCAGTAGG	0	0	0		0	0	0	0	4508
GAAGGCCTAGCTGCCGGATGACCAACCGAG	0	0	0		0	0	0	0	17224
GAAGGCGCAGGAAATGAGTCTGCCTGGCAC	0	0	0		0	0	0	0	28746
GAAGGCGGTTTTGGATTTGGTGAGGCTCCC	0	0	0		0	0	0	0	1007
GAAGGGAAAGGTCTTAACAAGGATGTAATG	0	0	0		0	0	0	0	12823
GAAGGGAATTACGCTTTGAGGCTAGTCATG	0	0	0		0	0	0	0	17082
GAAGGGGCAGGTGCGCCTGAGGGTACATAG	0	0	0		0	0	0	0	5892
GAAGGTAGTGGGCTGGCGTGGCGCCGTATG	0	0	0		0	0	0	0	1073
GAAGGTCCAATAACAGGGAATGATTCTCGG	0	0	823.098564		0	0	0	0	11840
GAAGGTCGAATTTCTTGACTATCCCTCGAA	0	0	0		0	789.5613646	0	0	0
GAAGGTGAACAGGAGTAAGTCAATCAATGG	0	0	0		0	0	0	0	7429
GAAGGTGATAGCCCCGACGAGGCGCCCGAG	0	0	0		0	0	0	0	1612
GAAGGTGCTTACAATGGGTTCTTTCGATAA	0	0	0		0	0	0	0	4108
GAAGTCTGTCAGGGCACACGTTAACTTTAT	0	0	0		0	0	0	0	21113
GAAGTGAGAGGAATTTGGGGGAACTGGGCC	0	0	0		0	5151.029685	0	0	0
GAAGTGGGTAGTGGTGTCTTTCTTGCCTAA	0	0	0		0	0	0	0	1529
GAAGTGGTTATTTTATTCGTCCGTGAAATA	0	0	0		0	0	0	0	804
GAAGTGTAATGGGGCATGGTGCGCTAATTG	0	0	0		0	1119.117412	0	0	0
GAAGTGTGTCCAATATAGGCGTGGGGAAAT	0	0	0		0	0	0	0	1027
GAAGTTCCTCGACACGTAATGGGTGTATGT	0	0	0		0	0	0	0	3156
GAAGTTCTATAGCGGGGTATACTGTTGCTC	0	0	0		0	0	0	0	1697
GAATAAGTACGTTACTGATAGAACCGATGA	0	0	0		0	0	0	0	1340
GAATAATATCAGGGCGGCGCCGGCATAACG	0	0	0		0	0	0	0	1875
GAATAATATGTAATTCTCATTGTGATAATA	0	0	0		0	0	0	0	1172
GAATAATATTACCGAGCGTCGATACGTCCA	0	0	925.5117493		0	0	0	0	41854
GAATAATCATTTACGGTACATCCTGGGAAT	0	0	0		0	0	0	0	625
GAATACGATTAGCTCCTCGCATACACGCAT	0	0	0		0	1083.07222	0	0	2661
GAATACGGTATTTTGTTTTGGTTTATATAC	0	0	0		0	0	0	0	8264
GAATAGGAACGGGTAAAGGGTTCCGATATT	0	0	0		0	0	0	0	1484
GAATCATAAGGCTGCGTATGATTGCCTTAC	0	0	0		0	2106.069118	0	0	0
GAATCCAAACTGGAATCGTGGGGCTGGGAC	0	0	0		0	1155.162605	0	0	0
GAATCTCTACGGTCGTAGGGCCTCGTTTGC	0	0	747.2369452		0	0	0	0	1106
GAATCTCTACTCCACTTCGTCTATCGATGG	0	0	0		0	0	0	0	1665
GAATCTGCATGAAATACTACAACTTCAATG	0	0	0		0	1215.237926	0	0	26896
GAATCTGTAGAGTGCTCCTACATTGCGGTA	0	0	0		0	0	0	0	1083
GAATCTTAATGGTTATAAACTACGGATAGT	0	0	0		0	0	0	0	1147
GAATGACATAGAGAGCTTCGGTGTTGCTAG	0	0	1088.61423		0	2736.001772	0	0	2153
GAATGAGAACCTATGGCTTGGCTATTAAAT	0	0	0		0	0	0	0	2521
GAATGAGAACGTGTGAGCTGGTAGGATGTG	0	0	0		0	0	0	0	6565
GAATGAGGAGAAGGTGTGCTGTAGACTAGC	0	0	0		0	0	0	0	949
GAATGATAAGAGAATGATAGGGGTAAGGCG	0	0	0		0	0	0	0	647
GAATGGACTCGGTTTGAGTACTTACGAGTC	0	0	0		0	0	0	0	1163
GAATGGATACGAGCCCGCAACTGTTTCTCT	0	0	628.3870757		0	0	0	0	0
GAATGGGAATTCTAATCGACTTTTGTGAGA	0	0	0		0	0	0	0	596
GAATGGGGTTATGTTAGGCCTTTTTTACCT	0	0	0		0	4258.482056	0	0	19957
GAATGGTATGATGAAATTCGGTAACAAACC	0	0	0		0	1464.1214	0	0	9269
GAATGTAGTCATTATGTACGAAAAGCGTAC	0	0	0		0	0	0	0	15833
GAATGTATATCCTTTTTGTGGGGTTAAGAC	0	0	0		0	0	0	0	29329
GAATGTCAAACCATGGCAGTCACTGGTAAT	0	0	0		0	0	0	0	992
GAATGTGCTGCAAGAGGGAGGTGGGTCTTG	0	0	0		0	696.8737262	0	0	12063
GAATGTTCAGAGGTCGGCGGTGTACCGTCG	0	0	0		0	0	0	0	21626
GAATGTTGATCATTGTAAATGCAGCACGAC	0	0	0		0	0	0	0	14360
GAATGTTGTTACGATAGACAGCGTCTTACT	0	0	0		0	0	0	0	2869
GAATTAATTACTAACATGTCAAGGTCGATC	0	0	0		0	877.0996899	0	0	0
GAATTACCAGTTTCCTGTCTGTTAAGGCTG	0	0	0		0	0	0	0	745
GAATTGTGTATCAGGTTGTGCGGCATCGAG	0	0	0		0	0	0	0	642
GAATTTACAATATTCGAGGTTCGGGTAGAT	0	0	0		0	0	0	0	590
GAATTTACTCGCCCCTAATAGGTGCCGGCT	0	0	0		0	0	0	0	5692
GAATTTCATGTTATTCCCTGGAAATAATTT	0	0	0		0	791.2778024	0	0	8556
GAATTTGGAGTAAAATCACTCCTAGATGAA	0	0	0		0	0	0	0	1893
GAATTTTTACCGGAGTGACGTTTGGTAAGA	0	0	0		0	0	0	0	3318
GACAAAAGAGCTGTCGGCGGATGCAGGAGA	0	0	947.0058747		1707.687943	0	665	0	21891
GACAACGGTTAAGTAAAAAGCGGATCAAAC	0	0	0		0	0	0	0	1507
GACAAGGGTCGAATTTTCCCAGTTCTGTGC	0	0	1753.667755		0	0	0	0	0
GACAAGGTTAATGTATCCATTCTCACGGTA	0	0	0		0	0	0	0	2614
GACAAGTGAGTGGTCCGTTCGGGAAGAGTG	0	0	0		0	0	0	0	878
GACAATCATCAAAACAGTACGAAGCAATTG	0	0	0		0	796.4271156	0	0	0
GACACCGGATTAGGCAGAAGAAACACAGCG	0	0	0		0	0	0	0	934
GACACGATTTCCTTCCATATGTGGGTTAAT	0	0	0		0	2766.897652	0	0	0
GACACGTGTAAGCCCTCTGCAGTTGTGTAT	0	0	0		0	0	0	0	1048
GACAGCACACACCTGGCTAACTAACCAATC	0	0	0		0	0	0	0	12896
GACAGCACTTCGGGGGCAGAGAGGGGGGAG	0	0	732.0646214		0	0	0	0	1636
GACAGGTATCCGGTATGTAATGGCCCACCT	0	0	0		0	0	0	0	30010
GACAGTCGACGAGTGCTACCTACTGAACTT	0	0	780.1103133		0	0	0	0	2874
GACAGTCGACTTTCACGATTTGCCGTGCAG	0	0	0		0	947.4736376	0	0	1409
GACAGTGAAGGGAGGGCGAGTTCGTTGGGT	0	0	0		0	878.8161276	0	0	834
GACAGTTTTTGTGAGCGACGAAGACTGAAG	0	0	0		0	0	1487	0	5893
GACATAGCAATAGCGCAATAATTGGATACA	0	0	0		0	0	0	0	3282
GACATGTGAGCCTGCTGCATAACCCGAGCG	0	0	0		0	0	0	0	3535
GACATTATTTTATATGATAAAGTGGGGTGG	0	0	0		0	0	0	0	3157
GACATTCCATAGGAACGAGTGTATGGTCAA	0	0	0		0	0	0	0	1062
GACCAGGAAGATGGCGGAGCTTAGTAGACA	0	0	0		0	0	0	0	2250
GACCAGTGTCCGTGCTAGCATAACTGTCTA	0	0	0		0	0	0	0	5529
GACCATCTTTTGTGCCATGGACAGTGTTTA	0	0	0		0	3695.490474	0	0	23679
GACCCATATCCTTATTAAAACTTGCTTTCG	0	0	0		0	0	0	0	1316
GACCCGGCACTGCTTGTAAGGTTTAATGAA	0	0	0		0	0	0	0	1225
GACCGATGTTCGACAGCCTGTACGTATAGT	0	0	0		0	0	0	0	3782
GACCGTTGATGAGAGTTGGCGCGGGTCCGA	0	0	0		0	0	0	0	3861
GACCTAGATAAAGATGTAGAGCAGGCCCAA	0	0	0		0	0	0	0	703
GACCTCAGAGGTCTTCAGGGTCCGCTAATG	0	0	0		31171.64539	0	0	0	0
GACCTCTAAGTGTCTCCAGGTACGGGTGCC	0	0	0		0	0	0	0	10235
GACCTGCTTTGATCATTGTTTCTACCATGC	0	0	0		0	2421.893664	0	0	3605
GACCTGGGTTGGTGTTCTGCCCTTGGCGAG	0	0	0		0	0	0	0	1679
GACCTGGTTGCGACTCTGTCGAACTAAGGG	0	0	0		0	0	0	0	1420
GACCTTCGTAAAGCTGCCGAGCTAGCCGTA	0	0	0		0	0	0	0	25067
GACGAAGGAGTGTAATTGACCGCTCGGAGT	0	0	0		0	0	0	0	629
GACGAAGGTTTATTAGCGCATTGTTTCAGT	0	0	0		0	0	0	0	621
GACGAATGTGTGGTGGCGCTGATATAACAT	0	0	0		0	0	0	0	1217
GACGACATATGCGGGTCTACGCTGGTGATT	0	0	0		0	0	0	0	10473
GACGAGCCTAAACAGTTGGGAATGAGGATG	0	0	0		0	0	0	0	621
GACGAGCGATGTGAGCCGGTGGAGGGAATT	0	0	0		0	0	0	0	629
GACGAGCGTATCTGCGAGTGTATGGGTGGA	0	0	0		0	0	0	0	643
GACGATGCTCAATCGAAAATTATAGAACTA	0	0	0		0	0	0	0	1948
GACGATGTTTTTAGGGATCTAAAGGCGACA	0	0	0		0	0	0	0	11351
GACGCATCATAAATCGACGTCAGAACCACA	0	0	0		0	0	0	0	3775
GACGGAACACGTTGTTATCTCATAATGCAA	0	0	0		0	789.5613646	0	0	2347
GACGGGTATTGCTACGTACGCGGTTTCTGC	0	0	0		0	0	0	0	3653
GACGGTCTAGAACGCGCCCCGGCGGATCTA	0	0	0		0	0	0	0	1070
GACGTATATCCGCATTTTAACATTTGGATA	0	0	0		0	0	0	0	5104
GACGTGGATGGGGTGCTGGGGATAGTGAGT	0	0	0		0	0	0	0	1161
GACGTGGGTCAATTTGAATGTTGGTGCCTG	0	0	0		0	0	0	0	34537
GACGTGGTTAATTTCCATCTTGTTTATCGT	0	0	0		0	664.2614089	0	0	32771
GACGTTCCTCAATATTGGGGGGTCGACCTT	0	0	0		0	0	0	0	1364
GACGTTTGTGTTTTCGTGTATTGCTTAAAC	0	0	0		0	0	0	0	800
GACTAGATTTATATGTATATTTTAGATTTA	0	0	0		0	0	0	0	2571
GACTATGCTATATTAATATGTTTTGCCAAC	0	0	0		0	756.9490474	0	0	0
GACTATGCTTAACATGATATGCGTGGGCTT	0	0	0		0	0	0	0	883
GACTATTTTGGAGGTAGAAGGACTTTAATG	0	0	0		0	0	0	0	39277
GACTCATTTGCGATATCAATCTTATAACAG	0	0	0		0	0	0	0	5634
GACTCGGGACTATGTCAACGAGACTTATGT	0	0	0		0	0	0	0	1189
GACTGAATAAACGTGATAGAGTCAAAAGAA	0	0	0		0	0	1459	0	3426
GACTGAGTATAAAAAGAGGATGCGCGTTAT	0	0	0		0	616.201152	0	0	664
GACTGCGTACGTCCTGGGTGGCTAATTCAA	0	0	0		0	0	0	0	3817
GACTGTATAGGGGCGCTGCGGTCGTGGCGT	0	0	0		0	0	0	0	8114
GACTTAATAGCCTGGAGCCTGTGGTTAGGC	0	0	0		0	0	0	0	676
GACTTACAAATGACCAGGTGCCGACCAGAG	0	0	662.5248042		0	0	0	0	675
GACTTACGTACGGTGGTTGTTCGGTATCCA	0	0	0		0	0	0	0	67029
GACTTAGCTTAGTGGCGCGTTAATTAGTGA	0	0	0		0	0	0	0	722
GACTTATTACTAATAATGCAGTCTATACTG	0	0	0		0	0	0	0	1237
GACTTGATAGGTTTGATGGAACTGGTCAAG	0	0	0		0	0	0	0	6061
GACTTGGAAGGCCGGAATTGAGAGACCTTA	0	0	0		0	0	0	0	717
GACTTGTAAAAAAGTGAGCGGAACTGGCAG	0	0	0		724.9219858	0	0	0	11681
GACTTTCTAGTGTGTCAGTCAGATCGAGAT	0	0	0		0	0	0	0	4496
GACTTTGGAATGAGGCGGTGGAATGATGGG	0	0	0		0	1747.333629	0	0	14127
GACTTTGGATAACTTAAAGTCTCAGGTGGG	0	0	0		0	0	0	0	4964
GACTTTTTTGAGGGTGTAACCCGAACACTT	0	0	0		0	0	0	0	1362
GAGAAACATTGGGCGGAGACCACAGGATGT	0	0	0		0	0	0	0	6042
GAGAAACGTACGTGCCCGGGCTAACACGAG	0	0	0		0	0	0	0	8005
GAGAACGCATCTAGCTTTTGGAGTCTTAGC	0	0	0		0	0	0	0	990
GAGAACTTTTCATATTTGCGCACTGTTGTT	0	0	0		0	2342.937528	0	0	1303
GAGAAGTGTTAATACGATGTGCTGTAGGAC	0	0	864.8224543		0	0	0	0	652
GAGAATAAACGTCTGCTAACCTGATCTCGA	0	0	0		0	0	0	0	13673
GAGAATGGAAGTGCCACGGGCTCACCTGAT	0	0	0		0	0	2194	0	946
GAGAATGGAGGTGGAGATTAAGCGGGTCTC	0	0	0		0	0	0	0	7136
GAGACAGATCCTCTTCTCAGCGCTATGCAC	0	0	0		0	0	0	0	11879
GAGACATATTGTGTCATAGAATAGATCATT	0	0	0		0	0	0	0	927
GAGACCCCTGACTGCATGATTACCTTCATA	0	0	0		1035.602837	0	0	0	5059
GAGACTTGTGTTCTGTGAAATGAGTAAGTT	0	0	0		0	0	0	0	692
GAGAGACAACTGGGTAGTGTGTGGCAGACC	0	0	895.1671018		0	0	0	0	25471
GAGAGACCATATGCAGTTGACCCCATGGGC	0	0	0		0	0	0	0	606
GAGAGAGTAAGGAAGTACCGTGCTGAGTGG	0	0	0		0	0	0	0	936
GAGAGCTCTTGCCACTTGAATGGTATGACC	0	0	0		0	0	0	0	1021
GAGAGGAGTGAGGCAGTTACGCGGGACAGT	0	0	0		0	0	0	0	1939
GAGAGGTGAACCTGCTGGGGTGAAGTTTAC	0	0	0		0	0	0	0	6222
GAGAGTAAAATCTTAGACTTATGTGATCGA	0	0	0		0	0	0	0	5603
GAGAGTAAATTTGCATCTGTGGTCTCGTTA	0	0	0		0	676.2764732	0	0	10237
GAGAGTCTTAAAAAATAGGGGTAGCGGACC	0	0	0		0	0	0	0	3373
GAGATAATAGATCTTTATGATTAGATGATT	0	0	0		0	0	0	0	763
GAGATAGATTCCGTTAAGCACAGGTAGGAA	0	0	0		0	0	0	0	3039
GAGATAGGTCCGCATTTTATATGCCCGAGC	0	0	0		0	0	0	0	9706
GAGATCCTAATAGGTAATGTGGACTTCCTG	0	0	0		0	0	0	0	768
GAGATCTATTTTGATCGTGGAGGGTCACTC	0	0	0		0	0	0	0	2058
GAGATGCTTCAGGCTTAGTAATGGAAAGCA	0	0	0		0	0	0	0	2144
GAGATTTGTTGGCGTCTGCAGGCAGTAGGC	0	0	0		0	1004.116083	0	0	6600
GAGCAACTATATATTAAGGGACAAGAACAC	0	0	0		0	0	0	0	1545
GAGCACTGACCATAGTGGGGTTATTTGCAG	0	0	0		0	0	0	0	2628
GAGCAGCTAGGACATAGGCCCAAGGTGGAA	0	0	0		0	0	0	0	632
GAGCATAATCCTCAATCAACCGAGAGGGTG	0	0	0		0	0	0	0	9857
GAGCCTCTTCTACCTACCTTGGGGGTTAAT	0	0	0		0	0	0	0	1190
GAGCGAAGAACACTGCGGTTCATAAGAACC	0	0	0		0	1843.454143	0	0	14841
GAGCGAGATGGGGGGAGACAGACGTATTAG	0	0	0		0	710.6052282	0	0	1771
GAGCGAGCTCTTTGTTTAAGCGTGAAGGGC	0	0	0		0	0	0	0	35348
GAGCGCTAAACAGAGGGCAATGAGGTTGTT	0	0	0		0	0	0	0	1854
GAGCGGAGTAGCGAGTATTGGATTGAAGTG	0	0	0		0	0	0	0	589
GAGCGGGCAGACGTGTCCGGTGGGAAGGTG	0	0	0		0	593.8874612	0	0	9626
GAGCGGTTTCACTAGTAGGGAGATGGCAAG	0	0	0		0	0	0	0	2131
GAGCGTTGATACAGGACGAGATTTCTAAGA	0	0	845.8570496		0	0	0	0	0
GAGCTAAGTTAGTGGTAACTATGGTGCCAG	0	0	0		0	0	0	0	638
GAGCTATATGAGGCTATTAACGCTACCCAA	0	0	0		0	0	0	0	14597
GAGCTCTTTTTTAGGTGAGTTCCACGGATA	0	0	0		0	0	0	0	32052
GAGCTGCAACGGGTAGTTCATTCGTGAGTA	0	0	0		0	0	0	0	1867
GAGCTGTCTGGTCATGGGTTAGAGAGGTGT	0	0	0		0	0	0	0	711
GAGCTTCTTTCAGTATTCGACCTCGCGGCT	2509.11528	0	859.7650131		0	0	0	0	32478
GAGCTTGTAGGAGTGGAGTCGCGTGGGACC	0	0	0		0	0	0	0	2729
GAGCTTTTAGCTTTCACGTAACTGTTGGGC	0	0	0		0	1192.924236	0	0	0
GAGCTTTTTGCAGCGCAACGTGGGCGTATG	0	0	0		0	0	0	0	6829
GAGGACACTGCGTCTGAGATATCATTATAT	0	0	0		0	0	0	0	2716
GAGGACTATCTGCGCGATAGGGAACGAAAA	0	0	0		0	0	0	0	11850
GAGGATGGTTCAGGAGTAGAGTGTTGACAG	0	0	0		811.5744681	954.3393886	0	0	25423
GAGGATGTACCGGTAACTGCGACGGGGGGG	0	0	0		0	0	0	0	1977
GAGGATTATTTCTATGGGCCATTTTAGCGC	0	0	0		0	0	0	0	649
GAGGCAATAATCAAAGAGATGTCTTGCATT	0	0	0		0	0	0	0	4308
GAGGCATATGCCGCTTGCGAGAATGTGCTG	0	0	0		0	0	1341	0	0
GAGGCCCATTGGGGCGGCACGTGGGACAGG	0	0	0		0	0	0	0	1851
GAGGCCGATGGAGTGGGGCCTCGTGGTACA	0	0	0		0	1318.224191	0	0	0
GAGGCTATAGTCGCTCAGATCTCGCGACGG	0	0	0		0	0	0	0	9777
GAGGCTCCTCTACGACGCTAGCGGAAGTTT	0	0	0		0	0	0	0	633
GAGGGACTTAGCGTCTTACCTGACATTAGT	0	0	0		0	2243.384138	0	0	10759
GAGGGAGTAGTTAACGCAAAAGACCTTAGG	0	0	0		0	0	0	0	3388
GAGGGCAAACCGGGGAGTGAGAACGAGGTG	0	0	0		1358.964539	0	0	0	4676
GAGGGCACTAAGTATTTCCTGATGTCAGGG	0	0	0		0	679.7093487	595	0	8732
GAGGGCCCTACGTCGGTGTCGAGGGGAGGG	0	0	0		0	0	627	0	0
GAGGGCCCTGTAGACAAAGGTGAAGTGCTG	0	0	0		0	0	0	0	19706
GAGGGCGGTCGGCGGGGTTGTATTTGAGTT	0	0	0		0	0	0	0	867
GAGGGCTGTATTAGCTGCACCCCGATCAGA	0	0	0		0	0	0	0	612
GAGGGGGAAACGTTGGCGGGCTATGTGCGG	0	0	0		0	0	0	0	989
GAGGGGGCTTTACTCGATTAAATAGATGTA	0	0	0		0	0	14184	0	1319
GAGGGGGGTAGGATAGAGGTAGACAGGGAC	0	0	0		0	0	0	0	709
GAGGGGTGTTCGAGTTGAGTTTGTTTCGAT	0	0	0		0	0	0	0	3717
GAGGTATGTTCTTGTCAGTATGAATTAGCG	0	0	0		0	1210.088613	0	0	34717
GAGGTATTAGGTGCGAGATAGTATAGTGCT	0	0	0		0	0	0	0	601
GAGGTCGGATGTCCTCTCTTGTTACAAATA	0	0	0		0	0	0	0	1374
GAGGTGAGAGGGGACGCTGATGGAGGGACA	0	0	0		0	0	0	0	2662
GAGGTTAAAGTCCAGAGTCGTAAGAACGTA	0	0	0		1392.780142	0	0	0	36488
GAGGTTGTATATCCTCTATCGTTTATGTTC	0	0	0		0	0	882	0	4520
GAGGTTTATGTAAGAACACAATTACCAGCG	0	0	0		0	0	0	0	18470
GAGGTTTGTCCATGTATGAATGCAGTCCGT	0	0	0		0	684.8586619	0	0	704
GAGTAATAAAAAAGTTAAGCTCGGCGTGGC	0	0	0		0	887.3983163	0	0	8696
GAGTAGACAGTGGGGCTATGGGGTTGTTAT	0	0	0		0	5966.337616	0	0	5066
GAGTAGATTTTATATGGCTCTTGTACGTAG	0	0	0		0	0	0	0	1310
GAGTAGGGATAGTGATACCTGTTCAGTGGT	0	0	0		0	0	0	0	1431
GAGTAGTATGCTGACGTGAACGCAGTTAGC	0	0	0		0	0	0	0	10237
GAGTAGTATTAAACGAGTAAAACCTTGATA	0	0	0		0	0	0	0	2401
GAGTAGTCACTTACGTTGAGGGTGCGACTT	0	0	0		0	0	0	0	1030
GAGTATATTATCTCTGGTAAAGCGGGGAAA	0	0	0		0	0	0	0	1126
GAGTATTTTGTGATCTACGAGACAGTTTTG	0	0	644.8237598		0	0	0	0	17398
GAGTCAATTTTGTAAGGCCTATCATGGAGG	0	0	0		0	0	0	0	8876
GAGTCAGGTGGATAGGCCAAATGGACCGGC	0	0	0		0	0	0	0	34069
GAGTCCAGTGTTCGTGAGTGAAATCCGGGG	0	0	0		0	0	0	0	9380
GAGTCGAGAGGAAGTCATCTGGGAGTGGCG	0	0	0		0	0	4384	0	3745
GAGTGACTTGGCTCGTCGTACGCGGTCTGA	857.5122783	0	0		0	624.7833407	877	0	0
GAGTGACTTTTGATTGCATCGCGTCATACT	0	0	0		0	1287.328312	0	0	0
GAGTGAGATCAGAAGGGGTGGGCCCTTCGG	0	0	0		0	0	0	0	1241
GAGTGAGCTGGAGTTGGCCGTGCGTTGGGA	0	0	0		0	0	0	0	1782
GAGTGAGGTGGGGTGTAGGGATGCTTGGTC	0	0	0		0	0	0	0	658
GAGTGATCAAAACCCGTCCCTAAGCGAACT	0	0	0		0	0	0	0	1613
GAGTGATTTGGTAGATGGTGTGTGCTTTGG	0	0	0		0	0	0	0	1620
GAGTGCAAAGGGGTCCAAAGCTCAGCGATT	0	0	0		0	0	0	0	1761
GAGTGCGAAGGGTGACGTATATGATTTGAT	0	0	0		0	0	0	0	1178
GAGTGGAATAGGCCTCTAGTGCAAGGTATC	0	0	0		0	626.4997785	0	0	0
GAGTGGGTTAGAGATTAAGGCTCGAGATGG	0	0	0		0	0	0	0	628
GAGTGGTGTGGGGGACGGGGGGGAGGCGCA	0	0	0		0	0	0	0	4743
GAGTGTAAAAGGGTCCCGGGAACGGGGCGC	0	0	0		0	0	0	0	2710
GAGTGTCCTGCGTTTTGACCCGATGGCCAC	0	0	0		0	0	0	0	1068
GAGTTAATTGTATAGGATAGAGAAGCTTAG	0	0	0		0	0	0	0	27558
GAGTTAGGTTGTCGGCAACTTTGTACGTGA	0	0	0		0	0	0	0	6159
GAGTTCATAGATTGTGATCACGCCTGCAAG	0	0	0		0	0	0	0	1272
GAGTTCATTAGTTAGCTTGTTAAAGTAAAC	0	0	0		0	0	0	0	839
GAGTTCCCAAGAAAGTACTGACCTTGTTAG	0	0	0		0	0	0	0	3467
GAGTTGTTAGCGTAGTAACCGGGCCATCGC	0	0	0		0	0	0	0	947
GAGTTTCGAGCTGTTCCATGATTTTCTGGA	0	0	0		0	1306.209127	0	0	8879
GAGTTTGCAGCGTAATCTAGGTAAGTTCCG	0	0	0		0	0	0	0	3306
GAGTTTTTTCAACTGCTTTGTGATAGGCTG	0	0	0		0	0	0	0	607
GATAACCCAGTCTTTAAACACTCTACCGGA	0	0	0		0	1115.684537	0	0	1054
GATAAGTTTGCGGACCTGATGGACCCTTGA	0	0	0		0	0	0	0	1101
GATAATTCACGTGGCCTATCGTAGGTGACG	0	0	0		0	0	0	0	2332
GATACATCATTGTTCAAAGCATGGAAATTC	0	0	0		0	0	0	0	3223
GATACATCTGATGCGGGGTGGGCCCCTGCT	0	0	0		0	875.3832521	0	0	0
GATACGGCATCGCAATCCTCAACGGAGGAA	0	0	0		0	0	0	0	2343
GATACTTATACTTCATAAAGAGGCTTTGAT	0	0	0		0	0	0	0	3051
GATAGCATTAACCAGGGCGATGATCTGGTA	0	0	0		0	0	0	0	1492
GATAGCCCATTCATTGACGAGATCTATAAC	0	0	0		0	0	0	0	3137
GATAGCGTACGTCATGGTTTGGCGCGTATG	0	0	0		0	3571.906956	0	0	26396
GATAGCTGATTTAAGCCGTTCGCTGGTGAG	0	0	0		0	0	0	0	5375
GATAGCTTACTCTCTCTTAAATTCATGCAA	0	0	0		0	0	0	0	1554
GATAGGCGAGCTTCGATAAGATTGACTACA	0	0	0		0	0	0	0	21970
GATAGTTAACAATTCATGAGTTATAAAATT	0	0	0		0	0	0	0	1284
GATATCAAACTGTAGTATGTCCCCTTCTTA	0	0	0		0	0	0	0	1117
GATATCGATGACAATTGGTGTGTTGATGGG	0	0	0		0	0	0	0	1521
GATATCTTTGGCAGTGCGTAGTTTCTGGGC	0	0	0		0	0	0	0	3978
GATATGTATTCAGTTCAGGTTATGAGAGAT	0	0	0		612.9078014	0	0	0	8086
GATATTATTGCGTCGCGATGTTACCAGCCA	0	0	0		0	0	0	0	1403
GATCAAAAACCGTAATACAATTGATCTATT	0	0	0		0	0	0	0	1010
GATCAAAGTTGGAGGGTCACAGTTTACAAC	0	0	0		0	0	0	0	19555
GATCAAGAAGGCGACGCGGGCTGGGGACTC	0	0	0		0	0	0	0	876
GATCAAGGACTGAAAGTATGGTTCTGGGTA	0	0	0		0	0	0	0	4506
GATCAATCAGGCTCGGAGGAGTGAATCCCA	0	0	0		0	0	0	0	1130
GATCACGCTAAGTGCGAGCACGTGTACGTG	0	0	0		0	0	0	0	1419
GATCACGGAGGAATTGTTATGTAGCAGCGG	0	0	0		0	0	0	0	9801
GATCACGTACGCTAGAGTCAAAGCGTGGAC	0	0	0		0	0	0	0	669
GATCAGGCTTATAGGGACTCTTAGCAAGTG	0	0	0		0	0	0	0	606
GATCAGGGTGTGTCGAAGCAGCAGCCGACT	0	0	0		0	0	2748	0	5339
GATCAGTGTGTACCACGGTAATGTTAATCA	0	0	0		0	0	0	0	2032
GATCATAGTGTAGGCCTAGTAAGATGGCTG	0	0	0		0	0	0	0	26772
GATCATATTCTGGACTCCAGACTTCAACTT	0	0	0		0	0	0	0	2613
GATCCCTCTTATAGTCCGAGATGTGTGGCT	0	0	0		0	0	0	0	7673
GATCCGACAGCGTGTCACTCCGGGTGGTTT	0	0	0		0	762.0983607	0	0	0
GATCCGTTAAGCACGTTTGCGGGCACACTA	0	0	0		0	0	0	0	592
GATCCTAGTAGCGTCCTTCGCCCTCAGGGT	0	0	0		0	0	0	0	3535
GATCCTCAATAATTTCCTGCAATTAGTAAG	0	0	0		0	0	0	0	2023
GATCCTTTATTGTGAAGGTCGGAACCACCT	0	0	0		0	0	0	0	1016
GATCGACGAGTATGCTCCGAGGGACTATGA	0	0	0		0	0	0	0	896
GATCGAGCAGTATTACTCGGCCCAAATGGC	0	0	0		3489.347518	1201.506424	0	0	17677
GATCGGCCTACGATGGATTGGGTCAGCCGT	0	0	0		0	0	0	0	2598
GATCGTTGACGGCATAAGAAATCCGTGAGC	2231.645975	0	5230.658616		0	0	1959	0	24293
GATCTAGTACAATAGATTAGTGAATGGTCT	0	0	0		0	0	0	0	655
GATCTGTAATGGATAGAATGATAGGACGCC	0	0	0		0	0	0	0	787
GATCTGTGAAGACCAGAGGTAGGGGTACGA	0	0	0		0	0	0	0	1468
GATCTTGCTTATGTAACGTCGCTTCATGAA	0	0	0		0	0	0	0	9166
GATGAAAATTGATACTCGTGAGGGAGGGTT	0	0	0		0	0	0	0	7854
GATGAAAGACGTATGGATCCAGGTCGGTCA	0	0	0		0	825.6065574	0	0	0
GATGAATATCATAACCAATCTAATTCAGGG	0	0	0		0	0	0	0	1267
GATGAATGATAGCCCCGGTACTAGCTCTCA	0	0	0		0	0	0	0	2390
GATGAATGTGGCTGCTCGGTTTACATTAGG	0	0	0		0	0	0	0	1332
GATGACACACTATCGTTCAAAACGGAGTAA	0	0	0		0	751.7997342	610	0	24646
GATGAGAGTGTCACTCTTGCTATCGGTTTA	0	0	0		0	0	0	0	906
GATGAGCTTCGGGCGCTCAGTCGCTAACAC	0	0	0		0	0	0	0	1885
GATGAGGCTCGGTCTGCTTCTGGGTGTAGG	0	0	0		0	0	0	0	1178
GATGATAATGTACGGGGTAACTGTATCAGC	0	0	0		0	0	0	0	22052
GATGATAGTATGGAAGGGGGGAGCCGGGGA	0	0	0		0	0	0	0	1186
GATGATGAACGCCTTGCTGATGTGCATCGG	0	0	0		0	0	0	0	8998
GATGATGTTGTGTTAATTGATAAAAACCAT	0	0	0		0	0	0	0	2506
GATGCCAATAAGAGACTCAGGGATTGCCGG	0	0	0		0	0	0	0	17705
GATGCCAGATTGTAGCATCGCATGGGATTG	0	0	0		0	0	0	0	733
GATGCCGTAGCGTGCTTCAACAGGGATGTC	0	0	0		0	0	0	0	2040
GATGCCTGATTCTTAGGTCGACCTATTGTT	0	0	0		0	0	0	0	1952
GATGCGGCTGATTGAGACCGTGTAGGTGGG	0	0	0		0	0	0	0	1132
GATGCTGAAAGCGTGGACGATTTGGGGTAT	0	0	0		0	985.2352681	0	0	0
GATGCTGTTTCCAGAATTGGAAACTCCGGA	0	0	0		0	1855.469207	0	0	12890
GATGCTTGTCTGGCCGGGCGCTCATGTGAT	0	0	0		0	0	0	0	2359
GATGGAACTTCGATTATGATGACCGGGGTT	0	0	0		0	0	0	0	16170
GATGGATGTTACCGTTATACTGATCTTATC	0	0	0		0	0	0	0	1457
GATGGATTAGGTGGGGACTAGGTGGACGGG	0	0	0		0	1120.83385	0	0	18436
GATGGCATTTGGAGCATGGCTTCGTGGTTG	0	0	0		0	592.1710235	0	0	0
GATGGCTCATTGGCTGAAATTATTGGGGTT	0	0	0		0	0	0	0	12530
GATGGGATTTATAGGAGGCGCAGTTTCTTG	0	0	1014.016971		0	870.2339389	0	0	3330
GATGGGGGAACGCTACGCCAGGGGTGTGGG	0	0	0		0	0	0	0	667
GATGGTAATGAAATAAGACGTTCGCGCGAT	0	0	0		0	0	0	0	11612
GATGGTGATAGTTAAATGGCGGTGCTTGGT	0	0	0		0	0	0	0	1233
GATGTAATATTGTGGCTACTGCTAGGGTTA	0	0	0		0	0	0	0	2961
GATGTCATACAGCATTCCAATCATGCCAGT	0	0	0		0	1766.214444	0	0	3398
GATGTGAATATTTTCGCGCTGATCTGTATC	0	0	0		0	0	0	0	613
GATGTGCGTTGAGGCCTATTGGTAAGTGTA	0	0	0		0	1364.568011	0	0	1995
GATGTGGAACGGATGGGCGCGGTGGTGAAG	0	0	0		0	0	0	0	25370
GATGTGGTTCAGTTTTCGATGTAATGCGAG	0	0	0		0	0	869	0	19433
GATGTTATTATATTTGCAATGAAACAGCGT	0	0	0		0	0	1784	0	0
GATGTTATTCATTGGATTTGAAATGGGTTT	0	0	0		0	0	0	0	7544
GATGTTTCAGTACCAGGCTGGGGCTTAGCG	0	0	0		0	681.4257864	0	0	9058
GATTAAAGAATGGCGTGGTAGGGTTGTCGG	0	0	0		0	0	0	0	2178
GATTACCTTAAGCTGCTAGCCGATACAGCT	0	0	0		0	0	0	0	747
GATTACGGTACACCAACGTTATTTATAATT	0	0	0		0	0	0	0	4532
GATTAGTTAAGGAAGGTGATGGGGGGCGTG	0	0	0		0	0	0	0	21395
GATTATACTAATCAGTATAAGCGATTGGGT	0	0	0		0	0	0	0	650
GATTATCTTGCTTTATCTTTGCGGTTAGAG	0	0	0		0	0	0	0	999
GATTATTATTCAGAAAAAGAATTCACAGGA	0	0	0		0	0	0	0	719
GATTCAACTTTAGCCGCGTGTATACAGCTT	0	0	0		0	0	0	0	9282
GATTCACGAACCAACCCCCACAAATAAATA	0	0	0		0	1007.548959	0	0	2830
GATTCATGAACCTGGAGTTCGGGCTGCCAC	0	0	0		0	0	0	0	12990
GATTCGCATTCACACGAATATGCCAGCCCA	0	0	0		0	841.0544971	0	0	811
GATTCGTTATCAGGTAAGAGCGAACGATGT	0	0	0		0	0	0	0	11229
GATTCTAGTGATGTTCGTCCGATAGCTATC	0	0	0		0	662.5449712	0	0	0
GATTCTGTTTGGATTGTAAACCGATCTCAG	0	0	0		0	0	0	0	2666
GATTGAAGTGCTCGCTCGCCTACTTTATAC	0	0	0		0	0	0	0	1701
GATTGATATATCTGCTTCCCTCACAGCATT	0	0	0		0	0	0	0	928
GATTGATTAAAGGGGATGTGCAGTAAACGT	0	0	0		0	938.8914488	0	0	5421
GATTGGCCTGGGTCTCTAGCGGCGCTAAGT	0	0	0		0	0	0	0	3856
GATTGGGGTTAGCTGCGGACGAGCGCTAGG	0	0	0		0	0	0	0	1835
GATTGTGAAAAATATGCAATCTGGCGTTGT	0	0	826.8916449		0	0	0	0	1305
GATTGTGTTCTTTTGAAAACTGGTTGCGAT	0	0	0		0	0	0	0	1140
GATTGTTCTGCGGGGAGGGCTTGAGTGTGT	0	0	0		0	0	0	0	1598
GATTTACATTCTCTCGTATATCGGGCTTAT	0	0	2058.37859		0	0	879	0	8627
GATTTACGAAATCATGCGCCTGTATGAACT	0	0	0		0	744.9339832	0	0	0
GATTTAGTACAAGACCTGGTAAGTAACAGT	0	0	0		0	0	0	0	1505
GATTTATATTGGCGAGATACGCGAACGGGC	0	0	0		0	0	0	0	12516
GATTTATGATCTTATGCGGTTCACGCCATC	0	0	0		0	0	0	0	22967
GATTTCCAAGTATGATGGGGGATATAAACT	0	0	0		0	0	0	0	30099
GATTTCGATATAACTTCGCCAGACAGTCGA	0	0	0		0	0	0	0	4306
GATTTGAATGTACGGCTATCCGCCGTGCAC	0	0	0		0	0	0	0	5905
GATTTGAGTCCGCTTACCCAGCCGTACGTA	0	0	1096.200392		0	2174.726628	0	0	4739
GATTTTACTCGTGACTGTGGCGCAGGTATA	0	0	0		0	0	0	0	663
GATTTTCTTCGAGCGTTTGTAGACGATTAG	0	0	777.5815927		0	0	0	0	25315
GATTTTCTTTTGGTTTGGAGTTTAAGAAGT	0	0	1082.292428		0	0	0	0	3196
GATTTTGATTAGAACGGGCCGCCTATTTGT	0	0	0		0	0	0	0	3001
GATTTTGGTCCTTATTCAGCGTCGAACGTT	0	0	0		0	1160.311918	0	0	4467
GATTTTTAAACCAATCGTATGTGCGACCCT	0	0	0		0	0	0	0	2905
GCAAAAGGTGGACGGTCTAGAGAAAGATGA	0	0	0		0	0	0	0	2528
GCAAACATATAACCGATGTGCAGTTCAGAT	0	0	0		0	0	0	0	4418
GCAAAGGCTATCCAGCTGCTCTTAGGTTTT	0	0	0		0	0	0	0	647
GCAAAGGGTGAGTGGAAAGTGGTAGAGGGC	0	0	0		0	0	0	0	24190
GCAAATAATGCCGTCACAGCTATGGGTATG	0	0	0		0	0	0	0	612
GCAACGTAAAGCCGGGAGGTTATTCTGGTA	0	0	0		0	0	0	0	1510
GCAAGCAGTGAGAGAGCAAGGATGACTCCG	0	0	0		0	0	1653	0	10551
GCAAGCTCTTCGAAGGTCAGAAATGGAAAA	0	0	0		0	0	0	0	1314
GCAAGGAGAGAGAGCCCAAACGCGTTGTGG	0	0	0		0	1680.392556	0	0	0
GCAAGGGCACCCAGGTCAGGGTTTGGGCCT	0	0	0		0	1793.677448	0	0	680
GCAATAGTTTAGTGTGTACCTACGATATGT	0	0	0		0	0	0	0	6225
GCAATATCTCAAATCAACCCAGACGCGTAG	0	0	0		0	0	0	0	1481
GCAATCACTGACTGACGCGCGTCTGCACAA	0	0	0		0	803.2928666	0	0	2662
GCAATCATATGACCTACCCAAGCAGAACTC	0	0	0		0	0	0	0	12630
GCAATGAATTCACTCACTACTGCAGGCAGC	0	0	0		0	0	0	0	23428
GCAATGATTTTTCTTAGTTTAAATAATAAT	0	0	0		0	0	0	0	1255
GCAATTGTAATCCTACGTTAGAAAGGAAGT	0	0	0		0	1230.685866	0	0	24664
GCAATTTATTTGTAGCCATCAGGTGATATA	0	0	0		0	0	0	0	4045
GCACAAGATAGGGTTGGGGGGTGATAGGTA	0	0	0		0	0	0	0	1217
GCACACCGACCTTCAGCTATCCTAGTCATC	0	0	0		0	0	0	0	2250
GCACACGGTGATAACAAGTTCCTGTGTAAG	0	0	0		0	1254.715995	0	0	1796
GCACATCGACCATGTGGCGCTCAATGCTAG	0	0	0		0	0	0	0	1331
GCACATCGTAAAGGGGGCGGAAAGTGTCAC	0	0	0		0	0	0	0	5034
GCACATTATCGAGATTGGCTTAACTTGGGG	0	0	0		0	0	0	0	3779
GCACATTGAGGAGTATCCCCGAAATGCTAG	0	0	0		0	0	0	0	606
GCACCCCGACGAACAATCGAGATGTGCGAG	0	0	0		0	0	0	0	6724
GCACCCTGTGAGATATTTAGTATGTCTTAA	0	0	0		0	0	0	0	759
GCACCGGATATATGTTATATGATTTGTCAT	0	0	0		0	0	0	0	3826
GCACCTTCATTCGGGTCTTGGGAATGCAAG	0	0	0		0	1428.076207	0	0	16410
GCACGCTTTCACATCGCGTTACGAGGGGCC	0	0	0		0	0	0	0	22050
GCACTCTTTACTGCGCCTGGGATTTACTTC	0	0	0		0	0	0	0	669
GCACTTGTATGATTTATTAATCGAATCAGT	1245.969304	0	0		0	0	0	0	629
GCACTTTGAAATATGTTCTGTAGTACAGTC	0	0	0		0	0	0	0	1527
GCAGACTGAAGCAAATGAATCTGGCGAGTC	0	0	1368.037859		638.2695035	693.4408507	0	0	0
GCAGACTTAGTGACGTCGAGTTTATGTTGT	0	0	0		0	0	1095	0	1927
GCAGAGATTTAGCAGCCTTCGGAGGAGATC	0	0	0		0	0	0	0	15916
GCAGAGTGTGCCTTGAAACAATGAGCATTG	0	0	0		0	2887.048294	0	0	9186
GCAGATGGTGGGGAAAATGGCAGCCCGTCA	0	0	0		0	0	0	0	4874
GCAGCAAGTTTATGCGTGGCAGTTTAATCA	0	0	0		0	0	0	0	4868
GCAGCCATAGGTATGTACGAACTAGAGAGT	0	0	0		0	0	0	0	2754
GCAGCCCCAAACCGATCATCATTGTGGTCA	0	0	0		0	947.4736376	0	0	0
GCAGCGGTATATATAATATGGACGTCATCG	0	0	0		0	0	0	0	2776
GCAGCGGTATCAATCTTGGTCGCCCTGGTG	0	0	0		0	0	0	0	799
GCAGCGTTTTCTCCCTACAACTTAAAACCT	0	0	1454.01436		0	2923.093487	1358	0	28147
GCAGCTTTTGCGATCGAAGATGTGGAGATG	0	0	0		0	707.1723527	0	0	6421
GCAGGAGTTCTAGACAGGGTCATCTGCGGA	0	0	0		0	0	0	0	1729
GCAGGCCGTGGCTAAGAGTCGGGGGGTCGA	0	0	0		0	0	0	0	1179
GCAGGCCTAGTAGTATGGAGGTGGATAAGC	0	0	0		0	942.3243243	0	0	20885
GCAGGGAATAAACGGACGGATGTGTGAAAC	0	0	0		0	0	0	0	968
GCAGGGCCATATTGGTTAGACCAGTATGCG	601.1834925	0	0		0	0	0	0	0
GCAGGTGCTGGGCTATCGAGTGTAATTGAA	0	0	0		0	0	0	0	3805
GCAGGTTCATTATCATGTAAGGTTATTTGC	0	0	0		0	1208.372175	0	0	12476
GCAGGTTTAATTGAGTGCTCCGGTGACAGG	0	0	0		0	0	0	0	808
GCAGTAAGATGAGTTGGGGCCGGTTAGGGC	0	0	0		0	0	0	0	743
GCAGTATGTCCCCGAGGCTCGAACATGAAC	0	0	0		0	0	0	0	21712
GCAGTATGTTCAAGCTTACTGTCGGGTCGA	0	0	0		0	0	0	0	1214
GCAGTCAGAGCGCCGTGGGTTCTAGCTGCT	0	0	0		0	0	0	0	1516
GCAGTCCATTGGGTTCCTTCGTGAACGGTA	0	0	0		0	0	0	0	3777
GCAGTGGTAGTCTCGACGGAGTTATCACTG	0	0	0		0	0	0	0	29178
GCAGTGTTAGATTATGGTGAGCCAGGACAC	0	0	0		0	0	0	0	4362
GCAGTTGATCCGTTGAATCCAATTCATACA	0	0	0		0	0	0	0	595
GCAGTTGTATGACGATCGTGGATCCGATGA	0	0	0		0	0	0	0	21966
GCAGTTTAACGATTTACCATGACCTTATAG	0	0	0		0	1203.222862	0	0	6553
GCATAATAAAGCGGCGTGGCAAGGGGTCTT	873.3676671	0	0		0	0	0	0	1786
GCATAGCGATGTCCCTCGAGTGGACTCATC	0	0	0		1847.177305	0	0	0	3087
GCATATCATTGTTTAAAGAAAGCATGTGAG	0	0	0		0	0	0	0	1083
GCATATCTAGGGCTGGGCAATCGCAGCTTC	0	0	0		0	0	0	0	1433
GCATCACGAGAGCGTTACGTGCTCAACTTA	0	0	0		0	0	589	0	6450
GCATCAGATTCAGCTGTTTTCGTAAATGGA	0	0	0		0	0	1217	0	6542
GCATCAGTTAATCTTCTGTCGGAGGCGAAG	0	0	0		0	0	0	0	1439
GCATCATATAACGTCGGTTAAACATGGACG	0	0	0		0	0	0	0	3138
GCATCGAGAGGATAGTGGTCAACGCGCAAT	0	0	0		0	0	0	0	2882
GCATCTCATGTATCTATTATGAGATAAACA	0	0	0		0	1125.983163	0	0	1103
GCATCTTGTGGGGTAGGCGCAGGAATACAG	0	0	0		0	0	0	0	8197
GCATGACGTTTCGAGAACTGCTGAGGGAGT	0	0	0		0	0	0	0	2322
GCATGAGATTAACGGGGACAGACTCGAAGC	0	0	0		0	0	0	0	2672
GCATGGCGATGAGCGACTGGGGAGATGCCG	0	0	0		1060.964539	0	0	0	0
GCATGGGTACGATTCGGCAGCTACCCTTCG	1170.656207	0	0		0	1053.892778	0	0	10695
GCATGGTAATATGACGTGAAGAACGCCAGT	0	0	0		0	0	0	0	888
GCATGGTATTTCACCGTGTGGTAGGTCGGG	0	0	0		0	2730.852459	0	0	12934
GCATGTAGTTTGCCGATATATTGTAATAAC	0	0	0		0	928.5928223	0	0	0
GCATGTGTTTTACGTCATTTAGTCATCACA	0	0	0		0	0	0	0	1374
GCATGTTGTATTGCGTTGATACGTGTAATA	0	0	0		0	0	0	0	837
GCATTATATTAGGATCCTGAACTTAAACGC	0	0	0		619.248227	0	0	0	0
GCATTGCGTCGACTAATTGTATATGGGCGC	0	0	0		0	0	0	0	2137
GCATTGTCTAGAACCTAATCCAATTATGGA	0	0	0		0	0	0	0	1567
GCATTGTTAACCGTGCCGCCTCAGTTCAGT	0	0	0		0	0	0	0	1041
GCATTTATTTCGGTTGCCTACTATTGGGGT	0	0	0		0	0	1887	0	0
GCATTTGGTAAGATTGGTGTCGTGAATGAG	0	0	0		0	0	0	0	10102
GCATTTTATCCAGATTTGTCTTGCACACAA	0	0	0		0	1534.495348	0	0	9453
GCATTTTTTTAGAGCGGGACGCGAATGAAC	0	0	0		0	0	0	0	24851
GCCAAGCGAGGTCGTGTATCGCCGGGGGCG	0	0	0		0	0	0	0	5360
GCCACAGTTTTTATGTTAATAAGCTAGCCG	0	0	0		0	0	0	0	10764
GCCACATTTGGATTCTGGTTAGAAAAATGA	0	0	0		0	835.9051839	0	0	18658
GCCACTCCAGTCTCAGAGGGTCGGACGAGT	992.2830832	0	0		0	0	0	0	26899
GCCAGAGGATGGGAAGTCACTACCGGCTGA	0	0	0		0	0	0	0	1536
GCCAGTTCTGTCGTAAGGCGAGTTCACATC	0	0	0		0	0	0	0	1409
GCCATACATGGGGGTGATCTATGGTGTCCA	2494.581173	0	4203.998042		0	0	0	0	26927
GCCATATTTTCCGTTGCCAATTCCTGAGGA	0	0	0		0	0	0	0	1911
GCCCACGGTTACAGGACGAGCTAATTAGCA	0	0	0		0	0	0	0	1332
GCCCATGCTCGTATTGGATAGGCTTTGGAC	0	0	0		0	885.6818786	0	0	3897
GCCCATGTTCCGCGACTTAACATTAGGGGA	0	0	0		0	0	0	0	9294
GCCCATTAATAGGACATGACGTACTTAGGG	0	0	0		0	0	0	0	1835
GCCCATTCAGACGGGTTATTTCCGACTAGA	0	0	0		0	0	1264	0	3164
GCCCCCCGAGCTGGAGAGAGGTGATAAGGC	0	0	0		0	0	0	0	12738
GCCCGATAAAACAAAGTACTTGTTGCTGGC	0	0	0		0	0	0	0	725
GCCCGTGATTTCAAGTTACGGGGCCGTAGT	0	0	0		0	0	0	0	1272
GCCCTACCTAATGGCCATTTTGTCCATGAG	0	0	0		0	0	0	0	4283
GCCCTCACTGACGTGATAGTCTCATTTTTA	0	0	0		0	5044.610545	0	0	8358
GCCCTCGCTTCCATTTGTTAAAATGAGATT	0	0	0		0	0	0	0	1634
GCCCTGCGTGCGTGTGCGGCTGGTAACAAC	0	0	0		0	0	0	0	3096
GCCCTGGAAATGCGTGACACGTAGGGGGTA	0	0	0		0	1896.663713	0	0	1854
GCCCTTGTATTCCGTATTTAGTCTAATTAA	0	0	0		0	2315.474524	0	0	0
GCCGAAGCAGGCTGCAGAAATCTGGAAGGT	0	0	0		0	0	0	0	2065
GCCGAGGATGCTTGGCCTCCGTGGATGTGT	0	0	0		0	0	0	0	2552
GCCGATTAAGGGCTCATATATCATGTCTTT	0	725.9336493	0		0	0	0	0	0
GCCGCATTAGTAATTAGCGTGGGCGGGATT	0	0	0		0	0	0	0	1346
GCCGCGTATTATAGGCAGGGCTGAGTTCTG	0	0	0		0	2605.552503	0	0	1121
GCCGGAGTACCTCCCCCAGGGCACAAAATT	0	0	0		0	0	0	0	1782
GCCGGGGGACCATAAGGGTTGCCATGCAAA	0	0	0		0	0	0	0	2915
GCCGGGTGAACCGGAACGTAGGGGGCCTGA	0	0	0		0	0	0	0	1796
GCCGGGTTAACTAAGGCACGTGCCAGCAAG	692.3519782	0	782.6390339		0	0	0	0	27580
GCCGGTACTCAATCAGTCTGTTTATATAAG	0	0	0		0	0	0	0	1238
GCCGGTAGTGGAAAGAAGCAAAGGAACCAT	0	0	0		0	0	0	0	651
GCCGTAGATTGACGACAATTACCCGCTTTA	0	0	0		0	0	0	0	677
GCCGTAGCTCGGTTTGTTGGTTTTGGTGCG	3315.097544	0	0		0	0	0	0	0
GCCGTCAAAGCATAATTGTAAGGAGCTATT	0	0	0		0	0	0	0	9636
GCCGTCGGTTGTATTGAGATTATTCGGTAT	0	0	0		0	712.3216659	0	0	10082
GCCGTCGGTTTGGGTGCGCAGGTTTCTATG	0	0	0		0	0	0	0	18397
GCCGTGGTTCGGGGGCCAACAATCGGGCGC	0	0	3643.886423		0	0	0	0	2970
GCCGTGTGTTGTAGTACGATTTAGAGAGCA	0	0	0		0	0	0	0	39942
GCCGTTTTAATGTAGGCCTGCTTGGTTGGC	0	0	0		0	882.2490031	0	0	2774
GCCTACCGTACCTTTATATCGAACGTGTCG	0	0	0		0	0	0	0	5790
GCCTACTGATGTCGACCGTACGTTACGAGC	0	0	0		0	1201.506424	0	0	5775
GCCTAGCGTGTCGCCGGGACTAATGAGAGA	0	0	0		0	1793.677448	0	0	748
GCCTAGTGTAGTTGGGTCGGCTGGGTGGAT	0	0	0		0	0	0	0	6228
GCCTATCTATAGTGTACTACGTGAGCGATA	0	0	0		0	0	0	0	716
GCCTCAGTACCGTTATGCTGAGTGTGGTCG	0	0	0		0	0	0	0	706
GCCTCCATATGCCTTACTGGTTCGTGCAGC	0	0	0		0	0	0	0	4396
GCCTCGAATCGCATGGGTCCAGCTGCATTT	0	0	819.305483		0	0	0	0	1541
GCCTCGCGTTTTACGTCGGGTTTCTACCTG	0	0	0		0	0	0	0	9654
GCCTCTCATTGATAACATGTTGGACGTGTA	0	0	0		0	0	0	0	7021
GCCTGAAAACTGGGGACAGTCGGTGAACTC	0	0	0		0	0	0	0	7162
GCCTGAGTTTGAGTTATAGGTTTAGTACCA	0	0	0		0	0	0	0	1086
GCCTGCAATGATGTGCTCCTCAAGGAAGAC	0	0	0		0	0	0	0	16908
GCCTGCTCACTTGCTGCTCGGCTATGGCGG	0	0	0		0	0	0	0	6284
GCCTGGGATGCATTATATTAGTTGGAAAGT	0	0	0		0	0	0	0	38979
GCCTGGGATGCTCTCGAGGTGGGGGGGATG	0	0	0		0	0	0	0	19109
GCCTGTCGTTCGTCCATGTGGACGGGAGCG	0	0	0		0	3417.427559	0	0	17630
GCCTTCCGTGGGCACATTCCCGCGGTGTGT	0	0	0		0	0	0	0	608
GCCTTGAGATGCGGACGTCGCAAGGGAATG	0	0	0		0	0	0	0	38767
GCCTTGATTAGGCTATAGACAGAACACTCT	0	0	0		0	0	0	0	608
GCGAATGAACGTGCGGGAACTAATTAGGGC	0	0	0		0	0	0	0	799
GCGAGATAACTAGGAGTGTGCTGCCATCAG	0	0	0		0	0	0	0	729
GCGAGCGTTGTCGATTGTAATCAGTGTGTT	0	0	0		0	0	0	0	24738
GCGAGGGCTCCGGGGCCTCGATTGGGGAGT	0	0	0		0	0	0	0	6677
GCGAGGGCTGTAATTAGGCATTGGCAACGC	0	0	0		0	0	0	0	1137
GCGAGGTGTGGTACGGGGACGGGGAAAGGA	0	0	0		0	0	0	0	3430
GCGAGGTTACAGGGGCAACGCGGGTGCTCG	0	0	0		0	0	0	0	10730
GCGAGTCCTATGGGTTATTCAATGGATTAA	0	0	0		0	0	0	0	5812
GCGAGTGGACTGCACTGGGTTTTGAGAGAG	0	0	0		0	0	0	0	1286
GCGATCGTAAAGGAAAGACACGTATACCAG	0	0	0		0	0	0	0	12810
GCGATCTATAGTACGCGAGGGGCCAGCAGG	0	0	1394.589426		0	0	0	0	24043
GCGATGCAAATGCGTATATTCGCGAACGTG	0	0	0		0	0	0	0	23642
GCGATGTATTGAAGTGATTTACGAGGGAAT	0	0	0		0	0	0	0	5301
GCGATTGGAGGGGAAGTGTGGAAGGCGACG	0	0	686.5476501		0	0	0	0	26008
GCGATTTATGTTGGCAGACGCTCTCATAGG	0	0	0		0	0	0	0	930
GCGATTTTAGTATTTCCCCGATATGTGGGC	0	0	0		0	0	0	0	1109
GCGCAAGGAATATTAGGGGTAACGGTCTTG	0	0	0		0	0	0	0	870
GCGCAAGTATTAAACTAACATGGTCGCGAT	0	0	0		0	0	0	0	625
GCGCAATCACTTTAATAGAATCGATTCCTT	0	0	0		0	0	0	0	601
GCGCAATCATAGAGGTAACGCTGTATTTTC	0	0	0		0	0	0	0	6247
GCGCACGAACCAGGTGGCAAAGATGACCGT	0	0	0		0	0	0	0	788
GCGCACGCTCAGGCACGTGGAGGCGGGATG	0	0	0		0	0	0	0	41302
GCGCACGTTGACTCGGGCATATCACTCTTG	0	0	0		0	0	0	0	1028
GCGCACTGATGATTCTATGCTTACAAGCGG	0	0	0		0	0	0	0	1762
GCGCAGCTAAGGGTGAGAGAGTCAATAAGT	0	0	0		0	0	874	0	19880
GCGCAGTCTGCGCGGGATAGATCGTGGCTT	0	0	0		0	2356.66903	0	0	984
GCGCATATTTAACTAAATGTTAGGTTAAGT	0	0	0		0	0	0	0	24732
GCGCCCAGTTCTATGTAGCGACTGGATTAA	0	0	1604.473238		0	0	0	0	24396
GCGCCCCGTGGGTACAGGGCTCATGAATAC	0	0	0		0	0	0	0	1762
GCGCCCTCATGTCCCTATGGGTTTTGTACG	0	0	0		0	0	0	0	4558
GCGCCCTGAGAAGAGTGACGCTGCCTTGTA	0	0	0		0	0	0	0	3329
GCGCCGGCTTATTACAGATGGGTTAGTAAT	0	0	0		0	0	0	0	1274
GCGCCTCCATGTTTTGAGAAAGGGTTCTTG	0	0	0		0	0	0	0	2474
GCGCGATGATCGCACCCGCGGCGTACCGAG	0	0	0		0	0	0	0	1599
GCGCGGTGATGGGTGGAGTTATGTGCGTAA	0	0	0		0	0	0	0	1095
GCGCGGTTTCGAATAGTCGCACTCAATGGC	0	0	0		0	2336.071777	0	0	1861
GCGCGTGGTCTACACCGGCGTAGCCATGGG	0	0	1742.288512		0	1211.805051	0	0	1682
GCGCGTTGATAATATATGTAGCTGGGATAG	0	0	0		0	0	0	0	1859
GCGCTAAAATGGGGTACAGAAATGAGGGTA	0	0	0		0	741.5011077	0	0	2665
GCGCTAGCTTGTGTCGACGCGTGTTTTAGA	0	0	0		0	0	0	0	899
GCGCTAGGATTAGCCTCTCATCGGTGGGTC	0	0	0		0	0	0	0	3253
GCGCTATGAGTGAGGAGGCACGGCGGGTTA	0	0	0		0	1977.336287	0	0	689
GCGCTGGGTTGTTAATAGCGTCAGCGTAAT	0	0	0		0	0	0	0	2053
GCGCTTGCTGCGGGTGCAATATATGGTGCT	0	0	0		0	4387.214887	0	0	12059
GCGCTTTATTCAGCATAAGTTTAAGTTGCG	0	0	0		0	679.7093487	0	0	704
GCGGACTGTTTAGTCGACTTCATGTCTTTT	0	0	0		0	0	0	0	2109
GCGGAGAATTGCGCCTGATACGTTGGAGAG	0	0	0		0	0	0	0	1163
GCGGAGGTTAGTTCTTGACACCCACTGGGA	0	0	0		0	0	0	0	761
GCGGATAAAACGTACGTTAAGTATACACTC	0	0	0		0	0	0	0	1349
GCGGATCAACAGATCGAAGGATCTATTTAT	0	0	0		0	911.4284448	0	0	10224
GCGGCAGAAGTTGTACGGTCAGGACTATGA	0	0	0		0	0	0	0	21118
GCGGCAGGATCGGTGAATGTGGACGTGGGG	0	0	0		0	0	0	0	653
GCGGCATCTCACGCTATAACGTTGTGCATT	0	0	0		0	0	0	0	1382
GCGGCCGGATTGTATGGGGGCTGCGCCGGT	0	0	0		0	0	0	0	2695
GCGGCTCGAATTATGGTAATTTGACACGTA	816.5525239	0	0		0	0	0	0	16975
GCGGCTGAAAGGAACAGCTGGTCCTCACTA	0	0	0		0	0	0	0	1200
GCGGCTTGAAGGGGCTGTGCAAAATGCACT	0	0	0		0	0	0	0	1089
GCGGGATGATTTGTCAGGGTTGGAGCTGGG	0	0	0		0	0	0	0	33941
GCGGGGATAGGTTTTCGGGTACGGTGGGAA	0	0	0		0	0	0	0	12571
GCGGGGCGAACAGTCAAACTGGTTACGAGA	0	0	0		0	0	0	0	810
GCGGGGCGACAAGTCTGTTCTACGGTGGTG	0	0	0		0	0	0	0	1212
GCGGGGGGTCTGGACGGAGGGGAGTGGTAA	0	0	0		0	0	0	0	926
GCGGGGTGATGGGGGGGACGGCAGGCTCAT	0	0	0		0	904.5626938	0	0	13782
GCGGGGTGTGACCAGTGCGCGCTTGTGTGT	0	0	0		0	0	0	0	28277
GCGGGGTTTGATGCAATTATGCAAGGCGGT	0	0	0		0	0	0	0	10361
GCGGGGTTTTGGCAGCACTAAGGAGTAGAA	0	0	0		0	0	0	0	20920
GCGGGTAATGCTGGTCTTTGAGCGTTGATG	691.0306958	0	0		0	2068.307488	0	0	19806
GCGGGTCATCAAAGTACTCGTGATACTGTT	0	0	0		0	741.5011077	4214	0	2785
GCGGGTGTTGATTATCAATAAACCATCACC	0	0	794.0182768		0	0	0	0	15811
GCGGTAATACGAAGGGCAACGGATTGTAAT	623.6452933	0	0		0	0	0	0	0
GCGGTAGGATACTTGGGCGTTAATGGGGGA	0	0	0		0	0	0	0	9840
GCGGTAGTTGGCTTTAATAAGCCTGTAGTT	0	0	0		0	0	0	0	636
GCGGTATGAAATAGTCTAATTCTAGTTGTC	0	0	0		0	0	0	0	630
GCGGTCCTTGGTCGAGGCGGATTTGCGAGA	0	0	0		0	4033.628711	0	0	24220
GCGGTCGTACTTAGTTGTGGGTGAGGTACG	0	0	804.1331593		0	0	0	0	0
GCGGTCTCAGCGTAAGTATCTGACGTGTTC	0	0	0		0	640.2312805	0	0	1002
GCGGTGACTTATAGTTGGTAATTCATGCAC	0	0	0		0	0	0	0	10007
GCGGTGCAAGGCGTCTGGGCGAGAGGCCCA	0	0	0		0	1836.588392	0	0	18695
GCGGTGCATGCCCCCGCGGTTTCGTTATGA	0	0	0		0	638.5148427	0	0	995
GCGGTGTTAGGTCCTTTTGGTCGGGTGTGA	0	0	0		0	0	0	0	3058
GCGGTTATACGCAAGCTTATATCGTTGGAG	0	0	0		0	0	0	0	25151
GCGGTTGGTCTGAGGGAAGGTAAGGAGAGG	0	0	0		0	0	0	0	751
GCGGTTGGTTAGTTGGAGTAGCACGGTTGC	613.0750341	0	0		0	1357.70226	0	0	33872
GCGGTTTGATGGGGGGCAGTAGCGGTATTG	0	0	0		0	0	0	0	3493
GCGTAAGATAGTCCTATGAGCGCTGATTTG	0	0	0		0	0	0	0	2700
GCGTAATGTTTGATTTAGGATGTTTTCATA	0	0	0		0	0	0	0	5726
GCGTACAGTCGTTGTCTCCAGAAGCATTTC	0	0	0		0	0	0	0	81523
GCGTATGATCTAGCCTCGGGCGCATAATAC	0	0	0		0	0	9436	0	44102
GCGTATGCTACTAGCGAACACCGATAACGG	0	0	0		0	0	0	0	2381
GCGTATGTTAACTTTACATTTGAGGACGAG	0	0	0		0	0	0	0	1737
GCGTATTGTGTTGACTGGATGCGGAAGAAG	0	0	0		0	0	0	0	10053
GCGTCATATTAGGGGGCGGGGCTAGTGTTT	0	0	0		0	0	0	0	766
GCGTCATGTGTAAATGTAATGGCCATGCGG	0	0	0		0	0	0	0	1504
GCGTCGAGACTCCGTATATTTGAATGATAG	0	0	0		0	0	0	0	2390
GCGTCGAGTAAGGTGGTAGCGGTTATACGG	0	0	0		0	0	0	0	1133
GCGTCGGGTAGTCAAATAGTTGGTCAACTC	0	0	0		0	2147.263624	0	0	892
GCGTCGGGTGTTGGGGACGTAACAGGGCGT	0	0	0		0	0	0	0	5646
GCGTCTACAGCGTGTCGGTTGTTATGCGGA	0	0	0		0	0	0	0	15702
GCGTCTTGTGCGATTCGGACGCGAACAGTA	0	0	0		0	0	717	0	4112
GCGTGAACAGTGGCTGCAGAGGAGGCGCGT	0	0	0		0	0	0	0	1158
GCGTGAATTATTTCCTAGTCATTCCATGTT	0	0	0		0	0	0	0	15476
GCGTGCACATAGGAGACCGCTGCATCAGGA	0	0	0		0	0	0	0	1359
GCGTGCCTAATAGTAGGATCTGCAACACCT	0	0	630.9157963		0	0	0	0	614
GCGTGCTCTGCAAGGGGGTAGAAATATAAG	0	0	0		0	736.3517944	0	0	690
GCGTGCTTAAGCAGGGTACCAAAAGCGATG	0	0	0		0	0	0	0	27216
GCGTGGCGTAGAGTTGAGTGGGTGCTGAGG	0	0	0		0	0	0	0	4382
GCGTGGGCATTTTGCCTAATAACTAACCGG	0	0	0		0	0	0	0	5815
GCGTGGGGTATCCGGTATTCGGGCTTCGAT	0	0	0		1454.070922	0	0	0	23104
GCGTGTAAAACTGAAGCACGCCGTAAACGC	0	0	0		0	0	0	0	876
GCGTGTATTCCGCTTACGACAGGCTGTGCT	0	0	0		0	0	0	0	9890
GCGTGTCATTCTGGGAGTAACGGTAGATTG	0	0	0		0	0	0	0	772
GCGTGTCTTTAGTCACCATTGCTCGGTGAC	0	0	0		0	997.2503323	0	0	0
GCGTTAACTCTTCCACGGTATTGATCTGGT	0	0	0		0	0	0	0	3378
GCGTTATCTTGCCCTGAGTAATCAAGCAAA	0	0	0		0	0	0	0	4817
GCGTTATGTTGTGTTTGACTTGGTGACTGC	0	0	0		0	0	0	0	13160
GCGTTCGGTACTGACGATGTTATATAATTG	0	0	0		0	0	0	0	749
GCGTTGCAATCTGTGGGTCTTACCATCCGG	0	0	0		0	0	0	0	6972
GCGTTTAAATTGAAGTAAGTAGGGCCTCTG	0	0	0		0	0	0	0	12335
GCGTTTCGAACTCTTCCTGGCTATTCGTTA	0	0	0		0	0	0	0	2152
GCGTTTCTACCTTGTTGGCGGCTAAAGATG	0	0	0		0	0	0	0	2791
GCGTTTGGTAGAGCAGAACGGCGTGTCCAG	0	0	0		0	0	0	0	10088
GCTAAATGAGTGGTAGAGGTCAGTGCGGTC	0	0	728.2715405		0	0	0	0	594
GCTAAATGTAATGGTCTCATAATCAAGACG	0	0	0		0	0	0	0	3329
GCTAAGAATACCGGGCTCTGTTGTGCTATC	0	0	0		0	0	0	0	1606
GCTAAGCAACGGGAGGGTACGGGAAGCTTC	0	0	0		0	0	0	0	34376
GCTAAGCATCAAATTGCCTACCACAAAAGG	0	5808.881517	9623.046345		978.5390071	0	0	0	869
GCTAAGGGAGGCCACAGGTCCGGTTGCCGA	0	0	910.3394256		0	3043.244129	0	0	40298
GCTAATAAATCTTGAATGCGTGCAGTAATT	0	0	0		0	0	0	0	1505
GCTAATGAAGTCGAGAGCTCTATGCAAGTA	0	0	0		0	0	0	0	11524
GCTAATGGAGCGTACACTTATCTCTCTAGG	0	0	0		0	0	0	0	989
GCTACTCTTCGTAACTACTTTTATTAGCTG	0	0	0		0	0	0	0	1261
GCTACTGCTCTGCAACTCACCTATGGCGAT	0	0	0		0	0	0	0	845
GCTACTGGTATAATCAATCGGTCCTGAGTT	0	0	0		0	0	0	0	14563
GCTAGAGTAGGGTACTTACGGTTGCTGTGT	0	0	0		0	0	0	0	3550
GCTAGGATATGAAGCACCCCTGGTAGAATG	0	0	0		0	0	0	0	2271
GCTAGGGGAGTAAGTACGGATGCAGTGGAG	0	0	0		0	0	0	0	641
GCTAGTAAATCAATGCGGTCGCCTATGCGT	0	0	0		0	0	0	0	750
GCTAGTTATCATGGGGAAACGAAACGGTTA	0	0	0		0	0	0	0	1406
GCTATAATTTGTGTTGTTTTTCTCTTAAAC	0	0	0		0	0	0	0	952
GCTATAGCTTGTTACGGGGGCCTAACGGGT	0	0	0		0	0	0	0	3056
GCTATAGGTGCAAAATATAATCAAAATGGG	0	0	0		0	0	0	0	5026
GCTATCCTTGTTAGACAATTTTGTCGAGAA	0	0	0		0	0	0	0	714
GCTCAGTATGTCACCAAGAATGAAGACTGA	0	0	0		0	0	0	0	2062
GCTCATCGACCCGGGTCGAGGGGCATTCCG	0	0	0		0	0	0	0	730
GCTCATTATGCGATCTTGATAATTCGGATG	0	0	0		0	0	0	0	10722
GCTCCGGGATGATTGAGAGTGGGGGGAATT	0	0	0		0	648.8134692	0	0	0
GCTCGAACATTGGGATGTAGGTTTCTGTGA	0	0	0		0	0	0	0	908
GCTCGCTTTGGACCAAGGGCGGTGGGGTGG	0	0	0		0	0	0	0	7761
GCTCGGGAATGGAGAGCGTTTTACGAATGC	0	0	0		0	0	0	0	1340
GCTCGTACTTCGTCATAGGTCAACTTGGGT	0	0	0		0	633.3655295	0	0	0
GCTCGTAGTCTGGGTGCCGGAGTCGGTAGT	0	0	0		0	0	0	0	15803
GCTCGTGGTTGGTTTTGAAAGGTCTGGGAT	0	0	0		0	0	0	0	33983
GCTCGTTTTCCCCTCTGTCGGGAACAAGGT	0	0	0		0	1124.266726	0	0	690
GCTCGTTTTCTAGAAGGGTTGCACCGCCTG	0	0	0		0	0	0	0	15901
GCTCTAGCATCATAGTGGCGGCGCGCCGGC	0	0	0		0	0	0	0	13720
GCTCTATATTCCACGACTCTTCAGATGCTC	0	0	0		0	0	0	0	3304
GCTCTCTTTATACGATAGCACGGTAACCCT	0	0	2669.064621		0	0	0	0	20386
GCTCTGAGTCCGCATTTTGTTTGTGCCCAC	0	0	0		0	0	0	0	885
GCTCTGGCACTGATAAGCTCAAAGGAGGTT	0	0	0		0	0	0	0	962
GCTCTGTTAAGATCTGTAGTGGCCGTGCTT	0	0	0		0	0	0	0	1452
GCTCTTAAAACCGAAAAAACTCCAACGCGG	0	0	0		0	0	0	0	965
GCTCTTAAAGTCCTGTAGAATGGCAATTTA	0	0	0		0	0	0	0	1068
GCTCTTTCAGAGTTTTTATAGGTAAGCAGG	0	0	0		0	0	0	0	3038
GCTGAAAGTTTTTTAGTTTACTCTATAGAT	0	0	0		0	0	0	0	19198
GCTGAATGAACAGAACTTTGCTCGCGTACG	0	0	0		0	0	0	0	3338
GCTGACGGATATTCGAATTATAGGGAGGTG	0	0	0		0	0	0	0	2216
GCTGAGCGACAGGGAGGACAACCGGGTGCC	0	0	0		0	0	0	0	847
GCTGAGGTAGGTGGGAGGCTGGTAGGGAAC	0	0	0		0	883.9654409	1055	0	41176
GCTGATATACTGGCGTGGCGTCGGTAGGCT	0	0	0		0	0	0	0	1011
GCTGATTATCGAGTTTGCATCGGCAAATAA	0	0	0		0	913.1448826	0	0	7174
GCTGCCAAATCATGGCTGCAACCCCAGCGG	0	0	0		0	0	0	0	7210
GCTGCGGTATAGGAAGGTTGGCAGCTGTTG	0	0	0		0	0	0	0	609
GCTGCTTGTATGGCTTTAACGGTGCTGGTT	1762.590723	0	1440.106397		0	2451.073106	878	0	0
GCTGCTTGTTATCTGCGCCGAAAACGTGCA	0	0	0		0	0	0	0	1028
GCTGGAATTTTGCGGCGCACAACAGAAGTG	0	0	0		0	0	0	0	702
GCTGGCATTCACAAGATTACTTTTTCCAAG	0	0	0		0	0	0	0	2638
GCTGGCGGTCGGTAGGACGTGGACCGGAAA	0	0	0		0	0	0	0	3167
GCTGGGAGTTGGGGATGCTCTACCTAGGAT	0	0	0		0	0	652	0	0
GCTGGGGAAGAGCCTGTTTCGAATCCAGTG	0	0	0		0	0	0	0	22317
GCTGGGGGAGCTGCGTACCCTGTCTAAGTA	0	0	0		0	0	0	0	4020
GCTGGGTTTAAGCATTGGGAATTTTGTTTG	0	0	0		0	0	0	0	2278
GCTGGTCCACCAAATTTTTGGAGCAGATAT	0	0	0		0	0	0	0	790
GCTGGTGCACCTTTTATTTTTGCTAATCAC	0	0	0		0	0	0	0	713
GCTGGTGGTGCGTTCGGCTGAAAAACAGAG	0	0	0		0	0	0	0	604
GCTGTAATAGTGGGCGGCCCCAAGTAATCA	0	0	1194.820496		0	0	1211	0	2949
GCTGTAATTCTTTGTGTTAGCCGAACCACG	0	0	610.6860313		0	0	0	0	33907
GCTGTATGATCAAGCAGGCATGGGAAATTC	0	0	0		0	0	0	0	2572
GCTGTGACAAGGGTTACAGTATCGGGGTAA	0	0	0		0	0	0	0	642
GCTGTGATATAGGGTTCATGATCCAGACTT	0	0	0		0	0	0	0	617
GCTGTGTGATGATGCAAAGTCGTGTGACTC	0	0	0		0	902.8462561	1449	0	29883
GCTGTGTGTGGCTGCGGGTTGGGGTGGAGT	0	0	0		0	0	0	0	2340
GCTGTTGCAGCGACGAAAAGCCTGATTATA	0	0	0		0	1004.116083	638	0	20942
GCTTAACTTATTTAGCTTGCTCGTGCTCTA	0	0	0		0	0	0	0	1415
GCTTACTAATAGCTGCCGCCTTTAAGGTGT	0	0	0		0	0	0	0	3937
GCTTAGCTAGTCTTCTGAAGGAAAGTCGAT	0	0	0		0	0	0	0	767
GCTTAGGTATTTCGTTTCTAAGCGATCGAA	0	0	0		0	0	0	0	4179
GCTTAGTGAATGCGACGAGGGGTGGTACTG	1168.013643	0	0		0	0	661	0	15466
GCTTATACAATAAGTGCGGGCCAAACTGAT	0	0	0		0	0	0	0	911
GCTTATCAAGGTAACGGTTATCGGACTATG	0	0	0		0	0	0	0	1729
GCTTATTCAATGGTGTACACTAACACGAGT	0	0	0		0	1357.70226	0	0	1330
GCTTATTTTGTGGAATCCAATGGGCAGTAA	0	0	0		0	0	0	0	1487
GCTTCAAAACTGTTGAGATGAAGCACAAGG	0	0	0		0	0	0	0	18358
GCTTCCAATTTGTCTTACAGGCTTTACTCC	0	0	0		0	1136.28179	0	0	0
GCTTCGAGAATCAAACTTGAAAGGTCATAA	0	0	0		0	0	0	0	1396
GCTTCGGTATAGATGGTAAGGGAGTGGCCC	0	0	0		0	0	0	0	19575
GCTTGAGTTTCGTGGTGGTTGCTTAGGATA	0	0	0		0	0	0	0	2179
GCTTGCACACGTGGAAGCTCATTACCTTAG	0	0	0		0	0	0	0	2496
GCTTGCCCAGGGGAAATAGCAAGACTACAG	0	0	0		0	0	0	0	664
GCTTGCTTAAAACTTGAGAAAATCATTAAC	0	0	0		0	0	0	0	1542
GCTTGGCAACCACTCGGGGGTAACTGGAGT	0	0	0		0	0	0	0	2844
GCTTGGGATGGGGGAGCCGCACAGGGGTTG	0	0	0		0	0	0	0	14110
GCTTGGGGAACGAAGAGGCTAGTGCAGTGA	0	0	0		0	0	0	0	12698
GCTTGGTGTTTGTCAGGTGGGCTTCAGTGC	0	0	0		0	0	0	0	1094
GCTTGTAAAAAGACTTTGGTCACTCACAGA	0	0	0		0	0	0	0	5958
GCTTGTATAACTAGTAAGAGGACGAGCGGG	0	0	0		0	998.96677	0	0	2865
GCTTGTCAATTTGTACGTTAACCAGGCTGA	0	0	0		0	0	0	0	1169
GCTTTAAGTAAGGGGGGTGGATCAGGGGTC	0	0	0		0	8540.99424	0	0	25824
GCTTTCGCATGGCAGGCTGTCTAGGTAGGA	0	0	0		0	0	0	0	20635
GCTTTCTTATGGGGGGGACATGTGAGTTCT	0	0	0		0	1206.655738	0	0	0
GCTTTGTGAGCGAAGGCCAGGCAGAATGTA	0	0	0		0	0	0	0	924
GCTTTTACTTGTGCGCGTCATATATTGCAG	0	0	0		0	9692.72397	0	0	16849
GCTTTTGTAGTAAGTAGGGTTGCGTTGATT	0	0	0		0	0	0	0	2711
GGAAAAAGACAGCCACTGTGGGGAGTTCGT	0	0	0		0	0	0	0	1573
GGAAAACAAAGGTGCTCCAGTGCGAAAGCA	0	0	0		0	0	0	0	32418
GGAAACTCATTGGGCCCATGAGGGACATCA	0	0	0		0	0	0	0	18951
GGAAAGCAAGAAACAAGAGAGACGTCCAAA	0	0	0		0	0	0	0	6396
GGAAAGGGAGAGGACAATTCTGAAGGAGGT	0	0	0		0	0	0	0	779
GGAAAGTTTTTCCATGCTGAAATCGATGAC	0	0	0		0	926.8763846	0	0	945
GGAAATTCTTGCGACGTTCCGTCGTGGAAA	0	0	0		0	0	591	0	1984
GGAACAATAGTACAGTTGTCTGCGCTTGAC	0	0	0		0	0	0	0	38458
GGAACTCAATGCCTGGCGTCATTAGGAGGG	0	0	0		0	1033.295525	0	0	8787
GGAACTCTTGATATGATCTGTCGGGACCTA	0	0	0		0	0	0	0	9897
GGAACTGCAGCAGCGCAAATCACGGAATGC	0	0	0		0	2665.627825	0	0	16934
GGAAGGGGTGAGGTCCAGTTAAACCACTGG	0	0	0		0	1012.698272	0	0	21211
GGAAGGTTAGATGGGCCCGTAGCTCTCTAT	0	0	0		0	0	0	0	898
GGAATAATTTTCTCAAGACCGTTACAAGTC	0	0	0		0	0	0	0	1295
GGAATATTTCATGGAGAACTAACTGATCTT	0	0	0		0	0	0	0	1073
GGAATGCATATTGATTATATAGTGGCAGAC	0	0	0		0	0	0	0	652
GGAATGCTATTTTGTCCGACGCCGGTCTTA	1865.65075	0	0		0	0	0	0	32781
GGAATTACTTACGTGGTCTGCAGGTATGGA	0	0	0		0	0	0	0	37051
GGAATTCTTTATACTGCTGATTTATTTGCC	0	0	0		0	0	0	0	4195
GGACAATTTTGTGCTAACATTGTCCTCGGT	0	0	0		0	0	0	0	2093
GGACACGTTAACATGAAACTTTTCCGGCAC	0	0	0		0	0	0	0	1116
GGACAGAATGAGTCCTAGGTGGATATTAGG	0	0	0		0	0	0	0	2815
GGACATCATGCTGTGACTGATGATTTGCCA	0	0	0		0	0	0	0	3298
GGACATGGTATAAACATTCCGGGTCACTGG	0	0	0		0	0	0	0	2033
GGACCACGAGAGTCGTTGGTTATGGGAGTA	0	0	0		0	0	0	0	1124
GGACCATAACGTGAGCCATTAGATTAGCCT	0	0	0		0	983.5188303	0	0	3766
GGACCCTATAGGAATTCGTTCAGTGGCCGG	0	0	0		0	0	0	0	1194
GGACCTGTTAGGGTCGTGGCGGGTTACGCT	0	0	0		0	2123.233496	0	0	29754
GGACGAACTGGTAGAATCATTTGGTAGTGG	0	0	0		0	0	0	0	35048
GGACGAATTGACAATACGGTCTCACGACTT	0	0	0		0	0	0	0	678
GGACGCGCTAAGGCGGTGCGCCGGCGGTCG	0	0	0		0	0	0	0	4463
GGACGTAATTTGGCCCTGGAAGAGTAAGTG	0	0	0		0	861.6517501	0	0	1289
GGACGTCCTGGGAATAAAAACGGGGGGGAA	0	0	0		0	0	0	0	839
GGACGTGGTGGTCTATGTAGGGGGATGGAG	0	0	591.7206266		0	645.3805937	1217	0	2026
GGACTAGATACCCACCCGAAAATTAAGAAG	0	0	0		0	0	0	0	874
GGACTAGATCGTTCGGCCCGCGTTCCCGGT	0	0	0		0	1843.454143	0	0	2438
GGACTATCACCTACACTATGCTACCACCAA	0	0	0		0	0	0	0	1771
GGACTCGGTTGGACCGGTGTTGTGTCGATG	0	0	0		0	0	0	0	17612
GGACTCTATTTGATGGTCGCGGGAAACGGA	0	0	0		0	0	708	0	3488
GGACTGGGTTAGCTGTCCGAGGGATGCTCC	0	0	0		0	0	0	0	13880
GGACTTATTCTCTCCAGGACTACATGATAA	0	0	0		0	0	0	0	680
GGAGAAGCAGACATATGTACAGAACGATCA	0	0	0		0	0	0	0	6923
GGAGAATATTTCGTTGTTAGATAGCATGTC	0	0	0		0	0	0	0	34789
GGAGACGTAGGTTAGTTCAGGATCGTAAAG	0	0	0		0	0	0	0	20152
GGAGATAGATTGTCTGAGCCATCCTGGTAG	0	0	0		0	0	0	0	1589
GGAGATGGTTGGGAAATGAACGGTTACTAG	0	0	0		0	0	0	0	884
GGAGATTGTAATCGAAAGTCGAGCAGAACT	0	0	0		0	0	0	0	1964
GGAGATTGTCGGCTCGCAGAAAATTGTGGG	0	0	0		0	0	0	0	720
GGAGCAAATATGTTGGGTCAACGTTGTAGT	0	0	0		0	0	0	0	2389
GGAGCAAATGACTTATTGGGATTGGCGGGT	0	0	0		0	0	0	0	644
GGAGCACAACAGATGAGCCAGGATGCCCTT	0	0	0		0	0	0	0	4715
GGAGCATGTTCTGCGTGGAGGGAGATCTTG	0	0	0		0	0	0	0	3372
GGAGCCAAAACGGACGGTTCTCAGTTTAGA	0	0	0		0	0	0	0	22803
GGAGCCAATTCCAGCATCGTAACTTACGAG	0	0	0		0	0	0	0	2864
GGAGCCGATAAGGGGGAAGCAAGTGGGACG	0	0	630.9157963		0	0	0	0	821
GGAGCCGATAGATTCAATGCGCTGTTGGCA	0	0	0		0	0	0	0	694
GGAGCCTGTAGGATCGGCCGAGGGTTATGC	0	0	0		0	738.0682322	0	0	0
GGAGCGATTGCGATAACTGGTGGGGGGAGC	0	0	0		0	0	0	0	755
GGAGCGTCACGGTGTGCCGTGAGGAGAGCG	0	0	0		0	0	0	0	8822
GGAGCTGATAGTAAAGGTGCAGTCTTGGGG	0	0	0		0	0	848	0	17861
GGAGGAAAAGCGGGGGGGCGTGCCAGTAAG	0	0	0		0	0	0	0	2004
GGAGGAAAATTGTGCAACTGTGGGGGCTAT	0	0	0		0	0	0	0	4147
GGAGGAGTAAACGGGGCAGCTAACAATGTG	0	0	0		0	0	0	0	1047
GGAGGATGAACAAGTCAAAGGGGCCGGATT	0	0	0		0	0	0	0	603
GGAGGGAATACTCGGATATTTTAGGGGGCG	0	0	0		0	0	0	0	1885
GGAGGGTTATGCCGCCCTGGCGTTAAGTCG	0	0	0		0	0	0	0	1421
GGAGGTGAACGTGGGCATCGCCGAGGGCAT	0	0	0		0	0	0	0	642
GGAGGTTTTCGACCTGATCGTGCGCGCTCA	0	0	0		0	0	0	0	2721
GGAGTAAAAAGGCAGGTGAGTGGAAAAGTG	0	0	0		0	0	0	0	1070
GGAGTAAGTCATGATTAATCTCTTAAATTC	0	0	0		0	1211.805051	0	0	7439
GGAGTATGAACGCTGTTTAGTGGATACCAA	0	0	0		0	0	0	0	780
GGAGTCCATTAAAGCTTCTGGATGGTCAGC	0	0	0		0	0	0	0	735
GGAGTGCAATAGTGCAGGCTCGGTTTGAGA	0	0	1672.748695		0	1354.269384	0	0	0
GGAGTGTTATGTCAAGTATAATTTTACACT	0	0	0		0	0	0	0	990
GGAGTTCTTGTAGCATGTGGAAAAAAACGT	0	0	0		0	0	0	0	16246
GGAGTTTCAGTATGAAAGCGTTTTAACGCT	0	0	0		0	0	0	0	1305
GGATAAAATGGAAGTTAAGGGGTATTACAA	0	0	0		0	0	0	0	1979
GGATAACTTAGCATGGTGGCTGCATATGAA	0	0	0		0	0	0	0	12303
GGATAAGAACAATAGGTGTTGATGTGCCTA	0	0	0		0	0	0	0	8146
GGATAGCCAGGGAGCTGGCCAGGTCGGGTA	0	0	0		0	0	0	0	1340
GGATAGGAAGCCTACATTGTTCGGTCTCCA	0	0	0		0	0	0	0	852
GGATAGTCTGAGATGCGGACGATCCTTCGA	0	0	0		0	0	0	0	2413
GGATATGTATCTTAAGTTGCGAAATCCGGA	0	0	0		0	1800.543199	0	0	35607
GGATCATCTCCGCAAGTACCGACGGGGCTG	0	0	0		0	1191.207798	0	0	2053
GGATCCTCAGCCTGTGTTATAGTGTATATT	0	0	0		0	0	0	0	33599
GGATCCTTTCTAGGTGTCCAGAGATCAGCA	0	0	0		0	0	0	0	654
GGATCGTGAGTGGGACGCCGTCTCATTATT	0	0	0		0	0	0	0	680
GGATCGTTAACTAGACTGTTGATATGATTT	0	0	0		0	0	0	0	990
GGATCTCGTGGGGGAGTACTGTGGGGAGGT	0	0	0		0	0	0	0	2165
GGATCTGTACGTATCCATCATGTATATTCT	0	0	0		0	0	0	0	904
GGATGAGAAGCTGGCAGGTTGGACTGGATC	0	0	0		0	1005.832521	0	0	0
GGATGAGCTCACAGTACTTTATAGGTTGAT	0	0	0		0	0	0	0	1854
GGATGAGGACGTTCTTTATCTAGCCCCTGC	0	0	0		0	0	0	0	3413
GGATGCAGTAAGGGACATAGGTATGAGTGG	0	0	0		0	799.8599911	0	0	13553
GGATGCGCACAATGGGTCTGCTCTGGCCCT	0	0	0		0	0	0	0	621
GGATGCGTAGGCTGGACCCAGGATACGAAG	0	0	0		0	0	0	0	4951
GGATGGCCAAGCTTTAGAGCGGCTGGGAAT	0	0	0		0	0	0	0	5849
GGATGGCCTAGATACCGAAGTGGTAGTCGT	0	0	0		0	0	0	0	969
GGATGGCTATGTCTGCTTAGGTGCGATGGG	0	0	0		0	0	0	0	1844
GGATGGTGTTTAGCCATTTTGGCTTGTCTT	0	0	0		0	0	0	0	1234
GGATTAAAAAAAGCTGTGGGTTGAATGCCT	0	0	0		0	0	0	0	55293
GGATTAGATTGTTATGGATGACGTTTGGGG	0	0	0		0	0	0	0	3204
GGATTAGCACTTCAGTGGGCTAAGCTTGTG	0	0	0		0	0	0	0	1515
GGATTAGTTGGGTCGATGATGACTCGCAGA	0	0	0		0	0	0	0	4974
GGATTAGTTTAAACCACCATGATATTGAGG	0	0	0		0	0	0	0	7345
GGATTATATCTTGAGTGTTGATCTTTTAGA	0	0	0		0	920.0106336	0	0	2358
GGATTGGAAGGGGATGTTTGATGCGACGAT	0	0	0		0	0	0	0	6093
GGATTTAATGGATAATAGCCTCTTCTAATA	0	0	0		0	0	0	0	82621
GGATTTGGATGATGCCGCGTCGGGGGAATG	0	0	1088.61423		0	0	0	0	828
GGATTTTGAAAGGGACCGCACGTTCGAGGC	0	0	0		0	0	0	0	15743
GGATTTTTACTTAACTCTTTGACCACAGGC	0	0	0		0	0	0	0	1363
GGCAAAACTCCAGGGTTCCGCATGGACTCC	0	0	0		0	0	0	0	8303
GGCAAAAGTAGACATGGGAAGGTTTCGTCA	621.0027285	0	0		0	0	0	0	12341
GGCAAAATTGTACGTTCTTCGTGGCGGCTA	0	0	0		801.0070922	0	0	0	1339
GGCAAATCTCGGGTTTCCGAAAAATTGGAG	0	0	0		0	0	0	0	834
GGCAAATTTCGGCCCACTGTGGCTCCAAGG	0	0	0		655.177305	736.3517944	0	0	14486
GGCAACAGTAGCACATGAAGGTCCAGGCGT	0	0	0		0	0	0	0	3141
GGCAAGGGTAATTGGTTTCTTTCGATCTGG	0	0	0		0	0	0	0	967
GGCAAGTTATGTGTAATGAAGAAATGTACA	0	0	0		0	0	0	0	1034
GGCAATCGTTGCCTGAACGACCCCAGGGTA	0	0	0		0	2277.712893	0	0	1458
GGCAATTATAAAAAAGTCGTGATAAGGGGA	0	0	0		0	0	0	0	1171
GGCAATTGAGCATGAGGGATTGAGGAAACG	0	0	0		0	0	0	0	9493
GGCACGCCTGTACATCTGGTATACTAGGTC	0	0	0		748.1702128	0	0	0	25846
GGCACGGATCCGAATCTTATGGGGGACAGA	0	0	0		0	0	0	0	1676
GGCACGGGTCGTTCGACCGGCGACAAGAAG	0	0	0		0	2693.090829	0	0	0
GGCACTCTTTTTTTAGGTTGTGCAATCAGC	0	0	0		0	0	0	0	1533
GGCACTGGTCCGTTACTCGGCCCTATGGGG	0	0	0		0	0	0	0	12431
GGCAGACTTCGCAATAAGCAAGTACGGAGT	0	0	766.2023499		3130.056738	0	0	0	38236
GGCAGATCATATGCGGCTGCAGGTACGGAG	0	0	0		0	0	0	0	873
GGCAGCTGTGCCTAGGTGCTGTATGGGTAG	0	0	0		0	1048.743465	0	0	9110
GGCAGGGCTATACTTATCCATTATGTTGGT	0	0	0		0	0	0	0	669
GGCATCATACCAACCTCGCTACACGTTGCG	0	0	0		0	5008.565352	0	0	13773
GGCATCGGTCCCTATCAGGTATGGTGTGTG	0	0	0		0	0	0	0	1719
GGCATTCCATCGCCCATGATGCATCCCTTA	0	0	0		0	0	0	0	5367
GGCATTCTATACTAGGTTATGCAAGTTCGT	0	0	0		0	0	0	0	710
GGCATTTAACATACATACTTAACGGTTTCA	0	0	0		0	854.7859991	0	0	1733
GGCATTTGTTCTGAGTTCCGGTCTGAGGGC	0	0	0		0	0	0	0	599
GGCATTTTAACGACGTTGCATTGGAGGGGC	0	0	0		0	744.9339832	0	0	0
GGCCAAATTCGGTCCTCGAATATCTAACAC	0	0	0		0	0	0	0	726
GGCCAAGGTCCAGGCGCTAAAGACGTCGCC	0	0	1902.862272		0	0	939	0	2361
GGCCACAATAATTTTGTAATCTCACCTGCT	0	0	0		0	0	0	0	2499
GGCCAGAATGGGGCATCACATAATTGGGGG	0	0	0		0	0	0	0	27550
GGCCATAGAAAGAGGGCCGGAGATGGAGTC	0	0	0		0	0	0	0	2558
GGCCATAGTAATGCCCTCGGGCGGAGGGTG	0	0	0		0	0	0	0	846
GGCCCATGTGAGGGCACGATTCGACATAAT	0	0	0		0	0	0	0	9469
GGCCCATTATACATGCGCACGGTTATCGGA	0	0	0		0	0	0	0	1318
GGCCCGCCATAGTGGATGCTGATAGTTAAA	0	0	0		0	3405.412494	0	0	27453
GGCCCGTCTGGCCTGCTGATCAACACAGGT	0	0	0		0	0	0	0	1964
GGCCCGTTACATTTTGACTTGTAGAACTAG	0	0	0		0	0	0	0	822
GGCCCTAGAGGGGGGTGTAACGGGATAATC	0	0	0		0	0	0	0	7985
GGCCGGGGACGCTCTAATGGTATCAATGGA	0	0	0		0	0	8870	0	0
GGCCGGGGTTTAGGATCGCTAGGTTTGTAG	0	0	0		0	0	0	0	10545
GGCCGTAGAACGGGAAACAAAGCACTGATG	0	0	0		0	0	0	0	708
GGCCGTGCTGTAGTCGATAGGCTCAAGTCG	0	0	0		0	0	761	0	1887
GGCCGTTTAAGAATAAACGGTTGTGACGGC	0	0	0		0	1028.146212	0	0	1194
GGCCTAGCTACATAGGGCTGGATAGTACAG	0	0	0		0	0	0	0	4719
GGCCTAGTTAAGGTCAGGTCGGGATACACT	3719.409959	0	3291.129896		0	0	651	0	8407
GGCCTCCGAATCTACCTTGCCGGAAACTCG	0	0	0		0	0	0	0	10890
GGCCTCGTTACAACTGGCACACCTCCTTAC	0	0	0		0	0	0	0	953
GGCCTGGCATATGTGTGGCATTGCTGGAGT	0	0	0		0	823.8901196	0	0	1988
GGCCTTGTATCCTCCTTACTATGGGCATTA	0	0	0		0	902.8462561	0	0	0
GGCCTTTTTTTATTCACCTGGTGGGGTCCT	0	0	0		0	0	0	0	1674
GGCGAGAAAGGCGCAAAAGTAGTGATACCC	0	0	0		0	0	0	0	777
GGCGAGATACCTCGGGGATGATGCATGTCC	0	0	0		0	0	0	0	6189
GGCGAGGTAGGTGGTTGGATTAGTTTTCGT	0	0	0		0	0	0	0	2066
GGCGATAATAGCTGCGCTCAGAGGCATGTA	0	0	0		0	0	0	0	634
GGCGATGCTTAACGGGACCATTCCGAACGA	0	0	0		0	0	0	0	25067
GGCGATTAAGAGGCAGTTGTCTCTGAGGAG	0	0	0		0	1517.33097	0	0	4657
GGCGCAATAATTAAAGGTCTTTAATCCAGG	0	0	0		0	0	0	0	1901
GGCGCACGATGTGCAGTGGATCGAGGGGAG	0	0	0		0	0	0	0	1594
GGCGCCAAACATTGCCGACATGATCAAGAA	0	0	0		0	0	0	0	2215
GGCGCCCGTATGGGAATTGATATCTCTTTA	0	0	0		0	0	0	0	5972
GGCGCGGTAAAGTAAGGCCCTATTCTGCGT	0	0	0		0	0	0	0	7422
GGCGCGGTAACGTTATGACCGTAATCACGT	0	0	0		0	0	0	0	2158
GGCGCTGGTCGCCCGTCTCGATGAAGCGAG	0	0	0		0	0	0	0	10449
GGCGCTGTAGCTCAAGCCGCAAGATGCTGA	1417.736016	0	1044.361619		0	932.0256978	0	0	6934
GGCGCTTAAGGGGTGCCTAAACTAGGGCTC	0	0	0		0	0	0	0	1632
GGCGGACAAGCAGGCATGGAGGATCTTGGA	0	0	0		0	698.5901639	0	0	600
GGCGGACCAAGAGTGCGAGGTCTGAAGGAA	0	0	0		0	2387.564909	0	0	4453
GGCGGAGGTAGCAGTTCGTATTGTCCCTTG	0	0	0		0	0	0	0	4900
GGCGGATGACTCGACCTCGTCTTTGTGTGG	0	0	0		0	0	0	0	10051
GGCGGCCTTGATAGGGAGTGGGGTGGGAAC	0	0	0		0	0	0	0	1420
GGCGGCTGAGTGGGTCGCATATGTGGTGGC	0	0	0		0	0	0	0	700
GGCGGGACAGGGTCTTGGCGTTGGTCTATG	0	0	0		0	0	0	0	26549
GGCGGGACATGAATCACCCCATGGGCAGTT	0	0	882.5234987		0	0	1107	0	12998
GGCGGGGAAAATGCAGCGTACTCGGCGTGG	0	0	0		0	0	1209	0	4428
GGCGTAGGAATAGGTCACTCGGGGCTGGGA	0	0	0		0	0	0	0	1934
GGCGTCTCTGTCGCAGAGTCGCAGCTCAAT	0	0	0		0	0	0	0	643
GGCGTCTGTTATGGGATGAAGGCGCGCTCT	0	0	0		0	0	0	0	1122
GGCGTGGATGAATCTATAAGCGTGGAGGAG	0	0	0		0	0	0	0	2707
GGCGTTAAAGGGTTAGGGTAGCCGTTTGGC	0	0	0		0	0	0	0	1689
GGCGTTAGTCGTGGCATCAAGTGATGACAA	0	0	0		0	0	0	0	20307
GGCGTTGTTGGCGGGAACAGTTGGTGAGGG	0	0	0		0	0	0	0	1522
GGCGTTTTTTCTACGGGTGGGTAGAGGAGT	0	0	0		0	0	0	0	17268
GGCTAAATTCGATTGAAATGGTTAACGTAA	0	0	0		0	0	0	0	3272
GGCTAACAAAGTTATAACCTACATGTAATC	0	0	0		0	0	0	0	12620
GGCTAAGGTATGTTAGACCGGTAGGCCAGT	0	0	0		0	0	0	0	1242
GGCTAGTTTATGCTGGCGATTGGTGCACCC	0	0	0		0	0	0	0	5523
GGCTCAGCAGAGAGCGAATACCAGGTACGT	0	0	0		0	0	886	0	18591
GGCTCCACTACGGCACATCGGGCCGCGCGG	0	0	0		0	0	0	0	16126
GGCTCGCATAAAAAGTTGATCTGGGACTAC	0	0	0		0	1955.022596	0	0	34399
GGCTCGTTTAGTGCGACCCACCCGGCCTAT	0	0	0		0	0	0	0	16885
GGCTCTACTCAGTCTGTACCCTGACTGAAG	603.8260573	0	4693.305483		0	0	0	0	728
GGCTCTAGTGCCTCTTAAGAGTTGTTATAT	0	0	0		0	3666.311032	1091	0	14390
GGCTCTCTTATAGAGTTTTCCTTCAGTAAA	0	0	0		0	0	0	0	712
GGCTCTGGTGAGGCGTTGATGCGTCAATCG	0	0	0		0	0	0	0	11765
GGCTGCGGTAGGACTGACCGGATAGGCAGG	0	0	0		0	0	0	0	668
GGCTGCGTTATTATAAATTTACCTCATAAA	0	0	0		0	0	765	0	3500
GGCTGGAGAGGCCCAGTTGCGGGCCTTAGG	0	0	0		0	1338.821444	0	0	907
GGCTGGCATGAGGAGGATTGGTGATCCCGG	0	0	0		0	0	1589	0	33139
GGCTGGGCAGGAGGGGTAAGGGTGTAATAA	0	0	893.9027415		0	0	0	0	937
GGCTGGTAAGCATTTCCGCAGCGTTTAGTG	0	0	0		0	0	0	0	631
GGCTGTGATTGTTTCGAGCGACGGATACGC	0	0	0		0	0	0	0	1002
GGCTGTGCTAATAAACCTCGGAGGCCACGC	0	0	0		0	0	0	0	776
GGCTGTGTATGGGGCTGGCAGATTAGGTTT	0	0	1254.245431		0	0	0	0	0
GGCTTAAATTTCGGTAAAAATTAGAGAGCC	0	0	0		0	938.8914488	0	0	0
GGCTTCAAAGGTTCTGAAGATTGTACCATT	0	0	0		0	0	0	0	11216
GGCTTCTGTTGGCATCTTGAGTTTTTGAGT	0	0	628.3870757		0	1510.465219	0	0	0
GGCTTGGTTGAAAAATGACTCGGGAGCTTG	0	0	0		0	0	0	0	1172
GGCTTGTGACCTGTATTGGTTGAATTCACA	0	0	0		0	0	0	0	2908
GGCTTTAGTTGTGTGGAGAATTCTACAGGA	0	0	0		0	0	0	0	7189
GGGAAAAAAGGGGTGAGGGGCGTTTGGAGG	0	0	0		0	0	0	0	782
GGGAAACCTTATTTATACGGGTGTTGCCCC	0	0	0		0	645.3805937	0	0	21369
GGGAAAGCTCGGGAGGACGGAGTGCAAGCC	0	0	0		0	0	0	0	11287
GGGAAATGAGATTATCAACGGGCCAGGTCT	0	0	0		0	0	0	0	979
GGGAACCGATGGGCTTCATCGCGTGTATGA	0	0	0		0	0	0	0	3653
GGGAAGCGAGGTGGGCTCGCGCGGACTACG	0	0	0		0	0	0	0	1160
GGGAAGGATATCTATTCCCGGGTTGGGGGC	0	0	0		0	0	0	0	31855
GGGAATGCTTTTCCGTCGTCGGACTTTGGT	0	0	0		0	0	0	0	3971
GGGACAGCTATTAGCCTGAGATTTAAAAGT	0	0	0		0	0	0	0	6606
GGGACCCGATACGAGTGGCCGGGCGAAAGA	0	0	0		0	0	0	0	1217
GGGACCGGTTAGGGGTGGTACACCGGAGAT	0	0	0		0	0	0	0	2722
GGGAGAAGTACATGGACATTAAATGTTCGG	0	0	0		0	789.5613646	0	0	0
GGGAGACAAGGTTAAGCAAAGATGCTGTGG	0	0	0		0	0	0	0	3576
GGGAGACATATAAGATGCAAAATGGAAAAG	0	0	0		0	0	0	0	2401
GGGAGACCTAACGCTGGTAGCAAGGGTCGG	0	0	0		0	0	0	0	1401
GGGAGATAAAGGGATTACATGGTCTAGTAC	0	0	0		0	1160.311918	0	0	781
GGGAGGGTTGGGCTAGGTACCTACGCAGGC	0	0	0		0	0	0	0	23141
GGGAGGTGTTCGCGTAAGGTACTGTGCGCG	0	0	0		0	0	0	0	1033
GGGAGTATACGGCGTAATCGCACAGTTGGT	0	0	0		0	0	0	0	11785
GGGAGTATAGATGGAGGCGCGGCATAGTCG	0	0	0		0	0	0	0	736
GGGAGTATAGTGGGCCTCGGTCCGTATGCG	0	0	0		0	1543.077537	0	0	1732
GGGAGTTTTACATTGCCTTCTTTAGGTTTT	0	0	0		0	0	0	0	18847
GGGATACAAAGTTATGCTTGTTAATGCCGT	0	0	0		0	0	0	0	10915
GGGATAGTATAGGATGGTAGGGGAGAGTGA	0	0	0		0	0	0	0	1967
GGGATATATTTTGGTTTGGATCATGATGAG	0	0	0		0	0	0	0	4290
GGGATGAATGGTGTTAGTAGGTTCGGTATG	0	0	0		0	0	0	0	19979
GGGATGGAAGGAGCTAGTCGGCGGCGACAA	0	0	0		0	0	0	0	6959
GGGATTCTAGGCCTTACGGTGTGGTGTGGG	0	0	0		0	0	0	0	595
GGGATTGCATACGACGCCCGGGTCGAAAAG	0	0	0		0	0	5051	0	0
GGGCAAAAAGACCGTTAAATAATCCAGCGT	0	0	0		0	0	0	0	2658
GGGCAAGATATAAGCGGATGGACAGGGGTA	0	0	0		0	1165.461232	0	0	9377
GGGCAAGTTGGAAAACCTCTGAACGGACGA	0	0	0		0	0	0	0	19752
GGGCAATTTATCGGGAACTGTATACGACAT	0	0	0		0	0	0	0	1526
GGGCAGAGTAAGAGCGACTAGGTGCGAAGG	0	0	0		0	0	0	0	9137
GGGCAGCATGTCACACAATGTGGGCGGGAC	1285.607776	0	0		0	0	0	0	3147
GGGCAGGAAAAAGCCAAGAATCGCGCCGAT	0	0	0		0	0	0	0	4589
GGGCAGGGTACTGGTCCGGTATATGTCCTG	0	0	0		0	0	1588	0	20407
GGGCATGCATAGAGGTAGCCGATGTTCAGG	0	0	0		0	0	0	0	669
GGGCCAACTGGAGTCTGGCTCGAGCCCTAG	0	0	0		0	2070.023926	0	0	16274
GGGCCAGGAGGTCTCGGGGCCCAGCAGTGC	0	0	0		0	0	0	0	3347
GGGCCAGGTCCAGTCCGTGGAGGAAGGGGG	0	0	0		0	0	0	0	13516
GGGCCGCAAGGTCAGGTAGGTCATAATAGC	0	0	0		0	1757.632255	0	0	3900
GGGCCGGGATAAATAGATAGCGGCTCATTA	0	0	0		0	0	0	0	2100
GGGCCGGGTGGTTCAACCATGAAGTGCGAG	0	0	0		0	0	0	0	2491
GGGCCGTTTGTAGTGTGGTCGAGGCTTACG	0	0	0		0	0	0	0	6218
GGGCCTCCAAATACATGTGGCTCGAGGTTA	0	0	0		0	0	0	0	911
GGGCGACAAGTTCGCAAAGGGCACGTCGCG	0	0	0		0	1642.630926	0	0	2207
GGGCGACATTAACATGAATAGTGGCCAATT	0	0	0		0	0	0	0	3467
GGGCGAGGTACGGTACACACCTGGGAGGCG	0	0	0		0	0	0	0	2061
GGGCGGGCTTCCTATGGTACTGTTGCGTGC	0	0	0		0	0	0	0	5110
GGGCGGGGTTTCGAAGGAGAGGGCATAGAT	0	0	0		0	0	0	0	19263
GGGCGTATTTGTCACACGGTCATATTGGGC	0	0	0		0	0	0	0	656
GGGCGTGGAAAACGTCGCTGCGAGTGTAGG	0	0	0		0	0	0	0	919
GGGCGTTAATCGGGCTGGAACGGAGCTGCT	0	0	0		0	0	0	0	1104
GGGCTACCAGGCGGAGGGGGGTACGAGTTG	0	0	0		0	0	0	0	34347
GGGCTAGAACAGGAAGGACCTGGGTGGTAG	0	0	1746.081593		0	0	0	0	0
GGGCTATAATGTGGGTCGGGTCAGGGGGAT	0	0	0		0	1994.500665	0	0	10374
GGGCTATGACTGTGGATGTGGTCCGAAATT	0	0	0		0	0	0	0	1580
GGGCTCAATGTCAGGGTGATAGAGACTGGT	0	0	0		0	0	0	0	2942
GGGCTCTGACGTGGCTGCGCTTGCGCGTCC	743.8819918	0	0		0	0	0	0	0
GGGCTGCAAGCGAGTGGCTATGCCGTGTTC	0	0	0		0	0	0	0	12374
GGGCTGCGTTAGAGTGACTGTGCGTTAGGG	0	0	0		0	0	0	0	1541
GGGCTGTGTAAGTACATAGGCCTAATGTAG	0	0	0		0	0	0	0	688
GGGGAAGCTAACGCGCGGGGGGGTTTGTGG	0	0	0		0	0	0	0	2510
GGGGAATGAGACACGGCCCAAACGCCACAG	0	0	0		0	597.3203367	0	0	1135
GGGGAATGAGGGGATGGAAGGCTGTGACCG	0	0	0		0	0	0	0	9419
GGGGAATTACTAAGATTCGGTCGCCGGATA	0	0	0		0	0	0	0	9438
GGGGACAGAGGGCGAGGTTGTGGATGGGCG	0	0	0		0	0	0	0	596
GGGGAGACAGTCCATCCACCAGGCTACTGA	0	0	0		0	0	0	0	727
GGGGAGATTAGAAATGTGTTTGGTCAAGGC	0	0	0		0	693.4408507	0	0	0
GGGGAGGCTGAATGTGGGAGGTGAACGGTG	0	0	1045.625979		739.7163121	0	0	0	17941
GGGGATCTATAGATCAGTCTTCTGCAGCTT	0	0	0		0	1079.639344	0	0	0
GGGGATGGTACGATGCGCTCGCCAGGTTGA	0	0	0		0	0	0	0	17527
GGGGATGTTGCTACTGACGTCTTTTATACC	0	0	0		0	0	0	0	2761
GGGGATTGACAGGTGCGGTAAATTCAAAGC	0	0	0		0	0	0	0	14921
GGGGATTGTTCAGGGTCGGGGCCTATACGT	0	0	0		0	4766.54763	0	0	0
GGGGCAATTGTAATACCACTGGGAGGAGCA	0	0	0		0	1052.17634	0	0	9759
GGGGCCCGAAGGGTAGGGTGAAAGGTTAGG	0	0	0		0	0	0	0	770
GGGGCCGATAAGTCTGCCGTGTCTGGCGTA	0	0	0		0	0	0	0	1381
GGGGCCGTTTCGTCTCTGTGTCATGCTATA	0	0	0		0	0	0	0	1412
GGGGCCTTTGAGGTAATCGTGGCTGTGACT	0	0	0		0	0	0	0	2497
GGGGCGACAGGATCCGGGGTAGAACGTGTA	0	0	0		0	0	0	0	3415
GGGGCGGGAAGGCGGGGAAGGTGATCGCGG	0	0	0		589.6595745	3858.55206	0	0	23813
GGGGCGGGAGGCTATTAAACATAGCAAGTA	0	0	0		0	0	0	0	2801
GGGGCTCGTCCGTTGGGGGATGCGTGATTA	0	0	0		0	0	0	0	2375
GGGGCTGAAGGCGGCGTCGGGCGTCTGCGG	0	0	0		0	0	0	0	622
GGGGCTGTTGGAGTGCCAAGCCGGGCCTGC	0	0	0		0	0	0	0	1028
GGGGGATAAGGGGCGGGCCCCTCATGGGCC	0	0	0		0	0	0	0	23460
GGGGGATGTTAAGCGGGGTGTCGACAGAGC	0	0	0		0	0	0	0	882
GGGGGATTTTAAAGGGCGCGGAAGAGCACA	0	0	0		0	0	0	0	7446
GGGGGCCCTGCGGGTTGAGCAGGTCTACAC	0	0	0		0	0	0	0	4963
GGGGGCGCAAGAGTTGTCCCGAGCGGGGAG	0	0	0		0	0	0	0	8279
GGGGGCGTTACTTGTCTACGAGTCAGGGAG	0	0	0		0	0	0	0	1484
GGGGGGAGAGCAGGACGTTGTCTCATGGAG	0	0	0		0	0	0	0	2920
GGGGGGGTTGATTTGCCATACGTAACTAGT	0	0	0		0	0	0	0	690
GGGGGGTCTAGCGGGTGGTCTTCAGGTAGT	0	0	0		0	0	0	0	1065
GGGGGGTGTGGAGCGTTAAGGAAAGGTATG	0	0	0		0	0	0	0	5169
GGGGGTATTGAGTGACGAGGGGCGGGAATA	0	0	0		0	0	0	0	920
GGGGGTCCAGCAACATGAGAACCGCAGAGG	0	0	0		0	0	0	0	5030
GGGGGTGCAATAACGGGCAACGAGTGCATT	0	0	0		0	5061.774922	0	0	2516
GGGGGTGCACCAGGATTTGTGCAAATACTT	0	0	0		0	0	0	0	721
GGGGGTGGAGCGGGGGTGGAGGAGTGGTCG	0	0	0		0	0	0	0	5970
GGGGGTGGTCGTAGGAAGTGACGGGCCGGC	0	0	0		0	0	0	0	15554
GGGGGTTGTCGAGAAGACGAAGGGTGAAAG	0	0	0		0	0	0	0	11567
GGGGTACGATCTTGTGTCATGTGCCATGCT	0	0	0		0	0	0	0	23877
GGGGTAGGAGCGGGAGTCGCAGTGGAAGAA	0	0	0		0	0	0	0	1233
GGGGTATGTATGGTTATATTTCTTGAGTTG	0	0	0		0	4497.066903	0	0	17553
GGGGTCCTATCTTTCTAGAAACAACTGTAG	0	0	0		0	0	0	0	1083
GGGGTCGGTGATGGATTTAAAGTCGATGGC	0	0	0		0	0	0	0	1346
GGGGTGAATCAGACGTAGGGGCACTCGGAA	0	0	0		0	655.6792202	0	0	25692
GGGGTGATAAAGGAGGCTAAATGAAGTGAT	0	0	0		0	0	0	0	14048
GGGGTGGAAAGTGTGAAGTGTCTGGCGTCC	0	0	0		0	0	0	0	5684
GGGGTGTATGGTGCCACTCTGGAGAAGGTG	0	0	0		0	1187.774922	0	0	55197
GGGGTGTCAACATCTCGGACTCGACAAGTA	0	0	0		0	0	0	0	2921
GGGGTGTCATCTTATTGCGACGATGAGCAG	0	0	0		0	0	0	0	1458
GGGGTGTGAGGCATTCTCCGGGAATGAGAA	0	0	0		0	0	0	0	3618
GGGGTTAATTTTGGTGTTGCGAGCGTCGGC	0	0	0		0	0	0	0	3591
GGGGTTCCTGGTTTGGAAGATGGGTGCCTG	0	0	0		0	0	0	0	2426
GGGGTTGATCCGGTTGAGGCTGATATGGGT	0	0	0		0	0	0	0	6104
GGGGTTTATATGTCGTTGTTTGCATAGCGG	0	0	0		0	1936.141781	0	0	15014
GGGGTTTCATCCGTAGTATTCTGAAGTAGC	0	0	0		938.3829787	0	0	0	0
GGGGTTTGATCTGTGGGCAGCAACCCTTAC	0	0	0		0	1237.551617	0	0	36241
GGGTAACATAATACCGGCCGTCATCGAGCG	939.4317872	0	1338.957572		0	0	0	0	22656
GGGTACCGTAGAAGTCGTCCAGAGTATATT	0	0	0		0	0	0	0	811
GGGTACTGACATGCGGATTAGAAGTGTGTT	0	0	0		0	0	0	0	1600
GGGTAGTCTAGGCGTAAGCATGGGAATTGT	0	0	0		0	0	0	0	3800
GGGTAGTCTGGGTCGTGTATCTGGGTGTAT	0	0	0		0	0	0	0	1914
GGGTAGTGACCCTTTAGTAAAGGAGGAGTG	0	0	0		0	0	0	0	11970
GGGTATCATTTTCATCTCGATAGCATGGGG	0	0	0		0	0	0	0	8268
GGGTATTTTGATAAGACGTGTGTGGGGGTA	0	0	0		0	0	0	0	2953
GGGTCCCGATGGCTAGCCGTAGGGGAGAAC	0	0	0		0	0	0	0	3182
GGGTCCTAAACTGGTTGGGGAGCGCATGGC	0	0	0		0	0	0	0	3964
GGGTCGAGACTTATGACCATTTTCTAACAT	0	0	0		0	0	0	0	2723
GGGTCGAGTGATAGGAGCTTTCCGGGGAGC	0	0	0		0	0	0	0	1321
GGGTCGCATGGTTAAAAGGCGTGGGGGCTG	0	0	0		0	1069.340718	0	0	20405
GGGTCGCATTCTAGGAATGGTTTATGCCTT	0	0	0		0	0	0	0	1197
GGGTCGGGATGATGGGCGCCCCGCTGACTC	0	0	0		0	1292.477625	0	0	1069
GGGTCTAAAGTACCCTTGTAGCCAACATGG	0	0	0		0	0	0	0	833
GGGTCTACTTGAGCGTGGCCATCCGTAGCC	0	0	0		0	0	0	0	928
GGGTCTCGTCGGTTGAACATGCCATTTTAA	0	0	0		0	0	0	0	5305
GGGTCTGGAGGGTAGCGCCCCAGGGGACCA	0	0	0		0	0	0	0	939
GGGTCTGTAAGCTGTTATTGGCAGTGTCGG	0	0	0		0	0	0	0	2821
GGGTCTGTAGAAGATGCGCAAAACATATAA	0	0	0		0	0	0	0	1844
GGGTGAAAAAGGAAAGAGGAAGGAAGGGCG	0	0	0		0	0	0	0	678
GGGTGACAATAGCCCCTGCAAGATCGTGCA	0	0	0		0	0	0	0	3240
GGGTGAGATTTTCTAGTAGGGGTTTCACGT	0	0	0		0	0	0	0	594
GGGTGATATACCGGGCTGGCTTGTGGTTAG	0	0	0		0	0	0	0	6902
GGGTGCGAACCTGTGTTTTACGCTAAATTG	0	0	0		0	0	0	0	69708
GGGTGCGCAGGGGCCGCTCCGGGCCCTGCA	0	0	0		0	0	0	0	742
GGGTGGAAAGGTAGAGAGAAGGAATAGTAC	0	0	0		0	0	0	0	4760
GGGTGGCAAGTGCTGCAAAGCGGAGTTAAC	0	0	0		0	0	0	0	948
GGGTGGGAAGAAAGGGAGGGACATGTCTCG	0	0	0		0	0	0	0	1565
GGGTGGGATAGGTCTTAGTGCTACTAGGGT	0	0	0		0	0	0	0	1063
GGGTGGGGAACGTGATGTCAGTTAACTAAA	0	0	0		0	904.5626938	0	0	16167
GGGTGGGTATTATACGATGAGCTAATGAGT	0	0	0		0	0	801	0	751
GGGTGGTGAGCTGTGTCGCGTGAAGGTGCG	0	0	0		0	0	0	0	3321
GGGTGGTGTTGTAATGTAACTGTATGGTGG	0	0	0		0	0	0	0	1147
GGGTGGTTATAAAGTGGTCTTAGTAAAAAG	0	0	0		0	0	0	0	2323
GGGTGTAAAGGATATTCGTGAGAGGGTACC	0	0	0		0	0	0	0	913
GGGTGTAATCGTGGGCCGACTGTAGGTAAA	0	0	0		0	0	0	0	1586
GGGTGTAATGGGGGTCGGCGGGCAGGTGCG	0	0	0		0	0	0	0	27751
GGGTTACTATGTATGAGGACGAGTTAGAAG	0	0	0		0	0	0	0	10801
GGGTTAGAAAGGAATTGCTGAATGGCTGCA	0	0	0		0	0	0	0	5365
GGGTTAGCATGAATCGTCTGGGGAGAGTCG	0	0	0		0	0	0	0	785
GGGTTAGGTTGCTGTGTGGTGTAATAGACA	0	0	0		0	0	0	0	5132
GGGTTATATACAGCTGCTGGTCGGCCGGGC	0	0	0		0	0	0	0	1956
GGGTTCGGTATCCGATAACTGTATTATACT	0	0	0		0	0	0	0	23022
GGGTTCTGATAACGCTCGTAAGAGAATGAT	0	0	0		0	0	0	0	5889
GGGTTGATACGTTTTTATGCAACGGTGGAT	0	0	0		0	0	0	0	1560
GGGTTGGGATCTAGTAGAGTAGTCGATCCG	0	0	0		0	0	0	0	20024
GGGTTGTTAAGATAGATTCCAAAGGGGTCG	0	0	0		0	0	0	0	21779
GGGTTGTTAGAGTAATGTTGGCGGGTGAGG	0	0	0		0	0	0	0	11209
GGGTTGTTTTGTTGAGGTCCTGTTCTTTAG	0	0	0		0	0	0	0	8188
GGGTTTAATTAGTTTTCGTAGGTCCGCTGG	0	0	0		0	0	0	0	9329
GGGTTTATTTTATGTACGTGAGCAGTGTTT	0	0	0		0	4850.653079	0	0	910
GGGTTTCATGAATGGGGGGAGGGAGATTCA	0	0	0		0	0	0	0	1173
GGGTTTTGTGGATCATTCGAATATAAAGGC	0	0	0		0	0	0	0	900
GGGTTTTTATGTAGCCATTCGGTTCGTACG	0	0	1270.682115		0	1335.388569	0	0	31820
GGTAAAAATGTGTAATGTTTGCTCGGCAGC	0	0	0		0	760.3819229	0	0	877
GGTAAAACAGGTATACATCGTTTGCAGATG	0	0	0		0	0	0	0	1920
GGTAAAGCTGCTCGGATGGGGCATGGACGG	0	0	0		0	0	0	0	3681
GGTAAAGCTGGGGCATGTAAAACTTGCAGA	0	0	0		0	0	0	0	683
GGTAAAGGTCGAGACCCCGGTATGCGGTTC	0	0	0		0	0	0	0	807
GGTAAAGTTGAACTGCGCCAGTCTTCGGGC	0	0	633.444517		0	1628.899424	0	0	0
GGTAAATATAAGCATGGTGGGGAAGTGGGA	0	0	0		0	0	0	0	1079
GGTAACAATGGGTTGTGGTACTCGCGCGGG	0	0	0		0	0	0	0	2559
GGTAAGACTTAATCCGGCGGCGAGGCCTCG	0	0	0		0	0	0	0	658
GGTAAGTCACAAAGTTTAGCTCGAAGGGTA	0	0	0		0	0	795	0	0
GGTAATACTCCTAGCCATAAAGTCTGTAGA	0	0	0		1257.51773	0	0	0	2192
GGTAATATAGGGTGTTTCTCTAACAATAGC	0	0	0		0	0	0	0	1818
GGTAATATTCAGTCGATATGTTGATAGTGA	0	0	0		0	732.9189189	0	0	15122
GGTAATCCTGGTAAAGAATAGTGGGTTACG	0	0	0		0	0	0	0	795
GGTAATGGTGACGTTAGGATCGAATCAAAT	0	0	0		0	0	0	0	23053
GGTAATGTAGCAGCGATTAATGGCGGAGCG	0	0	0		0	0	0	0	1633
GGTACAGCATTAGATCATTGGTCGGAGGAC	0	0	0		0	0	0	0	1804
GGTACCCAAGCTGGGAGCGGAAATGGGGAG	0	0	0		0	2878.466105	0	0	11353
GGTACCGGAGGGCGGTGGGCACGGAGCGCA	0	0	0		0	0	0	0	3648
GGTACGACATGTGTACAGCGCTGTCAGGAG	0	0	0		0	0	0	0	1478
GGTACGCAACAAGACGTACCTTATAGAGTG	0	0	0		0	772.3969872	0	0	1189
GGTACGTAACTATTAAGGGTGTCTGGGCTT	0	0	0		0	0	0	0	15239
GGTAGGATTGGTTCGATGTACTACACTGAT	0	0	0		0	0	0	0	11270
GGTAGGCATGGCAGGTTGTAAACGGGGGGA	0	0	0		0	0	0	0	1274
GGTAGGGCTTTAGTGCCGTGTGAGTTGAAG	0	0	0		0	0	0	0	2469
GGTAGGGTACCGGTATAGGCGTACGTCGCC	0	0	0		0	0	0	0	12201
GGTAGGTTTGGAAGTCGGGTGATCGGGCGA	0	0	0		0	0	0	0	11176
GGTAGTAGTGGAGTGAGTACTATCATTTAA	0	0	0		0	0	838	0	0
GGTAGTATATCGCGTGGCAGCAGTGTATTG	0	0	0		0	0	0	0	2696
GGTATAACTTCCTTAGACTTTGATAACACA	0	0	0		0	0	0	0	666
GGTATAGGACCCGAGTGCGGATGGGGCTAG	615.7175989	0	623.3296345		0	992.1010191	0	0	667
GGTATAGTATGCGTTGGTCAATTGGGTCTC	0	0	0		0	0	0	0	14659
GGTATATGAGGAGCATATTAAGTGCCCACT	0	0	0		0	810.1586176	0	0	801
GGTATCTTTATTAATGTTCTTGGTCTGGGG	0	0	0		0	0	0	0	819
GGTATGATAAGATAAAGAGTCATGTGCGTG	0	0	0		0	1812.558263	0	0	12283
GGTATGATTGCTATATGTCAACTTCTTAAA	0	0	0		0	0	0	0	3956
GGTATGGGAAAACGTACAAAAAGGTTTGGA	0	0	0		0	0	0	0	16823
GGTATGGTAAGGAGAGTGGCAGGTATGATA	0	0	0		0	0	0	0	9298
GGTATGTTATTTTTCAAGGGCAGTGGGTGA	0	0	0		0	0	0	0	4565
GGTATTGATGAGAACAACATCATATTCTTG	0	0	0		0	0	0	0	29955
GGTATTTGAAGATTCTGTCGTGATAGAGAT	0	0	0		0	0	0	0	1465
GGTCACAATAACGGCTCTAAGACAGTACGA	0	0	0		0	4116.017723	0	0	9092
GGTCAGTTTTTAACCCGTCCCTACGCGGGT	0	0	0		0	6228.952592	0	0	38207
GGTCATACACGTACAGTGCCCGTGTAGCGA	0	0	0		0	0	0	0	4740
GGTCCAGTATGACTTGGGTGGTCATGTGTT	0	0	0		0	0	0	0	21748
GGTCCCCTTGGGTAGTAACTGTTCTCTCTG	0	0	0		0	0	0	0	6662
GGTCCTTCACGTACAGGGGTCAGTGTACTG	0	0	0		0	0	0	0	649
GGTCGACGTTAAGCCACCGTCCCTCGCAGG	0	0	0		0	0	0	0	9459
GGTCGATCTGAGCGCTAACGCGGAATTAGA	0	0	0		0	0	0	0	650
GGTCGATTTCCAATTCCGTTGCGCGTCGCC	0	0	0		0	0	0	0	1349
GGTCGCTTTAACGATTGTACTCTGACGTAA	0	0	0		0	1150.013292	0	0	1018
GGTCGCTTTATATGGTATAGGTGAGCTAGT	0	0	0		0	0	0	0	13592
GGTCGGGGAGGTGTCGGGGTTGTAAAGACG	0	0	0		0	609.335401	0	0	4209
GGTCGGTCTTATATCGGTGTGGTCGTGGTG	0	0	0		0	0	0	0	11926
GGTCGGTGAGAGGCTGTCGTTAGTCGGGGC	0	0	0		0	0	0	0	9159
GGTCGGTGTGGTATGGGGCGACAAACTTGT	0	0	0		0	0	0	0	718
GGTCGTAAATAGTGAACGCGCAGGCCAAGA	0	0	0		0	0	0	0	793
GGTCGTGGAGAGTGCATGCGACGTCGGTAT	0	0	0		0	0	0	0	7840
GGTCGTGGTTAAGTATTGGTGTCCGGCGTA	0	0	0		0	0	0	0	739
GGTCTAGGAATTTTATATGTACTTAAGGGT	0	0	0		0	0	0	0	2984
GGTCTGACATGTTTCTCGGCGTTATGACTG	0	0	0		0	0	0	0	11478
GGTCTGCTACTTGGGCTCTTAGTGGGTTAG	0	0	0		0	0	0	0	39908
GGTCTGTGTCCTGTCGCGTTAAATTAAATC	0	0	739.6507833		0	0	0	0	708
GGTCTGTTATGGGTGGTGGGTTGAAGTGGG	0	0	0		0	0	0	0	8274
GGTCTTAATTCATCCTGCGTCACCGCGCGG	0	0	0		0	768.9641117	0	0	2588
GGTGAAAATAGCAGCATGAGCGTTGAATGC	0	0	0		0	1489.867966	0	0	0
GGTGAACGAAGAAGTACTGCCCGAGGGTTC	0	0	0		0	0	0	0	798
GGTGAAGCTCGGACAAAAGATGCTGTGATG	0	0	0		0	0	0	0	1689
GGTGAAGCTTCGTTCGGTTTCCCGAGTGTT	0	0	0		0	2094.054054	0	0	0
GGTGACGTATCTCTTATCCTTTGGTGTGGG	0	0	0		0	0	0	0	1525
GGTGAGAGTAACTAGCTCCAAGTTATACTT	0	0	0		0	0	772	0	22930
GGTGAGCAACTATGACGCACCCGCTCTTTG	0	0	0		0	0	0	0	670
GGTGAGCATGAGGCCTGGTGCGGTAGGCGT	1331.85266	0	964.7069191		0	1786.811697	617	0	3239
GGTGAGTTAATGACAAAAGCTACAAGGTCA	0	0	0		0	0	0	0	8534
GGTGATAATCCTTGGCCAAGGATGGTGATC	0	0	0		0	0	0	0	1349
GGTGATGTTGCGGCTGAAAATCGTAACAGG	0	0	0		0	0	0	0	635
GGTGCAGCTGCACTCTACGACTTCTGAAAG	0	0	0		0	0	0	0	11712
GGTGCAGTTCCCAGGTTGTAGTTGTCGCGT	0	0	0		0	0	0	0	6654
GGTGCCGATTGGGTCGATAGACCTGAGTGT	0	0	0		0	0	0	0	30982
GGTGCCTGTTTTAAGGTCAGACACTTGTAT	0	0	0		0	0	0	0	801
GGTGCGACTGGAGCCTTGATTGTTTTTCGC	0	0	0		0	0	0	0	1420
GGTGCGGGTCTGGGGTTGCTCACGTCCACC	0	0	0		0	698.5901639	0	0	2210
GGTGCTAATTTAAACAGTGGTGTTCAAGAA	0	0	0		0	0	0	0	648
GGTGGAATTTATGTGTTCTGGACAATGTAA	0	0	0		0	0	0	0	9845
GGTGGAGAAGGGTAAAGTAAGGGTCACTTG	0	0	0		0	3559.891892	0	0	1693
GGTGGATGTCGGGGATACATTCACACTCCG	0	0	0		0	0	0	0	15433
GGTGGATGTCTGCAGTTGTGGGGAGTCGTT	0	0	0		0	1174.04342	0	0	1317
GGTGGCGATGTGAGAAAGAGCTGGCTAAGC	0	0	0		0	0	0	0	713
GGTGGCGTAAACGGGAATGGGGTGGGGGGA	0	0	0		0	0	0	0	17565
GGTGGCTTATCACCTATTGGTGGTGTGTAG	0	0	0		0	0	0	0	14235
GGTGGGAGAGGGTAGTGATATGAACCCGAA	0	0	0		0	0	0	0	17167
GGTGGGCCATTCTGCTGTTCAGCAGATAAC	0	0	0		0	0	0	0	854
GGTGGGGAAGGCAGAAGATCGTGTTCATTA	0	0	0		0	0	0	0	4607
GGTGGGGAATTGTATCCAACGGGGCACGCA	0	0	652.4099217		0	0	0	0	0
GGTGGGGATATTGTCATGGTGTCGCTTTGG	0	0	0		0	0	0	0	29900
GGTGGGGCACAAGGTAAAGCCTTTCTGTCA	0	0	0		0	0	0	0	2873
GGTGGGTATATATTACAGAAGTCGTCTCAT	0	0	0		0	0	0	0	2753
GGTGGGTATATGTTAAGGAAGGTTGTGTGT	652.7135061	0	1055.740862		0	0	0	0	5884
GGTGGTCGAATACCAGAATGTGGGCCATCT	0	0	0		0	1378.299513	0	0	36825
GGTGGTGGAGTGGTTGACTGAGTGGTGTGG	0	0	0		0	0	659	0	4950
GGTGTAACTGAGGTGACAAGGGCGCTACTC	0	0	0		0	0	0	0	1020
GGTGTACTTGTGGCCTGATATAGTTGATGG	0	0	0		0	0	0	0	712
GGTGTAGGTGCTCATTAAAGAAGATAAATG	0	0	0		0	0	0	0	603
GGTGTAGTAGTTTATTGTGCCTGAGGCGTC	0	0	0		0	0	0	0	4652
GGTGTAGTTAGACTTAGTGCTCGGGGTGAT	0	0	0		0	0	0	0	726
GGTGTCCATTCTCTAGTGTCGGAACGATAG	0	0	0		0	0	0	0	9495
GGTGTCGATTCGTGCCGAAGGGCTGTATTA	0	0	0		0	0	0	0	18673
GGTGTCTATAAGATGTTGGCATAAGTGTGT	0	0	0		0	744.9339832	0	0	10516
GGTGTCTTTGGTACATTGTTCCGATGGTTA	0	0	0		0	0	0	0	2421
GGTGTGCTTCACTAGGGAAGTATAGGCCAG	0	0	0		0	0	0	0	13205
GGTGTGGCTAGGGACGTCTCGCGTAGGTCG	0	0	0		0	0	0	0	6795
GGTGTTAGTGCTGTTTAGAATTCGTCCCAG	0	0	0		0	0	0	0	1140
GGTGTTCATCGAAAGAGTGCTTTAGAACGC	0	0	0		0	0	0	0	721
GGTGTTGGACTGAGTCCTGAGAGCAGGGTA	0	0	0		0	0	0	0	1114
GGTGTTGGTGTTATGGCCGGACAGGGCTTT	0	0	0		0	0	0	0	2477
GGTTAAGCTCGTTCAAGTGGATGCTCGGTT	0	0	0		0	0	0	0	9300
GGTTAATCTTCTCTTCTCCTTTTGCGGGTC	0	0	0		0	0	0	0	28698
GGTTAGGGTGTCCGTGTGGAGGTATCTGTA	0	0	0		0	0	0	0	2456
GGTTATTAAACTGTTATATACTACATAGTG	0	0	0		0	0	0	0	1879
GGTTCAGGTGGGCATAGGAAGGGATGATGC	0	0	0		0	0	823	0	1616
GGTTCCAGATATTGCAGATGTACTGCGAGT	0	0	0		0	0	0	0	2570
GGTTCCATTTGGTCCCACTATTTATACCAT	0	694.8625592	0		0	0	0	0	16672
GGTTCGACTGCTGCGAAGAAAGCTGGTGTG	0	0	0		0	0	0	0	646
GGTTCGGGTTTTTATTATTTTGTCCGTTGT	0	0	0		0	0	0	0	12674
GGTTCTAGTGTGATACAAGCAGGCGTGGCC	0	0	0		0	0	0	0	1913
GGTTGAATAGTTACTCTTGGATTTAAGCAA	0	0	0		0	0	0	0	21892
GGTTGACCACGTACAGAGATGGGGTTAGGA	0	0	0		0	0	0	0	1420
GGTTGAGTTCTGTAAAACACCGAGATTGAG	0	0	0		0	0	0	0	1135
GGTTGATGTTTTCGGCAGAAGTATTATATG	0	0	0		0	0	0	0	1290
GGTTGCGGTGGGGCCTGAAGTTCCGTAGTA	0	0	0		0	0	0	0	2594
GGTTGGCATAGTTTTAAGCGAAATTTGATT	0	0	0		0	0	0	0	15131
GGTTGGCGTCCGGGAGATTTACCACGGGTA	0	0	0		0	0	0	0	2544
GGTTGTTATTAGAGACATGATCATTGCACG	0	0	0		0	0	0	0	10883
GGTTGTTTAGCGTCTGGCTGAGGGGGGAAG	0	0	0		0	0	0	0	599
GGTTGTTTTCTCGAACCAAGCGGAACGCGG	0	0	0		0	2914.511298	0	0	883
GGTTTAGTTCACCACTTGCCTGAATAATTA	0	0	0		0	631.6490917	0	0	2133
GGTTTCGGTAGAAATAATACTCTTGGAGGC	0	0	0		0	1004.116083	0	0	991
GGTTTGAATGCCGCAGGAAAAATGTCGTAG	0	0	0		0	6292.460789	0	0	32695
GGTTTGACTGGTTGCTTGCGTGTGTTGTAA	0	0	0		0	0	0	0	7242
GGTTTGTTTGCTTAAACGATACATTGGTCT	0	0	1847.230418		0	0	0	0	0
GTAAAACATTCCGTTGCAGGCGTTTGTAGT	0	0	0		0	0	0	0	804
GTAAAAGCAAGAAGGACGCTGGTGAGGGAA	0	0	0		0	0	0	0	1130
GTAAAGGCTTAGGTGCAAGCGGCCAGTTCG	0	0	0		0	0	0	0	19979
GTAAAGTGTGAGGATGTTTCGAAAGTGTGG	0	0	0		0	0	2783	0	6054
GTAAATATTCAATGAGCATGTATAAACGTC	0	0	0		0	0	0	0	2311
GTAAATATTTGGTCTGGCCCACACCCGGAT	0	0	0		0	0	0	0	689
GTAAATCAAGCTTGGGGATAGAGTTCATAA	0	0	0		0	0	0	0	13631
GTAAATCGATGTGTGGCGATGATCCTCAAT	0	0	0		0	0	0	0	686
GTAAATCTTCAGAATCAGTGTGGACTCATA	0	0	0		1268.085106	0	0	0	26666
GTAAATGGATAGGTATAACGTTGTTTAGCC	0	0	0		0	0	0	0	9474
GTAAATGTACATTTTTCAAGTAGTGGCTAT	0	0	0		0	0	0	0	613
GTAACACAAGTCTCATCACGTTGTTAGAGT	0	0	0		0	1163.744794	0	0	8036
GTAACATATAAAATAATAAAAGCCCTTATT	0	0	0		0	0	0	0	4238
GTAACATCTAGTAGGCCGATCCTAACCGAA	0	0	0		0	748.3668587	0	0	1394
GTAACCAAAGGCGCTGCGACCTAAATTTCA	0	0	0		0	0	0	0	795
GTAACGAATGGTGAGTCGGTTCAAGGGCGG	0	0	0		0	0	0	0	619
GTAACGAATTTTTAGATAGCTATCACGGCG	0	0	0		0	0	0	0	22479
GTAACGTAATGGATCTCGCCAAGAGAGATG	0	0	0		0	0	0	0	619
GTAACTACTTGACACGGGGGCCTGCGTACG	0	0	0		0	1985.918476	0	0	24626
GTAACTTAATCCTTACTCCGCTTCCACGTT	0	0	0		0	0	0	0	735
GTAAGCAAACTAGCAAAATTAGTGGGTAGA	0	0	0		0	0	0	0	1893
GTAAGCGATAAATAGGTGGGTGGGTGACGA	0	0	0		0	0	0	0	657
GTAAGCTCAATACATTGTCTTGTCCGCTTG	0	0	0		0	0	0	0	706
GTAAGGCTTATTGATGCGGGTGGGTACTGC	0	0	0		0	0	0	0	3958
GTAAGGGAAAGCTGAGGCACTTGATAAGCG	0	0	0		0	0	0	0	12163
GTAAGTATTACGTAAATAGCTTGCGGACTG	0	0	0		0	774.1134249	0	0	0
GTAAGTCGTGGTTGGAGGTCCAGAGGGCCG	0	0	0		0	873.6668144	0	0	643
GTAAGTGTTGCTTCATAGTAGTTCACGTCG	0	0	0		0	0	0	0	1691
GTAATAAAAGAATATTCTTAAATGGGTACG	0	0	0		0	0	0	0	2444
GTAATAGGTAGCAACTGGCGGGCGCCCATG	0	0	0		0	0	0	0	1237
GTAATAGTTATAGGATCAAAGGAGTAGTGT	0	0	0		0	0	0	0	1226
GTAATATGATTTTATTAGTGAAAGGCTGTC	0	0	0		0	0	0	0	822
GTAATCAATGGGTGTATTCCTAGGGCCAGC	0	0	0		0	0	0	0	948
GTAATGAGTATCTAAGTATCGTCGGATTGG	0	0	0		0	0	0	0	2234
GTAATGAGTGGCAGGTACGACATACGACTG	0	0	0		0	799.8599911	0	0	3444
GTAATGCGACGGTCCACATTTATAGTCCGG	0	0	0		0	0	0	0	716
GTAATTCTTTTTTCAGGCGTACGAGAGCTA	0	0	1084.821149		0	0	1290	0	2395
GTAATTGATGACTACAGCGCTTTCTGGTGT	0	0	0		0	0	0	0	883
GTAATTGGATCATTACCATGTCTTGGGGAT	0	0	0		0	0	0	0	2800
GTAATTTTACCATTTATGGTACTTTGTTTT	0	0	0		0	0	0	0	17001
GTACAAAGAGGCGGTAGGTGGTTGAACGGG	0	0	0		0	0	0	0	6474
GTACACGTATGAGTGCAGTCAAAGTTTGAT	0	0	0		0	0	0	0	4769
GTACAGTTACGCACAATTGACCGAGTACAT	0	0	0		0	0	0	0	1137
GTACATAATATATTGAGTCCTGTTGATGGT	0	0	0		0	0	0	0	1140
GTACATGGTGCCCTTGGTCATAGGCTGTGG	0	0	0		0	0	0	0	1248
GTACCAGCTACCTGAATCTATCACTGGGCG	0	0	0		0	0	0	0	2182
GTACCATAAAGTGCTTTCCCGCCGTGTGAA	0	0	0		0	0	0	0	959
GTACCATGATTAAGTTGTTCTGCATCGTGA	0	0	0		0	0	0	0	2999
GTACCGGTTTGCATCAACTTGTATTGAGTG	0	0	0		0	0	0	0	2391
GTACGACAATAACCTTAGGGTAAATGCAAG	0	0	0		0	0	0	0	744
GTACGAGGATCCTTGTACGGTGTAAGAAAG	0	0	0		0	0	0	0	3064
GTACGCCGATCGGCGATTGTGGCCGATACT	0	0	0		0	0	0	0	5350
GTACGCTTTACAGTGGGATTATTATTGGCC	0	0	0		0	0	0	0	1174
GTACGGAGTGTTGCATTAAAGCGTCATTTA	0	0	0		0	0	0	0	1734
GTACGGTATATATTTACATGGGCCCGGCAT	0	0	0		0	1069.340718	0	0	2965
GTACGTAGTTGACGGTACTGCTGTTACTCC	0	0	0		0	801.5764289	0	0	0
GTACGTCGAAGATTGAGGTCATCCTTTGTC	0	0	0		0	0	0	0	9391
GTACGTGAAGATGGTGCAATGTGATGAAAG	0	0	0		0	1314.791316	0	0	9737
GTACTACTTGACGGTTAGTTATAAGGTGTG	0	0	0		0	0	0	0	2967
GTACTGAAACCTGCTATAAGGTGAATACAC	0	0	0		0	0	0	0	1300
GTACTGGGATGGGGGCTGGTGGGGGGCGGA	0	0	0		0	0	0	0	21574
GTACTGTAAAACGGTGTCTGGAGGTACGGA	0	0	0		0	0	0	0	10450
GTACTGTGTCAGGGCATTTTTTATAAAAGG	0	0	0		0	811.8750554	0	0	9622
GTACTGTTTGAATGATTGGGTGTCAATAAT	0	0	0		0	0	0	0	1766
GTACTTCGAATGTTCTAGCCCTGTCGTAAT	0	0	0		0	11434.90829	0	0	0
GTACTTGTAAAGGGGTAGGGATTATCTGAT	0	0	0		0	853.0695614	0	0	602
GTACTTGTAGCGGGCCCCGGGAACCGAAGC	0	0	0		0	0	0	0	21439
GTACTTTTTTATGTCTGGAGTACTGCGAGA	0	50082.36019	1571.599869		0	0	795	0	7268
GTAGAAAATTGTAAGGCTGTGTCGACGGGT	0	0	0		0	0	0	0	18714
GTAGAACGTGAGATACGATGGGGGGGAGAA	0	0	0		0	4275.646433	0	0	6889
GTAGACGATCGGTACGGAGCGTGGGGATCC	0	0	0		0	0	0	0	32382
GTAGACGTAGTATCGGCGTTAGCAGCGACG	0	0	0		0	0	0	0	4683
GTAGAGAAATGACGGCGTTTGAGGTTATAC	0	0	0		0	0	0	0	659
GTAGAGAATTGAAAAGCAGGCACAGTTAAC	0	0	0		0	1688.974745	0	0	1498
GTAGAGTGTAGCCGGGGCTGGGGGTATGGA	0	0	0		0	0	0	0	2088
GTAGATCTTATCCGGGAAGGAGTGTGTGCT	0	0	0		0	0	0	0	614
GTAGATGATCGATATAAACACGGGACATTC	0	0	0		0	0	0	0	1953
GTAGATGGTCCAGGGTAGGAGTGTCCGTGC	0	0	0		0	0	0	0	3760
GTAGCAAGACCCCTCTCGTCTAGAGGAGGT	0	0	0		0	0	0	0	857
GTAGCCCGTCAGCCACATACTGGACGGTGG	0	0	0		0	0	0	0	4041
GTAGCCGATTCCCCATATGGGATCCTTCCA	0	0	0		0	0	0	0	1832
GTAGCGATACTGTTGGTAGAAACTGGCCCG	0	0	0		0	0	0	0	1370
GTAGCGCATTCTTACAATATGTTGAAGGTA	0	0	0		0	0	0	0	3390
GTAGCGTCTAGGAGGGCCCCCAGTGCTTGT	0	0	0		0	0	0	0	2143
GTAGGAAGTCGCGTGTTTGAAGAGATACAG	0	0	0		0	0	0	0	5263
GTAGGAATAGATTCGTCGACTTAAAAGAGT	0	0	0		0	0	0	0	9343
GTAGGAGGAGAGGCTCAAGGTCACGATGGG	0	0	0		0	0	0	0	7451
GTAGGAGTAACTTCTGCGCGCGACTCGATT	0	0	0		0	0	0	0	1364
GTAGGATATATGCCTTCCAGCGGGTTATCG	0	0	0		0	0	0	0	12041
GTAGGCAATTACAGTTAATTAGAATGTTTT	0	0	0		0	0	0	0	983
GTAGGCGGAGATTATTCGAGGGTTTCCGCG	0	0	0		0	0	0	0	16911
GTAGGCGGTACAGAGCCGGTGTACCCAACA	0	0	0		0	0	0	0	8597
GTAGGCGGTCTATGTCGTATGGAAAGCAGG	0	0	0		0	2166.14444	0	0	14211
GTAGGGAATCTCCGTTCGTGAGGCTACATG	0	0	0		0	0	0	0	6448
GTAGGGCGATTGTAGTGGATTGCGTTTACA	0	0	0		0	0	0	0	983
GTAGGTGGACTAATATGCCGAGCGCGATAA	0	0	0		0	0	0	0	4840
GTAGTAGATTTTGGACCGTGTCCTGAGATT	0	0	0		0	0	0	0	17291
GTAGTAGGTAGCATTGTGCGCTACGAGTGG	0	0	0		0	0	0	0	3291
GTAGTAGGTCTGTCTATTTGGGATGATAGG	0	0	0		0	0	0	0	3062
GTAGTAGTAGCAAGTCGAGTCTGTAAGGGC	0	0	0		0	0	0	0	14889
GTAGTATCTGAGTCGTTATGGCATTGCGCG	0	0	771.2597911		0	0	0	0	19492
GTAGTCCCTTGGTGGTACGATTGGCGAATT	0	0	0		0	0	0	0	2272
GTAGTCGCTTGTGCCGGAAGAGAGATGAAG	0	0	0		0	0	0	0	11238
GTAGTCTTACAGGGCTAGCTGGGGCTACTC	0	0	0		0	0	0	0	1600
GTAGTGCCAGGGCTCGGAGCCGTAGTCAGA	0	0	0		0	0	0	0	11180
GTAGTGCCAGGGTACCCATGACACGAGCCT	679.1391542	721.6966825	893.9027415		0	0	0	0	0
GTAGTGTATCCAAAGAAAATGTCCTAGTCA	0	0	0		0	0	0	0	1473
GTAGTGTTATGAGATAATTAGTTTTATAGC	0	0	4133.193864		0	0	0	0	0
GTAGTGTTTCCTGTTTTGCCACTGGATGTT	0	0	0		0	690.0079752	0	0	764
GTAGTTCTTTATTCTTCTTTGTTCGTTAGT	0	0	0		0	0	0	0	3299
GTAGTTGAATCAGGGAGGAGGAATTGGACA	0	0	0		0	4581.172353	0	0	34263
GTAGTTTAAGGGAATCCGATGGTGGCCCAT	0	0	0		0	0	0	0	3278
GTAGTTTCAGGTTGGTGACCATATCAGAAA	0	0	0		0	0	0	0	8682
GTATAAATTTTGTATTCCTAGGGCGGACCA	0	0	0		0	0	743	0	1374
GTATACTTTTTCTGAATGTGTATTCTCGTG	0	0	0		0	0	0	0	1041
GTATAGCGTCGCCGCGGAGGCGATACTGGT	0	0	0		0	0	0	0	2088
GTATAGGCTAAGAGGAGCGGTATAGTAGTT	0	0	0		0	0	0	0	3944
GTATAGGTTTGTCGTTACCTTCTCGACGCT	0	0	0		0	0	0	0	1888
GTATAGTGTTGCGAGGGGAGAAATCCTATG	891.8656207	0	1979.988251		0	0	0	0	22802
GTATATATAGGATCGAGAAGTATGTCTGGG	0	0	0		0	0	0	0	14172
GTATCCAATATAGTTCACTTTTAACTAGGC	0	0	0		0	0	0	0	1721
GTATCCATTGTGTCCGGTCTATCGATGGAA	0	0	0		0	0	0	0	1067
GTATCCCATTTTTACTGCCCATTCTCCACG	0	0	0		0	0	0	0	6106
GTATCCTTTGTATGACAGCGCTTGTGATAA	0	0	0		0	0	0	0	1027
GTATCGGTACGCGTGATGTTAGGCTGCTTC	0	0	0		0	0	0	0	1013
GTATCTAAATTGAGGTTCGAGATTTACTGC	0	0	0		0	0	0	0	2967
GTATCTTGAAGCCGTTCGCGGAGAACGCAG	0	0	0		0	0	0	0	1400
GTATGAAGAAACATAGTTCACGGCGGATCT	0	0	0		0	0	0	0	12908
GTATGCGGATCTCGTATGTCGTTCCGTGTA	0	0	0		0	3474.070004	0	0	24242
GTATGGCAACGGACACATCGCTAAAGGGCT	0	0	0		0	0	0	0	1375
GTATGGGAATGATTAGCATACGTCATTCAC	0	0	0		0	6239.251218	0	0	9489
GTATGGGAATGGTTGATGTGACTAAAGTTG	0	0	0		0	0	0	0	6574
GTATGTCCTTATGGCGTGAAAGGGGTGAGA	0	0	0		0	0	0	0	29747
GTATTACAACTTATGGCCTCATTCCTTATC	0	0	0		0	930.3092601	0	0	3900
GTATTGAGTTCTTCAGAAAATGTGAGTTCC	0	0	0		0	808.4421799	0	0	0
GTATTGATTCACCCTGCGATGGCCCCGTGG	0	0	1258.038512		0	0	3072	0	6532
GTATTGATTGAAGGCTCAGCTACATTTATG	0	0	0		0	0	0	0	9522
GTATTTGCTTAGCCTATTCACCTACACACT	0	0	0		0	0	0	0	12480
GTCAAACTAATGTGGTTGTTGGTGCCTGTG	0	0	0		0	0	0	0	883
GTCAAATGACATTAGAACTATTGGGTGTAA	0	0	0		0	0	610	0	5250
GTCAAATGAGAATTCTTGATTTCAGTTTTT	0	0	0		0	1517.33097	0	0	3796
GTCAAATTAGAGGTCGAGGGGCGTCTAAAT	0	0	0		0	0	2317	0	42163
GTCAAGACTTTCCCCACATTTAGCGTCTAC	0	0	0		0	0	0	0	970
GTCAAGTCAACGACATTTTTAGCCGAGCAA	0	0	0		0	0	0	0	645
GTCAATAATAATATCGGGTCGTGACGAGTT	0	0	0		0	801.5764289	0	0	2059
GTCAATACTATTCGATTATCTACAGCCACA	0	0	0		0	0	0	0	9537
GTCAATCTTTTTATAATGGAGGAATGAACG	0	0	0		0	1968.754098	0	0	28551
GTCAATGCTCCAGGACGTGCATTCGGCTGA	0	0	0		0	0	0	0	6216
GTCAATGTATGTTCTTAATTATTGTTTTCT	0	0	0		0	0	717	0	7379
GTCAATGTTTGGTTAGGCTGGGTGCGCCTA	0	0	0		0	0	0	0	11537
GTCAATTTTAAATCTCATCGGGGGGTATGT	0	0	0		0	0	0	0	2242
GTCACCCATCATGTAGCATAACTCCGTTAG	0	0	0		0	0	0	0	1313
GTCACCTGATAAACTCTTAAATCCTGCTCA	0	0	0		0	0	0	0	11091
GTCACGAGAGAAGTGTGTAGTTAAGTCTAT	0	0	0		0	0	0	0	1291
GTCACGGAATGCAATCGGGATACGGATAGT	0	0	0		0	0	0	0	30709
GTCACGGTAGTCTTTTGCTCTTGTGAACAT	0	0	0		0	0	0	0	858
GTCACTCATGGAACTAGATCTGGGTCTCAT	0	0	0		0	0	0	0	5503
GTCAGAAATTCTCGTGGAACCATCGGTTGT	0	0	0		0	0	0	0	611
GTCAGAGAAGTTATTTGCGGAGCGACAAGT	0	0	0		0	0	0	0	4791
GTCAGCAAAGCGACCAAGCGCGGACTCATG	0	0	0		0	0	0	0	4521
GTCAGCTGACCTTACATCGGGAGCTCCTTA	0	0	0		0	0	0	0	24620
GTCAGGAATAAGAAACATAGTGTTAGCGCA	0	0	0		0	1699.273372	0	0	882
GTCAGGGATTGTCGCAGTCCTCTAGTTTAT	0	0	0		0	0	0	0	3969
GTCAGGGGTATCGTGCTCGTGTCCATCTAC	0	0	0		0	1033.295525	0	0	731
GTCAGGGTACTATCGCCAAGAACCATAGGG	0	0	0		640.3829787	0	0	0	0
GTCAGGGTTGTGTGCGTGACGAACTAGCCA	0	0	0		0	854.7859991	0	0	0
GTCAGGTAATTAACCATATGAAGGGAAGTT	0	0	0		0	0	0	0	7464
GTCAGTTATGCTATCATTTAGAGCTCCAAA	0	0	0		0	0	0	0	10113
GTCATACTTATTTAATCTGCATATTTCGGA	0	0	0		0	0	0	0	16276
GTCATAGCTTCGAAATATCGTATGGGTGTA	0	0	0		0	0	0	0	3324
GTCATAGGTTCGCTCTACGGCGCCCTTGTA	0	0	0		0	0	0	0	747
GTCATCCAATTGTTAGGCAATCGGAGTTTC	0	0	0		0	3836.23837	0	0	35467
GTCATCGAACTCTGTTAGTCAGACGGTGGT	0	0	0		0	0	0	0	751
GTCATCGGAATAAATGGGAGGGCTAAAGAG	0	0	0		0	0	0	0	1338
GTCATGATTTTTGTCGGCGCCTGCTACCTA	0	0	0		0	0	6610	0	980
GTCATGGTAAATCTCACTAATCCCAGAATC	0	0	0		0	0	0	0	888
GTCATGTCTGGTGCATCAGTAAGCGCATGT	0	0	0		0	0	0	0	729
GTCATTCATAAGACGAGGGTCTAAATCTAC	0	0	0		0	0	0	0	1437
GTCATTCTATTAGTGAGAAGAAATGGGACG	0	0	0		0	0	0	0	1662
GTCCAACCTCGTCTCGTTAAATTAGTGGTT	0	0	0		0	988.6681436	0	0	6506
GTCCACAGATGGTCTCTTGGTTAGATATGG	0	0	0		0	0	0	0	1285
GTCCAGCAACGCGGAGAAACGGATTGCAGT	0	0	0		0	0	0	0	2618
GTCCATGCTACAGGCAAAACCAATGAGAAA	0	0	0		953.177305	0	0	0	2239
GTCCCATATATTAGCGTCAATCTGCGAAGA	0	0	0		0	1646.063802	0	0	7471
GTCCCATGTCCGTCTTTAGAGCGAGTTTAG	0	0	0		0	0	0	0	5293
GTCCCATTTTCCTATCAAGGTTTGGCTTAA	0	0	0		0	0	0	0	804
GTCCCCCGAGTCAGAAACGACATCCTGTGG	0	0	0		0	0	0	0	2641
GTCCGATGTTAGGGTAAAACCCTTTATTAA	0	0	0		0	2109.501994	0	0	1682
GTCCGGCATGGGGTGCTCTGTATCGCTTCG	0	0	0		0	0	0	0	1421
GTCCGTCTTGCGGGAACACATGGAGGACAA	0	0	0		0	2185.025255	677	0	0
GTCCGTTAACCTTATGCGAAGAGGCGAGCT	0	0	0		0	0	0	0	600
GTCCGTTATGTCGAGGGCGGTAATACCAAG	0	0	0		0	0	0	0	24202
GTCCGTTCAGGGGTTGTTGTAGCAGAGTAA	0	0	0		0	0	0	0	634
GTCCTAGTTTGGGAATAACGGTTAACTGGG	0	0	0		0	0	0	0	5088
GTCCTCGAAACTTAATATGGTGGAGACCGG	0	0	0		0	0	0	0	11538
GTCCTCGGAACGCTAGGGGACAAATGACGT	0	0	0		0	0	0	0	11211
GTCCTCTTTGCAATGCCAAGGTCTTGCAAA	0	0	0		0	0	0	0	12205
GTCCTGGATAGCTAATTAGGTTTCTTGGGG	0	0	0		0	0	0	0	3622
GTCCTTGGAGGCATAATCCCTAGATAGCGT	0	0	0		0	0	0	0	641
GTCGAAGATACCGGTTGGTGCAGAGGGGCT	0	0	0		0	1683.825432	0	0	0
GTCGACGGTCCGGTACACATACGCCAGTAG	0	0	0		0	0	0	0	736
GTCGAGCTACCATACCCAGGGAGAGTCCGC	0	0	0		0	0	0	0	9652
GTCGATCGTGATTCTGAAGAACTAGGGTGT	0	0	0		0	0	0	0	1003
GTCGATGTACTATGTAGAGCGGCTCATGGG	0	0	0		0	0	0	0	2974
GTCGCACAAATGCAGAGAAGTTGGCGGAAC	0	0	0		0	0	0	0	8322
GTCGCAGTAGCCTTATGTAGCAATGCTGAG	0	0	0		0	0	0	0	22135
GTCGCATTTTCACGAACGATTTGAGGGAGA	0	0	0		0	0	0	0	1845
GTCGCGGGAGGGCGGGTTAAGGCGTATACT	0	0	0		0	0	0	0	28771
GTCGGAATATATGGTCAAGAGTACGTAGTT	0	0	1087.349869		0	0	0	0	0
GTCGGAGTACAGCTCATGAGAACGAGCGAT	0	0	0		0	0	0	0	1805
GTCGGATATGATCGTTGGCTCCCGAGAGCG	0	0	0		0	0	0	0	934
GTCGGGGGTAGATGGGTCGGTACGCCTATG	0	0	0		0	0	0	0	3963
GTCGGTACAGTTTGGTGTACACGGCACGTA	0	0	0		0	0	0	0	788
GTCGTAATAAGTTGGGGCATATGCTGAAAA	0	0	0		0	0	0	0	2436
GTCGTCGTAGACCGAGAGGGGCTGAGATAG	0	0	0		0	1510.465219	0	0	12182
GTCGTCTAACGGGCCGCAATGAAATCATCA	0	0	0		0	0	0	0	6937
GTCGTGTCTCCGCCTGCGTCGCACCGAGAT	0	0	0		0	0	0	0	10087
GTCGTTAATCTTTATTAGCAGCATTAGGAA	0	0	914.1325065		0	0	905	0	0
GTCGTTGTATATCGATATGGGCACGGTGCC	0	0	0		0	0	0	0	18321
GTCTAACGTAAATAAGTTCTTGGCTGCTCT	0	0	0		0	0	0	0	6689
GTCTACTGAGGCGGGAACCTTATGTCTATG	0	0	0		0	0	0	0	4436
GTCTAGTGTATTATCTGAGATGAGGACGTC	0	0	0		0	0	0	0	748
GTCTATTCACAACGGTGGTGCCCTAACCTA	0	0	0		0	0	0	0	4633
GTCTATTCTCAGGCTATGATAAGTGTGCAG	0	0	0		0	0	0	0	872
GTCTCAGCTCAAGCATTGAATTCAGTGGAG	0	0	0		0	0	0	0	943
GTCTCCATTGATGCTTGAATTTTGGGCGAA	0	0	0		0	0	0	0	9083
GTCTCGAAATGTGAGAATGTCTTTGACACG	0	0	0		0	0	0	0	1666
GTCTCTATAAAATTCACCAAGAAATAAGAC	0	0	0		0	0	0	0	2893
GTCTGCCGTACGACTACCCTAAGGCTGGGT	0	0	0		0	0	0	0	3472
GTCTGCGGAGAAGCGTTGTGTGTATTAGGA	0	0	0		0	0	0	0	15199
GTCTGCTTTGAATGGGCCGTATTGGTGAGG	0	0	0		0	0	0	0	1607
GTCTGGAAACCGCAGTGGGCTTAGCTGGTT	0	0	0		0	0	0	0	1702
GTCTGGAAACTCGTGGGGGTAGAGCGATAT	0	0	0		0	0	0	0	3718
GTCTTACAAACAAGTGAATTATAGGGGAAT	0	0	0		0	0	0	0	27388
GTCTTATGTCGTACAGGCTCTAGTTCGAAA	0	0	0		0	0	0	0	14401
GTCTTATTAACTAGTTGTGGGTATACAGTA	0	0	0		0	0	0	0	1303
GTCTTCCTTTGCTTCGTTACTTGATTGTCG	0	0	0		0	973.2202038	0	0	25226
GTCTTGTGAATAATTATGTGACCTGCCGTC	0	0	0		0	0	854	0	35537
GTCTTTATTCGAGTGTGTTCTTCACTGACT	0	0	0		0	0	0	0	1966
GTCTTTGATTCTTTGAACCGGACCTCGAAC	0	0	0		0	0	0	0	23303
GTGAAATTTATCCCTAAGTACAAGCTGTGT	0	0	0		0	0	0	0	1484
GTGAACCTAGGAAGAGGCTTGGGTCGGCGG	0	0	0		0	0	0	0	7385
GTGAACCTTTTTTAAATCGTTAAAATTGTA	0	0	0		0	0	0	0	7020
GTGAACTGATCTAAAGGCTACGCTTTCTAA	0	0	0		0	0	0	0	651
GTGAACTTTAATTGGCCGTGCCCCCTCATC	0	0	0		0	0	0	0	5731
GTGAAGAATAGGGCTAGGGGCTATTACGGA	0	0	0		0	0	0	0	3483
GTGAAGGATGGAGCACCATGTGCGCGCACA	0	0	0		0	736.3517944	0	0	4775
GTGAAGTGAGGCGGGTCGGAGTTAAGCTAT	0	0	0		0	0	0	0	639
GTGAATACAAGGCTACCAATGGGGCGTGGT	0	0	0		0	0	0	0	1789
GTGAATAGATCGGGTTGGCACCCCAGCATG	0	0	0		0	0	0	0	717
GTGAATATTACATGTCCTCTAGCCGTTATT	0	0	0		0	0	0	0	1628
GTGAATGATAAAAGGATCTGATATTTGCAT	0	0	0		0	0	0	0	3200
GTGACAGGATAGTGCGGGAGGAGGTGCTTT	0	0	0		0	0	0	0	4503
GTGACAGGTCGTCTCCCTCTAATGCACATG	0	0	0		0	0	0	0	1071
GTGACATCTCTGAATCTCGCATGGCGGGCT	0	0	0		0	647.0970315	0	0	933
GTGACATGAGACACTGAATTTAAGGATTCC	0	0	0		0	0	0	0	857
GTGACATTTCTAACAGGCGTGGTACTTTTA	0	0	0		0	0	0	0	32732
GTGACCGCAGATACGGTGAAAATTACTTAG	0	0	0		0	0	0	0	21787
GTGACCTTTTATGGGACCTCGGATCAATTT	0	0	0		0	1057.325654	0	0	6368
GTGACGGCTGCTCTTGGGTTTGGGCGAACG	0	0	0		0	0	0	0	1531
GTGACTATACCCTGGCATCGGAACATATAT	0	0	1581.714752		0	0	633	0	51611
GTGACTTCACTAAGCGGGATACCAGTGGTG	0	0	0		0	0	0	0	1146
GTGAGAGGAGCGAAAACTGGCGGACTTGCA	0	0	0		0	0	0	0	5558
GTGAGCAAATAGGAGCCAGTATGGAAGGGA	0	0	0		0	0	0	0	6136
GTGAGCGGTCGGAAGTGGGGCGTCTGTCAT	0	0	0		0	0	0	0	6102
GTGAGCGTAGTATTTTGTAGATATATTTAC	0	0	0		0	0	1604	0	4710
GTGAGCTGTCGTGGTGGGTCATTGTCAGAA	0	0	0		0	0	0	0	2942
GTGAGGACACGCCATATGCATGCTAGTATA	0	757.0047393	0		0	0	0	0	2943
GTGAGGATTTAAGCGTCTATGGGGATGGCG	0	0	0		0	0	0	0	630
GTGAGGCTAAGCGTCTACAAATAAGTTCTG	0	0	0		0	3680.042534	0	0	13398
GTGAGTGATGAAGTCAGAGTTTGGGTCTTG	0	0	0		0	1673.526805	0	0	31706
GTGAGTGGTAAATCAATCGTCTGTAGGGAT	0	0	0		0	0	0	0	4750
GTGAGTTATATGAATGGTCTGAGTAATCGA	0	0	0		0	0	0	0	780
GTGAGTTGAGGACGACAAAGAAGAGGACAT	0	0	0		0	0	0	0	2936
GTGATAAAATTGCTGTGTATGTCGGATTGA	0	0	0		0	0	0	0	2708
GTGATACGTAAAGGGCGCTACCATGGCCTG	0	0	0		0	0	0	0	1394
GTGATACTTTGTCTAAGGCACACATAGTCG	0	0	0		0	0	0	0	6155
GTGATAGCATACTATTTACGGAACAGGATG	0	0	0		0	1798.826761	0	0	769
GTGATCACAGTAATAATGGCGTAGGCGAGT	0	0	0		0	0	0	0	3823
GTGATCCAAGCGAACGCGACACGTTAAATG	0	0	0		0	0	0	0	10644
GTGATCGAAGATTTTAGACGGACCAGTTTT	0	0	0		0	0	0	0	2358
GTGATCGTAGCAGGTAAGCTTGTCTTGTTT	0	0	0		0	3879.149313	0	0	33806
GTGATGAAACTTAACGTTATGTAAGAAGAG	0	0	0		0	0	0	0	957
GTGATGAGATATTTGAGTTACTTTAGCGCA	0	0	0		0	0	0	0	4976
GTGATGATTTACGGGGCGTACGAGTTGAGT	0	0	0		923.5886525	1196.357111	0	0	4077
GTGATTACATCACGTCAATTGCTGCCAAGG	0	0	0		0	1287.328312	0	0	9000
GTGATTACATCGCATTGTTGTACGGGTCAG	0	0	0		0	0	0	0	623
GTGATTGGAAGCGGGTCCCGGGGAGAGGAG	0	0	0		0	0	0	0	934
GTGCAAAATGGATCAATGTAAGGATAGCGT	0	0	0		0	0	0	0	19210
GTGCAAATTTGGCCTCTATGGCTGGGTATT	0	0	0		0	0	0	0	1708
GTGCAACATTTTTTATTTAGCTAAGTGGCA	0	0	0		0	0	0	0	617
GTGCACGCTGTGGTCCTGGAGAAGCGATCT	0	0	0		0	928.5928223	0	0	14648
GTGCAGGGTTTGTATCGATTGCGTTGGGGT	0	0	0		0	889.1147541	0	0	0
GTGCATAATGTAAAGAAAGCGGTAGGAGCC	0	0	0		0	0	0	0	1412
GTGCATAGATCCGGCTCCATGGCTGTCAAG	0	0	0		0	0	0	0	15099
GTGCATCGTGGCGGGAGGAAACCGGAGGAT	0	0	0		0	0	0	0	1826
GTGCCCCTATCGCCTCCGTAAGGGCTTGAT	0	0	0		0	0	0	0	3328
GTGCCGCGTGGTGCATGTTCGAATGGACGA	0	0	0		0	2638.164821	2628	0	1499
GTGCCGGTTCGGGAGAAGATCCGGGGGGAG	0	0	0		0	0	0	0	1814
GTGCCTATATTGCCCGGAATTCATGCAGAT	0	0	0		0	0	0	0	10118
GTGCCTCAATCAGGCTTGAAAAATCGATTA	0	0	0		0	0	0	0	650
GTGCCTGTAGCAACCCCGTATCTGAAAAGC	0	0	0		0	0	0	0	20270
GTGCGAGCTTTTCACTTACATATGAGCAGA	0	0	0		0	0	0	0	59965
GTGCGATGTGCTTGTTTCGAGGTCGGTTTG	0	0	0		0	0	0	0	621
GTGCGCTATAAAGTTCTGTAAGCGGGTAAT	0	0	0		0	0	0	0	2960
GTGCGGTCATAGGTGGTCTCGAGTGGGGCG	0	0	0		0	0	0	0	701
GTGCGTTGTTAGATGGCAGGGCAGGCCTTC	0	0	0		0	0	0	0	627
GTGCTAAATCGACTAAAACGCACGGCAGTT	0	0	0		0	1373.150199	0	0	30550
GTGCTAGCACATTAGCCCGACTCGACTTGG	0	0	0		0	0	982	0	0
GTGCTAGTTAGGAAAAGTATGTGAAAGGGC	0	0	0		0	0	0	0	843
GTGCTCGGAGTTCAGCCGTGCTCGGGCCTA	0	0	0		0	0	0	0	1075
GTGCTCGGTACGTTCATGTACATGATGGGT	0	0	0		0	0	0	0	13471
GTGCTGAAATTAGCTGACGCAGTTGAGCGT	0	0	0		0	0	0	0	30960
GTGCTTGCTTGAATAACCGTTTTTTCAACT	0	0	0		0	0	0	0	2963
GTGCTTGGTGGGATGGGGCCAACCCGTTAG	0	0	0		0	0	0	0	5533
GTGCTTTTAACCGCGTGAGGATAAGTCATA	0	0	0		0	0	0	0	2217
GTGGAACCACACGTCTGTATCAGTTGCGGT	0	0	0		0	0	0	0	14831
GTGGAACCACCCAAACTAACGGGTATTGCA	0	0	0		0	0	0	0	4233
GTGGAAGGAACGTTAGCGACTGGAGACATG	0	0	0		0	0	0	0	7613
GTGGAATTTAAGCCAGCATATTGGGTTGAG	0	0	0		0	0	0	0	6681
GTGGACCAACATGTTCTTCTACTAACTTTT	0	0	0		0	0	0	0	3586
GTGGACCTATTAATGGGCGTGGGATGGGGC	0	0	0		0	0	0	0	591
GTGGACGTTTCAGAAAAGTGGTGTCGTATG	0	0	0		0	2131.815685	0	0	1553
GTGGAGCAAATGAGCGGCGCGGGGATGCGT	0	0	0		0	0	0	0	734
GTGGAGGCATACATTGCTCTCAGGATAAAT	0	0	0		0	0	0	0	1750
GTGGAGGGTAGATGAACCAGGAGAGGCTTA	0	0	0		0	0	0	0	2834
GTGGAGTATGCCGGGTCGACGTAGGGGGTG	0	0	0		0	1103.669473	0	0	28938
GTGGATGGTCAGTTGAGGAGGCTCAGGGGG	0	0	0		0	0	9679	0	26437
GTGGATTGTCTCAGATAGGAGGGCGACTCC	0	0	0		0	0	0	0	2280
GTGGCAATAAGTCCAGGGTGTGGGGAGTGA	0	0	0		0	0	0	0	834
GTGGCATGAGTGCCGCTAGGGCCTGCCTGG	0	0	0		0	0	0	0	1022
GTGGCCAGTCTTAGAGAGCAGCATTTGTGT	0	0	0		0	2094.054054	0	0	0
GTGGCCTGTATACGAAACGCACCTGGTGTA	0	0	0		0	0	4039	0	1844
GTGGCGCGAAGGGTCAGCGTATGTACGTTT	0	0	0		0	0	0	0	32799
GTGGCGCTAAAACTTGAGAAGATTTGTCAA	0	0	0		0	0	0	0	7946
GTGGCTAGAAGGGGCGAGGCGTAGGACGCC	0	0	0		0	0	0	0	2319
GTGGCTATAACACCGGGCGGGTCCAAGTGG	0	0	0		0	0	0	0	4427
GTGGCTGTAGGAATCAGGCCGGACGCCCGC	0	0	0		0	0	7911	0	24127
GTGGCTGTTACGAAGCTCGCTTGCTATTGC	0	0	0		0	0	0	0	789
GTGGCTTATTCCGCTTATATAATATTCATA	0	0	0		0	0	0	0	1128
GTGGCTTGATCAGGCTTCGCCTTTGCTAGA	0	0	0		0	3757.282233	0	0	9935
GTGGGACCAAGTCCAAGCCATGGTTTCGAC	0	0	0		0	1052.17634	0	0	685
GTGGGCTCAGTTGCATTAGTTCCCGCGTAC	0	0	0		0	0	0	0	617
GTGGGGATAGAGGCGGGGGGGTAGGCTGGA	0	0	0		0	0	0	0	2335
GTGGGGCCTGTTCCCTGGCATGCAGACAAC	0	0	0		0	0	0	0	1537
GTGGGGCGACGCTCTTCGGGATGCCCGCCT	0	0	0		0	0	0	0	1013
GTGGGGTCTACGTAATGGAAACAATGTGGA	0	0	0		0	0	0	0	882
GTGGGTAAAAGCTTTACCGGTTGGATGCGG	0	0	0		0	0	0	0	1775
GTGGGTATACGTTTTAGATACCAGGTTACT	0	0	0		0	0	0	0	653
GTGGGTGTTAATCCGCCCGCATGTCAGATT	0	0	0		0	0	0	0	1572
GTGGGTTGTTTATGATCGGGTCCGAAGTTA	0	0	0		0	0	771	0	1761
GTGGTAATTGGGTGAGAATCGCAAGTTTAT	0	0	0		0	0	0	0	6657
GTGGTATTAGTTCTATCGTCCAATCAGACA	0	0	0		0	0	0	0	1263
GTGGTGAGTCTCATGAACCCGTGGGGTGAA	0	0	0		0	0	0	0	14470
GTGGTGCCTAGGGAAATGTGGACTGATGTC	0	0	0		0	0	0	0	5504
GTGGTGCGTCAATGGTGCGGAGCGGGGGAG	0	0	0		0	0	0	0	732
GTGGTGGGACCGATCTTCCTGGCGCACTGG	0	0	0		0	0	0	0	17061
GTGGTGGTTATTTGGGCATCGAGGCAGAAA	0	0	0		0	0	0	0	7461
GTGGTGTATGTCCAGCTGAATCCTAAGGAC	0	0	0		0	0	0	0	671
GTGGTGTGAAGTTTTTGTTCTCAACCCGAG	0	0	0		0	0	0	0	26935
GTGGTGTTTTAGAGACCTTGTGCCTCGCGT	0	0	0		0	3626.832964	0	0	7115
GTGGTTACTTCTCATTCGTAGTCGGGCAGG	0	0	0		0	954.3393886	0	0	720
GTGGTTCCAGAAAAAGTCAGGCGAAAGTAA	0	0	0		0	0	0	0	769
GTGGTTTAATACACGCGGATGTATGAATTG	0	0	0		0	0	0	0	693
GTGTACGGATGCGGCAGACCATTAAAACGG	0	0	0		0	868.5175011	0	0	0
GTGTACGGTAGTTTCAACAGGGTATTTATA	0	0	0		0	0	0	0	671
GTGTACGGTCGCCCTTTAATTCCGGCCATC	0	0	0		0	0	0	0	1123
GTGTACGGTGGCAGGCTTGGGAGTTGCTCG	0	0	0		0	0	0	0	13113
GTGTACGGTGTGCACGCTAGCCCATGCAGC	0	0	0		2502.35461	0	0	0	0
GTGTACGTTTGTCGGAGGGGATTAGCTTGA	0	0	0		0	0	0	0	1850
GTGTAGATTAAAATTGGACTAGGTAGATGC	0	0	0		0	0	0	0	1666
GTGTAGTCAAAAGGTTTGATTTGCGTCGGT	0	0	0		0	0	0	0	637
GTGTATGAATACCGGATTCGACACACGATG	0	0	0		0	851.3531236	0	0	12963
GTGTATTGAAGGTAGTTTGGTATGACGAAG	0	0	0		0	0	0	0	950
GTGTATTTATGGTCTATTGGGCGTTGAAGC	0	0	0		0	0	0	0	1673
GTGTCAAATACCAAAATCACGTTAAACTTG	0	0	0		0	0	0	0	24862
GTGTCAATTCGCGAAGTGCTAAGTAGGGTA	0	0	0		0	0	0	0	10149
GTGTCCACATCCAGGGGCGCGTGTCGTAAG	0	0	0		0	732.9189189	0	0	948
GTGTCCCTTTGCGTGCCTTGGCCCTGATGT	0	0	0		0	0	0	0	11458
GTGTCGATTTTGTCAAGGTTAAAACGTGTT	0	0	0		0	0	0	0	25496
GTGTCTAGACAATGCACTTAATAAGCAAGT	0	0	0		0	0	2499	0	42812
GTGTCTCATCCGGTCCTCACCTTGACTTGG	0	0	0		0	0	0	0	7546
GTGTGAAGTTTCAGTTTATGGATAAAGAAG	0	0	0		0	0	0	0	1212
GTGTGATCACTCTTGCGGGTAGTACGGGAA	0	0	0		0	0	0	0	1692
GTGTGCAGAGTGTGGTCAGGCCTTGCCCGG	0	0	0		0	0	0	0	1812
GTGTGCATACCGTATATTAGAGAGGGGACG	0	0	0		0	0	0	0	3842
GTGTGCCTTTTCAACGGTGGGGGGGTGTAC	0	0	0		0	0	0	0	2026
GTGTGCGCTCGCACAATACGTAGTGGGATT	0	0	0		0	0	0	0	25519
GTGTGGCAATTATCATACGGGGTAACTCGA	0	0	0		0	918.2941958	0	0	8760
GTGTGGGGTGGATGCGCGCGATTATGGGGA	0	0	0		0	0	0	0	5197
GTGTGGTAAGTAGCGTGACGCGCGTTTTAA	0	0	0		0	0	0	0	1109
GTGTGGTTTAAGGAGAGACGTCGCGAGTTT	0	0	0		0	0	0	0	4892
GTGTGGTTTTGTACCCTGAGGCCCCTAGGA	0	0	0		0	0	0	0	3097
GTGTGTGCACCGTTTTCGATACTGGCGTTG	963.2148704	0	0		0	0	0	0	0
GTGTGTGCTGCTTATGCTGAATTCGCAGAC	0	0	0		0	0	0	0	7073
GTGTGTGTAGACGGGCCACATTGTATGTGG	0	0	1164.475849		0	2004.799291	0	0	9891
GTGTGTGTTAATATGCAGGTCAGCAGATAA	0	0	0		0	0	0	0	934
GTGTTAAGTATGCTACGGGACGGAAAGTAG	0	0	0		0	0	910	0	20314
GTGTTAATTAGTCGGCGCGATTAGGCAGCG	0	0	0		0	0	0	0	4524
GTGTTGAAAACGGTCCTGAACCTCCAGGTC	0	0	0		0	712.3216659	0	0	0
GTGTTGTCAGGGAGTGTATGGTCTTCTGTC	0	0	0		0	0	0	0	1952
GTGTTTAAAGGCGGAGCTAAGTATACGTTA	0	0	0		0	0	0	0	3880
GTGTTTACTTAGACGGGTAACCGCTAAGGA	0	0	0		0	0	0	0	2483
GTGTTTCTAAGAGAGCGGCGGAAAGCGGAC	0	0	1213.785901		0	0	0	0	0
GTGTTTGGTCGGGGATTATTTAGTGATACG	0	0	0		0	0	0	0	18355
GTTAAACATAATTTCCTCCGCCACGTCATT	0	0	0		0	0	0	0	782
GTTAAATAAGTCGTCTATCGGATCTTCTTC	0	0	0		0	0	0	0	1898
GTTAAATTTTTACGATCCATGCGATATTAG	0	0	0		600.2269504	2382.415596	0	0	18933
GTTAACGTTAAATGCCTAGATGCCGACTTC	0	0	0		0	0	0	0	657
GTTAACTGTACTAGGTTCCCCAGGCACGCA	0	0	0		0	0	0	0	26335
GTTAAGGGTGTTGCAATGAACAATCTGCAG	0	0	590.4562663		13042.25532	0	0	0	12410
GTTAATCCTGGTGCGTTATTGGAGGCGATT	0	0	0		0	760.3819229	0	0	0
GTTACACCTGCCGTGAAGCGGTTGAGTGAT	0	0	0		0	0	0	0	10364
GTTACAGGTGGATGATAGCCCTCTAGGATA	0	0	0		0	0	0	0	794
GTTACCACTCACAGAAGGAATGGGGTGGCA	0	0	0		0	0	0	0	2440
GTTACTGGTTCATCCCTTACTCTACTTGCA	0	0	1519.761097		0	4608.635357	3805	0	30542
GTTAGAGGTGAGGTGAGTAGTAATCGGGTA	0	0	0		0	0	0	0	1951
GTTAGCACTGGTGACCAAAGTCCCGTGCGG	0	0	0		0	0	0	0	976
GTTAGCATACCCGTTGCTTGACCTGTCGTT	0	0	0		0	0	0	0	887
GTTAGCATTCAGAGTCTCGGCGTAGTGGCA	0	0	0		0	0	0	0	1550
GTTAGCGATAGGAGCTTGAACAAGGCCAGA	0	0	0		0	0	0	0	1232
GTTAGCGGATGCCGGAAACCTAGGGGGGAG	0	0	0		0	0	0	0	5547
GTTAGCGTTGGATGACAGGGTGTGAAAATT	0	0	0		0	0	0	0	10551
GTTAGGATTCGAGTCAAGTCTGGAATTTTT	0	0	0		0	0	0	0	2063
GTTAGGCAACGCGTAGACGACGCTTAGGCG	0	0	0		0	817.0243686	0	0	759
GTTAGGGGTACATAAGTCCCACAGGAAACG	0	0	0		0	0	0	0	4899
GTTAGGGTAGGGGAGAGGGTACCAACGGCA	0	0	0		0	0	0	0	5817
GTTAGGTTACTGGAGTCACAGAATGAGATG	0	0	1971.137728		0	1319.940629	0	0	15298
GTTAGGTTTGTAGGATTACGAGTGTGCGTG	0	0	0		0	2619.284005	0	0	752
GTTAGTCCAGGGAGTTGCTTGTAGGCTTCA	0	0	0		0	0	0	0	934
GTTAGTCGAGTCGCTATGACTTACAGCAAT	0	0	0		1361.078014	2251.966327	0	0	7930
GTTAGTGTAGAGGGGGAGGTTTTGGTCTAG	0	0	0		0	0	0	0	13427
GTTATAACTACGAGGGGTGCCCCTGTAGTG	0	0	0		0	0	0	0	3945
GTTATAAGTGTAGTAAAGGGAAGATTGGGA	0	0	0		0	0	0	0	975
GTTATCAATCTATTCTGGTATATTACGACT	0	0	0		0	1659.795304	0	0	2131
GTTATCCTTCGCTCTGGAGGCACATGTGAA	0	0	0		0	0	0	0	2322
GTTATCGTTGGGGACGGGTGTGGAATTGGA	0	0	0		0	1685.54187	0	0	6425
GTTATGCCACATAGGCGTATGCGAACACAC	0	0	0		0	0	0	0	20878
GTTATGCTTTAGATAGCTGTAACCGTTTAG	0	0	0		0	0	0	0	18205
GTTATGGGTTATCAAGTGTATCGGTCTTTA	0	0	0		0	0	0	0	1174
GTTATGTGTGATATTCTTGACAAAGAATTC	0	0	0		0	0	0	0	2202
GTTATTAATGCATACTAGGACCACAGGAGA	0	0	0		0	0	0	0	823
GTTATTAATTGTGGCTGAGATCGCAGGACA	0	0	0		0	0	0	0	6323
GTTATTACATTTTGTGCTTACGGAGTTATA	0	0	0		0	0	0	0	3430
GTTATTGCAATGCTGTGGTAATTTGTCGAG	0	0	0		0	0	0	0	4286
GTTATTTGTCGAGCGTTGCCTGGTATCTAG	0	0	0		0	0	0	0	10857
GTTCAAGAACGCTTGGATTTTTGAGTGGCG	0	0	0		0	0	0	0	880
GTTCAATCATGTATCGACTCAGATAATATG	0	0	0		0	0	0	0	3305
GTTCAATGACTGGATAGGGTGCGGAATATG	0	0	0		0	0	0	0	652
GTTCAATTATATTCAAACTGGCTCGCCTCC	0	0	0		0	0	0	0	26201
GTTCAATTATTACGTTAGAGTTGATCTGGG	0	0	0		0	0	0	0	4622
GTTCACGGATGGTGCGGATAAGTAGAAGGC	0	0	0		0	0	0	0	640
GTTCAGAATTGTGCATGGGGAACGTTTACA	0	0	0		0	0	0	0	1713
GTTCAGCTTGGAACGGGACTCCGCACGAGT	0	0	0		0	8844.803722	0	0	22018
GTTCAGTCATCGCTAGAGGCTATGGTCAGA	0	0	0		0	0	0	0	1043
GTTCAGTGTGACCGTAGTCTACGCTCTAGC	0	0	0		0	0	0	0	1821
GTTCAGTTATCTTAACGCTGGCTTATAGGA	0	0	0		0	0	0	0	1501
GTTCATCCTTTAGTATCGGTTGACGGCTGG	0	0	0		0	2631.29907	0	0	14371
GTTCATTCATTGGATTATATATACTTGGTT	0	0	0		0	0	0	0	790
GTTCCGACAGATTATGCGAGATCGCGACCG	0	0	0		0	3196.007089	0	0	34755
GTTCCTGATTTGACCATATTTGTGGGGCTG	0	0	0		0	0	0	0	36988
GTTCCTGGTAATAGGTTACTCGTGAACATT	0	0	0		0	0	0	0	5321
GTTCGAGGTATAGCCGATTAGCACGTCCCT	0	0	0		0	0	0	0	2066
GTTCGCAGTACTGGGTCACTCAAGATTGGG	0	0	0		0	0	0	0	3751
GTTCGCAGTGTCAAGACTTCTTCAATTTGT	0	0	0		0	0	0	0	9783
GTTCGCATTCGTAAAGAAGTTCGACTAATC	0	0	0		0	0	0	0	4369
GTTCGGCAAGCTGGTGAAGATGGAGGATTA	0	0	0		0	0	0	0	15786
GTTCGGGGTTCCTGAAGACGGGTGAGATGT	0	0	690.3407311		0	0	0	0	0
GTTCGGTGATCCCTAATGACTTGACCCCGT	0	0	0		0	0	0	0	14121
GTTCGGTTTAGTCGTTATTTTATATCCATT	0	0	0		0	0	0	0	11510
GTTCGTGTTCATTTTCCCTGGTATGGTATC	0	0	0		0	0	0	0	7305
GTTCTAAATAATCTCTCGCTATGGGAGACG	0	0	0		0	0	0	0	663
GTTCTAGGAGGGGGGGCTTAAAGTGTGGAA	0	0	0		0	0	0	0	26067
GTTCTAGGATCACCGAGACCTGAGCTACTA	0	0	0		0	0	0	0	1740
GTTCTATCAGGATCTGGACTGTTTGGCTGT	0	0	0		0	0	0	0	8112
GTTCTATCTGGCTCCTCGCAAGCGAAGCTT	0	0	0		0	0	0	0	1517
GTTCTATGATAACTCCCGGGGGTTGAGTGG	0	0	0		0	0	0	0	1051
GTTCTCGTAACTTTATTTATCCCCTGCCCG	0	0	0		0	0	0	0	1015
GTTCTGCTATACTTCATGGGGACCGAGGGT	0	0	0		0	0	0	0	2283
GTTCTGGATATGCTCGACCAACCCGCCCCA	0	0	0		0	0	0	0	18702
GTTCTGGTAAGGGCTGGAATTGGTCGGGGG	0	0	0		0	1198.073549	0	0	8295
GTTCTTCAACGGATTACGAGTTCTGGACCT	0	0	0		0	863.3681879	0	0	0
GTTCTTGCAATCTACGCGGTAGTTGTTGTA	0	0	0		0	0	0	0	36964
GTTGAAAATGTTTGGCGCTACCTCCAGTTT	0	0	0		0	0	0	0	2349
GTTGAACAACTGGTCAAGCAGATGTAGCTA	0	0	0		0	0	1160	0	9006
GTTGAAGGTCGCCGATACGGGGTAGTACGG	0	0	0		0	0	0	0	9274
GTTGAATCACAGGGCACGTACGGGTGTGGC	0	0	0		0	0	0	0	5818
GTTGACCCTTAAGACCTTGCTGTGTGCTGA	0	0	0		0	1309.642003	0	0	32957
GTTGACGAACTTTCGATTCGTATTATTTGT	0	0	0		0	0	0	0	3348
GTTGACGGAAATGTATTGTTCCCGTGGATC	0	0	0		0	0	0	0	1472
GTTGAGAGATTAGGGGATTATGGGCTGCGG	0	0	0		0	0	0	0	2476
GTTGAGAGTGTGTTGGGATGGGGGAAACGA	0	0	0		0	0	0	0	1718
GTTGAGCAAATGGTGTCTCTAATTTTGGTG	0	0	1010.22389		0	0	0	0	0
GTTGAGCATGGTTATTGTGTTAAATTGGGC	0	0	0		0	0	0	0	14131
GTTGAGCGATGCTATTTTGGCATGGGTCGC	0	0	0		0	930.3092601	0	0	1636
GTTGAGGAATGTCGAGCGTTCACAAGTCTT	0	0	1345.279373		0	837.6216216	2074	0	1448
GTTGAGGGTCGCGTAGCATTGGCCGATCGT	0	0	0		0	0	0	0	816
GTTGATCATTATGTTTGATCGCCTCTCGGA	0	0	0		0	3034.661941	0	0	53788
GTTGATCGTGCAGCTGTTTAATGCACAGGA	0	0	0		0	683.1422242	0	0	0
GTTGATGGACGAGCTGCGGGGAACGGAGTG	0	0	0		0	0	0	0	1251
GTTGATGTAGAAGGGTAGTGTAAATGTAAC	0	0	0		0	2404.729287	0	0	19423
GTTGATTTTTTTGTGGAGGCCGACTAATGT	0	0	0		0	0	628	0	31641
GTTGCAACTGATTAAGGTGCTGTAGCCTAT	0	0	0		0	0	0	0	32031
GTTGCCACATACTGGACGGCGGTTTTAGCA	0	0	0		0	0	0	0	19903
GTTGCCAGTTTCTTAGACAGATGAGGCAGA	0	0	0		0	0	0	0	1329
GTTGCCCGTAGTACGGTGTATGCTCGATCC	0	0	0		0	0	0	0	2603
GTTGCCCTAAAAATATTCAAGGAGCACTTG	0	0	0		0	0	0	0	917
GTTGCCTTTCTTAGGACTTTGAGAGTAGAG	0	0	734.593342		0	0	0	0	14226
GTTGCGTGACAAGTTTTAAAGGGTAGAGCT	0	0	0		0	5662.528135	0	0	30553
GTTGCTAGTCTGGTTCGGTTATGCGGAGGG	0	0	0		0	0	0	0	1381
GTTGCTATAGATGACGACAAGCCATTGCAA	0	0	0		0	0	0	0	594
GTTGGAATATTAAATAGGATGGGGTGATAA	0	0	0		0	0	0	0	1173
GTTGGAGGAACTAGTAGCAAGCCGGCAGAA	0	0	0		0	0	0	0	638
GTTGGATTAGGTGAATGGGGCATTGAAAGC	0	0	0		0	0	0	0	1386
GTTGGCAAACAATTAAGGCTGGTCTTACTC	0	0	0		0	0	0	0	927
GTTGGCCTTGGTTTCACTGATAGGCCGGGC	0	0	0		0	0	0	0	1710
GTTGGCGAACGCGGTAGTGAACCGGCTCCG	0	0	4625.030026		0	0	0	0	832
GTTGGCGTTTAAACTAGGGTGTTCTGCGTG	0	0	0		0	0	0	0	8752
GTTGGCGTTTGATTGAATTGATAATAATGC	0	0	0		0	0	0	0	18976
GTTGGTAAAAGCAGGAGACGCAAGGAGGGG	0	0	0		0	0	1269	0	27371
GTTGGTAAAGGTTCTGACGCGTTGCGCTGA	0	0	0		0	966.3544528	0	0	14032
GTTGGTACAGTTTACTGGGCTGAGGTTACG	0	0	0		0	8254.349136	0	0	22864
GTTGGTAGTTAACCAGTGTAAACTAGCTAA	0	0	2229.067232		0	0	0	0	5364
GTTGGTATAGATGGTCTAGAGATGTCGATT	0	0	0		0	0	0	0	7245
GTTGGTCATGAACAGACGGAGGTTGGGTTT	0	0	0		0	0	0	0	995
GTTGGTCGAGAGGATGTTAACTACGGGTCT	0	0	0		0	0	0	0	8999
GTTGGTCTTCGTGTGCTACTATCATCCGTT	0	0	0		0	0	0	0	10783
GTTGGTGAAGTTTGTGAAGATCAAGGCCAC	0	0	0		0	0	0	0	956
GTTGTAAGAGAAACTTTTGACTAATTTTTG	0	0	0		0	702.0230394	0	0	0
GTTGTATGATAGGGGCGAGTTATCCAGCTA	0	0	0		0	0	0	0	8032
GTTGTCACAACTTTATGGCGAACGGAGATT	0	0	0		0	0	0	0	8407
GTTGTGGTTATCATTATCCTAGGTATGGTC	0	0	0		0	0	0	0	47995
GTTGTTATAATTCGTTGTGTCCTATTGGGC	0	0	0		0	0	0	0	4741
GTTGTTGAAATAAGCACTTTGGGGGGTTAC	0	0	0		0	3214.887904	0	0	14483
GTTGTTTCTAAAGGCACATACCGCTACGCA	0	0	0		0	825.6065574	0	0	7862
GTTTAAAATCCAGGAGAAATTCTCCTCCGT	0	0	0		0	0	0	0	9171
GTTTAATTTGGGCGAGGGTCAGGATCTGAG	0	0	0		0	0	1387	0	3762
GTTTACAAATACACGGTGTGATCTTGGCTG	0	0	2111.481723		0	0	0	0	0
GTTTACTTATCCGAGCTGCAGGTCAACCGG	0	0	0		0	0	0	0	603
GTTTAGAAATCAATCGAGAGAGCGAGATGA	0	0	0		0	0	0	0	1022
GTTTAGACTCCTGGTTCTGCGAGTGTAGAT	0	0	0		0	0	0	0	694
GTTTAGATTTTTAATGTGGTACGGAGTGCA	0	0	0		0	0	0	0	8584
GTTTAGCGAACCCCAATTCGACGGCTTCAG	0	0	0		0	0	0	0	27658
GTTTATCGTTCACCTGTCTCACTTTACTAA	0	0	0		0	0	0	0	1201
GTTTATCTATCTGGCGCCGGGGATGCCACG	0	0	0		0	1254.715995	0	0	0
GTTTATCTTAAGACATCTCATAATGCTCTC	0	0	0		0	0	0	0	13968
GTTTATGGAACTGCTGACGGCTAAGTTGAT	0	0	0		0	0	0	0	1017
GTTTCACTACGACCTCTTATCAAGTCGATT	0	0	0		0	0	0	0	1142
GTTTCAGCAGTGTCTCGTCGACTGGTGAAT	0	0	0		0	0	1083	0	18398
GTTTCCTCTTTGAAGGGTAAGGCCCCCTGC	0	0	0		0	0	0	0	738
GTTTCCTGTTTTACGTGAACACTATTGTAT	795.4120055	0	1035.511097		0	0	0	0	2181
GTTTCCTTACATTACGGAGTATAAGTATTG	0	0	0		0	0	0	0	2340
GTTTCGTGAAGGTCCATCTCGTGGCCAGGG	0	0	0		0	0	0	0	606
GTTTCTAGTGTAGGTGATCTATCGCTTTAA	0	0	0		0	2790.92778	0	0	10140
GTTTCTTGATAGAGCGCCGATTGGCTGTCA	0	0	0		0	0	0	0	1000
GTTTGAAAAGTTGGCGTAGCGATCATGCGT	0	0	0		0	854.7859991	0	0	0
GTTTGATCTTATGTATGCTCCAATATATAT	0	0	1011.488251		0	0	0	0	19718
GTTTGATTATCCGTCTTATGATGTGTGGGT	0	0	0		0	0	0	0	9415
GTTTGCCGTGCCGACGGGAGAGGTCGCGCC	0	0	0		0	0	0	0	17357
GTTTGCTTTACTTTTCAGGAGAGGGATGAT	0	0	0		0	0	0	0	21473
GTTTGGAGATGGGTGCCTAACGTCCATATG	0	0	0		0	0	0	0	17124
GTTTGGCCTGATTAGGGGCGATGTAAAGTG	0	0	0		0	0	0	0	1283
GTTTGGGAAGGAGGCTTTAGAGAGTGCGCG	0	0	0		0	0	0	0	8604
GTTTGGGATTCAATACACTTACGGGCGGCA	0	0	0		0	0	0	0	935
GTTTGGGGTTGAGTTCCAGCAGCGGGGAGC	0	0	0		0	0	0	0	5427
GTTTGGTGATAGCAGGGAGTGAGGGACACG	0	0	0		0	2468.237483	0	0	680
GTTTGTAGACAGGGGGCGCGCTGTCTCCAC	0	0	0		0	0	0	0	4367
GTTTGTATTAACGTATTTGTGGCGTGCGTG	0	0	0		0	0	0	0	3184
GTTTGTATTGCTCAATCTAGTGCTATTCTA	0	0	0		0	0	0	0	3860
GTTTGTGGTTCAGGAGATTGTCGACTTGAA	1083.451569	0	1197.349217		0	1146.580416	897	0	45685
GTTTGTTGTCGGTGTCTTAGCGAAGACAAC	0	0	0		0	0	0	0	1338
GTTTTAAATGTACATAGCTGAAGGAAGTTC	0	0	0		0	0	0	0	25208
GTTTTCGTTCGAAGTAGGCCAGGGTGCGAG	0	0	0		0	0	0	0	3076
GTTTTCTCTAGAGCAGTGGCAAAAGCCAAT	0	0	0		0	0	0	0	1890
GTTTTGATACACCCAGCAATCTTGTAATTG	0	0	0		0	0	0	0	17753
GTTTTGCTATAGTTATAGGACACAGATCCG	0	0	0		0	1932.708906	0	0	9210
GTTTTGTTAGCGGATTTCAGGTAGAGGCAG	0	0	0		0	0	0	0	3784
GTTTTTAAAAACTCAGAGCTTTGGGGAAGC	0	0	0		0	0	0	0	594
GTTTTTATAGGGTGTCGTAGGGACCGTCAT	0	0	0		0	0	0	0	3701
GTTTTTGAACAGCCAATGTTGCTTAATGTT	0	0	0		0	0	1180	0	27881
GTTTTTGTAGTCACAATAGTAGACTCCGCG	0	0	0		0	813.5914931	0	0	11789
GTTTTTTATCAGTTTAGGTCCAGACAATGT	0	0	0		0	0	0	0	2382
TAAAAAAGAGGTAGCCATAAACCTGGCGTA	0	0	0		0	0	0	0	675
TAAAACAAATTAGTAGCTGCAATGATAGAC	0	0	0		0	0	0	0	8009
TAAAAGACAAAGTGGATAGGGTGTTGAGAA	0	0	0		0	0	0	0	4690
TAAAAGTAACCATGTGGTTTATTACGAGTA	0	0	0		0	0	0	0	3815
TAAAATGCTGTCGTGAGGGGGAGGTGGGGC	0	0	0		0	0	0	0	1423
TAAACATCTAACTCCTTTATTATTGTTACT	0	0	0		0	2698.240142	0	0	5163
TAAACGTCTATAAAGACATCGGATGTGCTG	0	0	0		0	0	0	0	5387
TAAACTTCAGGGCGGCAGATTTACGGGCAG	0	0	0		0	0	0	0	1992
TAAACTTGACCTCTTTATGGTACGCGGGAC	0	0	0		0	0	0	0	2327
TAAAGATAAACTAAATTGTTGTTGAACCTT	0	0	0		0	0	0	0	12773
TAAAGCAGTGGATCTAGCTAACCTGGAGTA	0	0	0		0	0	0	0	4425
TAAAGCGGAGATGGTGGTGCCTTTGATTCG	0	0	0		0	0	0	0	1846
TAAAGCTATAAGAGTTCAGGGTCTTGTTCG	0	0	0		0	612.7682765	0	0	1771
TAAAGCTTTGCGAAAGACGGTTGCGGAGAA	0	0	0		0	0	0	0	21205
TAAAGGGGTGGCCTAGTGCATGTGTCGTGG	0	0	0		0	0	0	0	6606
TAAAGGGTTAGGTTCCGAACGCCACTATAG	0	0	0		0	2114.651307	0	0	20057
TAAAGTCTATTAGGATGGAGTAGGTGAGGT	0	0	0		0	0	0	0	2045
TAAAGTGGTAGTTCACACGGAATGCTAGTT	0	0	0		0	0	0	0	6331
TAAAGTGTTTGGAGGCATGCGTAATTTTGG	0	0	0		0	0	0	0	637
TAAAGTTTAAATACTCCGCTTGGGTGATTT	0	0	0		0	0	0	0	796
TAAATAATTGTTCAGTGAGACGGTAAACCG	0	0	0		0	0	0	0	21760
TAAATCCCATATGATCCAGGCTTAACACGC	0	0	0		0	940.6078866	0	0	2517
TAAATTTGTATCAATCAGGAGTAGAATCGG	0	0	0		0	0	0	0	649
TAACAAACATAAGCCTTAGTGGACGGACCA	0	0	0		0	0	0	0	13083
TAACAAGGTCCGTTGTTGCGCAGTCGGAAC	0	0	0		0	0	0	0	10163
TAACACGATTTGTCATGACAAATAGCAGGG	0	0	0		0	0	0	0	10403
TAACACGTTCGTGTGAGATGTAAAGCTTTG	0	0	0		0	0	730	0	9000
TAACAGGTTGTGTGCCCTTCGAAAGAACAG	0	0	0		0	2262.264953	0	0	22763
TAACCATGTCACTTGCTCCTGACGAGAGTT	0	0	0		0	0	0	0	1114
TAACCGGAAGGCCCCGACCCAGTGCCTGAC	0	0	0		0	0	0	0	756
TAACGCCGACTCAAAAGATTGTCGGGGGGC	0	0	0		0	0	0	0	920
TAACGCTTATCCGGCAAGTCGTAGGAAACA	0	0	0		0	4334.005317	0	0	12735
TAACGGGATTACCAAATTACTGGTGGTCAG	0	0	0		0	0	0	0	1227
TAACGGTCTCTAGGCTCAATTGCCCCGATG	0	0	0		0	0	0	0	2619
TAACTCGCAGGCCATCTTATGATTAGCTCG	0	0	0		0	0	1295	0	4981
TAACTGCATAGGTAATATGATGCTTGCTTG	0	0	0		0	1136.28179	0	0	0
TAACTGCTTTAAATGTTTGTTCAGTGTTAA	0	0	0		0	0	0	0	2287
TAACTGTATGCGCGTCCGCTGGAAAGTCGT	0	0	0		0	607.6189632	0	0	918
TAAGAATCAGTCGATCTGTTTATTCATTTT	0	0	0		0	0	0	0	15459
TAAGACAGTGGTTAATCTTGCTGCGCAAAC	0	0	0		0	3091.304386	0	0	5612
TAAGACATTTGGTTTGATTTTGTAATGCAA	0	0	0		0	0	0	0	11769
TAAGACGTATCTCCGCGTTGCCAGTACTGA	0	0	0		0	0	0	0	1983
TAAGATATTTGCTCTATTCGGTGTGGATGC	0	0	0		0	0	0	0	1481
TAAGATGGTTAAGGAGGAGTTGGAGGTATT	0	0	0		0	0	0	0	2579
TAAGCAGCTGTATTCACCGCGTTCACCAGT	0	0	0		0	0	0	0	14190
TAAGCGGATTTATATAGTCAAATCCTTGAG	0	0	0		0	2181.592379	0	0	0
TAAGCGGCACGTAGAGGCTTCTAAATTATA	0	0	0		0	0	0	0	6646
TAAGCGGCTATGGGCGAGGCCGGTAGCCTA	0	0	0		0	0	0	0	831
TAAGCTCGTATAGGAGGAATCAGGGTATAT	0	0	0		2887.007092	0	0	0	11819
TAAGCTTCACGGTACCATTGCAAAGTTGTA	0	0	0		0	0	0	0	4279
TAAGGAATTCACATGGTTTGCACTAATGTA	0	0	0		0	0	0	0	9918
TAAGGATATGCCTAGGGAGCAGCCGGGGGA	0	0	0		0	0	0	0	17325
TAAGGGAGTTGTGTGAACACTCGGCCCTAA	0	0	0		0	0	0	0	43663
TAAGGGGTACGGGAGTTGTGTATATTGGCG	0	0	0		0	0	0	0	931
TAAGGGTGATCCAAATTATGGATGTAATAA	0	0	0		0	0	0	0	1865
TAAGGTATTTTGAATCTACTTGTGTATATG	0	0	0		0	0	0	0	9576
TAAGGTGGAACTGAATCGATGTCTAAATTC	0	0	0		0	0	0	0	33534
TAAGGTGGTGGCGTATTCGGGGGCTCGGTT	0	0	0		0	0	714	0	8755
TAAGGTGGTTAATTGACACTCCTGCCGCCA	0	0	0		0	1582.555605	0	0	893
TAAGGTGTTATTGTTGGCGTGTCTGAGGGT	0	0	0		0	0	0	0	19832
TAAGGTTTAAGTTGCAGTTCGAGCTCTTAG	0	0	0		0	0	0	0	1588
TAAGTAACAGTGGTTGGTAGTGCAGGAGTG	0	0	0		0	0	0	0	950
TAAGTAAGTCTGCGTCTACGTCGAGTGGTA	0	0	0		0	810.1586176	0	0	7158
TAAGTAAGTGTATCGAAGTTCCATTGAGAG	0	0	0		0	0	0	0	7754
TAAGTAGCTCTAACTATTCGAGGTTTATAG	0	0	0		0	0	0	0	965
TAAGTCCTAGGTCTGAAGGTAAATTAACAA	0	0	0		0	0	0	0	4727
TAAGTGGGAACGCGTGAAGTAGCTGGGTCG	0	0	0		0	0	1346	0	602
TAAGTGGTTACCGGAACAGCGCAGGGGTCG	0	0	0		0	0	0	0	1267
TAAGTGTATCGCGCTGTCTTAAATGCGTAG	0	0	0		0	1731.885689	891	0	14069
TAAGTGTATTCACTCGGGCATCCAGTAATG	0	0	0		0	0	0	0	766
TAAGTGTTTCGGCCGCGCGAAAGTATAAGC	0	0	0		0	0	0	0	2376
TAAGTTGCATGATGTTAAATATTTCATGCT	0	0	0		0	0	0	0	677
TAAGTTTGAGAAGTTGGCTTCGACAGCGAA	0	0	0		0	0	0	0	760
TAATACGTAGACTGGTATCAGTCACGTACA	0	0	0		0	0	0	0	3783
TAATAGTGAGGGGCGCGGGGTTATCATGTT	0	0	0		0	0	0	0	1220
TAATAGTTTAGATAGATGGCGTGAGCGTAG	0	0	0		0	0	0	0	17408
TAATATAAAGGATTTGGAGTTTCGAATAGG	0	0	0		0	0	3002	0	0
TAATATCTTAGAAAGTTGCAGATTCAGTTT	0	0	0		0	1009.265397	0	0	5429
TAATATTCATAGGTAGGGATGTATTGAGGT	0	0	0		0	0	0	0	1115
TAATCGGTAGGACGTATGCCGATTCGCGGA	0	0	0		0	0	0	0	2272
TAATGAGGTGATCAAGGTTTGTATTTTTGT	0	0	0		0	0	0	0	869
TAATGAGTTTTACTGAGTTAGATTGCTAAT	0	0	0		0	5315.807709	0	0	32350
TAATGCAGTTCGGTATCGGTCGTTTGTATG	0	0	0		0	0	0	0	2730
TAATGCGTTACCGGCCGGGTCTCGAGAGGT	0	0	0		0	0	0	0	1243
TAATGGACTATGGTAGGCTACGTGGTACGT	0	0	0		0	0	0	0	17906
TAATGGAGTGATGGTTAAGATACCACGGAG	0	0	0		0	0	0	0	763
TAATGGATTATGAGCGCGACTAGCCCGAGG	0	0	0		0	0	0	0	6197
TAATGGCATCATGTCTCTTAAGGCCACGTC	0	0	0		0	0	0	0	13842
TAATGGTATGTTGACTGGAGAGAGCATTGA	0	0	0		0	928.5928223	0	0	34040
TAATGGTGTGGTTGATCCCACAGTAATGGA	0	0	0		0	0	0	0	10610
TAATGGTTTTGTAATCCCCGTGGTGTTTGT	0	0	0		0	0	0	0	8573
TAATGTACAAAGCTATCCCTCTAACCGCAT	0	0	0		0	1144.863979	0	0	4130
TAATGTCATCTACGCACAGCCGGGTGAAGC	0	0	0		0	0	0	0	698
TAATGTGCAATAATCTCGAAATTACGGTTA	0	0	0		0	0	0	0	13550
TAATGTTAAGGTAGGCACATCAGGTTTGGT	0	0	0		0	0	0	0	2316
TAATGTTGAGCGCCGAGGGTTGGGATGACG	0	0	0		0	0	0	0	14600
TAATTCAGTTATGCGCTGGATTTCCTCGTG	0	0	0		0	0	0	0	609
TAATTGGAATAGTCGGGAGGGCCGGATGAG	0	0	0		0	0	0	0	882
TAATTGGCAGAAGATGAGGCAGTGTGTGCA	0	0	0		0	0	0	0	4913
TAATTGTATACCTGACTGAGATGTGAAGAA	0	0	1098.729112		0	1791.96101	0	0	34147
TAATTTAAATTATGTTGCATGTTGATTCAA	0	0	0		0	0	0	0	1602
TAATTTCCTCTTAAATCGTAATTGTTGGTG	0	0	0		0	599.0367745	0	0	601
TACAAACGTATAGGAATTAAGCAAATATAT	0	0	0		0	794.7106779	0	0	0
TACAAACTTCGTTTTCAGTGTACGGGGTAT	0	0	0		0	0	0	0	14392
TACAACAATCAGTCCGTCTCGGTTGTCAGA	0	0	0		0	0	0	0	27904
TACAAGTAAGTCCACAATGAAGGGACAAGA	0	0	0		0	0	0	0	2937
TACAAGTTAAAGGTTGTCTAATACAGGGCT	0	0	0		0	0	0	0	1365
TACAATAATTGTTTGGCCATATTCGACGAG	0	0	0		0	0	0	0	855
TACAATTATTGATGCCCTGCACCGCTTGAG	0	0	0		0	0	0	0	1630
TACAATTTATTTCTTTTGTCGATTGTGTTA	0	0	0		0	829.0394329	0	0	2276
TACACGCTTTCACACGTTTAGGAACATATT	0	0	0		0	0	0	0	823
TACACTAGAGTTATCGGGTCAGCGCCAGGA	0	0	0		0	0	0	0	3057
TACACTGGACTTGTTCTATAACCTGATCGG	0	0	0		0	976.6530793	0	0	26603
TACAGAGGTGTTCAAGTAGTGATCGGTTGA	1939.642565	0	1202.406658		0	0	0	0	701
TACAGATCTTAACGTTGTTCTGGTAGATCT	0	0	0		0	0	0	0	1816
TACAGCGTTTTCGAGTTACATTGCGTCGAT	0	0	0		0	0	0	0	7981
TACAGCTCAGTGTACACTTTAACTGTCCCA	0	0	0		0	0	0	0	762
TACAGGTATGGAGGGACGCACTGAGGTTTG	0	0	0		0	0	0	0	9324
TACAGTTGTAATACCCGCAGAGTGGCAGGA	0	0	0		0	0	0	0	2340
TACATATCTATCACGATACGATGAGCAGTT	0	0	0		0	0	0	0	1422
TACATGCTTTCGTTGGCGGCGGAGACTGTT	0	0	0		0	0	0	0	11343
TACATGTAAGCGTATGATTGATAGGGGGTT	0	0	0		0	0	0	0	3334
TACATTTGACTTCGTAGTTGGGGTCCCATG	0	0	0		0	0	0	0	30637
TACCATGGTATTGTCCCTTGGGTAACTTTA	0	0	0		0	0	0	0	7171
TACCCCATTCGGTTCATATTGACTATTTTT	0	0	0		0	0	0	0	15345
TACCCCCGTCAACCGTAGATCTCTACACTA	0	0	0		0	0	0	0	11289
TACCGCATAGCGGTCTTGTCCAAAAGCTGC	0	0	783.9033943		0	0	0	0	0
TACCGGCTAATTAGTATATTTTAAGTGGTA	0	0	0		0	0	0	0	1835
TACCGGTAATCGGCCTCACGGGAGCACGCG	0	0	0		0	0	0	0	6522
TACCGTATACTGTTCCGTACACAGCGTCAA	0	0	1545.048303		0	0	0	0	18919
TACCTAGTAGTTAAAAGTTGGGCTGAGTGC	0	0	0		0	0	0	0	1223
TACCTGATTCTGAATCCCCTTCAACGCCAT	0	0	0		0	0	0	0	5900
TACCTGGGAACTGGGTCAGGCGTAACACGC	0	0	0		0	0	0	0	697
TACCTTTATCTCCACTCACCTTACAATAGC	680.4604366	0	0		0	0	707	0	44591
TACCTTTTATAGTCTGCTCAGCTCACACAA	0	0	0		0	882.2490031	0	0	4145
TACGAAGAATTGCGAGGCGTTGAGTAGGGC	0	0	0		0	0	0	0	1269
TACGAGGTATTTCTATAATAGTATTTCGGT	0	0	0		0	945.7571998	0	0	13311
TACGAGGTTTTCAAGTGGGGGAGGTGAGGT	0	0	0		0	0	0	0	1819
TACGATACTGGAGAACTTCGGGATGCACAC	0	0	0		0	0	0	0	14668
TACGATCATACGAGATAATATGTCGGCATA	0	0	0		0	0	0	0	6482
TACGATGGTGGGTGTAGACTAGCATGGGGG	0	0	0		0	0	0	0	792
TACGATTTAGGGGGAAGCTGCGTACGGGCA	0	0	0		0	0	0	0	2169
TACGCATGAGCAAACGTTGAACTTATTGGA	0	0	0		0	0	0	0	2565
TACGCCAAAAGGGCGGTTATACATGAATGG	0	0	0		0	0	0	0	933
TACGGCAAAGGAGTGTGCGATCATCTATGT	0	0	0		0	2265.697829	0	0	4138
TACGGCACACTGTCCGGTACGAGTAGGCGT	0	0	0		0	0	0	0	5677
TACGGGAAACATAGATAAGGCCGTGATGGA	0	0	0		0	0	0	0	2040
TACGGGTCAACTGGCGAACTGTCGAGACAA	0	0	0		0	0	0	0	3188
TACGGGTCTACATAACGGCCCCTGGAGAAG	0	0	0		0	0	0	0	19686
TACGGGTTTTGCGTTTGGGTCGCAAGGGGG	0	0	0		0	0	0	0	12032
TACGGTAATGGTGCTATGCGTGTAGTAAGT	0	0	0		0	0	0	0	4993
TACGTAAGAACCGGGAGCGCGCAGATAATC	0	0	0		0	0	0	0	832
TACGTAATAATCGATGTTCTAGCCTCAGTG	0	0	0		0	0	0	0	596
TACGTATTTAGGCCGATGGAGTGGGAATGG	0	0	0		0	0	0	0	15728
TACGTATTTCTGGACTTTTTCATTCGGGAG	0	0	0		0	0	0	0	15265
TACGTCATAATCTGAAGTTCGTGCCTGCTG	0	0	815.5124021		0	0	0	0	798
TACGTCCAACATAGCTTTTCCTTGTGTATA	0	0	0		0	0	0	0	3299
TACGTGCCTTTGTGAAATGGTCTGTCCGAT	0	0	0		0	0	0	0	726
TACGTGGGTTTGTCAACATAGAAGGGACGT	0	0	0		0	1016.131148	0	0	16284
TACGTGTGACATACCCTTTCATAGATGACT	0	0	0		0	0	0	0	1490
TACGTTCGTAATCTTATATAAGCTTTACGA	0	0	0		0	0	0	0	1615
TACGTTTAAGACTGCTTTTAAGGTAACGAA	0	0	0		0	0	0	0	1494
TACTAAGTAGCGTTTGGGATTTTGTGTGAG	0	0	0		0	3314.441294	0	0	0
TACTAATTAAGGGATTGAAATGACTAAAGA	0	0	0		0	0	0	0	18922
TACTAATTTCTCCTTTGTAGTGCGTAAGCC	0	0	0		667.858156	0	1161	0	2131
TACTAGATATAAAAACGCACAAGTGCCGTA	0	0	0		0	0	0	0	3009
TACTAGCTAATGCGGTGGGGACCGAAGCGT	0	0	0		0	0	0	0	9416
TACTATATTCTCACGTCCTCTACCATTACA	714.813779	0	0		0	0	0	0	27199
TACTATCATATTGGGGTGGTCGGTTCAAGG	0	0	0		0	0	0	0	1057
TACTCAGTTTGTTAGGACACGCATGATAGG	0	0	0		0	0	0	0	1901
TACTCATATGGGTCCGGGCAGAGGTCTCGC	0	0	0		0	2250.249889	0	0	28384
TACTCCAAAGGTATTGGTCTCTCAAATGTT	0	0	685.2832898		0	0	610	0	0
TACTCCGATGCATACATCTTTAAATATGTT	0	0	0		0	0	0	0	6662
TACTCCGGAAGCTTAGGCTAACTGCTTTCT	0	0	0		0	0	0	0	12590
TACTCGGGACCGGTAAGCTGGTATGGCATG	0	0	0		0	0	0	0	925
TACTCGTGATATTTCGAATGGAGCGTTTCA	0	0	0		0	0	0	0	1189
TACTCGTTACTGTTGTGCTGGTATTTCCGG	0	0	0		0	0	1563	0	9806
TACTCTCAAGCGGCTACCGTAGATCGCAGT	0	0	0		0	0	0	0	9488
TACTGAACTACATTCGTAATTAGATTTAAA	0	0	0		0	0	0	0	1058
TACTGGTAACGTAAAATTAAGTTTAGACTG	0	0	0		0	0	1021	0	0
TACTGGTTTGTCTTTCATGTTTTATCTTCC	0	0	0		0	1132.848914	0	0	764
TACTGTCGTCAATTCGCTTTCCAGCATTGG	0	0	0		0	0	0	0	908
TACTGTTCTCCGTTAGGTAATGGGTGCAGA	0	0	0		0	0	0	0	647
TACTGTTTACAAGTATCGATGTATTCATGG	0	0	0		0	0	0	0	7009
TACTTCCGACTTCATTTACTATGGGTGGGC	0	0	0		0	0	0	0	12770
TACTTCTAATACCTTGTGTATGTTTGAGGT	0	0	0		0	0	0	0	24816
TACTTGAATGCTTAAGGTCAAAGAAACCAT	0	0	0		0	0	0	0	2364
TACTTGATACTCCACTGTCTGTGCCAATTG	0	0	0		0	1125.983163	0	0	0
TACTTGTTAGGAGGTGCGGAGCGTCGATGC	0	0	0		0	0	0	0	9530
TACTTTAATGGGGTCTTTAACGCTTCATCT	0	0	0		0	0	0	0	688
TACTTTACACTCTGTTCGTTAAGTTTGTAT	0	0	0		0	0	0	0	11994
TACTTTGGTATTTCAGAGGGAGCCAGTCCA	0	0	0		0	0	0	0	2355
TACTTTTTAGTTCCACTCGTATTGAGGACA	0	0	0		0	0	0	0	904
TAGAAAATTCAGTTTACACCGACTGTCATA	0	0	0		0	0	0	0	2865
TAGAACCTAAAACCGTCCCTCCGGATACGA	0	0	0		0	0	0	0	2028
TAGAACTATTGGCTAGAGCATGCCGACTAT	0	0	0		0	0	0	0	13861
TAGAACTCACGGCGAAGCAGATTCAGCTAT	0	0	0		0	0	0	0	1176
TAGAATTCTGGACTGACACGGGGTATGCGA	0	0	0		0	0	0	0	680
TAGACGAGAGAGTGGAGTGTGGCACCTCAG	0	0	0		0	0	0	0	691
TAGACGTGTTGGCAGGTCTGCGTTCAGGCT	0	0	0		0	0	0	0	9665
TAGACTCGTAGTTAATAAGTGCTGAGGAGC	0	0	4161.009791		0	0	0	0	2269
TAGAGCCGTCGTAGTGGGAGCCGTCGTAAG	0	0	0		0	0	0	0	6294
TAGAGCGGTGTTTTCGAGCGGGACTCGGGG	0	0	0		0	0	0	0	612
TAGAGTATAGTAAAAAGGTGCAAGAGCGGG	0	0	0		0	0	0	0	736
TAGAGTGTTCAAGGCGATTCTTTCTGAAGT	0	0	0		0	7603.819229	0	0	788
TAGATATATTGGTGTAATGTACACTGAGCC	0	0	0		0	0	0	0	1107
TAGATCGATCTGTGTGTAATGCCAGGATGG	0	0	0		0	0	0	0	3963
TAGATGTGAATGATGTATATCTTTTGCTTG	0	0	0		0	0	0	0	1536
TAGATGTTAATCCTCTATCAGAGAGCTTGG	0	0	0		0	0	0	0	3925
TAGATTTGAATATGGTCGTAAGAGGCGGGA	0	0	0		0	0	0	0	916
TAGCAACGACGTGACTCGTTGTAAGGATAT	0	0	826.8916449		0	0	1398	0	13847
TAGCAAGGTCTGGTTTACTGGACACATCTA	0	0	0		0	0	0	0	1011
TAGCAATTTGTGTTAATTTCCCTGAGCCAT	0	0	0		0	0	0	0	1751
TAGCACTGTGGGATAGGAGTGCAAGAGAAA	0	0	0		0	1599.719982	0	0	18867
TAGCAGGATCCGTGATCAAGCTCCGGGTCG	0	0	974.8218016		0	0	0	0	1418
TAGCAGGCTGAAAATACGTCCTACATACAA	0	0	0		0	0	0	0	16271
TAGCAGTCTATCGGGTAAGTCATTATAAGT	0	0	0		0	0	0	0	12385
TAGCAGTCTTTCAGGGGCCAGCGTTGGGGA	0	0	0		0	0	0	0	838
TAGCATGCAGTCAATCATTCTTTGGAGACA	0	0	0		0	0	0	0	5331
TAGCATGCTCTTGCAACGACCAGTACATCG	0	0	0		986.9929078	0	0	0	1810
TAGCATTAAGTCTATCGAAATTGAATTGAA	0	0	0		0	0	0	0	1120
TAGCCAGGTGCAGTAATTATCAGAGGCTGA	0	0	0		0	0	0	0	1212
TAGCCGCATCGCTTTATGTGCAAATTTGTC	0	0	0		0	0	0	0	35655
TAGCCGCCAGATTATAATACGAGAATATAC	0	0	0		0	0	0	0	1691
TAGCGACATCGGTCGTTTGGTGATAAGGGA	0	0	0		0	1673.526805	0	0	1129
TAGCGACTTTTGGCTAGTCCATAGCAGAAA	0	0	0		0	0	0	0	2270
TAGCGCATTGATCCTGATTCGCTTATGCAG	0	0	0		712.2411348	2610.701817	0	0	12328
TAGCGCTATTCAGAGTGTTCGATTTGCATC	0	0	0		0	0	0	0	7570
TAGCGGAATGACATGGGATACGGACAGAAG	0	0	0		0	0	0	0	1434
TAGCGGCTACCCGGCACAGGGGGGAGGGTT	0	0	0		0	0	0	0	1734
TAGCGGGCTTGGGGCGTATCTGGGTTGTCA	0	0	0		0	0	0	0	774
TAGCGGGGTATTTGCTGAACTATAGGTGTA	0	0	2182.285901		0	0	0	0	0
TAGCGTAGAGTGAAAGCTGGGGCTAGATTT	0	0	0		0	0	0	0	3508
TAGCGTGCACCGGGGCAAATAGTGAGGGGA	0	0	0		0	0	0	0	3143
TAGCGTGGTTTTGGGGACAGGAACTTTGAG	0	0	0		0	0	0	0	4516
TAGCTAACACGTAAAGTCAGGGAATTCAGT	0	0	0		0	0	0	0	5336
TAGCTGGTTGGACGGAAATTTCTTATGCGC	0	0	0		0	1203.222862	0	0	2712
TAGCTTATTATGAATTAAGCCATACCACAG	0	0	0		0	0	0	0	10569
TAGGAAGTTTTAGGTGTGGGGGACGACCGT	0	0	0		0	0	0	0	6608
TAGGATCCAAGAAAGAAAGAAGTAGCTGGT	0	0	0		0	0	0	0	990
TAGGATCCATCATAAGTACAGGATTGTACG	0	0	0		0	1258.14887	0	0	0
TAGGATGGTCTTGGTGCGCCCCTAGCTCCG	0	0	0		0	0	0	0	1126
TAGGCAGCTGCGTCAGGAACGAGGGTAGTG	0	0	0		0	1127.699601	0	0	24502
TAGGCGTCATAGCCTTAGTATTCTTGCAGG	0	0	0		0	1429.792645	0	0	17006
TAGGCGTCTCTCTAGGGCCAGGTCTTCATG	0	0	0		0	0	0	0	3460
TAGGCTCATCTTTAGTCCATGTAGGTTAGC	0	0	0		0	0	0	0	19726
TAGGCTTCATGTTTCGCTCTCCTGGTGTCA	0	0	0		0	0	0	0	1193
TAGGCTTGTTGCGGGGGGGCATTAGGTTTA	0	0	0		0	0	0	0	1530
TAGGGACGAGGGTGACTAGCCGCCATACGA	0	0	0		0	0	0	0	6212
TAGGGAGTTATTGAAAATACCGAAACTGCT	0	0	0		0	0	0	0	2035
TAGGGATTACTGTTGTCGCTAGAAATGGGA	0	0	0		0	0	0	0	20483
TAGGGATTAGGTTGACCAAGAGTGTGTTGC	0	0	0		0	0	0	0	918
TAGGGCGGAGGGGTGGCCCAAGGAAAGGCG	0	0	0		0	0	0	0	4172
TAGGGGGAAGGCGTGGGAATGAAGGAACAT	0	0	0		0	0	0	0	1928
TAGGGGGCAACGAGCCAGGGTTTAAAACTA	0	0	0		0	0	0	0	2053
TAGGGGTAAAGGGAAGGCGCTTCGAAAGTG	0	0	0		0	0	0	0	2999
TAGGGTAAATTATACTCATCAAGGTTAGAC	0	0	0		0	0	0	0	1789
TAGGGTAGTTGTAGTCGGATTGCACACCTC	0	0	0		0	0	0	0	727
TAGGGTATTATCATATGAGCATGACCAGTG	0	0	0		0	0	0	0	3778
TAGGGTGCTCGTGCTGCTGCTTCACGGCGA	0	0	0		0	0	0	0	756
TAGGGTTGACGCTGAGTAATAATTGGGGTC	0	0	0		0	0	0	0	692
TAGGTACAACGCTTGGTTGTAATCCATCCC	0	0	0		0	0	0	0	3557
TAGGTACCTAATGGGTCTGACGTGTTGCTA	0	0	0		0	0	0	0	640
TAGGTACGTTTTGACACGACCTGGAAGGCA	0	0	0		0	0	0	0	687
TAGGTAGGTCACGCTATCAACCCCAAAATA	0	0	0		3045.51773	0	0	0	0
TAGGTATTTACTAGGGACGTAGAGTTATTG	0	0	0		0	0	0	0	951
TAGGTCATTCCTGGAGTGACTACTAACATA	0	0	0		0	0	0	0	6166
TAGGTCCCTTGGGTCCGGGGGAGCATTGCT	0	0	0		0	926.8763846	21505	0	4384
TAGGTCGAAGGCTATCAGGCGTTAGTGCAG	0	0	0		0	0	0	0	9429
TAGGTGGAAGAGTAGTCGGCAATCGAGGAT	0	0	0		0	0	0	0	1210
TAGGTGGGTGATTGAAACTGTTGAGGAACA	0	0	0		0	0	0	0	2521
TAGGTGTGTTGTGTATATCGCATAGGAATG	0	0	0		0	640.2312805	0	0	3489
TAGGTGTTAGAGAGTTGCACATTATTATAA	0	0	0		0	0	0	0	2679
TAGGTGTTTATTATTTTTTATCCAAATCGA	0	0	0		0	0	0	0	1670
TAGGTGTTTCACGGATTGTCTTATGTCGTT	0	0	673.904047		0	3915.194506	0	0	45401
TAGGTTATAGGAAGCCCACGGGAGAGAAGG	0	0	0		0	0	0	0	14689
TAGGTTCATTCGTGTGCGTTATACCAAGAA	0	0	0		0	0	0	0	1991
TAGTAAACTCATGGAGTTGAATTGCTGGTG	0	0	0		0	0	0	0	6596
TAGTACAGAGCGGGGCCCCTACGGCACCGG	0	0	0		0	0	0	0	3068
TAGTACCGTACAGGATTGCGATCACGCATA	0	0	806.6618799		0	2111.218432	0	0	5428
TAGTACCTTGTGCAATTTCATGGGCCGTTA	0	0	0		0	0	0	0	1227
TAGTACGGTTTCGGTGGCTATGAAGGGTTC	0	0	0		0	0	0	0	725
TAGTAGCATGTTAGTGGTGCCTATCGGATA	0	0	0		0	0	0	0	756
TAGTAGTGTTTGGTCGGGTAAACGTAGGCT	0	0	0		0	0	0	0	4428
TAGTAGTTTTGGCGCGTGTATTGCGTGGAT	0	0	0		0	0	605	0	1134
TAGTATATTGGGTAAGGTGACGGGTTGGGT	0	0	0		0	0	0	0	11580
TAGTATCAACGGATTTTAGATTACATGTAT	0	0	0		0	0	0	0	1559
TAGTATGTTACCGTTAGTCTGTGAATTATA	0	0	0		0	0	0	0	1238
TAGTCCAGTTTAATGCGTAGGCAACGGTTG	0	0	0		0	0	0	0	951
TAGTCCGGTAACATTAAACACCGGACAGTA	0	0	0		0	0	0	0	660
TAGTCGGATGCCAAAGTTGACCTTATGATT	0	0	0		0	0	0	0	10380
TAGTCGGGATGGAGTAGGGTCCCGGACAGA	0	0	0		0	0	0	0	3123
TAGTGAAGTTACGTCCTACGTCTCGGTGTC	0	0	0		0	4423.26008	0	0	38209
TAGTGCCAATGTTGGACATGTTGGATGGTA	0	0	1273.210836		0	0	0	0	0
TAGTGCGTTAGAAAGTGTTCCTGTTCCCAG	0	0	776.3172324		0	0	0	0	618
TAGTGCGTTCGAGGTTCTGGTTTCGGCGCG	0	0	0		0	0	0	0	935
TAGTGCTAATAGCATCGGACGGCATAGGGT	0	0	0		0	0	0	0	10618
TAGTGGCATAGACCATCCTATGCAGGCGTT	0	0	0		0	0	0	0	24206
TAGTGGCCAGCGGGTCAAGTACCTGTGCGA	0	0	0		0	0	0	0	610
TAGTGGCTTCGACGCACATAAATATTATGA	0	0	0		0	0	0	0	726
TAGTGGGGAGTAATAGGGACTGTTGGCGAG	0	0	0		0	0	0	0	3910
TAGTGGGGATTGGGCGGTAAATTGTTCAGC	0	0	0		0	3276.679663	0	0	7769
TAGTGGGTATTCTGAGCGTGTATCGTCCTC	0	0	0		0	0	0	0	772
TAGTGGTCTGGGCGAATGTGGTCCTGGGTT	0	0	0		0	1671.810368	0	0	0
TAGTGTAAAACATTCTGGTCCCGAAGGTTA	0	0	0		0	0	0	0	1343
TAGTGTACAGGAGGATTTGAGCACGCATTT	0	0	0		0	1747.333629	0	0	43231
TAGTGTGCATTGAGAAGCACTGAAGCCGTA	0	0	0		0	0	0	0	1087
TAGTGTGGTACTGTGTTCAGGCAAACGGGT	0	0	0		0	5144.163934	0	0	19793
TAGTGTTAAAAGATAATATATCCACAGCAC	0	0	0		4089.574468	0	0	0	22171
TAGTGTTGTAGTCTGACACCCGTGTGATGG	0	0	0		0	1853.752769	0	0	0
TAGTTAAATGACTTTTGGCGCAAAGGGCGT	897.1507503	0	0		0	0	0	0	3752
TAGTTACGATCTGTTTCGGGAGGTGATAGT	0	0	0		0	0	0	0	2289
TAGTTCCGAGCTCTTGTTGCCATCTAGGAC	0	0	0		0	0	0	0	2664
TAGTTCTCTGTAGACTGGAACGTAGCAGGA	0	0	0		0	0	0	0	995
TAGTTCTTAAAGCGCTTACTCCGGTTTCTT	0	0	0		0	0	0	0	722
TAGTTGACTTAATTCGTTTCGGAAGGAAGA	0	0	0		0	0	0	0	785
TAGTTTCTTTGTTCCTTTCAGTACGAGAGG	0	0	0		0	0	0	0	1462
TAGTTTGCATCTAACGGGCGTTCAGATAAT	0	0	0		0	0	0	0	2127
TAGTTTGGTACGAGTATTAACTTCGCGTAA	0	0	0		0	0	0	0	783
TAGTTTGTTTAGTGTGAAGAGTGTGATCTA	1300.141883	0	0		0	0	0	0	1716
TATAAACGTTCACGACCACTATGTTGCCGC	0	0	0		0	0	0	0	8819
TATAAAGAACCAGTCTGGCAATGTAACGAA	0	0	0		0	0	0	0	3747
TATAAATTAGATTAAATTCCCTTCGAGTTT	0	0	0		0	0	0	0	2937
TATAACATAGACTGCCTCTCACCCGGATGT	0	0	0		0	0	0	0	1606
TATAACCGTCCGGAATTCCCGGAATAAGCA	0	0	0		0	0	0	0	943
TATAATGCTGGGTGAGACCGCCGGTGTAAC	0	0	0		0	0	0	0	783
TATAATGGTCGATATCTTGGCCTCTTGCCC	0	0	0		0	0	0	0	33520
TATAATGTTGGGGGACTTTTTTGATGGAAA	0	0	0		0	0	0	0	2343
TATACCCTTCGCGCGCATTTGAGTAACCGG	0	0	0		0	0	0	0	8293
TATACGAGAGAAGGTAACGGAGTGGGACCG	0	0	0		0	1194.640673	0	0	35965
TATACGCGTCCGGTTGACATGGTATACAAG	0	0	0		0	0	0	0	870
TATACGGCTGACTTGGATGGGCCGGCGTAA	0	807.8483412	0		0	0	0	0	19790
TATACTATATGTAGGGTCGTTACTAGCGTG	0	0	0		0	0	0	0	2477
TATACTGGATCCACCCTGTAGCTTGTTGCT	0	0	0		0	0	0	0	4117
TATAGAGGTAGTCTACGACATTAGAAGGGT	0	0	0		0	0	0	0	2924
TATAGAGGTTAGCCCTATGATTTTGGTTGT	0	0	0		0	0	0	0	692
TATAGATATTCGGATATTTGGCGGGTCTAG	0	0	0		0	0	0	0	2207
TATAGTTGAGATTTCTGCCTGTCGATAGTG	0	0	0		0	0	0	0	5992
TATATAACTGCCAGTGTACGAACGAGTTTA	0	0	0		0	0	0	0	2794
TATATATTACTCAAGAAGATCTAGTGCATG	0	0	0		0	0	0	0	2053
TATATATTTCTAACGGAGATTAGCGACTGG	0	0	0		0	0	0	0	779
TATATCCGATCTTAGGGTACTGTGCATGTG	0	0	0		0	0	0	0	2453
TATATCCGTTAGGTACCTCAATAGTAGTCG	0	0	0		0	0	0	0	7747
TATATCTCTCTAATCCTTCGTGGCTGTTTT	0	0	0		0	0	0	0	986
TATATGATAAGAGTAGTCTGATTTACCTGA	0	0	0		0	0	0	0	45371
TATATGCGAAATGAGCGTCAATAGTGAATG	0	0	0		0	2955.705804	0	0	25002
TATATGGCAAATGTCGGGGTAGCACATAAT	0	0	0		0	0	0	0	743
TATATGTTTTGGAGGGCAGTTGTAATGAGA	0	0	0		0	0	0	0	7956
TATATTAGTGCGTGTTTTTGTCGCTGGAAT	0	0	0		0	0	0	0	1031
TATATTATTGAGGTACGAGTGTGAACCTCG	0	0	0		0	0	0	0	1975
TATATTCGTATCGATCGACTTATCAAATGT	0	0	0		0	2619.284005	0	0	6928
TATATTCTTATCAGGGAAAGGGTCTTACAC	0	0	0		0	0	0	0	1992
TATATTGTTGCGATAGCGTGGCGCGGTCTG	0	0	0		0	0	0	0	7623
TATATTTTTGTTTCCGGGTCCGTAATGGAT	0	0	0		0	0	0	0	24293
TATCAACGAGTAAGTAATAACTTAGCCAAG	0	0	0		0	0	1317	0	0
TATCAAGGTATGGGCGGCGAGCTCGATGTT	0	0	0		0	0	0	0	2789
TATCAATCATATAAACTGATCTCGCTTTCG	0	0	0		0	0	0	0	1008
TATCACGTTAAGCTAAAGAATTTGATTATG	0	0	0		0	0	0	0	2788
TATCAGGGAGGCCTTAAGGTCATAAAGGAG	0	0	0		0	0	0	0	8675
TATCATAATAGGGGAATATATTAGGCAAAT	0	0	0		0	1136.28179	0	0	2386
TATCATGAAATTCGCCCTCCTTCAAGTTAA	0	0	1022.867493		0	623.066903	0	0	662
TATCATTATCCTATGGCTGTGAGGGGGACG	0	0	0		0	2706.822331	0	0	0
TATCCACCTATGTTGCTATAATAAGCATAG	0	0	0		0	0	0	0	5416
TATCCAGGTCCGTCCCTCCTAGTACACTCG	0	0	0		0	0	0	0	19802
TATCCCATTCATAGGCCGGATGAGAGGCAG	0	0	0		0	0	0	0	15192
TATCCCTAATCCATTCGGCGCTCTAACGTG	0	0	0		0	0	0	0	3095
TATCCGACTCCAAACACAATAGTTCAAAGT	0	0	0		0	0	0	0	9700
TATCCGGTTACTGTAGCTTGGGGAGAGTTC	0	0	0		0	0	0	0	700
TATCCTATTAATCTCTATTTTAGCGAGAGG	0	0	0		0	0	0	0	712
TATCCTTAATCGCTAAGTGCCCTTAAGTAG	0	0	0		0	0	0	0	2176
TATCCTTATGGAACCCTCTTTAGGGGAGCT	0	0	0		0	0	0	0	802
TATCGAGCTTCCCGTGTCGCTCAAGCTACC	0	0	0		0	1570.540541	0	0	6952
TATCGATCTTTCTCTAATTTTCGATAACAT	0	0	0		0	0	0	0	9022
TATCGTGCAAGGCTAAGGTGATGCATCCGT	0	0	0		0	0	0	0	601
TATCTAATAAGCGTAAATTTGAAGGGAAGA	0	0	0		0	0	0	0	830
TATCTAGGTCGCGACATAGTCTATCCATAT	0	0	0		0	1230.685866	0	0	2947
TATCTATAATTTCGAAGCATAGTTTAAGGG	0	0	0		0	0	0	0	790
TATCTCGTAGGTGCGCACCAGAGACTGAAA	0	0	0		0	0	0	0	929
TATCTGAAAGAATATGGGGCTTATAGTGTT	0	0	0		0	0	0	0	15530
TATCTTTTACTATGACATGCGTCACCGAGA	0	0	0		0	0	0	0	773
TATGAACGTTCGCTCCGATGCTATCGATAG	0	0	0		0	0	0	0	1438
TATGAAGGTAGTAATTCCGGTTGGGGGTCG	0	0	0		0	1120.83385	0	0	0
TATGAGCATTGATCCGGATAGTTTAAGGGT	0	0	0		0	0	0	0	19135
TATGAGGGACAACCTCCATATTTCGGCTAA	0	0	0		0	0	0	0	9348
TATGAGGGACAGAGTTTTGGAATCATGTTG	0	0	0		0	823.8901196	0	0	29045
TATGAGGGATGATGAAGTAATTTCCGTCAT	0	0	0		0	0	0	0	6232
TATGATTATATTCTTGCTTTTAATACTTTT	0	0	0		0	1440.091272	0	0	5392
TATGATTTTAAGTGCACTGGGTCTAGATAG	0	0	0		0	1304.492689	0	0	26848
TATGCATCTCCAAGTGGAATTGGTTACGGG	0	0	0		0	0	0	0	7782
TATGCTCCTAAATTTAACCATGAGGGCATC	0	0	0		0	0	0	0	2438
TATGCTGTTGAGGCGGCCACCCCCAGACGA	0	0	0		0	0	0	0	2115
TATGGAGGATGTGCACATTTGTCAGTGAGG	0	0	0		0	0	0	0	11947
TATGGAGGTTGCCTAAAAATCTCATGACAT	0	0	0		0	0	0	0	2359
TATGGCATTTGGTTGCCGTGTCGAAGCAAG	0	0	0		0	0	0	0	1610
TATGGCCGATGGTGGGTACACTAGAAAGGA	0	0	0		0	0	0	0	1144
TATGGGCTACTTCCTCTAAGTTTAATAGTT	0	0	0		0	0	0	0	3716
TATGGGGCATAGTAACGAGCTTTAAGGGGA	0	0	0		0	0	0	0	3625
TATGGGGGTAGTACGTTGGGAGGTCTACGG	0	0	0		0	877.0996899	0	0	2998
TATGGTATTCTTGTTTGCGGTCTCCGCCAA	0	0	0		0	0	0	0	638
TATGGTCGTTATATGAGTGTGACCAGGAGG	0	0	0		0	0	0	0	688
TATGGTCTTTTTTCCGTAGTGCTGTTGAAT	0	0	0		0	0	0	0	3442
TATGGTTGTAATACTTAAAATGAGGGACAT	0	0	0		0	0	0	0	2250
TATGTAGGTTGAGGCCGTAGGCTGTGAAAA	0	0	0		0	0	0	0	8232
TATGTATTACAATTAGGTAAATTCCCGCTA	0	0	0		0	885.6818786	0	0	13741
TATGTCTCAGAGCTCGCGCAGGGGACGTTG	0	0	0		0	2394.43066	0	0	730
TATGTCTTATATAGCATTCCGGCTGTCTAG	0	0	0		0	0	0	0	1080
TATGTGACTAGGTGATTGGATATGAAACGG	0	0	0		0	0	0	0	10055
TATGTGATTAGCTTCGGATGCGATACATTG	0	0	0		0	5657.378821	0	0	15866
TATGTGGCTGGTCCGGAGTCACGCGACGTA	0	0	0		0	0	0	0	708
TATGTGTGATGCGCGGTGAAACTTCGGATT	0	0	0		0	2210.771821	0	0	22725
TATGTTATTCTAGGCAGGGCCTGCTGCTAT	828.4440655	0	1790.334204		0	0	1107	0	1328
TATGTTCATATAAAGCTCAGCATAAGTTGC	0	0	0		0	0	0	0	724
TATGTTCCAATTTATTGACTCAGATATAGA	0	0	0		0	635.0819672	0	0	1223
TATGTTCGTGAAATCTGTTCGGATGACTTT	0	0	0		0	0	0	0	3604
TATGTTGGATAGGGTCAGCGCATTTGAAGT	0	0	0		0	0	0	0	6255
TATGTTTGACGTTGGTACAACGCAGCTCCT	0	0	0		0	0	0	0	12456
TATTAAAAAGTTACATATTTCGCTTTAATA	0	0	0		0	2233.085512	0	0	868
TATTAAGTTGTTCTGATCGTTGAGGCCGGA	0	0	0		0	0	16349	0	0
TATTAATCTTAGAACGGCCCTAATGAATGG	0	0	0		0	0	2895	0	12803
TATTACCGTATTAAAAGTGTTGGGAGTATA	0	0	0		0	0	0	0	12257
TATTACCTTTTCTGCCAGATTCTACGCAGA	0	0	0		0	626.4997785	0	0	5355
TATTACTATAGGCGCAGCCAGTATGTGCAG	0	0	0		0	0	0	0	702
TATTAGACACGAGGTGGGTCACAAAATAAT	0	0	0		0	0	0	0	1113
TATTAGCGAAATGCTAAGAAACATTGATGT	0	0	0		0	0	0	0	4465
TATTAGGGAGAACTCACTTAACTTATACGC	0	0	0		0	0	0	0	2894
TATTAGTTTATTGCCAGCGCACCAGCATAT	0	0	0		0	0	0	0	6110
TATTATAGAGCGCATCATAATAAGGCATTA	0	0	0		0	0	0	0	2388
TATTCAACTTGTTTATTCGCTGATGCAAGT	0	0	0		0	0	0	0	869
TATTCAAGTTAGTCCGTGTGCAGGCATCGT	0	0	0		0	0	0	0	680
TATTCATGACGATATGATGTTATGGCATGA	0	0	0		0	0	0	0	1321
TATTCCAGTCCTGTGAGGGATAGCGGGTAT	0	0	0		0	0	0	0	2084
TATTCCAGTGTAGGGATTCCAAGTTTGTGG	0	0	0		0	0	0	0	1093
TATTCTAATGGTGTTAAGTCCACGATGTAG	0	0	0		0	0	0	0	35804
TATTCTGGACACGGTCGGCCGATTTTAGGT	0	0	0		0	0	0	0	2892
TATTCTGGTGGTTTGTTCTCGCTTAATTAT	0	0	0		0	0	0	0	21018
TATTCTTAAATAGATTGTTTCGACAGAATT	0	0	0		0	0	0	0	3517
TATTGCCATGGGCAACTAGATAAGTACACT	0	0	3248.141645		0	0	1813	0	0
TATTGCCGATGATAGCACTTGGAGTCTGAC	0	0	0		0	0	0	0	663
TATTGCGGTCCGTCCGACCCGCCGGGGCTG	864.1186903	0	0		777.7588652	0	0	0	14911
TATTGCTCTACCGGGATGATTATCACACTA	0	0	0		0	0	0	0	593
TATTGGGGTAGTTCCAGACAAGATGAGTTA	0	0	0		0	0	0	0	1311
TATTGGTCTTAATGTGCCATCTTACTAGGT	0	0	0		0	0	0	0	2996
TATTGGTGATCATATTTTTAGTAAGCGCTT	0	0	0		0	768.9641117	0	0	10897
TATTGTAATAGGTCATCTAGGAGTATTCTG	0	0	0		0	1210.088613	0	0	26446
TATTGTACATGGCGGTACAATAAGCACGCT	0	0	0		0	0	0	0	639
TATTGTCAATTGTGATCTTTGGGAGGCGTC	0	0	0		0	3115.334515	0	0	39547
TATTGTCGTTAGCAGGGTCCTAAAAAGCAT	0	0	0		0	0	0	0	7019
TATTGTGTACACGCTTGTTCGCTCTTAACA	0	0	0		0	0	0	0	2699
TATTGTGTAGGTTACGACCGGACGCGCTCT	1079.487722	0	0		0	0	0	0	42576
TATTGTGTTTAGCTGGCTGCGGTGTGGATG	0	0	0		0	0	0	0	1737
TATTGTTAAATGTGAAGGTTGTCGATGTAT	0	0	0		0	3439.741249	0	0	5141
TATTGTTGTGAAGGGTAGGCGTAGAGTTGG	0	0	0		0	0	0	0	10198
TATTGTTTTCCCCGGGACAGAGAGAGGTTT	0	0	0		0	0	0	0	925
TATTTAGTATGGTCGTCTCGAGGAAGCACT	0	0	0		0	0	0	0	3657
TATTTATTAATACAACCGCGTTGGATGTCA	0	0	0		0	0	681	0	25656
TATTTCTGTGTGGCCGTTCAATTTGTATTC	0	0	0		0	4541.694284	0	0	44134
TATTTGAATTAAGCGGTTCGAATCGTCGGT	0	0	0		0	0	0	0	1334
TATTTGCTATGTGGAGATATTTGTACAGTA	0	0	0		0	0	0	0	914
TATTTGGGATCTCGGAGGGGTGCTCTGGAA	0	0	0		0	0	0	0	8636
TATTTTAGAATTCCTTTTAATGGACGTTCC	0	0	0		0	0	0	0	1375
TATTTTGTTCTTAGAGTGTGTTGGTTAGAG	0	0	0		0	0	1765	0	14677
TATTTTTTATCGTGGTATCCGTGTGATACC	0	0	0		0	0	0	0	699
TCAAACGTAAATAGGACTCGTCACCCCGGG	0	0	0		0	0	0	0	647
TCAAAGCTAGTGTATCATGGAGCGTTAAAC	0	0	0		0	0	0	0	674
TCAAAGGATGTGCTTTTGTTCCGAGGCCTT	0	0	1374.359661		0	0	0	0	32433
TCAAAGGGTGTAGGTCTCGATGAGGTGGAG	0	0	0		0	0	0	0	1860
TCAAAGTCAGTCGATGCGATCGGGAACCCA	0	0	608.1573107		0	0	0	0	10421
TCAAATCGTTTTGACATATCGGTCAGTCGG	0	0	0		0	0	0	0	22602
TCAAATTATTCACGTATGTATGCCGAACGC	0	0	0		0	0	0	0	901
TCAAATTTAATGCGCGCAGTTTGTCTTGCA	0	0	0		0	0	0	0	26273
TCAACGGAAAGATGGCCTGCCCGTGGAAAT	0	0	0		0	0	0	0	9416
TCAACGGGATCGCGTGTAAATCAATAGGCC	0	0	0		0	0	0	0	2672
TCAACTGGATGCGGCTTAATCATTGTACCG	0	0	0		0	0	0	0	681
TCAACTGGTTGCTCACTTTGTTCAAAACTC	0	0	0		0	0	0	0	2888
TCAAGAAATAAGGGGCCAGACAAGCTTTAA	0	0	0		0	0	0	0	5116
TCAAGCGCAGAAAATTTACAGAGTAGGTCA	0	0	0		0	1930.992468	0	0	0
TCAAGCGGTGAGTTCCATCTTTTGATCTTA	0	0	0		0	0	0	0	27459
TCAAGTCGATCGCTGTAATTTACTCTCCTA	0	0	0		0	0	0	0	1000
TCAAGTGTACCTGCTGGGGATAATTACTTG	0	0	0		0	0	0	0	6684
TCAAGTGTATATACGTCAAAGCCCATAGCT	0	0	0		0	0	0	0	2860
TCAAGTTATAAAGAACTACGGAACAAGACG	0	0	0		0	0	0	0	1002
TCAAGTTCTTTGGTCTCGCATGGGGATTGA	0	0	1184.705614		0	0	0	0	0
TCAAGTTGTCGGTCCAGCGTAGCAGGGTTG	0	0	0		0	0	0	0	5745
TCAATCGAAGCATTCTTCTGGTTGCGGGAA	0	0	0		0	0	1878	0	10763
TCAATGGCTGGTTAAGGTGTGGCAGCGGAA	0	0	0		0	0	0	0	2172
TCAATTATTCGTGGGCGGAGTTTCAAGGCC	0	0	0		0	0	0	0	8156
TCAATTTTACAGGTTTTAGTGACATTTGTA	0	0	0		0	0	0	0	2683
TCACAGCATGAGAATGTGTAGTTATATGTG	0	0	0		0	753.5161719	1603	0	976
TCACAGTTTTTGGGTTTGTTAAAAGCTTAG	0	0	0		0	0	0	0	37805
TCACATCGACCAAGGGATTTCTGTGTTTGA	0	0	0		0	2413.311475	0	0	1558
TCACATTAAGGGTTAAGAGGAGCGCTTTCA	0	0	680.2258486		0	0	0	0	32264
TCACATTTTCATAAGCGGTTGCGTGAATTT	0	0	0		0	0	0	0	912
TCACCAATTTAATATTGCTTTTGGGTACCG	0	0	0		0	0	0	0	5774
TCACCAGTAGAGGGTATGCCGGGTGCGACA	0	0	0		0	1299.343376	0	0	8745
TCACCTAAACGTTAAGTGTTGGATGTTTGG	0	0	0		0	0	0	0	801
TCACGAGGAGAATGCGAGGCTGCCAGGTTG	0	0	1389.531984		0	0	0	0	48206
TCACGATAATATTGTATATGGTCTTTGGTC	0	0	0		0	0	0	0	1871
TCACGTTGAAGTTAGGAGTTGTTTGCGCTT	0	0	0		0	0	0	0	729
TCACTAGTTTTAGTGGTGGAAAACCCTACT	0	0	0		0	0	0	0	5260
TCACTATAATAACGTTACGGGTGCCAGTTA	0	0	0		0	0	0	0	6907
TCACTGGATGAATACTCAAATGTCAAGATA	0	0	0		0	880.5325654	0	0	0
TCACTGGGTACTGCAGGCGAGGCGAAGGAA	0	0	0		0	0	0	0	10013
TCACTGTTTTCGTCTGTAGTAAGTGTTATA	0	0	0		0	0	0	0	748
TCACTTTTTGACTGGACGTTCTTTAGGTCC	0	0	0		0	0	0	0	632
TCAGAACATTGTGGCTGTTGGCGTAGCCAC	0	0	0		0	0	0	0	2838
TCAGACTAACCGGTCTGAGTAGTATTCCGA	0	0	0		0	0	0	0	1006
TCAGAGCCTGCATGCGAGCTTGACTCACTT	0	0	0		0	0	0	0	6498
TCAGATAAAGTTAAAGATGGGATGGTACGA	0	0	0		0	0	0	0	789
TCAGCAACATTTAATATTTGTAATTGCGTA	0	0	0		0	0	0	0	12669
TCAGCCGATTTGGTGCTTCAGCGTGAAGCT	0	0	0		0	0	0	0	2922
TCAGCTAATGGCTGTTCGCAGCGGGAGTTT	0	0	0		0	0	0	0	5848
TCAGCTTCTTCCGCTTTGTTTCTAGCAATA	0	0	0		0	0	0	0	754
TCAGGACAAAATCTAGGTTCGCGTAGGCGA	0	0	0		0	861.6517501	0	0	20024
TCAGGCTATATGACGTGTGAGTACATATGC	0	0	0		0	0	0	0	3543
TCAGGCTATGTGTTGTAGTTTACTATCGAC	0	0	0		0	0	0	0	929
TCAGGGAATTAGGGTTAAATTACCATTGAG	0	0	768.7310705		0	0	0	0	12289
TCAGGGAGAAGCCCCTAGAGAGGTGATGCT	0	0	0		0	0	0	0	6778
TCAGGGATTTTCCGTGAGTACTGTGGGATA	0	0	0		0	0	0	0	911
TCAGGTTTTGGTGGTGGCGGGGTAGGGTTC	0	0	0		0	0	0	0	988
TCAGTCCAAGAGATACGGGATAGAAGGACG	0	0	0		0	0	0	0	4379
TCAGTGGGTGGTTGTTTAACGGTCGATCAC	0	0	0		0	0	0	0	1726
TCAGTGTATATGGGTGGGTACTCGCTCTTT	0	0	0		0	801.5764289	0	0	9094
TCAGTGTCTGTTTAGTTAACTGTTAAGTAA	0	0	0		0	811.8750554	0	0	14131
TCAGTTAATAATAACGATCCCGTTCCGGGT	0	0	0		0	0	0	0	1648
TCAGTTACTGTCGGCCCCTAATGTGCTTAG	0	0	0		0	0	0	0	9395
TCAGTTAGTTTCGTGCTGGGGGATTTAGCT	0	0	0		0	1512.181657	0	0	8746
TCAGTTGCTAGCCCGGCGCGGGAACGATGG	0	0	0		0	0	0	0	8272
TCAGTTTGTAGAGGGTCAAAGGGTTTTAAG	0	0	0		0	0	0	0	12445
TCATAAGATGCACTTCATGCGGCGTAGTAT	0	0	0		0	0	0	0	32590
TCATAAGTAAGTCATTTTGGTGCTGCATTG	0	0	0		0	0	0	0	3795
TCATACTTTTTGCGAAGCTTATGCGGCGTT	0	0	0		0	0	0	0	1488
TCATATAGTCCCCGCAGAACTGCATATTGC	0	0	0		0	871.9503766	0	0	0
TCATATTGTGCCCATTCAAGCTAGCAGGGG	0	0	0		0	0	0	0	629
TCATCAATTGAATAGCACCCAACAGTGGCA	0	0	0		0	0	0	0	14678
TCATCCGAAATACCATTGAATGGGGTGAAG	0	0	0		0	0	0	0	17093
TCATCCGGTAACACTATACCATCGGGACTA	0	0	0		0	1225.536553	0	0	4663
TCATCGCTTTGGTTATCTGGAAGGATTTAG	0	0	0		0	0	0	0	1841
TCATCTTAACGCCGACTCTGAGGCCTCAAC	0	0	0		0	0	0	0	10732
TCATCTTTTCTCAGGCCTTCTAATCGTAAA	0	0	0		0	0	0	0	736
TCATGAAATGGGAACTGTTATTACGGACAG	0	0	0		0	0	0	0	659
TCATGATGTACTCGATCGAATTGAAAATGA	0	0	0		0	0	0	0	2141
TCATGCAAAATAGTACGCCTCTCGGAGTTC	0	0	0		0	0	0	0	7951
TCATGCATTCCAATTTGTTCCCGGGAGGTG	0	0	2355.503264		0	1132.848914	0	0	28890
TCATGGCGTGCAAGTGAGGATGGGGCGACA	0	0	0		0	0	0	0	3575
TCATGTTGTTATGGTTTCTAGGTGCGTAGG	0	0	0		0	1307.925565	0	0	5733
TCATTAAATTCGAAATTGTTGCCCAGATGC	0	0	0		0	0	0	0	601
TCATTAATATAGTCGTATTAGCCTGCATAC	0	0	0		0	0	0	0	1295
TCATTACGACAGGTTCAGGTAATCGGCACA	0	0	0		0	0	0	0	790
TCATTACGTGGGTTTAGGAGGAGTTGTACG	0	0	0		0	0	0	0	1411
TCATTATGACCTGTCTTTTGGATCTCTACC	0	0	0		0	0	0	0	1315
TCATTCACATACTCTTGTTCGTGTTGACAC	0	0	0		0	0	0	0	5708
TCATTGGATAAACGAGTCTAACTCTAGTCA	0	0	0		0	0	0	0	7096
TCATTTCCTTGTGTCTAAAAGATGCGTTAT	0	0	0		0	1004.116083	792	0	0
TCATTTCGTTTTGTTTCGCACCCTTGACTC	0	0	0		0	638.5148427	0	0	1244
TCATTTGATTGTACGCGACGGCCATTCAGG	0	0	0		0	0	0	0	821
TCCAAAATACATCGTATTAACAGGCGCACT	0	0	0		0	753.5161719	0	0	592
TCCAAAGGACTTATGTTTAGCAAGGGAGCG	0	0	0		0	0	0	0	6127
TCCAAGCTTTAAGAACGGCCGTTGGGTAGA	0	0	0		0	0	0	0	19780
TCCAATTGTGATTGGTCAAAGGTTCTGAAA	0	0	0		0	0	0	0	6947
TCCACTATTGTGACCGACACAACTCATCAG	0	0	0		0	0	0	0	9844
TCCAGAGTATACCCAGGTGCGAATAGGCGA	0	0	0		0	0	0	0	680
TCCAGCAGTCTTCGCACTGGTGATAGGGTA	0	0	3115.383812		0	0	0	0	0
TCCAGGGCTCCTCGTAGAAAGTTGCCGGAT	0	0	0		0	6122.533451	0	0	7765
TCCATACGTCGGAGTGTAGTCAACACCCTA	0	0	0		0	0	0	0	626
TCCATAGCTTATACTCGAGTGGTATGAGGA	0	0	0		0	1019.564023	0	0	31780
TCCATAGGATGTGGAACGTCTATAAGAGTT	0	0	700.4556136		2312.141844	0	0	0	817
TCCATAGTTCGGGTATAAGGAGTTGTAAGC	0	0	0		0	0	0	0	683
TCCATGATTCTCAACAAGGCGTCGCTGGAA	0	0	0		0	0	0	0	8266
TCCATGGATTCGTAGTACGGTGCGTTCACA	0	0	0		0	0	0	0	711
TCCATGGTTCGACGTAACTATTCACTCGGC	0	0	0		0	3056.975631	0	0	945
TCCATGTTAATTGTCAGTCTCAGTCATGCT	0	0	0		0	0	0	0	1344
TCCATTCGACGCAGCGTGAGATACCGGACG	0	0	0		0	0	0	0	2105
TCCATTGGTTAAAGGTTTTTACCATGCAGC	0	0	0		0	0	0	0	2679
TCCATTGTTGCTTTGAATCTAACGTTCTCT	0	0	0		0	925.1599468	0	0	0
TCCCAGGATAGGATAGCAGGTCATAAGTCG	0	0	0		0	0	0	0	7933
TCCCAGGTAAACACCCCGCTGATACAGTAA	0	0	0		0	0	0	0	4077
TCCCCCATTCCGATCACTGTGTAGACGGGT	0	0	0		0	0	0	0	2164
TCCCCGCTTCGCGCGGTTGATCGGTGATCC	0	0	0		0	0	0	0	1183
TCCCGGCTTCAGTTAACGGGCCTCATCGGA	0	0	0		0	0	0	0	768
TCCCGGGAAGGGCCATTTCTAGGGGATAGG	0	0	0		0	0	0	0	5701
TCCCTATGACTCCAGTGCACTTCGGGGAAA	0	0	0		0	0	0	0	1229
TCCCTTTAATGTTTCATATTTAGACCGCTT	0	0	0		619.248227	0	0	0	60538
TCCGAAATTGCCAGCTTTCGGCGAGGCGTT	0	0	0		0	1139.714665	0	0	7352
TCCGAACAACCGCCTGTCCCAGGTACCCGA	0	0	0		0	2411.595038	0	0	2003
TCCGAAGAAAGCAAATATGAAGGTGATAGA	0	0	0		0	0	0	0	22610
TCCGATGGAACGGTTTTAAGGTAAGTAGTT	0	0	0		0	0	0	0	9471
TCCGCGCTAGTCAGGCTGCTACGACCAGCG	0	0	0		0	0	0	0	7251
TCCGCTTCAGCCGTGAGCAAAATCGGCCCG	0	0	0		0	1464.1214	0	0	721
TCCGGAAAAAGCAGCTTATCTTAGGAGGTT	0	0	0		0	0	0	0	2987
TCCGGATTACCAGAATACAGACAGTCAGAG	0	0	0		779.8723404	0	0	0	16644
TCCGGCCTTGGTTGGGAGATACCATAGCCA	0	0	0		0	722.6202924	0	0	0
TCCGGCTGTCTGGCGTGGCCTCGACTAGGC	0	0	0		0	0	0	0	1059
TCCGGCTGTGTCATCTCATCGGCCGTCTAT	0	0	0		0	0	0	0	9636
TCCGGGACAAAAACTGGGATGACTCGACGG	0	0	0		0	0	0	0	1549
TCCGGGGGTTGCCAAACTGGTTGCAGGATG	0	0	0		0	0	0	0	1738
TCCGGGTAACAAGTCTCTCGATGTGTATCA	0	0	632.1801567		0	0	0	0	790
TCCGGGTGTTGCTGCTACGCTGTCCCGGAC	0	0	0		0	0	0	0	3457
TCCGGTCCATCATCGGCGCTCGAGTCTTTT	0	0	0		0	0	0	0	924
TCCGTAACTTGATTAGGGTATTACCGACAT	0	0	0		0	0	0	0	18769
TCCGTATGTTTTTCGTGGTTCAGTACGGTC	0	0	0		0	9442.124058	0	0	72931
TCCGTGAATGCCTCGATACCGCATGGCCTG	0	0	0		0	0	0	0	2766
TCCGTGCTTAGTGGGGTGGTCAGTTTTGCG	0	0	0		0	0	0	0	1866
TCCGTGTGACGGTCAAACTGGACGGGGACC	0	0	0		0	0	0	0	6935
TCCGTTGGAGGATACGTGGGGCGAACTATC	0	0	0		0	0	0	0	1890
TCCGTTGTTCGTTAACTCTTACGTACCGGT	0	0	0		0	628.2162162	0	0	923
TCCGTTTGATGCGAAATAGAGACATCCGGT	0	0	0		0	0	0	0	1098
TCCTACGCAGTAACATAGTACAATGATCAA	0	0	0		0	0	0	0	9784
TCCTATACTCGCTGTACGCAGGGCAAAACG	0	0	0		0	760.3819229	0	0	973
TCCTATCAACTTTTGCACTCTTAGTTCCTC	0	0	0		0	0	0	0	633
TCCTATGAAAGGTGTAAAGTCCGTGGAACC	0	0	0		0	0	0	0	1266
TCCTATGTAAGATCATACGGAAGCTAGTAG	0	0	0		0	0	0	0	3378
TCCTCCCCTTCATGTCTGGCTACCAGGAAT	0	0	0		0	0	0	0	1601
TCCTCGAAAAGTGTAGGGCTCCTATTCGCG	0	0	0		0	2732.568897	0	0	10764
TCCTCTTTTGAATGTCCAAAGTGTGTATGA	0	0	0		0	0	0	0	8956
TCCTGCAGAATAAGATTACTTACCTGGGCT	0	0	0		0	705.4559149	0	0	7987
TCCTGCTGTCGGCATTGAGAGGTCGGGATT	0	0	0		0	0	0	0	7059
TCCTGGATATAGTGCTAAGCCCGCTGTCGA	0	0	0		0	0	0	0	732
TCCTGGGCTATCAAGCGAGGTATCTTATCA	0	0	0		0	0	0	0	1821
TCCTGGTCAGCCCCGGAAGGAAATGCTAGC	0	0	0		0	0	0	0	2492
TCCTGGTGATTGACTCAAGTCACACCAGGA	0	0	0		0	0	0	0	8229
TCCTGTCTAGGGTGCGGATAGCCTGTGGTG	0	0	0		0	1446.957023	0	0	3789
TCCTGTTATTAAACTCTTGCAAGTGGCGAA	0	0	0		0	0	0	0	2638
TCCTGTTGAGAGGGTGCAGGGCCCGCACTA	0	0	0		0	0	0	0	34102
TCCTTAATACCACCGAATTCATCATGACAC	0	0	0		0	969.7873283	0	0	2406
TCCTTACTAAGCATTGCTAACGAATTCACA	0	0	0		0	0	0	0	2522
TCCTTCACTTCTGTAGGGTGTGGTTTGGTG	0	0	0		0	0	0	0	18060
TCCTTCGCTCGTTTTGTAGCCGCGTTCAAA	951.3233288	0	0		0	0	0	0	30935
TCCTTGAATCGGGGAGGCGGTAGTGGCCCC	0	0	0		0	0	0	0	8531
TCCTTGTCACTATTGCCATTCGACCCCAGT	0	0	0		0	0	49820	0	1133
TCCTTGTCTGAACCTGCTCTTGGCTATGTA	0	0	0		0	0	0	0	9567
TCCTTTAGTGGGGGAATATGCGGAGACTGT	0	0	0		0	0	0	0	8810
TCCTTTCTAGAAGCCCGAAGTTGGTCAAAA	0	0	0		0	0	0	0	9320
TCCTTTTAATCAGTTATTCAGCACAGGGAG	0	0	0		0	2794.360656	0	0	16105
TCCTTTTGTAGGCATTAAAAGATTAGAGAT	0	0	0		0	0	0	0	695
TCGAAAGGTCCAGCATGTTTGCATTATGGG	0	0	0		0	0	0	0	14025
TCGAACGATGCATGAGTTCCTTGGGCTAAG	0	0	0		0	0	0	0	806
TCGAAGGGACAATGCGTCTTCATGACTTCT	0	0	0		0	0	0	0	6495
TCGAATTAATATTCGCCAAGTCCCCTTTCG	0	0	0		0	0	0	0	14948
TCGAATTTTGTTAGTAATCCAATCTATAAA	0	0	0		0	0	0	0	9793
TCGACATCATTTGGTGTGCACATTGCCTGA	0	0	0		0	976.6530793	0	0	3044
TCGAGCGCAGCAATTTCTGAGTCTCGTGTA	0	0	0		0	0	1233	0	0
TCGAGCGTATAAGGTTAGATGATGTCTTTG	0	0	0		0	0	0	0	24378
TCGAGCTAATCTCGTGCAAACAGGGGGTAG	0	0	0		0	0	0	0	2447
TCGAGGCATTTAAGGTAGCTCTTGTAGTAT	0	0	0		0	0	0	0	23850
TCGAGGTGAACAGGACATTCCAAAGTACGC	0	0	0		0	0	0	0	21927
TCGAGGTTTGCGTATCCCGATTTGCCAGCG	0	0	1839.644256		0	0	0	0	14223
TCGAGTATTAGAATTTTCTGTTTCACCTGT	0	0	0		0	3043.244129	0	0	1121
TCGAGTCTTTTTGATGCCTATTGTGGAAAC	0	0	0		0	0	0	0	813
TCGAGTTGAAGTTGTAGTTGTTGAGGCGCG	0	0	0		0	0	0	0	2486
TCGAGTTGTTTTATTCAATGATTCGTTATC	0	0	0		0	5360.435091	0	0	0
TCGATGAGTCAACCATGGGCCGGTCTCGTA	0	0	0		0	0	0	0	1330
TCGATGGATGCAGTAAGGGTGAGGGTGGCG	0	0	0		0	0	0	0	1025
TCGATGGATGGCCCCTGTAAGAAGCCGCAA	0	0	0		0	1561.958352	0	0	0
TCGATGTGTAGTGGAAGGCGAAAGCACGAG	0	0	0		0	0	0	0	29013
TCGATTTGTTATGTGCCGGCATGTCTCTCA	0	0	0		0	0	0	0	7774
TCGATTTTACGGGGCCGGGTCGATCATTTT	0	0	0		0	0	0	0	717
TCGCAGAGAAACGCCGGTCCCGGTTCGGGA	0	0	0		0	0	0	0	1316
TCGCAGTGTCTTAGCATATCATTCACTCCA	0	988.6255924	0		0	0	0	0	0
TCGCATAGAGAGTTTGGCGTGCAGACCGCC	0	0	0		0	0	0	0	4543
TCGCATGAAAACTATGTCAGGAGATAACAA	0	0	0		0	1203.222862	0	0	25252
TCGCATTATATCCGTTGGGTAGGGGATACA	0	0	0		0	0	0	0	596
TCGCCCTTAGCGGTGTGTAACTGTCATGCT	0	0	0		0	0	0	0	739
TCGCCGCGAGTTTCTGAATTGGCTGAAGAT	0	0	0		0	0	0	0	728
TCGCCTGCATGCTTCTCCAGATCGGCCGGT	0	0	0		0	0	0	0	1292
TCGCGCTGTAACTCGTTCTGAATTATAGAT	0	0	0		0	1407.478954	0	0	9297
TCGCGGTTAGGGCGACTAGGAAATGGAAAA	0	0	0		0	1769.647319	0	0	3954
TCGCGTATTTAATCCTAAGGGAAAAATGCT	0	0	802.868799		0	0	0	0	36819
TCGCTACATGTTCGTGCGAACCTCCTGAGT	0	0	0		0	0	0	0	3446
TCGCTGAAAGGTCCCGCACCAGAGTCACTC	0	0	0		0	0	0	0	1165
TCGCTGAATGTTCGCACGCCATGCCGTTGG	0	0	0		0	0	0	0	10639
TCGCTTCGATGATCGATATTGAGGGTGGAC	0	0	0		0	0	0	0	2857
TCGCTTGATTTTTGCTATGTGTCAGTTAGT	0	0	0		0	0	0	0	43796
TCGGAAATTCCAACGTGTCCGCGGAGATAC	0	0	0		0	0	0	0	7069
TCGGAACCATTAGGTGAGGACGTGTCGCGT	0	0	0		0	847.9202481	0	0	8195
TCGGAAGATAAGATGCCTACTTAGCCCGAA	0	0	0		0	0	0	0	15066
TCGGACTATGCTACTGTCGAGAGATTGACG	0	0	0		0	0	0	0	2940
TCGGACTGATCTTACTTGTGGCACTGTGTT	0	0	0		0	0	0	0	2146
TCGGAGCGTTGTGGAAATACGTAGGCTTAA	0	0	0		0	0	0	0	2286
TCGGAGTTAGCTGTTATAGGCCAAAGGAAG	0	0	0		0	0	0	0	611
TCGGATACTTTTCTTGTACTTAGGTAGATA	0	0	0		0	0	0	0	7362
TCGGATATTTATTAAGTTTAGGTTACCGAC	0	0	0		0	0	0	0	1876
TCGGATGTTCCGTCTCTGTTCAGGGCATCA	0	0	0		0	902.8462561	0	0	7740
TCGGATTGTTAGGCGGTTAGTACGGTACGG	0	0	0		0	0	0	0	4883
TCGGATTTAACTTGTGAGTCTTGGAACATA	0	0	0		0	0	0	0	1647
TCGGATTTTAGCGCCCAGTCTGCGGGTATA	0	0	0		0	0	0	0	1900
TCGGCAACTGGCATTAACAGGCTAAATGGA	0	0	0		0	0	0	0	687
TCGGCAAGTGGTTGGTGGTATACCATAACA	0	0	0		0	0	0	0	2378
TCGGCACGTGTTCTGGACGTGGGGTGATTG	0	0	0		0	0	0	0	12998
TCGGCATTTCAGGGCCGATTGTCCAGTATC	0	0	0		0	0	0	0	18768
TCGGCCCAAGAATGCTCGCACCCAGACAAG	0	0	0		0	0	0	0	850
TCGGCCGAAGATTGGATGGATCGTAAGAAC	0	0	0		0	758.6654852	0	0	0
TCGGCGCTTTTTCGTCCTCGGTCAATGCGG	0	0	0		0	0	0	0	875
TCGGGAATATTGGGAGAGCGGGCGGCTCGG	0	0	0		0	3374.516615	0	0	0
TCGGGAGTTCCGTGGACATTTGGGAGGGCG	0	0	0		0	0	0	0	663
TCGGGCAATTAAGACTACGTATGTGGGGTC	0	0	0		0	1096.803722	0	0	986
TCGGGCGGACAGTGAAAGTCACACCCGACA	0	0	0		0	0	0	0	2041
TCGGGGAAATCAGAATGATTTCTGTACTTG	0	0	0		0	0	0	0	1221
TCGGGTAATTAGTAGGGGGTGAAGGGCTTG	0	0	1031.718016		0	0	0	0	1178
TCGGGTAGTCGCCTGCACTAGGTCGTGAAG	0	0	0		0	0	0	0	6627
TCGGTAAATTCTTGCATGAGGGATTTTATG	0	0	0		0	0	0	0	2594
TCGGTAACTAGGTGTGATAGGTATGCTCAG	0	0	0		0	1989.351351	0	0	2584
TCGGTACGTGTATTCTCTATTAGGAGCGGC	0	0	0		0	0	0	0	80602
TCGGTAGATTATGTATGCTGCAATGTCGAT	0	0	0		0	0	0	0	1190
TCGGTATAAAACCACTGTGCGGGGTATACA	0	0	0		0	0	0	0	15839
TCGGTATTATCGTATGTGCAGCCGAAGAAA	0	0	0		0	0	0	0	1743
TCGGTCAGTAGGAAGGCTCGGGGGATCGGG	0	0	0		0	0	0	0	841
TCGGTCAGTGTGCATTGCAGGCCCATGTAG	0	0	0		0	0	0	0	2658
TCGGTCGCAATGTCAGGGATCAAAGGTTCA	0	0	0		0	0	0	0	6394
TCGGTGCGAGTTCAACGCAGTAACATTCAG	0	0	0		0	0	0	0	960
TCGGTGGATGGGGCGATGCGGGTGTGGGGG	0	0	0		0	2059.725299	0	0	31408
TCGGTTGCATGCATAGCGCGTTCCAGGTAT	0	0	0		0	0	0	0	3230
TCGTACAATCAAGGTTAAGGTAACTGTGTC	0	0	0		0	0	0	0	2600
TCGTACATTTGCAGACGCGGCAACGGCTAA	0	0	0		0	1153.446167	0	0	4830
TCGTACTCATGGGCTTTGCTTCTGCTAACG	0	0	0		0	0	0	0	1484
TCGTAGCGTAGGCGAAAGGGGGGGAGGAAA	0	0	0		0	0	0	0	4009
TCGTAGGCAGATGAAGCAGGCCGGGCAAAA	0	0	0		0	0	0	0	598
TCGTATTGAATTAGAAGATTTTTCCGATTT	0	0	0		0	0	0	0	10569
TCGTATTTTTGATATGCGACGGCATTAACA	0	0	0		0	0	0	0	1709
TCGTCCCTAACAGCTCCTTTGCGGCTCGAT	0	0	0		0	0	0	0	3810
TCGTCCTGATCCACTTCGCTGATTTTCGTT	0	0	0		0	0	0	0	11955
TCGTCGCTATAGATCTCTACGCTGCCTTGT	0	0	0		0	0	0	0	1816
TCGTGAAGTAAAATATAACCCACCATGCGC	0	0	0		0	3719.520603	0	0	1077
TCGTGAGATTCGGGGCCTTTATCGACATCA	0	0	0		0	0	0	0	839
TCGTGCACTTTGAGTCAAATCGACAGCGAC	0	0	0		0	0	0	0	736
TCGTGCTATTGACATTTTCTGAAGATCAAG	0	0	0		0	0	0	0	601
TCGTGGAGTGTACTTAAAGCCAGTTACTGG	0	0	0		0	774.1134249	0	0	0
TCGTGGATTCGAGGGGCATCAGTCACTAAT	0	0	0		0	0	0	0	647
TCGTGGGGAAGTTGTGGTTTTCAAGATGAA	0	0	0		0	0	0	0	2703
TCGTTAGATGTGGACCGTTCTGCGTAGTGT	0	0	0		0	0	0	0	5373
TCGTTAGTTGGGCGAGAGCTCACGTGCGAT	0	0	0		0	6405.74568	0	0	43781
TCGTTCAAAAGCGTTATGTAGTAAAGGTGA	0	0	0		0	858.2188746	0	0	9464
TCGTTCTGAAGCTGAATTGAGAGTTAAGAG	0	0	0		0	0	0	0	606
TCGTTCTGAGCTTTTATGGCCACAATTACT	0	0	0		0	0	0	0	2776
TCGTTCTTATGCAAAAGTAGGTTCTGATGT	0	0	0		0	0	0	0	3141
TCGTTGCAACTGCGTGCGGGAAAGTCAACA	0	0	0		0	0	0	0	2182
TCGTTGTGACTTTTCTAGCGTGCTCGCTAT	0	0	0		0	0	0	0	604
TCGTTGTTTAAAGCTCGGAATGATATTAAT	0	0	0		0	0	0	0	2862
TCGTTTTATTCGCTCGAGGCAGGGGTGAGT	0	0	0		0	0	0	0	9259
TCTAAAAGTCGCTTTATACTGCTTGCAGGT	0	0	0		0	0	0	0	4530
TCTAAAATTCATGACGGGGAATTTATAGGA	0	0	0		0	0	0	0	8542
TCTAAAGATGTACTTAGTAGGTTGACTAAA	0	0	0		0	0	0	0	687
TCTAAGCTTTGGGTCCCGGGGGCTCCGCCA	0	0	0		0	653.9627825	0	0	0
TCTAAGTGTCGGTGGAGTTGGGATGCGGGG	0	0	0		0	0	0	0	3212
TCTAATAGAGCACCCCTGGTACAGCCAGTC	0	0	0		0	0	0	0	46972
TCTAATTATGCGGTCGAGGCAGGCTCTGTG	0	0	0		0	0	0	0	3719
TCTACAAGTCCTCGCTGACTTGAAAGGTAA	0	0	0		0	0	0	0	1899
TCTACATGTGGTATGTATTTGTCGGCTGTT	0	0	0		0	0	0	0	45979
TCTACGAGTGATTTAGTTCGCCTCGGATCA	0	0	0		0	0	0	0	1279
TCTACTCCAGAGTATTGGGGTGGGGCAAGT	0	0	0		0	0	0	0	1879
TCTAGGGAACGTCATTGAGGACAGATGGTC	0	0	0		0	0	0	0	602
TCTAGGGCTTCCACGAGGAGGCGCAGGAGG	0	0	0		0	0	0	0	666
TCTAGTGGTATTCCACTAGTGATCCCGTGG	0	0	0		0	0	0	0	2156
TCTATATTTTTCTCTTTTTATCGGTTCTGG	0	0	0		0	0	0	0	2408
TCTATGATTAACTTCTGCGACAAGGATCAA	0	0	0		0	750.0832964	0	0	3163
TCTATGCATATGAGTGGGCTCTTTATTATA	0	0	0		0	1196.357111	0	0	0
TCTATGCTTGAAGGTAAGTTTGGTTTATTA	0	0	0		0	0	0	0	2817
TCTATGGAACTGTTGGTTTTGGATCTTACC	0	0	0		0	0	0	0	4706
TCTATGGAAGTCAACGAATGGAGGGTTGTG	0	0	0		0	0	0	0	1327
TCTATTCGAGACACTTCTGTGCCAGGCCGT	0	0	0		680.5390071	0	0	0	847
TCTATTTTTGAGGGGATGGCATTGAAGAGG	0	0	0		934.1560284	0	0	0	0
TCTCAATCTCTCAGATCTTTGGTCCAGACC	0	0	0		0	0	0	0	2497
TCTCACGTAACGGCGGAGGATGGGCGATGC	0	0	0		0	0	0	0	1936
TCTCAGCGATCTAGTGGATGTGGCGGAATG	0	0	0		0	0	0	0	10358
TCTCAGGTAGACTGGCTCCGTTGATAAAGA	0	0	0		0	1664.944617	0	0	0
TCTCATCTAATCTATCTGACGGTTAACGAA	0	0	0		0	1035.011963	0	0	2201
TCTCCCAGTGTGGAGGTGAATCAAGCATAA	0	0	0		0	0	0	0	2414
TCTCCTAAAGACTTGTGCTTTGTCGTTGGC	0	0	0		0	1735.318564	0	0	0
TCTCGAGCATGGTTCTGTACGCCTCATTTC	0	0	0		0	0	0	0	718
TCTCGATGTAAGGTAAGGTTTGAGTGTTAA	0	0	0		0	0	0	0	765
TCTCGGATATGTTGAATGATATGAGGGTTG	0	0	0		0	0	0	0	6647
TCTCGTACTGGATACTCATACGGGAATGGG	0	0	0		0	677.9929109	0	0	770
TCTCGTGTTGTAAGTTTCAGGATGTGACGA	0	0	0		0	1175.759858	0	0	18012
TCTCTAGGAGCGACACCTAGGAGATTTGCG	0	0	0		0	0	0	0	2706
TCTCTCCTTGAGCGATTGAGGGTCATATGA	0	0	0		0	0	0	0	11944
TCTCTGAAATTATTTTAAGATTGTCTCTCT	1355.635744	0	2626.076371		0	0	1393	0	833
TCTCTGGAATGCACATAGAGATGGGGCACA	0	0	0		0	1162.028356	0	0	3108
TCTCTTAATTCCCTGTGCGCGAGGGGCGTT	0	0	600.5711488		0	0	0	0	2181
TCTGAAAAATTCGCGCACCCATACAGTTGG	0	0	0		0	0	0	0	605
TCTGAAGATCAGAATGGGAGTTGGTGAGTT	0	0	0		0	0	0	0	4331
TCTGAAGCAGGGTTGATGGGAATGGAAGTG	0	0	0		0	0	0	0	23425
TCTGAATAAGCGACCATAAGCTTCGGAAAG	0	0	0		0	0	0	0	5909
TCTGACATTTGGGCGTCGGACATATCAGGC	0	0	0		0	983.5188303	0	0	1303
TCTGACTGTCAAACAAATAAGATAAATTTA	0	0	0		0	7629.565795	0	0	29368
TCTGAGCTACCATGGACAGACCAAATTGAG	0	0	0		0	0	0	0	8840
TCTGAGGAAGTTTACTTGACAACGCGAGAT	0	0	0		0	0	908	0	37762
TCTGAGGGAACTATCTTGGTTGGTTGGTGA	0	0	0		0	0	0	0	3912
TCTGAGGTAACTTCTAGAAAACTAACATCT	0	0	0		165789.4468	0	0	0	1173
TCTGAGTTTGTGGGGGGCCGGGGGCGGGAT	0	0	0		0	0	0	0	697
TCTGATGTATAACCGCGCAATGCGAGTGCT	0	0	0		0	0	0	0	22876
TCTGATTCAGGAGGCCGAGAAGTCCTTACA	0	0	0		0	0	0	0	34040
TCTGATTCTCAGGCTCCAAATATTGGGTGG	0	0	0		0	0	0	0	3055
TCTGATTGTATCCGGTTATTTGGTTATTGT	0	0	0		0	0	0	0	4851
TCTGCCGTATACCCGCGACAATAATAGAGA	0	0	0		0	0	0	0	21621
TCTGCCGTTTTCGTTGTATCATTCATTGAT	0	0	0		0	1120.83385	0	0	3486
TCTGCGCGAATTTCAGTTGCATGAAGAGGA	0	0	0		0	708.8887904	0	0	0
TCTGCGTCTCTAGTCGGGTGGAGAGTGCAG	0	0	0		0	0	0	0	662
TCTGCTGATTGGGTTGTTTCGCTCTCAGTC	0	0	0		0	847.9202481	0	0	1211
TCTGCTTCTCACTTCATCCCCGAACCATGC	0	0	777.5815927		0	0	1535	0	1013
TCTGGAGTTGAGTTATAATCATAATCAATG	0	0	0		0	0	0	0	8235
TCTGGCAGATCGTGATGTTGCCTTTCAAAG	0	0	0		0	1113.968099	0	0	24881
TCTGGGAGAGGGGGCGCGGCACGTGTGGGG	0	0	0		0	0	0	0	2366
TCTGGGCATCTTTGCCTTAAACGGAACGTG	0	0	0		0	0	0	0	1246
TCTGGGGGTGAACCCGCGGTGGCCGTGCGG	0	0	0		0	0	0	0	1100
TCTGGGTGACTTGTGGCACGGCGACGGTGC	0	0	0		0	0	0	0	1712
TCTGGTGAATATAGGGAACTGTAAACGGCG	0	0	801.6044386		0	1929.27603	0	0	12495
TCTGGTGTTGAAGGACCGCAAATTCTATCT	0	0	0		0	0	0	0	29147
TCTGTACGTGGGTAAAGCCAACTGCTGAGC	0	0	0		0	0	0	0	2164
TCTGTATCTCCTCGAGGGAGCCGGAGAACA	0	0	0		0	817.0243686	0	0	1606
TCTGTCACTATGACTTCGGTGGATTCTGCG	0	0	0		0	846.2038104	0	0	2781
TCTGTCCCTGCGATATGGAGTCACACCTTA	0	0	0		0	0	0	0	1930
TCTGTGGCATGTTCATTGACTAGCGCTTAG	0	0	0		0	0	0	0	8683
TCTGTGGGAATTTAACACACTTATATGTAG	0	0	0		0	0	0	0	6201
TCTGTGTTAACGATGCTGCGCGCGGTAGTG	0	0	0		0	0	0	0	2888
TCTGTTAATTGTGGTGTAGTTTAGTGTTAA	0	0	0		0	691.7244129	0	0	4485
TCTGTTATTCCATTGTGCAGTGAGTATATA	0	0	0		0	0	0	0	4190
TCTGTTATTGCTTAGGTTTATCTGGCGCAG	0	0	815.5124021		0	0	0	0	0
TCTGTTTTAAAGGTTGCATAGTAATGCTTG	0	0	0		0	0	0	0	4268
TCTTAATTTACTTCAAATAGCCGGTTTAAT	0	0	806.6618799		0	0	0	0	14389
TCTTACGATATCTGAGTCGTCGGCAGTTTA	0	0	0		0	0	0	0	3199
TCTTACGATGGTTCGGCTGCAGACCATTCT	0	0	0		0	0	1351	0	0
TCTTAGATAATCTGAACGAGTTAAAAATTA	0	0	0		0	0	0	0	3019
TCTTCATGTTACAAATAAAGTTCACGGATG	0	0	0		0	0	0	0	15553
TCTTCGGTATGAACTCAGGAATTAGTCAGC	0	0	0		0	0	0	0	1933
TCTTCGTAAGCCAAGCCCTGGTCAATAAGT	0	0	0		0	0	0	0	3988
TCTTCTCGAGTAACCAGAAAACCTTTAGAT	0	0	0		0	0	0	0	2204
TCTTCTTTTTAAACCACTTATCGCGTCCAA	0	0	0		0	0	0	0	847
TCTTGAAAAGGGATTTTGCGGGAGTCTATT	0	0	0		0	1309.642003	0	0	1188
TCTTGACGAAGTTGGGCATCATGGTTAAGG	0	0	0		0	0	0	0	4100
TCTTGAGGTGTGAGGAGATTGGAAGTATTA	0	0	0		0	961.2051396	0	0	11124
TCTTGATGACAGCTGGAAGGGTGTATGTCA	0	0	0		0	1378.299513	0	0	2795
TCTTGCGGTGCCGTTGGGGGGGTGTACCTG	0	0	0		0	0	0	0	1377
TCTTGGATTATGGGGAAGACCGGCCCATCT	0	0	0		0	0	0	0	40658
TCTTGGCTAACTCCTTAATAATGGTGGGTC	0	0	0		0	0	3108	0	2001
TCTTGGTTAACCGCTCGCGATGGGGGTCAA	0	0	1503.324413		0	1678.676119	0	0	2771
TCTTGTGATAAGGATAATTCTTTATAGGCT	0	0	0		0	0	0	0	2780
TCTTTAAGAGAGCGTTCCCTTGCCCTCTAA	0	0	0		0	0	0	0	27051
TCTTTACCTAGGCTATCAGCAGCTGGTTCC	0	0	0		0	0	0	0	20422
TCTTTAGGTCTTCGCCATCCACATTAAGTA	0	0	0		0	0	0	0	7701
TCTTTCGGTTATAAGCGGTGATAAGAGAAT	0	0	0		0	0	0	0	2138
TCTTTCTATGAGCTCTCGTATTATGGTCAC	0	0	0		0	8577.039433	0	0	20568
TCTTTCTTAAGTCGATCCTATCCTCGAGGT	0	0	0		0	0	0	0	592
TCTTTGCCAACTGATCCTTACATGGGTATG	0	0	0		0	0	0	0	1856
TCTTTGTATCTGGGGAACGCATATGTCTAG	0	0	0		0	0	0	0	9679
TCTTTTATTATATGGTGTTAGCCGGCAACG	0	0	898.9601828		0	0	0	0	0
TCTTTTGAATTCGGTGGACTTCGGTGCAGA	0	0	0		0	870.2339389	0	0	1319
TGAAAACGAGCGACCGAGGTGCAGCCGAAC	0	0	0		0	0	1002	0	0
TGAAACATACTTAATGGTGCGCAGGTTCAT	0	0	0		0	1330.239256	0	0	4930
TGAAACGGTGTCCATATTCGGTTGGGAATG	0	0	0		0	0	0	0	6086
TGAAATAAAGATTGGGCGTCGTGCGTCGTT	0	0	0		0	0	0	0	1322
TGAACATGAGCCGCTTAGGTCCGTGACACC	0	0	2399.755875		0	0	1426	0	9536
TGAACCGGAGAGTAGCCGATATGGGTTAGT	2731.090723	0	0		4345.304965	0	0	0	0
TGAACCTTACGAAGCGGCGGAAGTGCCGGA	0	0	0		0	0	610	0	1050
TGAACGAGACTCACAACAGGCGCATTTCGC	0	0	0		0	0	0	0	5746
TGAACGGTAACGTCTTGATGGTGTTAGGTG	0	0	0		0	0	0	0	2198
TGAAGATTACACCGAGGCATCGAGTGGGGT	0	0	0		0	3056.975631	0	0	3258
TGAAGCCCAGGAGCGCGGTGAGTAGGTGAA	0	0	0		0	1374.866637	0	0	21689
TGAAGCTTAGCAAGTCGCTAGGCGATGAGG	0	0	0		0	0	0	0	8669
TGAAGGGATCCAGGGGGAGTGGCCTTGGTA	0	0	0		0	0	0	0	1288
TGAAGGGGAAGGGATTGAAAACTAACTGAT	0	0	0		0	0	0	0	8200
TGAAGGTCACGACGAGTTACGGGCTGATGG	0	0	0		0	0	0	0	6965
TGAAGTGCTGCTAGTCATTCTGCACAGGAT	0	0	0		0	0	0	0	5643
TGAATAGGTAGGGGGAAGTTGCGTCTTGAG	0	0	0		0	0	0	0	3599
TGAATATCAGTCTGCGCCCTAATGATATAC	0	0	0		0	0	4050	0	8358
TGAATGAGTTCCACAAGACGCGAATCCCCG	0	0	0		0	0	0	0	2065
TGAATTAATGGATCGGGGCCGCTCAACACC	0	0	0		0	0	0	0	38398
TGAATTAGTGGGTGTCTGGGTACGACTTGT	0	0	0		0	0	0	0	2661
TGAATTCCTCATAGCTGGGCCGATAGACGG	0	0	4389.859008		0	1656.362428	0	0	30397
TGACAGAGTCTCTGCGTGTCCTATAGGGTG	0	0	0		0	0	0	0	3323
TGACAGTATTAAATACAGGTGAAATTGGTA	0	0	0		0	0	0	0	1706
TGACATGTTGTGCGAGTGTCGAAGCTTACA	0	0	0		0	0	867	0	20127
TGACCCAAATGATAGCTCATTACAGGGAGT	0	0	0		0	0	0	0	1479
TGACCGCCAGGGCCTATAAATTCATCCTCA	0	0	0		0	0	1255	0	23108
TGACCGGTTGGCTGGCTGCAGCTGGTTCCA	0	0	0		0	0	0	0	1960
TGACCGTTATGGAGCCCGGTAAAGAGTGTG	0	0	0		0	0	0	0	8358
TGACCTGCAGAGGAAGTCCCGACTGAGAGG	0	0	996.3159269		0	0	0	0	11015
TGACGCTATTTTCGATTTTCATCATCGACG	0	0	0		737.6028369	0	0	0	1082
TGACGTAGTCGACCTGCTCATTCTATTAGT	0	0	0		0	0	939	0	51387
TGACTAGAACTGAACGAATGGTGTTTGGGG	0	0	0		0	0	0	0	600
TGACTAGATCGTAGGGCTAGTCTTGAATTC	0	0	0		0	0	0	0	1429
TGACTCTTACACGCGCCTATCTGAAAGCAA	0	0	0		0	0	0	0	972
TGACTGATTGTTCGTTCAGGTGGCTTGACG	0	0	0		0	0	0	0	1230
TGACTGTGAGGGGCTAAAACCCGAGAATGA	0	0	0		0	0	0	0	12764
TGACTTATAAACGGTGGTATTTCCATTGCG	0	0	0		0	0	0	0	1178
TGACTTGTTACGGGGGAGTGAGGGTTCAAT	0	0	0		0	0	0	0	8947
TGAGAAGTTGTATAGAAGGGACCTAGTTGA	0	0	0		0	0	0	0	24509
TGAGAATAAGGTGCAGGGAATGGAGTGTGG	0	0	0		0	0	0	0	701
TGAGAGCTTAGTGTGGGCGAGACGAGGGGG	0	0	0		0	0	0	0	642
TGAGAGGCTTGCCCGAGATCTTTGAGAAAG	0	0	0		0	878.8161276	0	0	9958
TGAGATATATAAACTCAAAATTTAGCTGTG	0	0	0		0	0	0	0	754
TGAGATGATCGCAATGTTATAAGGGCGTGT	0	0	0		0	0	0	0	752
TGAGCACTTGTAGTCGTCTGAGCACCCCAG	0	0	0		0	0	2588	0	2868
TGAGCGAGTTGCAACTCATACACCTTGCCA	0	0	0		0	4654.979176	0	0	1911
TGAGCGGGTCGATTATGGTCACTTGTAACA	0	0	0		0	0	0	0	8150
TGAGCGTTATTACGATCCTAGTGTTACCAG	0	0	0		0	9618.917147	0	0	17315
TGAGCTAATAAATGTCTGGTTTATACATGA	0	0	0		0	0	0	0	2494
TGAGCTGGTGTCTTATAGCGCCTCGTGGTA	0	0	0		0	0	0	0	2256
TGAGCTTCACTGAGAGCGACGGTTCTATTC	0	0	0		3347.744681	2025.396544	0	0	42876
TGAGCTTCTTGTTCTATTTTATTTGAGCAG	0	0	0		0	0	0	0	3865
TGAGGAAAAACGCTGGAAGGACGGTGTTGG	0	0	0		0	0	0	0	708
TGAGGAATTTTAATTATGGTCTGTTAGTGT	0	0	0		0	0	0	0	1913
TGAGGACAAATCGCCACATCCGTTGGGGGT	0	0	0		0	0	0	0	781
TGAGGAGTATTACAGGGGGGAGGTTTAAAG	0	0	0		0	0	0	0	727
TGAGGATGTGTTTGTATAGGTATAAACGTG	0	0	0		0	636.798405	0	0	12211
TGAGGCGGAACAGCATTCGGGCTATGTGGA	0	0	0		0	0	0	0	1320
TGAGGCTGACCCACTGGTTGACGTTCGTCT	0	0	0		0	0	0	0	1535
TGAGGGACTGGATTGGAATCGTCTAGGGAA	0	0	0		0	0	0	0	4885
TGAGGGACTTTGCACCCGTCTCATTGCAGC	0	0	0		0	0	0	0	973
TGAGGGGGAAGGGTGTAAAGTTTCTTGCTG	0	0	0		0	0	0	0	1391
TGAGGGTTAAAGTGTACTACGCCCACTCCA	0	0	0		0	2167.860877	0	0	16638
TGAGTATCAAGTAGCGTGTGACTGGCGTTA	0	0	0		0	0	0	0	1152
TGAGTATCTAGGTGTAATTACAGGGGGGAT	0	0	0		0	0	0	0	1336
TGAGTATCTGCGCCCGGGGAGGTTCGTGGC	0	0	0		0	1019.564023	0	0	630
TGAGTATGAAGTTGTTTCAAGACTAGTCTT	0	0	0		0	0	0	0	1858
TGAGTCGGATGGGTGGGCGTTCCTGGGCCG	0	0	0		0	645.3805937	0	0	0
TGAGTCGTTAGAGTTGGAAGACGGTTATCT	0	0	0		0	0	0	0	6767
TGAGTGTGTAGAAAATGGGGGCGTACATGT	0	0	886.3165796		0	0	0	0	31957
TGAGTTAGTTGAAAGTCCAGTCTTGGCTCT	0	0	0		0	0	0	0	3074
TGAGTTTATCCAGCACGATTCATCAAAGGT	0	0	0		0	0	0	0	2198
TGAGTTTATCGTGATGCGGCCGCTACCTAA	0	0	930.5691906		0	0	0	0	5686
TGAGTTTTAGTCTGAATTACTGCCATGAGT	0	0	1909.184073		0	0	0	0	33482
TGATAATGTTTCTGCGTTTAATTTAGGTTT	0	0	0		0	0	0	0	1729
TGATACCGATCCCCTAGACGTAACGCACCC	0	0	0		0	4859.235268	0	0	38893
TGATATAGTGAGCATTAAATTCTCTGCTTC	0	0	0		0	779.2627381	0	0	21199
TGATATTCATCATTTAAGATCGGCAATGTT	0	0	0		0	0	0	0	1422
TGATCACATCTAACTTATGGTGCTTCAGGG	1016.066166	0	0		0	0	0	0	16027
TGATCATGTCAATGTACGGATTCATGAGAA	0	0	0		0	0	0	0	1560
TGATCATTTTACTGTCCGCAGTAATCCAGA	0	0	0		0	0	0	0	1815
TGATCCGTATGGAGGGAATGGCAAGTCACC	0	0	0		0	5653.945946	0	0	34658
TGATCCTGAGTTTAGGCCGTACTCGGACAG	0	0	0		0	0	0	0	716
TGATCGACAGGTGTATCATTTAGCGCGGAA	0	0	0		0	0	0	0	723
TGATCGTCTGTGACCAAGCCCTGGCTTGCG	0	0	0		0	0	0	0	21733
TGATCGTTAGAAGAGGTCCGCCGGTCGAGA	0	0	0		0	592.1710235	0	0	5948
TGATCTGGTCTTTCGCTGTGAACGTTCCAG	0	0	0		0	0	0	0	2991
TGATGCATTGGGATAGTGCATGCTAGGGGG	0	0	0		0	0	0	0	1847
TGATGCCTAGGTGATGCTTGCTACGGGTGA	0	0	0		0	0	0	0	1322
TGATGCGGTGTTGGCTCTTGTGGCGGGGTG	0	0	0		0	0	0	0	4158
TGATGGGATGAGCGAAAAGTCATTGGGGGG	0	0	0		0	0	0	0	1243
TGATGGGCATGGCATAGGGATCGTCGGGGA	0	0	0		0	0	0	0	714
TGATGGTATGGCTTTTTGATAATGGTGCTA	0	0	0		0	0	0	0	3212
TGATGGTCAATCACTTTCGCTGCATGGCAG	0	0	0		0	0	0	0	11958
TGATGGTCTAAAAAATAAGCTGTGAAGGGC	0	0	0		0	0	0	0	39589
TGATGGTGAAATTAGGTTGAGCGTTTGACA	0	0	0		0	0	0	0	21487
TGATGGTTACTTTTTCAGAAAGAATTTGGG	0	0	0		0	0	0	0	817
TGATGTATTCGGATAAGCAGGGAGGTGTGC	0	0	0		0	0	0	0	2531
TGATGTCTAGTTTGTCACGAGGCCATGGCT	0	0	0		0	0	0	0	13174
TGATGTTAATTTACTTAACTGTGTTCAGCG	0	0	0		0	0	0	0	2600
TGATTAGGACAACCCTGCTGACTGGGTCAA	0	0	0		0	2430.475853	0	0	4025
TGATTATGAGCAGCTTAAATCTCGTCCACT	0	0	0		0	0	0	0	1389
TGATTTAATCCAATTTCCACTATGTAAGCG	0	0	0		0	0	0	0	23937
TGATTTCAATTAGCCCATTTCACTGTGCGT	0	0	0		0	0	0	0	817
TGCAAAACAGGTCATTGGTCGATCGTCCTG	0	0	0		0	0	0	0	11180
TGCAAAGGAAAAAGGTCTGTCATCCACAAC	0	0	0		0	0	0	0	2881
TGCAAGAGTGTATCTGTATGAGAGGGCTGC	0	0	0		0	0	0	0	1245
TGCAAGTAATCTGTTGCTGGGGGTTATCGC	0	0	0		0	0	0	0	954
TGCAAGTATGTTTTATCTCATAGCGGAAGT	0	0	0		0	2176.443066	0	0	12359
TGCAAGTGAGGGCGGGAGAGGGGGGGTAAG	0	0	0		0	0	0	0	812
TGCAATAGAGCTCCTGCAGCGAACGTTTCC	0	0	0		0	0	0	0	46504
TGCACTCATGAGGGTATCAGTGATCGCCGA	0	0	0		0	0	0	0	8090
TGCACTCGAGTAGTAATGATGAACATAGCA	0	0	744.7082245		0	0	0	0	55326
TGCAGAACTCGCTTGGCATTGAGGAAAGCA	0	0	0		0	0	0	0	17074
TGCAGATCTTAAGCAGGCTGTGCGCACTGG	0	0	0		0	0	0	0	1474
TGCAGCAAATGCTTCGCGTTCTGGGTGTGC	0	0	0		0	0	0	0	857
TGCAGGAGAATGCACCTGTCGTAGAGAGTA	0	0	0		0	0	1770	0	0
TGCAGGCTTGAGCGGACTTTGTGGTCTAGC	0	0	0		0	0	0	0	1056
TGCAGGGGAGGTAATCGGTCAAAGGAGCAG	0	0	0		0	0	0	0	3668
TGCAGGTCATCGGTCCTGAGGGGTTATTCA	0	0	0		0	1307.925565	0	0	2273
TGCAGTAATGCAAGGCGGCATAACCTCTTA	0	0	0		0	1393.747452	0	0	24404
TGCAGTGTATTACGATGATTCTAGGGAGTG	0	0	0		0	0	0	0	70867
TGCATAGAATATAATTGGCCGTGCTTCACA	0	0	0		0	3755.565795	0	0	13909
TGCATATTATCACCAGCCATTGCAGAAAAC	0	0	0		0	782.6956136	0	0	0
TGCATCAGTGGCGGTGTCGTGGCGAAAGTA	0	0	2474.353133		648.8368794	0	0	0	6731
TGCATCCTTTCTCCCACGTCATATGAGATA	0	0	0		0	0	0	0	600
TGCATGAGATTGGGCTTGGGGATACAAGCG	0	0	0		0	0	0	0	25164
TGCATGATAGGGACAGAAGTTAACATTGGA	0	0	0		0	6651.196278	0	0	2638
TGCATGTCAGGTGAGTCAGATTCTCTACGA	0	0	0		0	0	0	0	4292
TGCATTCGTGGGTTACATTTCATGAGTAAA	0	0	598.0424282		0	822.1736819	0	0	12216
TGCATTCTACGAGTAGTGCACTAGAGCCAT	0	0	0		0	0	0	0	890
TGCATTCTTATTGTGAAGCGATAAGCGCGT	0	0	0		0	0	0	0	2032
TGCATTGATTGCAGTTAGATTCTCAAGCAC	0	0	0		0	0	0	0	688
TGCATTGTACAGAGCTAGAGCAAGTCAAGG	0	0	0		0	0	1058	0	7652
TGCCAAACTCGTTCTTCAAGCAACTGTAGG	0	0	862.2937337		0	0	0	0	0
TGCCAATATTAGGCGCAAAATGACTGGGTA	0	0	0		0	0	0	0	2849
TGCCATTTTGTTTGTGTTTGCGCCCCCTCA	0	0	0		0	950.9065131	0	0	4062
TGCCCATGTCTGGAGCTTCCGGGTCCCCCG	0	0	0		0	2778.912716	0	0	33618
TGCCCGGTTGTTACTCGATTTCACTTTAAC	0	0	0		0	696.8737262	0	0	2293
TGCCCTGGTGAGGTTTGCAGAATGCGGGTA	0	0	673.904047		0	0	0	0	743
TGCCGCAAATTTCTTTTTATCGTGGCATAC	0	0	0		1274.425532	0	0	0	30096
TGCCGGCAAGACTCGGGCGCTGAAGTTGAG	0	0	0		0	774.1134249	0	0	10955
TGCCGTAATTGGGACACGGTCTGCAATCAG	0	0	1022.867493		0	0	0	0	16496
TGCCGTAGTTCTCGCCCCGCCCCGGCGAGT	0	0	0		0	0	0	0	1431
TGCCGTCCTAATGTACCACCGTGGAACCAT	0	0	0		0	0	0	0	1370
TGCCTATGATACTTGGCGATGGTTAGTTTT	0	0	0		0	0	0	0	1082
TGCCTCAGACTTCAAGCGACGTGATGCAGG	0	0	0		0	0	0	0	799
TGCCTCCGATCAGAGGATCAGGTTACCGTG	0	0	0		0	0	0	0	1371
TGCGAGTATTAAGTACAAGTGCAGGAACCG	0	0	0		0	0	0	0	789
TGCGAGTGTGAGGAGGAAGCACTTGTTGCG	0	0	0		0	0	0	0	763
TGCGATAAAGAGTAGGCTTAAGTGAGTAGG	0	0	0		0	0	0	0	3447
TGCGATATATCTGTAGGCTAGTATAAGTTT	0	0	0		0	1642.630926	0	0	1223
TGCGCCCGAAGCAAGCCAAGGAAACGGTTA	0	0	0		0	0	0	0	1971
TGCGCCTAAGTTTGGTTGTAAGTCGGATGA	0	0	0		0	0	0	0	1209
TGCGCGAGATGAAATGCGAAAAGCAGCGCA	0	0	0		0	0	0	0	4741
TGCGCGAGTCCGTCGGCTGCGTCTTCAATT	0	0	0		0	0	1983	0	4516
TGCGGACGACCTACGGAGGTACGGGCGAAT	0	0	0		0	0	0	0	4357
TGCGGATATTTGTTTAGTCTCGTTTGCGGT	0	0	0		0	0	0	0	4095
TGCGGATGACTAAAAACACTGATGTTCGAG	0	0	0		0	815.3079309	0	0	13737
TGCGGGTAACTCGGGCGTTTGCGAGCTGGA	0	0	0		0	2042.560922	0	0	20806
TGCGGGTGAGGGCCGGGGACTTGTCCGTAT	0	0	0		0	0	0	0	959
TGCGGTAGTAAATGGTGGGAAATGGGAGCG	0	0	0		0	0	0	0	11164
TGCGGTTCTTAAGAGATGGATAATTCGGTA	0	0	0		0	0	0	0	57407
TGCGGTTGTGACCGAGTGCGAGCGAACCGC	0	0	0		0	0	0	0	4894
TGCGTAGAAGCAGATATTTCTGGTTTCGAG	0	0	0		0	0	0	0	2401
TGCGTATCTGGCTCAGATAGTTGCGGCGGG	0	0	0		0	0	0	0	633
TGCGTTTCTGCGGCCGTGTGCTATCTCGGT	0	0	0		0	0	0	0	1665
TGCTAAGTAATATCAGTATCTTCCATGTTT	0	0	0		0	1718.154187	0	0	0
TGCTACCGACGCGATTCAAGGGGACCGAAG	0	0	0		0	0	0	0	627
TGCTACGGAGCTGCCATGCACTCAGTCCTG	0	0	0		0	0	0	0	6832
TGCTATGTTTGTATTGCTTAATTATTCGGT	0	0	0		0	1170.610545	0	0	2965
TGCTATTTTCGGGGCCTCATAAGTCGTTAT	0	0	0		0	0	657	0	1176
TGCTCAGAAGGATCTAGAGGACCTCGTGAC	0	0	0		0	0	0	0	28647
TGCTCATGTCATGCGGGATGTACCGTAGTA	0	0	0		0	0	0	0	34605
TGCTCCCGACCTAGATTGTTGCCAAAATCA	0	0	0		0	0	0	0	1125
TGCTCTTATGCACATTCATGGGGGCCGTAA	0	0	0		0	0	0	0	1337
TGCTGACATGTTAGTGCGATGCAAGAAGCG	0	0	0		0	0	0	0	3197
TGCTGATAAATTGCTCACAGGAGACTCCGG	0	0	0		0	0	0	0	901
TGCTGATGTCTTTATGCGTATACACTGACA	694.994543	0	0		0	3173.693398	2362	0	19403
TGCTGCGGTTGCGCACCTGTGTGATTAGTG	0	0	0		0	0	0	0	3685
TGCTGGAATGTGGGTAGTCAGCGCGGAGGG	0	0	0		0	0	0	0	10523
TGCTGGCCTCCCACCTTCGGCGCCGTTGAC	0	0	0		0	0	0	0	3950
TGCTGGTGAACATGAACGCGTACTGTTGGC	0	0	0		0	0	0	0	832
TGCTGGTTAGAAAGGCTCGAACTACTCAAG	0	0	0		0	0	0	0	851
TGCTGTAAACAGGTGTTGAGAGCCAGCCGG	0	0	0		0	0	0	0	14641
TGCTGTTATGAAACCGTGGAGACATTTGTG	0	0	0		0	0	0	0	2878
TGCTTAAGATTAGCAGAGGGGATAGCCCGG	0	0	0		0	0	0	0	2734
TGCTTCGCTTGTGACTTAGCATGGTGTTGG	0	0	0		0	0	0	0	3411
TGCTTGACATGAGCGTAGATTTGGTCTAAT	0	0	0		0	0	10901	0	4469
TGCTTGACTCAAAAGTAGGAGAGTCTATTA	0	0	0		0	2758.315463	0	0	24795
TGCTTGAGTTTGTACGCTGGCGTACCTAAT	0	0	0		0	0	0	0	8788
TGCTTGGGTATTTGTGGCGAGTGCCCAGCG	0	0	0		0	0	0	0	14314
TGCTTGTGACCTGCTACCCAGGCACCAAGT	0	0	0		0	1000.683208	0	0	0
TGCTTTATAATTATAGACGCTGCGGGAAAT	0	0	0		0	0	0	0	3684
TGCTTTATTTGTGGTCATACCCTATTCCTA	0	0	0		0	0	0	0	783
TGGAAAACAGTTGAGGTTACTCATACTATG	0	0	0		0	0	0	0	4895
TGGAAAGGACAGGCAGCTTAATCCTCAGTA	0	0	0		0	0	0	0	1241
TGGAAATGACACGCGAGACAGCAAAGGGGG	0	0	0		0	0	0	0	5309
TGGAACGTTTGACTCGTACAAGGGCATAAA	0	0	0		0	0	0	0	669
TGGAACTCATAACGTGTAGGGTTTCTGCGA	0	0	0		0	0	0	0	5146
TGGAATCATCTTCATGGTTGTGACTGCTTG	0	0	0		0	0	0	0	5112
TGGAATTGTTCCGGCCGCTTGGAAGTATAT	0	0	0		0	0	0	0	854
TGGAATTTTTGCCTTAAGAGCTGGAACTCG	0	0	773.7885117		0	0	0	0	33883
TGGACACCTCGTAAGACAAATCACGTTTCA	0	0	0		0	0	0	0	1893
TGGACATTTGAGTTGCTAAAGTCTTACGGT	0	0	0		0	0	0	0	927
TGGACGATTGCTATGACTGTCGGTGGTATG	0	0	0		0	0	0	0	621
TGGACGGCTCTTCGAGTTGATCTCCAAGTA	0	0	0		0	0	0	0	6473
TGGAGAAGACATTGCGACAGCCACATGGAA	0	0	0		0	0	0	0	28366
TGGAGAATTTGTCTGTCGAAGCGCCAGCAG	0	0	0		0	0	0	0	1166
TGGAGACGATGATGGGAATGCTGCCCGGGG	0	0	0		0	0	0	0	3035
TGGAGATGAGTCGAGTTACCTGCGCGCAAC	0	0	0		0	0	0	0	10381
TGGAGATGTGGGTGAAGGGCGCCCGCTGGG	0	0	0		0	0	0	0	2574
TGGAGCGAATCAAGCGAGTTGTTGTTAGGT	0	0	0		0	0	0	0	3266
TGGAGCTCAGGGTTGTCGGTCGCGGCAAGC	0	0	0		0	0	0	0	770
TGGAGCTGTGTATCTAGTATAAAAGGGAAA	0	0	0		0	0	0	0	921
TGGAGGAATGGGATATAGTTTGAACATCAG	0	0	0		0	0	0	0	2232
TGGAGGAGTACAGTGAGGTTTCGCCACTCT	0	0	772.5241514		0	0	0	0	18346
TGGAGGATTGGTGAGGGAAGGGCAAGGTCA	0	0	0		0	0	0	0	1205
TGGAGGCAACCATGATTCGAGACGCCTGCC	0	0	0		0	0	0	0	972
TGGAGGTGTGCCTAGAACAGTAACGGGATT	0	0	0		0	0	0	0	3547
TGGAGTAATGTTTTTTCCAGAATAATAGCG	0	0	0		0	0	0	0	661
TGGAGTACTTAAAATGCTAATAAGTCGCGT	0	0	0		0	0	0	0	776
TGGAGTATTTGTAAACCTTCGGTCGGATTA	0	0	0		0	0	0	0	8159
TGGAGTTCACGGGGGAGAAGTAGATTCGGA	0	0	0		0	0	0	0	1321
TGGATAAATTTCATACAACGGCCTACGATG	0	0	0		0	0	0	0	2692
TGGATAATACACTGGGTCCAGTAGTGCTGT	0	0	0		0	0	0	0	18916
TGGATCATTGCTTTGCGACATGATGTCTAA	0	0	0		0	1021.280461	0	0	7836
TGGATCGTTGTGCTATAACATACCGTTGAT	3603.137108	0	1284.590078		0	0	1402	0	2401
TGGATCTTACAGGTACCGAGGCATACGCGG	0	0	0		0	3964.971201	0	0	26805
TGGATGAGTAGTGCCCAATGGGGTGCGACA	0	0	0		0	0	0	0	590
TGGATTCAAGTGGGCGAAATTCCTGCTTTG	0	0	0		0	0	0	0	12624
TGGATTCGTCGCTGCGGTAGAGGATGACGC	0	0	0		0	0	0	0	3801
TGGATTTTTCGTCATAAGTTTCACCCTTAA	0	0	0		0	1014.41471	0	0	0
TGGCACTGATGAAGCGAGGGAAGTTGTGTG	0	0	0		0	0	0	0	10839
TGGCAGGCTGGCCGGCAGCGCTCTGACATT	0	0	0		0	0	0	0	22488
TGGCAGTGTGGTGCCACTAACAAGAGCTTG	0	0	0		0	1071.057156	0	0	0
TGGCATACTTAGTTTGCTGTCGCACACATA	0	0	0		0	0	0	0	1869
TGGCATGTAAATGTAAGCCTTAATAACGGA	0	0	0		0	0	0	0	1263
TGGCATGTACGCTAAACGGTTTCTTGTGTA	0	0	0		0	0	0	0	597
TGGCATTGAAGGGGGCGGAGGTAAACCGCC	0	0	0		2343.843972	6834.855117	646	0	39926
TGGCCACTTATTATTATGAGATAAAGCTCC	0	0	0		0	1088.221533	0	0	0
TGGCCAGGAGAGTTTAAGCTGGCGAAGAGG	0	0	0		0	0	1673	0	9985
TGGCCAGTTAAATGGGAATCAGCGACTTGA	0	0	0		0	0	0	0	26026
TGGCCCAAAGCGTTGGAAAGCTCACTTTGT	0	0	0		0	0	0	0	6723
TGGCCCAGTCGACTCCTTCCATGCCCAGAT	0	0	0		0	0	0	0	1669
TGGCCGCATCGTGTGCCGCCGCCCAGTGAA	0	0	0		0	0	0	0	1618
TGGCCTCAACGGGACGTTTCGGTAACGTAG	0	0	0		0	0	0	0	16455
TGGCGAAGACCCTAGACGGTCAGGGACTAT	0	0	0		0	0	0	0	2397
TGGCGAGATCGGAGGATTCGTGGGCCAGGC	0	0	0		1054.624113	0	0	0	4937
TGGCGAGCAGAACTTCCTAACATTTGTTAC	0	0	0		0	1409.195392	0	0	32716
TGGCGATCACCCTAGGGGGCGTCGATCTCG	0	0	0		0	0	0	0	1483
TGGCGGGCATCGTAGGGCCGTGTTGAGGGC	0	0	0		0	660.8285335	0	0	0
TGGCGGGGTAATATCGGCCAGAGCTCGGAG	0	0	0		0	0	0	0	690
TGGCGGTGATCTCGGGTCGTGCATGTAATT	0	0	0		0	0	0	0	1850
TGGCGTATACCCATTGGTCCCATTTAATAA	0	0	0		0	808.4421799	0	0	4517
TGGCGTGTTCATGAAGCACCACATGAGCTG	0	0	0		0	0	0	0	2174
TGGCTACGATTAGAGGGGGTTGACCGGTAC	0	0	0		0	0	0	0	1002
TGGCTCAGACCCTAACCTCCATGAGAAGGG	0	0	0		0	1113.968099	0	0	28928
TGGCTCTGTCGTTAAGTTACTCCCGGTGTA	0	0	0		0	0	0	0	3078
TGGCTCTTTTCTGTGGCGCGGTTTAATGTA	0	0	0		0	0	0	0	2721
TGGCTGATTTGTCTCGGATGGGGGGAGACT	0	0	0		0	0	0	0	1094
TGGCTGGTTTCTTGCAAATGGCTGGCGCGG	0	0	0		0	0	0	0	664
TGGCTGTGTGGGAACAAGTCGAGATATGCG	0	0	0		0	0	0	0	2723
TGGCTGTTACGGGCGCGGTCAGAAGGGCCA	0	0	0		0	0	0	0	816
TGGCTTGTTTCCTCTTTGGTGTTGATCAAG	0	0	0		0	609.335401	0	0	744
TGGCTTGTTTTCTTTTAAGAGGTGTTTTAC	0	0	0		0	0	0	0	1260
TGGGAAGTTGAACAAACATTTAAGACGCAA	0	0	0		0	779.2627381	0	0	7718
TGGGACATATGCTTCAGAATGACTCGTTAG	0	0	0		0	0	0	0	3008
TGGGACATTCCTGTCGATTAATTGAAAGAG	0	0	0		0	1920.693841	0	0	721
TGGGAGGCTACAGACTAGTTGATTGTAGGT	0	0	0		0	0	0	0	1188
TGGGAGTCTTGAATTTGGCCTGTCAGAAAA	0	0	0		0	0	0	0	2728
TGGGATAAAGGCTGACAGTAGAGATCGGTA	755.7735334	0	1030.453655		0	0	0	0	0
TGGGATCTTTCCATGGGGCCGAAGCCAACG	0	0	0		0	0	0	0	606
TGGGATTGATTTGACTTTTAATATGAATAT	0	0	0		0	0	0	0	3194
TGGGCAGCAAGATGGTGGTCATTGCGTGAT	0	0	0		0	0	0	0	2348
TGGGCATATCAGCTACGTGTGGTGTGTAAA	0	0	0		0	0	0	0	650
TGGGCATGTGAATGAGCCCATGTCCGAGTG	0	0	0		0	0	0	0	1086
TGGGCCTGAGATAGATCCATGTGTATGGGG	0	0	0		0	0	0	0	9936
TGGGCGAATGATCTCGCGGCATATAGCTGT	0	0	0		0	0	0	0	4545
TGGGCGCTAGTCGCGATCAGGAGAGTTATG	0	0	0		0	0	0	0	10237
TGGGCGTTTGTAGCTATGGCCGAGTATGGC	0	0	0		0	0	0	0	1228
TGGGCTAATTCCTTCTTTGAGTCCGCTTCT	0	0	0		0	0	0	0	1065
TGGGCTATATGTCTATGTTGTAGTGTGGAC	0	0	0		0	0	0	0	1859
TGGGCTGTTGGTGAGGACACTGGAAAAGTG	0	0	0		0	1654.64599	0	0	0
TGGGGACGTTGTAGGTCCCAATTTAGTCTT	0	0	0		0	0	0	0	1129
TGGGGAGGTGGCTCCGATCGTGGCGCTTTA	0	0	0		0	0	0	0	816
TGGGGAGTAGCAGCGTCATTCGGGCGTGAA	0	0	0		0	0	0	0	4615
TGGGGATGTGGGGCACCTATCGCCTCTTGA	0	0	0		0	1386.881701	0	0	624
TGGGGCCAAACGGCGGGAGCAGAAGTTCGA	0	0	0		0	0	0	0	8561
TGGGGCCCTCGCCAATACTCAGTATTTGCG	0	0	0		0	0	0	0	617
TGGGGCGAATTTGGTTCTGGATGGATAATG	0	0	0		0	0	0	0	10786
TGGGGCGCTGGCCGGGATCTGGCTCCCTAC	0	0	0		0	0	0	0	886
TGGGGCTATCCATGAGACCTGCGAGTCTGA	0	0	0		0	0	0	0	1320
TGGGGCTCACATGTTTTATCTACAGGGTGG	0	0	0		0	0	0	0	3044
TGGGGGAGAATTACACGGCAAGGGCCGTGT	0	0	0		0	1091.654409	0	0	2524
TGGGGGATTATATAGATTATCGCATATAGC	0	0	0		0	0	0	0	2364
TGGGGTGAAGCATGTGGGTAGTACAAGAAC	0	0	0		0	0	0	0	5114
TGGGGTGCTAAAAACAGATGCGAGGCGCGC	0	0	0		0	789.5613646	0	0	0
TGGGTACAACCGGTCAGCCTGATTAAATGC	0	0	0		0	0	0	0	11446
TGGGTATTTTGGGCGGAGGAGCGCGAACCG	0	0	0		0	0	0	0	894
TGGGTCCGATGGCACATGGGGTGACGCTGC	0	0	0		0	0	0	0	1338
TGGGTCGTACGCTATTCTTTCGGTTTGGCA	0	0	0		0	0	0	0	1357
TGGGTCTAAATAACGTAGACACATAGGGTG	0	0	0		0	672.8435977	0	0	0
TGGGTGATATAAACCGGCGGGGGGAGGTGA	0	0	592.9849869		0	0	0	0	0
TGGGTGGCTCATCTGAGTAATCTCGGCAAC	0	0	0		0	0	0	0	6410
TGGGTGGTAGGGTATAACAGGTCGTGAGAG	0	0	0		0	0	0	0	10363
TGGGTGGTTTTGAGTTGGACTTTGCGGGAG	0	0	0		0	0	0	0	2846
TGGGTGTCATTTGCTATTGCATAATGGATG	0	0	0		0	0	0	0	1089
TGGGTTAGTAATCGATTTGCGCGGCATTTG	0	0	0		0	641.9477182	0	0	17954
TGGGTTATAATATGATTTTTTTAGTATAAG	0	0	0		0	0	0	0	638
TGGGTTGGTTAATCTAAAGTCGTTAATGAT	0	0	0		0	0	0	0	2725
TGGGTTGTTTGGAGAAGGACATGTGTTACG	0	0	0		0	0	0	0	617
TGGGTTTGATCGGTTGGGAATTAGGGAGCA	0	0	0		0	0	0	0	4688
TGGGTTTGATTAAAATGGGCCTCGGTTTTA	0	0	0		0	782.6956136	0	0	12034
TGGGTTTTTTCCTAATTTTAAGGACCACAT	0	0	0		0	0	0	0	5541
TGGTAATGACACGGGGAAAAGGGAGGGATT	0	0	0		0	0	0	0	1948
TGGTACAGATACATGGGGCGCGGAGTAGGG	0	0	0		0	0	0	0	919
TGGTACCTACGTCTCACGGTTCGTGGAAAG	0	0	0		0	11936.10811	0	0	14015
TGGTACGCTGGGCGAGTGAAAATTGGTCGG	0	0	0		0	0	0	0	6475
TGGTAGACTGAGGGTGTGTAATTAACGTCA	0	0	0		0	0	0	0	621
TGGTAGCGTAAAGTAGCTGTGAGAAGGAAG	0	0	0		0	0	0	0	5113
TGGTATATAAAAAGAATCGCCCGCTGCGAC	0	0	0		0	1040.161276	0	0	913
TGGTATCAAGTTATAGGAAGTCCATACTTG	0	0	0		0	0	0	0	1422
TGGTATCATCATGCGTACCGAATACCATGC	0	0	868.6155352		0	0	0	0	768
TGGTATCATTATCCGCCTTGCATAGGAACG	0	0	0		0	0	0	0	3180
TGGTATGTTTGGTGTTTTATCCTCTGTTTG	0	0	0		0	1101.953035	0	0	7120
TGGTCAGTTAAGGCAGGAGAGTTGAATTGA	0	0	0		0	0	4182	0	3487
TGGTCCAATGTTCTCGGTTTTGTCAGGGCA	0	0	0		0	0	0	0	4006
TGGTCCATTTTGTAGTCCTCTCCTGGGGCA	0	0	0		1109.574468	1610.018609	6331	0	14730
TGGTCCTCAGGCGATATACAAGCCCGAGTA	0	0	0		0	0	0	0	593
TGGTCGGGTAGGGTACTCTCCTGACTGGAG	0	0	0		0	0	0	0	710
TGGTCGGTTTGCGTTGTTTTCGGAAACTAG	0	0	0		0	0	0	0	739
TGGTCGTATTCCTGAGGGTCCCCGCGGACC	0	0	0		0	0	0	0	658
TGGTGAGCAACGAGATATTATAAGGGTAGT	0	0	0		0	0	0	0	5987
TGGTGAGGTCAGCGAGAGGATGGTAGGAGG	0	0	0		0	0	0	0	1166
TGGTGATGAAAAAGCCACTCGTTGTGCGTC	0	0	0		0	0	0	0	2683
TGGTGCAGTAAGACCGGTTTAGTGTCTATC	0	0	0		612.9078014	1682.108994	0	0	12961
TGGTGCCTACTCCCTCAAACCTGTAGGAAC	0	0	0		0	782.6956136	0	0	8749
TGGTGCTATAGCTTGTCGCTTTCAGTCTAG	0	0	0		0	0	0	0	6167
TGGTGGAGAAAGTGATCCGGGCCGGTGGAC	0	0	0		0	0	0	0	1240
TGGTGGGATCCGTACGAAATCGTGTTCTTT	0	0	0		0	0	0	0	746
TGGTGGGGTCTGGCCACGTGTAGGGATGTT	0	0	0		0	0	0	0	931
TGGTGGGTATGGGATTAAAGGGCAAAGTTC	0	0	0		0	0	0	0	4291
TGGTGGTGACTTGCTTGTTCTGCATAGGGG	0	0	0		0	0	0	0	4123
TGGTGTAATTCGCGTGGGAAATACACGAGG	0	0	0		0	0	0	0	1646
TGGTGTATTGCTCGACTGCGGGTAGGTGTG	0	0	0		0	0	0	0	1071
TGGTGTGGAGAGCCGATACCGAGCTGGTCA	0	0	0		0	0	0	0	1565
TGGTGTTTAGGGGCTGGGGTTCGCACTTAC	0	0	0		0	0	0	0	684
TGGTTAAAAATCAGTTTCAGCTTACGAGAC	0	0	0		0	0	0	0	1062
TGGTTACGAAAAGGTGTCGGCACAGGCTGT	0	0	0		0	0	0	0	23617
TGGTTAGGAAGCCGAGCAACAGGTGATTCA	0	0	0		0	0	0	0	8859
TGGTTAGGATGTGGGTAAACTACCCGAGAC	0	0	0		0	0	0	0	1386
TGGTTCATTCATATGAGCTGCTGAGACCAT	0	0	0		0	0	0	0	9825
TGGTTCGATGTATGTAAGGCTTTGCGATGT	0	0	0		0	698.5901639	0	0	0
TGGTTGGAACAGGTGTCGGGCGGACATACT	0	0	0		0	0	0	0	721
TGGTTGGCAGAAATGCAGTGGTTGCTGCAG	0	0	0		0	1055.609216	0	0	29689
TGGTTTAATTGTAATGGTCGTTGTTGCTGC	0	0	0		0	0	0	0	1029
TGGTTTGTTAGACAGCGACTGAGAGTTATT	0	0	0		0	0	2923	0	825
TGGTTTTGATCGCGGTCTGTTTGTGTTTTT	0	0	0		0	0	0	0	909
TGTAAACTTGGTGTTGGTGTGATGGGGGTG	0	0	0		0	0	0	0	601
TGTAAAGGTCGTACCGGGAGATAGGATCGT	0	0	2044.470627		0	0	0	0	23394
TGTAAAGGTTTGTGTCAATTTGGGAATGGT	0	0	0		0	0	0	0	1553
TGTAACGCTAGCAACCGTATAGGGATAGGG	0	0	0		0	0	0	0	10255
TGTAACGCTTGGGATTGTGTTATTTTGGGC	0	0	0		0	0	0	0	5558
TGTAACTTTAACGCCAAATTTGTTATCAAC	0	0	0		0	0	0	0	1462
TGTAAGACATATGGGGAGTTTTGAGTGCAT	0	0	0		0	0	0	0	8315
TGTAAGAGACTGGCAGCCCAGGTGAGAAGC	0	0	0		0	0	0	0	14510
TGTAAGCGTAGGGACCAGACTTGCACGGTC	0	0	0		0	0	0	0	10051
TGTAAGGAAATATGATCACTCGGTCGGAGG	0	0	0		0	0	0	0	10533
TGTAAGTGATACCAGTTGGTCGAATAAGTA	0	0	0		0	0	0	0	1956
TGTAATCGTGGCCTGGCGTAAGTAGAGAGC	0	0	0		0	0	0	0	19553
TGTAATTATGAACTTACACGGTGCAGGTCT	0	0	0		0	0	0	0	38501
TGTAATTGATTATAATTAGCTAAGCATGCT	0	0	0		0	0	0	0	4168
TGTACCTAAAAGGGAGATGTAGGTCTGGAG	0	0	0		0	0	0	0	1753
TGTACGCTTTCTCTCTTATTTGAACTGGGG	0	0	0		0	0	0	0	797
TGTACTAATAGGTCGACGTCACTGAGGTTG	0	0	0		0	0	0	0	5664
TGTACTAGACTGTATGGGTTCCGTGAGTAA	0	0	0		0	0	0	0	1452
TGTACTGCATAGTCAGTGGCCATAAAAATG	0	0	0		0	0	0	0	10353
TGTAGAATACGGCGCTACTAGGGATCTGCA	0	0	0		0	0	0	0	3348
TGTAGAGCAAGAGACCGGCAGGAAACGCCC	0	0	0		0	0	0	0	17804
TGTAGGAGTTACAACGGTGGTTTCTCAGGG	0	0	0		0	0	0	0	15851
TGTAGGGCACATAAGTGCCAGCAATGGTGA	0	0	0		0	0	0	0	798
TGTAGGGGTCGGACAGGGCGCGGTCCAAGT	0	0	0		0	0	0	0	1427
TGTAGTAGTTAACTGGTTTTCTCGTCGATG	0	0	0		0	0	0	0	10298
TGTAGTTGATCTGGGGAGCTGAGGGTGTTT	0	0	0		1878.879433	0	0	0	4135
TGTATACCAGTTCTATATGGGGTCGATTTA	0	0	0		0	0	0	0	78979
TGTATATTTGTTAAACATGGTTGTTCTTCA	0	0	0		0	2279.429331	0	0	13346
TGTATCCGTCCTGTGTTTTAAAAGGCCTAA	0	0	0		0	0	0	0	7845
TGTATCCTACGTTTTATAAGGCAAGTCATA	0	0	0		0	0	0	0	1108
TGTATCGTTATTGTTCTAGCGGCGAATCTG	0	0	0		0	0	0	0	5859
TGTATGATACCACGTTCCTTAAAGCTAGTA	0	0	0		0	0	1020	0	36337
TGTATGCGAGGGTGGTTGCATATCTCACGG	0	0	0		0	0	0	0	6892
TGTATGGAAGTTGTATACTGCGATTGGGGC	0	0	0		0	0	592	0	26932
TGTATGGGAGGGATCTCGCTCCGATTTATT	0	0	0		0	0	0	0	1385
TGTATGGTAGAGCTATCGGTGCATTTTCCT	0	0	0		0	0	0	0	10167
TGTATTAATGTTAACAGCACAAGGGCTATA	0	0	0		0	0	0	0	17065
TGTATTCAAGCAGGCTGGGGAGCGTAGGAG	0	0	0		0	0	0	0	3494
TGTATTCCTTAAGTTCCTCCTGCGACGAAA	0	0	0		0	0	0	0	1976
TGTATTTAACGAATAATGATGCTGGACGGA	0	0	0		0	1642.630926	0	0	3338
TGTCAAAGAACGTCAGATACAGTCGGGTAT	0	0	0		0	0	0	0	3247
TGTCAAAGTATACTGCATAAAATATTTGTG	0	0	0		0	0	0	0	2027
TGTCAGAGTTGACTTTTTCCTGTAGGTTGC	0	0	0		0	0	0	0	1919
TGTCAGTCACTGGAGCGGAGCTATTCGTAT	0	0	0		0	0	0	0	2348
TGTCAGTTTAATACTGGTCAATGTGTATTA	0	0	0		0	0	0	0	1611
TGTCCACCTACCTGGCTGTAAGTGAGAGCA	0	0	0		0	839.3380594	0	0	0
TGTCCCATTAGGAAAACATATGACCTGTAA	0	0	0		0	0	0	0	4573
TGTCCCGCAACGGTCGAACTCAGGAGTGAT	0	0	634.7088773		0	0	0	0	4010
TGTCCGCCTTTCCCAAGCTATGTATTTTGT	0	0	0		0	0	0	0	1489
TGTCCTCGACTCTATGTAATTGGAAGCAAG	0	0	0		0	0	0	0	20462
TGTCGAGATGCGCATTGTGTCATGTCGGAG	0	0	0		0	0	0	0	6696
TGTCGAGCAATATCTTACTAATATTTAGCA	0	0	0		0	0	0	0	1074
TGTCGCGGTCGGGTTCAATTGTCAAGAGGG	0	0	0		0	0	0	0	8510
TGTCGGAATCCTTGTCGCGGCGGTTGCCAC	0	0	0		0	0	0	0	846
TGTCGGATTCTCCGAAGGGTGCAGACGCAT	0	0	0		0	0	0	0	4904
TGTCGGCCTGCCTGCTAGTTGAGGGGCTGT	0	0	0		0	0	1671	0	0
TGTCGGCGTGACACGTTCGAAAGGGTTTAA	0	0	0		0	0	0	0	636
TGTCGTCTTGCGTTGATCGGAAATGGAATT	0	0	0		0	0	0	0	3591
TGTCGTGTAATCTGGGTGAATTCGTGTGTG	0	0	0		0	0	0	0	778
TGTCGTGTACCAAGCTCACGTCGGACCATA	0	0	0		0	0	0	0	1360
TGTCGTGTACGAGAGGGCAAGTTAATCTTT	0	0	0		0	0	0	0	1188
TGTCTATAATGGTATAAGACTGACTCTTCA	0	0	0		0	0	0	0	789
TGTCTATATATTTAGGTCTGGGGGTAGGCG	0	0	0		0	0	0	0	2664
TGTCTCCGACCCGACACCGAAAATAGTTGG	0	0	0		0	0	0	0	2045
TGTCTCCTTGTGCGGTCAAGTGTAGCCGGT	0	0	0		0	0	0	0	754
TGTCTCTGATATCTCCGCTCAACGAGGTCT	0	0	4809.626632		1845.06383	0	0	0	1893
TGTCTGATTGATGAGCTTATTCACCTCACA	0	0	0		0	0	0	0	1481
TGTCTGCAATTTCCTTTCGTCGTGTCTTTG	0	0	0		0	0	0	0	4547
TGTCTGCGTTAGCGGACAAAAGGGATTACC	0	0	0		0	0	0	0	27837
TGTCTGTATCTGGTATTTAAGAACTAGTTT	0	0	0		0	0	0	0	18706
TGTCTGTCTTACTTTACTTTGATTAGCTTG	599.8622101	0	0		0	0	0	0	13685
TGTCTTCGATGGAGTGCCTCTTCCTATGAG	0	0	0		0	4828.339389	0	0	26796
TGTGAATATGATGATGGCTCCACTAGATTT	0	0	0		0	0	0	0	690
TGTGAATGTTGACCCACTGTGCACGCCGAG	0	0	0		0	0	0	0	8394
TGTGACAAAGGAGTTAGTTTGATCGTAGAT	0	0	0		0	0	0	0	13198
TGTGACAAATCTCCCGTCCGTGGATTGTAA	0	0	0		0	664.2614089	0	0	812
TGTGACGGAATTGATGCTCCGGTGTGGAGA	0	0	0		0	801.5764289	0	0	993
TGTGACTATCTAAGGGATACGTTAGAAATG	0	0	0		0	0	0	0	22437
TGTGAGAGACCGGCGCCTATGGTCGGAGTC	0	0	0		0	0	0	0	1851
TGTGAGGGACGGGGCTAAGGGGTTGGCTAA	0	0	0		0	0	0	0	669
TGTGAGTATTCTTTGCCTGCAAGCATGAAA	0	0	0		0	0	0	0	5321
TGTGATAAATGACGTGCGGGTAGACCTTAT	0	0	0		0	0	0	0	4016
TGTGATACTGGGAAATGTCGGCGAAAAAAG	0	0	0		0	0	0	0	1419
TGTGATATAACTAGATAGTGATGAGGACGA	0	0	0		0	0	0	0	602
TGTGATCGAATTTTGTTTTCTTTCGTGACC	0	0	0		0	0	0	0	1399
TGTGATGATCGTTCACCTCAAGCAGGGTGC	0	0	0		0	0	0	0	12756
TGTGATTCATTTGTCTGCAAAAATGAACAG	0	0	0		0	0	0	0	4209
TGTGCAATTATATACCATGGTTCTCTAGCA	0	0	0		0	0	0	0	2236
TGTGCAGGTTATGGTAAAGCATGTTCGGTT	0	0	0		0	0	0	0	1939
TGTGCCAATACTGGCGCAGTGGGAGTGACC	0	0	0		0	0	0	0	24884
TGTGCCTTTGTCTAGGTATTATCAGAGGAC	0	0	0		0	0	0	0	1331
TGTGCGAGTCCCAGATGCGGTACCGGAAGC	0	0	0		0	0	0	0	29856
TGTGCGCATTTGGGCTGCGGAGTCACCGGT	791.4481583	0	0		0	0	0	0	0
TGTGCGGTAGCCGTGGTCGGAGCTAAGAGC	0	0	0		0	0	0	0	647
TGTGCGTCTATTCGTTTACTGAATGTTTTC	0	0	0		0	0	0	0	15574
TGTGCTAAAAATCAGAAAGAATCACTAATA	0	0	0		0	0	0	0	1142
TGTGCTCTAACGGCGGAAAGTTAAGGCGGT	0	0	0		0	0	0	0	2551
TGTGGACGACTGGTGACACAGGTCAGAGTA	0	0	0		0	0	0	0	15253
TGTGGCGCTGTGGAGCGATCAGAGGTTGGC	0	0	833.2134465		0	0	1332	0	23709
TGTGGCGTACAGACTTTGAGGGCACGTGCT	0	0	0		0	0	0	0	1627
TGTGGCTTATTCAACAGTAGATCAGCCGCA	0	0	857.2362924		0	0	0	0	3569
TGTGGGACATCCGGTCCTGATTGCCCAGCG	0	0	0		0	0	0	0	8919
TGTGGGGCTAATCTGGAATCAAGAATAGTA	0	0	0		0	1604.869296	0	0	25726
TGTGGGGGATGGGCGGCGAACGGGTATCAC	0	0	0		0	968.0708906	0	0	2312
TGTGGTAATGAGCACGGTGCAGGCCAGGGG	0	0	0		0	0	0	0	986
TGTGTAAGATTTACTGGAAGTTTCCCGTGT	0	0	0		0	0	0	0	34196
TGTGTACAATATTCGAAAATTAATATTAAA	0	0	0		0	0	0	0	6023
TGTGTAGAACCGTCAGATGGCGATTAAACA	0	0	0		0	0	0	0	3025
TGTGTAGGTCATCTTTTATTTTGAGTGAAA	0	0	0		0	0	0	0	1470
TGTGTAGGTGTGTTCTTTAAACTGGCGACA	0	0	0		0	662.5449712	0	0	6978
TGTGTAGTAGAAGGGAGTAGAACAAGGCAG	0	0	0		0	978.3695171	0	0	23286
TGTGTAGTTGTTATGAGATATGGTGGGTGT	0	0	0		0	0	0	0	8507
TGTGTCAATACCCTCAATCGAACTTGTGTC	0	0	0		0	0	0	0	39501
TGTGTCACATGGGCCTTAGAATGGCTCAGA	0	0	0		0	0	0	0	931
TGTGTCGAAGATAGTTCGTCATAGTCAAAC	0	0	0		0	0	1376	0	0
TGTGTGCCTTCAAAGTAAGACTAGTTCTCT	0	0	934.3622715		0	0	0	0	21452
TGTGTGCTTACGAGCCTGTGTGGCCGTATG	0	0	0		0	0	0	0	19404
TGTGTGGCACAGGGGTGTGATGATAGGCAA	0	0	0		0	0	0	0	943
TGTGTGGCACATAGTACGTATTACGTAGGC	0	0	0		0	0	0	0	3319
TGTGTGGCATCGGCAAGTGGTCTTGGAAAG	0	0	0		0	0	0	0	2173
TGTGTGGGACTGGGATAGGGTTCGAGCGGA	0	0	0		0	0	0	0	620
TGTGTTCGTGCTATTTCTAACGGTTAGTCA	0	0	0		0	0	0	0	1268
TGTGTTTGTTTGAGGTTCTTTTAAGAGATA	0	0	0		0	0	0	0	1390
TGTGTTTTATGGTGGGGAATGTGTGCTGAC	0	0	0		0	0	0	0	4760
TGTTAACTACGTACGGGACCCCACTCGAGA	0	0	0		0	0	0	0	28887
TGTTACTTATACCTCGAAGCTAGTCCCGAG	0	0	1079.763708		0	0	0	0	10453
TGTTAGCCAGCATCGGATCAGCGAGGCCGA	0	0	0		0	0	0	0	1116
TGTTAGCCAGGATTTTCTGGGTTGTCTGTT	0	0	0		0	0	0	0	12260
TGTTAGCGTGGGGGGCTTCGAGTATACACG	0	0	0		0	0	0	0	14532
TGTTAGTCTGACCCGCCCAGTTAGTGCTTG	0	0	0		0	0	0	0	743
TGTTATATTAGAAGAAGGTGTTTAACGGAA	0	0	0		0	0	0	0	13095
TGTTATATTCCTAATCTTAATTGTCGAGTG	0	0	0		0	0	0	0	981
TGTTATGCACTGCATAAAACTTTGGGCATT	0	0	0		0	5621.333629	0	0	43769
TGTTATGGACATAATGGGCCATTGTCTATC	0	0	0		0	0	0	0	6348
TGTTATTGTTTCGTAACTTGGGAGCGATTA	0	0	0		0	0	0	0	22665
TGTTCAACATTATAGCGCGATAGTTTTCGT	0	0	0		0	0	0	0	51800
TGTTCAGTTGTCTACAACGTGGATAGAGAG	0	0	0		0	1060.758529	0	0	6893
TGTTCATATTTTGTAAAGATAGAGGTCGGA	0	0	0		0	0	705	0	3234
TGTTCATGACACGCTGGTGAGATGGAGTAT	0	0	0		0	0	0	0	627
TGTTCCCCTCTTATTACTCAACTATGAACG	0	0	0		0	1646.063802	0	0	25425
TGTTCGGTAGAACGCGAGGTCGAGTGTAAG	0	0	0		0	0	0	0	10255
TGTTCGTAATCGTTTGATGGGCGTACGTAG	0	0	1710.679504		0	0	3759	0	1920
TGTTCTTTATATGATTGGCCAATATTGATT	0	0	0		0	0	0	0	12764
TGTTGACCTATCTCATTTGGCGTAGGTAGT	0	0	0		0	672.8435977	0	0	5866
TGTTGATATAAAAGGGGGCCGGTACTGAAA	0	0	0		0	0	0	0	6596
TGTTGATGATCTGTTATCCTATACAGTTAT	0	0	0		0	1405.762517	0	0	6807
TGTTGCAGTCTTATCAGGTGCTGGAGATCC	0	0	0		0	799.8599911	0	0	6859
TGTTGGAAATAACTGGATTTTATTGAAGTG	0	0	0		0	0	0	0	1463
TGTTGGAATCCGAGTTTTATAGTCCGGTGC	0	0	0		0	1572.256978	0	0	0
TGTTGGATACCCCGATCTCCAGAAAGACCT	0	0	0		0	0	0	0	10747
TGTTGGGAATTTACCTGAATGCAAAGACTG	0	0	0		0	0	0	0	20312
TGTTGGGGATGCGTTACCTGGTATGTGAGA	0	0	0		0	0	0	0	2921
TGTTGTAGTGATTGTAATTTGCCGTTAGGG	0	0	0		0	0	0	0	605
TGTTGTCCAGCAGACGGTCAAGCTTGGATA	0	0	0		0	0	0	0	811
TGTTGTCGTCTTGTATGGGTCGCTAGTTTG	0	0	0		0	0	0	0	3064
TGTTGTGAAGAATACAGTGTATTAGTGTTG	0	0	0		0	0	0	0	2931
TGTTGTTGATTATGAGTAGAAGTAGTATCT	0	0	0		0	0	0	0	1176
TGTTGTTTTGTTTTATCGCAGTAAGCGTGA	0	0	0		0	0	0	0	2312
TGTTTAAATGAGTGCTACTCGGGAACTCTG	0	0	0		0	0	0	0	688
TGTTTCCGTGGATTGGAGTGCGGACGGTGT	0	0	0		0	2173.010191	0	0	1786
TGTTTCCTTTGGTCTAAATAATAGGTTTTA	0	0	0		0	2058.008861	0	0	6855
TGTTTCGATGTCGCGATGGTTAGCGAAAAT	0	0	0		0	4119.450598	0	0	29689
TGTTTCTCTAATTTCATTCTGTATTCCCGG	0	0	0		0	0	0	0	2102
TGTTTGCATGGCAATTCGGCATCGCAAACT	0	0	0		0	0	0	0	783
TGTTTGCTTCAACTCGATTTATTATTGGTA	0	0	0		0	0	0	0	1580
TGTTTGTCTGTCTAAGTAGTTGGGCGTGAG	0	0	0		0	0	0	0	694
TGTTTGTTTCCACGTTATGTAGGTGACCTG	0	0	0		0	0	0	0	12658
TGTTTGTTTTGAATTCTGATTGCTGATTCA	0	0	0		0	0	0	0	2063
TGTTTTCGTGGTTTAGGGGAAGGGACCAGT	0	0	0		0	0	0	0	1127
TGTTTTTAATTTTCTTCGGGCTTATTTATC	0	0	0		0	0	0	0	1322
TTAAAACAATTGGTGACCGCCATATGCGGA	0	0	0		0	0	0	0	2301
TTAAAACCAGCGACATTCATCCAGGGATGA	0	0	0		0	0	0	0	1154
TTAAAAGCATACCGCAGAAGTGAGTGCCCC	0	0	0		0	0	0	0	2590
TTAAAATTATAGGCTTGCGTGTTTAAGTTA	0	0	0		0	0	0	0	1932
TTAAACGATATATAACAGGTAATATTCTGG	0	0	0		0	0	0	0	653
TTAAAGCCTTCTGCAGTCTGTTCAGAGAGG	0	0	0		0	803.2928666	0	0	3304
TTAAAGTGTGTGTGAGACGTAGTACGGGCG	0	0	0		0	0	0	0	2998
TTAAAGTTAGTGACATATGTTGCCTTACGG	0	0	0		0	0	0	0	5024
TTAAATAATACGATAACTCAATAAATCCGG	0	0	0		0	0	0	0	8861
TTAAATAGATTTAGTTGAGCTCTAGGATGT	0	0	0		0	0	0	0	4070
TTAAATGGAGAGGGATCGCTTAGGTAGCTA	0	0	0		0	0	0	0	41262
TTAAATGTAAACTTTGCTGCCCTGGGCGGG	0	0	0		0	0	1649	0	0
TTAAATGTACGTTCTAGTTGGATTTTCTTA	0	0	0		0	0	0	0	923
TTAAATGTAGGCTCTCAGTTTCAATAAGGC	0	0	0		0	1845.17058	0	0	1469
TTAACACATGGCGACATGCTGCATATGTTA	0	0	0		0	0	0	0	969
TTAACGGTTTGCATAAGGACGTACTTTCAT	0	0	0		0	0	0	0	18801
TTAACTATAACTCGGCAAGTACCGGCGATG	0	0	0		695.3333333	0	0	0	28479
TTAACTTCTGTGGGAGAGATGTGATTCCTT	0	0	0		0	1119.117412	0	0	0
TTAAGAGCTATTGTTTATTCCTGGGTAGGC	0	0	0		0	2844.13735	1009	0	30666
TTAAGCTATTTAAAGGGGGTAAACCGAGTA	0	0	0		0	0	0	0	844
TTAAGCTGTGGCGGGCGTCGTTGCCTAAAA	0	0	0		0	1083.07222	0	0	11717
TTAAGGACTCCATGGTGATCGTTGGATTCG	0	0	0		0	0	0	0	738
TTAAGGGAAAATTTGGGCCCTCGATTGATA	0	0	0		0	0	0	0	33013
TTAAGGTAAGTTCTGTAGGGCATGGCTTGT	0	0	0		0	2222.786885	0	0	8328
TTAAGTCCATATCGGAGCTATGATCGCACA	0	0	0		0	0	0	0	4030
TTAAGTCGTGAACTCGTGTACTTTGTTACA	0	0	0		0	2394.43066	0	0	981
TTAAGTGCTTTAGATATCAACTGTTTGCAA	0	0	0		0	0	0	0	21730
TTAAGTTTATGTCGGAAACAAATTATGGTG	0	0	0		0	0	0	0	9198
TTAATAAGTAACGAGCGGATGGCCGTGACA	0	0	0		0	0	0	0	3154
TTAATAGTACCGTAGATTTGCGTAAAGCTA	0	0	0		0	0	0	0	25208
TTAATATTTGCTAGGATAAACGGAGACGAA	0	0	0		0	911.4284448	0	0	1660
TTAATGAGTCCACACGGTAATGCCGAGATG	0	0	0		0	0	0	0	931
TTAATTATAGCTATTTCTAGGACAAGTCTT	0	0	0		0	0	0	0	617
TTAATTCGACCGAATCCGTAATTATCGTCG	0	0	0		0	0	0	0	33034
TTACAAATTGGTCGCCTGCGGGGTTCGGGT	0	0	0		0	0	0	0	2133
TTACAATCTGTGAGTTCAGTAGATAGCGAA	0	0	0		0	0	0	0	7712
TTACAATTAAAGTAAACTGGGGAACCCTAA	0	0	0		0	1024.713336	0	0	5230
TTACACTGAATGTGTTCATGTGAAGCAGCA	0	0	0		0	0	0	0	802
TTACAGAAAACTCCTTTTTTACAACCCAAT	0	0	0		0	698.5901639	0	0	0
TTACAGAGATGGGCGGGCCGATCGTTGCAA	0	0	1537.462141		0	0	0	0	2266
TTACAGTTTTTCCGAGGATTTTAGGAATTT	0	0	0		0	0	0	0	729
TTACATTCACGAGTATGAAATATTCGTACA	0	0	0		0	664.2614089	0	0	0
TTACCAAGACAGGGCTCGTATGTGCTGGGG	0	0	0		0	0	0	0	2929
TTACCCGATCGGATACGACGATATTTCAAT	0	0	0		0	1634.048737	0	0	1301
TTACCGCAAGTGTGGCGTTAAGGAATTACT	0	0	0		0	6601.419584	0	0	40722
TTACCGGTAAACCGTGGAGTAGTATTAGAG	0	0	0		0	0	0	0	664
TTACCGTCTTTGGTCGGCGCCCGAAGGTTT	0	0	0		0	0	0	0	667
TTACCTCCTCGCCTACATAGTTGAATCAAG	0	0	0		0	614.4847142	0	0	0
TTACCTTGTATTCGAGAATACTATCGAAGT	0	0	0		0	3190.857776	0	0	27940
TTACGAACATGCTGGGGTTGGTGGGGCGCA	0	0	0		0	0	1420	0	29494
TTACGAGAATTTCGTTGTGCCAGCTTGCTG	0	0	0		0	0	0	0	4142
TTACGATTAAATTCGACTTTTGGTGGACTG	0	0	0		0	734.6353567	0	0	17967
TTACGCCTTAGAACAAGGGAATCTTCGAGA	0	0	0		0	0	0	0	24202
TTACGCTAACGGTGGTTTCTTCAGCGAAAG	0	0	0		1399.120567	0	619	0	32083
TTACGGCGTTAAACGTTCGGCAATGTAGGA	0	0	0		0	2488.834736	0	0	2132
TTACGGGGATGAGCGAATGGGGGGTCGTCC	0	0	0		0	0	0	0	1576
TTACGGGTTAGGAAGTTTCGTTTAACGTGT	0	0	0		0	0	0	0	2306
TTACGGTTAGCAAAAGATAGTTAAGCTTTT	0	0	0		0	0	0	0	19670
TTACGTGTTGCCGAGAGATCAAAAAAGGGA	0	0	0		0	0	0	0	1908
TTACGTTTTATGAAGCTACGATTGTGTCCT	0	0	0		0	0	0	0	1871
TTACTACAATTAGGGTTCAGAGCGACAAGT	0	0	0		0	0	1533	0	2201
TTACTCAAAATAGTCGTGGTGACCGTGGGT	0	0	0		0	0	0	0	3514
TTACTGATTCCATGTTACAGAGTAGTAGGA	0	0	0		0	0	0	0	5835
TTACTGTTAGATCACGTGTGGGTAAGATAT	0	0	0		0	0	0	0	1262
TTACTTAAATCGTTTTATAAGACGTTAGAT	0	0	0		0	0	0	0	8058
TTACTTATATGTGTCCAGCTAATGAACTTA	0	0	944.477154		0	0	0	0	3849
TTACTTCCACAGCGGGCGCGAACACGTAAT	0	0	0		0	0	0	0	8827
TTACTTGTAACAAGCTGCCCTTCAAGTTTT	0	0	0		0	0	0	0	24379
TTACTTTGAAACAGCGCGGGAGATACTGGG	0	0	0		0	0	0	0	3247
TTAGACAGTGTCCTTGTTTTAGTAAGAAAT	0	0	0		0	0	0	0	4040
TTAGATATTATCAAAGTTCGTCAGTCAACC	0	0	0		0	0	0	0	1003
TTAGATGCATCTCATTATTAGCGTAGGGAA	0	0	0		0	0	0	0	739
TTAGATGTTAGGCACTCCCCAGGTTCAGAT	0	0	0		0	0	0	0	611
TTAGATTTTTGTTTGATATAATCCGCAAAT	0	0	0		0	0	0	0	645
TTAGCAAGTTCAAATTGGGTTAGGTATGGG	0	0	0		0	0	0	0	12536
TTAGCACTAAGACCTGGTAACTGCCACTCA	0	0	0		0	1721.587062	0	0	3580
TTAGCAGCAGTCCAGACTGGGACCTGCGTG	0	0	0		0	0	0	0	654
TTAGCCGAAAGCGTGATAGGGTTGGGTTGT	0	0	0		0	0	0	0	1478
TTAGCCTCTGAAGGGGTGGAACATCTCACT	0	0	0		0	0	0	0	633
TTAGCGGTACTCGTTGACGGGCCGTGATGT	0	0	0		0	0	0	0	2109
TTAGCGGTATTGAAGGGGGAAGGAAGTCGA	0	0	0		0	0	0	0	1188
TTAGCTGGAAAAGTCGCGAACATTAGGTTA	0	0	0		0	1017.847585	0	0	0
TTAGCTTCTTCTGAGGATGCGACAGTATTC	0	0	0		0	0	0	0	1035
TTAGGATGTCGAGATACAGCTACCGAGAAT	0	0	0		0	0	0	0	1197
TTAGGATTATCATAAGCTATTAACTCCTAG	0	0	0		0	0	0	0	1075
TTAGGCAAACCCGGGCAATGTAGTGCGATA	0	0	0		0	0	0	0	1129
TTAGGCCTTTGTTACCGTGCTTATAAACCT	0	0	0		0	0	0	0	6910
TTAGGCTAACTCCGAGAAGCGGAGGTGGGG	0	0	0		0	0	0	0	2251
TTAGGGAATTGACACTTTAAACGAGTACCA	0	0	0		0	0	0	0	1194
TTAGGGAGTCTCACATTTATGCTTCTTTTC	0	0	0		0	0	0	0	18271
TTAGGGGGTCATATAGTCTCCCATGTTTAG	0	0	0		0	0	0	0	12058
TTAGGGTCTCAGGCTGAGTGGCTCGAAAGA	0	0	0		0	0	0	0	5482
TTAGGTAATAGCGAGTACCTGGGGGTAGGA	0	0	0		0	0	0	0	1369
TTAGTAATACGGTGCATGTAAAGATACCGT	0	0	0		0	4424.976518	0	0	35565
TTAGTACCAGGCTTCAGGGGACCTGCAGTC	0	0	0		0	0	0	0	6207
TTAGTACGTGGAGGCCCTGTACTGCGGCCG	1185.190314	0	2892.856397		0	650.529907	0	0	5556
TTAGTCACTAACGGAGAACCGGGATCTGGA	0	0	0		0	0	0	0	2538
TTAGTCAGACACCGAGTGACATCGGGGGTC	0	0	0		0	0	0	0	12498
TTAGTCTATGTGGCTTATAGTCTACACGTG	0	0	0		0	0	0	0	12605
TTAGTGAATCGTGTGAGTTGCGTAGACAAG	0	0	0		0	0	0	0	694
TTAGTGATAAAGTGCGATCAAGAGTTGTTG	0	0	0		0	0	0	0	34800
TTAGTGCTTTCCGTGGGAACTCGTGGATTT	0	0	0		0	647.0970315	0	0	9763
TTAGTGGAATAATTGTTATAGTTGCGAGCT	0	0	0		0	0	0	0	2736
TTAGTGGTTTTTTCGTGAACTATGCCTATC	0	0	0		0	0	0	0	1835
TTAGTTCTATGAATTCCTGTGAACTGTCCA	0	0	0		0	0	0	0	4691
TTAGTTTAAGTGTTGGGCCGCTGGGATAGC	0	0	0		0	607.6189632	0	0	7950
TTATACACTTAGCAAAAAGTAAGTGGGATT	0	0	0		0	0	0	0	2975
TTATACCTTGTTACGTTTTTGGAGACTCAC	0	0	0		0	3645.713779	0	0	11504
TTATAGATATGTTAGTAAATCGGGAGGTGG	0	0	0		0	0	0	0	881
TTATAGATTACGTTCAACGATTCCCAATAC	0	0	0		0	671.1271599	0	0	794
TTATAGCATGTTGAGTCCTCACTGTTGGGG	0	0	0		0	0	0	0	4136
TTATAGCTTTGCACTTGGGTGTCCAATGGA	0	0	0		0	1934.425343	0	0	10805
TTATAGGTATAACCTAGTAGATAGTAGGAA	0	0	0		0	0	0	0	8747
TTATATAATTGAACTGTAACGTGGGTTATC	0	0	0		0	0	0	0	592
TTATATTAATAAGTGGATTGTGGCAGTTTG	0	0	0		0	2191.891006	0	0	18563
TTATATTATAGTGGGATGCCGCGATTAACG	0	0	0		0	0	0	0	1865
TTATCACGTTTATTCAACGATGGGCATCAC	0	0	0		0	0	0	0	1167
TTATCATCATTTTAAGTTACCGGCTTAAAG	0	0	0		0	0	0	0	663
TTATCCAAAGGTTGACCGCTAATCCTGGCT	0	0	0		0	0	0	0	11852
TTATCCATTTCACCATGTGAGGAATGATGT	0	0	0		0	0	0	0	3842
TTATCCTGTAAGAATTGGCATGTTCTACGT	0	0	0		0	0	0	0	4578
TTATCGGGATGCGACATGAGTATAATCATG	0	0	0		0	1934.425343	0	0	1115
TTATGAAGAGCCGCTTTACACGCGTTCATA	0	0	0		0	5381.032344	0	0	18504
TTATGAGCTTGCACACTCCGCTCGAGTGTA	0	0	0		0	0	0	0	9140
TTATGATATCGCAGCGGGGTCCATAGGATA	0	0	0		0	0	0	0	8296
TTATGATTATTTCGTCTTGGCGGAATCATA	0	0	0		0	0	0	0	1247
TTATGCGGACTTGAGGGGCTAATAGTACTG	0	0	0		0	0	0	0	9999
TTATGCTATGTTCCAGGTCTTGCACAAAGG	0	0	0		0	0	0	0	2378
TTATGCTCTCTCATATCGGGTTCATATAAT	0	0	0		0	0	0	0	1837
TTATGGAGAGGGTGGAGTTTGAGACATGAA	0	0	0		0	0	0	0	3165
TTATGGGATCAAGGTGCGTAATGAATGGTA	0	0	0		0	0	0	0	2664
TTATGGGATGTCTGCATATGAATCGGAGCG	0	0	0		0	0	0	0	5894
TTATGGGTTAGCGCCGGTAATTTTTAGTTC	0	0	0		0	691.7244129	800	0	3882
TTATGGTCTTAGTCTCATCTTCTTCTGGAT	0	0	0		0	0	0	0	7486
TTATGGTTTGTGTTAGGAGAATCTTTGGAT	0	0	0		0	2703.389455	0	0	8319
TTATGTGAAACTTTGGCCGATGGAGTAAGG	0	0	0		0	0	0	0	1109
TTATGTGTTGTATTCACTAACTTATTTTAA	0	0	0		0	0	0	0	8602
TTATGTGTTTTCGAGATATTACTATCAGAT	0	0	0		0	0	0	0	933
TTATGTTAATTCGGATGGGTTTTGTCTGCA	0	0	0		0	0	0	0	1519
TTATGTTTTAGTCCTTGGCACAGGATGTCG	0	0	0		0	0	0	0	2447
TTATTACAATCGGTCTGGATATCTGCCCCA	0	0	0		0	0	0	0	22302
TTATTAGCACGGCAGGTGAGGCAGAAAGAC	0	0	0		0	0	0	0	2514
TTATTAGGATTTCAGGAGTACTATACATGC	0	0	0		0	1682.108994	0	0	3328
TTATTATAAGTAGTGTCGTTAAAGTGGCCC	0	0	0		0	0	0	0	10988
TTATTCAATGGCTACTGCGTTCAGAGTTTA	0	0	0		0	0	0	0	1092
TTATTCATTACGATGTGTCCTTTGACCTTA	0	0	0		0	0	0	0	1948
TTATTCATTTTTGAGTTTGCTTGCGTCTTT	0	0	0		0	0	0	0	2880
TTATTGATACATTCTCTGTCGTCGCCGGGT	0	0	0		0	0	0	0	1883
TTATTGCTTTTTCATTAAAGCAAGTAGCGT	0	0	0		0	0	0	0	872
TTATTTATTCGAATGCCGGTAGAGACCGAG	0	0	0		0	0	0	0	594
TTATTTCTACATGAGGCGTGCCCGGAAGGT	0	0	0		0	0	0	0	3197
TTATTTGGTGTTGCCATGTGGGTAGTAGGG	0	0	0		0	0	0	0	4682
TTATTTGTAATTGCAAAATCAGTTATCTTA	0	0	0		0	0	0	0	1372
TTCAAACATAGTTTTACAGTAAGAGAGTGC	0	0	0		0	0	0	0	3242
TTCAAAGTTGGGTCGCTCGACAGGGGGTGC	0	0	0		0	0	0	0	912
TTCAAGTATGGTGAATTCGCGTATATTGAT	0	0	0		0	0	0	0	8176
TTCAAGTGATTTTTGCGGCGCTTTGTTGGG	0	0	0		0	897.6969428	0	0	0
TTCAATGAACGAGTAATGAGATCGCAAGAT	0	0	0		0	0	0	0	2790
TTCAATGAAGGCTCAACGCATAAAGTCTTT	0	0	0		0	0	0	0	2594
TTCACATATACCATTATAACATATTTCGCA	0	0	695.3981723		0	8729.802393	0	0	3587
TTCACCATTACAGTGTTGGATGATCCAGGG	0	0	0		0	0	0	0	876
TTCACGAAAGAATGGGGACACTATGGCGAG	0	0	0		0	0	0	0	791
TTCACGGTAGTCTGGTATCGCAGCGTGGGG	0	0	0		0	787.8449269	0	0	709
TTCACGTTAGCAGGTTTGTGCGCCCGTTCA	0	0	0		0	0	0	0	945
TTCACTCTTACAATAGGGAAATCCGGGTTT	0	0	0		0	0	0	0	3142
TTCAGACTAGTGCGCTGCCTCAACTCGACC	0	0	0		0	0	0	0	1856
TTCAGCCTATATGGGCATGAGTTTTCTTAC	0	0	0		0	0	0	0	2276
TTCAGGAGAGAGCGGTGAAGCCAGTGAAGT	0	0	0		0	0	0	0	3607
TTCAGGTCAATGCATACTGGGCTGAAGTTA	0	0	0		0	0	0	0	16309
TTCAGTTCAGGCTAAACTGTCTACTGGATC	0	0	0		0	0	0	0	2028
TTCATACTAAATTTACAGTAAGTCTTGCAT	0	0	0		0	0	0	0	2728
TTCATACTTGTTACGCAAGGTGAAGCAAGT	0	0	0		0	0	0	0	1491
TTCATATTATGGGACTACGCCTGTAATAGC	0	0	0		0	3259.515286	0	0	5675
TTCATCATTCAATGGAATTTACACTAGATT	0	0	0		0	0	0	0	7747
TTCATCATTGAGTCTATGAATTGTATTTAT	0	0	0		0	657.395658	0	0	0
TTCATCATTTCGTCGCGTTAGATTATAGTT	683.1030014	0	0		0	0	1103	0	3733
TTCATTCATAAGAGTTTATCAGAACGATAT	0	0	840.7996084		0	0	0	0	2683
TTCATTCGACGGTTTTGTAGAACGACCCCA	0	0	0		0	0	0	0	17798
TTCATTGTATTCTTATTAATTATGTCTGTA	0	0	0		0	0	0	0	4566
TTCCATGAAATGGATTATAAGTATTTTATG	0	0	0		0	1929.27603	0	0	1887
TTCCCAGGATTGGGAGCAGGGTTGAGTCGA	0	0	0		0	1735.318564	0	0	0
TTCCCAGTATGTAGACTGGTTCAATGCAGG	0	0	0		0	0	0	0	2903
TTCCCATCTTTGAATCGACGGTGACTCGCA	0	0	0		0	0	0	0	1236
TTCCCTATATAGGCGCCTTGGTTGGGCGTT	0	0	0		0	0	0	0	26240
TTCCCTGGTTACTGTGCAGGTTTAGATATT	0	0	0		0	0	0	0	2290
TTCCGGAATTCGTTGTTAATCAGTATTCCT	0	0	0		0	3743.550731	0	0	34992
TTCCGGTCACCCTTTGTTACGTCTACAATT	0	0	0		0	0	0	0	12585
TTCCGGTCTCGTAAGATTGCATTGCGCGGA	0	0	0		0	0	0	0	959
TTCCGTGATGCTTGGAGATGGCGATTTTCC	0	0	0		0	0	0	0	3335
TTCCGTGCAGCTACTCCGCGAGAGTTTGGA	0	0	0		0	0	0	0	963
TTCCTAACATATCTCGATCGTATGTTGTAG	0	0	0		0	0	0	0	39120
TTCCTATCAACGGGGGGGAGCGAGGCTCTT	0	0	0		0	0	0	0	743
TTCCTGACAGGAGGGGCTCTAGGAGAGGGT	0	0	0		0	0	0	0	667
TTCCTGGCACTCGGAAACGAGTCATTTGAT	0	0	0		0	0	0	0	663
TTCCTGTTACTATAGTAGATGGTCGGGTGC	0	0	0		0	0	0	0	1828
TTCCTTCTAGGTTTAGTAGGTATTATCTTT	0	0	0		0	0	0	0	915
TTCGAAAAATACTTGCCGTAGTGCTGCGAG	0	0	0		0	0	0	0	24116
TTCGAAAGTTTCTCAATTGTGCTGAGTAAG	0	0	0		0	0	0	0	2520
TTCGACAGAGTTTTGCGTCGTTTCGCAAGT	1066.274898	0	0		0	0	0	0	3444
TTCGAGCCTCATTTAGAAGCTGGTTCGGAC	0	0	0		0	0	0	0	1229
TTCGAGCGTGAGAGCATCGCCAATGCAGAG	0	0	0		760.8510638	0	0	0	16083
TTCGAGGATGCATCTGCGAGCGAGGGTTAA	0	0	0		0	0	0	0	2430
TTCGATCTTCGCGCCCAGAACATGAGTCAT	0	0	0		0	0	0	0	784
TTCGATGATCACTGTGCGGTGCAGTAGCTG	0	0	0		0	0	0	0	8568
TTCGATGCAGCAGTTAACTCGCGGTTTAAC	0	0	0		0	0	0	0	6840
TTCGATTCATTTCAATATACGGATTGTGGA	0	0	0		0	0	0	0	7412
TTCGCGTCAGGAACGCGGGGGATTGGAGGT	0	0	0		0	0	0	0	39510
TTCGCTGAAGCTACAACCGTCGCAGCACTA	0	0	0		0	0	0	0	619
TTCGGAATAATCAATATGATAGGATCACAA	0	0	0		0	0	0	0	7868
TTCGGACGTTTATGGGGTTTAGTTATAGAT	0	0	0		0	0	0	0	2644
TTCGGATCACAGTGCTTCTGATCACGGTCC	0	0	0		0	0	5188	0	0
TTCGGCGAATCCGACTACTATGCGTTTCGT	0	0	0		0	0	623	0	0
TTCGGCGGTTTATGAGGTGTAGCCTCGTTG	0	0	0		0	3616.534338	0	0	5546
TTCGGGGTACCCGTGGTAGGTACCTATGTA	0	0	0		0	0	0	0	1293
TTCGGGTCTAAGGTCAATACCCGTGCATAA	0	0	0		0	990.3845813	858	0	6764
TTCGGGTCTCGTAGTTGGCTTCTGAACTAG	0	0	0		0	0	0	0	1767
TTCGGTAAAGGTGATGGGACGCGTGACAAA	0	0	0		0	0	0	0	5378
TTCGGTCATCACAAAAGTTGCGACCAGGGG	0	0	0		0	0	0	0	8061
TTCGGTCGTGACGTCTCATGTAGAAGGGTG	0	0	0		0	0	0	0	12687
TTCGTAGATTGTAGCATTCGCTAAGTGCAG	0	0	0		0	0	0	0	853
TTCGTATGAGTAAGACTGCGGGCGACAGCA	0	0	0		0	4654.979176	0	0	29085
TTCGTCGGATCGATGCGAAGAATGGAAACC	0	0	0		0	0	0	0	38782
TTCGTCTTTGAACGTGTGAGATTCCTGTTG	0	0	0		0	1359.418697	0	0	17658
TTCGTGGAAAAGTAAAGGATCAGAAGTATA	0	0	0		0	0	0	0	5348
TTCGTTATTGAGCGCTAGTATCAAGGGATG	0	0	0		0	0	0	0	2785
TTCGTTCATGTAGGATGTTAGTGATTCCAA	0	0	0		0	0	0	0	4537
TTCGTTGAACCTTGACTGTTCTATACCTTG	0	0	0		0	0	0	0	4265
TTCTAAGGTCGGGCACACGTACAGATCGTG	0	0	0		0	0	0	0	1470
TTCTACCCATAGACGGGCGGAGAAATTCCA	0	0	0		0	0	0	0	21411
TTCTACGCTCGACTTTCATGACTTCGATGT	0	0	0		0	0	0	0	5327
TTCTAGTTTGAGTGGGCGGCATTACATATG	0	0	0		0	0	0	0	1354
TTCTATCCTAGCAAGTTAATGCGTTCTGTG	0	0	0		0	0	0	0	10606
TTCTATCTAGCGGCGCGATGAACATCTGGG	0	0	0		0	1266.731059	0	0	824
TTCTCAGAATAACCCGGGGATTGCTTTGGG	0	0	0		0	0	0	0	6045
TTCTCCTATCCATGAACATCGGAGAAAAGG	0	0	0		0	0	0	0	1127
TTCTCGCATCTAAACGTCCCTTATAGCACG	0	0	0		0	0	0	0	1226
TTCTCGGTTGCTAGGTTGTGGATGTGCACA	0	0	0		0	0	0	0	1194
TTCTCGTGTGATGCGTTGGAACAAAATTGT	0	0	0		0	0	0	0	4904
TTCTCTTTTCTTCTTCGCCGAGCATTGGTG	0	0	0		0	0	0	0	2990
TTCTGAAGAGGTGTGCTGGATGGCTGTTCA	0	0	0		0	0	0	0	6660
TTCTGACAAGCAAGGCACACTATTATGAAG	0	0	0		0	0	0	0	1082
TTCTGGACATTGTCGTAGTCGCTGTCTACA	0	0	0		0	0	0	0	1016
TTCTGTCCTACTAGGAATAGACTAGAGATA	0	0	0		0	0	0	0	1583
TTCTTAATATGAATCTCAAAGAAGCGTCTC	0	0	0		0	0	0	0	695
TTCTTAGGAATGGGACGGCACCATTTTGTG	0	0	0		0	2473.386797	0	0	10539
TTCTTAGTAGTACGGGGGACTGGGGACTGA	0	0	0		0	0	0	0	22478
TTCTTATGTACGAAATTACTTACGCCTTAT	0	0	0		0	0	0	0	589
TTCTTGAGTGTACATTTTTAGCATACGTAT	0	0	0		0	8208.005317	0	0	35424
TTCTTGTCTAACTGGATGCAGCATTACGCC	0	0	0		0	0	0	0	2264
TTCTTTAGTGATGTTCACGGGGGTGATGCA	0	0	0		0	0	0	0	1271
TTCTTTGGTTATTGAAATATAGACGTCAAT	0	0	0		0	0	0	0	1676
TTGAAATCTTTGGTGTTTGTGTATATGTTA	0	0	0		0	0	0	0	1144
TTGAACAGATCGTTTACGTAGTAGTACACT	0	0	0		0	0	0	0	1646
TTGAATGATGAATTTGGTGACTAGGGCACA	0	0	0		0	0	0	0	1255
TTGAATGGTTTATATAAGCATGTTGTAAGT	0	0	0		0	0	0	0	701
TTGAATTCTATCTCGTCCCCTCGCGTAGAC	0	0	0		0	0	0	0	3451
TTGACATCTCTATATGAAGGACGTTGGCGT	0	0	0		0	882.2490031	0	0	0
TTGACATGTGAGCGTGAGAACCGGAACTTA	0	0	0		0	2131.815685	0	0	0
TTGACCGTTGTAGGAGCAGGGCTTTGGGTG	0	0	0		0	2378.98272	861	0	24197
TTGACTTCTACAACACACCTACACATGAGG	0	0	0		0	1132.848914	0	0	3162
TTGAGAGTAGGGGGACGGCCATTTTTCCAG	0	0	0		0	0	798	0	19361
TTGAGCCTAGTGTTGAGTTTCGGTCATATT	0	0	0		0	0	0	0	3235
TTGAGGACTGCATTCGCGGGAATTAGGTTT	0	0	0		0	0	0	0	10088
TTGAGGGGAGCGTTGTGGCGACTCGTCAGG	0	0	0		0	0	0	0	4600
TTGAGTACATCAGCTGGCGCATCATGTGGC	0	0	0		0	0	0	0	1258
TTGAGTAGTGTATTGCGAGCCTCTGTAAGT	0	0	0		0	0	0	0	789
TTGAGTATACCGTAGAAGGTAACCCGCCGT	0	0	0		0	0	0	0	70680
TTGAGTCCTAACTGTCTACCTGCGACACGA	0	0	0		0	0	0	0	988
TTGAGTGGTTGGGTGAAAGAATCGTGTTTT	0	0	0		0	5235.135135	0	0	2196
TTGAGTGTTCTTGTCGCACCCAAACAAATG	0	0	0		0	0	0	0	1849
TTGAGTTGTTATATTGTGATAATGAGACTT	0	0	0		0	0	0	0	2273
TTGATAGGACCACGTTCGTCGTGTAGTGAC	0	0	0		0	0	0	0	1283
TTGATCAAAATTGTGTGTGGGTGTAGAAGC	0	0	0		0	1294.194063	0	0	1427
TTGATCATAGCTGCGAGACGTAGCGCGGAA	0	0	0		0	0	0	0	4449
TTGATCCAAGAAAGATCGGCCACTAGTTCC	0	0	0		0	2449.356668	0	0	0
TTGATCCTAGTGAGCTCATGGGAGAGGTCA	938.1105048	0	1113.901436		0	0	0	0	2760
TTGATCGGAAGGCGCGTTGCGATTAGGTTA	0	0	0		0	0	0	0	6470
TTGATCTGATGCCATGTTGAGTATTTGAGT	0	0	0		0	0	0	0	5413
TTGATGAATACCATATCAGCACGGTATAGT	0	0	0		0	0	0	0	5735
TTGATGCCAGTTTTCAATTATGCATGGGTA	0	0	0		0	0	0	0	765
TTGCAACATGAGATCTGAATGGCTTCTATT	0	0	0		0	0	0	0	928
TTGCAACGTGAAATGCACAGTTAAGCCATA	0	0	0		0	0	0	0	1072
TTGCAAGAAATTCCTTCTGGCCTACATGGG	0	0	0		0	0	0	0	1516
TTGCACGCTGGATAAGTAAAGACTGGTTCA	0	0	0		0	0	0	0	9870
TTGCAGAATTTCCGACCAACGATTATTTTT	0	0	0		0	0	0	0	6511
TTGCATAGAAAGAGAGCACCCGTCAATACC	0	0	0		0	0	0	0	765
TTGCATCTATCTAGCTGTGTTAGTTATCTA	0	0	0		0	0	0	0	887
TTGCATGCAGCGAGCTCTTTGGTCATGGTC	0	0	0		0	5192.224191	0	0	0
TTGCATGCATCATTCCCTATAACCATGCTG	0	0	0		0	0	0	0	634
TTGCCAGGATAGTAGGGACTGGCACTTCGG	0	0	0		0	0	0	0	2723
TTGCCGATTGATATTTAGAGGCCCTTGAAG	0	0	734.593342		0	0	0	0	6494
TTGCCGCGTGCTGAGTGGGCAAGGATTGAC	0	0	0		0	643.664156	0	0	2813
TTGCCGGAAAGATGTGACAACTTCTGCGCA	0	0	0		0	0	0	0	1039
TTGCCGTCATCCGTCTAGTGTCGGGGCCCA	0	0	0		0	0	0	0	1010
TTGCCGTGACGCTGTCGACCGTTGCTGGAT	0	0	0		0	0	0	0	10985
TTGCCTGAACGGATATCAATATTTTCTGAA	0	0	0		0	0	0	0	9155
TTGCCTGTTGAAGGTGGGTGAGGGTACAGT	0	0	0		0	933.7421356	0	0	31464
TTGCGACTAAACTCGTATATGGTTCCGGTC	0	0	0		0	0	0	0	691
TTGCGCGAACGGGAATACCAGCAATGGTGG	0	0	0		0	0	0	0	1094
TTGCGGGAATTCTATTTTCAACCAAACGTG	0	0	0		0	1598.003545	0	0	972
TTGCGGTGAATCTACAAGAACAGACGGGAT	0	0	0		0	0	0	0	18442
TTGCGGTTAACGGGACCAAGGCAAGTAAAC	0	0	0		0	0	0	0	677
TTGCGTAATCTATGTGAGTCTATCTGCAAT	0	0	0		0	0	0	0	3466
TTGCGTATAAGAGAGATAAGAAAAAATCGT	0	0	0		0	0	0	0	1926
TTGCGTTTAGGGCCATGTTTTAGGTGCATC	0	0	0		0	0	0	0	2597
TTGCGTTTTGTGGGACCTGCTTAGGTCTCG	0	0	0		0	1287.328312	0	0	703
TTGCTAAAAGAGATAAGTGGTGGGGAGGAT	0	0	0		0	0	0	0	1161
TTGCTATTAGGGGGTAAATAGATGCGATTG	0	0	0		0	0	0	0	14718
TTGCTCTGTATTGATTCGGATGGTTCCTGC	0	0	0		0	629.932654	0	0	5039
TTGCTGCCATTTACCAGTTGGTTGAACCAA	0	0	0		0	14545.09349	0	0	9234
TTGCTTATTAGTTCTAGGGGCCTTGTTAGT	927.5402456	0	0		0	0	0	0	12199
TTGGAACATCATAGCGGGAGAACTTGTTAT	0	0	0		0	0	0	0	1178
TTGGAAGATCCCAGAGGATATCGTGGAACG	0	0	0		0	0	0	0	11969
TTGGAAGATGGCCCGTGTGTGGACGTAGCC	0	0	0		0	0	0	0	6147
TTGGAGCAACACTAGCTGGATGGAATTCCT	0	0	0		0	0	0	0	29613
TTGGAGGGTCGTGGTAAGTCGGGGTGTAAT	0	0	0		0	0	0	0	716
TTGGATATTGGGGGGCTAGGGGAAACGAGG	0	0	0		0	0	0	0	7876
TTGGATCATTGGCTGAATTAGGTGTACGCC	0	0	828.1560052		0	0	0	0	0
TTGGATGAAAAATTTACTCCAGAGATTCCA	1195.760573	0	1514.703655		0	0	0	0	0
TTGGCAACAGATGCCCTCTCGGTTGAACAT	0	0	0		0	0	0	0	20805
TTGGCACGATATGTGGTATCTCGGTTCGAG	0	0	0		0	0	0	0	15869
TTGGCACTAGTTATCGGGTTTAAAGTCAGA	0	0	0		0	0	0	0	2722
TTGGCAGAAAATGCTTATAGTCAAATGTTA	0	0	0		0	717.4709792	0	0	4865
TTGGCCAATACGTGTTAGGCTCATTTGGAG	788.8055935	0	0		0	0	0	0	0
TTGGCCTGAGGCCTAAATATCCTAGGTGCT	0	0	0		0	0	0	0	1463
TTGGCCTGTTTTTGTTTTATAGGGCGTAGG	0	0	0		0	0	0	0	1725
TTGGCTGTACGGACACCCTGGCCAGACCCA	0	0	0		0	0	0	0	955
TTGGCTTGTTGTATGAGTGCCCTAGGTACG	0	0	0		0	0	0	0	602
TTGGGATAACGTGGTGGTATTAAGATAGCA	0	0	0		0	0	0	0	1844
TTGGGGCCTTATAAGATGGATGTCTTCGAA	0	0	0		0	0	0	0	2961
TTGGGGCTACAGAAGGCATGGAAGGGGCGG	0	0	0		0	0	0	0	17607
TTGGGGTAATTCGGTCGCGAATGTCGGGGG	0	0	0		0	746.6504209	0	0	0
TTGGGGTATAGGCGGTTGCGCATTGTAGAC	0	0	0		0	0	0	0	4426
TTGGGTAGATTGTCGTGCGCGCAGGTAGTG	0	0	0		0	1500.166593	0	0	0
TTGGGTATAACCTATGATTTGGGTAGAGTA	0	0	0		0	0	0	0	4568
TTGGGTATAAGTTCCGGGACAGCTGAGGTT	0	0	0		0	0	0	0	1772
TTGGGTCGTTCGGGTTCGCATACTGGGCGT	0	0	0		0	0	0	0	11493
TTGGGTGCAGTGCGATATTGTTTTACAGGA	0	0	0		0	0	0	0	55563
TTGGGTGGAGTAGAGTGTTTTTGGATCATT	0	0	0		0	0	0	0	3871
TTGGGTTTAATTGCGGATTGTGTCGTAGTG	0	0	0		0	0	0	0	2449
TTGGGTTTAGTGGGTAATTTCGTTCGGCTG	0	0	0		0	0	0	0	16396
TTGGTAAATCTCCGTCGGGTTCTGGACTCA	0	0	0		0	1265.014621	0	0	0
TTGGTACTTAAGATGCTGTTAGTGTTTAGT	0	0	0		0	1429.792645	0	0	1281
TTGGTAGATAAGTCACTAACAGCAGGTGGT	0	0	0		0	0	0	0	2283
TTGGTATAAGCGCTGTCGGAGCGATCGTGA	0	0	0		0	0	0	0	23974
TTGGTATATTAGGGTGATGGAGAGGCTCTG	0	0	0		0	0	0	0	668
TTGGTATTATTTAAGTAAGCATTTATATTT	0	0	0		0	0	0	0	816
TTGGTCAGTCGGTGGCACCAATTGAATGTG	0	0	0		0	4854.085955	0	0	20966
TTGGTCTGATAAAGCTCTCGACGTTCCAAA	0	0	628.3870757		0	0	675	0	9961
TTGGTCTGTAGCTGTTTTATATATGTTGCT	0	0	0		0	0	0	0	674
TTGGTGAAATGGCTATAAAGATAGGGGGGG	0	0	0		0	0	0	0	4802
TTGGTGGCTGGGGGGTATACCTATTAGGTG	0	0	2048.263708		0	0	0	0	7451
TTGGTGGGTCAGCAGGCCTGGCAAGGCTTC	0	0	0		0	966.3544528	0	0	25843
TTGGTGGTTAGGACATCGGAGTTATGGTTA	0	0	0		0	0	0	0	2798
TTGGTGTCATCATAAGCCTTGGCCTTTTGC	0	0	0		0	0	0	0	924
TTGGTTCATCAGTGCTAGTGTCTTATAGTC	0	0	0		0	0	0	0	994
TTGGTTGCTTCCCTATACGCCGAGCGGGCA	0	0	0		0	0	0	0	10575
TTGTACATTGGGGGATTAAGACTCGGCACA	0	0	0		0	0	0	0	4496
TTGTACGCAATTGTACCGGGTCGGATGTAC	0	0	0		0	0	0	0	4871
TTGTACTGTATAGTTGGGCGTCGGGTGATG	0	0	0		0	0	0	0	25549
TTGTAGAAACTCCTCGGCCATTGGAGTAGC	0	0	0		0	0	0	0	905
TTGTAGAAAGCTCACTTGACCATACGAGAG	0	0	0		0	3323.023482	0	0	6248
TTGTAGCTAAAAGTTCCTGCGACTATCTGA	0	0	0		0	1520.763846	0	0	1327
TTGTAGGATAGAAGGAGAATTCATGCCGGG	0	0	0		0	0	0	0	7121
TTGTAGGGTTGCATAAGGTCCTCTGCGGGT	0	0	0		0	0	0	0	1545
TTGTATGGTGGACGAGTACATTAGGTCACG	0	0	0		0	0	0	0	17634
TTGTATGTAGACTAGCGTATTTTAGGACAG	0	0	0		0	0	0	0	4986
TTGTATTGTATTACGTAATTTGTGCGCACA	0	0	0		0	0	0	0	28215
TTGTCATCTAGGAGCGTGACTTGGAATGGT	0	0	0		0	0	0	0	811
TTGTCCTCATTGGAGGATTGGCTCGTGCCA	0	0	0		0	0	0	0	1718
TTGTCGTGTTTCTCTGGGACCGATAGAGCT	0	0	0		0	1520.763846	0	0	0
TTGTCGTTTAACATGGGGAACAGGGAGGTC	0	0	0		0	0	0	0	1137
TTGTCTTGTTGCGTTAAACAAATCCGGGCT	0	0	891.3740209		0	7102.619406	0	0	34014
TTGTGAGATGTGCGGCGTGTAGTGGAGACT	0	0	0		0	0	0	0	1246
TTGTGAGCTTGAGCGATGCGATTGTATAAA	0	0	0		0	0	0	0	796
TTGTGATGATTACTGTCCCACGAATGACGA	0	0	0		0	3920.343819	0	0	1517
TTGTGCGGAGGGAGGGAGACGTGTTAGTCT	0	0	0		0	0	0	0	5938
TTGTGCGGAGTAAAACAACGTCAAAATCAA	0	0	0		0	0	0	0	4013
TTGTGCTCTGGGGGGCACTCCATGTTTAAG	0	0	0		0	0	0	0	3240
TTGTGGCCATGGCGAGGCGACTGGGCAACT	0	0	0		0	602.46965	0	0	811
TTGTGGGTACTAGCAGCAGATTACTCGCTC	0	0	0		0	0	0	0	1078
TTGTGTAAAGGATAAAGGTTAGAAGTTTAG	0	0	0		0	0	0	0	3985
TTGTGTATATTATACGCTCGTATCACGTCA	0	0	0		0	0	0	0	32331
TTGTGTTTAGACGAAGCCAGCGTTGTAGCG	0	0	0		0	0	0	0	1991
TTGTTAAATTTGAGGGAACAGTCAAATTGC	0	0	0		0	0	0	0	1547
TTGTTAGAAACACCCGACGGGGCTTCAAGT	0	0	0		0	0	0	0	4382
TTGTTAGATGTCCTAATAGATATTTGCCAC	0	0	0		0	0	0	0	34721
TTGTTAGCACCTTCAATATTATCAGTCGTT	0	0	0		0	0	0	0	610
TTGTTCCTTGAACCGTTGTTGTCTGCGGCG	0	0	0		0	0	0	0	2598
TTGTTGGAAAAATTTCGTTCTGTCCGTGAG	0	0	0		0	0	0	0	1908
TTGTTGGCTTTGTTATTGGCTAATAGGGGG	0	0	0		0	0	0	0	6181
TTGTTGTTTCCGAGACAACTGTGTGAGATA	0	0	0		0	0	0	0	611
TTGTTTATAGGGCCGGCTAGTAGCTCGATT	0	0	0		0	0	0	0	26612
TTGTTTGCTTGGGTCTACTCCTTACTAACA	0	0	0		0	0	0	0	3562
TTGTTTGGTGCGGTTAATTGTTGAGAAAGA	0	0	0		0	0	0	0	724
TTGTTTTGTGCTTTGCCAGGTAATGGCTTC	0	0	0		0	0	0	0	668
TTGTTTTTACGGGTCTCAAGCAACTTTGAT	0	0	0		0	0	0	0	31744
TTGTTTTTTGTGCTAAAGGGTGATCTATGA	0	0	0		0	0	0	0	710
TTTAAACAATCTTTGCTTCCAAGATTCGGT	0	0	0		0	0	0	0	1475
TTTAACAAATCTGCCATGTCGGCTGGCAGT	0	0	0		0	3999.299956	0	0	2211
TTTAACAGATTTAGAGTTTTAGTAAATTCA	0	0	0		0	1683.825432	0	0	5774
TTTAAGATTTATGATATATGGGACAGGGGC	0	0	0		0	1599.719982	0	0	15425
TTTAAGATTTGCTTCTAACTGTCTTGACAA	0	0	0		0	0	0	0	34870
TTTAATGTTGAAGTCTATTCAGATTGTAGC	0	0	0		0	0	0	0	8068
TTTACAATTGTGTTAGACCGGAGGCCCACG	0	1042.293839	0		0	0	0	0	1814
TTTACAGTTATAATGTGATTTTACAACACG	0	0	0		0	0	0	0	831
TTTACCGCAGGGGAAGAACTGCGCTGAAGA	0	0	0		0	0	0	0	981
TTTACGCCAACGTGCTAAGTGTGGTGTGTT	0	0	0		0	827.3229951	0	0	13036
TTTACTCATAGGATATGCCGGAAACGCATC	0	0	0		0	0	0	0	14506
TTTACTTATAGTAGCGACTATTAGGGGACT	0	0	0		0	0	0	0	703
TTTACTTATTGAGTCTGCAGGTACGCGTAG	0	0	0		0	0	0	0	7454
TTTAGAGTACGTGATGAATGGGCTGTAAGG	0	0	0		0	817.0243686	0	0	9955
TTTAGCGCTTATGGCTTGTGGGGGTATATG	0	0	0		0	0	0	0	7249
TTTAGCGGAGGGTCGGGACTCCCAGGGGGG	0	0	0		0	0	0	0	1317
TTTAGCGGTTGGACCGTATTCCTAAAGTTT	0	0	0		0	0	0	0	2702
TTTAGCTCAAGTCGGGAGCGGGGAAAGTTC	0	0	0		0	6208.355339	0	0	1977
TTTAGCTCATCGGGCCTCGGCTATGTCCGT	0	0	0		0	0	0	0	34409
TTTAGGAGACTTACATTGTTTTGGTGCATC	0	0	0		0	0	0	0	2694
TTTAGGCTATTCATAGCGTGAGTGTGTTCC	0	0	0		0	892.5476296	0	0	1040
TTTAGGTGTGTATAGTTCTGAAATTGGTGC	0	0	0		0	0	0	0	672
TTTAGTGAATTAGCATGAGCTTCTCAACGA	0	0	0		0	0	0	0	22009
TTTAGTGCAATAAGCGTGAAGTGTAGATCG	0	0	0		0	0	0	0	12408
TTTAGTGTTGCGGAGTGATGGTCTGAGAAC	0	0	0		0	3340.18786	0	0	692
TTTATAATTATGACCATTATCCTGGTTCAT	0	0	0		0	0	0	0	613
TTTATAATTCGCTTCAGTTCCGTTCGGGGA	0	0	0		0	6481.268941	0	0	29530
TTTATAATTCGTATATAGGTTTGAGACTCA	0	0	0		0	0	0	0	27755
TTTATATAATTCAGTACGCCCATGGCCTCA	0	0	0		0	0	0	0	964
TTTATATTTAGTGTCTTTTTTCCAGGAAGT	0	0	0		0	0	0	0	1753
TTTATCAATATGAGGGCGTCACCCCTAATT	0	0	0		0	0	0	0	5607
TTTATCAGTCGAGGCAGTGTGTTACAAAGG	0	0	0		0	0	0	0	1122
TTTATCCCTGCCATTTAAGCAGCTTCGTTA	0	0	0		0	1932.708906	0	0	3422
TTTATGGCTTTCAATAGTATTTACCAATCA	0	0	0		0	0	0	0	4188
TTTATGTATGAGTGTGCAATGAGAAGGGTA	0	0	0		0	0	0	0	22639
TTTATTACACTTTGTACTAGGAAATGCTTT	0	0	0		0	0	0	0	13314
TTTATTTCTAGGGAGACTACTTGGTTTAAG	0	0	0		0	0	0	0	26124
TTTCAAATATTTCTTAAGCAGTTGTTCGCT	0	0	0		0	1331.955693	958	0	1146
TTTCAACAATCATAGCGAACGGAGAGGTGC	0	0	0		0	0	0	0	10377
TTTCAACCTGTACATTTCCGGATGTACAGT	0	0	0		0	0	0	0	1846
TTTCAAGGTACTGGAACAGTCTGCTTATCA	0	0	0		0	1452.106336	0	0	22202
TTTCAAGTTGCGGGTATAGACTGGGTGCCG	0	0	0		0	0	0	0	3043
TTTCAATTTTTATGCCGGGTGCTGTATAGA	0	0	0		0	0	0	0	5261
TTTCAGAAAATAAGCTTGAATACACTCGTG	922.255116	0	691.6050914		0	0	0	0	18416
TTTCAGGATGCGTAGGCTAATTTGCGTGCT	0	0	0		0	628.2162162	0	0	14060
TTTCAGGTTGTTTACGGTCCTCTATTTTAG	0	0	0		0	0	0	0	10442
TTTCATAGTGGCGTAGCGTATTATGAGACA	0	0	0		0	0	0	0	1325
TTTCATGGAGGCAGTGCAGGGCATAATACG	0	0	0		0	801.5764289	0	0	0
TTTCCCGGTAGCAGCTTAACAAAAATGTCA	0	0	651.1455614		0	0	769	0	0
TTTCCCTTTGCTACAAAGCTTTTCGTGGTG	0	0	0		0	722.6202924	0	0	0
TTTCCGCGTACGCAATCGGTTACGATTTGT	0	0	0		0	0	0	0	1303
TTTCCTGGTGAGGTAGTGCTTGATTTACTT	0	0	0		0	901.1298183	0	0	708
TTTCGAAGATTTCACAGGTCGAGGAACACG	0	0	0		0	0	0	0	40667
TTTCGCATAGTGGTCTAGCAATGGAAAGTT	0	0	0		0	0	0	0	1194
TTTCGCTTAATTCCACCTGGGGGTGGCGCG	0	0	0		0	0	0	0	923
TTTCGGGCAAGGTACACTGGGCTCGTCAGG	0	0	0		0	0	0	0	10056
TTTCGGGTTACTCGCAAGTGCATTTGAAGG	0	0	0		0	3975.269827	0	0	5624
TTTCGGTGTGTTCTCGCTGGCTCTGGAGAA	0	0	0		0	0	0	0	30641
TTTCGGTTAAAGGTATCGATGGTTTCACGC	0	0	0		0	0	0	0	1234
TTTCGTAATACTCTTGGCCGAGGCCAGGCA	0	0	0		0	604.1860877	0	0	2053
TTTCGTAATGAATTAGAGGGCGAACATTAT	0	0	869.8798956		0	0	0	0	19390
TTTCGTCATACATTCTTGGAGATAACCTGT	0	0	0		0	0	0	0	2465
TTTCGTCCTGGCCGATCTTAGGTTCTGTCC	1499.655525	0	0		10552.58156	1242.70093	3647	0	8796
TTTCTAATTTACGGTTGTTATAGACGCTAT	0	0	0		0	0	0	0	1944
TTTCTATAACGCAGTGTGTCATCTGGGCCA	0	0	0		0	0	0	0	1199
TTTCTCTCATGCACACCAAGAGGCAATCTC	680.4604366	0	0		0	993.8174568	1817	0	36456
TTTCTGAAATCAAGGTGTTGGTTGGAACAG	0	0	0		0	0	0	0	1259
TTTCTGGTATGTGGTACTAGGGGGCTAAGA	0	0	0		0	0	0	0	11007
TTTCTTGATGCAGTTATTGGGGCAAGATAA	0	0	0		0	0	0	0	1797
TTTCTTTGTGGTCTAGGGGGGAGTCGGGAT	0	0	0		0	0	0	0	10012
TTTGAAAGTGAATGGATGGGTCATTCCGCT	0	0	0		0	0	1397	0	1692
TTTGAACTTAGATTAACCAACTAGATTTTA	0	0	0		0	0	0	0	11285
TTTGAAGTAGCTCCGCTATTGCACCAAGAT	0	0	0		0	0	0	0	747
TTTGAATAAATGGCCTAAGCCGTGGGAAGA	0	0	0		0	0	0	0	14472
TTTGAATATCTCACGGTTACGACTGATGAC	0	0	0		0	0	0	0	20662
TTTGAATCAGCATCTCTCCGATACCCGAAT	0	0	0		0	0	0	0	1521
TTTGACGATATCACATAATCGGGTGGGTCG	0	0	0		0	0	0	0	5290
TTTGAGGCTACGACTTGGCTACAAGCGTTA	0	0	0		0	0	0	0	1033
TTTGATATTATACGTGGTAGTTACTGGGGA	0	0	0		0	988.6681436	0	0	0
TTTGATTGTGCCGGAGAGATAGAACAGGGT	0	0	0		0	0	0	0	676
TTTGCAGTTGGACTAGGTTACACTGGGCAA	0	0	0		0	0	0	0	658
TTTGCATAAATATCAACATTTCACTTGTAA	0	0	0		0	0	0	0	1246
TTTGCGACTCGTAATCACTGAAGCCACATG	0	0	0		0	0	0	0	642
TTTGCGGAACTAATTCAATTAATTTCCATG	0	0	0		0	726.0531679	0	0	16518
TTTGCGGTTTCTTATGTGACTGGAGCTACA	0	0	0		0	0	0	0	1068
TTTGCGTCTAGGTGTACGGATCTGTCAGGC	0	0	0		1954.964539	0	0	0	0
TTTGCTACAATGGATCACTTATTCATTCTC	0	0	0		0	0	0	0	1181
TTTGCTCTTACATTTACATCCGAGCGTATA	0	0	0		0	0	0	0	7364
TTTGCTGGTTAGTGATCGTTGATCAACACA	0	0	0		0	684.8586619	0	0	887
TTTGCTGTAGGTTTTTGCGTGGGGATTTTC	0	0	0		0	0	0	0	52666
TTTGCTTATAGGACTAAACTCTATTGTCGG	0	0	0		0	0	0	0	5979
TTTGGAAGATTGGTCCTTAAACTGGATGTG	0	0	0		0	0	0	0	673
TTTGGAATTTCTAAGTTATCAGTGACTTTA	0	0	0		0	0	0	0	928
TTTGGACAAGCTAATGACTATGGTGGTGTA	0	0	0		0	0	0	0	3516
TTTGGACCAAACTTTTGTTTCCTGGGAAGT	0	0	0		0	0	0	0	1147
TTTGGAGATGGCTTGTGTTCACCGACAAGT	0	0	0		0	0	0	0	3679
TTTGGATGACTTCATACAAGCCGGGTGCCT	0	0	0		0	0	0	0	2683
TTTGGATGTGAAAGGGTGTGCGCGACTGAA	0	0	0		0	0	0	0	735
TTTGGCAGTCGGGTAGATCCAGTCTGGATG	0	0	605.6285901		0	0	0	0	14947
TTTGGCTGTTGCCGGTCAAGTGGTGACCCG	0	0	0		0	0	0	0	606
TTTGGGAGAATCTCGGGCTAAATATGTGGA	0	0	0		0	0	0	0	733
TTTGGGCCATTAATTCATGGTTAAGTGGCA	0	0	0		0	0	0	0	1662
TTTGGGGATGTCGCGGTAGATAAAGATGGC	0	0	0		0	0	0	0	1019
TTTGGGGTACAGGTCGGTACGTAGTGTGAG	0	0	0		0	0	0	0	913
TTTGGGGTTCGGATGTAGGGTCGCAGCAAT	0	0	0		0	2245.100576	0	0	10348
TTTGGGTTAGCTGTGACGGTAGATCGGGGC	0	0	0		0	0	0	0	3751
TTTGGTAGTCGGACATAAACTGCGCTGGAC	0	0	0		0	0	0	0	1240
TTTGGTCGTTTAAGGATTAGTGGGGGCGGA	0	0	0		0	0	0	0	19611
TTTGGTGAACGTGCTGAGGCAAACGCACGA	0	0	0		0	0	0	0	1841
TTTGGTGGACCGGTCGGATCTTCGTGTCCG	0	0	0		0	0	0	0	1015
TTTGGTTTTGAGAACGTATGCAATAAGTGT	0	0	0		0	0	0	0	18877
TTTGGTTTTGCGTCAATTAAATGTTTGGGC	0	0	0		0	1755.915817	1815	0	4809
TTTGTAGGTTGCCGTTATTTAGTAACTGTT	0	0	0		0	0	0	0	683
TTTGTATAAATATAATACTAATCGGTATGT	0	0	0		0	0	0	0	15759
TTTGTCACTTCGTCAAATTTAAACAAGTCA	0	0	0		0	0	0	0	3358
TTTGTCAGTTAACGGCGACAAAGTAAACTA	0	0	0		0	0	0	0	7967
TTTGTCATTGAATGCATGAGAGACTTACTC	0	0	0		0	0	0	0	1223
TTTGTCTCAATTTCGAGTAGCTGGGGAACA	0	0	0		0	0	0	0	1033
TTTGTGCGACGCCATTAACCCATGGGTAGC	0	0	0		0	0	0	0	2136
TTTGTGCGATATCTGAGTACTCCAGGGTGG	0	0	0		0	0	0	0	1029
TTTGTTATACTCTATGTGATACCGGGACGG	0	0	0		0	0	0	0	4848
TTTGTTGTAATGTGCATTAATGGATGGGAC	0	0	0		0	0	0	0	764
TTTGTTTCTTAACTCACTGCTCAGTATATC	0	0	0		0	0	0	0	3042
TTTGTTTTAAGGGCGGGTACAGTGAAGTTG	0	0	0		0	0	0	0	780
TTTTACGCATCGGCTTAGGAATAAGTATGG	0	0	0		0	0	0	0	2554
TTTTACTTTTACCAGGCCTATTGGTGTAGT	0	0	0		0	858.2188746	0	0	63594
TTTTAGGTTATGGGGGCTTCAATGGCAACT	0	0	0		0	2706.822331	0	0	4559
TTTTAGTAAGTTCTTGTGTGAGTTCAGATC	0	0	0		0	0	0	0	1070
TTTTCCAGTTGCGCTCCTTTCCACGACGGG	0	0	0		0	0	0	0	15635
TTTTCGAGATATTGTTACCAAGCTCAGCCG	0	0	0		0	0	0	0	4522
TTTTCGCGTGCTTGCACGGTTAAGTTCAGA	0	0	0		0	0	0	0	26466
TTTTCGCGTTAAGTCTGCTACTAACCGGAC	0	0	0		0	0	0	0	1408
TTTTCTAGTTCATGTAGATCTAGGGGACTA	0	0	0		0	0	0	0	1575
TTTTCTATAAACGACGGATGATATTGGCGC	0	0	0		0	0	0	0	1842
TTTTCTCAACAATTGGTCGTGATCATTACA	0	0	1065.855744		0	0	0	0	3012
TTTTCTGGAACAATGACATAGCTGCTCTCA	0	0	0		0	0	0	0	747
TTTTGAAAACTATTGGTGTAGTCCGACGAT	0	0	0		0	1434.941958	0	0	4704
TTTTGAAGTGATACCAGGCATGTGAACGGG	0	0	0		0	0	0	0	4359
TTTTGAATATGCTCCATATTGTTCCCGTCG	0	0	0		0	0	0	0	635
TTTTGACCATTATATATCTCACATTGTCCG	0	0	0		0	0	0	0	5867
TTTTGAGGTAAGTCGCGGATGGGCGTGCGT	0	0	0		0	0	0	0	3673
TTTTGCACAGGGGACCTGTTTATCGACGTG	0	0	0		0	0	0	0	6594
TTTTGCCTAAGGAGGGCTATGGTCGGTGAT	0	0	0		0	805.0093044	0	0	2496
TTTTGGCGTATAGTTTCATAATAGAAGGTT	0	0	0		0	0	0	0	4515
TTTTGGGATCATGCTTTGATTGACTGCACG	655.3560709	0	1561.484987		0	0	0	0	0
TTTTGGGTATTCGGCGTCTATGTGTTAACA	0	0	0		0	0	0	0	15393
TTTTGGTCAAGTAAGGTCTGTGCGTATAGG	0	0	0		0	0	0	0	1373
TTTTGGTTTATAATACGCTTTGTAATGGTC	0	0	0		0	0	0	0	723
TTTTGTAATCGAGCGAAGGCGTCGTGGTGA	0	0	0		0	0	0	0	1853
TTTTGTGGTGCAAATCTATACTAGGGTTTG	0	0	0		0	0	0	0	4890
TTTTGTGGTTGTATTTTATAGTATACAGGG	0	0	0		0	0	0	0	851
TTTTGTTGATCAGATGCCGCCTACGGGTTA	0	0	0		0	0	0	0	1260
TTTTGTTGTCCAATCGGATTTTTGTGAGCT	0	0	0		0	0	0	0	845
TTTTGTTGTGGGCGGTTTAAATATGCAGGC	0	0	0		0	0	0	0	2822
TTTTGTTTAGTTTAGTAGACCTTCGCATAC	0	0	0		0	0	0	0	769
TTTTTAAGTTCTCTTCTGCAGGCGTATGTT	0	0	0		0	0	0	0	12814
TTTTTATCAATGGATTCAATGACCTTCCCG	0	0	0		0	0	0	0	820
TTTTTATCATAAAGGTGCATTTATAGGTTC	0	0	0		0	0	0	0	732
TTTTTCGGTGAGGAAGCAAGGTCTAGACAT	0	0	0		0	0	0	0	3266
TTTTTGCGTGGGGTCTTGGATGTCATGCTG	0	0	0		0	0	0	0	1480
TTTTTGCGTGGTGATTGGTGGTGAGCATAG	0	0	0		0	0	0	0	9149
TTTTTGTTTATGTCTTCTGCTGGTACGGAA	0	0	0		0	0	0	0	3536
TTTTTTAATAATTAATGATAGACTTGACTA	0	0	0		0	0	0	0	2355
TTTTTTAGACCCGGGCCTGTGTATAAGACC	0	0	0		0	0	0	0	1696
TTTTTTATACGCATAATGTTTAGTTTCCCA	0	0	0		0	0	0	0	1403
TTTTTTGCTCTCTTTTAGAATTGTACTCTG	0	0	0		0	0	0	0	1433