barcodes	rsp	pm	am	a	rl	al	lm	neg	inj
AAAAAAGCTAGACGAATTTGAGCGTGACCA	11	64.59813084	40.61538462			139.7218989	217.4644068	0	12
AAAACGGCTGTGTTCTAGGGGAGCAATAAC	0	0	1.562130178			0	2.684745763	0	1
AAAAGGAATAGCGGAATTGAAAGAGCCTGA	0	0	0			0	8.054237288	0	2
AAAATGACAGGTAAGAGCAAGTCTTACTGT	0	0	0			0	1369.220339	0	233
AAAATGGTTCGTGATTCGGATTGACTAGTG	0	0	17.18343195			0	0	0	129
AAAATGTCACTTTTCCCTGCTGTGGATGAC	0	0	0			0	26.84745763	0	1
AAACCGGATGGATGGGCTATAACAGGTCAG	0	4.037383178	0			219.285758	496.6779661	0	15
AAACGCCACCCTCCCGCCTCCCCCACTCTA	0	0	1.562130178			0	0	0	1
AAACGGAAACGGAGTGGGCGTTTAGTCCCG	0	0	0			0	8800.59661	0	934
AAACTGAAACGTAGAGTCAATCGCAACCTC	0	0	0			0	5.369491525	0	432
AAAGATGCATCCACTCACTGTGGTGTACGT	0	2.691588785	0			0	1320.894915	0	950
AAAGCATAATGTACGCTAGAGCGCGAAAAG	13	0	0			40.75222052	225.5186441	0	166
AAAGGCACATGAGTCGAGTTCGTAACAGTT	0	0	67.17159763			0	0	0	950
AAAGGCAGTGCAGGGCTGGGAGAAGGGCCG	0	0	0			0	16.10847458	0	1
AAAGGCCAAGCAGAGAACATAATACAAGCA	0	0	0			0	21.4779661	0	7
AAAGGGTAACGTTATGCTGCTATGTTCTGC	0	0	0			0	5.369491525	0	564
AAAGGTAGATGAGTGGGAGGAACGTGGGTC	0	0	0			0	3688.840678	0	11054
AAAGGTGAACTTCGTGCTTAAACTTGATTA	0	0	0			0	18.79322034	0	37
AAAGTCTAAGCGGTCTATGAGTATACTGCC	48	17.4953271	46.86390533			23.28698315	413.4508475	0	104
AAAGTTGAACGTGAGTCATATAACGGGGAT	0	0	0			0	34.90169492	0	3
AAATACGTAGAAAGCCGGTAGCTTAATAGC	0	0	1.562130178			0	2.684745763	0	19
AAATAGTATGTTGGACTGCAAGGTCGGGCA	0	0	0			0	53.69491525	0	8
AAATCATCTGGAGCTTTTACAGTTTCAGTT	0	69.98130841	421.7751479			0	0	0	124
AAATGATCATGAAGGTGGGGCGGGAAGACG	0	0	184.3313609			46.57396631	1433.654237	0	171
AAATGCACTCGGCTATTGTGTACCACAAAT	0	0	0			0	493.9932203	0	72
AAATTACGAACTTCATTAATATTGCGGATG	0	0	0			0	493.9932203	0	7107
AAATTAGCTGACCACGGAGATGATTGTTTA	0	0	0			87.32618683	1259.145763	0	1287
AAATTCATAATATCGTACTAAAAGGAATGA	0	0	0			21.34640123	689.979661	0	6618
AAATTGTGTGACGATTTGCGTTTGCAGTTA	0	0	35.92899408			0	1259.145763	0	2704
AAATTGTGTGCCGATCTGCGTTTACAGCTA	0	0	0			0	2.684745763	0	1
AAATTTGTTACCGTAGGGTTATCGATATCC	0	0	29.68047337			0	711.4576271	0	209
AACAACTATAAAAGAGTGGTATTTTATGCC	0	0	0			0	2.684745763	0	13
AACAAGGGTGTAAAGGGGGCGGAGCCGCAC	0	0	99.97633136			0	161.0847458	0	978
AACAATTTTACTTTCTGGCCGTGGGAAGAT	0	64.59813084	21.86982249			0	0	0	6141
AACACAGCTCTCTTGAGGCCGAGAAATGCC	3	0	0			17.46523737	0	0	5
AACACTCGTTTTTCACATTGCATGGGCTAT	0	0	0			0	1221.559322	0	7509
AACAGGGTTCCTGGGAAACCGTCGGCGCAC	0	0	0			0	8.054237288	0	61
AACAGTAGTTTGTCTTCGTGTCCGAGTGCA	0	0	0			5.821745789	13.42372881	0	40
AACAGTATAAAGCTTGATATTATCGTCAGG	0	102.2803738	704.5207101			0	0	0	5106
AACAGTTGTTGACATGGGAAATAGCTAAAT	0	0	45.30177515			0	0	0	7
AACATGCGTTCCTGTAGTATGTGGCGTAGC	0	0	0			4325.557121	5170.820339	0	188
AACCAAGGAGTTTGTCTCACCGAGAATGGG	0	0	82.79289941			0	0	0	1568
AACCATTAAACCGCGTGCTATGATCGCTGC	0	0	0			38.81163859	37.58644068	0	2
AACCCACTAACCACGCCATCCCCCCAAACC	0	0	0			0	2.684745763	0	1
AACCTAATAACATGTGAAGGGACGGGATGG	0	0	0			0	56.37966102	0	369
AACCTGGTTGGGCAGCTGTGAATGGTAAGT	0	0	0			0	187.9322034	0	218
AACGCGGGTGGTTTGAATCTCCACGGTTGG	0	0	0			0	373.179661	0	1514
AACGGAACTCCATCGGCTAGCTGACTCAGC	0	0	0			1.94058193	0	0	1
AACGGATGTCCACGGGAGAGCGAGGCGAGA	0	0	0			0	5.369491525	0	1
AACGGCTTATTATCGAAGACATTCTGTTCG	0	110.3551402	29.68047337			0	0	0	171
AACGGGCAAAATAGGCGACACAGCTTTTTG	0	0	3.124260355			0	201.3559322	0	99
AACGGTAGAAGACGTCAGATCGGGAGCGGG	0	0	362.4142012			0	0	0	1570
AACGGTTTAGGATGTACTTCGGGACGTGTT	0	0	0			0	16.10847458	0	1
AACGTCCATTCTTGATTATATGTCATTTTG	0	0	34.36686391			0	279.2135593	0	1835
AACGTCCATTCTTGATTCTCCGTCATTTTT	0	0	1.562130178			0	0	0	1
AACGTCCATTCTTTACTCCATGTCATTTTG	0	0	1.562130178			0	0	0	1
AACGTGCGTTAGAAGGTGGATGCCGGGGAG	0	0	0			0	163.7694915	0	4019
AACGTTATATTTATATCAACGGGTGTACGT	0	0	107.7869822			0	0	0	15009
AACTAAGTAGGTTATGTGGGGTCACAACGT	0	79.40186916	76.5443787			0	759.7830508	0	9040
AACTAGAATACTTTCGGAGGGTGGGATTGA	0	0	0			67.92036753	0	0	21
AACTCATACTGTCCGCTAGAGCGCGAAAAG	1	0	0			0	0	0	1
AACTCGGTAGTTCTCGCTATTTTGTGATGG	0	0	0			0	8.054237288	0	1
AACTGCTATATAACCATCTGCAGGCACAGA	0	4.037383178	0			0	0	0	2
AACTGTACTTAGGGGCGCCGGCCGGGGTTG	0	17.4953271	0			0	0	0	18
AAGAATTTTCTTTACATACTGAACTTATAC	0	4.037383178	0			0	0	0	576
AAGAGCGGTCAGGGATGCATCGCCCCATGC	0	0	0			73.74211332	144.9762712	0	9
AAGAGGATAGATTCTTAGACTCTGTGCCTG	0	0	0			0	5895.701695	0	12969
AAGAGTTCATGTCCTTTGAGGATAGATCCG	0	2.691588785	46.86390533			0	0	0	251
AAGAGTTGTCATTGTAGACCATACTTTGTC	0	0	0			155.2465544	246.9966102	0	34
AAGATCACTTGTAGGACAGGTGCGACCGGC	0	0	396.7810651			0	673.8711864	0	2106
AAGATCAGACCAGTAGTGTCCAAAATTGTT	0	0	15.62130178			0	0	0	2993
AAGATTCTATACTCCCATACTCTATTCCCG	0	0	0			0	2.684745763	0	1
AAGATTTTATAATAACGTAATGGAGTGCAG	0	0	0			0	5428.555932	0	7717
AAGCCTAATCGTTGAATAAGGTGTCGCTCA	0	0	0			0	34.90169492	0	9
AAGCTTGGATATAGCTATTATGTAAGACAA	0	0	0			0	77.85762712	0	1731
AAGCTTTTATAATCCCGTAATGGCGTGCAG	0	0	0			0	5.369491525	0	1
AAGGAATATCTCAAGACTCAGGTGAGGCCG	0	0	0			98.96967841	11729.65424	0	166
AAGGAGGATAGCAAATACCGTTGTTACCCG	21	172.2616822	906.035503			0	0	0	276
AAGGAGTGAACGTGGTGAAGCAGTGTATAA	0	0	0			0	107.3898305	0	3395
AAGGCCACTGAGCAGGCATCGCGGGTGGCA	0	0	0			0	13.42372881	0	1
AAGGCGTATTTTAGTAGGCAGACCATAGCG	0	0	7.810650888			0	0	0	347
AAGGGCTAACATTGAGCGGGGGTAGGGGGC	0	18.8411215	0			0	0	0	75
AAGGGGGATACTTCCGACCAACAAAAGTGG	0	8.074766355	0			0	0	0	4
AAGGGTCGTCGAAGATGATTCCTAGGAGGC	0	28.26168224	17.18343195			0	144.9762712	0	207
AAGGGTCGTTAGTACGATACAAAGTGGGAG	0	0	0			11.64349158	93.96610169	0	263
AAGGGTGTTGTGCGAGCAGGGGCCCAGGGC	0	14.80373832	0			0	0	0	1
AAGGGTTCTATAGAAAGACAAAGTCAGTGT	0	0	0			0	3439.159322	0	10
AAGGTCGCATGAGAAATGTGTAGTAGTTGT	0	0	0			0	13.42372881	0	1939
AAGGTCTGTTTATTACATGCGTCCATCGGA	0	0	0			0	2.684745763	0	309
AAGGTGTATCGGCTCCACAATCGAGGTTAG	0	0	0			0	5055.376271	0	156
AAGTAACGTTGCTCGAGTAGGCATCTTATC	0	0	26.55621302			0	0	0	9
AAGTACATTTGGTCCCGGCCCTTAGAAGTG	0	0	0			1.94058193	16.10847458	0	4
AAGTACGTTGAAAGTTTAATCGCATTTGTG	0	0	29.68047337			1.94058193	45.64067797	0	344
AAGTCAGTATTACACGACGTGTTCAAGATA	0	0	0			0	3729.111864	0	646
AAGTCGTTATCAGTGGAGACATCAAAGATG	0	0	0			0	1769.247458	0	3676
AAGTTAGGACAAGATGATAGAAGACGGGAG	0	0	128.0946746			0	298.0067797	0	4443
AAGTTATATATAGTGTCCAAACTGTATCGC	0	4.037383178	0			0	0	0	4
AAGTTGGTACTATTAGGTGCGGTAAGTCAC	0	0	0			0	16.10847458	0	1
AAGTTTGGAATCTCCTTATACCCGGTATAG	0	0	0			50.45513017	378.5491525	0	1095
AATACACAAATAATTCTAAGGTGGTTATCG	0	0	0			0	32.21694915	0	286
AATACGCTAGGGTTAATAATTGCGTACGGT	0	0	0			46.57396631	21.4779661	0	3433
AATACGTCCCCCTTTCCTCCAAACCTCCAA	0	0	0			0	2.684745763	0	1
AATAGAGCACCTCTTATTTTGTATGTTTCG	0	0	0			0	2.684745763	0	1
AATAGCACATAAATATTTATACCGGGGGTT	0	0	0			1057.617152	3739.850847	0	209
AATAGGCAACGGGTAAAGGAGCAAGGCACT	0	5.38317757	0			0	0	0	331
AATAGGTCTCTTTTAGACTAGATCAAGACT	0	32.29906542	0			176.5929556	51.01016949	0	1866
AATAGTGATGTCTTAGCTTCATGGTCGCAG	0	0	40.61538462			0	24.16271186	0	2
AATAGTTTATTAATTTGTGCTGGTTCCTGG	0	2.691588785	0			0	0	0	69
AATATACGAGGGACTGTTATGAACCCCAGT	0	0	0			0	198.6711864	0	2
AATATCACTAAATATTATAGTCGCTGGGGG	0	0	0			23.28698315	281.8983051	0	9
AATATCAGTGCAGATCCGCTCGCCTTCCCC	0	0	0			0	13.42372881	0	44
AATATGATAAGGCCTACGGTAACCTGAGAC	0	0	0			0	107.3898305	0	107
AATATTCGACGCTACCTGGCAACGTGGGTT	0	228.7850467	1409.04142			0	0	0	26
AATATTGATTCTTTACTTTATATCATATGA	0	0	0			11.64349158	0	0	8628
AATATTTATTCGTTGACTCTGATCAATGTG	0	0	20.30769231			5.821745789	134.2372881	0	51
AATCATTAACTTGGGATGAATTAGGGTTAT	0	0	0			0	2.684745763	0	5
AATCCCGAATGGATGTAGGAAGTAGTAGCT	0	0	0			0	93.96610169	0	125
AATCCTGGATCATGCCCTTGCGTAAACGGG	0	40.37383178	0			0	0	0	57
AATCGGACAAAACAGTACCGTCAGGAAATG	0	1.345794393	0			0	29.53220339	0	293
AATCTAAAAGAGTTTTTAGGAAAGTAGACT	0	6.728971963	0			0	0	0	230
AATCTAAGTACAGGGTACTATTTACTATAG	0	0	21.86982249			0	0	0	29
AATCTCAATATACAAAGCTATGTCACGCGT	0	0	0			0	10.73898305	0	6
AATCTCTCCTTAATCCTCCATACGGATCAC	0	0	0			0	2.684745763	0	1
AATCTCTGATGTTACATATCATGCGCCTCT	0	0	4.686390533			0	0	0	7
AATCTGCAAATCTGATAAACGTCGAAAGCA	0	0	0			677.2630934	3608.298305	0	1272
AATCTGCCAATCTGATCCCCGTCGAACGCA	0	0	0			3.881163859	0	0	1
AATCTGTCTCGAGCGCAACTACGGACGTCG	0	0	3.124260355			0	0	0	47
AATGAAGGACTGCGTTTTGTTGAAACCCAC	0	0	0			0	150.3457627	0	2
AATGAATAAGTATCTTTACGGACTGACAGA	0	0	0			0	5.369491525	0	319
AATGATAAAGTTCAGAGATACGGGTGTATG	0	8.074766355	0			0	0	0	826
AATGATCTAGTTTCATTACACGGCTAACAG	0	0	0			0	18.79322034	0	29
AATGCCAATGGGATGGGCCATGGTAAGAGC	0	0	10.93491124			0	0	0	153
AATGGGGAACACGTTCCTCAGAACCTACAA	0	0	0			0	2698.169492	0	4928
AATGGGTACCCCGTTCCTCCGCACCTACAA	0	0	0			0	2.684745763	0	1
AATGTTTGTCGAAGAGCCGGCTCACACAGA	1	33.64485981	403.0295858			0	0	0	212
AATTACGCAAGAATCAATCATATAACGGGG	0	40.37383178	0			0	13.42372881	0	308
AATTAGGGATTAGATTTCCAAACTCGCAGC	0	0	0			15.52465544	338.2779661	0	26
AATTATGAAAGGCCCTATGCATGAATGCTA	0	0	0			0	869.8576271	0	10
AATTCAGCACTCTGCTGCTAAGCCTGCCTA	0	13.45794393	0			0	268.4745763	0	1775
AATTCATTCGGTCCGCCCTGCTCCTCGATT	0	0	0			1.94058193	0	0	1
AATTCCGCCAGCATCACTCATATAACGGGG	0	1.345794393	0			0	0	0	1
AATTCGAGTGACAGTGTTGATATCTTTTAC	0	0	0			3.881163859	5.369491525	0	12
AATTCGGGATTAGATTTCCCCACTCGCAGC	0	0	0			0	2.684745763	0	1
AATTGATGAGATCGCGAACGTAGAAGGCAT	0	0	9.372781065			0	37.58644068	0	964
AATTGCAGTCGTAACTCGTATTATCGAGAT	0	0	0			2192.85758	21657.84407	0	118
AATTGGATACTTGGGTGGACAGCGTTATGG	0	0	1.562130178			0	0	0	1
AATTGTGGTGAGAGACAATTTGTTGAGTGG	0	0	151.5266272			9.702909648	327.5389831	0	184
AATTTCTATTTAATCAGGCATGCGGAGGAC	0	0	124.9704142			0	72.48813559	0	7778
AATTTTGGATTGGTTACTGATTTTTAGTTG	0	0	0			0	2.684745763	0	581
ACAAATACTGCGGCCGCTACCTAATTGCCG	0	153.4205607	6.24852071			0	0	0	62
ACAAATCCTTTTCGACTGGCAGCTAGAGCT	0	0	0			0	123.4983051	0	1
ACAACAGTTACGGAAGGCGGGCGTCGCCGC	0	0	0			0	8.054237288	0	24
ACAACCCCTTTTAGACCCCCTACTCCCCTC	0	0	1.562130178			0	0	0	1
ACAACTTAATTTGAGCTTGCCAGTACCCTA	0	0	0			0	26.84745763	0	1
ACAAGAATACCTTGCTGCAGCCTGCCAGAC	0	0	0			1.94058193	2.684745763	0	1
ACAAGAGGAAAGTGTTGTAGAATGAGGGAC	0	17.4953271	0			683.0848392	8199.213559	0	14214
ACAAGCTATAGAGGTACTGTGGACAGTGGG	0	0	0			0	2.684745763	0	55
ACAATAGTACCTCCTTGTAGAACGCCAACC	0	0	0			0	2.684745763	0	1
ACAATGGTAGTAGCTGGCCACAACGGGCTG	0	0	0			0	2.684745763	0	13
ACAATTTTAATGAAATTCTGATCCTAGATC	43	0	298.3668639			0	0	0	51
ACACAAGGTGATACGCTATTATGTTAGGTA	0	0	0			46.57396631	48.32542373	0	924
ACACACTATATTTGCGGTCGGACTTATCAG	0	0	0			77.62327718	2402.847458	0	2406
ACACAGCGAAGGCCTCCGACTCGTAGTCAC	0	0	1.562130178			0	0	0	1
ACACAGGGATAATATCGTTCATTCTTTATT	0	8.074766355	0			0	0	0	2771
ACACAGTTTTGGTCTAGGAGCTGTTACAGC	0	33.64485981	23.43195266			0	0	0	7
ACACCATATAGAACTCAGGCAATCAATTAA	0	0	0			52.3957121	338.2779661	0	5
ACACCCATCTGGTCCCTTTTTCTTACCCAG	0	0	0			0	5.369491525	0	1
ACACGACCATCATCACGTAGTAGGAAGCCC	0	0	0			0	311.4305085	0	593
ACACGACGAAAGTTTCGTAACATGATGACC	0	0	0			3.881163859	2.684745763	0	1
ACACGTAGTATTGTCAGTTTATATATTAGT	0	0	0			65.9797856	797.3694915	0	11
ACACTCTGATGGTCGTAAGTGGGTTTCACA	0	0	0			5.821745789	26.84745763	0	1005
ACACTGAAACCCACCAATAGTTTGCCATAC	0	0	0			0	115.4440678	0	177
ACACTGTTCTCTGACTCCCCCGACAAAACC	0	1.345794393	0			0	0	0	1
ACAGACCACTTAATACGCCCAACTCTTCTC	0	0	0			0	2.684745763	0	1
ACAGATGCAGGTTTGTTCCTTGGCTGGAGT	0	0	0			842.2125574	1269.884746	0	157
ACAGTCGGATTGTAGCGGAATTGGGACCAG	0	0	0			0	10.73898305	0	185
ACAGTCTCATCCTCGAATATTACATAATAG	0	0	0			0	238.9423729	0	3
ACAGTTGGATGTTGTCCGAATGCTTGTATA	0	0	0			0	8.054237288	0	4
ACATACCTCGAAATTCTAACCGCACTTATA	0	0	1.562130178			0	0	0	1
ACATATAAATACATCCTAGTTGTTGGCCTG	0	0	0			0	571.8508475	0	969
ACATCTTTATCCTGATTGGGGGAGGAAGAT	0	0	0			0	48.32542373	0	2
ACATGGGAAGGGGTTTATCCCTCCTGGACA	0	0	0			186.2958652	480.5694915	0	80
ACATGTGAAGATAGTTCAAGTATTTGTGCG	0	0	1.562130178			0	37.58644068	0	515
ACATTCAATTGTCACAAATACATTTAGTCT	0	0	0			106.7320061	2985.437288	0	6999
ACATTCCTACTATCGTCCTAAAAGGAATGC	0	0	0			0	2.684745763	0	1
ACCACAAAACGTAGGGCGTCTGAGTGAAGA	0	0	0			0	7689.111864	0	13160
ACCACCCACCATCACGCTCCCAAGTGAAAA	0	0	0			0	2.684745763	0	1
ACCAGGGCAGTATAAGACGCCTCGTGGTGT	10	0	0			21.34640123	5.369491525	0	22
ACCATAGGTGGCAATGGGGGTGGATGTACT	0	0	0			36.87105666	287.2677966	0	788
ACCCAAAGCCCCTACCATTCACCCTCCACT	0	1.345794393	0			0	0	0	1
ACCCATCTACCTTGCTGCATCCAACCCGAC	0	0	0			1.94058193	0	0	1
ACCCATTTCACTTTCTGGCCTTGGGCAGAT	0	1.345794393	0			0	0	0	1
ACCCCTCTCTTCCGATCTCATTTCAACACA	0	0	0			0	5.369491525	0	1
ACCCCTGTACCTTAGCATCCTCTTAGCCTC	0	0	1.562130178			0	0	0	1
ACCCGGTGTCGGTCCAGCCCTTTTAGAACA	0	0	24.99408284			52.3957121	1774.616949	0	5806
ACCCGTCTAAAGCTTCATACTATCATCACA	0	0	3.124260355			0	0	0	1
ACCCTCCCTTGTAACACCCGTTCGCCCGGC	0	0	1.562130178			0	0	0	1
ACCCTTACCTTTCAGAGCCCTTCTCACCTT	0	0	0			0	2.684745763	0	1
ACCGAATGAGCCCCCACGGGTAGGTCCCCA	0	0	0			64.03920368	4572.122034	0	7234
ACCGAATGCTCCCCCACTCTCATACCCCCC	0	0	0			0	2.684745763	0	1
ACCGCGCTACCCTTTATTCAATGTCGACGT	0	0	0			48.51454824	51.01016949	0	2
ACCGGAATTGAATGTGCTAAGGAATACAAT	0	0	0			15.52465544	16.10847458	0	72
ACCGGATTAAGTCCATGGTTTCCGGGAGAG	0	0	0			0	10.73898305	0	1
ACCGTGACTCACAAAACGAGAGATTGCAAA	0	0	0			0	72.48813559	0	25
ACCTAAATATGTTGAATAGGTTATGAGGGT	0	0	4.686390533			0	0	0	679
ACCTAAGGATTGGGGGGGATTCCAGGAGGT	0	0	388.9704142			0	0	0	198
ACCTACTCCCTTTGTAATATTCCCGTCTAT	0	0	1.562130178			0	0	0	1
ACCTCAGGATTATGTACTCTTCCCATAGGT	0	0	1.562130178			0	0	0	1
ACCTGCCTACCCTACACGGTGTATCTCACC	0	0	0			0	2.684745763	0	1
ACCTGCTGAGCTCCCGTCTGGTTATCGCAT	0	0	0			0	8.054237288	0	4
ACCTGTCAACTCCATGAGATTTCCGTAGTA	0	0	0			44.63338438	883.2813559	0	2
ACCTGTCGAAGACTTCAGACCGTGATCACA	0	0	1.562130178			0	0	0	1
ACCTTACCCCAATCAACCTATGCCTCTCCC	0	0	0			0	2.684745763	0	1
ACCTTATTAGGTGCCCATTGGTCTTCAGCA	0	22.87850467	0			0	0	0	638
ACCTTCCATTGTCACACCTACATTTCGTCT	0	0	0			0	2.684745763	0	1
ACCTTTCTCGCCTACCTGCTTTCTCAGCCA	0	0	0			0	2.684745763	0	1
ACGACGTCTTGTAAGAAGTCAAGCTCGAGT	0	0	0			1.94058193	21.4779661	0	8
ACGAGAGGTCACAGAAAATAATGGGCGGTA	0	0	3.124260355			0	0	0	87
ACGAGTTTTCTTCTCGAATTATTAATGGCG	0	36.3364486	14.0591716			0	0	0	1388
ACGATTTGTCAAGTGCCAATAGTTTGGTTT	0	0	28.1183432			0	115.4440678	0	10379
ACGCAGTGAAGGCATCCGGTTCGTGGTTGC	0	161.4953271	646.7218935			0	885.9661017	0	14080
ACGCATCAAGGTTCGGTAAGCAGCCCGGGA	0	0	0			0	21.4779661	0	275
ACGCCAAGAATTGTGTAGGCGCTCTAAGGT	0	0	0			0	16.10847458	0	8
ACGCCACTTCTCGGGCGGCTGGGTGCCGGC	0	239.5514019	42.17751479			0	72.48813559	0	95
ACGCGATTTCAAATTTTATAATTTAGATCT	0	0	0			0	5.369491525	0	20
ACGCGGGGTATCGCTTGCAAAGGACCAGTC	0	10.76635514	0			0	0	0	12
ACGCTCTTATGTGTGACGCATACCGATGTA	0	0	0			0	56.37966102	0	195
ACGGCATAAGGCAAAATTAGGTCTGCCTGT	0	0	0			0	131.5525424	0	1
ACGGCGCTCCTTTTCTGCAGCCACCCAGAC	0	0	0			0	2.684745763	0	1
ACGGGGGAATTCGACGACTGAATGCGCCTA	0	12.11214953	4.686390533			3.881163859	158.4	0	25
ACGGGGTATTAGTCCAGCACGCGTGGAGAG	0	0	0			0	67.11864407	0	1
ACGGTGTTCTCGGCCTTTCTTGATAACAAA	0	1.345794393	0			0	0	0	1
ACGTATAATAGCTGCTCCAACATCGGGATA	0	0	0			0	64.43389831	0	256
ACGTATGGTCTGGAAGTGATGAACGTGTTA	0	0	34.36686391			0	228.2033898	0	2955
ACGTGCCTAGGTCTGTAATGACGTCGAGGG	0	45.75700935	0			0	0	0	6086
ACGTGTCAATTCGCAGTGGCTTTAAGGTAT	0	131.8878505	0			0	8.054237288	0	2921
ACGTTCTTATCGTGCTTTGGTGAGGGATGT	0	0	0			0	128.8677966	0	67
ACGTTGCCTTCTTCCTCACTCAGTTGGACT	0	0	0			0	107.3898305	0	10
ACGTTGCTTGTATGGTGGGTGGGGATACCT	0	0	0			0	10.73898305	0	12
ACGTTTCGAGAACGATTCGATTGTGGAGAT	0	74.01869159	67.17159763			0	26.84745763	0	3971
ACGTTTGGACATTAGGATTCGCTGAGCCTA	0	0	185.8934911			52.3957121	1269.884746	0	4439
ACTAAATAATGCATCCAACTTCTCATAGTT	0	0	0			0	128.8677966	0	207
ACTAACACTGTCTTTCGGTGATTACGGCTA	0	0	0			0	10.73898305	0	3
ACTAACTGTGTGTGAGGACGTTTAGTACCC	0	0	0			0	408.0813559	0	3
ACTAAGTGACGCTCGATTTTATCTGCGGCG	0	0	0			0	279.2135593	0	69
ACTACATGTCCCATGACATACGACGTTGGA	0	0	195.2662722			1525.297397	727.5661017	0	6951
ACTACTCCTCGGGTACTAGCTCTACCTAGT	0	21.53271028	0			0	2.684745763	0	72
ACTATAACTATGTAAGTATCAAATAGAGTT	0	0	0			0	8.054237288	0	11
ACTATCATAGCCCACTCGGTCGGTGTGTGG	0	0	14.0591716			0	139.6067797	0	1530
ACTATGCGAACATGTTTATTCTTAAAGGAA	0	80.74766355	0			0	0	0	13661
ACTCAACCTGCTAACCGACGGGCATGGTAG	0	0	0			0	104.7050847	0	23
ACTCATTCATCGTCTGTGGGTCTGCGCCCT	0	0	0			2835.190199	1774.616949	0	1454
ACTCGGACTAAGTTAACGTCGAAAAGACGC	0	0	7.810650888			0	0	0	4
ACTCTCTTAGAACTGGTTAAATTGCGAGCA	0	18.8411215	31.24260355			0	0	0	69
ACTCTGTAACAATCTGTAGCTCCCGATGAT	0	0	0			17.46523737	204.040678	0	4544
ACTGAAGGACTTATTAAATGTCTGAGATTT	0	1.345794393	0			0	0	0	10
ACTGACGTTGGTTGACAGTGCAGGTCGGTG	0	0	304.6153846			0	0	0	3131
ACTGCGCGTCCTGCTACACTCTAATTAGGT	0	0	0			0	13.42372881	0	8709
ACTGGCAGACTAGTGTGAGTAGTTACATAA	0	0	28.1183432			0	0	0	1
ACTGGGTGAGACCGGAGGGTCATGGCGAGG	0	0	262.4378698			0	16.10847458	0	3117
ACTGGTCGACGGTTCCATCCTACGAGACTT	0	0	0			0	21.4779661	0	2
ACTGTAGTAGGCACCTTATATAAGGAATGG	0	0	0			0	2.684745763	0	120
ACTGTCCCAGTGGACTAGTCTGTTCCAGGG	0	0	0			0	2.684745763	0	2
ACTGTGCTACTACTCGGGGACAAAGTAACT	0	0	0			417.2251149	4443.254237	0	104
ACTGTGCTAGATGGTTGACGGCTTAGGTAA	0	16.14953271	0			0	587.959322	0	3627
ACTGTTATAGTTTAAGAGCCGTATATTTCT	0	130.5420561	0			0	8.054237288	0	864
ACTTCGGGAGGTTAGTTACTTCAGTAACAA	0	0	0			87.32618683	3347.877966	0	264
ACTTCGGGATTCGCTTTCCAACCTCGCCGC	0	0	0			0	2.684745763	0	1
ACTTCTGCTTCCATAAGTGCTATAGGCGTA	0	0	0			0	126.1830508	0	2668
ACTTGACTTTACGTCCCCCACCCTTCCATT	0	0	3.124260355			0	0	0	1
ACTTGGATTTGAGTTCCCAACACGTCCATT	0	0	192.1420118			0	0	0	2442
ACTTGTCTTTTCCGATCTAAGTGAGGAATA	0	0	10.93491124			258.0973966	5793.681356	0	10346
ACTTGTTGTATTAATACAAACAACAAGGCA	0	0	0			0	5425.871186	0	956
ACTTTACCCGACGCTCTACGACTCATATAA	0	0	0			0	2.684745763	0	1
ACTTTGATTGGGGTGGATGTAACGGGAACA	0	0	1.562130178			312.4336907	222.8338983	0	19
ACTTTGGTTAGGTTTGCATTTGTTGCACTT	0	0	0			0	16.10847458	0	17
ACTTTTTGAGGCTGGACGTCGCAGCACTCC	0	387.588785	0			0	21.4779661	0	5
AGAAAAATAACAGAGAAGTCGCTGCAACCC	0	0	0			7.762327718	190.6169492	0	66
AGAAAGAAAGAACTGAGTCGTGTATATGGG	0	0	0			3.881163859	32.21694915	0	2
AGAAATCCAGGCAAGCAGTGATGCGGTTAT	0	0	0			13.58407351	72.48813559	0	1
AGAACGGCTATAGTCGGCCTTGAATGGGAT	0	0	0			0	26.84745763	0	5
AGAAGACGTACTGGAGGGGTCAGCGATAGG	0	6.728971963	473.3254438			151.3653905	2279.349153	0	4147
AGAAGTTCAAGGCAGGGACGTCGTTTTGTT	0	0	0			0	2099.471186	0	515
AGAATATGTCCGGTTCACATGCCGCATTGG	0	0	0			0	2.684745763	0	1
AGAATGGATGGTCGTGTGGGATTGAGGGAG	0	0	0			0	5.369491525	0	2
AGAATTCGTTCAATTTACTGACTCGTAGGT	0	0	0			0	29.53220339	0	20
AGAATTTTACATCAGGGTACCATTGGACTA	0	0	0			15.52465544	0	0	1
AGACGTACATTCTCTGGAAGGTACGTTTGC	0	0	1.562130178			0	0	0	52
AGACGTCGTCTCATGGGCATCTCGGGGGAG	0	0	0			0	295.3220339	0	1759
AGACTCATTTGGGCTCGTTGGGTTGCCGAG	0	0	0			5507.371516	5025.844068	0	9159
AGACTGAAAAGAGGTGGAAATAATCGTTAA	0	0	0			32.9898928	8.054237288	0	2855
AGACTGTTAGTATGTTGACTACGCAGGGGA	0	0	0			9.702909648	714.1423729	0	1107
AGAGACAGTTCTGCTGAAAAGTGTGGCATC	0	0	0			0	2.684745763	0	3
AGAGACCAATCTGAGTGCCTTCGTGTTATG	0	0	0			186.2958652	467.1457627	0	172
AGAGACTAACCTCGGTATTTAACCAGACTA	0	6.728971963	17.18343195			0	0	0	867
AGAGAGGAAGTGTGAACAGATGTAGGTCTG	0	0	0			5592.757121	3635.145763	0	451
AGAGAGTGTTAGGAAAGTCTAATAATAGAT	0	0	0			0	1331.633898	0	1074
AGAGCCCTTGTCGGTGGCCTAGTGAGGCAC	0	0	0			0	8.054237288	0	1
AGAGCTATAATGCAAAAGTAAAGCGATACG	0	0	0			23.28698315	2.684745763	0	29
AGAGCTGCATGGGAAGAGTGTCAAGGACGG	0	0	0			0	402.7118644	0	11
AGAGGATCATACATCTCTGTGGTGGTAGGA	0	0	0			0	77.85762712	0	337
AGATCGGGTAGATGGCGGTCGGGGAAGTGG	0	0	0			0	5.369491525	0	1
AGATGGAGAGCGCATACGTGAGCCGAACCG	4	0	0			0	21.4779661	0	11
AGATGTAGAGAGGGAAGGTCGGAGACGGGC	0	0	0			0	429.559322	0	452
AGATGTAGTTTGGGGGGATGAGCTCGCTTG	0	0	0			0	813.4779661	0	256
AGATGTTGAGCACAGTTGCGTTCAGAAGTT	0	0	0			3.881163859	10.73898305	0	2
AGATTAAAAGAAGCATGACCAACAGGGGTG	0	14.80373832	0			0	29.53220339	0	1121
AGATTAGGAACTTTGGGTTGTCGGTAACTG	0	0	0			34.93047473	496.6779661	0	2
AGATTCAATGGTTCGTGAGGATTACAAAAC	0	0	0			85.3856049	61.74915254	0	17
AGATTCATTTCAACCATAGGCTCTGCTAAA	22	0	0			0	0	0	3
AGATTTCCTCCTGGGCAAACCTAAGCCCTT	0	9.420560748	268.6863905			0	0	0	15
AGATTTGATAGCGGGGGTATGCGTTCGAGA	0	0	0			0	26.84745763	0	1
AGCAAGGCAGGCCCGGCCTTGTAGACTGAG	0	0	0			0	5.369491525	0	47
AGCAATTATGTACAACATAGCTGTCTACGT	0	0	43.73964497			0	0	0	499
AGCAGTCTTCGAAATAAAGCGACGCTCAAA	0	0	0			0	45.64067797	0	13
AGCAGTGATGACATGTGGTGGTGGTACGGG	0	0	0			0	21.4779661	0	250
AGCATACAAGTCTAAAATGGGAGGACTAGC	0	0	0			0	16.10847458	0	7
AGCCAATATCCTAGGCACAAGATTTAAGTT	0	60.56074766	0			0	85.91186441	0	152
AGCCAATGTAAATTCTCCGCCGATGGGCAT	0	0	0			0	166.4542373	0	2000
AGCCAATGTGTTCGTACGAGCAGGGTAAGC	0	0	0			0	1613.532203	0	46
AGCCAGCGTATCATCTGGGCGCAGAAAAAT	0	0	324.9230769			0	153.0305085	0	5107
AGCCCGAGAAAGGTCGGCAGAGACGAAGCA	0	12.11214953	0			0	5.369491525	0	37
AGCCGCTCAAGTGAGGACACGGAGTGATCA	0	0	0			0	5.369491525	0	1
AGCCGTGTTTTACGCACTGCTGTGGAGGGC	0	0	59.36094675			5.821745789	51.01016949	0	1
AGCCTAGTTAGGTAGGTGCTTGGAGTTTAT	0	0	0			312.4336907	2324.989831	0	6159
AGCCTCCCCCTCCCCTCCCCCAACTATACC	0	0	1.562130178			0	0	0	1
AGCGAGTGTGACTCGTGGTTTATTGGGGGC	8	9.420560748	0			0	5.369491525	0	17
AGCGCAACTAACTCGCGCCGAATTTCTTAT	15	0	0			83.44502297	139.6067797	0	122
AGCGCTGATGCTATGAGGGTTTTGGCCTTA	0	0	0			0	5.369491525	0	4
AGCGCTGCTGACTATCAAGGAAAGCTGTCT	8	0	0			0	0	0	19
AGCGCTGGTTTGATGGATTATGTCATGGGC	0	17.4953271	28.1183432			0	0	0	2061
AGCGGAGTAACTGGATTACGTTTACGCACC	0	0	46.86390533			0	193.3016949	0	104
AGCGGGGTTTTCGGGTGCGGACTGGCGCGT	0	0	0			106.7320061	311.4305085	0	178
AGCGGGTGTCCAGAGGTGGGGCACGGTTAC	0	4.037383178	0			0	0	0	22
AGCGTCACTTAGTCATACGACTTCATCCCT	0	0	1.562130178			0	0	0	1
AGCGTTATTTGGTCATATGATTTAATCCAT	0	0	326.4852071			0	2198.80678	0	1664
AGCGTTATTTTGGTCATATGATTTAATCCA	0	0	6.24852071			0	0	0	1
AGCGTTTAAGGCGCCCGTCCAAGCTGGTTT	0	0	0			0	77.85762712	0	1
AGCTAGTTTTAACCTGGCTCAGATATTGCG	0	0	0			0	75.17288136	0	59
AGCTATACTCGAACCGTATCTGAGCCTGCA	63	0	0			675.3225115	8687.837288	0	425
AGCTCATAATCATAACCAGCCACCGATACC	0	0	0			0	2.684745763	0	1
AGCTCCGAACCCAGTGCTTGTCTGCTGTCA	0	0	24.99408284			1465.139357	12365.93898	0	5855
AGCTGGAGTTACGCCATATATTAAATGTAT	0	0	0			0	255.0508475	0	2
AGCTGTCTTGTCTGGTGTGAAGTGTACACA	0	5.38317757	259.3136095			0	0	0	5493
AGCTTACTAGTCACATAGGGGAATGGAGTG	0	0	15.62130178			0	29.53220339	0	107
AGCTTTAGTGCATTTTATTCTCGCGAGTGA	0	0	0			236.7509954	923.5525424	0	1613
AGGAATCATATTTGTCCGACCCTTGATTTT	0	0	1.562130178			298.8496172	144.9762712	0	16
AGGACGTAAGATATGCTTCGCAGAGAAGTG	0	0	0			0	40.27118644	0	25
AGGACTGGTATAGTCGGACAAGGGGTTGGC	0	0	0			0	8.054237288	0	4
AGGAGCATAAGGTCGCCCTTAGTGGGGTCC	0	0	0			0	1186.657627	0	21
AGGAGTGCAGATCTTTTGGGGGTAAAAGTG	3	0	18.74556213			0	0	0	358
AGGAGTGTTGTTAATCCCTGGCGTCGTTAT	0	0	0			0	42.9559322	0	1
AGGAGTTGATATGGTACGTGAGCGGGTCTA	0	0	0			0	45.64067797	0	2
AGGATGGTTTGGGCGTGTGCTGCCTTTTCG	0	0	3.124260355			310.4931087	990.6711864	0	313
AGGCAAAAAGGTGATGCATTGCACCCCGCC	0	0	0			0	80.54237288	0	25
AGGCGAACAGTTTAAACCGGCGATGGAGGA	2	18.8411215	34.36686391			0	0	0	11
AGGCGTCGTCCAGGAAGGAGGGCGTATATA	0	0	0			0	5.369491525	0	1
AGGCTCGCAACATCCTGGCGAATAAAAATC	0	0	0			174.6523737	1975.972881	0	8
AGGCTTGATGGGGCAAAGGGGTTGGACGCC	0	0	0			0	2.684745763	0	2
AGGGAGAGTATGGCAAGGCAAAGGAGTAAG	0	0	0			0	8.054237288	0	5
AGGGATGCAGCAAATTCATGGCTGTAAAAT	0	0	35.92899408			11.64349158	88.59661017	0	2813
AGGGCATATATTTGACTCTTATATAGGGGT	0	0	0			1.94058193	51.01016949	0	2
AGGGCCTTTTTAGGCGGTCCATTATAGCAT	0	0	0			0	24.16271186	0	3
AGGGGACCAACTTTGCCGGGTGATATTATA	0	10.76635514	0			0	18.79322034	0	1627
AGGGGAGCAAATGCAAACTTCCACAGAAAC	0	0	0			0	343.6474576	0	1
AGGGGAGCTGAGGTGGGCGAAGGTGGAGCG	0	91.51401869	78.10650888			0	0	0	19532
AGGGGAGGAGTGGGGACTGGCGGGTGGTAG	0	0	0			0	2.684745763	0	1
AGGGGCTGAGCGGAAATTTTGGAGGGGGCT	0	0	0			0	845.6949153	0	2939
AGGGGTAGTCGTTTTGTTGGTGTGGCCTTC	0	0	0			0	8.054237288	0	12
AGGGTGACTAGTGTGGCTGACGGGATTGTA	0	134.5794393	0			0	34.90169492	0	1553
AGGGTGCAACCAAGGCACATGCCTTGCTAA	0	0	20.30769231			0	649.7084746	0	1718
AGGGTTAGTCTATCAAGACAGCTCTGGAGG	8	0	4.686390533			0	45.64067797	0	95
AGGTAAGGTGTTTGTGGTCAATTCCTTCTG	0	0	0			1.94058193	0	0	1
AGGTCCCATGAGGCAGCTTACCCAAGTACT	0	0	0			0	569.1661017	0	459
AGGTCTATTTTGTTCTGTTAGCTGTCGAGG	0	0	7.810650888			0	0	0	1177
AGGTGCGATAAGTGACGAGAATGGTAGGCG	0	0	6.24852071			0	5.369491525	0	27
AGGTGGAGTGGGGCCAATTGACTACGTGGC	0	0	0			157.1871363	123.4983051	0	1
AGGTTAGCCTCATTTACCTAACTTATAGCT	0	1.345794393	0			0	0	0	1
AGGTTGCAAACACTGTCGAAGCATTGTTGA	0	0	0			0	3527.755932	0	4588
AGGTTTATACGTTTATATACGATTAGTATA	0	0	0			273.6220521	190.6169492	0	550
AGGTTTCTAGATGATGTCAGGTAGTGTGAC	0	0	0			174.6523737	942.3457627	0	166
AGTAACAATATTTGGTTGGTAGTAACTATA	0	0	0			0	1028.257627	0	5
AGTAATAAAGTGTGTACCAATGATGGTAGT	0	9.420560748	0			0	0	0	42
AGTAATAATACCGAGGAGTGAGTGTCGAAA	0	0	0			0	1656.488136	0	7330
AGTACATCTAGACGCTACAAGAGAGGCTCG	0	14.80373832	0			0	0	0	2165
AGTAGAGGTGTCCAGTCTAGGTGCGCTGGG	0	0	0			0	80.54237288	0	2
AGTAGGTGTCTCCATTCTGGGCTAATAATG	0	0	381.1597633			112.5537519	861.8033898	0	12945
AGTAGTCAAGGTGGGTGGAGTGGTGAACCG	0	0	0			9.702909648	0	0	8
AGTATAAGATGGACCTGAACGCGCAGGAAA	0	0	0			176.5929556	539.6338983	0	1054
AGTATGAAATAGGCTTTGTTGGGTCGCGGG	0	0	0			0	21.4779661	0	5
AGTATGGCTTTGATACTTGGCGTAATAGGC	82	51.14018692	0			0	0	0	8558
AGTCAATCTTAAAATCCATGACGAAGACGC	0	0	0			5.821745789	56.37966102	0	1
AGTCAATTTTATTGCAATAATATACTAAAG	0	1.345794393	0			0	0	0	1419
AGTCAGAGAGGGGGTGACTTCGGGTTACTT	10	0	0			0	0	0	414
AGTCATCGAAGTTCTTTTGGAGGTCAAGCC	0	6.728971963	0			0	21.4779661	0	64
AGTCGATTACAGTTCGCGTCATTTGTTTCT	0	82.09345794	42.17751479			0	281.8983051	0	1021
AGTCGGTATAGGGCTCGTCCACGGGCGGCT	0	0	0			0	32.21694915	0	595
AGTCGTACAATAAAGTATCAGAGATGGGCA	0	0	1095.053254			0	0	0	6661
AGTGACATTTTTGTTTGGCAGAGAGACGTT	0	0	68.73372781			0	1645.749153	0	231
AGTGAGCAAGATTGGGGTCTGAGGACATCG	0	204.5607477	0			0	0	0	2229
AGTGCGACAGCTTATATTTATCCAAATACT	0	0	0			490.9672282	920.8677966	0	5
AGTGCGAGAGGGTGAGAGTAGCAATGATAC	0	0	0			0	40.27118644	0	1
AGTGCGGGAATGCGGGATCGGGGCGTATGA	0	0	0			141.6624809	8.054237288	0	66
AGTGCGGTTCGAGGTATCGTTGTGGACGGG	0	0	0			44.63338438	128.8677966	0	7
AGTGGAGAATTACTGTATGATCTCACGTTA	0	0	148.4023669			0	1065.844068	0	14662
AGTGGATGAAGGTCATTTCGATTAGAGTGT	81	20.18691589	59.36094675			0	5.369491525	0	42
AGTGGATGTTACGGAAAATATCGTTGTATT	0	0	1045.065089			0	1879.322034	0	83
AGTGGCTATTAACATAGGAATGGTGGGTCT	0	0	0			19.4058193	182.5627119	0	5
AGTGGGCGTAGAGCGGGCTGGCGGTCACCT	0	0	0			32.9898928	295.3220339	0	138
AGTGGGGATGTTATGCGCGGGATCGTGACA	0	0	0			25.22756508	40.27118644	0	48
AGTGTATGTGTTAGAAAGGTTTGACGGTGA	0	0	0			0	13.42372881	0	215
AGTGTATTATGGCAATCAAGGTGCATGTAA	0	0	0			5.821745789	0	0	13
AGTGTCACTTTTGCTAGGTTATTAGATGCC	0	0	0			1395.278407	255.0508475	0	53
AGTGTCGTAGATATACAAGGATTGTATGCC	0	161.4953271	23.43195266			0	0	0	169
AGTGTCTGTGCACAAAATGTGTGCCATGCA	0	0	45.30177515			0	0	0	2875
AGTGTGCTTGCCCAAAAAGTTATTTGTGTA	24	1403.663551	110.9112426			0	0	0	5224
AGTGTTAGTGTCTGTTAGGGTATACGTTAG	0	0	0			0	51.01016949	0	3
AGTGTTTATTTCCCCGCGAAGTTGTTTATG	0	0	0			0	8.054237288	0	2
AGTTAAATTCTCACCTTCGAAAGTCGGTGA	0	0	0			3518.275038	2359.891525	0	40
AGTTAATGTCTGAAGGCAGGAGTCGTATCA	0	0	0			7.762327718	37.58644068	0	2
AGTTACATTCGTTAAGAGGACCTATTCATC	18	25.57009346	0			0	0	0	4463
AGTTCACTAGAAGATGGGCCCTGGAGTATT	0	0	0			5.821745789	16.10847458	0	192
AGTTGAAATTGAAAAATTCTAGAGAAGGGT	0	0	0			0	40.27118644	0	60
AGTTGAGGTTTGGAACGGCCTGATTGAAAC	0	0	0			48.51454824	582.5898305	0	2610
AGTTGCTAAAACGTACAATTAGGCCGGGGG	0	0	1.562130178			0	5.369491525	0	31
AGTTTACATTTTAGTAGTGAGAGAGTCGGA	0	33.64485981	0			0	0	0	28
AGTTTAGTCTTGGACCAACCTGCCTCAACC	0	0	0			0	2.684745763	0	1
AGTTTATAATAATAGTTGGTAAACGATAAC	0	9.420560748	32.80473373			0	204.040678	0	13218
AGTTTATCCTCATAGTTGGTAAACGATCAC	0	0	1.562130178			0	0	0	1
AGTTTGAGAGCTATGAGCCGTCCATCGTTG	0	0	0			139.7218989	907.4440678	0	22
AGTTTTGCAATTCTTGGGTGCTGTCTAAGA	0	0	0			0	18.79322034	0	85
ATAAAAACTAGTCGAAGGTGCTGGTATTTA	0	0	0			0	8.054237288	0	4
ATAAAAGGATGAGGTGGTTGGGGGATGGGA	0	13.45794393	0			0	0	0	3
ATAAAAGTTAGAGTCTTGCACCCTGTGGTA	15	0	21.86982249			0	480.5694915	0	473
ATAAAGAGATACCATGCTTAGACGCGGTCA	0	0	0			1.94058193	21.4779661	0	2
ATAAATGTACGTCGTGACGGTTTAGTTCAT	0	88.82242991	178.0828402			0	271.159322	0	855
ATAACCCACACTTGAGAATTCATCGCCCTT	0	0	1.562130178			0	0	0	2
ATAATAAGTTCGACGAGATCCGCGGGATGG	0	0	0			13.58407351	306.0610169	0	75
ATACATGCTCGGCTCCCAGTCAATGGGGCC	0	0	0			87.32618683	1643.064407	0	3754
ATACCACACCCCCTTCCGCACCCATACAAC	0	0	0			1.94058193	0	0	1
ATACGTGTTTTCAATGGTGAGGATCGAGAG	0	0	0			0	998.7254237	0	2745
ATAGACAATGTAACCCATTTAACCTCCAGA	0	0	6.24852071			0	0	0	557
ATAGATAATACAGTTATTCGTTAAATAGAT	0	0	0			0	5.369491525	0	10
ATAGCAAGTGTGGCTATTGCGAAAATGTTT	0	0	12.49704142			0	21.4779661	0	1153
ATAGGACTTATGCGAATCTACATCTGCATT	0	10.76635514	0			0	0	0	26
ATAGGCAGACTTTCACCTATCTGATGCCCA	1	63.25233645	0			0	0	0	4477
ATAGGTGATCACTTGATGTTTCCAGTGAAA	0	0	0			0	281.8983051	0	3946
ATAGTAGCAGCTGGGACCTCGCCTAATTCA	0	0	0			17.46523737	13.42372881	0	84
ATAGTCACAGGTTGGCTTCTTTACGCCAAG	0	0	0			207.6422665	1481.979661	0	243
ATATAAGATTAAGCTGATGCTAACGGTACA	0	0	0			0	10.73898305	0	12
ATATAAGTTGAATTGGTATATTCCAGGGGT	0	91.51401869	0			0	0	0	3900
ATATAATGACGCCTTGGTTTAATCGGCAAG	0	0	0			0	668.5016949	0	26
ATATATACATTGGTACGGAATAATAAAGGG	0	0	0			27.16814701	163.7694915	0	131
ATATATGCATTGTAACGTGCTGTGGGGGGC	0	68.63551402	0			0	362.440678	0	13491
ATATCCCCCCTTCTACATCCGACTCTTCTA	0	0	0			0	2.684745763	0	1
ATATGCAAAAATTGAATAGCATTATATCGT	0	0	0			1.94058193	2.684745763	0	3
ATATGCAAAATTGAATAGCATTATATCGTT	0	0	0			2520.815926	7509.233898	0	14345
ATATGCACACTTTACTACCACCATCCCGCC	0	0	0			3.881163859	0	0	1
ATATGTTGATCCCGGACGAGCACGGCCAGG	0	0	0			42.69280245	16.10847458	0	41
ATATTAACAGATTATCCCGGGCGTATCACG	0	0	0			0	8.054237288	0	1
ATATTAGGACTACTGGGGAAAAGGTAGATC	0	0	0			0	16.10847458	0	2
ATATTAGTAACATTTCACACTCGAAACGTA	0	0	18.74556213			3.881163859	0	0	1
ATATTAGTTGAGTTGATTTCACGGCTGGGG	0	0	0			17.46523737	126.1830508	0	303
ATATTCACCCCCTGTCCTCTTCACGCCAAT	0	0	0			1.94058193	2.684745763	0	1
ATATTCCGTTACATAGCTTATTCAGGGTTA	0	0	0			0	5.369491525	0	1
ATATTGGATGTCCGGTGTCGGGGCAACCTA	0	0	0			0	10.73898305	0	3
ATATTGGGTAAAGTAGGGTAGTGGAATAAG	0	0	0			0	48.32542373	0	2
ATATTTTATATTTTCGGGTGTACTGTCGGT	0	0	3.124260355			0	0	0	82
ATCAACGAATTTTAACATTGTTTATTTAGG	0	0	15.62130178			0	590.6440678	0	4720
ATCAAGCAATCTTAAATAACTCTGTGGTTA	0	0	0			0	112.759322	0	2043
ATCACCCATGATGAACAGTACATTAGATCT	0	0	0			221.22634	335.5932203	0	6
ATCAGCTATTCTGTTTGTGCCTGTGGGGTC	0	0	0			15491.66554	11418.22373	0	814
ATCATCTATCCCTCTCCCGCCTTCGGTTCC	0	0	0			0	2.684745763	0	1
ATCATTTTTACATTTACCGAAAGTTATATA	0	0	3.124260355			0	0	0	1
ATCCAACGCAAATTCCCCACCGCTATGCCC	0	0	0			0	2.684745763	0	1
ATCCACCACACGCGCCGTCGAACACTCGCT	0	0	0			1.94058193	0	0	1
ATCCACCCCCCTCGCCGCCGCCAACCCGCC	0	0	0			0	2.684745763	0	1
ATCCCAGACTGTCTTCAGGTTAAGGTTGAG	0	0	1.562130178			0	0	0	1
ATCCGCAGCATTCACATACAGCCTTCCACC	0	0	0			0	2.684745763	0	1
ATCCTAGAAACAAATCATTTCGGAGGGCCG	0	0	21.86982249			0	0	0	2
ATCCTCCACTATTTCTGTGCCCATCTACCA	0	0	0			0	2.684745763	0	1
ATCCTGGCATCTTAGCTAAGCGGTATATAC	0	0	0			5.821745789	72.48813559	0	171
ATCCTTAGTTCCGGGTCGGTGAGCTATCGG	0	0	0			0	861.8033898	0	35
ATCCTTTAATATGTTTGTGTTCATCTATTA	0	0	18.74556213			0	2032.352542	0	1135
ATCGCCTCCTGCTCCCCAATTGAGCCCTCA	0	1.345794393	0			0	0	0	1
ATCGGAGATGCACTGCGTGTGCAAAGCGAC	0	0	0			0	29.53220339	0	190
ATCGGCAGAATTCGTGTACAGTATTTCACC	0	0	0			0	1629.640678	0	847
ATCGGGAGAAAGTTCTGCGGATAGAATAAA	0	0	0			646.2137825	6231.294915	0	1030
ATCGGTATAGTCTAAATGGTGGATCGGACG	0	2.691588785	0			0	12637.09831	0	13284
ATCGGTGTTGCAGCGATTAGGATCTAAGTG	0	0	0			0	289.9525424	0	627
ATCGTATGACCGCCCTGGCTAGACGGGGGA	0	0	0			0	2.684745763	0	62
ATCGTTCCTCTGATGGAGAATCCTAGTCGA	0	0	89.04142012			0	13.42372881	0	81
ATCTACATACTAAGTTTTACTATCATGGCA	4	0	0			15.52465544	555.7423729	0	8
ATCTCAGGTAGGGGCCAGAGGTATGTTGAT	0	0	170.2721893			0	0	0	1339
ATCTCCTTAGCGCACATGGGGTGGGAATCT	0	0	0			0	5.369491525	0	228
ATCTCTCGCTTGATTCATCATGTCATGACC	0	0	1.562130178			0	0	0	1
ATCTCTGGAGTTACGGGGTAGTTTATGGGT	0	0	0			0	48.32542373	0	3621
ATCTGATTATAATCGGTTTGTGTATGTCTC	0	0	0			370.6511485	3428.420339	0	9009
ATCTGCCACATTGCCTAGCCTTATATCGTT	0	0	0			1.94058193	2.684745763	0	1
ATCTGCGTAGTGTCCTTGAGGGCAGTTGCG	0	0	0			17.46523737	475.2	0	43
ATCTGCTGATGCTAACTTCCTATCAACGCG	0	0	0			0	126.1830508	0	92
ATCTGTAATATGAAGAACAGGGCGGTCTCC	0	0	0			32.9898928	303.3762712	0	399
ATCTGTCATTACCTTTAACCTTAATGCGAC	0	0	7.810650888			0	0	0	43
ATCTTACTCTATGACCTTCTTTATCCACAA	0	2.691588785	0			0	0	0	1
ATCTTCATCTCTTCCTCTTCTTTACTCCAC	0	0	0			0	2.684745763	0	1
ATCTTTGATCTTAAAAGTAGACGCTGTCTC	0	0	0			23.28698315	193.3016949	0	395
ATGACATATGTTACTACGCGTAACTTTTTC	0	0	0			19.4058193	13.42372881	0	1
ATGACCAATGACGCATCAGCTTTTGGGTGA	0	0	123.408284			0	0	0	6
ATGACCCTCCCTTCCCACCTCCTTCCCACC	0	0	0			1.94058193	0	0	1
ATGACTTTTCGCATCACATTCCATCGATGG	0	0	0			60.15803982	2794.820339	0	3328
ATGAGCGGTGGACCTTTCTCGTCTGGGGAT	0	0	26.55621302			0	0	0	32
ATGAGGTCAGTGAGAAGGGGAAATGGACGG	0	0	0			0	161.0847458	0	6
ATGAGTAGTAGCCCACTTGAGATATAGCAC	0	0	0			0	298.0067797	0	5
ATGAGTGGAAGGTGGACGGTGGTAGGCATA	0	0	21.86982249			0	0	0	1873
ATGATCACTGGATTCGTATCTCGGTGCGCC	0	0	0			0	214.779661	0	9
ATGATGCAAAGCCTCATAAAGAGCTTATTG	0	0	0			0	142.2915254	0	11
ATGCAGTTTACACGATTCCTCGGTGGCGGG	0	0	0			0	5.369491525	0	1
ATGCATGTAGGCTGGGAGATGGCCTGACCA	0	0	0			0	18.79322034	0	6
ATGCCAAGATTAGGGTTCGCACGAGACTTG	0	9.420560748	0			0	0	0	3
ATGCCAGATTGTCTTAAGGTTAAGGTTGAG	0	0	18.74556213			0	0	0	5860
ATGCGGGATGACGCTTTGACGGGACACATG	0	0	0			0	102.020339	0	3109
ATGCGGGTACGAGTTCTGGTATGATAACTT	0	0	0			7.762327718	0	0	7
ATGCGTCCACGTCGGTGGGACAAGACGAAT	22	207.2523364	0			0	0	0	220
ATGCGTCCTTACCAAACCGGGCGACAAGAG	0	41.71962617	0			0	88.59661017	0	2947
ATGCTGAAAGTTTAACACTTAAATGCGGAA	0	13.45794393	29.68047337			0	0	0	8
ATGCTGTTTTCAGTTCTCTCGCCTGAATCG	0	0	7.810650888			0	102.020339	0	4
ATGGAGATTCAGAGAAAACAGGGGAGCTGG	0	45.75700935	0			0	0	0	241
ATGGATACACTTATCAATAAACAATTGTAC	0	20.18691589	0			0	42.9559322	0	1
ATGGCGCATTTGAGTGTGATTTCTCGGTAT	0	0	0			2559.627565	10.73898305	0	15138
ATGGCGCATTTTGAGTGTGATTTCTCGGTA	0	0	0			1.94058193	0	0	2
ATGGCTAAAGGTTGGGAATTCGTCGTACTT	0	13.45794393	420.2130178			25.22756508	539.6338983	0	2281
ATGGGAGATTTTTTAACTCGGGAATTCTCC	0	0	0			0	18.79322034	0	1
ATGGGCATAGGACGCGATATGAATATCTGT	0	0	0			0	16.10847458	0	1
ATGGGGAGTCGTAGCCATTAGTGTTCCATA	0	5.38317757	0			0	0	0	959
ATGGGGATACTTTGCTGCAGCCGGCCAGAC	0	0	0			1923.116692	9200.623729	0	21860
ATGGGGCCAACACGCATCAGATGTCATGGT	0	17.4953271	6.24852071			0	59.06440678	0	297
ATGGGTTTAAGCCGCGCTTGAACACGTGCA	0	0	0			0	5.369491525	0	4
ATGGGTTTATGGCACCGAGGCCGGAGCCGT	0	2.691588785	9.372781065			0	0	0	219
ATGGTATATTCGCCCAACACCTTGGGTTCG	0	0	279.6213018			0	0	0	390
ATGGTATTACGAGTCTGCGCGGGCGTGCAT	0	0	54.67455621			0	8.054237288	0	113
ATGGTGCACCCAAGGCACCTGCCTTGCTAA	0	0	1.562130178			0	0	0	1
ATGGTGGATCAGGGATCGCTGCAGGGGGTG	0	161.4953271	17.18343195			0	0	0	3
ATGGTGTTATAGGACTTTCTTGATAAAAAA	0	523.5140187	0			0	2295.457627	0	7828
ATGGTTCAAAAGCTGGGGGCTTCTCTGGAG	0	178.9906542	0			0	0	0	112
ATGTACATACAGTTATGCATACAAACACGA	0	0	0			0	48.32542373	0	1
ATGTATGCTGCTGGGTTCCTTGACTACATA	0	174.953271	0			0	0	0	63
ATGTCAATAGGTACCTGACCATGATCATGC	0	88.82242991	0			0	2061.884746	0	364
ATGTGCGAAGAATGTGAAAGAGCGTCTTAC	0	0	0			0	34.90169492	0	1
ATGTGGACATACTGCTCCAGCAACTCCCTT	0	0	12.49704142			32.9898928	4233.844068	0	56
ATGTGGTTTGTGGCATTTAAGTGAGTCTCT	0	0	0			0	171.8237288	0	3
ATGTTAACTTACAACTCAGTACTGGTGAAA	0	0	0			0	67.11864407	0	2436
ATGTTAATAGTTCTGTTTAAATGTGTAGCG	7	0	0			29.10872894	158.4	0	1
ATGTTATATGGCGCTATGGGACTAGTAGAA	0	0	0			62.09862175	5627.227119	0	2463
ATGTTCTCTGGCGCTCTGGTCCTAGTAGAA	0	0	0			0	2.684745763	0	1
ATGTTCTGTTTGGGCGGTTAGACTGAAAAT	0	0	0			0	59.06440678	0	95
ATGTTTAGTCCAGGTTAGAGTAAAGAAAGT	0	0	0			2499.469525	2284.718644	0	1039
ATGTTTATTCCAGGTTAGCGTAACGCAAGC	0	0	0			0	2.684745763	0	1
ATGTTTCATAGTGAGATTTGGACCCGTTAC	0	0	0			0	668.5016949	0	68
ATTAAGGATATTGGTTTGCTAGGCGTTGTG	0	0	695.147929			0	0	0	187
ATTACAACTTGTCGGTGGGCAGGCGAAATG	0	0	0			0	110.0745763	0	15863
ATTACTCACCTCCATTCCTTCCTCATACTT	0	0	1.562130178			0	0	0	1
ATTAGCGCAGATGTGTAATGAGTGAGTGGC	0	0	0			0	2.684745763	0	1
ATTAGCGTAGTAACGACCACTTGGCTAAGG	0	0	0			1276.90291	1170.549153	0	463
ATTAGCGTTGACCACTTAAAAATCTTGTAG	0	0	124.9704142			0	16.10847458	0	143
ATTAGGGATTTCGCCGTTGGGGCTAGATAT	0	0	7.810650888			0	0	0	6759
ATTAGTGGAGAATTACTGAAACCGAATGTT	9	44.41121495	353.0414201			0	8.054237288	0	1199
ATTATCCTAGGGCGGTATTCTCTATTGTGA	0	0	0			0	45.64067797	0	1226
ATTCACAATGCGTGGTGTCGGTGGGGTCAC	0	6.728971963	12.49704142			0	0	0	1
ATTCAGGCATGCTGCAAAGGCCTTCAATTA	0	10.76635514	0			0	0	0	3
ATTCAGGGTTGGGTTCTTGCGGTTAGATAC	0	0	31.24260355			0	0	0	7794
ATTCGCAAATTGTCCTTGTGAACTCTGAGC	0	6.728971963	0			0	13.42372881	0	2
ATTCGCGATTTTATGGAGGTTAATAGTGAT	0	0	0			0	8.054237288	0	16
ATTCGCGGTTTGTGGGCATCACCGTGGGAG	0	0	29.68047337			0	0	0	428
ATTCGCTATCAACCGGTGCGGTATGCCTCC	0	71.3271028	53.11242604			0	289.9525424	0	163
ATTCTGGGTCCTGGGCGTCTCAAGTAATAC	3	164.1869159	0			7.762327718	131.5525424	0	37
ATTGAAGCAGTGGGGGTGGGGGCGATTCAT	0	0	42.17751479			0	0	0	207
ATTGAGTTTCATGGCCCGGCGGGTGCGCTA	0	0	0			17.46523737	126.1830508	0	284
ATTGCTCCCGGTTGGGCATTCGTCGTACTT	0	0	1.562130178			0	0	0	1
ATTGCTTGAAAATTATCGGGTGCAAAGTTG	0	0	0			62.09862175	2647.159322	0	653
ATTGCTTGAAACATATGAAACAGTACGTTC	0	0	0			0	123.4983051	0	12
ATTGCTTTTAAAACTTATATGGGGGGGTCA	0	0	0			0	16.10847458	0	30
ATTGGAGTAAGGGCGAGGGGTACTTCAGCG	0	0	17.18343195			0	0	0	159
ATTGTATTTCTTAACGTAATCCATGGAGAC	0	0	1.562130178			0	18.79322034	0	12
ATTGTCGCATGATTCTCAGTTGAGATGTAA	4	576	0			0	16.10847458	0	1823
ATTGTGCTTACGGTAGCACAGGAACCAGTA	0	0	0			0	32.21694915	0	810
ATTGTGTAATTGTTGGGACTTTTATGTAAG	0	0	0			0	2416.271186	0	673
ATTTACTATCCCTTCCGTATGAACGAGATG	0	0	0			0	596.0135593	0	685
ATTTCGTTAATTTTAGCTGATTACTGGTAT	0	0	0			0	5.369491525	0	5
ATTTGAAGTGTGGTTGTGATCGGTTTGAAT	0	0	0			0	2429.694915	0	65
ATTTGCAGACCGGTGCTCACGGTAGATTGG	0	0	0			0	190.6169492	0	1053
ATTTGCTACAACGTACAATTAGGCCGGGGG	0	0	0			0	2.684745763	0	1
ATTTGGGTAGTCTATGCGGGGAAACTGGTT	0	28.26168224	0			0	24.16271186	0	325
ATTTGTAAATCACGTATCACGTTAGACGTT	0	0	0			0	13.42372881	0	260
ATTTGTTCTCAAGGCATTTTAACCTATGTG	0	0	85.91715976			0	0	0	22
ATTTTCTCACAATATGTCTCCCTGGACCTC	11	0	0			0	0	0	3
ATTTTTATACTCTTCTTCCGCCCACCCGAC	0	0	0			0	2.684745763	0	1
ATTTTTCCTTCCCAACACACCATTTGTCTA	0	20.18691589	0			0	0	0	1
CAAAAATCTTTCGTTTCTTGATATATCAAC	0	0	0			0	2.684745763	0	1
CAAAAGATACTGTTTACCCGTAGTCGCCGT	0	64.59813084	0			0	0	0	11
CAAAATAGTTTAGAGGGGGCTTTGGAGGGA	0	0	0			0	80.54237288	0	3
CAAACATCTGTTTTCTAGATGCGCAACCCC	0	1.345794393	0			0	0	0	1
CAAACCGATGGTGATCGGACAGATGACTTC	0	2.691588785	18.74556213			108.6725881	115.4440678	0	295
CAAACGTGTTGGTCTTATTAGTACCTAGCG	0	0	1780.828402			0	1616.216949	0	969
CAAAGTTGACTACCCCATTGTCAAGTAGTG	0	0	0			0	5.369491525	0	543
CAAATCACATGGTGTTTTATGGCATCATTC	0	13.45794393	0			0	102.020339	0	265
CAAATTGCAACTGTTAAAGAGTGTTTGGTA	0	0	4.686390533			0	13.42372881	0	1028
CAACCAACCCGGTCAAACAATTCTCCAACA	0	0	0			0	2.684745763	0	1
CAACCGGCCCTATCCTCTTATATCACCCAC	1	0	0			0	0	0	1
CAACGCCTCCTCACACTTATCTATCCCCCT	1	0	0			0	0	0	1
CAACGGAGTTAGAATAATTTATCGAAACAT	0	40.37383178	0			0	0	0	14780
CAACTAAATCAATCCACCGCTACCTCCAAC	0	0	0			1.94058193	5.369491525	0	1
CAACTCCGTATAGAGTTCATTTATCGATTA	0	0	0			411.4033691	2773.342373	0	1434
CAAGAATTTATGTTCATCTTGGTGCCGGGG	0	0	0			17.46523737	182.5627119	0	2
CAAGAGTATGTTGGCTATATTTTGTAGTGT	0	0	0			0	8.054237288	0	1
CAAGCAAGTTAGGTTTTTAGCGGTTTTGCG	0	0	0			0	16.10847458	0	140
CAAGCATACCCCCTTAATCACCTGGTCCGC	0	0	3.124260355			0	0	0	1
CAAGCCACAGATCTCTACAGGATTGGAGAG	0	0	0			50.45513017	370.4949153	0	639
CAAGCGGGACCACTGAATCATCTGGTACGC	0	289.3457944	1876.118343			326.0177642	1635.010169	0	8564
CAAGGCCTTATTGAGCTGATCTAGCTCCGG	31	0	0			0	0	0	402
CAAGGCTGTGGTGACAGGGCGTCTAGATAT	0	0	0			0	10.73898305	0	156
CAAGGGATTGAGGTCTTAGGCATCGTCTGT	0	0	0			0	18.79322034	0	1
CAAGGTAATGGCCTACGGGGTGATCGTGCG	0	0	0			0	59.06440678	0	2
CAAGTAAATCGGTCAAACGATGCTTCGGAA	0	0	0			360.9482389	11600.78644	0	19017
CAAGTGCCACCACGTCACATGCCTTGCTAC	0	0	0			0	2.684745763	0	1
CAAGTTTCTAGGACTCACCCTCAAGGCTCA	3	0	3.124260355			0	0	0	4
CAATAGCCTCGAAGTCTGAACCTGAGCTAT	0	0	4.686390533			520.0759571	4905.030508	0	792
CAATCTCCTCGACGTCTGACCCTGAGCTCT	0	0	0			1.94058193	8.054237288	0	1
CAATGACCTTTTGGAAAGAATTCCACGGTC	0	0	0			1315.714548	408.0813559	0	1357
CAATGCATAAACGGCTCGACGCCGGGAAAA	0	0	0			0	273.8440678	0	1
CAATGCATAGACTAAACTTTTTTGCCGCGG	0	0	0			56.27687596	0	0	2
CAATGGATACGCCTGTCTGCCGTGGGTGGA	0	0	0			0	85.91186441	0	17
CAATGGATTTTGGCATTAGTTAAGATAAAA	0	0	0			0	10.73898305	0	6
CAATGGGTATGGAACCGTGGAAGCATGATA	0	0	0			137.781317	1648.433898	0	56
CAATTCACATGTGTCCAATTGATCGTAGGA	0	5.38317757	0			0	0	0	1
CAATTCCCCCCTAGCCCTCCTTCCACATCC	0	0	1.562130178			0	0	0	1
CAATTCTGTGTCGGCTGCGCCGTAGTATAC	0	0	49.98816568			120.3160796	0	0	659
CACAAATCTTGTTTCCTGTTGGGGGGTACC	5	5.38317757	17.18343195			0	45.64067797	0	145
CACACTGTTGCTTAGCGTATGCTCCGTCGG	0	0	0			0	2.684745763	0	4
CACATGAGTGTACGCCCCTTAAGGAAAACC	0	8.074766355	12.49704142			0	0	0	1
CACCCTAAATTCTGATCCAATATCGTGGTA	0	0	0			0	16.10847458	0	148
CACCGTCGCACCCGCCCGCTCAGTCACTGG	0	0	1.562130178			0	0	0	1
CACCTACACCTCTCACACACTTCTCCAGCA	0	0	0			0	5.369491525	0	1
CACCTCAGACACGTATATGCGACGTAATCA	0	0	0			0	61.74915254	0	91
CACCTCTATTAGGAGCTTCACTCGCACTTC	0	0	0			0	2.684745763	0	1
CACGACTGAGGTGAATTGCATAGGAAATAA	0	0	0			1040.151914	378.5491525	0	94
CACGCTTTTAGCATAAATTGTGACTGAAAC	0	0	0			0	24.16271186	0	7220
CACGGCGATCGGGGGCGTTGATTGCTAGAT	12	0	0			865.4995406	1653.80339	0	75
CACGTCCACTCTCCCCTCTCTTTCATCTTC	0	0	1.562130178			0	0	0	1
CACGTGTAATATGCACTAATTACCCCCAAC	0	0	24.99408284			0	0	0	3
CACTAGGAACTAACTTCCCCCCCTCTCATC	0	0	0			0	2.684745763	0	1
CACTGCGGTGAACCATCATAAAGTAGCTTA	0	0	0			81.50444104	144.9762712	0	4670
CACTGGGGTCTTAACGAGAGTTTCTGTGCA	0	0	0			0	67.11864407	0	22
CACTTAGCCGCACCCATCTCCCCCTTCTGC	0	0	0			5.821745789	0	0	1
CACTTTAGAGGGGTATTGACCCTGGGCTTA	0	0	17.18343195			0	0	0	109
CACTTTCCACGATCTCATTAAGGCTGGTAC	0	0	0			9.702909648	260.420339	0	2
CAGAACCGATGGGGGCGAGCTCGGTATGAG	0	0	0			0	2.684745763	0	48
CAGAAGGGTAAGTGGTTACGTGTTGGTGTG	0	0	0			19.4058193	96.65084746	0	2274
CAGACCCCTCGTCGTACCGTTACTACCTAC	0	0	1.562130178			0	0	0	1
CAGACGATATACTTTGGGATGCTCGGTGAA	0	0	0			0	118.1288136	0	8
CAGACGGCAAAGCCTTGTGCGGGGTTAGGC	11	0	0			0	59.06440678	0	876
CAGACTCGTTTGGTGTTATAGATCATCACT	0	0	0			0	64.43389831	0	112
CAGACTGCTAGGGCTTAACTTAGACAGAGC	0	0	0			1.94058193	10.73898305	0	4
CAGAGCTGTTACAGCATGGACATTGTCTGC	39	0	0			0	0	0	180
CAGAGGGGTCTATCAATGAAATACTGAAGT	0	0	0			3.881163859	16.10847458	0	43
CAGAGGTTTTGAGTGTTGTGGGATATGAAC	0	0	199.9526627			0	1906.169492	0	1152
CAGAGTAGAGAATGTGGTGAAGGTTATATG	0	0	0			586.0557427	496.6779661	0	883
CAGATAGGAAGGCGTGATCTAAGCGGGGAT	0	0	0			0	8.054237288	0	2
CAGATGACAGTGCCGCCTCTCTTTCGGTTG	0	0	0			0	1267.2	0	8678
CAGATGGGAGAACGTTATCGTAGCCGCGCT	0	0	115.5976331			0	2.684745763	0	192
CAGCACGCCTACCACTTCCATCATTATCCC	0	0	0			0	2.684745763	0	1
CAGCAGTAAGGCGCCATGTCTTGGTTGTAT	0	0	0			840.2719755	2217.6	0	750
CAGCATCCCCTCCTCCCTGTCAATGCTCCT	0	0	10.93491124			0	0	0	1
CAGCCCAGTAAGCAAATACGTTCCTTTAGG	0	0	0			0	1073.898305	0	107
CAGCCCGGTTCGGTCTAATAAAGCTAATGT	2	12.11214953	39.05325444			0	0	0	705
CAGCCCTGATGGCCCCTCTGTCGGACGCGC	0	0	0			5.821745789	193.3016949	0	134
CAGCCGAGTGGGGTGTGGGTGCTAATTAGG	0	0	64.04733728			0	0	0	312
CAGCCTCTCCCACCTTAACCACCACCGCCA	0	0	0			0	2.684745763	0	1
CAGCGGAGAATGCAGCTTTTTTAGTGCGTA	0	0	0			0	32.21694915	0	15
CAGCGGGTCCTATCCCCTTATATTATCTAG	0	1.345794393	0			0	0	0	1
CAGCGTGCATCTTGCCAACCTTGGCGCAGT	0	0	0			0	131.5525424	0	10
CAGCGTTAAGCGTTCCATTACTTAATACAG	0	0	0			421.1062787	1409.491525	0	8188
CAGCGTTTTGCTCGCGTGGATGGAGCGGGA	0	0	0			27.16814701	64.43389831	0	4
CAGCTCCCTCCCAGAACATGTACTCCCTGC	0	0	3.124260355			0	0	0	1
CAGCTTTATCGCGGATGTCGTGGGGACGTT	0	91.51401869	0			0	4384.189831	0	11688
CAGGACGTTTCCTCTACTAGTAAGACCGCG	1	0	0			0	0	0	1
CAGGAGGGTGATCCCGGCGCGAGGAGCAGT	18	26.91588785	0			0	10.73898305	0	384
CAGGATCCTCATTGTCATTCTAATGTCTAA	0	0	1.562130178			0	0	0	1
CAGGATGTTTCCTCTAATGGTAAGACCGAG	314	0	0			0	324.8542373	0	30853
CAGGATTCTCGTTGTAATGTGAGTGTTTAG	0	0	1354.366864			44.63338438	3640.515254	0	6465
CAGGATTGAACGCGGCATACGCCAGTTAAC	0	5.38317757	21.86982249			0	5.369491525	0	147
CAGGCTGTTGTGCGTTAGTATTATTACGAT	0	0	0			0	72.48813559	0	30
CAGGGTGGAGGGGTTATAGACGTGGTAGGG	0	0	0			40.75222052	13.42372881	0	22
CAGGTCGGTAACACGCCCTGGGTGATCCGG	1	0	0			0	0	0	1
CAGTACTGAGATCCGTGTGGGGTCGTTCTC	0	0	0			0	64.43389831	0	29
CAGTATGGTTGTAAGCGTCAAGTTCACCGC	0	53.8317757	0			31.04931087	271.159322	0	107
CAGTCATCTCGTAGACGGCCGGAGCGGGAG	0	0	0			180.4741194	102.020339	0	37
CAGTTTCATTTGCTTCCGGAAATGAAGTGT	0	0	0			54.33629403	161.0847458	0	7
CATAAAAATTCATTAGGGGACAACTACAAG	0	0	0			36.87105666	2945.166102	0	4386
CATAATGATGATAGGTTCGGGCAAGGCGTC	0	0	0			0	136.9220339	0	11
CATACCGTACCATGAAGTAAGCTCCGCGTC	0	0	0			0	51.01016949	0	156
CATACTATAGGTATCGTTGTACTTATGAGA	0	0	0			0	56.37966102	0	2
CATAGGCGAATGTCAACGAAAATTGGCCAG	0	1335.028037	0			0	0	0	9069
CATATACGCATGTCAACTACAATTGGCCAG	0	2.691588785	0			0	0	0	1
CATATATATTAGGAGATTCACTAGCACTTC	0	0	0			0	136.9220339	0	1434
CATATCTCTGGCATCACGTTGGGCCCGACG	0	0	4.686390533			0	0	0	256
CATATGCTATGGGACCACACAGTAGGAATA	0	0	0			44.63338438	8.054237288	0	1
CATATTAAAAGGAAAGAATTCATGTCTTAC	0	0	334.295858			0	24.16271186	0	322
CATCAGGGTACACTGGGGCGCGCCACAAGG	0	0	0			0	416.1355932	0	3352
CATCATACTACCAACCCCCCTTTTCCCCCT	0	0	1.562130178			0	0	0	1
CATCCTACAGAAACGTTTACTAGTTTTGAC	0	0	0			0	1267.2	0	175
CATCGACCAGCAATGGCTTTTGACGTCTCG	0	5.38317757	0			0	0	0	190
CATCGCCGTACCGTTAGCTGTTATGTGATG	0	0	0			0	155.7152542	0	21
CATCTTCACACCAAAACATTCATTTCCTAC	0	0	3.124260355			0	0	0	1
CATCTTTCAATGCCAGCCAAACTTTTCTTT	0	0	0			0	42.9559322	0	9
CATGAATCATCTATTAAGTTTTATATACTG	0	0	0			512.3136294	1103.430508	0	10484
CATGAGGTACCACAAGCAGGTAGTAGGGAA	0	0	0			0	174.5084746	0	4
CATGCGGCTATGGGAACTGAAGATTAGAGA	0	0	0			0	783.9457627	0	129
CATGGATGTGCAGTTGTTATGACGGGCGTA	0	0	935.7159763			89.26676876	85.91186441	0	3793
CATGGGAATCTAGTCTCAAAGGTCGGCAAT	0	4.037383178	17.18343195			0	0	0	18
CATGGGGTTAATTACTGCGATCGGCATGTC	0	0	0			27.16814701	883.2813559	0	20
CATGGTATAATGCCACTAAATGTGCTGGTA	0	0	0			110.61317	357.0711864	0	1171
CATGTTCGATCGGTATACTATCACGCTAGA	0	10.76635514	0			0	5.369491525	0	13
CATTAATGTATGGCTGGGTCTGAATTTAAC	0	0	9.372781065			54.33629403	34.90169492	0	3
CATTACGCCCGCATCAATCATATAACGGGG	0	1.345794393	0			0	0	0	1
CATTAGGTAGGAAGAATGGATCAACTATAG	0	33.64485981	7.810650888			0	0	0	18
CATTCTTAATCTTTTTATACAGACAGTTTG	0	0	0			0	16.10847458	0	284
CATTGAGGACCAAGTACGGGAAGAGGAACG	0	0	0			0	21.4779661	0	1
CATTGGAAACTCCTTGGTAAGAGATATGCG	0	10.76635514	0			0	21.4779661	0	20
CATTGTTCATACATCAGAACTGTTGTTCCC	0	29.60747664	0			0	2.684745763	0	274
CATTTGCTAGAAGTATTCCTTTGCGCGGGT	0	0	0			0	56.37966102	0	1221
CCAAATATTCATAGCCGACCTGTTCTAGTA	35	0	0			0	0	0	2054
CCAACAAGTGGAGGGTTGGGTTTGTTGGTT	0	0	0			116.4349158	161.0847458	0	18504
CCAACCTCTCTCCTTGTTTTCAACACCCCT	0	1.345794393	0			0	0	0	1
CCAACCTTCCTCTCTCCCCTCACCACCTCC	0	1.345794393	3.124260355			0	0	0	1
CCAATATGAACGAAAATCTAATTCGCTTAG	0	0	0			0	5.369491525	0	1
CCAATCTTATACTCACGTCATGGAGTGCAG	0	0	0			0	2.684745763	0	1
CCACACGGACCGCCTCCCCACACGAGTGCC	0	0	0			0	2.684745763	0	1
CCACAGAGTACGCTCTGGAGTACTTTCGCG	0	0	0			0	77.85762712	0	18
CCACATAGTCGGAGTAACCGAAATTGGAGC	0	0	0			0	5.369491525	0	9
CCACCATATGGGTATTAATAGACTTTCTGG	0	0	15.62130178			0	0	0	356
CCACCCATTCCAATACCCTTACCCCTTCCT	0	1.345794393	0			0	0	0	1
CCACCCATTTTGTCTAGCCGCCCCACCGCG	0	0	0			1.94058193	0	0	1
CCACCCCACCGTTCACACGACGCTCCATAC	0	0	0			0	2.684745763	0	1
CCACGAGAAGCGGGAACCGTAACGGCGGTC	0	0	39.05325444			0	493.9932203	0	311
CCACGCCGAGCCTTTCATACCTTCCCGACC	0	0	0			1.94058193	0	0	1
CCACGGCGTTCGAATCATTTCTCGAAACAT	0	1.345794393	0			0	0	0	2
CCACGTCGAGAATTTCGTAACGTTCCTACA	0	0	0			5.821745789	0	0	1
CCAGAGGTTGTGCGGGGGTATGTCTAGAGT	0	0	154.6508876			0	0	0	1099
CCAGCACACCGGTCCAACGATGCTTCGTAC	0	0	0			0	2.684745763	0	1
CCAGCAGTTGTGTGACTTTCGTGACTAAGT	0	0	0			0	93.96610169	0	325
CCAGGGCAACGTGAAGCTCTGCTGCAGGCC	0	5.38317757	0			0	0	0	27
CCAGGGGGTTGAGGCTAGTTGGGTGTAGCA	0	0	0			0	8.054237288	0	2531
CCAGGGTGTTGGACATGTGGGGGAAGATGG	0	0	0			0	10.73898305	0	214
CCAGTCGATCTGTACGAGAGGTGGACGCTA	0	0	0			25.22756508	32.21694915	0	3
CCAGTCTTAGTTGGGCGCACCTGGACGCGG	0	0	0			0	10.73898305	0	111
CCAGTTAAAATTTTTCAAATACGGGTTGAG	0	100.9345794	335.8579882			0	0	0	157
CCATACCCCTTTGGACAGAATTCCACGGTC	0	0	0			1.94058193	0	0	1
CCATCAAGTATCGCGTATGGACCCCCTAGG	0	0	0			0	120.8135593	0	477
CCATCCACTGCCCACGGCGAGAGTTTTTCC	0	0	0			0	34.90169492	0	4
CCATGAAATGCGGCCACAGGATGCATCAGC	0	119.7757009	0			77.62327718	179.8779661	0	4678
CCATGCGCAACACGAAAAAGAGGATGCATG	0	0	0			0	676.5559322	0	134
CCATGCGTATATAGGGGGAGAACGGAGTTG	0	0	0			0	13.42372881	0	709
CCATTACATCGCTCCACCGACGCCTCAGAA	0	0	0			0	2.684745763	0	1
CCATTCAACTGTCCCACATCCATTTAGTCT	0	0	0			0	2.684745763	0	1
CCATTCACAACCGAATACCATTCTACCGTT	0	0	0			3.881163859	0	0	1
CCCACCCTCCCCTCTTCTCCCAACACCTCT	0	4.037383178	1.562130178			0	0	0	1
CCCACCTCCCTGAGTTCGCTAACTCTTGCC	0	0	0			0	2.684745763	0	1
CCCAGCCAACACATAAAGGCCGATGTACAT	0	0	0			0	182.5627119	0	9
CCCAGGCCAGTAGATGGATCACACCCGTGG	0	0	0			0	2.684745763	0	20
CCCAGTGATCAAGATTTACACAGGTGTTAT	0	129.1962617	21.86982249			0	0	0	52
CCCCAACTCACGCATCCGGTTCCTCATTCC	0	0	1.562130178			0	0	0	1
CCCCACAATCTTTTTCTTGCTGCCGTTTTC	0	0	0			0	45.64067797	0	3
CCCCAGTACCCCCATCCTGGGCTACCCATT	0	0	0			0	2.684745763	0	2
CCCCCACTACCACGCTACTCCCCCCACTGC	0	0	0			1.94058193	0	0	1
CCCCCCACCCGCCGACCGCCTGCATGCACC	0	0	0			0	5.369491525	0	1
CCCCCTAACCCGTCTTCTTCTTCCTATCCA	0	0	0			0	5.369491525	0	1
CCCCGTACCCCAAAGCCTCCCAGATTAACC	0	0	1.562130178			0	0	0	1
CCCCTCTACCACCCTTCGCAATATGCCCCC	0	0	0			0	2.684745763	0	1
CCCGAATAAGGCGCACTGTCCCTGAGTGTG	0	0	49.98816568			0	703.4033898	0	724
CCCGAATTAAGTGATCATAGTGAAGCCAGT	0	0	0			0	2.684745763	0	32
CCCGACATCTTCTCAATCCTCCACCACACG	0	0	0			0	2.684745763	0	2
CCCGATCTCTCGTACCCTCCAATCACCGCT	0	0	0			0	2.684745763	0	1
CCCGATTATCGAGATTCATTATGGTTCAGA	0	0	0			19.4058193	996.040678	0	8
CCCGGCCGATGCTAAGTTATTGATTGCGGC	0	0	4.686390533			0	0	0	1
CCCGGCTAATTTGCATTGGGGGGGACTGAG	0	0	45.30177515			0	0	0	8356
CCCGGGACTATGTTACACTTTGTGATAGGG	6	0	0			71.80153139	249.6813559	0	2
CCCGTATGTTTAGTGGTGATAACACACAGA	0	0	0			0	139.6067797	0	60
CCCGTCATTTAAGATGAGTAATGAGTATAA	0	208.5981308	28.1183432			0	0	0	173
CCCGTGCCACCACATCCCATGCCTTGCTAA	0	0	0			0	5.369491525	0	3
CCCGTGCTTATGGAGGCCAGATGAGGACAC	0	0	62.4852071			0	13.42372881	0	117
CCCTAAGACCCAGACCATCCTAACTCCAAC	0	0	0			0	2.684745763	0	1
CCCTAATCATCTATTCAGCCTTCTATACTA	0	0	0			1.94058193	0	0	1
CCCTATCCCCTCCACCTGACCCCTCGCCCT	0	0	0			0	2.684745763	0	1
CCCTCAGCTCCAATCTAAACAGCATACAAT	0	0	0			948.9445636	1264.515254	0	295
CCCTGTTATACAGAATGGAAGGTTTCCACG	13	0	0			849.9748851	703.4033898	0	718
CCCTTCTATCTCGATTGATCACTCAATTGC	0	76.71028037	0			0	563.7966102	0	361
CCCTTGCTTCCATGCATGCCGTGTGAGTTA	0	0	0			0	21.4779661	0	355
CCGAAAGGAAAGGTTTCGCATGAACATGCT	0	0	0			13.58407351	418.820339	0	148
CCGACAATAGGGGGGTCGAGATGGTCTTAA	0	0	0			89.26676876	461.7762712	0	3
CCGACATTATTAAGGGCTCCTGTGGTATTT	0	0	0			0	4349.288136	0	36
CCGACTGCTATCAACTAACCTTGTTACCCC	0	0	1.562130178			0	0	0	1
CCGACTGCTGGGCAACCGAGTCGGGAAGCT	0	0	0			0	2.684745763	0	1
CCGACTTATGCACTATTGCATTGACGCGGG	0	0	93.72781065			13.58407351	0	0	664
CCGAGCTAATGATCGGATGCGTTTAGTTGG	0	0	0			0	48.32542373	0	475
CCGAGGCTCCTCTTCTTCCGCCATCCAAAC	0	0	0			0	2.684745763	0	1
CCGAGGGTTCTTATTTGCATCCTAAACAAG	0	0	0			258.0973966	515.4711864	0	40
CCGAGGTCAATGTTCAAGGATCGCGCATCG	0	0	0			1.94058193	0	0	167
CCGCAGGATTCGACATTGTAGCCGCTTCGG	0	0	0			0	260.420339	0	5358
CCGCATTTCTGCGCGCTGTAAGCTCTACAC	0	0	1.562130178			0	0	0	1
CCGCGGATACTCTACTTCCACCTTCCCTAC	0	0	1.562130178			0	0	0	1
CCGCTATATTAAAACTTAGAAGGTGGGTTT	0	0	0			0	238.9423729	0	44
CCGCTATCATTTCGTTCTTATGTTAGGACT	0	0	20.30769231			0	0	0	17
CCGGAATCTTAAGGACGGTCCCACTCCCAG	0	88.82242991	142.1538462			0	0	0	796
CCGGACCTAACGAGATGGGGTTGTTTATAG	0	0	40.61538462			0	0	0	546
CCGGGGGGTTCTATTCCACAATCTTATATT	0	586.7663551	0			11.64349158	21.4779661	0	543
CCGTATTCTCGTTGTACTTCGCTTCCTCAA	0	0	0			0	2.684745763	0	1
CCGTCCAAATTCAAAGGGTACCCGTGCGCA	27	0	0			0	228.2033898	0	20
CCGTCCCATGATAGGGAAGGTGATGGTCGG	0	0	0			0	225.5186441	0	10649
CCGTGATTTGGTGGCTCGATGAAGCGCTGT	0	4.037383178	0			0	792	0	249
CCGTTGGGCCGGGGCGCAGGGGGCTGAACG	0	0	0			1.94058193	0	0	1
CCTAAACGTAAAACGGTACGGACCGAGAGT	0	0	0			527.8382848	1012.149153	0	52
CCTACATATAGGTGGGTTACAACAATGGTA	0	24.22429907	46.86390533			0	246.9966102	0	489
CCTACATATCGTTGGGTTACAACACTGATA	0	0	1.562130178			0	0	0	1
CCTACATGTCCCCCTACATACGCCTCCTGC	0	0	0			1.94058193	0	0	1
CCTACGTAATAGCCTGCGCATGGGAAAGTT	0	0	0			1.94058193	0	0	1
CCTACTAAACCGTCTTCTTCTTCTTATTCA	0	0	0			0	663.1322034	0	1109
CCTACTCTAAACGTTATTGGGTATAATCGT	0	0	0			0	6365.532203	0	11712
CCTAGAACTGGGCGAGAGTATGCAAATCCA	0	0	0			0	8.054237288	0	2
CCTAGAGGTGTGCCCCTCCCAGGTACCCTT	0	0	0			48.51454824	507.4169492	0	461
CCTATGTAACCAGAAGAGGCCAAGTGATCG	0	0	10.93491124			0	0	0	88
CCTATTGCTGTGGGTAAGTTAAAAAATTGT	0	0	0			0	72.48813559	0	31
CCTCGAACTGTTCCAGCACTAAGGTGGGCG	0	0	35.92899408			0	134.2372881	0	541
CCTCGCTTAAAACTGAGGCGACAAGCGCGT	0	0	0			1.94058193	0	0	183
CCTCGGCCCCCTCTCCTCACCCCCCCACAC	0	0	0			1.94058193	0	0	1
CCTCTACACATCTTCTCAACGTCTACAGCC	0	0	0			3.881163859	8.054237288	0	1
CCTCTGCGACCGTGGTGCCTACAGTTCTAT	0	0	0			0	91.28135593	0	1
CCTCTTCTAAGATTAACTAGCTCCACCGAG	0	0	0			62.09862175	139.6067797	0	21
CCTCTTGCAAGCTTTCGTTCAGTACATTCA	0	0	0			0	85.91186441	0	33
CCTGACTCCTCTCCTAAGTTTTATATACCG	0	0	0			1.94058193	0	0	1
CCTGATTTAGACAAGCTGTCGTTTCACACC	0	14.80373832	0			0	10.73898305	0	914
CCTGCATCCTCTATTACTTTTTATATCCTG	0	0	0			1.94058193	0	0	1
CCTGCCGATTCTTTGTGGGTCGTGGGGTAA	0	0	9.372781065			0	0	0	1
CCTGCTATCCCCTCCACCAACCCGCCCGCC	0	0	0			1.94058193	0	0	1
CCTGTCCAATTGTGTGGGGTTCTCTTGTGT	0	0	0			0	102.020339	0	2247
CCTGTGGTACTGTGCTCAGGTCGGGGTGCC	0	0	0			0	42.9559322	0	2
CCTGTTATCGCCTCCCAACCCTACACTTCT	0	1.345794393	0			0	0	0	1
CCTGTTCTAAACTTCTCCCATCCTACCGCA	0	0	0			1.94058193	0	0	1
CCTGTTCTCGCCCACCCAACTATCTCTGTC	0	10.76635514	0			0	0	0	1
CCTGTTGAAAACCTCGTCCGTCCGAACGGA	0	0	0			1.94058193	0	0	1
CCTGTTGGAAACTTCGTCAGTCCGAAAGGA	0	0	18.74556213			3349.44441	4513.057627	0	19875
CCTTAGGGATTCTCTTAGGATTTGCTTTGG	0	0	0			31.04931087	244.3118644	0	189
CCTTATGGACTTAGCGGGATTCGATTAGGG	2	0	79.66863905			0	0	0	143
CCTTCACCATCCATTCCGTTCTCTATCCTA	0	0	0			1.94058193	0	0	1
CCTTCAGATGAGCTGGGCGCGCTTGGCGAG	0	0	0			382.2946401	1608.162712	0	289
CCTTCCTCCCATTTCACGGCCTTAGTACCC	0	1.345794393	0			0	0	0	1
CCTTCTATAAAAGTAGGGTGTGGGAAAGGG	0	0	1.562130178			0	0	0	5
CCTTCTTGTCTGGAGTAAGGAATTAATGGA	0	0	0			0	2.684745763	0	108
CCTTGATTTTAGTACTTCTGGGGCCCTTAA	0	0	28.1183432			163.0088821	61.74915254	0	8
CCTTGGATAGTGTAAGTGTTCGGTGACGTT	0	0	0			0	16.10847458	0	32
CCTTTCTAAACGAGGAGTTCAGTCCCGAGG	0	0	0			570.5310873	228.2033898	0	36
CCTTTTCCAGTCTTGAAACAGGCTACGGCA	0	0	0			0	8.054237288	0	1664
CCTTTTGGACAGATCCTTCGTCCTTATGGC	0	0	0			0	3452.583051	0	1980
CGAAAAACTTGAGTAGGTTTTTGCCGGACA	6	0	0			0	0	0	4
CGAAAGGTTAATTGCGCTCGCCGGTGGCCT	0	0	0			11.64349158	139.6067797	0	1
CGAACCCTTCCCTTTTCTTCCAACATCTCC	0	2.691588785	0			0	0	0	1
CGAACCCTTTAAACATCGCCACCTCTCCCC	0	1.345794393	0			0	0	0	1
CGAACCTTTCTCCTCTCTCTCACCCCATCC	0	0	1.562130178			0	0	0	1
CGAACCTTTCTCTTGGTTTTCAACATATCT	0	337.7943925	3385.136095			98.96967841	386.6033898	0	11726
CGAACCTTTCTCTTTTCTTTCAACATATCT	0	0	1.562130178			0	0	0	1
CGAACTAGTTGATAACTTATCTGTGATAGG	0	0	0			13.58407351	539.6338983	0	272
CGAAGCGTACTTGTTCTCGCGTGCATGGGT	0	0	0			0	327.5389831	0	27
CGAAGCTGTAGAAGACGTCGTTGCGAGGGC	0	0	413.964497			0	0	0	23491
CGACAACATGGCGACGCGCAAAACGTGTAA	0	0	0			0	37.58644068	0	824
CGACAGCGTATCCCGCACAGTGATATAAGT	0	0	0			3.881163859	0	0	271
CGACCCTTTCTCTTGTTTCTCACCATATCC	0	0	1.562130178			0	0	0	1
CGAGAGTATATTGGCAATATTGAACTCATA	0	36.3364486	173.3964497			0	118.1288136	0	4903
CGAGCATTATTGATGAAGTTTACGCGGTAG	0	0	0			0	724.8813559	0	877
CGAGGCATACAGTAAGTACAATTAGTGAGT	0	0	0			0	5.369491525	0	51
CGAGTACCTATTTCATAGAGTACCCGGTCA	0	137.271028	0			0	51.01016949	0	6828
CGAGTACCTCCTTCCTCGAGTACCCGGTCC	0	1.345794393	0			0	0	0	1
CGAGTCGGTGGTGGGGCGCATCCGCGAACT	0	0	0			0	104.7050847	0	208
CGAGTGTTAAATTAGTTCAACGGGCCAGTT	0	9.420560748	0			0	0	0	57
CGAGTTTGAGTAAATGTTGATTATTAGGGG	0	0	0			0	2.684745763	0	3
CGATAACGTGTGAAATGACTGCTTCGCTTT	0	0	28.1183432			0	48.32542373	0	458
CGATATAGTAGGACTTTGGGTGAGTGTCGG	0	0	0			440.512098	6472.922034	0	95
CGATGCTTTGGGTGGCGGTGATGAGGTCAC	0	0	0			326.0177642	1092.691525	0	14
CGATGTCGTACTTGGTCGTTTGCATACGAA	0	0	0			54.33629403	53.69491525	0	4
CGATTGCATTGTGACCCAGGGCCGCGAAGT	0	0	0			0	2824.352542	0	7365
CGCACATCCCTCATTTATCGACGTATCACC	0	0	7.810650888			0	0	0	1
CGCAGACCTAGGCAGGTTAATAGGGAGAAC	0	0	0			9213.883002	12288.08136	0	1320
CGCAGTATAGGATTGAGGGCCTGCACGGTG	0	0	0			0	2.684745763	0	18
CGCATATCACTGAGTTGGCGGAGTATGGCC	0	40.37383178	3763.171598			1.94058193	340.9627119	0	11906
CGCATATGAGGGATTAAGGGATCTTGGCGC	0	0	0			0	59.06440678	0	64
CGCATTACCTACTCACATAATTTCCCCCAT	0	0	1.562130178			0	0	0	1
CGCATTTCAACTGGAGTCATTTTAGAGTCG	0	0	0			0	8.054237288	0	149
CGCCAATTACCTTCACACACTCCTCGCCTC	0	0	1.562130178			0	0	0	1
CGCCCATCCCCGAGTTGGCGGAGTATAGCC	0	0	1.562130178			0	0	0	1
CGCCCCATCCTTTCTCATCAGTTTTCCGCA	0	0	0			7.762327718	0	0	1
CGCCCCCCCTTTCCCCATCAGACCGCCGAA	0	0	0			1.94058193	0	0	1
CGCCCCTCCCTGCACCGGCGGATTCCGACC	0	0	0			0	2.684745763	0	1
CGCCCTCGAGGGGCTGGAACATTATCCTAC	0	0	0			0	29.53220339	0	13
CGCCGAGCCGCAGCGATCTGGGATTTATGC	0	0	0			1.94058193	0	0	1
CGCCGCCGATCTGAAATGATCAGGCCAAAT	0	0	0			0	171.8237288	0	12
CGCCGCTTAACCTTTATCTCTATATATCCT	0	0	0			1.94058193	0	0	1
CGCCGGAGATGGTGGAACAAAAGGTTTTTA	0	0	53.11242604			0	53.69491525	0	20
CGCCGTCTCCCCTTTATCTCTACATCCCCT	0	0	0			1.94058193	0	0	1
CGCCGTTTAACCTTGATCTATATATAGCTT	0	0	20.30769231			131.9595712	2182.698305	0	984
CGCGAATCTTTCGTTTACGGACTGGCCCGT	0	0	0			0	2.684745763	0	1
CGCGACACACGCAGGGGGAGATCACTCCGT	0	6.728971963	84.35502959			0	0	0	787
CGCGACACACGCAGGGGGGAGATCACTCCG	0	0	10.93491124			0	0	0	1
CGCGATGGTTCGGGGTTAATATAAGTTTAC	0	2.691588785	0			0	0	0	1
CGCGGGGCAAACGGATATGCATTGTAGTGG	0	0	0			0	80.54237288	0	77
CGCTCAATTGCTCGGGAGGATGGGAGAGCC	0	0	0			1.94058193	56.37966102	0	44
CGCTTTAAAGGTTGGCATAGGGGGAATGTA	0	1.345794393	40.61538462			83.44502297	585.2745763	0	269
CGGAAAAATGGACCGGAAGTTAGAAGTGAA	0	0	3.124260355			1.94058193	0	0	1052
CGGAAACGAATATGTGTCCGACCGAGGTTA	0	0	0			1009.102603	440.2983051	0	10
CGGAAAGGAGTTATGCATCGCACGTTTTAC	0	5.38317757	0			0	2.684745763	0	266
CGGAAATGTTTATGACTTGGTGGTAATCGT	0	0	0			0	29.53220339	0	16
CGGAACTTAATTGCGAGGGCTAATAGTAAT	0	0	20.30769231			0	0	0	15
CGGACCATTTAAAGGTCGTTATTTCTTCCT	0	305.4953271	0			0	0	0	30034
CGGACGGTTTCTGCGTCGCCGGGATAGCTA	0	0	0			258.0973966	1686.020339	0	137
CGGATCATTTGGCGCTTAGAGTAAAAGGAA	0	0	0			0	657.7627119	0	32
CGGATGGTAGAACGGTGTAAAGTGCGAATT	7	0	0			0	0	0	5415
CGGATTACTTACCTCATGTTACCGGCAAAG	0	0	0			36.87105666	1162.494915	0	23647
CGGATTGGTTGCTCAATTCTGGCTTTAGTA	0	0	0			0	24.16271186	0	1
CGGCCGCATTGGGAGTGAACGGGTGGTTCA	0	9.420560748	18.74556213			0	198.6711864	0	4069
CGGCGATCAGCTCGTCCACTGCCTCCAGGT	0	0	0			0	681.9254237	0	2
CGGCGCTAATAGGGTGGTAGGTGGGCAGTG	0	0	0			0	547.6881356	0	177
CGGCGGGGACGCAAGACGCTCAAGCAGGGT	0	0	0			13.58407351	182.5627119	0	4
CGGCTCGGACAAGCGGAATTACGGTGGGGG	0	0	0			0	16.10847458	0	51
CGGCTGGTAGAACGGTGTCAAGTGCGACTT	1	0	0			0	0	0	1
CGGGAAAAATGTTAATAGCGCGTGGGTTGT	0	0	0			0	13.42372881	0	112
CGGGAGGTAGATGGGGCTCGAAGCGAGGTC	0	0	0			42.69280245	547.6881356	0	262
CGGGCCTCATTTGACGACGCGGATTGTGGT	0	0	10.93491124			0	0	0	20
CGGGCTGCTTGTCGCTTGGACGGTGCCGGG	0	0	0			0	5.369491525	0	69
CGGGCTTTAGATGTGCCACATCCTATGTGG	0	0	0			0	56.37966102	0	3
CGGGGAACATTCGAAGTTTATAGGTGTTTC	0	41.71962617	765.443787			87.32618683	467.1457627	0	182
CGGGGCTGATTAGACCCATGAATATGTGGG	0	0	0			0	21.4779661	0	18
CGGGGGCGATAATAAGTGGGTTATTACTAC	0	6.728971963	0			0	0	0	2
CGGGGTAATAACGGAGGGTGTGGGCCTCTT	0	0	206.2011834			0	0	0	2477
CGGGGTAGTCTGCGGTATTAATGCACCAAG	0	0	0			0	222.8338983	0	5824
CGGTAACGTATATGTGGGTCGCACTTACCT	0	0	0			21.34640123	13.42372881	0	2903
CGGTAAGATGATCATTGGCAGTATTATGCT	0	0	0			4620.525574	9810.061017	0	3694
CGGTAAGATGCAGCATGGGGTGGACTGGGG	0	0	64.04733728			2220.025727	6668.908475	0	3394
CGGTATCGTTGGTTTATGTCGGTCGAGCAA	0	0	0			0	10.73898305	0	9
CGGTCCAGAAGGAGGCGTCATTTGGCTATG	0	0	0			0	1178.60339	0	3000
CGGTCCGCACACGGTCTCGTAACGGATAGC	0	0	6.24852071			52.3957121	147.6610169	0	1
CGGTGAAGATCCTTGACCCTGATGTCGCAC	0	0	15.62130178			0	204.040678	0	3326
CGGTGGGAATACATGAAGGTCTTGAAGGAT	0	0	0			0	102.020339	0	55
CGGTTCCCATTTAACGGCTTTCAGAATCTC	0	0	0			0	295.3220339	0	1662
CGGTTGGCAGGCAAGTACGAGTAGAAGGCG	2	41.71962617	0			0	0	0	260
CGGTTGTAAGTATACTAATGGTTTTAGCTA	0	0	0			0	198.6711864	0	16044
CGGTTTAAAAGCGTAACCGATAACGTTTGA	0	0	76.5443787			424.9874426	182.5627119	0	94
CGTAATTTACTTAGGGATGTTCGTCGCTTC	0	0	0			0	107.3898305	0	47
CGTAATTTTTGCTATGAACAAGGGTATGGC	0	0	0			13.58407351	0	0	91
CGTACATTACTGGTGGGTCGGGCCGCCCTG	0	0	0			0	2.684745763	0	1
CGTACCCTTGATCTTAATGAACCTGGCGTA	0	0	0			0	2.684745763	0	100
CGTACCTATCTCCACCCCTCCCTCATAATT	0	0	1.562130178			0	0	0	1
CGTAGATTAAAGGTACACGTTCCGCGCATT	0	0	43.73964497			38.81163859	1033.627119	0	985
CGTAGCACACGTGCTTACGCTCGCGCCGCC	0	0	0			0	163.7694915	0	41
CGTATAGGTATACACGTCGTATATTCCATT	0	0	0			0	32.21694915	0	2151
CGTATCTAAATAGGACTGGTGGAAATGTGG	0	0	0			0	2.684745763	0	203
CGTATGGTTCCATGCTGGTTGGTGAAACTT	0	0	0			0	18.79322034	0	61
CGTATGTTAATGGTGGGTCGGGACGTCATG	0	0	0			0	609.4372881	0	1418
CGTCAACTAATGGGAATCCTCAGGGGCGCA	0	0	0			15.52465544	0	0	9
CGTCAAGCTTCAACAACCCTCGCCTTACTC	0	0	0			1.94058193	0	0	1
CGTCGACTAGGTACCAAAGGGTTCAGGTGG	0	0	29.68047337			0	1167.864407	0	20
CGTCGGACACCACTACGGAGAGGACTGGTC	0	0	0			1216.74487	4258.00678	0	1301
CGTCGTATTTAAGCGTGGTCATAGCCGGCT	0	0	0			0	1516.881356	0	833
CGTCTCAATCTTTAAGGGATTTAAATTTAG	0	0	14.0591716			0	434.9288136	0	197
CGTCTGGCTTAAAACAAAACTGAGCGTTAA	0	0	0			2912.813476	679.240678	0	352
CGTGAGCCAATGAGGAACGCTCCTGCACGT	0	0	0			0	8.054237288	0	319
CGTGCCGTACGAGGGGGATAGAGGGGGGTG	0	0	0			0	118.1288136	0	31
CGTGGCTGTTAATAGCCGGGGTGGACGGTG	0	0	0			0	770.5220339	0	3
CGTGGTGATATTTCTTCGTAGTCGGGTGGC	5	0	0			0	263.1050847	0	272
CGTGGTTAACCGCTGCATGTGAACCTAGTT	0	0	7.810650888			376.4728943	545.0033898	0	2803
CGTGGTTCACCGCTGCCTGTGCACCCAGTC	0	0	0			1.94058193	0	0	1
CGTGTCGTTTTGGCGACGCACTCTGTGGTG	0	13.45794393	0			0	21.4779661	0	2868
CGTGTTAGTTGGCCTCAGCCAAGGGGATGA	0	0	0			0	2810.928814	0	82
CGTTAGATTGTATATGATTGGGGATTATAA	220	44.41121495	0			0	0	0	1152
CGTTCAGGAATGTCGAGAAACTACCTGCAT	0	0	0			0	64.43389831	0	9253
CGTTGAGCTGCAGCGATATGGGATTTATGC	0	0	6.24852071			745.1834609	1175.918644	0	3482
CGTTGCGTAACCAAGTTACGATTTATTGGA	0	75.36448598	413.964497			0	0	0	2025
CGTTGGGATATGTGGGGGCAGCGAAGAACC	0	0	0			0	8.054237288	0	9
CGTTGGTGACTCGCGCTTTCAGGTGTAGTG	0	0	0			0	85.91186441	0	284
CGTTGGTTACGAGGCAAGGTACGTGGCTAC	0	0	0			151.3653905	150.3457627	0	13
CGTTGTCGTAGAGCCGAGCCAGGGGAAGGG	0	0	0			0	2373.315254	0	13
CGTTGTTGACTCGTTAGATCAATGGCGGTA	0	0	0			0	5.369491525	0	1
CGTTTATCAAGTGAACGGGGGTATATGAAT	0	0	0			17.46523737	528.8949153	0	130
CGTTTCAGTATGAAAGACCAATCCTGTGAG	0	0	0			56.27687596	402.7118644	0	1
CGTTTTGTTCAATTAACGTAAGTTATAGTA	0	0	0			0	29.53220339	0	2
CTAACTAGACTTCGAATCTCCTTCGGTAGC	0	14.80373832	0			0	2.684745763	0	2
CTAAGCAGTGGCTTGTTGATGGCCTCCAGA	0	0	0			11.64349158	29.53220339	0	4
CTAAGCGGTTAGACATACGGAGTGTGGTGG	0	0	0			0	8.054237288	0	1
CTAATATCAGTGTTGTGTAATCACAATGTT	0	12.11214953	217.1360947			25.22756508	45.64067797	0	39
CTAATCTGAGACATTGGTAAGGGATTAAAA	0	0	9.372781065			0	0	0	1677
CTACATTACCTTGACCATACCGCCCTCCTC	0	0	1.562130178			0	2.684745763	0	1
CTACCAAAATTGCTCACACGATTCAGAGCC	0	0	0			48.51454824	201.3559322	0	717
CTACCAAATTCCCCCTTGTACACACTCAAC	0	0	0			1.94058193	0	0	1
CTACCCCCTACCCACCTTCCGAACCTTCTA	0	0	0			0	2.684745763	0	1
CTACTTCTCACCTCCCTGCATGTAATTCCA	0	0	0			1.94058193	0	0	1
CTACTTCTTTTTGGCGGAACATACTTGAGA	0	0	93.72781065			0	16.10847458	0	574
CTAGACGATCTCCAACGTGTGATCGTGTGG	0	0	0			164.949464	153.0305085	0	45
CTAGCACACCTGAATCTCATCTCTCGATAT	0	0	0			1.94058193	0	0	1
CTAGCGAATATAGTACCAAGAACCAATTAT	0	0	0			0	236.2576271	0	9596
CTAGCGGATGGGCGTGCGCATTTGAGCAGC	0	0	0			25.22756508	166.4542373	0	20
CTAGCTCCTACGTTAGGATACTTCATCCTC	0	0	0			0	220.1491525	0	1
CTAGGGGCTGTGAATGGTACTGAGAATGTC	0	0	0			0	214.779661	0	5
CTAGTATCTCCTGATGGAGGCTAAGGGGAG	0	0	28.1183432			21.34640123	1691.389831	0	11541
CTAGTCCGAGGATCACGACCAGGCGGAGGC	0	0	0			0	2.684745763	0	180
CTAGTGAGTATGTCAGATTGCTGGCATTAT	0	0	0			48.51454824	1049.735593	0	1714
CTATAGCTACTGTGCCGTGGGCTAAAGTTG	0	0	3.124260355			0	2.684745763	0	777
CTATATTGTATACTCACTTAGATTTCAATA	0	0	0			0	440.2983051	0	8706
CTATCATCAGGGTTATGTCGATATTTTATT	0	0	0			0	2.684745763	0	52
CTATCCAATTCGCAGAGCAAGCCGTAAGCC	0	0	23.43195266			0	0	0	48
CTATCCTATCGGGGACGCGAGTTGACAACG	0	0	56.23668639			0	72.48813559	0	67
CTATCGTGATCCAGAGGGCACTGCAAGGTG	0	0	0			324.0771822	700.7186441	0	374
CTATGACTTCGTGTTCCATGGGACAACATA	0	0	0			64.03920368	195.9864407	0	1
CTATGCCCCATTGCCTCGCATTATCTCGTT	0	0	0			1.94058193	0	0	1
CTATGCTATGTTCACAGAGGTCACCCAGAA	0	0	10.93491124			0	545.0033898	0	1547
CTATGTTATACTCTGAGGACATCAGTGTTG	0	0	0			351.2453292	59.06440678	0	3
CTATTATGACGCGGGTGGGAACTTCATCTA	0	10.76635514	0			710.2529862	2378.684746	0	63
CTATTTATAAATTACGCAACTAGCTAGTAA	0	9.420560748	0			0	29.53220339	0	202
CTCAATTAACACGAGCAGGACGGGGGTCCC	0	0	1.562130178			0	0	0	161
CTCACAGCTGATAATTTTCCATGCGCATTG	0	12.11214953	168.7100592			0	8.054237288	0	505
CTCACCACCGGAGCTGTCGCATCTGCTTTT	0	0	0			1.94058193	0	0	1
CTCACCCCTTTTTCTCTCCGTTAGCCCCCT	0	0	0			1.94058193	0	0	1
CTCACGTTACGTGATTAAGCTAACGTCGAT	0	0	40.61538462			0	0	0	9802
CTCACTCCCGTGTCAGCCATGGGGCAACCA	0	0	1.562130178			0	0	0	1
CTCACTTACTTTCGCCCGACTCCCCCGTAC	0	0	0			1.94058193	0	0	1
CTCAGCTTATTAATCTTCACATATTACACT	0	0	0			85.3856049	112.759322	0	158
CTCATCTATTTCTATCTGGCAGACAGTTGT	2	0	0			0	2.684745763	0	13
CTCCAATAAAAACTGAGGTTACTGGATCAC	0	0	117.1597633			424.9874426	13383.45763	0	10578
CTCCAATCCAAACTGAGCTCACTTGACCCC	0	0	1.562130178			0	0	0	1
CTCCACTCACACCTGAGGTTACTGGATCCC	0	0	0			0	2.684745763	0	1
CTCCCACCCACCCATCTTAACACTAAGCAC	0	0	0			3.881163859	0	0	1
CTCCCAGCTTCTACTTTTCCATGCGCATCG	0	0	1.562130178			0	0	0	1
CTCCCCACCCGGTCCCTTTCAATCGCCACT	0	0	0			0	2.684745763	0	1
CTCCGAACTGCATCAATATGATATTTATTC	0	0	0			0	2.684745763	0	1
CTCCGAGTTTTCCAATCACGGGATTTAGGA	0	0	0			1.94058193	0	0	1
CTCCGGACTCGGATCTGCTAGTAAATATGG	0	0	0			362.8888208	257.7355932	0	31
CTCCTAACCTATGCCTTTACCTCCTCTTCC	0	0	0			0	2.684745763	0	1
CTCCTATCCCCCCGGCAACAGTGTTCGGAT	0	0	1.562130178			0	0	0	1
CTCGACCCCGTCTCCACTGTATATCTCACT	0	0	0			0	8.054237288	0	1
CTCGAGTGTCAGCCGGTTTGGCTTTATAGT	0	0	0			0	8.054237288	0	42
CTCGATTCTGGGATCCTAGCTATTACTTTG	0	0	0			0	83.22711864	0	58
CTCGCCACAATTCTGGACTACCGGTTGTGA	11	0	0			0	142.2915254	0	2
CTCGGAGGAGCTTAATGTTGGTATTTGATT	0	5.38317757	173.3964497			93.14793262	3192.162712	0	2700
CTCGGCAAAGGTATGGCTGGGTATGTCAGT	0	0	0			1.94058193	0	0	2
CTCGGCGGAGCTTCATGCTGGTATTTGCCT	0	0	0			0	2.684745763	0	1
CTCGGTGGACAGGCAGGTGCAGCGTTGTGC	0	0	3.124260355			0	0	0	29
CTCGTTATATGATATACATAAGCGTGCATA	0	0	3.124260355			0	0	0	454
CTCTACGGTTCGTGTAATGGGCACGCGTAC	0	0	0			29.10872894	0	0	3
CTCTATTGTATCCTCACTTCGATTTCACCC	0	0	0			0	2.684745763	0	1
CTCTCAACATATTTTTATAGTTTATGACCA	0	0	0			0	429.559322	0	1307
CTCTCCCTACTGTGTTGATGCGAGGCCCAC	0	169.5700935	0			0	26.84745763	0	23
CTCTCGAGTGGTGCACCCCCCCTGCATAAC	0	0	0			1.94058193	0	0	1
CTCTCGGGTCTTTGTACTGAGCCAGTTACC	0	0	76.5443787			0	147.6610169	0	13853
CTCTCGTGCTCCCGCGGGCACTGCAAGGTA	0	0	0			1.94058193	0	0	2
CTCTGGAATGTGAGCAGAAGTATGATGATC	0	0	0			7.762327718	502.0474576	0	108
CTCTTAGTTTACGCTGTAAGCTGTCACCTC	0	0	0			0	453.7220339	0	8153
CTCTTATCATCCTGGTAACAGTGTTCGGAT	0	0	53.11242604			842.2125574	4663.40339	0	3782
CTCTTCCTCACCAACCTCCGATCTCCCTGA	0	0	1.562130178			0	0	0	1
CTCTTGCGAGTTCACTTTTAGCTGCCGAGG	0	174.953271	0			0	0	0	7843
CTGAATTGAAAGACGTTCCTAGGCCGCCGC	0	0	0			388.1163859	2580.040678	0	1000
CTGACATGTTGGTACGGCCATTTGGGCTGC	0	0	15.62130178			0	0	0	91
CTGACCAATGGGTGCCGCGCCCCGAATTGG	0	0	0			0	2.684745763	0	1
CTGACCCCCAAGACCATATAGTCTACGTTC	0	0	0			1.94058193	0	0	1
CTGAGCATATAAGGATTGCGGGCCGTGCAT	0	0	0			0	16.10847458	0	22
CTGATATGTTGCGACTTTCGTTGCCCCCAT	0	0	0			0	2671.322034	0	3014
CTGATGTTTTTTTGATACATTATATATAGC	1	12.11214953	0			0	8.054237288	0	20
CTGATTCGCTTTTTTTGCTGTTAGATAACT	0	0	0			469.620827	434.9288136	0	94
CTGATTCGTCTTTTTTTGCTGTTAGATAAC	0	0	0			25.22756508	8.054237288	0	1
CTGATTCGTTTTTCTTGCTGTTAGATAACT	0	0	0			31.04931087	42.9559322	0	2
CTGATTCGTTTTTCTTTGCTGTTAGATAAC	0	0	0			5.821745789	5.369491525	0	2
CTGATTCGTTTTTTTCGCTGTTAGATAACT	0	0	0			77.62327718	42.9559322	0	7
CTGATTCGTTTTTTTGCTGTTAGATAACTT	0	0	0			578.293415	1490.033898	0	404
CTGATTCGTTTTTTTGTGCTGTTAGATAAC	0	0	0			11.64349158	8.054237288	0	2
CTGCACGGTTAAGTGATAGTCATTTGTAGG	0	0	0			0	182.5627119	0	13
CTGCCCTATTACCCTCTGGCACCCATCCAA	0	0	0			1.94058193	0	0	1
CTGCCTCCCAATCCCAGATAATTCCACTGC	0	0	0			1.94058193	0	0	1
CTGCGATTATCGCTTAGGAAATGTTTGTCT	0	0	0			1.94058193	993.3559322	0	46
CTGCGCGACTATTTCCCCTCATCGCATCAC	0	0	0			1.94058193	0	0	1
CTGCGTCCACGTCGGTGGGCCAAGACGCAT	1	0	0			0	0	0	1
CTGCTCCGATGAAGCCGCCGTTGGCTTTGG	0	0	284.3076923			139.7218989	6196.39322	0	167
CTGCTGTGTGCCGCTTGAGATGCGTCGACA	0	2.691588785	49.98816568			0	26.84745763	0	150
CTGCTTATTACCTACCTGTAGGGAAGTTTA	0	0	0			147.4842266	1788.040678	0	657
CTGGACACATGCGGTTTACTCTTGGCGTGG	0	0	68.73372781			0	2.684745763	0	44
CTGGATGTACAACTAATTTCAATACATTTG	0	0	115.5976331			0	1626.955932	0	59
CTGGGAAGATTCAGTGCGCATTTGTAAGTC	0	6.728971963	0			0	2961.274576	0	46
CTGGGATGTATCATCTGAATGCCTGGTAGG	0	0	329.6094675			0	0	0	1276
CTGGTTGCTCGCGGGGGGTAGGCGTGGATT	0	0	0			0	26.84745763	0	34
CTGTAAACCCCCTCCTGCAGCCGACCAGAC	0	0	0			1.94058193	0	0	1
CTGTAGCGTACGGTAGAGGGCTTTCTCGAG	0	0	0			0	48.32542373	0	36
CTGTATAAAGGCGTCAAGTAGTAAGGGTGC	0	0	3.124260355			0	5.369491525	0	65
CTGTGGCCAAGCGCGTTCTCGAATCAGAAA	0	0	3.124260355			0	0	0	11
CTGTGGGGTGGTGGGGCTTCGTTGCATAAA	0	0	0			277.5032159	1723.60678	0	2926
CTGTGTGCAGTCTACACTCCGCTGACGTGA	0	0	0			5.821745789	0	0	3
CTGTTGATATCTTCTTAAGCCATTGCCAAG	0	0	0			0	29.53220339	0	2
CTTAACGGATTTTTGTCTCGGTTAGGACAC	0	51.14018692	0			0	18.79322034	0	424
CTTAAGTATCCCCGTGCGTGGTGCAAGGAT	0	0	140.591716			0	26.84745763	0	31
CTTACACCCCTTCTCCCTCCCTCTCGCCCT	0	0	0			5.821745789	0	0	1
CTTACCAGTTCGTATCATAAGTGAGGCCAG	0	6.728971963	0			0	0	0	4
CTTACCCGTTCTCCCCTCTACCAAACCACC	0	0	0			0	2.684745763	0	1
CTTACTCTTGTGTCGGCCATGGGGCAACCG	0	0	204.6390533			0	34.90169492	0	2709
CTTAGACGAATCTGATCCGGGTAGTACAGG	0	0	0			5.821745789	10.73898305	0	4
CTTAGATATACTTGCTGTGGGGCCCGGCGT	0	0	0			0	18.79322034	0	2
CTTAGCCGACAAGAGGTTAGATCAACCTAA	0	0	173.3964497			0	13.42372881	0	8
CTTAGGAAAAAAATGCTAACAATTCCTTGT	0	0	0			648.1543645	233.5728814	0	9
CTTAGGCAAAAAAATGCTAACAATTCCTTG	0	0	0			1065.379479	346.3322034	0	3
CTTAGGGTAGGGGCTACAGGGAAATTTCGC	0	0	0			0	21.4779661	0	53
CTTAGGTATTAAAAGTATGAGGAGGGGGGA	0	1.345794393	9.372781065			0	42.9559322	0	128
CTTATAGCAGAATCGTACGGGTGCACAAAA	0	0	0			0	53.69491525	0	4
CTTATGATATGGTTCCCGCAATTCACTGAA	0	16.14953271	413.964497			0	0	0	621
CTTATGGCACGGCCACATAGACGACTGGCG	0	0	0			15.52465544	32.21694915	0	27
CTTATTGATGTATTTATCAATATCAAAGCT	0	0	0			0	10.73898305	0	31
CTTCAACTACCAAGATAATGCATTCAATGC	0	0	0			677.2630934	751.7288136	0	112
CTTCAAGCTCATCCCCTTCATCATTACTCT	0	0	0			0	2.684745763	0	1
CTTCACTTATTAGTGTGGTGACAATGTATT	0	33.64485981	0			0	249.6813559	0	19662
CTTCCCAACCTTCGTGCATCCCCCGTACCT	0	1.345794393	4.686390533			1.94058193	2.684745763	0	1
CTTCCTCTTGGGAGCAATGAGTCCTTACAT	0	0	0			65.9797856	56.37966102	0	238
CTTCGAACCCTTCGCTCCAACCAACCATAC	0	0	0			0	5.369491525	0	1
CTTCTACATCTCACTACAGAACCAGTATAA	0	0	0			1.94058193	8.054237288	0	1
CTTCTACCCCCGAACTCCCCTCACAAACAA	0	1.345794393	0			0	2.684745763	0	1
CTTCTATTCTGTCGGGCTTCTTTCCATAAA	0	0	0			1.94058193	0	0	1
CTTCTCTTCTCCATCCCATCTCTCTATACC	0	0	4.686390533			0	0	0	1
CTTGAAGCTTCCCGTAGTCGTGTGTGTGCG	0	10.76635514	40.61538462			0	0	0	216
CTTGACACAGGCGAAAAGGCTGAAAGCCCT	0	2.691588785	0			0	0	0	12
CTTGACGTAGACGGGTTGCCATCAGGGAAG	0	0	0			0	187.9322034	0	135
CTTGATATCCTTTTCTCCCACCGGCCCGCC	0	0	0			0	2.684745763	0	1
CTTGCTGTTACTTGGATATTTGTCGTCGTT	0	0	3.124260355			0	0	0	23
CTTGGAGTTTATTATGTTGCAGTTTCAATC	0	0	0			0	53.69491525	0	332
CTTGGCGTCTATTATGTTGCAGTTTCCATC	0	0	0			0	2.684745763	0	1
CTTGGCTGAACCTGGGCAGGCTTTGGATCG	0	0	0			0	75.17288136	0	839
CTTGTGAGATCAGCGGTCAACGATTTACCA	0	0	0			0	21.4779661	0	106
CTTGTTATTGCATTTGTTATCGTTCTAATA	0	507.364486	0			0	0	0	6519
CTTGTTTGTGTCGTAGAATAGATCATAGGG	0	0	70.29585799			0	0	0	1517
CTTTAATGAGATTATTTATCTAATGAACTA	0	0	0			60.15803982	104.7050847	0	11
CTTTATTTAAATCAGGTTTGTGCGCGGTCA	0	0	0			0	10.73898305	0	1
CTTTCATTTGTTAATATCAAAGTTTATTAT	0	0	0			320.1960184	961.1389831	0	8
CTTTCCCACGACTCTATTACACTCGCAGAC	0	0	0			1.94058193	0	0	1
CTTTCCCTCAACGTTAAGGCCTGAGTACCA	0	1.345794393	0			0	0	0	1
CTTTCCTCTCCCTTCCGTATGCCCGCGATG	0	0	0			0	2.684745763	0	1
CTTTCTGGAGCACATTATAGAGTCTGCGTC	0	4.037383178	6.24852071			0	0	0	8
CTTTCTGTTTTTTGATCCTCCTCCCACAAA	0	0	0			0	2.684745763	0	1
CTTTGAGTTTGTTAATGAGGGGATTTAGGA	0	0	0			205.7016845	1809.518644	0	580
CTTTGCATAGAGCAAACGATCGGTGTTATG	0	0	0			36.87105666	228.2033898	0	1493
CTTTTTTAATGATCCGCTGTATAAGTGTGA	0	0	0			60.15803982	381.2338983	0	13
CTTTTTTGTATCTTATGATCGTTCACATCC	0	0	3.124260355			0	53.69491525	0	67
GAAAAACCTTGTGTAAGCTTGCTGTAAAAT	0	32.29906542	0			0	24.16271186	0	7
GAAAATCATGTCAGCGTGAGAATGAGTTGT	0	1.345794393	0			0	0	0	42
GAAAATTGATTTGCTGTGAATCTTTTTATG	0	0	0			310.4931087	2569.301695	0	4829
GAAAGCAGAGATCCATCTGTAGTCTTAACC	0	0	3.124260355			0	0	0	81
GAAATACGTCACGTTACGTTATACTATTCG	18	0	0			9.702909648	37.58644068	0	679
GAAATGGAAAGAATCTGGCTGTGAACGTAT	0	0	154.6508876			0	0	0	128
GAACAGACTTATGCGAATGGTTCCCCCACG	0	0	0			0	18.79322034	0	744
GAACATAGAGGCGAGGGGTGCCCGGCTCTG	0	0	7.810650888			0	0	0	1
GAACCGCTAAATAAGGAGAGAGATCCGTTC	0	4.037383178	9.372781065			258.0973966	40.27118644	0	105
GAACCTTAATTTGCTGTGAATCTCTTTATG	0	0	0			0	2.684745763	0	1
GAACGGTTTCGTTATTTGGCCGTCGCTAGC	27	10.76635514	0			0	21.4779661	0	485
GAACGTCGTGGGGTTTATCTGGATTTCGGT	0	0	0			0	10.73898305	0	1
GAACTAACTCGAAGCTATTGAATGTCAATC	0	0	0			0	2.684745763	0	3
GAACTAAGTATTAATGCCGTCTGCTCATCT	0	0	0			19.4058193	1629.640678	0	13
GAACTCGAACTTGGTTTAATTTAAGATTGG	0	0	17.18343195			0	0	0	2
GAAGAGGAACCCTCTTGGTGTGCATGGGGA	0	0	0			0	8.054237288	0	1
GAAGAGGGATGAGACGGGTTGATAAGTACG	0	0	3.124260355			0	0	0	506
GAAGCTTAAGATGCTCGAGCTATTGTCTTT	0	0	0			0	179.8779661	0	1
GAAGGACAATGAAAAGGCTGCTACTTGCGT	0	0	0			0	5.369491525	0	1
GAAGGACATTCGATTGTACCCAGGAGCTAG	0	0	14.0591716			0	0	0	8
GAAGGCCTTTTGAATTCTCATACGTACAGA	0	0	142.1538462			11.64349158	37.58644068	0	1
GAAGGCGTATAGCCGGATGTTCCCCTACTA	10	0	0			434.6903522	375.8644068	0	2
GAAGGGGATCAAACGTTGTGGGTGGCCAAC	0	0	0			0	5.369491525	0	12
GAATAGGAACTGCAGGAGGGGAAGTATAAA	2	69.98130841	115.5976331			0	0	0	2092
GAATCAAGATACAGACTATGGTATGGTTGT	0	22.87850467	26.55621302			0	10.73898305	0	1582
GAATCCTTATAGCTGAAGTCGCCGATCTTG	0	0	0			0	69.80338983	0	9
GAATGGACATGGGAGGGGAGTGCTATTAGT	0	0	0			0	21.4779661	0	7
GAATGGGAAGAGCCCTCCTTGTTCAGCCAG	0	0	0			27.16814701	523.5254237	0	867
GAATGTACTGGTGATCTTGAGTATAGCTGG	0	0	9.372781065			0	21.4779661	0	24
GAATTAGGAGGGCGCGGCGCCCCCGGCTGT	0	0	0			642.3326187	429.559322	0	451
GAATTCTATAACTAGAAACTTGAGGGATGT	0	13.45794393	0			0	2.684745763	0	9
GACAAAATTACGGGTGATGGCCGAGTGTGG	0	0	10.93491124			0	0	0	13
GACAAGTCACGTCAGTCTTGGTCATGGAAT	0	18.8411215	0			0	0	0	25
GACATAAAACGTTAGTGCGTTGGAAATCCC	0	0	0			3.881163859	526.2101695	0	13734
GACATGATAGCCAAAACCTCAACACTCTCG	0	0	0			1.94058193	0	0	6
GACATTGAATGACATTTAATTTCAGATCCA	0	0	0			0	21.4779661	0	1098
GACCGACGATCCTTAATATTTTGGCTGTCG	0	0	53.11242604			46.57396631	0	0	5
GACCGCTTCTGACTCCTCTACCGAGTCCTC	0	0	0			0	2.684745763	0	1
GACGATCAATCGCCTCTAAGAAGGGGTCAA	0	0	29.68047337			7.762327718	0	0	288
GACGCAACATACCTAAGCGGGTAGACCCAA	0	0	0			0	2.684745763	0	1
GACGCCTACTTTTTGTCCAATACTGAGAAT	0	0	0			0	2.684745763	0	1
GACGGAGATCAGGAGGTTGCAAATGGATCA	0	0	0			225.1075038	2405.532203	0	11
GACGGAGCAATTGTCCGATTTCATACATGA	0	0	79.66863905			0	0	0	293
GACGTAAAACCAAGAGATAGTGAGGGGCTC	0	0	0			0	2.684745763	0	19
GACGTCTATTTTTTGTCCGATACTGAGAAT	0	0	0			100.9102603	1992.081356	0	1447
GACGTCTATTTTTTTGTCCGATACTGAGAA	0	0	0			0	5.369491525	0	2
GACGTGCCACAGGAAGGTTAGTTGGATAGG	0	0	0			0	8.054237288	0	32
GACGTGCGATTGCGAGGGCGTTGTGATGGG	0	0	0			9.702909648	351.7016949	0	553
GACGTTGCATGTAACTAGCGACGACTGTGC	0	0	9.372781065			0	18.79322034	0	9
GACTCAGCTCCTCGATTTTATACGAGATAA	0	0	0			36.87105666	609.4372881	0	61
GACTCCGCTCATGGGGATCTATGCGCTCGC	0	0	0			0	322.1694915	0	9245
GACTCGTCAAACGGGTAGTGGGAAGTGGGG	0	2.691588785	6.24852071			0	0	0	75
GACTCTCTTGTGAGATGTCGGGGCGTTGGC	0	0	0			13.58407351	112.759322	0	27
GACTTCTTACATAATTAAGTATTGAGGCTC	0	0	0			0	18.79322034	0	136
GACTTGCTTCGCAGATAAACTCAATTCCCA	0	325.682243	0			0	0	0	890
GAGAACCTAAATTCCGCATCGTGGATGCGG	0	0	0			0	8.054237288	0	15
GAGAAGAGATCAGAAGAGCCAGTTTGGCAT	0	0	0			0	8.054237288	0	1
GAGAATGGTGTTTAGTAGGTATAATGGATT	0	0	0			0	2.684745763	0	2860
GAGACAGTTGAGGGCGTGTGAGTTTGACGT	0	52.48598131	0			0	0	0	434
GAGAGAAGTCTGGCGGTTTGCAGGAAAGGG	0	0	0			0	268.4745763	0	600
GAGAGGGGTCAAGGCGCTCAAAATCCGACT	0	17.4953271	98.41420118			0	268.4745763	0	4857
GAGATCCATGTCCATGTCGTACAGTCGATC	0	0	0			0	5.369491525	0	7
GAGATCGTTATCGTCTGGAGATTGAGCTGA	0	8.074766355	0			0	0	0	3970
GAGATTAATGGGCCCTAAGACACGGGGTGC	0	0	0			0	2.684745763	0	4
GAGATTCTTTAGGCATAACCCCGCTGAGGT	0	115.7383178	32.80473373			0	10.73898305	0	112
GAGCAAGAACCGCTCGGCGGTGTCGTGACT	0	148.0373832	64.04733728			0	128.8677966	0	7089
GAGCAAGTATCACACAAGTGGGGGAGAAGG	0	0	7.810650888			0	1111.484746	0	37
GAGCAATGATGTAGCTTGGGACATTTTGCG	0	0	0			0	8.054237288	0	208
GAGCAGGTTATCTGTCACCGGGATGCCGGC	0	2.691588785	0			0	0	0	17
GAGCCGATTTTGGCTGAGCTCGGCATAACG	0	0	0			23.28698315	287.2677966	0	1
GAGCGGGTTTGTGAGCGGCTGATGTCAGTA	0	0	0			0	630.9152542	0	4183
GAGCGTTAACCGCCTGCCTAATCGATTTTA	0	0	440.5207101			0	0	0	11620
GAGCGTTACCCGCCTACCTCATCAATTTTA	0	0	1.562130178			0	0	0	1
GAGGAAATACTGTCTCGGTTACATAAACTT	0	0	0			114.4943338	37.58644068	0	2
GAGGAGAGTACGCCGTTGGGATCGGGAGAG	0	0	0			0	340.9627119	0	339
GAGGAGTGATAACCGCCCTAGCTCAGAGGA	0	0	0			0	102.020339	0	8
GAGGCCGGTATCCCAGAACCGGTTGCGGAC	0	0	0			0	10.73898305	0	6
GAGGCGTTTGGTTTGTGGAGGGACGTGGGT	0	0	0			0	324.8542373	0	863
GAGGCTGTTGGAGGTAAGGCAGCTAGTGGT	0	0	0			3.881163859	0	0	1
GAGGGAGAATTTCCCTATACTACGGGTAAT	0	18.8411215	0			0	2.684745763	0	33
GAGGGCGCTGATGCTATTCCGGAAAGGACC	0	0	0			0	2878.047458	0	2711
GAGGGGCGACTTGGGGTCACAACTATAATG	0	0	51.55029586			29.10872894	0	0	138
GAGGGTTAATAACATGTATGTTTGCTGCGG	0	0	0			52.3957121	1030.942373	0	568
GAGGTAGATGAGGTTGCCTGGGCAGAATAG	0	0	0			0	53.69491525	0	1394
GAGGTCCCACCCTGGTATTGGTAGTACATT	0	0	62.4852071			0	0	0	1153
GAGGTTATTATAAAGGTCTGTCGTTCGGGG	0	0	0			0	72.48813559	0	49
GAGGTTCCTAGTGCGTGATCAGGGGCTTGC	0	0	0			0	5.369491525	0	4
GAGGTTCCTAGTTGCGTGATCAGGGGCTTG	0	0	10.93491124			122.2566616	775.8915254	0	413
GAGGTTGGTTAAGCGTGTCTTCATCTGTTT	0	0	0			56.27687596	64.43389831	0	120
GAGGTTGGTTCTGGGATTTAACTCTCTGAT	0	16.14953271	0			0	2746.494915	0	17302
GAGGTTGTATTTAGTATACTTCGGGCAGCG	0	0	0			0	13.42372881	0	5
GAGTAATTCGCTGACACGCTCAAGGTCCCA	0	0	0			1.94058193	0	0	1
GAGTAATTTGCTGACACGCTAAAGGTAACA	0	0	45.30177515			541.4223583	813.4779661	0	4960
GAGTAGGTACAATGATGTAGTGCGTGTCAT	0	0	0			7.762327718	8.054237288	0	1
GAGTAGTGATCCTATTATGTGGCGAGAAAT	0	0	0			0	26.84745763	0	18
GAGTCATGATCACACTAGGCGCCCAGTATG	0	0	0			0	99.33559322	0	1250
GAGTGATGTGGGGTCCCGTTATATTGTTTG	0	0	7.810650888			11.64349158	217.4644068	0	126
GAGTGCCGACAGTCAGTGTTGGCTGGCAGA	0	0	18.74556213			0	0	0	11
GAGTGGCGTGGGCTTCCGGGGAAAAGGTGT	0	1.345794393	0			0	0	0	48
GAGTTCGTTGTGGGGGTGCTGGAGTGCGGT	0	0	0			0	7125.315254	0	302
GAGTTTGCAAATAGTTTTTCGGAAATATAT	0	0	756.0710059			0	0	0	12379
GAGTTTGCAAATAGTTTTTTCGGAAATATA	0	0	4.686390533			0	0	0	59
GATAAAAAATCGGTGTTGGACGATAGGGTT	0	0	0			1.94058193	2.684745763	0	9
GATAAAAATCGGTGTTGGACGATAGGGTTT	0	0	0			1412.743645	5377.545763	0	10840
GATAAACATCGTTAAGAGGAGAGAGTCAAG	0	0	0			0	21.4779661	0	8041
GATAAAGGTGACTTTGTAAGACTTCGGAAT	0	49.79439252	0			0	21.4779661	0	56
GATAACCCTAGTTCTTAGCGTCATCTACTT	0	0	357.7278107			0	0	0	14071
GATAACGATTTTATCTCGATGCTATCAAAT	0	0	0			0	29.53220339	0	305
GATAATGGTAAATGGACCTAATGAAACTAA	0	0	6.24852071			0	204.040678	0	2221
GATAATTAACAGACGAAAAAAAGGAACAGT	0	0	35.92899408			0	0	0	16
GATACTGGATGCTCCGTCTGGCCTGTCATA	0	0	0			0	5.369491525	0	3945
GATAGATGACGGTACATTAACGGGGTTATT	15	0	0			0	0	0	637
GATATGGATCAGCAGTGGTGAAGTGGAACT	0	0	0			0	21.4779661	0	6
GATATTGTTGAGAACTGTGTGGGTGTCTCG	0	0	0			0	48.32542373	0	7
GATCAGCGACACGTGGATAGCCTTGAGGCC	0	220.7102804	31.24260355			0	21.4779661	0	48
GATCGGAATGCAATAGAGTAAGGCGACAGA	0	0	0			0	641.6542373	0	515
GATCGGACTGGGACGAGGCGGGATTGTTAG	0	0	0			0	8.054237288	0	5
GATCGTCAATTGGGGCATTTATCGAGGGTA	0	0	0			0	284.5830508	0	35
GATCGTTAATGTACGTTTTGGGCGATTAGT	0	0	7.810650888			29.10872894	263.1050847	0	319
GATCTACGTGTAGCTGTCTTGGCATAGTCA	0	278.5794393	0			0	0	0	668
GATCTATAAGTTAGGACGTGCTATGGTATT	0	0	0			0	193.3016949	0	2
GATCTATTAAGTGGGGATTCCCTATTACAT	0	0	0			0	861.8033898	0	71
GATCTGCTTCGGCAGGTTTTAGTGGTTTAA	0	0	248.3786982			0	593.3288136	0	10678
GATGAATTAAGCATTCGGGTCTGATTCAGG	0	0	0			0	42.9559322	0	9
GATGACAGAACTCGGACTCTACTCTTGATT	0	0	79.66863905			0	0	0	2283
GATGATCCATGTTGTGCGTACGGATTTGGT	0	0	14.0591716			0	29.53220339	0	485
GATGATGATGGAATTCTATCGGGGATGAAT	0	0	0			147.4842266	604.0677966	0	539
GATGCACGATGATCGGCTGACTTAGAAGAT	0	0	0			23.28698315	32.21694915	0	1
GATGCTTTATACAGGTGGCTGCGCAGGTAC	0	0	10.93491124			0	641.6542373	0	5899
GATGGAGTTTGACACCGGTGTCGGAGAGTG	0	0	274.9349112			0	16.10847458	0	1216
GATGGGTAAGATGCTTGAGAACTACGTGCG	0	0	0			0	5.369491525	0	5
GATGGTCCACGAACCGCAACGTCATAGAGC	0	0	0			44.63338438	767.8372881	0	20
GATGGTGTACTGGGAATGATTCTGCGCGTA	0	0	3.124260355			0	0	0	27
GATGGTTTATGGTTGGCCTCAAGAATAGCA	0	0	0			0	21.4779661	0	1
GATGTATGTCGAGTGGTTTCGAGAGGTGCG	0	0	0			0	88.59661017	0	556
GATGTGATTGCATGCGGGGCACCGTCGACG	0	0	29.68047337			0	96.65084746	0	30
GATGTTGATGGTACCTACTCAGAACCCAAA	0	0	0			0	56.37966102	0	6
GATTACGGTGATTTCTTTATAGATAGGGGC	0	0	0			0	61.74915254	0	3542
GATTAGTATAATCACTGATGAGTTCAAGGA	0	0	0			376.4728943	257.7355932	0	19
GATTATTGTGTACGAATAATTTGAGGAGCT	0	0	0			27.16814701	630.9152542	0	7
GATTCAGTAGGGAGCTCGTCGCCCCCTGCG	0	0	31.24260355			0	0	0	2
GATTCCCGTGGGAGGACAGGGGGTGGTGCT	0	0	0			0	5.369491525	0	13
GATTCTCCACTAGATGCCAGTGATGCACTC	0	0	0			21.34640123	246.9966102	0	25
GATTCTTCATCGCATTCGTCAGGGTCACGT	0	0	0			0	2816.298305	0	9122
GATTGACAAGTTAAGGTCTGCCCAACAAGG	0	0	0			27.16814701	279.2135593	0	205
GATTGATTACCTTGTGAGGTGTGGTTCGGC	0	0	0			27.16814701	4453.99322	0	9885
GATTGGGGATTTATGACAGAGCTGGGCGAA	78	0	0			0	2155.850847	0	887
GATTGGTCTGGTTACTCTTGTGACCGCGAG	0	0	0			21.34640123	34.90169492	0	1
GATTTACTATGTTGTCGGGGGGCAGGACGG	0	47.10280374	0			0	0	0	33
GATTTATTAGGTACGCCATGCTACTAGATT	0	0	37.49112426			677.2630934	3688.840678	0	11079
GATTTATTATGTTCGCATACGATGCGTTAG	0	0	0			15.52465544	0	0	387
GATTTTGAATTTTAATAGGCCCAAGGATAG	0	4.037383178	0			0	0	0	38
GCAAAAATAAAGACTTATGGGGTTTGGGAT	0	4.037383178	0			0	0	0	1
GCAAAATGTCGTTGAGATGGGGCACGCTCC	0	0	6.24852071			19.4058193	69.80338983	0	83
GCAAATCGCTTTTCCGTGAACCTTTCATTC	0	0	0			0	2.684745763	0	1
GCAACCCAAGAGGAATGCACCTGTATATAG	0	4.037383178	1.562130178			9.702909648	308.7457627	0	1
GCAAGGATTGTTACTCGTTGGGGTCCAGTC	0	0	0			0	32.21694915	0	3
GCAAGTAGAAAATTCGTCGCTCTAGTAATA	0	0	0			0	69.80338983	0	2029
GCAAGTTGAGGAAAGAGAGACACGTAGATA	58	263.7757009	0			0	206.7254237	0	4957
GCAATATCAAGGTCGGGATACAAGGCTCTC	0	0	0			0	322.1694915	0	93
GCAATGATACCCCTCTTAAGATCGGTGGCA	0	0	173.3964497			0	0	0	59
GCACCCTCCAAACCGCCCACGACGCTACAC	0	0	0			0	2.684745763	0	1
GCACGCGGTCAGCCAGATGTCCAAACGTGC	0	0	12.49704142			0	0	0	3
GCACGTCCCTAACCCCCATGTCTCCTACGT	0	0	0			0	2.684745763	0	1
GCACTCAGAGTGCTCGGCGCCCCCTCGCTT	0	0	0			0	2.684745763	0	1
GCACTCCCTGATTGTTTCCCGTTTTGTTTT	0	0	0			0	8.054237288	0	34
GCACTGTTAAGAGCCCCGGGTGTACGTTCT	0	0	0			0	257.7355932	0	12
GCAGCGGTATTCATTTCGAGCCGGGACTTC	0	0	0			0	2.684745763	0	1
GCAGGATCTACAGGCTCAGGGGCGCGCCCC	0	0	4.686390533			0	42.9559322	0	13
GCAGGTTATTCAAAGACATTACTTACAGGA	0	0	3.124260355			0	2.684745763	0	129
GCAGTAGTTGGGTACAACAGTTTTATAACG	0	0	7.810650888			0	0	0	59
GCATATGCTCTAAGGTTGGTTGGGACGGGG	0	0	39.05325444			279.4437979	99.33559322	0	31
GCATCGATTATGGTACGCTTACAAGGTATG	0	117.0841121	28.1183432			0	0	0	1317
GCATGACAAGGCTCGTGCCTTCGTATACCG	0	0	529.5621302			34.93047473	0	0	69
GCATGAGATCGAACTTCCGAGGGACGGCAG	0	0	0			0	222.8338983	0	79
GCATGCCGTATATTTTACATATAATCTTTG	0	0	0			0	2.684745763	0	2
GCATGGGGTTGAATGCGCCATCTGGCTTGA	0	0	37.49112426			0	0	0	7582
GCATTAAGTAACTACACGCTTATAGCGAAT	0	0	0			5.821745789	42.9559322	0	13
GCATTTAATATTCATCGGCCATACTGGATT	0	0	1.562130178			0	0	0	1
GCATTTCGCTCTGTTCTTCACCTCCCTACC	0	0	0			0	5.369491525	0	1
GCCAACAATCCCGGTCAGGGTATTGGTACA	0	0	0			0	51.01016949	0	2
GCCACAATTAGTACGGTGCGGAGCCCATTG	0	0	0			0	13.42372881	0	39
GCCACCTGCTCCTAAATCTCCACCTCTACC	0	0	0			0	2.684745763	0	1
GCCACGGAAGATGAACGACCGAGGAGGCGA	0	6.728971963	9.372781065			0	0	0	149
GCCACGGGAGTAAGAGAGTATGTTAATAAG	47	0	0			461.8584992	7957.586441	0	15204
GCCAGGATTTTTCCCTCGATCTCACCAACC	0	0	0			0	2.684745763	0	1
GCCAGGTGTCTTAATAACAGGAGGATACTT	0	14.80373832	190.5798817			5903.25023	1984.027119	0	3981
GCCATAGATAACGGGCAGTAGAAATGACCG	0	0	0			0	1288.677966	0	3
GCCATCGCAGTCAAGTCTATGTGATGTTTA	8	2203.065421	0			0	107.3898305	0	428
GCCATTGTTGCCGCACGGTGAGAGGAAGCC	26	0	0			0	0	0	164
GCCCAAATAGCCCGAGGGTTAATTACGATT	0	0	0			0	5.369491525	0	4
GCCCCACGATTCCGTTGGTTGGGGGAGGAC	0	0	60.92307692			0	276.5288136	0	10529
GCCCCAGCTGGCAGGGAGCGTTGTCCTCCG	0	0	0			0	5.369491525	0	2
GCCCCTGCCTTACGAGAGCCTGTTCACACT	0	0	0			0	2.684745763	0	1
GCCCGAAGTCACCACCCCGTCATTGCGTTG	0	403.7383178	17.18343195			0	51.01016949	0	165
GCCCTACTCGTTCCACCATGCTACTCAATC	0	0	0			0	2.684745763	0	1
GCCGAATCTTCGTCTCACATAGAAAGTGTT	0	0	245.2544379			380.3540582	394.6576271	0	35
GCCGATGTTATGGGGGCGGTAGCGCGTGAT	1	0	198.3905325			0	263.1050847	0	2675
GCCGATGTTATGGGGGGCGGTAGCGCGTGA	0	0	1.562130178			0	0	0	2
GCCGATTGTGGAAACGTATCCTGAATCGAA	0	0	0			0	13.42372881	0	2
GCCGGACGAGCTAGGTGCGCCATAGGCGGG	0	0	57.79881657			0	0	0	5
GCCGGCCCTCGTGAAGTAGGAAGCCGAGAT	0	0	0			0	614.8067797	0	50
GCCGGTCCTGCCATAAACAACCCGTGATCT	0	0	0			145.5436447	85.91186441	0	72
GCCGGTCCTGGTATGTGTACTTTCGGTACT	0	0	0			9.702909648	0	0	12
GCCGTACCTCCGACAGCTTATTGTCACGTA	0	0	0			0	13.42372881	0	1
GCCGTTGCTTATTGTATGTCGACGTCCAAT	0	0	0			0	746.359322	0	23
GCCTAGGAATCTGGTCCTGAGGGATTTTTT	0	0	235.8816568			0	0	0	28
GCCTATCCTGGCTTTGATATCAGGGTTGGG	0	39.02803738	14.0591716			0	0	0	79
GCCTCGCAAGAGTCTTCATTAGACAGGGTT	0	0	0			246.4539051	998.7254237	0	289
GCCTCTGCCACTAGTTCTTCAGCACTCTAT	0	0	1.562130178			0	0	0	1
GCCTGAATTCGTGATGAAACTCACATGTAC	0	0	0			0	8.054237288	0	4
GCCTGACCTCTAGTGCTGATGTTTATCAAG	0	0	1.562130178			48.51454824	0	0	29
GCCTTATTTGGGGAATCCGAGCAGGCCTCG	0	0	59.36094675			195.9987749	99.33559322	0	5
GCCTTGGTAGTAGGGTCCGGTAATTGGTGC	0	0	0			0	34.90169492	0	7
GCGAAACCATTTTGTATTTAATCCCAATCC	0	0	1.562130178			0	8.054237288	0	139
GCGAAGTCTGACTTATCCCTTGGACGCCTG	0	0	0			1.94058193	8.054237288	0	1
GCGACAGGTGTGACCATTTCACTATCACTG	0	0	0			267.8003063	158.4	0	2586
GCGAGCTATACGATTTTAGCCCGCGTTACG	0	0	0			3.881163859	136.9220339	0	272
GCGAGGACTCTAATAACTATCTTCCGGAAC	3	14.80373832	0			0	0	0	25
GCGATAAAAGATCTAGAAGTGTGGGGATGC	0	0	164.0236686			0	0	0	394
GCGATAATTCCGTATTTGTGATTTACTGGC	0	0	0			0	59.06440678	0	1
GCGCAAGAACCGCCCGGCGGTGTCGTGCCC	0	1.345794393	0			0	0	0	1
GCGCATAAAATGGGATGAAGAATAAGGGGG	0	0	0			15.52465544	0	0	5
GCGCCCCGACGCTAGCTCGAATCTTTCCGT	0	0	0			0	2.684745763	0	1
GCGCCGGCTCCTGATCTAGGCTGCGACTAT	0	0	0			0	67.11864407	0	1222
GCGCGAGTACTGTAGCAGGGATGTCAAGGT	0	0	0			5.821745789	26.84745763	0	1
GCGCGGCCTGTTCACCTGGGCCGGAATGTG	0	0	0			0	2.684745763	0	11
GCGCTCAGAAGATAGGTCGAGTCTGTTAGG	0	0	0			38.81163859	3702.264407	0	7708
GCGCTGATTCCCACTTACAGAATCGTAGTA	0	0	0			0	18.79322034	0	466
GCGCTTAGATGTCGATCGGTCAGGCGCGTG	77	0	0			0	0	0	179
GCGGACAGAGGGTGAGTTTTTCTTAAACAG	0	0	0			1507.832159	6507.823729	0	416
GCGGATTCAGCAGTGTGTGGGTATTAAAGA	0	0	0			0	26.84745763	0	116
GCGGCTGCTTAGACCAAGCCGACCTAGCCG	0	0	139.0295858			0	3962.684746	0	169
GCGGCTTCTTAAGGCTTTTCAAGCAGGACT	0	0	14.0591716			0	0	0	6
GCGGGAGCTGCTGCCAACAGAGTAGGGGGA	0	0	229.6331361			0	0	0	9851
GCGGGCCTTTCGGGAGGGATCGAACGACGT	0	0	0			17.46523737	131.5525424	0	893
GCGGGGCAACCGGCCATGCTGATCGATGTT	0	0	0			11.64349158	8.054237288	0	61
GCGGGTTGATGTGAGGTGGCCGGACGCATG	0	16.14953271	0			0	45.64067797	0	233
GCGGGTTTACAACTCGCGCTTGTTTGATGC	0	0	0			19.4058193	40.27118644	0	1
GCGGGTTTACTGATCAATAAAGCCTTGTGC	0	0	0			46.57396631	534.2644068	0	1
GCGGTCTATGGCGACAAATGCCTTGTCAGT	0	0	123.408284			572.4716692	357.0711864	0	4139
GCGTGATCAACGTTCGAGTTGTAGCTAGAC	0	0	0			19.4058193	0	0	21
GCGTGGCCAGGCTATACTCCCGGGGAGCGT	0	0	0			44.63338438	306.0610169	0	3
GCGTGGTATGAATTGTCTGTTGAGCTTATT	0	0	0			0	5.369491525	0	1166
GCGTTCAGTCAATACCCACTATGAGGATAC	0	0	4.686390533			0	10.73898305	0	83
GCGTTCCGTGACTCTGCGGATTCCACGGAC	0	0	0			258.0973966	158.4	0	1
GCGTTTGCATTAGTGAAGGCTAGCTTGTAT	0	34.99065421	3.124260355			0	0	0	72
GCGTTTTGATGGCTGACGTTTGAGAGGTCG	0	0	0			0	1355.79661	0	199
GCTAAAGTAAGATTGGTCTGCATTGGTAAT	53	0	0			0	0	0	113
GCTAACAATCTGCATTCTACGATATAATTT	0	0	0			1.94058193	0	0	1
GCTAATGATGTAACACGTGAGTGGGGTGTG	0	0	1.562130178			0	0	0	35
GCTAGATGCCGGTCCATTACCGGGGTTATT	1	0	0			0	0	0	1
GCTAGCAATCGCGGGTAACTGGTGTAACGA	0	0	0			364.8294028	767.8372881	0	2287
GCTAGGACTCTCACCTCAATCGCACACAAC	0	0	0			0	2.684745763	0	1
GCTAGGATTTTTACCTCGATCGCACAAAAA	0	0	0			0	4709.044068	0	16400
GCTATCGAAAGCTTCTCACTAGAATAACTT	0	0	18.74556213			0	0	0	23
GCTATTCCCTTGGCTTCTCTATAAAGGACT	0	1.345794393	1.562130178			0	0	0	1
GCTCAAAGTCGTGTCGAAGGTCTTAGATTA	0	0	0			62.09862175	370.4949153	0	42
GCTCAACATAGTTATTTTCTGCGAGGGGGG	0	0	0			0	16.10847458	0	1
GCTCACTGACTACCCCGGGTGTTAGTTGGG	0	0	17.18343195			0	8.054237288	0	65
GCTCAGCGTTAGACAGGTAACTATTTGTCG	0	0	0			0	268.4745763	0	131
GCTCATTATGGGCAACAAAATGACGCCGTG	0	0	0			0	40.27118644	0	214
GCTCCTAGTTCTGCAGAGAGATTAACTCGC	0	0	0			0	311.4305085	0	27
GCTCGAATAGTGCTACCCGGGAGCAAGACG	0	0	0			31.04931087	190.6169492	0	192
GCTCGAATCTTTACCCCGATCGCACAAAAA	0	0	0			0	2.684745763	0	1
GCTCGACCAGGGGTGGCCCAATGGGCAGTG	0	0	0			0	10.73898305	0	11
GCTCGGAGTTAATGGAGAACCGAGCAACGA	0	286.6542056	0			0	0	0	63
GCTCGGGAAATATGAGGAGAGGCGTAACAC	0	0	0			21.34640123	260.420339	0	3
GCTGAATGTAGTGTCTCCGGATGGAGTTAA	0	0	0			155.2465544	59.06440678	0	152
GCTGAGCGTTGTCGCTGGATCCGTCGAGCT	0	0	0			0	2.684745763	0	20
GCTGATACAGTGCCCGCGGCTGCCGAGGTC	0	0	76.5443787			0	0	0	45
GCTGCTTATCGGACTACTTGCGCTCCAGCG	0	0	0			0	42.9559322	0	7958
GCTGGAAGTACTTGCAAGGGAACGGACAAG	0	238.2056075	0			0	0	0	6099
GCTGGACCTGTCTAGTATGGTCTAAGTGTA	0	0	0			0	5.369491525	0	262
GCTGGCGGTCCTGTTAGTTGGAAGAGATTG	0	9.420560748	0			0	0	0	45
GCTGGGCCTAGTAAGGGGCAATTCTGTTGA	0	0	0			1.94058193	0	0	47
GCTGGGTTTATTCGGAGGTGAAACATGTCG	0	0	0			0	5.369491525	0	10
GCTGGTCTTGTATCCCTCGCACGGGGTCAA	0	0	0			0	40.27118644	0	249
GCTGGTGGTAGGACATAAATGTGGGCGCGT	0	0	0			0	8.054237288	0	1
GCTGTACCCAAGTGTTACTCCCGGACATTC	0	0	1.562130178			0	0	0	1
GCTGTGTCAAAGGGTTAATCCCGGACATTC	0	0	21.86982249			0	563.7966102	0	79
GCTGTTCTTCTACCCCATCTTATACTCCCC	0	1.345794393	0			0	0	0	1
GCTGTTTTTCGTAGATAAGTCTAGCGTCGT	0	0	0			0	40.27118644	0	342
GCTTAGGGTGACTTTATTAGCGCAGTGTCT	0	0	0			9.702909648	1425.6	0	6
GCTTCTGTAGAGGTTACACTCTACGGACCT	0	0	4.686390533			0	0	0	3
GCTTGAAAAAGGTGACTTTACGGACAAGGA	0	0	545.183432			0	3871.40339	0	759
GCTTGATCAGGGGATGTTAGACGGTGTGCA	0	0	4.686390533			0	18.79322034	0	5
GCTTGATTATTTGTGGCCTCAGATTTCGAG	0	0	0			5.821745789	161.0847458	0	43
GCTTGGATAGGTTTATCGCCCATGGGGGGC	0	0	0			0	1269.884746	0	16
GCTTTAACAAGTTTTGCTGAATCTTTTTAT	0	0	0			85.3856049	714.1423729	0	1426
GCTTTCAATCTATATGTGCTTAGTGGGGTA	0	22.87850467	0			0	496.6779661	0	339
GCTTTGAGTTCAGGTTCAATTGTTACTGGT	0	0	0			0	8.054237288	0	16
GCTTTTGCTTTGTGGGGGCTTGGTCGCATT	0	0	0			128.0784074	2781.39661	0	1912
GCTTTTGCTTTGTGGGGGGCTTGGTCGCAT	0	0	0			0	8.054237288	0	2
GCTTTTGCTTTGTGTGGGGGCTTGGTCGCA	0	0	0			0	2.684745763	0	1
GCTTTTGCTTTTGTGGGGGCTTGGTCGCAT	0	0	0			0	8.054237288	0	1
GCTTTTTGAAGATCTTCTCGTTTGTTTGCC	0	0	0			0	426.8745763	0	1
GCTTTTTGCTTTGTGGGGGCTTGGTCGCAT	0	0	0			0	5.369491525	0	4
GGAAAATGACTAGTTGTCGCCATATACATG	0	0	29.68047337			0	0	0	384
GGAAATAGTTTTTACTTTCTGAACGGATGT	0	0	189.0177515			0	0	0	9461
GGAACGCGTGAAGTAATTAGTCAACCGGTC	0	0	0			0	5329.220339	0	207
GGAACGTCAGTCGAGTTAGTAGAGGCTAAG	0	0	0			0	5.369491525	0	1
GGAACTGGTTCCTTGGTCTGGTGTATGCTT	0	14.80373832	0			56.27687596	950.4	0	51
GGAAGAGGTAGGCTTAGGTCTGAAGCTGAA	0	0	0			0	24.16271186	0	1
GGAAGCGTTGAGGCCTGTGGAGGGTGAAGT	0	87.47663551	309.3017751			0	445.6677966	0	1361
GGAAGTGATCTTTAGTTCAACCAGGATTTT	0	0	3.124260355			0	45.64067797	0	221
GGAATCTGATTTAATTTTATGCCTCAATCG	0	21.53271028	70.29585799			0	0	0	1747
GGACCTCGAGATGCAGTCTAGGTGGAAACA	0	18.8411215	0			0	48.32542373	0	200
GGACGGAGTCAAGTTGTGGTGACAGTCAAT	0	0	0			5154.185605	8553.6	0	16909
GGACGTTAAAGTTCCGAGGAAGGAAGATTA	0	0	0			27.16814701	241.6271186	0	2
GGACTTTATGCGCGCCACGCCTATAGCAGC	0	0	0			0	42.9559322	0	2117
GGAGAGAATGAGAACAGTGGACGGGGAAGT	0	0	0			0	45.64067797	0	1851
GGAGAGCAAGCGCCACGGTCCTCTTGGAAA	0	0	0			17.46523737	0	0	7
GGAGCGGGTTTAAAAGAGCTCAGGGTTGCG	0	0	0			9.702909648	10.73898305	0	133
GGAGGTTTTTTTATTGAAAAAGTTACTGAT	0	6.728971963	0			0	21.4779661	0	557
GGAGTAGTACCTTGACCGCATGACGGTAGG	0	1.345794393	0			0	2.684745763	0	14
GGAGTATTTAAGTAGTGTATTATGAATATA	0	2.691588785	0			0	18.79322034	0	93
GGAGTATTTAGAGTGCCTATGAAGTTACGT	0	0	0			632.629709	1149.071186	0	9504
GGAGTCGTTACAGACGAATCGCATTTAACG	5	0	0			0	13.42372881	0	6593
GGAGTGGCAACCGACTAATCTAAGGCGTTG	0	6.728971963	0			0	636.2847458	0	492
GGATACTCTGGTGAGAACCAAACACGCATG	0	0	0			242.5727412	4472.786441	0	644
GGATCGAGTGGCTAGTTGCACTAGACAGGT	0	0	0			0	1860.528814	0	2322
GGATGATGATGACCTATAGCTGGCCGCGAA	0	0	0			3.881163859	10.73898305	0	54
GGATGCCTAGCACGCAGGTGGGAGAGCGGG	0	0	0			0	2.684745763	0	16
GGATGTTTTGAGCTTTTTGTTTTGCTTAGT	22	0	0			83.44502297	424.1898305	0	3
GGATTCAGTAAACGCGATCTCAAAAATTGT	0	0	10.93491124			0	0	0	27
GGATTGAATGAGGCGGGGTCGGCAGATGCG	0	0	0			0	40.27118644	0	1170
GGATTGATTACAGATACTCGGGACCGTCGA	0	0	0			29.10872894	477.8847458	0	1
GGCAAACTTGGAGATAGCCGGGGGTTCTTT	0	0	0			0	13.42372881	0	3
GGCAACGATTTTTAGGGACGGCAAGGATCG	0	0	0			0	93.96610169	0	7
GGCAACGTAGGAGTTGCTCCGATTCATTCG	0	0	0			58.21745789	816.1627119	0	3
GGCAAGGGTTGGGGGCCGGGGCGTGGGGGT	0	0	29.68047337			0	0	0	19
GGCAGCTTTACCGTTTAAGAAACGTCTATA	0	285.3084112	0			0	5.369491525	0	158
GGCAGGATTGACGTCCTACCAGAAAAAGGG	0	0	0			0	2.684745763	0	2460
GGCATACGACTGCCCGTTTAATCCGTTCGG	0	0	0			0	335.5932203	0	2
GGCATTATACGTATAACTTGTATTGCAGGT	0	0	0			0	5.369491525	0	1
GGCCACGGTGTGTAAAGGGGGATGTAGATT	0	868.0373832	0			164.949464	6303.783051	0	2078
GGCCACGGTGTGTAAAGGGGGGATGTAGAT	0	18.8411215	0			1.94058193	53.69491525	0	6
GGCCACGTCCCTTCCCGTAACGTTTGACGC	0	0	1.562130178			0	0	0	1
GGCCAGCGTCCAAGATCAAGCGCCGGACGT	0	80.74766355	0			0	0	0	556
GGCCAGGTACCTTAGCGGAATGTTGGACGC	0	30.95327103	685.7751479			0	0	0	12838
GGCCAGGTACCTTAGCGGCACATTGGCCAC	0	0	1.562130178			0	0	0	1
GGCCCGGTTCATGGAGACAGCCGATGACAC	0	0	20.30769231			27.16814701	263.1050847	0	15
GGCCGAAAATTGACGTGGAGTGGGGACGGG	0	0	245.2544379			7.762327718	0	0	6
GGCCGAGCTGGATTTGCGGATTTGCGAGAG	0	0	20.30769231			0	0	0	37
GGCCGAGTAGTAGGGTTTCGTTTGGATGGC	0	0	0			357.067075	445.6677966	0	301
GGCCGAGTAGTAGGGTTTTCGTTTGGATGG	0	0	0			5.821745789	0	0	6
GGCCGGTGTGGGCTCATATAACGAGTACTG	0	0	0			267.8003063	1742.4	0	10330
GGCCTATGTCGTCTCTTAGTCGACGATACC	199	115.7383178	907.5976331			0	88.59661017	0	15720
GGCCTCGTTGCGAGATCTCCCTGGCGCACA	0	0	7.810650888			0	131.5525424	0	370
GGCCTCTAAGATAAGTTGGATCGAGAGGGG	0	0	0			0	5.369491525	0	1
GGCGACTCTGGTGAGATGAGTGAGCACTCG	98	534.2803738	46.86390533			0	37.58644068	0	513
GGCGATGTAATGTACGCCTTGATTGGCCTG	0	0	23.43195266			0	2762.60339	0	198
GGCGCGAGTGGGGCACCCACCAGGGGGAAT	0	0	0			9992.056355	7850.19661	0	91
GGCGCGGGTTGGGTCACAGTGGTTGGTAAG	0	0	48.4260355			0	40.27118644	0	43
GGCGGATCTGTAAGTCGGGGAATGGTCCTA	0	0	0			0	32.21694915	0	65
GGCGGGTATGGGTCTGAAAAGTAAAGAGCG	7	0	0			0	0	0	683
GGCGGTATTTACCCGCGTAGTAAGCTTCGG	0	0	0			0	99.33559322	0	84
GGCGTAAGTGAATACTGCAGTACCGGTGAG	0	0	0			0	21.4779661	0	1
GGCGTACCTCACTTTCTGCCAAACTGCAAC	0	0	0			34.93047473	354.3864407	0	1
GGCTAGTCCGCGTTCACCTTCACAACCACC	0	0	0			0	2.684745763	0	1
GGCTATTGATAGACCGACGACTTAATGGAA	0	0	26.55621302			0	53.69491525	0	2888
GGCTCAGATTGGCACACCTCGAGATAGAGG	0	1.345794393	0			0	69.80338983	0	5301
GGCTGACTTGTCCGCAAGTATTAAGCTCCG	0	138.6168224	0			0	24.16271186	0	389
GGCTGAGCTGTCTGAGTCCATCAGTGCTTA	0	0	0			0	2.684745763	0	64
GGCTGGGGAGGTTTAGAGCTATAAAATTTG	0	0	0			0	2794.820339	0	157
GGCTTAGCATCCGTATCGGTCAGACAATGG	0	0	0			95.08851455	1398.752542	0	3
GGCTTATGAAGAGGTTCACAGGTATTGATA	0	0	0			0	18.79322034	0	971
GGCTTCCTTCCGGGGGCCGGGCGCTATCCG	0	4.037383178	131.2189349			0	0	0	632
GGCTTTATTCGAACAGTTATACTCTGAAGC	0	0	0			0	308.7457627	0	8687
GGCTTTCTTCAACCAGTTATCCTCTGAAGC	0	0	0			0	2.684745763	0	1
GGGACGTGAGAGGCCAACTCCCTCGAGCAG	0	0	0			0	99.33559322	0	1498
GGGACTCAATTACAGGATAGATTTTTGCGT	0	0	0			0	134.2372881	0	458
GGGACTGGTACGGAAGGTCTCCACTTCGTA	0	0	10.93491124			54.33629403	217.4644068	0	199
GGGACTTTTGCTTGAGACCTGCCGTAGCAA	0	0	0			228.9886677	206.7254237	0	3
GGGAGGTTAGTCCTCTCAACGATGAATATG	0	0	0			465.7396631	1903.484746	0	13
GGGATAATTCTTGTAGCCTTCAGGCCAATA	0	0	0			0	118.1288136	0	1360
GGGATAGTTAAAAAAATAGTACTGCGCCCT	0	0	0			374.5323124	550.3728814	0	16
GGGATAGTTCAAAAAAATAGTACTGCGCCC	0	0	0			459.9179173	453.7220339	0	14
GGGCAAGCAGGGTTGGAAAGTTGTCTCATG	0	0	101.5384615			0	0	0	369
GGGCAATATTATTGTCCAGATACAGGCGCG	0	0	3.124260355			0	0	0	24
GGGCACAGTCATAACAACGTTAGAGCATGT	0	0	0			0	365.1254237	0	132
GGGCATGTTAAACTAGTTCTTTTCATTGGG	0	0	123.408284			0	0	0	50
GGGCGGAGATTAATATTTGGCGATGCTACT	0	22.87850467	848.2366864			0	0	0	1192
GGGCTCCATTGTGTAGGCCTTTTGCAAGGT	0	0	0			0	429.559322	0	17
GGGCTGAGAGTAATCACCCAAACTATCCGG	0	0	0			0	16.10847458	0	2
GGGCTGTTACGAGAGCCGGGCATTTTAGTG	0	0	10.93491124			0	0	0	2
GGGGAGTATGCGTTAATTTTTGCAATAAGT	0	0	0			1321.536294	2112.894915	0	1448
GGGGAGTATGCGTTAATTTTTTGCAATAAG	0	0	0			1.94058193	2.684745763	0	4
GGGGCAGAACCGTGTCGGCGTGTACGGTCT	0	0	0			0	1033.627119	0	361
GGGGCAGGACGGTAGAGCCATCACAGAATT	0	0	0			0	134.2372881	0	7459
GGGGCATTATAGACGGTAAGGCTTAAAAGT	0	0	0			0	16.10847458	0	17
GGGGCCGATCTGCATTTTCGGTTGCGCATG	0	0	14.0591716			0	0	0	18
GGGGCTACTTTCGGAATCACCGGCTACCAG	0	6.728971963	0			48.51454824	6212.501695	0	93
GGGGCTGCACCGGTCTTAACACTCCCATAC	0	0	0			0	96.65084746	0	650
GGGGGAAATTTCCTGCGCTCAAAAAAAGGT	0	0	49.98816568			0	0	0	556
GGGGGCTGAAGCGAGGGTGTTAGTGTTATG	0	0	0			207.6422665	1967.918644	0	223
GGGGTAAGTGGGCTTCTCCGCTTACCCTGG	0	0	0			0	279.2135593	0	6
GGGGTATGATGTGTTGTGATTTCAAACGAT	0	0	0			0	40.27118644	0	1
GGGGTTGAATTTTGGAGGAAGGGCTTGGTG	0	4.037383178	14.0591716			0	0	0	13
GGGTAATCACGGCTGTCGCATTCAAACGGA	0	0	0			0	730.2508475	0	353
GGGTAGTTTTTGTTTCTCTGTACAGTCTTT	0	5.38317757	0			0	8.054237288	0	14
GGGTATCCTGGCTCGTAGCCGTGGGCAGAG	0	0	126.5325444			326.0177642	3074.033898	0	4726
GGGTCAAGTGGGGGGTCACAAGAAGAAGAG	0	10.76635514	0			0	0	0	301
GGGTCAATATATGCTACCTTTGAGTTCGTA	0	0	0			7.762327718	32.21694915	0	4
GGGTCGGCAAGCAGACTAGCGAGCTTGGTG	0	0	17.18343195			0	24.16271186	0	1573
GGGTGGTGAGGATGAATGTGTAGGGGTTAG	0	0	0			0	34.90169492	0	76
GGGTGTTGTTAATATCACTTTTAGTTGATT	0	0	0			19.4058193	136.9220339	0	2
GGGTTAGGATTATGTACTTGGCTTATAGGT	0	1028.186916	129.6568047			0	0	0	417
GGGTTATATCATGCCCCCCGTTATGTTGTG	0	0	0			0	18.79322034	0	2
GGGTTATGACAGTATTGCATTCTATATCGT	0	0	40.61538462			0	1210.820339	0	3
GGTACAGTTTCATGGGATTGGCCATTATTG	0	0	0			0	72.48813559	0	9
GGTACTGCTTCGCGAGCCAGGGCTCTACCG	0	0	0			0	5.369491525	0	3
GGTACTTGACGGGGTCGTAAGCCGAGCTGC	0	0	0			0	757.0983051	0	2634
GGTAGCCGTCGATGTGGTGCAGGGGGGTGG	0	0	0			0	2.684745763	0	2
GGTAGTGATCTGAGTCCAAGTCTATGCCCG	0	0	0			153.3059724	10.73898305	0	140
GGTAGTGCTCTGCGTCCAAGTCTATGCCCT	0	0	0			1.94058193	0	0	1
GGTAGTGTTCTTGAATTTCGTTCGCGTGAA	0	6.728971963	0			0	0	0	2
GGTAGTTAAATGGCCCTTAGGTAAATCCAG	0	0	0			0	5.369491525	0	216
GGTATATTATGGCGGGCTGATGGCTGTGAG	8	14.80373832	0			31.04931087	166.4542373	0	494
GGTATCTATTGTATATTATCTAACTCGGGA	0	0	196.8284024			0	0	0	425
GGTATGGTATAAAGCCTATTCAATGTCGTC	0	0	0			0	21.4779661	0	11
GGTATGGTTTGTTTACAAGTCGAGCCGGGT	0	0	0			0	51.01016949	0	480
GGTATTACAGGTCTTACCTTGCACGAAAAC	0	24.22429907	0			0	0	0	1272
GGTATTATTCAACTATTAGTTTTCATACTA	2	0	0			0	0	0	19
GGTATTGTTTCCGGTCGGGTGTGGAGCAAC	0	64.59813084	0			0	233.5728814	0	482
GGTCAATCACAGGGTCGATCAATGGGGACG	0	16.14953271	310.8639053			0	0	0	2926
GGTCAGAGAGCGAGCGCGACTCCGGCGGGC	0	0	0			0	48.32542373	0	7485
GGTCCGGCAGTGGGAAATGCTAAAATGTCG	0	0	34.36686391			155.2465544	230.8881356	0	27
GGTCCGTGAACAAGAGTCCGAGGTACCACC	0	16.14953271	0			0	64.43389831	0	5754
GGTCGAAGTACGTGTGGGCGTAAATGATTG	0	0	0			13.58407351	0	0	1
GGTCGGAGAATCCTATGTTTCAGAGACAGG	0	0	1.562130178			0	134.2372881	0	15
GGTCTGCTTATTTCGGGAGAAGAGGGCGAA	0	0	4.686390533			0	0	0	23
GGTGAATGTGTTGGCTCGGAACCCTTTGTG	0	0	95.28994083			0	0	0	385
GGTGACGGATTCAGCATCTTATATGTCGAG	0	0	0			0	2.684745763	0	1
GGTGAGCGTATGGAACTAGAGCTAATTGTT	0	0	0			95.08851455	821.5322034	0	22
GGTGAGCTTCCCGGAGAGAGTGGGTCAGAG	0	0	0			0	195.9864407	0	455
GGTGAGGGTTGGGGCAGGTCAAGTGCAGTC	0	0	0			0	10.73898305	0	8
GGTGATGCTGACGTAGCCGGGCCGTTGCTA	0	0	9.372781065			0	0	0	45
GGTGATTCTTGGGTTCGGGAAAAATGCCCA	0	0	0			0	34.90169492	0	3
GGTGCAGCATCGATACGTTTATATAGAGCT	0	0	9.372781065			19.4058193	88.59661017	0	5
GGTGCCGTTTTTAGGGTGGAATGTGAAGCT	0	49.79439252	0			0	0	0	23
GGTGGCACTAGGGAAATTAGTCAGGTAGCT	0	0	0			0	24.16271186	0	35
GGTGGGAATTGGTGGGCGACCGATGGGATA	0	0	137.4674556			182.4147014	904.759322	0	160
GGTGGTGAACCCCGCAACAGGTGCCGATGT	0	0	62.4852071			0	0	0	270
GGTGTGCGTTTACAGTCGCAAAATCCGAGT	0	39.02803738	1213.775148			0	0	0	247
GGTGTGTAACGTGATGGAGACCGTGCAAGT	0	0	54.67455621			0	0	0	4
GGTGTGTACTCTCCCACTTGCATACTCAGG	0	0	0			0	2.684745763	0	1
GGTGTGTATTCTCCCACTTGAGTACTCAGG	0	0	0			0	1009.464407	0	4541
GGTTAAAGTTTGTGTGGCTATCAGATTATA	0	0	0			0	5.369491525	0	2721
GGTTAATGACGGGGGCGCGTCACGAGGGAT	58	391.6261682	7.810650888			0	0	0	1462
GGTTATGATCGATCCGTGGCCGTTTGAGAG	0	1.345794393	43.73964497			0	485.9389831	0	14
GGTTATGTAAGGTGTGACTTACCCGCTACG	0	0	74.98224852			2000.739969	1551.783051	0	36
GGTTCACTTGTGGTCAGGCTAAGTTTTTTG	0	0	42.17751479			0	0	0	206
GGTTCATGACTACTAGATAAGGAGCTAAGA	0	0	0			0	21.4779661	0	36
GGTTCGATTTACCCAATGCGTTTGTGAATA	0	0	0			0	13.42372881	0	13
GGTTGCGTAGGTATGGGGTAGCCCCTGAGA	0	0	0			93.14793262	453.7220339	0	3
GGTTGCTGTCTTAAGGGATGATTAACAAGC	0	0	4.686390533			0	88.59661017	0	130
GGTTGCTTAAGGACAAAACATTGATCCTCG	0	0	0			0	18.79322034	0	7
GGTTGTACTTTGGCAACGTAGATACACCGC	0	0	1.562130178			0	2.684745763	0	87
GGTTGTCTTGTGGCTATGTTTTAATACCTC	0	0	0			40.75222052	209.4101695	0	5052
GGTTTAGGAGAATAGGGACACTTTTTGTAG	0	0	0			1.94058193	77.85762712	0	2
GGTTTATATCCTTAGGAGTAGGGGCTACAT	0	0	0			0	10.73898305	0	21
GGTTTGGATCGACCATTATCAAACGAACCA	0	0	0			0	61.74915254	0	960
GGTTTGTGAATGCCCTTGGGCTACGGGGTA	0	0	0			122.2566616	528.8949153	0	263
GTAAATAGTTTTTCCTTTCTACACGGATTT	0	0	1.562130178			0	0	0	1
GTAACACCTGTTTCCTCGACATAGGTACAG	0	0	657.6568047			1.94058193	1635.010169	0	443
GTAACATTACCGTAGATGGTGGGCGCTGCC	0	0	0			32.9898928	88.59661017	0	2
GTAAGCAATGTCGAGGGATGGTGTGCACGC	0	0	0			0	373.179661	0	9804
GTAAGCACAGAGGGCGTTGTCCGCGGATGG	16	0	0			0	0	0	271
GTAAGGAAATGTGACGGTACCCTGCTAGAT	0	0	0			0	209.4101695	0	3
GTAAGGAGTGTGTTAGGGGGATGGGCAGTC	0	0	14.0591716			0	2966.644068	0	1961
GTAAGGAGTGTGTTAGGGGGGATGGGCAGT	0	0	0			0	10.73898305	0	1
GTAATACGATGAGCTGGTCAGTCCCTATGT	0	0	0			0	8.054237288	0	15
GTAATCGGTCCTTGAAGTTGCAAAGGAGTG	0	0	23.43195266			0	10.73898305	0	3
GTACAAACTATGCGTGAGTCTGTCCTTAGG	0	4.037383178	0			0	0	0	89
GTACAGAATAGTGACTTCCGACTCACCAAA	0	10.76635514	0			38.81163859	405.3966102	0	115
GTACCGAATTCCCTTGTGTAAACAGGCAAC	0	0	0			3483.344564	8137.464407	0	13252
GTACCGAGTGTGCGTTGGTGCCGAGGGATA	0	0	0			75.68269525	826.9016949	0	1753
GTACCGCACTCCCTTATGCACACAAGCAAC	0	0	0			1.94058193	0	0	1
GTACCTCATCCCCTCCTACCTACCGCCAAT	0	0	0			0	2.684745763	0	1
GTACCTTATGTTCTCCGACATGATGAAGAT	0	0	0			0	2636.420339	0	3076
GTACCTTCTTTTCCCCGACATGATGACGAT	0	0	0			0	2.684745763	0	1
GTACGAAAACGGGGTGATATTTGAGTCTTC	0	0	0			54.33629403	875.2271186	0	6
GTACGCAGAGTGCTCGGAGCTATTTCGCTT	0	0	34.36686391			106.7320061	1788.040678	0	2373
GTACGCAGCCCACTCGTAGCTACCCCCCCT	0	0	0			1.94058193	2.684745763	0	1
GTACGCGATTCTGAAATCTTCTAGCACAGA	0	0	0			0	1825.627119	0	964
GTACGCTCAAACGTCGGACCGTGTGAGGGC	0	0	84.35502959			9.702909648	1618.901695	0	175
GTACGCTGTGGAGCGCAGCCAGAAGCAGCC	0	39.02803738	0			0	2.684745763	0	2
GTACGTCTTTGACTCCAGGGTATCTTAAGT	0	0	0			0	8797.911864	0	13958
GTACGTCTTTGCCTCCCGTGTATCTCCAGC	0	0	0			0	2.684745763	0	1
GTACTACTTGTTTAGGCACTTGTGCGATTC	0	0	0			0	126.1830508	0	69
GTACTTTATGCATCATGGTAGGTTGCTAGT	0	0	0			0	10.73898305	0	254
GTAGAATATGTGAGACGTCCGAATCTTCTG	0	0	0			5.821745789	1374.589831	0	522
GTAGACGAACCGGGCGGGTGTGTGTGTAGT	0	0	23.43195266			44.63338438	526.2101695	0	565
GTAGACGGTAGGGCGTTGGAGATTTTGGCG	0	0	0			97.02909648	410.7661017	0	75
GTAGAGCGAATAACGAGAGTTCGGGGGGGC	0	0	0			0	5.369491525	0	1
GTAGATGCATTCGAGGGAATGGGCGTGCTG	0	0	0			0	2.684745763	0	82
GTAGCCAGTTGGCAGGTTAATTGTATTTGT	0	0	43.73964497			0	0	0	2
GTAGGGTCTCGTTAAAAGACGGAATCCTAT	17	0	0			0	0	0	3219
GTAGTTGTATTCGTGTCGCCTTAGAGGGTC	0	0	217.1360947			1562.168453	2080.677966	0	919
GTATAAGTTCTCCCAGCGTAAGTCTCTCTG	0	0	0			0	217.4644068	0	1
GTATATATTTATAATACTGTCGACTGCTCG	0	0	32.80473373			0	0	0	309
GTATCAGATTGCCCAGGACTATAGGAGACT	0	0	0			0	2.684745763	0	10
GTATCATGTCTTAAAGCATGGGGAGCGGAA	0	0	0			0	174.5084746	0	75
GTATCTGCTCCACGAAGGCGGCTATCCGAT	0	0	0			0	56.37966102	0	3
GTATGCGTAAGGATATTAGATGATAGCCCG	0	0	0			163.0088821	0	0	27
GTATGGCGAGGGGTTCGGAATGTGATGACA	0	0	1796.449704			2493.647779	3339.823729	0	12328
GTATGGTTAGTCGTAGAATGTTAGATAGAA	9	0	39.05325444			0	0	0	598
GTATGTCGTGTACTGCAGTTCCAGTAGCCC	0	5.38317757	0			0	0	0	4
GTATGTGGTGGGTGCCGCAAAAGGCGGTGA	0	0	0			0	40.27118644	0	831
GTATGTTGTTTAATGTATAGTTAACGTTGC	0	0	0			7.762327718	115.4440678	0	1
GTATTCTGTGTTTGGACGGCTGGAATCGAT	0	0	12.49704142			0	0	0	10
GTATTTAATATTAATCGGCAATACTGGATT	0	0	142.1538462			0	260.420339	0	10047
GTATTTTCTGATCCCGGTGCCTGCTTCATT	0	0	0			62.09862175	300.6915254	0	15
GTCAATTAAGCCATGTCCCGGATTTAGTTC	0	2.691588785	0			0	0	0	21
GTCACATCTACCAAAGTGGGATAAACCCTC	0	0	0			0	319.4847458	0	99
GTCACATGAGGCTAAAGCTCTGATTCGACA	0	13.45794393	0			923.7169985	1884.691525	0	247
GTCAGCGATGACACTGAATGGTTTAAAGGC	0	0	0			0	72.48813559	0	490
GTCAGCGCTCCGGATGTAATAATTCGTCCG	0	0	0			0	5.369491525	0	2
GTCAGCGCTCCGGATGTAATATTCGTCCGC	0	0	31.24260355			11.64349158	1073.898305	0	3748
GTCAGTGGAGTGATTCAGTGTACTCATGGT	0	0	1.562130178			0	2.684745763	0	1
GTCATTACTTCGCGACCACTTTGCTCTAGC	6	0	0			19.4058193	158.4	0	1120
GTCCACCATGCGAGCAGGCGGAAACTCGCG	3	0	24.99408284			1226.447779	1516.881356	0	1250
GTCCACCCCGCTCGCAGGCGGAAACTCGCG	0	0	0			1.94058193	0	0	1
GTCCAGGGTGCGCAAATGACCCAGATCTGT	0	0	0			0	233.5728814	0	179
GTCCATAGAGCAGTGTCGCGTTGGGCTATT	0	36.3364486	0			0	42.9559322	0	1644
GTCCATAGATAATTCCAATCACAACCGGTC	0	0	0			21.34640123	153.0305085	0	258
GTCCCCCCCGCAATCAAGCTGAAACTCGCA	0	0	0			3.881163859	0	0	1
GTCCCGGCAGCCGGTCGGAACACTAGGCGG	0	0	0			652.0355283	2529.030508	0	10154
GTCCGAGATTAAAGAAGTCGTCAAGTTGAA	0	1.345794393	0			359.007657	11364.52881	0	275
GTCCGATATTGGGGATGACATTTACGCACA	0	0	0			3155.386217	14500.31186	0	819
GTCCTACGCCGTCTCCTAACCGCCACTACC	0	0	3.124260355			0	0	0	1
GTCCTACGTATCACATCGTCCGTATAGTGG	0	0	0			0	21.4779661	0	6
GTCCTCTCCCCAGCCACACTACTCATCCAC	0	0	0			0	2.684745763	0	1
GTCCTTTCTCTGCTAACGGTTGCAGATCAC	24	30.95327103	0			0	0	0	36
GTCGAAGGTTTGTAGATTCTGCAGAAGAGT	0	0	0			0	37.58644068	0	229
GTCGGAAGAAGACCTTAGTGGATAAACACG	0	335.1028037	0			0	0	0	1841
GTCGGTGAACAGAGAATAGGCTGCGGGACT	0	0	14.0591716			0	5.369491525	0	1
GTCGGTTTATGTGCCACAAATGTAGTCATG	0	0	0			0	61.74915254	0	176
GTCGTATAAACCTACCAAAGCTTGGTCGTG	0	0	4.686390533			0	51.01016949	0	5
GTCGTGGGACATCATAAGCATGAGTGTACA	0	0	0			0	8.054237288	0	6
GTCTCCCCTGGTGACATTCGTTAGCCCTCA	0	2.691588785	0			0	0	0	1
GTCTCCCTTTTTTACCGCCCCTCCCCACGA	0	0	1.562130178			0	0	0	1
GTCTCGTGTTATTGTAGACCAAACAAGTGC	0	0	0			0	638.9694915	0	11569
GTCTGTGGAAATCATAGCTTTCGAGTTATA	5	0	0			79.56385911	2580.040678	0	27
GTCTTACGTGGTGACAGTCGGTAGCCATGA	26	1371.364486	434.2721893			52.3957121	2827.037288	0	25952
GTCTTACTAAGGGAGGCGCATAAATCATCT	4	0	0			0	0	0	69
GTCTTCCAAGGTATAACGTGAGCGTATGGA	0	12.11214953	0			0	647.0237288	0	7229
GTCTTCGGATGATAGGAATAACGTGTCACC	3	0	0			21.34640123	2.684745763	0	127
GTCTTCGTTGTCAACGTGGAGATCATGTAA	0	4.037383178	0			0	2.684745763	0	43
GTCTTTCGAGTCTTTCTTCATCCAATCACA	0	0	0			1.94058193	0	0	2
GTGAAATGACCTGGCATTCGGAACGCATGA	0	10.76635514	0			1379.753752	126.1830508	0	16
GTGAAATTATTTACACGTGTTGTCTGTTCA	0	0	0			0	2.684745763	0	45
GTGAACTGACCAGATACGGGGCTGCGATGA	0	0	0			1.94058193	5.369491525	0	3
GTGAAGGAAGCTAGATTAGGCTGCGAAAAT	0	0	0			0	16.10847458	0	1
GTGACCACATCGAATCTGAGGACGTACACC	0	0	21.86982249			7.762327718	0	0	67
GTGAGCAATCCCTTTTTTGTTAGGCTGTGA	0	5.38317757	6.24852071			0	0	0	170
GTGAGGTGTATGCTGCATAAGTGTTGTGTC	0	4.037383178	84.35502959			0	0	0	139
GTGAGTGTTGGGGGAACCAATCAGGGCCAT	0	0	0			0	32.21694915	0	595
GTGATATGTGTATGGAGGTGGATTAGCTGT	0	0	0			0	150.3457627	0	468
GTGATATTTGGGCTCTGGTCAAAACCCTGG	0	0	9.372781065			0	21.4779661	0	3
GTGATGTATATATATATCCCGAGGTCGGTT	0	0	0			0	13.42372881	0	4
GTGATGTATATATATCCCGAGGTCGGTTCT	0	0	0			69.86094946	5721.19322	0	12393
GTGCATCGATGTGCACGGGAAGCTCTCTGC	0	0	0			0	2.684745763	0	1
GTGCATCGCTGTGCGCGAGAAGCTCTATGC	0	0	1.562130178			0	0	0	1
GTGCATTGATGTGAGCGGGAAGCTCTATGC	0	0	593.6094675			778.1733538	8470.372881	0	11524
GTGCCTTACCTCTATCCCGAAGCCCTCTCT	0	0	0			0	2.684745763	0	1
GTGCGGCATATGATACGGTACGAGTGCATA	0	0	0			0	5.369491525	0	1
GTGCTAGTACACACCTGGACGGTTGGTGAG	0	18.8411215	0			0	0	0	3437
GTGCTCATATGGGGTTATAAGACGGCTGGG	0	0	68.73372781			0	0	0	75
GTGCTGGTAGTCGCTAGTCAGCGTATTTAA	0	0	0			5.821745789	8.054237288	0	480
GTGCTGTTAGTAGTCAAGCTGAGAAGTGAA	0	0	9.372781065			164.949464	2671.322034	0	1109
GTGGACGGTGCGGCGTCCGTCGAATGCGTG	0	0	139.0295858			0	2.684745763	0	453
GTGGATGCTGTAAAATCGAGTACGGGGGAC	0	0	0			0	61.74915254	0	7
GTGGATTTAAACCGCGCCATCGGATATAGC	0	0	0			0	2.684745763	0	1
GTGGCAGTCATTAGTCCGATCGTAAGATGC	0	0	0			646.2137825	2539.769492	0	20
GTGGCGATACTCAAACGGGTTTATTTTAGA	0	0	0			0	2.684745763	0	2
GTGGGCCGACAATGTGGACCCTGCTTCGAA	0	0	0			0	818.8474576	0	270
GTGGGCGGTGTGAATGCTATGAGGTAAGTT	0	0	0			782.0545176	958.4542373	0	3470
GTGGGCTGATGGGGTACGGCGGGGGGCTAT	0	0	0			0	42.9559322	0	1
GTGGGGAATGTTCTTGGGGGTCGGCGTGCT	0	20.18691589	76.5443787			0	0	0	892
GTGGGGAGTGGTGTCTGTGAAGGAAGATAG	0	0	1.562130178			0	2.684745763	0	20
GTGGGTCGTTTAGTTAATATGATACTCATT	0	624.4485981	74.98224852			0	0	0	3465
GTGGGTCGTTTAGTTCCCCCGATACTCATC	0	1.345794393	0			0	0	0	1
GTGGGTCGTTTAGTTCCTCCGCTACCCCTT	0	2.691588785	0			0	0	0	1
GTGGGTCGTTTCATTCCCATGATACCCCCT	0	2.691588785	0			0	0	0	1
GTGGGTCGTTTTAGTTAATATGATACTCAT	0	1.345794393	0			0	0	0	3
GTGGGTTCTGATTTATTTGGTTCGAGGGGG	0	0	0			21.34640123	107.3898305	0	6
GTGGGTTTAAACCGAGACATCGGATATAGC	0	0	0			0	246.9966102	0	8181
GTGGTCAGTGATTCCCTAGTTAGATGGGCG	0	0	0			0	21.4779661	0	433
GTGGTGGGTCCACACTGTGCGGTCCATGGC	0	0	0			0	10.73898305	0	2
GTGGTGTTACTACTCAAGGAAGTGATGTCA	0	0	3.124260355			3.881163859	83.22711864	0	41
GTGGTTATTGAGATTTATCACTAGAGACGT	0	0	0			0	96.65084746	0	2493
GTGGTTTAAGCGGTAAAAGGGGAGGGGAAT	0	20.18691589	0			0	0	0	140
GTGTAAACTTAAGTGTGTGCTCAGCCGCCG	0	0	0			0	5.369491525	0	1
GTGTAGACTGGGAGCTGGTCTTATGTGGGC	0	2.691588785	0			0	10.73898305	0	5
GTGTAGTCTCCCATTCCGAGCATTCATTTT	0	0	0			0	1535.674576	0	428
GTGTCAGCATGAAAATGTAGAGTCACGGCC	0	0	3.124260355			1.94058193	24.16271186	0	164
GTGTCCGATCTGGAATCGTTAAGAAGGGGG	0	4.037383178	0			0	0	0	584
GTGTGATCACAGCTCGCGCCGAAGGTAAGT	0	12.11214953	0			236.7509954	5203.037288	0	221
GTGTGCCTAGGTGATGACTACATCGAGTCC	0	0	0			0	10.73898305	0	237
GTGTGGTCATCGAATCGCGAGTCTGTGAAG	0	0	0			0	18.79322034	0	55
GTGTGTCCAAAGCCGTTCCACGTTTCCGTT	9	0	777.9408284			0	48.32542373	0	165
GTGTTAAATCTCCGTCTGAACAATGCGGCA	0	0	0			0	5.369491525	0	13
GTGTTAAATGCGTACTATTTGTAGTATAAG	0	0	37.49112426			0	5.369491525	0	288
GTGTTCTCAGGTCGATGTATGATTGACAGC	0	0	0			0	8.054237288	0	16
GTGTTGGAAGTTCAGTGTTTCTAGGTAAGG	0	12.11214953	0			0	16.10847458	0	24
GTGTTGGTACAGTTGGGGCTTATACAAGTG	39	0	6.24852071			19.4058193	421.5050847	0	736
GTGTTGTTTCGCGCCTCCACGTTTATCATG	0	0	0			0	5.369491525	0	17
GTGTTTGATCAGCCACACGAGGGGATTCCA	0	0	0			0	123.4983051	0	11108
GTGTTTGATTGTGGGCGCAAAGTGGGTCGG	0	873.4205607	0			0	42.9559322	0	54
GTGTTTTAAGTATACGTGCATGAGAGTGTA	0	0	0			0	32.21694915	0	8
GTTAACCCTTGAGTTGTTATCGCCGAAAGG	0	0	0			13.58407351	338.2779661	0	431
GTTAAGATACTATAGTGTAGGGCTGAGAAT	0	0	0			0	10.73898305	0	2
GTTACATTAGTATGCGCACGTTCGGTCAGG	0	0	0			0	32.21694915	0	2
GTTACGTTTAAGGGTCGTAACCAGGATCGT	0	0	0			5.821745789	42.9559322	0	1
GTTAGGCTTCAAGGGCAAAGAGCAAGGCGC	0	0	0			34.93047473	104.7050847	0	1
GTTAGGTCTTAGAGGATACTTGGGACCTCG	0	0	0			11.64349158	0	0	2
GTTAGTTCTGGTTAAGGGGGTCGCGTTTAC	6	0	67.17159763			0	0	0	126
GTTATTAGTTTCTTAACCAACATGACAGGT	0	0	0			0	550.3728814	0	925
GTTATTCCTTTGGATTCTCTATAAAGGATT	0	535.6261682	110.9112426			0	0	0	21367
GTTATTCTAAATAAGGTTCTTTATACAACC	0	25.57009346	0			0	0	0	606
GTTCAACGCCCGCTGCCAATTTCCCGCCTC	0	1.345794393	0			0	0	0	1
GTTCAATGACCGCTGACAATTTCCCGACTA	0	41.71962617	0			0	126.1830508	0	504
GTTCACCCACCGGAATCGGCGGTTCAGTAA	18	0	0			0	0	0	42
GTTCCAGCATATTAAGAGGCATCGGACCGG	0	0	0			0	3801.6	0	1999
GTTCCGGATAGAGCATGACTTAGGTCACAA	0	0	0			510.3730475	3224.379661	0	122
GTTCCTTATCCTAAAATGCGGCCCTGGAAA	0	12.11214953	14.0591716			1.94058193	16.10847458	0	67
GTTCGAGGACTGTCAGGTGGTGTGATGATG	0	0	0			0	4392.244068	0	158
GTTCGATGTGACAATGTTACTGTGGTTGCA	0	0	0			0	3280.759322	0	20585
GTTCGCTGTATGTAGGGTTGAACTGAGGCA	0	1.345794393	0			0	2394.79322	0	442
GTTCGGGTAGCCAGTACAGTTAGGGATGTG	0	0	0			0	5.369491525	0	13
GTTCGTTGACTGGCGGTAAGAGGAAGGTGA	0	0	0			0	64.43389831	0	1
GTTCTCGATTCCGTCAGTACGATGGTTTAG	0	0	0			0	16.10847458	0	2
GTTCTGGCTTGTAATTATCATAAGTATATC	0	0	15.62130178			0	204.040678	0	312
GTTCTGTTATTGACAGTTTTTATTATGAGG	0	0	0			0	2639.105085	0	437
GTTCTTCATTAGAGTGATGCTTAGAGTTGA	0	21.53271028	14.0591716			0	0	0	155
GTTGAGGGAAAGAGGAGAACCGTGGTTATG	0	0	0			17.46523737	112.759322	0	1698
GTTGCATAAGATAGCTGGGAAATCTGTGGA	0	421.2336449	24.99408284			0	0	0	8656
GTTGCGAGAGCAGAAACAGAGTTGGAAGCC	60	0	0			0	0	0	141
GTTGGCTTTCCGCCCTAGCTCTATTGCTGC	0	8.074766355	43.73964497			0	0	0	75
GTTGTACGTGTTCCTCGCATTGATCATGGG	0	0	0			0	13.42372881	0	12
GTTGTTCTTTTCGTTCCTCCGCCCCCCCTT	0	4.037383178	0			0	0	0	1
GTTTAATTTAGACATTTAATTTTTAGGGAT	0	0	82.79289941			0	2.684745763	0	3307
GTTTACAATAGGTAATGCGCGAGAGGTACG	0	0	60.92307692			0	59.06440678	0	154
GTTTATGAAGTCGACTTGGCCGGGGGCATA	0	0	0			69.86094946	45.64067797	0	2
GTTTCCGATCGGCCATCTCGGCCGAGGTGT	0	0	0			100.9102603	187.9322034	0	742
GTTTCCTCTCCCCGTCGGAGTCGAGCCGTG	0	6.728971963	1.562130178			3661.878101	1911.538983	0	150
GTTTCGACTGCTTAGGCGCGACGGGAAGCA	0	0	0			0	1479.294915	0	10
GTTTCGTCACTCTAAGCCGTTTATTGACAA	0	0	0			201.8205207	2792.135593	0	151
GTTTCTGTTTTTTGATGAGCCGCCGGAAGG	0	0	1771.455621			0	0	0	4524
GTTTGAGGTAACGGGGATAGCAAACATGTC	0	0	48.4260355			0	523.5254237	0	1015
GTTTGGAGACGAGGAGAGGTTGTGTGTGGA	0	0	0			71.80153139	88.59661017	0	12
GTTTGGGCAAGATTTCTCTGCGGAGCAGTA	0	0	231.1952663			0	0	0	6067
GTTTTACCATCAGGTTCGTGAGCTGGTTTA	0	0	0			1866.839816	558.4271186	0	7027
GTTTTAGAAGCCTTCGCGGTTAGATACGTA	0	0	3.124260355			0	150.3457627	0	35
GTTTTGAAATTATTGCGCGTAGGATTAAGA	0	5.38317757	0			0	8.054237288	0	2190
GTTTTTAGTCCCCGGCGGATCCTATTATGC	0	0	0			0	34.90169492	0	1
GTTTTTGGAGTCTTGTTTCGGCCAAGCGGG	0	0	9.372781065			170.7712098	177.1932203	0	123
GTTTTTTGAACAAATAATGAGGGTTTAAGC	0	0	176.5207101			0	0	0	1
TAAAATTAACCAGTTTAATTTCACAGCCAA	0	0	3.124260355			73.74211332	56.37966102	0	34
TAAACCTAATGCTCTTGCAGATCTAGTCCG	0	0	437.3964497			0	0	0	11588
TAAACGGTAGTGAACATAGGCGAAGACTAC	0	0	85.91715976			124.1972435	42.9559322	0	8709
TAAAGACTTCAAATGTTCTCGTTGATGCAC	15	0	0			17.46523737	0	0	11
TAAAGATATTTGTGGGTTCTATGAATGGCG	0	0	0			3.881163859	75.17288136	0	8
TAAAGGCCTCAATGGCCCCCTCGGCTTGGG	0	0	0			0	51.01016949	0	1
TAAATATAAGGTTGATAGACAGGTGCGTAA	0	0	0			254.2162328	1020.20339	0	28
TAAATTATTAGGACTAGGCCAGTGGCTGCA	0	0	0			73.74211332	40.27118644	0	114
TAACAATGACCGTGACCACCATGGTGTGAA	0	0	0			0	1975.972881	0	1030
TAACATGACCACATCGCTCCCCAGCTCCTT	0	0	1.562130178			0	0	0	1
TAACCAAGAGAAGTAGCTTGCTTAATCCCT	0	0	0			0	26.84745763	0	134
TAACCCCTCCAATCCTCCTCTCCACTCCAC	0	0	0			1.94058193	0	0	1
TAACGACGTGAAACGGTGGGTGAGGATGCT	0	0	0			0	18.79322034	0	59
TAACGGGTAAATAGTTCGAAGGCACTATTG	0	0	0			0	2.684745763	0	19
TAACTAGCTGGTTCAAAGAGGGTGTAAAAG	0	0	0			7.762327718	21.4779661	0	3
TAACTAGTAACTTGTTTATATTCTGTTTGA	0	0	34.36686391			0	0	0	8828
TAACTGGCCTATGAGCAACCGCTCTCCGTA	0	0	0			0	2.684745763	0	1
TAAGAGAGTCAGAGCCCTTTTCGCTCTGGC	0	5.38317757	0			0	0	0	73
TAAGATAATGCGCCAGAGCGGCCAATACGC	0	0	79.66863905			0	34.90169492	0	201
TAAGCCATAAGTCCGACGAAAGAAGTACAC	0	8.074766355	0			213.4640123	843.0101695	0	19
TAAGCCTAAATTGTTATACGTGGAAGTAAG	0	9.420560748	0			0	0	0	3289
TAAGGGTCAGAGGCCTTGTGAGGTGCATGT	0	0	0			0	80.54237288	0	178
TAAGGGTCAGGAGTGGTGTTAGCGAGGTGG	0	0	1.562130178			0	2.684745763	0	1
TAAGTAGGTTAACATGTTCTCAAGAGCGAA	0	0	281.183432			0	579.9050847	0	12645
TAAGTCGAAGGTGATTCGGAAGGTGGCAGA	0	0	0			4896.088208	3570.711864	0	2343
TAAGTGCGTTGGATGGTGGGCATCTGGGTC	0	0	0			0	5.369491525	0	164
TAAGTGGAAGAGGGGGAAAAGTGCGACGGG	0	0	0			130.0189893	1782.671186	0	3945
TAATAAGCAGGAACAAGAGTCACAACTTTC	0	0	0			0	21.4779661	0	2
TAATAGGAAAGGATTGAGCTTCGGCTTATG	0	0	9.372781065			135.8407351	749.0440678	0	1280
TAATATGATGGGGACATGTTATATACACCA	0	0	0			7.762327718	16.10847458	0	2
TAATCCTCCGCTGACCCGCCAAATGTCACA	0	0	0			3.881163859	0	0	1
TAATCCTTACGATCATCCTATTTACGGCGC	0	0	0			347.3641654	1049.735593	0	9963
TAATCTTTAAGTATTGTCCCCCGGAGTGTT	0	0	0			0	21.4779661	0	71
TAATGAACTTGTTGGCTAATGAAAACAACT	0	0	0			114.4943338	147.6610169	0	3
TAATGCAATGTTGGTCAGTGGGCATATTTT	0	24.22429907	0			0	85.91186441	0	2783
TAATGGACAGAGGCTCTCGACCTCCTAGGC	0	0	0			0	40.27118644	0	9
TAATGGTCAAAGCCGGCTGAATTTTGAGTA	0	0	123.408284			244.5133231	510.1016949	0	2969
TAATGTCTTGGGATTTCTAATGGTGTACAG	0	24.22429907	276.4970414			17.46523737	0	0	1433
TAATGTGTACCGAACCGGGTAGACGTTCGT	0	0	0			0	668.5016949	0	46
TAATGTTATACTTCTTATAATGTTTTCGAT	0	0	0			0	24.16271186	0	1155
TAATTAGGCTCACATGTTCTCAAGAGCGCA	0	0	1.562130178			0	2.684745763	0	2
TAATTATGTGCTTGTGTTGTGCTACGCGTT	0	0	0			0	75.17288136	0	2544
TACAACGATCATTATTATTTTCGGGAACGT	0	13.45794393	0			0	0	0	42
TACAATTGAGGCTCACTCACGATCTCCGAC	0	0	0			0	1586.684746	0	99
TACACACACCGCCATCTCATCGATAAACCT	0	0	0			1.94058193	0	0	1
TACACGCCTTGTAAGTTATGCCATCCCTGA	0	0	0			0	99.33559322	0	2
TACAGCATACGAAGACTCCCCAACTGTCTT	0	0	0			0	2.684745763	0	1
TACAGTAGTAAACCTTAACGGCAGTCGTAA	0	0	0			0	265.7898305	0	1753
TACCACATACATTACTCCAGTAGATTGCTT	0	0	51.55029586			0	83.22711864	0	11141
TACCACTGCCCGTGACCCCCCTGGTGTGAA	0	0	0			0	2.684745763	0	1
TACCCTACTCGTTCTGGAATTAGGACCCAT	0	0	0			0	230.8881356	0	9
TACCCTTCACCTCGCCCTCCGAAAACATAC	0	0	1.562130178			0	0	0	1
TACCGAGTTTTAACCTGCTCTAAGCGAGTG	0	0	0			0	26.84745763	0	305
TACCGGAGACTATATGGGACAAGTTCCGGT	1	0	0			0	0	0	4
TACCTAAACTCACCCTTTCCCAAAACCCCA	0	0	1.562130178			0	0	0	1
TACCTCCTTTCCTCTCGCCTAATATCATCA	0	0	0			0	2.684745763	0	1
TACGACCCAGCGCAGGGACAAGGGACGTTG	0	0	0			87.32618683	244.3118644	0	3
TACGGAGATCGCGGGCATGGGTACGCCAGC	0	0	0			0	64.43389831	0	1
TACGGATATTATGACCGTGGTGTTAGGGGT	0	0	4.686390533			0	0	0	958
TACGGCTTTAGACTATCGTCGTTCTTAGTC	0	0	0			0	96.65084746	0	16
TACGTCCTTGCATTTCGCGTAGTAGGGTCA	0	1034.915888	1.562130178			0	45.64067797	0	421
TACGTCTATGTTTAATGGGGTTCTACTCGA	0	0	0			147.4842266	464.4610169	0	35
TACGTGCAATGTGCGAAAACATAGCGGCTA	0	6.728971963	0			0	241.6271186	0	348
TACGTTTCACTAAGCGTTAGGACACGGATG	0	0	0			2002.680551	5415.132203	0	8574
TACTAGCCCAGGATTGCGCTTCGGCTTATG	0	0	0			1.94058193	2.684745763	0	1
TACTAGGTTAAAGATGATGGATACACACTG	0	0	9.372781065			0	0	0	4491
TACTAGTATTCCATTGTAATTACGTCGGTT	0	0	0			54.33629403	51.01016949	0	1
TACTATCTTTTGCTTCCTGTCTTTTGCAGG	0	0	0			19.4058193	0	0	5
TACTCGGTTACAGATGCTGGATACACCCTG	0	0	1.562130178			0	0	0	2
TACTGAATTGCGAGGGAGGGGACGCACGCG	0	0	846.6745562			0	0	0	558
TACTGGCAACACTCAATCAACTTCAGTTCC	0	0	1.562130178			0	0	0	1
TACTTACGTGGTGGCATCTAATTCCATCGG	0	26.91588785	0			0	48.32542373	0	4913
TACTTAGATTGATCCGCACGGTTCAGATCC	0	0	0			0	88.59661017	0	5
TACTTCGGTTGTTAAGGCGCACGATTTTTT	12	0	0			11.64349158	26.84745763	0	6
TACTTGGGTATGGGGTGGACGGCTGGGTAG	0	0	0			0	93.96610169	0	1182
TACTTTCTTCACGGGATACTTTACTAGTTC	0	0	0			0	85.91186441	0	47
TAGACATCTACGGGGTCGAACGATCATGAG	0	0	0			29.10872894	34.90169492	0	4
TAGACGTTTTAATACTAGTATGGCCAGGCA	0	0	9.372781065			0	0	0	26
TAGAGCCGAAGATTCGGCCTCTCGTTGACA	0	0	0			0	26.84745763	0	67
TAGAGCTATCTAGACTTCGTTGCACTAGCT	0	0	0			0	217.4644068	0	34
TAGATAACAGTGCTGTTCAATCGCTGCCAG	0	0	0			0	2.684745763	0	551
TAGATATGAATCTGCTAGCAGACAGGGGTT	0	0	0			0	123.4983051	0	207
TAGATTAGAGGGGTACGTCTTAGTGTGGCA	0	0	28.1183432			0	0	0	73
TAGCACATAACGAGTGGATTTCAAGATCTG	0	0	110.9112426			0	21.4779661	0	444
TAGCATAGTGGACGAGGGACAGTCAGCCCT	0	0	0			1.94058193	1259.145763	0	410
TAGCATGGATTGCCTACATACAAGAGTGCT	0	0	0			0	110.0745763	0	289
TAGCATGGCTTGCCTACCTCCCAGAGTGCC	0	0	0			0	2.684745763	0	1
TAGCCTTTACTACTCGTGGTCAGACTGTAT	0	17.4953271	0			0	0	0	3
TAGCGGCGTAACGGGTCTGGGGAACGAGTC	0	1.345794393	0			0	0	0	3
TAGCGGGTACCATACCTTTATATTCTCCAG	0	1.345794393	0			0	0	0	1
TAGCGGGTACTATACTTTTATATTATCTAG	98	472.3738318	28.1183432			0	1562.522034	0	16425
TAGCGGGTCCTATACTCTTATATTCTCTCC	1	0	0			0	0	0	1
TAGCGTAAAGCTGTCGGAACGAAGGGTGGA	0	0	0			27.16814701	64.43389831	0	39
TAGCGTTGTACCGGAACGTGGAGTTACTGG	0	17.4953271	770.1301775			0	0	0	3081
TAGCTAAATCTGCGTTGACCCGTTAGTAAC	0	1.345794393	0			0	0	0	3250
TAGCTACGACCGGTGAGGATCCATAATGAC	0	29.60747664	253.0650888			0	0	0	2222
TAGCTAGTACTATACCCTTATCTTATCTAT	0	1.345794393	0			0	0	0	1
TAGCTCATACACGTGGGGCCAGTTGGGACA	0	0	0			27.16814701	48.32542373	0	5
TAGCTCTGCCCCTGCACTTGGCTTCCCTGT	0	0	1.562130178			0	0	0	2
TAGGAAGTAGCAACTGGGTCGGGAGGGAGA	0	0	17.18343195			0	13.42372881	0	640
TAGGATGTATGCAGATACGAGTTTCAACGC	0	0	65.60946746			0	0	0	661
TAGGCAATATGGAGTAGGTCTTTGCTCAAG	0	0	0			0	83.22711864	0	1
TAGGCCAGTAAACGTCCTTCTGTCTAGAGA	0	0	20.30769231			0	0	0	40
TAGGCTAGTTAGACGAAGGTATTTAGAAGT	0	0	1.562130178			0	0	0	209
TAGGGAAATGTCGTATATGACATCGGGATC	0	0	220.260355			0	8.054237288	0	238
TAGGGACATGTCGTATCTTCCATCGGGATC	0	0	1.562130178			0	0	0	1
TAGGGAGATTTTCCGCGTGTTAGGTGTACA	0	17.4953271	0			248.394487	2980.067797	0	3131
TAGGGAGGTTAGGTGCGCACCCCGGATGGG	0	0	0			108.6725881	2077.99322	0	39
TAGGGATTTATCGGCTTTTGTGTATAAGAG	0	0	0			0	652.3932203	0	21
TAGGGCTCAGGTGCCAATACACATGCACGA	0	2.691588785	6.24852071			0	0	0	27
TAGGGGGGTATCCTAGGATCCATTGGTTGT	0	0	0			0	32.21694915	0	8
TAGGTAATTTGTGGGTGTGGTATGTCAGCG	0	0	9.372781065			0	0	0	58
TAGGTACTTGACGATATGTATCTTATTAGA	0	0	0			0	40.27118644	0	41
TAGGTAGTATGGGTTCTTTCGTGCACTGAA	0	0	0			0	16.10847458	0	520
TAGGTATAATTTTCATAGAGGGGAGCGTCG	0	0	20.30769231			0	24.16271186	0	2
TAGGTCGAAGGCGTAAGATGGGGAGGGGAC	0	1.345794393	6.24852071			0	0	0	1
TAGGTTTTTGGAACACCGTATAAAATGTCT	0	0	59.36094675			0	0	0	8
TAGTAGCTATGATAATGATCTCGCTCGTGG	0	0	0			0	2.684745763	0	1
TAGTAGGCAGCTGTGGCAGGAGTGGGCGGT	0	1.345794393	0			0	0	0	164
TAGTGAAGTTATTACGAGGATGGGTTACCC	0	0	0			0	327.5389831	0	70
TAGTGCCATTGGTTTAGGGACTCGGTAGAG	0	0	49.98816568			0	2196.122034	0	297
TAGTGCTTAGTTGTGTGTAGCGTAGGATCA	0	0	0			46.57396631	56.37966102	0	1
TAGTGGCTTAGCTCTCCAGGACCCATCACT	0	0	0			0	2.684745763	0	1
TAGTTCACTTCGAATGAGACATTATACTAA	0	0	0			0	10.73898305	0	6
TAGTTCGGAGTTATTTCAAAACCGCGGGAA	0	0	0			52.3957121	671.1864407	0	260
TAGTTCTAATTTGGCTGTTCGCGCGTGCAG	19	1.345794393	0			0	0	0	1
TAGTTTCTTACGATTATAGATAGCTGTGGC	0	0	0			0	5.369491525	0	23
TAGTTTGTTACTAGTAATCAGCCGTCTTTA	0	0	0			0	51.01016949	0	179
TATAAACGTAGCCGTCGGATTGATAAGACT	0	0	85.91715976			2031.78928	1581.315254	0	422
TATAACGATGTCTTCTTATTCAAATAGGGA	0	0	0			0	2.684745763	0	1354
TATAATCAAGAAGAAATACCCATATATATA	0	0	1.562130178			607.402144	1020.20339	0	54
TATACCAGTACTACGGGATGCGATTGCGTA	0	36.3364486	0			0	0	0	27
TATACGGCTAACTTGTTATATTCAAATGTC	0	0	0			0	29.53220339	0	9
TATAGAGTAACTGGTTTCGTTCGAGGATAA	0	0	0			0	1661.857627	0	963
TATAGCACAGGAGATGTGGCGTGGAGGTTG	0	0	0			9.702909648	61.74915254	0	1
TATAGCGCAATGTTAGTACCCAATGTTAGG	0	8.074766355	0			0	0	0	6412
TATAGCTCTGCGGGTATATGTGTGATGAAC	0	0	4.686390533			52.3957121	263.1050847	0	13
TATAGGGGTGAGCAGTTTACATATGTCTCT	0	0	0			3.881163859	2.684745763	0	51
TATAGTTTTACGTGAGAGCTTTCTGCCGGC	0	0	0			0	1707.498305	0	474
TATATACAACTAAGATTTTGCGCAATAAAT	0	0	0			0	77.85762712	0	2
TATATACTAGTTTTATAGTAGGGCACGGGG	0	0	0			0	10.73898305	0	42
TATATAGCTTGTCATATGTGTTACCTAAAT	0	0	85.91715976			56.27687596	394.6576271	0	7995
TATATCACAGGGGCATTGACTGTAAGCCTT	0	0	92.16568047			0	0	0	49
TATATCATAGGGGATAGGGCACGGTCGCAC	0	0	9.372781065			9.702909648	77.85762712	0	1
TATATGGTAGCTGGTGCAATATGGAAGCAC	0	8.074766355	0			0	2.684745763	0	2612
TATATTATTTAACTTTAACGAGCCTAAGCG	0	0	0			0	2.684745763	0	367
TATATTGAACTGAGACAGATGAACTCAATC	0	0	1.562130178			0	5.369491525	0	371
TATCATATTTCTCTCGACTGGAGTTTGGTA	0	0	0			0	2.684745763	0	3
TATCGATCTAAAGTAGGGACATCCATTGCA	0	0	0			7.762327718	91.28135593	0	10
TATCGCGTTTTTGTTTAACATTACCCACTA	0	0	0			0	53.69491525	0	122
TATCGGTATCATATGATTACAGCCGCACAA	0	0	26.55621302			5066.859418	2676.691525	0	3060
TATCGGTGTGGCGGGTTGATAAGTCCATCT	0	0	0			0	80.54237288	0	984
TATCGTATTGCGGATCTTACTTTTATAGTT	0	0	70.29585799			0	391.9728814	0	2027
TATCTAACACGACCTATTCATGCGTTGAAT	0	0	0			11.64349158	61.74915254	0	1
TATCTAATTCAAGGGTGGTCTGGTGTAGAG	0	4.037383178	14.0591716			79.56385911	826.9016949	0	44
TATCTAGCTGTAATTTGGCTAGAACTACTT	0	0	0			0	10.73898305	0	321
TATCTATGACCGCGGGGCACCGGACTAAGA	0	0	40.61538462			40.75222052	488.6237288	0	164
TATCTGAATTATCTCGTAGTAGACATTCAT	0	0	37.49112426			0	2.684745763	0	40
TATCTGTGTTATGCTCATAAGGACTAAGGG	0	0	0			0	147.6610169	0	284
TATCTTGCATGTGTTTGCTAATAGGGTTTT	0	0	37.49112426			0	1237.667797	0	12439
TATGAGTGTTGAAACGTCAATACTGGCTTA	0	0	0			221.22634	5780.257627	0	454
TATGCATGTCACCAATAAGTATCTCGGGCT	0	0	0			0	144.9762712	0	2
TATGCTCCATATCTGGCCGTTCAGCCAGAG	0	0	0			0	2.684745763	0	1
TATGGCCGTGCGTTAATTATAGGAGTACAC	0	0	40.61538462			620.9862175	265.7898305	0	608
TATGGCTTATTTCACGGGATATCTGATGAA	0	0	0			7.762327718	2418.955932	0	34
TATGGGTCTTTTAGGGGGCAACAGGATGTC	0	0	6.24852071			0	0	0	397
TATGTAGCATTGAGGGTGTTAGCTGGGGCA	0	0	0			0	8.054237288	0	588
TATGTTACATCACTTATGTCCTTGTGGGTT	0	0	31.24260355			0	0	0	357
TATTAAACTTATCACCGTTTTGCGACCTCA	0	0	0			0	48.32542373	0	3370
TATTCGTAAGACATAACCACAGTTGTGACA	0	0	12.49704142			956.7068913	42.9559322	0	1638
TATTCGTCCGACATCCCCCCAGTTGTGCCA	0	0	0			1.94058193	0	0	1
TATTTGAGTTTTCTAAAAGTTCATAGATCC	0	0	0			46.57396631	249.6813559	0	1697
TATTTGCGCTTTCTAACAGTTCATAGATCC	0	0	0			0	2.684745763	0	1
TATTTTGGATCTATTTTGGTCTAGATTGAT	0	0	93.72781065			48.51454824	0	0	5548
TATTTTTGGATCTATTTTGGTCTAGATTGA	0	0	1.562130178			0	0	0	2
TCAAGCAGAGATAGCGCCTCTGGGGCTAGG	32	244.9345794	0			0	0	0	2204
TCAAGCGGCGTCGCGGGTCAATCCCCATTG	0	0	1.562130178			0	0	0	1
TCAAGCGGTGTCGCGGGTCAGTCCCCGTGG	0	0	168.7100592			0	0	0	6348
TCAAGCTGACTGTTACAGTCCCAACCCAAA	0	0	0			118.3754977	16.10847458	0	177
TCAATACTTCCACACGTCCCCTCGGACTGT	0	0	0			432.7497703	472.5152542	0	27
TCAATTGTAATCGGCCGAATAACCGTCCTA	0	0	0			0	496.6779661	0	97
TCAATTTTAAATCCTACAAAGGTTTCTAAT	0	0	0			0	16.10847458	0	1
TCACAAGAATAGCCATCACTCTTGTCCAGA	0	0	0			0	158.4	0	5
TCACCACAACATAAATAAACCGTTAGTCTG	0	0	0			791.7574273	2231.023729	0	26
TCACCCTGACCGTGCCCACCCTGGTGTGAA	0	0	0			0	2.684745763	0	1
TCACCTGCTTATCCTATTCTCGTATCCCTC	0	0	0			1.94058193	0	0	1
TCACGAATTCGCCCGACCGCCGTCATCCTA	0	0	0			0	18.79322034	0	1
TCACGAGGAGCATGGGGTTCTAAAGCCTAG	0	0	0			0	1337.00339	0	534
TCACGTACTTATAGGCTTCTCGGGGTAACC	0	0	1.562130178			0	0	0	1
TCACGTGCTTAGAGGATTCTCGGGGTAATC	0	30.95327103	148.4023669			0	0	0	140
TCACTCACAACCGCTTACTCTGCTCCCGCC	0	0	0			1.94058193	0	0	1
TCACTCGAAAGGACAAGATTGCTATTGTTG	0	0	54.67455621			0	42.9559322	0	47
TCACTTTAAGAGCATGGTCCTCTGCGGGGG	0	0	4.686390533			0	0	0	1
TCAGAACCTTTCTCTGACCGCCAAACCATT	0	0	1.562130178			0	0	0	1
TCAGATGTAGCATGACGTTGTGGTCCAGGT	0	0	42.17751479			0	0	0	1
TCAGCAATCTAACATTTCCCCAATCGCCAA	0	0	0			0	2.684745763	0	1
TCAGCAGCACAAATGCTCGCGGGACAGGTG	0	0	0			0	10.73898305	0	2
TCAGCCACCAACACCTCGTAAAGTGACCCA	0	0	1.562130178			0	0	0	1
TCAGCGAGAGTGGTGATTCCCAATTCAAGT	21	0	0			0	0	0	126
TCAGGCGCTCTTTAACATTTCGTGATGCCC	0	0	0			0	13.42372881	0	1
TCAGGGTGTGGTAAGGTCCGATATCAGTCT	0	0	0			0	2.684745763	0	62
TCAGGTGAAATGCGCGGGGAAAGATCGGCT	0	1.345794393	0			0	0	0	31
TCAGTCATAGCCGGGGACGGTGCTACCGGG	0	0	0			2035.670444	698.0338983	0	3818
TCATAAGATGAGACCTGGTAGGGCGACGTG	0	0	0			0	91.28135593	0	5099
TCATAAGTACACTCGCTGGTACAACACGGT	0	0	32.80473373			54.33629403	1817.572881	0	398
TCATATACTTCTCCCACTCTCCCCCTCCCA	0	0	1.562130178			0	0	0	1
TCATATTATCAGATAACAAAGTCGGCAACG	0	0	0			0	10.73898305	0	531
TCATCCTCTCAGATTTGTAGCATCTAGGGT	0	6.728971963	0			0	166.4542373	0	42
TCATGACGCTAGGTTCGCACCCCGACTACA	0	0	0			1.94058193	2.684745763	0	1
TCATGCTGTGGTGACCAAGACCCGGAAACT	22	0	0			0	553.0576271	0	3211
TCATGTTATTGCTGATCAATATGGCTTCCA	0	0	49.98816568			0	0	0	256
TCATTGAAATACGTTTCTTCTACTATTGAA	0	0	0			0	96.65084746	0	12712
TCATTGTAAAGTAAAAAATGCGAAATGGCA	0	0	1.562130178			0	0	0	7
TCATTGTAAAGTAAAAATGCGAAATGGCAT	0	88.82242991	204.6390533			0	16.10847458	0	1819
TCATTTTCTTGCTGCTCACTATGGCTTCCA	0	0	1.562130178			0	0	0	1
TCCAAACTACCCTGACTTCACGCCCTCACT	0	0	0			1.94058193	0	0	1
TCCAAATTACCCTACCCCCGGAACGCCTGC	0	0	0			1.94058193	0	0	1
TCCACAGGTAACGTTGATGGGAAGCTGGAA	0	0	10.93491124			0	0	0	2
TCCACTGCTAGGCGGAAGGCCTTTATGTCA	0	65.94392523	0			0	0	0	1368
TCCAGCTAATCTAGCTGTAGAACAAGGTCT	0	0	192.1420118			149.4248086	918.1830508	0	4
TCCAGGAGAGGGATAGCGGGAAGAGTTATG	0	0	26.55621302			64.03920368	126.1830508	0	1846
TCCCACATCCCTTCCTCCATCAAATTCCTT	0	0	1.562130178			0	0	0	1
TCCCAGGCACCCTATCCTAATATCTCCCGC	0	0	1.562130178			0	0	0	1
TCCCATGGAGTAAGAGCCGCATGCACCGAG	0	0	0			0	120.8135593	0	17
TCCCCATTTTCTTTGTTGTGTGGACAAACT	7	0	203.0769231			0	0	0	5
TCCCCTATACAGGATTACTCTTATACAGTA	0	0	3063.337278			0	48.32542373	0	16588
TCCCCTATCCAGGATCCCTCTTATACAATA	0	0	1.562130178			0	0	0	1
TCCCCTCTTCTCCACCCCCTGACACTCCCT	0	0	0			5.821745789	0	0	1
TCCCGAAATTACTAGGCGCTAAATTGTGGT	0	0	0			0	426.8745763	0	4290
TCCCGACTTCCCCACCCCGTCACTACGTTT	0	1.345794393	0			0	0	0	1
TCCCGGGTACTATACCCCCATACTACCTAC	0	0	1.562130178			0	0	0	1
TCCCTATGTCAGCTCATCTAACGATTACCA	0	0	0			0	2.684745763	0	1
TCCCTCGCATTTCTCCCCTACTACGACTCC	0	0	1.562130178			0	0	0	1
TCCCTCTTAATCCCCTGCTCCCCCGGCTGT	0	0	0			1.94058193	0	0	1
TCCCTCTTTTGCTTAAAGGCGGCAGCAATT	0	0	140.591716			0	0	0	24
TCCCTTGGACGGATGTCGTCCTAGCGGACA	0	0	0			0	56.37966102	0	7675
TCCGACACTGGAGAGGGGGGCAAAGAGTTG	0	40.37383178	0			0	0	0	719
TCCGAGCGTACTTCATGTCTATCTTGCGGA	0	0	0			0	276.5288136	0	61
TCCGATAGTTTGAGTTCGGGTCAACTGAAG	0	0	23.43195266			0	0	0	574
TCCGCCCCATAGGATTTTGCGTTGGTGTAT	0	0	0			0	61.74915254	0	18
TCCGGAATATTCCACCGCGAATTTTATCGC	0	0	14.0591716			0	0	0	137
TCCGGAATTAATTTGTTCAACGCCTAAATA	0	0	12.49704142			0	0	0	6
TCCGGCACATTGTGCTTGAATTATAGGGCG	21	1.345794393	0			269.7408882	2327.674576	0	62
TCCGGTAATGTTGACTCCGACAGCAGGTGT	0	0	0			0	10.73898305	0	410
TCCGTAGGTTTACGCAACTCTGGGGCGCAT	0	0	12.49704142			0	123.4983051	0	9726
TCCTACCAAAAAGTTGCAACTTGTGTGGGC	0	0	0			0	155.7152542	0	280
TCCTCTGATGCGCAAACGTGAACTTGTGTG	0	0	0			0	134.2372881	0	190
TCCTGAGATGTTTTCGTATGGTTATCCATC	0	0	0			0	193.3016949	0	193
TCCTGAGATGTTTTTCGTATGGTTATCCAT	0	0	0			0	8.054237288	0	5
TCCTGTGAAATGCATATGCATGTTGTACCG	0	0	0			5.821745789	0	0	72
TCCTTGTCAAAGCCGGCTGCCTTTTGAGTA	0	0	1.562130178			0	0	0	1
TCCTTTCTCCCCCACTCAACTCACTCCCCC	0	2.691588785	0			0	0	0	1
TCCTTTGATACGAGCAAAGCGTCTTTACGG	0	0	0			0	11128.27119	0	4260
TCCTTTTACCCGCTCACATCTTCTCTACCG	0	0	0			0	2.684745763	0	1
TCCTTTTCACCCGCTGTGGTGATGGGTCTT	0	98.24299065	0			0	0	0	14
TCGAAAATAAGTTGTTACTGAATAGGCAAA	0	0	0			0	5.369491525	0	29
TCGAATTAATAGCAACTACGAAGTTTGGAG	0	0	4.686390533			0	451.0372881	0	16
TCGACTGCTGGGCAAACGAGTCGGGAAGTT	0	0	0			0	671.1864407	0	6396
TCGAGACAATGGCGAATTATGACGGAAAGC	0	0	26.55621302			0	0	0	22
TCGATGCGTGATGAAGACCACTTTAATTCG	0	0	0			0	155.7152542	0	40
TCGCCGCCAGCCACTAGATAGTAGACGGGG	0	0	0			0	37.58644068	0	1152
TCGCCGGTTTAGAAAGATGCTTGATCGCAT	0	0	0			62.09862175	37.58644068	0	28
TCGCGACACTGGCGAATTATGACGGCAAGC	0	0	1.562130178			0	0	0	1
TCGCGCAATGGTGTGATGCCCATTCCAATT	0	0	0			0	193.3016949	0	387
TCGCGGTTATTTATGACAGAGTGAGCATAA	0	0	0			0	21.4779661	0	563
TCGCGTGATTGTTTACCCAGTACTTGGCGT	0	0	7.810650888			4051.935069	1178.60339	0	264
TCGCGTTGCCCCGGACCGCGGAGTTCCTTG	0	0	1.562130178			0	0	0	1
TCGCTATGAGTGCGTTCGACTGTCGTTCAC	0	0	15.62130178			0	0	0	569
TCGGAAATTTTGTCGGGCCGCCAAAACGTG	0	0	0			995.5185299	4529.166102	0	6806
TCGGAAGTAGTAGGGTGTGCGAGCGCCAGA	0	0	0			0	228.2033898	0	90
TCGGACTTAGGCCAAAATAGTTGAGATTCA	0	0	0			0	32.21694915	0	55
TCGGAGAGTTTCTCCTAACGTGCTGCCTCC	0	0	0			0	21.4779661	0	231
TCGGATAGTACTGTTTGGAAGACTTTGAGC	0	0	0			0	550.3728814	0	558
TCGGATGGTCTTCATACTGTAATTGGTTAA	0	1.345794393	0			71.80153139	1844.420339	0	10
TCGGCTATTTTCTAGACAGAAATGCTTGCC	0	0	0			122.2566616	128.8677966	0	160
TCGGGAATATCGGCCAGGACTCAAAGTGTG	0	0	0			0	40.27118644	0	6123
TCGGGGAATAACATGGTCGGTACTGGGGGA	0	0	9.372781065			0	0	0	351
TCGGGTCATCTGGGACGAAAGGCCGCAGAA	0	0	0			0	2392.108475	0	368
TCGGTAATTGACATCGTATTCCCCATTTTC	0	0	0			339.6018377	2123.633898	0	4469
TCGGTCGCTAATCGAGGGGACAAAGGTGCA	0	29.60747664	0			0	0	0	5623
TCGGTGGTTTGGTTCAAATAGGCCATATTA	0	0	0			0	1887.376271	0	48
TCGGTTGCTTTATTGCATTATATGGCATCT	0	0	10.93491124			0	2268.610169	0	41
TCGTACGATATTAGATGGCCGGGCGAGACA	0	0	0			0	80.54237288	0	58
TCGTAGCGTGAACCGGGTCACAGGACGTGA	0	0	6.24852071			34.93047473	26.84745763	0	3
TCGTAGTATAGGGGGAGGAGATCAAGGTTA	0	0	1.562130178			0	0	0	656
TCGTCGGCATAGGGGATGCATGAGATGTGT	0	0	0			42.69280245	375.8644068	0	9
TCGTCTCCTACGATTAAGAGGTTCGGCTAC	0	0	0			5.821745789	166.4542373	0	1077
TCGTGAAAAGGACATGAATACGATTGAAGG	0	0	0			0	18.79322034	0	96
TCGTGATCTAGAAAATTTAATGCGTGGGGC	0	0	0			0	26.84745763	0	13868
TCGTGGAAAAGGGGTGGTAGTAGGGGAGGG	0	0	0			7.762327718	217.4644068	0	3077
TCGTGGAGATGCAGACGTTTGAGGGAGAGA	0	18.8411215	15.62130178			139.7218989	289.9525424	0	3
TCGTGGTATAAGGCTGACACTTCAACGGGG	0	1.345794393	0			0	0	0	5
TCGTGGTATCGCTGCGACATTATGTATCGG	0	0	0			29.10872894	775.8915254	0	4562
TCGTGTAGATGGTTGAGGGTATTGGGCTTG	0	0	0			0	652.3932203	0	48
TCGTTAAAAAGTTGTTAAAGCAAGGCACCG	0	0	0			0	32.21694915	0	29
TCGTTGGGAAGGGGCGCAGGGGGCTGGACG	0	0	49.98816568			1207.04196	1100.745763	0	44
TCGTTTACAAGGGAAGCCCACGTTCCAAGA	0	0	0			46.57396631	32.21694915	0	970
TCGTTTCTAGGATGAAGCAAAATAGTCTTC	0	0	0			0	2.684745763	0	8
TCGTTTGGTTCTGTGCTTTCCCTCTCTGAT	0	0	0			0	2.684745763	0	1
TCTAAACATAGCCTTCTGATTTCTACGACT	0	0	0			3.881163859	2.684745763	0	1
TCTAACCCTCGTTCTTCGCATCCTCTACTT	0	0	1.562130178			0	0	0	1
TCTAATTATGTTGTTTTCGTATGTACGGCT	0	0	0			0	107.3898305	0	409
TCTACCGATTTTCACAACTGATTAACAGCT	0	0	0			0	5.369491525	0	5
TCTACGGCTCGGAGGGGCGGAGGGGACGGG	0	0	0			0	69.80338983	0	1
TCTAGCGTTACAAAGATCTTGAAGTGATTA	0	0	0			0	617.4915254	0	130
TCTAGGTGTTAGGAGGAGGGTGGATAGCTC	0	61.90654206	0			0	13.42372881	0	329
TCTATCAGATGCCGATCGCCACGTGGCACC	0	0	0			0	8.054237288	0	184
TCTATGAAACAGAGTGTCTGTGACACGCAT	0	0	0			7.762327718	115.4440678	0	5
TCTATTAAATATTATACTAAATGGGACCTC	0	0	1.562130178			13.58407351	2.684745763	0	1
TCTCACTACTCCAAATGCTGAGTCGTCACA	0	0	0			1.94058193	0	0	1
TCTCCCAATCGTTCGAGCCGTGTTAGCGAA	0	0	31.24260355			0	0	0	13011
TCTCCCCCCCTCCTACCTCCCGAACGCACT	0	0	0			1.94058193	0	0	1
TCTCCTTGTATATGTCAAAAGAAGGAATTT	0	0	115.5976331			0	29.53220339	0	10239
TCTCGCGGAGGGTCGCAAACAGAGGGGCGG	0	0	0			0	40.27118644	0	5
TCTCGGTATATATTTTTAGAACAAAAGTCA	0	0	0			1.94058193	16.10847458	0	1
TCTCTGTCCCCCATCACTCCAACCACCCAA	0	0	0			1.94058193	0	0	1
TCTGAAATACCAGGGCGTAGTGACTTCAAT	0	0	0			182.4147014	300.6915254	0	211
TCTGAACGAACGTTTGCCCAGCATGCAGCT	0	18.8411215	0			1096.42879	24.16271186	0	125
TCTGACTATCAGGAAGAATTGTATGACCTG	0	0	7.810650888			0	0	0	118
TCTGAGGCTCTGACGCCTTTGTTATGGCAG	0	0	15.62130178			0	0	0	299
TCTGCCAAAATCTATAGGTCTTCCGTGCAA	0	0	0			7.762327718	18.79322034	0	6
TCTGGAGATCCCGGATTCTTTAATAGTACC	0	0	128.0946746			0	0	0	16
TCTGGGTCTTTGAGTTCTTATGGGAATGAT	0	0	0			0	171.8237288	0	1072
TCTGGTACCGCTCCTTCGACTCGCCCTGCT	0	1.345794393	0			0	0	0	2
TCTGGTATAGCGTATTCGACGGGCGCTGTT	28	1701.084112	143.7159763			0	4915.769492	0	24202
TCTGTCAATGGAAGGAGCGTAATGTGCCCG	0	0	0			0	255.0508475	0	5
TCTGTTATCTCTTATCCTCCACTCTCTGTT	0	1.345794393	0			0	2.684745763	0	1
TCTGTTGAAGTAGATTCGTATGGAAAGCGG	0	0	4.686390533			0	59.06440678	0	142
TCTTAGTGTTATGTGCTTGGCCAGATTGAG	0	0	0			0	61.74915254	0	11
TCTTCCGGACGATGGGACAGCTGATTTCAT	0	0	0			0	2.684745763	0	6
TCTTCTTTTGTATTAGCCTTACTCTGTAGC	0	0	0			0	289.9525424	0	4
TCTTGAAGACGTAGGGGACGGTGAGTGTAG	0	0	0			0	8.054237288	0	11
TCTTGGTTATGGGAACTGCCAACGCGTTCT	0	0	0			0	5299.688136	0	1664
TCTTTACCAGTTAGACGTGATTTCACCGGT	0	0	0			0	5.369491525	0	11
TCTTTACGATGGATAGTGCAGAACTAGGCT	0	0	0			0	182.5627119	0	35
TCTTTAGCTCTCAAAGTTCTAAAACACGGG	0	0	0			0	2835.091525	0	544
TCTTTAGCTCTCCCAGTTCTAAAACACAGG	0	0	0			0	2.684745763	0	1
TCTTTATCTTGATCTTGCATCCTGTTGTAT	0	0	54.67455621			0	1226.928814	0	27
TCTTTCTGAGCCGATGAAAAATTTTACCGC	0	0	0			0	228.2033898	0	858
TCTTTGATTAGGCCAATAAAGGAGTTAATT	0	0	0			0	96.65084746	0	3688
TCTTTTGCATTAAGCTCGGTGTCGTAGACA	0	80.74766355	67.17159763			0	0	0	55
TCTTTTTAAGAGATCTTGTACTCTATCTAG	0	43.06542056	0			0	10.73898305	0	7
TGAAAGTGACATTGACTGTAAGTACTCGTT	0	0	0			3192.257274	4717.098305	0	485
TGAAGCTGAACACCCGCGAGCCCCTAAAAA	0	0	0			0	1476.610169	0	24
TGAAGTGGTTACGTCGTTCACGAGTGCCTT	0	17.4953271	337.4201183			0	0	0	5
TGAATCTGAGACTTGGTGACTGACGGGGAG	0	0	0			0	18.79322034	0	4
TGAATGATATGGGATGTTTGACCCGAATAG	0	0	0			5.821745789	0	0	1
TGAATGGGATGGGTGCGCGAGAGGTTCAAG	0	0	0			166.8900459	510.1016949	0	128
TGAATTATAAAGAAAGCTGTGTTTAAATAT	0	6.728971963	0			0	0	0	8
TGACAACACTTCATCTCTGGCTATGCCACT	0	0	3.124260355			0	0	0	1
TGACAACTAGTACTTTGCTGCTGAAGGGTG	0	0	0			0	72.48813559	0	217
TGACATATTGACAGGCATCGCCTTCTATAC	0	0	0			0	16.10847458	0	4
TGACTAGAATACAGGCAGACTCAGCGCGCT	0	0	0			0	2.684745763	0	1
TGAGAATATGTCGTTGATGGATGGGTCAGT	0	0	592.0473373			0	3890.19661	0	15067
TGAGAATTAGTTGGAGTTCTTGACGGTTAG	0	0	0			46.57396631	212.0949153	0	4515
TGAGACCGTGAGTATGTGTAGGTGGCACCG	0	0	7.810650888			17.46523737	703.4033898	0	2821
TGAGCCTTCGTTGGCGTTCTTGACGGTTCG	0	0	0			1.94058193	0	0	1
TGAGCTCTACAGGCGGTACGGTAGAGCCAG	0	0	0			0	48.32542373	0	5
TGAGCTGCTCAGATCACTAGTGACGTTTAC	0	0	0			0	2.684745763	0	22
TGAGGCGGAGCTGCTGAAGTTTGGGGACAT	0	0	0			0	18.79322034	0	1
TGAGGTTAAGTTGTCCCTGATTAACCTAGT	0	0	1.562130178			0	292.6372881	0	2
TGAGTAATTACTCTTGAAGCTAGAAAATGA	0	0	0			0	5.369491525	0	2
TGAGTATAACGGGAGCTCGTAGGGGGATGT	0	0	0			640.3920368	284.5830508	0	2198
TGAGTATCATGATAGCTGTGTTGAATTGTC	0	0	0			0	147.6610169	0	898
TGAGTGAGTGCTTGCATCGTGGGTGCAAAG	0	0	0			0	29.53220339	0	6
TGAGTGCTAGTGTTCGGTCAGTGTTACTTT	0	10.76635514	0			0	0	0	5
TGAGTTCATGAGTAGGGGTTAGGTTATCGT	0	0	120.2840237			7.762327718	0	0	2786
TGATAGCATTCAGTATCGTATATAGGTTTT	0	0	0			0	171.8237288	0	318
TGATAGGTTCGAAGTCGCATCGGGCATGTG	0	13.45794393	0			0	0	0	506
TGATCACTTCCGGACGAGCGTTAGCCGCGT	0	0	0			0	45.64067797	0	311
TGATCCAGTCATGCTAGGGTTATAGTCCGA	0	0	68.73372781			0	212.0949153	0	304
TGATCCTTTAGCTTTTTCGTTCGTATAATT	0	0	0			0	18.79322034	0	2388
TGATGCGCTGGGATTATGTTGCTCTGCAGA	0	0	0			0	26.84745763	0	20
TGATGGAGTTATTCCCCGGACCTTTTACAA	0	10.76635514	0			0	0	0	35
TGATGGCCAGAGTTCATATTTATGATCGTG	0	0	0			0	85.91186441	0	194
TGATGTATATATAGGTACAATCACTAACGA	0	0	293.6804734			60.15803982	0	0	277
TGATGTTGATCAAGTACTTGCACTAAACCC	0	0	0			0	338.2779661	0	7
TGATTGCGTGCCACGGCCAAATTTAAATAT	0	787.2897196	0			0	225.5186441	0	2749
TGATTTTAAGAGAATGGTACTCTGCGGGGG	0	0	513.9408284			0	0	0	38
TGCAAGCTTGTGAGCCTAGATATAGAAGAT	0	0	4.686390533			60.15803982	134.2372881	0	35
TGCAATATAGCCCAACCCATTAGAAACATG	0	0	888.852071			0	3978.79322	0	2204
TGCAATTAATTTCGCCAGAAGAAAGCGGAA	0	4.037383178	0			283.3249617	754.4135593	0	694
TGCAGAGCATCGAGGTGAACCAGCGTTTCG	0	0	0			1412.743645	668.5016949	0	85
TGCAGATATGGCACTGGTGGCAGCCCGATG	0	1.345794393	20.30769231			0	29.53220339	0	1088
TGCAGCTATGGCCCTGGTGGCAGCCCGCTG	0	0	0			0	2.684745763	0	1
TGCAGGTTATTGTTGGCGCCGAGCGAATGG	0	0	0			0	2.684745763	0	27
TGCAGTTTAACGTCGATAAGCGCATTTCGC	0	16.14953271	0			32.9898928	110.0745763	0	925
TGCATACTTCTGTATAGCACTCTATGGAAT	0	0	0			1.94058193	29.53220339	0	70
TGCATGTCTTTTTCGGAATCGATGTATATC	0	0	0			0	18.79322034	0	5
TGCATTATTTGGTGTCGGGTCATGCGCTGA	0	0	0			0	579.9050847	0	367
TGCCCCTCTTGTCACATTAACGACCACTCA	0	1.345794393	0			0	0	0	1
TGCCCGAAATCCAGAGATTATCGCAGCATA	0	0	0			0	118.1288136	0	23
TGCCGAAGTCCAATTGCAGCGCCAGTCCAT	0	0	0			1.94058193	0	0	1
TGCCGTTTTCACCAGGGTTAGTTCCAGATG	0	0	0			0	244.3118644	0	1
TGCCTAAGTTGTAGATTCGGATTCTATGGT	0	0	135.9053254			0	123.4983051	0	260
TGCCTCTTTCTGGTGTGGATTCAAGCTCAT	0	0	0			128.0784074	5756.094915	0	1734
TGCCTTTTATGTATGCAAATGGTATGTAGC	0	0	3.124260355			0	0	0	4
TGCGAACATTATGTTCTACACCTTATGCTT	0	0	0			3.881163859	2843.145763	0	100
TGCGAACCCCTCGTCACCCCACACTTCATT	0	0	0			0	2.684745763	0	1
TGCGAAGTAGTGGTACCGGTGTTAGTTCTC	0	69.98130841	0			0	8.054237288	0	12
TGCGAGGGTCTATTCGGCTCACTGTCATCC	0	1.345794393	0			9.702909648	0	0	183
TGCGCTACAAGATTTATGATTTGAGACGTA	0	0	0			0	171.8237288	0	800
TGCGGGATACGGGGAATCCCAAACTGTATT	0	0	0			0	1554.467797	0	5251
TGCGGGTGTTGCAGGTTCGAATTGTATCTG	0	0	0			1416.624809	679.240678	0	96
TGCGGTAGTCTATCCAATTGATGCGGTAGG	0	0	0			36.87105666	139.6067797	0	239
TGCGGTTACCATCGCTAGTTCCCGACAGAG	0	0	1.562130178			0	0	0	1
TGCGGTTATCATCGCTGGTTCCTGGCAGAG	0	17.4953271	548.3076923			0	0	0	5753
TGCTAGGATTGGATGCTTAGGTCCTTGGTT	0	0	0			0	596.0135593	0	3403
TGCTCCCTTCGATTACCTCTGACATTCCCT	0	0	0			0	2.684745763	0	1
TGCTGCGTATGTGGTAGTAGGGAAGGTGAG	0	0	0			133.9001531	32.21694915	0	43
TGCTGGAAATGGCGTCGTTTGCCGTTGGCA	0	1.345794393	0			0	0	0	1
TGCTTACTAACGTCGATAGAAGCCTGGAAA	0	0	0			0	32.21694915	0	3816
TGCTTTCAAATAGACCCGTGACCACCGTCT	0	111.7009346	340.5443787			15.52465544	118.1288136	0	1979
TGCTTTGAATGCACGAAGTCTCCGCCTGGA	0	0	0			17.46523737	0	0	4
TGGAACATTTACTAGTACGGAACGTATTGG	0	0	0			0	16.10847458	0	9
TGGAAGGCAGCATGATCTGTGGGTACCGTT	0	0	0			46.57396631	128.8677966	0	325
TGGAATGATATATGCGAGACGTAGTATAAA	0	2.691588785	17.18343195			0	0	0	402
TGGACGGCATCAATGTGGTGGCGATCGTTG	0	1.345794393	0			0	0	0	110
TGGACTGGTGATGTATGGGCGGACTGGAGC	0	6.728971963	0			0	0	0	5
TGGAGACCACTGGCTAGGGACTGAAGGGTT	0	0	0			40.75222052	26.84745763	0	1
TGGAGGCGAGGGTATGTGGGAGCTCTCTTG	0	0	0			1.94058193	0	0	3
TGGAGTGCAGACTCGAGTAGGGGCCATCGG	0	0	60.92307692			0	0	0	285
TGGCATAAATGAGCGTGGTGTGAATCAGTA	0	0	1.562130178			0	0	0	1
TGGCCGGGTGATTCTGGGGGAGTATACTGC	0	0	0			3137.92098	9211.362712	0	13963
TGGCCGGGTGATTCTGGGGGGAGTATACTG	0	0	0			3.881163859	5.369491525	0	3
TGGCGGCAAGGTTGTACTGATGAAAGCTCC	0	0	0			0	18.79322034	0	134
TGGCGTAGTCGGTTCGATTGGTACAAGCGA	0	0	0			7.762327718	327.5389831	0	54
TGGCTATCTTGGCACAGTAAAGGCAAGTTA	0	21.53271028	0			0	32.21694915	0	740
TGGCTGACAAGGATAAACAGAAGGAGCTAG	0	0	0			0	212.0949153	0	701
TGGCTGCTTAAAGGTGTGGGGGAACAGACG	0	0	0			38.81163859	287.2677966	0	261
TGGGAATAATCACTCGGTGCATCGCAAGGT	0	4.037383178	0			0	1720.922034	0	207
TGGGACAAAGCATTCCCGCGCGATTAGGTC	0	0	0			0	8.054237288	0	15
TGGGATACACGCCTAGCTTATAGGGTTTTA	0	25.57009346	0			0	0	0	122
TGGGATACTTCCTGGCTATAAATCGTGCGC	0	0	0			0	2.684745763	0	2
TGGGCTTATCGTTGATTGGCTCAAGATGTG	0	197.8317757	0			0	13.42372881	0	176
TGGGGAATTTCTCTTAGATTAGTTCGTAGT	0	0	0			77.62327718	24.16271186	0	15
TGGGGATGTGTTGGGGGGATGTGGAACTTG	0	83.43925234	7.810650888			0	0	0	6761
TGGGGGTGAGGCAAACTCATGTCGTTGCGA	0	48.44859813	0			17.46523737	0	0	42
TGGGGTATTTGAGAGGAGGTTGGATGGGCA	0	0	0			230.9292496	271.159322	0	5
TGGGGTTGATGTATGGAATGGGCGGGCTGT	0	0	10.93491124			0	0	0	1241
TGGGTGATAGGGCTGAGGGTGTAGAGTAAT	24	125.1588785	0			0	53.69491525	0	1449
TGGTCCCAATTGCTTCTAGGTGACACCGTG	1	0	7.810650888			0	0	0	7
TGGTCGGGTGTGGCCGATCGATCCAAGCGG	0	2.691588785	0			0	0	0	45
TGGTGAATTTTGTGTTATCTTGTCGTTTAG	0	0	6.24852071			31.04931087	163.7694915	0	203
TGGTGCAATTAAGAGGTGACCTATTGGAGC	0	0	0			0	123.4983051	0	88
TGGTGCAGATGGAGGGTCAAGGGTGGGGTG	0	0	0			23.28698315	190.6169492	0	2
TGGTGGAAAGAAATCCGTGAAATCTTCGGC	0	0	0			0	5.369491525	0	20
TGGTTTAAATTTCGTCGAGTGAGAAGGTTT	0	0	0			7.762327718	5.369491525	0	3
TGTAAAATTTTTACCTGCGTGCCTTTGGAT	0	0	0			0	10.73898305	0	24
TGTAACTGATTTCGGGATGATATAGGAGAG	0	0	14.0591716			0	0	0	1135
TGTAATAGACTGAAGGTTCGGGGGCGTCGA	0	0	0			15.52465544	29.53220339	0	2
TGTAATCATTTTGTGTGATACCGGAGGCGT	0	0	0			0	13.42372881	0	50
TGTACGGATATATAGTCTGCCTTGTTGGGA	0	0	23.43195266			0	461.7762712	0	9874
TGTACGTCACTTTATTGATTTTTGCGTTAT	0	0	0			27.16814701	324.8542373	0	2
TGTAGTCGTAGATAGTAAGCTGGGGCCCTA	0	0	0			0	295.3220339	0	2992
TGTAGTTTAAGTCGAAAGTCAAGGGTACAG	0	0	0			0	144.9762712	0	6955
TGTATAGATTGTGGCTTCCGGCGGCTTGGG	0	0	0			0	29.53220339	0	76
TGTATCATTTCATCATCGCGTTTTAGGGGG	0	0	0			36.87105666	112.759322	0	34
TGTATTTAAAATTGTACACGTTCTCGGATT	0	0	0			263.9191424	461.7762712	0	132
TGTCAATGATGGTCAATCTGTGGGGTATGA	0	0	0			0	695.3491525	0	280
TGTCGAAGTTCTGACGCACGTACTGAGTTG	0	0	0			0	1379.959322	0	4565
TGTCGCTTAGCGGGTGTGGGCGCGAAGGCG	0	18.8411215	0			0	0	0	6900
TGTCGGAAAGTGATATGGGCGAAAACTCCG	0	134.5794393	179.6449704			89.26676876	26.84745763	0	161
TGTCGGGTACGTTAGCTTCTGGTCGATGAT	0	0	10.93491124			0	99.33559322	0	1395
TGTCTCGGTAGGTCGTTTAAGATATCGCCT	0	40.37383178	0			40.75222052	257.7355932	0	17
TGTCTTGGTAAGCCCCAAAGTCAGTACGTT	0	0	0			0	21.4779661	0	67
TGTCTTTAACCTTTTCGGAATTACATGGCG	0	63.25233645	0			0	110.0745763	0	27
TGTGAAATAGTTCGAACCCCCCAAAGCGGT	0	0	0			0	13.42372881	0	24
TGTGACATTGCCTTACTTCGTATTAGAGCT	0	0	139.0295858			31.04931087	405.3966102	0	359
TGTGAGATTCGCACCTAAAACGTGTTTCCG	0	0	0			0	13.42372881	0	2
TGTGATTAACCGCATCTAGCTTGTCCATTT	0	17.4953271	0			0	0	0	2632
TGTGCCCCAAAGGAGGGAGCTAGGGGTCAT	0	0	196.8284024			0	0	0	2677
TGTGCCGATGGTGGACTATCCATTAGGGTT	0	0	343.6686391			0	0	0	4009
TGTGCGTATAGAATACACGTAATCCGATTG	0	9.420560748	157.7751479			0	0	0	65
TGTGGAAATGGACGGGTGGTGCTGGGGGAC	0	0	6.24852071			25.22756508	324.8542373	0	6
TGTGGAGCACGTGTAGGGGTAACGGTTGAA	0	0	0			23.28698315	10.73898305	0	30
TGTGGATTAGTTTGCAAGTGGGACCTCCGA	0	0	4.686390533			0	0	0	2
TGTGGGTGAAGGTGGGGTGGCCCGTTTAGC	0	0	0			1.94058193	0	0	27
TGTGTATGAGGAGTAAGTTCCGCCTGGTCC	0	0	181.2071006			1078.963553	3441.844068	0	580
TGTGTGGGTAGGTGAATAGGGATACGTTTG	0	6.728971963	0			0	0	0	2
TGTTAAGCTTAAAATTACGGGGGTCAACAA	0	0	0			0	126.1830508	0	14
TGTTAATCTTGTATTTGCTTGTCACAAGCA	0	0	0			0	324.8542373	0	1286
TGTTAGAGTGAAGTCCGAGCTTCCGTTCTG	0	0	278.0591716			0	0	0	4627
TGTTCCAGAGAATGTATTACGTGCGAAGAT	0	0	0			888.7865237	330.2237288	0	4445
TGTTCCCCACCATATACCTCTCTTATCCAT	0	0	1.562130178			0	0	0	1
TGTTCGGCTGACGAATCAATAATTAGTAGG	0	0	0			0	2.684745763	0	1
TGTTCGGTAATTTTTAAGAAGTGTTCGGCC	0	13.45794393	43.73964497			1533.059724	3836.501695	0	91
TGTTGACATCCTGGAAAAACTACTGACAGT	109	0	0			0	0	0	70
TGTTGATCTTCAGCGAATGATGCGAGAAAG	0	0	7.810650888			0	0	0	68
TGTTGTAAATTCTTTTAATTAGGTTGGTAA	0	0	0			143.6030628	652.3932203	0	859
TGTTTAGGTTTTTGTTTCCGAGTACACGAT	0	0	4.686390533			0	0	0	1134
TGTTTGAGAGGAATTTAGTAAGCTAGTTAG	0	0	3.124260355			0	34.90169492	0	162
TGTTTGCGTGGACCTTATGTTGGAGTATCG	0	0	0			0	56.37966102	0	2
TGTTTTAGTGTTGCTTAAATGGTATAGATT	0	6.728971963	18.74556213			0	0	0	5
TTAAATACATGGAGTATCTTTATTTGTGTG	0	0	10.93491124			0	0	0	17
TTAACGAACAATGACGTCGCAAGCGTAGTA	0	0	0			1.94058193	0	0	1
TTAACGTATGGTTTTAACAGAATGTTATGT	0	0	34.36686391			0	0	0	1
TTAAGAGGATGGTTCCTAGACTGGGGCATG	0	0	0			0	558.4271186	0	30
TTAAGATGTTGGTGGGAATTTGGTCACTGA	0	0	0			15.52465544	1079.267797	0	13
TTAAGCAATTCCCGTTATACTATTGTTATT	0	13.45794393	48.4260355			0	0	0	36
TTAAGGATTGATAGGTGTTTCAGGTGAGCA	0	0	1.562130178			364.8294028	1183.972881	0	13
TTAATATCTAACGGTACGTAGGATGAAGGG	0	0	0			0	8.054237288	0	84
TTAATCTCAAGGTATTGTGCGGCCACAGGG	0	0	0			211.5234303	416.1355932	0	54
TTAATGGAAAATGACGTCGCAAGCGTAGTA	0	0	0			3.881163859	0	0	28
TTAATGTTTTGAGGCACGGCATCATTATGT	0	0	0			0	13.42372881	0	13
TTACAGAAAATGGTCCAGATATAGCTGGTG	0	0	0			0	16.10847458	0	37
TTACATATTGCAGTCCACCGGGGGTCCAGT	0	0	0			452.1555896	577.220339	0	37
TTACCACTATAGGTGGTATCTCTGGGCAAA	0	0	0			0	8.054237288	0	107
TTACCCCACTAACCTCTGACTCCCATTCCA	0	0	0			5.821745789	0	0	1
TTACCCGTTAATCCCTTAGACGCCCACCCC	0	0	0			1.94058193	0	0	1
TTACGCATAAGGTGGGTAACGAACGTCTTG	0	0	0			0	5.369491525	0	14
TTACGGATACCCCAGAGAGTTGGGTTCGGG	0	0	0			0	373.179661	0	348
TTACGGTGAATATAGCGTCATCAGGGGATA	0	0	515.5029586			0	370.4949153	0	13821
TTACGTAATTATTCGCGGTGCAGTCTGGCA	0	0	0			0	24.16271186	0	19688
TTACGTATTTTGGGTTTATGAGAAACATGT	0	0	0			192.117611	230.8881356	0	11
TTACGTCAAGTTAATCCAAAGCATCCCGAA	0	0	0			0	332.9084746	0	25
TTACTCCTCAGCTTTCCTATGACTGTAGTC	0	1.345794393	0			0	0	0	1
TTACTTAGAAGTTTTCCTATGGTTGGGGTC	0	238.2056075	0			11.64349158	0	0	663
TTAGAAGGTTGGATTGTGATTATGCTCGAG	0	0	0			0	13.42372881	0	1
TTAGAGATATGGCGTTGACCGAATCGCCGG	0	0	17.18343195			3.881163859	461.7762712	0	146
TTAGAGGATGCACGACCGCGATCACTTACA	0	0	21.86982249			7.762327718	0	0	212
TTAGAGGGAATGGAGGCGTGACGTGAGTGC	0	0	0			0	18.79322034	0	1490
TTAGAGTCAGGGAGTTTGTCTGGAGTGCTA	0	10.76635514	0			0	0	0	121
TTAGCATGTACCGAATTGTCCTGCCGTTGA	0	0	0			0	99.33559322	0	8046
TTAGCGGATTTTGGTTCAGCGGGGCAAGAT	0	0	0			0	80.54237288	0	5
TTAGGATTTTTTTATTGAACTAGTAGGAGT	11	6.728971963	17.18343195			0	75.17288136	0	1369
TTAGGCCTTATTATCCGTTAGCGTCTTGCA	0	0	0			0	1243.037288	0	230
TTAGGTCGAATCACACATATATGGATCTGG	0	0	0			0	147.6610169	0	273
TTAGTACTTAAGTTGATGAATTGTTCTGGG	0	0	159.3372781			0	85.91186441	0	4001
TTAGTATTTGGGAGCGGAGGTGGTTCTGCG	0	0	1.562130178			9.702909648	16.10847458	0	791
TTATAGGTAAGGAGCAGTGGGTGTGCGTTT	0	0	0			0	5.369491525	0	14
TTATCGAGACAATCGGATGAAGGTATAGTG	0	0	40.61538462			0	2.684745763	0	154
TTATCGGCTCTGACAATGGAAAATCTTTAA	0	0	0			0	21.4779661	0	592
TTATTAAAACGGATAAGAATTTAGTAATTG	0	0	56.23668639			0	0	0	113
TTATTATAATTAGGTCATACTTATGTAAGC	8	0	0			0	8.054237288	0	11
TTATTATCCATCGTGCCTCCGACGTTCCAT	0	0	0			1.94058193	0	0	1
TTATTCAGTGAAGACATTCTAGCCGGGCCA	0	0	0			0	45.64067797	0	383
TTATTGGAACAAGCCCCGTCACAGTAATCG	0	0	0			0	10.73898305	0	3
TTATTGGTATGTGATTAAGTGACGACGGCT	0	0	0			0	59.06440678	0	2222
TTATTTTGTCGGATTTAAGCTTGAATGTCA	0	4.037383178	0			0	0	0	5
TTCAAATCAGCAGGGGGCCTCTACGGAGGC	0	0	20.30769231			0	56.37966102	0	12
TTCAAATTAGCGGGTCACTGTTGAAGTTCA	0	0	0			1222.566616	1100.745763	0	20
TTCAAGATTATGGCGTATGGTGGCAGGTTG	0	0	0			0	5.369491525	0	266
TTCAAGTCTCAGGGCACCATTGTGTGGTTG	0	17.4953271	0			0	0	0	90
TTCACTGCACGTTTGTTATTTGTGTTGAGA	0	6.728971963	0			0	0	0	87
TTCACTTTTGCCAAACCGAGCCTGTTCAAT	0	0	0			0	10.73898305	0	559
TTCAGCGCAAAAACAGGGGATTGGGCGGGG	0	0	1.562130178			0	150.3457627	0	1881
TTCAGTGCATAAGGGAATGCGTCGGTATGG	0	0	0			0	8.054237288	0	1
TTCATGGCTCGCACCGATGTCGGGTCGGAT	0	0	0			0	2.684745763	0	1
TTCATGTCAGCCCCGCACTACCGCCTGAGT	0	0	0			0	5.369491525	0	12
TTCATTCATACTGGGTTTGTGGAGGACTTC	0	0	0			2111.353139	864.4881356	0	544
TTCATTTTTATGGCTCCTTGTCTCGTGGAG	0	0	0			353.1859112	1288.677966	0	8085
TTCCCTAAACCCACCTTCGTTCAAAGAGGA	0	0	0			227.0480858	1519.566102	0	10
TTCCTAATCCTGCCAATCCCAAACCTCATC	0	0	0			0	2.684745763	0	1
TTCCTACCATCCGCCACTCCACAACATGCC	0	0	0			0	2.684745763	0	2
TTCCTCAACCTTCTTCCCACGCCCGGGTCC	0	1.345794393	0			0	0	0	1
TTCGATTATGTTACACTTCACTAACGCAAA	0	0	0			0	13.42372881	0	81
TTCGCCCGTTATCCAATGTAACAAGCTACC	0	0	0			0	2.684745763	0	1
TTCGTATTATACTTGTAGACTCAGGGCTGC	0	0	0			0	72.48813559	0	352
TTCGTCGGATTTCGACCTGGTTGCGAAGAC	0	0	62.4852071			0	1347.742373	0	838
TTCGTGTAAGTTATCGAATTTATGCACATC	0	0	0			0	32.21694915	0	4
TTCTAGTCTATGCATGTGAGTGTGCTGCTC	3	0	0			0	0	0	49
TTCTCAGCAAAAAATCTCTAAAGTTATCCA	0	0	0			962.5286371	4445.938983	0	787
TTCTCCCACGGTGTCCTACCCATTATGGCT	0	0	1.562130178			0	0	0	1
TTCTGGCGTCGTTCTTTAAGGAAGGGCGCT	0	0	159.3372781			0	0	0	554
TTCTGTCATGCAGTAAGAGCCGTCAAGATT	0	0	0			0	252.3661017	0	868
TTCTTAAAATATGCCGTTACATAATAGGCC	1	0	54.67455621			143.6030628	7133.369492	0	15869
TTCTTCCGAGTCCTTTTCGAGTTTTACTAG	0	0	0			0	69.80338983	0	3
TTCTTTCAAACAATCGGTTAAAGATATATC	0	0	0			23.28698315	77.85762712	0	33
TTCTTTCTATTGCCCCGCACCGTCCTGACC	0	0	1.562130178			0	0	0	1
TTCTTTTTAGAGGGGTCTTTGCCAAATGGG	0	0	0			0	42.9559322	0	129
TTGAAGTTTGTTTTCTTTCTGTGTGGTAGT	0	0	0			0	134.2372881	0	452
TTGACCACCTTGCACGTGCTTCGGATCATT	0	0	0			1.94058193	0	0	1
TTGACCACTTTGAACGGGCTTCGGATCATT	0	0	0			149.4248086	241.6271186	0	531
TTGACCGATTAACCGTTGGCGCACAGTCAA	0	0	0			2540.221746	566.4813559	0	4202
TTGACGACTACAGTTTGGTGTAAAGTCGAG	0	0	0			0	193.3016949	0	1246
TTGAGAGATGGGGTTGTGGGGTCTGCGGTT	0	0	0			390.0569678	1817.572881	0	6957
TTGAGGAGTTAACTGCCCCGTTTTGCCCTA	0	0	182.7692308			0	0	0	586
TTGAGTATATGTTGGAAGGCGCGGCGGGTT	4	0	0			0	0	0	1236
TTGAGTTAAGGGGATGTTGGGGACGTAAAT	0	0	0			0	13.42372881	0	3905
TTGAGTTTTACAATCATGACCGGGTCACTA	0	0	0			0	8.054237288	0	1
TTGATAGTTGAAAATGATTCTGAACGTGCC	0	0	0			0	8.054237288	0	31
TTGATGCGATGAGTCTGGAGCGCGGGATGT	0	0	0			0	2.684745763	0	1
TTGATGGATTATTTTACTTCTTTCATATTG	0	0	0			0	24.16271186	0	2
TTGATGGGAAGGGTACGGATGAGTAACCAC	0	0	239.0059172			0	332.9084746	0	807
TTGATTACTAGAGGAAGATGTTGCGCTTGG	0	0	0			15.52465544	0	0	6
TTGATTGCTGTGGGTTGGACGTGTGGGAGC	0	0	59.36094675			0	0	0	2958
TTGATTTGACTTCTTTTGTTAATTAGTCTG	0	43.06542056	0			471.5614089	273.8440678	0	621
TTGCAGATTCGGTAAAGTTTACAGATAGGT	0	14.80373832	0			1.94058193	195.9864407	0	40
TTGCCCCGTTACAAGTTTTTATTCTCACGG	0	2.691588785	81.23076923			0	37.58644068	0	4183
TTGCCGTATACCTCTCCCGAAGTCTACTCC	0	0	0			0	2.684745763	0	1
TTGCGAACAGAAAAATGCTCTTCTAGTAGC	0	0	0			0	91.28135593	0	3
TTGCGCAGAGCAGTATGCCTGTACTATCAG	0	0	0			0	18.79322034	0	1
TTGCGTGCACATATGGTCTGGACGGCATTC	0	0	1.562130178			0	0	0	1
TTGCGTGGTATAGGAATTAATTACGGGTTA	0	9.420560748	0			0	2.684745763	0	36
TTGCTAATTCCCTTGGGCGGCAGGACGATG	0	44.41121495	67.17159763			9.702909648	735.620339	0	8288
TTGCTCTGTCTTGGTTAGTTTAGGGTCAAT	0	0	1.562130178			0	0	0	4
TTGCTGCCTTTGTCCCCGATGGGAGTTGCC	0	0	0			0	1600.108475	0	458
TTGGACATTAAAGACTCGTCTATTCACATG	0	0	0			0	13.42372881	0	26
TTGGCAACAAGGTTCCTTGCAAGAGCTACT	0	0	28.1183432			0	4942.616949	0	954
TTGGCAGGTACAATTACTCGGCCGGGGACA	0	0	0			483.2049005	453.7220339	0	28
TTGGCGCGACGCTAACTGTAGAGACTGTGT	0	0	6.24852071			7.762327718	346.3322034	0	5
TTGGCGGGTAATCGTACTTGTATACATTGC	4	0	0			95.08851455	281.8983051	0	1
TTGGCTATTAAAATAGTGTAGAGGTATCCA	0	0	135.9053254			0	42.9559322	0	2199
TTGGGCGTTGTCGGTTGGCATTGTGCCAGG	0	0	0			0	2.684745763	0	1
TTGGGCTGTTAACGTTGTGGTGTATAGCTT	0	0	0			0	727.5661017	0	7
TTGGGCTGTTAAGAGCTGAGCAGCCGGGGG	0	0	0			0	362.440678	0	410
TTGGGTTAAACCCCCGTGAATGTAAAGGCC	0	0	3.124260355			9.702909648	292.6372881	0	264
TTGTAAATTGCTAAATTGTGGTGGTTGATT	0	0	0			1.94058193	0	0	224
TTGTATTCTGCTTAGGTGGTCACTAAGAAA	0	0	0			0	2.684745763	0	11
TTGTATTGTAATGTCTAAGCAACGAGGTCA	0	0	3.124260355			0	10.73898305	0	226
TTGTCCACTCCGTGTCTTGTTATTACCTGT	0	13.45794393	39.05325444			0	26.84745763	0	19
TTGTGGGGACGAGCTATGATCGAAATGCTT	0	78.05607477	81.23076923			0	0	0	424
TTGTTCGATAACAGGAACCGGCTACATGAG	0	0	0			89.26676876	40.27118644	0	3706
TTGTTCGGTCGAGCGTACTCCCTCAGCATT	0	0	0			7.762327718	0	0	52
TTGTTCGTTCAGCGGTGTTGAGATGTTTAT	0	0	0			0	53.69491525	0	1123
TTGTTTCTTAGCGCTAGTGAGGGGCAGTCT	4	0	78.10650888			0	0	0	401
TTGTTTGGTCACAGCACGTGATGGCAGCCA	0	0	0			1.94058193	174.5084746	0	14
TTTAAACCATGCTTAGCGTCTGTGGTAATA	0	0	0			0	21.4779661	0	1
TTTAAAGACAGAGCATTGGGATTTCTAGAT	0	0	0			3021.486064	1240.352542	0	150
TTTAACTAATCTAAATGCTGAGTCGTCACA	0	0	0			535.6006126	6306.467797	0	589
TTTAATTCTGGAGTGTAGAGTAACGGAGCG	0	0	0			0	34.90169492	0	82
TTTACAACACTTCTACCTTCCCGAGCGCAC	0	0	0			1.94058193	0	0	1
TTTACAACACTTCTACCTTCCGAGCGCACT	0	0	267.1242604			6207.921593	947.7152542	0	12176
TTTACGGATAATAAATACGTGCCCGGTGAT	0	0	0			0	10.73898305	0	1030
TTTACGGTTGGGCCCATGGCATGTGGTGTC	0	0	0			0	2.684745763	0	2
TTTACTGTAAAGTCGCGCGTCTAGTCACCT	0	0	0			0	40.27118644	0	11964
TTTAGCACATATTGTGCCTTCGACTCAGCA	0	0	0			0	75.17288136	0	36
TTTAGCCGTTTCTGAGGGAAGCGGTTGAGC	0	0	251.5029586			0	0	0	4159
TTTAGCGCAGCCGGATGAGCGCTTTTCTGC	3	0	0			1191.517305	153.0305085	0	92
TTTAGGGGATGATAGGTGGGAGGGGTCGTA	0	0	12.49704142			0	0	0	38
TTTAGGTATTTAGCCTGTGGTCAGTATGTG	0	0	35.92899408			34.93047473	1253.776271	0	20
TTTAGTATTAAGTAGCTTGTACGAAAATCA	0	49.79439252	85.91715976			0	0	0	111
TTTAGTGGAGGTTGTAGAGCTTGTGAGCCG	0	0	0			840.2719755	794.6847458	0	397
TTTATATCCTGGCTTGCTGATTCCTCTGCT	0	0	0			0	2.684745763	0	1
TTTATGATACTGTGCCTGAGGTATTGGTCC	0	0	0			19.4058193	99.33559322	0	3
TTTCAAACTCCGGGTCTGGACCGGCAGCCC	0	0	43.73964497			0	118.1288136	0	2
TTTCAAACTCCTCTTACCACCCGTCATCTT	0	0	0			0	2.684745763	0	1
TTTCAATGAAAGGGTTCTACCAGCCTAAGA	3	0	0			0	0	0	316
TTTCCAACCCTTCTCCCTCCCGCCCTCCCT	0	0	1.562130178			0	0	0	1
TTTCCTGCTCCCACTTCTCACACATCTATC	1	0	0			0	0	0	1
TTTCGAGTTCGGGCCATTCGTCAGTAATGG	0	0	0			178.5335375	453.7220339	0	261
TTTCTCTTCCCCATTTCCGCGTTCTATGAA	0	0	1.562130178			0	0	0	1
TTTCTTTCTCCCCATCCCGCAGTCTATTCC	0	0	0			0	2.684745763	0	1
TTTCTTTCTGTAGGCGTCTTATACTGGGCA	0	1.345794393	0			0	0	0	2
TTTCTTTTATCAATTTCAGCGTTCTATGAA	0	0	128.0946746			0	0	0	277
TTTGAACAATTAACTATGGGAGACGCATGG	0	0	0			0	72.48813559	0	3192
TTTGAGGCTCGTACTGAAGCCCACAGATTG	0	96.89719626	0			11.64349158	48.32542373	0	331
TTTGAGGGTGCTGAACTAGGGGGCAATAAG	0	0	31.24260355			0	649.7084746	0	23
TTTGATATTTTGGTTTCACATGGGCGTGTC	0	0	24.99408284			25.22756508	528.8949153	0	68
TTTGATATTTTTGGTTTCACATGGGCGTGT	0	0	0			0	2.684745763	0	2
TTTGATCAATGGGATGATGTGTAAAGCTTA	0	0	0			0	10.73898305	0	1
TTTGATGGTCCAGTGGCGGACATATTTAGC	7	0	0			0	13.42372881	0	10560
TTTGATGTTCAACGAATTGTAACAGCATTC	0	0	3.124260355			62.09862175	29.53220339	0	3
TTTGCAACACTGAAGAGTATCGCAGCATTA	0	0	0			0	193.3016949	0	66
TTTGCCACCCTGCAGAGTATCGCAGCATTA	0	0	0			0	2.684745763	0	1
TTTGCCAGTTATCCAATGTAAAAAGATGCC	0	0	79.66863905			964.469219	11834.35932	0	12887
TTTGGAGGAAGTAGTGAAGAGTGCGGGGAA	0	0	0			0	5.369491525	0	1
TTTGGCTGAAGTTGTGGATGGAACGGTTCT	3	0	3.124260355			0	971.8779661	0	27
TTTGGGAAACGTCTAGTTTTGTTCGGCAAG	0	0	0			0	34.90169492	0	6679
TTTGGGAGATGTAAAAGCGACACTGTCAGG	0	0	1.562130178			0	0	0	1
TTTGGGCGTTTAGCGACCGGTCCTGAATGT	27	104.9719626	340.5443787			9.702909648	585.2745763	0	169
TTTGGTAGAACCTCGACTCTGGCGCCCTTA	0	0	0			7.762327718	469.8305085	0	8
TTTGGTGATCCACGGCATGGTTATCGGAAA	0	0	0			0	16.10847458	0	1
TTTGGTGGTTCTTTTAATCAGCGGCAATAA	0	0	28.1183432			0	18.79322034	0	831
TTTGTAATAATTCCCTCGGCGTGTGTCACG	0	0	0			0	37.58644068	0	1
TTTGTGCTTAGAAGATGGGCACACTGTGTA	0	0	0			11.64349158	182.5627119	0	1
TTTGTTTCTCATCCCGCACTGAAGAGAATG	38	0	0			0	0	0	57
TTTTAAATTCCTCTTAACACCCGTCATTTT	0	0	0			0	1041.681356	0	3827
TTTTAACCTCATTGGGTTAGGCAGTCAATG	0	14.80373832	0			170.7712098	179.8779661	0	1207
TTTTAGGCTTTGGAGGAGATAGTCGTTCCG	0	9.420560748	126.5325444			0	0	0	560
TTTTAGGTTTATATTCATTGAGTGGTGACG	0	0	0			48.51454824	53.69491525	0	44
TTTTAGTATGAACAATAGCCGAGCTGCTCA	0	0	0			13.58407351	115.4440678	0	2
TTTTCAATCCCTCTTACCACCCGCCACTTT	0	0	0			0	2.684745763	0	1
TTTTCAATTGGGAGGGCCTAAGGCAGAGCT	0	0	0			7.762327718	53.69491525	0	1
TTTTCCCTGTTGCCACGCGCCGGCTTGAAT	0	0	1.562130178			0	0	0	2
TTTTCCGGAGGCAACCGATATAAAGGTATA	0	0	0			0	343.6474576	0	55
TTTTCCGGTTCCAATATAGCCTTATAAAAT	0	0	0			0	1656.488136	0	79
TTTTCCTCCCCCCGTCGACGTCACGCCTCT	0	0	0			0	2.684745763	0	1
TTTTCTTTTAATGTTAAGGCCTGAGTACCA	0	322.9906542	0			0	0	0	1454
TTTTGAGCTGTTCGGAGACTATGCGGGGCT	0	0	0			0	126.1830508	0	125
TTTTGGAGTTCATTACAGGTATAAGGATTC	0	10.76635514	0			0	2.684745763	0	38
TTTTGGGGATGCGTATCTAGTTTACGATCA	0	0	0			438.5715161	12376.67797	0	10622
TTTTTCGCACGCATATCATACAGCAGCGAA	23	0	40.61538462			89.26676876	115.4440678	0	21
TTTTTTCATAAAATCTCCTGCCTGCATAAC	0	0	0			48.51454824	5119.810169	0	348
TTTTTTCTGTTGCAACGCGCCGGCTTGAAT	0	0	6.24852071			0	18.79322034	0	2
TTTTTTGATGATGGAAATCGTCGTCCTATC	0	0	0			3.881163859	13.42372881	0	31
TTTTTTGGTTAGCTAGGGGTGCGTTAATTC	0	0	0			0	26.84745763	0	1
TTTTTTTGTTGCAACGCGCCGGCTTGAATC	0	0	60.92307692			0	257.7355932	0	262