barcodes	rsp	pm	am	a	rl	al	lm	neg	inj
AAAAAATGACGACAGTGCTGTAACCTTCAC	0	0	0		0	0	315.0570071	0	71
AAAAACCCGGTTTAAGTGGTACTGCGGTAA	0	0	0		0	110.817148	0	0	368
AAAAACGATTGAGTGGTGCTATTTAATTGA	0	0	0		0	10.42984922	0	0	11
AAAAATAGTTTCGTAGGGGCGGTGACATCA	0	0	0		0	0	678.584323	0	7
AAAAATATTACAGGCATAATCTATTCCGTT	0	0	0		0	0	1696.460808	0	0
AAAAATGTGAAGTTGAACGGATCTGTTAAC	0	0	0		0	0	48.47030879	0	12
AAAAATTAGCTAAAACGTTCCGGTACGCTA	0	0	0		0	0	266.5866983	0	8
AAAACACTGTTGCATACCGTTCAAGACGGG	0	0	0		0	0	24.23515439	0	7
AAAACCACAAGGACTTGATACTATGGCAGA	0	0	0		0	0	315.0570071	0	23
AAAACCGCGGTTCGATCGAATCGGAGTCCA	0	0	0		0	0	24.23515439	0	510
AAAACGCCATCTAAAAAGTTAAGGGTTCGT	0	0	0		0	0	24.23515439	0	2
AAAACGTTTGGGAACTGCTTGAGTACCCAG	0	0	0		0	0	121.175772	0	20
AAAACTGTCATCTCGCCTCATGTTCTAGTC	0	0	0		0	0	24.23515439	0	105
AAAAGAATGTGCTGTTAGGGACATCATTCC	0	0	0		0	0	24.23515439	0	13
AAAAGCAGGAAGCCAAAGCTGCTTGGAGCG	0	0	0		0	0	24.23515439	0	259
AAAAGCTGCTTTGCTTCGTGACAGTCTTTC	0	0	0		0	0	96.94061758	0	17
AAAAGGTGCTGACCGGCAGGCGATGCCCCG	0	0	0		0	0	145.4109264	0	10
AAAAGTTTCGGAGGACGCCGATCAGCCGGG	0	33.02654294	0		0	0	24.23515439	0	5
AAAATCATGACCTGTCAGGAACGTTTAAAA	0	0	0		0	0	24.23515439	0	10
AAAATCGTAGAACACATGGGGACCGAGCGT	0	0	0		0	0	557.4085511	0	220
AAAATGCCAGACACACGATATTGCTTAGCC	0	0	0		0	0	557.4085511	0	744
AAAATGCTTTCGATGGAATGCATCGCAATC	0	0	0		0	0	48.47030879	0	998
AAAATGGTGGAGGTTAGAGTTCCGACCTAA	0	0	0		0	0	24.23515439	0	18
AAAATGTATTCCTTGTTTCCCCCTAGAATC	0	0	0		0	96.47610529	24.23515439	0	7
AAAATGTCGAACTATCCAAGGCTAGACAAT	0	0	0		0	0	218.1163895	0	47
AAAATTGGGAATCCGTTCGAATCTATTAGT	0	0	0		0	0	24.23515439	0	12
AAAATTGTGTAGGCCGGTGAGGGTCCCATA	0	0	0		0	0	72.70546318	0	1360
AAAATTTATACGGTCTCAACAAGTTACCTA	0	279.6247303	0		0	0	1841.871734	0	352
AAAATTTTCGAGGGGCCCGGAATAAACTAG	0	0	0		0	0	145.4109264	0	3
AAACAACCTCCCCATGTGAATGTGCCGGGC	0	0	0		0	0	436.2327791	0	1036
AAACAAGAATGCTTGGCGCACCTCACCAAA	0	0	0		0	0	48.47030879	0	16
AAACATTAAGCATCTTATTTATAACGTTAT	0	0	0		0	0	945.1710214	0	83
AAACCAATAGTGAGTGCTAGACCGTGTCAC	0	0	0		0	0	24.23515439	0	11
AAACCATCCCCCATAGACTCCCATCGAGGA	0	0	0		0	0	3926.095012	0	30
AAACCCTCCCCCAGCTTTCGAGGTTATAGT	0	0	0		0	0	24.23515439	0	0
AAACCGATACAAGGTGCATCTTACGTAATG	0	0	0		0	0	24.23515439	0	9
AAACCGCTTTTAACAGCATAAAATAATCGT	0	0	0		0	0	121.175772	0	703
AAACCTGCCACATGGATATGTTCGAACAGC	0	0	0		0	0	121.175772	0	2
AAACCTGCGAATGCACTTTACGTTTTGCGA	0	0	0		0	0	24.23515439	0	42
AAACGAGAAGTGCTCTCACTTTGCACGGGG	0	8.807078118	0		0	0	0	0	101
AAACGCGTAAGTTGGGTAAGTGGGATGAAT	0	0	0		0	0	24.23515439	0	3
AAACGCGTCCCACGTGACCCTGGACATTAT	0	0	0		0	0	72.70546318	0	58
AAACGGGGCACGACGGATGTCTCGGAGGGT	0	0	0		0	5.21492461	0	0	19
AAACTCCATTGTGAACTTTCCGATTGGGTT	0	0	0		0	0	72.70546318	0	3
AAACTCTCGTCGATTTCACGGCCTAGGACG	0	6.605308589	0		0	0	0	0	0
AAACTCTGTTGAGTTTCTGAGATGAGCCCG	0	6.605308589	0		0	0	0	0	0
AAACTGAAAAGCGAGGGCAAGTCAGCGCAC	0	37.430082	28.84466782		0	0	0	0	350
AAACTGCCTTGGTCACGCATGTTTAACTGA	0	0	0		0	0	96.94061758	0	75
AAACTTCGGGCAATAATTCTTATCCGAGAA	0	0	0		0	664.9028878	121.175772	0	43
AAACTTCGTTAAAATGCCCATCAAGCTCTT	0	0	0		0	0	266.5866983	0	0
AAACTTCTCACTAGACTATTACTCTGCATT	0	0	0		0	0	96.94061758	0	12
AAAGAGATGTCGCTCTCTACGTGCGATGGG	0	0	0		0	0	193.8812352	0	121
AAAGAGGTGAGTTGGGTAAGCCTTCGTGCA	0	0	0		0	0	169.6460808	0	64
AAAGATTTTGCTGGTGCCAAAAATCCGGTC	0	0	0		0	0	96.94061758	0	65
AAAGCAGTGTTGAGACTAGGGACCTCTGGC	0	0	0		0	66.49028878	0	0	29
AAAGCCATTGTAGTTTCCGCAATGTCCCCA	0	0	0		0	0	1235.992874	0	200
AAAGCCTATATCGTGTTTAGGAATGGTGGT	0	0	0		0	0	24.23515439	0	4
AAAGCTGGTGTTGCAACACTCGACCGGTCC	0	0	0		0	0	145.4109264	0	5
AAAGGCGGGGGGCCTGTAGCAAGTCCTCAT	0	0	0		0	0	48.47030879	0	13
AAAGGCTCATTGGATTAACGGGGGGTTGGC	0	0	0		0	0	581.6437055	0	635
AAAGGGGCATTAGCCACTACGCGCGCCTGG	0	0	0		0	0	24.23515439	0	39
AAAGGGTGCGACCGCGGAAGAAAAGTGCGT	0	0	0		0	0	48.47030879	0	65
AAAGGTGCGTGTGCTACGCTGATTTTCCGT	0	0	0		0	0	48.47030879	0	7
AAAGGTTTGAAACAGTGGTAGGTTACATTG	0	0	0		0	0	48.47030879	0	28
AAAGTACTGTGGCGGACTCTATGGCAGTTA	0	0	0		0	0	24.23515439	0	80
AAAGTAGCCACGAGGTTAAGCTATAGTTAC	0	0	0		0	0	24.23515439	0	110
AAAGTATTGGCATTTGCCTATGAAATCGTT	0	0	0		0	0	193.8812352	0	10
AAAGTCTCGTATTATGCGTACCGAATAACA	0	0	6.409926182		0	0	48.47030879	0	4
AAAGTGGACAACGGGGTGGTGGATTGGGAT	0	0	0		0	0	411.9976247	0	62
AAAGTGTAATCCGTCAGGCCGGATATATCT	0	0	0		0	0	96.94061758	0	36
AAAGTTCACGGAATATTGGGCCACCAGAGC	0	0	0		0	0	218.1163895	0	4
AAAGTTCAGAACTCCGTGGGGATGTGATCG	0	0	0		0	0	48.47030879	0	4
AAAGTTGCGGCCGTGCTCTTACAAGGCAGT	0	0	0		0	0	48.47030879	0	345
AAAGTTGGTCGTCTCCCCGTTGCTACGTAC	0	0	0		0	0	81115.06176	0	1713
AAAGTTTGAGAGCGTTGCGTCCACGCTCTA	0	0	0		0	0	315.0570071	0	216
AAAGTTTGTAGGGTCGGGTCCGAACAGGAG	0	39.63185153	0		0	0	48.47030879	0	68
AAAGTTTTTTAAGCTGTTAGTAGCTCTAAG	0	0	0		0	0	727.0546318	0	319
AAATAAGGGGGAACGAGCGGAGTTATAGCG	0	0	0		0	0	436.2327791	0	19
AAATAGTAGGGATGAACGCCAGGGAATTTA	0	0	0		0	0	24.23515439	0	14
AAATATAGTTGACAAATTGTTATCGTCCTT	0	0	0		0	0	823.9952494	0	310
AAATATTACATGCATAATAGATGAGTATCG	0	0	0		0	0	48.47030879	0	3
AAATATTCGGATTGTGGAGACATATCAGGG	0	0	0		0	0	24.23515439	0	7
AAATCAAGTCTCCAGTTTTACGCAACGGTG	0	0	0		0	0	290.8218527	0	2
AAATCCATACCCTCATGAATGATTAAAAGC	0	0	0		0	0	484.7030879	0	150
AAATCCTCCGCGTAGTTCATTGCTAAATGT	0	0	0		0	5.21492461	290.8218527	0	474
AAATCGCGAAGGTCTCCGAGACGCGCCGTT	0	0	0		0	0	24.23515439	0	28
AAATCGCTTTGGATGGCCGATGATGAAGAA	0	0	0		0	0	48.47030879	0	22
AAATCGGGTCAAACTATACCCCGTTAGGTT	0	0	0		0	15.64477383	193.8812352	0	5
AAATCGGGTTATCTGAGGATGATCGATTTA	0	0	0		0	0	48.47030879	0	11
AAATCTAACTAGTTAAGTCCATCTGTAAAA	0	0	0		0	0	48.47030879	0	4
AAATCTAGTAGTCTGCTTGAGTGGGGTGTG	0	57.24600777	25.63970473		0	0	193.8812352	0	73
AAATCTTAATGGCTCGAAGCCCGCTGGTTC	0	0	0		0	0	72.70546318	0	8
AAATCTTGCAAGCGTATCACCGTGCGCACT	0	0	0		0	0	2690.102138	0	198
AAATCTTGCCCCCATATATGGGTTTAAAAT	0	0	0		0	0	145.4109264	0	18
AAATGACCTAATTTAGACTAGCTTAGTTAA	0	0	0		0	0	24.23515439	0	2
AAATGAGCCCTATGCTTCTGGGCGCTCACG	0	11.00884765	0		0	0	0	0	18
AAATGCGAACAGATGGGGGCCAGCTGCAGT	0	0	0		0	0	48.47030879	0	121
AAATGCTACGGGAACGCACATAAATGTATT	0	0	0		0	0	48.47030879	0	56
AAATGCTATTGGAGCGGTGATAATGGCTTC	0	0	0		0	43.02312803	0	0	6
AAATGCTCGGTAAGAGTCCGTGACAGTGCC	0	0	0		0	0	121.175772	0	2
AAATGCTGGTTATTGTGTATCGGGGCGTAA	0	0	0		0	3.911193458	0	0	26
AAATGGGATGGAGTCGCAACTCTTAGGAGA	0	11.00884765	0		0	0	121.175772	0	9
AAATGGGGGACAGTGATTAGCTCCAAACAT	0	0	0		0	0	266.5866983	0	189
AAATGTATTCGTCCGTTAGTTTTGTATTGA	0	0	0		0	0	121.175772	0	244
AAATGTCTTCTAATCATATGTTACTCACAG	0	0	0		0	0	121.175772	0	48
AAATGTGGACCCTCGCGTGCTACATAATTT	0	0	0		0	0	169.6460808	0	185
AAATTAGTGTGAGTTGGGTCCAACAGGAAT	0	0	0		0	0	72.70546318	0	11
AAATTCGTTATTTACTTGTGTAAAGTTGAT	0	0	0		17	0	0	0	8
AAATTCTTTGTTTGTGAACAAGCGCTGCCC	0	0	0		0	0	121.175772	0	32
AAATTGGTCGAACGGTGTAGGTTGAAGGGG	0	0	0		0	0	24.23515439	0	29
AAATTGTTACGGTGCTTCCAGGTCTCATGT	0	0	0		0	0	96.94061758	0	3
AAATTTACTGACTGCAATTACTTCCCGGGA	0	0	0		0	3.911193458	0	0	3
AAATTTACTTTCTAGTACCAGTTGTCATAA	0	0	0		0	413.2827754	1042.111639	0	450
AAATTTCGCCCCTTACCTCCTTTATGTCCT	0	28.62300388	0		0	0	0	0	0
AAATTTGGAATTGTCAGTTTGATGCTACTG	0	0	0		0	0	72.70546318	0	159
AACAAACGGCTTGGCAAGCTGCTCGATTGA	0	0	0		0	0	24.23515439	0	62
AACAACCCCTTGTAAGTTGTTAGGTGAGAT	0	0	0		0	0	339.2921615	0	14
AACAACTTATCGTGGGCTGTTTTGTATTCT	0	0	0		0	0	411.9976247	0	285
AACAAGACCGCCATTTAACCCTCTGACATC	0	0	0		0	0	11051.2304	0	2605
AACAAGATACACCTTTAAAACTTTCCTATC	0	0	0		0	58.66790187	0	0	11
AACAAGCAGGTGTGAGCACCCTGGTATTTT	0	0	0		0	0	411.9976247	0	16
AACAAGCCCGCCCTTTACCCCTCTGCCCTC	0	0	0		0	0	24.23515439	0	0
AACAAGGTCACGTATATATCAGTCAATGAG	0	0	0		0	0	193.8812352	0	59
AACAAGGTTGGTTCACTTTGTTGGGCGCTT	0	0	0		0	9.126118068	24.23515439	0	0
AACAATCCGTAGATGTTCCGCTTCAGGCTT	0	41.83362106	0		0	0	0	0	15
AACACAATGTGAGTCGAAAGTTTTAGTCTT	0	0	0		0	0	24.23515439	0	8
AACACATTTGTTGCAGTAGATACTGCGTAG	0	0	0		0	0	48.47030879	0	0
AACACGGTCGTCGTACAAGTGTGGTGCTCG	0	0	0		0	0	96.94061758	0	0
AACACGTACCGCAGGTTAATTTAAAACTCC	0	0	0		0	0	387.7624703	0	1595
AACACTGGAGAGGTGTATCGAACAGTAGTG	0	0	0		0	0	121.175772	0	396
AACAGAAGAGCGGGGTTTATTTTTGGCGCG	0	0	0		0	0	678.584323	0	138
AACAGATAAGGTTGGCCGGCGGGTCAGGGG	0	4.403539059	0		0	0	0	0	26
AACAGCATCGTGGTATTTACTATGTAAATT	0	911.5325852	546.446207		0	0	1890.342043	0	390
AACAGCCGCAGCTATAGAACCTGTTCTTGA	0	0	0		0	0	920.935867	0	5
AACAGGGTGCCTAAACCGCCCATTTCTCGG	0	0	0		0	0	24.23515439	0	0
AACAGTGGGTGTTCTAATGCCGGTTTGGGG	0	0	0		0	0	96.94061758	0	815
AACAGTTAGGCTCCTATGAAATGGGAATGT	0	0	0		0	0	581.6437055	0	503
AACATAATTACCCTCCCTTTCTAATAAGGT	0	0	0		0	0	823.9952494	0	355
AACATACACCTAATCCGATCAGTCCCACCC	0	0	0		0	0	48.47030879	0	213
AACATCAGAGTACCACCTGTTCTAACTAGA	0	0	0		0	0	630.1140143	0	2
AACATCGACATTTGTACATGGAAGGCTGGT	0	0	0		0	67.79401993	145.4109264	0	18
AACATCGGACTCTATGTATAAAGACCCCTA	0	0	0		0	0	121.175772	0	11
AACATCGGCCATTATCATGGGAACGGGGCT	0	0	0		0	0	24.23515439	0	0
AACATCTCTTTATACGCAAGATGTCTCGAA	0	0	0		0	0	411.9976247	0	5
AACATGTAACCCGGCTAGCTGTGTGCGATT	0	0	0		0	0	96.94061758	0	4
AACATGTCGCACTATCCAAGGCTAGACAAT	0	0	0		0	0	24.23515439	0	0
AACATGTTTTATTACAAAGTATCTGGTTAT	0	0	0		0	0	24.23515439	0	4
AACATTCTAGGTACCCGCACGACACGCTCG	0	0	0		0	0	654.3491686	0	317
AACCACTCCGCTTGAATACTAGTTTGGCAG	0	0	0		0	0	48.47030879	0	19
AACCAGGATTTAAGTTCTTCTGACAATCGT	0	0	0		0	0	169.6460808	0	30
AACCAGTTCCAGCCTGGCGCCACCGGCATG	0	61.64954683	0		0	0	0	0	0
AACCATCAGAGGTAATGTGGACAACTCACG	0	0	0		0	0	24.23515439	0	104
AACCATGTATCTTAATCGTTGCTGTGCCAT	0	0	0		0	0	145.4109264	0	33
AACCATTTTCTGTTTAGCGACAAACGCGGT	0	0	0		0	0	193.8812352	0	12
AACCCGCGACCTGTTCTGATACCACCCGTC	0	0	0		0	0	24.23515439	0	12
AACCCGGGTTCATGACGCGTAGCGGCAGTC	0	44.03539059	0		0	0	48.47030879	0	265
AACCCTAGCTTCCTCTATATCCTTATTAGT	0	0	0		0	0	145.4109264	0	2
AACCGAAGGAAGCCAGGGCTGTCCTTCAGT	0	0	0		0	10.42984922	24.23515439	0	147
AACCGAGAATCGGAATTAGCACACCTGTCG	0	0	0		0	0	266.5866983	0	283
AACCGGAACATTTCGCACGCTGCGATCTCA	0	99.07962883	43.26700173		50	0	315.0570071	0	87
AACCGGGTTTCTAGAGTATCCCCAGAAATC	0	0	0		0	0	24.23515439	0	7
AACCGGTGCGCTCGGTCAATGTGAGCGATC	0	0	0		0	0	24.23515439	0	1068
AACCGTACCCCGTTGGTCTGACCGTATGGT	0	0	0		0	0	48.47030879	0	67
AACCGTGACCGGCCTACGATTAAGTTACGA	0	0	0		0	18.25223614	557.4085511	0	23
AACCGTTATTCCGCCGGGGGTCACCTAGGG	0	0	0		0	0	242.3515439	0	774
AACCGTTCCAAGGGAACAGGCTGGTGTCAT	0	0	0		0	0	1551.049881	0	893
AACCTATATGCTGCGGTCTAGTTTGGTCAG	0	0	0		0	0	218.1163895	0	6
AACCTATCAATATGTCATCTCTAGCGGGAG	0	0	0		0	0	145.4109264	0	238
AACCTTAGGCTAGTTAGTCCGCTTGTTAAC	0	0	0		0	0	48.47030879	0	36
AACCTTCACTCGTTTTGCTCCAGGGTTGAT	0	0	0		0	0	96.94061758	0	34
AACGAACCTCTGTGAGCTTGAATTACACGT	0	0	0		0	0	1139.052257	0	19
AACGACTGCATTGTAGCTTGTGCGTGGGCG	0	0	0		0	0	48.47030879	0	10
AACGATGTGGGTGAAAATCTAAGCATTCCA	0	0	0		0	0	242.3515439	0	4
AACGCATGCTAACATTAGGGTCTGTTCTGC	0	0	0		0	0	96.94061758	0	2
AACGCCGGGGCAAACGCCTACTTGGTATCT	0	0	0		0	69.09775109	751.2897862	0	24
AACGCTAATGTTATGTTGCCGTATATTGGT	0	0	0		0	0	24.23515439	0	108
AACGGACCGCAGTTCACTTTGAACGTTAGT	0	0	0		0	0	24.23515439	0	109
AACGGATAACACCTGTCAGCGGCATGTGTA	0	0	0		0	0	72.70546318	0	5
AACGGGTAATCCGGAGGGGTGAATGTGTGT	0	44.03539059	0		0	0	0	0	59
AACGTCCTTTTGGCACTTTATTATGAAATA	0	0	0		0	45.63059034	0	0	29
AACGTCGGTTTACTTAATAAATGACGTTCT	0	0	0		0	0	169.6460808	0	5
AACGTGATTGGGTACATCAAACGCTAGCAC	0	13.21061718	0		0	0	0	0	2
AACGTGCTTTATTCGTATCTGCGATATATT	0	0	0		0	0	702.8194774	0	92
AACGTGTCACAGCGTAGGGCGCATGTCCTA	0	0	0		0	0	48.47030879	0	35
AACGTGTTAGTCTAGGGAGTCTTGGCAACG	0	0	0		0	0	121.175772	0	38
AACGTTTGTAGCCGCGCCCCTGTTGGGCGT	0	0	0		0	0	3271.745843	0	440
AACTAAGTATATTTAAACCTGTGCGCGTCG	0	0	0		0	0	218.1163895	0	145
AACTACGATGTTGTGAGGACTATTTCTCGT	0	0	0		0	0	6834.313539	0	131
AACTACTTCAGTCGGTCTCGTTGCCCTGTT	0	0	0		0	0	24.23515439	0	2
AACTAGTCGATCAGATACACCAAGGTCTTC	0	0	0		0	0	121.175772	0	9
AACTATCGGAATTTGTCCCCGACGCTTCTC	0	0	0		0	6.518655763	24.23515439	0	2
AACTATGGCATAATAGTTCTGGATCGCCTG	0	0	0		0	0	24.23515439	0	37
AACTCACGTCAGTGCGTAACGGTTCTCCTG	0	0	0		0	0	218.1163895	0	1266
AACTCAGGCTTAGACCACCGGCTAAACGGA	0	0	0		0	6.518655763	0	0	41
AACTCATAACTCGGCTGAAAGGAGTGGCTA	0	0	0		0	0	72.70546318	0	382
AACTCCTCTTTATACCATGTCTCAGTATTG	0	0	0		0	0	872.4655582	0	340
AACTCGACAAAACGGACAGCACTTTTTTGG	0	0	0		0	2.607462305	24.23515439	0	11
AACTCGAGTATTGTTGAGAGCTAGTATGTA	0	0	0		0	0	72.70546318	0	10
AACTCTACCATTATAGCCGATACTTAAAGA	0	0	0		0	0	48.47030879	0	3
AACTCTTCTTAACTGCGTTCTGCTTACCTA	0	0	0		0	0	96.94061758	0	2
AACTGAGATGTATAAATAGGGATGTCTGTA	0	0	0		0	0	48.47030879	0	15
AACTGGCAAGTTTTTTTGAGTAAAGCTCGA	0	0	0		0	0	24.23515439	0	7
AACTGTACCATATTCGCGATTTCCTGACGT	0	0	0		0	0	24.23515439	0	0
AACTGTTTCAGTAAGCCGTCTCATTGCTTA	0	0	0		0	0	266.5866983	0	37
AACTGTTTTGGCCGTCGGGGCCTGGCCATA	0	0	0		0	0	24.23515439	0	78
AACTTAATCACACGCTTGACGTTTCATTTT	0	0	0		0	0	48.47030879	0	0
AACTTATCTTAGATGGATGCCATGGACTAC	0	0	0		0	0	363.5273159	0	812
AACTTCGACGTCTACGGGAGGCCGTCAGGA	0	0	0		0	151.2328137	72.70546318	0	1067
AACTTCGCCTTGTTTACTCTGTTTTGTATC	0	0	0		0	0	24.23515439	0	9
AACTTGCAAGATAGTAACCCTCTCGTATGA	0	0	0		0	0	24.23515439	0	9
AACTTGGACTCTAATGTGAGGCGCGGGTTA	0	0	0		0	0	4871.266033	0	10
AACTTGGAGTTTCATTATAGATATGTGGGA	0	0	0		0	0	48.47030879	0	9
AACTTGTAGGCTCTCTTTTCGATCTATTAA	0	0	0		0	0	72.70546318	0	0
AACTTTCAAGCCCTGATAACTGATTGGTGT	0	0	0		0	0	121.175772	0	36
AACTTTGAACTATGTTGCCTTTGTCCCTTT	0	0	0		0	0	96.94061758	0	101
AACTTTGTAGTGAGATAAATTTATATATTA	0	0	0		0	0	48.47030879	0	18
AACTTTTGTAGACGCAAGGTGCACTTTTGC	0	0	0		0	0	363.5273159	0	2206
AAGAAATACGGATCAGTCTTTATTAGCCAC	0	0	0		0	0	896.7007126	0	68
AAGAAGTGGGGGCTATGGTGCGCAAGAAGT	0	0	0		0	0	169.6460808	0	0
AAGAATACTTGGTCGTTACGGACGGTCTCC	0	0	0		0	0	24.23515439	0	21
AAGAATCAGAACGTTGTTATGACTTGTGCG	0	0	0		0	0	121.175772	0	18
AAGAATTAACTTTTCTCAGCATCTGAGTAA	0	0	0		0	0	145.4109264	0	50
AAGAATTGGTGGGGAGGCGGTATTGGTGAT	0	0	0		0	0	363.5273159	0	388
AAGACCTGGTTGGATCGTGCGCGTGCACGA	0	0	0		0	0	48.47030879	0	82
AAGACGCTGTCAAATGTGGCTGTATTTCTG	0	0	0		0	0	339.2921615	0	0
AAGACTGTCTGAAAGGGTTGGCACAAGGAC	0	0	0		0	0	72.70546318	0	63
AAGAGCACGCTTTGTCTCGCTCTGCCGTGT	0	0	0		0	0	266.5866983	0	39
AAGAGCGAGAGCCGTGCCGGCGTGGGGAGC	0	0	0		0	0	72.70546318	0	31
AAGAGCGCACTCAATAGAGGACAGAGGGCT	0	0	0		0	0	72.70546318	0	977
AAGAGCGGGCTATATTTATTCTTGGACACA	0	0	0		0	0	24.23515439	0	2
AAGAGTTTTTATCGATCGAGGAAGTCTGTG	0	0	0		0	0	24.23515439	0	4
AAGATACGACTAATCGATGTACAGTGGTTA	0	0	0		0	0	96.94061758	0	3
AAGATCATATTTAGGGTGGTGCAATCGTTT	0	0	0		0	0	484.7030879	0	411
AAGATCATGAAGGGCCACAGAAGACGGGAT	0	0	0		0	222.9380271	96.94061758	0	320
AAGATCTACGGCAAGTCTCGGAAGGGTCTG	0	0	0		0	0	48.47030879	0	0
AAGATTACGTAGATTCTACCGGCCTCTTCA	0	0	0		0	0	24.23515439	0	6
AAGATTCCGTACCGACCAGAATGCACTACC	0	0	0		0	0	121.175772	0	319
AAGATTGTCTAGCCCGGTAGCTGGGAAAGT	0	0	0		0	0	242.3515439	0	28
AAGCAATTGTAGGTGGGCCTAAGCAGGTCT	0	0	0		0	0	11487.46318	0	1343
AAGCACGAGAGGGTTCGGAAGACGTTGCGC	0	0	0		0	0	218.1163895	0	3
AAGCAGAACTAGCTTAAAAACATTGTTCGA	0	0	0		0	28.68208536	0	0	21
AAGCATGTGGCCCGTTTTATAGGTGATAGG	0	0	0		0	0	24.23515439	0	13
AAGCCACCATAATAAGGTAAATCCAAATTT	0	0	0		0	0	48.47030879	0	16
AAGCCAGCGCGTGGGGCGCCTCGACTGCTA	0	0	0		0	0	24.23515439	0	2
AAGCCATCGTGTCACTTGCTGGAATTGTTT	0	0	0		0	0	72.70546318	0	3
AAGCCATTTGGGAAGACATATGAGGCTGTA	0	0	0		0	0	96.94061758	0	24
AAGCCCAAGGGAACTACGGGGTCGCTGTCA	0	0	0		0	0	48.47030879	0	0
AAGCCCACTGCCCATTTTGCTTGGTATTTA	0	0	0		0	0	72.70546318	0	0
AAGCCCAGCGCTAACACTTTAACTTGCCGT	0	0	0		0	0	24.23515439	0	0
AAGCCCGATCCGGTTGCAATACTTGTGCAG	0	0	0		0	0	3901.859857	0	89
AAGCCGCGTGTGCCGAGCTCTATGATCTCA	0	561.45123	0		0	0	533.1733967	0	1315
AAGCCGCTGACTGATTGCGGAAGTTCTGTT	0	0	0		0	39.11193458	193.8812352	0	36
AAGCCTCTAAGGGCAGGGTTAGTGCAGGGC	0	0	0		0	0	654.3491686	0	554
AAGCCTGACAATTTACCCAGAAAACATACG	0	0	0		0	0	24.23515439	0	5
AAGCCTTATTGCCGCGGGGCAAGCCTAAGC	0	0	0		0	0	96.94061758	0	12
AAGCGAGGGTGCATAAAGCTCGGGTTTGTT	0	0	0		0	0	363.5273159	0	867
AAGCGCACGATAATAAATGTGACGTGGTTT	0	0	0		0	0	72.70546318	0	9
AAGCGCAGGGGGAGTGGCTCTTGGCCCGAA	0	0	0		0	0	24.23515439	0	2
AAGCGGATCACGATCCTAGTGACGGTCGCT	0	0	0		0	6.518655763	290.8218527	0	21
AAGCGGATGTTGGGGGTCGGGGAGTGAGGG	0	0	0		0	79.52760031	72.70546318	0	20
AAGCGTATGAATTCGGGAGTTACTATCTAG	0	0	0		0	0	508.9382423	0	217
AAGCGTCGAGGATTAGTGCCGCTCCCTGCA	0	0	0		0	0	24.23515439	0	10
AAGCGTCTTGGGAGGGGGCGTGCCCTTGCG	0	0	0		0	0	145.4109264	0	8
AAGCTGTGCAATTGCGAGTTGTGTCCCTTG	0	0	0		0	0	315.0570071	0	2
AAGCTTATAACGTCTCGGCGGGGGTGGTCG	0	0	0		0	0	24.23515439	0	24
AAGCTTGACTTCCGCTGGGCCACGTTATGG	0	0	0		0	0	169.6460808	0	2
AAGGAGCTCGTTGAGCCTCTTTTACGTTCA	0	0	0		0	0	24.23515439	0	351
AAGGAGGCCCCCCGGGGTCTGTTTGTAGCC	0	0	0		0	0	48.47030879	0	31
AAGGAGTTTTCCAATATTGGGGGCGGTCGA	0	0	0		0	0	48.47030879	0	2
AAGGATAGCGAGAATACAGAACTCGCCGCT	0	0	0		0	0	24.23515439	0	7
AAGGATGGGTCATAGTGTGCTTGCTTAGGA	0	0	0		0	0	72.70546318	0	69
AAGGATTTGAACCTGTTTGTTCCAAGGTTG	0	0	0		0	0	24.23515439	0	0
AAGGCAAAATGTAGTGTGGGAGACATGGTT	0	0	0		0	0	823.9952494	0	5
AAGGCAGTGTCTAGCAGGCGAAAGCTGCTA	0	0	0		0	20.85969844	339.2921615	0	241
AAGGCCACCACAATCTGACAAGGTCCCCGA	0	0	0		0	0	484.7030879	0	8
AAGGCCTACGCGCGGTCCCGGCACGTCACA	0	0	0		0	0	266.5866983	0	7
AAGGCCTTCTCAGCGTGCCAATTTCGTAGA	0	0	0		0	0	48.47030879	0	11
AAGGCGCAATAAAATGACGTGCCCTAGCCT	0	0	0		0	0	169.6460808	0	2
AAGGCTCGTATTTCGCCATCTTCTGAACTC	0	0	0		0	80.83133146	2084.223278	0	132
AAGGGAAATTGCACACCCCCACATGATTCA	0	0	0		0	0	72.70546318	0	17
AAGGGCGGGTGCCGCGCACGCAGAGGGGTT	0	0	0		0	0	799.760095	0	58
AAGGGGATAGGATAGGGTCGAAGCTATAGT	0	0	0		0	0	48.47030879	0	280
AAGGGGCTACCAAGTATATCAAGTCCTTAT	0	497.5999137	80.12407727		0	0	896.7007126	0	1028
AAGGGGGGTTTGCCTAATCTAGTGTATAGT	0	0	0		0	0	48.47030879	0	2
AAGGGGGTTTCGCAAGGACCTCCCTTCCGT	0	0	0		0	0	121.175772	0	4
AAGGGGTCTGTGAACCGGTGGAGCTTATGA	0	0	0		0	0	145.4109264	0	0
AAGGGTGTGCGTCTGTAATATTTAGTTAAA	0	0	0		0	10.42984922	378213.8195	0	52
AAGGGTTCCTGGGAAGCAGCTCTAGCCCCG	0	0	0		0	0	1284.463183	0	38
AAGGGTTGCACACCGGTATCGTCATATGAA	0	0	0		0	6.518655763	0	0	31
AAGGTGAGAATCCGGATTATTCGTCAAATA	0	0	0		0	0	96.94061758	0	37
AAGGTGATTTAGCTGGCCACGTGAGAGGTG	0	0	0		0	0	169.6460808	0	14
AAGGTGTGCGCACGTTCAGAAGTAGATGTA	0	0	0		0	0	24.23515439	0	138
AAGGTTCGAATGTACAGGAGAAATGTTCAT	0	0	0		0	0	823.9952494	0	4
AAGGTTCTTGAGTTTTGCACCCGGCTTAGC	0	0	0		0	0	290.8218527	0	46
AAGGTTTACAGGTTATGGGGATGCTTAGAA	0	0	0		0	0	24.23515439	0	9
AAGTAACAGACCGGACCCCAGCCTGGGCGA	0	0	0		0	0	3586.80285	0	39
AAGTACACGGATTTGCAGTATTTAAACCGT	0	0	0		0	0	121.175772	0	1385
AAGTACGGTGAATACCGGTGGTTGACAGGT	0	0	0		0	19.55596729	24.23515439	0	4
AAGTACTGGGGGTGGCCGGTGGGCAGATTT	0	0	0		0	0	24.23515439	0	110
AAGTACTTTTTCTAACGCTTGCCGGATCTT	0	0	0		0	0	1647.990499	0	5
AAGTAGACGTGATGACGGTTTTGATCGCTG	0	0	0		0	0	24.23515439	0	242
AAGTAGCGCGCGAAGCCGGCACCGGATATC	0	0	0		0	0	339.2921615	0	160
AAGTAGGAGGCGTCCATCTTTAATCTTTGG	0	0	0		0	0	121.175772	0	3
AAGTAGGATCTAAGAGATGTGTCGCGGAAT	0	0	0		0	0	72.70546318	0	0
AAGTAGGTATACTACTCAGATCATATACTT	0	105.6849374	48.07444636		0	0	411.9976247	0	122
AAGTAGTAAACAGCTCGAAATGAGATTAAT	0	0	0		0	0	24.23515439	0	8
AAGTATAGTGGATACTCTTAGCATTTATTT	0	0	0		0	0	169.6460808	0	33
AAGTATCGTTTGCACCTGTTGTTTCGTTGG	0	0	0		0	0	48.47030879	0	10
AAGTATCTGAATTCTCTCTGCACTATAGTT	0	0	11.21737082		0	0	0	0	49
AAGTATGCGTTTGAGTAAGCTTTATGAGTA	0	0	0		0	0	169.6460808	0	1764
AAGTATTCTAATTTAGGATACATGGGTTCT	0	0	0		0	2.607462305	121.175772	0	4
AAGTCAATATTCCGTTCTTATTACGACAGA	0	0	0		0	0	48.47030879	0	58
AAGTCCCATCCGCCAATATCTATAGGGTGT	0	0	0		0	6.518655763	218.1163895	0	36
AAGTCCTCATATGTAATTCTCCCGGGACAA	0	0	0		0	0	3877.624703	0	49
AAGTCTCTACGTTGGTTCTACGTTTGTTCG	0	0	0		0	0	24.23515439	0	0
AAGTCTCTTTTCACGGTCAAACCGGCAGGT	0	0	0		0	0	24.23515439	0	0
AAGTGCACTGGGTAGCTCACTATTTATGGC	0	0	0		0	0	145.4109264	0	10
AAGTGCGATGGGCGAAGCGTAGGGGAATCA	0	0	0		0	0	654.3491686	0	4
AAGTGCGGTGCGGGCCCGCCGGGGATGGGG	0	0	0		0	0	24.23515439	0	2
AAGTGCTACTGCTCTATGTTCAATGATCCA	0	0	0		0	0	24.23515439	0	4
AAGTGGAGCACACATCCGGGAGGAGTAGCG	0	0	0		0	0	24.23515439	0	19
AAGTGGTCTACTGGGGCTCACAAAGTGGGG	0	0	0		0	0	945.1710214	0	197
AAGTGTGATGCTGTATAGTTTCTCGGGGGA	0	24.21946483	0		0	0	0	0	382
AAGTGTGGGGAATTGGTGGGATTTAGTGAG	0	0	0		0	0	24.23515439	0	3
AAGTGTTCTTTTTGCTTCAAGAGTTGCCTT	0	0	0		0	0	48.47030879	0	14
AAGTTAATCATCTTGCTTACGTAGATGCGC	0	0	0		0	0	363.5273159	0	288
AAGTTACTGGGGTATTCCCTGTTAGGTCAT	0	0	0		0	0	96.94061758	0	2
AAGTTATTTGTCCTCCATCAGTTCTTCCCG	0	0	0		0	0	24.23515439	0	39
AAGTTCGCGCGTTCTATATCCTTGCATATT	0	0	0		0	0	193.8812352	0	745
AAGTTGGTCGGTGCAAACAGGGGGTCTGTC	0	0	0		0	0	96.94061758	0	1166
AAGTTTAAGTCACATCTGGCTCCAATTGTA	0	0	0		0	0	315.0570071	0	9
AAGTTTCGTCACGATGTCAATAAGATAAAT	0	0	0		0	0	24.23515439	0	34
AATAAAAAGAGTCCAGGGTCATATCGTTTA	0	0	0		0	0	96.94061758	0	7
AATAAAGACAGTACCTGACCCTGTAACAAT	0	0	0		0	0	1381.4038	0	55
AATAACCTGTGGCGGTATACACCCATTAGG	0	0	0		0	0	266.5866983	0	7
AATAACGGTACCAGGCGATGTTAACATGCC	0	11.00884765	0		0	0	0	0	6
AATAACTTTAAAAATACCGTGATTTATTAC	0	0	0		0	0	48.47030879	0	6
AATAAGAGGTATGGTAGTGACACCATCGGT	0	0	0		0	0	48.47030879	0	3
AATAATGAGCATATGGCACTGACTTTCTGG	0	0	0		0	3.911193458	0	0	4
AATAATTTAAAGTTCGGCTCAATTATTTCT	0	0	0		0	0	121.175772	0	4
AATACACCTTAAAATGCGGCAACCCCGCAA	0	0	0		0	0	96.94061758	0	89
AATACTCCTCAAGAATTGAGGCCTTACCGA	0	0	0		0	0	242.3515439	0	167
AATAGCAGCGGGCGCATCAGGGTCGGGTAT	0	0	0		0	0	24.23515439	0	68
AATAGCTATTTGAATGTCTAGTACCCAATT	0	0	0		0	0	48.47030879	0	148
AATAGCTTGGTGGCTCCGTCGGAATTGGGT	0	0	0		0	0	266.5866983	0	7
AATAGGTTGTTTGTGTCTACCATTGTTCAG	0	0	0		0	0	121.175772	0	70
AATAGTTCGTAGAGTTGGGCGAAACTCCAC	0	0	0		0	0	24.23515439	0	0
AATAGTTTGGTCCGAGGTGTAAACTAACTT	0	0	0		0	0	145.4109264	0	31
AATATAGGTTTTGGTTCAAGGTATCGATTG	0	0	0		0	0	24.23515439	0	6
AATATCGTGCTCTGTCTTAGCTAAGTACAT	0	0	0		0	0	72.70546318	0	208
AATATCTCTCACAGTTTCTCAATGTATTCC	0	0	0		0	0	72.70546318	0	2
AATATCTTTAATGCGATTACATGTCCTTGT	0	0	0		0	0	72.70546318	0	0
AATATGATATTGGTCGGTCCTTTTGACGGC	0	0	0		0	0	145.4109264	0	6
AATATGGCTCGTCCTCTTAGACTGTATGAA	0	0	0		0	0	48.47030879	0	14
AATATGGGTATATTAGGGCACCTCGACGGA	0	0	0		0	0	72.70546318	0	84
AATATGTTCTTGAAGGTTGCGCTCGGACTC	0	0	0		0	49.5417838	193.8812352	0	396
AATATGTTTGTGTAGCCTGTAATTCTGGCT	0	0	0		11	0	121.175772	0	314
AATATTAACTTCGAATCTCCTCTAGACAAG	0	0	0		0	0	48.47030879	0	16
AATATTATGGAATCTAAGGTTCTTCTTGTG	0	0	0		0	0	3635.273159	0	4
AATATTATTGTATACATGTGTGTTAATTCT	0	0	0		0	0	339.2921615	0	1223
AATATTTTGGCTTCCGTGGGGCACCAGGAA	0	0	0		0	0	72.70546318	0	4
AATCAAGTTGACTAGTGTCTCACTGACATG	0	0	0		0	0	24.23515439	0	0
AATCACAAGCGCTCATCAAGCACATGCCTC	0	0	0		0	0	96.94061758	0	0
AATCACAGTATGACGTAATCGCCGCACTCA	0	0	0		0	0	24.23515439	0	6
AATCACATTGACGTGTTCGCTAGTTTCCCG	0	0	0		0	33.89700997	169.6460808	0	2
AATCACTATGCGCATTGACGGGGTGGTGAC	0	26.42123435	19.22977855		12	0	0	0	21
AATCATCGCGTCCGCCAGAATCATTAATCG	0	0	0		0	0	48.47030879	0	57
AATCATTGGGGCCGAATATTTCACGTCTGG	0	0	0		0	0	193.8812352	0	312
AATCCAGAATTTGTTAAGTCGGCAGACTAT	0	0	0		0	7.822386915	2375.045131	0	158
AATCCATTATTACTATAAAGTGCTTGATTG	0	0	0		0	0	24.23515439	0	2
AATCCGGGGGCACCGAGTTCTAAGGGCGCG	0	0	0		0	0	121.175772	0	12
AATCCGTTGTCTGGTCCTATCAAAGCAAGA	0	0	0		0	3.911193458	0	0	14
AATCCTCCCGTACTCAGCATTTTATCTGGA	0	0	0		0	0	24.23515439	0	65
AATCCTGTACGTCTGATATTCCGTGCATGC	0	0	0		0	0	72.70546318	0	3
AATCCTTTGTGTACCGAGGGTAAACAAAAA	0	0	0		0	0	1187.522565	0	12
AATCGACCTAACCTGTGCCTGCCGGACCAA	0	0	0		0	39.11193458	266.5866983	0	55
AATCGACGCCCCTGACGGGCATATGCGTGT	0	0	0		0	0	24.23515439	0	13
AATCGACTATTGTGCTGTGGAAGTTTTGTA	0	0	0		0	0	24.23515439	0	0
AATCGACTGGAATGCGGGGATGCATGTGCG	0	0	0		0	0	315.0570071	0	19
AATCGAGGGTGTTGCGAATAATGTACAGAC	0	0	0		0	0	169.6460808	0	36
AATCGCAAGCACTGCGCGATCAAGGCCGTC	0	0	0		0	0	24.23515439	0	18
AATCGCCTAAATAGACTTCGGGAGAATGAC	0	0	0		0	0	727.0546318	0	584
AATCGGCCCCGTGCTTGGTAGAGGATTCGA	0	0	0		0	0	72.70546318	0	98
AATCGGCCTCAACATTAATCCAAGCGGGTA	0	0	0		0	0	72.70546318	0	0
AATCGGTCCACGATCGTCTGGTCAGCCGTG	0	171.7380233	0		0	0	96.94061758	0	47
AATCGTGGTGCCATCACTTTGGATCATATT	0	0	0		0	0	193.8812352	0	0
AATCGTGTTCTGGTTGAAGCGTATTACCAG	0	0	0		0	0	5937.612827	0	2
AATCGTTCATGCGTCTGTTAATGACACTAT	0	0	0		0	0	48.47030879	0	129
AATCGTTTGTTTTATCAGTCCACTGAGCTG	0	0	0		0	0	72.70546318	0	0
AATCGTTTTTTGGAGTTACGCTCGGCCCAC	0	0	0		6	5.21492461	24.23515439	0	8
AATCTAATGGGGGATATAGACCCGTGGGTT	0	0	0		0	0	436.2327791	0	14
AATCTAGACCTCTCCGAGACGGTATTTCTG	0	0	0		0	0	96.94061758	0	11
AATCTGGTTTTGTGACGTGACGTGCCTCGG	0	0	0		61	0	242.3515439	0	84
AATCTGTTGTTGCTTGTGGCACGTGTGTCC	0	0	0		0	0	24.23515439	0	2
AATCTTCATGCATTAAGTTATAGGATTGAT	0	0	0		0	0	121.175772	0	25
AATGAAGGTTGACTCGGTGTGCGTACGTTA	0	0	0		0	0	24.23515439	0	2
AATGAATGGTTGTAAAACTGTATCTCCTGC	0	0	0		0	0	1551.049881	0	146
AATGACATAGCCTGGTCCGCTGCAAAGAGT	0	0	0		0	0	218.1163895	0	111
AATGACTCCCATCAGATAAGGATACGATTT	0	0	0		0	0	24.23515439	0	2
AATGAGAGCTAAGGTATGATCGTCTAGAAG	0	0	0		0	0	702.8194774	0	360
AATGAGTGTTTAAGGGACATCTTCATAGCA	0	0	0		0	224.2417582	1308.698337	0	380
AATGCAAATGAGTTTATAACAAGATTTTAA	0	0	0		0	0	96.94061758	0	14
AATGCACCAGGGGTCCATGCATCTTACGAT	0	0	0		0	0	533.1733967	0	187
AATGCACGTCAGTTTACCTTTCATCACAAC	0	0	0		0	0	24.23515439	0	2
AATGCATGAGGGTGGGTTAGTCCGTCGGGC	0	0	0		0	0	24.23515439	0	5
AATGCCGAACAAGACTCCTCAATCACTTAT	0	0	0		0	0	96.94061758	0	180
AATGGATGTTGGCTGCTGCTCTCCCGGTAC	0	0	0		0	13.03731153	0	0	3
AATGGCAAATGTCTGCCTTATAGTCTTCGG	0	0	0		0	0	872.4655582	0	141
AATGGCCTTATGGCTTAGCTTGAAATACAG	0	0	0		0	0	24.23515439	0	10
AATGGCGATGTTAAATCATTTCCTTGTGCG	0	0	0		0	0	72.70546318	0	136
AATGGCGTAGGCTGGGCATAGCCGAGTGGT	0	0	0		0	0	24.23515439	0	22
AATGGTCCTTAGAGAATCCTCTATATCCTA	0	0	0		0	0	24.23515439	0	19
AATGGTGTCAGGTAAGCGCGTAACCACAGT	0	0	0		0	0	48.47030879	0	2
AATGTATACCTACGTCAAACTTGACGATAT	0	0	0		0	0	72.70546318	0	63
AATGTCAGTGCCCCTAAGTCTGTAGTATAC	0	0	0		0	0	48.47030879	0	4
AATGTCGTGCTGACCTATGATCGATTTTAC	0	0	0		0	0	24.23515439	0	3
AATGTGTTATAAGGCATTCGGGGCTCACAG	0	24.21946483	0		0	0	581.6437055	0	6
AATGTGTTCGGATCCTACTGTGTTAACTTT	0	0	0		0	0	4992.441805	0	903
AATGTTCCGTTTTTGTATAACGAGCTCCTT	0	0	0		0	0	290.8218527	0	14
AATGTTCGGGTTCGTCGAGACCGCCGATTT	0	0	0		0	0	945.1710214	0	563
AATGTTGGGTCCGGCAAAACCAGTCATCCA	0	0	0		0	0	969.4061758	0	86
AATGTTTAGAAGTCATCACGTTCGGGATCT	0	0	0		0	0	24.23515439	0	40
AATGTTTAGCTTCGGAAGAAAGGTCAGGCT	0	0	0		0	7.822386915	145.4109264	0	0
AATTAAAATATGTACGCTCCTGTTACTGCA	0	0	0		0	0	72.70546318	0	30
AATTAAATTGGTCAAATATTGTGCTAATTT	0	0	0		0	0	24.23515439	0	4
AATTAACAGTATACTCATACTATCTTTGAC	0	0	0		0	0	24.23515439	0	30
AATTAAGAACCGGGCGTTTATATGGGGTAG	0	0	0		0	0	218.1163895	0	0
AATTAAGACGAAGTTGGGGCCCGTCACCCT	0	0	0		0	0	24.23515439	0	0
AATTAATTTAGTTGCATTTGCCTCCTAGGC	0	0	0		0	155.1440072	436.2327791	0	29
AATTACGCCTCAATCTTACGTCGTTGAATA	0	0	0		0	0	96.94061758	0	278
AATTACGTGATTTTTTGAGGTCTTTTCGAT	0	0	0		0	0	339.2921615	0	238
AATTAGAACTCCGCACCAGGTAACGGTCTG	0	0	0		0	0	121.175772	0	46
AATTAGATTTCTACGTCGACGGGGAGACGT	0	0	0		0	0	121.175772	0	175
AATTATAGCAGTTTAACCTGGGTCCACTCT	0	0	0		0	73.00894454	339.2921615	0	11
AATTATCAAGGTTGCGGAGAGGATCGTGGC	0	0	0		0	0	24.23515439	0	8
AATTATCGACCGGTAGTCTGATCTCCTAAG	0	0	0		0	0	557.4085511	0	0
AATTATTGGACCTCGGTTCAGACCCCTACA	0	0	0		0	0	630.1140143	0	1284
AATTCCTTTCCATCACAGCCACCATCATGC	0	0	0		0	0	24.23515439	0	3
AATTCGGTTTATTCAGCCACAGACAGAGTT	0	0	0		0	0	48.47030879	0	0
AATTCTATGAGTCCGGTGAACCATATACGC	0	0	0		0	0	48.47030879	0	112
AATTCTGGTGCTATGCTTCCATTAGAAATG	0	0	0		0	0	48.47030879	0	4
AATTCTTCCACCAGTTTGGGTCTATTAGTT	0	0	0		0	0	848.2304038	0	32
AATTGACGGCTACTTCAAAGACAGTATTGA	0	0	0		0	0	24.23515439	0	6
AATTGAGGTTCCTTACCCCATTGATGTGAA	0	0	0		0	0	2568.926366	0	263
AATTGCACCTGTATATCGAGTTGATGTTTT	0	0	0		0	0	24.23515439	0	27
AATTGCTGCTCGCTTTTTTTCGGTTGTTAG	0	0	0		0	0	24.23515439	0	4
AATTGGCATGAGCGGGATCAGGTATGATAG	0	0	0		0	0	654.3491686	0	3105
AATTGGGCATGTTGTGAGGAGAACTTGTTA	0	0	0		0	0	48.47030879	0	0
AATTGGGGTGTTTATTCCTGGACTTCCGTG	0	33.02654294	0		0	0	533.1733967	0	69
AATTGGTACAGCAGGAGCTGGGTAATTATG	0	0	0		0	0	169.6460808	0	910
AATTGGTTGTTAGGAAGTGTACGAAGTGGG	0	0	0		0	0	96.94061758	0	289
AATTGTTGAACTTTACTTAGAACACTAATG	0	0	0		0	0	24.23515439	0	84
AATTGTTTACGCAGGTACTCACTGTCATTT	0	0	0		0	0	48.47030879	0	86
AATTTATCTCTTTTGATCGGAATACGACAT	0	0	0		0	0	169.6460808	0	44
AATTTATGGGCCTACCTTTATATTTTTGTA	0	451.3627536	0		0	0	508.9382423	0	89
AATTTCCGAAGCGGTTCTCGATGATTCCTT	0	246.5981873	0		0	0	48.47030879	0	33
AATTTCCTCTGGATGCCTCGACCCTAAGTG	0	0	0		0	0	3950.330166	0	24
AATTTGAACGCGGGTAACACTTGGGAATTG	0	0	0		0	0	72.70546318	0	22
AATTTGATGGGTACGATTGGTTGCCACGCA	0	0	0		0	0	145.4109264	0	16
AATTTGGGCGAACAACGCACTGGCGGAGTG	0	0	0		0	0	24.23515439	0	14
AATTTTCTTTTCGTAATTCTTACGGAACTT	0	0	0		0	0	24.23515439	0	0
AATTTTGGTCACCGTTTTAGGATATGCTAA	0	11.00884765	0		0	0	72.70546318	0	16
AATTTTGGTGGAGCAATCATTGTCTCTCTT	0	0	0		0	0	121.175772	0	9
AATTTTTATATTCAGTCGTGGTGCTTGCTG	0	0	0		0	69.09775109	0	0	0
AATTTTTCCGTCCAGACGCGACCGCTAGAT	0	0	0		0	0	945.1710214	0	132
AATTTTTGCGCGGTAGGTCTCAGCCTCAGG	0	0	0		0	0	678.584323	0	509
ACAAACATCATCGTTTAATTAGTCCTTATT	0	0	0		0	0	24.23515439	0	559
ACAAACTGTCCTTGTGATGTGATTTATGTT	0	0	0		0	0	169.6460808	0	866
ACAAAGGGTAGCCGAGTTAGCCCGCGGGGG	0	0	0		0	0	339.2921615	0	162
ACAAAGGGTGACGATAGTATAGGTGATATA	0	0	0		0	0	2181.163895	0	2713
ACAAATGGCTGTGTAGGATCTATGGGTAGT	0	0	0		0	0	24.23515439	0	18
ACAAATTATCAACCCCGTGTTTACGCCTGT	0	0	0		0	0	727.0546318	0	464
ACAAATTCTGGGCGGGTGTTATTCACCTAG	0	0	0		0	0	193.8812352	0	192
ACAACGATCGGGGTTTACTCAGAGTTCGAA	0	0	0		0	0	193.8812352	0	174
ACAACGCACAGGACTGACACACTCCTCGGG	19.01573825	44.03539059	33.65211245		0	0	0	0	83
ACAACTCCTTATCGAATTCCTGCCATGCCA	0	0	0		0	0	169.6460808	0	1219
ACAACTGGATGAAAGTCAAGATGGCTGACA	0	0	0		0	0	121.175772	0	0
ACAAGAACGCATTCCTATGCGCTTTAAAGG	0	0	0		0	0	1524318.506	0	8
ACAAGAAGGTTTGAGGAGGTCGTGAGGGGT	0	0	0		0	0	266.5866983	0	8
ACAAGCTGCAGCGACGCAGCTGCACACAAG	0	0	0		0	0	6204.199525	0	63
ACAAGGGGGGATTTCTCCTGGGCCAAAACT	0	0	0		0	0	96.94061758	0	113
ACAAGTCGCACATTTACCTGGTTTCTGTTA	0	0	0		0	0	1332.933492	0	164
ACAAGTTCCTGCTGTCCAATGTCTGCCCGC	0	0	0		0	0	24.23515439	0	21
ACAAGTTTTACATAGTGTAATACGTTATCA	0	0	0		0	0	96.94061758	0	20
ACAATATGTTCGAAGTTTGCCCGTCCGTTA	0	0	0		0	0	799.760095	0	300
ACAATCAGCTTAACGATAGCTTTATAATTA	0	0	0		0	0	24.23515439	0	46
ACAATCTGATGGAGGCTTCTTGATGGAGGT	0	0	0		0	0	121.175772	0	48
ACAATGGGGGCAAACAAAGATCATATGCCA	0	0	0		0	0	1042.111639	0	241
ACAATGGTCATCCCAACATTCGGTATCCTA	0	0	0		0	0	72.70546318	0	6
ACAATGTGCCTTCCTGCGACAGTTCGTTAT	0	0	0		0	0	24.23515439	0	412
ACAATGTGGGTGTGCCAGAATACACGGGTG	0	0	0		0	0	1042.111639	0	113
ACAATTACGCTACCCCGCGTATGAAACATA	0	0	0		0	0	48.47030879	0	376
ACAATTCGCCCCATATCGCCTCTCCGTGCT	0	0	0		0	0	121.175772	0	11
ACAATTTCCGGACCATGAGAAATCGATGGC	0	0	0		0	0	145.4109264	0	0
ACAATTTGCACGATTGTATTGTAAGTAATT	0	0	0		0	0	460.4679335	0	161
ACACAACATATGCTCACGTGGAGAGATCAT	0	0	0		0	1.303731153	0	0	0
ACACAACTTGCACAGGTGCGCTTCCTCGTG	0	0	0		0	449.7872476	1042.111639	0	3
ACACAAGTAGTTTACTATATAATACGCCAC	0	0	17.627297		0	0	0	0	0
ACACACTCAAGTGTATTCAGGTAGCACGTG	0	0	0		0	0	121.175772	0	79
ACACAGGATGTAAACTTGCAATTTTCTGTT	0	0	0		0	0	72.70546318	0	50
ACACATGACTGGAGTCCTAGACGTTCCGCT	0	0	0		0	24.7708919	2665.866983	0	1027
ACACATGCCCTGGTACATTTACAGACTGGT	0	0	0		0	0	48.47030879	0	11
ACACATGGGGGTAGTCCCCTAGGGGCGTAT	0	0	0		0	0	678.584323	0	19
ACACATGTTAGATATTTTGTGGGTAACTTC	0	0	0		0	0	24.23515439	0	47
ACACCATAGCTCGTAAGTCTATAATCATCG	0	0	0		0	0	266.5866983	0	163
ACACCATGCAGATGCCCGGATCCACTCCAT	0	0	0		0	0	266.5866983	0	95
ACACCCCCTCCTCATTGGTGCGATTGCTGC	0	0	0		0	0	145.4109264	0	138
ACACCGCCATAAGAAAGGTGATGAATCTGT	0	0	0		0	0	363.5273159	0	355
ACACCTATCCTTACTGCAGGTCTCGGTCTG	0	0	0		0	0	24.23515439	0	24
ACACCTGCAACGACAGGGCAGCTCATGTCA	0	0	0		0	0	1478.344418	0	263
ACACGCGCAGCGTCGATCAGCCTGGGGGGT	0	0	0		0	0	24.23515439	0	26
ACACGCGCTGGGCGGAGGTGGAGGTAATGT	0	0	0		0	0	48.47030879	0	2
ACACGCGGCTCAACAGTTCTTCCCCACGAG	0	0	0		0	0	48.47030879	0	5
ACACGGTTTGGGCAGATGTTTGCTCACCCC	0	0	0		0	0	48.47030879	0	19
ACACGTCTTACCTGGTTGTGGAAATATTTT	0	0	0		0	0	315.0570071	0	12
ACACTACGTTTACTCAACCTATTGGACCGT	0	0	0		0	0	121.175772	0	80
ACACTAGACTGGCGTGCCGATCGGCGCTCG	0	0	0		0	0	96.94061758	0	19
ACACTAGGTATCGCATTAAAGTTCCGACGG	0	0	0		0	0	96.94061758	0	28
ACACTCTGTCGTTACGTCCGAAGTACAGAT	0	0	0		0	0	24.23515439	0	38
ACACTCTTCCGACGCCTGTAGTTTCACGCA	0	0	0		0	0	145.4109264	0	1176
ACACTGCATGTCGATGTTCTGAACGGGCGT	0	0	0		0	0	96.94061758	0	3
ACACTGTGCTCATTATGGCGCTCTTTTATT	0	0	0		0	0	218.1163895	0	24
ACACTTCCGAGGCGTACGAAAGGCGGGTGT	0	0	0		0	0	363.5273159	0	129
ACACTTCGCCTCTATTTGTTTTAGCCGCAT	0	0	56.08685409		0	0	945.1710214	0	136
ACACTTTTCTTTGGGGATCAACATAACGCA	0	0	0		0	0	1454.109264	0	30
ACAGAAGGTCTGGTACGTTACTGGAGCGTA	0	0	0		0	0	24.23515439	0	7
ACAGACCGCCTATTCGCACTGAATGATCGA	0	0	0		0	0	169.6460808	0	41
ACAGAGAGGCTCCTGCGTTCGGGGTCGGGG	0	0	0		0	0	96.94061758	0	3
ACAGATCGTGGGATAGCTCTGTGCGGGAGA	0	0	0		0	0	24.23515439	0	17
ACAGCCCGGGATCACGAGAGCGGGCCGGAC	0	0	0		0	0	96.94061758	0	57
ACAGCGGACGGATAGCTAGGGGCGCATTGG	0	0	0		0	0	96.94061758	0	45
ACAGGAATACGTGCGTCCAGCGTTACTGGC	0	0	0		0	0	1139.052257	0	5
ACAGGTAGGATCGCCGATGCTTGGAAGGAC	0	0	0		0	0	1429.874109	0	87
ACAGGTGTACGAAGAGTTGAACTAGGCACC	0	0	0		0	0	96.94061758	0	14
ACAGTATTAGGACTATCGATCTGAGGAAAT	0	0	0		0	0	96.94061758	0	113
ACAGTCTCGCCACGATTAGCGGGTGTTAGT	0	0	0		0	0	24.23515439	0	10
ACAGTCTTTAAAGTCTGTATACATGGTTCA	0	0	0		0	0	48.47030879	0	3
ACAGTGACGTTTATTGACTCTACCTAGCGT	0	0	0		0	0	121.175772	0	49
ACAGTGGTAATATGAGTTTTGAAGGCCTTT	0	0	0		0	0	121.175772	0	7
ACAGTGTAGTATCGCGCACCATTGTATCGA	0	0	0		0	0	72.70546318	0	3
ACAGTTTAGAGTAATATTCTTGTCGAAGCC	0	0	0		0	0	24.23515439	0	19
ACAGTTTCCACACCACTCAACTTGTAACCA	0	0	0		0	0	72.70546318	0	110
ACAGTTTTCCAGCTATAAATACTGCCCCAA	0	0	0		0	0	24.23515439	0	0
ACATACCCGCTGGTTGGGGTTTGGGAGTCT	0	0	0		0	0	48.47030879	0	11
ACATAGGATAGCCGGGTTTGTCAATGCCAC	0	0	0		0	0	266.5866983	0	530
ACATATCGATTTTCTTGTGCCGAGTGCAAT	0	0	0		0	0	266.5866983	0	1121
ACATCCATCATTGACGACACATTTCCCGTC	0	0	0		0	0	775.5249406	0	409
ACATCCCTAGTATGCCTCTCGTGTTTTGGG	0	0	0		0	0	96.94061758	0	2
ACATCGCCGAACTCTTGGCGTGTGAAGCCC	0	0	0		0	0	145.4109264	0	13
ACATGAACAACCAATTTGTCCTATCTTCGA	0	0	0		0	0	48.47030879	0	20
ACATGATGTATGTTGCCCAATGTCCTTTAA	0	0	0		0	0	24.23515439	0	15
ACATGCCTACGTGTCAACGCTTGGGTTTCG	0	0	0		0	0	242.3515439	0	35
ACATGGTGTTGGTTCGAATCAACATACGGT	0	0	0		0	0	24.23515439	0	169
ACATGTATTAGGTTAAAAGCATTTCTAATG	0	0	1.602481545		0	0	0	0	209
ACATGTTCCCCTGGTTAGTGTCTCACGGGC	0	0	0		0	0	24.23515439	0	87
ACATGTTGTTCCTCTGCCGACTAGCTTTAG	0	0	0		0	0	290.8218527	0	213
ACATTACAGCACTGTCAGGTGCCTAGTATG	0	0	0		0	0	581.6437055	0	10
ACATTCCTCGATGAAGGTTAACAATTCAAT	0	0	0		0	9.126118068	24.23515439	0	2
ACATTCGCCTTGTAGGTGGCTATAGAAGAT	0	0	0		0	0	145.4109264	0	26
ACATTCTATGAAAATTTTATGATAGGTCTT	0	0	0		0	0	24.23515439	0	26
ACATTGACTAAGCATTTTTGAAAACGTTCT	0	0	0		0	0	48.47030879	0	9
ACATTGGGTTGAAAATCCCGCAGTCTAGTA	0	0	0		0	0	1042.111639	0	194
ACATTGGTAACGTAGGGGTCACGCGAGAGC	0	0	0		0	0	24.23515439	0	3
ACATTGGTTACCGCCATTTTCGTAAGCGAA	0	0	0		0	0	145.4109264	0	2
ACATTGTCCATTTGTTTGCCGACTTAGCCT	0	0	0		0	0	96.94061758	0	39
ACATTTAGATATCCTTAGACTTATTAGGAC	0	0	0		0	0	48.47030879	0	76
ACATTTCATTCATTTTGATTTCATTTCGAC	0	0	0		0	0	2520.456057	0	136
ACATTTGCTACTCATCGCAAGTAAGTAGTT	0	0	0		0	0	24.23515439	0	81
ACATTTTATCAGGAGTGCTCGTCTCGCTCT	0	0	0		0	0	2641.631829	0	1150
ACATTTTGTATCCATTCCCTTAACGGGGTG	0	19.81592577	0		0	13.03731153	72.70546318	0	496
ACATTTTGTCACTATTCCTACGCACTTCAT	0	0	0		25	0	72.70546318	0	1144
ACATTTTGTGTTGGCCACATTCGGCCAAGT	0	0	0		0	0	169.6460808	0	8
ACCAAATTCATGTCCGTGCGGGGATTCTGT	0	0	0		0	0	145.4109264	0	62
ACCAACGGAGGGTTGCGCCCACGCTCGCTG	0	0	0		0	0	72.70546318	0	67
ACCAATCGAGAGTCTGGCTGGAGATGCCCT	0	0	0		0	0	48.47030879	0	43
ACCACAAAGACGTGAGATTTACTCCGGGAC	0	0	0		0	0	48.47030879	0	19
ACCACAGTGGGTCGGGGATATGTTGGTTCT	0	0	0		0	0	48.47030879	0	127
ACCACAGTGTGACACTTCCTTCGTTCTCTA	0	0	0		0	10.42984922	0	0	313
ACCACATGTGTGGTCAAAATGCTTGCCATG	0	0	0		0	0	15801.32067	0	29
ACCACCCCTGCTCCCCGGCCTGGGGGCGTC	0	0	0		0	0	24.23515439	0	0
ACCACTAAAAGTTAGTCCACGTTACTCGAT	0	0	0		0	0	96.94061758	0	5
ACCAGAGGATACCGACTTATTTCTGGTTTT	0	0	0		0	0	678.584323	0	7
ACCAGCGAGTCTTTACCAAAGGAGCGCATT	0	0	0		0	0	242.3515439	0	39
ACCAGCTACTCTATGAAAAAAAGTTTGACA	0	0	0		0	1.303731153	0	0	5
ACCAGCTACTCTATGAAAAAAGTTTGACAT	0	0	0		0	91.26118068	193.8812352	0	691
ACCAGCTCCTCTATGACAACAGTTTGACAT	0	0	0		0	1.303731153	0	0	0
ACCAGGTGCACAAGATCTTGAGTAGACGCA	0	0	0		0	0	678.584323	0	22
ACCAGTGTCCGGAATAACCGTCGAAGGCGC	0	0	0		0	49.5417838	0	0	7
ACCAGTTGCGTGCAGCATAAAGATCGTATT	0	0	0		0	2.607462305	1017.876485	0	131
ACCAGTTGTACTGGCTATTCGGTAGTAGAC	0	0	0		0	0	24.23515439	0	17
ACCATATCGTCTTCCAGTCGGGTGACTCCA	0	0	0		0	0	24.23515439	0	21
ACCATCTTCCACGGCAACGTCAAATTGTCT	0	0	0		0	46.93432149	0	0	31
ACCATCTTCGGAGCCATGGAGAGGCTCGTT	0	0	0		0	0	48.47030879	0	0
ACCATGGCTCCGCCAAAGTTCTTGCCGCTG	0	0	0		0	53.45297726	169.6460808	0	158
ACCATTACAGTTTGCTTTCACGTCAACATG	0	0	0		0	0	72.70546318	0	182
ACCCAACCCACCTAGCCATTTGAGGCGTTG	0	0	0		0	110.817148	0	0	8
ACCCAGAATAGTACCCTTCCCTATTCATGT	0	0	0		0	0	581.6437055	0	994
ACCCAGATTTAACTCGCATGTATGCCCGCA	0	0	0		0	0	290.8218527	0	41
ACCCCCTGTACCATGTTTACTCCAAGCATA	0	0	0		0	0	48.47030879	0	3
ACCCGAATCCCAACGGCCGACTTCCGATTC	0	0	0		0	0	1672.225653	0	42
ACCCGATAAGTCGAGAAGGGGGAGGACGGC	0	0	0		0	0	48.47030879	0	3
ACCCGCGCCTTACCACGCGGTCATAAGGAT	0	0	0		0	0	24.23515439	0	9
ACCCGTAACGTACCCACTGTGGAGTTTGTT	0	0	0		0	0	24.23515439	0	3
ACCCGTGATAACCCGTGTGCGCAGCTAGTT	0	0	0		0	0	96.94061758	0	43
ACCCTAGCTGACGATATGCATGACCGTCAA	0	0	0		0	0	48.47030879	0	12
ACCCTCGTCTTTTGTATAATTAGCCGCCCG	0	0	0		0	0	121.175772	0	43
ACCCTTTATCGAAGGAGACACACCGATTGT	0	0	0		0	23.46716075	0	0	891
ACCGACAATGCTAGAATCGATGAAGTCTGC	0	0	0		0	0	3635.273159	0	62
ACCGAGAATGCGGGATTAAGGGAAGGCTCA	0	0	0		0	0	969.4061758	0	1360
ACCGAGACCCAGTAAAAATGTGGCCCGTTC	0	0	0		0	0	266.5866983	0	31
ACCGAGGTCCACTAACTGTAAGTGCACAAA	0	0	0		0	0	24.23515439	0	2
ACCGATTTGTGCTTAGTTCCACCTCTGGGA	0	0	0		0	0	72.70546318	0	19
ACCGCAAGTACGACTCTGAACGCCTAAACA	0	0	0		0	0	96.94061758	0	23
ACCGCGGGAACTGCGGACCACGCATAGTTT	0	0	0		0	0	24.23515439	0	80
ACCGCGGGCCGTGGAAGTGGATCAGGAGGT	0	0	0		0	0	799.760095	0	0
ACCGCGGTACTCAGAGTTAATACGCCGTGT	0	0	0		0	16.94850498	121.175772	0	4
ACCGCGGTTGCGGGGAATGTAATCCCTGGG	0	0	0		0	0	24.23515439	0	41
ACCGCTCTTCCACTTACGATCCTCAGAGGA	0	0	20.83226009		0	0	48.47030879	0	206
ACCGGACCGCATGAGTGTAGACATACATGC	0	0	0		0	0	24.23515439	0	2
ACCGGCGGATAATAGTCTATTTTGGATACT	0	0	0		0	0	24.23515439	0	9
ACCGGGCATTGATGCCCTTTGACAGTGTGT	0	0	0		0	0	702.8194774	0	76
ACCGGGCGCAGGGTTGAAAGATACTAGCGT	0	0	0		0	0	48.47030879	0	4
ACCGTATAAATAGTAGGAGTTGACAGCCCG	0	0	0		0	0	1284.463183	0	0
ACCGTATATTGCTAATGGGGTGTTAAGTAC	0	0	0		0	0	218.1163895	0	3
ACCGTCGGTCTCCCGGATTCACGGGTTTGC	0	0	0		0	0	1017.876485	0	872
ACCGTGATGGGGAGCATTATGAACTTATAT	0	0	0		0	0	96.94061758	0	9
ACCGTGATTTAGAGTAAATGGATAAGCTTA	0	0	0		12	1.303731153	0	0	80
ACCGTGCATCGCTACGCCCGCCCAGGGGTA	0	0	0		0	0	72.70546318	0	1459
ACCGTGCCGTAAGTACCTTGGCGCTCCATT	0	0	0		0	0	339.2921615	0	108
ACCGTGTCTATGGTACGCGGGCCTACAATT	0	0	0		0	0	242.3515439	0	343
ACCGTTAGGGAGAGTATTCAATAGTCGTTG	0	0	0		0	0	24.23515439	0	10
ACCGTTCACCACTCTCCACATCAGGGCCTC	0	0	0		0	0	72.70546318	0	2
ACCTAATTCAGCCCGGTAAACTTAATCAAG	0	0	0		0	0	1478.344418	0	30
ACCTACTATTTTTCAATGCTTTGTATTGAT	0	0	0		0	0	24.23515439	0	37
ACCTATCAGGGCGGATGATTTGGAGTGAGG	0	0	0		0	0	315.0570071	0	3
ACCTCGCCTTTTAGGCCAATTCTTCATCTT	0	0	0		0	0	72.70546318	0	69
ACCTCGGATAGCTCCTTTTATGTGGATGTT	0	0	0		0	335.0589062	0	0	3
ACCTGAGATCTTTCACGGCATTTACATCAG	0	149.720328	0		0	0	145.4109264	0	0
ACCTGGCGTCCTCTACTGTTAATGTGTAGA	0	0	0		0	15.64477383	0	0	13
ACCTGGGTCGACACGACACATCAGCCTTGA	0	0	0		0	0	24.23515439	0	6
ACCTGGTTCCGTAGAAGGAGCTGGAACCAC	0	0	0		0	0	48.47030879	0	40
ACCTGTATCGTACCAGAGGACCGTTACTTA	0	0	0		0	0	24.23515439	0	0
ACCTGTTCCCCGCCGTCTTCACCCGGCGTA	0	0	0		0	0	48.47030879	0	154
ACCTTATAGTGGATTGCGGTTGTACCCGGT	0	0	0		0	0	24.23515439	0	36
ACCTTCACTGTATCCTGCGGCATGAAAAAG	0	0	0		0	0	169.6460808	0	191
ACCTTCTTATTATTGCTGAAAACGGCTCTA	0	0	0		0	2.607462305	0	0	10
ACCTTGGCTCATAACGCCGCATAGGATTTA	0	0	0		0	0	24.23515439	0	85
ACCTTGTTTCATGCTGAATTATAATACTTC	0	0	0		0	0	2471.985748	0	1697
ACCTTTCACATCGTCGTCCCTTATGGAGGT	0	0	0		0	0	72.70546318	0	6
ACCTTTCACCGTCATTTGGCATTGTCCAAA	0	0	0		0	0	630.1140143	0	13
ACGAAACCTGTATCGAGCACGTTGACTTAG	0	0	0		0	0	24.23515439	0	0
ACGAAAGCAGCTCTCTTCCAGAGTATTACG	0	0	0		0	0	24.23515439	0	6
ACGAAAGGTGGGTCGAGCTCATACGTTACA	0	0	0		0	0	48.47030879	0	4
ACGAACAGCACGTAATGCTATCGGCGACCG	0	0	0		0	0	96.94061758	0	741
ACGAACGGTGGTCCGAGCGGGGCGGAGGTG	0	0	0		0	0	72.70546318	0	13
ACGACCGCTAGGGGGTTCGTTGGAGGGGAG	0	0	0		0	0	557.4085511	0	188
ACGACTGGGGGCATTGCACGGTAAGGGGGT	0	0	0		0	0	218.1163895	0	158
ACGACTTATAACGGTAGTCGACTATACTAA	0	0	0		0	0	169.6460808	0	15
ACGAGAATTATGTATCTACCGTTGCTCCCA	0	0	0		0	0	169.6460808	0	0
ACGAGCACCAGTAGTTTACTTCCCCTCAAC	0	0	0		0	19.55596729	72.70546318	0	14
ACGAGCTTTCTAAATACGTTCATTTAGCTT	0	0	0		0	0	48.47030879	0	0
ACGAGGCATACTTTCCCGGGGGTGACGCTG	0	0	0		0	0	72.70546318	0	3
ACGAGGCCTGGTGGGCTTGCACTTCTTGTG	0	0	0		0	0	24.23515439	0	2
ACGAGGGCTTTGGGTCCCCGAGCAAAAATG	0	0	0		0	0	121.175772	0	2
ACGAGGGTCCGGAATGTTGACAACGGGGTG	0	0	0		0	0	145.4109264	0	13
ACGAGGTAGACGGTCGGTGTCAGACCTGGG	0	0	0		0	0	72.70546318	0	54
ACGAGGTTCGCCCTTCTTAATATTAGACAA	0	0	9.614889273		0	0	0	0	88
ACGAGTTGAGCGAGGGTGAAGCTTGGACTA	0	0	0		0	0	96.94061758	0	2
ACGAGTTTGCTGGCTAGGTCTGACTGTTCC	0	4.403539059	0		0	0	121.175772	0	0
ACGATACACAAATGTATGATCGCCAAGTGT	0	0	0		0	142.1066956	2423.515439	0	119
ACGATAGCTAGGTTTATCTGCAGGGTTAGA	0	0	0		0	0	48.47030879	0	7
ACGATAGGGTACATCCAGGGTGCGCCGTTT	0	0	0		0	0	24.23515439	0	3
ACGATCGACGGATTTAGCATGTTAGGTATT	0	0	0		0	0	96.94061758	0	675
ACGATGAGGATAATCTTAGCTTAAGGCGAT	0	0	0		0	0	96.94061758	0	32
ACGATGCTTCAATAATTATACCAGTTGGAT	0	0	0		0	0	2471.985748	0	68
ACGATTGACTCCCTTAACCTTTGAAATCTT	0	0	0		0	0	48.47030879	0	7
ACGCAGCATCAGGGTACATCGACTTAGCGC	0	0	0		0	0	145.4109264	0	2
ACGCAGGGACGTCACCTGCGTCGGAGTATA	0	0	0		0	0	24.23515439	0	0
ACGCAGTCGCGGGGCAGCGACCGGCAGGGC	0	0	0		0	0	48.47030879	0	3
ACGCATAGCGCCTAATCGTAGGGGTGGGGG	0	0	0		0	0	896.7007126	0	41
ACGCATTGTCCGGCGTTCCCGGTATCGTCG	0	0	0		0	0	24.23515439	0	5
ACGCCAAAGATAGTATATCTTAGTAGTGGA	0	0	0		0	0	48.47030879	0	27
ACGCCAATAGGTTGGTATTTTCAGCCACGG	0	129.9044022	0		0	0	121.175772	0	1395
ACGCCATGGTGTCCTGACCTGCGGCTTCGA	0	0	0		0	0	654.3491686	0	31
ACGCCATGTAGGCTCAGCGCCATAGAAAGT	0	24.21946483	0		0	0	218.1163895	0	42
ACGCCATTTGTTTACAGCCTCAACACCAGT	0	55.04423824	0		0	0	0	0	6
ACGCCGAGTGCGTGATTTGAGCGGGCAGAT	0	0	0		0	0	387.7624703	0	62
ACGCCGATTCAATGTAACTTAACAATTATA	0	0	0		0	0	24.23515439	0	6
ACGCCGGCCTAAAGGCTCTAATAGAAACAC	0	0	0		0	0	48.47030879	0	5
ACGCCTTTTCCTGGTTTTGCGATCCTTGAT	0	233.3875701	0		0	0	193.8812352	0	671
ACGCGGGCCCACAATCTGGACCTCCAAGCG	0	0	0		0	0	24.23515439	0	6
ACGCGGGGCTACCTTTGTAGCAAGTGATAT	0	0	0		0	0	48.47030879	0	5
ACGCGGGGGAGCGGATCATTACAAGGTGCG	0	0	0		0	0	24.23515439	0	0
ACGCGGTATCCTGCTTCATTTTTGATTTTC	0	0	0		0	0	315.0570071	0	28
ACGCGGTGGAATGGTATGACGTTGAGAGCG	0	0	0		0	35.20074112	436.2327791	0	111
ACGCGTATCATTGGGCATTTACCCCGGAAT	0	52.84246871	0		0	0	24.23515439	0	251
ACGCGTGATCCTCAGGTGTGTTTTGATCCA	0	0	0		0	0	751.2897862	0	35
ACGCTATTTAAAGTCTAAGAGATACCAATT	0	0	0		0	0	24.23515439	0	4
ACGCTCGCCACGTGGTCTACCGCGGAGGAT	0	0	0		0	15.64477383	48.47030879	0	38
ACGCTCGGTGGCGTCGGTACTGCTGACGAT	0	0	0		0	0	1017.876485	0	270
ACGCTGGCGGGGGTCGTGCCGAGTCAATGT	0	0	0		0	0	654.3491686	0	6
ACGCTTGGTTCCGGATCATATCTTTTCGAT	0	0	0		0	0	2302.339667	0	2784
ACGGACCTTCAACCTGTAAGGCTTAGAAAC	0	0	0		0	0	24.23515439	0	15
ACGGAGCCAGGAGGAGGTGGGTTCCCATTC	0	0	0		0	0	218.1163895	0	2
ACGGAGGAACCTGGGTGGCTTTGGGCTGTC	0	0	0		0	0	24.23515439	0	32
ACGGAGGATGCTGATCTGAGTGTAGAGACG	0	0	0		0	0	6276.904988	0	62
ACGGAGGTAGGTACCAGAGTGATTGGGGAG	0	0	0		0	0	4338.092637	0	36
ACGGAGGTGTATGGGGGTCGAGCGGGAGAT	0	0	0		0	0	48.47030879	0	2
ACGGATCGTGCATGTGCGGGGGAGGGCAGA	0	0	0		0	0	363.5273159	0	2
ACGGATTTTGATACGTCGAATCATTTGGGT	0	0	0		0	0	24.23515439	0	11
ACGGCATTAGTCATATGTAAGAAATCCATT	0	2.20176953	0		0	0	121.175772	0	0
ACGGCCCGGGTAGATTAGATCTACCGGACT	0	0	0		0	0	242.3515439	0	98
ACGGCTGCGTTGGTGGACAACTGGTGCATG	0	0	0		0	0	48.47030879	0	5
ACGGGACTTTGAACACAGGAACCGTATGTC	0	0	0		0	0	24.23515439	0	3
ACGGGATCAGGTAATCATATAGGATACATT	0	0	0		0	0	72.70546318	0	31
ACGGGCTGGGCCGAGTAGAGTCAGGGCAGC	0	0	0		0	0	24.23515439	0	2
ACGGGCTTAGTGTCAGCAGCCCTATGCTTG	0	0	0		0	0	363.5273159	0	8
ACGGGGGGGACGAGTTGGGTGACGCGCTTG	0	0	0		0	0	1405.638955	0	909
ACGGGTTCCGCAGTAAGGGGAACGTACGAT	0	0	0		0	0	24.23515439	0	82
ACGGTACATATCTTTCGGTGTACAACCTAA	0	0	0		0	7.822386915	48.47030879	0	14
ACGGTACTCGTAGGACATGGTTTCAGTATG	0	0	0		0	0	24.23515439	0	4
ACGGTCAGCACTTACTTGGTAAACATTTTA	0	0	0		0	0	48.47030879	0	18
ACGGTCGTTTGCCAGATAGGGGTATCGTGC	0	0	0		0	0	72.70546318	0	41
ACGGTTCATTTTTGAGTTTGATCGGTAGAT	0	0	0		0	0	24.23515439	0	4
ACGGTTGAGCAGTTGCAGATCTTCGGATTC	0	0	0		0	0	72.70546318	0	20
ACGGTTGCGCCAGTGGCTTGGGGAGGGGGG	0	0	0		0	0	1429.874109	0	209
ACGTAACAAGTCCGTACTAGATGCCGGGGC	0	0	0		0	0	2205.39905	0	1194
ACGTAACGGGACGGGTATGTTCCCAAACTG	0	0	0		0	259.4424994	508.9382423	0	552
ACGTAATCTTCAATGTTCGATGGAGTCATC	0	0	0		0	0	24.23515439	0	0
ACGTAGCATCTGCGTGTTTAGTGTACGTCT	0	0	0		0	0	11293.58195	0	3
ACGTAGTATGAGTGGCAGTAGGTGGTGGGA	0	0	0		0	61.27536417	72.70546318	0	303
ACGTATTGACTTATGTTCGTAGCGATTGAT	0	24.21946483	0		0	0	0	0	18
ACGTCACCATTGAAAGATGTAAAAGTGCTT	0	0	0		0	0	48.47030879	0	14
ACGTCCCAGCCCGGTCTTACGTCTCATGAC	0	0	0		0	0	96.94061758	0	12
ACGTCGCCACATTGTTTCCAGTGAGGACGA	0	0	0		0	0	48.47030879	0	1333
ACGTCGTCTTGAGGCGCATAAGCTAATCGA	0	0	0		0	0	193.8812352	0	3
ACGTGAAATTACTGTTTGGACCGGATTGCA	0	0	0		0	5.21492461	169.6460808	0	48
ACGTGCAGGATGACGGGTACATACTTCATT	0	0	0		0	0	169.6460808	0	264
ACGTGCTGGATGGAATCGGCCAGACCTTAG	0	0	0		0	0	48.47030879	0	20
ACGTGGCAAACTCCTTCCCGACGTGGAAGG	0	0	0		0	0	48.47030879	0	14
ACGTGTATATCAACATTTCCATTATTCGGT	0	0	0		0	0	1187.522565	0	1363
ACGTGTCTAGTATATGTCCGGTAAGCGACC	0	6.605308589	0		0	0	48.47030879	0	613
ACGTGTGACTGGGCCTAGAGACTATATGTC	0	0	0		0	0	24.23515439	0	4
ACGTGTTGCGCCGGACCTATCACTTTCCAC	0	0	0		0	183.8260925	387.7624703	0	22
ACGTTACCAGTTCGTTAGATGCTTGGTGTA	0	140.9132499	0		0	0	775.5249406	0	1533
ACGTTAGTCTAATGTGAGGCACAGGTACAT	0	0	0		0	0	169.6460808	0	422
ACGTTATATCCATTATAAGTACATTAATTA	0	0	0		0	0	484.7030879	0	2
ACGTTCACCCGATTGTGGAGGGTCAGCTCG	0	0	0		0	0	290.8218527	0	23
ACGTTCACTTATTTTTATGGATTTAGTGCT	0	0	0		0	0	24.23515439	0	12
ACGTTCATGTTTGGCGTAAATAATGGTGTT	0	741.9963315	0		0	0	290.8218527	0	135
ACGTTCTAGTCCTGTGATAAACGAGCTATG	0	0	0		0	0	218.1163895	0	3
ACGTTCTTTCAGTCTTTGAATTTACGGTTT	0	0	0		0	0	72.70546318	0	3
ACGTTGGAGTATGTAAGAGTGCCGGTTGAG	0	0	0		0	0	72.70546318	0	146
ACGTTGTTCGACATAAACTGAGAGGTATGC	0	0	0		0	0	48.47030879	0	15
ACGTTTAACGATTGTGATATGTGCGCTATA	0	0	0		0	0	72.70546318	0	5
ACGTTTAAGCTTGTCGACTCTACCTCGGCG	0	0	0		0	0	24.23515439	0	20
ACGTTTGCGTGCAAGGTTAGCGGTCTTCCT	0	0	0		0	185.1298237	0	0	20
ACGTTTTTGGTAAACGATGTCTCCCGGACT	0	0	0		0	0	24.23515439	0	0
ACTAAACACAATTCTCATACCCATTTTCGA	0	0	0		0	0	315.0570071	0	64
ACTAACAGCAACAAAGATTCGGATACGAAA	0	0	0		0	0	48.47030879	0	263
ACTAACCTTGGACTTACAGGTGCCCATTAC	0	0	0		0	0	266.5866983	0	10
ACTAAGCGAAGGCGAGTGACACGAGAGGGA	0	0	0		0	11.73358037	193.8812352	0	32
ACTAAGTATCTCTCATTCTTTCTTACGCCC	0	0	0		0	0	96.94061758	0	17
ACTAATGCCTTGGTTAACGCCGAGCTGACT	0	0	0		0	0	315.0570071	0	165
ACTAATGGCGGGCTGGTCCGAGCGGTGCGG	0	0	0		0	0	48.47030879	0	4
ACTACCGCTTTAGAAATGGGATGAAACATT	0	0	0		0	0	848.2304038	0	169
ACTACGGGGGCGGGCCTCAAGTAGGGAGGG	0	0	0		0	0	72.70546318	0	10
ACTACGTATGGTTTGTTTGCATACCGTCTG	0	0	0		0	0	96.94061758	0	1836
ACTACGTTTTTCAGAGGGTTTATGTCATTG	0	0	0		0	0	48.47030879	0	44
ACTACTCCACTATCCTCACAGTTCAGTTAC	0	0	0		0	24.7708919	266.5866983	0	50
ACTACTGACTCAGCTGTCCCTTGTAACGCG	0	237.7911092	0		0	0	0	0	56
ACTACTTCCGCGGCCACGTCATACATTACT	0	0	0		0	0	508.9382423	0	3
ACTACTTGTCGACGGCCCTCGTTCGTCCTA	0	0	0		0	0	24.23515439	0	151
ACTAGAGAAGTAAACTCTGGCGCTGGCGAC	0	0	0		0	0	1720.695962	0	218
ACTAGCACCCACCTTATTCAAGGAGACAAT	0	0	0		0	0	121.175772	0	14
ACTAGGACTGTAGCTGTGTGTTCCCAGCGC	0	0	0		0	0	24.23515439	0	4
ACTAGGTATCAGGATCTCCCATACAACATA	0	0	0		0	0	24.23515439	0	101
ACTAGTCTCTATCAGAATTGAGGATTGTTA	0	0	0		0	0	24.23515439	0	6
ACTAGTTTTGCAATACCCCTTTTCATATAG	0	0	0		0	6.518655763	0	0	2
ACTATCACCAGTCTACTCATAGCGTCACTC	0	0	0		0	19.55596729	48.47030879	0	7
ACTATTGTACGGCCCAACGAATTCAACACG	0	0	0		0	0	24.23515439	0	0
ACTCAACGTCTCATTCTATTCTCTTTTATT	0	0	0		0	0	72.70546318	0	0
ACTCAATCGACTTATGCCTGGAGATCCCTC	0	0	0		0	5.21492461	0	0	21
ACTCAGCACCAGTAGCGCAATCGGTACCTG	0	0	0		0	0	169.6460808	0	425
ACTCAGCCTTGGAAGTCACACCGGGCTCTA	0	0	0		0	0	169.6460808	0	3
ACTCAGCGAGCTGAGACGGCCAGAGGCGAA	0	0	0		13	0	242.3515439	0	5
ACTCAGGAGCACAAGCGGTTCGGGTGATAG	0	0	0		0	0	48.47030879	0	7
ACTCATATATACCAAGCGTCTATCTCGATA	0	0	0		0	0	121.175772	0	0
ACTCATGTTGTTAAATAATTTACTCCCGGA	0	0	0		0	0	823.9952494	0	251
ACTCCCAAGAGGGATGACTTGTCTGAGGCT	0	0	0		0	0	2011.517815	0	21
ACTCCCGAGTAAGTTTTGGGCTGACCGCGG	0	0	0		0	0	557.4085511	0	734
ACTCCGACATTGCGCGTCGGTATCGTCTAC	0	0	0		0	35.20074112	0	0	2
ACTCCGATAAGAGTCTGAGGTTTCGGGATG	0	0	0		0	0	121.175772	0	0
ACTCCGTATCCGAACCTCGCCAGGCTGAGG	0	0	0		0	0	121.175772	0	1699
ACTCGACGGAATGAACTGGATATCAATATG	0	0	0		0	0	72.70546318	0	4
ACTCGAGGAAGCTTAATCCAAAAGCTTAGC	0	0	3.204963091		0	0	72.70546318	0	9
ACTCGCCATGGGAGGGCGGCATGCGTAAGA	0	0	0		0	0	48.47030879	0	6
ACTCGCTGGCGAAACGATGAGATAAACCCT	0	0	0		0	0	290.8218527	0	49
ACTCGGCTAATTTCGTATATGAATATTGTC	0	0	0		0	0	145.4109264	0	72
ACTCGGGAGAATGACGACAGTTGGATGTAG	0	0	0		0	0	169.6460808	0	1050
ACTCGGGTCGGACTGCCCGACGCTTATGGC	0	0	0		83	27.3783542	0	0	2004
ACTCGGTATGCTCACCATGGGTAATATATG	0	0	0		0	0	72.70546318	0	29
ACTCGTACTAGTGAGCGAAAGCGACATTCA	0	0	0		0	0	193.8812352	0	1463
ACTCGTCCTCCCCTCCGGAGAACTCACTTT	0	0	0		0	0	218.1163895	0	22
ACTCGTGATGCAACGGTGTAAGAAGGAATG	0	0	0		0	0	242.3515439	0	41
ACTCGTGGGCCGGCGGTACAGTTCTTTGCA	0	0	0		0	0	799.760095	0	138
ACTCTAGGTATACGTCACTCCATGCCGTTT	0	0	0		0	203.3820598	24.23515439	0	51
ACTCTATCAAACCGGATCCGTAGGACACAC	0	0	0		0	0	24.23515439	0	0
ACTCTGGCGGATGGGGAGGGTGACCAGTTG	0	0	0		0	0	48.47030879	0	11
ACTCTGTTTTGCGGATTAACTCTCATATCA	0	0	0		0	0	799.760095	0	9
ACTCTTCAAGTGCAGGCGTCTCACGCTTTT	0	0	0		0	0	193.8812352	0	190
ACTGACGAATGGGAATTCAAATTGGACTAG	0	0	0		0	0	0	0	2
ACTGAGCGTATCTTAGACGTGTGTGTTATG	0	0	0		0	0	484.7030879	0	1743
ACTGAGTTCAGATGCCGGAGCAAGTGCACT	0	0	0		0	0	48.47030879	0	743
ACTGATCAGCCATCTGCAGTACATTCCGCT	0	0	0		0	0	630.1140143	0	4
ACTGCCCTCAATTTGTCCATTTATCTTACT	0	0	0		0	0	24.23515439	0	12
ACTGCGTGGCGGGGGAGACTCAGTCGTCGG	0	0	0		0	0	290.8218527	0	60
ACTGCGTTCCACGGTATCTAAACACGAGAA	0	0	0		0	0	411.9976247	0	518
ACTGCTAACTAGCGTTTGAAGCACCAATGG	0	0	0		0	0	145.4109264	0	9
ACTGCTACCAATTGAGATTAGGGGAGTACA	0	0	0		0	0	72.70546318	0	3
ACTGCTCATTTTGCGCCGTGGTTTGAACAT	0	0	0		0	0	145.4109264	0	340
ACTGCTGAATCGGGAAATACGCCATTAACG	0	0	0		0	24.7708919	0	0	3
ACTGCTGCGGTTACGGTGGTTGGAGGGCGA	0	0	0		0	0	1987.28266	0	0
ACTGCTGTTAGGTAAGCGGAGGGTGGGGAC	0	110.0884765	24.03722318		0	0	169.6460808	0	159
ACTGCTTCGAGGGTCGGTAATCGGATTGGC	0	26.42123435	0		0	0	0	0	178
ACTGGATCCGTGGATCGCACTTAAGTATTA	0	0	0		0	0	72.70546318	0	424
ACTGGATGTTCAAGCTGTGTTCATTCGGGT	0	0	0		0	0	169.6460808	0	6
ACTGGGACTTCCGTTTGCTGCTTAGAGGGG	0	48.43892965	0		0	0	72.70546318	0	12
ACTGGGTCCACTCGGTTAAACATCTGGCTA	0	0	0		0	0	3489.862233	0	781
ACTGGGTGCATTTCTTTCTACTCCAATTTC	0	0	0		0	0	96.94061758	0	9
ACTGGTCCCACCCAACGTACGCACAGCCGT	0	0	0		0	0	96.94061758	0	769
ACTGGTGAGACACGCTAGGGCTATTGAGCG	0	70.45662495	0		0	0	0	0	113
ACTGGTGCGTCGTGGGGGGCCGAGGCACGT	0	0	0		0	0	96.94061758	0	6
ACTGGTTTCTGTGATATTGGATCGATCACA	0	0	0		0	0	96.94061758	0	17
ACTGGTTTGGAATGCATTGCAGGTATGCTT	0	0	0		0	0	24.23515439	0	2
ACTGTAACCAGTTAGTTTCTAAGACTGCAG	0	66.05308589	17.627297		0	0	0	0	13
ACTGTCGATACACCGTCGATTTGAATTGAC	0	0	0		0	54.75670841	315.0570071	0	28
ACTGTCTCAAGCTACGTTGTGTGCGGCTAT	0	0	0		0	14.34104268	0	0	6
ACTGTCTTATACGTTCTACTCAATATTTAT	0	0	0		0	0	24.23515439	0	3
ACTGTGCAACATCAGAAGAGGTTGTAAGGC	0	0	0		0	0	1114.817102	0	2004
ACTGTGCTGACCGAGCGGCTTGGACGTACG	0	0	0		0	0	169.6460808	0	88
ACTGTTAGTATGAGAATGGGTAGACAGGTG	0	0	0		0	0	145.4109264	0	138
ACTGTTATCCATTCTTCCAGATTTTGCAGG	0	0	0		0	0	387.7624703	0	954
ACTGTTCGTGCACACGTTTCGTAGGAAATC	0	0	0		0	0	436.2327791	0	18
ACTGTTGAGAGAAACATCTATGTTTACGAC	0	0	0		0	0	24.23515439	0	0
ACTGTTGTACGGACTGAAGCGGCGATCTCT	0	0	0		0	0	24.23515439	0	313
ACTTAATGGGCTTTAGAACTGACGTACAAG	0	0	0		0	0	48.47030879	0	25
ACTTACTAATCGAATTTAATACAAATCCGA	0	0	0		0	0	1381.4038	0	283
ACTTACTATCCTACGGAATTAGCGTTAACA	0	0	0		0	0	96.94061758	0	0
ACTTACTTGGCGTATCCGCTCTACGTTTAT	0	24.21946483	0		0	0	121.175772	0	8
ACTTAGAATATGGTGCTCTGGAAGGGCTAT	0	0	0		0	26.07462305	48.47030879	0	102
ACTTAGAGGGGGTGGACTACGCTGGTGCAT	0	39.63185153	0		0	0	96.94061758	0	128
ACTTAGAGTCACCGCCAACGGTTTTTATCG	0	0	0		0	13.03731153	484.7030879	0	312
ACTTAGCTGTTCTGTTGATAGGTTGCCGGG	0	0	0		0	132.9805776	2641.631829	0	41
ACTTATATTAAAGATATTTTCAATTTCTAA	0	0	0		0	0	72.70546318	0	2
ACTTATGAGGGAGAAGCACTGTTAGGATAT	0	0	0		0	0	121.175772	0	41
ACTTCACTCGATATCCTTATAAGTTTCACG	0	0	0		0	0	48.47030879	0	2
ACTTCATACGTTGCTGTCACATGAGTGCAA	0	0	0		0	0	775.5249406	0	122
ACTTCCACGCGGAGGGTCTTACGGGGTTAG	0	0	0		0	0	1114.817102	0	42
ACTTCCAGCAGCCGAGTATTAACATGAACT	0	0	0		0	2.607462305	48.47030879	0	6
ACTTCCGCCACCTACCCTAGGATTATACTG	0	0	0		0	0	72.70546318	0	0
ACTTCGGGAGTATCATCCCCATTTACCTGG	0	0	0		0	0	654.3491686	0	0
ACTTGAACTGCCCGCTTTTCGTTTAACCGT	0	0	0		0	23.46716075	0	0	2
ACTTGAGTTCTAGTTAAGGGCAGGTTAACG	0	0	0		0	0	3756.448931	0	57
ACTTGATCAAACGGGTAATTCTAAATTCTC	0	8.807078118	0		0	0	872.4655582	0	654
ACTTGCGAGTAATAGTTAACCCCTGCGAGC	0	0	0		0	0	48.47030879	0	34
ACTTGCGAGTTGCGATTAGGATAACGTCTT	0	0	0		0	0	72.70546318	0	6
ACTTGCTGGGTGAATTAACGCAAGCACGTT	0	0	0		0	7.822386915	0	0	0
ACTTGGAGTATCTCTACGGGCTCATCGTTG	0	0	0		0	0	193.8812352	0	104
ACTTGGGGGAGTTGGTTTCTGGGGTGGGTG	0	0	0		0	0	533.1733967	0	60
ACTTGGTTGGCCGCAGCCTATGAATTTATG	0	0	0		0	6.518655763	24.23515439	0	70
ACTTGTATAAGTGAACTGGGTACCGGGATC	0	0	0		0	0	1575.285036	0	62
ACTTGTTAACAAGTATCGTTAACGCATTGC	0	0	0		0	0	145.4109264	0	3
ACTTGTTACGTTGGTGAACTCCGTACAGCC	6.338579416	0	14.42233391		0	0	0	0	7
ACTTGTTATGAGGGATTGGGACGAGTTGGT	0	0	0		0	0	24.23515439	0	38
ACTTGTTTATTCCCATCAGCTTCCAACTAA	0	0	0		0	0	242.3515439	0	56
ACTTTACAGGCGCTATAGGATGGCATCGGA	0	0	0		0	106.9059545	363.5273159	0	319
ACTTTACTGAATTCTGTTATTGAGACATAG	0	0	0		0	0	48.47030879	0	85
ACTTTCGTTGCACGCGGTTCTATAATCTGA	0	0	0		0	0	169.6460808	0	26
ACTTTGATGCTTGTATGATGGTACAATTCT	0	0	0		0	9.126118068	24.23515439	0	12
ACTTTGATGGGCGGCTGTTAGAGGTCATTT	0	0	0		0	0	533.1733967	0	48
ACTTTGATTGCGTGAGCTCATTTCAAACAA	0	0	0		0	0	24.23515439	0	3
ACTTTTCATTACAGGTTCTCTCGGCTATAT	0	0	0		0	0	630.1140143	0	96
ACTTTTGAATATACCCATTACCGTTTGTGT	0	0	0		0	0	24.23515439	0	14
ACTTTTGTTATTCCAGCCAGTAACTACATT	0	0	0		0	0	799.760095	0	273
ACTTTTTGATTATGCAATGGATTATTTCCG	0	0	0		0	0	1042.111639	0	231
AGAAAACCCGGGATCACGGTATAAAGTAAT	0	0	0		0	0	48.47030879	0	9
AGAAAACCGTGCGACAGAATGTATAGCGGG	0	0	0		0	0	24.23515439	0	4
AGAAACAATGAAGTTGGATCCTAAGGTCAC	0	0	0		0	0	96.94061758	0	22
AGAAACATAGAGCTTGTTAGCCCGTCTGTT	0	0	0		0	0	96.94061758	0	499
AGAAACATTTGTGCGAAGGAGGTATGGAGA	0	0	0		0	0	121.175772	0	141
AGAAACCAGCGATTTCGGCCGGCTGTATTC	0	0	0		0	0	533.1733967	0	0
AGAAAGATAGACACTAGCCCACCACAATTG	0	0	0		0	0	411.9976247	0	776
AGAAAGCACATACTTAACTTGTTTCTTCGG	0	0	0		0	0	508.9382423	0	267
AGAAAGGCAACTTGGGGGGGCTCATTAGTG	0	0	0		0	0	799.760095	0	206
AGAAATCCGGAGGACGGTTGGCGTCAGGGC	0	0	0		0	0	121.175772	0	679
AGAAATGGACGGGTATTGTTAAATCTCCGA	0	0	0		0	0	24.23515439	0	5
AGAAATGGTCAACAGCTATGTTACTCGTAC	0	0	0		0	0	96.94061758	0	0
AGAAATTCGTGGTCACTACCATGTTGCATA	0	0	0		0	20.85969844	1769.166271	0	1773
AGAACAAGGCTTGCAGATCAGGTAGATGTA	0	0	0		0	0	1211.75772	0	343
AGAACCCCTGTCTTGCTTGTCCAACTGCAG	0	0	0		0	0	24.23515439	0	5
AGAACGACAATAAACATTCGAAAGTGGCCG	0	0	0		0	0	48.47030879	0	2
AGAACGCTTGTTAGGAAGGCGGGGGTGTCC	0	0	0		0	0	24.23515439	0	10
AGAACGTCAGACAGGTTTTTTGGGATAATT	0	0	0		0	0	24.23515439	0	11
AGAACGTGAACCAATCGGTTTTTTATAACT	0	0	0		0	0	48.47030879	0	19
AGAACTCCCGATCTGTTAATCTTCTGTCCG	0	0	0		0	0	48.47030879	0	45
AGAAGACGTATGTATTGCTAAGTTCTATCT	0	0	0		0	0	145.4109264	0	33
AGAAGGGAAGGGCGACAGCCACTTAGGGGT	0	0	0		0	0	24.23515439	0	17
AGAAGGTTCCCACATGAAGATAGGCTGGTA	0	0	0		0	0	96.94061758	0	78
AGAAGTACTCACTCGCTCTGTTAAGAGCGT	0	0	0		0	0	72.70546318	0	58
AGAAGTGTAATTTTCGTAGTTAGGAACGTT	0	0	0		0	16.94850498	24.23515439	0	53
AGAATAAGTTTATTGCTTGAAATGGCTTAA	0	0	0		0	0	363.5273159	0	169
AGAATAATCCTTATTAGCACTAGTGCTTGA	0	0	0		0	0	24.23515439	0	7
AGAATAGGATGCGATTCTCAGTTTTGGTTA	0	0	0		0	0	96.94061758	0	762
AGAATAGTCGCTATTGTAATGGCTGTTTGA	0	0	0		0	0	24.23515439	0	112
AGAATCCGGTTATGGAGGTTACAGATGCAG	0	0	0		0	709.229747	6785.84323	0	258
AGAATCGCAGGCTGTGATGTATTTCGTGCT	0	0	0		0	0	169.6460808	0	15
AGAATGTACGTGTGGTTCGTGGTCAAAAGT	0	0	0		0	0	193.8812352	0	76
AGAATGTTAGAGTTTTTTAGAAGAGCAAGA	0	0	0		0	0	48.47030879	0	6
AGAATTCCTTTGGAGGGACGGAGTCAGGTT	0	0	0		0	0	218.1163895	0	956
AGAATTGCGAGGCGGCCAGGTGTGGTAGGT	0	0	0		0	15.64477383	72.70546318	0	41
AGACAAGAGTCATAGTGTATTGGACATTTA	0	0	0		0	0	266.5866983	0	30
AGACACATCTAATGTTCCAAGGTGATCGGC	0	0	0		0	0	24.23515439	0	9
AGACATGGAACCCGTCCTTAACCCCCACTA	0	0	0		0	0	1623.755344	0	9
AGACCATCCGTGCATTACAGGCTCGATAGG	0	0	0		0	0	72.70546318	0	14
AGACCATCTTGTAAAGCCGCTAGTCACCTA	0	0	0		0	0	581.6437055	0	1454
AGACCCGCGTGGGGCGATGGTACACGAGAT	0	0	0		0	0	24.23515439	0	449
AGACCGCCAGGGCCAGGATGTGACTGCATT	0	0	0		0	0	96.94061758	0	21
AGACCTCCTATTCTTGTGTTCAAGCATTTT	0	0	0		0	185.1298237	0	0	43
AGACCTGGATACAGCATTTTGTTATACCTA	0	0	0		0	0	24.23515439	0	2
AGACGCATAAGGGGGAGTGTGATGCGGGCG	0	0	0		0	0	678.584323	0	319
AGACGCCCCGTAGGGATGGTGAAAGCTCTT	0	0	0		0	0	193.8812352	0	25
AGACGCTTCGGAATACTTCTAATATGTTTT	0	0	16.02481545		0	0	315.0570071	0	36
AGACGGTGACTCTGTATTAGGAGCAGTGGA	0	0	0		0	0	96.94061758	0	29
AGACGTAAAGAGTGCGTGTCTGAGGCGGGT	0	0	0		0	0	24.23515439	0	7
AGACGTCTGCGGACCTGAACGGGGGTGGGG	0	0	0		0	33.89700997	0	0	12
AGACGTGGCCGCAGGTTTTGTCTCGACTGT	0	0	0		0	24.7708919	24.23515439	0	7
AGACTACATGCATCGATAGTTCAAGATGTG	0	0	0		0	3.911193458	0	0	9
AGACTCGTTAACCTCCGCGCTATATGGAGC	0	0	0		0	82.13506261	48.47030879	0	119
AGACTGAGATAACGTTCATCCATTAAGAAA	0	0	0		0	0	339.2921615	0	57
AGACTGCCCCACTGAGTGCTATGGTCTCGC	0	0	0		0	0	24.23515439	0	4
AGAGAAATAGGCTGTATCCATTTTTTACTC	0	0	0		0	0	121.175772	0	5
AGAGAACAGTTTATTGGGGGAGGCGGGGGG	0	0	0		0	0	48.47030879	0	136
AGAGATGATGAATAGCTAGGATATAAAGGT	0	0	0		0	0	48.47030879	0	180
AGAGATTTTCCACTGGGTGCTAACAGCGTG	0	0	0		0	0	48.47030879	0	15
AGAGCAACGCGACGGATGTGCGTACCGCTA	0	0	0		0	5.21492461	169.6460808	0	7
AGAGCGGGCCCGGGCTAACGTATGACAGTT	0	0	0		0	0	1042.111639	0	312
AGAGCGTCATAAACGCTCGTTGCCAAATTA	0	0	0		0	1.303731153	0	0	3
AGAGCTAATGGTCGCAAGGGGGAATGGGCG	0	0	0		0	0	969.4061758	0	125
AGAGCTCTTCTTAGGGCAAAAAAGTTAAGG	0	74.86016401	0		0	0	0	0	10
AGAGGCGACTGGTGACGTTGCTCTCGATAC	0	0	0		0	0	121.175772	0	0
AGAGGGCCGTCAGATATGATGCTCGACACT	0	0	0		0	0	48.47030879	0	5
AGAGGGGTCTTAAATTCTGCTTTTAAGAAG	0	0	0		0	0	121.175772	0	351
AGAGGTGGGGGCTAGGTGACATGTGTGTTT	0	0	0		0	0	2205.39905	0	2486
AGAGGTTGCCATAATAAGGTGTTTATAGGG	0	0	0		0	0	48.47030879	0	10
AGAGTAAGTTTCGCCTTGCTTGAGGCCACC	0	0	0		0	87.34998722	290.8218527	0	39
AGAGTACCTGACTTGGTCGCTAGTCGTTAC	0	0	0		0	0	242.3515439	0	5
AGAGTACTAGTCTTGGCATACAAGCGGGAT	0	0	0		0	2.607462305	24.23515439	0	2
AGAGTATTCCATTTACAGACTGGTACCTAA	0	0	0		0	0	242.3515439	0	962
AGAGTCATCACGATAATGACCTTGATAAAC	0	0	0		0	0	24.23515439	0	0
AGAGTCTGGTCCGTGTGAGGCCTGTCTGCG	0	0	0		0	0	1163.287411	0	7
AGAGTCTGTCGCTTATGTTCTTCCTGCCTG	0	0	0		0	0	727.0546318	0	8
AGAGTTATAAGTGGGGGCACCCGCGGCGTT	0	0	0		0	0	48.47030879	0	0
AGAGTTCACATGACCGCCGCCAGCTAACCT	0	0	0		0	5.21492461	0	0	2
AGATACGCGGGGCTGAAGAACTTTTTATTG	0	0	0		0	0	24.23515439	0	2
AGATACTAAATCCCTTTTCTCGTTCCTGTA	0	0	0		0	49.5417838	169.6460808	0	8
AGATACTGAGATGCAAGACTCTCACGAATG	0	0	0		0	3.911193458	0	0	0
AGATACTGGAGCTCGTTCATACTCTCGCCT	0	0	0		0	0	48.47030879	0	81
AGATAGAAAGCTAAACCTTATCCCTCACTA	0	0	0		0	0	339.2921615	0	104
AGATAGATCTTTCCGAAACTGTAATGAAGG	0	0	0		0	0	242.3515439	0	16
AGATAGATGTGACGTTCGGGAAATCGAGGG	0	0	0		0	0	242.3515439	0	45
AGATAGGCTCCGGGTGGTGCCCCACGGATT	0	1263.81571	165.0555992		330	0	266.5866983	0	2748
AGATAGGTAACTAACGGGTTGGGAGATAGT	0	0	0		0	0	1260.228029	0	1451
AGATATCTCTCAGTTTAAATCAAAAGCTGT	0	13.21061718	0		0	0	0	0	8
AGATATTGATTCGAATCTAAATCAGGGACT	0	0	0		0	0	48.47030879	0	677
AGATCAATTCCCAAGCTCGGGCCCGAGATA	0	0	0		0	0	24.23515439	0	5
AGATCACATTAGTTGTCGACGCCATCTTCC	0	0	0		0	0	24.23515439	0	0
AGATCCAACTTAGGTGTGTGGTGGGACACG	0	0	0		0	0	508.9382423	0	54
AGATCCCTTCCGGAATGCTAATTTAGGTGT	0	17.61415624	0		0	0	0	0	7
AGATCGAAAACGAATCCAATGCGCCCTTGA	0	0	0		0	0	193.8812352	0	14
AGATCGGAGTACATGGAGTTTTATCAAGCT	0	0	0		0	0	24.23515439	0	6
AGATCGTGCAGGTATTCACGCCGCGCGGGC	0	0	0		0	0	242.3515439	0	215
AGATGAGAGTAAAGATATCAGGATAATTGC	0	0	0		0	0	48.47030879	0	721
AGATGCTGCCACGTGGGCTCTTTTATGGTT	0	0	0		0	0	121.175772	0	78
AGATTAAAGGCTGACAATAAAACTCGTAAC	0	33.02654294	0		0	1.303731153	48.47030879	0	17
AGATTATTGAATACTTATCATATGATCTTC	0	0	0		0	0	121.175772	0	22
AGATTCGGGGTACAGGGTTAATGGGGGGGC	0	0	0		0	0	145.4109264	0	166
AGATTTAGTTACAATATGAGGCTAATTATT	0	0	0		0	0	48.47030879	0	38
AGATTTATCGGGGAGGGGGGGAGATGCCTG	0	0	0		0	0	460.4679335	0	97
AGATTTGTCTGGATGCGTACTCGCATTCAT	0	0	0		0	3.911193458	0	0	6
AGATTTTAAGTTCCGGCAGCTATCGGCTTA	0	0	0		0	0	145.4109264	0	31
AGATTTTGATATGGCCTTGAATTATATCCC	0	0	0		0	0	48.47030879	0	9
AGCAAAACAAACAATGTAGTTCGACGACCT	0	0	0		0	0	24.23515439	0	4
AGCAAAATAGCGTGATTATTGCTGGGTACG	0	0	0		0	0	96.94061758	0	468
AGCAACACCGCATCTCACTGCCAAGGTCGG	0	0	0		0	0	363.5273159	0	29
AGCAACGGGAGCCCGTGATCATCAATAAGG	0	0	0		0	0	48.47030879	0	18
AGCAAGGGGCGAGCAAGGTACGCACGTGAG	0	0	0		0	0	557.4085511	0	86
AGCAATATGACAAGGTTTTAGATGGAGAGG	0	0	0		0	0	145.4109264	0	431
AGCAATTATGGGCTGGCATACCTAGTCACG	0	0	0		0	0	72.70546318	0	0
AGCACAGTCTGGGGGAGCGGTATGGGCATA	0	0	0		0	0	411.9976247	0	700
AGCACCGCGGGCGTCTCATCTGAGGAGCCA	0	0	0		0	0	363.5273159	0	29
AGCACGCTTAACGCAGAGCCGATGGTGCAA	0	0	0		0	0	48.47030879	0	4
AGCACGTGGCAAGGAGTTGTTGGATAAGTG	0	0	0		0	0	242.3515439	0	169
AGCACTATAGCTCTTGACTAAGAGCTCCTA	0	0	0		0	0	581.6437055	0	332
AGCAGGCTACCTAAGCGCAAAGTGTGGGAG	0	0	0		0	0	24.23515439	0	3
AGCAGGCTTTCAATACATGTAAATTGACAT	0	0	0		0	0	339.2921615	0	1102
AGCAGGGGCGCAATCGTCGGAGAGAGATGG	0	0	0		0	0	48.47030879	0	235
AGCAGTGCGGAGTTTGCATATAGGTAAGGT	0	0	0		0	0	581.6437055	0	1971
AGCAGTTTGTCCCGGCACTCGGTTTCAAAA	0	0	0		0	0	72.70546318	0	114
AGCATAGCACTTGCAAAACGCTTCTTTAGG	0	0	0		0	0	96.94061758	0	7
AGCATCTAGACAAGGTCTTCTATATGTTTA	0	0	0		0	2.607462305	0	0	5
AGCATGACAAGGGGGCAGCAAGGACGACTG	0	0	0		0	0	24.23515439	0	9
AGCATGATATTGGCATAACTTTTGTTAAGC	0	0	0		0	0	24.23515439	0	1095
AGCATGATCTCACGCTTTCCATTGTGGGAT	0	0	12.81985236		0	0	193.8812352	0	20
AGCATGGATAGCCGTCACAGTAGAGCAGGA	0	0	0		0	0	121.175772	0	0
AGCATTTTACGGTTTAGTTTTGTGATATGA	0	0	0		0	0	193.8812352	0	53
AGCATTTTTTACAAGCTTATAGGGTATTGT	0	0	0		6	0	0	0	26
AGCCAAGGGGGGCGATAGTCAACGTGGGGT	0	0	0		0	0	48.47030879	0	11
AGCCAGACACGGCATTTAACTTTCCAAGAG	0	0	0		0	0	24.23515439	0	0
AGCCATTCTCACAAATGCAAGTTGTGTGAA	0	0	0		0	0	24.23515439	0	14
AGCCCCTTGTACTATTGAGTTTGTTTACCA	0	0	0		0	0	48.47030879	0	6
AGCCCGATGGGCTCATGAAAGTCGTCTAGA	0	0	0		0	0	72.70546318	0	892
AGCCCGTCTTCACTGAGGTCATTAGCACCT	0	0	0		0	0	24.23515439	0	0
AGCCCTAGCGCACTCATTTGCATTGGAATC	0	0	0		0	0	1526.814727	0	49
AGCCCTAGGTGGCATCTTTATTGTTTCGTC	0	0	0		0	0	24.23515439	0	0
AGCCCTTTTTCAGTCCTTTGGCTCTGCGGG	0	0	0		0	0	72.70546318	0	18
AGCCGAAGCGGGGTGTTCGACTGACTAGAA	0	0	0		0	0	1454.109264	0	746
AGCCGCCGCCAACTGGGCGCTTGAGTATTA	0	0	0		0	0	96.94061758	0	0
AGCCGCCTGGTAGTTCGTTATGCAGCGAAC	0	0	0		0	0	72.70546318	0	30
AGCCGGGTTGTGCTTGTAATCGAATTCATA	0	72.65839448	0		0	0	0	0	812
AGCCGTTCAGTCACCAGCGAAAACTATTCG	0	0	0		0	0	339.2921615	0	6
AGCCTCACACCGACTTAAGGAGGGCCATGA	0	0	0		0	0	727.0546318	0	85
AGCCTCACGATCGGACCACGCCATTAAATT	0	0	0		0	0	193.8812352	0	324
AGCCTGCTATGAGACAGGTTCGTGTGGTAC	0	79.26370306	0		0	0	290.8218527	0	3099
AGCCTGCTGCCTGCAACAGAGGGTCAAGTA	0	0	0		0	0	24.23515439	0	3
AGCCTGGCCAGGAGTCCGTCATAGTGAATG	0	0	0		0	0	1066.346793	0	205
AGCCTTCTTCGCTTAACCCATTATTCGCAT	0	0	0		0	0	145.4109264	0	11
AGCGAATTTATCAATTATTTCCCCCGAGAG	0	0	0		0	0	48.47030879	0	0
AGCGACAGAATTGGCGAGATGTCTTAGGGG	0	0	0		0	0	24.23515439	0	26
AGCGACCGTGGGGTAATATACGCCTTTTTC	0	0	0		0	0	48.47030879	0	2
AGCGAGCTTATTGTCGGAGCGTGTTCGTTT	0	0	0		0	0	315.0570071	0	76
AGCGATGAGAAAAGGTCTGAGATCAGCTAT	0	0	0		0	0	557.4085511	0	29
AGCGATTAATGTGTACCCCGTGCCCCATGC	0	0	0		0	0	72.70546318	0	0
AGCGCAAGAGCGGGGAGGGCAACGCGGGAG	0	0	0		0	0	1429.874109	0	433
AGCGCAATTTTAAGTGAACAAGGTTTATGT	0	0	0		0	0	193.8812352	0	2
AGCGCCAAGAGCACAAGGCGTCTAACCCAG	0	0	0		0	0	24.23515439	0	10
AGCGCCGAACCAGACGCAACTGCTCGAAAC	0	0	0		0	0	799.760095	0	513
AGCGCGATATATTATCGTCATTAACTGAGC	0	0	0		0	0	48.47030879	0	10
AGCGCGCTGTGGTGAGGCTCGGGTGAGGGG	0	0	0		0	0	96.94061758	0	637
AGCGCGTTACCAGGTCCATTCGTGAAAGGG	0	0	0		0	0	48.47030879	0	48
AGCGCTAGGTGGAATATTTATTGTTTCGTC	0	0	0		0	0	4677.384798	0	3754
AGCGGACGAAACCCGGGACACTAGAGGGGG	0	0	0		0	0	48.47030879	0	26
AGCGGGAACGGGAGCCGCGGCTTCCTGGGG	0	2.20176953	0		0	0	0	0	14
AGCGGGGGTCCTTTGCGATTGATTATACGA	0	0	0		0	9.126118068	0	0	3
AGCGGGGTCATTACTCGTAGAAGTGCTGAG	0	0	0		0	0	24.23515439	0	423
AGCGGGTCAGGTATACGTGTAGGTAGCTCT	0	0	0		0	0	145.4109264	0	11
AGCGGTCAACCTGATGCACCCGTTTTGTTA	0	0	0		0	0	363.5273159	0	18
AGCGGTGTGGTCCTCGTGGCAAGGCCGGGC	0	0	0		0	0	823.9952494	0	3
AGCGGTTTCGTGGTTTAATTTTTCCGTGCC	0	0	0		0	33.89700997	0	0	3
AGCGTAATAATTTAGCGGTCCCCTAATCTA	0	0	0		0	0	72.70546318	0	18
AGCGTCCCGGAAATTTTCGGATCCACGCGA	0	2.20176953	0		0	0	169.6460808	0	37
AGCGTCGGTGAGATACCATAATTTAGTCCC	0	0	0		0	5.21492461	0	0	0
AGCGTGGTCAGAAGGGATGGGCTGCAGACT	0	0	0		0	0	96.94061758	0	186
AGCGTTTTATTTTCCCTTATACCATCTTTT	0	0	0		0	0	15292.38242	0	0
AGCTAAGGGTTGTTGTGATCACAACTTGCT	0	0	0		0	0	48.47030879	0	579
AGCTATAAGAAGTCTGGCGAGCACTATGCT	0	0	0		0	0	193.8812352	0	3
AGCTATATGCTGTAGCAATTATATAGCAGT	0	0	0		0	354.6148735	0	0	219
AGCTATCGACCTTATACCCTGGTTACGAAC	0	0	0		0	6.518655763	0	0	0
AGCTATGACGATTATGAGTCTAGTACCCTG	0	0	0		0	0	315.0570071	0	104
AGCTCACCACAGCTTACACATGGATATGTC	0	0	0		0	0	169.6460808	0	5288
AGCTCAGAGTGACAGATTGCGCACATCTGG	0	0	0		0	0	24.23515439	0	21
AGCTCATTGATCGTTATGGGATGGTAGGCA	0	0	0		0	0	24.23515439	0	8
AGCTCCGTGGGGCCCTTGCTGATATCCTTT	0	0	0		0	0	24.23515439	0	27
AGCTCCTGGTTCTTTATTTAGTGCTTCAGA	0	0	0		0	0	24.23515439	0	7
AGCTCTAAAGTCTCATTCTGGCGTAAGTTT	0	0	0		0	0	2084.223278	0	309
AGCTCTCCATGAGGCTGAGATGTCGTTTTG	0	0	0		0	0	896.7007126	0	10
AGCTCTTATCATTCCAGTCTGCCCAGATGA	0	0	0		0	0	96.94061758	0	51
AGCTGAATTATCAGACCATTACCTCCGCTT	0	2.20176953	0		0	0	0	0	859
AGCTGATACTTACATCACACATAGTTTTCG	0	0	0		0	0	1090.581948	0	97
AGCTGCGTCCTGGAGCGGTTCAGGAATCCC	0	0	0		0	37.80820342	0	0	7
AGCTGGGAATAGAGTTTCACTCATTCCGGC	0	0	0		0	0	72.70546318	0	16
AGCTGTATTCGCCGTGTTTTGTCTGCCTGC	0	0	0		0	0	72.70546318	0	476
AGCTGTGCGCTGGAAAGCAGCGCGACTACG	0	0	0		0	0	48.47030879	0	17
AGCTGTGGGGGCATAACCGGCCAAAGTTTA	0	0	0		0	32.59327881	48.47030879	0	6
AGCTGTGGTGTCCCTGCAAGCGTCTTACCG	0	0	0		0	0	605.8788599	0	559
AGCTGTGTGACTGGTTGGGGGCGCCTTTAT	0	0	0		0	0	48.47030879	0	6
AGCTTACATGCTGACAATAAAACTCGTACC	0	2.20176953	0		0	0	0	0	0
AGCTTAGTTAGTTGCGATGCGCTACATGAG	0	0	0		0	0	242.3515439	0	72
AGCTTCGCAAGTCGGATCGGCATTTATCCC	0	0	0		0	44.32685919	242.3515439	0	152
AGCTTCGGTGGAGGTAGAAGGTCGTGCGAG	0	0	0		0	0	290.8218527	0	63
AGCTTTCACGGCTTACCCGAGCCTCGAGCC	0	0	0		0	209.9007156	0	0	65
AGCTTTCATGCTATACCGGTCCCAGGCCAG	0	0	0		0	0	48.47030879	0	188
AGCTTTTATTCGCTCCGGAACTTAGATTTT	0	0	0		0	0	218.1163895	0	0
AGGAAAATCCTGTAGTTACACACACAGTAG	0	0	0		0	0	48.47030879	0	8
AGGAACATTCCTTCCGGGAACCACGCGCTG	0	0	0		0	0	145.4109264	0	14
AGGAACGTTATCTTATTCACGCTAGCCGGC	0	0	0		0	0	266.5866983	0	344
AGGAAGCCGGCGATAGTTTGCATAGTGTCA	0	0	0		0	0	3683.743468	0	1074
AGGAAGCTTGGACAGTTATTTACCTGAAGT	0	0	0		0	0	24.23515439	0	24
AGGAATAGAGCGCGCTTATCTAGCTGTGGG	0	0	0		0	0	266.5866983	0	403
AGGAATATGTCCGACGCGTAGTTTATCAAA	0	26.42123435	0		0	0	0	0	8
AGGAATGCTGATTGCGCGTGGGCTGTGGAA	0	0	0		0	0	436.2327791	0	47
AGGAATTTGAGTCCGGGAGGTGGGGGGGTG	0	0	0		0	0	872.4655582	0	18
AGGAATTTGCAGGTAGGTGTCATGATGCGA	0	0	0		0	0	290.8218527	0	1644
AGGACCCATTACACAGTAAAAGCACAAGGT	0	0	0		0	0	48.47030879	0	87
AGGACTATGGATGGCTCTCATTATGGCCAC	0	0	0		0	48.23805265	0	0	8
AGGACTTAACTGGTCGCTAACTGGCCTGGT	0	0	0		0	0	169.6460808	0	9
AGGACTTTTTAATGCTATAGCAAACGAGGC	0	0	0		0	0	121.175772	0	13
AGGAGACCGTCTACTTTACGACTAGACCTT	0	0	0		0	169.4850498	0	0	31
AGGAGATTGATGTGACTGCTCCTCCTCTAT	0	0	0		0	33.89700997	0	0	271
AGGAGCACAACAAAGTTACTTAGTGACGTG	0	0	0		0	3.911193458	363.5273159	0	83
AGGAGGAGACGGTGGGCGCGCGAAGCCAGG	0	0	0		0	0	72.70546318	0	97
AGGAGGGAAAAAGGGCACCCTCGCAACTAT	0	0	0		0	0	751.2897862	0	21
AGGAGGTGTCGATCGACACGAGGCCGCCTG	0	0	0		0	0	48.47030879	0	4
AGGAGTTGTCTCTGGGGTGGAATTGATTGT	0	0	0		0	0	48.47030879	0	17
AGGATCAAACTCTCCGCAACACCTCTGAAC	0	0	0		0	0	193.8812352	0	9
AGGATCATCGACTAGCTTGTCTGTCGAGCG	0	0	0		0	0	751.2897862	0	13
AGGATCTATCAGTCTTTTTGTACGAATCTT	0	0	0		0	0	48.47030879	0	2
AGGATGAATAGGTAGACATGTCTCGAATTA	0	0	0		0	0	24.23515439	0	24
AGGATTAGACCGCCATCTCGCCTAGTCGAG	0	0	0		0	110.817148	24.23515439	0	7
AGGCAAATCGTCTATATTCTTTTCCCCACC	0	0	0		0	0	48.47030879	0	569
AGGCAAGAAGATGCTACACTTCTGCTGTTT	0	0	0		0	0	193.8812352	0	656
AGGCAAGGATTTTGCCGTCCAGCTTTATCA	0	0	0		0	0	48.47030879	0	148
AGGCACAAGGGCTACGTGACTGGACGAGGC	0	0	0		0	0	242.3515439	0	1766
AGGCATTAAGTGCTTAACCAATCGGTAATC	0	0	0		0	0	96.94061758	0	30
AGGCATTATTCTGTACGTGGTTTCTTTTAT	0	0	0		0	0	24.23515439	0	0
AGGCCAATAGTTTTGTAGACTAGTCGAGCC	0	0	0		0	0	72.70546318	0	9
AGGCCATAAGCACGTGCGCTTATGTTAATT	0	0	0		0	0	799.760095	0	25
AGGCCATCCAGCTACCCCTGTTTCACAACT	0	0	0		0	0	24.23515439	0	176
AGGCCATGTGCGAGGATCTTGTCCGCAGGC	0	0	0		0	0	121.175772	0	708
AGGCCCAGGGGGGTTCTATGATTACGATGC	0	0	0		0	0	1090.581948	0	88
AGGCCCGAGTAAGTACCAGACACAGGTAGC	0	0	0		0	140.8029645	993.6413302	0	75
AGGCCGATGGCGTCATGATAAGCATGAATT	0	8.807078118	0		0	0	121.175772	0	26
AGGCCTCTTATCCCTCGACAAAATATTATA	0	248.7999568	0		0	0	0	0	399
AGGCCTCTTTCGTACAAAGACTGGTCTATG	0	0	0		0	0	24.23515439	0	43
AGGCCTGCACCCGGCCTTTGCAGGCATCAC	0	0	0		0	0	72.70546318	0	26
AGGCGAGGAGAGCGTTCTAGAAGGTCAGGG	0	0	0		0	13.03731153	0	0	2
AGGCGATCGGCGTCAGCCCGGGGACAGCCT	0	0	0		0	0	2496.220903	0	297
AGGCGCGCGTGTTAGGCCAGCGTTCGTGAT	0	0	0		0	0	24.23515439	0	43
AGGCGGCTGGGGCGGACGCGTGGAGGGGGG	0	0	0		0	0	121.175772	0	38
AGGCGTTGGACAAGAATGAGCCTAACTAGG	0	0	0		0	19.55596729	48.47030879	0	27
AGGCTAAGACTCTGATTTGAAGACGCGGAA	0	0	0		0	0	218.1163895	0	38
AGGCTAGGAGCTTGGAAACCAGGGCATCTG	0	0	0		0	0	193.8812352	0	538
AGGCTCCATGGTAATTAACAACGCTGCCAA	0	0	0		0	0	3392.921615	0	659
AGGCTCGCGTTGCGTCGCATAGAGTCCGCC	0	0	0		0	0	48.47030879	0	0
AGGCTCTACACTGCGCAGAAACTGTCGGTT	0	0	0		0	20.85969844	0	0	2
AGGCTGGAGCTAATGGTGCGAAAAGAGCCA	0	0	0		57	631.0058778	339.2921615	0	269
AGGCTGGTGCGTATTACCCGTTTAACACAA	0	8.807078118	3.204963091		0	0	48.47030879	0	21
AGGCTTATGCGCAATCCGTAGGTTTCCGCT	0	0	0		0	0	24.23515439	0	39
AGGCTTGGTGAAGGCACCATCGTAGTATTC	0	0	0		0	11.73358037	0	0	10
AGGCTTTACTACCGCTAACGCAAGAAACTC	0	0	0		0	0	96.94061758	0	2
AGGCTTTTCCATCCGATCAATCGTGGTCGT	0	0	0		0	0	1163.287411	0	4
AGGGAAAATTAGATGCCGTCAATTCCGAAT	0	0	0		0	0	96.94061758	0	2
AGGGAAGGACAGCTCGCTCAAGGGTCCATT	0	0	0		0	0	266.5866983	0	17
AGGGAATTGCGAGGCAGTGTGAGGTACTGT	0	0	0		0	0	145.4109264	0	47
AGGGAGCAGGATCCGCCGATGATTACAACT	0	0	0		0	0	24.23515439	0	3
AGGGAGGAGCAAACTGAGGGGAGCCAAACG	0	0	0		0	0	96.94061758	0	52
AGGGAGGATCAAGGTCGTGGTATGGTGGGG	0	0	0		0	0	24.23515439	0	0
AGGGAGGTTTCCGCTCCTGGGGGTCACAAT	0	0	0		17	0	0	0	42
AGGGATGGGAGTCAGGCTGTAGTACGGTAG	0	0	0		0	0	96.94061758	0	46
AGGGCACCTGGGTAGGAGGTATTGGCGGAG	0	0	0		0	0	72.70546318	0	274
AGGGCACCTGTTGAGCGCACACTATTATCG	4.225719611	0	0		0	0	48.47030879	0	94
AGGGCAGGACACTCATGGATTCTACACGGC	0	0	0		0	0	48.47030879	0	2
AGGGCAGGGTGGTCTCTAGGCGGACGCTGA	0	0	0		0	0	678.584323	0	48
AGGGCAGGTCAGTGGTATCTTTAGGTGGGG	0	0	0		0	0	145.4109264	0	737
AGGGCATATGCACCACATGTTTTTTTGGAT	0	0	0		0	0	24.23515439	0	191
AGGGCCAATGCGAATATCGCACCGGTACGC	0	0	0		0	0	24.23515439	0	8
AGGGCCCGTCGAGTGTGATGGCTTGTCTCG	0	0	0		0	20.85969844	193.8812352	0	13
AGGGCCTTTCATAAGCCCGTAGGACCTCTT	0	0	0		0	0	145.4109264	0	9
AGGGCTAATGTATTCCAGCGCACCGACAAG	0	0	0		0	0	169.6460808	0	41
AGGGCTGCAACGGTATTCGCCAGGTAGGAA	0	0	0		0	0	24.23515439	0	0
AGGGCTGGAGTGCGTCTTCTGAGGCATGAA	0	0	0		0	0	48.47030879	0	26
AGGGGAATACGGGGGATAGCCGAAGATACG	0	4.403539059	0		0	0	0	0	0
AGGGGAGAAGGGTGCGGGCGGTCTTCGTGG	0	0	0		0	6.518655763	121.175772	0	18
AGGGGAGGCGGCATGTAACGCGAGGGGGGA	0	0	0		0	0	72.70546318	0	151
AGGGGAGTTTATTTACAGTGCGCTGTGTGT	0	0	0		0	0	24.23515439	0	7
AGGGGATCCTTAGTTAGGCCTTCGACATTT	0	0	0		0	0	48.47030879	0	17
AGGGGCGTAGACATGTTTTACGGCCACCTG	0	0	0		0	0	48.47030879	0	0
AGGGGGCGCGCGGCTCCGACCGCGGGGTGT	61.27293435	94.67608977	6.409926182		0	0	242.3515439	0	0
AGGGGGCTAAGCGAGGCACGAGTCTTTTCA	0	24.21946483	11.21737082		0	0	96.94061758	0	17
AGGGGGCTTCCGGGGCGGACGAGCGGCGTG	0	0	0		0	0	24.23515439	0	16
AGGGGGGAACGGTGTAACTCGAGCACTTGT	0	0	0		0	0	72.70546318	0	2
AGGGGGGAGCCTGAGGGGCGACGGGGGTGG	0	0	0		0	0	48.47030879	0	22
AGGGGGGCTGCTTAGAGCGCCCCGGGCGGG	0	0	0		0	0	96.94061758	0	80
AGGGGTAATTCATCTGCTACGTCCAGTTTA	0	0	0		0	0	48.47030879	0	5
AGGGGTCTCCGGGCATTTCACTGTAACCAA	0	0	0		0	0	266.5866983	0	14
AGGGGTGCTATTCGGGTGCCATCGCGGGTG	0	0	0		0	0	48.47030879	0	4
AGGGGTGGGGTGAACCAGGGGGAGGGGACT	0	0	0		0	0	121.175772	0	2
AGGGTAGCTGTGTCCCTATCTTATTGTTAA	0	0	0		0	0	48.47030879	0	63
AGGGTAGCTTAGACATTAAGGGCAACCCAT	0	0	0		0	0	218.1163895	0	0
AGGGTATGCGCGGGGCCCGTCCCTTGACGC	0	0	0		0	0	24.23515439	0	2
AGGGTCACAGGATGAGGGACTCGCAGGTAG	0	0	0		0	14.34104268	0	0	6
AGGGTCGGGCTTGAGACCTCGGCACTCACA	0	0	0		0	0	193.8812352	0	0
AGGGTGAGATAGCGCGTGAGAAGTGACGTC	0	0	0		0	0	24.23515439	0	69
AGGGTGGGATTCACTGCTATTTACGCACTA	0	0	0		0	1.303731153	24.23515439	0	3
AGGGTTTTATTTGCAGGCGAGCATGGACCT	0	0	0		0	0	1623.755344	0	63
AGGTAAGCAGATCGCCTCTGTGCTATTTAA	0	0	0		0	2.607462305	24.23515439	0	14
AGGTAATAAACGCTTTCGTTCCTCGCACAT	0	0	0		0	0	266.5866983	0	116
AGGTAGGGGGTGGGTGTCCACAGCCGTGTC	0	0	0		0	1.303731153	0	0	0
AGGTATGTTACGTGGGTGAGGCGGGGACAT	0	0	0		0	0	48.47030879	0	191
AGGTCACTATATTGTAATTTGCGGTATTAT	0	0	0		0	0	121.175772	0	59
AGGTCATTCACGGGCTCAGCCTTTTAAATC	0	0	0		0	2.607462305	0	0	42
AGGTCCAAAGTGCGAGCTCGGATATTTAAG	0	0	0		0	0	24.23515439	0	596
AGGTCGGGGTAATTCGTCGACATGCCAAAG	0	0	0		0	0	72.70546318	0	6
AGGTCGGTTGTTCCTAAGTACAATCCTAAC	0	0	0		0	0	6640.432304	0	455
AGGTCTATTTCTTCGGTTCACCGTATTGCG	0	0	0		0	0	96.94061758	0	539
AGGTCTTCTGGCTGTCACAGGTGGGCCTTG	0	0	0		0	0	24.23515439	0	33
AGGTCTTGTAGGGTACGGGCCGGGAGCACA	0	0	0		0	0	48.47030879	0	5
AGGTGAGTTGGACGTCTCAGTTCGCGCGGG	0	0	0		0	36.50447227	72.70546318	0	63
AGGTGCACTTGTGTCTGATCCGATCAAGCG	0	0	0		0	0	96.94061758	0	66
AGGTGCTCCCACTCCTCTTCGCTACTTGGG	0	0	0		0	0	48.47030879	0	21
AGGTGGGTAGAGCGCGGATGAGGCGACTGT	0	0	0		0	0	339.2921615	0	69
AGGTGTATGCGGAACGGCTGTAGTTTGTTC	0	0	0		0	0	24.23515439	0	25
AGGTGTCCCGTTATGACATGATGACTCCAG	0	19.81592577	0		0	0	2665.866983	0	9
AGGTGTTCGCGAAAGCGCGTACTCAATTGC	0	0	0		0	0	48.47030879	0	3
AGGTTAACCCACAACGTTGACACTATGGAG	0	0	0		0	0	24.23515439	0	5
AGGTTACATTAGACACATGTTGGTTTATCT	0	0	0		0	39.11193458	1187.522565	0	2045
AGGTTAGTACCTGCCGGTTCAGATGAAATA	0	0	0		0	0	145.4109264	0	4
AGGTTCAGCCGATGTCCGATTAGAGTGCTC	4.225719611	0	0		0	0	24.23515439	0	11
AGGTTCCTACAGCTGACCGACCTCACTCAT	0	0	0		0	0	24.23515439	0	4
AGGTTGCCGATTTACCCCCTGTTCTCGATG	0	200.3610272	12.81985236		0	0	1599.52019	0	492
AGGTTTGTATGCTAAGATGCGTGTATAGAG	0	0	0		0	0	218.1163895	0	213
AGGTTTGTTCTCTGGATGATGCGCGAGAGT	0	0	0		0	0	121.175772	0	39
AGGTTTTAGGGTTCACAATTCATTTGGATT	0	0	0		0	0	24.23515439	0	3
AGTAAAACCTCTCACTAGTTTCGTGCTCCC	0	0	0		18	0	0	0	80
AGTAACACGATGCCCACTAGTCAGTTATGT	0	0	0		0	0	96.94061758	0	409
AGTAACGCCTATTATAATTAATTAGCCCCG	0	0	0		0	0	72.70546318	0	322
AGTAAGAGGCGTCGGTGTCTTTATAGGTGA	0	0	0		0	18.25223614	0	0	9
AGTAATACATGTTCCGCCACGTAAATCAGT	0	19.81592577	0		0	0	0	0	24
AGTAATCCTCATGTTTTACAGATACCCTTC	0	0	0		0	0	24.23515439	0	42
AGTAATCGCGTGTTAGGAATTCCAATAGAC	0	0	0		0	0	121.175772	0	247
AGTAATTCGCGGATCACATCTCAAACAGGC	0	0	0		0	0	24.23515439	0	2
AGTACACTTAACCCTTCGGCTGTATTGGAT	0	0	0		0	0	48.47030879	0	231
AGTACATGAGCCAGCAATGGGAAGCCGTTA	139.4487472	125.5008632	1647.351029		0	0	1551.049881	0	3365
AGTACATTACCCAGATGTAGGGGGCTATTT	0	0	0		0	0	72.70546318	0	43
AGTACCAAAGGACCCCGCTAGACAGGAGGA	0	41.83362106	0		0	0	169.6460808	0	525
AGTACCACGCAAGTTGAGTTGAATTGGATA	0	0	0		0	0	363.5273159	0	21
AGTACCATGTTGATTGTAAGCATGTGACTC	0	0	0		0	0	48.47030879	0	11
AGTACCCATATACGTTGCTCACTCTTATTT	0	537.2317652	618.5578766		0	1.303731153	0	0	2517
AGTACCTATGCTTAAGCACCTTACATGTTG	0	0	0		0	0	266.5866983	0	8
AGTACCTCGTTTATTGGGATAGGAGTCACA	0	0	0		0	0	24.23515439	0	64
AGTACGAGTACGTACCTCTCAGTTAAAGAT	0	0	0		0	0	363.5273159	0	24
AGTACGGATTCCCGGCTACGCAGCTTAAAA	0	0	0		0	0	121.175772	0	519
AGTACTCCCCGAAAGCTCCGTGAACTCAAG	0	0	0		0	0	387.7624703	0	1705
AGTACTGTGTTCGCATTTAAAGTTTGGGGT	0	0	0		0	0	48.47030879	0	3
AGTAGATCGGCAGCGCATTTACTGTGGGGT	0	0	0		0	0	48.47030879	0	107
AGTAGTCTGAGCCTAACCTTTTGGGAGCAC	0	0	0		0	0	193.8812352	0	176
AGTAGTGACAAGCGCTGCGGCGGGCCCGTA	0	0	0		0	0	24.23515439	0	2
AGTAGTGTGATACCGCATGTGATGTATGTG	0	0	0		0	0	48.47030879	0	92
AGTAGTTATGTTTACTTCGTGTAGACAGTG	0	0	0		0	0	121.175772	0	384
AGTATCACCCATGGCGTTTTTGATCAGAGT	0	0	0		0	0	24.23515439	0	18
AGTATCGGCGGGTTGTGCCTGCGCTCCGCT	0	0	0		0	0	48.47030879	0	187
AGTATGAACCTTCGTGTCTCGTTCAGGTTG	0	0	0		0	0	242.3515439	0	14
AGTATGGCATCCCTCTAGTGGAAAGGTGTA	0	0	0		0	0	24.23515439	0	0
AGTATTCAAGGCAATCCATTATTCCATTCA	0	0	0		0	0	218.1163895	0	116
AGTATTGGTGAAGTGTTAAGCCAGGGCGTA	0	26.42123435	0		0	0	24.23515439	0	4
AGTATTTACAGTTCGACGACGTCTCAAGGT	0	2.20176953	0		0	0	48.47030879	0	84
AGTATTTTCTGAGTACTGTCATTTACGGGT	0	0	0		0	0	121.175772	0	3
AGTCAAAGTGTTATGTCCTGTTGTGATTCG	0	0	0		0	0	96.94061758	0	764
AGTCAAGCCAAAGCTGTGGCCACAAGTTTT	0	162.9309452	19.22977855		0	0	48.47030879	0	659
AGTCACAGCAAAGTATATTACTGGAATGTT	0	187.15041	0		0	0	0	0	8
AGTCACAGCAAGGAGCGAGGGATCGGGGGA	0	0	0		0	0	48.47030879	0	32
AGTCACGAAATGTCAACATAGCCTGCAAAC	0	0	0		0	0	24.23515439	0	0
AGTCACGGAGACTATACGGGGGCCGGTGCG	0	0	0		0	28.68208536	24.23515439	0	25
AGTCAGTTGTGGCCCGTAGCGAGTATTATG	0	0	0		0	0	169.6460808	0	11
AGTCATAGGGTCCTCCCACCAGTGTTGGCG	0	0	0		0	0	48.47030879	0	5
AGTCATCGCGTGAGGCATGAGGGTTCGCCG	0	0	0		0	0	218.1163895	0	177
AGTCATTACTCACAGATTTTAGTCACATGC	0	0	0		0	0	169.6460808	0	199
AGTCCGGGACTGGCACTCAGTCCTCTCTTG	0	0	0		0	36.50447227	678.584323	0	480
AGTCCGGGGCCTGGCAGTGGCGGGTCCGCG	0	0	0		4	0	72.70546318	0	8
AGTCCGGTGCAGAGCCTGGCGTCTATGCTA	0	0	0		0	0	169.6460808	0	27
AGTCCTCGACTGTTTGCTACAGGTGGTAGG	0	0	0		0	0	48.47030879	0	3
AGTCCTCGTAAGCAGAGGGCCGTGGGTCAG	0	0	0		0	155.1440072	24.23515439	0	175
AGTCCTGTTGACTATTTTTACGCCTTGAAC	0	0	0		0	0	290.8218527	0	486
AGTCCTTAGAGATCCTTATTTATTGGCACC	0	0	0		0	0	266.5866983	0	27
AGTCGAAAGGGCGGGGGCTTGTCGAGGGGG	0	0	0		0	0	460.4679335	0	68
AGTCGCTCTACTCATATTACTTCGGCGAGT	0	0	0		0	0	24.23515439	0	8
AGTCGGAACAACTTGTGTTAACTTGCGGGC	0	0	0		0	0	27773.48694	0	7
AGTCGGGGGTCCGCAGGCGTGTGGGTGTGA	0	0	0		0	0	24.23515439	0	3
AGTCGGGTCCGTTCGCTAAAATCAGGCTCA	0	0	0		0	0	266.5866983	0	55
AGTCGGTGGTGTGAAAGGAAATATTGCGAC	0	0	0		0	0	24.23515439	0	14
AGTCGTAGCTTCTTAGTGCTTTCGATAGGA	0	24.21946483	0		0	0	0	0	0
AGTCGTGGTACACTTACTTAGAACCTAATC	0	0	0		0	31.28954766	0	0	11
AGTCGTTCGGCTGTGCATTCACAGATGGGC	0	0	0		0	0	411.9976247	0	0
AGTCTACTCACGAGGGATTAATTGTCTCAT	0	0	0		0	0	121.175772	0	37
AGTCTCTGATTTTAGCTTGCGATGATAGTC	0	0	0		0	0	24.23515439	0	0
AGTCTGACGCCAATGAACCCAGGAAGGCCT	0	0	0		0	0	24.23515439	0	2
AGTCTGACTTGCAAGTTCGAAGATTGTGTG	0	0	0		0	0	605.8788599	0	30
AGTCTGGATTGCTGCATTACTAAGATTTTC	0	0	0		0	0	72.70546318	0	0
AGTCTTGAGGGGAAGTCGCGTGCGCGGGGG	0	0	0		0	0	72.70546318	0	6
AGTCTTGGAGGCCTTTCAGATGTCCGAGCA	0	0	0		0	0	72.70546318	0	46
AGTGAAATAAATTCGATGGCTTACTCGTTT	0	0	0		0	0	48.47030879	0	2
AGTGAATCTTATCGTTCCTCGCACGTTAGG	0	0	0		0	0	48.47030879	0	70
AGTGAATGAAATGAATGTGGTTGGTGGGGG	0	0	0		0	0	48.47030879	0	22
AGTGACGGGGGTAGCCCACGTGACCTGTCG	0	0	0		0	0	290.8218527	0	128
AGTGAGCCGAATCCAGCTGTTCGCTAGTGG	0	0	0		0	0	48.47030879	0	139
AGTGAGTGATGCACCGTACGGTTCTGAACC	0	0	0		0	0	145.4109264	0	2
AGTGATAAAGGCAGTTGGGCGTGCGGAGGT	0	0	0		0	0	24.23515439	0	2
AGTGATATGGGTCTTGGTTCCTTGGGGTAT	0	0	0		0	0	605.8788599	0	125
AGTGATCAGTCCCGGCTTTGACTTGAACGC	0	0	0		0	0	145.4109264	0	43
AGTGATGGTTTCGCGTGCGGCGCAACTTGG	0	0	0		0	0	72.70546318	0	43
AGTGCAACTCCTTTAAGGCAGGTGATTGAG	0	0	0		0	0	24.23515439	0	4
AGTGCAGATGAACGATCAGGCCTCATCGTG	0	0	0		0	0	169.6460808	0	73
AGTGCATCGAGAATCGGGGCGGGGTCGACA	0	0	0		0	0	72.70546318	0	2
AGTGCCAGGGAGCTAGTTACACGATCAAGA	0	0	0		0	0	24.23515439	0	3
AGTGCGTGAAGACTGTCTTCTTCATCGAAT	0	0	0		0	0	48.47030879	0	1625
AGTGGACTCACAAGACTCCCAAGCCTTGCA	0	0	0		0	16.94850498	218.1163895	0	37
AGTGGACTGCGGGGCAGCCCTAGATCGGCT	0	0	0		0	2.607462305	0	0	2
AGTGGATTTTAACGGTGGCGAGGCTTTGGT	0	0	0		0	0	24.23515439	0	0
AGTGGCTCTGCGGGATTGCCCATTCTGTAC	0	0	0		0	78.22386915	0	0	4
AGTGGGGAGGGCGGCTTGGGCCCGACTATG	0	0	0		0	0	24.23515439	0	13
AGTGGGTAGCGGGTGGGGTGCAGGGCGGTG	0	0	0		0	3.911193458	0	0	7
AGTGGGTGATCAGTTTATCCGGTTCAGGAC	0	8.807078118	4.807444636		0	0	169.6460808	0	2
AGTGGTGCGGAAATAAATCGGAGAACTACT	0	0	0		0	0	315.0570071	0	165
AGTGGTTAAAAAAACTTGTTGTCACAGAGT	0	0	0		0	0	48.47030879	0	2
AGTGGTTAAGCGTACCCCGTAGGTCGGGCA	0	0	0		0	0	1938.812352	0	1139
AGTGGTTTCCCTTTGAGTCTAGTAAAAGCG	0	0	0		0	0	48.47030879	0	92
AGTGTACGGCCCTCTGGCGTTTTATACATA	0	0	0		0	0	48.47030879	0	5
AGTGTAGTTCAACTATTTGGCTTTTTTCAT	0	0	0		0	0	96.94061758	0	253
AGTGTCCGCTAACAGGCTTTAGGTTATGGC	0	0	0		0	0	96.94061758	0	13
AGTGTCCTGCAGCTGGAAGCCGTCATAAAG	0	0	0		25	0	24.23515439	0	18
AGTGTCGGACACCATCTCCGGAACGGACCG	0	0	0		0	0	24.23515439	0	94
AGTGTCTCATAAAGATTGGTATGGCATTTG	0	0	0		0	0	48.47030879	0	21
AGTGTGAGGCTCGCGGTTAGGAGGGCCGGG	0	0	0		0	0	48.47030879	0	2
AGTGTGCAAGGTCTCATACGTCCGACTTTG	0	55.04423824	0		0	0	24.23515439	0	82
AGTGTGGTGCTGTAGGTCGTCGTAAGAGCA	0	0	0		0	46.93432149	1551.049881	0	39
AGTGTGTGGGATCAGGAGCGACTTGTGGGC	0	0	0		0	20.85969844	24.23515439	0	0
AGTGTGTGTCCCGACGGACTAGCGCGCAGA	0	0	0		0	0	145.4109264	0	5
AGTGTTCTCATTCGGGGCTATGGATGGGTC	0	0	0		0	50.84551495	193.8812352	0	39
AGTGTTGACAAGCGCCATGAGATGCTATTC	0	0	0		0	0	896.7007126	0	959
AGTTAAAGCCACCACGTTTCACGAGATTTT	0	0	0		0	0	1405.638955	0	121
AGTTAACTCTTCATGAAAGACAATTGGATT	0	0	0		0	0	48.47030879	0	2
AGTTAAGAGAACGTTCGCTAGCTTTGTTTG	0	0	0		0	0	24.23515439	0	224
AGTTAAGTTCGTTTTCTATGCGGTGCTTCG	0	0	0		0	0	775.5249406	0	6
AGTTAGAGCTCACCCCGCGTAGCGGATGGG	0	0	0		0	0	24.23515439	0	4
AGTTAGCGACATCCAGGTTGCCTGGAGGGA	0	0	0		0	0	72.70546318	0	10
AGTTAGGACCCGGACCGCATCCAATCCATT	0	0	0		0	0	145.4109264	0	50
AGTTAGTGATTAAAGGAGAATAAGCCTATT	0	0	0		0	0	24.23515439	0	59
AGTTAGTTCACATGTTTTATCATCGTGACT	0	0	0		0	0	24.23515439	0	30
AGTTATACTAGAGGGAAGAATTTGGGCATT	0	0	0		0	0	48.47030879	0	16
AGTTATCTTATTGCGTCTAGTTTTTTCTAG	0	0	0		0	0	266.5866983	0	18
AGTTATTACCGTCTATAAAATGAGGCAAGC	0	0	0		0	0	411.9976247	0	17
AGTTCAAGCAAGGCGGTACTATCGAAGCGA	0	0	0		0	0	605.8788599	0	48
AGTTCACCGAGAGCTGACCAATGGGAGGGG	0	0	0		0	0	24.23515439	0	0
AGTTCAGATGAAGTCCAACGGTTTGAGAGT	0	0	0		0	0	48.47030879	0	120
AGTTCATACCACCTACGAGGCTTCGCTGAC	0	0	0		0	0	72.70546318	0	20
AGTTCATGCTTATCCATCTTCCGCCCTCAT	0	0	0		0	0	121.175772	0	72
AGTTCCCTGCTATTAAGATTGCGGCCAGCA	0	0	0		0	160.3589318	96.94061758	0	10
AGTTCCCTTCTGCGATTTAGACTCATGCTA	0	0	0		0	0	218.1163895	0	2
AGTTCCGCATTTTCATTTCCATGATGTTTT	0	0	0		0	0	48.47030879	0	18
AGTTCGTCTCTGTCTGTTCAGATCGCCTAT	0	0	0		0	0	1260.228029	0	68
AGTTCTCTATTGGACAATCAATTACACCTG	0	0	0		0	0	48.47030879	0	4
AGTTCTTTCACGTTACTTAGCGTGGCGCAC	0	0	0		0	0	48.47030879	0	5
AGTTGAACTTTTAGCCCAAGCCATCGTTGC	0	0	0		11	983.013289	702.8194774	0	128
AGTTGGCGAAATTCTGTACTTAAAGGGTTA	0	0	0		0	0	96.94061758	0	4
AGTTGGTCGGCGGTCCGTATTCTTGAACAC	0	0	0		0	0	169.6460808	0	25
AGTTGGTGGTCGGCGCACGCGAAGACAGAC	6.338579416	169.5362538	0		0	0	0	0	210
AGTTGTCTCTCCAAGTTTATGCGACACGAC	0	0	0		0	0	24.23515439	0	6
AGTTTAACAATGCTGTAGTAACAGCATTAA	0	0	0		0	0	605.8788599	0	980
AGTTTAGCTTAAATGCGACACAGGGTTGGT	0	52.84246871	0		0	0	24.23515439	0	99
AGTTTAGGAGGGTTTAGCATCACTGGTCAT	0	0	0		0	0	96.94061758	0	171
AGTTTAGGTTGCGTGCTAGCAAGGACGGAG	0	0	0		0	0	339.2921615	0	10
AGTTTCAACTCAGGCGTCGGCCTCCACACG	0	0	0		0	0	24.23515439	0	0
AGTTTCACCTTTCCGGCGGGAAATAAATGC	0	0	0		0	0	145.4109264	0	275
AGTTTCCATACGTAGGAAACTTACGGGTCG	0	0	0		0	0	969.4061758	0	277
AGTTTCCTCTGAATAGTCACTTGAAGAAGC	0	0	0		0	0	24.23515439	0	6
AGTTTCGCTGGTCTTCTTATATGAGATGCT	0	0	0		0	0	727.0546318	0	884
AGTTTCGGATGCGTCACGTGTATGGACACG	0	0	0		0	0	121.175772	0	381
AGTTTCTAAGCGGGTAGGTCTGGGGGCGTA	0	0	0		0	0	266.5866983	0	3
AGTTTGAGGCACGGCATGTTTATGAAGCCA	0	0	0		0	7.822386915	24.23515439	0	0
AGTTTGAGTATTGAAATTCTACACTTTTTA	0	112.290246	20.83226009		0	0	0	0	53
AGTTTGCGTTTTCTTTCGTGGAGTTTGATT	0	178.3433319	0		21	0	0	0	104
AGTTTGTTTTTACGCTGATGCGCTTCTGTA	0	0	0		0	0	24.23515439	0	51
AGTTTTATTGTGCCTCTTCACCATTTCGGG	0	0	0		0	0	24.23515439	0	581
AGTTTTCTGTCGGCTTCAGTATTTGTGTGA	0	0	0		0	0	169.6460808	0	4
ATAAAAGAGGGGTGTCGCCTGCAATAGAGT	0	0	0		0	0	24.23515439	0	417
ATAAAAGTTATTGTTTCCGCTGTCCATTAT	0	0	0		0	0	2568.926366	0	90
ATAAACCATAAAAAGAAAATCTAAACTCAT	0	0	0		0	0	96.94061758	0	2
ATAAACTATGAGTCTTGGTGTGCAGTGATA	0	0	0		0	0	24.23515439	0	4
ATAAAGGTATTAATCGGTTGGAAGGCAGCT	0	0	0		0	0	24.23515439	0	4
ATAAATCTAAAATGGTGCATTATTCCCAAC	0	0	0		0	0	145.4109264	0	9
ATAAATGACGGAGGGGCTAGTAGTCATACG	0	0	0		0	14.34104268	48.47030879	0	2
ATAAATGACTCTCCTATAGTGTTTAACGTT	0	0	0		0	0	24.23515439	0	15
ATAAATGTGACCACTTAGCCCCCTTCACGT	0	0	0		0	0	242.3515439	0	14
ATAAATTGCGTCTCCCTCCCTCTATAGATT	0	0	0		0	0	218.1163895	0	845
ATAACCAAGCAAACCTCGATTTTTTGTTAT	0	0	0		0	0	24.23515439	0	5
ATAACCTCTTCTACTTAGGCATTTTCGGGT	0	0	0		0	0	145.4109264	0	41
ATAACTATGCCATAGGCGCTGCTAGTTATT	0	0	0		0	0	266.5866983	0	87
ATAACTTAGTCTGTACTATCGGCCGTTTTG	0	442.5556754	0		0	0	0	0	357
ATAAGGGAGGATGCTCGCCGCGGTCACGTT	0	0	0		0	0	2423.515439	0	6
ATAAGGGGGGTAGCCGTCCTAGTTGACTCA	0	0	0		0	0	145.4109264	0	59
ATAAGGTTTCGCACCGTGACACAGTCCGCT	0	0	0		0	2.607462305	387.7624703	0	28
ATAAGTCGGGTACTTTGGTCGCGGCTGTGA	0	0	0		0	0	48.47030879	0	22
ATAAGTGTTTGTAGAGAGAGGTCGTCAGGA	0	0	0		0	0	218.1163895	0	32
ATAATAATTTCAATGGATATCGTTTTCTCG	0	0	0		0	0	72.70546318	0	0
ATAATATACTGCAGATCATTCCTCGTGTGG	0	0	0		0	0	72.70546318	0	3
ATAATCACAAGTGTTTCAACTTCATCAGCA	0	0	0		0	0	387.7624703	0	848
ATAATCGTGGGTGGGGGTGGGGCCGGCGCA	0	0	0		0	202.0783286	24.23515439	0	147
ATAATCTCTGAGGCGTCCAAAAGGAGCTAT	0	0	0		11	191.6484794	0	0	8
ATAATTAAATGATTTCTTTCGACCGTTTCA	0	0	0		0	0	24.23515439	0	8
ATAATTGGTGATCCCGAACGCTGACCGGAA	0	0	0		0	75.61640685	727.0546318	0	1441
ATAATTGTTTACAACGCTCCTTGTGACTCA	0	0	0		0	0	24.23515439	0	32
ATAATTTATCCATTTCTTATTCCGAAAACG	0	0	0		0	0	24.23515439	0	34
ATACAAACTAAAATCAACTCGAGATGGGAA	0	0	0		0	0	339.2921615	0	64
ATACAACCATGGATCTCGTGGGGACTGTTT	0	0	0		0	0	193.8812352	0	393
ATACACAGTGCGCTTTCAGCATGGAGGCCC	0	0	0		0	0	72.70546318	0	3
ATACACGTCGCATGTTCCTCAACATTGACT	0	0	0		0	0	969.4061758	0	10
ATACAGTCATACGTCACCTGGTGAACCCCT	0	0	0		0	3.911193458	0	0	4
ATACAGTTCTGTCGCTTGATCCACGTAACG	0	0	0		0	43.02312803	0	0	210
ATACATCTGGTATGGTCATAGATTATATTA	0	0	0		0	0	96.94061758	0	52
ATACATTATGCTGAAGTATTAGTCTCTGTT	0	0	0		0	0	72.70546318	0	17
ATACATTGGACCGTCACATAACTGACTAAA	0	0	0		0	0	48.47030879	0	22
ATACCCGCTCAGACGATTTGTTCAGGTTAA	0	0	0		0	0	121.175772	0	49
ATACCCGGGGGGAGGAGGTAGAGTAAGTGA	0	0	0		0	0	72.70546318	0	4
ATACCTTGCTACATCTTAGACGAATCAGCC	0	0	0		0	0	290.8218527	0	1110
ATACGACATGAGGCGATAAGTAGGATCGGC	0	0	0		0	16.94850498	169.6460808	0	5
ATACGATTGGTGTAATGGCGAGTCTGCTTG	0	0	0		0	0	315.0570071	0	204
ATACGCTCGGGCATCGTTGTCCGGTACGTT	0	0	0		0	0	96.94061758	0	577
ATACGGACGGCGTCTGGATTGGTGACTATT	0	0	0		0	18.25223614	2665.866983	0	74
ATACGGGCCCGCCGGGAAGCTTAATCACTA	0	0	0		0	0	24.23515439	0	4
ATACGGTAACAGTTAACCACGTTCTGTCTA	0	0	0		0	0	145.4109264	0	343
ATACGGTCTCGAGAGACCGAGGCGTGGGTC	0	0	0		0	0	242.3515439	0	27
ATACGTGGTGAAACTGAGAATTTTCCAGCA	0	0	0		0	0	48.47030879	0	2
ATACGTTCGGCAAGTGACTTTTCGACCGGC	0	0	0		0	0	72.70546318	0	12
ATACGTTTTACTGTCTACAGAAGCTTGGGT	0	0	0		0	0	193.8812352	0	759
ATACTACGCACGGAGGATCACTTGGCGCCC	0	0	0		0	0	72.70546318	0	30
ATACTAGACTCTGGGCGAATAAATACGCGA	0	0	0		0	0	290.8218527	0	54
ATACTATTCTATCGTAGATCTATCCTCTAT	0	0	0		0	0	411.9976247	0	125
ATACTCCACAATCATGTAGAGGTAACCTGC	0	0	0		208	0	315.0570071	0	25
ATACTCCCCCTTCAATCTCAGGTCTATTCC	0	0	0		0	10.42984922	0	0	21
ATACTCTAATTGACCCTGCAGGGTCGGAGC	0	0	0		0	0	411.9976247	0	127
ATACTGCCCGCAGAGTGAGCTGTACCGGGT	0	0	0		0	0	339.2921615	0	1376
ATACTGGCTGGTGACATCTCTTTCGGTGCT	0	30.82477341	0		0	0	0	0	0
ATACTGGTTCTAAGTAACGTTTTAAACTTC	0	0	0		0	0	145.4109264	0	42
ATACTGTCCCGCTAGCTGTCCTAACATATT	0	0	0		0	0	24.23515439	0	4
ATACTTTATCATACTCAAGCTAGCTAATTC	0	0	0		0	0	96.94061758	0	177
ATACTTTATTGTCTGGAGGTTTAGATACTT	0	0	0		0	0	72.70546318	0	68
ATACTTTTTACGTTATCAAGGACAACTGAT	0	0	0		0	43.02312803	145.4109264	0	27
ATAGAAGCCGCGGCCCGTGGCAGGCTAATT	0	0	0		0	0	24.23515439	0	4
ATAGACGAATGGGATATTGTCTAGTGTACG	0	0	0		0	0	72.70546318	0	162
ATAGACGTGCAAACACCGTTACTCTATACG	0	0	0		0	0	1454.109264	0	67
ATAGAGGGAATTGATGGGGAGTGATCTTTT	0	0	0		0	0	24.23515439	0	15
ATAGAGTCGGACAATCACGGCCTGCTCCGA	0	0	0		0	0	121.175772	0	269
ATAGATAGGTCAGATAATAATCCATTGTCC	0	0	0		0	0	218.1163895	0	840
ATAGATCTTTTTAAGGAATCTCGTGTATAG	0	0	0		0	0	24.23515439	0	201
ATAGATGGCGTTCAGGTGCTAGGGGTAGCG	0	13.21061718	0		0	6.518655763	48.47030879	0	36
ATAGATGGGGAGTATAGGTAACCATCAGGC	0	0	0		0	0	72.70546318	0	22
ATAGATTTAGTGTAATAGTGATACCGAGAT	0	0	0		0	59.97163302	0	0	163
ATAGCATTTAGATACTTTTCAAATCGATTA	0	0	0		0	0	24.23515439	0	2
ATAGCCGCTGCTCCGGTCATCACGCTGAAG	0	0	0		0	0	193.8812352	0	5
ATAGCCGGCACGCGAAAGTCCCTTCCTGAG	0	0	0		0	0	1260.228029	0	2
ATAGCTCGTGGACCGCCGGGCCGCCCGGAC	0	0	0		0	0	436.2327791	0	2
ATAGGAACTCCGTGGCGCGAGAGGTAAGGG	0	0	0		0	0	218.1163895	0	8
ATAGGAGTCGGCACGGTCAGTAACGAGCCG	0	0	0		0	0	387.7624703	0	5
ATAGGATCCTAAACTGTATGTTACTTCCAC	0	8.807078118	0		0	0	0	0	89
ATAGGGAGTGCTTTTCTCCTCTGACCGAAT	0	0	0		0	0	72.70546318	0	9
ATAGGGATATTTGCCTCTGGCGTGCTGATT	0	0	0		0	0	436.2327791	0	29
ATAGGGGCGTGCTGGAGCGTTGTACGAGGC	0	0	0		0	0	823.9952494	0	35
ATAGGTAACTAGAAGGATAAATACAATTGA	0	0	0		0	0	145.4109264	0	19
ATAGGTAAGATCCCAATTGGACGGTAGCCT	0	0	0		0	0	72.70546318	0	109
ATAGGTACGAATTGTTGTTCTGGTCCGCCG	0	0	0		0	0	24.23515439	0	0
ATAGGTATCATGTATATAAAATTTATGTTT	0	0	0		0	0	96.94061758	0	32
ATAGGTATTTACTTCTAGGATTAGGAATTA	0	0	0		0	0	24.23515439	0	2
ATAGGTCAACATGTGGCTTCTAGTAACAGT	0	0	0		0	0	96.94061758	0	33
ATAGGTCCAAGCCCCTATTGAATCGGAAGT	0	0	0		0	9.126118068	0	0	0
ATAGGTCTTGGCATACACAATGCATGCTTT	0	0	0		0	0	2253.869359	0	2738
ATAGGTGCGTCAGGCACTATGGTCTGTCAG	0	0	0		0	0	1308.698337	0	515
ATAGGTGGGAGCTTAGTTTCATAGGGTAGG	0	0	0		0	0	24.23515439	0	35
ATAGTAACGTTATGACTCCGATCTCCCTCA	0	0	0		0	1.303731153	121.175772	0	21
ATAGTAATTGAACTTAATTATTTACAAGAA	0	127.7026327	100.9563374		0	0	96.94061758	0	30
ATAGTACATACCTTTTCTGCCCTTTTGGGT	0	0	0		0	0	48.47030879	0	0
ATAGTACTCACATCGGAATGACAAGTTTCC	0	0	0		0	0	96.94061758	0	19
ATAGTAGATGCTTTTCGGCCCTAATTGCTA	0	0	0		0	0	169.6460808	0	120
ATAGTAGTTCTTCTGTGTATCCGAACGTGT	0	0	0		0	0	72.70546318	0	80
ATAGTATAATATACTTGGGGTTCATATTCG	0	0	0		0	0	48.47030879	0	856
ATAGTCATGATTCATAAATGATATACAGCT	0	0	0		0	0	460.4679335	0	103
ATAGTCCCTTTGGGGATTCTTCCGGGTATT	0	0	0		3	241.1902632	654.3491686	0	82
ATAGTCTGAGTTCGAGAACGCATCATGGCG	0	0	0		0	0	1575.285036	0	60
ATAGTGCGTAAAAGGAGCATGCCATACTGG	0	0	0		0	0	24.23515439	0	256
ATAGTGGCTGACTTGGTGGCACTAGGAAAT	0	0	0		0	14.34104268	0	0	5
ATAGTTCTCTTCCAACTAGGTAGTAAGCAT	0	0	0		0	0	24.23515439	0	2
ATAGTTTTAAAAAGTCTTCAAGAAACCAGT	0	0	0		0	9.126118068	0	0	4
ATATAACGAGTTCCGACTACTCGAGCGAAT	0	0	0		0	0	484.7030879	0	345
ATATACAACTTGTACTCTTGATGTTAAGGA	0	0	0		0	16.94850498	0	0	600
ATATACAGCTACTTCATCGTGTTGTTCAAT	0	0	0		0	0	48.47030879	0	50
ATATAGATAGCATAAAAGCATTTAGGTCAT	0	0	0		0	0	72.70546318	0	294
ATATAGATTTCTTTGGCTTTAGTTAGGGAA	0	0	0		0	0	484.7030879	0	1570
ATATATGAAACGTATCGGTCGGCCGACGGA	0	0	0		0	0	2156.928741	0	5
ATATATGATATTATTTTAGTACTGTGACCT	0	96.8778593	0		0	0	96.94061758	0	111
ATATCAATTGAGTGTCTCCTCGATAACTAC	0	0	0		0	0	169.6460808	0	19
ATATCCGATTTTCGTATGTTTCTCTAGGTA	0	0	0		0	0	290.8218527	0	31
ATATCTACTTCTGTGAGCTTGTGTCTTAAA	0	0	0		0	0	533.1733967	0	222
ATATCTCATCGCCGCTGTCCTTCTAGTGTT	0	0	0		0	0	751.2897862	0	227
ATATGACCTGGCTTGCTATGATCGCGTAAC	0	17.61415624	0		0	0	0	0	12
ATATGGTTACTATGGCACCTATGACCGATA	0	0	0		0	0	24.23515439	0	0
ATATGTAAATTTTACGATTTACGTAACTAA	0	0	0		0	0	218.1163895	0	41
ATATGTCTTGTACAGGGAGTGGTGGCCTCT	0	0	0		0	0	24.23515439	0	0
ATATGTGTTAGATCTCGAACCGGTAAGCGT	0	0	0		0	0	945.1710214	0	32
ATATGTTTGTAAGATAATGTGACATATCTA	0	0	0		0	241.1902632	0	0	59
ATATTACATACTGGTCTTTTCCCATATGGT	0	0	0		0	0	896.7007126	0	0
ATATTACGCAGGATTTCTAGGCTTGGCGGC	0	0	0		0	0	24.23515439	0	0
ATATTAGTTCTGTTTTGGATAGAAGACGCA	0	0	0		0	1.303731153	266.5866983	0	58
ATATTATTCTAGTTAACTTTCCTTTCTGGA	0	0	0		0	0	581.6437055	0	42
ATATTCGGCTCGGTAAGTATGCGCTGCGTT	0	0	0		0	0	24.23515439	0	21
ATATTGCCTGTCTAATATGACATACTCGGA	0	0	0		0	0	24.23515439	0	0
ATATTGCGTAAGCTCACTTTCTATACGGTG	0	0	0		0	7.822386915	0	0	24
ATATTGGTGATCTATTCATCGTGCCGGCGC	0	0	0		0	41.71939688	0	0	4
ATATTGTTCTCAACATGTATTAAATGTAAA	0	0	0		0	0	24.23515439	0	3
ATATTTCTTAGCAGCTGTTAGTTCTCTCTG	0	0	0		0	89.95744953	0	0	58
ATATTTTCAGAATTGTACCCTATATTAATA	0	0	0		0	0	1308.698337	0	5
ATATTTTTAGGGGGCGCCCGGCTATACAAC	0	0	0		0	0	24.23515439	0	5
ATATTTTTGCCAATTCTAGTTTACTTTGGA	0	0	0		0	0	48.47030879	0	109
ATCAACACGCGGGGTACTACCGTCGGGGGT	0	0	0		0	10.42984922	0	0	0
ATCAACCAATCAAGAGCGTCACCGGATCCT	0	0	0		0	0	48.47030879	0	4
ATCAAGCGGTGCAGGTTCAGAGTGACCTTA	0	0	0		0	0	48.47030879	0	63
ATCAATATGATTGATTGGAATTCCACAACG	0	0	0		0	0	460.4679335	0	176
ATCACAAGCGATCTGCATGGAGAGGCGTTA	0	0	0		0	0	48.47030879	0	9
ATCACCATGAGTAAGGGGCACGTTAGTTAT	0	0	0		0	0	315.0570071	0	183
ATCACTTGATTTTAGTTAGTACGGATCACT	0	0	0		0	0	339.2921615	0	98
ATCAGCACTACCTGCGAATTTCTTACTACC	0	0	0		0	0	2350.809976	0	28
ATCAGGAAGTCTCTTTTGGAGACTCGACCA	0	0	0		0	0	72.70546318	0	0
ATCAGGTCCTCGATATAAGACCATAGTATC	0	15.41238671	0		0	0	72.70546318	0	0
ATCAGTCGGAAAGTAAATCGGTCCGTCAGG	0	0	0		0	0	72.70546318	0	322
ATCATATGCTCGTAGCTGGTGATTGTAAGT	0	0	0		0	0	24.23515439	0	790
ATCATCAGGCCGGGTCGGCCAGTCCCGGCT	0	0	0		0	0	169.6460808	0	6
ATCATCCACATCAATGATATGCCGGGAGGC	0	0	0		0	0	533.1733967	0	436
ATCATCCGTGGATTGGGCGTCTCGGATGTT	0	0	0		0	0	96.94061758	0	35
ATCATCCTCAGGTTTTACGTTCCACAGTGC	0	0	0		0	5.21492461	96.94061758	0	36
ATCATCGTCCACGGCGGTCTTTACAATCTT	0	0	0		0	0	96.94061758	0	0
ATCATCGTTACACCCGGAAATTTATATAAG	0	0	0		0	0	72.70546318	0	33
ATCATCTATCCAGGAGGACACCTTGGCCGC	0	0	0		0	0	169.6460808	0	18
ATCATGTTAAGCAAAGTCTTAGTTAGCATT	0	0	0		0	0	24.23515439	0	16
ATCATTACAGCTGTGCACGGCCTCTTCGAC	0	0	0		0	0	48.47030879	0	9
ATCATTCTCATTACTTTACCCAGGAGCGGA	0	0	0		0	0	96.94061758	0	152
ATCATTCTGGCTACGCCGTAAATCGTCAGC	0	0	0		0	5.21492461	0	0	10
ATCATTGTCCCTGTTTAAATTCGCATTATT	0	0	0		0	559.3006645	484.7030879	0	1127
ATCCAAATTTGTTGCAGTGCCACGGGGTAT	0	0	0		0	0	193.8812352	0	29
ATCCAAGATGGTCTGGGTCATCGAGGGGCC	0	0	0		0	0	24.23515439	0	11
ATCCAATACGGTATAAGAACGGTGTATAGC	0	0	0		0	0	72.70546318	0	2
ATCCATCTAGCAAAGCCGGTAGGAAACCGT	0	0	0		0	0	24.23515439	0	678
ATCCCAATGTAAAGTACTGGGAATCGGCCT	0	0	0		0	0	484.7030879	0	29
ATCCCGTTGGCTACGTCGGTTTCAAATATC	0	0	0		0	0	121.175772	0	18
ATCCCTCGCAGTACTTTGACAAACCTTGTT	0	0	0		0	0	72.70546318	0	101
ATCCCTGCGGTGTGACCGTAGGCAATGTGT	0	0	0		0	0	96.94061758	0	7
ATCCGAGATGTTAATTTAACGCCGGTATAT	0	0	0		0	0	896.7007126	0	211
ATCCGCGGGTCTGAAGGGGTCTTCCTGGAG	0	0	0		0	0	48.47030879	0	10
ATCCGGCATCAAGATTTTGGATATCGTAAG	0	0	0		0	0	2132.693587	0	184
ATCCGGTCCTAGGCTCGCGACTCGTGGAGA	0	0	0		0	0	48.47030879	0	94
ATCCGTGGCTTGTCGGTGCGTCCACATGAT	0	0	0		0	0	72.70546318	0	102
ATCCTTACGGACCTAGTACTGGTCGCTATT	0	0	0		0	0	193.8812352	0	19
ATCCTTTTAAAGGTGTATCTGGTCCTTAAT	0	0	0		0	0	339.2921615	0	21
ATCCTTTTATTTTAGCGTAGGATTTAACCT	0	0	0		0	13.03731153	0	0	0
ATCGAACAATACCCCATAACAGGTACCGTG	0	0	0		0	0	145.4109264	0	47
ATCGAATTACATCTAAATGAGAGATCATCG	0	0	0		0	0	508.9382423	0	255
ATCGACAAGACTGTCCCACCCTGCGTCTTA	0	0	0		0	0	96.94061758	0	55
ATCGACATTTTGGTGATCATCGCGCATGCT	0	0	0		0	0	145.4109264	0	1171
ATCGAGCTAAACCCTGTATGTTCGGGACCA	0	0	0		0	0	6543.491686	0	878
ATCGAGGTAGCTATACAAGTCTTGGATAAT	0	0	0		0	0	363.5273159	0	22
ATCGATAATCGTTGCACGGCTGGGGACACA	0	0	0		0	0	96.94061758	0	62
ATCGATATGCTTTCCGTAGGAGGCCGCATG	0	0	0		0	0	72.70546318	0	3
ATCGATGGACCATATTTTCCGTTAGTTGGT	0	0	0		0	0	290.8218527	0	582
ATCGATTTTATTCCATCAAGCATAGACCAA	0	0	0		0	0	387.7624703	0	168
ATCGCAACCGTGGAGGGCTGCCTTAGAACC	0	0	0		0	0	945.1710214	0	721
ATCGCAAGTGCTAAGCGTACGTTCACGGAC	0	0	0		0	0	3029.394299	0	0
ATCGCAGATTTAACATCAGTGTTAAGGTCA	0	0	0		0	0	24.23515439	0	29
ATCGCCAGGAAAACACCCCAGGGTAAGCGA	0	0	0		0	0	48.47030879	0	4
ATCGCCGAACGGTTATATTGTAATACGTTT	0	0	0		0	0	533.1733967	0	1393
ATCGCGACACTGCGTGGTCATTTATTCTGT	0	0	0		0	0	24.23515439	0	5
ATCGCGATTACTTTCTCGATGGATGATACG	0	0	0		0	0	436.2327791	0	7
ATCGCGGGCAGCCTTGAGACAGGGGGGTCG	0	15.41238671	0		0	0	0	0	0
ATCGCGGTTAAAACCTACACAGTAGGGGTT	0	0	0		7	0	0	0	44
ATCGGAAGGCGCCCGCAATCTAACACTGGC	0	0	0		0	0	436.2327791	0	25
ATCGGAATCCGTTTTTCAGGGACCGTGCCG	0	0	0		0	0	387.7624703	0	1130
ATCGGCCAATAGTTCGGAACTTGACCATTA	0	0	0		0	0	48.47030879	0	14
ATCGGCTTACGCAGGGCGTAGAAACTTTCG	0	0	0		0	0	72.70546318	0	25
ATCGGGAGTTTGCACATTCGGAGACCCAAG	0	0	0		0	0	24.23515439	0	3
ATCGTACATTCTTAGTGGGTTATAGACGGC	0	0	0		0	0	145.4109264	0	71
ATCGTAGGACAGCTGGTTGTCTGTGGAAAA	0	0	0		0	0	24.23515439	0	39
ATCGTGGGGACGGGGGGTGCAGGCGTGTAT	0	0	0		0	100.3872987	193.8812352	0	17
ATCGTGTGTGATATACCTTGCAAAATTCGG	0	0	0		0	65.18655763	242.3515439	0	169
ATCGTTCCTCTGGATGCCACTAGCATCCTG	0	0	0		0	2.607462305	0	0	2
ATCGTTGTAATTAGGGCAAACGTGAGTTTC	0	0	0		0	0	48.47030879	0	0
ATCGTTGTTAACTCTTAACTAGTTGTATAA	0	0	0		0	0	72.70546318	0	35
ATCGTTTAAGCGTAGTACGGCCCGTGCGTA	0	0	0		0	0	24.23515439	0	1489
ATCGTTTTGCGTAGTGTACGGTCTACGTGT	0	0	0		0	0	24.23515439	0	0
ATCTAATGGAGTATTACTTTTAGTGTGATT	0	0	0		0	0	121.175772	0	891
ATCTACAGACACTCCTGCTGGTACGGGTGT	0	0	0		0	0	533.1733967	0	561
ATCTACCCTGCATTTATTTCCCATCAGATT	0	0	0		0	0	96.94061758	0	80
ATCTACTCGTAGACGTGATTGAATCTTTCC	0	0	0		0	0	72.70546318	0	1253
ATCTACTTTTACGCTCGTATGTGCACAGGT	0	11.00884765	0		0	0	339.2921615	0	185
ATCTAGTTAAGTTCGAAAGATCTATCTCTT	0	0	0		0	0	48.47030879	0	5
ATCTATAATTCGGTTCAAATAATCATATGA	0	0	0		0	0	775.5249406	0	185
ATCTATAGGCTTCATACGATTTCTTTGTGC	0	0	0		0	0	1017.876485	0	76
ATCTATATCTTGTGCTCGTTTCTTGACATA	0	0	0		0	0	218.1163895	0	36
ATCTATGCAAAGCATTATCCTGGAACTTAG	0	0	0		0	9.126118068	0	0	0
ATCTCAAGTTTTATAAGCTTCCAGAGCGTT	0	0	0		0	0	145.4109264	0	4
ATCTCCATCGTCTTGATAACACTTAAGCAC	0	0	0		0	0	169.6460808	0	1383
ATCTCGACTACCCACAGGTGATCAAAGTCA	0	0	0		0	0	605.8788599	0	95
ATCTCGCTGTTAAAGCTTCGTGCGCTATCG	0	0	0		0	0	630.1140143	0	44
ATCTCGGCCGTGGACAGGTACGAAAACTGG	0	0	0		0	109.5134168	0	0	220
ATCTCGGGCATGCTTCTCCTAGGTTTTTTT	0	0	0		0	13.03731153	0	0	4
ATCTCGGTAGTTTCCGTCTGTGCGATCCCC	0	0	0		0	0	48.47030879	0	4
ATCTCGTCGCTTTGGCCCGGGATACGATAA	0	0	0		0	0	48.47030879	0	2
ATCTCTAACAAGGTTCTGATCGCGACGAAG	0	0	0		0	0	872.4655582	0	32
ATCTGAGAGAGGTATCCATCAAGGCCCTAC	0	0	0		0	0	508.9382423	0	5
ATCTGATCTTTGAAGAAACAATAATTGTAT	0	0	0		0	0	242.3515439	0	132
ATCTGCGATCTAACTCTGAGATTCGCGGCT	0	0	0		0	0	48.47030879	0	2
ATCTGCGCGGCTGCGCCCGCCGCGGATGCT	0	0	0		0	0	315.0570071	0	75
ATCTGGACGAGGGGTCGTGAAGTGCGTGAT	0	0	0		0	0	702.8194774	0	10
ATCTGGCCTATTCGGGTACAGTATCAGTTA	0	0	0		0	3.911193458	145.4109264	0	6
ATCTGTGATCGTCTTGGTTCATGCGGGGCC	0	0	0		0	0	411.9976247	0	108
ATCTTATTGGTAAGCCACTGACTTTAGACT	0	0	0		0	7.822386915	1647.990499	0	162
ATCTTCTTTCGGATTTACTATGCAAATGTG	0	0	0		0	0	484.7030879	0	218
ATCTTGGCGATTTTTAAGTCTTCGCCTCAA	0	0	0		0	0	24.23515439	0	6
ATCTTGTTTCGCATTCGGCCCGGTCTACAG	0	0	0		0	0	24.23515439	0	41
ATCTTTCGCTCGAGAGGTTTAGTGATGGAA	0	0	0		0	0	72.70546318	0	39
ATCTTTGCTAGCGTCTTGTACATCGTCGGC	0	0	0		0	0	24.23515439	0	2
ATCTTTGTTACGGATGCATTAACGACTAAT	0	0	0		0	0	48.47030879	0	0
ATCTTTTCAGTGCCCGCTGTGCTGTATCCG	0	0	0		0	11.73358037	484.7030879	0	31
ATGAACAGAAATATAACACTAGTTCGCAGT	0	0	0		0	0	24.23515439	0	251
ATGAACCGACAGCACTCCCTACCGGGCTGC	0	0	0		0	0	48.47030879	0	27
ATGAACTCAGTAGTTTTTTCTCCCTAGGAT	0	0	0		0	0	96.94061758	0	247
ATGAAGCAGTGCCGCGACGTCCTACAGTTT	0	0	0		0	2.607462305	0	0	36
ATGAAGGTAACGTAGGTCTCATAGATGGCT	0	0	0		0	0	2859.748219	0	21
ATGAAGTGGAGAGAGATGGGCCGTCGCGGC	0	0	0		0	0	24.23515439	0	12
ATGAATACTAATTGGCCGCGAAAATCGTTT	0	0	0		0	0	145.4109264	0	3
ATGAATGACTGGGATGTGATCGGCGCGTTA	0	0	0		0	0	266.5866983	0	68
ATGACAGCCGGTTCAATAGCGGTCACTTTC	0	8.807078118	0		0	0	0	0	8
ATGACATGCAAGCACGAGGGTGTCCGGGAC	0	0	0		0	0	72.70546318	0	137
ATGACCAAGAGGGGCCGGCCAGCTGGAGTG	0	0	0		0	0	48.47030879	0	139
ATGACCTGCACGCCGTTCTGATACGCAGGA	0	0	0		0	0	121.175772	0	258
ATGACGCCCTTTTTTATCTTGCTACTACTT	0	0	0		0	0	24.23515439	0	0
ATGACGCCCTTTTTTCTCTTGCTCCTACTT	0	0	0		0	0	48.47030879	0	0
ATGAGAGAGTTTTTACTCAGGCACATCTCC	0	0	0		0	0	24.23515439	0	6
ATGAGATAAAAGTGTAGTTGTCTAATTGCG	0	0	0		0	1.303731153	0	0	2
ATGAGCAAGGCGAAGGTGCGATATTGCATG	0	0	0		0	0	24.23515439	0	4
ATGAGCCCTCGTTGCCTTTAGGTCTGCCAC	0	0	0		0	0	72.70546318	0	9
ATGAGTAAAAGGATGTAGACGGGCATAGCC	0	0	0		0	49.5417838	0	0	509
ATGAGTCAGTGGAGCTACGCTGTGCATGCC	0	0	0		0	0	24.23515439	0	55
ATGAGTGCGTCAGGCTTACGGTGAACCATC	0	0	0		0	0	121.175772	0	43
ATGAGTGTGTCTATGGAGAATGAAAGCTTG	0	0	0		0	0	169.6460808	0	730
ATGAGTTACACTCATAACTATCACTGCCGG	0	0	0		0	0	121.175772	0	228
ATGAGTTACTACGGCTTTATACTGGTGTTT	0	0	0		0	0	4701.619952	0	222
ATGAGTTGCCGGTGGAGGTGGTGTTCTTAG	0	0	0		0	0	6979.724466	0	19
ATGATACCAATCGGATGTTAACAGAATTTG	0	0	0		0	0	2787.042755	0	1986
ATGATACTTCCAGTCGTACCGTAAGTAAGG	0	0	0		0	0	24.23515439	0	100
ATGATAGAGGTGGGAGTTGCTAAAGGGTGC	0	0	0		0	0	751.2897862	0	9
ATGATATCATTGTATTAAGAATACTGCGAA	0	0	0		0	0	24.23515439	0	2
ATGATCAAGATAGAGTACTTGTTCTGCAGT	0	68.25485542	0		0	0	484.7030879	0	725
ATGATGGGCCGTGTGTGAAGGGGTCGATGT	0	0	0		0	0	24.23515439	0	3
ATGATGTTGGGCGTTTGCCCGTGGGGACCT	0	0	0		0	0	121.175772	0	4
ATGATTACTGTTTAGTTGGCGTGACTAGCA	0	0	0		0	0	193.8812352	0	3
ATGATTGTATACACACATGGAACGCCGATC	0	0	0		0	0	193.8812352	0	1745
ATGATTGTGTGCGCTCCAGACTTCCGCGAG	0	0	0		0	0	96.94061758	0	168
ATGCAACCTTGCCGCAACTCTATGCAGCAT	0	0	0		0	0	48.47030879	0	4
ATGCAACGGGTCACAACTTGGAATACAGAT	0	0	0		0	0	48.47030879	0	240
ATGCAACGTGACTGCGAGTTCTCTTGACGA	0	0	0		0	0	169.6460808	0	41
ATGCAACTAGACGCAAGGGCGATAGTATAA	0	0	0		0	0	48.47030879	0	111
ATGCAAGACGGGAGTGAAACGGCTCAAGTA	0	0	0		0	0	24.23515439	0	4
ATGCAATTGATTATATTCAGATCAATTAGA	0	0	0		0	0	1017.876485	0	40
ATGCAGGAGAGCGTGATCGGTAGAAACACG	0	0	0		0	0	169.6460808	0	697
ATGCCAGGTCTTGTAACATATACTGGCCTA	0	0	0		0	430.2312803	121.175772	0	496
ATGCCATCCGCGCATCCCCTATATGACGCA	0	0	0		0	0	24.23515439	0	22
ATGCCCCCGTTACGGGGCCTCTCGTCTTCG	0	0	0		0	0	24.23515439	0	0
ATGCCGGACTGATGGAACACACAAAAGTAT	0	0	0		0	113.4246103	1187.522565	0	13
ATGCCTACACGAACTTTCTCGTTTTAGTTA	0	0	0		0	74.3126757	48.47030879	0	9
ATGCCTGCGTTCCCGGGGCCTCAGGCAGGG	0	0	0		0	0	72.70546318	0	55
ATGCGCAATAAATTGTGTCGCCATATTGCT	0	0	0		0	0	121.175772	0	4
ATGCGCGCGGAAGTGGGGTTGGGAAAGGCT	0	0	0		0	0	1042.111639	0	260
ATGCGCGTATAAAAGAGCGGGGGGGCCGGC	0	0	0		0	0	24.23515439	0	0
ATGCGCTATTCATCATTCAAGGATAGTTAG	0	0	0		0	0	48.47030879	0	1059
ATGCGCTTGTATCTACGTATGATAAGTGTA	0	30.82477341	0		0	7.822386915	0	0	21
ATGCGGACCAGGTGAGATTAGGTTTAGCTC	0	0	0		0	0	72.70546318	0	8
ATGCGGATTGTTGTGTCCAGTTTTAATTTG	0	0	0		0	0	557.4085511	0	240
ATGCGGTCCGGAAAGAGGAAGAGGCGTTCG	0	50.64069918	0		0	0	145.4109264	0	2
ATGCGTATAACGACACATTGGACAGCGCCC	0	0	0		0	0	508.9382423	0	15
ATGCGTGTTTAGTTAGTGGTGCTCAGGTCT	0	0	0		0	0	72.70546318	0	22
ATGCTGTCTGCAGTCATCGTTGGGGAAAAC	0	0	0		0	0	24.23515439	0	0
ATGCTGTGTTCAGAGAAAGCGATGTGCTTA	0	0	0		0	3.911193458	823.9952494	0	107
ATGCTTGGGGGCTGCAGTAAAGCTGATTTG	0	0	0		0	0	363.5273159	0	271
ATGCTTTCGCTGTGATTAAGATTCTACGCC	0	0	0		0	0	24.23515439	0	10
ATGGAAAGCTCGCCGCGACGGAGACGAGGC	0	0	0		0	0	339.2921615	0	91
ATGGAAAGTCGATCAACTGCTACAAGACTG	0	0	0		0	0	581.6437055	0	800
ATGGAAGGAACTTCACCGTGGCGTATCGTT	0	0	100.9563374		0	0	0	0	205
ATGGAATAGGACCGAATTAAAACTTCCGAA	0	0	0		0	0	24.23515439	0	2
ATGGAATGGCAGTCACATCAGATACCGTCA	0	0	0		0	0	1575.285036	0	981
ATGGAATGGCAGTCCCCTCAGATACCGTCA	0	0	0		0	0	24.23515439	0	0
ATGGAGGATTCTTCATTGCTTAAGCGTTTT	0	0	0		0	0	121.175772	0	0
ATGGAGGGGTATAGATAGTTCGTATAGGGT	0	0	0		0	0	24.23515439	0	15
ATGGATCCAGGAGGACTGCCATGTAACACC	0	0	0		0	0	48.47030879	0	0
ATGGCCCATCCTTTATGCACAGATATTTAG	0	0	0		0	0	24.23515439	0	377
ATGGCCGTTGCTCTGGCGTTTGGGCATATA	0	0	0		0	0	10203	0	6
ATGGCTACTTGCTTCATGCAAGACGGGTAG	0	0	0		0	0	484.7030879	0	11
ATGGCTAGTACTATGAACGTCCTTAGTACC	0	0	0		0	0	436.2327791	0	526
ATGGCTCAACTATTATCTCCTGGTATTCTC	0	0	0		0	0	121.175772	0	13
ATGGCTTGGCAAGATATCGATGTTAACTGT	0	0	0		0	0	1139.052257	0	299
ATGGGACTTTAGTCTGTTTTTCCTGACGCG	0	0	0		0	0	72.70546318	0	17
ATGGGGACGCGGCATTGAGGGCGTTATGGG	0	0	0		0	0	72.70546318	0	196
ATGGGGGCATTCCAGGGAACATAACGGTCT	0	0	0		0	0	96.94061758	0	3
ATGGGGGCGCGAGGCCGGAACTCGAACCGC	0	4.403539059	0		0	0	0	0	10
ATGGGGGGTGGGCGGTCGCTCTTGTCTGGC	0	0	0		0	0	24.23515439	0	4
ATGGGGTCCATCGCATTCGTCAAAGCTTTA	0	0	0		0	15.64477383	72.70546318	0	2
ATGGGGTGGAGCAGCAACGAGGGAGGGCGT	0	0	0		0	10.42984922	0	0	0
ATGGGTTAAAACCAGATGACCATTGTGCAT	0	0	0		0	0	193.8812352	0	109
ATGGGTTGCTAGTTGTAATGATTTTCCATA	0	0	0		0	0	218.1163895	0	40
ATGGTAGACATGGTGTCAGTACCGTTATGT	0	0	0		0	0	72.70546318	0	0
ATGGTATATGCGAGGTGTTGCGGAGCAGCA	0	0	0		0	0	121.175772	0	821
ATGGTATTCTTAATTAGGATTGAGGAAAGT	0	0	0		0	0	121.175772	0	69
ATGGTATTGAGACACAATTGACGCGAAGAG	0	0	0		0	0	1793.401425	0	36
ATGGTCCGTGTGTTAAGCTCTGTGACCTCA	0	0	0		0	0	48.47030879	0	0
ATGGTCGCACTCGCTTTGCTACTACATCGG	0	0	0		0	0	72.70546318	0	7
ATGGTCGCCATGGTTCAGCTCCCTCTTCAA	0	0	0		0	0	72.70546318	0	3
ATGGTCTCCTCAGATGCGGGGTTTGGGGGG	0	0	0		0	0	96.94061758	0	25
ATGGTGGAGGTGAGAAACGGTGGCGGAGTT	0	0	0		0	0	24.23515439	0	0
ATGGTGGTGACCCTTAAGGCTACTCTTTCG	0	22.0176953	1.602481545		0	0	48.47030879	0	2
ATGGTTACAAGCATACTCAATTATTACCGC	0	0	0		0	0	48.47030879	0	0
ATGGTTGAACTTGATTACGCCCCACCGCTT	0	0	0		0	0	218.1163895	0	11
ATGGTTGGGTAGACTTTGAAGACGCCGGAC	0	0	0		0	0	24.23515439	0	19
ATGGTTTCTCCCGTATGTCTTTATATGCTT	0	19.81592577	0		0	0	145.4109264	0	5
ATGGTTTTTATGCCTGAAGCTACAGGGAGA	0	0	0		0	1.303731153	24.23515439	0	61
ATGTAAGCGTACGTTGCATCTCCATAGCCC	0	0	0		0	0	72.70546318	0	39
ATGTAATCATTTAATGATGGTCAAGGTGCT	0	0	0		0	0	411.9976247	0	7
ATGTACGTGAAATTTCTTTCCGACTCGGAT	0	30.82477341	0		0	0	0	0	4
ATGTAGTGCATCACCTTAGTCTCTCTTCAT	0	0	0		0	0	96.94061758	0	4
ATGTATCAGGCTCTGTGTTACTCATGTTTC	0	0	0		0	0	993.6413302	0	133
ATGTATGGTTTAGGCCAGTCTATGGCGGAT	0	0	0		0	0	48.47030879	0	85
ATGTATGTTGCCATAAGGTTAAGTGCCGGG	0	0	0		0	0	72.70546318	0	118
ATGTCACTTTTATATTATTCCACATAACCC	0	0	0		0	0	24.23515439	0	10
ATGTCAGGTCTCTGCCTGAACTGCTGACAG	0	0	0		0	0	96.94061758	0	4
ATGTCATGCTCTTTCTAATCCGGCGTGGCA	0	0	0		0	0	96.94061758	0	103
ATGTCCACCTCATTAGATTCATCAATTCAA	0	0	0		0	0	72.70546318	0	1501
ATGTCCCACATTATCCCCTTGGATATGTAA	0	0	0		0	0	72.70546318	0	6
ATGTCCGGTCTATTCAAAGTGTCCATATGT	0	0	0		0	0	48.47030879	0	42
ATGTCCTTCACTCGACAGCACTTCAATAAA	0	0	0		0	0	169.6460808	0	908
ATGTCTCAAAACATACAATTCGAAAAAATG	0	0	0		0	0	24.23515439	0	43
ATGTCTCCCGAATAGGCCAGAATCTATTTG	0	0	0		0	0	290.8218527	0	2
ATGTCTGGGCTCATTCGCAGATCCTCAGAG	0	0	0		0	0	24.23515439	0	3
ATGTCTGGGTAGGTTAACTCTCAGCTACTA	0	0	0		0	97.77983644	169.6460808	0	259
ATGTCTGTCTGGGCGTGACTTCTTGGTGAC	0	0	0		0	0	290.8218527	0	603
ATGTGAACGCGCGGGGGAGAGCCATACGTC	0	0	0		0	0	18006.71971	0	22
ATGTGAATTTAAGTTTCGGATGGGCCCATG	0	0	0		0	0	48.47030879	0	14
ATGTGAGGGATGATCATCGCCTGGGGCGTC	0	0	0		0	0	1454.109264	0	637
ATGTGGGACTATCCTGGCTGGGTGTCGGGT	0	0	0		0	0	24.23515439	0	0
ATGTGGTCCTATGCCTCTACGAATCGCACG	0	0	0		0	0	48.47030879	0	285
ATGTGGTGGCGGGGCAACGGATGTACTATG	0	0	0		0	0	387.7624703	0	118
ATGTGTCGAAGCCTAGATTCTTGTTTACTC	0	0	0		0	15.64477383	24.23515439	0	10
ATGTGTCTCGACTACGGGAACGAGCGCGCC	0	0	0		0	7.822386915	0	0	2
ATGTGTGGGGTTGTCATATGGACGGAGCCC	0	0	0		0	0	24.23515439	0	0
ATGTTACTTTAAACCGAGTCTTTATAAACA	0	0	0		0	117.3358037	484.7030879	0	305
ATGTTATAAGGTATATACGGGTAGTGTACC	0	0	0		0	0	1066.346793	0	163
ATGTTCACTTCACAGTGTCACTTGTCACAG	0	0	0		0	0	24.23515439	0	22
ATGTTCATTCGGAATAGACTTATTTCATTA	0	0	0		0	0	7294.781473	0	441
ATGTTCCCCATGCCTCCTACATACCATGAC	0	0	0		0	0	96.94061758	0	144
ATGTTCCTTATGTTAGTTTCGATGTACATC	0	17.61415624	0		0	0	0	0	0
ATGTTCTCTGATCTAGAATCTTGACGGGCA	0	0	0		0	0	678.584323	0	0
ATGTTCTGCTTGAAGTTAAAAACTACGTTC	0	0	0		0	45.63059034	0	0	6
ATGTTGACAGATAGCTGGTGTCAGCTTTCA	0	0	0		0	7.822386915	0	0	2
ATGTTGGGGCTAAGGAGGGTTATCGCCTGG	0	0	0		0	0	48.47030879	0	286
ATGTTGTAAAGTGTTGTTTACTACCAAAAA	0	0	0		0	0	1066.346793	0	670
ATGTTTACTATCGGCCTAACGGGCCTCGGG	0	0	0		0	0	24.23515439	0	186
ATGTTTAGAGTAAAGCATGGTACACACGTG	0	0	0		41	0	23289.98337	0	7
ATGTTTCCATGGAAGGTTCCGCCACTTACT	0	0	0		0	0	48.47030879	0	6
ATGTTTTATGTATCATTAACAAAGGTTAGA	0	0	0		0	0	24.23515439	0	54
ATGTTTTCCCATGGAAAATCGCACTTTCCA	0	0	0		0	53.45297726	0	0	35
ATGTTTTTATACATGCTTTCACTTACGTCA	0	0	0		0	0	24.23515439	0	15
ATGTTTTTGATCTTATAGCCTTGTGTGATA	0	0	0		0	0	72.70546318	0	1013
ATTAAGTCTCAGGGTTGGAGAGAAGTAGAA	0	0	0		0	0	72.70546318	0	204
ATTAATTTGTCAGTGGTTGCGTCGATCCTA	0	0	0		0	0	1793.401425	0	508
ATTACAAAGTGTAATACTAAGCTTTAATGG	0	0	0		0	0	121.175772	0	302
ATTACACTGCTGAACAGTGTCGCCTGAGTT	0	0	0		0	0	24.23515439	0	3
ATTACAGGCTAATATCAGGCCATATTAAAA	0	0	0		0	414.5865065	2738.572447	0	587
ATTACATCTCCTCGATCGTAATTGGACAGT	0	0	27.24218627		0	0	0	0	373
ATTACATTCTGACGTAGACGGCATTACTGT	0	0	0		0	0	48.47030879	0	0
ATTACCGTCTCTCCTGGTCATTCATGCGAA	0	129.9044022	0		0	0	48.47030879	0	10
ATTACCTAGGTGTCTCAAACAATTCTTACG	0	0	0		0	0	96.94061758	0	81
ATTACTAACAATAGTGTATCAATATTTCAC	0	0	0		0	0	266.5866983	0	881
ATTAGAAAGACGGGTATCTCGATAAAGTAA	0	0	0		0	0	48.47030879	0	5
ATTAGGCCAGTAAGTCTAACGTTTTGGCAT	0	0	0		0	0	581.6437055	0	268
ATTAGGTACACGCTTTGATGGTTGCTCATA	0	70.45662495	14.42233391		0	0	0	0	33
ATTAGGTATTGCGAGGCACTCGCGATCCCC	0	0	0		0	0	145.4109264	0	175
ATTAGTATGCTCAGCTTCTTCGTCTCGTTG	0	118.8955546	0		0	0	48.47030879	0	662
ATTAGTGGGAAGACCCTTTTCCTTCCTACC	0	0	52.881891		0	0	0	0	3
ATTAGTTGGCAGAGGTTTTTGGTACGCGGG	0	0	0		0	0	72.70546318	0	317
ATTATACGATTACTGTTCTGTGTTGAGTAG	0	0	0		0	0	48.47030879	0	21
ATTATAGTTTCACGGCAATACACGGTAATT	0	0	0		9	0	0	0	0
ATTATCAAAGGGGTCCCAGCCGGCACCATT	0	0	0		0	0	218.1163895	0	11
ATTATCCGAAAAAGTAGTTTAATTATCCTT	0	0	0		0	0	121.175772	0	108
ATTATGCCACTTTTCCGAAATCATTTTGCC	0	24.21946483	0		0	0	96.94061758	0	25
ATTATGCCATTTTATATAAGGGTTTGTGGT	0	0	0		0	0	218.1163895	0	0
ATTATGCCGCTGATCGGCGTGGAGGATGCG	0	0	0		0	0	169.6460808	0	24
ATTATGGAGCGGAGTTATCGCTTGGGTCGA	0	0	0		0	0	48.47030879	0	2
ATTATGGTCCCCGCTTCTGTTGTAGGGTAT	0	0	0		0	0	1042.111639	0	83
ATTATGTAACTAGAGGGGCGTTGCGATTCA	0	0	0		0	0	24.23515439	0	0
ATTATGTTGGACTGTCCGCGGCGAGCTGGG	0	0	0		0	0	24.23515439	0	13
ATTATTCTGCAAATGTTTGTTTCACCTCCT	0	0	0		0	0	41902.58195	0	64
ATTATTGTAGTACTTGGTACCTCTTTAACT	0	0	0		0	0	169.6460808	0	39
ATTATTGTCTGTCATGGACTCACTAAAAGT	0	0	0		0	0	218.1163895	0	280
ATTATTTTATTCTCATTCGTCAAATAGGTT	0	0	0		0	114.7283414	0	0	2
ATTCAACGTGGGAGTATCTTAGAATTGCTG	0	0	0		0	1.303731153	0	0	57
ATTCACCCCTTTGTATGAGTCGAGATCTTC	0	0	0		0	0	48.47030879	0	2
ATTCAGCGCTTAACTAACATTCGTCTACAC	0	0	0		0	0	145.4109264	0	17
ATTCATGATAATTCAGAGTCTTGGCACGAT	0	0	0		0	0	24.23515439	0	57
ATTCATGCAACTGTTTCTTTCATCGGGTTA	0	0	0		0	0	24.23515439	0	29
ATTCATGGTCCTAAAGCGTATTGAAAATTT	0	0	0		0	0	48.47030879	0	39
ATTCATGTGTCCCGCGTTAGCATGAGGCGA	0	0	0		0	0	24.23515439	0	0
ATTCATGTTTCTTTAGATGAATGAAGACAG	0	0	0		0	0	24.23515439	0	11
ATTCCAGGGGCGAGCGCGATTCGGTCCTGT	0	0	0		0	0	24.23515439	0	7
ATTCCCTCCATTTCCCATGTTGATTACAGT	0	0	0		0	2.607462305	0	0	3
ATTCCTGTTAATATAATCGTACCTATCATT	0	0	0		0	0	169.6460808	0	0
ATTCCTTCCTCGCATGGGCTATCCTACATT	0	0	0		0	2.607462305	0	0	6
ATTCGATAAGTTACGCAGAGTATTCCTCTT	0	0	0		0	0	1114.817102	0	8
ATTCGCGTTACGACACCCTGCTAGGTTGTC	0	0	0		0	0	48.47030879	0	10
ATTCGGTGGTTGAGGTAGTCTACATAGTCA	0	0	0		0	0	484.7030879	0	1911
ATTCGGTTCTATAGCTTCTGCACCGTCCCG	0	0	0		0	0	48.47030879	0	129
ATTCGTCTAGGACGGGGCTGCAAGCTATGT	0	0	0		0	0	24.23515439	0	32
ATTCGTTAGGCTTATTATCCACTTTGATTC	0	0	0		0	0	290.8218527	0	39
ATTCGTTCGATACGCCTGGGTGTTCATAAT	0	0	0		0	15.64477383	48.47030879	0	38
ATTCGTTGTCAGCATAAAAGACGTCACGTC	0	0	0		0	0	121.175772	0	122
ATTCTAGAATGGCGAACGTGTCGATGCGCT	0	0	0		0	0	145.4109264	0	8
ATTCTCCCATATTCGAAGTCACACTAGAAA	0	0	0		0	0	48.47030879	0	7
ATTCTCGCGCCAGGTATCTATTCATGGCAC	0	0	0		0	46.93432149	72.70546318	0	0
ATTCTCGCTTTTATCGAGGTGGGCTTACAG	0	0	0		0	0	96.94061758	0	5
ATTCTCTGGCGCTATGAGGTGTCTCATGTT	0	0	0		0	0	727.0546318	0	383
ATTCTGCGGTCTTAGACCATGGGACGCACT	0	0	0		0	0	436.2327791	0	4
ATTCTGGTCCGTCATGGTGACTTAACAAGT	0	0	0		0	0	48.47030879	0	26
ATTCTGTCAATGACACAATCGGCGGATTGT	16.90287844	0	0		0	0	0	0	2
ATTCTTAATGATGATTATCCTCAAACCGCC	0	0	0		0	0	24.23515439	0	11
ATTCTTAGTCCTAGTTCCTGGCTTTATGGC	0	0	0		0	0	266.5866983	0	329
ATTCTTTAGTTATTCCCTGCATTTGGGGAG	0	0	0		0	0	169.6460808	0	229
ATTCTTTGGTTCTCTGTACAACCATGAGAG	0	0	0		0	0	242.3515439	0	124
ATTCTTTTCAATCGTGCTTATAGGTAAAAG	0	0	0		0	0	1429.874109	0	18
ATTGAAATATACTCGCGTTGCAGGTCGTTG	0	0	0		0	0	24.23515439	0	20
ATTGAAGGCTTCACTGTCGCCCGTAGCGCT	0	0	0		0	0	24.23515439	0	28
ATTGAATTCCACACCTGAGTGAGAACGATA	0	0	0		0	0	96.94061758	0	217
ATTGACTATCGGTAGTGCTATTAGGGAGGT	0	0	0		0	0	557.4085511	0	34
ATTGACTTATTCGTAGTAGCCTATCGTGTT	0	0	0		0	0	24.23515439	0	0
ATTGAGGCCTGTTGACTCTTCTCGAGAGGC	0	0	0		0	0	96.94061758	0	61
ATTGATAGGCACAAGAATAAATTTGAAGGC	0	0	0		5	0	0	0	4
ATTGATATCTTTCTCTATTACGCCACGGTA	0	0	0		0	0	557.4085511	0	17
ATTGATGGGTCTGTGGCAGTTTTGTTCGAC	0	0	0		0	0	48.47030879	0	62
ATTGATTATGACTGGGGTATCATAGATATT	0	0	0		0	0	48.47030879	0	3
ATTGATTTAAAAGTATCCCTGGCGTTGGTT	0	35.22831247	0		0	0	24.23515439	0	47
ATTGCACTCCTTACATGACGTCATATCTGT	0	0	0		0	0	242.3515439	0	99
ATTGCATGTACTTAGGCCATTTTTCAAGCA	0	0	0		0	0	48.47030879	0	262
ATTGCATTCGCTAAGGTACGTTGGCATTGT	0	0	0		0	0	411.9976247	0	46
ATTGCCGCTCCCGTTGATATGTGCGATGAA	0	0	0		0	0	72.70546318	0	11
ATTGCCGGATACGCTGGTGAGATCAATAGG	0	0	0		0	0	48.47030879	0	825
ATTGCGAATGCGCCAATGTTCCTGGAATTA	0	0	0		0	0	145.4109264	0	19
ATTGCGATTTGAGCTTTTTCAATTGCATCA	0	0	0		0	0	24.23515439	0	184
ATTGCGGGCACGATTGATCTGTTAACTTCT	0	0	0		0	0	145.4109264	0	34
ATTGCGTCCTGGACGGTTATAATATCATGG	0	0	0		17	0	0	0	0
ATTGCGTGCAGGGCCCGACGATTGGGTTGG	0	0	0		0	0	1502.579572	0	348
ATTGCTTCCACAAACACCCGACCGAGCCTA	0	0	0		0	0	96.94061758	0	58
ATTGCTTGGAGTATCTTGTGTTAGATCGCA	0	0	0		0	0	24.23515439	0	0
ATTGCTTTTACGACATCGCACCTGTGCCTG	0	0	0		0	0	48.47030879	0	2
ATTGGAAATTGATAAGGTTATGCCGGCATA	0	0	0		0	0	48.47030879	0	3
ATTGGCCGTGATCGCCGTGGGGAGTCTTGT	0	0	0		0	0	145.4109264	0	7
ATTGGCGCTAAGTAAGGCACCTTAGCCGAG	0	0	0		0	0	24.23515439	0	0
ATTGGCTCTCATTGAAGGCTTTGGGCTGAC	0	0	0		0	0	24.23515439	0	37
ATTGGGCTAATGGGTCAGGAGTAATTGGGG	0	0	0		0	0	48.47030879	0	357
ATTGGGGGCGTGACGGGACCAAGAATGCCG	0	0	0		0	0	72.70546318	0	0
ATTGGGTCACATTAATAATAATTCAGCATG	0	0	0		0	0	581.6437055	0	10
ATTGGTCCCTGGCCACACTAACTGAGTTTT	0	0	0		0	123.8544595	2738.572447	0	0
ATTGGTGCATTCGGTAATTCTCCTTGTCAT	0	0	0		0	0	508.9382423	0	1178
ATTGTCGCGAAGTTTTCGCAGTGTATTCAT	0	0	0		0	0	48.47030879	0	13
ATTGTCGGGAATTTCTGTGGAGGGGAGGAT	0	0	0		0	0	72.70546318	0	2
ATTGTCGGTTTTAATGGCAGTGATGAACCC	0	0	0		0	1.303731153	0	0	2
ATTGTCTCTTTCACGTCATGGGAGTTCAAT	0	0	0		0	0	48.47030879	0	4
ATTGTGCCATCTAACCCCGTTTCAGATAGG	0	0	0		0	0	96.94061758	0	57
ATTGTGGTAGCGGGGTGATGTGACATTGAT	0	0	0		0	0	654.3491686	0	516
ATTGTGTAGGTACCGGTGTTCCGACCGAGG	0	0	0		0	0	72.70546318	0	29
ATTGTGTTAGTTCCAGTATGGTGTCTAGGC	0	0	0		0	0	61048.35392	0	773
ATTGTTAGCAAAAAGTATCTTGCGGCTTAA	0	0	0		0	0	848.2304038	0	290
ATTGTTAGTTGGGATCTTTGGCACCAGTTA	0	0	0		0	0	484.7030879	0	20
ATTGTTTAGGTAACCGTGTGCATTCGGGCC	0	0	0		0	0	72.70546318	0	25
ATTGTTTGTTTGGGGTAGATTAAGTTCGGA	0	0	0		0	0	436.2327791	0	29
ATTGTTTTTGGGCTGAACGTCTATAACCGA	0	0	0		0	0	24.23515439	0	10
ATTTAAGTGTTGTCCGTGTTAACATGTATT	0	0	0		0	0	24.23515439	0	35
ATTTAATAAATGGTGTAAGTTCGACGCTCT	0	0	0		0	0	48.47030879	0	2
ATTTACCGGGGAAAATAGCCCCGCGTCGGC	0	0	0		0	0	1139.052257	0	16
ATTTAGGGGCCACATTCGGTAGAGTACAAT	0	0	0		0	0	48.47030879	0	9
ATTTAGGGTGCACATTCAATTTGGTCAAGA	0	0	0		0	0	48.47030879	0	23
ATTTATAAGGAGGAAGTGCGTATTGCGCTG	0	0	0		0	0	605.8788599	0	164
ATTTATATGGTTGTTTGGGTAAGCTAGTAG	0	0	0		0	0	72.70546318	0	0
ATTTATCGAGATGTCTCTCAGTTGTCGCGT	0	0	0		0	0	121.175772	0	155
ATTTATCTTCACCCACGTGTCCTCCGAGGA	0	0	0		0	0	48.47030879	0	1299
ATTTATGCAAGTATGGTGTGATGATTCAGG	0	0	0		0	0	775.5249406	0	4
ATTTATGGCTGGGAAGGTGGTCTTGGCTGT	0	0	0		0	0	436.2327791	0	818
ATTTCAAAATAGCACTTTATTCGGATTCCG	0	0	0		0	71.70521339	387.7624703	0	183
ATTTCAGCAGCGTACTCGTCAGAGCCTACA	0	0	0		0	0	242.3515439	0	3092
ATTTCAGGCCACTTTCAACAGGGATTGTAA	0	0	0		0	0	266.5866983	0	205
ATTTCATGAGCTGGGTTGTGCCTCCGGGAC	0	0	0		0	69.09775109	0	0	2
ATTTCCAAACATACAAGAGGGCGTGACGAA	0	0	0		0	0	2447.750594	0	1161
ATTTCCAGGGAATCCATAGCGGGCATAAGA	0	0	0		0	0	24.23515439	0	3
ATTTCCCTAACACACATGTCACGTTGCTGT	0	0	0		0	0	24.23515439	0	54
ATTTCCGGAACTAAGTAAGGCCCTTTCTGA	0	0	0		0	7.822386915	24.23515439	0	0
ATTTCCGGATTTGCTTACGGATTACACTAT	0	0	0		0	0	24.23515439	0	63
ATTTCCTTCACGTACAGTGAACAACCGTCA	0	0	0		0	0	24.23515439	0	7
ATTTCGCCACGTCTGCGTTTCTTCGTTTTA	0	0	0		0	24.7708919	581.6437055	0	17
ATTTCGCGGAAGGCTCGTTTAAGCATCGTG	0	0	0		0	0	145.4109264	0	58
ATTTCGGGCAACGCCCTGACACGCTTGAGC	0	0	0		0	0	193.8812352	0	25
ATTTCTAACTTGGAGAGAACGTTTATATCG	0	0	0		0	0	218.1163895	0	3
ATTTCTACATTGCAATCACGTCAACCGGAC	0	0	0		0	0	24.23515439	0	22
ATTTCTCCCACTTTGTCATATTTTCGTTGT	0	0	0		129	3702.596473	0	0	411
ATTTCTCTGGGCCCTCCGAGTACGAGCAAT	0	0	0		0	0	72.70546318	0	27
ATTTCTTGCTCGGGTAAAGCGCTAAACTCC	0	0	0		0	0	242.3515439	0	7
ATTTGAATCTACCAGTGTCAGCTTTAATTC	0	0	0		0	0	96.94061758	0	189
ATTTGAGCACACATTGCTTTCAACGAGCTG	0	0	0		0	0	557.4085511	0	609
ATTTGATGTGCTCGCTAGTTTAAGTCATTT	0	0	0		0	0	96.94061758	0	99
ATTTGCGCGTTTGTAACATTTCTTGTACAG	0	0	0		0	0	48.47030879	0	477
ATTTGGACCGATCTGCCTGATGAACCTCGC	0	0	0		0	0	24.23515439	0	3
ATTTGGATATTGTCCTATACCTGGGTTCGT	0	0	0		0	6.518655763	0	0	10
ATTTGGGCAACAGATTCCGACGATGAAGAG	0	0	0		0	0	460.4679335	0	231
ATTTGGTAGTCGTGCAGAGGCTCTGGGTGA	0	0	0		0	195.5596729	290.8218527	0	4
ATTTGTATGCCGGGAGAATAGCTTACTAGG	0	0	0		0	1.303731153	72.70546318	0	37
ATTTGTCACGGCACGCTTCAATTGTAAGAG	0	0	0		0	19.55596729	0	0	12
ATTTGTCAGTTAGTTTTCGCCTATGATACG	0	0	0		0	0	799.760095	0	313
ATTTGTGCGTACGGTAGCCTAAATCATGAC	0	0	0		0	0	145.4109264	0	170
ATTTGTGGTGTCCGAGCGGGGCCAAGATCC	10.56429903	6.605308589	0		0	0	0	0	51
ATTTTAACGTAGACCCTTAAGGTCTGGGAC	0	0	0		0	0	48.47030879	0	0
ATTTTAACTGATTCCGTAACTAGCCTCAAT	0	0	0		10	239.8865321	72.70546318	0	7
ATTTTACTAAAATTCTCTATATGTCTTTTC	0	0	0		0	0	72.70546318	0	4
ATTTTACTCATCAGTTGTAATTACTTGAGT	0	0	0		0	0	581.6437055	0	61
ATTTTAGTGGTTTCACACGGATTTACGCGA	0	0	0		0	0	24.23515439	0	2
ATTTTAGTTATACGTCGGCGATTTGGTATC	0	0	0		0	11.73358037	0	0	10
ATTTTATCTGGGTTCAAAGTTATTCGAAAT	0	0	0		0	0	339.2921615	0	164
ATTTTCGCTTTGACATTTTCGTTCGTCATT	0	0	0		0	0	96.94061758	0	27
ATTTTGCAGCTCCTTGGATCGATTCCCCAA	0	0	0		0	0	1599.52019	0	160
ATTTTGTACTTCTGAGTAATTAGGCGCATA	0	24.21946483	0		0	0	24.23515439	0	9
ATTTTGTATCCTATTCTGTGGCTGTATGCA	0	0	0		0	0	436.2327791	0	147
ATTTTTATTGGGCCAGTTTCAAGTTTTTAG	0	0	0		0	0	48.47030879	0	2
ATTTTTCCCAGTTTTGCTTGATCACCCGGC	0	0	0		0	0	121.175772	0	122
ATTTTTCGGATTTCACTCGGTTTCTAGATA	0	0	0		0	0	339.2921615	0	19
ATTTTTCTCCAGGATGATATGTACCATTCT	0	0	0		0	0	169.6460808	0	40
ATTTTTTCTCCAGGATGATATGTACCATTC	0	0	0		0	0	24.23515439	0	3
CAAAATACGTCTGCGGATGCGGTGTCCTGT	0	0	0		0	0	508.9382423	0	1509
CAAAATATCAATAGTGTTAATACGTCCGGG	0	6.605308589	3.204963091		0	0	0	0	32
CAAAATGTTACATTTATGAGGTCTCGCCCC	0	0	0		0	0	72.70546318	0	349
CAAACCAGGTGACCATCCGTGCGTCGTAAA	0	684.7503237	35.254594		0	0	48.47030879	0	3280
CAAACCGTATATAACGTGATACACATACAA	0	0	0		0	0	48.47030879	0	8
CAAACCTCGCAATGCTAATAAGCACTCGAT	0	0	0		0	0	24.23515439	0	22
CAAACCTTTTGGTCTACACCCTGATTGGGT	0	0	0		0	0	96.94061758	0	2
CAAACGAGTCCTGTCCACATGGTAGCTCGT	0	0	0		0	0	24.23515439	0	8
CAAACGGCGGTTGCTTTTAGACGGTGAACT	0	0	0		0	0	24.23515439	0	30
CAAACTCGGTCACAGTGCTTGGGTGGTGTT	0	0	0		0	0	290.8218527	0	209
CAAAGCGCAAGTTCACCACCTCTTCGCACG	0	0	0		0	0	24.23515439	0	2
CAAAGCTAGCGTCCGGTTTCCTGGTAATCT	0	0	0		0	0	460.4679335	0	76
CAAAGGCAAACCGGGACATGTCGAGGAAGT	0	0	0		0	0	557.4085511	0	54
CAAAGTAAGACGGGGATAGATGCGAATGAA	0	0	0		0	0	72.70546318	0	117
CAAAGTAGCTAGTTAGTTGCCTGGCCGGCT	0	0	0		0	0	242.3515439	0	12
CAAAGTTTAGAACGGCCATAGCACACTCTG	0	0	0		0	0	266.5866983	0	31
CAAAGTTTGTAGTTGATGGCCTACTGTGTA	0	0	0		0	0	48.47030879	0	36
CAAATACAAGAGTCGGAACTGCTTTCCGTC	0	0	0		0	14.34104268	0	0	8
CAAATACATGAACTCCCGATTTTATGGCGT	0	0	0		0	0	193.8812352	0	486
CAAATATTGATGTTGAAGAGATATGTGGAA	0	0	0		0	6.518655763	121.175772	0	50
CAAATCATGCTGACTGTGTGTGGTTCACTT	0	0	0		0	0	24.23515439	0	14
CAAATCTAACCAGCAGCAGCCCACATATTT	0	11.00884765	0		0	0	0	0	66
CAAATCTGGTTTGTAGCGGCCGCTACCTAA	0	0	0		0	0	24.23515439	0	27
CAAATGGTGACGCTAGGAGTTGCGCTGTTC	0	0	0		0	0	48.47030879	0	6
CAAATTCATCTGAGTACCCGTAATTTATTG	0	0	0		0	0	387.7624703	0	103
CAAATTGATCGTTTTGAGGAGTTCCACGAA	0	0	0		0	0	727.0546318	0	2
CAAATTTATTTAGGTTGTATGCTTCTCTCC	0	0	0		0	0	145.4109264	0	0
CAACATCAGTGGCAGATAGGCTCCATACGA	0	0	0		0	0	96.94061758	0	0
CAACATGGAGTGAACCCGTTTTTGCAGTTA	0	0	0		0	0	557.4085511	0	141
CAACATGTTTGGGAGCGCGGGGGACACTTC	0	0	0		0	0	48.47030879	0	24
CAACCAGTAGGGCGAATGGTTATTGGCAGG	0	0	0		0	0	290.8218527	0	466
CAACCGTACGGTCATATCATGACTGTCAAT	0	0	0		18	189.0410171	193.8812352	0	11
CAACCTAGTTTAGGGGATCTCCGAACGCGG	0	17.61415624	0		0	0	0	0	82
CAACCTGTGCGGGGAAGTATGTGGAGATGA	0	0	0		0	0	121.175772	0	10
CAACGAGCGATAGACTCGCGAGGTCGGGGG	0	0	0		0	0	193.8812352	0	748
CAACGCAGCTTTCGCTAGTAAATGGACCAT	0	0	0		0	0	2253.869359	0	871
CAACGCTCAAATCGGGAATTTCGGCCTAAA	0	0	0		0	0	48.47030879	0	8
CAACGGTATAAACTGGCCAATTGTTACCCT	0	0	0		0	0	581.6437055	0	1100
CAACGGTCGTTTGCAACGCCTGTGCTCTCG	0	0	0		0	0	24.23515439	0	0
CAACGGTGTAAGATACTTGTTATTCACGGT	0	0	0		0	0	48.47030879	0	1198
CAACTAATGTTTTTAACGCCTGTACACCTA	0	0	0		0	0	2375.045131	0	326
CAACTACAGCGCCCGTGTGCTTTGCCATGG	0	0	0		0	0	96.94061758	0	8
CAACTAGTGAAGAATTTGCTGGACGCTATG	0	0	0		0	0	169.6460808	0	874
CAACTCCGGATAAGTCCAGGCGCTTCAGCC	0	0	0		0	0	411.9976247	0	0
CAACTGACAAAAAGACATAGGGTAGGAACT	0	0	0		0	0	24.23515439	0	32
CAACTGGCCTCCGGTGTGGGAACATCGCAA	0	0	0		0	0	24.23515439	0	0
CAAGACTAATGTTCGTAGGTTCACTTTAGT	0	0	0		0	0	48.47030879	0	10
CAAGAGTCGTAGACGCGCTTTGACTAATTT	0	0	124.9935605		0	0	24.23515439	0	171
CAAGATAGCCGTTAAAGGGTCGGCAACATT	0	0	0		0	177.3074367	24.23515439	0	253
CAAGATTCGTCGGGTATTCTAACACTAGGA	0	0	0		0	0	533.1733967	0	19
CAAGATTGAATGAGTGGACATGCCCTCAGC	0	0	0		0	0	460.4679335	0	334
CAAGCACCGTCGAGAAATCATCGTGCGATG	0	0	0		0	0	823.9952494	0	62
CAAGCACGTTGTAGGTACGAAAGACCTCTA	0	0	0		0	0	436.2327791	0	109
CAAGCAGAACATATCTTATATGTGCTTTGG	0	0	0		0	0	290.8218527	0	31
CAAGCATTGTTCTTCATATGCACATATTGT	0	0	0		0	102.9947611	0	0	45
CAAGCGATATACTAAGGCACCCGTCTGGGG	0	0	0		0	0	72.70546318	0	2
CAAGCGATATCTAGAGTGCTTCGATGTAAA	0	0	0		0	0	24.23515439	0	3
CAAGCGCGGGTAGCACGTTCGCTAGTAGTG	0	0	0		0	0	18442.95249	0	22
CAAGCTAAGACCGCGTACAATCTCATAGTC	0	0	0		0	0	48.47030879	0	0
CAAGCTTACAGTAGCAGATACGTTCTTCGC	0	0	0		0	0	654.3491686	0	139
CAAGGAGATAACTATGGATCTATCCCAACT	0	0	0		0	0	24.23515439	0	6
CAAGGCATTTAAGACTAAACGCGAATTCTG	0	0	0		0	0	145.4109264	0	9
CAAGGCGGAGTCCTGAGATTTCGTGTGGCG	0	0	0		0	0	872.4655582	0	83
CAAGGCTAGGAAACCCTGTAAGTTGGATTC	0	0	0		0	0	48.47030879	0	27
CAAGGGGGCGCAGTTGCGGGGAGACGGGGG	0	0	0		0	0	96.94061758	0	1035
CAAGGGGGTGCGCGGAAATGTTTGCGATAA	54.93435494	28.62300388	0		0	0	1090.581948	0	86
CAAGGGGTAGATGGCCTCTTGTGGTGACGC	0	0	0		0	0	24.23515439	0	3
CAAGGGGTTGAGTCGATAGTGTTCGATTCA	0	0	0		0	0	266.5866983	0	3
CAAGGTACGAACGGCTCCATGTTCATGGCG	0	0	0		0	0	315.0570071	0	52
CAAGGTTCATTCGCGACAGAGGGTGTAATC	0	0	0		0	0	193.8812352	0	0
CAAGTATACTGAGCGAACTGATGTTGTATG	0	0	0		0	0	1332.933492	0	393
CAAGTCTTGATGGGCCTCACCTGGGTGCAT	0	0	0		0	0	460.4679335	0	415
CAAGTGGTTTGTGCGTTATCGGATTTCGCT	0	0	0		0	0	24.23515439	0	2
CAAGTTAGGCCAGGTAGTATCGCCGTATAG	0	0	0		0	0	96.94061758	0	381
CAAGTTGTTATGCGACTGCTCGATTTAGTC	0	0	0		0	0	24.23515439	0	3
CAAGTTGTTGTTTAAAACCAGTCATGTGAT	0	0	0		0	0	460.4679335	0	19
CAAGTTTCACACGCAACGCTTTTGTGTTCA	0	0	0		0	0	169.6460808	0	153
CAAGTTTTAAGTGCCGTTTCCTAGCCGTTC	0	0	0		0	0	2738.572447	0	18
CAATACCTAACGTTTCCGTTGATGACGATC	0	0	0		0	0	72.70546318	0	10
CAATACCTGTGGCATCACGTTCGTCGCCAA	0	0	0		0	0	969.4061758	0	18
CAATAGATTTGCTCACTGTAGGATCATCTT	0	0	0		0	0	24.23515439	0	7
CAATAGGAGGTAACATATATCAGTGGACAA	0	0	0		0	0	72.70546318	0	0
CAATATATGTTCTCGCTTACAGATGCAGTA	0	0	0		0	57.36417071	0	0	50
CAATATCGACACACAACTGTACTTCAGAAG	0	0	0		0	0	48.47030879	0	180
CAATATGATATCTATGGGGCCACAGAAGAA	0	0	0		0	0	48.47030879	0	0
CAATCAGTTCTTATGGGTTGGCATTTAGGA	0	0	0		0	0	24.23515439	0	715
CAATCATTGAATACCTACTTATACCTCGAG	0	0	0		0	0	96.94061758	0	0
CAATCCTTTTGCTTTTAAAACTTTACACCT	0	0	0		0	0	218.1163895	0	152
CAATCGGATGTCGGGTTAAGTCGGGCATTG	0	0	0		0	0	18103.66033	0	844
CAATCTAGGCGTATGATATTGGGGATACGC	0	0	0		0	0	24.23515439	0	8
CAATCTCTCAAAGAACAGATTCGTTACGTG	0	0	0		0	0	169.6460808	0	16
CAATCTTGGGATTATTACGGTGTAGGACAC	0	0	0		0	0	24.23515439	0	15
CAATGAAGGGCTGATGAAGCCACTAGGTAA	0	0	0		0	0	727.0546318	0	468
CAATGCGGAGTTAAGTTGATTCCAGATAAC	0	0	0		0	31.28954766	169.6460808	0	44
CAATGTACGTAATCGCTTATGGTACGCTAT	0	0	0		0	0	508.9382423	0	63
CAATGTCGGCGCATTCAGACCGGAGTACGT	0	0	0		0	0	121.175772	0	47
CAATGTTTTAGAATCAAGGGTACAGCTCTA	0	0	0		0	0	533.1733967	0	57
CAATTCCAAATGCATTAACACTGGCCATGT	0	0	0		0	0	145.4109264	0	21
CAATTTGAAGGTAGTCGAATACCGGGGCAG	0	0	0		0	0	48.47030879	0	7
CACAAAATCTATGACTCGCTGGAACCCTTA	0	0	0		0	0	24.23515439	0	2
CACAAAGTCTAGGGTAAGAGCACGTAGAGT	0	0	0		0	0	96.94061758	0	2
CACAAATCGCTCAGCACGTCATTCCGGTCG	0	63.85131636	0		0	0	169.6460808	0	11
CACAAGCTCCAGGGTGAAAAGCCGTGTTGG	0	0	0		0	0	460.4679335	0	20
CACAAGTATGATTTGAACCGTGCAGCATTT	0	0	0		0	0	24.23515439	0	44
CACAAGTGACCAACGGTAAGCGAAAGTGGG	0	0	0		0	0	48.47030879	0	8
CACAAGTGTTGCGTGTGCGTGGTTAAATGT	0	0	0		0	0	411.9976247	0	247
CACAATAAATCTACACGTATGGTTTTCGAT	0	0	0		0	0	24.23515439	0	130
CACAATTACAGTGGGTGTCAAACCTTCACT	0	0	0		0	0	266.5866983	0	0
CACACAGCACTGGGGGATGTCGTGCATATG	0	0	0		0	0	145.4109264	0	15
CACACCTCCCTGCATTTTTTCGAGGCAGTC	0	0	0		0	0	48.47030879	0	3
CACACTCGCGCAGATTGTCGGTTTGTGTTC	0	0	0		0	0	72.70546318	0	0
CACACTGTGGGAGGTCACGCCTGTTAAAGA	0	0	0		0	0	24.23515439	0	2
CACAGAACTCTGGTCAAGCGTAGGTTATTC	0	0	0		0	0	702.8194774	0	642
CACAGGTGCGAACGGGCTCGCAAACAAGTT	0	0	0		0	0	48.47030879	0	18
CACAGTACCCGCGACTTAATCCTCGTGAAC	0	0	0		0	0	1647.990499	0	1021
CACAGTAGATGTAGCTTGCAGTCTGGGAAG	0	0	0		0	0	48.47030879	0	0
CACAGTCCATCTATCGTCCTGCGAATTTTA	0	0	0		0	5.21492461	0	0	0
CACATATTAGCACGCCATACCCTCAGACTG	0	0	0		0	0	48.47030879	0	5
CACATCCAATCACTGCCGTATTAGACGACT	0	0	0		0	0	169.6460808	0	125
CACATCCGCTTGGGGGCTGGAACACCTCTG	0	0	0		0	0	266.5866983	0	31
CACATCTCCAGTGTTTAGCGCACATTCTGT	0	0	0		0	0	508.9382423	0	20
CACATGATGGTTGCGTACTGTAGGACTCGG	0	0	0		0	0	96.94061758	0	28
CACATTCGACTTGTAAGGTTCTGTGCGCCA	0	0	27.24218627		0	0	0	0	66
CACCAAGCGGATGGAGGTCAGTTGTCTGGC	0	0	0		0	0	72.70546318	0	22
CACCAATTATGTACTCTCGGATGAATACTG	0	594.477773	0		0	0	2617.396675	0	79
CACCACAGAGTTACCTTGAATCTTGAGGGT	0	0	0		0	0	24.23515439	0	15
CACCACCATTTCCCACTCTGGACACTGTCT	0	0	0		0	0	193.8812352	0	11
CACCATGACACGTTTGATTAAGCTATTAGC	0	0	0		0	0	48.47030879	0	3
CACCATGTACGGTGGGTTCGACCAGTTGTG	0	0	9.614889273		0	0	0	0	2
CACCCATGTCTTCGTAGTACCCGTAGGTAC	0	0	0		0	0	48.47030879	0	19
CACCCTGGTTGTCCTTCTTCGTCGCACGTC	0	0	0		0	0	218.1163895	0	17
CACCGAGACAATAGATCTAGGTTACACAAG	0	0	0		0	0	242.3515439	0	86
CACCGAGGTTAAACCCAAGTGTGCCGACAA	0	0	0		0	0	266.5866983	0	13
CACCGCGCTTGGGTCATTGGTGACTGAAAC	0	0	0		0	0	872.4655582	0	416
CACCGGGCACCGAGGGTACAGCACGCCCGT	0	0	0		0	0	193.8812352	0	17
CACCGGTGGACCGCTGCAGAACGCATGTTC	0	0	16.02481545		0	0	0	0	15
CACCGTACGGCCTCTTGTTAGCGGAAGGCG	0	0	0		37	61.27536417	11826.75534	0	13
CACCGTTTCATAAGACAAGGGTGGGCTATT	0	0	0		0	0	48.47030879	0	39
CACCGTTTTGCGCGGCCCGGTTTCAACGGA	0	0	0		0	0	24.23515439	0	4
CACCTCCCAGTCCGTGTCTTAAGTGGGGAA	0	0	0		0	0	1308.698337	0	791
CACCTTACGTGTGATATGCCCGCATTCCAG	0	0	0		0	0	96.94061758	0	902
CACGAAATACATCGGAAAACAGGCCTCTAG	0	0	0		0	44.32685919	0	0	3
CACGAGGGTAGGGTATGTCTGGGCTGCAGA	0	0	0		0	0	48.47030879	0	10
CACGATAGGATAACAACCTAGTTTACGTCA	0	0	0		0	0	24.23515439	0	0
CACGATGCCATCCTCGGACCTTTATATGCG	0	0	0		0	0	315.0570071	0	607
CACGCAAGTCTGAATGTTTCACAACGCTTG	0	0	0		0	0	96.94061758	0	53
CACGCCATAGGATGTTAGCCCGGGGTAGTG	0	0	0		0	0	48.47030879	0	621
CACGCGGTAGCAACCAGCCGTATTTAATTC	0	0	0		0	0	96.94061758	0	31
CACGGACTTACGAATTGTAGTTATATTGTC	0	0	0		0	0	48.47030879	0	19
CACGGAGGTTTGATATTTAGGGCTCCATGA	0	0	0		0	0	387.7624703	0	14
CACGGGGGTGTCCTAGTCGTGACAATGGTG	0	0	0		0	0	193.8812352	0	127
CACGGGTCTTTCAGGAGCACAATCATACGC	0	0	0		0	0	24.23515439	0	14
CACGGTGCACTGAAAGGCTACTTACTGGAA	0	61.64954683	0		0	0	0	0	3
CACGGTTGGCATGCATACATGGGAAGGGAC	0	0	0		0	0	24.23515439	0	2
CACGTAAATTTCAGGCTGTTCCTAGTCGGT	0	0	0		0	0	193.8812352	0	5
CACGTAATAAAGGAAGCCCAGCGTCTGTAG	0	0	0		0	0	145.4109264	0	0
CACGTGCGTTGTTTGCTTAATCCAGTCTTC	0	0	0		0	0	242.3515439	0	20
CACGTTCACAAACCCCACGCTTCTGACTCA	0	28.62300388	0		0	0	48.47030879	0	43
CACTAATCCGAACAGGGCTTACATACTTAG	0	0	0		0	53.45297726	72.70546318	0	12
CACTACCATATGGCTGGACATGTGCAGCTC	0	0	0		0	0	339.2921615	0	3
CACTATTCAGGGTGTTCGAGTGCCTCTTTA	0	0	0		0	0	96.94061758	0	106
CACTATTTTACTTCCATTAAAGTCAACAGC	0	0	0		0	0	72.70546318	0	9
CACTCAGCAGTAACGGGTTCTATTTCGGCT	0	0	0		0	0	484.7030879	0	45
CACTCATTGTACGATACCGCTCCTTTTAAT	0	0	0		0	0	24.23515439	0	4
CACTCCGATAACGGCTTTTCGAAAGAGTAG	0	0	0		0	0	24.23515439	0	18
CACTCCGTATAACATTCGGTTCTAATTTGC	0	0	0		0	0	290.8218527	0	33
CACTCTCAATTCTTTTAGTAACTACATGTC	0	0	0		0	0	121.175772	0	0
CACTCTTGTAAGAGCCGGATAATTTTAATT	0	0	0		0	0	24.23515439	0	0
CACTGAGAGACCTGTCGGTCGATTAATATT	0	0	0		0	0	315.0570071	0	135
CACTGATTCGGGTGACTTTCACGGATCTAA	0	0	0		0	0	48.47030879	0	51
CACTGCATACACAGTCTGACACCTTACGTG	0	0	0		0	0	24.23515439	0	9
CACTTAAGTTGGTATGTCGCGCGGTTCCCG	0	0	0		0	24.7708919	0	0	4
CACTTACTTGACTTCCCGATTGTAATAGTC	0	0	0		0	0	48.47030879	0	699
CACTTATCCACGTGCTTCATGTCGTGTGTT	0	0	0		0	0	169.6460808	0	336
CACTTGAAGGAGGCTATGTGCGGTGTAGTC	0	0	0		0	0	48.47030879	0	112
CACTTGCGCTCGCCTCTGACTCTTAAGTGT	0	0	0		0	0	24.23515439	0	3
CACTTTGGTTTTATTCGGCTCACAGCGGTG	0	0	0		0	0	72.70546318	0	5
CACTTTTAATTGTAAGTCTCTGTCACTGAT	0	0	0		0	0	702.8194774	0	0
CAGAAATTCAAGCTTGTTCTTTGCACCAAG	0	0	0		0	0	48.47030879	0	14
CAGAAGGGGGGGATTGTAATTCTGATGCCG	0	0	0		0	0	72.70546318	0	11
CAGAAGTCATGTATGTGCGATCAGGAGGTA	0	0	0		0	0	387.7624703	0	303
CAGAATAAGGTGACTCTGAACTTGTGGACC	0	0	0		0	0	557.4085511	0	197
CAGAATTGGGTGCCTAATTTGGCGGACAAA	0	2.20176953	0		0	0	0	0	59
CAGACCGTCTTTTCTGCATCTACGACCGTT	0	0	0		0	0	48.47030879	0	6
CAGACTAGCCCCAAGGAGTGGTAGTGCCGT	0	0	0		0	0	823.9952494	0	481
CAGACTCTCGTCTGTACCGGTTACGCCTGC	0	0	0		0	245.1014567	727.0546318	0	581
CAGACTCTTTTGGCGCCGTTGTGAGCTTTG	0	0	0		0	0	72.70546318	0	0
CAGAGAATCAGGGTTCGCAGTCCGGACCGG	0	0	0		0	0	48.47030879	0	2
CAGAGGGTGGGATCCGCTCCTGTCCTTGGT	0	0	0		0	0	96.94061758	0	89
CAGAGTCTCTATTGTTAATAAGTACAGTTG	0	22.0176953	0		0	0	387.7624703	0	18
CAGATAGTAATAAACAATTATCCCTTTCAT	0	0	0		0	0	121.175772	0	27
CAGATAGTTATTTCGGCGTAGAGTCGGTCT	0	0	0		0	0	96.94061758	0	37
CAGATATTCCGCCGTGCGGATATCCATGAA	0	0	0		0	0	121.175772	0	85
CAGATCCTGATCAGACACTATCCGACCACT	0	0	0		0	0	702.8194774	0	1682
CAGATCGCCTTTGCCGGAATGCTTTCTTGT	0	0	0		0	0	96.94061758	0	37
CAGATCTGAATCTCTGCATCAAGCGGGGTA	0	0	0		0	0	96.94061758	0	41
CAGATGGCGTCGAGCCTTCAGTATTCTTTA	0	0	0		0	0	24.23515439	0	231
CAGATGGTGGGTATTCTGCGGCGGGAGAAG	0	0	0		0	0	484.7030879	0	499
CAGCAAATCGGATCAGGCTCCGGCAAAAAC	0	0	0		0	0	24.23515439	0	5
CAGCAACAGAGGCCAAAGTGGCGTTTCTCA	0	0	0		0	0	48.47030879	0	5
CAGCAGATCTATAGGTTATAAGCTAATTTG	0	0	0		0	0	1017.876485	0	1114
CAGCAGATTCTCGACTACAGTTTATGCACA	0	0	0		0	0	436.2327791	0	5
CAGCATCGATCTCCTTAACGGATGAGCTTA	0	0	0		0	0	96.94061758	0	19
CAGCATTTGATTGCCGTCTCGAATCCGCTT	0	0	0		0	0	920.935867	0	42
CAGCCCTCGTATTGCTCTGGGCGCTAAGAT	0	0	0		0	16.94850498	0	0	23
CAGCCGAATTATGAGGGAGAACCGGCAACC	0	0	0		0	0	266.5866983	0	1231
CAGCCTATCCGGGATGCAGTGCAAGCTTTT	0	0	0		0	0	169.6460808	0	10
CAGCCTCTAAGGTGATAGGTGCTCTGATGT	0	0	0		0	0	72.70546318	0	28
CAGCCTGGCCAAGCGCTGGTGCAGGTTCTT	0	0	0		0	0	9306.299287	0	7
CAGCGAGCGAAGCCGCAAGCTGAGCTCTTG	0	0	0		0	0	24.23515439	0	2
CAGCGCAAGACAAAAACGGTTTTACGTTTC	0	0	0		0	18.25223614	0	0	9
CAGCGTAGGACCATATTAAAGCAAAATAAA	0	0	0		0	0	48.47030879	0	56
CAGCGTGGTTAGAGCGGAGGCGGGGGAGCG	0	0	0		0	0	121.175772	0	18
CAGCGTGGTTTTGAAGTCGTGTAAGCATGC	0	0	0		0	0	96.94061758	0	15
CAGCTAGAGCGCCGGCCCGGAGAAGCCGGG	0	409.5291325	35.254594		0	0	0	0	467
CAGCTCCACAGGTTTGATGAGGTAGCTAGT	0	0	0		0	0	1163.287411	0	391
CAGCTGACGTGGTCTAGTACATAGTGACCG	0	0	0		0	0	1381.4038	0	70
CAGCTGTTGGTGCTGGTCGGAAGCGGGGCG	0	0	0		0	0	48.47030879	0	4
CAGGAAAAGTGGGGCTTCGCCGGCTCCGGA	0	0	0		0	0	121.175772	0	2
CAGGAAGCCGTGAAACTAAGGGGTTACAGG	0	0	0		0	0	48.47030879	0	60
CAGGACCAGGTCCGCTCCTAAGGGGGTCAA	0	0	0		0	0	48.47030879	0	41
CAGGACCTACAGCTATCGTACTTGTGCTTC	0	13.21061718	20.83226009		0	0	0	0	27
CAGGACGACATGAGGCAACTTATTTAGTTA	0	0	0		0	0	24.23515439	0	0
CAGGAGGTTGCCCGGGAGATAGGTGGGGGC	0	0	0		0	16.94850498	0	0	3
CAGGATAGGCTTTTCGAGCGTTGTGTGCAG	0	0	0		0	40.41566573	121.175772	0	4
CAGGCAAAAGCTTGTCTTAACTAATCGGTT	0	0	0		0	0	1042.111639	0	21
CAGGCAACGGCCCCCCGCGCTTACAAAGAA	0	0	0		0	0	24.23515439	0	2
CAGGCAAGTCGGAATCCTGTAATTCTGATC	0	0	0		0	0	1647.990499	0	6
CAGGCAGACTACGTTGTACCGGTTAAATTC	0	0	0		0	0	24.23515439	0	5
CAGGCCATTAGAAAACAGGCGTCATTCTCT	0	0	0		0	0	96.94061758	0	370
CAGGCCATTTTTTCAATCAGTTAAAAGAAC	0	0	0		0	0	315.0570071	0	13
CAGGCGCCTCTCTCCCATTCGGGGATCGGA	0	0	0		0	0	169.6460808	0	109
CAGGCGCGGAGTGTCAGCAATGAGTAATTG	0	0	0		0	0	48.47030879	0	3
CAGGGAACCAAATTCTACAGTGCTTCCAGA	0	0	0		0	0	72.70546318	0	19
CAGGGACGCTATGGGGGCCCCAGTCAGGGA	0	0	0		0	0	218.1163895	0	21
CAGGGAGATCAACGCCATTGGTGCTAATAG	0	66.05308589	0		0	0	242.3515439	0	2168
CAGGGAGCAACCATGGGCCCTGATGTTCGC	0	0	0		0	36.50447227	0	0	14
CAGGGAGGGCAGCTGGCCTCCCCGCTTGCC	0	0	0		0	1293.301303	702.8194774	0	774
CAGGGCAGGCGGGCCTTTTTGCACGTGTCG	0	22.0176953	0		0	0	0	0	9
CAGGGCGATCGCATCGCTTGGCATGGCTGG	0	0	0		0	0	24.23515439	0	6
CAGGGGAGGTCGGGCGGCGGACTCGCGGGG	0	0	0		0	0	72.70546318	0	37
CAGGGGCGGACGTTACTTTCCGTTTCGGGT	0	0	0		0	0	3732.213777	0	26
CAGGGTCCGGGGCCGCACAACGGGGACGTG	0	0	0		0	0	113541.6983	0	6
CAGGGTCTTCCGTAGTACTATAGATATACG	0	0	0		0	39.11193458	0	0	0
CAGGGTGTTTTATGGGGATATAATCAATGG	0	0	0		0	0	266.5866983	0	39
CAGGTAAGCTATGTGTGCCTCGAGGCGTAC	0	0	0		6	0	0	0	22
CAGGTAATGACACACGGGCCGGGCCGTGTC	0	0	0		0	0	72.70546318	0	0
CAGGTAGATGGGAAGCTGTGGGGGAACCGG	0	0	0		0	0	48.47030879	0	3
CAGGTCTGGTATTTTAGTTCTATTTACTTG	0	0	0		0	0	48.47030879	0	3
CAGGTGACGTCCTTGACAGGGGTAGTAACA	0	0	0		0	0	96.94061758	0	15
CAGGTGATTTACCACGGCGATCGGGGAACC	0	0	0		0	7.822386915	72.70546318	0	76
CAGGTGCAAAACAACACCCTAATTAGGATA	0	0	0		0	0	48.47030879	0	6
CAGGTGGATACCCGTTGCCGAGGTACTGGC	0	151.9220975	9.614889273		0	0	10857.34917	0	15369
CAGGTTCCGAATGTAGTAGGTCGCTGCCTT	0	0	0		0	76.920138	0	0	7
CAGGTTGCCGCCTGGTGTTAGTGTGATGAT	0	0	0		0	0	48.47030879	0	2
CAGGTTTATAATCGCTAGTCATTGTAATAG	0	0	0		0	62.57909532	96.94061758	0	0
CAGTAACCAAACGCTTAGCCTCAACTCGTA	0	0	0		0	0	48.47030879	0	8
CAGTAATAGACAAGTAAAAATTCAATCTTA	0	0	0		0	135.5880399	2229.634204	0	1505
CAGTACGAAGAGTAGGAGCCATAGCCTAAA	0	0	0		0	0	2690.102138	0	327
CAGTACGTTTCATTTAACATAATGTTAGTG	0	0	0		0	0	290.8218527	0	659
CAGTACTCTTGTTTTCTCGAAGTCGATGCA	0	0	0		0	0	24.23515439	0	891
CAGTAGAGTTCTATGACTACGTCTCCCAGG	0	0	0		0	0	48.47030879	0	563
CAGTAGATATCGAGGTCTAGTCTGCTAGGT	0	0	0		0	0	24.23515439	0	326
CAGTATAGCTTTCACTCTTATAAGCTGCAC	0	0	0		0	0	48.47030879	0	388
CAGTATCGCCCCTATACGTAAGCTCAACGG	0	0	0		0	0	290.8218527	0	74
CAGTATCGTGGACATATTTCATTTCGATGG	0	0	0		0	0	121.175772	0	11
CAGTCAGCAAACTTAATATACTCCTAATCT	0	0	0		0	0	266.5866983	0	698
CAGTCAGGGGGCTTTTACAATAGTAGACAT	0	0	0		0	0	48.47030879	0	19
CAGTCCTCGTATATTCTGACTTGTGCGGGC	0	0	0		0	0	121.175772	0	41
CAGTCGAGCTTTGCCAATTGGACGATTTTC	0	0	0		0	0	24.23515439	0	17
CAGTCGTCGTACAGTGCGTCGGGGGATGAA	0	0	0		0	0	581.6437055	0	529
CAGTCGTGCGGTTTTCCTGCACGTGTCACT	0	0	0		0	0	1890.342043	0	577
CAGTGACACCAGGCTATGTGTTTAGTCGTG	0	0	0		0	0	24.23515439	0	6
CAGTGATACCTAATTACATTTCTTTTATCT	0	0	0		0	59.97163302	557.4085511	0	0
CAGTGCATGTGTGTCTCGGGGCGGGGCCGG	0	882.9095814	0		0	0	411.9976247	0	1246
CAGTGCCGTTATGGATTCAGTTATCCTCTG	0	0	0		0	0	169.6460808	0	4
CAGTGCTATTCTCACAGTTAATCCAAAAAA	0	0	0		0	0	48.47030879	0	3
CAGTGGGTTTCTTCGCATGAGGGCTATTCC	0	0	0		0	0	96.94061758	0	64
CAGTGTGCAGCGGCGAGTGGGATAGGGAGG	0	0	0		0	0	24.23515439	0	5
CAGTGTTCAGAGTTGGCCCAGTTTTCTATG	0	0	0		0	0	6834.313539	0	49
CAGTTATGCGTTCATGTCTAGCGCGGTAAT	0	0	0		0	0	48.47030879	0	137
CAGTTCACTCCATAGCTTATAGTAATGTCC	0	0	0		0	0	339.2921615	0	7
CAGTTCCTTGTTAGGCAGACATTCTACCGC	0	0	0		0	2.607462305	0	0	0
CAGTTCGGATTCTGTAGAGCGTCAGCAGTA	0	22.0176953	0		0	0	0	0	78
CAGTTCGGGCATAAGCATAGCTTGGCCCAT	0	0	0		0	0	121.175772	0	47
CAGTTGAACCAGATCTCGCGAATCGTCACG	0	0	0		0	0	121.175772	0	339
CAGTTGACACGAGGGTTATCCGAAGAAAAA	0	0	0		0	0	1575.285036	0	1323
CAGTTGATGGGTATACTACAGTTGCAAGTT	0	0	0		0	0	96.94061758	0	106
CAGTTGGACGATCGACTGGCTTTCAGGCTT	0	0	0		0	0	24.23515439	0	5
CAGTTGTGGCACAGTCTGTGTCCCTCTGTG	0	0	0		0	0	24.23515439	0	29
CAGTTTACAATCTGTAGGCGAGATTCACCC	0	0	0		0	0	145.4109264	0	569
CAGTTTATGATCCGCATGGACCGTTATTTG	0	0	0		0	0	48.47030879	0	287
CAGTTTGAATTCTCGGTTTCGTTCACGATC	0	0	0		0	0	23120.33729	0	16
CAGTTTGACAGTGCATACCTTTGTCACACT	0	0	0		0	11.73358037	72.70546318	0	6
CATAAACTATGTCCGGGGACTCTGTCTATC	0	262.010574	0		0	0	72.70546318	0	49
CATAAAGTTTAAATTACTCCCTTCCTACTC	0	0	0		0	0	96.94061758	0	652
CATAAATACATGGGAACGTACATCGCCGTC	0	0	0		0	0	242.3515439	0	123
CATAACGGTCTATTGTCAGCCTTCACAGCT	0	0	0		0	0	48.47030879	0	27
CATAAGAGTGATTAACATTGGACGTAGGTT	0	0	0		0	162.9663941	0	0	495
CATAAGTGGGATACATAAGGGGTCCAGAAG	0	0	0		0	0	24.23515439	0	0
CATAATATGAATTAAATGCCATGTAATAAG	0	0	0		0	0	193.8812352	0	0
CATAATGATATAACTAAATTTTGGTTTGCG	0	0	0		0	0	169.6460808	0	50
CATACCAGTTGTTCACCGTCAGACCTCCTA	0	0	0		0	0	48.47030879	0	18
CATACGGAAGCGAGCTGAGATCTGAGTGTG	0	0	0		0	0	363.5273159	0	566
CATACGGTATCTCATTACGTTGATCGGGCA	0	0	0		0	0	242.3515439	0	66
CATACTGTACGTTGTTGTGCATATATTGTT	0	0	0		0	0	2544.691211	0	1420
CATAGACTGTACATAAAATAGCCCGATGGG	0	0	0		0	0	266.5866983	0	19
CATAGAGCTGACGTGTTATCCGCCGTAGGG	0	0	0		0	0	72.70546318	0	23
CATAGAGGAACCGATTTCATACTGAATAAT	0	0	0		0	0	96.94061758	0	16
CATAGATGAGATTCCGGGGCAGAAGATATC	0	0	0		0	0	145.4109264	0	271
CATAGATTATCCGGTTGGTCGTCTCTCGTA	0	0	0		0	0	121.175772	0	37
CATAGCCTATTGGTCCGGGCATACCAACGT	0	0	0		0	0	24.23515439	0	11
CATAGCTCGTTGGGTGTTTTAGTCGAATTT	0	0	0		0	0	24.23515439	0	43
CATAGGATCCTCTAGTTCGGGTGCTGTATC	0	0	0		0	0	24.23515439	0	0
CATAGGCCTTCGTTACAAGCGAGAGGCCTA	0	0	0		0	0	848.2304038	0	7
CATAGGTCGGGGATGCTTTGTACCCTGGGA	0	0	0		0	0	24.23515439	0	2
CATAGTAGCAAGATGGGTTAACAGCACGTG	0	0	0		0	0	363.5273159	0	153
CATAGTATCCCCTTTCTTGGTCAGGGTTCC	0	0	0		0	0	48.47030879	0	4
CATAGTGACATTAAATATCGCGTTGTTTAG	0	0	0		0	0	48.47030879	0	2
CATAGTGGTGTGGCCCACAAGTTGATCCTA	0	0	0		0	0	2011.517815	0	28
CATAGTGTAGGTTAAGTCTCACGTCCCACT	0	0	0		0	0	48.47030879	0	8
CATATAAAAATTAGATGTTATACCCAAATT	0	0	0		0	0	218.1163895	0	10
CATATACCGGAGCTCCAGTGATGCGACAAG	0	0	0		0	0	581.6437055	0	79
CATATCCGTCGTCTGAAAAGCCATGTGTAA	0	0	0		0	0	121.175772	0	48
CATATCGGATGTACGGGTTCAGGATATTCA	0	0	0		0	0	121.175772	0	4
CATATCTATCCGTCGTGATCAGTCTTGATG	0	0	0		0	0	72.70546318	0	0
CATATCTATGACTTATTTTGATGCAATTAT	0	0	0		0	0	315.0570071	0	74
CATATGAATGCTTTTGGTGAATTTGGGGCT	0	0	0		0	0	121.175772	0	60
CATATGTGCAGCCCTCATACGCGGACGTAC	0	0	0		0	0	24.23515439	0	33
CATATGTGCGCTTTATAGGATGACCTCTTG	0	0	0		0	0	24.23515439	0	3
CATATTAAGTATTACCGGCCGGTGCGTGTC	0	0	0		0	0	24.23515439	0	0
CATATTAGGCAGTACCGCATAGGTTTCATT	0	0	0		0	0	193.8812352	0	13
CATATTGGGCTTCTGCGAACATCTGGTCGA	0	0	0		0	0	24.23515439	0	3
CATATTTCCTGTACCCGTCCTTTGCCCCAT	0	0	0		0	0	218.1163895	0	6
CATATTTCTTGTCATTGCAATATTACTCTG	0	0	0		0	0	24.23515439	0	4
CATCAAGGTTCCTTAAGGACGTATGACGTA	0	0	0		0	6.518655763	24.23515439	0	2
CATCAATGTCAGAGTGGCGCTGTGGTAATC	0	0	0		0	0	24.23515439	0	5
CATCACGCGGATGTACAGACACGTGATATC	0	0	0		0	0	24.23515439	0	18
CATCAGGCTTATACGACTAATTCAGAATTT	0	0	0		0	0	48.47030879	0	1142
CATCAGGTGCGCTTTGAGGGGAGGGCGAGC	0	0	0		0	0	24.23515439	0	2
CATCAGTGGCAACCTCCACGGTACATGGCT	0	0	0		0	0	169.6460808	0	43
CATCATAATAGGGGCATTGAAGACTCACTA	0	0	0		0	0	24.23515439	0	2
CATCATGAAGATGACGGCCCGCGGAGAGTG	0	0	0		0	0	533.1733967	0	2
CATCATTTAATGTGGTTATCTCTCCTGCAG	0	0	0		0	19.55596729	0	0	2
CATCATTTGTAGGTCCGCACTGTACCCGTG	0	0	0		0	71.70521339	145.4109264	0	11
CATCCAACGGCCGCCCTGATCACTCCGGTG	0	0	0		0	0	387.7624703	0	26
CATCCACGTACATTAGACATGATCCATCAT	0	0	0		0	44.32685919	0	0	258
CATCCCATATGTCATCTAGCCTCAGCGAGT	0	0	0		0	58.66790187	72.70546318	0	141
CATCCGGGGATGGTTTATACGATGTAAGCT	0	0	0		0	0	557.4085511	0	27
CATCCGGGTGGCATTTGCAGTAGGGGTGCC	0	0	0		0	15.64477383	0	0	5
CATCCGTTATATATCACAAGTTTGGGCTCA	0	0	0		0	0	411.9976247	0	48
CATCCGTTGTCATCAGCGAAAGGCGACAAT	0	0	0		0	0	169.6460808	0	171
CATCCTAGAGGAAACAAAGCTGCACTTACT	0	0	0		0	0	24.23515439	0	33
CATCGACGTGCCTCTTCTCTGCCCAGGCAT	0	0	0		0	0	1066.346793	0	22
CATCGAGGGTCTTTCGGCAATGGTATGATT	0	0	0		0	0	266.5866983	0	8
CATCGAGTTCTACCCATCCTTAAGAGTCCA	0	0	0		0	0	72.70546318	0	8
CATCGCTTGTCTCGTAATGCATCAATTTCG	0	0	0		0	0	48.47030879	0	11
CATCGGAATTTGTAGGTGTTGAAAGCGTGG	0	0	0		0	0	121.175772	0	8
CATCGGCGATCACAGCAATGCCGCTTCCGT	0	0	0		0	0	193.8812352	0	5
CATCGGGTGCCCACCATGTTTATCATCAGC	0	0	0		0	0	654.3491686	0	1463
CATCGTTTCCACGGCGCTTGATATCCCTTA	0	0	0		0	0	121.175772	0	6
CATCTAAGTGTCGTTTGTGGCCCTCTCCCT	0	0	0		0	0	72.70546318	0	28
CATCTCTGTTGCTGCGTCTGGCACCGTGGT	0	0	0		0	0	24.23515439	0	0
CATCTTAGGGGGAAAACAATGCGCAGATGT	0	0	0		0	0	48.47030879	0	9
CATCTTATAATATTTTCGTGCCACGATTTA	0	0	0		0	0	2132.693587	0	6
CATGAGAAACAAGTCCTCATTCTACATAGG	0	0	0		0	0	654.3491686	0	283
CATGAGAATGATCGGTGGAATTGCTGGCTT	0	0	0		0	0	218.1163895	0	5
CATGAGAGGTCAGGGATCTCTTGTCGGTAG	0	0	0		0	0	24.23515439	0	6
CATGAGGAAGTTACGCCGATCGCAGCTGGC	0	0	0		0	0	48.47030879	0	20
CATGAGGTGTCCCCTTTATTAATGGGGCGT	0	0	0		0	0	1139.052257	0	0
CATGATGGCGCAGCATGTGTTTACACTGCA	0	0	0		0	281.605929	775.5249406	0	25
CATGATTAGCACGTGCACGTCAGTCATCAA	0	0	0		38	0	266.5866983	0	3899
CATGCAGTTCTCGAATTCGCAGCCAGCATG	0	0	0		0	0	145.4109264	0	119
CATGCATGAACGTGTTTCTATCGATCCGAG	0	0	0		0	0	24.23515439	0	29
CATGCCTTGAATCTGCGAGGAAATTTAACA	0	0	0		0	0	1720.695962	0	5160
CATGCCTTTAGTGATGTGATGCGAGCTCAC	0	0	0		0	112.1208791	3877.624703	0	129
CATGCGTACAAATAGTCTGTTTTTGTGAAC	0	0	0		0	0	48.47030879	0	33
CATGGATTAACAAAGATTAGAGTATTTACT	8.451439221	13.21061718	0		0	0	48.47030879	0	7
CATGGGCCAATTCTGGGGTTTGAGATAATA	0	0	0		0	0	581.6437055	0	3
CATGGGGCGTCGCATTGTACGCGCTAATTG	0	0	0		0	0	24.23515439	0	3
CATGGTATTCTTGAGATAACTATTCTGCCG	0	0	0		0	0	24.23515439	0	3
CATGGTGGAGAGACTGGTCGGGGATCGAGG	0	0	0		0	0	193.8812352	0	15
CATGGTGGGTATCGATACGCGGCCAAGATC	0	0	0		0	0	72.70546318	0	238
CATGGTGTTCGGAACGCTGCTGGAATAGGA	0	0	0		0	0	48.47030879	0	463
CATGTATCATAGCCATCGGTCTCGCCTCCC	0	0	0		0	0	24.23515439	0	3
CATGTATGTAGGCGGCTTCTGGCTGAACTT	0	0	0		0	0	460.4679335	0	204
CATGTCCCTGTCGATTATGGGACATGCAAG	0	0	0		0	0	2447.750594	0	32
CATGTCCTACGTCTGGCCTGGTGCTTATGC	0	0	0		0	0	266.5866983	0	146
CATGTCGTTCAGGCCTATGGGGACGCTCTA	0	0	0		0	0	48.47030879	0	433
CATGTCTCCACCCTTCGGGACGGGAGCCTT	0	0	0		0	0	48.47030879	0	5
CATGTGGAGGACTGGGCTCACTAGGTTGCC	0	0	0		0	11.73358037	0	0	290
CATGTTATTGCATCCTTTAATGCTGAATGG	0	0	0		0	11.73358037	0	0	524
CATGTTCGTCCGTGTGTATATTGAACTGCC	0	0	0		0	0	24.23515439	0	5
CATGTTTCGCCGCTAATTGGCGTCTGTTAT	0	0	0		0	0	218.1163895	0	481
CATTAAAGGCCCGTAATCTATAGAACTTAC	0	0	0		0	0	315.0570071	0	15
CATTAACAGCTTTATGCCGTGGCATGTATT	0	0	0		0	0	72.70546318	0	44
CATTAACGTTCAAAGTTGTAGTAACCATAT	0	0	0		0	0	48.47030879	0	1901
CATTACAACCGATCCTGTGCTAGGTTTGCT	0	0	0		0	14.34104268	72.70546318	0	6
CATTACCGTGCCGGGTGGCAGGTTTTTGTG	0	0	0		0	0	96.94061758	0	0
CATTATGTATCCTAGTCCCTCCACGACTAA	0	0	0		0	0	581.6437055	0	6
CATTATGTTAATTTATATTTGTGTACTTTT	0	0	0		0	0	218.1163895	0	41
CATTATTGGGCCCACATTATTGTTGCTATT	0	0	0		0	0	72.70546318	0	107
CATTCCCACCTTGTTTGTATGTTGGGCGAG	0	0	0		0	37.80820342	339.2921615	0	10
CATTCCGGGCAACGAGTTTGGCGGGCAACC	0	0	0		0	0	24.23515439	0	6
CATTCGATTCCGTACACCAGACTCCCGATG	0	0	0		0	0	1090.581948	0	5
CATTCGGCTTTTGTGGGTTCATAAAGCATC	0	0	0		0	0	24.23515439	0	4
CATTCGTGTTCTTTGATTAGGAAATCATGT	0	0	0		0	0	24.23515439	0	0
CATTCTATATACGTTTCAAGACAGCCGGTC	0	0	0		0	0	24.23515439	0	27
CATTCTTCTAAGGTCACTATTGTCTATAAT	0	44.03539059	16.02481545		0	0	0	0	167
CATTGAAAGGGAAAGTCACCGGGATCTTCC	0	0	0		0	0	72.70546318	0	0
CATTGCAAATGTGGTAGAGCTCTGCATCGT	0	0	0		0	27.3783542	993.6413302	0	98
CATTGCTTATATTAGGTTGGACTGAGTGGG	0	0	0		0	968.6722464	7173.605701	0	3
CATTGGTTTGGCGAAGTCTGCGGGAGCGAA	12.67715883	0	0		0	0	290.8218527	0	174
CATTGTCTGATGACCTTCTGTCATAGGGAC	0	0	0		0	0	557.4085511	0	3
CATTGTGGTTACCCCCGTTCTAGCAAACGA	0	0	0		0	0	24.23515439	0	62
CATTTCAACCAGGGTTGATTCCACTCTGCG	0	0	0		0	0	24.23515439	0	0
CATTTCGTCAGCTGGATGGTAAGTAAGACG	0	0	0		0	0	24.23515439	0	932
CATTTGGAGTTGTACGGCATTAGAACATAG	0	0	0		0	0	72.70546318	0	43
CATTTGTCTGTGGCTTCAGCATGACTCCGA	0	0	0		0	0	48.47030879	0	36
CATTTGTGGGTTGCCTTGAAAGCGAAAGAG	0	0	0		0	0	24.23515439	0	3
CATTTTAGGTTTATTATTTCCGTAATACTC	0	19.81592577	11.21737082		0	0	218.1163895	0	14
CATTTTCTGGTGGGTATGTCATTTGCAAGC	0	0	0		0	0	920.935867	0	403
CATTTTCTTCCAGGCATCCATCTAAGGGGT	0	0	0		0	0	169.6460808	0	7
CATTTTGTCAGTCAGCTTTACAGTTTTTAG	0	0	0		0	0	24.23515439	0	0
CCAAAAACAGGATTGCTGTTTTACCGGACA	0	0	0		0	0	24.23515439	0	12
CCAAAACGATATCGTCATGACTCTGGATAC	0	0	0		0	0	24.23515439	0	5
CCAAAATATTATAGTTGTTTGATGACCCAC	0	0	9.614889273		0	0	0	0	44
CCAAACCCCGTGACGCCGAATTTAAAGGAT	0	0	0		0	0	169.6460808	0	2
CCAAACTGATCATGACCGAACGGTATAATT	0	0	0		0	0	72.70546318	0	507
CCAAAGAAGAAACCTTATAGTGCTTGTCAC	0	61.64954683	0		0	0	727.0546318	0	5
CCAAAGTATTTGCGAATGTTCCATAGCCAT	0	0	0		0	0	727.0546318	0	32
CCAAATCACTCGTGGTCATCTAATTCTCTG	0	0	0		0	23.46716075	96.94061758	0	91
CCAACCCTAGGCCGTGAATTGTGCGAATGA	0	0	0		0	0	96.94061758	0	2
CCAACGTCAGCTACCGGTGTTTGTGCCGTT	0	0	0		0	0	96.94061758	0	64
CCAACTGGCGATTCTTCGCCGATCGTACAT	0	0	0		0	0	557.4085511	0	182
CCAAGACGTAGCGACGGGGTTCGGACAGCG	0	0	0		0	0	2471.985748	0	401
CCAAGGATTACCGGTCGGTCTGAGAACACG	0	0	0		0	27.3783542	0	0	17
CCAAGGTACTAGGGATGTTCGGTCAATCGA	0	0	0		0	0	1211.75772	0	320
CCAATAACTTGTGCGCCAACCCTTCAGTTC	0	0	0		0	0	242.3515439	0	27
CCAATCTAAATGAACCGTTATGCCAATGCT	0	0	0		0	0	145.4109264	0	39
CCAATGCCTTGGTAGAGTAATAGAGCGCAG	0	0	0		0	0	24.23515439	0	15
CCAATTCGTGACCGATTGGGAACGGCGTAG	0	0	0		0	0	72.70546318	0	5
CCACAATAATATGTGGTTCTTTACCCTTTA	0	0	0		0	0	145.4109264	0	11
CCACACTCGTCTCAGTCGCGGGGGAACTTA	0	0	0		0	0	387.7624703	0	20
CCACAGCGTGTTGAGGCTAGGTGCCGGTCC	0	0	0		0	0	1163.287411	0	1164
CCACAGGAGATGATCGAGTAGGGCGTGTTT	0	0	0		0	0	411.9976247	0	876
CCACAGGTTTAGCCCACACTGTCTCCATGG	0	0	0		0	0	96.94061758	0	257
CCACCATAATCTACGGTAAGCACATTTGAG	0	11.00884765	0		0	0	48.47030879	0	18
CCACCATTGGGTAGTTTACGCGAAGTTGTT	0	0	0		0	0	48.47030879	0	2
CCACCCACGCAATTCGAAATGGGGGACACA	0	0	0		0	0	48.47030879	0	3
CCACCCTGCCATCTATCGACTTACTTTCTA	0	0	0		0	14.34104268	72.70546318	0	44
CCACCTAGTGTTTTATTACATGTTATCAAA	0	0	0		0	0	2350.809976	0	4
CCACCTTCGGAGTCGCTTTATCATAGCGGC	0	0	0		0	0	24.23515439	0	139
CCACGAACCGGTTTAATCTATTTGTGAGGC	0	0	0		0	0	896.7007126	0	416
CCACGTAGCAAAGAGCTGGCTATCCCTATG	0	0	0		0	0	242.3515439	0	15
CCACGTCATAAGTTAGGCGAGCACGTGCGA	0	0	0		0	0	72.70546318	0	6
CCACGTGGACCTAAGGCTTATACTTTGAAA	0	0	0		0	10.42984922	0	0	0
CCACGTTTACTAACAGGCATTCCTAGCCAA	0	0	0		0	0	48.47030879	0	0
CCACTAAAGCTGTGTATGACCTAATTGCTC	0	0	0		0	0	508.9382423	0	854
CCACTAGTTCCTGACCCCGAGAGGCTCGGG	0	0	0		0	0	24.23515439	0	8
CCACTATTTCAGTCTTTTATGAAGTGCGTA	0	0	0		0	0	24.23515439	0	16
CCACTGCTTAAATCGTTAGGGTATCTGGCT	0	0	0		0	0	72.70546318	0	29
CCACTGTAATGGAGGGCAGTCGTGCTGCTC	0	0	0		0	0	96.94061758	0	161
CCACTGTACTTTTGTTATCCAAGCCTTCCA	0	0	0		0	2.607462305	872.4655582	0	31
CCACTTAGGTGTTAGAACGCAGGTAACTTT	0	0	0		0	0	24.23515439	0	0
CCACTTCCCCTCGGCACGAGACGCCTTACA	0	15.41238671	0		0	0	0	0	8
CCACTTTGTCGCTAGGTCTCTATCTCCTTT	0	0	0		0	0	48.47030879	0	4
CCAGAACGAGCCTTATTCTCTTTTGAGGGT	0	0	0		0	0	24.23515439	0	440
CCAGAGAATGTACGGGGATGTCACAAATTG	0	0	0		0	0	24.23515439	0	0
CCAGAGTATCCCTCCGCCCCGGGAGTTAAG	0	0	0		0	0	290.8218527	0	250
CCAGCAAGAAATTCCAATATAGGGCTGTCC	0	0	0		0	0	1381.4038	0	762
CCAGCGAGAGCAGATAGTGACTCGGGTACG	0	0	0		0	0	48.47030879	0	2
CCAGCGGCACTGTAATACCATTCAGAGGGT	0	0	0		0	5.21492461	0	0	0
CCAGCGGTGTCAACGAGCTTCGGAAGGAGT	0	0	0		0	0	145.4109264	0	3
CCAGGACGCGCCCTGCTCCAGTTGGGCAAT	0	0	0		0	0	3102.099762	0	36
CCAGGAGCTTGGTCTAGCGCCAACGGTTCG	0	0	0		0	0	48.47030879	0	2
CCAGGCACGGATATTTTGCTCGTAGATACA	0	0	0		0	0	24.23515439	0	895
CCAGGCTCGGGCAATTAACCCGTTGTACGC	0	0	0		0	0	72.70546318	0	563
CCAGGCTGTCGCCTGTTGTGTTTATAATCG	0	0	0		0	0	24.23515439	0	456
CCAGGGTGCTTATGGTGTACCAGTTACGTG	0	0	0		0	0	339.2921615	0	17
CCAGGTGAATAGCTGTAAGTTACTAACCGG	0	0	0		0	0	72.70546318	0	186
CCAGTAATTTGACCTTACTTGTAAATGATG	0	0	0		0	0	24.23515439	0	2
CCAGTACTAATGACGCCCGTGTATAGCCCC	0	0	0		0	0	72.70546318	0	20
CCAGTGCGTAATTCTTAACCTGCCCTCATA	0	0	0		0	0	24.23515439	0	2
CCAGTGGGTACGTGCAGCACACATACATCG	0	0	0		0	0	1235.992874	0	443
CCATACGCTACAATTGTCAAGGCGGACTAA	0	0	0		0	0	242.3515439	0	40
CCATAGACCTTGTAGTTTGTCGGTCGCTAA	0	0	0		0	0	48.47030879	0	116
CCATATGGTAGGTCGCGTGTTAAACGAGCT	0	0	0		0	0	581.6437055	0	49
CCATATGTCCTCCGGGCGTCACTCATTAAA	0	0	0		0	0	193.8812352	0	7
CCATCATAGCGTTGGGGGTCAGGCTTGAGG	0	101.2813984	0		0	0	0	0	2
CCATCCACGGAGCTGTTGGGGCGATGAGTC	0	8.807078118	0		0	0	0	0	0
CCATCCCAAGGCGAAGGTTTCTTGCCCCTA	0	0	0		0	0	24.23515439	0	19
CCATCGAACCTCTTAATATCCGGATGATTC	0	0	0		0	0	266.5866983	0	2
CCATCGAACCTCTTCCTATCCGGCTGCTTC	0	0	0		0	0	24.23515439	0	0
CCATCGGCGTGACGGTTCATCCTGATGTCA	0	0	0		5	0	0	0	4
CCATCTGTATGCAACACTGCCCATTGGGGT	0	0	0		0	0	96.94061758	0	20
CCATGAGCCGGAGACTTAGTTACCACATTA	0	0	0		0	0	1042.111639	0	109
CCATGATATGCCGCATATAGCTGCCCTAAT	0	0	0		0	0	145.4109264	0	63
CCATGATGATTTCCCGTTCCTTGAGGTGAT	0	0	0		0	0	24.23515439	0	8
CCATGCAGGGTGTTTCCCCAGGGTATCGTC	0	0	0		0	0	48.47030879	0	78
CCATGTTACACTCGAATGCCAAAAATCTAA	0	30.82477341	9.614889273		0	0	72.70546318	0	17
CCATGTTGTCCGGGCCCCTTCACTATGTAC	0	0	0		0	0	24.23515439	0	0
CCATTACTCGGAAAGATGGTCTTTCGTTTT	0	0	0		0	0	218.1163895	0	5
CCATTCACTGCGATGTTGTATGTTTCGTAG	0	0	0		0	0	48.47030879	0	0
CCATTCCGGCTGTTTATATCGGATTGGGAC	0	0	0		0	0	48.47030879	0	56
CCATTTAAATGCTACGTTCCCCGGAAGATA	0	0	0		0	0	993.6413302	0	1048
CCATTTCGGTAATATTTGGTTTACAACAGC	0	0	0		0	0	266.5866983	0	7
CCATTTTCAGAACGTAGTTTAAAACGGATG	0	0	0		0	0	2011.517815	0	763
CCATTTTGGTCTGTTTGTGGTCAGTTCTGG	0	17.61415624	0		0	0	0	0	221
CCCAAAATCTCGGAAATTGTGTGCTAAGAT	0	0	0		0	0	145.4109264	0	31
CCCAACATCTCTGGAGTTCCATAGCAGTGA	0	0	0		0	0	96.94061758	0	37
CCCAACATGGCACCTGATGTAATGAGCGCG	0	0	0		0	14.34104268	0	0	6
CCCAAGAGTCAATCTCGCGTATCGTATTTG	0	0	0		0	0	72.70546318	0	188
CCCAAGTTTTAATCTAAACGTCATGTACTG	0	0	0		0	0	72.70546318	0	2
CCCAATGCTCGAGATGAGCGTTCGAGAGGA	0	0	0		0	0	96.94061758	0	4
CCCAATGGGTATATCCGTTATTCTTGTATC	0	0	0		0	0	24.23515439	0	3
CCCACACAGTTGGGGTGACGTATCACTTTA	0	0	0		0	0	48.47030879	0	6
CCCACATATGCGACCTATCTTTTATCATGT	0	0	0		0	6.518655763	145.4109264	0	27
CCCACCACCGCATGTTGTACATAAAACAGG	0	0	0		0	0	24.23515439	0	0
CCCACGGGGCATTCCCCGGTAATCATCCAG	0	0	0		0	0	96.94061758	0	688
CCCACTCCTGAGGTTGCCTCGAGCGATTGG	0	0	0		0	37.80820342	48.47030879	0	0
CCCAGCCGCGAAGCGGGGCGCGCGGTCAGT	0	0	0		0	0	72.70546318	0	11
CCCAGCTGCATAAGCATCTAGGGCTAACGA	0	0	0		0	0	48.47030879	0	0
CCCAGTATTTCATGGGGATATCATATAGAC	0	0	0		0	43.02312803	24.23515439	0	14
CCCAGTGCCAGAGTCTGTGTGGAAGGGGCT	0	0	0		0	0	193.8812352	0	12
CCCATATGAATATTTATTGTTAGTCATTTT	0	0	0		0	0	24.23515439	0	3
CCCATATTATGCGGTCCTATGACAGATCGA	0	0	0		0	0	242.3515439	0	762
CCCATGACAATTCCGACGTAGATCGTTACC	0	0	0		0	0	24.23515439	0	8
CCCATGACTTCCGGCTAGGTTGCAACCTTT	0	0	0		0	0	169.6460808	0	0
CCCATGGCGGGGATGGACCTTATAATTCGC	0	0	0		0	0	48.47030879	0	105
CCCATTCATCTTCGAAGTCTGTTATAATAG	0	0	0		0	2.607462305	0	0	18
CCCATTCCATAAGGGTCGGAGAATAGGGTA	0	0	0		0	0	218.1163895	0	505
CCCATTCCGAATATTTATCCCTTTTCATGT	0	345.6778161	0		0	0	48.47030879	0	925
CCCATTGTAACCTTTATGTTCTATTTAATC	0	0	0		0	0	24.23515439	0	1398
CCCATTTTCACCAGAATGTTAGGGTATATT	0	0	0		0	0	72.70546318	0	102
CCCCAAAACCACGAACGCGCATTAGAACGG	0	0	0		0	0	145.4109264	0	13
CCCCAATGACCAGAAATGTCAATAGAAATA	0	0	0		0	0	121.175772	0	17
CCCCAGTCGGAATGCTCTTGGAGGGCAGCT	0	0	0		0	0	96.94061758	0	22
CCCCCAGGGGGGCAGAGGCTTCCCGATACT	0	0	0		0	131.6768464	24.23515439	0	2
CCCCCCAAAGTCGCATAGTCTTACCTTGCG	0	0	0		0	0	315.0570071	0	12
CCCCCCACCAACAGTTCCTTCATAGTAAGT	0	0	0		0	0	218.1163895	0	2
CCCCCGTCTTGTTAGCTTGGTACTTACTGA	0	0	0		0	0	48.47030879	0	9
CCCCCGTTAGACATAGTCTATGGAAAGTCC	0	0	0		0	0	48.47030879	0	148
CCCCCTAGAACAAGGTTGGCAGTCGGGGGT	0	0	0		0	0	460.4679335	0	171
CCCCGGGATGCCGCTAAATGAAACTGATTC	0	0	0		0	0	24.23515439	0	27
CCCCGTCGGGGATGGTCAAGTAGCAGCAGC	0	0	0		0	0	24.23515439	0	15
CCCCGTCTTTGATTTATTTTCATTATGGTT	0	0	0		0	0	4192.68171	0	26
CCCCGTTTTTTCTCAGTTGGTGCAGATCGA	0	0	0		0	0	121.175772	0	30
CCCCTACGTATAGTGCAGCTTGTCGATCCA	0	572.4600777	12.81985236		123	0	1914.577197	0	1225
CCCCTATTGGATGGGCGGCGGGGCATCGTG	0	0	0		0	0	96.94061758	0	2
CCCCTCAAACCTTCGTTGGAGCGTGAGTAG	0	0	0		0	0	218.1163895	0	0
CCCCTCTGTATCATTTTCTTTTAGCTCACG	0	0	1.602481545		0	0	0	0	0
CCCCTGCTATGTGACCTCAAGCCCCCTCAG	0	0	0		0	0	484.7030879	0	10
CCCCTGGATCTCTTGAGGGGCTGGCGTGTG	0	0	0		0	0	24.23515439	0	2
CCCCTGGTCTAGGGGGGCGCTTAAGAGACT	0	0	0		0	0	2326.574822	0	150
CCCCTGTATGTGTTAGCGCAGGGCTGTTAA	0	0	0		0	0	193.8812352	0	0
CCCCTTTTGACGCGGATTCACCTCCAGAAA	0	0	0		0	0	24.23515439	0	7
CCCGAACGTGCTGTGCATTCTCCTATAGAC	0	0	0		0	0	96.94061758	0	676
CCCGACGGCACGCTTCCTCGGGTGCAGCAA	0	0	0		0	0	24.23515439	0	0
CCCGACTCAGATTTTTCAAAGCCTGCAAGG	0	0	0		0	0	72.70546318	0	4
CCCGATTTATGGCGTTTGGTCGATATTCAT	0	0	0		0	0	96.94061758	0	9
CCCGCAGGCTGCATTGATGTGGATTTTGTG	0	0	0		0	0	411.9976247	0	11
CCCGCCGATCTAGCGTAAGATTTACGAGGA	0	0	0		0	58.66790187	218.1163895	0	637
CCCGCGGCAGCCGGGGGGCGGGCTAGGGAG	0	0	0		0	0	24.23515439	0	13
CCCGCGGCGGACGTACCGTTGTTGGGGACC	0	0	0		0	0	72.70546318	0	110
CCCGCGGGCATCTCGCTATTCCCAACCGAT	0	0	0		0	0	72.70546318	0	100
CCCGCTCAATGGGATCCCCGCGCTTGGTTA	0	0	0		0	580.1603629	0	0	724
CCCGGCTTTTACCCTGGGGCAAGATAGAAC	0	0	0		0	0	387.7624703	0	33
CCCGTTCATCATAAGGGCGCGATGACTGCA	0	0	0		0	0	218.1163895	0	856
CCCTATGGACTCGTTTTGAACGTTTTGAAA	0	0	0		0	0	72.70546318	0	2
CCCTCATCGCTATTGGTACCGGGTCCTAAG	0	114.4920155	0		0	0	0	0	30
CCCTCCGCGGTGATCCCTCCACACGATTGC	0	0	0		0	16.94850498	0	0	25
CCCTCTAATCAAAAAAGTGTATTTTTCTCC	0	0	0		0	15.64477383	96.94061758	0	16
CCCTCTGCATGCATTCGTGATACTAAAAGC	0	0	0		0	0	121.175772	0	64
CCCTCTGCTAGCGGACAGGTGTTTCCGATT	0	0	0		0	0	1575.285036	0	810
CCCTCTTGTGTCTGTCATGAGTTGTCTAGC	0	0	0		0	0	387.7624703	0	2
CCCTGAAGCGTAGGGCAACACTTATGAGCG	0	0	0		0	0	48.47030879	0	55
CCCTGATATGTAACTGTGGGCCGTCTTCTT	0	0	0		0	0	48.47030879	0	327
CCCTGCACGTCAGTTGGGAATGATGTGTTC	0	0	0		0	0	145.4109264	0	10
CCCTGTAATGTGGACCCTATGGAAGATGCT	0	0	0		0	0	96.94061758	0	30
CCCTGTACAGATTTGTCGTTCGGTATGAAT	0	0	0		0	0	96.94061758	0	0
CCCTGTCTTCTTTCGGTCGATCTTATTGTA	0	0	0		0	2.607462305	48.47030879	0	9
CCCTGTTAGTCCGTATCTTACGCTGTGATT	0	0	0		0	0	24.23515439	0	2
CCCTTACCAGTGCCGCGTTGCGGTTAAACA	0	0	0		0	0	387.7624703	0	59
CCCTTCTGTATCATTGTCTTTTGGCTCACG	69.72437358	4.403539059	92.94392964		80	0	339.2921615	0	407
CCCTTGTCGCGGTGTTCATGAAGCTGGGGG	0	8.807078118	0		0	0	0	0	4
CCCTTTAATTCTAATGCGAGGCCGACGAAT	0	0	0		0	116.0320726	0	0	0
CCCTTTTTCTCTGCAGAGCGTCTTACGAGG	0	0	0		0	48.23805265	24.23515439	0	4
CCGAACGGTTTCATGGATTGGTTACTTGAG	0	0	0		0	0	4798.56057	0	793
CCGAAGGGGCGGGTATGACGGAGGGGCTGT	0	0	0		0	0	1090.581948	0	746
CCGAATCAAGCTTGAATCGTCCTACCCCAT	0	0	0		0	0	72.70546318	0	18
CCGAATTAGAGGTGGATATGGTCCAACCCG	0	0	0		0	0	1235.992874	0	46
CCGACAGATCCCTGTTACGACACAGCAAGG	0	37.430082	0		0	0	0	0	5
CCGACCTCGCCGTGGAATTAAGCCTCGGAT	0	0	0		0	0	460.4679335	0	1192
CCGACGAAAAACGCTGTTGTCGTGGATGGT	0	0	0		0	0	72.70546318	0	244
CCGACGGGCTTCCCTGGAGCACGTTGAGAA	0	0	0		0	0	24.23515439	0	15
CCGACTAACCGACTATGGTTGACTGCTCCT	0	0	0		0	0	1454.109264	0	1604
CCGACTAATGATTAGGTTGGTGTTAAGTTT	0	0	0		0	0	48.47030879	0	525
CCGAGATCATCGAATTTCGCGATTAATGCG	0	0	0		0	0	48.47030879	0	7
CCGAGCAGTGGGCGGCGACCTGGGACTAGC	0	0	0		0	0	48.47030879	0	57
CCGAGGATGTAGACGCTAGTCTTGTTGAGT	0	0	0		0	0	24.23515439	0	26
CCGAGGCCCAGCTGTGGGGGGCGGCGCGGA	0	0	0		0	0	533.1733967	0	134
CCGAGGCGGTGAGTCAGAGATATTATGATA	0	4.403539059	0		0	0	0	0	10
CCGAGGTCGTCCTGAGCCTGCCCGGTAGGC	0	0	0		0	0	1963.047506	0	45
CCGATACTTTCTGTGTGACACCGCGTCTGG	0	0	0		0	0	24.23515439	0	8
CCGATCAGCCCGGGGGTGAGCTGTCGAGGC	0	0	0		0	0	96.94061758	0	344
CCGATCGATCGGTTTAAGGTTAACACGATG	0	35.22831247	0		0	0	363.5273159	0	465
CCGATGAGCTCTGATGAACCATCTGCATAC	0	0	0		0	0	48.47030879	0	0
CCGATTGAGTTTTCCTTGCTTTTGCTGTTT	0	0	0		0	0	896.7007126	0	252
CCGCAACCTGTATAGAGAGCCAACGGGCCG	0	173.9397928	0		0	0	0	0	6
CCGCACCTGAGAGAGCATGGTACATATTCA	0	0	0		0	0	24.23515439	0	3
CCGCAGATTTGTAGGCACATGCGGGATCTA	0	0	0		0	0	48.47030879	0	1049
CCGCAGGTAAAAACCTATATGCCGGGGCTG	0	0	0		0	0	581.6437055	0	5
CCGCAGTTTTTTTAACTCTGGCATGTTACT	0	0	0		0	0	193.8812352	0	14
CCGCATTATTAACTTTCATGATGTTATTTA	0	0	0		0	0	24.23515439	0	5
CCGCATTGGCGTTAGCCCCATGCGTCTCGA	0	0	0		0	0	48.47030879	0	3
CCGCCATTCATCCCATAGTGGGTTCCGGGG	0	0	0		0	0	169.6460808	0	3
CCGCCCCGGAGTGTGGAGCTTTGTTGGTGC	0	0	0		0	0	24.23515439	0	0
CCGCCCGGGTTTGTCAGTGTCGCCTTGGGG	0	0	0		0	0	121.175772	0	4
CCGCCGGGCGTGTCGGAAACCTTGCGCGAA	0	0	0		0	7.822386915	0	0	0
CCGCCTAAGTCAGGCATTTTATGTATTCAT	0	0	0		0	0	96.94061758	0	11
CCGCCTAGGTCCATGTGAATGTGTCTTCGG	0	0	0		0	0	24.23515439	0	35
CCGCCTATTGGGACAACACCGTTGGTAGGA	0	0	0		0	0	48.47030879	0	84
CCGCCTGAATAGCATGTATTCGTCTCTACC	0	0	0		0	0	48.47030879	0	36
CCGCGAACTGCGAACTTTTACGCTTCCTGA	0	0	0		0	0	1866.106888	0	198
CCGCGACGCTAAATACTAAGTGTTCTGATA	0	0	0		0	0	727.0546318	0	25
CCGCGACTTAGAACCCCGATCGATGCCGGA	0	0	0		0	14.34104268	0	0	10
CCGCGTAAGGACCTCGCTTATTGAAGAGGG	0	0	0		0	13.03731153	0	0	0
CCGCTAACACCAGAGACACTTATCGCCAGA	0	0	9.614889273		5	178.6111679	72.70546318	0	0
CCGCTCGCTTCGTGGGCGAACGAACATGCC	0	28.62300388	0		0	0	0	0	12
CCGCTCTTCAACCTAGGTCTTTGGCCGGAC	0	0	0		0	0	24.23515439	0	335
CCGCTCTTCTTTACCGTTCCCGTCTTGCTA	0	0	0		0	0	24.23515439	0	183
CCGCTGCACAATCTAGTTTGGGTGCATTTA	0	0	0		0	0	484.7030879	0	115
CCGCTGGGCACAGCTGTTGCAAGTTCGGGA	0	66.05308589	0		0	0	0	0	51
CCGCTTCTACACACAGGAATACACTTGAAG	0	0	0		0	0	24.23515439	0	114
CCGCTTGACCAGGAGAAGCACGTCGTCGGA	0	0	0		0	0	290.8218527	0	64
CCGGAAACTCGGAATGCTTGAAGACAAATA	0	0	0		0	0	72.70546318	0	9
CCGGAAGGTAACGTCCGAAATTGTTTAGAG	0	0	0		0	0	460.4679335	0	62
CCGGACAAACGCGGACAATCGAAGTGGTCT	0	0	0		0	0	1575.285036	0	170
CCGGACTAACTTTGCGGAGAACAGGACAGG	0	0	0		0	27.3783542	1357.168646	0	15
CCGGAGACGAGTAGAATAAGGCCATGATCG	0	0	0		0	0	169.6460808	0	3
CCGGAGGCCAGGATCGGAATGTGCGCCGTT	0	0	0		5	0	0	0	20
CCGGATAACTAACTATTGGCTCTTTCCCTT	0	162.9309452	0		0	49.5417838	605.8788599	0	88
CCGGATGTAATTGGCTCAACGTAGCAGGCG	0	0	0		0	0	315.0570071	0	496
CCGGCAACGGATCTCCCTCAAGCCACCCGC	0	0	0		0	0	24.23515439	0	12
CCGGCAGAGATAAATTTATATTTAAAACCC	0	0	0		0	0	48.47030879	0	7
CCGGCAGCATACGAGAAGAAGGATTCCTCG	0	0	0		0	0	339.2921615	0	612
CCGGCAGTGGAAATAGTTGAGCTTCCTGTT	0	0	0		0	0	1139.052257	0	165
CCGGCGAGTCGCACTCCGACGCGGCGCTAC	0	0	0		0	2.607462305	169.6460808	0	2
CCGGCTCGTTGGAATGAGGTGGTGTGGCGA	0	0	0		0	0	290.8218527	0	5
CCGGGAAGCGCGGGAGGTCGTGGGCGATAC	0	0	0		0	0	242.3515439	0	2795
CCGGGACTAATAGGTGCCTGGGCTGACCAG	0	0	0		0	0	145.4109264	0	369
CCGGGCATTGGCGTGACAGGATTAGAAAAC	0	0	0		0	0	24.23515439	0	0
CCGGGGGATGTCGTCGAGGCTAGAGCTGTC	0	0	0		0	0	4531.973872	0	869
CCGGGGTACTGTTGAGCGGGGGGGTCTGGA	0	0	0		0	0	2326.574822	0	437
CCGGGGTATGCGAGTATACCTCGTGTCGTC	0	90.27255071	0		0	0	0	0	28
CCGGGGTGGGCCAGACATCTGCGGGCCAGA	0	0	0		0	0	96.94061758	0	1525
CCGGGTACCGGGAAAATGACCGTCGCCTGC	0	0	0		0	0	121.175772	0	42
CCGGGTCATTTAAGCCTTTTCCGAAATACG	0	0	0		0	0	266.5866983	0	308
CCGGGTTCGCCATATCCGAGTTTTCTCGAG	0	0	0		0	14.34104268	24.23515439	0	2
CCGGGTTTACTGGGATTTGGGATGTATAAC	0	0	0		0	0	218.1163895	0	81
CCGGGTTTCAACCGAATGCGACGCCCGATA	0	0	0		0	6.518655763	169.6460808	0	4
CCGGTAATCCAAAAGATTATAATTGCAATG	0	173.9397928	0		0	0	0	0	9
CCGGTACCCGCTACGGAATTCGTATTTTCT	0	0	0		0	0	1454.109264	0	341
CCGGTATCGTTTTGTACAGAATGGAATGAT	0	0	0		0	0	266.5866983	0	2
CCGGTCAGAAAGGTGAGCAGCATTAATGAG	0	0	0		0	0	242.3515439	0	6
CCGGTGATAGTCCCCTAGGTTTTGGCCTTT	0	0	0		0	0	145.4109264	0	3
CCGGTGCCCGGGGCAGGTGACCCTGAGGTG	0	0	0		0	0	96.94061758	0	2
CCGGTGGGATGTGCGTCGCGTAATCTTCCG	0	0	0		0	0	218.1163895	0	12
CCGGTGGTATCTCTTTAGACCTAAGCCGTA	0	0	0		0	0	411.9976247	0	62
CCGGTGTGAATGGGTTGGAACCACTCCGTC	0	0	0		0	0	266.5866983	0	24
CCGGTTCTCCGTGCACAGCTACCTTGCAGT	0	0	0		0	35.20074112	896.7007126	0	1391
CCGGTTTTAAGGGTTTGCATACAAGCAGGA	0	0	0		0	18.25223614	0	0	52
CCGTACCGGCATCTGGCCTCCCCCCTTGCC	0	0	0		0	1.303731153	0	0	0
CCGTATAGGTAAGTATTTGTCTTTTGGGGC	0	55.04423824	0		0	0	1454.109264	0	171
CCGTCATATAGCACAACTCCTTGTTATACG	0	0	0		0	0	218.1163895	0	20
CCGTCCACGGCTGCTCAAATATGTGGCAAG	0	0	0		0	0	96.94061758	0	1222
CCGTCCCCCATCGAATTACAGGCAGGATCA	0	0	0		0	0	24.23515439	0	14
CCGTCGCTATTATCTGAAAAGAGGGGCCAT	0	0	0		0	0	72.70546318	0	6
CCGTCGGAGGCACCTTTTGTCTAGTAGCTG	0	92.47432024	25.63970473		0	0	242.3515439	0	79
CCGTCGTCATGAAGGATAACGGTGCCCAAC	0	0	0		0	0	48.47030879	0	1712
CCGTCTGGCTGGCATAAAGCCCCATTTTTA	0	0	0		0	0	1973710.974	0	2
CCGTCTGTGCCAGTATCGATACAGAGTTTA	0	0	0		0	28.68208536	411.9976247	0	99
CCGTGAACCGAACGTGGAACACAGTCGTTT	0	502.0034527	0		0	0	0	0	294
CCGTGACAACGCATTTATTTATAGGGTTTT	0	0	0		0	0	1381.4038	0	0
CCGTGAGTACGGCCCCACCGGCCGTTGAAC	0	0	0		0	0	96.94061758	0	2
CCGTGATAGGCGTTTGAGCAACGGTTTGCT	0	88.07078118	0		0	0	0	0	362
CCGTGATTTTTCATAGTCTTCCCTTGTAAA	0	0	0		0	19.55596729	72.70546318	0	73
CCGTGCACAAAGCCAATTAGATCACTTTCG	0	0	0		0	0	48.47030879	0	0
CCGTGCATCAGGCTCTTGCTATGCTCAGCG	0	0	0		0	0	121.175772	0	9
CCGTGCGCATTCTTAGGTATATACATCGCG	0	0	0		0	0	24.23515439	0	9
CCGTGCGTTTGGACCTGGCTTCGGGCGCAC	0	37.430082	0		0	0	0	0	18
CCGTGGGCTTAGGGAGGCGAGGGAGCTGAG	0	0	0		0	0	72.70546318	0	10
CCGTGGGGGCTGTGTGCCCACCGAGAAGGC	0	0	0		0	0	72.70546318	0	248
CCGTGTCGGGGACACCTCACAGTACCCGGG	0	0	0		0	0	24.23515439	0	2
CCGTTATTGTGGCACGGTGGGCTAGAAAGA	0	0	0		0	0	48.47030879	0	61
CCGTTCAAAGGTGAGTCATCTTTCTGGGTT	0	0	0		0	203.3820598	0	0	416
CCGTTCCTGGTAGTACGTAGCCTTTATGGG	0	0	0		0	0	266.5866983	0	101
CCGTTCGTCCGTCTCCGTCTGCATAGCCGA	0	0	0		0	0	363.5273159	0	878
CCGTTTTACGTCGCCCGCATTGGGATCGGG	0	13.21061718	0		0	0	0	0	4
CCTAAAGTAGGTTATCTTGTATGGGTAATG	0	0	0		0	0	24.23515439	0	0
CCTAAATGAGACCTCGCTTGCGTTTATGGC	0	0	0		0	0	702.8194774	0	8
CCTAACCCTACGCGCCTTAGTGAAGGACTG	0	0	0		0	0	24.23515439	0	6
CCTAAGCTGGATTGGCAGTAAAATTCGGGG	0	0	0		0	0	4604.679335	0	23
CCTACATCCATTTCGTAATTTTTAATTTCA	0	0	0		0	0	96.94061758	0	50
CCTACATGCGATAGTGTTCCTTGCCAATTT	0	0	0		0	0	24.23515439	0	13
CCTACCCCTAACTTAGGTTAACTTGATCCC	0	0	0		0	0	24.23515439	0	571
CCTACGTGTGGCAACACGGTCGTGGAGCGA	0	0	0		0	0	24.23515439	0	0
CCTAGGTAAACGTGTCACGCTTGAATTTGC	0	0	0		0	0	72.70546318	0	8
CCTAGGTGCGAACTAATCGACTCTACGTGT	0	0	0		0	0	24.23515439	0	2
CCTAGTAGTGGTAAGACCGTGCGTAGACTG	0	0	0		0	0	72.70546318	0	9
CCTATAATCCGCGCACTGAACATTTCGTCC	0	0	0		0	0	6107.258907	0	10
CCTATACTTACAGTCGTATCCAAAGCAACA	0	0	0		0	0	48.47030879	0	42
CCTATCTTTCCTTCCCGTTCGTAACTGCCT	0	0	0		0	0	24.23515439	0	0
CCTATGAGAACCGGTGGTGCAGGATCTTGG	0	0	0		0	0	48.47030879	0	119
CCTATGCTCTCACCGCCTTGAGACCTAGTT	0	0	0		0	0	24.23515439	0	11
CCTATGTTCTGATACTAATCTTTTAGTGTA	0	0	0		0	0	242.3515439	0	44
CCTATTATGGAGCAGACTAGCGGGCTGACG	0	0	0		0	0	96.94061758	0	116
CCTATTCTTATTTCGTTATTATCATTTGTT	0	13.21061718	0		0	0	1042.111639	0	113
CCTATTGTTTGCCCGCTAACTTGGGACAAA	0	0	0		0	0	24.23515439	0	2
CCTCAAGCGCGCTCATTGATGGGTTAATCC	0	0	0		0	0	218.1163895	0	17
CCTCACTATGGTTGTCGGACCGGATCCCCG	0	0	0		0	0	751.2897862	0	463
CCTCATCTCGTTGGATCCACCGTGAGATTT	0	0	0		0	0	72.70546318	0	31
CCTCATGGCTTTCTGGCTTTCTAAACAGGA	0	0	0		0	0	24.23515439	0	0
CCTCCATTGTGCGTGTAAGGTGAGAGATAG	0	0	0		0	0	363.5273159	0	2
CCTCCCCAACTCTTCGTGAGGCTAAGTCTG	0	0	0		0	0	339.2921615	0	777
CCTCCGCGCGGGTCGAAACTATCAAGCCTG	0	0	0		0	0	169.6460808	0	199
CCTCCGCTCGAATGAGGGTTTCGGATTTCG	0	0	0		0	0	169.6460808	0	4
CCTCCTGTTGTTAAATCATTTACTCCCGGA	0	0	0		0	0	24.23515439	0	0
CCTCCTTAGGGTTATTTCACTTAAGCGAGT	0	0	0		0	0	363.5273159	0	0
CCTCGAGAGCCGCTGGTGTACCCTTTGGTA	0	0	0		0	0	48.47030879	0	45
CCTCGCAGAAGGCGGGCATAGGGTTAGATT	0	0	0		0	0	121.175772	0	110
CCTCGGGGAGTGAACCGTATTTCTGCGCTT	0	24.21946483	0		0	19.55596729	702.8194774	0	126
CCTCTACACTGACAACGGGTATACACAAAC	0	0	0		0	0	24.23515439	0	3
CCTCTCTTCGGTGTGCAGGGACTGGGGAAC	0	0	0		0	0	24.23515439	0	0
CCTCTCTTGCATGTCCTGACCAATCGCTCA	0	0	0		0	0	72.70546318	0	2
CCTCTGTTAGATTATGTGCGGGTTACAAAA	0	0	0		0	0	242.3515439	0	46
CCTGAACTTCATAGGGTGTGCTACGCTTCT	0	0	0		0	0	218.1163895	0	15
CCTGAAGAAGATGGGGCAGCAGAGGGCTTA	0	0	0		0	0	24.23515439	0	0
CCTGAAGTCGTCCATCGTAGATCGTCGGTC	0	0	0		0	0	1841.871734	0	69
CCTGAAGTGGGGTAAATTATGCTCTTTCCG	0	0	0		0	0	96.94061758	0	14
CCTGACAGACGTTGCACCCTCCGACTCTAT	0	0	0		0	0	1429.874109	0	85
CCTGACCAAACAGTGCGAACATAGCGCAGG	0	0	0		0	0	72.70546318	0	29
CCTGAGTAGCTGCATTGAAAGATGCTAGGT	0	13.21061718	0		0	0	48.47030879	0	38
CCTGAGTCCAGAGGGAGAGATCACCGGGAG	0	110.0884765	0		0	0	0	0	156
CCTGATGTACGCTTTTACATGCAGTTCATT	0	0	0		0	0	72.70546318	0	38
CCTGCAGGTATAAAACCCCTATAGGACTGC	0	0	0		0	0	24.23515439	0	0
CCTGCGGGGACAGACATTTAGTCAGCGGTC	0	0	0		0	0	48.47030879	0	270
CCTGCTGGGGTCGCCTTACCAGTCTTTCTA	0	0	0		0	0	96.94061758	0	4
CCTGGCCCCTAACCTTGAAATGGCCAAGAC	0	0	0		0	0	654.3491686	0	193
CCTGGCCTGTATGACTTATCCCGGGCTTCC	0	0	0		0	0	969.4061758	0	69
CCTGGGTGGGGTATGCGTAAACTGTTATGC	0	0	0		0	0	1866.106888	0	308
CCTGGTCCCATTGTTGTTAGAGGGTGCGTA	0	0	0		0	23.46716075	145.4109264	0	21
CCTGGTGCCACTGCTCGGGTTCGCCTTGAA	0	0	0		0	0	48.47030879	0	48
CCTGTGATGAAGACGGCGTTTGTTAGGGCA	0	0	0		0	0	72.70546318	0	2
CCTGTTCTAACTTGCCATACTATTTTGTGC	0	0	0		0	0	411.9976247	0	395
CCTGTTGAAATGGCAATCGACCCCGGGGAT	0	0	0		0	0	193.8812352	0	29
CCTGTTTATACGGATGGCGCTCTCTATTAC	0	0	0		0	104.2984922	436.2327791	0	338
CCTGTTTTTGATATCGACCAGGGACTTTGT	0	0	0		0	0	72.70546318	0	5
CCTTACAAGTATCATTCTATTAACACTCAT	0	0	0		0	0	484.7030879	0	45
CCTTACCAAGATGACAGCACTCGATCGGTT	0	0	0		0	0	993.6413302	0	310
CCTTACGGCTTTCAGTGGGACGCCTAAGTT	0	0	0		0	0	24.23515439	0	0
CCTTACGGTCGGTGCACCACTAGTCCGTTC	0	0	0		0	0	193.8812352	0	3
CCTTATAGTTCCACGATAGCGCGTGGCGCG	0	0	0		0	0	218.1163895	0	131
CCTTATGGATCTCACGATGGCTTCTCTGAT	0	0	0		0	0	96.94061758	0	38
CCTTATGTTTAACAATCAAATATTCGGTCG	0	0	0		0	0	654.3491686	0	7
CCTTATTGAGCTCCTCACACGCTAGATGCT	0	0	0		0	0	24.23515439	0	11
CCTTCGTGATATCTATGGTCTAATAGACTA	0	0	0		0	0	654.3491686	0	0
CCTTCGTTTGTCAATCACACTGGGATTCGA	0	0	0		0	0	48.47030879	0	0
CCTTCTGCGCTTGTCAAAGATGATATAACC	0	0	0		0	0	48.47030879	0	21
CCTTGAGTGACGCGAGGTGGTTAGGTGCCC	0	0	0		0	0	266.5866983	0	64
CCTTGCGCCGGGACCAGGATCGCTCTAAAC	0	0	0		0	0	266.5866983	0	15
CCTTGGCCCGCATTAATGTGCAATTGTTGA	0	0	0		0	0	48.47030879	0	0
CCTTGTCGTACGGGGATAGCCAGCTTGGGG	0	0	0		0	0	1332.933492	0	389
CCTTTATATATCATCTCTCCCCGAGCAAGC	0	24.21946483	0		0	0	0	0	21
CCTTTATTTTTTCTATCCGTGTGGCTCCAA	0	0	0		0	0	48.47030879	0	0
CCTTTCGGCACATTAAGAAAGAGAGATGCC	0	0	0		0	0	169.6460808	0	2
CCTTTCTTGCCATGTGTTGATTGGTGCCAG	0	0	0		0	0	315.0570071	0	8
CCTTTGGAAAGCGAACTTGCCGCCGGAGCG	0	0	0		0	0	24.23515439	0	169
CCTTTGGCGTGGGGGAGAAAGCATGTATCG	0	0	0		0	0	48.47030879	0	9
CCTTTTCGAGTTTAAATTGTATACTCTTAT	8.451439221	0	0		0	0	0	0	18
CCTTTTTAGCTTCTTGCCATTCTGTTTTGG	0	0	0		0	0	24.23515439	0	2
CCTTTTTTCTAGTGCGGGGAAACTGGACTG	0	0	0		0	0	24.23515439	0	13
CGAAAAAGCATCAGTCCACCTAAGGGCCCC	0	0	0		0	0	24.23515439	0	4
CGAAAGGCCGTCGGTGATTCGATACTCGTA	0	0	0		0	0	72.70546318	0	4
CGAAAGGTGTGCGACCGGGGAATGATGCTT	0	33.02654294	0		0	0	242.3515439	0	581
CGAAATGTTGCTTGCAAGGCGAATGCAGTC	0	0	0		0	15.64477383	4119.976247	0	1520
CGAAATTTTCCCGCGTTCGGAATCTCGGAT	0	0	0		0	0	169.6460808	0	679
CGAACAGCGGCAGGGTACACGTATCCTTGG	0	0	0		0	0	678.584323	0	137
CGAACATGCATCCCAACTGGGATAATTAAG	0	0	0		0	0	24.23515439	0	37
CGAACCACTATCTCAACCTTTGGTTGGTCA	0	0	0		0	14.34104268	24.23515439	0	3
CGAACCGTAGTGAAGCAAGGCCCTGTATAC	0	0	0		0	24.7708919	0	0	7
CGAACCTAGTATAACGCGGCCGCTACCTAA	0	0	11.21737082		0	2.607462305	0	0	53
CGAACGATTCGAGCACTTGGGCTAGTTCGT	0	0	0		0	0	24.23515439	0	3
CGAACGCCCGGCCTTACGGGTCCTGGGAGC	0	0	0		0	0	24.23515439	0	36
CGAACTAATTGGCGGAACAATTTAATTGTC	0	0	0		0	0	993.6413302	0	169
CGAACTACGATTGGCTATCCTCGTTATCGT	0	0	0		0	0	24.23515439	0	0
CGAACTATCTGTTCGATACGTCCTGTAAGA	0	2.20176953	0		0	0	0	0	0
CGAACTATGTGCCTTGTGTGGTTTTTCCTG	0	0	0		0	0	48.47030879	0	10
CGAACTGTGATGCGTGTGTTTACACGATAC	0	0	0		0	0	169.6460808	0	73
CGAACTTATCGCTGATTACTCACGCCTACT	0	70.45662495	291.6516413		0	0	1042.111639	0	189
CGAACTTGATATACTCTCTGTATCACCAAG	0	0	0		0	0	48.47030879	0	2
CGAAGATACCCCGCAGGTCGACCATTTGTA	0	0	0		0	0	72.70546318	0	33
CGAAGCCGCCCAGGAGCGAGATGGGCAGAT	0	0	0		0	0	775.5249406	0	91
CGAAGCGCGGTCAGTGCCGAGAGTGTTATT	0	0	0		0	0	72.70546318	0	37
CGAAGGCTGGGAGACCCAAGTGCGTACGCC	0	0	0		0	0	145.4109264	0	38
CGAAGTCCAATGATTTTGTATATGTCTTTT	0	0	0		0	0	24.23515439	0	3
CGAAGTCGTCCACGTCAATAATCAACAAGC	0	0	0		0	0	48.47030879	0	27
CGAATCACCGTAGTTGCGCCTAACTTTCTT	0	0	0		0	0	266.5866983	0	4
CGAATCTTCGGCCTGCAGCGGTAAAGGAAT	0	0	0		0	0	436.2327791	0	15
CGAATGCCCACCTTGGCTATGTTAAGCGTT	0	19.81592577	0		0	0	0	0	0
CGAATTATATGTTCGATACGTACTGTAAGA	0	33.02654294	0		0	0	48.47030879	0	913
CGAATTATCTTCCATATGTCCTGTTCGAAT	0	0	0		0	0	193.8812352	0	0
CGACAAACTCGCGCACTCACTTGGGGGTGA	0	0	11.21737082		0	0	96.94061758	0	3
CGACAACATGTTTTCCGACACACTGCGTAT	0	0	0		0	0	290.8218527	0	8
CGACAACTCACAGAGCATGACATCTATATA	0	0	0		0	0	193.8812352	0	648
CGACAAGTGTTCTGCCATAAGAGACATATC	0	0	0		0	0	24.23515439	0	15
CGACAGGCGTCCGGTAATATAAGTACTCGT	0	0	0		0	0	145.4109264	0	36
CGACATCACTTATATACAACCACTATTCGT	0	0	0		0	0	24.23515439	0	15
CGACATGGTCGCGGGCTCTGGGAGTAGGCG	0	0	0		0	0	24.23515439	0	4
CGACATTCAACCTACCTAGGAGGGGGTAGT	0	0	0		0	0	48.47030879	0	39
CGACCAATTATGGTTCTTGTCGATCATAAA	0	0	0		0	53.45297726	0	0	33
CGACCAGAGTAAAGCAGACCATGCGATACG	0	0	0		0	0	72.70546318	0	25
CGACCGGGACCCACTGGGTAGCCCCTGAGG	0	0	0		0	0	145.4109264	0	40
CGACGAATGTGCCCTCCCTTGGCCGGCCTT	0	0	0		0	0	121.175772	0	200
CGACGCCGGCAGGGGCTCCGCTCAGTCAGG	0	0	0		0	0	72.70546318	0	4
CGACGCGGCGGGGCGCGGATTAGATGGGGT	0	129.9044022	14.42233391		0	0	0	0	623
CGACGCTAGGATTGTCCTCAGATTAAGCTT	0	0	0		0	0	872.4655582	0	97
CGACGTCTGTCAGGTTTCCCAAATGCTGAC	0	0	0		0	0	72.70546318	0	1668
CGACTCGGCAGCCTTGTAGCGTTCGATTGC	0	0	0		0	0	24.23515439	0	15
CGACTGAGAGCCAGTCGATTAAGAGCCCAC	0	0	0		0	0	24.23515439	0	8
CGACTGTACACCACCCTGGAACACACAGCA	0	13.21061718	0		0	0	290.8218527	0	8
CGACTGTGCACCTTGGGGGAAAAACAAGAC	0	0	0		0	1.303731153	0	0	0
CGACTTCTCGGAGCCCTGGATACGATACTC	0	0	0		0	0	24.23515439	0	8
CGACTTTTTTATCACGCATAAGCGTAATTC	0	0	0		0	0	48.47030879	0	0
CGAGACTTCCTTTCTCAACCCGAATTACTG	0	0	0		0	0	411.9976247	0	910
CGAGAGTTTGGAGTGGGAGATTTCCAGATT	0	0	0		0	0	24.23515439	0	13
CGAGATACGTTTCGCCCTAATAGGGAGTCC	0	0	0		0	0	727.0546318	0	3
CGAGATAGGTTTAGGCATATACCGCCACGC	0	0	0		0	0	48.47030879	0	7
CGAGATATGCTACGTTTGCTTGAGGTTTTC	0	0	0		10	0	2883.983373	0	35
CGAGATGAATATCGCAACAATGCTTTCACG	0	0	0		0	0	24.23515439	0	168
CGAGCATCGAACTGGAAATGCTCAAACGTT	0	0	0		0	7.822386915	24.23515439	0	0
CGAGCATCGTAGGTGAGATTTGTAATTAGT	0	0	0		0	0	72.70546318	0	3
CGAGCCATACGTACCATCGCTTTCTTACTA	0	0	0		0	0	48.47030879	0	4
CGAGCCCAGGGTTCAGTGATGCTATCGCAC	0	0	0		0	0	48.47030879	0	11
CGAGCGCGCTCGCGTCACAAGCATAGGTAT	0	0	0		0	0	72.70546318	0	7
CGAGCGGCCGTGTTAAAAGGCGTAGTAGTT	0	0	0		0	0	96.94061758	0	67
CGAGGATGTGTTATTTTCAACGCTGGTAGT	0	0	0		0	0	48.47030879	0	7
CGAGGCGCGATCGAGTTGGTGTTGGCTCTT	0	0	0		0	0	24.23515439	0	4
CGAGGGGCATGGGCGGCAGGAATGCTGAGT	0	8.807078118	16.02481545		0	0	0	0	5
CGAGGGTTGGTCCCACGCGGAAGTAGCTTG	0	0	0		0	0	411.9976247	0	19
CGAGTAATGCTGAACGCACCAAGGGCAATC	0	0	0		0	0	48.47030879	0	33
CGAGTACCACTAATGACCGCACCTACCCCA	0	0	0		0	0	1042.111639	0	1759
CGAGTAGCAGGAAACCTCGCCGCGCGGGAT	0	0	0		0	43.02312803	48.47030879	0	13
CGAGTCCACTGGGTTGTCAAATGGCTGAGT	0	0	0		0	0	72.70546318	0	16
CGAGTTGCTTGTCCACATCAATTTTTTGTG	0	0	0		0	0	363.5273159	0	465
CGAGTTTGCTCTCGCATTGGGGTCCGATTG	0	0	0		0	0	96.94061758	0	629
CGATAAGGATAAGGACAGTAAAACAGCTCG	0	0	0		0	0	315.0570071	0	430
CGATACAGGGTAGGGGGCTAGTTCCGTAAA	0	0	0		0	0	872.4655582	0	92
CGATACAGTGGGTGTCGGACATGGCGAGTA	0	0	0		0	0	24.23515439	0	121
CGATACGGGCACTCCTTAAGGGAGATCGCC	0	0	0		0	0	290.8218527	0	470
CGATACGTCATCGTAGATTGCCTCTTATTA	0	0	0		0	0	218.1163895	0	14
CGATAGCGTACGGTGCGCCTACTACCGTAT	0	0	0		0	0	72.70546318	0	4
CGATATACGTTAGGGCATACTATGATAACA	0	19.81592577	0		0	0	0	0	46
CGATATGTGGAAGGGAAGTTAACGAAGCAC	0	0	0		0	0	48.47030879	0	7
CGATCAAGGAATGTGAGTCTTGGTTGGCAA	0	0	0		0	0	242.3515439	0	27
CGATCGATTATCAGACTCAACAAGCCCAAT	0	0	0		0	0	387.7624703	0	1555
CGATCGCACCTTTATGGTAAGATATACTAT	0	0	0		0	0	1551.049881	0	18
CGATCTACAGGTCAGATTAGCTAGGACTCC	0	0	0		0	0	72.70546318	0	134
CGATGAATCGCCCGCGGGTGTCACTATCTC	0	0	0		106	0	121.175772	0	31
CGATGCGCCGCTGGATTGCGCACCACCGGT	0	0	0		0	0	72.70546318	0	18
CGATGGGTTGATTTGGTTAGATTTTTTCTG	0	0	0		0	0	3029.394299	0	2380
CGATGTGTGCGGCGGCCGGTGGGGGGAGTG	0	0	0		0	1.303731153	1163.287411	0	8
CGATTAATGGGATCCTTAGCCATTTGCATT	0	0	0		0	0	266.5866983	0	3
CGATTACGCGATGAAGGGCAGGCGCGGGTG	0	0	0		0	0	823.9952494	0	133
CGATTACGTTTGGGTAACCCTCATTCCTCT	0	0	0		0	0	630.1140143	0	198
CGATTCCGAGCTTCCTCATGTGCCGGGGTT	0	0	285.2417151		0	7.822386915	64659.39192	0	164
CGATTCTGCCTTAAGGATCTCGGATGTCTA	0	37.430082	0		0	0	0	0	97
CGATTCTGTATACTTGATTCGTTGTGATGT	0	0	0		0	0	24.23515439	0	5
CGATTGGCTAAGAGAAGACAAATGGACTTG	0	0	0		0	0	96.94061758	0	4
CGATTGTTAAGCTATAAGCCGCACATGCGA	0	0	0		0	0	48.47030879	0	5
CGATTTCAGGAGTCGCGTCTGTTGCCCCCT	0	0	0		0	191.6484794	969.4061758	0	56
CGATTTGATTCGATATTTGGGATGGGAACT	0	0	0		0	0	193.8812352	0	0
CGATTTGTTACAGAGTATTCAGGTACGGTT	0	0	0		0	0	121.175772	0	32
CGATTTTAGTACCGCCCAGGTCACCACCTT	0	0	0		0	0	72.70546318	0	6
CGCAAACATTAAGTTTAATCTGTTGTGCGC	0	0	0		0	0	315.0570071	0	137
CGCAAAGGAACTATTAGTGACGTTGTCTGA	0	0	0		0	0	218.1163895	0	83
CGCAAATGTACAGGAGAGTTGTTTTTGAAT	0	0	0		0	0	169.6460808	0	0
CGCAACGGTGGTTCAAGTGTTTTGCACCGT	0	0	0		0	0	24.23515439	0	119
CGCAACTTGCTCTGGCTCCCATTCATCATC	0	0	0		0	0	14371.44656	0	8
CGCAAGTAGTTCAATACTCGACTTTCCAAT	0	0	0		0	0	121.175772	0	9
CGCACAAATCAGCCGGAGAAATTAATCGGT	0	0	0		0	0	387.7624703	0	79
CGCACAGCGCTTAGAAAGCGGCTGGTGGGA	0	0	0		0	0	363.5273159	0	135
CGCACAGTTTACTTAGCTTGTCTTCCAGTA	0	0	65.70174336		0	0	72.70546318	0	91
CGCACAGTTTCACGTTTTGACATTTCTCGT	0	0	0		0	0	678.584323	0	1091
CGCACCTGGGGGTGGATTTTACCTTTCAGC	0	0	0		21	0	72.70546318	0	29
CGCACGCTTAGGTTTAGTGTCTTTCCTTAC	0	0	0		0	0	24.23515439	0	3
CGCACGGTCTGAGCCATTTGCCGCTCCGCA	0	0	0		0	0	48.47030879	0	3
CGCACGGTTGTCTCAGGTTTGAACACTCCA	0	0	0		0	0	48.47030879	0	294
CGCACTCTACTGTGTTTAACTTAAGTCGCT	0	0	0		0	5.21492461	1163.287411	0	125
CGCACTGCTGTCTTTCCAGCCTGTGGGAAT	0	0	0		0	0	823.9952494	0	1443
CGCACTTTGCATTGCGCGTATCGTTTAGCG	0	0	0		0	5.21492461	0	0	16
CGCAGAGTTTGTGCTATTTCAACCTGGGTG	0	0	0		0	0	1017.876485	0	63
CGCAGCTTAACTCATGTTGTATCGATACGA	0	0	0		0	0	24.23515439	0	0
CGCAGCTTCTAGAGTGACAATCGTATTATT	0	0	0		0	0	48.47030879	0	3
CGCAGGATGAACCGAGGTTCAGCTTAGGCC	0	140.9132499	0		0	0	557.4085511	0	147
CGCAGGGTGTCGTAGGTGTAGGATGCATGG	0	0	0		0	0	48.47030879	0	6
CGCAGTGTGGGGTGGGCGGTCGAGCCATGG	0	0	0		0	0	72.70546318	0	6
CGCATCTGGGTGGATCGCCCTGGGAGGGCG	0	0	0		0	22.16342959	0	0	35
CGCATGGATTAGTACGACTTCTTTTGTACA	0	0	0		0	0	1551.049881	0	10
CGCATGGTTAGGTTCTATCATTGCCAAATT	0	0	0		0	0	387.7624703	0	384
CGCATGTGACGAAGCGGGCTAGGGTCATAG	0	0	0		0	0	72.70546318	0	42
CGCATTATTGTATGGGGTTTCAGCTCCGTA	0	0	0		0	0	24.23515439	0	152
CGCCAAGTGCTTTTTTCTCTAGCCGCAAGC	0	0	0		0	41.71939688	0	0	37
CGCCACGGTTCACTCTGCAAACTAATTATG	0	0	0		0	0	24.23515439	0	0
CGCCATAAAAGTTCTTGTTATAACTATCTA	0	0	0		0	39.11193458	290.8218527	0	159
CGCCATCGCTCTTGAGTGTATGCTATGCAC	0	0	0		0	0	411.9976247	0	1643
CGCCCATGCTGAGTAGTTGGCTGAAGGGAC	0	0	0		0	0	2447.750594	0	132
CGCCCCCTGAGCCTCGGTATAGAATGAAGA	0	0	0		0	0	727.0546318	0	191
CGCCCCGACATACGTAATACAGTGTTCAGT	0	0	0		0	0	24.23515439	0	6
CGCCCGCTCTCAATTAGTCGATACGCCAGC	0	0	0		0	59.97163302	48.47030879	0	913
CGCCCGGACTTATTAAGGTTCACATTAACC	0	0	0		0	11.73358037	0	0	1424
CGCCCGTTCGATCAAACCGTTACATTTTCG	0	0	0		0	0	96.94061758	0	546
CGCCGCTCACGCTTTCATGGGCTCATTGGC	0	0	0		0	0	72.70546318	0	5
CGCCGTTAGCGAAGCTAAGTGGGCAAGATC	0	0	0		0	0	169.6460808	0	10
CGCCTATATCAATCTTAAAGCTGACTTCTA	0	0	1.602481545		0	0	0	0	13
CGCCTCCGCCATAACTGTGTTGGTCTTATC	0	0	0		0	0	169.6460808	0	0
CGCCTCGGTTTTATCCGGTAGGACGTGCAT	0	0	0		0	0	72.70546318	0	2
CGCCTGATTTTGTATCATCCATCTAATCAC	0	0	0		0	0	1454.109264	0	175
CGCGAAGTGGGGACGGTAAAGTTCGGAAAG	0	0	0		0	0	121.175772	0	3
CGCGACACGGACTACCTTGGCGAGTAGCAC	0	0	0		0	0	96.94061758	0	0
CGCGACGGGGCTGACTTGGGCGACAGAGTG	0	0	0		0	7.822386915	0	0	0
CGCGACGTATACAAATATAGTCCACTTGTC	0	0	0		0	0	48.47030879	0	3
CGCGACTGACGCCGGCGCGATATGAAAGGC	0	0	0		0	2.607462305	0	0	0
CGCGATCGGTAAGGGGACTTTATTAACAGG	0	0	0		0	0	218.1163895	0	28
CGCGCAGCATACCCGCGCGCTGGTACGATC	0	0	0		0	3.911193458	24.23515439	0	14
CGCGCAGCTTACAAACTGCATTACACATTT	0	0	0		0	0	121.175772	0	6
CGCGCCAGGAATATTTTTCTCTGCGGAGGT	0	0	0		0	36.50447227	0	0	9
CGCGCGTGAAGGATGTTGGTAAGAAAAAGT	0	0	0		0	0	339.2921615	0	12
CGCGCTCTATCAGCTAGACGCACGGGTTGC	0	0	0		0	0	339.2921615	0	68
CGCGGAAGGTTGTGGGCAATCGTGGGGAGT	0	0	0		0	0	96.94061758	0	168
CGCGGCGACAGACAATCGGGTTGTGCTCTG	0	0	0		0	0	121.175772	0	6
CGCGGCTAGGCCTTTCCTATCCTTTTGTTC	0	0	0		0	32.59327881	0	0	0
CGCGGCTGGTCTCTGATTCAGATGGTGAGG	0	0	0		0	0	48.47030879	0	2
CGCGGGCAGCTGACTTCGCGAGACTCCATT	0	0	0		0	0	96.94061758	0	51
CGCGGGCGCACGGTCCGTATGGGCCCTGCT	0	0	0		0	0	72.70546318	0	2
CGCGGGGGCGAAGGGGCCCGCAGGTTGGGT	0	0	0		0	9.126118068	24.23515439	0	0
CGCGGGGTTCCTTTTTATCAACCACCATTC	0	0	0		0	0	24.23515439	0	357
CGCGGTCCATATTAGTCTATTTTTATCCCT	0	0	0		0	11.73358037	0	0	3
CGCGGTCTGGTGGGATGTATATACTGTAGA	0	0	0		0	0	24.23515439	0	0
CGCGGTTACTACCGGCGACAAGTGGGGCGA	0	0	0		0	0	24.23515439	0	55
CGCGGTTCCAGCGCGGCGTACTGCCCGCTC	0	0	0		6	0	72.70546318	0	4
CGCGTACAGTGGACAACGGATTCAACCTGT	0	0	0		0	0	920.935867	0	106
CGCGTAGTCATGACTTTAGTTGTCTCAGTG	0	0	0		0	0	169.6460808	0	48
CGCGTGTGCAGATTGTGATTTCAGAGGGGG	0	0	0		0	0	96.94061758	0	298
CGCGTTGTCCCGCGGCGTTCTGACAGTTAA	0	0	0		0	0	72.70546318	0	14
CGCTAACTCGCCCTTTTTATCTCACTCTTG	0	0	0		0	87.34998722	72.70546318	0	0
CGCTAAGGGCGCATGTGTCCTGTCAGAAAA	0	0	0		0	0	1744.931116	0	1860
CGCTACAGTGCGACGAAGATTAATACGAAT	0	0	0		0	0	72.70546318	0	6
CGCTACGACTCCTCCCAATTTACAAGACAC	0	0	0		0	0	193.8812352	0	4
CGCTACGCGGTACATTCTATCTCCGTGCTT	0	0	0		0	0	121.175772	0	47
CGCTACGTGATACCGTATAATCGCATGTGA	0	0	0		0	0	678.584323	0	1571
CGCTAGAACGTATCTCCGCCATTTTATTGA	0	0	0		0	0	24.23515439	0	47
CGCTAGCTGGGTCAGACTTTTAACTAAAAT	0	0	0		0	0	48.47030879	0	8
CGCTATAGGTCCATGTGGTATGAGGGGGCC	0	0	0		0	0	24.23515439	0	3
CGCTATGTCTTGGAATCACAATCACGGGAT	0	0	0		0	9.126118068	290.8218527	0	231
CGCTATTTTAAGATCTCACGTGTGGGAAGC	0	0	0		0	0	169.6460808	0	0
CGCTCAACGACAAACCATTGCAATTTCTTA	0	0	0		0	0	145.4109264	0	0
CGCTCAGGTGCGAAATTTACAAAAAAGGTA	0	0	0		0	0	48.47030879	0	172
CGCTCCCCGTGCAAAAACGGAAAAAACGGC	0	0	0		0	0	48.47030879	0	3
CGCTCTAGCAGTTCGGTATTGCCTCTATTC	0	57.24600777	0		0	0	72.70546318	0	20
CGCTGAACATGGATCATTGGCCACCCGCCG	0	0	0		0	0	508.9382423	0	208
CGCTGACAGGTGGTGTGGAGTGAGTGACTA	0	0	0		0	0	72.70546318	0	147
CGCTGAGCAAACTAACGCCGCGGCATTCTT	0	0	0		0	0	24.23515439	0	2
CGCTGGAGTGATAGGTAACAGGCATACTTG	0	0	0		0	32.59327881	0	0	10
CGCTGTAAACTCGCACATCGGTAGATTATT	0	0	0		0	0	38340.01425	0	2
CGCTTCAGTGTCTTGCGTTGGGGTGTCAGC	0	0	0		0	0	387.7624703	0	3
CGCTTCCACCTTGCGGTAGGCAGATCAGGG	0	0	0		0	0	218.1163895	0	116
CGCTTGCTTAGCTTCTTACAGTCTTAGACC	0	0	0		0	0	24.23515439	0	0
CGCTTTCTGATTTCATAAGCTTCGATTCGA	0	0	0		0	0	48.47030879	0	8
CGGAAACGTCTAGGCAGTCAACATTATAAA	0	0	0		0	0	48.47030879	0	18
CGGAAATCCACTCGTACTTCTTATGTTGAG	0	0	0		0	0	751.2897862	0	34
CGGAACTGGGAGCAGGAGGTGTGAGGTGTT	0	0	0		0	0	121.175772	0	10
CGGAAGTGATACACTGCATGATACAGACTT	0	0	0		0	0	266.5866983	0	12
CGGAATACAAGGTATTAATTGGACCACGCA	0	0	0		0	0	387.7624703	0	835
CGGAATGAGCGCTTGCCGTGAGACACGCGC	0	0	0		0	0	145.4109264	0	4
CGGAATGGTCGCCGTTTTATTGGCCCAAGA	0	0	0		0	0	1841.871734	0	73
CGGACAAGTTATGCCGGGTATTTCGCAGCC	0	0	0		0	0	24.23515439	0	2
CGGACACTTGAGACCAAGGTCGGTGAGGCT	0	0	0		0	0	96.94061758	0	9
CGGACCTTGCGCGATCTTCGGATACTCGCG	0	0	0		0	0	169.6460808	0	7
CGGACGCCAAGACGCGCGTTCCGAGGGGCG	0	0	0		0	41.71939688	0	0	2
CGGACGGTTTTAGTGCTGACATTGGCGATG	0	0	0		0	0	24.23515439	0	5
CGGACTTGGATTCATCGATAGCTCGTTCCC	0	165.1327147	0		124	0	484.7030879	0	20
CGGAGAAGCTGGGTTCAGCTAATAATATTT	0	0	0		0	0	484.7030879	0	31
CGGAGAGCGAATCAGGAATGGTTACCTATC	0	0	0		0	0	605.8788599	0	1372
CGGAGCTAGAATTTAAGATTCGTACGATTA	0	0	0		0	0	48.47030879	0	2
CGGAGCTATTCCGATGTGCTCGGCTCATTT	0	0	0		0	129.0693841	193.8812352	0	53
CGGAGGCTCCTCTGTTCGTCATGTCCTCCC	0	0	0		0	0	72.70546318	0	0
CGGAGGGTTTTAATCCGTGAACAGGGTTCC	0	0	0		0	11.73358037	0	0	0
CGGAGTAATTGTAGTGCAAAGGTATTCATA	0	0	0		0	0	24.23515439	0	8
CGGAGTGGGAACGGCATGTGTGTGGAACCC	0	0	0		0	0	48.47030879	0	13
CGGAGTGGGGCGACTATGCACGCAAGGCGT	0	0	0		0	0	96.94061758	0	33
CGGATAAAGGAATCAGCGGTTTTAGTAGGT	0	0	0		0	0	145.4109264	0	0
CGGATAGCTTTGGAGGGGATTTGGGCGTGA	0	0	0		0	63.88282648	218.1163895	0	29
CGGATAGGCGCTGTCGGAGTACTTAATAAT	0	0	0		0	0	24.23515439	0	22
CGGATAGTGATCTGTATCCGCGATTGATCA	0	0	0		0	0	218.1163895	0	3
CGGATCGGCGTAGCCGAATAGTCCAGGATG	0	0	0		0	0	96.94061758	0	17
CGGATCTTTATGTTAATTCGCCGCACTGTA	0	0	0		0	0	72.70546318	0	0
CGGATGCACGACGTTAGTGTTCAGCCAAAC	0	0	0		0	0	24.23515439	0	29
CGGATGGATGCTGAACCACGTGTCTCGCTG	0	0	0		0	0	48.47030879	0	258
CGGATTGAGGCAACGGGTGTCATTGCTCGC	0	0	0		0	0	48.47030879	0	15
CGGATTGCCATTCGTGTGATGGATCATGAT	0	0	0		0	9.126118068	0	0	2
CGGCAGCTTTTTAGGATGGGGGCATGCAAT	0	0	0		0	0	1623.755344	0	817
CGGCAGGCAGATTCCGAATCATGAGGGGGA	0	0	0		0	0	48.47030879	0	623
CGGCAGGGGCTCAAGACGCGACTTGTCTCT	0	0	0		0	0	339.2921615	0	129
CGGCAGTTAGGAGTCCCAGCTCAGGGTGAG	0	0	0		0	0	169.6460808	0	339
CGGCATCATAGATTCTTGGGCTTAAATCCA	0	0	0		0	0	48.47030879	0	0
CGGCCCCAGAATAATTCGTTTGTAGGCCCT	0	0	0		0	0	96.94061758	0	31
CGGCCGACGGGTTGGGATCTGTGTTGGCGG	0	0	0		0	73.00894454	290.8218527	0	631
CGGCCGCTGGTATTACCGTGGAAAGCTGCG	0	0	0		0	52.1492461	0	0	33
CGGCGAATAAGTTCATAGCCAGTTTTCTGT	0	0	0		0	0	2350.809976	0	0
CGGCGACAAGTGTTTCTGATTTACTCGGCA	0	0	0		0	0	218.1163895	0	12
CGGCGAGAGAGGACCGGGGAGGGCGGCTGC	0	0	0		0	0	72.70546318	0	10
CGGCGCGCCTGGAGGGTGCCCGCTGGATAA	0	0	0		0	0	24.23515439	0	2
CGGCGGGGCGGGAACAAGGGGTATCAGGGT	0	0	0		0	0	1235.992874	0	2247
CGGCGGTTCCTGTTTATCATTCGACCGATG	0	0	0		0	0	387.7624703	0	3
CGGCGTAGTGTAAAATTAGTTTTTCAGAGT	0	0	0		0	0	193.8812352	0	95
CGGCGTGTGATGGTCTCCACCCATCCCCAC	0	0	0		0	0	24.23515439	0	0
CGGCGTTCCACATAATGTCGCGACATCTGC	0	0	0		0	0	508.9382423	0	399
CGGCTAGCGTGGGTTATGATCGATCAAGCC	0	0	0		0	0	508.9382423	0	165
CGGCTAGGGTAGTCGGGTGTGCAAGGGATG	0	0	0		0	0	72.70546318	0	0
CGGCTCACTCTTCGCGGGGCTGAGTGTGTA	0	0	0		0	0	24.23515439	0	4
CGGCTCTACCTTTTATGCTGTTGATGGCTT	0	0	0		0	0	24.23515439	0	3
CGGCTGTTCACAAACTGCTTCGGGGAATGA	0	0	0		0	0	96.94061758	0	6
CGGCTGTTTAGCTCCATGATTTCTCACTCG	0	0	0		0	0	3005.159145	0	427
CGGCTTAGGCGTTTATAAAACTTATGAGTG	0	0	0		0	0	24.23515439	0	104
CGGCTTGCTCTCTCACTTTCCTGGCTAATT	0	0	0		0	0	72.70546318	0	6
CGGCTTGTAAACGATAGTTACTGTCAAACT	0	0	0		0	0	145.4109264	0	92
CGGCTTGTAGGCGACGTTATCTTTAATGGT	0	0	0		0	0	121.175772	0	42
CGGGAGAAGGGCCTCATAGCAACCCGTGTA	0	0	0		0	0	121.175772	0	161
CGGGAGATCGGTGCGTGTGGTCATACCATG	0	0	0		0	0	24.23515439	0	725
CGGGAGGAGTGGATGGCGCGCAGGGCCGAG	0	0	0		0	0	72.70546318	0	8
CGGGATCGAATGCATGGAATAAGAGAGTAA	0	0	0		0	39.11193458	145.4109264	0	27
CGGGATCTTAGTACTATATAACCAGGAGTC	0	0	0		0	0	96.94061758	0	144
CGGGATTACTTTCTTCTCCTGTGACCAGAG	0	0	0		0	176.0037056	411.9976247	0	8
CGGGATTGATGATCGAGGAGGTGGATGGTG	0	0	0		0	0	72.70546318	0	17
CGGGCAGCTCATTCTGAGGGTCTATAGGGG	0	0	0		0	0	4774.325416	0	2017
CGGGCCAGCTCAATAGATTCACGGTCTAAA	0	0	0		0	0	24.23515439	0	34
CGGGCCCAGTGGTCATGCCTCGGGCTAATT	0	0	0		0	0	48.47030879	0	425
CGGGCGATAGAAACACCGCGGCAAATCTGG	0	0	0		0	0	96.94061758	0	9
CGGGCGCCCAGAATCGACAGATGCCGGTAC	0	0	0		0	0	145.4109264	0	13
CGGGCGTAGGGGCAGCTTGTAAGGCCCTGT	0	0	0		0	0	460.4679335	0	0
CGGGCGTGTGTGTGGGACTTCCTCCCGTCC	0	0	0		0	0	727.0546318	0	216
CGGGCTAGGGCAACTTTGGCGCCAGTGCAG	0	0	0		0	0	242.3515439	0	32
CGGGCTGGACGACAGGAATTGTTGGTACGG	0	0	0		0	0	193.8812352	0	404
CGGGGAAGCGCAGCGGTAATTAACTATGTG	0	0	0		0	0	96.94061758	0	8
CGGGGGCACACGCCATGAACGGGAGAGCTG	0	0	0		0	0	24.23515439	0	7
CGGGGGGCGGGCTCCCTGATGGCTGGATTT	0	0	0		0	0	24.23515439	0	10
CGGGGGGCTCCGCAAGTGTGGAGTTTGGGA	0	0	0		0	0	48.47030879	0	135
CGGGGGGTTGGCCGGACGTGGGGGTCGGAG	0	0	0		0	0	24.23515439	0	13
CGGGGGTGATAAAGGTACGGGCCGCTCCTG	0	0	0		0	0	411.9976247	0	266
CGGGGGTGCTAAGCGAGGCGGGGCGAAGAA	0	0	0		0	0	363.5273159	0	682
CGGGGGTTAGAGCGTTCGATTTCAAAGCTT	0	0	0		0	162.9663941	0	0	9
CGGGGTAGTCGCGGGTAGCTTAGAGGGATT	0	0	0		0	43.02312803	169.6460808	0	411
CGGGGTCTGGAGGGTTATTATGATGTCGCA	0	0	0		0	0	670877.5439	0	0
CGGGGTGCCCAGGGTTCCTGGGGCCGCCCA	0	0	0		0	0	193.8812352	0	17
CGGGGTTGTGGCATTCTCGTAGTGGTGCGG	0	0	0		0	0	24.23515439	0	0
CGGGTACTAGCACGGGGAGTATGTGTGTCT	0	0	0		0	0	72.70546318	0	3
CGGGTATAAATATGACGAGCGCGGTTGTTA	0	0	0		0	0	24.23515439	0	7
CGGGTCTAGAATTAGGCACTAGCGACCCGT	0	0	0		0	0	96.94061758	0	2
CGGGTGATCCTAGTGGGGTGTGCCTTCATG	0	0	0		0	0	96.94061758	0	36
CGGGTGCCGGGTACAGCCATAGCTAGTTGG	0	0	0		0	0	1478.344418	0	2
CGGGTGCGGCCAATGGATGCTAGGGAGGGT	0	0	0		0	0	24.23515439	0	4
CGGGTGGTATATTCTTGTCCATTACGCGAG	0	0	0		0	0	48.47030879	0	46
CGGGTTCAAACTTGCTAAACAGTCACCTCA	0	6.605308589	0		0	0	0	0	2
CGGTAAATAAAGCTGGTGATATCGGGGCTT	0	0	0		0	0	96.94061758	0	3
CGGTAAGTACTTATGCATTTCATGTGGTGT	0	0	0		0	0	24.23515439	0	19
CGGTAATGGCATGCGTTCGGGGCCGGGTTC	0	0	0		0	0	96.94061758	0	245
CGGTATCTAGTAATTATCGGGTCTTAGAGG	0	0	0		0	0	72.70546318	0	11
CGGTCAGATATATATAGGTCTCTTATTTAG	0	0	0		0	0	96.94061758	0	0
CGGTCATAGTTTACGGAGATTGTGGCGCCC	0	0	0		0	0	24.23515439	0	3
CGGTCCCCGGAGGGAGTAGAATTAGTGCAA	0	0	0		0	0	848.2304038	0	44
CGGTCGACACGAAATGCGCGGTTTGCTAGA	0	0	0		0	0	363.5273159	0	9
CGGTCGGGTAATTTATGTTTTTTAAGGAGA	0	0	0		0	0	1769.166271	0	5
CGGTCGTTGAACCACCGAAGATGGGATACT	0	24.21946483	0		0	0	0	0	8
CGGTCTATATGCGACACTTGTACGTGTCAC	0	0	0		0	0	145.4109264	0	480
CGGTCTATTAAAGGTGAGGGGGATCGGAAT	0	0	0		0	0	96.94061758	0	5
CGGTCTGCAAATCAACCCTTTGACCAAATG	0	0	0		0	0	945.1710214	0	536
CGGTCTTGCACATCGCTCCTATGGGACTCG	0	0	0		0	0	72.70546318	0	384
CGGTGACAGTATCATGTAGCCCCCCTTTTC	0	0	0		0	106.9059545	2593.16152	0	9
CGGTGAGCTCGCGGTGGCTAGTTCCTTTAT	0	0	0		0	0	24.23515439	0	0
CGGTGATTGCTCCCGACAATGCCGACGCGC	0	0	28.84466782		0	0	775.5249406	0	22
CGGTGGCTCTGTCTTGGTCTTAACAGGTCG	0	0	0		0	0	2011.517815	0	72
CGGTGGGATTATTGATTCTATACCCATTGG	0	0	0		0	0	339.2921615	0	6
CGGTGTCTCGAGTGGCCAAGGCTAATTAAT	0	0	0		25	0	5452.909739	0	24
CGGTGTGTCCAATTATTGTACCGTCGCGAT	0	17.61415624	0		0	0	0	0	9
CGGTGTGTTCCTAAGCATAGTTCTTATAGT	0	0	0		0	0	290.8218527	0	103
CGGTTACGGCTGGTACTTGTCTCGCGGGTG	0	0	0		0	0	2568.926366	0	2
CGGTTCGGTCGCCTTGGATGACAGACAGAC	0	0	0		0	10.42984922	24.23515439	0	14
CGGTTGAGACGTAACAGCTAAAACCTTAAA	0	0	0		0	7.822386915	0	0	2
CGGTTGTTAGAGTCTCGGGCATAGGTTTAG	0	0	0		0	22.16342959	0	0	8
CGGTTTATCCGGGGATTGTCCTAGCTAGCT	0	0	0		0	0	24.23515439	0	18
CGGTTTCGTTATCTCTCGCTCGGGAAGCAC	0	0	0		0	0	218.1163895	0	2
CGTAAACAAACTTCAACTACAGATGGTATT	0	0	0		0	0	24.23515439	0	85
CGTAAACAGTGTTTTGGGAGTATTTCAGTG	0	0	0		0	0	315.0570071	0	37
CGTAAAGATTGAAATCTTACTGTGCGATAT	0	0	0		0	0	72.70546318	0	0
CGTAACCAATACTACACGTTCCATAAGTTA	0	0	0		0	0	24.23515439	0	0
CGTAACTCGACAGCACTCTAGGCAACAAAT	0	0	0		0	0	1284.463183	0	0
CGTAAGAAGCTTGAGTGTTTAAAGCCGAGT	0	0	0		0	0	24.23515439	0	10
CGTAAGACACCATAGATGCTTTTACGTTTC	0	0	0		0	3.911193458	605.8788599	0	16
CGTAAGTAAGACGCATCGGCGCTTGGTAAG	0	0	0		0	1189.002811	339.2921615	0	2
CGTAAGTAAGATGTGAGCTATGAGTTGTGT	0	0	0		0	0	169.6460808	0	120
CGTACAACTAATTGGGGACTCCGGGCCAGG	0	0	0		0	0	48.47030879	0	14
CGTACAAGATATTGACTCATTGACCCCGGC	0	0	0		0	0	460.4679335	0	66
CGTACAGGAAATGCGGTTTTTAGGGACGTC	0	0	0		0	0	24.23515439	0	14
CGTACATAGAAAATAGATCCTTACTATCTT	0	0	0		0	0	145.4109264	0	100
CGTACATGTCCGGGTGTGTGCCCCTGGGCC	0	0	0		0	0	24.23515439	0	11
CGTACATTTTAATGTGCTATGGAAATTAAT	0	0	0		0	0	218.1163895	0	137
CGTACCTAAAAGAAGCCCCATGTCCCGTCT	0	0	0		0	0	72.70546318	0	3
CGTACGCCCGACCGCCTGAATTGGCGAGAG	0	0	0		0	0	72.70546318	0	10
CGTACTCAGGCGTCCATCTCTTCGTTAAAT	0	0	0		0	0	1357.168646	0	1295
CGTACTTAGTGTCTGATTAACTTGCTTTAT	0	0	0		0	0	4798.56057	0	1978
CGTACTTCGCTTCGCTGATTGATTTTCTTC	0	19.81592577	0		0	0	48.47030879	0	2
CGTAGCATTGTTGTTCAGAGAGCGTTCAGT	0	0	0		0	0	266.5866983	0	80
CGTAGGCTTCTGTTGTAGAAGGAAACCTTA	0	0	0		0	0	24.23515439	0	13
CGTAGGGTGAGCTGCCGTATGACAATTTAG	0	0	0		0	0	290.8218527	0	262
CGTAGGTAACTTGGTACCGGTTTTGGCGTT	0	0	0		0	0	48.47030879	0	0
CGTATATAAAAATAGATCTTTCCGTGTATG	0	0	0		0	0	48.47030879	0	793
CGTATGATTTTACCATTAGCCCAATTGCAA	0	0	0		0	0	145.4109264	0	109
CGTATGGATATGTAAACCATTTAAACCCGC	0	0	0		0	0	48.47030879	0	21
CGTATGGTCAAACGTACTATTGTCCACAAG	0	0	0		0	10.42984922	0	0	19
CGTATTATGTGGGTGCCACATGACCTTTTA	0	0	0		0	0	630.1140143	0	376
CGTATTCATGGAGCGACCCGCCCGTAGCAT	0	0	0		0	0	24.23515439	0	2
CGTATTCTCGGGCTAGTATTTAGGGATCTA	0	0	0		0	71.70521339	24.23515439	0	0
CGTATTGTATTCTGTTGTCTGGTGGCGGTC	0	50.64069918	0		0	0	24.23515439	0	10
CGTATTTCTTTCTTAGTCTTCCCTCGGTAC	0	0	0		0	11.73358037	533.1733967	0	12
CGTCAAGTAGCTTAGCTTGTAATGCGGTAA	0	0	0		0	0	24.23515439	0	4
CGTCAGTTGGCGCTCACAGCAGAGTGAGGC	0	0	0		0	0	145.4109264	0	11
CGTCATCCGCAATTCTGAGCACCGCACTGC	0	0	0		0	0	24.23515439	0	4
CGTCCAAGTTGAGTGGTGTCTGGAGGCAGG	0	6.605308589	0		0	0	96.94061758	0	5
CGTCCATCCTTGGCCGCGCCGGTTATGAAA	0	0	0		0	35.20074112	411.9976247	0	3100
CGTCCCATGTACGTGGTAACCCCTGTCACA	0	0	0		0	0	24.23515439	0	73
CGTCCGATTTGAGAGGCGCGAGTAGACGGT	0	0	0		0	0	218.1163895	0	0
CGTCCGCACTCTGGGGATCGTCACTCGTTT	0	0	0		0	281.605929	290.8218527	0	234
CGTCCGGTACGAACCGTTAGCATCCGGTGA	0	0	0		0	0	290.8218527	0	2
CGTCCTGGCTATTGTCTGAGTGGTTGAGTG	0	0	0		0	0	557.4085511	0	22
CGTCCTTCTGACCCAGTGTTGTTCCGAACG	0	0	0		0	0	24.23515439	0	778
CGTCGAGTCAAGAAGGGTTGGGCTCCTACT	0	0	0		0	0	48.47030879	0	86
CGTCGCAAATGCGTGGTAGTATTCATTCCG	0	0	0		0	0	145.4109264	0	5
CGTCGCAAGGAGGGGGTCGACTGCGAGATA	0	0	0		0	0	1599.52019	0	79
CGTCGCCGATGCAGTGTAGCCCCAGGATTC	0	411.730902	0		0	0	72.70546318	0	1697
CGTCGTTTAAACGCCGGGCACTCTTCTTGG	0	0	0		0	0	24.23515439	0	18
CGTCTAAAGAGGATTTTCAGTAGTCTGGTG	0	0	0		0	0	24.23515439	0	4
CGTCTAGTAGATGGTGTCTGACTAAGGACG	0	0	0		0	0	96.94061758	0	53
CGTCTCTAAGTTTGTGCAGTGAAATAATGC	0	0	0		0	0	24.23515439	0	6
CGTCTCTCATGAAAGTATCCTAGTGCGATT	0	0	0		0	0	339.2921615	0	13
CGTCTGATATTTCCTTTATCCCTATATCCG	0	0	0		0	0	96.94061758	0	164
CGTCTTAAGTAAATACGTATACCGACAGGC	0	0	0		0	0	48.47030879	0	0
CGTCTTCCTATTACATTGCAACATGCCTTT	0	0	0		0	26.07462305	24.23515439	0	2
CGTGAAGTTGTAGAACGGTGTGGGATCGGG	0	0	0		0	0	24.23515439	0	29
CGTGAGGGGGTATGTCGTTTAGGGCAGGGG	0	0	0		0	0	48.47030879	0	0
CGTGATAGTTCTCTCAGTTAACGAGCCTGG	0	0	0		0	0	266.5866983	0	49
CGTGATCGGTAGGGGGCAATCGGCTGGGCG	0	15.41238671	0		0	0	0	0	4
CGTGATGAGGTCGGTATGGCTTTAGGTCTA	0	0	0		0	0	751.2897862	0	405
CGTGATGGTCAAAATTAGGAATCATTGTTT	0	0	0		0	0	72.70546318	0	403
CGTGATTAGAGGTGTCTAGTGTCGGGTTAA	0	0	0		0	3.911193458	24.23515439	0	6
CGTGATTCCGGCTGCGAGTCTCTTAAGGGA	0	0	0		0	0	24.23515439	0	0
CGTGCAATTTACTGTTACCAGCGAACGCGT	0	0	0		0	0	48.47030879	0	2
CGTGCAGAAAAGTCTAGTCCGCGCTGTCAT	0	57.24600777	0		0	0	0	0	72
CGTGCAGTGTTTGTCGTAGAAGTTCCGGAT	0	0	0		0	0	48.47030879	0	6
CGTGCGTGCTTGGGCGCTAGTCTTCTTACC	0	0	0		0	0	557.4085511	0	68
CGTGCTTCCGAGGTCCTTACGTATCAGGTT	0	0	0		0	0	121.175772	0	64
CGTGGAAAAAGGTGCAGGTGAGAGTGGTAA	0	0	0		0	0	96.94061758	0	38
CGTGGAGCAAGTGTGGGGTAGGCATAGCGG	0	0	0		0	0	193.8812352	0	78
CGTGGAGGGGCGAGAGCGAGAGTGGCGGAG	0	0	0		0	0	48.47030879	0	0
CGTGGATGATTGGAGAAGTGTTCTAATCGC	0	0	0		0	0	775.5249406	0	1085
CGTGGATGGGATATTCCGAGTGGAGCAAGG	0	0	0		0	6.518655763	290.8218527	0	16
CGTGGCAGTTGCTGTACGAGCACGGCGCAC	0	0	0		0	0	169.6460808	0	17
CGTGGGCCACGGTCGTAGCTAGCTTGAGTC	0	0	0		0	0	48.47030879	0	25
CGTGGGGAGACGTGTAAATCTCAAATTCAG	0	0	0		0	75.61640685	315.0570071	0	167
CGTGGGTTGGTGTCCGTCCGCGTTCGGATG	0	26.42123435	0		0	0	0	0	17
CGTGGTGGTGCTCGAAATGTGCGGTGAAGC	0	0	0		0	0	48.47030879	0	43
CGTGGTGTCGTAACGACGAAAGCCACCGTC	0	0	0		0	23.46716075	24.23515439	0	0
CGTGGTTCCTGCACTGGTTAAGAGGGCTCG	0	0	0		0	23.46716075	0	0	6
CGTGTAAAGGTAGAACATCGTCATGCGACG	0	2.20176953	0		0	0	24.23515439	0	11
CGTGTAGAACTGCCCTAACTGCATGGCGGA	0	0	0		0	0	24.23515439	0	2
CGTGTAGGGGCTCCCGAAGAGCTGTAGGGC	0	0	0		0	43.02312803	0	0	5
CGTGTATCAACATCGGTGACATAGTTCATT	0	0	0		0	0	48.47030879	0	0
CGTGTATCGTTGCTAATGCAGCTTCAGAGT	0	19.81592577	0		0	0	1672.225653	0	606
CGTGTATTAATCACATTCTTTGGATCTATA	0	0	0		0	0	24.23515439	0	120
CGTGTCGGTAATGGGGCCGGTCTCCGAAGC	0	0	0		0	0	145.4109264	0	16
CGTGTCGGTCTACACGCTCCAGAAGTCGTG	0	0	0		0	0	702.8194774	0	13
CGTGTTGAGTGGGTGCCGTTAGACACAGAT	0	0	0		0	0	72.70546318	0	10
CGTGTTGCGGCGGGTCGCGATGGCGGTGGT	0	0	0		0	35.20074112	0	0	0
CGTTAACTGGTCCTGTTGGAGGGAATGTGC	0	0	0		0	0	72.70546318	0	8
CGTTAATCGGGTAATTGCCCTCTGGATAGG	0	0	0		0	0	48.47030879	0	28
CGTTAATCTCCCCAATGAACGCCCAGGGTA	0	0	0		0	0	24.23515439	0	3
CGTTAATGATTCAATGCATATCTCGACTTG	0	0	0		0	0	48.47030879	0	20
CGTTAATGGTACGCGAGGTTGTGACACGTT	0	0	0		0	0	24.23515439	0	25
CGTTAATGTAAACCAGCAAAGTCGCCAGTT	0	0	0		0	0	1114.817102	0	53
CGTTACGATAGGGCTCTCGTTGACTAGGAT	0	0	0		0	18.25223614	0	0	24
CGTTAGACGGGTGGATAGTCGATTTGGAGC	0	0	0		41	43.02312803	6495.021378	0	649
CGTTAGATGGTTTGCTGGTTATATACGGAA	0	0	0		0	11.73358037	0	0	9
CGTTAGCTGTAGAGGGTCCATGCGCGAGGT	0	231.1858006	36.85707555		0	0	24.23515439	0	1146
CGTTAGGCACGGGAAGTTGTCACTGTCTAC	0	0	0		0	0	169.6460808	0	519
CGTTATCGATGGAAGAGCGTTCGTTCTAGT	0	0	0		0	0	702.8194774	0	12
CGTTATGTGTATTTGATTATGTATAAGTTA	0	0	0		0	2.607462305	1575.285036	0	2
CGTTATTTAGCATTGATAGTGTATCGCTTT	63.38579416	180.5451014	105.763782		0	0	5501.380048	0	3270
CGTTCAGTTATCAATAGCCGTCAGGTCGTG	0	0	0		0	0	24.23515439	0	65
CGTTCCGATCAGATCACTTCAGGCAATGTC	0	0	0		0	0	48.47030879	0	0
CGTTCCTATTCATTATTGCATGATGTGTTT	0	0	0		0	0	1017.876485	0	609
CGTTCGTGTCCTCATACTCAAGACTAGCCG	0	0	0		0	0	48.47030879	0	3
CGTTCTATTTTTGTGAACTCGCTCTTTGTG	0	0	0		0	0	484.7030879	0	10
CGTTCTCTCACATTTTTCAATAGTGCTCCC	0	0	0		0	0	145.4109264	0	7
CGTTGACCTCTCATATAGTTGGTACATTCG	0	0	0		0	0	96.94061758	0	679
CGTTGATTCTGTTGCTGCTGGTAACCGGAT	0	0	0		0	0	290.8218527	0	267
CGTTGCATCGTATATCGGTACACGCAGTGC	0	0	0		0	0	533.1733967	0	3
CGTTGGATGCCGCTCGGTATCTTTAGTTTT	0	0	0		0	0	387.7624703	0	4
CGTTGTAATAGTCTTCAACATGGATCTGCG	0	0	0		0	0	24.23515439	0	5
CGTTGTAGGAGGGTGGTCGTTTCCCCTGTT	0	0	0		0	0	24.23515439	0	12
CGTTGTCGTGGCTTGTACTCTAAGCATGCT	0	0	0		0	0	145.4109264	0	297
CGTTGTCTGCGTCTGTAAAGAAGTTTCGGT	0	0	0		0	0	145.4109264	0	0
CGTTGTGCGAGTTGTGTGGGCGTTAGGCTT	0	0	0		0	0	339.2921615	0	25
CGTTTAGAGGGGGCCATGACCTATACTGTG	0	0	0		0	0	363.5273159	0	658
CGTTTATTTAGGTTGTAAACACGCGAACAT	0	0	0		0	0	48.47030879	0	4
CGTTTCAAGCTAATATGTCTATCCAGAGTA	0	0	0		0	0	266.5866983	0	2
CGTTTCATACTCTAAGTTTTCAATTTTCTA	0	143.1150194	0		0	0	1841.871734	0	0
CGTTTCATGAAGTGTAGGGTGTGCCATTTA	0	0	0		0	0	24.23515439	0	7
CGTTTCATGCGTATAGCTAGTAATATATGT	0	0	0		0	33.89700997	24.23515439	0	38
CGTTTCGACCGTTCAATTCCCGTAATCTAA	0	0	0		0	0	145.4109264	0	4
CGTTTCTAACGGTATTCACTGCTGCCGGTC	0	0	0		0	0	145.4109264	0	983
CGTTTGTTCGATTTTTGTTATCCATTTACT	0	0	0		22	0	193.8812352	0	49
CGTTTTATAGGACGCATCTGGAGAACTTGC	0	0	0		0	2.607462305	0	0	8
CGTTTTATGGTGGATCTTTTCTCCTAAACG	0	0	0		0	0	24.23515439	0	7
CGTTTTGAGGATTCAAGTTCCAGGCTCAAT	0	0	0		0	0	169.6460808	0	0
CGTTTTTAATATACTCGCGATGCTCAAGTT	0	0	0		0	0	24.23515439	0	0
CGTTTTTAGTAATTACCAAGATTGCCTGCT	0	0	0		0	0	363.5273159	0	44
CTAAAAACATACGAAGTCTTTAATTCGTCT	0	0	0		0	0	290.8218527	0	37
CTAAATAGGCCGCGGCAGGTCACCGATTAA	0	0	0		0	0	290.8218527	0	0
CTAAATTTAGTCATTGCGCTTTACAGTTTG	0	0	0		0	0	48.47030879	0	21
CTAACGCTGCTTTCGGCTATACACAAACTA	0	0	0		0	0	1017.876485	0	3
CTAACTCTAGGCCGGGGTGCGTGGAGGAGG	0	0	0		0	0	24.23515439	0	5
CTAAGCCCATCCACTGGTTGTCTGCCTGGT	0	0	0		0	0	193.8812352	0	7
CTAAGTGGTGCTGATGGTTTTAGGTCTATT	0	0	0		0	0	72.70546318	0	0
CTAATCCCGGTGCGAGCTGCAACATACACT	0	0	0		0	0	1090.581948	0	246
CTAATCCTCTAGGGGCTAATAGTATTCGGT	0	0	0		0	0	24.23515439	0	2
CTAATCTCCTCCGCGGGTAGTACTGTTAGT	0	0	0		0	0	24.23515439	0	0
CTAATGGATTGCCCACCCGTTAAATGCCTT	0	0	0		0	0	48.47030879	0	4
CTAATTTGATCACCCAAATCACCAGCAGTC	0	0	0		0	3.911193458	24.23515439	0	0
CTACAAGGTAGACCTTGTTGGCGGCTGGCA	0	0	0		0	0	266.5866983	0	16
CTACAATGAACTTGTCATAGTTAGCATAAA	0	0	0		0	0	1720.695962	0	80
CTACACCGAGTCTCACTCGCGACTAGCAAC	0	0	0		0	0	508.9382423	0	44
CTACATACACTCTGGCTTGGCTAGCGTATC	0	0	0		0	0	72.70546318	0	183
CTACATGGTGTGGAGAGGACTGAGTGGTAT	0	0	0		0	0	121.175772	0	10
CTACCATAAAATGATAGTTTATGTCTCTTC	0	0	0		0	0	24.23515439	0	16
CTACCCATGCGCTCTCCTATTGTGATCGTC	0	0	0		0	0	193.8812352	0	123
CTACCTATGTATGATAGGCGATGCGCGGGT	0	0	0		0	0	72.70546318	0	506
CTACCTCAAATGTATCCCGTCTGATTCATA	0	0	0		0	0	96.94061758	0	146
CTACCTGGCCAAGATAATGATAAGATTGGC	0	0	0		0	0	121.175772	0	8
CTACCTTTACTCAATAGGGTACGGGCTTAG	0	0	0		0	0	1284.463183	0	147
CTACGAGAAACTTAATATTTAGTAATGCTG	0	0	0		0	0	460.4679335	0	374
CTACTAGCGGGCCACGACCCGGCCCGGTCC	0	0	0		0	0	72.70546318	0	0
CTACTCAGTTTTCAGGCCGTTCTTATATTG	0	0	0		0	0	145.4109264	0	3
CTACTCGAGGATACCGTATCCCCATTGGGG	0	0	0		0	0	24.23515439	0	5
CTACTTGGACTTCATCTATTATCATGATAA	0	0	0		0	0	581.6437055	0	284
CTACTTGTCCCTGGTATATCAGATCTTAAA	0	0	0		0	0	24.23515439	0	17
CTACTTTCTGAGTAAGCTCAGCCTTTATCT	0	0	0		0	0	24.23515439	0	33
CTAGAAATGGGGGGAGAGGGGCGAATGTAC	0	0	0		0	0	1841.871734	0	472
CTAGAGGCGAAGTAGTGGCGGGGTAAGGGG	0	468.9769098	0		0	0	96.94061758	0	133
CTAGAGGGCGGGAGGGAGTGGTGCGTGACG	0	0	0		0	0	24.23515439	0	7
CTAGAGGGTTTGTCGAGCCGAATCCTTGTG	0	0	0		0	0	24.23515439	0	122
CTAGATTTTAGTGGGAGGATACAAAACATG	0	2.20176953	0		0	0	0	0	10
CTAGCACATACCCCTTCGTGCCGGTGTTCC	0	0	0		0	0	96.94061758	0	402
CTAGCACCAGGGTTCCAGTAGACTTATTTA	0	0	0		0	0	872.4655582	0	706
CTAGCACGTAATGTCGTACGCATATTCTTT	0	0	0		0	0	24.23515439	0	0
CTAGCACTCAGTAGAGCATAGTAGTTTTAT	0	0	0		0	0	24.23515439	0	0
CTAGCCCCTTAAAGATACGATAATAATTTA	0	0	0		0	0	290.8218527	0	1301
CTAGCGACCAAAGTACTGGTGTGTCGAGGT	0	0	0		0	14.34104268	0	0	4
CTAGCGAGACAGTAACGGACCGTAATCGAT	0	0	0		0	0	48.47030879	0	7
CTAGCGGGGTGCCATTGCATGCGTATATTG	0	0	0		0	0	121.175772	0	10
CTAGCTGTCTTGGGTTGTCTATCTTAAGTA	0	0	0		0	0	508.9382423	0	0
CTAGGCCACATATATTAGCGTATACCTCTC	0	0	0		0	0	121.175772	0	235
CTAGGCTGTGAAGCTATCTAAGGCTTATAA	0	0	0		0	0	24.23515439	0	56
CTAGGTGTTATTGGTGGTTGTAATGCTGTT	0	0	0		0	0	145.4109264	0	441
CTAGTCAATACAAGGTGTTACGTTCAGCTA	0	0	0		0	0	145.4109264	0	419
CTAGTGCGTGGTGGGTAGAGGGGGCAAGCG	0	0	0		0	0	145.4109264	0	36
CTAGTGGCCACGTGGATAAGCGATTAGGAA	0	0	0		0	0	266.5866983	0	161
CTAGTGTGCTAGAGTAGTCTGCCCCTGTAG	0	0	0		0	0	436.2327791	0	34
CTAGTTCCTCCACACTCACACGTATCAATG	0	0	0		0	0	945.1710214	0	351
CTATAACATACTCAGGTCAATTTTGAAAAT	0	0	0		0	0	266.5866983	0	152
CTATATACATAGCCGTGGGTGTCCAGTATA	0	0	0		0	0	290.8218527	0	3
CTATATATATGGTCCCCATCCTTCAATAGA	0	0	0		0	0	48.47030879	0	2
CTATATGTTCTCCGTCTCATGGAGACTAAG	0	0	0		0	0	581.6437055	0	7
CTATATTCTTTGATAAGTTGTCGATTTCGT	0	0	0		0	0	387.7624703	0	35
CTATATTTGTCTGGTTCCGGATGCCAAGCA	0	37.430082	0		0	0	436.2327791	0	95
CTATCACGAGGAGCCATCACGAAGGGACGG	0	0	0		0	7.822386915	11026.99525	0	257
CTATCATCAAACACGCGCCATAAGCAGAGA	0	0	0		0	0	654.3491686	0	1260
CTATCCAATGAGATCGTAACAATAGTTCCC	0	0	0		0	0	48.47030879	0	93
CTATCCGAACCTTGCCCAATTGCGTTAATA	0	0	0		0	0	145.4109264	0	14
CTATCTAAATCCGGCATATATGGGCACTTT	0	0	0		0	83.43879376	72.70546318	0	475
CTATGCCCGTTACTTGGAACAACAGTTCCA	0	0	0		0	0	24.23515439	0	2
CTATGCCGGAGAAGGCACGACAATGGGGTT	0	0	0		0	0	48.47030879	0	24
CTATGCGTGCCAGGACCGGGCTCGGATCTT	0	0	0		0	0	96.94061758	0	6
CTATGGCTTATTGACAAGGATTCTACTTGA	0	0	0		0	0	48.47030879	0	165
CTATGGTCGTGAGATGGGTACCTTAAAGTA	0	0	0		0	0	24.23515439	0	2
CTATGGTTAACGCCAGAACTACACTCCATC	0	0	0		0	7.822386915	484.7030879	0	31
CTATGGTTAGGTTCGGGGGTGGGTGCTGGT	0	0	0		0	0	1139.052257	0	9
CTATGTGCTTCGGATAGTTTAGTAAATGAC	0	0	0		0	0	48.47030879	0	31
CTATGTTTTGAATTCATCCCATTCAACTGT	0	0	0		0	0	1599.52019	0	260
CTATTACCGAAGGAATGACGTACGGTTTGA	0	0	0		0	0	48.47030879	0	9
CTATTACGTGACAACATCCTGGTACCCCAT	0	0	0		0	44.32685919	24.23515439	0	319
CTATTATGTAGTTACATTAGGCCTTAGCAC	0	0	0		0	0	218.1163895	0	52
CTATTCCTATGGCAGGAGGATGTCTTCCAG	0	0	0		0	0	363.5273159	0	13
CTATTCTATGTGAGAATTCTTACCAAGTTG	0	0	0		0	0	775.5249406	0	67
CTATTGCTTGAGGTGATGGTTTAGTCAACG	0	0	0		0	76.920138	48.47030879	0	13
CTATTGTATGGGTTAACCGTGCATATAAGG	0	0	0		0	0	24.23515439	0	0
CTATTGTTGCAACATATAATATGCTAGTAC	0	0	0		0	0	48.47030879	0	0
CTATTTGGCTGTGCGACGGGGGCGCGGCGA	0	0	0		0	0	24.23515439	0	2
CTATTTTAGTACTCTGAGACTACGCTAACT	0	0	0		0	27.3783542	121.175772	0	4
CTCAAGCCATACATCCGTTGGTTCGCGGGC	0	0	0		0	0	24.23515439	0	2
CTCAATAATGGCAGTAATGTTAGCAAGTAG	0	0	0		0	0	1017.876485	0	258
CTCAATGGCAGCCGTGTAATGGAGGCTGGC	0	0	0		0	0	1672.225653	0	299
CTCAATTCTCTCCTTGCGAGTGATCCCGCG	0	0	0		0	0	48.47030879	0	8
CTCAATTGTTATTGCTAACGGCCTGCCGAC	0	0	0		0	0	266.5866983	0	571
CTCACCGGCTCTCGCTTAGTGAACGAATAA	0	0	0		0	0	24.23515439	0	8
CTCACGGCAAATGGCGACGTTCGTGGAACA	0	0	0		0	0	24.23515439	0	5
CTCACGGCCAAACTGGCAACGTGCGACTCT	0	0	0		0	0	24.23515439	0	194
CTCACTAGCTCTGAATGTTATTTCTGTCGT	0	0	0		0	0	145.4109264	0	7
CTCACTGGCTGTTAAGTAGGCTGAACAAGC	0	0	0		0	0	799.760095	0	306
CTCAGACCGACACGTTACTGGGGGAACGTC	0	0	0		0	0	339.2921615	0	32
CTCAGATCCAACAGTAGGTTATTTGGCAAC	0	0	0		0	0	121.175772	0	2
CTCAGGGATTTCGTTACGGCCCTTTTCTTC	0	0	0		0	0	242.3515439	0	18
CTCAGTAGATGATTGTGGATTGTTCGATCC	0	0	0		0	0	1526.814727	0	324
CTCAGTCTAAGGTGACTGGGTAACTAGCCG	0	0	0		0	0	121.175772	0	91
CTCATCGTTGCATTTGCATTTGTCCCGTGA	0	0	0		0	0	96.94061758	0	0
CTCATTACGGTGGGTTCAGCAGGTAGCGTG	0	0	0		0	0	24.23515439	0	41
CTCCAAACGTCGGTCCCTTCGCCTATTGTT	0	0	0		0	0	72.70546318	0	10
CTCCAAGGTCTGGCTTGGCCGACGCTGTGG	0	0	0		61	0	72.70546318	0	176
CTCCAGAACAACACTCATGTTCCAAGATTA	0	422.7397497	145.8258206		0	0	2859.748219	0	1515
CTCCAGACAGGGTAAGAAGTAAATAGCTCT	0	0	0		0	0	1817.63658	0	1565
CTCCAGTGTCCCCCAATAGGTTTAGTGGAA	0	0	0		0	87.34998722	266.5866983	0	827
CTCCATAACCAAAGTATGTGGCTTATGTAT	0	0	0		0	118.6395349	0	0	10
CTCCATCCCATGGTCCTTCTTCGGGAACTC	0	0	0		0	0	72.70546318	0	5
CTCCATCTCGTGCTTAAATCTCCTTGTTAA	0	0	0		0	5.21492461	0	0	33
CTCCATGCGATAGGTTGCGAATCGCGGATT	0	0	4.807444636		0	0	0	0	48
CTCCATTGTACTCGCATACAAATTTCTACG	0	0	0		0	0	96.94061758	0	795
CTCCCGGCCCGGCAAATGAAGATTACGAAT	0	0	0		0	0	1963.047506	0	21
CTCCCGTACTGGAACGTAATCACTAAACTT	0	0	0		0	0	1478.344418	0	1048
CTCCCTAATATATAATCGAGAAGCGTCTAC	0	0	0		0	0	460.4679335	0	31
CTCCCTATCGAAGTATTGGATTAGAAGGTT	0	0	0		0	0	48.47030879	0	22
CTCCCTTTACCTTAACTTGTTATGGGCCCT	0	0	0		0	0	24.23515439	0	4
CTCCGAAGAGTTGATCATGTCCCATCTTGT	0	0	0		0	0	24.23515439	0	28
CTCCGACTCTAGGACGGTTAACCGTTACAG	0	0	0		0	0	24.23515439	0	2
CTCCGACTTTTAAGTTAGAGGGATATATTT	0	0	0		0	0	145.4109264	0	4
CTCCGCCCGCCCTACGGGGGGCAGGGCATT	0	0	0		0	0	48.47030879	0	12
CTCCGCGACGGCGTAGTGAATTGACGCTTT	0	0	0		0	0	24.23515439	0	0
CTCCGTAAAATAGCGAGGATACTCAGCGGA	0	0	0		0	0	13280.86461	0	15
CTCCGTAGGCAACCTAAATAAACATAGGTT	0	0	0		0	0	2181.163895	0	11
CTCCGTCACACTGTTGACATTGGTGTATCC	0	0	0		0	0	48.47030879	0	0
CTCCTACCCAGCCATATCTATTGTATTCGC	0	0	0		0	0	315.0570071	0	11
CTCCTACCTTCAGCCGTCATTTTACTATTT	0	17.61415624	0		0	0	0	0	151
CTCCTAGCCCGCCGATCCACATCCAATCTT	0	0	0		0	0	48.47030879	0	40
CTCCTATGGTTTGATTAGTCTTCTTACACA	0	0	0		0	0	48.47030879	0	1418
CTCCTCATGGAGTCGTGGAGTAATATGGAT	0	0	0		0	0	605.8788599	0	690
CTCCTCTGTTACGGGGAGGAAGTGTCCCCT	0	0	0		0	0	72.70546318	0	6
CTCCTGGCGCCTAACCTATTCTTTATTCAT	0	0	0		0	97.77983644	1405.638955	0	452
CTCCTGTACTTTTACCCGATTTCGCTTTCA	0	0	0		0	67.79401993	751.2897862	0	19
CTCGAAAAATTGCGTAGATGTGTACTGGAT	0	0	0		0	0	218.1163895	0	12
CTCGAACTTCTTTGCCTTGTCCGTTCGCCC	0	0	0		0	96.47610529	169.6460808	0	166
CTCGAATCTCGGGGTTTTAGGCGAACTTGC	0	0	0		0	0	1017.876485	0	371
CTCGACAATCTAATGCTTTCTTGCTTGACG	0	0	0		0	0	48.47030879	0	5
CTCGAGGCATTGCGCGTCCCTAAGTGAATT	0	0	0		0	0	193.8812352	0	69
CTCGATAAGACATACTATCTTACTGGGATT	0	0	0		0	0	315.0570071	0	3
CTCGCAACCGGGCTTGGTATATTCAGTTTG	0	0	0		0	0	48.47030879	0	2
CTCGCAAGTGCACCCTAAAGATATAAAGGT	0	0	0		0	0	48.47030879	0	37
CTCGCAGTTCGAGTGAGCAGGCGCCCGTCA	0	0	0		0	0	24.23515439	0	6
CTCGCCCCTTCCCTATCCCTCACAACCCAC	0	4.403539059	0		0	0	0	0	0
CTCGCCGATTAAGGAGACACCAGAGTATTC	0	22.0176953	0		0	0	24.23515439	0	16
CTCGCTGAAAATTGTGGGCTCGGCCCGTGG	0	0	0		0	3.911193458	169.6460808	0	62
CTCGCTGTAAATTCACTTATGATATATTAT	0	0	0		0	0	315.0570071	0	257
CTCGGACTTAATTGCCGTGATGTGCTTTTG	0	72.65839448	16.02481545		0	0	0	0	8
CTCGGAGTGCTTGCTGGGACCAAGCTGAAC	0	0	0		0	0	48.47030879	0	51
CTCGGATTGGCCTGCTTGGCCTATGGGATT	0	13.21061718	0		0	0	1187.522565	0	163
CTCGGCAGGGGTGGGCAATTGGACGGGGTA	0	0	0		0	0	48.47030879	0	21
CTCGGCTGAGCACAGCTGTCGCAAATGGGT	0	0	0		0	0	48.47030879	0	16
CTCGGGAGTAGCTACCGACGGGGGCGAGCG	0	0	0		0	0	242.3515439	0	112
CTCGGGCGCTAGAGGAAGGGGCTTGGGGGG	0	0	0		0	0	72.70546318	0	0
CTCGGGGACTCAGTCTTTCCTCAGCCTTGT	0	0	0		0	0	193.8812352	0	2
CTCGGGGCATGGCAAGCCATGCATCGCCCC	0	0	0		0	0	557.4085511	0	122
CTCGGGGGTAGTCGCCCGTCTGGGCAACAG	0	0	0		0	0	242.3515439	0	39
CTCGGGGGTGCGACCGATGGGCGTGTCGCG	0	0	0		0	16.94850498	96.94061758	0	4
CTCGGGGTTGCCTGTTGATCCTGGTTCGGG	0	0	0		0	0	24.23515439	0	6
CTCGGTGGATTATATGCCTGTGTGATGGGC	0	0	0		0	0	48.47030879	0	3
CTCGGTGTGTCTTCTGGTACCGGGGTTCGC	0	28.62300388	0		0	0	363.5273159	0	18
CTCGTATCGTTAACATTAGGACTGTTTACA	0	0	0		0	0	1793.401425	0	85
CTCGTGGCGAACCGGTGCGTTGTCAAGGCA	0	0	0		0	0	121.175772	0	20
CTCGTTGTGTCGCTTCCCCTCGGAACGGCG	0	0	0		0	0	24.23515439	0	0
CTCTAAAAATGTTTGGTTGTAAGAATTGTC	0	0	0		0	0	72.70546318	0	0
CTCTAAGTAATTGATGTACAGTTATCTGTA	0	0	0		0	0	72.70546318	0	43
CTCTAATGACAGTGCACTGTGGTTGGCGAT	0	0	0		0	0	72.70546318	0	273
CTCTACAATCCTTTGTCGTAATTGCTGTGT	0	0	0		0	0	121.175772	0	8
CTCTACATGTTTCATTCTCTTTAAGTAAAA	0	0	0		0	0	24.23515439	0	0
CTCTAGGTTTATAGCAGTTCTGAATTTTTG	61.27293435	83.66724212	67.30422491		0	24.7708919	24.23515439	0	0
CTCTATATATTCCCTTCCTAAAGCTACCTG	0	0	0		0	0	484.7030879	0	181
CTCTCAAACGAAGGTATTGTCATAACACTT	0	19.81592577	0		0	0	1308.698337	0	349
CTCTCCCTTATTTCCCTTCTTTAACGGATG	0	0	0		0	0	48.47030879	0	46
CTCTCTTACAGCGGGTAATTTGTCGGTGGC	0	0	0		0	0	145.4109264	0	77
CTCTGACAGTGAAGGAAGGTTGCTGGTACC	0	0	0		0	0	48.47030879	0	3
CTCTGCAACGTCTCAACTTCGCCTGGTGAT	0	0	0		0	0	96.94061758	0	9
CTCTGCAAGCTGCTCACTTCGTTACTGGGT	0	0	0		0	0	193.8812352	0	9
CTCTGCCACTGTACAGGACCCCCCACTGCC	0	0	0		0	0	24.23515439	0	34
CTCTGCGTGATCGTTATGAGGCGTGGCAGG	0	0	0		0	0	121.175772	0	4
CTCTGGGCTATCTGGAGACTCGTTTTGTCG	0	0	0		0	0	605.8788599	0	195
CTCTGGTTACCTATATCTCCCGACTACAGG	0	0	0		0	0	72.70546318	0	9
CTCTTAATATCGTCTCTGCTCTTTGGCAAC	0	0	0		0	0	24.23515439	0	12
CTCTTAGCTCCACTTTCCGACGTTCAATGC	0	0	0		0	0	290.8218527	0	236
CTCTTAGTTGGGATATGAATTTGAACAGTT	0	0	0		0	0	1042.111639	0	48
CTCTTCCTTCCGACAGAAGTGGTAGCATTA	0	0	0		0	0	24.23515439	0	3
CTCTTCGACCTTACCGAATAAAGCTAGCCT	0	0	0		0	0	266.5866983	0	191
CTCTTTATAATGAGGTTTTTAGTCAAGTGT	0	0	0		0	0	24.23515439	0	3
CTCTTTATGTGGACTTCGTTTTGATCAGTG	0	0	0		0	0	96.94061758	0	6
CTCTTTGGTCGGGACATGTGAGGATTCGTT	0	0	0		0	0	2375.045131	0	32
CTGAACGAGGGCCAAGAGGCCGCCCGGGGG	0	26.42123435	0		0	0	72.70546318	0	2
CTGAACGTAATTTGTCAGAAAATTGTCCTA	0	0	0		0	0	48.47030879	0	1002
CTGAACTCGCTACTCCAACCGTTGGTATCA	0	0	0		0	0	24.23515439	0	13
CTGAAGCCTTTCTAGGATCTAATCGCCTTT	0	0	0		0	0	24.23515439	0	10
CTGAAGGATTCTACTGTCTGCACGTCTGTA	0	0	0		0	0	72.70546318	0	14
CTGAATTGTTCGTATAATTAAATGTCGCGC	0	0	0		0	0	48.47030879	0	7
CTGACGCCTTCCGGCGCCTGGAATAACGAG	0	0	0		0	0	24.23515439	0	2
CTGACGTTATTAAGCGACTTTGGATATATT	0	2.20176953	0		0	0	533.1733967	0	135
CTGACTCAACTGCAAAAGCGGTTATGACCT	0	0	0		0	0	72.70546318	0	0
CTGACTTGCAAAGTACGCAAGTAAGACGTA	0	0	0		0	0	24.23515439	0	0
CTGAGCACGCCGGGGTGTTTGGGAACCCGG	0	0	0		0	0	339.2921615	0	79
CTGAGGCCCGGCGGGTGGATATGGCGGGGG	0	0	0		0	0	48.47030879	0	12
CTGAGGTTTATCTAAGGTAAGTGTGTTAAA	0	0	0		0	0	96.94061758	0	33
CTGAGTAAACGTTGAAACTTTAGATGTGGG	0	0	0		0	0	72.70546318	0	0
CTGAGTGAATACTTGCTTCCCCAGTCATTT	0	0	0		0	0	72.70546318	0	296
CTGATAGTGACCTGGGGCAATGCCCCTTTA	0	0	0		0	0	145.4109264	0	0
CTGATCACCTAGAGTGGGCAGCGTAGTACC	0	0	0		0	0	24.23515439	0	2
CTGATGAGTGTATAGAACTCGAACACATCT	0	0	0		0	0	460.4679335	0	17
CTGATTAAAATTGCCATACCATTGTGATCA	0	0	0		0	0	96.94061758	0	12
CTGATTACATCACCCTCTCTTAACGGCCGT	0	0	0		0	0	48.47030879	0	10
CTGCAGACCGGTGGGCCCGCCGACACGAAT	0	0	0		0	0	218.1163895	0	37
CTGCAGCCCAGTGACGTTTGTTTCGACTGG	0	0	0		0	0	48.47030879	0	3
CTGCAGTTACACATTCCTGATTAACATACC	0	0	0		0	0	315.0570071	0	889
CTGCATACCTTGTCCTTTATGGAAGAACTG	0	0	0		0	0	242.3515439	0	96
CTGCATCAAGGCTGTCCGACCTTCATTGGC	0	0	0		0	0	1332.933492	0	74
CTGCCCGTTTCAGATTGGACAGCACTTAAT	0	0	0		0	15.64477383	799.760095	0	215
CTGCCCTCCTTCGTCCTTGATTTAGAGCGG	0	0	0		0	0	24.23515439	0	29
CTGCCCTGCCTTGTAGCGGGTTAGTTGTTT	0	0	0		0	0	1551.049881	0	1111
CTGCCCTTTACACCATATGTAGCTGGCGGA	0	0	0		0	49.5417838	0	0	62
CTGCCTCCTTCGGGGGGACAGTCATTGGGC	0	0	0		0	0	969.4061758	0	65
CTGCCTCTTGATTTGTGAACGTCATCACAA	0	0	0		0	0	24.23515439	0	8
CTGCCTTGAATCTGTGAGGCATGCATTACC	0	0	0		0	0	121.175772	0	61
CTGCCTTGCTGCTTCAAAGTTATGAGGACT	0	0	0		0	0	1769.166271	0	64
CTGCGAAAATCCTGGTTCGAACAAGTCTAA	0	0	0		0	28.68208536	0	0	8
CTGCGCATCGGAGATCGGGATTTTAGTACG	0	264.2123435	12.81985236		0	0	3029.394299	0	108
CTGCGCTGTGCTGCGAGGTCTAAGAAGGCC	0	0	0		0	0	72.70546318	0	0
CTGCGTTGTACGGGGCTTCTGGGAGTAGGC	0	0	0		0	0	24.23515439	0	3
CTGCTATCAACGCATACTATAACACTACTA	0	0	0		0	0	121.175772	0	243
CTGCTATGTTATGACGCTGCAAAGAGGCTA	0	0	0		0	0	72.70546318	0	5
CTGCTCAGGTCGCGGATGCGATCTAATGAG	0	0	0		0	0	24.23515439	0	0
CTGCTCCCTACAAAACTACGTCTCGGGAAG	0	0	0		0	46.93432149	0	0	141
CTGCTGAACTACAAATAGGATTCGTGTTAT	0	0	0		0	0	218.1163895	0	56
CTGCTGGGCAAGTTATTTCGTGTCACGTAA	0	0	0		0	0	2471.985748	0	359
CTGCTTTGGCAAAGGTCATTATCCCAATCA	0	0	0		0	0	290.8218527	0	6
CTGGAATTATCAGGTATACAGGGTTTTGGT	0	0	0		0	0	24.23515439	0	13
CTGGAGCTAAGAACAGTGTTAATGGTTTTC	0	0	0		0	0	48.47030879	0	412
CTGGAGGTCTCTCGTATTTTTAATGAGTGA	0	0	0		0	0	24.23515439	0	2
CTGGAGTTAGGCCCACGGTCACTATCTATG	0	0	0		0	0	1066.346793	0	563
CTGGATAGGGTGGTCGGGCACGCTCATATG	0	0	0		0	0	3732.213777	0	3053
CTGGATCTTCCCTTTGTCTATTGATTCGCT	0	228.9840311	110.5712266		0	0	0	0	131
CTGGATTCCCCGGCCCTAAGCGATTCTCGG	0	0	8.012407727		0	0	0	0	25
CTGGATTTAGACTCTTCACATTTCGTAATT	0	0	0		0	0	24.23515439	0	15
CTGGCAAAAGCGTTAAAAAGTATTCGTATG	0	0	0		0	0	3392.921615	0	154
CTGGCACAATGAGATTGCTGTGGCCTGTAT	0	0	0		0	0	24.23515439	0	0
CTGGCAGGCGCGCTGAGGGGTAAAGGGGTG	0	0	0		0	0	72.70546318	0	205
CTGGCAGGTGGGAACTGTGAAAGGACAGTA	0	0	0		0	0	72.70546318	0	82
CTGGCCACTTCATGATACCTAGTAATAAAT	0	438.1521364	0		0	0	72.70546318	0	154
CTGGCCGTATTGGTCTAAGGTTGGCGTGAA	0	0	0		0	0	24.23515439	0	4
CTGGCCTGTCCTCTATCACTATCCGACGCC	0	0	0		0	11.73358037	0	0	0
CTGGCTATGGTTTACACGTTTTTAGTCGCT	0	0	0		0	0	24.23515439	0	5
CTGGCTCAATGCTGTCTTTCGGAGGGTTAG	0	0	0		0	0	48.47030879	0	2
CTGGCTCTGGGGATAGTGAAATAAGGCCTG	0	0	0		0	0	1090.581948	0	464
CTGGGAAGGGGAGCTAAGCCGTGGAGGAGG	0	30.82477341	0		0	0	0	0	26
CTGGGCGGGTTCTCGCCTTCCGTACGCCTT	0	0	0		0	0	145.4109264	0	41
CTGGGCTTGCTGGCCTTAGTGCACGCGAAT	0	0	0		0	0	121.175772	0	122
CTGGGGGCCGGGTCGCGACCTAGCCCTGTC	0	0	0		0	0	145.4109264	0	7
CTGGGTCAACGAGATTTTCTTAAATTGATC	0	0	0		0	0	24.23515439	0	4
CTGGGTCTCGGAATGCTGCGGGTTGGACTC	0	0	0		0	0	24.23515439	0	111
CTGGGTGCAGTGGGCATAAGCCCGACTCTG	0	0	0		0	0	48.47030879	0	30
CTGGGTGTCTCTGCGCTCCGGCCTGTCGTA	0	0	0		0	0	48.47030879	0	37
CTGGTATCGACAGCAGACGGTGTGGTGGGT	0	0	0		0	0	24.23515439	0	12
CTGGTCCTGGCGTTTGGGCGCCTTGCAGGT	0	0	0		0	0	48.47030879	0	68
CTGGTGAAATTTTTTTGGTGGTATGGGCTC	0	0	0		0	3.911193458	145.4109264	0	3
CTGGTGCGGGCGGTCGAAGGGCCGGTCCTC	0	0	0		0	0	145.4109264	0	2
CTGGTGCGTATGTCATATTAGTCCAATATC	0	0	0		0	0	24.23515439	0	429
CTGGTGCTGTCGGTGGACCGTACGATCGTG	0	0	0		0	0	24.23515439	0	10
CTGGTGGCCCCGGAGAGGGGGGTAGGGCAG	0	129.9044022	0		0	0	2011.517815	0	191
CTGGTTCCCCCACCAATGCGTCTTCCACTA	0	0	0		0	0	24.23515439	0	22
CTGGTTTGAAGCTTTTGTAATCTTGTCCCG	0	0	0		0	0	145.4109264	0	3
CTGTAAAGCTCTTAGTTGCTCACAAGTTTT	0	0	0		0	0	48.47030879	0	15
CTGTAACTGTGCTCGGATCATACTTTCCTA	0	0	0		0	0	339.2921615	0	25
CTGTAAGCTTATGTGGCGTGATGCAGTCTC	0	0	0		0	0	218.1163895	0	0
CTGTAATTCCTGGTGTCATAGTTACATCGA	0	0	0		0	0	387.7624703	0	18
CTGTACAAAGGCTAGGTACGACAGGAAGTT	0	0	0		0	0	193.8812352	0	217
CTGTACAGACCCCACTTTAAACATTAATTT	0	0	0		0	0	24.23515439	0	2
CTGTAGATTTGATTCGTGATGTGTCCACTT	0	0	0		0	0	24.23515439	0	6
CTGTAGGGAGCGGGAGACACATGTTGTAAT	0	0	0		0	0	24.23515439	0	895
CTGTATCTTGGCTGTGTTGTGGCACGAATT	0	0	0		0	0	848.2304038	0	485
CTGTATGGGCACAGTGTACGCGTTATAGTT	0	0	0		0	0	24.23515439	0	13
CTGTATTAGTTGCGGGCTGGCGGGGGGTGG	0	0	0		0	0	218.1163895	0	20
CTGTATTTCTCGCAGAGCATATCTTCCGTG	0	0	0		0	0	48.47030879	0	2
CTGTCAAACGGTGTTCCACCTTTCCCAGTG	0	0	0		0	20.85969844	751.2897862	0	10
CTGTCAGCGGGCCGGCGGCCGTAGTTTTCG	0	0	0		0	0	24.23515439	0	23
CTGTCCCAGCGGGGGCGACATGTTGTTTTA	0	0	0		0	0	24.23515439	0	12
CTGTCCCAGGGAGCGCTATGTGCGAGGATA	0	0	0		0	0	24.23515439	0	75
CTGTCCGACTTGCATTGAGCCCGATCCTCA	0	0	0		0	0	24.23515439	0	5
CTGTCCTTACACCTTCAGCCTATCTTAAAC	0	0	0		0	0	169.6460808	0	581
CTGTCGAATTCATGACTTCGTTCTTCCGTT	0	0	0		0	10.42984922	0	0	30
CTGTCGGCGCAGACCACCTTGAGTATAAGC	0	0	0		0	43.02312803	0	0	311
CTGTCGGTTAGTCTGCAGGTGAGCCTCATT	0	0	0		0	0	72.70546318	0	223
CTGTCGTCGACGCCGTCGGTTGGGGACGGA	0	0	0		0	0	96.94061758	0	31
CTGTCTAGTGACGGATTTTCTAGAAGCGTT	0	257.607035	0		0	18.25223614	121.175772	0	2
CTGTCTTAAGCATCTGGTCATGATGTCAGT	0	0	0		0	0	1938.812352	0	327
CTGTCTTCATGGGGATCTCAGGCGTGACTT	0	0	0		0	0	484.7030879	0	691
CTGTGAAATTTAGTGACCGACCGAATGTTC	23.24145786	26.42123435	46.47196482		0	0	72.70546318	0	45
CTGTGACCGGGTTTGCACTGAAACCGGCTG	0	0	0		0	0	24.23515439	0	3
CTGTGGGAGCAGCTCGTATTAGTGGCGCCC	0	0	0		0	0	96.94061758	0	2
CTGTGTAGTCTTGCGATAGGTGTACTATAC	0	0	0		0	0	24.23515439	0	311
CTGTGTTGAAAATGTCCAAGTTGGTCCTTT	0	0	0		0	0	24.23515439	0	26
CTGTTAATAATAAGACGTATTTCTACAGCT	0	0	0		0	0	9330.534442	0	26
CTGTTAGGACGCATATTAGGGCCCCTCGGA	0	0	0		3	1.303731153	24.23515439	0	0
CTGTTCAGGGTCTGTGTGTGAATGACGTTA	0	0	0		0	272.4798109	0	0	442
CTGTTCATTCATACCTTCTATGTCTTTGCT	0	0	0		0	0	72.70546318	0	15
CTGTTCGATTCATAAACTTTTACTACTCTG	0	0	0		19	0	48.47030879	0	2
CTGTTCGGGCGGCTTCGCAATTGCCGTGGG	0	0	6.409926182		0	0	72.70546318	0	6
CTGTTCTAAGGAAGTGTTGAGGGCGCTTGG	0	0	0		0	0	411.9976247	0	12
CTGTTCTGTTCCAGAAGGGGGTCTAAATGT	0	0	0		0	82.13506261	218.1163895	0	14
CTGTTGTACCCACGCGTGGAATACACGCTT	0	0	0		0	0	96.94061758	0	8
CTGTTTCCTTATATCGAGGTGCAGATCTAT	0	0	0		0	0	24.23515439	0	59
CTGTTTGGATTTAAAGGCAAATGAAGACAG	0	0	0		0	0	581.6437055	0	1327
CTGTTTGGGACGTGGTTGTTCGTGAATACG	0	0	0		0	1.303731153	12941.57245	0	11
CTGTTTGTTATAAATCGCGCGGGAGACCGA	0	0	0		0	83.43879376	218.1163895	0	4
CTTAAATCGGCGTGGGCACCCTATCGTCAA	0	0	0		0	0	315.0570071	0	3
CTTAAATGTAAATCCTTTATGATGTTCCAG	0	0	0		0	0	630.1140143	0	4
CTTAACACTTCATGGGTAATATTCTTCATA	0	0	0		0	0	24.23515439	0	2
CTTAACCGTGATCTAACAATTTCTGCCGTC	0	0	0		0	0	72.70546318	0	20
CTTAACCTATCACCTATCATGCATTTGGTA	0	0	0		0	0	24.23515439	0	5
CTTAACGTGCACACGTTCATATCATAACTA	0	0	0		0	817.4394327	1066.346793	0	141
CTTAAGGTCACGTCCGGATGTTTGTGGCTT	0	0	0		0	0	1454.109264	0	1472
CTTAAGTTTATTGGATTAGATGCCTTAAAA	0	0	0		0	0	24.23515439	0	2
CTTAATAAACGCGCTATTATGTAAGGGCTA	0	0	0		0	0	514463.8575	0	24
CTTACAAACTCGCGGCCCAATTCAGTTCGC	0	0	0		0	0	24.23515439	0	0
CTTACACCTAGGAAACCTCATGGGAATTGA	0	0	0		0	0	96.94061758	0	0
CTTACATAATTAAAGCTTAAAAATCGACGC	0	0	0		0	0	1235.992874	0	51
CTTACATGAGCAATAAAATATTTGCCCTAC	0	0	0		0	0	605.8788599	0	31
CTTACCCAACATTGGGGCGTCGATGTGGGA	0	0	0		0	0	48.47030879	0	11
CTTACGACAGAAAATAAAGGGATTTCGCAC	0	0	0		0	0	169.6460808	0	0
CTTACGATGTGCCCGTGCGTATGTTGCAGG	0	0	0		0	0	24.23515439	0	16
CTTACGTTGCGTGGTGCTTTCGAATCCGTG	0	0	0		0	0	96.94061758	0	341
CTTACTGTCCCGTCCCCGTAGGGTTTGTGT	0	0	0		0	7.822386915	121.175772	0	0
CTTACTGTTTGTGCAGCTGAAAGACAATGT	0	0	0		0	0	72.70546318	0	0
CTTACTTTCAGGTCACTTTAGTGATCGGGT	0	0	0		0	0	72.70546318	0	9
CTTAGATACTATCCCATCGCACTCATAGTA	0	0	0		0	0	48.47030879	0	58
CTTAGGACAATACTGGGTCGGCTCACTGCA	0	0	0		0	0	993.6413302	0	568
CTTAGGACACGTCGGATGGCGCAAGCCGTG	0	0	0		0	0	145.4109264	0	5
CTTAGTTCGATAATATCGACATTAGCATCC	0	0	0		0	0	339.2921615	0	24
CTTAGTTGGGCTATGTACTCTCGGTTTACG	0	4.403539059	17.627297		0	0	48.47030879	0	9
CTTATAACGGCACTACTGTAATAGTTACAT	0	0	0		0	0	48.47030879	0	10
CTTATAACGTTTGGCCATTCGCATCCGGAC	0	0	0		0	0	24.23515439	0	0
CTTATAGATGGTCACGCTTATTTTTGTTTG	0	0	0		0	0	169.6460808	0	26
CTTATATTGGGACCACTCGACCGGTCTCTA	0	17.61415624	0		0	0	0	0	0
CTTATCACCTATTTTGGACGGTCGTCACGG	0	0	0		0	0	145.4109264	0	108
CTTATCCTTCATTGGACTATGAAATCGCTT	0	0	0		0	61.27536417	24.23515439	0	112
CTTATGCGGGATTCCGGTCTGGGAGTACTC	0	0	0		0	0	96.94061758	0	36
CTTATGTAGTTATCAGGCAATGCCGTATGC	0	0	0		0	0	24.23515439	0	8
CTTATTACGAGAAGCGATGATCTGAGGTGG	0	50.64069918	3.204963091		0	0	24.23515439	0	12
CTTATTATTATAATGTTTAGATGTTTCTTA	0	0	0		0	0	48.47030879	0	38
CTTATTATTTATCGGGCCTATTCCTACAGT	0	0	0		0	0	48.47030879	0	7
CTTATTGGGACTGATCAGTTCCCGTTTCGC	0	0	0		0	0	193.8812352	0	0
CTTATTGGGATCCGACAAGCAGGAGCTGTT	0	0	0		0	0	24.23515439	0	4
CTTCAACTTCTCCCGCCACTACACACTCTT	0	0	0		0	0	121.175772	0	9
CTTCAATACTCCAGGTTCTTGCGTGCTGCT	0	0	0		0	0	193.8812352	0	0
CTTCACCTTCAAGGCGGGTGCTAGGGTGAA	0	0	0		0	0	24.23515439	0	0
CTTCAGTAAAAGTATCTCACTATGGTGCCC	0	0	0		0	0	24.23515439	0	3
CTTCAGTATGGGGTTTGGATACAGAAGATT	0	416.1344411	0		0	0	290.8218527	0	433
CTTCATAGGCGCCTTGGGGTTATCTTCGAA	0	0	0		0	0	24.23515439	0	18
CTTCATCCGGTTGCGTATCGAACATGTCTA	0	0	0		0	0	533.1733967	0	247
CTTCATGCGTGACAGGTGTAACGACCCCCC	0	0	0		0	0	72.70546318	0	12
CTTCATTAGATATACCTTGTGTGACGTAAT	0	2.20176953	17.627297		0	0	1526.814727	0	52
CTTCATTCGTCCGTGGTTGCGTCGATCCTA	0	0	0		0	0	24.23515439	0	0
CTTCATTGGTGCAACATATGCTTGGATGTC	0	0	0		0	0	266.5866983	0	20
CTTCCACCAATTGCTCATCTTTTTAGTAGT	0	0	0		0	0	96.94061758	0	35
CTTCCACGGCTTGGCCGTGGTCTATTATCT	0	0	0		0	0	3392.921615	0	17
CTTCCAGGCACGTCAGATGGCTGAAGTCCT	0	0	0		0	0	48.47030879	0	19
CTTCCCACTCACGACTTGGGGGAAGGTCGA	0	0	0		0	0	533.1733967	0	931
CTTCCCTCAGCGCGACTGTTCGTTCATAGT	0	0	0		0	0	193.8812352	0	7
CTTCCTATCACGAATCCACATATGTTGAGA	0	0	0		0	0	508.9382423	0	975
CTTCGAATCAGACAAGTTGTGGTTCTGTAT	0	0	0		0	0	24.23515439	0	12
CTTCGAATTTTGGGACTTTGGGTGAATGTC	0	0	0		0	0	169.6460808	0	19
CTTCGACCCGACGTGTGTCGATACTGTAGT	0	77.06193353	0		0	0	0	0	10
CTTCGAGAGTCCGCCTGCGCGGGTAGTCCG	0	0	0		0	0	557.4085511	0	47
CTTCGCCCAGTCCCGATACCCAACTCAGGA	0	0	0		0	0	1890.342043	0	1278
CTTCGCGCCAAATTAGACCAGCAGCAGTGG	0	114.4920155	0		0	0	48.47030879	0	47
CTTCGCGTAATAATCGATATTCCCCTGGCT	0	0	0		0	0	24.23515439	0	2
CTTCGCTATAAAGCTTGGTTTCATTTGGTC	0	0	0		0	0	24.23515439	0	9
CTTCGGGAGTCAGCTGTGATTACTCACTGC	0	0	0		0	2.607462305	48.47030879	0	2
CTTCGTAGTACAGTACCCTGACTTCGGGCT	0	0	0		0	0	533.1733967	0	100
CTTCGTTAGACCCGTTTATGTTTCCTTTTC	0	0	0		0	0	557.4085511	0	34
CTTCGTTGCCAGTCTTTACCGGACACCAAA	0	0	0		0	0	48.47030879	0	527
CTTCTAAGTATCATAATTATGGGTACTTTA	0	0	0		0	0	121.175772	0	6
CTTCTCGATCGATCTTGCATTCGTTGACTC	0	0	0		0	0	121.175772	0	4
CTTCTCGGCTACTTAAACTGTACATTGGAT	0	0	0		0	0	24.23515439	0	4
CTTCTCTCGAAGACCGGGGCCGGCAATAGT	0	0	0		0	0	387.7624703	0	79
CTTCTGCTCGATCCAACTGTTCCAAGTTAC	0	0	0		0	0	145.4109264	0	559
CTTCTGGCACGTGCATCTGAGGGCGGGGTC	0	2.20176953	0		0	0	0	0	0
CTTCTGTCGGTTTGTTGCCGTCTAGATGTC	0	0	0		0	0	48.47030879	0	3
CTTCTTAACCCGTCATTTAAATGAAACCGT	0	0	0		0	0	2011.517815	0	714
CTTCTTGATGTAAGGTCTAGTTTTCGGGTT	0	0	0		0	0	242.3515439	0	4
CTTGAAGCAGGCCGGGATTTACTGCGGCCG	0	0	0		0	102.9947611	0	0	53
CTTGAAGTTTACTGATTCCGTGAAACTTTT	0	0	0		0	0	24.23515439	0	49
CTTGACAGTCCGACACTTAAGAACTACGTC	0	0	0		0	46.93432149	121.175772	0	9
CTTGATAGTTCTACAATTGAATTCATAGTT	0	0	0		0	52.1492461	145.4109264	0	513
CTTGCCAATACGAAAGCTGGGCTCTCTAGC	0	0	0		0	0	48.47030879	0	0
CTTGCCCGGCGACGGTTTATCTGGTGCGAG	0	0	0		0	0	24.23515439	0	167
CTTGCCTCATCGAAGCTGTGGATGGCAGCG	0	0	0		0	0	315.0570071	0	41
CTTGCGTTGAAATCACGACTTTAACAACTT	0	0	0		0	0	24.23515439	0	11
CTTGCTTGAGGGTGCCATTTATAGACTACT	0	0	0		0	1.303731153	0	0	3
CTTGGCACCATTGGTCATGTGTTATAGCTA	0	0	0		0	0	1260.228029	0	13
CTTGGCATCGTAGATTTCTTTTTGGCGTCT	0	0	0		0	0	24.23515439	0	6
CTTGGCGCGAAGCTTGTCATTCACCTAGCC	0	0	0		0	0	48.47030879	0	3
CTTGGCGCGCGAAGCCTCTAGGCTTTGGAG	0	0	0		0	0	363.5273159	0	4
CTTGGCGCTCTGTGCTTTCTAAATGCTGTA	0	0	0		0	0	339.2921615	0	180
CTTGGCTTTAGTCTCTACGCACGGATTAAT	0	0	0		0	0	72.70546318	0	3
CTTGGGCTCATGACCTTGTATTCAACGTGT	0	0	0		0	40.41566573	0	0	26
CTTGGGCTCGAAAAGAGATTCGTTGAGAAA	0	0	0		0	0	24.23515439	0	0
CTTGGGTCGTACTCGACCTCAGCAACTAAA	0	72.65839448	0		0	0	24.23515439	0	75
CTTGGTCGTCATACCCATGAATTGGGAACT	0	0	0		0	0	945.1710214	0	971
CTTGGTGATGTTCATTTGCGGGGTAGTATA	0	0	0		0	0	169.6460808	0	2
CTTGTAATTGGCGTCTCAGCCCATTCAGTG	0	0	0		0	0	508.9382423	0	4
CTTGTAGAGGTACTTCCCGACCGGAAGGCG	0	22.0176953	0		0	0	0	0	78
CTTGTAGCCTGGAGACATGATTGAGAATTT	0	0	0		0	0	169.6460808	0	325
CTTGTAGGTACTAAGTCAGCCATGTTCTTC	0	0	0		0	0	24.23515439	0	11
CTTGTCACCTTGGAGGTTATATACATATCT	0	0	0		0	0	145.4109264	0	3
CTTGTCATCCGCCGGTACAATGTGTCTATT	0	0	0		0	0	193.8812352	0	18
CTTGTCCTAATTGAGTATGTAGCTATGAGT	0	0	0		61	0	72.70546318	0	180
CTTGTCCTCATTACTTTGTTGGGAGTTTGT	0	0	0		0	70.40148224	218.1163895	0	989
CTTGTCGGCACCTTTGGTGTGCATACATCA	0	0	0		0	0	24.23515439	0	9
CTTGTCTGTGTCCGGCGTACAATTGTGTGT	0	0	0		0	11.73358037	0	0	65
CTTGTGAGAGTGGTGCAGGATATTCACAAC	0	0	0		0	0	96.94061758	0	7
CTTGTGTCTATGTTAGTCTTAACTGTCGAG	0	0	0		0	43.02312803	0	0	10
CTTGTTCACGTTATTCCTTTTTACGGGCTA	0	0	0		0	0	1017.876485	0	5
CTTGTTCCAAGTACATCTTCGCCTTTTTAG	0	0	0		0	262.0499617	363.5273159	0	115
CTTGTTCCGCGCGTCTACTGATGCAGGGGG	0	0	0		0	2.607462305	48.47030879	0	2
CTTGTTCTCCCGTTGCTATCAGTCACGCGT	0	0	0		0	0	72.70546318	0	86
CTTTAAACTAATAAGTATCAGCGTGTCTAA	0	0	0		0	0	5961.847981	0	18
CTTTAAGCGTGATTGATCACACAGTAGGCG	0	0	0		0	0	339.2921615	0	2
CTTTACACGTCGAAATTGAAACGGCTTCTG	0	0	0		0	0	169.6460808	0	16
CTTTACCATAGGACTTGGTGGGCTACACCC	0	0	0		0	0	24.23515439	0	8
CTTTACGCTACTTACGCCGGTCTTCGAGCT	0	0	0		0	0	48.47030879	0	28
CTTTAGCGACAGTGATTGGTACGCACTCTT	0	0	0		0	0	145.4109264	0	8
CTTTAGGGGGAGTCCGCACAATTCATTGTC	0	0	0		0	20.85969844	72.70546318	0	16
CTTTAGGTACGCTTTTAGACGTTCAACCCG	0	0	0		0	0	727.0546318	0	10
CTTTAGTTTTTGTTCTCGATTCATGAGATT	0	0	0		0	0	169.6460808	0	7
CTTTATATACATGGGAGCCTGGCCTAGAAA	0	121.0973241	0		0	0	121.175772	0	53
CTTTCAAACTGTAGTCATGTGGTCATCACT	0	0	0		0	0	48.47030879	0	46
CTTTCAGCCAGAGACTTCCGCGTTTCGTCG	0	0	0		0	0	775.5249406	0	5
CTTTCCCCATAGCGGCACAAGGCAGTTTTA	0	0	0		0	0	72.70546318	0	9
CTTTCCCTCGCATGGGCCTGCGATGATGGT	0	0	0		0	0	96.94061758	0	149
CTTTCCGAGAAGGGAAGTTATCCTAAGTGA	0	35.22831247	0		0	0	24.23515439	0	3
CTTTCCGGATTATGTTCTCATTGCGCTTGA	0	0	0		0	0	96.94061758	0	6
CTTTCCGGGAATTCGTATGTTATAAGCAAC	0	0	0		0	0	145.4109264	0	16
CTTTCGCTGGCGTCTGCATATTATCGATTC	0	0	0		0	183.8260925	218.1163895	0	4
CTTTCGGTATATGAACAGATAGATTACGCA	0	0	0		0	0	24.23515439	0	185
CTTTCGTCGATGGTAGCTGAGACGGCTCTT	0	0	0		0	0	24.23515439	0	3
CTTTCGTTTACGTACTGCTAGTTACCTCAA	0	0	0		0	13.03731153	0	0	22
CTTTCTGGTAATTTTCGAACAGAAATTCAC	0	0	0		0	36.50447227	169.6460808	0	35
CTTTGAACCTTACTTGATACTGACGCCCTA	0	0	0		3	0	24.23515439	0	35
CTTTGACCGTGGACCGATGTAGTGCATCGA	0	383.1078981	0		0	0	727.0546318	0	296
CTTTGATGGTTTAGGGTCGTATAGAGGGTT	0	0	0		0	0	145.4109264	0	47
CTTTGCAGGACGTACACAGACCTTATGTCG	0	0	0		0	0	24.23515439	0	3
CTTTGCCGACTAGGTCAACAGTGCGCTGGC	0	0	0		0	275.0872732	1429.874109	0	15
CTTTGGAAGGTGCCTGATATGCTCTAGGAA	0	328.0636599	0		0	0	460.4679335	0	1022
CTTTGGACATCTTCGCGTTTATATCTGGAT	0	0	0		0	0	48.47030879	0	13
CTTTGGCCGCCTGACTACATCTTGGCATGT	0	41.83362106	9.614889273		0	0	96.94061758	0	197
CTTTGTAATTTGTAAATTATATTTCACGCT	0	0	0		0	0	48.47030879	0	31
CTTTGTAGGACTGTTTGGACTACTGGGTTG	0	0	0		0	0	121.175772	0	3
CTTTGTAGTGAGTCTATCTGGCTTGGGCAG	0	0	0		0	0	1817.63658	0	2
CTTTGTGTTAAGCTGTAAATGTTAACCACT	0	0	0		0	9.126118068	0	0	4
CTTTGTTTTTTGGGATTACACGATCGAATC	0	0	0		0	0	24.23515439	0	5
CTTTTACGCGTTAACTTACACAGGGGGGGA	0	0	0		0	76.920138	290.8218527	0	370
CTTTTAGCAACATCTTTTCGTGCCGTTATT	0	0	0		0	0	72.70546318	0	15
CTTTTAGCTTCTGCTAGTGTGTGAGATATT	0	0	0		0	0	96.94061758	0	454
CTTTTCACTAGGAACCGCTCCATATGGCTC	0	0	0		0	0	24.23515439	0	2
CTTTTCATCATGCGCTGGGTGTGTGCGGGT	0	0	0		0	0	96.94061758	0	458
CTTTTCGATATGATTACGTTTCGATCTCCG	0	0	0		0	0	266.5866983	0	16
CTTTTGCCACGTTGTTTACTCCAAATGTCC	0	0	0		0	0	72.70546318	0	70
CTTTTGCGCGCCAAGTTATTTTAGAGTCAG	0	0	0		0	27.3783542	0	0	5
CTTTTGTGCTTGTGTGGTCATCTGGGATGT	0	0	0		0	6.518655763	0	0	0
CTTTTTAGAGTTTACATCCCCAAACCTATC	0	0	0		0	0	24.23515439	0	5
CTTTTTCCTTTGGTCAGTTGTGGTCAAACG	0	0	0		0	0	315.0570071	0	152
CTTTTTCGTAGATTCATCTCCGGCCCAGAC	0	0	0		0	0	96.94061758	0	69
CTTTTTTATATGCATTTACGATGAGGTTAA	0	0	0		0	0	48.47030879	0	7
GAAAAAAGCACACTTGTGTTACGGTTGAGT	0	0	0		0	0	48.47030879	0	2
GAAAACGCGGGCAAATTCCGCGCAAGTAAT	0	0	0		0	1.303731153	0	0	156
GAAAACGCTAGGTCGTTTGGGCTGATTGCG	0	0	0		0	7.822386915	0	0	22
GAAAAGCAATGTGTTGTAATGCATGCTGAT	0	0	0		0	0	2326.574822	0	477
GAAAATCTCGAGCACCAAGTGCGTTAGGGG	0	0	0		0	0	48.47030879	0	3
GAAAATGGAATCGTTTGTGCGACTACCTTT	0	0	0		0	0	24.23515439	0	633
GAAACAGAAACAGTACTGTGCAATCGGTTG	0	0	0		0	0	145.4109264	0	4
GAAACAGTTTCCTCGTCGAGCGCGTAAAAA	0	0	0		0	0	121.175772	0	5
GAAACATCGAGGAAAGGTGCCGCGGGGGGG	0	0	0		0	6.518655763	169.6460808	0	5
GAAACGCGAGATGCCTATCACACAGTCTAT	0	0	0		0	0	24.23515439	0	0
GAAACGTACGAGTTACATCCGGACTGGATC	0	0	0		0	52.1492461	193.8812352	0	580
GAAACGTTGCCTTCCGAATCACGTTAGCGT	0	0	0		0	0	24.23515439	0	5
GAAAGAAGCGTCTTTGTGACGTGGCCTCCA	0	0	0		0	0	1260.228029	0	349
GAAAGCACAACTTATGATAATCTGAAGTGA	0	0	0		0	0	24.23515439	0	0
GAAAGCATTTTCTGCCGTATGAAGCTCGTG	0	0	0		0	0	896.7007126	0	128
GAAAGCTCGGCTAGGAGATCTTTAATCCCT	0	0	0		0	164.2701252	557.4085511	0	700
GAAAGCTCTGGGTAAATCCCAAGCTCCGGA	0	0	0		0	0	72.70546318	0	300
GAAAGGGAATAGAGTCTTAACACTTCCGTT	0	8.807078118	19.22977855		0	0	0	0	10
GAAAGTGTTGCTACCGCCTAAACCATCGCT	0	0	0		0	0	2253.869359	0	644
GAAATAAGTTAAACTGAGTGAAGTTAAGAA	0	0	0		0	0	290.8218527	0	252
GAAATATCTTTGGTTATAATTATCGAAGCC	0	0	0		0	0	24.23515439	0	9
GAAATCTTTACCTAAGTAGAGTTCCGTTAC	0	0	0		0	0	145.4109264	0	8
GAAATTATACGGTTAGAAGTATGGGCCTAA	0	0	0		0	0	581.6437055	0	455
GAAATTCGGTAGGGTCGCACTTATTCTTTG	0	79.26370306	62.49678027		0	0	24.23515439	0	38
GAAATTGACTCGCGTTTCCTTTAAATCGGC	0	13.21061718	0		0	0	48.47030879	0	31
GAAATTGGAGGTCGGTAAGCATTTGGTTAA	0	0	0		0	0	1211.75772	0	17
GAAATTTCCTGCGAAATGACACAGGCTACC	0	0	0		0	0	775.5249406	0	222
GAACAAGTGCTAGAATGTCCACCTACATTT	0	0	0		0	20.85969844	0	0	11
GAACACTCGTATAGCTATTAAACCATTGAG	0	0	0		0	0	24.23515439	0	93
GAACACTCTAAGGAGTAGATGCGTGTAGGT	0	0	0		0	0	48.47030879	0	188
GAACACTTCAGCGTAGTAGAATTTCGTTTG	0	0	0		0	0	24.23515439	0	442
GAACACTTTGGCGGCTAGCACCACTGATTC	0	0	0		0	0	96.94061758	0	2
GAACAGACGACCATATCTCTTGATTGGTTA	0	0	0		0	0	242.3515439	0	1202
GAACAGTAGTATTCCTTTCCACCTGAGTAG	0	0	0		0	0	121.175772	0	120
GAACAGTTTTGGAGGTACATTGGTTCTGTA	0	0	0		0	0	48.47030879	0	0
GAACATCACGCGCGAGTAGCCTTGGTTTCC	0	0	0		0	0	72.70546318	0	258
GAACATGTAGCAAGCAAGGTTGTCTTCGGG	0	8.807078118	0		0	0	0	0	65
GAACATGTCAGCCATCATAGGCTGCTCTCG	0	0	0		64	31.28954766	48.47030879	0	10
GAACCAAGGGGCATCCTGTTGACCTTGTGT	0	0	0		0	0	48.47030879	0	11
GAACCATAATGGGCTCCAATCGAGGTCGCC	0	0	0		0	0	48.47030879	0	2514
GAACCATGGGGTGATGTCTACGGTTTCCGA	0	0	0		0	0	242.3515439	0	574
GAACCGTAGCCTATCTAGCTGCTGGTTCCG	0	0	0		0	0	242.3515439	0	54
GAACCGTTGTACTGTTCGGCTCGGCCTCGA	0	0	0		0	0	24.23515439	0	2
GAACCTCACTGGTTTATTGCACTAATCCAT	0	0	0		0	0	72.70546318	0	655
GAACGTGCCGGTATCAATCGTCGCCCTGAG	0	0	6.409926182		0	0	0	0	37
GAACTAACAAGGTGAAGTTTGGTATCATGG	0	0	0		0	61.27536417	0	0	1036
GAACTAGAACTCGGGAATTCAAATGAAAGG	0	0	0		0	0	48.47030879	0	6
GAACTAGATCTGACGCATGCGGATTGTTGG	0	0	0		0	0	145.4109264	0	90
GAACTCTATGGACGCCCGATGCAATTGTCA	0	0	0		0	0	48.47030879	0	1403
GAACTGGTTGGAAGCCTGCCGTCACTGATA	0	0	0		0	0	96.94061758	0	142
GAACTTCCGTACGAACGGCCACTGCTCCAC	0	0	0		0	162.9663941	484.7030879	0	87
GAAGAAGGAATCACACATGGGCCTGATACA	0	0	0		0	0	218.1163895	0	3
GAAGACGTGTCTTGTATCTTCTTTTCGGGT	0	0	0		0	0	678.584323	0	138
GAAGAGCATGGCGGTAGGCTGTACGGGGTC	0	0	0		0	0	678.584323	0	24
GAAGAGTAGCTGCTCACACGGTACGCCGTG	0	0	0		0	0	363.5273159	0	815
GAAGATGTGAGAGGGCACGGTGAGTCCACA	0	0	0		0	2.607462305	0	0	2
GAAGATTAGTGATAGGCGTTAACGAACGGA	0	0	0		0	0	145.4109264	0	0
GAAGATTTGAAGCTCTTATCTAAAACGTCT	0	0	0		0	0	145.4109264	0	83
GAAGCGTAGGCGGGGTGACCCAATGCATAA	0	0	0		0	0	169.6460808	0	100
GAAGCTTCTTTATGTCAATCACGGCCAGGC	0	0	0		0	0	121.175772	0	227
GAAGGAGGGTAGGTTTTTGGTTACCCGCTC	0	0	0		0	1.303731153	0	0	0
GAAGGCGGTCAATACAGTCTGACATCCGCG	0	0	0		0	0	969.4061758	0	0
GAAGGCTTACCGTTGTACTGGATGTCTATT	0	0	0		0	0	48.47030879	0	135
GAAGGGCTTGCTCGCGTGGGACGCCTTAGG	0	0	0		0	0	266.5866983	0	28
GAAGGGGCCCGAGTGGGGGGGAACGTAGTG	0	0	0		0	0	193.8812352	0	9
GAAGGTATGGGAATACTGATTTACAATCGT	0	0	0		0	0	72.70546318	0	37
GAAGGTGGGCATTGTGGCGCGGGCGCATGG	0	0	0		0	0	727.0546318	0	278
GAAGTACCGATTGGTCTATCACGTGAGTAG	0	2.20176953	0		0	0	0	0	9
GAAGTAGCGACTTCTGCACGGGGTCAGTTA	0	0	0		0	0	266.5866983	0	119
GAAGTCTGGCAAGCGGCGTTGTGAGACGCA	0	0	0		0	15.64477383	145.4109264	0	15
GAAGTGAAGAAGGTAAGTCTGTTGTTGAAA	0	0	0		0	10.42984922	0	0	4
GAAGTGTTGATCATAAAGCTAAAGGGTCAA	0	2.20176953	0		0	0	0	0	24
GAAGTTAATACATTCTCACCAACTGGGTAG	0	0	0		0	5.21492461	775.5249406	0	1224
GAATAAGGTTGTATGTTATTATGAGTTTAT	0	0	0		0	43.02312803	0	0	754
GAATAATCGGTTATTAGTCACCAAACGATA	0	0	0		0	0	72.70546318	0	40
GAATACATCTAAGGAGGTTCGGGCTCGCTT	0	0	0		0	0	630.1140143	0	106
GAATAGCTCCAGTTAGACGAGGCTTGTCTG	0	0	0		0	0	24.23515439	0	3
GAATAGGTAGACCGCGGCACAAGAGGTCTT	0	0	0		0	0	48.47030879	0	162
GAATATCGCAAACGCTCAATTGATACAGTT	0	0	0		0	0	72.70546318	0	5
GAATATTCGGATTGAAAGGTCTGGGGTACG	202.8345413	0	78.52159573		0	0	193.8812352	0	179
GAATATTCTCCCGCAATGTTAATGCGATTT	0	0	0		0	7.822386915	169.6460808	0	9
GAATCAGCACTCGGAGTGTGAGAGGGTAAG	0	0	0		0	20.85969844	339.2921615	0	149
GAATCATTCTGACGGGGATAGTTGCCTATG	0	0	0		0	0	290.8218527	0	31
GAATCCCGGACAGCTATTAACTATACTTTT	0	0	0		0	0	48.47030879	0	3
GAATCCGCTTTCTCTTTGTCAACAATAGCT	0	0	0		0	0	460.4679335	0	20
GAATCGCGACGTGGGGTGGTATCGCGAGGC	0	0	0		0	0	1381.4038	0	62
GAATCGGCTGTTTGCGAGCACCCTTTATAC	0	0	0		0	0	339.2921615	0	11
GAATCTTATGTAACCCGTTCAATGTGCAGA	0	0	0		0	0	145.4109264	0	7
GAATCTTGCCATTCTGCTGAGCAGACATGT	0	0	0		0	0	751.2897862	0	182
GAATGCCATTTTCGTGCGTTTTCTGTATAT	0	0	0		0	0	24.23515439	0	100
GAATGGATTAACAAATCTGGGCTCAAATCT	0	0	0		0	0	24.23515439	0	4
GAATGGCGCGGATAGTTCCTTTCGCATGTT	0	15.41238671	0		0	0	96.94061758	0	43
GAATGTAGCACCTGAAAGTGAGATAATCCG	0	0	0		0	0	121.175772	0	9
GAATGTATTCTGGGCATGATATATAATGTT	0	0	0		0	0	24.23515439	0	6
GAATGTTAAGCTTTCTCGGGGGCATGACTC	0	0	0		0	0	72.70546318	0	267
GAATTAGGTCTGGCTGGGAGTCACATCAAT	0	0	0		0	0	418589.5867	0	159
GAATTATCGTAAGACTCGAACCGTTCTGGT	0	0	0		0	10.42984922	44931.97625	0	27
GAATTCAAATACAATGCTTCGTTGGGATGC	0	0	0		0	0	121.175772	0	76
GAATTCCACTAGTGTGGAGGAATAGAAAGT	0	0	0		0	187.737286	1017.876485	0	381
GAATTCCTCCGGGGGATAGGTTTGGTGGGC	0	0	0		0	0	24.23515439	0	16
GAATTGCCAAAGCCTCGAGTAACTGATGGC	0	0	0		0	0	96.94061758	0	0
GAATTGGACTCTAACATAATGCTTTTACGA	0	0	0		0	0	945.1710214	0	516
GAATTGTAATGTCCAGTAAGCTTAAGCTAA	0	0	0		0	0	24.23515439	0	15
GAATTGTAGCGCTTAAAGACCTGATGAGTT	0	0	0		0	0	24.23515439	0	43
GAATTGTGCACCCCTGTTGGCATCTGCTTT	0	0	0		0	56.06043956	0	0	14
GAATTTCAGCCCGCATTGTCACGGGATAAG	0	0	0		0	0	218.1163895	0	12
GAATTTCCCTGCTTTATTGACCTAAATGTT	0	0	0		0	0	145.4109264	0	171
GAATTTGCACGTAATCTTCGTTCTTGCGGC	0	0	0		0	0	411.9976247	0	13
GAATTTTGTTAAGTCTTTTTATTGTAGAAC	0	0	0		0	0	727.0546318	0	38
GACAAACGTAGCTCTAACGATGAGCGATTA	0	0	0		0	0	266.5866983	0	2
GACAAAGGTACAGGGGGTTATTGGCCCCCG	0	0	0		0	2.607462305	72.70546318	0	36
GACAAAGGTCAAGTTTTACTGGGCAAAAGC	0	0	0		0	0	533.1733967	0	594
GACAAGACATAGGCCATTTGTAATGGGTAT	0	0	0		0	0	24.23515439	0	2
GACAAGGTATGTTCTCTCAAGGTGATAAAT	0	0	0		0	0	193.8812352	0	70
GACAATAGTAGGATTCTTACGATATTTAAA	0	0	0		0	22.16342959	411.9976247	0	385
GACAATCGACAGTGTAACTCATTCATGCAA	0	0	0		0	0	24.23515439	0	18
GACAATTCGGGTTGGGGCCACGTCTTGGTG	0	0	0		0	0	193.8812352	0	735
GACAATTTAAATGTGGTCTGGCTGGTGGAA	0	0	0		0	0	145.4109264	0	100
GACACAGGGGTGTTGGTGCTACAATGCTGC	0	0	0		0	50.84551495	630.1140143	0	64
GACACAGGTATTACTTCTGCGGGTCACTTA	0	0	0		0	0	121.175772	0	8
GACACCCGGCCGGCACGGAAACGCGGGCGG	0	0	0		0	0	218.1163895	0	58
GACACGGGCCATACTGTAAAGCGTACGTGC	0	0	0		0	0	121.175772	0	0
GACACTAGTCGCCGGCGAGCCGGCTGGATA	0	0	0		0	0	72.70546318	0	49
GACACTCGCCAATTTGAACAATCAGTTTTT	0	24.21946483	0		0	0	0	0	84
GACACTGGTAGAGGTATGCCATCGATGAAG	0	0	0		0	0	48.47030879	0	31
GACAGCGACTTTTGATCTGTATCTTGTGGC	0	0	0		0	0	24.23515439	0	28
GACAGCGCAGGAACTCGCTTTCAACAGGAC	0	0	0		0	0	823.9952494	0	34
GACAGCTACCGCCGTGCGCGGGGGTACCAT	0	37.430082	0		0	0	72.70546318	0	76
GACAGGAGTTTGCCTATTGCATAAAGGCGG	0	0	0		0	0	121.175772	0	15
GACAGGGAGGCGGTTGGGGGTCGCACGGCC	0	0	3.204963091		0	0	0	0	2
GACAGTGTCCACGATGTGTGTTTTTGCGCT	0	0	0		0	0	2787.042755	0	10
GACATCCCCTGCTAATCTCAAATTCGGTCG	0	0	0		0	0	411.9976247	0	9
GACATGAGAAGTTCACATTCGTTCGGAAGT	0	0	0		0	7.822386915	823.9952494	0	3
GACATGAGATGGGGGGTGGGACGCCGCTTG	0	0	0		0	0	96.94061758	0	5
GACATGCTGCTAGATAATATTAGACACGAA	0	0	0		0	0	193.8812352	0	24
GACATGTCATGTTTTGCCCCATAGATCATC	0	0	0		0	0	96.94061758	0	2
GACATTGTTCCGTGTTACGTCCGAGATCTA	0	0	0		0	0	484.7030879	0	469
GACATTTGGAAACAGTGTCGATTTAGCTTA	0	0	0		0	1.303731153	872.4655582	0	20
GACCAAGAGCGCGTAGTTGGTTTGATGGTC	0	0	0		0	0	48.47030879	0	49
GACCAAGGTACGGCCGTGCTTTATGGTCAT	19.01573825	0	0		0	0	0	0	13
GACCACGGTTCGGGTAACGCGCGATAGGTA	0	0	0		0	0	96.94061758	0	21
GACCACGTCTTAACTGCGCCAAATGAGGAG	0	0	0		0	0	193.8812352	0	881
GACCAGATTCCCTCTCCACAATAGAAAATT	0	0	0		0	0	24.23515439	0	2
GACCAGTTTATCGAAAGGATCGACAAAGCT	0	0	0		0	0	24.23515439	0	567
GACCCGGGGTCTAGGAGTTTTCGTTCCGGC	0	0	0		0	0	48.47030879	0	16
GACCCGTTCACCAAAGAGTCAATCGGTTGA	0	0	0		0	408.0678508	0	0	36
GACCGCCCGTAGTCGATATCGATATGCTTA	0	0	0		0	3.911193458	290.8218527	0	3
GACCGGCGTGGGGGACTGTGGGTGACAGGT	0	0	0		0	36.50447227	605.8788599	0	284
GACCGGTGTTCACATGATTTGTCGTGCAAT	0	0	0		0	0	727.0546318	0	136
GACCTAACTTCCGAGGACCTTCAGGGGCAC	0	0	0		0	0	48.47030879	0	164
GACCTACATTTCGGTTCCAGAAAGGATAGT	0	0	0		0	0	72.70546318	0	0
GACCTAGGGTTAGGTTGAAGCTAACTTGTG	0	8.807078118	0		0	0	0	0	8
GACCTTCCATCCTAGTCTAGGGCGTCACCG	0	0	0		0	0	72.70546318	0	0
GACCTTCTCGGTACCGCGGGATCCGAGGAT	0	0	0		0	0	4701.619952	0	974
GACCTTGCGCCTGGTCTCCCGGGTCCGGGG	0	0	0		0	29.98581651	0	0	6
GACCTTTCTCGCCTGTAATATTTAAGACAT	0	0	0		0	0	727.0546318	0	45
GACGAAGTATGCTCGGAACGAGTGCATCAG	0	0	0		0	0	24.23515439	0	207
GACGAGTAGCGACCGCGTTGAGCGGGCTAG	0	0	0		0	0	24.23515439	0	65
GACGAGTGCTACTCTGCTCAAGACGCGAAC	0	0	0		0	0	24.23515439	0	49
GACGATAATTCTGACGTTGTGATCGCCAAC	0	15.41238671	9.614889273		0	0	0	0	9
GACGATAGGTGCAGTTATCCCAATTGGGAA	0	0	0		0	0	24.23515439	0	6
GACGCAGTGTTGTGCGATGGCATGTGGAGA	0	0	0		0	0	24.23515439	0	0
GACGCCTCACGGGGGGTGGTGACGTAGTGT	0	0	0		0	0	48.47030879	0	5
GACGCCTGTGAAAGCCTAACCATTAATGGT	0	0	0		0	0	411.9976247	0	109
GACGCTAGTTCATGACATCCACTGTTTTGG	0	0	0		0	0	460.4679335	0	233
GACGGACCTCGGTGTTGTCTAAATGAAATA	0	0	0		0	0	872.4655582	0	622
GACGGAGAGGTCGGGCGCGTCGGAGCCCCA	0	0	0		0	0	145.4109264	0	0
GACGGAGTCTCCTTCAGGATATGGGGATGA	0	0	0		0	0	72.70546318	0	3
GACGGGACGTATGAGTATTGGTCCGTTGTG	0	383.1078981	0		0	0	605.8788599	0	545
GACGGGCGTTAGGGACTGCGGGCTGTGCAT	0	0	0		0	0	24.23515439	0	19
GACGGGCTAGAGGCGGGGCGATCTCATGGC	0	0	0		0	0	1332.933492	0	94
GACGGTTGGACGGTGGGTCGCGTGGGCGGG	0	0	0		0	0	24.23515439	0	2
GACGTAGGGATCGGACGTATATGTGTGGAT	0	0	0		0	7.822386915	0	0	0
GACGTCTGTTACGGTCTAGTCGACTCGGCC	0	4.403539059	0		0	0	48.47030879	0	10
GACGTGCCTGTGGTTCGGCTAGCATCGGGG	0	0	0		0	7.822386915	533.1733967	0	92
GACGTTTTTGTAGGCTATGTACCGTAGGTA	0	0	0		0	0	24.23515439	0	419
GACTAGTTTACATGTAAGATATGCTGGGCA	0	0	0		0	0	48.47030879	0	173
GACTATGCTGACATGTGGATGTAATGTTCC	0	0	0		0	0	48.47030879	0	3
GACTATTGAAAGAGTAATAAGTATGGTCGT	0	0	0		0	36.50447227	0	0	4
GACTCAAAATTTCCTCAACTTTTATGGTAA	0	0	0		0	0	96.94061758	0	46
GACTCAAGTTATTGTGAAAAAAAGAGCCGT	0	0	0		0	0	48.47030879	0	0
GACTCAATAGTTTCGTCGAGCTAATCTATG	0	0	0		0	0	24.23515439	0	40
GACTCATCAGATTAGTGGGCCTTGCGTCTG	0	0	0		0	0	24.23515439	0	7
GACTCGACGATTATACGTGTGCTACCTTCA	0	0	0		0	0	242.3515439	0	91
GACTCGCTTTGCGGCTACTGCATCGGTTTA	0	0	0		0	0	48.47030879	0	23
GACTCGTAGCAGGGTATTCAGGTCAGGCTG	0	0	12.81985236		0	0	0	0	233
GACTCTGTGCTCAAACCATCTTTGTGGTAC	0	0	0		0	0	96.94061758	0	9
GACTGAAAGCTTGCCTTCATATAATGTTGA	0	0	0		0	0	242.3515439	0	5
GACTGACTGGAGGCATCTGATAGAATTATT	0	0	0		0	0	48.47030879	0	28
GACTGCAGATACGTAGTTAGAGTTTAGAGC	0	0	0		0	0	48.47030879	0	3
GACTGCATAGTGGGATGTGGAAGGAGTGGT	0	0	0		0	0	48.47030879	0	0
GACTGCCGCTGGAGTACCGTTAGTGCGAGG	0	0	0		0	0	193.8812352	0	271
GACTGCGTTACCCAAGGGTTGGCTCCCCAC	0	0	0		0	0	24.23515439	0	0
GACTGGGGGCACCTTTAATAGAGATTCGGT	0	0	0		0	0	1139.052257	0	19
GACTGTATAGATCTCTATGGTTTCAATGGA	0	0	0		0	0	557.4085511	0	325
GACTTAAATGCCTCGTATCGGCCGCTAAAC	0	0	0		0	0	48.47030879	0	22
GACTTACTACTATTATAAGCAGCCTTCCCT	0	0	0		0	54.75670841	0	0	4
GACTTACTTCCCTGCCCGTAGCCATGCCAC	0	0	0		0	0	218.1163895	0	137
GACTTATAAATATCAATGGAGTATGATGTC	0	0	0		0	0	193.8812352	0	1741
GACTTATTCCTGGTTCAGGTGTCTAGCCTG	0	30.82477341	0		0	0	193.8812352	0	468
GACTTGATGTTTAACTATTCGCCTGGTAAT	0	0	0		0	0	533.1733967	0	30
GACTTGGGGCTGGCGTGAACGCCGGGGGGT	0	160.7291757	0		22	0	145.4109264	0	79
GACTTTGCCTCCTAATAGATCCTTATGTTA	21.12859805	0	38.45955709		0	0	0	0	664
GACTTTGCTTGTGGTCTGCAGGATGAATTT	0	0	0		0	0	24.23515439	0	36
GACTTTTGAGGCGTAATGGCCTTGTTGGTT	0	0	0		0	0	799.760095	0	2265
GAGAAAAAAGAATGCAACAAAGTTCGCAGT	0	0	0		0	0	48.47030879	0	2
GAGAAATGATCATAGATTATTAACCCTCAG	0	0	0		0	306.3768209	1017.876485	0	200
GAGAAGAACCTCGCGTTAGGAGTATATGGA	0	0	0		0	0	169.6460808	0	2
GAGAAGCGGGTCGACTGTTGGGACGGCCGA	0	0	0		0	0	24.23515439	0	44
GAGAATACTGCCGTAGGTGTGTGCATACTT	0	0	0		0	0	218.1163895	0	69
GAGAATCTGAAAGGCAGAACATGTATCGTA	0	0	0		0	0	121.175772	0	41
GAGAATTTAACGTAGTGTTTATGACCTTTC	0	0	0		0	0	121.175772	0	17
GAGACACACGGTACAGCCTCGTCGTGGGGA	0	0	0		0	0	72.70546318	0	215
GAGACGGAGTTCGGTGTGTACTACGCTCAA	0	0	0		0	0	96.94061758	0	12
GAGACGGTATAGCCTGTCGAGCAGGTGCTA	0	0	0		0	0	24.23515439	0	0
GAGACGTCGTCTAAATCTATGTAGTTCCTC	0	0	0		0	0	2883.983373	0	137
GAGACTTCGCTGAATGAATTCTTCAGAGGT	0	0	0		0	0	436.2327791	0	40
GAGAGGTCAAGTGACTGGGTGCATACCGTG	0	0	0		0	0	169.6460808	0	618
GAGATCCCCATCCTCCCATATCTGTGCACC	0	0	0		0	614.0573729	0	0	842
GAGATGCTGAGCGCTTCAATAGGTTATTGG	0	0	0		0	0	169.6460808	0	39
GAGATGGCGGTGATACCAGCTTCGCATTCG	0	0	0		0	26.07462305	0	0	0
GAGATGGTGCGATCTCCCACCGCTTTGGTA	0	0	0		0	0	72.70546318	0	3
GAGATTCAGATGTAGTGGTGCCAAGTGAAT	0	0	0		0	0	145.4109264	0	15
GAGATTCCCCCCGGAATTTCACGTTAGGGG	0	0	0		0	0	630.1140143	0	750
GAGATTCTTGCGACAAATATCAGTTCCATA	0	0	0		0	0	1405.638955	0	1275
GAGCAACGTTGCTTAGACGCATGCGCATTA	0	0	0		0	0	72.70546318	0	74
GAGCAGGCTAGAGCGAAGTCTAGACGATTT	0	0	0		0	0	969.4061758	0	3
GAGCATAGCAGATTGGTTCTCCGTGTTTTT	0	0	0		0	0	315.0570071	0	360
GAGCATCCATACATTTCGGCAATTACATTG	0	17.61415624	0		18	0	24.23515439	0	651
GAGCATTGGCACTTCCTCATATAGGATCGA	0	13.21061718	0		0	0	0	0	2
GAGCCAGAAAGGTGCGAGGGTACCTATTTT	0	0	0		0	0	24.23515439	0	3
GAGCCATTCATTTTTGTATCTACTTCCACT	0	0	0		0	0	1066.346793	0	6
GAGCCGGGTATTATAACTTCCTTGTACCGT	0	0	0		0	0	169.6460808	0	28
GAGCCTATATCGTGCAAACATGTCCGCCAG	0	0	0		0	0	145.4109264	0	189
GAGCCTCACGTACACAGTGCATCCGGCCTT	0	0	0		0	0	193.8812352	0	1309
GAGCGAAAGCGTGCTATATGTTTTATAGAG	0	0	0		0	0	48.47030879	0	37
GAGCGAAAGCTTTAGCATGAGTCCCATGGA	0	0	0		0	0	872.4655582	0	680
GAGCGCAGCATCGGTTTGCTATCGTCTGGG	0	0	0		0	16.94850498	0	0	23
GAGCGCCGAGCCGCACATCTTTTAATATGT	0	0	0		0	0	678.584323	0	0
GAGCGCGATAACCGTACCGCAAACACCGTT	0	0	0		0	0	24.23515439	0	4
GAGCGGCACAGACTAGGAGGGGGTGGTGAT	0	0	0		0	0	72.70546318	0	782
GAGCGGTTCATTTATGGTAGGCCCGCTTAG	0	0	0		0	0	24.23515439	0	0
GAGCGTAGTGCGTTGGCAGCCAGCACGTTG	0	0	0		0	10.42984922	0	0	3
GAGCGTGCTTTGTTTATCCTCTGTGTTCTA	0	0	0		0	0	48.47030879	0	24
GAGCGTTTTTATCTATACCAATCCAATTCA	0	0	0		0	0	24.23515439	0	6
GAGCTACGCGCAGTGACGGGTTTTAAACCT	0	0	0		0	0	48.47030879	0	26
GAGCTATTCCAGGGATGGAATTACGTCTAC	0	0	0		0	0	969.4061758	0	1566
GAGCTCCGTGGGAAGTACGCCTCTGAGTTG	0	0	0		0	0	24.23515439	0	18
GAGGAATTGATAACAGGAATTCTCGCGGGC	0	0	0		0	0	302188.1401	0	224
GAGGAGAGGGGAGCACGAGCGTGACAAGGG	0	0	0		0	0	24.23515439	0	14
GAGGAGGAAGTCGACTATCGGATGGACGGG	0	0	0		0	0	145.4109264	0	23
GAGGAGGGGCCCTAAGTAGAGCAAGTGGGG	0	0	0		0	7.822386915	24.23515439	0	2
GAGGAGTGGAATCGCACGTCTTTAACGCCG	0	0	0		0	0	121.175772	0	293
GAGGCAAGGCCTTGTCACTTCTTGGAAGTC	0	0	0		0	0	24.23515439	0	550
GAGGCATCATAGTGACAAGAGACTTATAAA	0	0	0		0	79.52760031	96.94061758	0	65
GAGGCCCAGCTCTTGGCCCACCTTGCTATG	0	24.21946483	0		0	0	48.47030879	0	0
GAGGCCCGATCACGCCAGCGTAAGGCAAAT	0	0	0		0	5.21492461	436.2327791	0	49
GAGGCGGCGGGCGACCCTGTGCGCGCTTCG	0	0	0		0	0	24.23515439	0	71
GAGGCGGGATCGGCGCTAAATGCCTTGGCG	0	0	0		0	0	121.175772	0	0
GAGGCTGCGTCTGTTGAGTAAGTGGTAAAT	0	0	0		0	0	72.70546318	0	30
GAGGCTTCGTATTGAATCTCCATATCATCT	0	0	0		0	0	24.23515439	0	0
GAGGGACGTGGCTCGTCATAGCTGAAATAT	0	0	0		0	0	48.47030879	0	106
GAGGGAGGCCATCTCCAAGTGTCGCATACA	0	0	0		0	0	242.3515439	0	135
GAGGGATCCAAAATGCCAATCCTCAATCAA	0	0	0		0	0	24.23515439	0	5
GAGGGATTAGATGGTGAGGCGGCGGCGGAT	0	0	0		0	0	48.47030879	0	136
GAGGGGTTCGTTGTGGAACGGTGCATCTTT	0	26.42123435	0		0	0	0	0	44
GAGGGTTAAATTCTTATCTCACCTTTAATA	0	0	0		0	0	533.1733967	0	34
GAGGGTTTTATTCACGCGAGAAGAGCGTAT	0	0	0		0	0	96.94061758	0	271
GAGGTAGGCAAACGGTGTAGTGAAGGGGAT	0	0	0		0	0	24.23515439	0	0
GAGGTATTACCTGCCCTCGTTTCGACATAA	0	0	0		0	0	1235.992874	0	149
GAGGTCTGTTTTTGTAGATATATTTAGCAT	0	0	0		0	0	193.8812352	0	459
GAGGTGATTTCACTAGATACGTGCATTTTA	0	0	0		0	0	193.8812352	0	27
GAGGTGGAGAAGGGCGGAGTGACATCTGGG	0	0	0		0	0	48.47030879	0	57
GAGGTGGTTTTTGACCAAGCATTAACCTGT	0	0	0		0	0	24.23515439	0	8
GAGGTGTCAGGCCAAGACGAGGAGCGGGGC	0	0	0		0	0	193.8812352	0	111
GAGGTTAGGTGACAGGGGGATTGCGTCCAA	0	0	0		0	0	896.7007126	0	334
GAGGTTTGGCTGGGGTTTAACGCGCATTGC	0	0	0		0	0	48.47030879	0	0
GAGTAAGGAACAATCAATTCTAACTTTACA	0	0	0		0	0	48.47030879	0	9
GAGTACGAAATAAAGGACGATTGAAGGGTC	0	0	0		0	0	920.935867	0	0
GAGTAGTTGGGTTGCGCTGTGAAGTGATGA	0	0	0		0	0	339.2921615	0	420
GAGTATAATTATGGAATTCGAACCCCTATG	0	0	0		0	0	72.70546318	0	13
GAGTATCCTTCGGCGTGTGCCTCCGGAGTG	0	0	0		0	13.03731153	24.23515439	0	32
GAGTCAGATTCGCGGTTCGAGCTAGGTCAC	0	402.9238239	0		0	0	145.4109264	0	343
GAGTCCAACCTGCGCGTTTGTCTTTTTGAG	0	8.807078118	0		0	0	0	0	20
GAGTCCGGATATGAGCCAGGGCGCCGAGAC	0	0	0		0	0	121.175772	0	0
GAGTCGGCCCCGCGAGTTCGCCTGGGTGAG	0	0	0		0	0	72.70546318	0	17
GAGTCGTCATGTGCGCATACTCAACATTTC	0	0	0		0	6.518655763	218.1163895	0	2
GAGTCTAGTCACCAGAGGCATGTAGGTTGA	0	0	0		0	0	24.23515439	0	0
GAGTCTATAATAGGGTTGTAAGGCGCTCCG	0	0	0		0	0	7076.665083	0	2
GAGTGAAGTTTAGTCGTCTTTTCACTATCT	0	0	0		0	29.98581651	484.7030879	0	0
GAGTGAATTTACATGCAGGTTTGGTCAATA	0	0	0		18	211.2044467	0	0	167
GAGTGAGTGCCGCCCGTTTCCCAGGGTTTG	0	0	0		0	0	24.23515439	0	0
GAGTGCAAATGTGGGGTTCGTCATGACCGA	0	0	0		0	0	24.23515439	0	6
GAGTGGAGTGGGAGAACCGGGGCACTGGAA	0	0	0		0	0	72.70546318	0	108
GAGTGGCATACGTCTTACCCTTGCAACCCC	0	0	0		0	0	24.23515439	0	408
GAGTGGGACACAGCTACTAGGAAGAATAGG	0	0	0		0	3.911193458	0	0	62
GAGTGGGCATAAGAAAGGCTTCAGGGCCGA	0	15.41238671	59.29181718		0	0	24.23515439	0	1162
GAGTGGGCTGCCAACGTGGGATAGCTGCCT	0	0	0		0	0	339.2921615	0	2
GAGTGGGGACTGGCCATTAGAGTCCGTGGT	0	0	0		0	0	266.5866983	0	9
GAGTGGTATCTATCTCGTTATGTACCGATT	0	0	0		0	0	24.23515439	0	12
GAGTGGTTTTTCTATAAAGTTAGTGACATA	0	19.81592577	0		0	0	72.70546318	0	87
GAGTGTAGGCAACCGGCGTCTCGGACTTCG	0	0	0		0	0	508.9382423	0	14
GAGTGTTCCTTGATAATCTCCAGTAACTAT	0	0	0		0	15.64477383	96.94061758	0	5
GAGTTATAAAGGGTGTTCAATGTAGGCGGC	0	0	0		0	14.34104268	96.94061758	0	0
GAGTTATCAAAGTGTTCCCTCTATTAGGTC	0	0	0		0	0	315.0570071	0	29
GAGTTATCCCATAATCTAGTGGTCTCCGGT	0	0	0		0	18.25223614	24.23515439	0	11
GAGTTCTGAGACAATAGGATTTTGGTTTTC	0	195.9574881	0		0	0	533.1733967	0	11
GAGTTGAGATCCGTAATTGGGGAGAAAGTA	0	0	0		0	0	24.23515439	0	64
GAGTTGAGATCTGGGGGCCGGGTGGGTGGT	0	0	0		0	0	96.94061758	0	12
GAGTTGCTCGTGGCGCGCCGAGGGGTCGAG	0	0	0		0	0	48.47030879	0	6
GAGTTGTCGTGGGAAGCTGTTCGTTGGCGT	0	0	0		0	0	48.47030879	0	365
GAGTTTTTAAGTAGCTGAATGACCCGGGGC	0	0	0		0	37.80820342	484.7030879	0	70
GAGTTTTTTGCTCGCGATCAGCACATTTCC	0	0	0		0	0	24.23515439	0	10
GATAAAATGCATGTTTGAGCATTGAGCGGT	0	0	0		0	0	19703.18052	0	39
GATAAGCTCCACGATTCGCGCTCGATGTTC	0	0	0		0	0	727.0546318	0	54
GATAATCGCGAAATTGTAGATGCGATTAAG	0	0	0		0	0	24.23515439	0	0
GATAATGACCACCGGTTGAGGGTTCCCACT	0	0	0		0	0	24.23515439	0	11
GATAATGCTACTCGGAGACATCTAGCTTCT	0	0	0		0	0	145.4109264	0	54
GATACACTAGGATCCCGGCTCATTGCATTC	0	0	0		0	0	290.8218527	0	436
GATACAGATATGAGCAGCGCGGATAGTGCC	0	0	0		0	0	24.23515439	0	2
GATACGATAATCAATTTAGGACTTTTACTC	0	0	0		0	0	10106.05938	0	3243
GATACGCCTACTTGTGAGGTGTTTTAATCT	0	0	0		0	0	24.23515439	0	0
GATACGTTGGTATTACGGAGGCAGTATTGA	0	0	0		5	0	823.9952494	0	141
GATACGTTTTCCTCTTTTACACCCCCGATA	0	0	0		0	0	145.4109264	0	27
GATACTCTTGTCGGGAGCAGTCTTCGGGCG	0	0	12.81985236		0	0	72.70546318	0	8
GATACTTTCATTGGGATCGTCCCGGATGCT	0	0	0		0	0	24.23515439	0	9
GATAGATCCCAGTTTAAACGTCCCGGAATA	0	0	0		0	0	436.2327791	0	28
GATAGATTCCTTGCTGAACAGGGGTACGTT	0	0	0		0	0	121.175772	0	14
GATAGCATTAGTTGCTGCCATATACTTTAA	0	0	0		0	0	1357.168646	0	14
GATAGCGAGTGCCTTACTTTTTGATTAATT	0	0	0		0	0	387.7624703	0	33
GATAGGTTTGCAATTGAGATTCACACTACG	0	0	0		0	0	24.23515439	0	45
GATAGTTATGGGGTACAGGGGTGGAAGCCT	0	0	0		0	0	363.5273159	0	806
GATATAAACAGGAGGTTTACATATTCCGTC	0	0	0		0	0	96.94061758	0	64
GATATAACGCCGGCATCGCGCCCCTGGGTA	0	4.403539059	0		0	19.55596729	1963.047506	0	0
GATATACCAGCGCTTCCATAATTCTATTCC	0	0	0		0	0	533.1733967	0	8
GATATACGCAATAACTCATTTCAAATACCC	0	0	0		0	0	24.23515439	0	0
GATATAGTCAGGTGTATAGGCTCGCGTCGT	0	0	0		0	0	702.8194774	0	534
GATATATCGTGGGTGCTTCTGCTTTCTTAT	0	52.84246871	0		0	0	387.7624703	0	4
GATATATTGCAACTAGGGTTGATGTCCTTC	0	0	0		0	0	24.23515439	0	6
GATATCTCACTGAGGTTGAAACAGCTATTT	0	0	0		0	0	24.23515439	0	0
GATATGACTAGAGGGCGGGGACCCTACTCG	0	0	0		0	0	48.47030879	0	0
GATATTAATCTGATATAGTAATCCTTTATT	0	0	0		0	0	920.935867	0	38
GATATTCACAGCTGTTAACACATCCTGCGT	0	0	0		0	0	1332.933492	0	245
GATATTCGGCTTTTTGTACAGTCCTATTAC	0	0	0		0	0	145.4109264	0	98
GATATTCGTTTGCGGGTGGTGACGTGTAAA	0	0	0		0	0	96.94061758	0	75
GATATTGCGGGGCCGTATATGGGCGTCTTC	0	0	0		0	0	266.5866983	0	12
GATATTGTGCACTGGCCAGATTAATAGGTG	0	0	0		0	0	2641.631829	0	0
GATATTTCTTCACATTTATCTGCTCGTCTT	0	0	0		0	0	1720.695962	0	564
GATATTTCTTGTCAACTATAACACAGGGAC	0	0	0		0	0	24.23515439	0	48
GATCAAACTATTTATGTGGGCGCGAGCCAT	0	0	0		0	0	24.23515439	0	5
GATCAAAGGCGTCTTTGTATTCCCAAGGCG	0	0	0		0	0	1042.111639	0	72
GATCAACGTTTTCACTCACGTGTCAGACTT	0	0	0		0	0	72.70546318	0	6
GATCAATTCTTGTCTGTACCTACTTCCAAG	0	0	0		0	0	24.23515439	0	69
GATCAATTGCCAAGGTGGACCTGTATTGTT	0	0	0		13	0	0	0	80
GATCACCAATTCAGTGGTTTGGGGGTGAAC	0	0	0		0	33.89700997	242.3515439	0	6
GATCACTATACTATATTAACTTAAGTATCG	0	0	0		4	1.303731153	0	0	11
GATCAGCGGGTTGCGGCTCAGAGGGTGGCT	0	0	0		0	0	24.23515439	0	2
GATCAGGCTGATTGGCAAGGGCATAGGATA	0	0	0		0	0	48.47030879	0	7
GATCATCCTCGGTCTCCAGCATATTGACCG	0	0	0		0	0	218.1163895	0	105
GATCATGTGGCGAGTGGTCCAATCGCTGCG	0	0	0		0	0	96.94061758	0	25
GATCCACAAAGTTTATGTCGAATCAGGACC	0	0	0		0	0	242.3515439	0	7
GATCCATTTTTAGAGCAGATCTGTCCTCTA	0	0	0		0	0	266.5866983	0	842
GATCCCTCTAATTTCAGTTGCGTTTTTATG	0	0	0		0	0	24.23515439	0	5
GATCCGAGGTGGATACTGGGCTTGTTCGTA	0	0	0		0	0	48.47030879	0	20
GATCCGGAACATCGACCTAATATAAGCGTG	0	0	0		0	0	48.47030879	0	14
GATCCGTTTAACTGATGATCGACATTATGG	0	0	0		0	13.03731153	24.23515439	0	32
GATCCTATTCAAAATCCGTTCGGATATGCC	0	0	0		0	0	24.23515439	0	8
GATCCTCATATAGTTATGATACGGGACTCC	0	0	0		0	0	24.23515439	0	30
GATCCTTCCATGGTTGTCTGGATTTTCATG	0	0	0		0	0	48.47030879	0	32
GATCCTTTAGGCGACTGGGCGCCTTTGCCG	0	0	0		0	0	48.47030879	0	8
GATCCTTTGCACTACTATAATTCGGACGTC	0	0	0		0	0	290.8218527	0	80
GATCGAATCCGTTGGAGTGAAGTCGTTATG	0	0	0		0	0	72.70546318	0	66
GATCGCCGCGGCGTTATTGTTTTCGTAGCC	0	0	0		0	0	96.94061758	0	3
GATCGCGAGCCCTGTCGCGCAGGTGTAGTC	0	0	0		0	0	848.2304038	0	54
GATCGCGATTACTATTCGACGTTTACTGTT	0	0	4.807444636		0	0	0	0	0
GATCGGGGGTTCTCTTGCGAATCATGCCGC	0	0	0		0	0	96.94061758	0	50
GATCGGGGTTGTACGCCGATTCATGTATTG	0	0	0		0	0	48.47030879	0	0
GATCGTTGAATGCACCGGGTGCACCACGAC	0	0	0		0	0	72.70546318	0	17
GATCTAAGCTTAACTTCTATCCTGCTCTCT	0	0	0		0	0	193.8812352	0	54
GATCTACCTCCATCGCCTATGAGTATGCAT	0	0	0		0	0	145.4109264	0	57
GATCTAGTGTTGTAAAATAAGCAAAACATT	0	0	0		0	0	484.7030879	0	420
GATCTTGGGCAGTGACCCATTCGTTCCGCA	0	0	0		0	0	1017.876485	0	77
GATCTTTACGTGCCCGCTTAAATAAGCTTT	0	24.21946483	0		0	65.18655763	2132.693587	0	3223
GATCTTTCGGTACTTGCGGGTGTCGTTTCC	0	0	0		0	0	24.23515439	0	5
GATGAACTTGGACATCTTCTCGGAGCGACA	0	0	0		0	0	193.8812352	0	2
GATGAATGGAGGTTATATCCGGTCATCCTA	0	0	0		0	0	48.47030879	0	6
GATGACTTGACCGCGTTCAAGTGACTTTGC	0	2.20176953	0		0	0	242.3515439	0	569
GATGAGATTAACTTGGTCTAAGTCTGCTCC	0	0	0		0	6.518655763	0	0	9
GATGAGGTTCTGTTTTGTCTCTATGAGTAG	0	0	0		0	0	218.1163895	0	56
GATGATGGAAGTGGGTGGGGGGCAAAGGGC	0	0	0		0	0	48.47030879	0	0
GATGATTAGGCATCTTTCGTAAACGTCCCT	0	0	0		0	0	387.7624703	0	552
GATGATTTCGTTTCTAGGTTTCGGGAGAAT	0	0	0		0	7.822386915	121.175772	0	85
GATGCGGCATACAAGCCGCTGTTGACGATT	0	0	0		0	0	339.2921615	0	13
GATGCGTAAGTTGTTTATGCAATTTTCCTC	0	0	0		0	29.98581651	72.70546318	0	6
GATGCGTGGGCCGACCTCGACCGGGGGCCG	0	0	0		0	0	193.8812352	0	2
GATGCTACATTTACGTGTACCCACGTTCTA	0	0	0		0	0	72.70546318	0	400
GATGCTTCCCTCGTAACGTCTTTTCAACCG	0	0	0		0	0	702.8194774	0	3
GATGGAATGTCTGTTGTGCCAATCGGCATC	0	44.03539059	0		0	0	121.175772	0	17
GATGGCGCCATCCAGGGACGAGGTTGCGGG	0	0	0		0	0	48.47030879	0	20
GATGGCGGGGCATGAGGCGAGCCTGTGGGC	0	0	0		0	0	24.23515439	0	0
GATGGGATCCCGCCCCAATTAATTGAACTC	0	0	0		0	0	24.23515439	0	16
GATGGGGTACAGGGTTTAAGTCGCGCAGGA	0	0	0		0	33.89700997	145.4109264	0	5
GATGGGTACAAGAAAATTAAAATTCTACTG	0	874.1025032	0		0	0	1744.931116	0	2346
GATGGTTTGCGCGAAAAAGGACTTTTATAC	0	0	0		0	0	872.4655582	0	90
GATGGTTTGTGGTAGAGGAGTAACGTTGTC	0	0	0		0	79.52760031	72.70546318	0	92
GATGTAGTCGGCGCGATCGATAATTGACAA	0	0	0		0	0	24.23515439	0	46
GATGTGGCGCCCCAAAATAGAACCAAGGCG	0	0	0		0	24.7708919	72.70546318	0	0
GATGTGGGACTCAACCAGCGGATCACTTCG	0	0	0		0	2.607462305	0	0	10
GATGTGGTTGGGTACGGTCGAGGACGTGGG	0	0	0		0	0	24.23515439	0	0
GATGTGTACATGAGGGCTATACCTATAGGA	0	0	0		0	1.303731153	72.70546318	0	9
GATGTGTCACGTTGCGTGGTGGGTATCGGC	0	0	0		0	0	72.70546318	0	166
GATGTGTTCAGTGGATACCTCGTTAAAGTG	0	0	0		0	11.73358037	96.94061758	0	10
GATGTTTATGCGAGCGTATGATAAGAGTGA	0	0	0		0	0	48.47030879	0	6
GATTAATATGTATTGATAGGTGGTATGTCA	0	0	0		0	0	24.23515439	0	2
GATTACAAGATCTCGCGTGGAAACCGGTTC	0	0	0		16	0	24.23515439	0	2
GATTACTCCGGGATTAACGAATTGAGAAGT	0	0	0		0	0	121.175772	0	36
GATTAGGATAATGTGAGTTCTGTTAGTGAT	0	0	0		0	0	48.47030879	0	414
GATTATTCTGTCTAGGCCTCCAGGCAAGTG	0	0	0		0	0	702.8194774	0	621
GATTCAATTTGTTAACAGTGTGAAATCGTT	0	0	0		0	0	121.175772	0	9
GATTCAGTTGGATTTCTTTCCTCTGGGGTA	0	0	0		0	0	1551.049881	0	34
GATTCGCCTCGAGGAAGCTTGGGTTGTTTC	0	0	0		0	0	193.8812352	0	0
GATTCGTTAATGCATCAAGTGAGAGAAAGT	0	354.4848943	1.602481545		0	0	0	0	37
GATTCTATCATACGGCTGTTCTTAAGTCTG	0	0	0		0	117.3358037	72.70546318	0	3
GATTCTGGTTAACCCTACCGCGATTCACAA	0	0	0		0	0	702.8194774	0	258
GATTGCGGTCTACAGGAGTACGGCCGAGAC	0	0	0		0	140.8029645	4459.268409	0	1623
GATTGCTCCCCGGGTCAAACATCTAGTGTA	0	0	0		0	0	72.70546318	0	0
GATTGGATGTTAAGTTGGAATTTCTTAACT	0	0	0		0	0	24.23515439	0	4
GATTGGGAGGCCCTGGCGGCCGGTGGTGTT	0	0	0		0	0	2980.92399	0	142
GATTGTACTCAAGTCTTAATTTGGTTTTCA	0	0	0		0	48.23805265	96.94061758	0	5
GATTGTATTAGCCACGTATACGGATTGGCA	0	173.9397928	0		0	0	872.4655582	0	3718
GATTGTCCACCAGAGGAATATTAGTAAACG	0	0	0		0	0	969.4061758	0	773
GATTGTGCAGTTTGGCAACATTCCATAGTT	0	0	0		0	66.49028878	48.47030879	0	15
GATTGTTTGGCGCTCAGGCGGGTGCCGGGG	0	0	0		0	0	3635.273159	0	587
GATTTAAGCGGCGTAAAGACACGACTATTC	0	0	0		0	0	1405.638955	0	238
GATTTCAGACCGGAGATATTAGGTTGGATG	0	0	0		0	0	48.47030879	0	4
GATTTCGTAAGAACTGTTTAGATCACGACT	0	0	0		0	0	24.23515439	0	3
GATTTCTTCTATGCCGTAATAATATGAGAA	0	0	0		0	0	121.175772	0	12
GATTTGAGGTCGGACGCAGATCGCAATTCG	0	0	0		0	0	48.47030879	0	3
GATTTTAACAATTATGGGTCACGCGACGAT	0	0	0		0	0	48.47030879	0	17
GATTTTGATGGCACGGTTTCGATTGTTGGC	0	0	0		0	0	387.7624703	0	27
GATTTTGGCGAGGTCATCATTTGACGAAAT	0	413.9326716	19.22977855		0	0	24.23515439	0	586
GATTTTTCTTTGATAGACCGGTGCATCCCC	0	0	0		0	0	96.94061758	0	4
GCAAAACAAGGCGCCCCAGGGTGCAATGTG	0	2.20176953	0		0	0	169.6460808	0	18
GCAAAAGTATTAAACGCTATTATTTCTTAT	0	0	0		0	0	48.47030879	0	7
GCAAAATGGTAGAATGGCCCATCATAACGG	0	0	0		0	0	121.175772	0	889
GCAAAGAGCATGGGGTTCAGTGAAACCTAC	0	0	0		0	0	363.5273159	0	6
GCAAAGGCAATCAGAATCAGCTCACCTGGA	0	0	0		0	0	48.47030879	0	124
GCAAAGGCGTACTTGGCACCCAAGTTGCAC	0	0	0		0	0	266.5866983	0	102
GCAAATCATTTCCTCTCCGTACTTATTATG	0	0	0		0	0	363.5273159	0	36
GCAAATCTAGACGAAAGGCCCTTGCCCATT	0	0	0		0	0	169.6460808	0	27
GCAACAACCCTTGGTAACATTCATGCGCGC	0	0	0		0	0	72.70546318	0	2
GCAACACCGGGGTCCTACGCTAGGAGGGTT	0	0	0		0	0	72.70546318	0	50
GCAACGGATCGCCTAGGCCAGCCATTGTTA	0	17.61415624	0		0	0	96.94061758	0	34
GCAAGACCGTGATCGAATTATGACCACCGG	0	0	0		0	256.8350371	33541.45368	0	183
GCAAGAGCGTGGTTAGCCATTCGAAAGAAG	0	0	0		0	0	96.94061758	0	6
GCAAGAGCGTTCTTTTACGGCCGAGTGAAC	0	0	0		0	0	436.2327791	0	4
GCAAGATTAGTGCTCTGGTACCATGGCCGT	0	0	0		0	0	48.47030879	0	4
GCAAGCGTTAATCCTCGAGAAAACAGTTTT	0	0	0		0	0	48.47030879	0	16
GCAAGGACTGCTCTTTTACACAAGGGACGA	0	0	0		0	5.21492461	0	0	80
GCAAGGCTCCGGCCTCATGTTGTGCTTTTT	0	0	0		0	0	339.2921615	0	11
GCAAGGTTTACCTGTACGAGGTACAATTCT	0	0	0		0	0	24.23515439	0	3
GCAAGTCGGTCGGTTGCGAGACATCGTTGT	0	0	0		0	0	363.5273159	0	369
GCAAGTCGTAAACATTATCCCTAAGGAATT	0	0	0		0	0	96.94061758	0	94
GCAAGTGAGGCGGATTCGGGGTGGGGCGCG	0	0	0		0	0	24.23515439	0	2
GCAAGTTCGTTAGTAGGCATTATGTAAGTC	0	0	0		0	0	266.5866983	0	1133
GCAAGTTGTGGGTGATACAAACAAGTATTG	0	0	0		0	0	945.1710214	0	1455
GCAATACATAATTGTAGAAATGCTTCTCGG	0	28.62300388	0		0	0	24.23515439	0	15
GCAATACTGTCAGGGCCTATGTTGCTATCG	0	0	0		0	0	145.4109264	0	22
GCAATCCTAAAGTGTAACAGGTGACTGTAT	0	0	0		0	15.64477383	0	0	135
GCAATCTAAGACTATAGATGGTGAAGTAGG	0	0	0		0	0	24.23515439	0	30
GCAATCTTTTTCCTTGGTGACTCTGCAATT	0	0	0		0	0	193.8812352	0	112
GCAATGAAGTTCCGTATTACGTTCGTATGG	0	0	0		0	19.55596729	290.8218527	0	563
GCAATGATATTTACAATCGCAATTCCGAGA	0	0	0		4	0	290.8218527	0	7
GCAATGGTCCCAAAAATTGTTAAGGGCCAC	0	0	0		0	35.20074112	0	0	35
GCAATGTTATGAACTACTTTTCCTGACAGT	0	0	0		0	0	72.70546318	0	77
GCAATGTTATGGTTTGCAAAAGCTCCATCA	0	0	0		0	5.21492461	24.23515439	0	4
GCAATTTCTGCATCTATTATCGTTTCGTAC	0	0	0		0	0	533.1733967	0	535
GCACAGAGGAAGAGGAAGCTGCGTGAATTC	0	11.00884765	0		0	0	72.70546318	0	28
GCACAGGTTGTTCTCCCGGATAGTGGGATA	0	0	0		0	0	484.7030879	0	40
GCACAGTATCTCTTAGTTTGTCTTAGAGTA	0	0	0		0	0	24.23515439	0	2
GCACAGTTATAGATTCAAGCGATTGCCGGT	0	0	0		0	0	848.2304038	0	891
GCACAGTTCAAACATCATATCTGGCTCATT	0	0	0		0	0	24.23515439	0	6
GCACATCATTGGTAATTCGTATTGTCCTTT	0	0	0		0	298.5544339	969.4061758	0	69
GCACATGGGCGGGAGAACATTATCCTCAAG	0	0	0		0	0	266.5866983	0	310
GCACATGTGAGATACGCCTTCTTTTGCGAG	0	0	0		0	0	48.47030879	0	0
GCACCAGCTACTGAGATGGTAACTACATTT	0	0	0		0	0	848.2304038	0	5
GCACCCAACTAGCAATTTACGATCCATATC	0	0	0		0	0	24.23515439	0	2147
GCACCCACTCTGTTAGGGTCGGTGGGAGGA	0	0	0		0	0	24.23515439	0	0
GCACCGTTATAGCGAGTAGCCAACAGGCTC	0	0	0		0	0	72.70546318	0	28
GCACCTACATCGCTACGAATTTTTCGCTTA	0	0	0		0	0	169.6460808	0	3
GCACCTCGCTGGCGGGAACTTTTCACTGTT	0	0	0		0	0	484.7030879	0	46
GCACGCATAATCTCAGAAATTCAGACTAAT	0	0	0		0	0	24.23515439	0	7
GCACGCCGATGTTGGCCCTAACCCCCGTAC	0	0	0		0	0	799.760095	0	85
GCACGGGGGCAGTTGGAACCGGAGTAGTAA	0	0	0		0	0	48.47030879	0	71
GCACGGTAGGTGCGTCATGCTACGAGTGCT	0	0	0		0	40.41566573	48.47030879	0	63
GCACGGTTTGAGAATTGTGTGACTATCCTG	0	0	0		0	0	145.4109264	0	5
GCACGTACGAGGTCTGTGAAGCTAAGTACT	0	0	0		0	0	24.23515439	0	39
GCACGTAGCTGCTGGGATCTAGAGTCAAGA	0	0	0		0	0	1284.463183	0	91
GCACGTAGGGTGTGGGTCGGTGAAGGCCAA	0	0	0		0	0	315.0570071	0	169
GCACTAAAAAGGAGCGCCAGGACCTAGAGC	0	0	0		0	0	96.94061758	0	17
GCACTACTGATCAACGCCATTCCCATCAGA	0	0	0		0	0	48.47030879	0	104
GCACTGTTTTTTGAAGTTCTGTGTAAGTTC	0	0	0		0	0	702.8194774	0	20
GCACTTCACAGCAGGGACGTTATCTTTGGG	0	0	0		0	0	24.23515439	0	16
GCACTTGAAAAGCTCGCTTTCGCCTTTAAC	0	0	0		0	0	48.47030879	0	325
GCACTTGGGTAGTGAGGGTAGTTATTCAAG	0	0	0		0	10.42984922	24.23515439	0	67
GCAGAACTGGTCTTCTCTGCGTACAGTTTT	0	0	0		0	0	24.23515439	0	23
GCAGAACTTTCAAGAGTGACTGTAAACAGA	0	0	0		0	27.3783542	702.8194774	0	68
GCAGAGCTCCACTGATGGATCTTCGCTTCT	0	0	0		0	18.25223614	0	0	19
GCAGATACTTTCGAGTTCGAGCTGTGGTAC	0	2.20176953	0		0	0	218.1163895	0	31
GCAGCACTAGAGTCTCTTGTGATGCTGTGT	0	0	0		0	135.5880399	24.23515439	0	23
GCAGCGGTAATCGAGCATCTTTAGTGATTA	0	0	0		0	0	266.5866983	0	92
GCAGCGTAGTAACAGAGTTGTGTGATGGGT	0	0	0		0	0	24.23515439	0	168
GCAGCGTGATTGTATTTAGCAAGGTTTTAC	0	0	0		0	0	24.23515439	0	3
GCAGCTAATTGCATATTAGAAATTTAGCAT	0	0	0		0	0	96.94061758	0	7
GCAGCTCCCGTTTCGCTGGTGTCATAGCGT	0	0	0		0	0	24.23515439	0	2
GCAGGATCTCGACCCAAGTTTTGACCTGTA	0	0	0		0	0	169.6460808	0	27
GCAGGCCACGGCTATATTGGCCCGCGTTTG	0	0	0		23	0	0	0	618
GCAGGCGGCTGCTCAAGGGGCTCCCCTAAC	0	0	0		0	0	24.23515439	0	39
GCAGGCGTTTTGGAAGGGAATCCGCCTAAG	0	0	0		0	0	96.94061758	0	8
GCAGGCTTGCCAGCGTCAAGCATCGATAGT	0	0	0		0	0	775.5249406	0	21
GCAGGGCCGGATGGCAGGGCGCGGCAAATG	0	0	0		0	93.86864298	823.9952494	0	226
GCAGGGCGGACTTCGGTTGCCAGGAGTCAG	0	0	0		0	0	24.23515439	0	0
GCAGGGGCGGTCGAGCTGTATTCGATAGGG	0	0	0		0	0	121.175772	0	3
GCAGGGGTCGTGCTTCAAGCAGGAAAATCA	0	19.81592577	0		0	0	218.1163895	0	958
GCAGGGTGCTGCTCGGGGGCTGGGTCTAGG	0	37.430082	102.5588189		0	0	218.1163895	0	188
GCAGGGTTTCTTCTGTGCTGACTCCGTGTT	0	0	0		0	0	96.94061758	0	4
GCAGGTCAACTAACACACCACTGTGTCCCA	0	0	30.44714936		0	0	0	0	46
GCAGGTGATGGGGCGTAAAAAGGGGCTGCC	0	0	0		0	0	339.2921615	0	257
GCAGGTTATTGAGAGGACGAAAGACGGAAG	0	0	0		0	11.73358037	266.5866983	0	30
GCAGTCCCCTTCCGGTCAAGATGTATTTGA	0	0	0		0	0	24.23515439	0	1065
GCAGTCTGCGGAACATGGAAAAGTTCGGGT	0	0	0		0	0	72.70546318	0	8
GCAGTGTTCTCGTTAACGTTTATGAGGACG	0	0	0		2	11.73358037	290.8218527	0	18
GCAGTTCTTCTGATAACTGTGTGAATGTAA	0	0	0		0	15.64477383	24.23515439	0	0
GCATACGGCGCGGGTGCATTGCATCGTTCT	0	0	0		0	0	48.47030879	0	57
GCATAGCGGGTGCCCATTGATCAAAGTAAA	0	0	0		0	0	242.3515439	0	3
GCATATTCACGCGTTGTATTCTAGTTAAAT	0	0	0		0	0	242.3515439	0	18
GCATCACGTTCCAAATCTCTATCGGTAGGC	0	0	0		0	0	121.175772	0	0
GCATCGACGATTAGTGCCATCTTTTTCTCA	0	0	0		0	0	14759.20903	0	0
GCATCGCGTGCCTTGGGCTGGCAGCATGGC	0	0	0		0	59.97163302	0	0	5
GCATCGGAGTTAACCCTCATGGCTCGTCTA	0	33.02654294	0		0	0	0	0	626
GCATCGTAAAGCCAGATGATGTAGGCTATG	0	0	0		0	1.303731153	1162802.708	0	7
GCATCTGTGGTAGCGCGGTACCCCTTCTTT	0	0	0		0	0	48.47030879	0	6
GCATGAAAGCTGATCTGCAAATCTTACCCG	0	0	0		0	0	24.23515439	0	10
GCATGAGCCGGATGGCGCAAGAGTTGCAGC	0	0	0		0	0	460.4679335	0	8
GCATGCCATCTGCTAGAGGTTCACGGGAAT	0	0	0		0	384.60069	0	0	3
GCATGCTCTCTCGGTTTTATGGTGACGGGG	0	0	0		0	0	72.70546318	0	81
GCATGGGGGGGTCATGGATCAGGAATCGTG	0	0	0		0	0	872.4655582	0	805
GCATGGGGGGTGGGGGCGGAGGGTTAACAG	0	0	0		0	0	751.2897862	0	400
GCATGTTCCTGTGTACCGCGTACTGCCCCA	0	0	0		0	0	24.23515439	0	6
GCATGTTTGAGGCAGGGGAGAAAGGCGATT	0	0	0		0	0	896.7007126	0	77
GCATTACGATTGACCGTTTCTATAAGACCC	0	0	0		0	0	24.23515439	0	5
GCATTATCTTAAGAGTACTTACAAATATTA	0	0	0		0	0	193.8812352	0	22
GCATTCCCTTTCCTCCTCAGTGGCTTGGTC	0	0	0		0	0	24.23515439	0	2
GCATTCCGATAGACTGATACCTCATTTCAT	0	0	0		0	0	48.47030879	0	2
GCATTCCGTCTACGGGACTATGCATCTTTG	0	0	0		0	0	96.94061758	0	44
GCATTCCTCGCCCGTATTTCTAATAATTGA	0	0	0		0	0	848.2304038	0	1622
GCATTCCTTTCAAGAAATAGCTAGGCGGAG	0	0	0		0	0	276062.6437	0	3
GCATTCGTCACGGTCATATTGTTGTCCTTT	0	0	0		3	0	48.47030879	0	3
GCATTGGTTACGAGATTACGCAGGACTGCT	0	0	0		0	0	48.47030879	0	0
GCATTTAACTCGTGCGATCTTATTACCGGA	0	0	0		0	0	169.6460808	0	21
GCATTTAGCATACGCGTCTGGCATTCCATT	0	0	0		0	0	96.94061758	0	4
GCATTTCTGTTGGCTACTTTATCCTTTGGC	0	0	0		0	0	1429.874109	0	158
GCATTTGTTTGATACCGGGGACTGTACTCT	0	0	0		0	0	1235.992874	0	77
GCCAAAACTAGCGTGTCAACTGTCTTTTCG	0	0	0		0	0	24.23515439	0	4
GCCAACCAGCCAAATGTTCGGTCCTAGCGA	0	0	0		0	0	72.70546318	0	2
GCCAACGTGCATCGGTATATATATCACTTC	0	0	0		0	0	1914.577197	0	20
GCCAACTGAGTTTTTGAACGCTGTGGAGGA	0	0	0		0	6.518655763	0	0	0
GCCAAGCAAGTCGGAAGATGCTCGGGTTGT	0	0	0		0	0	24.23515439	0	749
GCCAATGCACCTGGGGGGGAACCCGTTAAT	0	0	0		0	0	24.23515439	0	3
GCCAATTCGCTAATAGCTCTGTTTGGACGA	0	0	0		0	0	24.23515439	0	250
GCCAATTTTCAAGCGCAAAAGATCTGGGAC	0	339.0725076	0		0	0	605.8788599	0	23
GCCACAACAGCATGTTGTACATAAAACAGG	0	0	0		0	0	48.47030879	0	26
GCCACCACCTTACATGATGAATTGACGTCT	0	0	0		0	0	72.70546318	0	1839
GCCACCTATTTCCTAGGACACTCGCTCAAC	0	0	0		0	9.126118068	0	0	8
GCCACGATTCAAAGAAGCGGCAAGATAAGG	0	0	0		0	105.6022234	0	0	15
GCCACGCAAGGGAGACGAGCGTCGCGGTAG	0	0	0		0	0	24.23515439	0	24
GCCACGCAGAGAAGTGTTCCGGTGCGAAAA	0	0	0		0	0	387.7624703	0	58
GCCACGCGCCCTCGATTACTATGTCCCGGT	0	0	0		0	0	48.47030879	0	5
GCCACGGTTGGGTGTTTTTGTACCGTCGCC	0	0	0		0	0	193.8812352	0	2
GCCACTCAACAACGTTAGCGGATACGTCTA	0	0	0		44	425.0163557	11051.2304	0	3732
GCCACTCAGTGGAGCACCGGATTTACTGCA	0	0	0		0	0	242.3515439	0	12
GCCACTGCTACCTTCGTAGCAGTTAGCCAG	0	0	0		0	0	6446.551069	0	96
GCCACTTAGACCCATAGTTCAACTCTATGT	0	0	0		0	0	896.7007126	0	84
GCCAGACTAGCGGAAGAAGGGGCGTAATTG	0	0	0		0	0	24.23515439	0	4
GCCAGAGAGCGATCGGCATAATTCTAATGA	0	0	0		0	3.911193458	121.175772	0	5
GCCAGCCCATAAAAAGCGGTGTACTGGCTG	0	0	0		0	0	1599.52019	0	61
GCCAGCGAGCTAGACATGATGGACGCCCTT	0	0	0		0	440.6611296	24.23515439	0	67
GCCAGCTAATAGTACTCGTGTTCCGTTGTA	0	0	0		0	0	96.94061758	0	2
GCCAGGTGCGTTCCTTGCTTATTCAGAGAT	0	0	0		0	0	72.70546318	0	4
GCCAGTCCGAGACGTGTCTACCCATTACAC	0	0	0		0	92.56491183	0	0	52
GCCAGTGTATCCGGGTATTGGCAGGGGGGT	0	0	0		0	0	48.47030879	0	21
GCCAGTGTCATCGCTGGAACGTATAGCGTG	0	0	0		0	0	218.1163895	0	34
GCCAGTTTCCCGATTTTTATCAAAATCCCG	0	0	0		0	0	48.47030879	0	53
GCCAGTTTGCAGCGGTCAACAACGGGTAGG	0	0	0		0	0	872.4655582	0	174
GCCATCGGTACGTCGGGAATTTTAGATATT	0	0	0		0	0	96.94061758	0	28
GCCATCTTTTAGCGATATGTTCATTTGTAT	0	0	0		0	0	218.1163895	0	113
GCCATGAGGTATCCAACGGCACTGAGTGCA	0	0	0		0	0	72.70546318	0	2066
GCCATGGTGCCCGGGGTGGGCAGGAGCACG	0	0	0		0	0	121.175772	0	326
GCCATGTCTTTGATCACATTTCGCCTGGGT	0	0	0		0	0	266.5866983	0	7
GCCATTAGTTTGCGGGGTGCAAATTTACGA	0	0	0		0	0	24.23515439	0	70
GCCCAAGTGGGTTATGGGATTTCCCTTCGT	0	0	0		0	0	24.23515439	0	5
GCCCAATAGCCGCGGCGGTGAGTGGACAAT	0	0	0		0	0	48.47030879	0	5
GCCCAGGTTCGTTTATCTACACCTCCTTTT	0	0	0		0	0	72.70546318	0	22
GCCCAGTTACCGTTGAGTTAAAGCTTGCGT	0	0	0		0	0	48.47030879	0	14
GCCCATAGCACGGGCAGGTCAGTACTGGAA	0	0	0		0	0	121.175772	0	44
GCCCCAACTATGGGCTCCGAATGTTGGGAC	0	0	0		0	0	48.47030879	0	6
GCCCCAACTTCTATTTCGCACTCCGCTGGC	0	0	0		0	0	48.47030879	0	2
GCCCCACTCTACTATGTGCTACACTGCTTA	0	0	0		0	0	72.70546318	0	2
GCCCCATAATCCCGAGAAAGGGGTCCAAGC	0	0	0		0	0	169.6460808	0	60
GCCCCGTGCTTGATACCGGGTAGTTTAGGT	0	0	0		0	0	1623.755344	0	646
GCCCCTCGATACAGCGTCAGACCTTAGTAT	0	0	0		0	0	145.4109264	0	10
GCCCCTGCAGTTTGCCTGAGTCGGTTCCGA	0	0	0		0	0	24.23515439	0	31
GCCCCTTATTCGTTGTATGAAACCATGAAT	0	0	0		0	2.607462305	96.94061758	0	31
GCCCGACTACACTGACCTTGCTCGCCGGTC	0	0	0		0	0	48.47030879	0	819
GCCCGATGCAGCCTTTCTTGTTAGCAGCGT	0	0	0		0	0	1139.052257	0	3
GCCCGCGGGGTTCGTGTTTCGACGTGCTCC	0	0	0		0	13.03731153	121.175772	0	20
GCCCGCTTCTACAGCTCAATGTAATTCTGG	0	0	0		0	0	72.70546318	0	38
GCCCGTCCTAGTTCGGGCGTGCAGGTGGGA	0	50.64069918	24.03722318		0	0	0	0	21
GCCCTAGATAGTCAGCAATCTCGGCATCAT	0	0	0		0	0	24.23515439	0	18
GCCCTGATAAGTTTTTACTTTTAGCACGGT	0	0	0		0	0	48.47030879	0	6
GCCCTGTTATAAGCGAGGGTTACTTCTTGA	0	0	0		0	0	48.47030879	0	15
GCCCTTCGTTTTAGGGCATTCCTCTTCAGT	0	0	0		0	0	121.175772	0	3
GCCGAAATGGTAACACTGTACGTGCTCCTA	0	0	0		0	0	72.70546318	0	2
GCCGAAGCAGGAATTTCCATATTCGGATAG	0	0	0		0	0	411.9976247	0	15
GCCGAGGAATAGAATAGAAGACGCCCCTCT	0	96.8778593	0		0	0	0	0	15
GCCGAGTTACACATTCGCGGGTAGCTCGCG	0	0	0		0	0	72.70546318	0	300
GCCGCACCTGAACTGGACGCTCTGCAAGAG	0	0	0		0	0	145.4109264	0	4
GCCGCCACCGCTGGGTGCAGCTTCCCGATG	0	0	0		0	0	920.935867	0	28
GCCGCCAGGTGTTTTCCGGACCGTGAATTA	0	0	0		0	0	24.23515439	0	46
GCCGCGCGTAATGTCGCATGCTATGGAGAT	0	0	0		0	0	193.8812352	0	317
GCCGCGCGTCAGCCTGCCTTTTCATTGGCT	0	0	0		0	0	121.175772	0	7
GCCGCGGTCCTCTAGCCGCATCCTAATAGT	0	0	0		0	0	24.23515439	0	46
GCCGCTAGGCGGACGCGTAGAGGAGCCGTA	0	0	0		0	0	218.1163895	0	7
GCCGCTCACAATAAATCTAAACGTAGTGCT	0	0	0		0	0	96.94061758	0	8
GCCGGACTTGCATGTAAAGGGTATTATATA	0	0	0		0	0	24.23515439	0	2
GCCGGAGGGAGTAAACTATTGGTCACTGTA	0	0	0		0	0	24.23515439	0	43
GCCGGGCTGCCGATTCGGCGCGCTGCGCAG	0	0	0		0	0	315.0570071	0	7
GCCGGGGAAACTGTAATGTCTAGATCCAAT	0	90.27255071	0		0	0	0	0	296
GCCGGGGACTAGGAACCAGGGAAGTTTTGG	0	0	0		0	0	508.9382423	0	95
GCCGGGGAGATGTACGCGGGACGAATGATA	0	0	0		0	0	145.4109264	0	44
GCCGGGGTGAGAAAACGTTACTGTTTCGCG	0	0	0		0	0	3077.864608	0	242
GCCGGGTACGAGCCGTAGAAATCGGTAGCA	0	0	0		0	0	48.47030879	0	122
GCCGGTCGGTGAGAGCAGAACCCGATCAGT	0	0	0		0	0	72.70546318	0	11
GCCGGTGTACTTCGTCTGCATATATGACCA	0	0	0		0	0	24.23515439	0	3
GCCGGTTGCACCCACAGTTTAATCATCGAT	0	0	0		0	152.5365449	0	0	2142
GCCGTACATTAGTGGTAAGCTCTTCCTGCA	0	0	0		0	0	1454.109264	0	177
GCCGTAGGTAATGGAGCAGTTTGAGGTGCC	0	0	0		0	0	24.23515439	0	3
GCCGTCAAATGACGTCGGCTCATGTGGGGA	0	0	0		0	0	145.4109264	0	12
GCCGTCTGTTGTCCTTCAGTAGTGTAACTT	0	0	0		0	0	1042.111639	0	1092
GCCGTGAAGCGTGTCGTCTGTTCTCGAAGT	0	0	0		0	0	727.0546318	0	292
GCCGTTGTGGTATTGGGGGAGTATGTACTG	0	0	0		0	22.16342959	24.23515439	0	15
GCCGTTTCGCTCTTTGCGGGTTAGCATGAC	0	0	0		0	2.607462305	0	0	0
GCCTAACAGTGGTCTAAAGCTCTAGGTACC	0	0	0		0	3.911193458	24.23515439	0	6
GCCTAAGCTATATAGTACCGTAAGAGAACA	0	0	0		0	0	460.4679335	0	38
GCCTACACGTGTTAACCAGTTGGAATATCT	0	0	0		0	0	48.47030879	0	312
GCCTACGGTGTACCTGTCTGCCAAACATTT	0	0	0		0	0	24.23515439	0	112
GCCTATATGTCTTTGCAATTGCGATAGATC	0	0	0		0	0	24.23515439	0	3
GCCTCGACCAATAATTCAGGTTATTAGGTC	0	0	0		0	83.43879376	0	0	2
GCCTCGTACACTAAGTTGGTGCTAAAGATT	0	0	0		0	0	145.4109264	0	25
GCCTCTGGTCTCTGTGGGGGCGAGCGTTAT	0	0	0		0	0	48.47030879	0	23
GCCTGAACCTTTAATGAAAACAGGTTGGGT	0	0	0		0	0	169.6460808	0	36
GCCTGAGAGCGATCCTCTTAAGTTATTTAC	0	0	0		0	0	751.2897862	0	106
GCCTGAGATTGTGGATAAGGGGATAGGTGA	0	0	0		0	0	48.47030879	0	23
GCCTGAGCAGGCTTACCACTCCCGAAACTG	0	0	0		0	0	48.47030879	0	56
GCCTGAGTTCTACGTAAGACCATGGAAATA	0	0	0		0	0	96.94061758	0	5
GCCTGATGCAGCGGGGCGAAATTCCTAGTT	0	0	0		0	0	218.1163895	0	19
GCCTGATTTTCTTGGGTGTTACCGAAGATC	0	26.42123435	0		0	0	72.70546318	0	4
GCCTGCCAATTTTTCTTAGAACGTTCTCCA	0	2.20176953	0		0	0	0	0	9
GCCTGCTTTATGACAGTACGAGACAATTCT	0	0	0		14	0	0	0	34
GCCTGGAAAAGATTTCGTTTTATATTATCT	0	0	0		0	119.943266	0	0	130
GCCTGGACGCGCGCGTGGCTAGATGCATGA	0	0	0		0	0	72.70546318	0	117
GCCTGGGAGCACGCCGTTTGGTATGTGGTA	0	0	0		0	0	96.94061758	0	30
GCCTGGGTGGCGCGTCCATGACGGATTTAT	0	0	0		0	0	411.9976247	0	19
GCCTGTCAGTCTATAGTGAAAATTTTATAA	0	13.21061718	0		22	0	0	0	5
GCCTGTCCCGTTTTAGGAGGTCTGTTAAAA	0	0	0		0	0	72.70546318	0	86
GCCTGTCTGACCCCATCGATAACAGTCCTG	0	0	0		0	0	24.23515439	0	2
GCCTTATAATTTTGATCAACACCACGTCAG	0	0	0		0	0	72.70546318	0	4
GCCTTCTCAAAGTAGGGGAAGTTCACTGTA	0	0	0		0	0	72.70546318	0	5
GCCTTCTTATCTAGCGGGTCAAACTACATA	0	0	0		0	0	315.0570071	0	64
GCCTTGGCTGTTAGGTTTTTCTGACGTCTG	0	0	0		0	0	48.47030879	0	8
GCCTTGTTCGGTACGGGTGTCTGGACACGC	0	0	0		0	0	145.4109264	0	2
GCGAAATAACATCGGAACCGCGAGCGCGAC	0	0	0		0	15.64477383	72.70546318	0	14
GCGAACCTAGTTCGATATGGTACTTCTTAA	0	0	0		0	0	193.8812352	0	153
GCGAAGAATCCCCGGGGACTCCATTTGGTC	0	0	0		0	0	24.23515439	0	14
GCGAAGATGCACCGCTCAGGCCGCGTGTGC	0	0	0		0	0	290.8218527	0	20
GCGAAGGGTGGTGGAGTCGTCAGATGGGAT	0	0	0		0	0	920.935867	0	602
GCGAATGGAAGCTCTAACGTTGTTGCGTAG	0	44.03539059	0		0	0	24.23515439	0	278
GCGACAAGCAATGATAATTAAATCTCGGGT	0	85.86901165	0		0	0	0	0	33
GCGACATAATATATACTAGCTCCGGTGTAG	0	0	0		0	0	145.4109264	0	30
GCGACCAGAGTGCGTTAGGCTCGTGCATGT	0	11.00884765	0		0	0	24.23515439	0	9
GCGACCGGCGGGGATCCTGAGGTACTTTGC	0	0	0		0	15.64477383	96.94061758	0	83
GCGACGAAATTTATTGATTCCAGCACTGTC	0	0	0		0	0	72.70546318	0	70
GCGACGAATGCTGCGTGCGGTAGTCGCATA	0	0	0		0	105.6022234	290.8218527	0	23
GCGAGAGGGAATATTTTCGGTGTTAGCTGG	0	0	0		0	0	193.8812352	0	112
GCGAGATTGTGTGAGAGTGGCAGACCTAGC	0	376.5025896	0		0	0	0	0	7
GCGAGCACGAATGACCACTTCTAGTAGAAA	0	0	0		0	0	24.23515439	0	122
GCGAGGTCACGGGGGCGAACAATGGGGTAA	0	0	0		0	0	24.23515439	0	6
GCGAGGTGGGCGTGGCGGGGTATATCGTGC	0	0	0		0	0	24.23515439	0	6
GCGAGTAGATCCTAGGCGCAGAGGGGGACG	0	0	0		0	0	339.2921615	0	15
GCGAGTTGCCTATACCTAGCTATACGTTAT	0	0	0		0	0	24.23515439	0	22
GCGATAGATCGATCCGCTCGTCTAATGTTC	0	0	22.43474164		0	0	121.175772	0	16
GCGATATATTCGCGACTTCACATTAGGCCC	0	0	0		0	0	242.3515439	0	124
GCGATATTTCAAATTACCACCCCTTACACT	0	0	0		0	0	48.47030879	0	506
GCGATCAGCACCACATGCCTAGTGCAGTTG	0	0	0		0	0	48.47030879	0	13
GCGATCCTTTGTGTGTTAGGACGCGAAATT	0	0	0		0	11.73358037	169.6460808	0	5
GCGATCTCGATCAGGTTGGTGAAGATCGCG	0	61.64954683	0		0	0	48.47030879	0	33
GCGATGTCATCGTCCTTATTGTCTTGTGTT	0	0	0		0	0	24.23515439	0	1113
GCGATTCCCAAATCGGAGTAAATTACCGAA	0	0	0		0	0	436.2327791	0	181
GCGATTGGAATGAACGGCGCGGTGGGTAAC	0	0	0		0	0	169.6460808	0	71
GCGATTTGTTAACGTGGGCGGAACTTCGAT	0	0	0		0	0	96.94061758	0	174
GCGATTTTAATGTTAATGACGCTCTCCGTA	0	0	0		0	0	48.47030879	0	0
GCGCAAGGCCAACCACAGCAGTTTCAGCGG	0	0	0		0	0	48.47030879	0	0
GCGCACACGAACGATACACTGTTAGTTTGC	0	0	0		0	0	169.6460808	0	7
GCGCAGAAGGACGCGGGCAGCGATCCGGGG	0	0	0		0	0	121.175772	0	3
GCGCAGAGCCGGCGCCCTCCGATCACGCAC	0	0	0		0	29.98581651	0	0	6
GCGCAGCAGGCATCACGTAATCAAAAGCCA	0	0	0		0	0	72.70546318	0	2716
GCGCAGCTGGTCGCCTGTGGCAACAGATTA	0	0	0		0	162.9663941	169.6460808	0	7
GCGCAGGAACTTTGCGAGTGGTCTCTACGT	0	0	0		0	0	799.760095	0	4
GCGCAGGCACTGAACAAACCTTGCGCAAGA	0	0	0		0	0	24.23515439	0	0
GCGCAGGGCGCAGGCGGTCGGGCATTATAC	0	0	0		0	96.47610529	0	0	349
GCGCATGCCAGCGTGGTTAGACCTAAAGGC	0	0	0		0	0	96.94061758	0	0
GCGCATTATAAGTATGACTTGTCAGCTGTC	0	13.21061718	0		0	0	0	0	2
GCGCATTCGGGGACTCCGAGTACCAAGGAG	0	0	0		0	87.34998722	145.4109264	0	14
GCGCCCCGCAGGCTGACTCTTCAAACAAGT	0	0	0		0	0	218.1163895	0	54
GCGCCCTGGCCGCCTCCTAACAGTGCCGCC	0	0	0		0	0	72.70546318	0	10
GCGCCGCTACCAATTTAAGTGAACGCGGAC	0	0	0		0	0	24.23515439	0	17
GCGCGAGCTACGGGGCAGTACGTTGTGGAG	0	0	0		0	0	2956.688836	0	426
GCGCGATTCTCGGACTTGGGTTAGAAGTAA	0	0	0		0	27.3783542	24.23515439	0	770
GCGCGCACGTGACCGTAGACGTGTCGAGTG	0	0	0		0	10.42984922	363.5273159	0	7
GCGCGCCCGAATATTTCATAGAGTATTTGT	0	0	9.614889273		0	0	48.47030879	0	7
GCGCGCTACTATAAATAGTCTCACTCTGAG	0	0	0		0	0	72.70546318	0	2
GCGCGCTGGGGCAATCGGTATCAGCGCTGT	0	0	0		0	0	121.175772	0	15
GCGCGCTGGTTCGATCTTAATTTGGTCTGC	0	0	0		0	0	290.8218527	0	275
GCGCGGAAATCCTTACAAACTTACCGTGTT	0	0	0		0	0	266.5866983	0	41
GCGCGGGGGGCGTTGAAGTAGGCCGAGGCG	0	0	0		0	15.64477383	0	0	145
GCGCGGTCTGCAAGCTTCGAAGGGCGTATA	0	0	0		0	0	48.47030879	0	7
GCGCGTAAAAAGGCGCTGAGAGCGTAGACG	0	0	0		0	0	727.0546318	0	233
GCGCTACAGGATGTGAAGGCGGCTCCGACG	0	0	0		0	0	48.47030879	0	6
GCGCTACATTGCAGTATTAACCAACAAATT	0	0	0		0	0	290.8218527	0	4
GCGCTAGTTTCCACTCGCGGAATAGTTTAT	0	4.403539059	0		0	0	0	0	7
GCGCTCACATCCCCTATTTTGTTCTCGTTC	0	0	0		0	0	72.70546318	0	30
GCGCTCCTATGATTTTCGGTATTCCACGTT	0	0	0		0	39.11193458	0	0	20
GCGCTGTAGAGTGGATGTTGTGCGACGGCG	0	176.1415624	0		0	0	3029.394299	0	666
GCGCTGTTAGGAGGCGTAGCTCGAGGGTAG	0	0	0		0	0	315.0570071	0	5
GCGGAATGCGGGTTAAAATAAGATTAGGGT	0	0	0		0	0	48.47030879	0	116
GCGGACGAGACAGTGTAAATGGAGCATCCG	0	0	0		0	48.23805265	0	0	3
GCGGACGTAGTAGGGGGGTGGGCGGATTGG	0	0	0		0	0	24.23515439	0	8
GCGGAGCAGAGCATTGACGGGCCTAGCCGT	0	0	0		0	0	1429.874109	0	24
GCGGAGCAGCATCGACTGCGCCCAGTCGGC	0	0	0		0	0	436.2327791	0	16
GCGGAGCGGTGTAGTGTCCCGGCCCATATA	0	0	0		0	0	48.47030879	0	75
GCGGAGGATGGTGCTCTAGAAATCTAGTAT	0	0	0		0	0	218.1163895	0	756
GCGGATCGTTTGAAGGGTCCGCTATCGCAC	0	0	0		0	173.3962433	436.2327791	0	972
GCGGATTGATGTAACAAGCTACACGCCCCG	0	0	0		0	0	242.3515439	0	139
GCGGATTGGCGTGAACTTAAGTCGTCTTCC	0	0	0		0	0	72.70546318	0	184
GCGGCAGGGGGGGCGGGTGGGTGCGCCTGG	0	0	0		0	0	24.23515439	0	0
GCGGCGCCCGGGGAAGCTTGGATGGACGGG	0	0	0		0	0	72.70546318	0	23
GCGGGACTACGTCCCCGGGAGTCGGAGGGC	0	0	0		0	0	48.47030879	0	2
GCGGGCCAGAGTCAGAACAGGTCGGGTTAC	0	0	0		0	0	339.2921615	0	316
GCGGGCCCGAGTTAGCGGTTAGAACCTGAG	0	0	0		25	1.303731153	24.23515439	0	0
GCGGGCCTCGCGTGTGGCCCGGCCAAGGGA	0	0	0		0	0	315.0570071	0	74
GCGGGGAGTCACCACGTGCACGTCGAGCGT	0	8.807078118	0		0	0	0	0	26
GCGGGGGTGTGCAGGCCCCGGATGATTTCG	0	0	0		0	2.607462305	0	0	0
GCGGGGTACCGGGATTGTGGGCGGGCAGGA	0	0	0		0	0	218.1163895	0	38
GCGGGGTTCATTCTTAATAGCTTGGTATTT	0	0	0		0	0	48.47030879	0	36
GCGGGTAATCTATTATGTATGTAACCTTCA	0	0	0		0	0	24.23515439	0	9
GCGGGTACACTCCTTGTGGGTGACGATCTA	0	66.05308589	0		0	0	0	0	28
GCGGTAAGCTATGAGGACGGGTGCAGGTCG	0	0	0		0	0	96.94061758	0	27
GCGGTCGGCCAGCGTTCGGTCCGGTCCAGC	0	0	0		0	0	266.5866983	0	204
GCGGTGATATCCCTATGGACTGTCCCAATA	0	57.24600777	0		0	0	0	0	810
GCGGTTCGGGTTAGAGAAGTAGCTGCCTAT	0	0	0		0	0	24.23515439	0	0
GCGGTTTGGGTCGAAATTGGCCGCCGGTTC	0	0	0		0	0	24.23515439	0	20
GCGGTTTTGTACCGCGAGGAACGTAGGGGC	0	116.6937851	38.45955709		0	0	533.1733967	0	50
GCGTAAATAACCCGGAACATCTTCCTAGTT	0	0	0		0	0	24.23515439	0	5
GCGTAAATACCCTTGGCACACTAAGCATAT	0	0	0		76	0	0	0	75
GCGTAACAATGAGTTCCTCCGCTTCAAAAG	0	0	0		0	0	72.70546318	0	42
GCGTACGCTATCGGCAAATACTCGTCCTTT	0	0	0		0	0	290.8218527	0	55
GCGTACGGTCAGGGGCTGTGTGTGTCCCCG	0	0	0		0	0	218.1163895	0	131
GCGTAGCGATCTGCGTCTGGATGCGCCGTT	0	0	0		0	0	24.23515439	0	6
GCGTAGGGCATAACGTCAATACAACTCCAT	0	0	0		0	0	387.7624703	0	71
GCGTAGTCAGGTGCGGGGGAGCAGGGAGAT	0	0	0		0	0	24.23515439	0	6
GCGTATAACTGGCTGCTGCACTGCGCGTGA	0	0	0		0	0	339.2921615	0	62
GCGTATTAACTTTATGAGTCTGCGCGCGTG	0	0	0		0	0	290.8218527	0	490
GCGTATTTAACATAGAGTCGCTCGGCGTGC	0	0	0		0	0	24.23515439	0	60
GCGTCATTCTTGAGTTAGTCGTAGTAAGGT	0	0	0		0	0	1696.460808	0	13
GCGTCCGCAGTGGAAGCCTGGGTCTCGTGC	0	0	0		0	0	48.47030879	0	2
GCGTCCTTCCCTTAGCTTGAACGTCATATA	0	0	0		0	0	96.94061758	0	51
GCGTCGCCAATAACTGCCCCAGACTGACTT	0	0	0		0	0	48.47030879	0	29
GCGTCGCCGGAGATCAAGTTAGCCCCGGTA	0	0	0		0	0	121.175772	0	16
GCGTCGTTTGGGCTCGTGATTGTCGCACGA	0	0	0		0	0	48.47030879	0	0
GCGTCTCAACGTTTCCGTCGGCTAAAATCT	0	0	0		0	0	24.23515439	0	6
GCGTGAAGATCAGAACAGGGAGACGCACGC	0	0	0		0	0	48.47030879	0	5
GCGTGAAGGGGAGGGAGCACGAATGGGTTA	0	0	0		0	0	48.47030879	0	164
GCGTGACAGAGATTCCGCCTCAATATAGTA	0	0	0		0	0	387.7624703	0	617
GCGTGACGTAATAGTTATTAGGAGGGGAGC	0	0	0		0	0	48.47030879	0	7
GCGTGAGTACGCGACATCCATCATAACGCC	0	0	0		0	0	48.47030879	0	21
GCGTGATGCTTTGACTTGGGTTCACTGGTT	0	0	0		0	0	24.23515439	0	2
GCGTGCCCTGTTAGGCCGGTGCCTCCATCA	0	0	0		0	3.911193458	0	0	0
GCGTGGACCATATCATGTGAATCGTATTAC	0	30.82477341	0		0	0	96.94061758	0	5
GCGTGGCCGTATGTAGACGTCTTCCCATAA	0	0	0		0	0	72.70546318	0	74
GCGTGTCGTTCCACGACGTAACTTGCACTT	0	26.42123435	0		0	0	1672.225653	0	370
GCGTGTTCTGCAGTATAATTCTTCACGGTA	0	0	0		0	0	218.1163895	0	83
GCGTTATGTCTTTCGCCACACCGTAGGTAA	0	0	0		0	0	48.47030879	0	4
GCGTTCGCTTAGATAGATCTTGGTGTAAGA	0	0	0		0	0	96.94061758	0	16
GCGTTCTTTGCATACGTAATCGTATGTTTC	0	0	0		0	0	145.4109264	0	667
GCGTTGCATCTAGGACCTTCCTTCAGGAGT	0	0	0		0	0	48.47030879	0	9
GCGTTGTTGCGCCTGCCACGCTTAACACTC	0	0	0		0	0	48.47030879	0	5
GCGTTTAAGATCGTACTGACGGACTGAACG	0	0	0		0	0	24.23515439	0	5
GCGTTTCACGAAATCTATTTATCTGCCGGT	0	0	0		0	0	121.175772	0	28
GCTAAATCTGGTTCCCGCTATACCGGATGT	0	0	0		0	0	48.47030879	0	0
GCTAACAGCAAAATATGGTATTAGTTTCTG	0	0	0		0	0	96.94061758	0	15
GCTAACAGGTCCCCAGCGTTTTAAGTTACT	0	0	0		0	0	72.70546318	0	32
GCTAAGCTCTACGGCTAACATTTGAAAGGT	0	0	0		0	0	48.47030879	0	5
GCTAAGGCTACCAAAAAGGTCTTGACGTAG	0	0	0		0	387.2081523	411.9976247	0	485
GCTAATACTTGTCCAGACTTTACAACGACA	0	0	0		0	0	48.47030879	0	62
GCTAATAGCATCATGTTCTGGATTAGTCAG	0	0	0		0	0	145.4109264	0	146
GCTAATTTACATACCTAAGCTTGGTTTTAT	0	0	0		0	0	363.5273159	0	7
GCTACAAAGGACCGAGGGTCTTGAGGCCCG	0	0	0		0	0	24.23515439	0	0
GCTACATTCGTTAAGTTAAATTTCGGGAGC	0	0	0		0	0	96.94061758	0	4
GCTACCGCGCGCTCGGTACGGGGGTACGTG	0	0	0		0	0	96.94061758	0	24
GCTACCGGCAAAAAAGTCGGATATTGATAT	0	0	0		0	3.911193458	0	0	0
GCTACCGGCAAAAAGTCGGATATTGATATT	0	0	0		0	455.0021722	17643.1924	0	39
GCTACCTGCCTAGAAGTTTCTCCGGCTCTG	0	0	0		0	0	72.70546318	0	2
GCTACGTACAATAGTATCCCACCGTCCTAA	0	0	0		0	0	96.94061758	0	44
GCTACTGTACGGCATGTCCAACTTCTGGGT	0	0	0		0	0	72.70546318	0	95
GCTAGATTCATCCCGCACTAGCGAACATGG	0	0	0		0	0	72.70546318	0	115
GCTAGGCGGGGCTTACACGTCTCGCCGTTT	0	0	0		0	0	218.1163895	0	164
GCTAGGTCCAAGGCCCACGGGCCAGGTGGG	0	0	0		0	0	24.23515439	0	3
GCTAGTAATGCTGAGTAAAACCCTACTAAT	0	0	0		0	0	4725.855107	0	23
GCTAGTTAGCCGGTCCAAATTGTGTCCGAG	0	0	0		0	0	169.6460808	0	138
GCTATAACGTACGCGATCGGATTCTCATAC	0	0	0		0	0	2011.517815	0	174
GCTATAGCTGTAAGGCAAGGTTGTATAAGG	0	0	0		0	0	24.23515439	0	33
GCTATAGTAAGAGACGTCCTATGATTTGAT	0	0	0		0	0	290.8218527	0	657
GCTATATTATTCTATAGGAGAGATTGTGCT	0	0	0		0	3.911193458	24.23515439	0	36
GCTATCGAGTGGCACGTGGCGTGGGGCCTC	0	0	0		0	75.61640685	1260.228029	0	22
GCTATCTCTTGGTTAATAGCCGACGGGGAT	0	0	0		0	0	145.4109264	0	86
GCTATCTTGCTTAGGAAGGAACCCGACGAC	0	0	0		0	0	484.7030879	0	42
GCTATGACTACCGTTGAATCCGGTTGTCTG	0	48.43892965	0		0	0	0	0	178
GCTATGCTGCAGGGCATGAAAGCACTCGGA	0	0	0		0	0	24.23515439	0	4
GCTATTTCAGTGAGTACTTCGGCGCTACTA	0	0	0		0	100.3872987	290.8218527	0	176
GCTATTTTTCGAGATATATTTTCCGGTCAA	0	0	0		0	0	121.175772	0	3
GCTCAAGACGACCCGAAGATTAGCATCATG	0	0	0		0	0	169.6460808	0	16
GCTCACCACTAGCAGTTTATTAGCTTGACA	0	0	0		0	0	48.47030879	0	9
GCTCACTAATGGTATTGCACCGTTCAGCCT	0	6.605308589	3.204963091		0	9.126118068	24.23515439	0	13
GCTCCAACCCCCAATTCCGTCTGTATGGCC	0	0	0		0	0	460.4679335	0	782
GCTCCAAGCTCGAAATGTGTTGCCGTTATC	0	0	0		0	0	121.175772	0	8
GCTCCATGGTCGGTTAATCGTTAAAAATTT	0	0	0		0	0	24.23515439	0	73
GCTCCCAGAGAACCATAAGCTGCTTTGACC	0	0	0		0	0	48.47030879	0	9
GCTCCCCTGTCCTCTGGGTGGTGTGAGCGA	0	0	0		0	0	1381.4038	0	634
GCTCCCTCCTTTCCTCCCCTTGGATGAACG	0	0	0		0	19.55596729	169.6460808	0	2
GCTCCGAGGTGTAGCGAGGCCTTATGTGAA	0	0	0		0	0	96.94061758	0	29
GCTCCGATCGTCTTCCTGTTGTAACGCAAA	0	0	0		0	0	24.23515439	0	20
GCTCCTCAAATTCTTGTGCTGGCTTCCGCA	0	0	0		0	0	460.4679335	0	16
GCTCGAAGTAGGGTTCTCGGGGAGGGGTCC	0	0	0		0	10.42984922	48.47030879	0	56
GCTCGATCATGCAGATTATTTAAAGTCGTA	0	0	0		0	0	460.4679335	0	0
GCTCGCTGATCCTCACTAACGGACGCATGA	0	0	0		0	1.303731153	24.23515439	0	2
GCTCGGACTGTAGGCTGGGGAAGACGTGGG	0	0	0		0	0	72.70546318	0	13
GCTCGTCAATACACGACCTCCGACCAATAT	0	0	0		0	0	24.23515439	0	1714
GCTCGTTGGATGGTCGTTTGAATGGACGCA	0	0	0		0	0	24.23515439	0	583
GCTCTACAGGGCAGGGGTTGCGGGTGAGAT	0	0	0		0	0	48.47030879	0	21
GCTCTCCATGGGTTGTCCATCCGATGCTCT	0	0	0		0	0	24.23515439	0	0
GCTCTCGACGCGTGCACCGGAATGAACACC	0	0	0		0	0	72.70546318	0	21
GCTCTCTAGTTTTAGGGACGGAGCGCTGTA	0	0	0		0	0	24.23515439	0	3
GCTCTCTGGGAGGTTAGCCCTTAATACGGT	0	0	0		0	0	5089.382423	0	8
GCTCTGATCATACATAATCGTAATGCCTCG	0	0	0		0	16.94850498	24.23515439	0	240
GCTCTGCCGCAGTGTGCATGTAAGTGTGAG	0	19.81592577	0		0	0	0	0	2
GCTCTGGGCTCGAAGATTATTGTTTTAGAT	0	0	0		0	0	290.8218527	0	27
GCTCTTGCAGAGGAATTTTTGATGAAAATA	0	0	0		0	0	290.8218527	0	14
GCTCTTTATACTGGGACTCGGGGAGGTGAC	0	0	0		0	89.95744953	0	0	28
GCTGACATTGGCAAGCTCTATTGGGGAGCA	0	0	0		0	0	121.175772	0	10
GCTGAGCCTACCGCCGTGCCAGTAACTCCG	0	0	0		0	0	1017.876485	0	77
GCTGATGCTTACTCAGGTGGGAGCTTTAAC	0	0	46.47196482		0	0	24.23515439	0	1198
GCTGATGGGAGCTAGGTGAGTGGTTCGTTA	0	118.8955546	30.44714936		0	0	72.70546318	0	133
GCTGATTCCGGCCAGCCATGTCCTAAATTG	0	88.07078118	0		0	0	0	0	42
GCTGATTGTACATGCCTAACACGAAACACC	0	0	0		0	0	24.23515439	0	15
GCTGCATGCCTTTGTGGGAAGGTTATGTTA	0	0	0		0	0	484.7030879	0	0
GCTGCATTAAGTAAGGTGATCACTTTGGCG	0	0	0		0	0	290.8218527	0	706
GCTGCCAGCAAGTTTGTCTATCGGGCTGTC	0	0	0		0	0	72.70546318	0	3
GCTGCGACTTCATATCGAATACTAGTAGTT	0	0	0		0	0	24.23515439	0	34
GCTGCGATGAACATGGAAGTCCTTCTATGA	0	0	0		0	0	121.175772	0	86
GCTGCGGCCGAAATCGATCGGTATTATCTC	0	0	0		0	0	484.7030879	0	766
GCTGCGTGGGTTCGTAGCTTATGGCGTGTG	0	0	0		0	0	48.47030879	0	2
GCTGCTTTGAATTGTACGTAACCGCGAATG	0	0	0		0	0	48.47030879	0	19
GCTGGAACCATGGTTCAGGTATGACTCGCC	0	0	0		0	0	290.8218527	0	22
GCTGGACAACCACAAAGTGAAGGTGATACA	0	0	0		0	0	3271.745843	0	0
GCTGGACAAGGCGCAACGGAGTGTGGTCAA	0	0	0		0	3.911193458	0	0	5
GCTGGCTCGCGCTATGAGCCGTGCTGCCGG	0	0	0		0	0	1769.166271	0	0
GCTGGGAACGTGCCAGGACAGTAGTGCGTT	0	0	0		0	0	290.8218527	0	383
GCTGGGACGAGAGGCGGGGTGCGGTACCGG	0	0	0		0	0	24.23515439	0	36
GCTGGGCAGACTCAGGGTACGCCGTTAGGA	0	0	0		0	0	242.3515439	0	462
GCTGGGGAGAATTCACGGGATGAGCCGAAA	0	0	0		0	2.607462305	48.47030879	0	30
GCTGGGTTACATGATTGCTTTTTGTCCACA	0	48.43892965	0		0	0	24.23515439	0	12
GCTGGGTTTGCCGAAATGGGATATTAGCTT	0	0	0		0	0	72.70546318	0	28
GCTGGTCTGGGACGGGCGGGAGGAGTGGGG	0	0	0		0	0	290.8218527	0	186
GCTGGTGAGATATAATCCCGCAATCGAGTT	0	0	0		0	0	508.9382423	0	370
GCTGGTTTTAACGAAAGTCTAGGGCAAAAT	0	0	0		0	0	96.94061758	0	86
GCTGTCTTTAATAATTCCATTAGAAGGTTA	0	0	0		0	0	24.23515439	0	6
GCTGTTATCTAGGTTAATTCCATATTGGAT	0	0	0		0	0	24.23515439	0	0
GCTGTTCCATGTGGGTAACATTCTGCGCTA	0	0	0		0	0	24.23515439	0	40
GCTTAAACTATCCTGTTATCGAAGCAAGAT	0	0	0		0	0	72.70546318	0	24
GCTTAACGGGAATTAGATTACGCATCTCGT	0	0	0		0	0	193.8812352	0	442
GCTTACATACTATTATTTCTATTAAGGGTG	0	0	0		0	0	96.94061758	0	368
GCTTACTGAGCTTACTCTAAGAATTAGATA	0	0	0		0	0	387.7624703	0	70
GCTTACTGTGATCTTAGACATCGTTATTAC	0	0	0		0	0	2229.634204	0	48
GCTTAGATGTTTCTGATGCTTAACCGTGAA	0	0	0		0	0	24.23515439	0	5
GCTTATCATACAACCTATTAGGAGCTCCTT	0	0	0		0	0	266.5866983	0	151
GCTTATCTTTCCCTTTTCCAGAATATAATG	0	0	0		0	0	1042.111639	0	121
GCTTATGCGCCGAGCTTAGACATATGATGT	0	0	0		0	0	24.23515439	0	4
GCTTCAGGAAATCCGACTTGTTTGACACTC	0	0	0		0	0	48.47030879	0	35
GCTTCATCAGCGGACTTGGCTTCTGTGGTA	0	0	0		0	0	1017.876485	0	50
GCTTCATTGATTAAAGTGGCGGGTCGGCTG	0	0	0		0	0	24.23515439	0	265
GCTTCCCCTATTAGCTACTGGATCCGAGCG	0	0	0		0	0	339.2921615	0	10
GCTTCGAAGATTAGCGGTTTATCATGCTAC	0	0	0		0	0	266.5866983	0	53
GCTTCGATTTCATGACTTCAAGTTGCGTGT	0	0	0		0	0	48.47030879	0	4
GCTTCGCTGATGTCATCTTTGTCTAAACTC	0	0	0		0	0	24.23515439	0	0
GCTTCGTTCAGCGACTCGAATTAGGTCAGA	0	0	0		0	0	121.175772	0	43
GCTTCTTATGCCGTCTGCACGGGCAAGGGT	0	8.807078118	12.81985236		0	0	24.23515439	0	0
GCTTGATTCTCGTCTCCACGGCTGAATTGA	0	0	0		0	0	96.94061758	0	13
GCTTGGGTCATTAACGCCTCCACCAACATG	0	0	0		0	1.303731153	0	0	0
GCTTGTCATGAGCACTTTAATCGAACGCCG	0	0	0		0	0	48.47030879	0	2
GCTTGTGAATCGTACCCAACGCAGTCTAGG	0	0	0		59	0	0	0	607
GCTTGTGCAGAATCCAACACTGGCTAGGGT	0	0	0		0	0	145.4109264	0	57
GCTTGTTGATTTTCAGGTAGTCAGCCGAAA	0	0	0		0	0	72.70546318	0	5
GCTTTAATGTTATCATAGGTAACTACACCG	0	0	0		0	0	121.175772	0	0
GCTTTACGTAATGCTAAACTCTGCCTTATT	0	0	0		0	0	48.47030879	0	105
GCTTTACTGGCACCGGGTCAATTCGCAGCA	0	0	0		0	0	24.23515439	0	2
GCTTTAGGCGAGTGTTTTACATTGATGCTA	0	0	0		0	0	702.8194774	0	34
GCTTTATAAGGCCCGCAACATTCACTCTCC	0	0	0		0	0	96.94061758	0	1192
GCTTTCCAGTACGCGATCAGCTCCATTGTT	0	0	0		0	0	48.47030879	0	615
GCTTTCTCTGGTCATCTATAGAGCAGCAGA	0	0	0		0	0	411.9976247	0	5
GCTTTGCGTGAATCCGTCCTGTCTTCTGAG	0	0	0		0	0	48.47030879	0	17
GCTTTGTAGCCAGGGTTCAGTATTGGACTT	0	0	0		0	0	48.47030879	0	2
GCTTTTAAACGCCTTTAGCACCGTGAAATG	0	0	0		0	0	72.70546318	0	2
GCTTTTCGCGGTTTCCTCCGCATCCTGCGT	0	0	0		0	0	242.3515439	0	18
GGAAAAACCTGGCTTAGACTAGGGGTCGAT	0	0	0		0	0	48.47030879	0	113
GGAAACTAGGAGTTTAATTGTGTAATCCGA	0	0	0		0	0	24.23515439	0	8
GGAAAGGTGAGAGCCGTTTATGTATACAGA	0	0	0		0	0	24.23515439	0	21
GGAAAGGTTGTTGTATTACTTGACAAAATT	0	0	0		0	0	48.47030879	0	0
GGAAATTTTTGCAACGTCCATTACTCTCCA	0	0	0		0	0	121.175772	0	0
GGAACAGCGGCGGGCTTTTAGCGCAGGGAT	0	0	0		0	0	242.3515439	0	13
GGAACGCCCTCTTGGAATGGAGCCATGAGC	0	0	0		0	0	411.9976247	0	26
GGAACGGTGGACCCAGCCTATATACTCCGG	0	0	0		0	0	72.70546318	0	14
GGAACTCAGGGTCTATTTTGTCCGCCTCTG	0	0	0		0	0	24.23515439	0	6
GGAAGAATTCGAATTGGACTCTCATTGCTA	0	0	0		0	0	896.7007126	0	604
GGAAGACATGATGTTTGTCGGATCATGAAT	0	0	0		0	0	1017.876485	0	1336
GGAAGACGTGTACACCCGTTTGCGGGCGGG	0	0	0		0	54.75670841	24.23515439	0	185
GGAAGATGGTTCATTGCTAGGGAGGGGGGC	0	0	0		0	0	48.47030879	0	41
GGAAGCCTGTTCGCAGCTAAGTACCGATGC	0	0	0		0	0	48.47030879	0	10
GGAAGCGCTCCATGTTACCTATTAAATTAC	0	151.9220975	0		0	0	96.94061758	0	50
GGAAGGTGTCGCGCGAACGGGCCATCCCTG	0	0	0		0	0	48.47030879	0	29
GGAAGTGGGAAACGCTTTTGCGTACGCGAA	0	0	0		0	0	605.8788599	0	20
GGAAGTTCCCATGAGGGATTTGGTGTTGGC	0	0	0		0	0	121.175772	0	3
GGAAGTTTAATTTCCTTTTGGCTAAGCATT	0	0	0		0	0	48.47030879	0	23
GGAATACCATTCTAGTTGAGTACCGAGCGG	0	0	0		0	0	121.175772	0	11
GGAATATATCGCCGTCCGGGATTACGTCCG	0	0	0		0	0	121.175772	0	33
GGAATCTTACGGGTCGAACGCTAACTGCTG	0	0	0		0	0	2108.458432	0	848
GGAATGGGCTACGAACGAACTGTCCCTGTC	0	0	0		0	0	193.8812352	0	882
GGAATTCAATCCCGCTCACCAGTTCGATGG	0	0	0		0	0	654.3491686	0	199
GGAATTCTGCCATCCGCGCCCAAGATTAGA	0	0	0		0	0	339.2921615	0	51
GGAATTGCCTAATCTGGGTGTTGGACCCTT	0	0	0		0	0	145.4109264	0	66
GGACAAGTCAAGGGAGCGCGTTTGTCATCA	0	0	0		0	0	72.70546318	0	134
GGACAATAGGCGGGGGAAGGTAGGTTAACG	0	0	0		0	0	751.2897862	0	98
GGACACACGTCTTGAGCCCGCTGAGCCTGG	0	0	0		0	0	48.47030879	0	53
GGACACAGTTCGCCATCTATTTGGGAGGTT	0	0	0		0	0	145.4109264	0	51
GGACAGTGAGTCCGACAGCCTCCTCAGTCA	0	0	0		0	0	48.47030879	0	3
GGACATAATAAGGCATAGCCGGGTTCGTTA	0	0	0		0	0	48.47030879	0	899
GGACATGAGTTATCTTTGGAATCAAGCTCG	0	0	0		0	0	72.70546318	0	24
GGACCGAGTGTCCTCGAGATTCGCGATGAG	0	0	0		0	138.1955022	96.94061758	0	741
GGACCTGATGCAAAAATTCCGCGATTGAGA	0	0	0		0	0	96.94061758	0	38
GGACGCAGCCCGTGACATTCTAAGATTCAT	0	0	0		0	0	2908.218527	0	985
GGACGCAGTGTCAATTCGGGCGCTATCAAC	0	0	0		0	0	242.3515439	0	3
GGACGGAGTGTCCTTGGTATGGCACGAGGG	0	0	0		0	19.55596729	24.23515439	0	2
GGACGGATGGCACTCGGCGAGGAGAGGCTG	0	0	0		0	0	72.70546318	0	423
GGACGGGGGCTCCAACTGGCGGGAAGATAG	0	0	0		0	0	48.47030879	0	12
GGACGGTCGAGCCGCAGAAGCAGCCAAGTC	0	0	0		0	0	24.23515439	0	0
GGACGTCCGTAGTAGGGACGAGGTAGAGTC	0	0	0		0	0	24.23515439	0	5
GGACTACGGGGCTTTACAGCTGTCTCAAAT	0	0	0		0	0	48.47030879	0	210
GGACTCTCGGAAGGACGTGTTGCAGTCACG	0	0	0		0	0	3659.508314	0	1962
GGACTCTTTTCCAAGATTCTCTCACTTTCG	0	0	0		0	0	24.23515439	0	2
GGACTGCGCGTCTCGGTGGCAAAGTTGACC	0	0	0		2	69.09775109	0	0	425
GGACTTAGTTGACATCACCTCTTTAGCTTC	0	0	0		0	0	96.94061758	0	0
GGACTTTCTTAGACATGTGTTTATGTCGTG	0	0	0		0	0	339.2921615	0	16
GGACTTTGCTAACGCAATCCTTATGGGCTC	0	0	0		0	0	678.584323	0	87
GGAGAAATTGGGCATCCTATGAGTCTCCTC	0	0	0		0	0	48.47030879	0	8
GGAGAACCGATTCGTTCTAGACTCAATGCA	0	0	0		0	0	96.94061758	0	19
GGAGAGCGGTCCAGTGAAAGACTTCATGCC	19.01573825	0	0		0	0	0	0	2
GGAGATATCTGGCAAGCATGCAATCCTAAA	0	0	0		0	0	24.23515439	0	70
GGAGCAATCAGCTTGGCTCATCCATGATAC	0	0	0		0	0	193.8812352	0	23
GGAGCGGGGAAACTTCTGGATATAACGCGA	0	0	0		0	0	121.175772	0	4
GGAGCGGTCTAAGCGTCGATCGCCTAAGTT	0	369.897281	0		0	0	0	0	832
GGAGCTAACGGTACATTTTAGTTCATGTGC	0	0	0		0	0	12335.69359	0	389
GGAGCTAGTGGCCGATTTGTCGCGGAGTAG	0	0	0		0	0	48.47030879	0	193
GGAGGATTATGAGTGAACAGTTTCTGTTGA	0	0	0		0	0	24.23515439	0	3
GGAGGCAGGTCCTCGGCTCGGAGGCCGGGG	0	0	0		0	0	242.3515439	0	0
GGAGGCGGTCTAGTTCGCTTTACTGCGGTG	0	0	0		0	0	72.70546318	0	2
GGAGGGACGGGGGGAACGAGGGTGGCCCGG	0	0	0		0	0	72.70546318	0	2
GGAGGGGCATTCGTTGGACTTATAGCTGGC	0	0	0		0	0	508.9382423	0	8
GGAGGGGTAAGGAGCTACGGTGGGGGGCGT	0	0	0		0	0	48.47030879	0	38
GGAGGTATAATCGGCGAGGGAGATCTGTGT	0	0	0		0	0	1938.812352	0	1177
GGAGGTGGATTTAGTGTTATAACTGCTGTT	0	0	0		0	0	96.94061758	0	0
GGAGGTGTATTCAACTATGTTATGGCTTAA	0	0	0		0	0	24.23515439	0	2
GGAGGTTGTGAAGTCGTTGGTTCTGTTAAT	0	0	0		0	0	48.47030879	0	335
GGAGTAAATTTATTCCTATTACCGAAATTA	0	0	0		0	0	1235.992874	0	0
GGAGTAACATAGCGTCACGAGGATGTAACA	0	0	0		0	0	48.47030879	0	221
GGAGTATCAGAACAAGCGCCTTACGGTGAT	0	0	0		0	0	24.23515439	0	465
GGAGTATCGAATTGTTAGGTATGTCATATA	0	0	0		0	0	72.70546318	0	2
GGAGTCAGAGGCGCCGGCCGAGCGTATCCG	0	0	0		35	7.822386915	0	0	0
GGAGTCCTCAATTTAAGTTTATCTTGGCTC	0	0	0		0	18.25223614	387.7624703	0	97
GGAGTCTCACGGTCGTAATGGACGGGGGGT	0	0	0		0	0	4241.152019	0	116
GGAGTGGACAATATCGTCACGTGGCCTGGT	0	0	0		0	0	24.23515439	0	4
GGAGTGGGCGAAAAGTTCAGGCGTGAACTG	0	0	0		0	0	96.94061758	0	15
GGAGTGGTCCGCCTTTCCGAGAGATTGGGT	0	0	0		0	0	48.47030879	0	2
GGAGTGGTGGCGATTTTCGGGTGCGAAGTG	0	0	0		0	0	24.23515439	0	0
GGAGTGTTTTGGTTACGTGACCGTTAAGGG	0	0	0		0	1.303731153	48.47030879	0	6
GGAGTTAAGTCGCCAGGCTGGTACGTGCAT	0	0	0		0	0	993.6413302	0	263
GGAGTTCACTCGGCTCGATTTCAGCACAAA	0	0	0		0	0	96.94061758	0	155
GGAGTTGTCGGGAAGTTCGATTGTTCTTCT	0	0	0		0	0	96.94061758	0	1063
GGAGTTGTTAACGTATCTTTTCATGCGGCT	0	0	0		0	1.303731153	24.23515439	0	2
GGAGTTTGACTGGTATCTTATGTTTTCGGG	0	30.82477341	0		0	0	0	0	195
GGAGTTTGCCTGGTATCTTCTGTTTTCTGG	0	2.20176953	0		0	0	0	0	0
GGAGTTTGGCGTGTAGGATCACCTTCGGAC	0	0	0		0	2.607462305	24.23515439	0	2
GGATACTGTAAATGGGCTGCGATCGTCGCG	0	0	0		0	0	72.70546318	0	2
GGATAGCGCACAAAGTAGTCTGGAGGTTGT	0	0	0		0	0	72.70546318	0	17
GGATATTAATTGCTCTGTGCGAGACGATCG	0	0	0		0	0	145.4109264	0	2
GGATATTTAGCATTTTGGTTACAGGGCACT	0	0	0		0	0	24.23515439	0	5
GGATCCACCGTTGGACTTTGCTGATTGTAT	0	0	0		0	0	387.7624703	0	191
GGATCCTTTTTCGAAGTTATGTGGACCCGC	0	0	0		0	0	266.5866983	0	18
GGATCGCCAGCGCGGACGCCCCTCCATCAG	0	0	0		0	11.73358037	0	0	0
GGATCTAATGACAAACATTTGACGAAGGCC	0	2.20176953	0		0	0	0	0	7
GGATCTCAATCCAATTTGTCCAACGCCCGC	0	0	0		0	0	411.9976247	0	82
GGATCTGTCGATGCCGTTGCAGCACTAAGC	0	0	0		0	0	1332.933492	0	431
GGATGAGCAGTAGATGATGGCGCATTCCGG	0	0	0		0	0	96.94061758	0	8
GGATGATGGTGTTTGTTTGTGTTAATACGC	0	0	0		0	73.00894454	24.23515439	0	57
GGATGCGTCAATGTTTCGTAATCTTAGCAT	0	0	0		0	0	72.70546318	0	121
GGATGCTCTATGGGGATCGCATGCAGTCGG	0	0	0		0	7.822386915	24.23515439	0	0
GGATGGAACTCGCTGTTCGGCAGTCGGGGA	0	0	0		0	0	48.47030879	0	1076
GGATGTGGGTGAAGAGCAGACTGGCAGTAT	0	0	0		0	0	193.8812352	0	4
GGATTATTGACTTGAAACACCGACATTTAT	0	0	0		0	0	2399.280285	0	2178
GGATTCAGTGCATATTTCGACGTTACCTGC	0	0	0		0	0	363.5273159	0	246
GGATTCGCTGGTCCGGCAGGACGGTATGTT	0	0	0		0	20.85969844	121.175772	0	948
GGATTGACTAACTGGACGCCCCGCAGATAC	0	0	0		0	82.13506261	290.8218527	0	31
GGATTTATCATACTTAGCCATATTTATTCA	0	0	0		0	0	96.94061758	0	172
GGATTTCCGTCACTTGTTTACTCTGTTTGA	0	0	0		0	3.911193458	0	0	0
GGATTTCTTTATAGTGTTTCGTGTGAGTAA	0	0	0		0	0	48.47030879	0	0
GGCAAAACCGGGGATGCAGTGGGTGGATTG	0	0	0		0	0	945.1710214	0	961
GGCAAAATCGGTCCACGTTAATGCTGTTAT	0	0	0		0	0	460.4679335	0	4
GGCAAGATAGCTTTAGAAATCCACGTTTCA	0	0	0		0	13.03731153	0	0	5
GGCAAGTAGATTTCTCTTTGGGAAGTGTTC	0	0	0		0	0	436.2327791	0	2
GGCAAGTCACAAGTAACGTCTGTTGTCTTT	0	0	0		0	0	121.175772	0	4
GGCAATCTATTTAGTCATTGGCCTCGCTTC	0	0	0		0	0	24.23515439	0	0
GGCAATGGGCGATTTCAGATTCTTCGGCAT	0	0	0		0	0	96.94061758	0	0
GGCAATTCGAACCGAATGTGTGGGATAGGA	0	0	0		0	13.03731153	72.70546318	0	7
GGCAATTTAACTTAGCCAAGGGTGTATGGT	0	11.00884765	0		0	0	0	0	0
GGCACAAGAATTTATATAGTAAAGCTCGTG	0	0	0		0	0	484.7030879	0	39
GGCACACACGTTTCCTAAAGCAACTGTTCC	0	0	495.1667975		0	19.55596729	0	0	287
GGCACACCGAATCGGGGATCAGCATGTAAC	0	0	0		0	0	24.23515439	0	0
GGCACATGCTGACCTAGATTTGGTCGTGAT	0	0	0		0	0	24.23515439	0	116
GGCACATGTCTAATGTTTTTTACGGGATGC	0	0	0		0	0	145.4109264	0	198
GGCACGCATTGCTTATTGTAGATATCTGGT	0	0	0		0	0	218.1163895	0	310
GGCACGCTAGGTATTGTAGGCCTGGCTGGT	0	0	0		0	0	605.8788599	0	365
GGCACGGGCTATTGGGGGAGCCGTTGGTCT	0	2.20176953	0		14	0	0	0	18
GGCACTAGAGTGAATAGCTTATCTGCAGGC	0	0	0		0	0	24.23515439	0	5
GGCACTGCAAAGAAATAGATGTTGTTGTCT	0	0	0		0	0	339.2921615	0	50
GGCACTGCCCGATGATGTAGTCTACTTAGT	0	0	0		0	0	290.8218527	0	8
GGCACTTTGTCTGCTCACAGTTTTCAAGTG	0	0	0		0	0	242.3515439	0	195
GGCAGACTCATGAATGGTCCTGAACAGGCT	0	0	0		0	0	24.23515439	0	0
GGCAGATCGGTCTCGTTGGAGAGGAAACCC	0	0	0		0	0	24.23515439	0	69
GGCAGCAGGCGACCACACTACGTTGAGTCA	0	0	0		0	0	72.70546318	0	51
GGCAGGAACTCAGCTGCAAGAATAGGGTGC	0	530.6264566	16.02481545		0	0	533.1733967	0	1322
GGCAGGACACGTTACGTTTGGTTCTGGAAA	0	0	0		0	0	3295.980998	0	1268
GGCAGGACGGGCATCCCAAACCAACAAGGG	0	0	0		0	0	24.23515439	0	16
GGCAGGCGAAGTCATTAATTAGACTTGAAC	0	0	0		0	0	872.4655582	0	652
GGCAGGGGAGGCTCAGCTCGAGTGGGAGGT	0	0	0		0	0	24.23515439	0	2
GGCAGGTGGTGCGAAGATATGAGTTGGGGG	0	0	0		0	0	48.47030879	0	41
GGCATAAGTCTAGCTGCCTTGGAGGTATCA	0	0	0		0	0	1890.342043	0	18
GGCATATTAGATACGTGTCGTCTTATAAGT	0	0	0		0	109.5134168	0	0	21
GGCATCTAAGGAACCAGAAAATTATCCCAG	0	0	0		0	0	48.47030879	0	44
GGCATGACTACGAGTCCTGAGGCTCAGAAC	0	0	0		0	0	72.70546318	0	5
GGCATGCAGAATTGCGGTAGCGTGTAATTA	0	0	0		0	0	169.6460808	0	147
GGCATGTGCCAATCACCTAGTAATCCAGGT	0	0	0		0	0	72.70546318	0	1750
GGCATGTGGATGGGTTTAGAAATGCGGGGG	0	0	0		0	0	24.23515439	0	9
GGCATGTGGTGATCAAGAGTGTTCGTGAGT	0	0	0		0	0	48.47030879	0	30
GGCATTCTCCGGTCTTAGCTTAAGTGCAGG	0	0	0		0	0	96.94061758	0	2
GGCATTGTTGACGATTGTGTACAAGGTAAG	0	0	0		0	1.303731153	48.47030879	0	37
GGCATTTGGAGTAAGTGGACTCACCTATGT	0	0	0		0	0	290.8218527	0	205
GGCCAAAGTGGGGTCGGGGAAGGAGATGTG	0	0	0		0	165.5738564	48.47030879	0	16
GGCCAAGGGCGGATCATCCAGCACAGAATA	0	0	0		0	0	315.0570071	0	70
GGCCAAGTTTAAAGATATTACCGTTGGGAA	12.67715883	70.45662495	0		0	0	315.0570071	0	320
GGCCACCGTCGGGGGGGCACACGTGCAAGG	0	0	0		0	0	24.23515439	0	0
GGCCACGTCTCGCTAAGTTAGTACTAGTCC	0	13.21061718	0		0	0	0	0	3
GGCCAGAATGGCATAAACTATAGAGTGGAC	0	0	0		0	146.0178891	24.23515439	0	542
GGCCAGGAGCAGTGCACGGGGAGAGCGCTG	0	0	0		0	0	387.7624703	0	71
GGCCATGGTCAAATTGTGAGATATGTCTGT	0	0	0		0	0	96.94061758	0	0
GGCCCAAAATAGTCCGGTGCGGGAATTTAT	0	0	0		0	0	460.4679335	0	509
GGCCCCGTGCGGCGCGGACGGGTGGGTTTT	0	0	12.81985236		0	0	96.94061758	0	127
GGCCCGGAGATTCTGTCAGCTCTACCAGTT	0	0	1.602481545		0	0	96.94061758	0	55
GGCCCGGGGAGGATATAGGAATTGTTCGAG	0	0	0		0	0	242.3515439	0	6
GGCCCGGGTGTTCCACATGCATGCACGAGG	0	0	0		0	0	193.8812352	0	715
GGCCCGTAGGCTGTCGACAGCGGCTTGGAG	0	0	0		0	0	48.47030879	0	3
GGCCGCGGTTCGGCTCCTTCTGAGTGGGGG	0	0	0		0	0	533.1733967	0	50
GGCCGGAGATTTAGCGGGTCCTGCATCCGA	0	0	0		0	0	96.94061758	0	25
GGCCGGCCGGTTCCATGGAGCGGGGCGGGT	0	0	0		0	0	24.23515439	0	2
GGCCGGGGAGGAAGTTAATCTTATGCTGAT	0	0	0		0	116.0320726	848.2304038	0	31
GGCCGGGTCGTAGACTATTCTGTTGGCCGT	0	0	0		0	0	24.23515439	0	194
GGCCGGTAAGCCCATGTCGGGCGCAACATG	0	0	0		0	0	24.23515439	0	34
GGCCGTAAAGGGAGACGTGGCACGGCCTCA	0	0	0		0	0	24.23515439	0	3
GGCCGTACCGTCCCAAGAACGGATTTCTGT	0	0	0		0	0	121.175772	0	0
GGCCGTAGTGATGGTGAGAATTAAGGTGGG	0	0	0		0	0	24.23515439	0	131
GGCCGTCGAAAGGACCTCGAAGCGACCCAT	0	0	0		0	0	460.4679335	0	68
GGCCTACTGACTCCGGTTCGTCAGCCAGCG	0	0	0		0	11.73358037	533.1733967	0	1200
GGCCTATCGACAGAGAATAAGCATGTTTCT	0	0	0		0	0	8215.71734	0	206
GGCCTATGCGGCTCGTGGCTCAAGACCTGA	0	0	0		0	0	218.1163895	0	0
GGCCTCAAGTATGCAGGCTGGGTCTGCCAA	0	0	0		0	0	96.94061758	0	26
GGCCTCGAAACGGAGCTAAGTTCAAACTTA	0	0	0		0	0	581.6437055	0	744
GGCCTGCCAGGGGACGGATCCGGCAAGGCA	0	0	0		0	0	48.47030879	0	0
GGCCTGTCTGCGGCTGTGGCGCTTAATGGG	0	0	0		0	0	48.47030879	0	34
GGCCTGTGACTAACTGTTAGCGCGTTAGAC	0	0	0		0	0	218.1163895	0	107
GGCCTTAGCGCCACTGTTCAGTATAGCTAG	0	2.20176953	0		0	0	0	0	108
GGCCTTTATATGTGACGTGGCCCAAGCTTG	0	0	0		0	0	48.47030879	0	17
GGCGAATGGGGTACGCTGGTTACATCTTGA	0	561.45123	141.018376		57	0	0	0	705
GGCGAATGTGGTGGGGGGACGCAGGGGAGA	0	0	0		0	0	24.23515439	0	0
GGCGAGGCCGTTTGAGGAGGGGGGTGGGAG	0	0	0		0	0	727.0546318	0	66
GGCGAGTGACACTTCAGAGCAGAGCTTCCT	0	0	0		0	0	315.0570071	0	57
GGCGATCCGCCTACATAGATGTCTCCCGGG	0	0	0		0	0	24.23515439	0	3
GGCGATTGCGAAAAGTGGTGTGTCATGGGG	0	0	0		0	0	72.70546318	0	16
GGCGCAGTATGAGCTGTCTTATCTGCGAAA	0	0	0		0	0	96.94061758	0	283
GGCGCAGTCTTAGGAGAAGGTAAATATGTA	0	0	0		0	18.25223614	121.175772	0	11
GGCGCCGGTATGCTTCAGTACATTTATCCG	0	0	0		0	1.303731153	0	0	2
GGCGCCGGTTCGTGTGATGACACTCTCTGG	0	0	0		0	0	436.2327791	0	138
GGCGCCTGGCTCAAAGAACTAACAACGGGA	0	0	0		0	0	24.23515439	0	0
GGCGCGACGGAATTGAAGTAGTCTAGTAGA	0	0	0		0	0	48.47030879	0	333
GGCGCGCATCCCGTTTCGATATTTATCTTG	0	0	0		0	0	218.1163895	0	23
GGCGCGCTCCGCGGGCTCCCTGGGCGGTGT	0	0	0		0	0	72.70546318	0	2
GGCGCGGTGTCATCGGCCAGCATGTGCGGG	0	0	0		0	165.5738564	411.9976247	0	46
GGCGCTGTGCTCTTTATCGTACGGAGGCTG	0	4.403539059	0		0	0	24.23515439	0	4
GGCGGAAATGCGACCCGGTCGGTTGGAGGG	0	59.4477773	139.4158945		0	11.73358037	1623.755344	0	3291
GGCGGACCTATCAATTGTCGTGTGCGTATG	0	0	0		0	0	24.23515439	0	10
GGCGGATGTAGTAGGGTCTGACACTAATCG	0	0	0		0	148.6253514	2011.517815	0	1625
GGCGGATGTCCGCTACGGATGCGGACGAGA	0	0	0		0	0	242.3515439	0	73
GGCGGCATCGCGCGCCTATGACGCCATTGG	0	0	0		0	0	48.47030879	0	73
GGCGGCATTGGAGCACACAGGGGGTCGCTT	0	0	0		0	6.518655763	24.23515439	0	35
GGCGGGCGGAGGTGAAGCGACCCCCGTTGT	0	0	0		0	0	145.4109264	0	350
GGCGGGGGCAAGAGACCACGTCCCGCGGAG	0	0	0		0	0	72.70546318	0	7
GGCGGGGTCAGTTCAGTGAATTTTTGTCTC	0	0	0		0	0	24.23515439	0	5
GGCGGGTAAAGCGTAGGTATGAGTTTCATT	0	0	0		0	0	242.3515439	0	174
GGCGGTCGGGTCGAACTAGGGATGCGCCTC	0	0	0		0	0	72.70546318	0	25
GGCGGTGATTCTAGAGGGTCAATTCAAAAT	0	0	0		0	83.43879376	121.175772	0	44
GGCGGTTGGATAGTGGAAGAGATGTGCGCC	0	0	0		0	0	24.23515439	0	4
GGCGTAGGGAAACTAATGCTAATTATCATA	0	0	0		0	0	24.23515439	0	5
GGCGTATAAGTCTGCCAGGGACATATTAAG	0	0	0		0	0	24.23515439	0	10
GGCGTATCTTCGGATACTCTGTGTGCGGGC	0	0	0		0	0	654.3491686	0	3220
GGCGTCGGAGCAAACGCTATCAGATGTACC	0	0	0		0	0	48.47030879	0	4
GGCGTCGGGGCGTTGAGACAAGTGCGGCTG	0	0	0		0	0	24.23515439	0	33
GGCTACATGCCTACCTCTGTAGTGCACACC	0	0	0		0	0	48.47030879	0	2
GGCTACGTATAGGTCAGAATCAGTAGACTT	0	0	0		0	0	363.5273159	0	51
GGCTAGTTCTCACTGAACTTGCGATTTTGA	0	0	0		0	0	24.23515439	0	5
GGCTATATGTGCATCACCCTCCATCCTTTT	0	0	0		0	0	72.70546318	0	3
GGCTATTTCGCTTTGCGACGCGGGTACTTG	0	0	0		0	0	72.70546318	0	67
GGCTATTTGCTCGTATCTGGCCGTACGCGC	0	0	0		0	15.64477383	24.23515439	0	5
GGCTCAGCTTATCCATACCCCCGCCGGAAT	0	0	0		0	0	24.23515439	0	17
GGCTCAGGGAGGGCAAGGTGGTGATACAGG	0	0	0		0	0	121.175772	0	2
GGCTCAGGGCGAGGGGTTTTATGGGTCAGT	0	0	0		0	0	339.2921615	0	0
GGCTCAGTGGTAACGTTTTCCCTTTGTTCC	0	0	0		0	0	945.1710214	0	0
GGCTCCACTGCAACCATTTCTGCTGTTTCC	0	0	0		0	0	121.175772	0	2
GGCTCTATGGGCACTCAGTGAGCAAAGGCC	0	0	0		0	0	1235.992874	0	929
GGCTCTTACACTGGCCATACTTGCATGGCA	0	0	0		0	0	218.1163895	0	78
GGCTGACTTCAGTAGAATGCCCCTCGTTCT	0	0	0		0	16.94850498	0	0	132
GGCTGGAAGCAGGCGGGCGTGAGGGAGACT	0	0	0		0	0	24.23515439	0	7
GGCTGGCATATTCCCCTTAGCCTATCCTCG	0	0	0		0	0	96.94061758	0	29
GGCTGGGTAAGTTCGGAGCGTGGGTCATTT	0	0	0		0	0	121.175772	0	25
GGCTGTATTGTGTGTGCTCGGCAAGGTTTG	0	0	0		0	0	24.23515439	0	8
GGCTGTCTATCGGGTTACATTTGTATGCTG	0	8.807078118	0		0	0	0	0	2
GGCTGTGGCGTAAGCATGTCGCGATGGATG	0	0	0		0	0	436.2327791	0	354
GGCTGTTCGTGACGACGTGTGCAGAGACTG	0	0	0		0	0	169.6460808	0	26
GGCTTACGGGACGAATGGGGTTGTTTGTAG	0	0	0		0	29.98581651	72.70546318	0	23
GGCTTCACTGGTGATGCCGTCTGCATGTAT	0	0	0		0	0	24.23515439	0	3
GGCTTCCTCAACTCGGTCCAAACTAAATCA	0	0	0		0	0	1696.460808	0	16
GGCTTTCTTTGGTGCGCGGTCTAAGTGACG	0	0	0		0	0	2132.693587	0	265
GGCTTTTTTCCTTACAAGAGACCATCCTGT	0	44.03539059	0		0	0	24.23515439	0	411
GGGAACTGGTTCGGGAAAATACAGTCCTGT	0	0	0		0	0	96.94061758	0	48
GGGAAGGAGCAGGCGGGCGATAGACGGGAG	0	0	0		0	0	72.70546318	0	36
GGGAAGGTTAAGGCAGGTTTGTGTGCCCGC	0	0	0		0	0	48.47030879	0	15
GGGAATATTTGATTAAGGATATGTCCAAGC	0	0	0		0	0	121.175772	0	407
GGGAATCATGTTCTATCGCTCAGTCTTTGG	0	0	0		0	0	218.1163895	0	21
GGGAATGAGAAGGCGATTTGCGTTGATTGG	0	0	0		0	0	193.8812352	0	380
GGGAATTCGTGAGATATGCGGCGCCGAGCG	0	0	0		0	0	218.1163895	0	22
GGGACAAAGGACCATCTTTCTAAATTTATG	0	0	0		0	0	48.47030879	0	27
GGGACCGAATGTTAATGGGGGGTGGAGTGT	0	0	0		0	0	436.2327791	0	6
GGGACCTAAATAGAATCTGCTTCGTTTGAA	0	0	0		0	24.7708919	121.175772	0	37
GGGACCTCCGGCCGGGTGTGAGAAGGTACG	0	0	0		0	0	24.23515439	0	4
GGGACGGTTAGGCGTACATGCTAAGTTTAT	0	0	0		0	0	1696.460808	0	856
GGGACGTTCGAGCTTAGCGGAGGTTATCTT	0	0	0		0	0	145.4109264	0	282
GGGACGTTCGTGAGATGATGGTGCGAAGGG	0	0	0		0	0	48.47030879	0	25
GGGACTCCCGAAGCAGAATCGTTTTATGGT	0	0	0		0	39.11193458	96.94061758	0	6
GGGACTCGTACTGTGCAATGTAAAAAGTTA	0	0	0		0	0	72.70546318	0	3
GGGACTGGGCATTATCAACCACTCGGATGT	0	0	0		0	0	387.7624703	0	91
GGGACTGGGGGTCCAGGCAATGCCATTTGC	0	0	0		0	0	24.23515439	0	4
GGGACTTCTGTAAAGGAGTATAGGTAAGCT	0	0	0		0	0	896.7007126	0	772
GGGAGCAAAGTGGTTTTCAGGATTCTAGGT	0	0	0		0	1.303731153	24.23515439	0	0
GGGAGCAGTAGAGCGGTGCGGGAGGGGGAG	0	0	0		0	0	315.0570071	0	43
GGGAGCGCGGGGGCGTGGGCACGTGCGGGA	4.225719611	0	0		0	0	96.94061758	0	15
GGGAGCGGTCCAACAATGTTGGAGGACGGA	0	0	0		0	0	121.175772	0	225
GGGAGGGCGGAGCTCAACGACGGGTGGGCG	0	0	0		0	9.126118068	0	0	3
GGGAGGTTCTGCATGATCACGCGACCTGGT	0	0	0		0	0	48.47030879	0	3
GGGAGTAAAGTACGAGGGTGAGCTTGTTCG	0	0	0		4	0	5477.144893	0	151
GGGAGTCCGGTCTTTGGTCCATAGTCCAAA	0	0	0		0	0	266.5866983	0	3
GGGAGTCGGGGAGGGCGCGGAGTGCTGGGC	0	0	0		0	61.27536417	1866.106888	0	841
GGGAGTGATCGTAGAGGCGTGGGTAGGCGC	0	0	0		0	0	72.70546318	0	0
GGGATAACGAAGTCTGAGTCGTCTGACGTC	0	0	0		0	0	290.8218527	0	66
GGGATAGCTATGGATGAAGATTGCGCGTAG	0	0	0		0	348.0962177	0	0	516
GGGATATTCAGACGCATTCTTACCCTACTC	0	0	0		0	0	363.5273159	0	992
GGGATCGATGGACGGGCTTTCTTAATGGGG	0	0	0		0	0	1357.168646	0	54
GGGATGAGCTAGCGCCAAGAGTATGGTGGG	0	0	0		0	0	24.23515439	0	2
GGGATGGAACGCGGGGTAGGGTGGGGGAAG	0	0	0		0	13.03731153	0	0	14
GGGATGGACACCGTAGGGATGTGGATCTGC	0	107.8867069	0		0	0	0	0	7
GGGATGTTGAGGCCAGCGCAGCATGTTTAG	0	0	0		0	0	145.4109264	0	99
GGGATTACTCTGTTGAGACCGAGGTCGAAA	0	0	0		0	0	411.9976247	0	29
GGGATTTGACTGGCTGGGGAAGTTGAGGAT	0	0	0		0	0	266.5866983	0	4
GGGATTTGCAGTTGGGGGTGCCAAGGGGGA	0	0	0		0	0	72.70546318	0	136
GGGATTTTAATCGTTTGGAAGCCGCCTTAT	0	0	0		0	0	24.23515439	0	19
GGGCAATAAGCCGGACTTAAGCTGTTCGTT	0	0	0		0	44.32685919	72.70546318	0	48
GGGCAATTTCCGTGCTATCAGTGTGGGGTT	0	0	0		0	0	411.9976247	0	5
GGGCACTAGGCGAGTGCAGTGGGAGACGAG	0	0	0		0	0	24.23515439	0	353
GGGCACTGGCGAAGCGACCTGGAGGGCTTC	0	0	0		0	0	24.23515439	0	6
GGGCAGAACTCGGGTAATATACCGAACGTT	0	0	0		0	0	96.94061758	0	1876
GGGCAGGCGTGTATGGGAAGGCAAAGGTCG	0	0	0		0	1.303731153	24.23515439	0	5
GGGCAGGCTTTCCGATCGTTTGGTCGTCGG	0	0	0		0	0	48.47030879	0	8
GGGCAGTATCTGTAGGTTATGAGTGGGGTG	0	0	0		0	0	96.94061758	0	28
GGGCATGGCTCACGTCGGCACGTGCAAAGG	0	0	0		0	0	48.47030879	0	2
GGGCATTGATTCGTTGGTGCTTTTGACCCC	0	0	0		0	0	121.175772	0	6
GGGCCAACAGAATAGTTTCTTATAAAGTTG	0	0	0		0	18.25223614	0	0	57
GGGCCAAGGCCGCACGTGGGGGCTGGAATA	0	0	0		0	0	48.47030879	0	28
GGGCCACGGTCAAATTGCCTATGCATTCTT	0	0	0		0	0	145.4109264	0	323
GGGCCCCGCGCATCTGGTATGGCCATCTTT	0	0	0		0	0	96.94061758	0	21
GGGCCCGCAGTTAGTTTTTTCGTGTTTTTA	0	0	0		0	0	436.2327791	0	23
GGGCCGTGCGAGGAGCTTGGGAACGCCGTA	0	0	0		0	0	48.47030879	0	3
GGGCCTCCGGAGGGGCTGCCAGTTCGGGAG	0	0	0		0	0	48.47030879	0	14
GGGCCTCGGTGCAAACCCAGGCAATTGGCG	0	0	0		0	0	484.7030879	0	0
GGGCGAAAACCGGCCCGGGCTCCGAGGCTT	0	0	0		0	0	193.8812352	0	197
GGGCGATGTGTGGAAGCGCGTACAGACTGT	0	0	0		0	0	1235.992874	0	2
GGGCGGTGTCTGCATGATGCGAACGCGTTG	0	0	0		0	0	775.5249406	0	301
GGGCGTGGAGAAGGGGCCCCGGGGTGAAAC	0	0	0		0	0	169.6460808	0	2
GGGCGTGTCCTCTGCCTAGATAAATATCTT	0	11.00884765	0		0	0	0	0	303
GGGCGTTGAATATTCGGAGTGGTGCGTTTG	0	0	0		0	29.98581651	0	0	21
GGGCTAGATAAGGCATCTTTTACTTAGTAA	0	0	0		0	0	48.47030879	0	3
GGGCTAGCTTATACCTTTAGCTTGCTTGTG	0	0	0		0	0	315.0570071	0	32
GGGCTATAGGGTGCGCTAGCTTGGCCGGGA	0	0	0		0	0	48.47030879	0	12
GGGCTATCACGGACGAAGTACTATATCAGT	0	0	0		0	0	96.94061758	0	30
GGGCTCTCCAACCTTGACTAGATGCCGTTG	0	0	0		0	16.94850498	363.5273159	0	413
GGGCTGAATGCGCCATTTCTATTGGTCATT	0	334.6689685	11.21737082		0	0	411.9976247	0	22
GGGCTGCACAGACCGCTCTAACATTGCTAA	0	0	0		0	0	72.70546318	0	25
GGGCTGGCGTTGCCGCAGGGAGGATGGGGT	0	0	0		0	0	121.175772	0	28
GGGCTGGGAGCATACTGGTTGTTTCTTCGG	0	0	0		0	0	315.0570071	0	111
GGGCTGGGGCGCGGTAAAGTGAGGGGGGAG	0	0	0		0	0	121.175772	0	16
GGGCTGTACAGACCCTAGGTGAGCTGGGGA	0	0	0		0	0	96.94061758	0	20
GGGCTTGCATCGCATCGTTGGCTGGGTCTG	0	0	0		0	0	24.23515439	0	4
GGGCTTTACATGAGGGGTGGAGGGTTAGGA	0	0	0		0	0	48.47030879	0	56
GGGCTTTTGTACGACCTTTGTGCATTTGAG	0	0	0		0	0	72.70546318	0	0
GGGGAAGGTTACTTAGGCTTTAGATCAGAG	0	0	0		0	0	24.23515439	0	158
GGGGACACGCAAAATGGAGTTCTGTCGACT	0	0	0		0	0	145.4109264	0	18
GGGGACGGTTGCACGGATACAATGCAACAG	0	0	0		0	0	266.5866983	0	2
GGGGACTAGAGCAGGATTGCGTGGGGAGCG	0	0	0		0	0	72.70546318	0	0
GGGGACTGATGCACGGTGAGAATGTACCAA	0	0	0		0	0	24.23515439	0	15
GGGGAGTGGTTGTGCGACGACCGTGAGCAC	0	0	0		0	0	72.70546318	0	27
GGGGATGCGGCTCATACGAAATGTGACGGA	0	0	0		0	0	48.47030879	0	393
GGGGATGTCAGGTCTTACCTGGAGCTTGCT	0	0	0		0	0	145.4109264	0	57
GGGGATTTTTAAAGCACTCAGGCCCCCGGA	0	0	0		0	0	193.8812352	0	10
GGGGCAACGGGGGGGTCAAAACTCTCAGTG	0	0	0		0	9.126118068	0	0	9
GGGGCAAGCCTAAATAGGGCTACGCCTGCG	0	68.25485542	0		0	0	2205.39905	0	39
GGGGCCAGAACATTAACGGGGGTTGTGAGG	0	0	0		0	0	48.47030879	0	4
GGGGCCAGTAACGCGGTCGTGGGTCAGGAC	0	0	0		0	0	48.47030879	0	55
GGGGCCGTAGGTATAGGTACGTCAAAGCGA	0	0	0		0	0	218.1163895	0	30
GGGGCCTCTGCGTGGATGAAGTTGTAGGGG	0	0	0		0	0	24.23515439	0	0
GGGGCGCCTAGGCACGGCTATCGTATCAGC	0	0	0		0	0	121.175772	0	8
GGGGCGGGATATGTTACAGGCTGTCGGGCG	0	0	0		0	0	290.8218527	0	11
GGGGCTAGGAATGGTGAAGGCATGGAAATT	0	0	0		0	0	654.3491686	0	171
GGGGCTCGTAAGGGTGAAAGTGGCGGGACC	0	46.23716012	0		0	0	0	0	600
GGGGCTTACCCTGGTTGGGTGAAGCCGAGT	0	17.61415624	0		0	0	0	0	15
GGGGGAACCACAGACGGTGAAGGAACGCGG	0	0	0		0	0	266.5866983	0	5
GGGGGAAGGGCTAGCGGTTGGCCGGGGTGA	0	0	0		0	0	48.47030879	0	8
GGGGGAATCATGCGGAGGTGTTATTCAAAG	0	0	0		0	0	72.70546318	0	11
GGGGGACAATAACGTGGTTTTCGTAATTGT	0	0	0		0	0	96.94061758	0	5
GGGGGAGAGTCGGGGGAAGGAAGCTAATTG	0	0	0		0	0	145.4109264	0	167
GGGGGATCACGCGCCTTGCCAGTTGGTCCC	0	0	0		0	0	24.23515439	0	16
GGGGGATGGGGCACCCCCTTGGGCAGTAAA	0	0	0		0	0	24.23515439	0	3
GGGGGCAACATCTTCTGGTTTGGTTTTGTA	0	0	0		0	0	2835.513064	0	205
GGGGGCCTGCCAGCAGCTCAACGGCGCTTA	0	0	0		0	0	339.2921615	0	127
GGGGGCTGCAAGTTGGAAGCACACTTCATC	0	0	0		0	0	72.70546318	0	102
GGGGGGCAATGGATCTATGATGACCAGAGT	0	0	0		0	0	751.2897862	0	796
GGGGGGCCGCCCGCTCGGGCTCGTGTCGAT	0	0	0		0	0	48.47030879	0	115
GGGGGGGAATTCAATTAGCACTATCCTATT	0	0	0		0	0	145.4109264	0	30
GGGGGGTCTAACACCAGGGTTGATGTCCGA	0	0	0		0	0	363.5273159	0	30
GGGGGGTTTAATTCTGCGCGCTTGATTGGG	0	0	0		0	0	48.47030879	0	771
GGGGGTTATGGGCCTGTACAGGCTAAACCG	0	0	0		0	2.607462305	0	0	4
GGGGTAACCTTCACGCGTCAACCTATCTTT	0	0	0		0	0	121.175772	0	9
GGGGTAAGGGGTGTGGTTTTAGAAGGTAGG	0	0	0		3	0	48.47030879	0	35
GGGGTACCGACGGCCGGGGCAGGGCTTAAC	0	0	0		0	0	48.47030879	0	23
GGGGTACTTGCCCTCATGTGAATTTTTTGA	0	39.63185153	4.807444636		0	0	0	0	6
GGGGTAGTTATTGGAACATTTCCTAATTCC	0	0	0		0	0	48.47030879	0	434
GGGGTCGCCGATAGCTGTGGCGTGGGGATA	0	0	0		0	0	24.23515439	0	6
GGGGTGAATAAATTGTGTCAGATAATCTAC	0	0	0		0	0	121.175772	0	8
GGGGTGAATAAGGGGTGGGGGCACTCGGGA	0	0	0		0	0	24.23515439	0	0
GGGGTGACGTTGAGCATGAGATCGTGGCAA	0	0	0		0	0	24.23515439	0	5
GGGGTGATGTTGGCGATGTGCTGCTAGGGT	0	0	0		0	5.21492461	24.23515439	0	3
GGGGTGCCGAACTCGGACCAGCTAAGACCC	0	460.1698317	0		0	0	3538.332542	0	76
GGGGTGGACACTTAGGTTTGGAAGGCGGGT	0	0	0		0	0	72.70546318	0	1668
GGGGTGGCATCATATCTTTAAGACATCGAG	0	0	0		0	0	48.47030879	0	3
GGGGTTGACGGAATCGAAGGTTGCAGCGCG	0	0	0		0	0	121.175772	0	23
GGGGTTGATTCGTCGCCCCCGGCGAGTCGA	0	0	0		0	0	72.70546318	0	73
GGGGTTGCGAATCGTTCTTACTGTTATAGG	0	0	0		0	0	630.1140143	0	20
GGGGTTGCGGGGCGGACGTAGACCGTATCT	0	0	0		0	0	72.70546318	0	207
GGGGTTGCGTCGACTGTTATCGATGTCTTT	0	0	0		0	0	24.23515439	0	5
GGGGTTTGGGTTGACAGCACGGCGCCGGGG	0	0	0		0	0	630.1140143	0	10
GGGTAAGCTGGTGATATTAACGTAAAATGC	0	0	0		0	0	96.94061758	0	20
GGGTAATACGGTGCACTAGCGGTAAGGTAC	0	0	0		0	14.34104268	193.8812352	0	0
GGGTAATATTTGTATCAAGAAGAATGCTGT	0	0	0		0	0	1042.111639	0	2
GGGTAATGCGGGTACCGCTTGGGGTACAGC	0	0	0		0	0	24.23515439	0	1915
GGGTACGCTCACTAGGGAAGGAACGGCTGG	0	0	0		0	56.06043956	0	0	258
GGGTAGGAATGACTTCATTGTGCCTCCTTT	0	0	0		0	0	48.47030879	0	155
GGGTAGTTAACCTCTTGCGCTTCTTTTTAA	0	0	0		0	0	24.23515439	0	3
GGGTATCTGGCGTAGACGGCGCAGCTCAGC	0	0	0		0	18.25223614	48.47030879	0	47
GGGTATGTTCGCCAGGTTTTGTGGTGCTAA	0	0	0		0	0	169.6460808	0	6
GGGTCAAGCGCGCACCGATGTTGGTGCGTG	0	0	0		0	0	72.70546318	0	38
GGGTCCATTTAACTCTCGCGGACATGCTTG	0	0	0		0	0	581.6437055	0	121
GGGTCCCATCTAAAGGAATACCTTGCGACG	0	0	0		0	22.16342959	96.94061758	0	2
GGGTCCGAGGGTAGATAGTTTGTGTTGCTA	0	0	0		0	0	533.1733967	0	0
GGGTCCGGTTGGCGGTAACGAGGTGCATGC	21.12859805	66.05308589	0		0	0	654.3491686	0	749
GGGTCCTGGAAGACAAGGGCAAGGGCACCA	0	0	0		0	0	24.23515439	0	23
GGGTCCTTGGTAGAGAGTGGGGTGCCATGT	0	0	0		0	0	72.70546318	0	138
GGGTCTAATTAGGTTCGTAACCTGTCGCTG	0	0	0		0	0	121.175772	0	10
GGGTCTAGTCCCTCTCGACCTTTAGCTGCA	0	22.0176953	0		0	0	0	0	426
GGGTCTCCGCTAGACGGTTTAGTAGTATAG	0	0	0		0	0	24.23515439	0	11
GGGTGAATTTATCCCTCGTTCGTTCGATCA	0	0	0		0	0	24.23515439	0	270
GGGTGAGACACGCGAGGTATGGGAGGAGAG	0	0	0		0	86.04625607	72.70546318	0	73
GGGTGAGGGGGCTGGAGTTCGCGATTCGCG	0	0	0		0	0	72.70546318	0	3
GGGTGATGTTGTGGGGACTGCCCATGCGTG	0	55.04423824	0		10	0	0	0	302
GGGTGCCCGGTCAAAGATATCAATACACCG	0	19.81592577	0		0	0	0	0	2
GGGTGCGGAGCCGTGGAGGGGGGCGGGCGG	0	0	0		0	0	121.175772	0	4
GGGTGCGTAGTGGTGAGGGGACGCGGTTTC	0	0	0		0	0	290.8218527	0	2
GGGTGCGTGATCCCGAGTCGAGGGATGGGG	0	0	0		0	0	315.0570071	0	458
GGGTGCTGCCGGTGCCCGAGGTGCGCCGGG	0	0	0		4	0	96.94061758	0	1472
GGGTGCTTAGGATATTCTTACCATCTTTAC	0	0	3.204963091		0	0	0	0	78
GGGTGGACATACTTTTCATCGTATTACTCA	0	0	0		0	0	218.1163895	0	8
GGGTGGGGCATTCGCGAGGGGCTTGTATGT	0	0	0		0	0	24.23515439	0	3
GGGTGGTAAGACAGTCTTCCAAGGCATGCC	0	0	0		0	0	96.94061758	0	685
GGGTGTACGGAATGTTGGGCAACCGGTACT	0	0	0		0	0	24.23515439	0	81
GGGTGTATGTAAACATAATCTATTGGGTAA	0	0	0		0	0	24.23515439	0	5
GGGTGTCAGGCACAAGCCTGTGGAGTAGAC	0	0	0		0	0	72.70546318	0	26
GGGTGTCGATCCATCCTGAACTCTCTGGTA	0	0	0		0	0	48.47030879	0	60
GGGTGTGTTCAGGCCGTGAGGGGTAGGAGT	0	0	0		0	0	72.70546318	0	716
GGGTGTTAGTAGGTGATAGGTGCCTGGTCG	0	0	0		0	0	1042.111639	0	187
GGGTGTTTGGCGGCAGCTTGGGAGTCGGGT	0	0	0		0	0	121.175772	0	39
GGGTTACGAGCTATTCAGCAAGGTATGCTT	0	0	0		0	0	48.47030879	0	55
GGGTTACTCAAGAGTCAGGAAGGCTCTATC	0	0	0		0	0	72.70546318	0	0
GGGTTCGACCGTCAGCGCTCGGGGGGGTGG	0	0	0		0	0	72.70546318	0	8
GGGTTGAACGTCCTCGCGCTGTCTTCGTCT	0	0	0		0	0	96.94061758	0	28
GGGTTGCTCGTTATAAAATATAAGGATTAT	0	0	0		0	0	24.23515439	0	2
GGGTTGGGCCTGTCGCGTGGATTAAACATG	0	0	0		0	6.518655763	145.4109264	0	12
GGGTTGGGCGCGAGTGTGTGGGCGAGGGGG	0	0	0		0	0	24.23515439	0	6
GGGTTTAGGGGATGGGTCGTCTGGTAAACT	0	0	0		0	0	363.5273159	0	240
GGGTTTCAACAACTACCTATTCAAGGATAC	0	0	0		0	0	508.9382423	0	64
GGGTTTCCTTGAAGAGTTGCCTGCTGGCTG	0	0	0		0	0	484.7030879	0	20
GGGTTTTTCATTGCCCTGAAGATAGGGGTT	0	0	0		0	13.03731153	0	0	7
GGTAAAGCAGACGGGTGTGGGCACTGGTTT	0	0	0		0	0	605.8788599	0	184
GGTAAAGGGTCCAGATTAGGTCCCGGCGAG	0	0	0		21	0	0	0	47
GGTAAATAGCTGTTAACTAATTAAGAAGCG	0	0	0		0	0	411.9976247	0	18
GGTAAATGTATTGTTGGCCGCCCTAGGAGT	0	0	0		0	0	72.70546318	0	470
GGTAACCTAAGTTGTGCTTCTTGGGCCAGT	0	2.20176953	0		0	0	48.47030879	0	5
GGTAACTTAGTGAGACTTTACTGGTTCACG	0	0	0		0	0	72.70546318	0	3
GGTAAGCCGTTTGCTCTGTGGTCACCTGGT	0	0	0		0	0	145.4109264	0	174
GGTAAGTCGTTATGTGTAGGTCGGGTCAGG	0	0	0		0	0	96.94061758	0	13
GGTAAGTTTTTGTCGTCGGCACCGCACGGC	0	0	0		0	0	290.8218527	0	209
GGTAATCAGTCATAGGGAGGGGTTTCATTC	0	52.84246871	0		0	0	48.47030879	0	44
GGTAATTATTCACTTGGGATTGGTGCTGCC	0	0	0		0	0	193.8812352	0	16
GGTACAGTAGTGATGGGCAGGCGCTAGTAT	0	0	0		0	0	24.23515439	0	0
GGTACCGTATTGCCGCCCAGTAAGCCAATT	0	22.0176953	19.22977855		0	0	339.2921615	0	36
GGTACCTATTCTCCGCGTTTTGAAATTACA	0	0	0		0	0	72.70546318	0	29
GGTACGAGGAGGGTATAGGCCGTTCCTTGT	0	0	0		0	0	24.23515439	0	9
GGTACGTTGTCGGTGCTGTCACATCTGAAT	0	0	0		0	0	24.23515439	0	0
GGTAGGAGGACACTCATTCTACTAACAGTG	0	0	0		0	0	218.1163895	0	0
GGTAGGCCGCCGATTCGGAAGTATGCCTTT	0	0	0		0	0	266.5866983	0	35
GGTAGGCTGTCATGGTTAGAGGGGGAGGAG	0	0	0		0	0	48.47030879	0	9
GGTAGGTTATTCAATAGAGTACATGTTATC	0	0	0		0	0	72.70546318	0	12
GGTAGTATAACTTAGTGCCTATTATCCGCA	0	0	0		0	0	24.23515439	0	4
GGTAGTATCAGCGGCGATGGGCCGGACAGG	0	0	0		0	100.3872987	0	0	98
GGTAGTGTAGTTAGTTGCGCGGACCCGTTG	0	0	0		0	0	145.4109264	0	76
GGTAGTTGGAGGTAATGGTAGTGCACTGCA	0	0	0		0	0	96.94061758	0	75
GGTAGTTTGTCCGGGGTCTCCAGTAAGCAT	0	0	0		0	0	24.23515439	0	2
GGTATAACATAAATTCATCGTTCCATTTAT	0	0	0		0	123.8544595	1381.4038	0	4
GGTATAAGTGCGTTGAGCAAATCGAGTCTT	0	0	0		0	0	72.70546318	0	9
GGTATAAGTTTCAACTCTCGGGACATGGAA	0	0	0		0	10.42984922	48.47030879	0	9
GGTATAATGCGAGGGACGCTTGAACCCTGC	0	0	0		0	0	169.6460808	0	0
GGTATACCGGTTGCCTGAGGTTGAGCGTGT	0	0	0		0	0	24.23515439	0	57
GGTATAGACCTTCTTGGCTTAGACTCTGCG	0	0	0		0	0	218.1163895	0	39
GGTATCAAGTGACAGTCGAAGTACGCAGAA	0	0	0		0	0	605.8788599	0	3528
GGTATCAGTGTTAATTCACCTGGGTCGGGA	0	0	0		0	0	193.8812352	0	28
GGTATCCAATTGTGCCATATACACTCCATG	0	0	0		0	0	96.94061758	0	3
GGTATCTCTCGTGGGTAATACTTTCGGCAT	0	0	0		0	45.63059034	484.7030879	0	68
GGTATGATTTCTGCTCCATTGTCATTTTAT	0	0	0		0	0	242.3515439	0	2
GGTATGGTTCTTGAGCAGCAAGTTGTGAGG	0	0	0		0	0	121.175772	0	3
GGTATGTTCCCTGCACGTTGTCACGATAAT	0	0	0		0	0	96.94061758	0	19
GGTATTGGATACTGTCGAGCCTGCTTCCAG	0	0	0		0	35.20074112	0	0	88
GGTCAACGTGCCTTGTACGCACGCGTATAC	0	0	0		0	0	24.23515439	0	211
GGTCAACTCGTGAATTTATGACGTCAGCTT	0	0	0		0	0	169.6460808	0	0
GGTCAAGGAATTTGTGTACGCTAAATTAAT	0	0	0		0	0	484.7030879	0	171
GGTCACAAGGCAGTCCGGACAGTTGAACCC	0	0	0		0	0	24.23515439	0	17
GGTCACCGAAGGAGAGTTCTTTTCATGTGT	0	0	0		0	33.89700997	242.3515439	0	6
GGTCACGCCACGGACATAGAGTTCTTTTAA	0	0	0		0	0	24.23515439	0	3
GGTCAGACAGGCCGACCCCGTTCAACTCAC	0	0	0		0	0	72.70546318	0	182
GGTCAGCCTTTGTTTGCCCCTGCAAGAGAG	0	0	0		0	0	48.47030879	0	96
GGTCATGCTAGAGTCGGACAACGATGTAGA	0	0	0		0	0	48.47030879	0	41
GGTCATGGGGGTCGCCCGTTTAAGCCTGTG	0	0	0		0	0	96.94061758	0	8
GGTCATGTGGAATCTGGCGGCAGATACCAT	0	0	0		0	0	339.2921615	0	421
GGTCATTTAGCGCTGCGAGGAAAGCCGGGA	0	0	0		0	222.9380271	83877.86936	0	8
GGTCCACACCTCCATCTAGACCACAACTTC	0	0	0		0	0	24.23515439	0	15
GGTCCACGGAGCCTAGAATGTCATAGGGGC	0	0	0		0	0	460.4679335	0	742
GGTCCAGGAAACCTTGTACTTTACACGAAA	0	0	0		0	0	411.9976247	0	473
GGTCCGGGGGGAGAGGTGGGCCTCGGTGAA	0	0	0		0	0	48.47030879	0	1735
GGTCCTCAGGTAGCCTAAAAGTCCGGAAAA	0	0	0		0	0	1817.63658	0	73
GGTCCTGAATTTAGACCTTTAGGTGAGCTG	0	0	0		0	83.43879376	581.6437055	0	2
GGTCGAAGCCCGTACGAGGAGCGTGGGCTT	0	0	0		0	0	48.47030879	0	193
GGTCGACTCTTGCAGCGGTCTCTACGTGAT	0	0	0		0	0	145.4109264	0	0
GGTCGAGTTGTCATAGTTGTCCTGATCTGT	0	0	0		0	0	96.94061758	0	2
GGTCGTCCCAGACAGCTTATAATTTGACGT	0	4.403539059	0		0	0	0	0	2
GGTCGTCTGGTGCTGAGTGACCGGTTGTAA	0	0	0		0	0	145.4109264	0	86
GGTCGTGTAGTCGGTGTAAGATTCCGTACA	0	0	0		0	0	96.94061758	0	144
GGTCTAAATAAATGATCTTGTTAAAAACCT	0	0	0		0	0	48.47030879	0	134
GGTCTAACCGTTGTGCTCGCATCTATTGTA	0	0	0		0	0	218.1163895	0	48
GGTCTCCCCCGTTAATTCTACATTCCATCT	0	0	0		0	3.911193458	96.94061758	0	20
GGTCTCGTACTAAGTTAGGTCAAGCGGGAA	0	0	0		0	11.73358037	0	0	2
GGTCTGTCCTCATCATTCGAGTGTATGATC	0	0	0		0	0	48.47030879	0	6
GGTCTTACCACTTGGATCAAGTGTTTGGTC	0	0	0		0	0	1938.812352	0	1564
GGTCTTTAAATTTGTGTTCATAACAGTTCT	0	418.3362106	0		94	0	1720.695962	0	1005
GGTCTTTCCATGATTTCAATGTAAGTATGA	0	0	0		0	0	4071.505938	0	19
GGTGAAACCCAAATTCTCACACGCATGTAA	0	0	0		0	0	1090.581948	0	899
GGTGAAGTGAAATATCATCATTCCACTCAT	0	0	0		0	0	72.70546318	0	0
GGTGAATTGTCATGGCTTCGAGCGGGATTA	12.67715883	55.04423824	0		0	63.88282648	920.935867	0	728
GGTGACAGGTGGCGAACGCAGCTCGCGTGC	0	0	0		0	0	24.23515439	0	5
GGTGACTATGCCGAATAGTCCAAGCAGTCG	0	0	0		0	0	121.175772	0	16
GGTGAGCAAAACTCAGTGATTGTTATAACT	0	8.807078118	0		0	0	0	0	2
GGTGATAAACCGGGGTCAGCCCTGTCCAGA	0	0	0		0	0	24.23515439	0	928
GGTGATGCCGGGGGGTAGGAATGGGGTAGC	0	0	0		0	0	339.2921615	0	50
GGTGATGGGAGGCGTTGGGCGCAAGGCAGA	0	0	0		0	0	2496.220903	0	5410
GGTGCATGCCTATCTCTTTTACGAATGGAG	0	0	0		0	0	266.5866983	0	39
GGTGCCGCGGCTGGCTGCTTGTGTAGCCCT	0	0	0		0	0	72.70546318	0	20
GGTGCCTGAGGTACTCGTGATTGCGCAAAA	0	0	0		0	0	48.47030879	0	0
GGTGCGAGAGGGGAATGGGTGCAGAGGGTT	0	0	0		0	0	145.4109264	0	288
GGTGCGCTTCGCGGGGTGAGTAATCGATAA	0	0	0		0	24.7708919	1090.581948	0	10
GGTGCGTTAGCTGTGGCGAATTCGGGAATG	0	0	0		0	0	290.8218527	0	291
GGTGCTATGAAACTTAATGCGAGTGTTCAG	0	0	0		0	0	48.47030879	0	17
GGTGCTGACCGTTTATTCGATACCCGTATG	0	0	0		0	0	121.175772	0	0
GGTGCTGAGATGGAACTGAGGGTTACAGCC	0	0	0		0	0	242.3515439	0	472
GGTGCTGGAGGAGATGCAATCCTGAACTTT	0	0	0		0	0	96.94061758	0	16
GGTGCTTATAGTAGAATTTAGTATCCAATC	0	0	0		0	0	218.1163895	0	82
GGTGGAGTCTCCAGTAGTGTAGTCCTGATT	0	0	0		0	0	48.47030879	0	15
GGTGGCATTGATCCTGACCGATTGTTTATT	0	0	0		0	7.822386915	24.23515439	0	25
GGTGGGGTGGGCCAGGGGCGCCGTGCAGCG	0	0	0		0	0	48.47030879	0	63
GGTGGTGTGAGGGATATACAAAACATATTA	0	0	0		0	0	2253.869359	0	1450
GGTGGTTGGCGGACTGCGCAGGGTCGGGAC	0	0	0		0	0	218.1163895	0	100
GGTGGTTTTTTATTGAAAATGTTCATGCTC	0	0	0		0	0	315.0570071	0	0
GGTGTAATCCTGACCGTTAGGTTCTGTGCA	0	0	0		0	0	775.5249406	0	1422
GGTGTATCGACTGACACCAGGCTAGGAGGA	0	0	0		0	0	48.47030879	0	34
GGTGTGCCCTATAACGGACTCGCTACGAAC	0	0	0		0	0	654.3491686	0	675
GGTGTGGCTGACGCATTCAAATAGTCTGAT	0	0	0		0	0	72.70546318	0	11
GGTGTGGTACGCAACGGGGGCAGTTAGTGT	0	0	0		0	0	48.47030879	0	61
GGTGTTATGCTGCGTTTAGTCAGTTGCTGG	0	0	0		0	0	72.70546318	0	295
GGTGTTTGGCCATGTCCAACTCCGGCAGGA	0	0	0		0	0	266.5866983	0	6
GGTTAACGCACCACCCTGTATCAGACCAGA	0	0	0		0	0	24.23515439	0	0
GGTTAATTCCCGAGGTCGCCTCAAGTACAG	0	0	0		0	0	24.23515439	0	2
GGTTAGAGGTGCCGGCACAAACTGACGGAG	0	0	0		0	0	24.23515439	0	411
GGTTAGATGGTCATATTGTTTTAGGGTGAC	0	0	0		0	14.34104268	0	0	0
GGTTAGCATTTAGCTAACTTGTCGTCTAGC	0	0	0		0	0	24.23515439	0	5
GGTTAGTTGGTCGGGATGCGGTGTGGATTA	0	0	0		0	0	48.47030879	0	1415
GGTTAGTTTCAGGGCAGATAATTAATCGTG	0	0	0		0	0	24.23515439	0	49
GGTTATGTATAATCAATATGTAATACATTG	0	0	0		0	0	96.94061758	0	156
GGTTATTACTACCTTGGACCGCGTTGGAAG	0	0	0		0	0	24.23515439	0	0
GGTTATTCCAAGTGAGTGATGGCCCGTGAA	0	0	0		0	0	387.7624703	0	170
GGTTCACCATTGTCCGAACATGTTCTTGAA	0	0	0		0	0	436.2327791	0	21
GGTTCCAGATACGCCGTCGTCGATAAGCCT	0	0	0		0	0	145.4109264	0	0
GGTTCGAGTTTTATAGGTTCAGTATTTATT	0	0	0		0	0	1308.698337	0	6
GGTTCGCGCAGTCTCGTGTCCCGCGGTGAC	0	0	0		0	0	96.94061758	0	16
GGTTCGGGGGCAGGGGGTAGCCTGGGAGGG	0	0	0		0	121.2469972	508.9382423	0	272
GGTTCGTGAGAGCGTGTTTAGGTGTCAGTT	0	0	0		0	0	48.47030879	0	13
GGTTCTGTGTCCTAGTGTATGTTGCGCAGG	0	0	0		0	0	72.70546318	0	2
GGTTCTTATCGTTTAAACGATTAGTTTACA	0	70.45662495	0		0	0	0	0	16
GGTTGAGGAACTGACGGGTGGCGATACGTT	0	0	0		0	0	48.47030879	0	3
GGTTGCCAGGTATGCAGGTTATCCCGGTAA	0	0	0		0	765.2901866	573403.753	0	6704
GGTTGCCATACAGCGCCAATGTTCACTACG	0	0	11.21737082		0	0	0	0	5
GGTTGCCGTGGTTCGTTTAGCTTCGTCGTA	0	0	0		0	0	533.1733967	0	145
GGTTGCCTGAGGCCACAATGTATCCCACAG	0	0	0		0	0	145.4109264	0	1539
GGTTGCGGACGTGTAACTATCTCCCAGGGC	0	0	0		0	1.303731153	0	0	2
GGTTGGAGGATGGTTACGCGTCGATCACGG	0	0	0		0	0	339.2921615	0	0
GGTTGGGGTTATGGGATATATAGGACGCGA	0	0	0		0	0	145.4109264	0	39
GGTTGTACCCGGAGAAAGAGTAGAGAGATG	0	0	0		0	13.03731153	24.23515439	0	44
GGTTGTGGCGACAATGGGCTATACGCGGGC	0	0	0		0	0	387.7624703	0	5
GGTTGTTCCCGGTGAGACGGGACTGTAGCT	0	0	0		0	0	24.23515439	0	3
GGTTTAAGACTCGGTATGCTCGAGCTTTTA	0	0	0		0	0	872.4655582	0	541
GGTTTACACTTGGGGGTGCGGGACTGAGTC	0	0	0		0	0	24.23515439	0	49
GGTTTACGACAGACGGAAATATTCACCAGG	0	0	0		0	0	896.7007126	0	914
GGTTTAGCGCTTCTTACCACACACAGCTTG	0	0	0		0	0	24.23515439	0	29
GGTTTAGGACTGTCGAAACGCATTTGGTGG	0	0	0		0	0	48.47030879	0	48
GGTTTAGTCCGGACCAGGTAGAATCTGATT	0	0	0		0	0	193.8812352	0	6
GGTTTAGTGTCTGCGCGTCATGCTTAACTC	0	0	0		0	0	436.2327791	0	610
GGTTTATTTGCGTGTCTGTTACAAGCGCCT	0	0	0		0	0	121.175772	0	3
GGTTTCGGCGTGGTCGGAATCACCTTGCTG	0	0	0		0	0	96.94061758	0	11
GGTTTCGGGTAGGCCCACCACCGAGAAGTT	0	0	0		0	0	460.4679335	0	190
GGTTTCTATATTTCGCTCGCCGAATGCTCC	0	350.0813552	11.21737082		0	0	24.23515439	0	11
GGTTTCTGTTGATAGATAGATAATAGATTG	0	0	0		0	0	266.5866983	0	216
GGTTTGACGCGTGAGGTGGCAGCAGCTCGT	0	0	0		0	0	145.4109264	0	0
GGTTTGAGGTCGTGTCAAGCTTTTTAGTCG	0	83.66724212	0		0	0	24.23515439	0	3
GGTTTGCGCCTCCATCGGTTTAGCTTTTAT	0	0	0		0	0	1139.052257	0	105
GGTTTGGAATCATAACTAATACCGCACATG	0	0	0		0	0	24.23515439	0	411
GGTTTGGTTGCGTCGATCACTCTGCTCTTC	0	0	0		0	0	145.4109264	0	11
GGTTTTCTACAAGTTCACCTCTTCCGATCC	0	19.81592577	0		0	0	24.23515439	0	18
GTAAAAACACTTAAAATCAAGGAGGGTCTA	0	0	0		0	0	315.0570071	0	81
GTAAAACCTTAGTAGATCATGGGTTTTATA	0	0	0		0	0	145.4109264	0	9
GTAAACATTTCCCGGTAAGATCAGTATTCA	0	0	0		0	0	508.9382423	0	210
GTAAACCCCTTTCCCTTTAACTCATACAGC	0	0	0		0	0	48.47030879	0	21
GTAAAGGATCATCACAGCCTTATATACGAT	0	140.9132499	0		0	0	121.175772	0	415
GTAAATACTAGCTCTCGACTCGGTAGATTG	0	0	0		0	29.98581651	135038.2803	0	2
GTAAATCGGCAGGAATGAGTGACTCTCTGA	0	0	0		0	29.98581651	24.23515439	0	11
GTAAATGGTTCCGTGTCAAGCGTGTACTAC	0	0	0		0	0	193.8812352	0	42
GTAAATGTTTAAAGATTGGCTATTTTAATT	0	0	0		0	0	193.8812352	0	33
GTAAATTTTCAGACTCAGTGATTGATGGTT	0	0	0		0	0	48.47030879	0	2
GTAACAGCCAATTAGTATATACGGAGACAG	0	0	0		0	0	145.4109264	0	53
GTAACAGCTGCCAACTTATACCCATACTTC	0	0	0		0	0	1987.28266	0	3326
GTAACCGTAGGGCCTACCGTGCCTCCAGCA	0	0	0		0	0	121.175772	0	14
GTAACGTTGTGGTTGGGGGGGTGAATGGCG	0	0	0		0	22.16342959	0	0	2
GTAACTGGTCCGGTTTCTAGGCTCTAAACT	0	0	0		0	22.16342959	72.70546318	0	12
GTAAGAAAAAGAAGTCATGGGCAGCTAGGG	0	0	0		0	0	24.23515439	0	13
GTAAGCCCCCAGCAGAGGCTTCACGGTTTC	0	0	0		0	0	24.23515439	0	2
GTAAGCCTACCATAATGTTGGCCAGATGCG	0	0	0		0	0	24.23515439	0	11
GTAAGCCTTTTAAGATAAAGGCTGACTCTT	0	0	0		0	0	24.23515439	0	2
GTAAGGTGCTGGACGGGTTTATTAGAGGCG	0	0	0		0	0	48.47030879	0	17
GTAAGGTTACTAATAGTCTCTCATAATTGT	0	0	0		10	0	10663.46793	0	0
GTAAGGTTCCGCGGTTAAAGGAGGTAAGCC	0	0	0		0	0	24.23515439	0	31
GTAAGGTTGGCGTCACCTCTCGCAAGTTTG	0	0	0		0	0	72.70546318	0	71
GTAAGTATCGGCGGGAGCTCCCATGAATGT	0	0	0		0	0	363.5273159	0	0
GTAAGTCCGTGCGATGGTCAACTGGCGTTT	0	0	0		0	0	533.1733967	0	300
GTAAGTCCTCTTGGTGATCTTTGGGGGGGC	0	132.1061718	0		0	0	2399.280285	0	754
GTAAGTTTTGAATCACCTAACCCTTGATGA	0	0	0		0	0	24.23515439	0	929
GTAATAAATTTTAGATTAATTTTTGATGTG	0	0	0		0	0	48.47030879	0	707
GTAATAGCCTAGTTCGTGTGGAAATCTTTC	0	0	0		0	0	1284.463183	0	382
GTAATAGGTCCCGTTCTCAATCACGTACTC	0	0	0		0	0	48.47030879	0	0
GTAATATAAGCTATTTCCCTCTGTAATAGG	0	0	0		0	0	411.9976247	0	6
GTAATCCATGTAGCACAATCGCCATTTCCC	0	0	0		0	264.657424	48.47030879	0	17
GTAATCCCCCAAGCTCCGTTGTAACAGCCT	0	0	0		0	0	145.4109264	0	1238
GTAATCGCCCACGGCCTGCGTTAGTTATCA	0	0	0		0	57.36417071	0	0	172
GTAATCTAGGAGGTGGTACTTGTAATTATT	0	0	0		0	0	193.8812352	0	0
GTAATCTCTTGGGTGTGTCTGTCATGCTTT	0	0	0		0	0	1890.342043	0	353
GTAATGCGTCGAAATTGTGGTATTAGCGGA	0	0	0		0	0	969.4061758	0	3768
GTAATGTGCTGCAGGATTAGCAGTTGTGTT	0	0	0		0	0	315.0570071	0	0
GTAATTGTGGTCGTGCTCTAATCATCCGAC	0	0	0		0	0	24.23515439	0	8
GTAATTTGATTGGATATATTTGGGGCTGTA	0	0	0		0	0	315.0570071	0	28
GTACAGGACGCACTTTTCTGTAACCTTAAT	0	0	0		0	0	24.23515439	0	4
GTACAGGGGAACGGTTGTTGTGTATCACTA	0	0	0		0	0	48.47030879	0	47
GTACAGTCTCTGCGATTTCCTAGGGCTTGG	0	0	0		0	0	24.23515439	0	9
GTACATAACTTAATCTGGTTTCGTCTCACA	0	0	0		0	0	242.3515439	0	43
GTACATAGTTGGCAAACTTCAGACGTTATG	0	0	0		0	0	315.0570071	0	26
GTACATATATGGTAGGAGGCTTTTCGCCAG	0	0	0		0	0	1260.228029	0	760
GTACATCTACTGGTCAGTACCCAGGTCTCG	0	0	0		0	0	169.6460808	0	225
GTACATGGGTCTAAACATTTATAGGTGACA	0	0	0		0	0	533.1733967	0	61
GTACCAAATTAGTTACTAGCAGGTTATGTT	0	0	0		0	0	533.1733967	0	24
GTACCGACCGTACTAAGGCTCGGGTAGTTA	0	0	0		0	0	460.4679335	0	497
GTACCGCAGAGCACTTGAAGCCTGTGAGCT	0	0	0		0	0	24.23515439	0	2188
GTACCTCCCTCAGATCTCCGGCTAGCCATC	0	0	0		0	0	387.7624703	0	54
GTACCTGGGATATCCAGTGCTGAATCCCAA	0	0	0		0	0	1066.346793	0	0
GTACGATTAGTTCTGACTCAAAAATTTTAA	0	0	0		0	0	702.8194774	0	3
GTACGCTCATTGGAACTAAATTAAACCACG	0	41.83362106	12.81985236		0	0	630.1140143	0	217
GTACGGACTCTGGACGTCACTGTACTATTA	0	0	0		4	0	72.70546318	0	3
GTACGGTTATGCCTCGAAACCGTAGTTGGC	0	0	0		0	0	48.47030879	0	4
GTACGTAGATATGTCATTAAAAACGCTTAC	0	0	0		0	0	48.47030879	0	16
GTACGTGACAGTAAGGCAGTCTCCGGTACC	0	0	0		0	0	24.23515439	0	159
GTACTAAGGAGGCTATCCTTTGTAATTGTA	0	0	0		0	0	727.0546318	0	435
GTACTCCCGTATACAGAGAGAAGTTTGGAA	0	0	0		0	0	48.47030879	0	0
GTACTCGCGTATCACGGGTTGTCTCGCAGA	0	0	0		0	0	799.760095	0	426
GTACTGATGCAGCAACGTGCGGGCCGCGAG	0	0	0		0	0	24.23515439	0	4
GTACTTATCATTTGGAGCGTCCCACAGCTC	0	0	0		0	0	5864.907363	0	41
GTACTTGTCTACATGCTTGACTGCCTCAAG	0	0	0		0	53.45297726	0	0	3
GTAGAAAGTGATTCCCTTTTCACGGTAATG	0	0	0		0	0	48.47030879	0	24
GTAGAATCCGTTACGCAAGGCACCCGGGCA	0	0	0		0	0	72.70546318	0	0
GTAGAATGTAGGCCGTCCACCTTTCACTCT	0	0	0		0	0	508.9382423	0	28
GTAGACCCCTCGTAATCCCGCGTTAGCGGG	0	0	0		0	0	72.70546318	0	10
GTAGACTTCCTCCGGCAGGGATAGTCGTCG	0	0	0		0	0	24.23515439	0	56
GTAGACTTGGGTTGGGACTCCTCCGGAGGG	0	0	0		0	0	48.47030879	0	7
GTAGAGGTCTATCTTAATGTACTCAGAGAA	0	0	0		0	0	96.94061758	0	873
GTAGATAGGACGTGTTCGGTACAACGCCTG	0	0	0		0	0	193.8812352	0	119
GTAGATTCCCAGGGAATACGCTGGTTTTTG	0	0	0		0	0	24.23515439	0	5
GTAGCAAATTTGAGGCCTGCCGGATTACGT	0	0	0		0	0	169.6460808	0	4
GTAGCATTCACGTTTCCGTTTTGGTGTCTC	0	0	0		0	0	411.9976247	0	134
GTAGCGAGATTAGTAAATATCACGCTTTTT	0	0	0		0	0	72.70546318	0	407
GTAGCGATTAGCTGTCATGTGCCCTATACG	0	28.62300388	0		0	0	0	0	32
GTAGCGCTAGCCACGGCAGGAATTCGAAGT	0	0	0		0	0	24.23515439	0	473
GTAGCGGGGAGTAGGGGCCGCCTAGACAGT	0	0	0		0	0	24.23515439	0	10
GTAGCGTGCGCTATGCACGCCTCCCCAAGC	0	0	0		0	0	339.2921615	0	24
GTAGCTTGCGCAGGGTAGTTGTGAAGTCTA	0	0	0		0	0	169.6460808	0	208
GTAGGACCGGGTTAGGGCGGGTGGTACGGA	0	0	0		0	0	24.23515439	0	3
GTAGGCACAAGCGATTTTGGATGCTCACAG	0	0	0		0	0	993.6413302	0	7
GTAGGCGATCTTAATTGTTTGTATTACTCC	0	0	0		0	0	48.47030879	0	49
GTAGGCTCAATGCCTTAGCGGCAAGGCATA	0	0	0		0	0	266.5866983	0	5
GTAGGGAGGCAGTTTCTGGTGACGCCAAGT	0	0	0		0	0	2108.458432	0	2
GTAGGGATCAGGGATTCGGACGCCGTAGAG	0	0	0		0	0	145.4109264	0	90
GTAGGGATCCTAGTAGTATGGTAGTGGTGT	0	0	0		0	0	24.23515439	0	5
GTAGGGGACTGCGCCCGTGAGTTGCTTGGC	0	0	0		0	0	823.9952494	0	0
GTAGGGGTCTGGCTTAGTGACACGGGTAGT	0	0	0		0	0	48.47030879	0	5
GTAGGTAAGGCGTAGAATATAAGTTGCGGT	0	0	0		0	0	24.23515439	0	439
GTAGTCACTAACCGCTCTCCGTCCCCGCAT	0	0	0		0	0	290.8218527	0	180
GTAGTCATTGCGAATGTCATACTTGATACT	0	0	0		0	0	727.0546318	0	530
GTAGTGAAATTTGGATCTAGCTCTGGCTGT	0	0	0		0	0	72.70546318	0	266
GTAGTGATATTTATACGAGCTAGACATGCC	0	0	0		0	0	169.6460808	0	21
GTAGTGCTATCGCGGACTGGGATGGCCGGA	0	0	0		0	0	4410.7981	0	37
GTAGTTACGAGGAGTAGGCCATCTATCAAT	0	0	0		0	0	145.4109264	0	3
GTAGTTATCTCCTCGGACGCCACATGGGGG	0	0	0		0	0	218.1163895	0	32
GTAGTTCGGCTGGTCATTTAAAGGCGTATC	0	0	0		0	0	363.5273159	0	51
GTAGTTGACGTCGGGGGGCGCCAATGGAGT	0	0	0		0	0	339.2921615	0	3602
GTAGTTGGCCCTCACCTGGGTTCCAAGATT	0	0	0		0	0	48.47030879	0	9
GTATAAACTGCTTTTAATCCAATCTCCATT	0	0	0		0	0	96.94061758	0	2
GTATAAGCTATCGAGGAGTCGGCAAACGGG	0	0	0		0	0	121.175772	0	7
GTATAAGTCTGGTGCCAAATGGTACTTCAA	0	0	0		0	0	121.175772	0	59
GTATACGCTGCGAGATCTGCTTGGGATTTC	0	0	0		0	0	436.2327791	0	24
GTATAGATCTATTCAAAAACGTTGTGCACT	0	0	0		0	1.303731153	24.23515439	0	0
GTATAGCCTTGGTCATGTCTCCGGGAGGTT	0	0	0		0	0	48.47030879	0	5
GTATAGGCGCCCGAACCCTTTGCTGTCAGA	0	0	0		0	0	557.4085511	0	354
GTATAGGCGTGCGGTCCTTCCATGCTCGCT	0	0	0		0	0	315.0570071	0	104
GTATAGTGGGTTATGCCCCACTGTCATGGC	0	0	0		0	0	7803.719715	0	4387
GTATAGTTTATTGTCGGGAATACCAGATCA	0	0	0		0	0	145.4109264	0	69
GTATATACTATGGTCTCGAGGTACCCAGTT	0	0	0		0	11.73358037	436.2327791	0	503
GTATATCATATTGGGCGTAATAAAGGTTGT	0	0	0		0	0	24.23515439	0	49
GTATATTGTCCCTGGGACTCGCACTTCCTC	0	0	0		0	0	1163.287411	0	14
GTATCAGAGCCAGACATCAGTCCCTCTTGC	0	0	0		0	0	2690.102138	0	618
GTATCCAACTGTCCGATGCTAGCCCGTTCG	0	0	0		0	0	24.23515439	0	4
GTATCCAGGATTATCGAATTTGGATGTGGA	0	0	0		0	0	24.23515439	0	13
GTATCCTAAGTTACGCCGAATCGCTATGTT	0	0	0		0	0	96.94061758	0	20
GTATCGTTTCGTTCCTCGGAGTAGTTTTGT	0	0	0		0	105.6022234	169.6460808	0	37
GTATCTTTACTCATTGAGGATCGCCCGCGA	0	0	0		0	0	48.47030879	0	3
GTATGATTTTTGATTTTAGATTTTTCGATA	0	140.9132499	0		0	0	193.8812352	0	70
GTATGCCCAGTTTTTGCCTGTGTGTCTATG	0	90.27255071	0		0	0	0	0	1855
GTATGGGCCTCTATATAGGCTTGCATTTCT	0	0	0		0	0	266.5866983	0	420
GTATGGTCTCGCAGACGAAGCGAGGTGTTA	0	0	0		0	0	460.4679335	0	737
GTATGGTTTCCGGACCGTACAGCACCTGTA	0	0	0		0	20.85969844	0	0	117
GTATGTGGCAACTTTCTCACCCTATTCAAC	0	0	0		0	0	121.175772	0	18
GTATGTTCAGTGCAACAGCAGCTCCTTGGG	0	0	0		0	0	24.23515439	0	4
GTATTAAGGTCAGGTAAAGGGTGAGTGGAC	0	0	0		0	0	266.5866983	0	458
GTATTAGTAACATGGGGAAAGGAGCATAAA	0	0	0		0	11.73358037	0	0	243
GTATTAGTTGATAGGTGGTGGAGCCATTGA	0	0	0		0	31.28954766	0	0	18
GTATTCGAAAGACATCAAATGCAAGATAAT	0	0	0		0	0	72.70546318	0	7
GTATTCGTGGGGGAAGTAGGTTTGATGGAT	0	0	0		0	0	24.23515439	0	158
GTATTGAATCTGTATCGATAAGATGGCATA	0	0	0		0	0	24.23515439	0	369
GTATTGCAGGTCCATATTCATATTTCCCCT	0	0	0		0	14.34104268	145.4109264	0	50
GTATTGCTTCGAGTTTTGTTTGTTCGTAAA	0	0	0		0	0	24.23515439	0	0
GTATTGGACGTGAGGTGCCGGGTTACGGAT	0	39.63185153	25.63970473		0	0	0	0	225
GTATTGTGCCGGGAGTCTCTCTTCGGGCTC	0	0	0		0	0	363.5273159	0	30
GTATTTATCTTCGCCAACATCAGAGCTACT	0	0	0		0	0	48.47030879	0	19
GTATTTGAGCTGGTTAATGGTCGACTCTTA	0	0	0		0	9.126118068	24.23515439	0	3
GTATTTGATCAGCTTCGTGTGGCCCCCAGT	0	0	0		0	0	630.1140143	0	449
GTATTTTAATTGCGAAATAGTGCACTGTAT	0	0	0		0	0	24.23515439	0	66
GTATTTTTGGTCGGGGTCGGACAGTGATGC	0	0	0		0	0	654.3491686	0	173
GTATTTTTTGCGTACGATACATTCCAGTAC	0	28.62300388	0		0	0	0	0	2
GTCAACACTGAGTATGATTCGTATCTTGTT	0	0	0		0	0	1017.876485	0	871
GTCAACATTATTGTTGTACACTCTAAACTG	0	0	0		0	0	48.47030879	0	4
GTCAACGGCGTAGTCAGTATGCTCATCTAG	0	0	0		0	0	2350.809976	0	94
GTCAAGCCGAGGCACGTAGGTTTATGCCCC	0	0	0		0	0	2084.223278	0	3
GTCAAGTGTTCCATTGTGACCGTGTTAAAA	0	433.7485973	0		0	0	1235.992874	0	2717
GTCAATCTCAGCCCCTGGCGTATGGTGAGG	0	0	0		0	0	121.175772	0	985
GTCACAGGCACGGCTTCAAGTTGCCTTTCG	0	0	0		0	0	24.23515439	0	536
GTCACCCATCGATTACCTTAAGCACGGGGC	0	0	0		0	822.6543573	48.47030879	0	10
GTCACGGGCCCCGGAACTGGGTGGAACCAT	0	0	0		0	0	24.23515439	0	4
GTCACTCGCGCACAGATAACACAGTCCATT	0	0	0		0	0	48.47030879	0	0
GTCACTCTCGACGCGGGAAATTGCGTCAGT	0	0	0		0	0	24.23515439	0	3
GTCACTTGGTTGTCAGCGTTGGGCCCTTGA	0	0	0		0	49.5417838	266.5866983	0	135
GTCAGACCTTGTTCGATGAGCTGCAGCAGC	0	0	0		0	0	96.94061758	0	16
GTCAGACTCAATGGAACTATACATTTCATT	0	0	0		0	0	121.175772	0	0
GTCAGAGCGAGCGCGGTGTGAGCTGGAAGT	0	0	0		0	0	1914.577197	0	8
GTCAGATATGGGTGCGACGGTGCGTAAGAT	0	0	0		0	0	387.7624703	0	1225
GTCAGCAGGCATATGTGGGCTATTGCTGTC	0	0	0		0	0	48.47030879	0	0
GTCAGGGAGGTAACGGGATGGGTATATCGA	0	0	0		0	22.16342959	24.23515439	0	2
GTCAGTATTAACTGTAGATTTGTTGGTGAG	0	0	0		0	0	72.70546318	0	5
GTCAGTCTTCCTTTATATTGTCCAGCATCT	0	0	0		0	2.607462305	193.8812352	0	30
GTCAGTGTTCTTACCTTTTTCAGGCCCATT	0	0	0		0	80.83133146	896.7007126	0	3
GTCAGTTTCGAGGGATTGATATCAAGCAGA	0	0	0		0	0	72.70546318	0	171
GTCATAAAACTACTTAATGGTCGCAGCCTT	0	0	0		0	11.73358037	751.2897862	0	2
GTCATACTCCCTACCGACTGAATTCCAGTT	0	0	0		0	0	242.3515439	0	0
GTCATACTCGGGCCGGCCTAAAGAACATAA	0	0	0		0	0	24.23515439	0	152
GTCATATTGGTTCCTGGTCGTTGATTGCTG	0	0	0		0	9.126118068	48.47030879	0	30
GTCATATTTCGCTTTATGACGGGACGATGG	0	0	0		0	0	315.0570071	0	255
GTCATCAGCTACAGTATTTAGACATTAGTT	0	0	0		0	0	72.70546318	0	2
GTCATCAGGACTGTGTAGAATCCGACGGCT	0	0	0		0	0	24.23515439	0	7
GTCATCGACCTTTAGCTATTAGCCTTTCCT	0	0	0		0	0	24.23515439	0	2
GTCATGGCGTAAATTACAACAGTTTGAGCG	0	0	0		0	0	48.47030879	0	6
GTCATGGTACGTCGTCGAATTTTACGTTGT	0	0	0		0	0	727.0546318	0	20
GTCATTCAAAGTTGTGTTCTATCATGTCTA	0	0	0		0	0	24.23515439	0	14
GTCATTGCCGGTAAAGCACCCACACACATA	0	0	0		0	0	290.8218527	0	115
GTCCAATTTTGTCATATAACGACGACTCAG	0	0	0		0	0	24.23515439	0	33
GTCCACAGTATTGTGCAACGACACTACATC	0	0	0		0	0	1793.401425	0	1661
GTCCACGGGGCCCTACAAAGACATGTGATG	0	0	0		0	0	24.23515439	0	2
GTCCATACCTAGTCAGCGATTTTTTAGAGT	0	0	0		0	0	72.70546318	0	0
GTCCATCAGGGCGGTCAGTGTACAGAGCTA	0	0	0		0	0	508.9382423	0	71
GTCCATGGATTTGTTCTTTTGAGAGCTGTT	0	0	0		0	0	508.9382423	0	12
GTCCCGAGAAGCCTGGTTTTGTCAGGCACC	0	0	0		0	0	24.23515439	0	2
GTCCCGCTGACGTAAGTGTGGATGGGGGTG	0	0	0		0	0	72.70546318	0	28
GTCCCGGGTCGACGCCCTCCGTATGCAATC	0	0	0		0	0	169.6460808	0	256
GTCCCTGACTGGAGTGCATCACGGAATGTT	0	0	0		0	0	48.47030879	0	95
GTCCCTTAAGTAGCAGGGATCTAAAGATAA	0	0	0		0	0	96.94061758	0	10
GTCCGCCGACATTTTATCGGGTTTATAGTC	0	0	0		0	0	266.5866983	0	11
GTCCGGAATTAAAGTCCCAGTTCTTTACTA	0	0	0		46	693.5849732	169.6460808	0	11
GTCCGGACTCACCTATGCCATTTCGCCGTC	0	0	0		0	0	872.4655582	0	5329
GTCCGTTCCGTCTAAACAATTACATCATCG	0	0	0		0	0	48.47030879	0	43
GTCCTAGATGTAGTTCTGCTTACCATGGGT	0	0	0		0	0	193.8812352	0	16
GTCCTCAGCGTAACCGAGTTGTAGCGTTTA	0	0	0		0	0	266.5866983	0	7
GTCCTGAACTCAACCGGCTGCCCAAAACCA	0	0	0		0	0	5065.147268	0	2296
GTCCTTTTTAGAGAGTAGAGGTTATGGTGC	0	0	0		0	0	24.23515439	0	2
GTCGACGGATGTGGGGTACGTGGGGGGACA	0	0	0		0	0	24.23515439	0	58
GTCGAGGATCCTACTTCTGGAGTGACCGAG	0	0	0		0	0	823.9952494	0	110
GTCGATCTAGGCAACTATGGCAGAGGGCTG	0	0	0		0	0	96.94061758	0	2
GTCGATCTGAGGGGATCGGGTCTGTGCAGG	0	0	0		0	0	72.70546318	0	28
GTCGATTAGGCCAAGCTGTCGTCTAAACCA	0	2.20176953	0		0	0	24.23515439	0	0
GTCGCGCAACGGTTGCGGGTAGGCACCTGG	0	0	0		0	0	218.1163895	0	5
GTCGCGGTCGGTCCGTGGTGGCCAAGGTAC	0	0	0		0	0	24.23515439	0	2
GTCGCTGCTTATATGGGGGACAGGGGGCGG	0	0	0		0	0	48.47030879	0	16
GTCGGAGCGGACGTCTGGGACCCTGGGAGC	0	0	0		0	0	48.47030879	0	9
GTCGGATACGTGCTTGTGTCTACAAAGGCT	0	15.41238671	0		0	0	0	0	42
GTCGGATAGGGCAGTGCCCACGTTGAATTC	0	0	0		0	0	96.94061758	0	0
GTCGGCAAGGGGATATCGCCAGATGGGTAG	0	0	0		0	0	169.6460808	0	314
GTCGGCCCAGTAGCCCGTGATTTAAAAGAG	0	0	0		0	0	121.175772	0	9
GTCGGCGGGGGACGGGCAAGCGCGCAAGTG	0	0	0		0	0	169.6460808	0	37
GTCGGCGTTCATTGATGTAATTTCTCTTTA	0	0	0		0	243.7977255	315.0570071	0	42
GTCGGCTCTCCATATTAATGGGAGGTAGAC	0	0	0		0	0	96.94061758	0	25
GTCGGCTCTGGGGGGAGAGGACGGATCCCG	0	0	0		0	0	484.7030879	0	7
GTCGGGAGCCACGCCAAGTGTAGATGTGCG	0	0	0		0	0	363.5273159	0	422
GTCGGGCACTAGAATCAGTTGATCGAGCTA	0	0	0		0	0	484.7030879	0	171
GTCGGGGCACGTATGAGCGGCAATGCTGGG	0	0	0		0	0	145.4109264	0	0
GTCGGGGTGTAGCACATATCTATCCGCGGT	0	0	0		0	0	145.4109264	0	5
GTCGGGGTTACGTGCCTGAGGCCTTGCTAC	0	0	0		0	0	9039.712589	0	105
GTCGGTAGACGGTGTTATCTGAAGACGCGA	0	0	0		0	0	48.47030879	0	234
GTCGGTCAGCCGAGTCCGCTGACCTGGGGG	0	0	0		0	26.07462305	48.47030879	0	4
GTCGGTCTTTGGGCGTTAGCAGTGGTGGAC	0	0	0		0	6.518655763	0	0	0
GTCGGTTGTAGGATGTGTCTGGTAGTGGGG	0	0	0		0	14.34104268	411.9976247	0	300
GTCGGTTTAGTCTGATCCCACTTCATCTCA	0	0	0		0	2.607462305	896.7007126	0	30
GTCGTCCTAATTCATACACTTGCTGGAGTC	0	0	0		0	0	315.0570071	0	924
GTCGTGGAACGGGGGGCGCGACGGAGCAGG	0	0	0		0	0	48.47030879	0	898
GTCGTGGAGAGCTTTGGGGGGTTGGCCATG	0	0	0		0	0	121.175772	0	4
GTCGTTTACGACCAGGTCCATAAGCTTTGA	0	0	0		0	0	24.23515439	0	3
GTCTAAGACTAGCCAGCTCTGTGTTGCCCG	0	0	0		0	0	48.47030879	0	0
GTCTAAGGCCAACTTTCTGTCCCCATACGG	0	0	0		0	0	145.4109264	0	3
GTCTAATTTTGGAGCGGGGGCGCGAGATGT	0	0	0		0	0	24.23515439	0	0
GTCTACGAGAGTTTGCCTTTTTCACGTTTT	0	0	0		0	0	72.70546318	0	11
GTCTAGAAAAGAATGTGACTCTTCCATGTC	0	0	0		0	0	969.4061758	0	307
GTCTAGTATAGCCCTGGTAAAGGAATATTT	0	0	0		0	0	387.7624703	0	9
GTCTAGTTAGTGTGGCCCTCGTAAATAGCC	0	15.41238671	0		0	0	0	0	30
GTCTATATTGTCTCAGATCTGTACATAGGT	0	0	0		0	0	48.47030879	0	0
GTCTATGTTAAGGTTTATATATCCATGAAG	0	0	0		0	0	945.1710214	0	1293
GTCTCACTTGGAACCGGGTGTCCTTGGGTT	0	0	0		0	0	290.8218527	0	19
GTCTCAGGCTCTGAGAGCAGTTGCACCGTT	0	0	0		0	41.71939688	2520.456057	0	210
GTCTCCACCAGAACACGTCGCTTAGTTTCG	0	0	0		0	0	315.0570071	0	43
GTCTCCTTCTGTTTGTTGGTGGTGGATAGC	0	0	0		10	0	96.94061758	0	15
GTCTCGGCGATTGGCTACAATAAATGCCCA	0	0	0		0	0	24.23515439	0	0
GTCTCGTAGGCTGTATTTCCGCAGATAGGA	0	0	0		0	0	24.23515439	0	0
GTCTCGTTGGTGAAGCAGTGCCGGGCGACA	0	0	0		0	0	24.23515439	0	0
GTCTCTACGAGTGGAGGTGCAGGTAGCACT	0	0	0		0	0	24.23515439	0	1723
GTCTCTAGCTCTGGTTGGCGCGGAGCTATC	0	0	0		0	0	242.3515439	0	41
GTCTCTGGGGGCATTCCCAGACGCTAAGCA	0	0	0		0	0	121.175772	0	135
GTCTCTTCATATTGAGTTGCCTTATAGGCA	0	0	0		0	0	339.2921615	0	110
GTCTGACGCCATGAGTGTGCTTTTCTAGAT	0	0	0		0	0	145.4109264	0	86
GTCTGAGATTTAATCATGACTCACAGTTCG	0	0	0		0	0	266.5866983	0	728
GTCTGCAAAGTGATTAGGCCTTTCGTCTTT	0	0	0		0	0	121.175772	0	28
GTCTGCTAGACGGCTGCACCTGGATCCACG	0	0	0		0	0	24.23515439	0	4
GTCTGGACAGCCCCTCGAGTAAGGGGAGGG	0	317.0548123	70.509188		0	0	96.94061758	0	36
GTCTGGATCTGGGTCCCTTCGGACTTCATA	0	0	0		0	0	48.47030879	0	0
GTCTGGATGGTGATGACGTGCGCTGTGTGA	0	0	0		0	0	24.23515439	0	429
GTCTGGCCATAATCTTAAAGCAGTAATCGC	0	0	0		0	0	363.5273159	0	132
GTCTGGCTTCCTTACGGTACGTCCAAAAGG	0	0	0		0	0	48.47030879	0	65
GTCTGTTTGAGTCGGCTCGAAATCTTCATA	0	0	0		0	0	121.175772	0	0
GTCTTAAATTCGCGGGCTAGGGATGGGTTT	0	0	0		0	0	72.70546318	0	22
GTCTTAACAGTCTAATTGTTTGGGATCAAG	0	0	0		0	0	72.70546318	0	50
GTCTTAGGTCATGTGCACAAGAATTTCTGA	0	0	0		0	0	72.70546318	0	671
GTCTTCCGCGGGTTAGACCTCCCCAGGGTG	0	0	0		0	0	24.23515439	0	85
GTCTTCGTTCATGTAACGTTATTATAAGAT	0	0	0		0	152.5365449	2738.572447	0	1254
GTGAAACACTTGCAGATGCCTATCAAGTGA	0	0	0		0	0	2471.985748	0	21
GTGAAATAGCTTTCAATGTGTCTGTATTTT	0	0	0		0	0	702.8194774	0	1231
GTGAACAGTCACGCTCGGTTAGATTAGGGT	0	0	0		0	0	24.23515439	0	46
GTGAACTCTTGGCTAACTCGACAAAGCTCG	0	0	0		0	0	436.2327791	0	4
GTGAAGCGGGTGCTCCTTATCCGTATGAGT	0	0	0		0	0	24.23515439	0	150
GTGAATATCTCGTACGGATCAACGTGACAT	0	0	0		0	0	775.5249406	0	145
GTGAATCGATAGCTCCACGTAAGTTATCCG	0	0	0		0	0	1139.052257	0	460
GTGAATTCGTCCAATTAATCCTGCTCGCAA	0	0	0		0	0	72.70546318	0	9
GTGAATTTACATGAAGGGGCCTTTATAATT	0	0	0		0	61.27536417	678.584323	0	3
GTGACAGACGTGGGCAGGTTCGTGGCTAGT	0	0	0		0	5.21492461	0	0	15
GTGACAGGAATAGAGCCAGCTGTGCTTGAG	0	0	0		0	0	48.47030879	0	40
GTGACGATTACACTCCGGCTTGGGAGCGGA	0	0	0		0	0	266.5866983	0	11
GTGAGAGTTCGTAAAGAAAAATGTTTTGAG	0	0	0		0	0	145.4109264	0	381
GTGAGCATGGGTTCAGCGCATACCGTAAGT	0	0	0		0	0	169.6460808	0	86
GTGAGCCATGGGAATTGGTGGCACCCCACA	0	0	0		0	0	315.0570071	0	47
GTGAGCCGCACATCTGCACATTCCATTGTA	0	0	0		0	0	24.23515439	0	5
GTGAGGTCTCGTGTTTGGTGTGTTAGGGAG	0	0	0		0	0	557.4085511	0	427
GTGAGTATATACGACATGTTCTTTATCTCG	0	0	0		0	0	1260.228029	0	476
GTGAGTATTTGCCTGGTTAGCAACGCGAAC	0	0	0		0	0	24.23515439	0	4
GTGAGTCCGAAGATCTCAGCCATTGCCAGT	0	0	0		0	0	48.47030879	0	22
GTGAGTTACTACCTACCAGTCAACACTACC	0	0	0		0	0	411.9976247	0	34
GTGAGTTATACAGGGTGCCCAGACAGTGTA	0	0	0		0	0	48.47030879	0	502
GTGATACATGTATGAAATCTCGATAAGGTC	0	0	0		0	0	339.2921615	0	550
GTGATCAGATGGTACGTGGATGGCTCGGTT	0	0	0		0	0	24.23515439	0	28
GTGATCCGGTACGCATGGGTTTTTGTAGCC	0	0	0		0	0	1672.225653	0	443
GTGATCGAACCCAGAGGTATGGAGTCGTAC	0	0	0		0	5.21492461	0	0	0
GTGATTAGGGATATGTTCGCTCCTCGAGTA	0	0	0		0	0	145.4109264	0	89
GTGCAATGGGCGCTTGGTACGGTCCCACTC	0	0	0		0	32.59327881	96.94061758	0	30
GTGCAATTTAAGATTGTCGGGCTTGTCCCC	0	0	0		0	0	145.4109264	0	34
GTGCACTAATTCCGCCTGGCGTTGGGGGTG	0	0	0		0	10.42984922	24.23515439	0	2
GTGCAGAAGTGGGAGGACCCGGCTCCGCAG	0	0	0		0	0	72.70546318	0	14
GTGCAGTCTGTGGTATACTCATGCTTAGCA	0	0	0		0	0	1429.874109	0	2225
GTGCAGTGTACGACCCGCGCGCGAGGGTGC	0	0	0		0	1.303731153	24.23515439	0	50
GTGCATTCTGCGGAGCCTCGACCGTATTGT	0	0	0		0	0	1235.992874	0	325
GTGCCACTGAATCATGTAAGGCGTGTGCAA	0	0	0		0	0	96.94061758	0	28
GTGCCCCAATTGTTTATGCATTTGGACTAA	0	0	0		0	0	121.175772	0	72
GTGCCCGATATATCTCCGTGAAAATCGTGA	0	0	0		0	0	24.23515439	0	12
GTGCCCGTTCCGGAAGTGTTTATTACGAAT	0	0	0		0	0	96.94061758	0	90
GTGCCCTGTCACTAGGAAAGGCGGACAGTT	0	0	0		0	0	72.70546318	0	82
GTGCCTATTCATGCGGGTATGCTACAGCTG	0	0	0		0	0	72.70546318	0	10
GTGCCTCGGTTCCAACTATCTGACCTGATT	0	0	0		0	0	11535.93349	0	1115
GTGCCTCTGATAAGGCTCGTCCAAAGCTAG	0	0	0		0	0	411.9976247	0	523
GTGCGACCGGGACGGTTTAGCGTTCACACG	0	0	0		0	0	896.7007126	0	10
GTGCGATTAGTTTTGCTATAGGGAGAAGTC	0	0	0		0	11.73358037	0	0	8
GTGCGCAAGCATATCCCGCTTGGTGTCTTC	0	0	0		0	0	387.7624703	0	32
GTGCGCGCAGCGTTCCGTTAAACGTGATTA	0	28.62300388	0		0	0	24.23515439	0	23
GTGCGGAGGCATGTCCCCAAAGGAGGTCAT	0	0	0		0	0	363.5273159	0	102
GTGCGGCGGCCCGGGGATGGGGATGGCTCG	0	0	0		0	0	96.94061758	0	13
GTGCGGCTCAGTGTTTCGTTTTTTCGGGAT	0	0	0		0	0	24.23515439	0	0
GTGCGTAAAGATTTTATTTAATAATCTTTT	0	0	0		0	0	24.23515439	0	5
GTGCGTCACTCCATTGCATTGTGTCTCGTC	0	0	0		0	0	193.8812352	0	7
GTGCGTCTCAATGTAGGGAGACGTCCTTGC	0	0	0		0	0	72.70546318	0	3
GTGCGTCTGGTCTTTCCCTCGTTCCTCCTG	0	0	0		0	0	48.47030879	0	589
GTGCGTGAGCGCGCGAGGGGACAAGCGGTG	0	0	0		0	10.42984922	169.6460808	0	215
GTGCGTGATGATTCGGATAGGTTTGACCTT	0	0	0		3	0	0	0	111
GTGCGTTCATCACGTAGGGGCGGGGGTCGT	0	0	0		0	0	24.23515439	0	6
GTGCTAGACTTTGCCTTTGGCCTCCCTATC	0	0	0		0	0	72.70546318	0	198
GTGCTATGGCCTGGGTCGCCTAGTAGATTA	0	0	0		0	0	48.47030879	0	0
GTGCTCAAGGTCAACGTGGTTGAGAAATAA	0	6.605308589	0		0	0	0	0	3
GTGCTCACGAATATTTGGTTAGAGGTTGAG	0	0	0		0	0	290.8218527	0	0
GTGCTCTTTTACCACAGACGGCGGACACGA	0	0	0		0	0	193.8812352	0	336
GTGCTGCACGCGTGTGGAATTGTATATGCT	0	0	0		0	0	411.9976247	0	109
GTGCTGTTATGCCAAACATTGGTGCCTCTG	0	0	0		0	0	24.23515439	0	37
GTGCTTAATATGCTTATATCTCTACCGTGG	0	0	0		0	0	72.70546318	0	24
GTGCTTATTTCACCGCTAATGTCCCGACGT	0	0	0		0	0	145.4109264	0	4
GTGCTTCCGGGCGCTTAAGATCGGCGGAAA	0	0	0		0	0	218.1163895	0	22
GTGCTTGACATGTCTGGACGTGGCGTTGGG	0	0	0		0	97.77983644	72.70546318	0	213
GTGCTTGAGCGGATGCCTCAATTCAGCCCT	0	0	0		0	0	72.70546318	0	72
GTGCTTTGGGCCAATCGGGGGTTGTGAGAG	0	0	0		0	0	436.2327791	0	1351
GTGGAATGAGAATTGATATGGATTGCTGGC	0	0	0		0	209.9007156	0	0	34
GTGGACGTTCGGCTTGTGGGCCTGGCCAAG	0	0	0		0	0	145.4109264	0	39
GTGGAGGAATACTGAATCTATAGAAGTAAA	0	0	0		0	0	1599.52019	0	0
GTGGAGGTGTGATAGTGGCAACCCGGTTGT	0	0	0		0	0	775.5249406	0	117
GTGGAGTGTAGGGTTCCACGGAAGGGACGC	0	0	0		0	0	72.70546318	0	4
GTGGAGTTGCGACCTGTTGCTGGCAGCGTG	0	0	0		0	0	8942.771971	0	51
GTGGATAACTTCCTCTCACTGCGGTGGTTA	0	0	0		0	0	24.23515439	0	32
GTGGATGGTTCCGGTAATGGGTGGCCGGGT	0	15.41238671	0		0	0	0	0	29
GTGGCATAGCGCCTAAAGGCTTTCATCGAA	14.79001864	0	3.204963091		0	0	48.47030879	0	8
GTGGCCAAGAGGTGATTCCAGGGATGGGGC	0	0	0		0	0	24.23515439	0	26
GTGGCCACGCTACTCCCGATCTTTAATCTT	0	0	0		0	0	630.1140143	0	996
GTGGCCCTGATTTCGCTACAGTGTTTAACG	0	0	0		0	0	24.23515439	0	73
GTGGCCGTTTATAGTCCAGACTCGCCAATT	0	0	0		0	0	24.23515439	0	0
GTGGCCTTCTATCGATGACGAGGTGCATAG	0	0	0		0	0	96.94061758	0	0
GTGGCGAGAATAATGACGCCTATCTTAACA	0	0	0		0	0	48.47030879	0	0
GTGGCGGTAGACCTGTGCATTTACGATTAC	0	0	0		0	14.34104268	1260.228029	0	66
GTGGCTAGGTGCTGCGTACTGAAGACTCTC	0	0	0		0	0	48.47030879	0	19
GTGGGACATTAGGGTCGAAAGAGCGTGGCT	0	0	0		0	0	2205.39905	0	597
GTGGGAGAAAAAGCGAGCAGTAGAGGGCAA	0	0	0		0	0	121.175772	0	117
GTGGGAGGTTCCGTAAACATCAAGCATTCT	0	0	0		0	0	72.70546318	0	23
GTGGGCGGCATGAGGAGTGGGGGCGGGGTG	0	0	0		0	0	72.70546318	0	43
GTGGGGATTATCGCTCACAAGGGAGAGTGG	0	0	0		0	0	193.8812352	0	298
GTGGGGGCGAGGAGTGATGTGCCTGAGATC	0	0	0		0	0	24.23515439	0	0
GTGGGGTAAATACAAGTTGGGTTTCGGGCA	0	0	0		0	0	266.5866983	0	15
GTGGGTCACCACCCTGGGTCTGTGACACAG	0	37.430082	0		0	0	0	0	4
GTGGGTCACGGGCTTGACGTTATCGCACAG	0	0	0		0	0	218.1163895	0	79
GTGGGTCAGCTGATTCGAATTATGTCATTC	0	0	0		0	0	145.4109264	0	506
GTGGGTCCGCCCGTTGCGGCAAATTGTAGT	0	0	0		0	0	48.47030879	0	131
GTGGGTCGGAATGCGGGCTCGCACAGGAAT	0	0	0		0	0	242.3515439	0	7
GTGGGTGGCGACTTGGGTGTTTGGTGTCGG	0	0	0		0	0	24.23515439	0	16
GTGGGTTGGTATGAGTAGTTCATCTGGATA	0	0	0		0	0	24.23515439	0	5
GTGGGTTTTTGTAGTTGCCGAGTTATTAGA	0	0	0		0	0	96.94061758	0	0
GTGGTACGGCATTCCGTCGGGTTATATGTA	0	0	0		0	0	48.47030879	0	9
GTGGTAGAAAATCCCTTGCGTCCATTCGCG	0	0	0		0	0	72.70546318	0	2
GTGGTCATCTACCCCCTTTGTTGGTCTCAA	0	0	0		0	0	1114.817102	0	615
GTGGTCGGGGCTGGACGGGACGGCTGACCC	0	0	0		0	0	605.8788599	0	576
GTGGTGGGGCTGTCCGTGGCTGGGGTGGGC	0	63.85131636	0		0	0	24.23515439	0	35
GTGGTGGTCGGGCATGTGCCGCCAGGACTA	0	0	0		0	0	872.4655582	0	1619
GTGGTGTTTAGAGTGGGTGTGCTGTTCGGC	0	0	0		0	0	121.175772	0	347
GTGGTTAGGAACCTTTTCGGATGTCTCTAT	0	0	0		0	19.55596729	193.8812352	0	102
GTGGTTATTCAACCCTAAACTCTTTGATGC	0	2.20176953	0		0	0	145.4109264	0	0
GTGGTTGGCAGCGTTCTGAGCGGGCGGGAT	0	0	0		0	0	72.70546318	0	2
GTGGTTGTATTCTACGCCCAGCCGGGTAGG	0	0	0		0	0	24.23515439	0	0
GTGGTTGTGGGCATGTTTACCCCACGGGTC	0	0	0		0	0	24.23515439	0	0
GTGGTTTAAGGCAATGTTGTTCCAGTCAAC	0	0	0		0	0	266.5866983	0	23
GTGTAAACCACCTCTAGAGCAATAGCATTG	0	0	0		0	50.84551495	363.5273159	0	13
GTGTAAGGCATGATCTATTAGGGGCATGTC	0	0	0		0	0	72.70546318	0	2517
GTGTACAGGTTACAGTCTTTCTTCAGTCTA	0	0	0		0	0	24.23515439	0	41
GTGTACCGGAGTAGGGTATGTAACTTTGTC	0	0	0		0	43.02312803	0	0	7
GTGTACTGCAGATGATTCGTCCTTAGACGG	0	0	0		0	135.5880399	72.70546318	0	131
GTGTAGACAAATGTGCACATATTTGGCCCC	0	2.20176953	0		0	0	48.47030879	0	3
GTGTAGCAAAGTGTGGCGAGGGCAACTGAT	0	0	0		0	3.911193458	48.47030879	0	39
GTGTAGTAATGGAACGTAGTAATGTAAGGA	0	0	0		0	0	48.47030879	0	0
GTGTATTCTTTCTTCTTATCCCTTGCCAAT	0	0	0		0	0	411.9976247	0	207
GTGTCAAAGCTGATCAAGCGGTTTTATATT	0	0	0		0	0	630.1140143	0	9
GTGTCAACCCGTGTAGTAGACCATTCCATA	0	0	43.26700173		0	0	315.0570071	0	296
GTGTCAGATAAGTGGGGTCGGGACGTCGCG	0	0	0		0	0	145.4109264	0	0
GTGTCAGGGCTCGTGAATATTTATTTGGTT	0	0	0		0	0	702.8194774	0	26
GTGTCAGTTTCGGCCTCGTGAGCCCGTTGA	0	0	8.012407727		0	0	169.6460808	0	15
GTGTCCCGGTAATGGCGTGGTACTCTAGTC	0	0	0		0	0	193.8812352	0	740
GTGTCCCTGTTTGTAGTTGTACGGGCTTAG	0	0	0		0	0	48.47030879	0	139
GTGTCCGACGTAGTCTATCATCGCAAATCA	0	0	0		0	0	121.175772	0	623
GTGTCGATATCACGTTATTGCCCCTCAGAT	0	0	0		0	0	48.47030879	0	0
GTGTCGCTTGAGCAGAGGAAAAGGCTCAGA	0	0	0		0	0	24.23515439	0	265
GTGTCTACGCCCAGAGCTGGCGCACTTTTG	0	0	0		0	0	1599.52019	0	4
GTGTCTCGGCCAGTTGTTAACTAAACCTTG	0	13.21061718	0		0	0	0	0	9
GTGTCTCGGGGCGAAGGGGAGCGGGTAGGG	0	0	0		0	0	72.70546318	0	88
GTGTCTCGTACTTGGCTCAAATGGGGTGTG	0	0	0		0	0	218.1163895	0	201
GTGTGAATGGGGGATGTGTCGTTAGCGCGC	0	0	0		0	0	290.8218527	0	527
GTGTGAGCGGTAATTTTAGAGGTGACAGTT	0	0	0		0	3.911193458	484.7030879	0	405
GTGTGATACGCAGGCGACATCATGTCTACT	0	50.64069918	0		0	0	193.8812352	0	708
GTGTGATGTTAAATGTGGGGTGTTTTAGCA	0	0	0		0	0	775.5249406	0	1785
GTGTGCGGGCTAGTATACTCGTTGGTAACA	0	0	0		0	0	48.47030879	0	0
GTGTGCTTAACTGTTGTTTCCGATCGGTGT	0	0	0		0	0	24.23515439	0	0
GTGTGGGTGGATTTAAAAGGGTCTAGAGGT	0	0	0		0	0	48.47030879	0	688
GTGTGGGTTAGGACCGCAGGAGGGGTTGCC	0	0	0		0	0	1042.111639	0	508
GTGTGGTCCTAAGTGGGGTGCTATTACTAG	0	0	0		0	0	630.1140143	0	515
GTGTGGTTTCCACTTGGCTCTCCCTTATAG	0	0	0		0	0	24.23515439	0	52
GTGTGTAATACCATTTACTTTATGGGTCAA	0	0	0		0	14.34104268	0	0	28
GTGTGTGTCAGTGGGACAGACGGGAGGATG	0	0	0		0	0	96.94061758	0	15
GTGTGTTATAATTCCGTTTTATTGCAGCAA	0	0	0		0	0	96.94061758	0	53
GTGTGTTTGAAATACCTCTATATTCGAGGT	0	0	0		0	0	242.3515439	0	14
GTGTTAACCCGATTATCAACTGGTAGACCC	0	0	0		0	0	72.70546318	0	4
GTGTTACTCCACCCGACGCGCGAGCCTTCC	0	0	0		0	0	823.9952494	0	2
GTGTTAGACTACATCACTTCGTATTATCCA	0	0	0		0	0	24.23515439	0	34
GTGTTCAGGTGCCCTGGGCTGATGGGAAAG	0	0	0		0	0	169.6460808	0	109
GTGTTCCAAGAGGATGCTCCGCAGTAATCC	0	0	0		0	0	193.8812352	0	16
GTGTTCGCTAACGCTAAATTTGTCTATTTT	0	0	0		0	0	24.23515439	0	2
GTGTTCGTACTTCAGTTTAGGATTAAACCA	0	0	0		0	0	702.8194774	0	7
GTGTTCTCTTCCTTTATCGGGTTTAATATG	0	0	0		0	0	24.23515439	0	21
GTGTTCTTTTTGTTCGACGCCTGTCTGCCT	0	0	0		0	148.6253514	920.935867	0	402
GTGTTGCAAGTTTTACATGCGTGACCACCA	0	0	0		0	37.80820342	193.8812352	0	271
GTGTTGGCTACGGGGAAGATATGCCGCGTG	0	0	0		0	0	96.94061758	0	18
GTGTTGTCACATATAATTTCAAGATATGTT	0	0	0		0	3.911193458	24.23515439	0	75
GTGTTGTTAGGTAATTGGAAATCGGAAGGG	0	0	0		0	0	24.23515439	0	21
GTGTTTCCAGACACCAAATCCACTGTGCAA	0	0	0		0	0	48.47030879	0	195
GTGTTTGAAACAGAAAGCTCGTTATCGGAC	0	0	0		0	0	121.175772	0	121
GTTAAAAACTCGGCAAATTATGGGGAGGTA	0	0	0		0	0	242.3515439	0	771
GTTAAAATTTTCAGATTTGGATACATCAGG	0	0	0		0	0	24.23515439	0	2
GTTAAACGTCTTCAGGCAAGTGTAGCATGT	0	0	0		0	0	1332.933492	0	1166
GTTAAACGTTATCTGGACATGGCTCGACTT	0	0	0		0	0	1405.638955	0	126
GTTAACACCCTCATAGCGGGTGACTAAGCT	0	0	0		0	0	242.3515439	0	230
GTTAACCGTAAGCGAATCAAAGGCGCTATA	0	0	0		0	0	218.1163895	0	41
GTTAAGACTGGATTTGGGAAATGGACCCTA	0	0	0		0	0	48.47030879	0	0
GTTAAGCCAGCCTCTCACTTATGTGAATGT	0	0	0		0	0	72.70546318	0	3
GTTAAGCTCTAGGCGTAGGATTGGCCTAAT	0	0	0		0	0	24.23515439	0	33
GTTAAGGAAACAAGTAAATGTTGTCTTTTT	0	0	0		0	0	1139.052257	0	176
GTTAAGTGATTTGAGAACTGCAGTCGATAT	0	0	0		0	0	193.8812352	0	0
GTTAATTATCGTCTCTATAATACATTCGCC	0	0	0		0	0	145.4109264	0	87
GTTAATTGTACGCAAGATTGAGATGCCAGT	0	0	0		0	0	24.23515439	0	0
GTTACATGTGTTATTGCTCAAGCGTTTCTA	0	0	0		0	0	339.2921615	0	563
GTTACGAGGAGTCATGTAGCGGGAGTCCCG	0	0	0		0	0	24.23515439	0	7
GTTACGGCCAGGGCAACTCAGCGGGCGGAT	0	0	0		0	0	242.3515439	0	108
GTTACGGTACTTGTAATGCAACGGCAACTC	0	0	0		0	0	266.5866983	0	8
GTTACGTAATGTATAAGGATCTTTGCTTCC	0	0	0		0	0	48.47030879	0	2
GTTACTCAAGTATCATATGCACAAGATCTT	0	0	0		9	0	0	0	4
GTTACTCGTAAAAATCCTGCACAACTCCCC	0	24.21946483	0		0	0	242.3515439	0	63
GTTACTCGTCTCACAGTGGTGTTTTAGGGT	0	26.42123435	0		0	0	0	0	113
GTTACTGGCCGACGTTGAAGTCAGTCGTCT	0	0	0		0	0	72.70546318	0	4
GTTACTTGTGGCTGCCCTGGGGAGCTGGGG	0	11.00884765	0		0	0	0	0	98
GTTACTTTGCGTGTGCGAGGCGTGTGGATT	0	0	0		0	0	96.94061758	0	0
GTTAGGCGCAATGGGGTTTGTGGTGCGGAC	0	0	0		0	0	969.4061758	0	1138
GTTAGGGAGGCCGCCCCGCATCTGGTAGGT	0	273.0194217	0		28	0	460.4679335	0	969
GTTAGGTTGATCGGACTGATAACCATAATA	0	0	0		0	0	121.175772	0	0
GTTAGTCGTAACTAGCTACGGTGGGGCTGG	0	0	0		0	41.71939688	315.0570071	0	153
GTTAGTGAAATGGGGGGTCCACTATACCGC	0	0	0		0	0	145.4109264	0	28
GTTAGTGGAACTTATACCGTTGTACATTTT	0	0	0		0	19.55596729	24.23515439	0	3
GTTAGTTAAAAGCGCATGGCGCAATAGTGT	0	0	0		0	0	242.3515439	0	19
GTTATACATCGTAACCTGATGCGTCCCACT	0	0	0		0	0	48.47030879	0	2
GTTATACGACATAGGTTGCGGTACCTATTC	0	0	0		0	0	72.70546318	0	26
GTTATAGCGTGGGCGTTATCCTGATGGTCG	0	0	0		0	0	557.4085511	0	64
GTTATATCAATTCTGTTATTAACGCGTCTG	0	0	6.409926182		0	0	0	0	0
GTTATATCCGGGAGTGAATTACCCAGCTAA	0	4.403539059	0		0	0	0	0	19
GTTATCGATTCTGGTATGATCCGACGATGT	0	0	0		0	7.822386915	24.23515439	0	8
GTTATCGCCCCAGATTGGTATAATCGTTGA	0	0	0		0	0	24.23515439	0	22
GTTATCGGTTTCACCGCTACTTGTGCTAGT	0	0	0		0	0	315.0570071	0	31
GTTATGAAATATTGAGTTTTACCTTTCGCG	0	0	0		0	0	24.23515439	0	177
GTTATGCTACAGGAGACGAGCCCGCCTTTC	0	0	0		0	0	24.23515439	0	405
GTTATGCTTGCTCCATAGTGCAATGAAATA	0	0	0		0	0	72.70546318	0	7
GTTATGGCGCAAAGACGGACTATGTACATC	0	35.22831247	3.204963091		0	0	24.23515439	0	8
GTTATGGCGGGCCAGGTGGAGGGAGACGTA	0	0	0		0	0	290.8218527	0	227
GTTATGGGTGGATAAGGACAAGCATATCTG	0	0	0		0	0	121.175772	0	0
GTTATGGTCTCTATGACTGGGGATATTCAC	0	0	0		0	7.822386915	0	0	0
GTTATGGTTCAGTTTGGGTCATGCCTTCCA	0	0	0		0	0	193.8812352	0	13
GTTATGTGTTAATTATTCGGTCTTCCGGGA	0	0	0		0	0	48.47030879	0	2
GTTATGTTTAGAGATTCTAGTACTGGACTG	0	0	0		0	0	290.8218527	0	28
GTTATTCACAAAATAGAACAAAAACCGTAA	0	0	0		0	0	72.70546318	0	0
GTTATTCCCTTAAGGCAACCCGCATTTATT	0	0	0		0	0	121.175772	0	4
GTTATTGATAACGCAGGAGGGTGACGGAAT	0	0	0		0	0	169.6460808	0	5
GTTATTGGGTCATTGCTTCTTTTGCCTCAG	0	0	0		0	10.42984922	0	0	8
GTTATTGTGGGACGGCAGGCTCGTGACAGT	0	0	0		0	0	848.2304038	0	0
GTTATTGTTGGATAGTGCGCGCGGCGCGAC	0	0	0		0	0	24.23515439	0	3
GTTATTTCAATAAGATATGGTCTCACTTAC	0	0	0		0	0	72.70546318	0	0
GTTCACAGTGTAATTGCTTCTCGTGGGATG	0	0	0		0	58.66790187	3102.099762	0	969
GTTCACATTTTTCTGGCATATGCACCGTAG	0	0	0		0	0	242.3515439	0	6
GTTCAGGTTTGTCCGGTTTCATCTGCCAAG	0	0	0		0	0	24.23515439	0	11
GTTCAGTAGAAAGATTCAGTATGGCAGAGG	0	0	0		0	0	24.23515439	0	394
GTTCATCGCCCAAGGTGCTCTGTCAGGTCT	0	0	0		0	0	169.6460808	0	2
GTTCATGCGAATTAGTCACGGTCATATGTT	0	0	0		0	0	48.47030879	0	8
GTTCATGTGTTTGTCCAATCTACGTCTTAA	0	46.23716012	0		0	0	848.2304038	0	4
GTTCATTTCATGTACCGTTGCTCCCAGTCG	0	0	0		0	0	218.1163895	0	6
GTTCCAAATGGATCTCATGGGTGATTTCGA	0	0	0		0	0	6664.667458	0	2
GTTCCCAAGGAAGCTAAGCGGAAGTGGATG	0	0	0		0	0	24.23515439	0	2
GTTCCCACACAATCGGGTTAGTCTTTGAGT	0	0	0		0	0	630.1140143	0	45
GTTCCTGTCCCGTCTTTATATGCGATTCGA	0	0	0		0	0	121.175772	0	6
GTTCGATCTGGTGGGTCATTCTATAGAATA	0	0	0		0	0	799.760095	0	15
GTTCGATGTGTGATGCCACAAGCACGTTCC	0	0	0		0	185.1298237	1235.992874	0	983
GTTCGCATCTAAAATGCGGCGTCGTATTTA	0	0	0		0	0	96.94061758	0	7
GTTCGCGGCTATGCCGCCAGCAGGGCCAAA	0	0	0		0	0	24.23515439	0	2
GTTCGCTGTTAGAGGGCTGGATTGGGCCCA	0	0	0		0	0	826443	0	7
GTTCGGACTAAGTATAGTATTGGAGGATAT	0	0	0		0	0	969.4061758	0	248
GTTCGGCTGAGGCACGGTCTTAGTTGAGGG	0	0	0		0	0	48.47030879	0	0
GTTCGGGGGGAATGTGTCTAGGGTGGAGAC	0	0	0		0	0	72.70546318	0	0
GTTCGGGTTTGTTTGTACTCATAACGCACA	0	0	0		0	0	96.94061758	0	46
GTTCGGTCCCATCAAGGATTTGTTCAATGT	0	0	0		0	0	96.94061758	0	78
GTTCGGTGGAGACTGAGCGGGTGTATCGAT	0	0	0		0	0	48.47030879	0	15
GTTCGGTTGCAGTGACGGCCAGGTTCCAGG	0	0	0		0	355.9186047	775.5249406	0	1366
GTTCGTAGTTTCTTTCTATTATAACAGGTC	0	156.3256366	16.02481545		0	0	0	0	201
GTTCGTGAATTAGCGAAGGGGAGGGGCGAC	0	0	0		0	23.46716075	48.47030879	0	20
GTTCGTTGGTTGCGGAAGCTGCCTAAGCGG	0	0	0		0	0	24.23515439	0	2
GTTCGTTGTTATGTCATCCTCGTTGCCGGT	0	0	0		0	0	1114.817102	0	14
GTTCGTTTGGAATGGGTAAAAGCCTCCTTT	0	0	0		0	0	121.175772	0	24
GTTCTATGTTGTATAATTAGTAGTATGCTA	0	0	0		0	0	242.3515439	0	5
GTTCTCTCCTCTACGTGCGTTTGCCAACGT	0	0	0		0	0	193.8812352	0	312
GTTCTGTCGACCTAACTGGTTGACGGCTTG	0	0	0		0	0	96.94061758	0	29
GTTCTTGGGTGTAACGCTTTATTTCGAGGT	0	0	0		4	0	0	0	0
GTTCTTTTGTAACCTGTTGACCCGTTGAAA	0	19.81592577	0		0	426.3200869	363.5273159	0	56
GTTGAACATGGTGTGTCTCTTTACGCTGTG	0	0	0		0	0	72.70546318	0	606
GTTGAACCTAAGTCCTCAATAACTATCGTC	0	0	0		0	0	1623.755344	0	835
GTTGAACGTACTCTACCTGTATGAATTTGC	0	0	0		0	0	72.70546318	0	36
GTTGAAGACGGCGACGTTGGACCGCGCAAT	0	0	0		0	0	24.23515439	0	187
GTTGAAGCTAGCCATTAGGTGGGCACGTGC	0	0	0		0	0	96.94061758	0	178
GTTGAATATCAGTCTTACGTATCATGCGGA	0	0	0		0	0	24.23515439	0	2
GTTGAATCTTCTTCTGATGGATATTAACAG	0	0	0		0	0	436.2327791	0	4
GTTGACTGCCAGTCGCCTGTGGTGGGGAGG	0	0	0		0	0	557.4085511	0	3
GTTGAGAATGGGGGCCTTCTCGTCAGGGTG	0	24.21946483	0		0	0	121.175772	0	37
GTTGAGCGTTTTATTAACAGGGAACATGAC	0	0	0		0	0	460.4679335	0	101
GTTGATAAGTGTGTTATTGATACTCTTACC	0	0	0		0	3.911193458	48.47030879	0	6
GTTGATATCACAGGAGCTATTGTTATGCGG	0	0	0		0	0	363.5273159	0	24
GTTGATCCAAGCCGTATGCAGTCATACCGC	0	0	0		0	0	315.0570071	0	348
GTTGATGGGGCCAGAGGGTGAAAGATGTCG	0	0	0		0	0	72.70546318	0	127
GTTGATGGTCCGCGATTCTCGTGTAAAGTC	0	0	0		212	0	0	0	17
GTTGCAATCCTTTCGCTGTACTCAATTCTA	0	0	0		0	0	48.47030879	0	12
GTTGCAGAATGGGCCGGCGTGGACCGCGTT	0	0	0		0	0	727.0546318	0	44
GTTGCAGGAAAATGCAATTAAGATTGTATT	0	0	0		0	0	9815.23753	0	8
GTTGCAGGAATCACCACAACATTGCGATGA	0	0	0		0	0	193.8812352	0	465
GTTGCATCCCTGCCAGGCACAGATCTCAAG	0	46.23716012	0		0	0	654.3491686	0	1701
GTTGCCACAGGAAGTTGCCCTATTATTGTA	0	0	0		0	0	193.8812352	0	4
GTTGCCGTACCAACCCGCTCAGAACATAGA	0	0	0		0	0	24.23515439	0	2
GTTGCGTGGGTTGTGTTTCGTTTAACCGAT	0	0	0		0	0	557.4085511	0	1946
GTTGCTGGATCGGTATCCTCCATTTCCAAG	0	0	0		0	0	1454.109264	0	76
GTTGGAAAGGGGTGGGGACTGGTCACGGGA	0	0	0		0	0	121.175772	0	29
GTTGGAATTTAACATCGATTGTTGGTTGGG	0	0	0		0	0	9887.942993	0	173
GTTGGAGACTTAAATAGTAATAGATTCTCA	0	0	0		0	0	96.94061758	0	136
GTTGGAGCCTGCCGGAGCGGGAGGCGACGC	0	0	0		0	0	775.5249406	0	27
GTTGGCGGTTTAAGTCTCTTTTATGTTATG	0	0	0		0	0	96.94061758	0	21
GTTGGCTAACATAAGAAATAACAACCGTAA	0	0	0		21	0	72.70546318	0	436
GTTGGCTTGATCTAAGGTCATGTGGCCTGG	0	0	0		0	0	121.175772	0	0
GTTGGGAGCTGCATCGCGGGGGCTGGCGCC	0	0	0		0	0	24.23515439	0	10
GTTGGGTCGGGGCCTATTTGTGGCAGAGGG	0	0	0		0	15.64477383	0	0	92
GTTGGTATGCCTTAACCCCGTGTGTAAAGT	0	0	0		0	0	508.9382423	0	124
GTTGGTCGTTGCGGCGATATCTGCCTTGAG	0	0	0		0	0	24.23515439	0	126
GTTGGTCTGGAGGGTGGGTTGCCACGTCAT	0	0	0		0	0	48.47030879	0	0
GTTGGTTAATTGTACGTTGTGCCAGAACAG	0	0	0		0	0	24.23515439	0	9
GTTGTAATAGGTCTTCAACATGTCGGTTTA	0	0	0		0	0	169.6460808	0	204
GTTGTACACTACTCTGTGTCTACTATAAAC	0	0	3.204963091		0	0	0	0	2
GTTGTACAGACTTAGCGCCGAATGCGTAGG	0	0	0		0	0	24.23515439	0	9
GTTGTACCTTCAGGTCGGAGTATAGTCTCG	0	0	0		0	0	24.23515439	0	2
GTTGTACTAGTAGGCTTCACGCTGTGAAGT	0	0	0		0	0	72.70546318	0	259
GTTGTCCACGGAGGCGGGGCTGGCGACGTC	0	0	0		0	0	4919.736342	0	663
GTTGTCCGGAGTCACTGGGGTTTAGTAATT	0	0	0		0	0	10736.1734	0	10
GTTGTCTTCTCTTTTTGGCACCCCCTGATT	0	0	0		0	15.64477383	169.6460808	0	13
GTTGTGCCCGTCAGAATGTGATGACGGGCC	0	0	0		0	74.3126757	0	0	6
GTTGTGGAAGTGTAGTCAGGTGATGTGGCA	0	0	0		0	53.45297726	0	0	61
GTTGTGTAAATTCCAACTCGTAGTTCATGC	0	0	0		0	0	1769.166271	0	21
GTTGTGTGCGGCGGTGGAGGTGGTGATGCG	0	0	0		0	0	72.70546318	0	7
GTTGTGTGTGGAGAGTGTGCGCCGGGTCGG	0	0	0		0	0	266.5866983	0	58
GTTGTGTTAAAAGTTGATAAATGGCCAATG	0	0	0		0	0	145.4109264	0	9
GTTGTTAGGACTTAGGGAGAGGCGTCAAAT	0	0	0		0	14.34104268	48.47030879	0	82
GTTGTTATTTGTCGTGAGGGCGCTTGCACT	0	0	0		0	0	24.23515439	0	6
GTTGTTGCTGTCCCAGCTCATGGCTGCGTG	0	13.21061718	0		0	0	0	0	23
GTTGTTTTGGTTGTGCTATAAGTGTGTACA	0	0	0		0	0	48.47030879	0	4
GTTTAACGACCATTTGATTCGCTTGGACGC	0	0	0		0	0	145.4109264	0	9
GTTTAATAAGACAGACGTATATTGGTTATG	0	0	0		0	0	315.0570071	0	2575
GTTTACAGCGTTAGTTCTACACAGGTAGTT	0	0	0		0	0	48.47030879	0	21
GTTTACCACGCCTGTGTGGGCGTCCGCTTA	27.46717747	79.26370306	104.1613005		0	0	242.3515439	0	58
GTTTACTCCGCACTGCGGTCTATTGCCCCG	0	0	0		0	1.303731153	0	0	8
GTTTACTCGTCGTTGCACCACGTTGCTACT	0	0	0		0	0	169.6460808	0	3
GTTTACTGTTCTGCGTATTGCGTATTTCTT	0	0	0		0	0	121.175772	0	72
GTTTACTTTGGGCACCCAGGTAGCCTCTCG	0	0	0		0	0	96.94061758	0	11
GTTTAGATTGCTGCACACCTCACATTTAGC	0	0	0		0	0	72.70546318	0	176
GTTTAGGGTAGGATACAGATTTACATATCA	0	0	0		0	0	193.8812352	0	3
GTTTAGGTCTGCGGTTGGTCAGGGGCAGTG	0	0	0		0	0	24.23515439	0	8
GTTTATAGAGGTTTTACATATTTATTGGAT	0	0	0		0	10.42984922	121.175772	0	2
GTTTATGTTAGAGTTCGCGGCACGCGCGTG	0	0	0		0	0	24.23515439	0	31
GTTTATTCGGCACATTTTAACCCCTTATAC	0	0	0		0	0	48.47030879	0	57
GTTTATTTATCTCTGCAAGTGGTCCCACGA	0	8.807078118	0		0	0	48.47030879	0	37
GTTTATTTCCAGTTAAACCATTTTGATCTG	0	0	0		0	0	24.23515439	0	4
GTTTATTTCTGTTACCCTTTGATTACCACT	0	0	0		0	0	266.5866983	0	20
GTTTCAACAGTCTGAAATGCCTCTGTGACT	0	0	0		0	0	169.6460808	0	78
GTTTCAGACAGTAATGAGTTCTTGCAACAT	0	0	0		0	0	1284.463183	0	4
GTTTCCCCTTACGCCGCTAGGGCGAGTTAT	0	0	0		0	0	271288.3183	0	10
GTTTCCCGCTATAGCTTACGAACGCGTGAG	0	0	0		0	0	72.70546318	0	244
GTTTCGTCATTAGGGTTGTAAAAAAACCCA	0	0	0		0	0	24.23515439	0	2
GTTTCGTGTCTATACTAAACAAGGATTCTA	0	0	0		0	65.18655763	169.6460808	0	10
GTTTCTCCTGTACGCGTAATGCACTCAAAA	0	0	0		0	19.55596729	96.94061758	0	4
GTTTGAAATTAGTTCTTTGAGTAATTCAGA	0	277.4229607	17.627297		0	0	242.3515439	0	84
GTTTGCCCATGGGATAATTTTGTCGCACTA	0	0	0		0	0	5864.907363	0	7
GTTTGCTGGTCTCGCCAGTAACATTGTGCG	0	0	0		0	0	24.23515439	0	18
GTTTGCTTTCGGATTTATGTCGGGTGCTTA	0	0	0		0	0	121.175772	0	355
GTTTGGAAAACCTGATAAGTCCAGAAACGT	0	0	0		0	0	1672.225653	0	6
GTTTGGACAATTCAACTTCACGGGTTAAAA	0	0	0		0	41.71939688	169.6460808	0	32
GTTTGGCGGCTGGGGCGCCCAGCGGGGTCG	0	0	0		0	0	315.0570071	0	151
GTTTGGGCGCACCTTCTCCGCGGAGTAGCG	0	0	0		29	147.3216202	24.23515439	0	129
GTTTGGGTCTCTCCCTGTAATGTCAGCACT	0	0	0		0	0	169.6460808	0	28
GTTTGGTCGAAGCTGGTGGCCTTAGACAGC	0	0	0		0	0	315.0570071	0	1423
GTTTGGTCTTTCGAGCGCATGTATGCCAAG	0	0	0		0	0	872.4655582	0	312
GTTTGGTGCATGCGAATTCGTGTAGTCGGA	0	0	0		0	0	799.760095	0	2
GTTTGTCGACTATATTTCAGACCATTTGCT	0	0	0		0	0	72.70546318	0	145
GTTTGTGATTCAGGGTCGTCCTTGAGGTGA	0	0	0		0	2.607462305	0	0	0
GTTTGTGTGGCGTTAGCTAGAGTAAAAGCT	0	0	0		0	0	72.70546318	0	22
GTTTGTTCGTACAGTCCGGAATCTGATATA	0	0	0		0	0	363.5273159	0	25
GTTTTACCTGAACTAAAGCCCGATGGATTC	0	0	0		0	0	24.23515439	0	3
GTTTTACGGGATTCCACCCCGCCATCGCAA	0	0	0		0	0	484.7030879	0	384
GTTTTACTTGTAACGGATTGCCTGGTCGGA	0	0	0		0	0	24.23515439	0	21
GTTTTAGGCTCATTTACGTCAAGTAATGGT	0	0	0		0	0	218.1163895	0	3
GTTTTATCGGTTCAGGCTATGCTTACTAAA	0	0	0		0	0	121.175772	0	138
GTTTTATGTTTGACTAAATGAAGTATAATC	0	4.403539059	8.012407727		0	0	48.47030879	0	42
GTTTTATTTCCATCTTGTCGGTGCCGATTC	0	0	0		0	93.86864298	0	0	26
GTTTTCCCCTTACGCCGCTAGGGCGAGTTA	0	0	0		0	0	1744.931116	0	0
GTTTTCCGAGTCGGGCGTATACAAGCTTCG	0	0	0		0	0	145.4109264	0	58
GTTTTCGGAACACGCGGACGAGCGCGGGAG	0	6.605308589	0		0	0	0	0	0
GTTTTCGTACTCGAGTATACACTGTGGTCG	0	0	0		0	0	72.70546318	0	4
GTTTTCTTAGATTCAGATGCCGCTCATTTT	0	0	0		0	0	678.584323	0	12
GTTTTGCGAAATGCCTCATTGCTTACTAAC	0	0	0		0	0	290.8218527	0	57
GTTTTGGGCATTCGAACGGGTATCGTGAAC	0	0	0		0	0	630.1140143	0	16
GTTTTGTGCTCTGTGTGGGCGAAATTTGGT	0	0	0		0	0	242.3515439	0	8
GTTTTGTTTTAGACAGGGAAGACCAGAGCC	0	0	0		0	11.73358037	24.23515439	0	0
GTTTTTCGCGAGGTGTAAACATTCTGAATT	0	0	0		0	235.9753386	145.4109264	0	55
GTTTTTGAGTCTGTTTAGCAAACTGGAACC	0	0	0		0	0	72.70546318	0	27
GTTTTTGGCTTAATGGCAGGGTCCGTTTGG	0	0	0		0	0	96.94061758	0	4
GTTTTTTCGCGAGGTGTAAACATTCTGAAT	0	0	0		0	26.07462305	0	0	2
GTTTTTTCTGTTCATTTGCGGGTCCAACGA	0	0	0		0	0	48.47030879	0	17
TAAAAAGCAAAAACGTAAATTTCCTCCAGT	0	332.467199	0		0	0	872.4655582	0	12
TAAAAATATCGTCTGGACCCGAAAATTCCT	0	0	0		0	0	72.70546318	0	6
TAAAATACTGTTTGCCACACTATATGTCGT	0	0	0		0	0	727.0546318	0	506
TAAAATGGCTCATGGTCGTCTCAGAATTAT	0	0	0		0	0	48.47030879	0	8
TAAAATGGTACCAGCGAATGTCCGGTCTTG	0	0	0		0	9.126118068	24.23515439	0	6
TAAAATGTAATGCTGGATGGAAGATGCAGT	0	0	8.012407727		0	0	0	0	3
TAAACACCTTCACTATTTGCCAGCCACACT	0	0	0		0	27.3783542	24.23515439	0	9
TAAACACGTGACCCGTCCTATATCGACTTA	0	0	0		0	0	630.1140143	0	83
TAAACACTTGTACATGGGCGATGCGTTAAA	0	0	0		0	0	24.23515439	0	0
TAAACATGTTAGTTATTTTTTAATACTACT	0	0	0		0	0	24.23515439	0	6
TAAACATTATTTGGTGTGCATGAATAAATG	0	0	0		0	0	48.47030879	0	4
TAAACCTAGGCACTTCCACACTTGCGATTG	0	0	0		0	0	339.2921615	0	153
TAAACGACAGGCCGTTTTTCGACGTGCCTG	0	0	0		6	0	0	0	8
TAAACGGAGACTTGTAGAGTAATTATATTA	0	0	0		0	0	145.4109264	0	7
TAAACTAAGGATATGCGTGATGCGGGAAGT	0	0	0		0	0	24.23515439	0	360
TAAACTAGCTCGCGATTGTTATCCGGCGTA	0	0	0		0	39.11193458	0	0	6
TAAACTAGGCCTAGCCACATATATGTGGAC	0	0	0		0	0	24.23515439	0	14
TAAACTTCGGGGGTGCCGTCGAGGGTCAAT	0	0	0		0	0	96.94061758	0	163
TAAACTTTGTTATAGTATTGTGCATGCCGG	0	0	0		0	48.23805265	0	0	2
TAAAGAGTATTCCTCCGTCTCACTCTCTGC	0	0	0		0	0	1575.285036	0	225
TAAAGTATGTTACTCCCAGTACGCGCAGAT	0	24.21946483	0		0	0	48.47030879	0	16
TAAAGTCGCGGGTTATAATAAACTTGGAAT	0	0	0		0	0	145.4109264	0	12
TAAAGTTACAGGTAATTTGCGCCTATTGAT	0	0	0		0	0	1429.874109	0	1562
TAAAGTTTGGTTCGAAACCGGCCAAGGTTT	0	0	0		0	36.50447227	0	0	1931
TAAATAACAATCTCTTTGTTACTATGCGAT	0	0	0		0	0	48.47030879	0	242
TAAATCCAACGTGTATTTGGCTCGCCGTCT	0	0	0		0	0	121.175772	0	0
TAAATCGTGTGACGTGGACACTTGTTGGGT	0	0	0		0	0	48.47030879	0	6
TAAATGAGAATTGGCCTTCATATAATTGTT	0	0	0		11	35.20074112	72.70546318	0	283
TAAATGGGACTTTGATCTGGAGTTTAAATT	0	165.1327147	0		0	0	896.7007126	0	804
TAAATTACACCAATGGGCTTTGTCTGAATA	0	0	0		0	0	4410.7981	0	56
TAAATTCGACCAGGAATCAGGATCACAACA	0	0	0		0	0	218.1163895	0	57
TAACACGCACTAAGATTAACTGGGGGATTT	0	0	0		0	2.607462305	0	0	194
TAACATACATCGCCTTATAACTCAAGCATT	0	0	0		0	0	72.70546318	0	17
TAACATGAAATGATTTAGTATTACACTGAA	0	0	0		0	0	339.2921615	0	48
TAACCAGGACACCGCGATTACCTACGGTTT	0	0	0		0	0	145.4109264	0	67
TAACCGAAAGGTGGTATGGTTTTCGTCTGT	0	0	0		0	13.03731153	0	0	32
TAACCGCAGCGGTCGTTTCGCCTTTGGCTG	0	0	0		0	0	96.94061758	0	0
TAACCGCCTAAACGTTGGAGAATCTGAGCG	0	0	0		0	0	145.4109264	0	0
TAACCGCGATCTAGCTGTGAGTCAAATCGG	0	0	0		0	0	24.23515439	0	2
TAACCTATAGTTCTGAACATTAAACTGGCT	0	0	0		0	0	24.23515439	0	102
TAACCTGTCTTTGGGGCATGCTACGTCTTG	0	6.605308589	0		0	0	9354.769596	0	2365
TAACGAATTGTAGACATCTCGTATGCTTAC	0	0	0		0	136.891771	1696.460808	0	1202
TAACGCTTTGTGCAAGCTTAGTGCCATTCT	0	0	0		0	3.911193458	0	0	44
TAACGTCTGGTCAATAGGGCCATGATTCAG	0	0	0		0	1.303731153	24.23515439	0	5
TAACTATGCGACTGGGGTGACTGGGGGGGT	0	0	0		4	0	0	0	8
TAACTATGTGAATGAACAATGTGTTCTGAT	0	0	0		0	0	24.23515439	0	3
TAACTCAACCTCCGGCTTGTACGTTGTAAT	0	0	0		0	0	96.94061758	0	45
TAACTCTGTGAGGCATATCATTCGTAAATT	0	0	0		0	0	436.2327791	0	238
TAACTGAACCCCGCCAACGGTCTTGTGAGC	0	0	0		0	0	72.70546318	0	5
TAACTGGACATGGTCTAGCGCACCTTACAG	0	0	0		0	0	121.175772	0	155
TAACTGGTCTGTGTCGTGCCCCGAACTACG	0	0	0		0	0	96.94061758	0	120
TAACTTTCGCCCCATATAGCACGCTGAATG	0	0	0		0	0	290.8218527	0	149
TAAGACGAGTCTAAATAACTCAATTGCCAT	0	0	0		0	0	48.47030879	0	2
TAAGATAGAGGAAGAGAGCCTAAGCTAGTC	0	0	0		0	11.73358037	339.2921615	0	182
TAAGATGTGGTTCGGCTAAGCATATATTCA	0	0	0		0	0	363.5273159	0	28
TAAGATTGCATTTTGACATAAAGATCATCA	0	0	0		0	0	290.8218527	0	10
TAAGCACATCGTAGGGTTGACAATATGACT	0	0	0		2	0	0	0	19
TAAGCAGCTGTCCATTAGCAAGCTTCATTT	0	0	0		0	0	72.70546318	0	0
TAAGCAGTTGACTTGGCTCCTAGGTACGGC	0	0	0		0	0	24.23515439	0	407
TAAGCATGTCAGACATTCCTGCACCTCGAT	0	0	0		0	0	484.7030879	0	17
TAAGCATTGACGTAAAGTCTGTTTAACCTC	0	0	0		12	0	0	0	875
TAAGCCAACTCCTCTTAATCACATGGACGT	0	0	0		0	0	218.1163895	0	280
TAAGCCCGGCTCGCGTATGGCTCGGAGAGA	0	0	0		0	0	24.23515439	0	27
TAAGCCGCTTCGAGATTAATATAGATAAAT	0	0	0		0	0	72.70546318	0	822
TAAGCCTGATTAACTCAGTTGCTGCCTCAA	0	0	0		0	0	145.4109264	0	28
TAAGCGAGTCAGTCTTTGGAAGGCGTCCAA	0	0	0		0	0	751.2897862	0	28
TAAGCGGTTTCTGACTCCTCTTCTAGATTC	0	8.807078118	0		0	0	24.23515439	0	0
TAAGCGTCACCGGTCCTCCTGTATGGCGTA	0	0	0		0	0	96.94061758	0	0
TAAGCGTGACAACCACCACTCGTTGACCTC	0	50.64069918	0		0	0	145.4109264	0	0
TAAGCTATAAAATGCAATGATATCTCCGGT	0	0	0		0	0	96.94061758	0	0
TAAGCTTATTCACTTTTGGTTCGCATCACA	0	0	0		0	0	48.47030879	0	2
TAAGGACGCCCGACTGTGAAGATACAACTT	0	0	0		0	0	145.4109264	0	680
TAAGGACTCATGCTGCGAGTATGTCTGTGG	0	0	0		0	0	872.4655582	0	56
TAAGGATAGCCAGGAGGGGTATCTGGCCTA	0	306.0459646	0		0	14.34104268	799.760095	0	806
TAAGGATTTTTCTATTTTTTTATCTGGCTG	0	0	0		0	0	48.47030879	0	0
TAAGGGAGATTGAACTGGTGAGCGGAGTAA	0	11.00884765	0		0	0	460.4679335	0	1078
TAAGGGCTTATCCTCGCAATTTCTTGAGGT	0	0	0		0	0	339.2921615	0	37
TAAGGGGGAGTTGGCGATGGTATGCCTGTG	0	0	0		0	0	484.7030879	0	18
TAAGGGTAAGTCGGGTAGTCCGGGCTGGCG	0	0	0		0	0	48.47030879	0	11
TAAGGGTGCCCCGGGTTCGTATAATGTGGC	0	0	0		0	0	48.47030879	0	18
TAAGGGTGGTAAGTGGACGGTCCATACACT	0	0	9.614889273		0	0	0	0	57
TAAGGTACGTGAGTCATATTTTACTTCGCC	0	0	0		0	0	72.70546318	0	55
TAAGGTGCAAACAGAAACCTTACTGTGCAC	0	96.8778593	0		0	0	727.0546318	0	8
TAAGGTGGAGCAGGTTGGTGCGGCGTGTCG	0	0	0		0	0	24.23515439	0	34
TAAGGTTGCTAGCCTGGTCAAGCAGGCTGT	0	2.20176953	0		0	0	48.47030879	0	10
TAAGTAGGTAGTTGCATTGATGGTGCAACG	0	0	0		0	0	993.6413302	0	1301
TAAGTGACGCCGTCTTTTTTGCCATTGTAT	0	0	0		0	0	242.3515439	0	15
TAAGTGTTTTAATGCTGGGTGTATGTAACG	0	0	0		0	0	48.47030879	0	8
TAAGTTAGCTCACGCGCGCTCACATCGTCA	0	0	0		0	0	945.1710214	0	97
TAAGTTGTAAAGGCTTCGTTTTGGTCACGC	0	0	0		0	0	24.23515439	0	5
TAAGTTTAGAATGGCCTGGAGTCCTAGTCC	0	0	0		0	0	484.7030879	0	607
TAAGTTTATGACAACCCCTTTTGTAATTGA	0	0	0		0	0	24.23515439	0	4
TAAGTTTATGATCATATAGTAGTACCTTCT	0	0	0		0	0	145.4109264	0	33
TAAGTTTGTCCCATGAAGGACCACACAGAG	0	0	20.83226009		0	0	0	0	8
TAATAACTTCAGAGTGCCCAGAATCTAGGA	0	0	0		0	0	169.6460808	0	131
TAATACACGCACCCCATTTCATGACCTGCA	0	0	0		0	0	484.7030879	0	0
TAATACCCGTTGCGATATAACAAGAATCGT	0	0	0		0	0	727.0546318	0	1053
TAATAGGGTAAGGGGACTTGCGGCGGGGTG	0	11.00884765	0		0	0	0	0	11
TAATAGTTTTGTTTCGTTTCCCGCTCGGTA	0	0	0		0	0	387.7624703	0	38
TAATATAAGTAATAATCCTTCGGAACTATA	0	2.20176953	0		0	0	0	0	7
TAATATGTCGCGTGTGTTTTAAAGCTATTC	0	0	0		0	0	48.47030879	0	0
TAATATGTTGCTGATCCCTGCAGTCCCACT	0	0	0		0	0	24.23515439	0	2
TAATCATCCTGTCCCTGTCTGTTGTCAAAT	0	0	0		0	0	96.94061758	0	18
TAATCCAGGTTAGTCACTTGCTTCTGGAGT	0	0	0		0	0	121.175772	0	36
TAATCCGGTGTCTACCATCATAGCAATGCT	0	0	0		0	0	169.6460808	0	76
TAATCGCCGGTACCGCGGCATTACATTCTT	0	0	0		0	0	24.23515439	0	295
TAATCGTATAACTACAATTTACACCTGTTG	0	0	0		0	0	290.8218527	0	528
TAATCTCCTAGAACGGGTGGGGGTTTCAGC	0	0	0		0	0	24.23515439	0	66
TAATCTGTCGAGGACAACAGGTACATAATT	0	15.41238671	0		0	0	872.4655582	0	2088
TAATCTTAATCTACGCAGTTAAGTAAACCG	0	0	0		0	0	678.584323	0	18
TAATGACGTTCGGCTTTTTCGGTGGGACTC	0	0	0		0	0	533.1733967	0	2
TAATGAGCCTCAAAGATTTATTCTACCTAT	0	0	0		0	249.0126501	533.1733967	0	46
TAATGAGCGGTTTAATTGCATTTACTGGCG	0	4.403539059	0		0	0	48.47030879	0	529
TAATGCAATCAGGTCACCAAGCTTACCGAA	0	0	0		0	0	605.8788599	0	12
TAATGCATAACCACCACATCCTATGGGCAC	0	0	0		0	0	24.23515439	0	0
TAATGCATTACCGATAGGTATCGGAAAAGC	0	0	0		0	0	169.6460808	0	15
TAATGTACGCGCATCCGTTTCAGGCCAAGG	0	24.21946483	0		0	0	72.70546318	0	152
TAATGTCAAAGGTAGTCGCAGGTAACTCTG	0	0	0		0	0	24.23515439	0	0
TAATGTGAACTGGACTGGTCGTCGCCAGGG	0	0	0		0	0	242.3515439	0	78
TAATGTTTAAGCTATAGGAAACTGCAAGTT	0	13.21061718	0		0	0	0	0	25
TAATTACGTGAAAGCAATTTACAGTTACGA	0	0	0		0	0	920.935867	0	72
TAATTATAATATTTCTTTTTAAGACGCACC	0	0	0		0	0	1357.168646	0	113
TAATTATGCTTCATAGTGGTTGTACTTGTG	0	0	0		0	0	169.6460808	0	0
TAATTCGTTTTACCTTCTGTTACTCTAGAT	0	0	0		0	39.11193458	96.94061758	0	11
TAATTGATAAGATATGCGCTATCGACAATC	0	0	0		0	10.42984922	0	0	3
TAATTGGATGGGTTTTGCAGGCTTCAGCTA	0	0	0		0	0	96.94061758	0	17
TAATTTACGGCACTTGTAATGCATATAAGG	0	0	0		0	0	96.94061758	0	0
TAATTTCGCGGGCTTGGGAATGTTCACGAA	0	0	0		0	0	193.8812352	0	4
TAATTTCTATGCCTCTAGTTGTATTGGAAG	0	0	0		0	0	1017.876485	0	8
TAATTTCTGTTTGGTTTCGTGTAATTGCCT	0	0	0		0	0	678.584323	0	149
TAATTTGTCATCGTGCGTCTGATAATAATT	0	0	0		60	199.4708663	2835.513064	0	74
TAATTTTATGAACAACCGGGTTTGAAGTAT	0	0	0		0	0	436.2327791	0	311
TACAACCTCACGTGCTGTCTTCCCTATGAA	0	0	0		0	22.16342959	0	0	30
TACAACGTATCCCAGCTTATGTCTTAACGC	0	0	0		0	0	10687.70309	0	2
TACAAGAACACGTGCGCGACACAGGGGGTT	0	0	0		0	0	218.1163895	0	580
TACAAGATAAGTTCGTTTCAGTGCGCCTTT	0	0	0		0	0	315.0570071	0	564
TACAAGCGTGTTGTTATGTGGTGTGAATTT	0	0	0		0	0	24.23515439	0	0
TACAAGCTTGTAAATATTGATTTCTTCAAA	0	0	0		0	0	72.70546318	0	0
TACAAGGCCTTCACTTCCACACGCTCCAAT	0	0	0		0	0	242.3515439	0	2
TACAAGGGAGGAATAAGGGGCAGTGTTGAT	0	0	0		0	0	48.47030879	0	13
TACAAGTTACATTAGTTGGGAACGCGCGGA	0	0	0		0	0	218.1163895	0	10
TACACAGCCGCGATAGGAGGTCATTTGAAC	0	0	0		0	0	266.5866983	0	158
TACACCAACTAGTTTTCCGCCTCGGTTCTG	0	0	0		0	0	145.4109264	0	0
TACACGGGGCGAGGTACAAACGGAATATGG	0	0	0		0	0	48.47030879	0	1589
TACACGTTTATTTCGTCTGCAGGGGTCGAG	0	0	0		0	0	1332.933492	0	1107
TACACTACGTTGGATTACTAAGCAAGCCTA	0	26.42123435	0		0	0	0	0	0
TACACTGGATAAAGGTTTTAGCCTAATCGC	0	0	0		0	0	48.47030879	0	59
TACAGAATATTGGGCATGGTATAAGGGAAT	0	0	0		0	0	678.584323	0	136
TACAGACGCGCGATGAAGGAGTACCATTTG	0	0	0		0	0	993.6413302	0	87
TACAGATCGGATGCTAGGGATTGTATGGCA	0	0	0		0	0	266.5866983	0	112
TACAGCAACTTCGATTCAATCGGGTTTACA	0	0	0		0	0	24.23515439	0	5
TACAGCAATTAATTATTGTGACGATAGCGT	0	0	0		0	0	24.23515439	0	2
TACAGCTATGTCATTAAGGGCGCCCCTGTA	0	0	0		0	0	48.47030879	0	7
TACAGCTGTTGCCCGGGTGGACGAACAGGG	0	0	0		0	0	24.23515439	0	179
TACAGGACAACGATTATATCACCGACTCTG	0	46.23716012	0		0	0	0	0	65
TACAGGCGTTCGGGGACGATGCCTGAGGCT	0	0	0		0	0	72.70546318	0	4
TACATACACCCCGGATAAGTTATAAGGTTA	0	0	0		0	0	2181.163895	0	0
TACATAGTTTCTCGGAGATGATTCTTTTAG	0	2.20176953	0		0	0	0	0	2
TACATATCGCCTGCTACCTTATATGAATAC	0	0	0		0	0	193.8812352	0	39
TACATCGTTACCGGGCGTAATCTGCTACAT	0	0	0		0	0	193.8812352	0	183
TACATGGTATCATGTCAGCTGTTCTGCGGT	0	0	0		0	0	48.47030879	0	24
TACATTCATCTGAGGTTATTTGTCGGATTG	0	0	0		0	0	1284.463183	0	488
TACATTCTGTTTCATGAGGGCGGTGCACAT	0	0	0		0	0	411.9976247	0	85
TACATTTTCTGAGCCACTGGTCTTAACTTT	0	0	0		0	0	24.23515439	0	448
TACCAAATTTGAGGACACGGGTTGTTTGGT	0	0	0		0	0	96.94061758	0	247
TACCAATCATATCATTACCTAATTATCTTC	0	0	0		0	0	24.23515439	0	11
TACCACTGTGGGTGGGTAGAGTGGTTTGGT	0	0	0		0	7.822386915	411.9976247	0	211
TACCAGCTAATACCCTGGCGGTTTGTGCAT	0	0	0		0	0	242.3515439	0	12
TACCATGCGGAGTCGACTGTTTTAAGAAGC	0	59.4477773	0		0	0	0	0	900
TACCATGTAAGTAACGTAATGTCGTCTAAG	0	0	0		0	0	24.23515439	0	6
TACCCAAACTTAGGAAGTGGCATCGACCAT	0	0	0		0	0	48.47030879	0	0
TACCCATCCAGTCTGTAAGTAAGAATGGGT	0	0	0		0	0	48.47030879	0	11
TACCCATCTAGGCATGCACAGCACACGTTT	0	0	1.602481545		0	0	0	0	0
TACCCGGGAGGCATGTCAATGGAGGGGGGC	0	0	0		0	0	48.47030879	0	6
TACCCGTATAGGAATGAACAGCACACGTTT	0	116.6937851	22.43474164		0	0	2084.223278	0	883
TACCCTTGCGTATGCCTGAGGTTTCACATA	0	0	0		0	0	96.94061758	0	4
TACCGAGAGGCCTGGGATACTATTGGCGAC	0	0	0		0	0	96.94061758	0	54
TACCGAGTATGCGTGGTCGCAATCAACGCT	0	0	0		60	0	96.94061758	0	72
TACCGCAGCAATATTACCATTTTACAGATT	0	0	0		0	0	96.94061758	0	61
TACCGCATGGAAGTAAGTGGTGTGCGAATA	0	0	0		0	0	72.70546318	0	403
TACCGGCTACCAGTTATTTGGGGGAATCCA	0	0	0		0	0	72.70546318	0	6
TACCGTAGTCTCGGGGCAAGGTGTAACAGG	0	0	0		0	0	169.6460808	0	2
TACCGTCTCTCAGCAACCAAATTATATATC	0	0	0		0	0	96.94061758	0	9
TACCGTGGACACCACTCGTGGCATCTAACA	0	0	0		36	0	48.47030879	0	41
TACCTACGCAAGTCATCACGCATGTCGTCG	0	57.24600777	0		0	0	0	0	835
TACCTCATTCCATTTAAGTACTTATCGTAT	0	0	0		0	0	460.4679335	0	29
TACCTTATGTACGTAAATTACATACATTCA	0	0	0		0	0	96.94061758	0	9
TACCTTGTGTGCCTGACTTATTCCCATACT	0	0	0		0	0	24.23515439	0	769
TACCTTTGCGGCATCACACAGTTGGGTTTA	0	0	0		0	92.56491183	24.23515439	0	10
TACCTTTTGTGCATAGACCAAGTCTGGGTG	0	0	0		0	123.8544595	1211.75772	0	481
TACGAAGATTAGGTTGAAACTTGGCCATTA	0	0	0		0	0	121.175772	0	200
TACGACTTGGTGCGGGAGCGCCTCGGGCAC	0	0	0		0	0	727.0546318	0	23
TACGATGTTCGATGTTTCGGAACAGACCCG	0	0	0		0	16.94850498	0	0	46
TACGATTATTGTAATGGTTTGCACGGCTTG	0	22.0176953	0		0	0	0	0	13
TACGCAGCACACCACACTCATTTGTTAGGG	0	0	0		0	6.518655763	0	0	0
TACGCCTCCAACCACCGTAGTCCACAGTTA	0	0	0		0	61.27536417	557.4085511	0	14
TACGCGATTAGCTTTGAAGGCCGTGATCTC	0	0	0		0	0	169.6460808	0	0
TACGCGCTGATCCCTAAGCGTGAAAACCCT	0	0	0		0	0	24.23515439	0	0
TACGCTCCTGCGCGGATGGATCGTTGGTTC	0	0	0		0	0	605.8788599	0	1508
TACGGAAATCGGAAATTCGCACATAGTCGT	0	0	0		0	0	1114.817102	0	287
TACGGCAGCACTACGCGCCCAGTCTGCTAC	0	50.64069918	118.5836344		0	0	0	0	1343
TACGGCATGTTATCGTCGTCACTCGACACC	0	59.4477773	0		0	0	557.4085511	0	1302
TACGGCGGATTGGTCTTTGGCCAGTTGTTA	0	0	0		0	0	605.8788599	0	167
TACGGCTTCGAATGTTTAGTTGATGTTCTA	0	0	0		0	0	24.23515439	0	3
TACGGGACGTTTAAGCGACGATGCAAGGAG	0	0	0		0	0	290.8218527	0	6
TACGGTTTTTTCACAACACGCAGACGTAAC	0	0	0		0	7.822386915	0	0	2
TACGTAAACAAACGCAATTCTGTATGGCGT	0	8.807078118	0		0	0	0	0	11
TACGTACGCGTCCATAGACTCCCTCCTTCG	0	0	0		0	0	72.70546318	0	7
TACGTCAAGTCGCCCTGACACTACCGATAC	0	0	0		0	0	23168.8076	0	4
TACGTGGAGCCCGGTGTGGACTGGTACTGT	0	0	0		0	0	121.175772	0	132
TACGTGTGTGTTAATCGAATCTGGCGCATA	0	0	0		0	0	145.4109264	0	2
TACTAAACTCCAGCCAGGGTTCATAGCAAC	0	0	0		0	0	48.47030879	0	12
TACTAATTAGAGCGTATTATATGGATGCTA	0	0	0		0	5.21492461	48.47030879	0	2
TACTAGCAGGTACGGCCTCGGAAGATTTGT	0	0	0		0	13.03731153	0	0	21
TACTAGGGCTTCCGAGAGCATACGGCCGTA	0	0	0		0	0	5331.733967	0	0
TACTAGTCTATGCTGATGACATTGATTGCG	0	0	0		0	0	727.0546318	0	1229
TACTATACCTGTCGAAACACTTCGCACGGG	0	0	0		0	0	24.23515439	0	9
TACTATACTAGTGTAATGATGACCCGGGAC	0	0	0		0	0	339.2921615	0	54
TACTATGAAACGGGTAAGAACGAAATTTGT	0	0	0		0	0	48.47030879	0	10
TACTATTATCTGGTGAACGACTTCATCAGT	0	0	0		0	0	48.47030879	0	3
TACTCCGTTTTCTAGATGAGTTGAACTTCA	0	0	0		0	0	48.47030879	0	8
TACTCCTAGCTATAATTCCACTATTTTACA	0	0	0		0	0	24.23515439	0	256
TACTCGGCGCAATCCCTACAAATCGTACTT	0	0	0		0	0	411.9976247	0	1763
TACTCTGTGAGTCGATGATCAGTGGTCATT	0	0	0		0	0	145.4109264	0	38
TACTGAAAGGCGGCCGAGTAACGTGGGCAA	0	0	0		0	0	48.47030879	0	2
TACTGACGGTGCCGGGTGGGAGTAAATCAT	0	0	0		0	0	290.8218527	0	2
TACTGATAATTCCTGTCGTTATTGTAGCTA	0	0	0		0	0	581.6437055	0	662
TACTGCAGATGAGTAACCGGGACCTTCTGA	0	0	0		0	0	48.47030879	0	0
TACTGCAGCCCTTCTTATCCGTTATAACAG	0	0	0		0	0	1987.28266	0	181
TACTGCCTAAGACACGGGTGCCCCCATAAG	0	0	0		0	0	24.23515439	0	0
TACTGGGGCATACCCACAATATTTATGTAC	0	0	0		0	148.6253514	4435.033254	0	130
TACTGGGTGTGCTCATAGGGTGAGCGCTGC	0	0	0		0	0	48.47030879	0	2
TACTGGTCCGTTGGGAGCTATGCGCTCCGG	0	0	0		0	0	24.23515439	0	12
TACTGTAGGGCGTACGGGAATGTCCATGAG	0	0	0		0	0	24.23515439	0	2
TACTGTCCTTAGTCTCTCTAGATATCTGAG	0	0	0		0	0	24.23515439	0	11
TACTGTCGAGTTGAGGCCACATTTGACAGC	0	0	0		0	0	48.47030879	0	0
TACTGTGAATGTATTTGTCTAAGCGAGGTA	0	0	0		0	39.11193458	0	0	9
TACTGTGTAAGTCGATGTCAAGGTTACGAG	0	0	0		0	0	145.4109264	0	159
TACTTAACACTGATGGGGTCCATGTAGACT	0	0	0		0	0	2447.750594	0	2273
TACTTATTACCTGTCAGCCGTACTACTAGG	0	0	0		0	0	24.23515439	0	5
TACTTCCACTGCCTCATAAATGTTTATTAG	0	0	0		0	0	218.1163895	0	24
TACTTCTAGTCGACAATGGGTTTCGACCTG	0	0	0		0	0	363.5273159	0	99
TACTTCTTGGGACTTAGCACTGCGTAGTTT	0	0	0		0	22.16342959	0	0	60
TACTTTAATAAGTCTGGGCCCTAATTCGGC	0	0	0		0	0	193.8812352	0	307
TACTTTGTCTGGAACGCAACAATATAGGTG	0	61.64954683	0		0	0	0	0	0
TACTTTTGGTCATTTGTACGCCCCGATCCT	0	0	0		0	0	2762.807601	0	193
TAGAAACATCGGGCTTCAAATTGGATCTCG	0	0	0		0	0	218.1163895	0	70
TAGAAACATTCAGTGTGAGGAGGCAGGAGC	0	0	0		0	0	72.70546318	0	1186
TAGAAAGACGCCCACGAGATGGGTTATTTC	0	0	0		0	5.21492461	24.23515439	0	8
TAGAAAGGATCCAGGCACATCATACATTGT	0	0	0		0	0	3150.570071	0	666
TAGAACTTAAGCACGGTTGCTATTCCCTTT	0	0	0		0	9.126118068	48.47030879	0	6
TAGAAGCTGCGTGGTTATTGGATATTGGGC	0	123.2990937	0		0	0	0	0	5
TAGAAGGACGTCTCTTACAACTTAATGGTG	0	0	0		0	0	24.23515439	0	4
TAGAAGTCCCTTTGCAGAGTGTCCTCGAGT	0	0	0		0	0	48.47030879	0	523
TAGAATCACTTCAGTACTATCTCGTGCTTC	0	8.807078118	0		0	0	0	0	24
TAGAATCTTGTGCCGCATTTCATTTGTATC	0	0	0		0	0	193.8812352	0	102
TAGAATGGAAATCGTATTTAATATATCCGC	0	0	0		0	0	72.70546318	0	0
TAGACACAGTGAACGCAGTTCGTTACAAAC	0	0	0		0	0	315.0570071	0	13
TAGACATGCTCAACTTACCGGAGACTTCGG	0	0	0		0	0	24.23515439	0	240
TAGACCGTCTACGTCATAGTACACATTTAT	0	0	0		0	0	581.6437055	0	24
TAGACCTTGATTGAATAACCGTTTTAACTA	0	0	51.27940946		0	0	0	0	1275
TAGACGTAGGGGAGGCCTTCAGGCTCACTG	0	0	0		0	0	533.1733967	0	30
TAGACGTCTCAATCATTTTTGAATCTGATT	0	0	0		0	0	823.9952494	0	27
TAGACGTTTTAGGGACTCAAAGACATTGCA	0	0	0		0	0	169.6460808	0	26
TAGACTTTGAGGGGTGTGTCGTTCATACAG	0	0	0		0	0	557.4085511	0	404
TAGAGGGCTCAGTACGTACATTACCCAGGG	0	0	0		0	0	169.6460808	0	6
TAGAGGGGTCGATAACCGTTTCGGGGCAAT	0	0	0		0	5.21492461	48.47030879	0	198
TAGAGGTCGACAGCGAAGGCTTGTGGTCTG	0	0	0		0	0	1429.874109	0	412
TAGAGTGAGCACCCGTTTAGAAGTCCTGGC	0	0	0		0	0	72.70546318	0	73
TAGAGTTATATGCGCGTACCGGTTCTAAGC	0	0	0		0	0	218.1163895	0	23
TAGATAGAAGTAAGGTATGCGTCCTCCGTA	0	0	0		0	168.1813187	0	0	75
TAGATATAGAAAATTACTATTTGAACAAGT	0	0	0		0	0	1454.109264	0	53
TAGATGATTCCAATGCAAGTGGGGTATAGC	0	0	0		0	0	993.6413302	0	44
TAGATGGGGGGTTGCTTGAGGGGCTGTGGG	0	0	0		0	74.3126757	4435.033254	0	81
TAGATTATCCGTTGGATATGGCTAATCAAA	0	41.83362106	0		0	0	169.6460808	0	126
TAGATTTTGAAGTGTATTTATTGGTGGGAA	0	0	0		0	0	48.47030879	0	11
TAGCAAGCCTCCTCTCGTTAAGAGGCGGCG	0	0	0		0	1.303731153	72.70546318	0	3
TAGCAAGGTGCCTGCAGGGTTACCGACGAT	0	0	0		0	0	24.23515439	0	5
TAGCACCCGTTTTACACTGCAATCACTTCT	0	0	0		0	0	48.47030879	0	11
TAGCACTATAATTTTAAACTAGTCAAGCCA	0	0	0		0	0	48.47030879	0	185
TAGCATATAACGTGGGAATCAGTTTCGGGC	0	0	0		0	0	48.47030879	0	793
TAGCATGAGCTTATCATCACATTAGCACAC	0	0	0		0	0	48.47030879	0	100
TAGCCAGGCAAGCTAATATGGGTAATTGGA	0	0	0		0	0	48.47030879	0	6
TAGCCATTTACCCCGCTAACTTGGATATTA	0	0	0		0	0	1090.581948	0	42
TAGCCCGTGGTGGGACCACGGTTAGCAACC	0	0	0		0	14.34104268	24.23515439	0	34
TAGCCCTCGTAATATATTCTAATTGGATTT	0	0	0		0	0	24.23515439	0	71
TAGCCGCCTGCGGCGCGTCCGGATACGGGG	0	0	0		0	0	24.23515439	0	4
TAGCCTAAGTCTCAAGGTAGTGCTCTGTTG	0	0	0		0	0	121.175772	0	6
TAGCCTGTGCTCGGCGTAACCAATGGCGGT	0	0	0		0	0	72.70546318	0	22
TAGCGAAGCGACCGATAGCTTGGTCGTACC	0	0	0		0	0	24.23515439	0	8
TAGCGAGATGATTCATCTTCGTGGCACGAT	0	0	0		0	0	72.70546318	0	4
TAGCGAGGCTCGGGATATTGGATGTAAGGT	0	0	0		0	0	145.4109264	0	467
TAGCGCGCTCCTGACGAAAAATAATGCCAG	0	0	0		0	0	460.4679335	0	227
TAGCGCGTGAGGGGCTACGTTTTGCAGAAA	0	0	0		0	0	121.175772	0	11
TAGCGCTGCAATATGGTTATACTATGCCTC	0	0	0		0	0	436.2327791	0	12
TAGCGCTGCTTCAATCTGTAGGGCAGCAGA	0	0	0		0	0	266.5866983	0	94
TAGCGGAAGCGGGGCTCAGTGTGCTGGGTT	8.451439221	15.41238671	9.614889273		0	0	0	0	188
TAGCGGGGTTGTGTCCTCCTTACTTGGACC	0	0	0		0	0	48.47030879	0	0
TAGCGGTCAGTCAAACACGTCGTGAGGCTT	0	0	0		0	0	48.47030879	0	0
TAGCGGTGATAAATAAGAAGCCCTATGGCG	0	6.605308589	0		0	0	387.7624703	0	54
TAGCTAACAGTTCAGAAATGGCCTCGCTAT	0	0	0		0	0	315.0570071	0	4
TAGCTAACTATGCACAGGCTTCGTTTAGGT	0	0	0		0	0	1187.522565	0	5
TAGCTAAGTGTGGTTTTAGCTACGAGATAC	0	0	0		0	0	1308.698337	0	317
TAGCTAATGCCAGATGGGGTGAACTTGGAT	0	0	0		0	0	24.23515439	0	0
TAGCTAGTTGAGGTTATTGATGCATAAGAA	0	0	0		0	182.5223614	508.9382423	0	529
TAGCTATTGCTGTGTTAGTTCGCTTAGCAA	0	0	0		0	0	121.175772	0	11
TAGCTCGAGGGCCTGCAGGCACACCTCTAC	0	0	0		0	0	48.47030879	0	22
TAGCTCTTCAGTCATATGGGGGAAGAAACT	0	0	0		0	0	24.23515439	0	0
TAGCTGACACGGTTGTTTTCAAGATCTGAA	0	0	0		0	0	605.8788599	0	654
TAGCTGATCGTTGCTGGGGTATAGTAGATC	0	0	0		0	7.822386915	145.4109264	0	30
TAGCTGTACTGACCGCTTCAACCTAGACCG	0	0	0		0	0	24.23515439	0	0
TAGCTGTGGTTCGGGCGTTCGCAAGCGCGG	0	0	0		0	0	145.4109264	0	2
TAGCTTAATCCGTATAATAGAATTCATTCT	0	0	0		0	5.21492461	24.23515439	0	5
TAGCTTAATTTGTCATCACTCGATGTGCGC	0	0	0		0	0	72.70546318	0	461
TAGCTTTTCCTAGGCGCATGCATGGATGCC	0	0	0		0	0	48.47030879	0	7
TAGGAAAGCAAAATATCCGGTCTGGATGCA	0	0	0		0	0	533.1733967	0	44
TAGGAACTAATCTCATCGCGGGAAACGCGC	0	0	0		0	0	121.175772	0	313
TAGGAAGAGCTTCTGCGGTGAATCGCGGTA	0	0	0		0	0	48.47030879	0	152
TAGGAATACCGATACGTGCGTTCTCTTATA	0	0	0		0	0	24.23515439	0	0
TAGGAATGAGTAGCCTTTGTGCTAAGGGCC	0	0	0		0	190.3447483	242.3515439	0	1123
TAGGAGAGCTAGTGCCCGGGGTGACACGAT	0	0	0		0	0	24.23515439	0	7
TAGGAGGACATAGAGGGACGATACTTTTAA	0	0	0		0	0	72.70546318	0	5
TAGGATAGTGCCATGCACGGTCGGGCTAAT	0	169.5362538	0		0	0	48.47030879	0	794
TAGGATAGTGTGGATTCTTCATACTGGACG	0	0	0		0	0	121.175772	0	70
TAGGATTGGGGCGGCGGAGGCATGGTACAG	0	26.42123435	0		0	0	0	0	621
TAGGCAACCTGTTTCTGGGGTTCGTAGGGA	0	0	0		0	0	24.23515439	0	8
TAGGCAGCGATGGTCACAATAGTGGGACGA	0	0	0		0	0	242.3515439	0	74
TAGGCAGGGGAGCCCCCTGGACTGTCGCAC	0	0	0		0	31.28954766	0	0	3
TAGGCCTACCCGAACGTATTTCGCCTATCG	0	0	0		0	0	96.94061758	0	39
TAGGCGAAGAGAGACGCTTCTTTGTGCACT	0	0	0		0	0	48.47030879	0	3
TAGGCGATTTGCCCCCCTCGTCAGTCATGG	0	0	0		0	1.303731153	0	0	0
TAGGCGATTTGCCCCCTCGTCAGTCATGGC	0	0	0		0	89.95744953	1284.463183	0	861
TAGGCGGGACGGACCATACCTGAATCATGG	0	0	0		0	0	72.70546318	0	9
TAGGCGTGCGTCAGGAAGGGGGGAGATGGG	0	0	0		0	0	654.3491686	0	164
TAGGCTGAGCTCATTTGAGAGCTGTCGCTG	0	0	0		0	0	48.47030879	0	0
TAGGGAATGACTGAAACCCTGGTGGCCAGC	0	0	0		0	0	24.23515439	0	13
TAGGGACCGTGATGTCAGAAATATAAAATC	0	0	0		0	0	48.47030879	0	0
TAGGGACGTCTATCTTGGCTGACAGAACAT	0	0	0		0	0	24.23515439	0	265
TAGGGATCATGGGATTGAGGATCTTATCCT	0	0	0		0	0	96.94061758	0	221
TAGGGCATGTTGCATGTTGGGTTTAACAAC	0	0	0		0	0	72.70546318	0	78
TAGGGCCATGATCGACTAGGTGTATGCGGT	0	0	0		0	0	411.9976247	0	555
TAGGGCGAAGGTCTTAGGGAACTCGGGTCG	0	0	0		0	0	3271.745843	0	550
TAGGGCGCCGCTTCCGGTGTATGTTTGTAT	0	0	0		0	0	3489.862233	0	0
TAGGGGACAGGGAGGGCGACGGGGGTGGGG	0	8.807078118	0		0	0	48.47030879	0	48
TAGGGGGGAGGGACGGTGCAGGCGCAGGAG	0	0	0		0	1.303731153	48.47030879	0	12
TAGGGGTCCGAGTGTGGCATGCATGCTATG	0	0	0		0	0	48.47030879	0	34
TAGGGTAAGCGCTGGGTCCAGGTCGCGGGT	0	0	0		0	0	121.175772	0	2
TAGGGTTACCTCCATCCCGTTCGGAGGTGA	0	0	0		0	0	24.23515439	0	31
TAGGGTTCCATAGTTCCATAGTGTAACAAC	0	0	0		0	0	1647.990499	0	323
TAGGTAGGTCTTCGGAAAGGAGTCTAGGGA	0	0	0		0	1.303731153	0	0	6
TAGGTCAAGATCGAGTGGGGAAGGACTGGG	0	0	0		0	0	48.47030879	0	48
TAGGTCCACCTTTGCGAAGGCGCGTCGTTC	0	0	0		0	13.03731153	96.94061758	0	0
TAGGTCCGGGTTTTCTCTGTCTGCGGGTCC	0	0	0		0	1.303731153	0	0	0
TAGGTCGGCGCATTCATTACTTCCCTTCCC	0	0	0		0	0	24.23515439	0	28
TAGGTGGATTCTCCAGTTGTCTTGTATATC	0	0	0		0	0	920.935867	0	319
TAGGTTCAGATTCGCGACATTCTCCCCGTT	0	0	0		0	0	145.4109264	0	5
TAGGTTTTCTGATGCGCTACATCGGCTAAT	0	0	0		0	0	24.23515439	0	0
TAGTACATCTGCCAATCATCCGCCGAGTGG	0	0	0		0	0	24.23515439	0	18
TAGTACTGTAGCCGTGTTAGGTGGAGGTTG	0	0	0		0	0	533.1733967	0	23
TAGTAGAGGACCTTACCATCCGAAAATTTT	0	0	0		0	0	169.6460808	0	616
TAGTAGCCGCGTCTACACGTATCAACACTG	0	15.41238671	0		0	0	24.23515439	0	5
TAGTAGGACTGACCGAGAGCCCTGCCTTCA	0	0	0		0	0	72.70546318	0	350
TAGTATATAGTCCCTCCTCCTAGTTCCATT	0	0	0		0	0	24.23515439	0	4
TAGTATCCAGACCACTGTACTTCTTCTGCG	0	0	0		3	80.83133146	0	0	0
TAGTATCGGTCGGAAGTAGGCTGGGTTCAC	0	0	0		0	0	24.23515439	0	10
TAGTATTATAAATCTAGCAGTTTGATAGGT	0	6.605308589	0		0	0	0	0	2
TAGTCACAGCTCGGCACAAGTACGAAGGGA	0	0	0		0	0	121.175772	0	265
TAGTCGACAAGCACTATTAGTCGTAGAGAA	0	0	0		0	0	48.47030879	0	10
TAGTCGCGGAGCTCGGGCTTGTTCCGAAGT	0	0	0		0	0	121.175772	0	1052
TAGTCTACTCGAGGCTTGGCAGACTTAGGG	0	0	0		0	0	24.23515439	0	62
TAGTCTCCTAGCGTATCTTATTACGTCAAT	0	0	0		0	0	96.94061758	0	12
TAGTGAGGGGTGAAACATGTGTCTCGCTAA	0	0	0		0	0	169.6460808	0	9
TAGTGATAGGCTCCCTTCAAAATTTAGGGT	0	0	0		0	32.59327881	0	0	4
TAGTGCGTCTGGACTGCAGCATGGATTCGT	0	0	0		0	0	121.175772	0	38
TAGTGGTGGCATTCACTCATCTATAGGCGC	0	0	0		0	0	969.4061758	0	102
TAGTGTACAGAAGGTTTTCTTATTATTACC	0	0	0		0	9.126118068	72.70546318	0	335
TAGTGTAGCCCTACCTTAAGTTGGGGACGG	0	0	0		0	0	121.175772	0	2
TAGTGTGTAGCATCACTGCTATTAAAACGT	0	0	0		0	0	145.4109264	0	43
TAGTGTTCAAGATTACATAGGGCCACCGAT	0	0	0		0	0	1478.344418	0	1192
TAGTTAAACAATTTAATATTAACTGGGAGA	0	0	0		0	0	678.584323	0	58
TAGTTAAGATTTTTGTGCAGTTATGATATA	0	0	0		0	0	48.47030879	0	0
TAGTTAATCAAGTTGTATCTATTTCGTAAG	0	0	0		0	0	193.8812352	0	2320
TAGTTACATCCCAAACCTATTGCTCTAGGT	0	0	0		0	0	24.23515439	0	67
TAGTTACGTGTAAAAAATTGGGCTGGTCTT	0	0	0		0	0	508.9382423	0	60
TAGTTAGAGGCCCGAACGTTTCGGGGTGGA	0	0	0		0	0	24.23515439	0	26
TAGTTAGCAAGGCAGATGTCAGTCGGGGCG	0	0	0		0	0	72.70546318	0	808
TAGTTATGCCCGCCGATCTTCTGTATACTC	0	0	0		0	0	121.175772	0	6
TAGTTCCTATATCCAAGTTTCATGAGTCAC	0	0	0		0	0	193.8812352	0	29
TAGTTCTAGTTATAGTCATGTCTCGAAGCT	0	0	0		10	0	24.23515439	0	25
TAGTTGTGATGGACGACGCGGAATATATGA	0	0	0		0	0	48.47030879	0	6
TAGTTTCCCGCTTAAGGTCGTTGGCCGCTG	0	0	0		0	0	48.47030879	0	25
TAGTTTCTTTATCGAGCTACGTCCCCTGAG	0	11.00884765	0		0	0	0	0	2
TAGTTTGCTGTTAGGGTCTTAGTAGATTTA	0	0	0		0	44.32685919	290.8218527	0	70
TAGTTTGTCAGCAGTTTGATCGGGACGCTG	71.83723338	68.25485542	44.86948327		0	0	290.8218527	0	115
TAGTTTTGCAGAGATCTTTCCTTTTTACAG	0	0	0		0	0	242.3515439	0	231
TATAAAAATTGTATATCATTCCCATTTCGG	0	0	0		0	0	24.23515439	0	27
TATAAACCTCGTCACCAGGGTAATTTCAGA	0	0	0		0	0	193.8812352	0	7
TATAACTCTTCAAGCGGGTTATTTCACTGT	0	0	0		0	0	96.94061758	0	63
TATAAGCCTCAAGATCAACTAATGTGGGGT	0	0	0		0	0	0	0	5
TATAAGGAAGATAAGATCGGGCGGCTACGT	0	0	0		0	0	24.23515439	0	2
TATAATTACAATGCTATGATAGAGGGCTTT	0	0	0		0	0	48.47030879	0	6
TATAATTGGTTCTCTATTGTCCAGGCGCGT	0	0	0		0	0	48.47030879	0	0
TATAATTTGAGATGTATTTAGACTTATCTT	0	0	0		0	0	48.47030879	0	19
TATACAAGCCCTGATGCCTTGATAGCACAC	0	0	0		0	32.59327881	24.23515439	0	8
TATACAATAGCCGGGTACGTATTTTATTCG	0	0	0		0	0	24.23515439	0	7
TATACACAGACTCGCTCTATTAATTCCTGC	0	0	0		0	0	48.47030879	0	13
TATACACTCCAGGAGCTTTCACCGGACACG	0	0	0		0	0	24.23515439	0	3
TATACATATTATGACCAAATTTTTTGATTA	0	0	0		0	0	72.70546318	0	10
TATACATCTGTGATGATTGAGTGCTGGGTG	0	0	0		0	0	169.6460808	0	34
TATACCCTTAAGGGGTATTTCGGTCCACAC	0	0	0		0	0	218.1163895	0	18
TATACCGTTAAATGTTGATTTCCTCTCCTG	0	0	0		0	0	24.23515439	0	5
TATACCTTTATTACACACCGCAGTCACACA	0	8.807078118	0		0	0	24.23515439	0	16
TATACGGTTCGACGTCGTTTGACGCGACTT	0	0	0		0	0	72.70546318	0	3
TATACTAAGGTTCGGGTTTCTGATCCGGGG	0	0	0		0	0	145.4109264	0	88
TATACTACAGTTCATCCGTTGGGTTTGAAG	0	0	0		0	0	24.23515439	0	9
TATACTGTGGGGTATATTATGTATGTTAGA	0	0	0		0	5.21492461	0	0	2
TATACTGTTAAGATTCATACGATCAAAGCC	0	0	0		0	0	48.47030879	0	6
TATAGAAAGAGGTGTCTTTTGTTTACACTC	0	0	0		0	0	24.23515439	0	3
TATAGAAGTTAGGCCGTTGCACCTGCGGCA	0	0	0		0	0	2132.693587	0	28
TATAGATTTATTTCGACATCAAGGGTTAGT	0	0	0		0	0	96.94061758	0	16
TATAGCGGGAATGCGTTTCTCGTGTGAGCA	0	464.5733707	0		0	0	1284.463183	0	2668
TATAGCTCACGACTTACGTCTTCTCTTCAG	0	0	0		0	0	436.2327791	0	4
TATAGGGCGTCGGGGAGGCCGCTAGCGCCT	0	816.8564955	81.72655882		0	0	169.6460808	0	51
TATAGGTCGTATAGACGTGGATCGCCGAAT	0	0	0		0	93.86864298	121.175772	0	6
TATAGTACTTTGTCTGCCAGCACTCAAATT	0	0	0		0	0	315.0570071	0	21
TATAGTGGGCCAACGGTCAGCCTTCCGTAA	0	0	0		0	0	1526.814727	0	49
TATAGTTCTTTACCATCAGCTTCGCGGCTG	0	0	0		0	10.42984922	24.23515439	0	6
TATATACGAATTTTATTAATGCCGATCTAA	0	0	0		0	0	48.47030879	0	57
TATATATTTGTCCGCTGTCTGGTATGTCCG	0	0	0		0	0	24.23515439	0	9
TATATCAGTAGTGAACCGTAGTCGGAGTAC	0	0	0		0	0	48.47030879	0	2
TATATCCCGATCTACGATTTAGTGCCGATT	0	0	0		0	0	48.47030879	0	8
TATATCGAGGGTCAAAGATCGTACATTCAT	0	0	0		0	0	533.1733967	0	19
TATATCTCGTTTATATGATACGTTGCTTTT	0	0	0		0	0	48.47030879	0	2
TATATGAACGCCTAAACCGCTACGAATATG	0	0	0		0	6.518655763	24.23515439	0	9
TATATTATCATCATCTTCCCCAAAGCACAT	0	0	0		0	0	48.47030879	0	412
TATATTGATTGGCCCGCTGAGTGTTCTGTG	0	0	0		0	0	24.23515439	0	7
TATATTGCTGTACGGGAACTTTGGGAAGAC	0	0	0		0	0	24.23515439	0	2
TATCAAAGGGATTTGTGTCGGTGTAGGCAC	0	0	0		0	6.518655763	0	0	2
TATCAATACCTTATCACGACTGCGAGAATG	0	0	0		0	0	48.47030879	0	26
TATCAATGTCAGTTGTAAACCCGTATTTGC	0	0	0		0	0	24.23515439	0	3
TATCACATGTATGAGAATCCTCCAAAAAGA	0	0	0		0	0	242.3515439	0	22
TATCACTAGTACCACGATGGTGACAGTGAT	0	0	0		0	0	266.5866983	0	10
TATCACTTTGCAGCTCTGAGGCTAAAAATA	0	0	0		0	0	24.23515439	0	8
TATCAGATCTCATGCTTTATATATGTAATT	0	0	0		0	0	193.8812352	0	219
TATCAGCGAGGTGAGGGTCATCGTGCACAA	0	0	0		0	0	218.1163895	0	2513
TATCAGGGCGACCGTTGCAGGTATTAACGT	0	0	0		0	0	24.23515439	0	22
TATCAGTGTTTGCCCTCATCGGATATCGGT	0	0	0		0	0	266.5866983	0	189
TATCATTTTGCTTACTGCTGACGTATGCAT	0	0	0		0	0	1720.695962	0	1849
TATCCATGTGCGTACTCAACAGGTGCCTTA	0	0	0		0	0	24.23515439	0	5
TATCCGAACTGAATGATGATTTAGCATCGT	0	0	0		0	0	1042.111639	0	1805
TATCCGGTCTGTGCCTCTTAGAATGAGAGA	0	0	0		0	0	24.23515439	0	3
TATCCTCTGATATAAAGTTAGGAGGTCAGA	0	0	0		0	0	72.70546318	0	14
TATCCTCTTGGTCGAGTATTCAGTAGTGAT	0	0	0		0	0	121.175772	0	8
TATCCTGTTTACCACGTGGCCCCAGTTCTA	0	0	0		0	57.36417071	363.5273159	0	12
TATCGAACTAATTGGGTCAATAAAGGCAGT	0	0	0		0	0	363.5273159	0	52
TATCGAAGGTTGTTGAATAATAAGAGCATG	0	0	0		0	0	96.94061758	0	20
TATCGATGCGCGTGCAGGGCATAGACTAAG	0	2.20176953	0		0	0	0	0	0
TATCGGAATACGTCGGACCCTACGTAAGTT	0	0	0		0	0	169.6460808	0	322
TATCGGACAACATCATCTTTATGCAAATCC	0	0	0		21	182.5223614	727.0546318	0	2492
TATCGGGGTCTTTCGGACTCGTGGACTGCG	0	0	0		0	0	24.23515439	0	46
TATCGGTCTTTTCAAATCCCGCCTTTTCTG	0	0	0		0	0	96.94061758	0	15
TATCGTCCGCTAAAGCCCGGTCTAGATAGG	0	0	0		0	0	24.23515439	0	52
TATCGTCTAACATTTCAGACTTCAACATCT	0	0	0		0	0	121.175772	0	428
TATCGTGACTTGGTTGGTCTTGGTTCGGAT	0	0	0		0	0	72.70546318	0	101
TATCGTGGCCGACGGGTAGGATTGCCAAGA	0	0	0		0	0	24.23515439	0	8
TATCGTTAACACGCTCGCACACTCCTGGGG	0	0	0		0	0	169.6460808	0	57
TATCTAAGGGGGTTCTTTTCCAGGCTAGAT	0	0	0		0	0	727.0546318	0	19
TATCTCGGGCGATGTGTGAGAGCAACATCT	0	0	0		0	28.68208536	12359.92874	0	1276
TATCTGACCGCCTAACCCGCTACGAATATG	0	0	0		0	1.303731153	0	0	0
TATCTGCCTCAGCTCTTCTACCGCCTTGCA	0	0	0		0	0	339.2921615	0	506
TATCTGTATAGCCTTGTAGATAGAAGTAGT	0	0	0		0	0	1090.581948	0	2
TATCTTCAGGACACTGACAAGTACCTGAGC	0	0	0		0	0	145.4109264	0	4
TATCTTTGTAATTGTTTCGGTAAGATGCTG	0	0	0		0	22.16342959	0	0	8
TATCTTTGTTACACTGTGGGCTCCTACTAA	0	0	0		0	0	96.94061758	0	8
TATGAACTTTAACGGCATGCGGGCTGGTGT	0	0	0		0	0	169.6460808	0	109
TATGAAGGAATATACATCGTTAGTCGAAAT	0	0	0		0	27.3783542	0	0	3
TATGACGCACAATTGTCCCGACTATTGGTT	0	0	0		0	18.25223614	193.8812352	0	276
TATGACGCGATCGAAAGATATAGAGTGCGG	0	0	0		0	0	193.8812352	0	42
TATGAGCTAAGATCATGCCAGTGCATCGCA	0	0	0		0	0	290.8218527	0	41
TATGAGCTAGTATTTCCTAAGATTATCCGG	0	90.27255071	0		0	0	315.0570071	0	320
TATGAGGACTTTTGTCCGGACCTAAAACGA	0	0	0		0	0	121.175772	0	2
TATGATATATACTCCTTCTTACTTTTCTTG	0	0	0		0	0	72.70546318	0	9
TATGATGGTTGGTGAAGGCTGGGCTAAGGA	0	0	0		0	0	24.23515439	0	8
TATGCAGCTCAGGTGGAGGTTGATTGGCGC	0	0	0		0	0	1454.109264	0	126
TATGCCACGATTGCTGCATGAACATCTCAG	0	0	52.881891		0	0	2690.102138	0	298
TATGCCAGCGTCTATCTTCTAAGTCTCGCC	0	0	3.204963091		0	7.822386915	48.47030879	0	8
TATGCCCCGATGGGAATACGTTAGCGCACT	0	0	0		0	0	24.23515439	0	5
TATGCTGTCGTCGGCGGCACCGATAGGGAG	0	0	0		0	0	24.23515439	0	63
TATGGAGGGTCTGACGCGCTAGTTCTCCCT	0	0	0		0	0	24.23515439	0	5
TATGGATGAGAGTGAAGGGCATAGACTAAG	0	17.61415624	0		0	0	339.2921615	0	312
TATGGCAGGTGCTTCGGTCCAGTAATACGG	0	0	0		0	0	242.3515439	0	670
TATGGCCCATTAGTTCGGGGGTGCCGTACA	0	0	0		0	0	411.9976247	0	338
TATGGCGCGCCCTTGGGGGGGCGGGCTAAA	0	0	0		0	0	121.175772	0	305
TATGGTACCTGCAACACACCGCACTCGTAA	0	0	0		0	0	11584.4038	0	0
TATGGTCTGGACAGTATTGGCCTCTCCAAG	0	0	0		0	0	242.3515439	0	9
TATGGTGTCACATCTGGTCTGCAGTGTTTT	0	0	0		0	0	920.935867	0	764
TATGGTGTCGTATTTTAAGCTACGTCTTTT	0	0	0		0	0	145.4109264	0	18
TATGGTTTGTATTCCGCAAAAAGCACACAT	0	0	0		0	0	145.4109264	0	28
TATGTAAGACTCGAGATTATCTAGTCTATC	0	0	0		0	0	1866.106888	0	1687
TATGTCGTCACCTGGCATCCCTCAAGAGCG	0	0	0		0	0	96.94061758	0	0
TATGTCTATTTTAGTACTTATCCGGGATAG	0	0	0		0	0	72.70546318	0	10
TATGTCTCTGAGCCCCTATCCGCCAAGAGC	0	33.02654294	0		0	0	1211.75772	0	245
TATGTCTCTTCTACCTTGTCATCGGAGCCG	0	0	0		0	0	218.1163895	0	24
TATGTGCAACTCATTTCGTCTTGTAACTGG	0	0	0		0	0	24.23515439	0	7
TATGTTATTTTTTCGTTTACCGTAGACATG	0	0	0		0	0	460.4679335	0	97
TATGTTCGTATAATTGGGCGGATCTATGGT	0	0	0		0	0	96.94061758	0	39
TATGTTGATTGCAGGGATTCTTATATTTAA	0	0	0		0	0	72.70546318	0	0
TATGTTGCCTTCGCTGCACGCGTCTGCAGA	0	0	0		0	0	218.1163895	0	70
TATGTTGTCTGCTCTAACAATTTTGTGTTG	0	0	0		0	0	24.23515439	0	9
TATTAAGCCCGGTTTAAACGAGGACGAGGC	0	0	0		0	2.607462305	48.47030879	0	3
TATTAATAGTAAGGTGCCTCATCGAGCTTC	0	0	0		0	0	48.47030879	0	261
TATTACCGAGCTTAAGCTACAGCTCGCCTT	0	0	0		0	0	72.70546318	0	15
TATTACCTAGAAGTTATTACCAGTGGACCA	0	0	0		0	0	48.47030879	0	3
TATTACTAGAGTACAGACGGTCTCTGGGGA	0	0	0		0	0	169.6460808	0	75
TATTAGACGGAGTCGAGCTAAATGTTTGGT	0	0	0		0	0	48.47030879	0	802
TATTAGAGCTTTTATCGCGAGCATGGGGCG	0	0	0		0	0	290.8218527	0	101
TATTAGCCTTTTCTTTTACCGAAATAGCCA	0	0	0		0	0	145.4109264	0	5
TATTAGCGTCGTCGCATCGAAAGGCGCATA	0	0	0		0	0	72.70546318	0	6
TATTAGGGATCCCATATCAGGTTTCATATA	0	0	0		0	0	1260.228029	0	54
TATTAGTATGGTTAGTGGGTAGGATCATTT	0	0	0		0	0	315.0570071	0	812
TATTAGTTTGTCTAATCATCTTCCCCACGA	0	0	0		0	22.16342959	0	0	15
TATTATAGTTTCGTGCGAGGGTCCGGTTTG	0	0	0		0	0	24.23515439	0	5
TATTATTAACCGCAAGTCAGGCAGCACGTT	0	0	0		0	160.3589318	0	0	25
TATTATTTTTCGCGTCTGGGTATTCAGCCA	0	0	0		0	0	242.3515439	0	296
TATTCAAATCCCTCAAATATGTTTGAGCCG	0	0	0		0	0	72.70546318	0	2
TATTCAATCATGCCGGCATCATAAAACACT	0	0	0		0	0	290.8218527	0	44
TATTCACGTCGAGTACGCCATGGAAGAAAC	0	0	0		0	0	266.5866983	0	35
TATTCAGCATACACCAATAAACTGACCCAT	0	0	20.83226009		0	0	72.70546318	0	71
TATTCCCAAGGCTGGGGTTGTCTGTGGGAC	0	0	0		0	104.2984922	0	0	9
TATTCCGATGACCCCTGATAGCAATCCGAT	0	0	0		13	0	266.5866983	0	412
TATTCCGCGCGGAGAACTCCAGATACCTAA	0	0	0		0	0	48.47030879	0	5
TATTCCGGGGTTTCGTGCGTGGTTTTGTGC	0	0	0		0	0	24.23515439	0	11
TATTCGAACTTCCGGGAGGATATCAATTTA	0	0	0		0	0	1139.052257	0	88
TATTGACTCAAGGGCATTGTTCGTTTCATG	0	0	0		0	0	72.70546318	0	36
TATTGACTTCTGGTGCTGTCAGGAAAACTG	0	0	0		0	0	72.70546318	0	190
TATTGAGCTGCGTCAGTCATCCATCGTGCT	0	0	0		0	0	169.6460808	0	10
TATTGATGCCAACGTGTCCTTCGAGAGCCT	0	0	0		0	18.25223614	0	0	0
TATTGCGCTTTAGGTAGAGATTATCCCTCT	0	0	0		0	0	1066.346793	0	70
TATTGGACTGCGCGCGAAATGTGGGTACTT	0	2.20176953	0		0	0	0	0	123
TATTGGCACCTTTGGGCTTGACTCTTTACT	0	0	0		0	0	48.47030879	0	98
TATTGGGCAACTAGGGTACTAGTTTTGCTA	0	0	0		0	0	24.23515439	0	78
TATTGGTTCGAACTCCTTGCCGTGGGGTTA	0	0	9.614889273		0	0	0	0	148
TATTGTCTACCTTCGTTTCAATTTTCTAGC	0	0	0		0	0	727.0546318	0	13
TATTGTGTGGTTTTGGCGTGCGTCATGGGT	0	0	0		0	0	266.5866983	0	318
TATTGTGTTTACGTTGCAGTTAGTCACGTA	0	0	0		0	0	169.6460808	0	21
TATTTAAAGCAACGAGTATGGTAGACATCT	0	0	0		0	3.911193458	0	0	0
TATTTACCACTGCAGCTACTACTACGGTTC	0	0	0		0	0	581.6437055	0	0
TATTTAGCAGGTTAGTCGTTCTTTACTGTA	0	0	0		0	0	24.23515439	0	7
TATTTATCATCATTAGAATCTGCTCTACTA	0	0	0		0	0	315.0570071	0	50
TATTTGATAATCTGAGAGGAGTTCTTGACG	0	0	0		0	0	145.4109264	0	355
TATTTGCGTATATCTGTGAGCTATCTAAGT	0	0	0		0	0	24.23515439	0	179
TATTTTCCGGGGAAGGCTGCGGCAGGGATA	0	0	0		0	0	72.70546318	0	59
TATTTTGAGGCGTACTTTCAATCCGCTGGC	0	0	0		0	0	48.47030879	0	4
TATTTTGTATATCGCAATTTTTGACTTCCG	0	0	0		0	0	339.2921615	0	133
TATTTTTGAGGTTGCGGGTTGAGAAATTCC	0	0	0		0	0	121.175772	0	6
TCAAACAAAATGAATATGAGGTAACTGTAA	0	0	0		0	0	3005.159145	0	45
TCAAATGTATGTGTTTTCCGCTTAAGGGCT	0	0	0		0	16.94850498	0	0	0
TCAAATTTCCATAATGGTCAACATGTACAG	0	0	0		0	0	121.175772	0	62
TCAACACTGCCCGGGTTTCCGTCCACTTTA	0	0	0		0	0	823.9952494	0	6
TCAACAGTTCAGTGCAGGGCGGTAAGAATA	0	0	0		0	0	24.23515439	0	3
TCAACATCCGATACTGGCAGATATGAGCGA	0	0	0		0	0	24.23515439	0	21
TCAACCAGCTCCTCCATTTACGGGTGCAGA	0	0	0		0	0	24.23515439	0	11
TCAACCGAAGTATGTTCGTGCCATCCCGTG	0	0	0		0	0	145.4109264	0	626
TCAACCTGCTTTACTGGGGGGTTTGAGGGA	0	0	0		0	0	24.23515439	0	35
TCAACCTGTCGTTGTTTTTACGTTGTGTGT	0	0	0		0	0	48.47030879	0	181
TCAACGACTAGGGGGTCAGATCATTTTGCA	0	0	0		0	0	2084.223278	0	86
TCAACGTCAGGATTAGTTTCATCTTACCAT	0	0	0		0	0	1744.931116	0	936
TCAACTCGAGTTCGGTCGTCTACGTGCAGT	0	0	0		0	0	654.3491686	0	830
TCAACTCTGCATTTGAGGGCAAGGCTGGTT	0	77.06193353	25.63970473		0	0	169.6460808	0	500
TCAAGACAGCTCACATGTTGTGACTTTGGC	0	0	0		0	0	48.47030879	0	0
TCAAGCCCGATAGGGCTTTACCTGAATGCT	0	0	0		0	0	193.8812352	0	50
TCAAGCTCAAGGACGGTCCGGATTGAGGTT	0	0	0		0	0	266.5866983	0	98
TCAAGGTGGACGAGAGGCATGGGGCGTTCA	0	0	0		0	0	72.70546318	0	14
TCAAGTGTCATGACGGGTGGGTAGGTCGCG	0	8.807078118	16.02481545		0	0	0	0	18
TCAATAAAATAATCAGCGTGGTTCCTCGCG	0	0	0		0	65.18655763	0	0	14
TCAATAATACAGGATATTAATACACTGGCA	0	0	0		0	0	727.0546318	0	23
TCAATACATTTTTATACACCTGGATCGCGG	0	0	0		0	0	218.1163895	0	0
TCAATACGAGGTGGGAACTAGTGGGGAGGC	0	0	0		47	0	315.0570071	0	362
TCAATACGTTTTTAATATCACGAAGATAGT	0	0	0		0	53.45297726	96.94061758	0	5
TCAATCATTCACTGCTCCAGAGATTTAAAA	0	0	0		0	0	24.23515439	0	439
TCAATCCATACGTTGGGCCGTATAGTGACC	0	0	0		0	0	24.23515439	0	57
TCAATCCTTCCAGGCCGTTTTGCTTTAGAC	0	0	0		0	0	169.6460808	0	11
TCAATCGGGAGCCCGCCCGTGTGAGTAGAC	0	0	0		0	0	48.47030879	0	48
TCAATCGTTAATAGTTCAGTAAATCGTGGG	0	0	0		0	0	72.70546318	0	4
TCAATGGCTGTCGACCAACGGCTTGTTTTA	0	0	0		0	0	145.4109264	0	0
TCAATTGGAGTAGCCTCGGGATATTGATGC	0	0	0		0	0	145.4109264	0	5
TCACAATAACTATTGGTTACCGCCATGTGG	33.80575689	39.63185153	0		0	0	436.2327791	0	50
TCACAATTAATATTGGGGTCATATGTTAGT	0	0	0		0	0	24.23515439	0	38
TCACACGCAGATCGGGGTTAAACATTCAGG	0	0	0		0	0	24.23515439	0	10
TCACACGTTCTACCAAGGTCACGGGCATAT	35.91861669	0	11.21737082		0	0	96.94061758	0	156
TCACATAACGGGTAGTATAAATGCCGCGAG	0	0	0		0	0	193.8812352	0	21
TCACCCGCGTCTCAGGGTCACAGTGAAGCG	0	0	0		0	0	96.94061758	0	13
TCACCCTCCTTATACTCTCTTCGCTATTCG	0	0	0		0	0	363.5273159	0	11
TCACCGTTTGAGCGTGAATTGTACCAGGTT	0	171.7380233	0		0	0	0	0	19
TCACCTAGGCTGATTACAGCCTATACCTTT	0	0	0		0	0	557.4085511	0	37
TCACCTCAACCTACGGAGGCTCACAAGTTG	0	0	0		0	6.518655763	339.2921615	0	0
TCACCTCGCTAGGTTCGATCATTAGTACTG	0	0	0		0	0	169.6460808	0	14
TCACCTTTACTCAAGAGTTGAATCGGATCA	0	0	0		0	0	993.6413302	0	520
TCACGAGATGGAGTGCTAGGTTAATGCGTT	0	0	0		0	0	96.94061758	0	2
TCACGATTATTATTCAGAACTAACGGTTTA	0	0	0		0	129.0693841	0	0	4
TCACGGACAAGCAAGTTGTGGTCTTCCCAT	0	0	0		0	0	96.94061758	0	6
TCACGGGATTGCTTCTTACTTAACTTTCGG	0	0	0		0	0	72.70546318	0	4
TCACGGTGTTCTAAGATGTGCTTCTAGAGG	0	0	0		15	36.50447227	24.23515439	0	7
TCACGTCACTATGTTTATTATACTAGTAGT	0	0	0		0	0	72.70546318	0	4
TCACTACCCGGAAAATGTTTGATTTTTGCG	0	0	0		0	0	48.47030879	0	9
TCACTAGTCATAATGCCTGAGTTCATTTTC	0	11.00884765	0		0	0	0	0	3
TCACTATGTCTCGTCATTATGGTCGAACCA	0	0	0		0	0	24.23515439	0	3
TCACTCGTCAACTACTTCAATGATTGCTAT	0	0	0		0	0	169.6460808	0	93
TCACTCTGATCGGAATATCCGCTGATGGGG	0	0	0		0	0	24.23515439	0	7
TCACTGTGTAAATCTGTCTGATTACTCCGT	0	0	0		0	0	24.23515439	0	104
TCACTTAACTCTCCTTTTAGCACAGTTATA	0	0	0		0	0	24.23515439	0	2
TCACTTACTTGAACTTACCAGGGTAGTTAG	0	0	0		0	0	218.1163895	0	25
TCACTTATTCTAATTTCCCGAATCCTCCTC	0	0	0		0	0	702.8194774	0	203
TCACTTCGTAGCCCACATCTTCCCGAGGTC	0	0	0		0	0	96.94061758	0	2
TCACTTTTATATTTAAAACTCCACTCGGTG	0	0	0		0	23.46716075	193.8812352	0	39
TCAGAAATAAGAGCTATGGCCTGCTATTTG	0	0	0		0	0	96.94061758	0	5
TCAGACTATGACGGATCGGTTTGCTGCGAG	0	0	0		0	0	48.47030879	0	6
TCAGAGCTACAAACATTTCGATTAGCACTA	0	0	0		0	0	96.94061758	0	184
TCAGAGCTGCCGACGGCCCAAGACGTCTTG	0	0	0		0	0	24.23515439	0	2
TCAGAGGTCTTTAGTATACGGTAACATCAG	0	0	0		0	0	24.23515439	0	8
TCAGATATCTTATACTTTAAAGTGTACAAT	0	0	0		0	0	24.23515439	0	3
TCAGATGAGGTGAACGGACGCCTCCACGAC	0	0	0		0	0	1235.992874	0	20
TCAGCAAACCCGTGGACATCCCATAACGAT	0	0	0		0	0	121.175772	0	15
TCAGCACGGTAATTCGGAGCCGATTTTTGA	0	0	0		0	0	460.4679335	0	211
TCAGCAGATTCGGGGTGTGTTTCGGACGGT	0	0	0		0	0	193.8812352	0	75
TCAGCAGTACCTCTTTTGGCATATATCACA	0	0	0		0	0	266.5866983	0	8
TCAGCCCCCTATCTTTCCTTGAACCCTTAG	0	0	0		0	0	24.23515439	0	300
TCAGCGACGTGGGAGAATTGATCTGTTGAT	0	0	0		0	9.126118068	24.23515439	0	169
TCAGCGGGAGGTTTAACGATTGTACTTAAT	0	0	0		0	33.89700997	1308.698337	0	28
TCAGCGGGAGTAACCCTGGCTTATGCGAGC	0	0	0		0	0	72.70546318	0	23
TCAGCTTTTCGGGCAGGGTTCGTGTGTTCA	0	0	0		0	0	218.1163895	0	294
TCAGGACGTCGGGGCGTTTCAGAGAGCTCG	0	0	0		0	0	48.47030879	0	0
TCAGGAGGTCTCTTAACATCTTAGCTATGT	0	0	0		0	0	145.4109264	0	61
TCAGGCATTGCACGGGTGCGCATTGTCCAT	0	0	0		0	0	3732.213777	0	229
TCAGGCCAGGCCATCAAGGACGGGGGAGTG	0	0	0		0	0	411.9976247	0	874
TCAGGGAAGACGTACGTATTCACACCCACT	0	0	0		0	0	872.4655582	0	122
TCAGGGCGAGGTCGTCGGGACGCCAGCTGG	0	0	0		0	0	145.4109264	0	163
TCAGGGGAGGGTCTTGGATGTGAAGGGTTC	0	0	0		0	0	896.7007126	0	137
TCAGGGTCTCTACATACGTGGGGCTCATGG	0	0	0		0	0	24.23515439	0	0
TCAGGTCTTCATGCACACTAATATCGGGAA	0	0	0		0	0	24.23515439	0	180
TCAGTAATACGAGTGCTTAACGGCTGGGGT	0	0	0		0	0	2811.27791	0	1035
TCAGTAGTGCGGTTCCTGTTGTCGCTGGTA	0	0	0		0	0	24.23515439	0	234
TCAGTATTGTTATTCGCATGAAGTTTCCTC	0	0	0		21	14.34104268	24.23515439	0	20
TCAGTCTATCCCCGTCTGAGGATTATTCGT	0	0	0		0	23.46716075	96.94061758	0	26
TCAGTGTTGTTTGTGCTTATCAGAAGTGTG	0	0	0		0	0	72.70546318	0	654
TCAGTGTTTTTCAAACAAGCTGTATTATAG	0	0	0		0	0	48.47030879	0	120
TCAGTTAATTTTCTGTCTTGATAGTGGCAT	0	0	0		0	0	96.94061758	0	0
TCAGTTAGGTGATCACTTTTTTGTAACATT	0	0	0		0	0	72.70546318	0	11
TCAGTTTGAAAGATGCGGCTGAAGTAAAGC	0	0	0		0	0	145.4109264	0	3
TCATAATTCGCGTGCATCTCTCTTATGCTG	0	0	0		0	0	218.1163895	0	703
TCATAATTCTAGGCCGACGGTCATCACGTA	0	0	0		0	0	24.23515439	0	0
TCATACTGAACGCCATGACGACCTTCCAGA	0	0	0		0	0	145.4109264	0	25
TCATACTGACTGTTGCTTTAATTTGTAACT	0	0	0		0	0	193.8812352	0	55
TCATACTTCTTTGTTAGGTAAATTTTCACT	0	0	0		0	0	24.23515439	0	2
TCATAGGTTTACAGGGTTGATACGTAGGGG	0	0	0		0	0	48.47030879	0	20
TCATATGGCCCAGGGGCGTATTACCTCATC	0	0	0		0	0	48.47030879	0	12
TCATCAATGTCACTAGCGAGTCCATGGTTG	0	0	0		0	0	48.47030879	0	58
TCATCAGCCGCTTCGGGTACTCTTGAGCAT	0	0	0		0	0	121.175772	0	6
TCATCAGTGATTAATTGTCAGTTAAGTAGA	0	255.4052654	0		0	0	920.935867	0	967
TCATCAGTTTAGCGCTTGTTGGGTCAGTAT	0	0	0		0	0	460.4679335	0	3
TCATCCCCATTAACTTGCCTTTAATTGTTG	0	0	0		0	0	48.47030879	0	83
TCATCCTTATTTAGGTGCATTACATACGTG	0	0	0		0	0	218.1163895	0	105
TCATCGAGCGTAGTTATTACATTTTTCACA	0	0	0		0	0	581.6437055	0	17
TCATCGAGGCATCGGGCGTGTTGCCCGTTC	0	0	0		0	0	193.8812352	0	45
TCATCGGCGGGTGCACTAAGGGGATCATAG	0	0	0		0	3.911193458	24.23515439	0	20
TCATCTCCGCGGCAGTCGACCTTCTCCCAC	0	0	0		0	0	48.47030879	0	19
TCATCTCGACAACGCTGTCGTTAATAGCGT	0	0	0		0	0	436.2327791	0	237
TCATCTGAAGACGTCGAGACTTCTCAAACT	0	41.83362106	0		0	0	0	0	4
TCATCTTCCGCCGACTTAAGTATCTTCGTG	0	0	0		0	0	896.7007126	0	121
TCATGACGTTTTGTTCGCAAAAGTGCTTGT	0	0	0		0	0	145.4109264	0	103
TCATGAGGGCGCGATTGAACTCATGCATAC	0	0	0		0	16.94850498	96.94061758	0	1056
TCATGCGGTAGGCTATGCTTTGGATCACCC	0	0	0		0	0	48.47030879	0	1665
TCATGGTATAAGTAGGTCTAGTCGGTGACA	31.69289708	19.81592577	9.614889273		0	0	387.7624703	0	9
TCATGGTGACACCATGGTGCATGCTACAAG	0	0	0		0	0	24.23515439	0	12
TCATGTCGGACAAGTTACGTTACATTGTAT	0	0	0		0	0	72.70546318	0	11
TCATGTGGACATTGTGGAAAGGAGCCTAGT	0	0	0		4	0	0	0	13
TCATTACATTTGTGTTTAGTTGGCAGAGCA	0	0	0		0	0	605.8788599	0	702
TCATTACGAACGATACCAGTCTTTACTGCC	0	33.02654294	0		0	0	387.7624703	0	14
TCATTCCTGATTTTTCGATCGACTACAGTT	0	0	0		0	27.3783542	218.1163895	0	9
TCATTCTGGATGCCTTAACATCTACCTATT	0	0	0		0	0	920.935867	0	14
TCATTCTTACATGTACTGTTTTCTCGTGCC	14.79001864	26.42123435	6.409926182		0	0	24.23515439	0	9
TCATTGAAGATATTTTTGTTTTAATTCAGG	0	0	0		0	0	24.23515439	0	8
TCATTGAATTGGGGTCTCATCAATGTGATT	0	0	0		0	0	24.23515439	0	62
TCATTGAGCGGGTGGGTATGTCTCAGCTCG	0	0	0		0	0	193.8812352	0	3
TCATTGATGATTCGTTTTTCCTCACGCGTT	0	0	0		0	0	3732.213777	0	87
TCATTGCTGTTTGGATAGATGTGCCATTAA	0	0	0		0	0	169.6460808	0	147
TCATTGTATTGGGCGCAATTACCGCGGGTG	0	0	0		0	0	24.23515439	0	5
TCATTTACCATTTGTATGTGTGGGTGGATT	8.451439221	193.7557186	0		0	16.94850498	0	0	50
TCATTTAGTTTTACATGAGGTTATTTTACT	0	0	0		0	0	48.47030879	0	2
TCATTTGACGCTGCGCATCTTGCCAGACAA	0	0	0		0	0	387.7624703	0	149
TCATTTTCATCGATGAACTTTGAGAGTATG	0	0	0		0	0	145.4109264	0	16
TCATTTTCTATACGATTGCTTCCAATTAAT	0	19.81592577	0		0	0	411.9976247	0	111
TCATTTTGCTTACTGGCTTGTGTGTCGGGT	0	0	0		0	0	72.70546318	0	796
TCCAAAAGTTCACTTCCTTATGCCCAGCAT	0	0	0		0	0	218.1163895	0	250
TCCAAACGTACGCGGTTATGGGCGAGCTTC	0	0	0		0	0	121.175772	0	38
TCCAAATGTCGTGCGGGTATATGTGACGTA	0	0	0		0	0	242.3515439	0	1234
TCCAAGGTTCAATTACGTCCGTGTTCAATT	0	715.5750971	0		0	0	630.1140143	0	2037
TCCAAGTTGCTCTCGGCCGAGAAAGATGGT	0	0	0		0	0	193.8812352	0	47
TCCAATCTGGCTTTGGTAGTTAATAATTTT	0	0	0		0	0	4725.855107	0	2
TCCAATGCTGGTTGGAAGAATCTTCGACTA	0	0	0		0	0	145.4109264	0	41
TCCAATTTGCATTGACTTCTACTTCACCAA	0	0	0		0	0	48.47030879	0	3
TCCACAGATAGCCTGGGTGGGCGTTGATAT	0	0	0		0	0	121.175772	0	10
TCCACCATAATGATGGTCTTTTGCCCAACC	0	0	0		0	22.16342959	24.23515439	0	22
TCCACCGCACTAGGGTGCAGACTGCAACCT	0	0	0		0	0	654.3491686	0	10
TCCACGGCGTATGCACGAAGAATTCTGATT	0	0	0		0	0	169.6460808	0	437
TCCACTCTAGTCTTGGAACATCAGACGGTC	0	0	0		0	0	24.23515439	0	32
TCCAGCTGGCGCAAGCTGGTTCTGTTACTC	0	0	0		0	0	605.8788599	0	868
TCCAGGCAACCAATATTTCTTAAGGCACGT	0	0	0		0	320.7178635	775.5249406	0	416
TCCAGGCATGTTACGAACGGGGCCTTCGGG	0	0	0		0	0	24.23515439	0	3
TCCAGGCGAGACACTATCCGCAATTGACCA	0	0	0		0	0	24.23515439	0	1092
TCCAGGGAATCTACCGGCGTACTCGGCTAT	0	0	0		0	19.55596729	218.1163895	0	52
TCCAGGTGGCTGTAGATAGGCCAGTTTGAT	0	0	0		0	0	315.0570071	0	1467
TCCAGTCGGGCATGCTTTATCTGACCTATT	0	0	0		0	0	24.23515439	0	3
TCCAGTGGGGTCTTATGTCACTGCGGATTT	0	0	0		0	0	218.1163895	0	97
TCCATAGTGATTTCGTGGGCCTAGGACAAT	0	0	0		0	0	24.23515439	0	3
TCCATCCTGTGCTTTATCATTCGAGGTAAT	0	0	0		0	0	121.175772	0	956
TCCATGATGGAGGATCTGCGTTCATATATC	0	39.63185153	16.02481545		0	0	145.4109264	0	26
TCCATTGCTCGTTCGCAATAGACATCGGGG	0	0	0		0	0	121.175772	0	6
TCCCAATCATCGCGGTGTGCGTTAATCCGT	0	0	0		0	28.68208536	48.47030879	0	2
TCCCACCGTAAAGTTTTCCAATCGCTCAGG	0	0	0		0	0	48.47030879	0	11
TCCCAGTCTTCGCTAACGCCTCAATCTATC	0	0	0		0	0	24.23515439	0	5
TCCCATAGACCGTGGCTTATCATCTTCTTG	0	0	0		0	33.89700997	121.175772	0	55
TCCCATTAGTCTTCTACCTGATTTTCACTA	0	0	0		0	0	1647.990499	0	34
TCCCCAATAGGGGACCTTTGCCCCAATGTG	0	0	0		0	0	48.47030879	0	0
TCCCCAATGTGCGCGAGTGTGAATTATTAG	0	0	0		0	0	48.47030879	0	24
TCCCCCAACACCGCTGTAGCTGCTGCGAGC	0	0	0		0	0	96.94061758	0	237
TCCCCGGATGCGCACGTGCATCACAATCCA	0	0	0		0	0	24.23515439	0	11
TCCCGATTAACATGATAACCACGCCAGACA	0	0	0		0	0	24.23515439	0	3
TCCCGCTGTGTTATGGGGAATATGGCTAGG	0	0	0		0	0	72.70546318	0	147
TCCCGGGCAACGAGTGTTATGTTTGGCTCT	0	0	0		0	0	630.1140143	0	850
TCCCGGGCAACGAGTGTTATGTTTTGGCTC	0	0	0		0	0	48.47030879	0	0
TCCCGGGCTAAACTAACTCGTGGGCGATGT	0	0	0		0	122.5507283	48.47030879	0	2
TCCCGGTAGATAACGTACGTTTGTCACCAG	0	0	0		0	0	48.47030879	0	4
TCCCTAATGGCCAATGTAGTGAAGTGGGCT	0	0	0		0	0	193.8812352	0	43
TCCCTAGCTTAATGCAACTCAAAAAGCAGC	0	0	0		0	0	24.23515439	0	18
TCCCTCCGCTGCGTCATAACGCGCGCGAAT	0	0	0		0	0	72.70546318	0	34
TCCCTCGCAAAGATGTGGGAGGCGAGATGA	0	0	0		0	32.59327881	0	0	9
TCCCTCGTGAGGGGCGGAGGGGTATGAGTA	0	0	0		0	18.25223614	0	0	15
TCCCTCTAGGATGGCGTGTTCCGTGACACC	0	0	0		0	0	920.935867	0	6
TCCCTCTTGCCAAGTGCTGAGCCATTATTA	0	0	0		0	6.518655763	0	0	2
TCCCTCTTTGTCGGACGTTTACCTCCCATT	0	0	0		0	0	242.3515439	0	6
TCCCTGCGCGTGTCGGGTAGCCGGTAGGTG	0	0	0		0	0	72.70546318	0	186
TCCCTGTATGGTCTGCGCAATCAAGCCAAC	0	0	0		0	0	1235.992874	0	2108
TCCCTTACTCCCAAATTCTAAGTTTCTTTA	0	0	0		0	0	557.4085511	0	6
TCCCTTGTAATGCGCCAAGGTAAGTGCCAC	0	0	0		0	0	24.23515439	0	23
TCCCTTTGTTTGCTGTAGACTTCGATTATT	0	0	0		0	0	702.8194774	0	78
TCCGAAACTGTTTGGGCGTGAAACGGTAGC	0	0	0		0	0	24.23515439	0	7
TCCGAACTCGATCGATGGTTAGCGACTCAT	0	0	0		0	0	7270.546318	0	1134
TCCGACGCTGTAGCGGCACGGTTGTTGGTG	0	0	0		0	33.89700997	96.94061758	0	0
TCCGAGTTAAGCCGAACATTTCGGATGTTT	0	0	0		0	0	678.584323	0	3
TCCGATAACGCCCCATCCCAGTACGGACCA	0	30.82477341	0		0	0	0	0	0
TCCGCAACCTGCTGTGCGTCGTAGGGGGTG	0	0	0		0	0	484.7030879	0	902
TCCGCACACATACAACGTTATCCACGGTGA	0	0	0		0	0	24.23515439	0	16
TCCGCAGGACCCATTGTGAGGGAAGCCTAA	0	0	0		0	0	848.2304038	0	372
TCCGCCAAACTCATTGGATAGACTATAGTA	0	0	0		0	0	72.70546318	0	3
TCCGCGGAAAGTGGGAAAGGTACCTCAATT	0	0	0		0	0	24.23515439	0	41
TCCGCTGAAGTCTAGCCCGAGGCATTTATA	0	0	0		0	0	751.2897862	0	46
TCCGGAAATTCTCGCTTCTTATGTTCCATG	0	0	0		0	0	72.70546318	0	8
TCCGGAACGTCAGCTACTAGCGTAAACAAA	0	0	0		0	0	24.23515439	0	3
TCCGGACCTTGTTTATATTTGCCTCTAAAA	0	0	0		0	0	24.23515439	0	3
TCCGGACGTCAAGTTCATTTACCACTTGGT	0	0	0		0	0	436.2327791	0	953
TCCGGCCTGAATGGTAAGGTGGTGGCTCCG	0	0	0		0	0	24.23515439	0	20
TCCGGCGGGGTGTTAAGGCGCGGGAAGGGT	0	0	0		0	0	290.8218527	0	12
TCCGGGGGCGTTGAGGCATGTGGCGTAGTC	0	0	0		0	0	48.47030879	0	0
TCCGGGGTAGGATATCCAAGGACTGATTGC	0	0	1.602481545		0	0	0	0	2
TCCGGGTGATCGGGGCCTAGCTTATGGTCG	0	0	0		0	0	24.23515439	0	57
TCCGGTTGAGCGTGGAGTGGTATACAATTT	0	0	0		0	0	48.47030879	0	1085
TCCGTACTTCAATTATAGCCTATTTTTAAC	0	0	0		0	0	193.8812352	0	652
TCCGTAGGGACGTTGGGGGGAGACGAAAGC	0	0	0		0	0	290.8218527	0	117
TCCGTATGACCATTAGCTTCTAATTACCGA	0	0	0		0	0	48.47030879	0	0
TCCGTCAAATTACGACAAGGCACCAGGTCG	0	0	0		0	0	145.4109264	0	5
TCCGTCGCTATGGCCGGGAGCACTAAGCGC	0	0	0		0	0	24.23515439	0	42
TCCGTCGGCAGCGAGCGGGCTAGTGGGCTG	0	0	0		0	0	121.175772	0	92
TCCGTGATTTTTTCAGAAGCGTGATTCGGC	0	0	0		0	0	193.8812352	0	4
TCCGTGTGGGGAATTTGCCTACTGCGTGAT	0	0	0		0	0	72.70546318	0	15
TCCGTGTTAACATACATCTCTTTGTTTGTA	0	0	0		0	0	24.23515439	0	49
TCCGTTAGATTCGAGAGTTGACAGGTCGAT	0	0	0		0	0	48.47030879	0	2
TCCGTTCGCGAGCCTCCAGTGTTAAATTAT	0	0	0		0	59.97163302	48.47030879	0	118
TCCGTTTCACTTCAATTGCGTCGCGGCGAT	0	0	0		0	0	218.1163895	0	2
TCCTAACCACCGACCCGGGGGATAGTTTGC	0	0	0		0	0	3465.627078	0	934
TCCTAATTCATTGACGACTCGTGGCATTGG	0	0	0		0	0	145.4109264	0	150
TCCTACAATAGCAGGCTTCCCGTGGGATTC	0	0	0		0	0	411.9976247	0	19
TCCTACAGAGCAAAAGCCAATCAATATCCG	0	22.0176953	0		0	0	0	0	10
TCCTACTCGACCCGCTGTTCGTGTCACCTT	0	0	0		0	46.93432149	0	0	50
TCCTAGTCCAGTTGCTTGTAGTGTAGGAGT	0	0	0		0	0	24.23515439	0	3
TCCTAGTGATTCGGCCACGTCTTTGAACAT	0	0	0		0	0	15849.79097	0	470
TCCTATCGGCTCGGTTGTTCCACATTAATA	0	0	0		0	0	24.23515439	0	82
TCCTCCCTAGGGTGTGAGGTAAAAATGTGA	0	0	0		0	0	24.23515439	0	18
TCCTCCGTACTCACCGGGCGAGTAAACTTT	0	0	0		0	0	24.23515439	0	0
TCCTCCTAATGGTCTTTGTTTTTGCCTAGT	0	0	0		0	0	96.94061758	0	0
TCCTCCTATTGATTTATACCTATACATTTC	0	0	0		0	0	2496.220903	0	230
TCCTCCTCAGTTTTGAACGCCCGGGCAACT	0	0	0		0	0	145.4109264	0	4
TCCTCCTCGTGACAACGTTGATTACCTTCC	0	0	0		0	0	48.47030879	0	0
TCCTCGCAAGCTTCGCCAGTGATACTCGTT	0	0	0		0	0	290.8218527	0	14
TCCTCGTACGAAGATCGCTAACGGCGACGA	0	0	0		0	0	24.23515439	0	9
TCCTCTATCTTTCAAAAATAGTCACTCTAC	0	0	0		0	0	993.6413302	0	1111
TCCTCTGAAGGCCTAAAAAGGCGGTAGCTG	0	0	0		0	0	72.70546318	0	15
TCCTCTTACTCCCGAATAGCTAAAAGAGGC	0	0	0		2	0	242.3515439	0	3
TCCTGCCACACTGCCACATCGTTCGCAACA	0	0	12.81985236		0	0	0	0	23
TCCTGGCAATTTCATAACGATTTCCTTTAC	0	0	0		0	0	48.47030879	0	34
TCCTGGGGACGCCGGGAGCATAGAAGGAGG	0	0	0		0	0	96.94061758	0	86
TCCTGGGGGGCTCTGTATTGCGAGGTGTCC	0	0	0		0	95.17237414	1938.812352	0	383
TCCTGGTCGCACCCGGTACGGGACTGGCCT	0	0	0		0	0	145.4109264	0	3
TCCTGTACGTCTTAGACATGGGACCCTGAT	0	0	0		0	44.32685919	0	0	744
TCCTGTCCTTCTCCGCTTAGCTAACCCTAA	0	0	0		0	15.64477383	24.23515439	0	3
TCCTGTGAACCTCTTTCATGTGTCCTCTTC	0	0	0		0	0	48.47030879	0	28
TCCTGTGATTTACATCTCGATAGGATAGTA	0	0	0		0	0	145.4109264	0	136
TCCTGTGTACTCTGATTGCACCCTAGGTAC	0	0	0		0	0	1090.581948	0	910
TCCTGTTACAAGTTCGTCTGAGGTTACAGT	0	0	0		0	0	1066.346793	0	224
TCCTGTTTTGAGGCCCTTGAGGTACCAGTT	0	0	0		0	0	24.23515439	0	0
TCCTTACATGAACTTAGAGAGCTATGGTAC	0	0	0		0	0	145.4109264	0	0
TCCTTAGTACGCCGTTAGAACTCTGGATAT	0	0	0		0	0	48.47030879	0	7
TCCTTCTACAAAGGGGATTCAGGCAAGGAA	0	0	0		0	0	218.1163895	0	4
TCCTTCTGAAACGATATAATACTATACAGA	0	0	0		0	0	1139.052257	0	1256
TCCTTCTTCTCCCCGCACATACAATCACCC	0	0	0		0	1.303731153	0	0	0
TCCTTGCTCTCGGGAAGTAATTCCTGTGAT	0	0	0		0	0	48.47030879	0	0
TCCTTTGACATGGCATCAAGTACTTCGATC	0	0	0		0	0	193.8812352	0	10
TCCTTTTACGACACTATAACCATTTTACGT	0	0	0		0	0	48.47030879	0	66
TCCTTTTAGGGATCTGTAATAGCTGGAATT	0	0	0		0	0	48.47030879	0	0
TCCTTTTTAATGCATCTGACGTGATAGATC	0	0	0		0	0	169.6460808	0	9
TCGAAAGGATTCAACGCAGGCCCAGCGACT	0	0	0		0	0	508.9382423	0	11
TCGAAATGAAGCTATGTAAAGCACAAATGC	0	2.20176953	0		0	0	0	0	0
TCGAAATTTACGCATCAGAATGATTCTCAG	0	0	0		0	56.06043956	266.5866983	0	141
TCGAACGTACATGGGTATGGAGGGCCTTGT	0	11.00884765	3.204963091		0	0	24.23515439	0	3
TCGAACGTGGTTGGGGGGCGCCAAGTTACG	0	0	0		0	0	24.23515439	0	4
TCGAAGGGCAGGTTTCCTAGACTTGTTATA	0	0	0		0	0	24.23515439	0	3
TCGAATGCACTTAGGTTCTCGATCAATACA	0	0	0		0	0	727.0546318	0	1126
TCGACAGCCCAGGCATCAGCCAAAGACCTG	0	0	0		0	0	121.175772	0	27
TCGACAGCCTTTATAATTTCGATAATATTT	0	0	0		0	0	96.94061758	0	0
TCGACCTCCTACTTTCCACGGGACTGCCAT	0	0	0		0	518.8849987	702.8194774	0	826
TCGACCTGACTGGTGCAACCCTCAGAGATG	0	0	0		0	0	48.47030879	0	3
TCGACGGAACGACATGCAAAAGTTCATGTT	0	0	0		0	0	775.5249406	0	2
TCGACTTCTAACTACATTCCATGCTTTCTG	0	0	0		0	0	24.23515439	0	0
TCGAGAGAGTGGCATGACGATATGGGGGGC	0	0	0		0	0	48.47030879	0	62
TCGAGATCTCCTGATGTAGAAGCAAATTAG	0	0	0		0	0	436.2327791	0	658
TCGAGCCAGTATGTGGGACTTGAGGGGGGG	0	0	0		0	0	24.23515439	0	16
TCGAGGGCACTCTGGGTTTTTGTCTGTAAT	0	0	0		0	16.94850498	96.94061758	0	375
TCGAGGTTGGGTAGTGCAAGGCTCGGTCCT	0	0	0		0	0	484.7030879	0	433
TCGAGTCCCGAGATCTTTTTATGCCTGCGC	0	0	0		0	0	72.70546318	0	17
TCGATAATCGGCACGCCGTGTATGGGCTCT	0	0	0		0	56.06043956	969.4061758	0	16
TCGATCAATTTGATGGTTCAAGGTCTCTAA	0	28.62300388	0		0	0	24.23515439	0	4
TCGATCCGGGAGTAGGGCGATATGGTGTTT	0	0	0		0	11.73358037	0	0	3
TCGATGAGGTGAGCGTTTAGTTGTGGGGCT	0	28.62300388	0		0	0	218.1163895	0	462
TCGATGGAACAGTTAGGCTTGCGGAAAGCA	0	0	0		0	0	363.5273159	0	22
TCGATTGAGCAAGTCTTCTCCGCGTCGGCC	0	0	0		0	0	24.23515439	0	0
TCGCACGGCAGTAGTACGAGGCGCTGGTTT	0	0	0		0	2.607462305	508.9382423	0	40
TCGCAGATTGCGTATAAGAGCTTTTATTAT	0	0	0		0	0	242.3515439	0	29
TCGCAGTACGATAGCGACCACGTGGGCGGG	0	0	0		0	0	411.9976247	0	0
TCGCATAGAAAAGTTGTTATAAGCTGCTGC	0	0	0		0	0	24.23515439	0	3
TCGCATAGACGATCCTTCTCATTCCACCCC	0	0	0		0	0	24.23515439	0	7
TCGCATGTTTTACCATGAGTAGTTGATGTC	0	262.010574	0		0	0	2181.163895	0	359
TCGCATTGAGCGGGGTTATCCGGGATCGTT	0	0	0		0	0	1963.047506	0	59
TCGCCATTGAAAGCTTTTGTTGGCAAAAAC	0	0	0		0	0	1332.933492	0	84
TCGCCCAGTGTCTTAAGGTAAGGGACATCT	0	0	0		0	0	315.0570071	0	2063
TCGCCCTACTCGTCCAGGCTTGGCTAGAGT	0	0	0		0	0	508.9382423	0	0
TCGCCCTCTTGTTGTTCCTATGTGACCGTT	0	0	0		0	0	24.23515439	0	6
TCGCCGATGCTCGGCTGGCAGATGGGGCAT	0	0	0		0	0	387.7624703	0	9
TCGCCGCGCAGACGTGATTCGGTCTGTGCG	0	0	0		0	0	218.1163895	0	341
TCGCCGTAAGGCCTTGGGTAGGATGGTTGT	0	0	0		0	0	96.94061758	0	1190
TCGCCTCATAGTGTTATACAGAGTTTGCTG	0	0	0		0	1.303731153	0	0	109
TCGCCTGGGCCCGTATGTTTTACGATTAAG	0	0	0		0	0	169.6460808	0	10
TCGCGAACATCTTTGAAGGCATTTTTAACT	0	0	0		0	0	145.4109264	0	6
TCGCGACGGTCACTGGGGAAATCTGGCGGC	0	0	0		0	0	290.8218527	0	13
TCGCGGCTTGTGCGAATGTGACGGTACAGG	0	0	0		0	0	24.23515439	0	2
TCGCGGTCATAAGCGTGCCCTGGAGTCGTG	0	0	0		0	0	24.23515439	0	2
TCGCGTCGAATATGAGTGGGCATCCAATGG	0	0	0		0	26.07462305	920.935867	0	108
TCGCGTCGTATACTTTCTAACTATTGTTTC	0	0	0		0	0	72.70546318	0	24
TCGCTACTCCTGGTATCTACCAGGTTAGAT	0	0	0		0	0	24.23515439	0	48
TCGCTCATTATATTCACACTTTACCACAAC	0	0	0		0	0	48.47030879	0	3
TCGCTGAGGTGATGCTAGCACTGCAGCATA	0	0	0		0	26.07462305	1672.225653	0	105
TCGCTGATATCTAAGACAACCCGGATTCGC	0	0	0		0	0	24.23515439	0	40
TCGCTGGTAAATAAGGTATTTATAGCGGTT	105.6429903	0	99.35385582		0	0	72.70546318	0	3
TCGCTTTACCCGTTTCAGATGTTCCCCAGT	0	2.20176953	0		0	0	0	0	0
TCGCTTTTACTGGTTAATAGCTGGCTTTGC	0	33.02654294	0		0	0	96.94061758	0	2
TCGGAAGATGAGGTTACGGTTGTCATCAGA	0	0	0		0	0	72.70546318	0	5
TCGGACCGGGCTTGAATTCGTGACCCAAGG	0	0	0		0	6.518655763	24.23515439	0	0
TCGGACCTATGAAAATAATTATATTCGGAC	0	0	0		0	0	290.8218527	0	12
TCGGACTCTTCGTATGCACAACCGTAAGTG	0	0	0		0	0	24.23515439	0	3
TCGGAGAAGGTGCCTGGTATGTTTTCGGCA	0	0	0		0	7.822386915	24.23515439	0	24
TCGGAGGAGACTCGGGGGTTCTTGATATGT	0	0	0		0	0	266.5866983	0	100
TCGGATAAGGTCAGACTCTCGTGGCTCAAA	0	0	0		0	0	72.70546318	0	647
TCGGATTCTATTAAGGGTGGACTTGGGGTC	0	0	0		0	0	533.1733967	0	409
TCGGCACTCATTTTTTACGTAGCCAGGAGA	0	0	0		0	0	72.70546318	0	54
TCGGCATTTATTCTAATTGAGGATTCGACA	0	0	0		0	0	72.70546318	0	0
TCGGCGAGCGGACGGCGGGGGGTCTGGAGC	0	0	0		0	2.607462305	0	0	3
TCGGCGCGATGTCTTGGTCAATTTTCGCAA	0	0	0		0	0	145.4109264	0	130
TCGGCTAAAGGGGTGCAGTCCGGTGGGAGG	0	0	0		0	18.25223614	0	0	4
TCGGCTCCCGGTATATAGGCTTCCGTATGT	0	0	0		0	0	24.23515439	0	2
TCGGGACGGATTGATCTTAGTGTTAAGGGC	0	0	0		0	0	72.70546318	0	4
TCGGGCACGCATACGAGTGTCTGAGTCAGT	0	0	0		0	0	4192.68171	0	1190
TCGGGCATGATCACATCAGAATTCACGCTT	0	0	0		0	0	96.94061758	0	94
TCGGGCCGACGTGAAAGTACCGGCGCTGGT	0	0	0		0	0	72.70546318	0	23
TCGGGCCGGAGGGTCGGTTGGAGCATGATC	0	0	0		0	0	72.70546318	0	3
TCGGGGCGGCAGGGCCGACAGGCGGAGGGC	0	0	0		0	0	24.23515439	0	9
TCGGGGGAGAATTCGGTCCTTCCGAGGCAT	0	0	0		0	0	121.175772	0	92
TCGGGGGCGGCCAGGGCACGCCAGACGGAT	0	0	0		0	293.3395093	72.70546318	0	35
TCGGGGGTACGTGTGTAATGTCCTGGATCG	0	4.403539059	0		0	0	0	0	0
TCGGGTAGTCGCCGATCTAGGGTAGGCGAC	0	0	0		0	0	193.8812352	0	3
TCGGGTGGGTTTGGATTTACATAAGGTCCA	0	0	0		0	11.73358037	72.70546318	0	0
TCGGGTTAACAGTTTTGGTCGACAGACGGG	0	0	0		0	0	533.1733967	0	70
TCGGGTTGCAGGAGTGTTCCAGGCTATCAG	0	0	0		0	0	24.23515439	0	17
TCGGTACCTGGGGTATGAGACCCAGCCTCG	0	0	0		0	0	24.23515439	0	24
TCGGTAGAAGGCGCTTTGATCTAGGATTTA	0	0	0		0	41.71939688	0	0	5
TCGGTATACATTTAATTATTTATGTAATTA	0	0	0		0	26.07462305	0	0	691
TCGGTATTCCGCTACTACCTCAGGGTTTAT	0	0	0		0	0	121.175772	0	90
TCGGTCAATAGTTTAAGCGTGTTGACAGTA	0	0	0		0	0	169.6460808	0	68
TCGGTCACATCTGACTGGCAGAGGCAAAAA	0	0	0		0	0	145.4109264	0	83
TCGGTCCTCGTAAAATTGCTATATGGGTTT	0	0	0		0	0	48.47030879	0	2
TCGGTCGAAGTAGCGAGTGTTTACTAGGGG	0	0	0		0	0	72.70546318	0	2
TCGGTGAATTAGGAATTCTTTTGGTGAACC	0	0	0		0	0	24.23515439	0	3
TCGGTGACCCTACAGGCTGCTCATGTCCAG	0	0	0		0	0	121.175772	0	17
TCGGTGATACGTACAACGTCCCGTCTCTTT	0	0	0		0	0	339.2921615	0	34
TCGGTGGCTGGGCTACATGGGGGGGTGCAT	0	0	0		0	0	1163.287411	0	618
TCGGTGTCGGATTCGGATCATCAGTGGGAG	0	0	0		0	0	72.70546318	0	16
TCGGTGTGTAAGAGTGGTAAGATGATGGTA	0	0	0		0	0	48.47030879	0	103
TCGGTTACGTATGCTGATCTCATAGATGTA	0	0	0		0	0	605.8788599	0	4
TCGGTTGCGGAATTGATTTTTTCGGATTAA	0	0	0		0	0	920.935867	0	3
TCGGTTGGGAGGGGGGCCAGTGTGCTGGCC	0	0	0		0	20.85969844	24.23515439	0	350
TCGGTTGGGTGCGCCTCCGGAACTTGCTCT	0	0	0		0	0	169.6460808	0	24
TCGGTTTACACGTTTCAGATGTTACCAAGT	0	1426.746655	168.2605623		0	0	8361.128266	0	2666
TCGTAAAAAGACTGCACATAAGTATTTAAT	0	449.160984	0		0	0	0	0	1085
TCGTAACAAAAAAGTACTCTGTTCAGCAGC	0	0	0		0	0	72.70546318	0	0
TCGTAACCATATCGGTGTGCAAAGAGCTTC	0	0	0		0	0	24.23515439	0	3
TCGTAATAGAGTATTTACATGCGTGGCCAT	0	0	6.409926182		0	0	0	0	22
TCGTAATGTGTAGTGGGGAGTCGTTGATGC	0	0	0		0	0	72.70546318	0	0
TCGTACATGTGTGCGCGCATCGGTGGGTCG	0	0	0		0	0	751.2897862	0	1358
TCGTACCTATAAATAGGCGCCCAGGGCATT	0	0	0		0	0	121.175772	0	2
TCGTATGGGGTGCTGGTAGTGCTCCAAGAC	0	0	0		0	0	48.47030879	0	3
TCGTCATTTGACAGCGGAGGCTGTGGAGTG	0	0	0		0	0	72.70546318	0	24
TCGTCCAGAGAGGCAGCGGGGAAGAACAGC	0	0	0		0	0	363.5273159	0	252
TCGTCCCAGCTGACGGGCCATAGCCACATA	0	0	0		0	0	290.8218527	0	5
TCGTCCGTCGTAGAATCATAGCTACAGATG	0	0	0		0	0	48.47030879	0	5
TCGTCGCAGCTGGAGCGAGGGTCGTGGTAC	0	0	0		0	0	48.47030879	0	4
TCGTCGGCTTTTAAGATCACCTAGCACTCC	0	0	0		0	0	24.23515439	0	6
TCGTCGGGGGTGCTCGCTGGCGAGGCAGGT	0	0	0		0	0	24.23515439	0	0
TCGTCGTCGCATTATAGCGCGGTAGTAAAC	0	0	0		0	0	823.9952494	0	23
TCGTCTAGGTGACGGAGGAGGCAGCAGGCG	0	0	0		0	0	24.23515439	0	3
TCGTCTTGCGGTATTCGTACATTGTGTCAT	0	0	0		0	46.93432149	0	0	0
TCGTGAAACAGTCGTAAACGTTCAGGGTTA	0	0	0		0	0	557.4085511	0	901
TCGTGAATCTTATGTGAGGTATGTACACAG	0	0	0		0	0	72.70546318	0	0
TCGTGACGAGTCAACACTGGCGCAGTTTAT	0	0	0		0	0	945.1710214	0	24
TCGTGCCTGACTAGATTTCTAGTGCGGCAA	0	0	0		0	87.34998722	242.3515439	0	0
TCGTGCTTAGAACGCCATAGACGTTGATTA	0	0	0		0	0	72.70546318	0	301
TCGTGTGCCCCTTCCAACACTTGAATCAAT	0	0	0		0	0	169.6460808	0	19
TCGTGTTAGTCTCTGTACGTTTTATACAGT	0	33.02654294	0		0	0	0	0	41
TCGTGTTGAGTCCGTATGGGACAGGCGACA	0	0	0		0	0	193.8812352	0	19
TCGTGTTGTTTTCGAGATATTTTACGTTAG	0	0	0		0	0	24.23515439	0	24
TCGTTAAATTTACATGTTCTTAATAATACG	0	0	0		0	0	48.47030879	0	0
TCGTTAGTGAGGCCCTTGGTCGAGCCCAGA	0	0	0		0	0	145.4109264	0	42
TCGTTAGTTTCATACCCAACGTCATGCACG	0	0	0		0	0	24.23515439	0	10
TCGTTCAGGAAAGTGAAGCGCTTTGTTTTG	0	0	0		0	0	266.5866983	0	4
TCGTTCGTACAAGGTGAGCGGGCACTCATG	0	0	0		0	0	48.47030879	0	6
TCGTTGGGGTGGATGCTGTGAGGGTGAGAG	0	0	0		22	992.1394071	0	0	58
TCGTTGTAACGGTCATTAGTACGCGGACGA	0	0	0		0	0	24.23515439	0	175
TCGTTGTCTCGGTCCTGCGACCTCTGCTCT	0	0	0		0	31.28954766	121.175772	0	88
TCGTTTAATCCCTGCCTCTGAAACTTGGTT	0	0	0		0	41.71939688	24.23515439	0	2
TCGTTTAGCTTGTAACTAAAGCGCGCACTT	0	0	0		0	37.80820342	218.1163895	0	258
TCGTTTGTCGTCCGATAGTTTGCATGGTTC	0	0	0		0	0	48.47030879	0	14
TCTAAAATTATCGTTTGCTTTGTGCCAAGT	0	0	0		0	0	5767.966746	0	16
TCTAAACAAATTGCGCACGGTATAATAAAT	0	0	0		0	0	1284.463183	0	67
TCTAAATGCATATTATCATGTGAATGACGT	0	0	0		0	0	48.47030879	0	3
TCTAAATTATACCCGGCGGTTAGAGTAGTA	0	0	0		0	0	24.23515439	0	9
TCTAAGAGAGAACAAGGGAAGACGTGAATT	0	0	0		0	0	24.23515439	0	42
TCTAATACACCATGCTCTTATTATAGTAAG	0	0	0		0	0	581.6437055	0	3
TCTAATCCGTGTCGTCGACCCGCCTGCGTG	0	0	0		0	0	72.70546318	0	15
TCTAATTTTTGACGAGGCTTTAATTGGATC	0	0	0		0	16.94850498	508.9382423	0	5
TCTACCCGTAGATATTCGATATCAGTAAAC	0	0	0		0	0	169.6460808	0	97
TCTACCGTTTCTAAGGCATCGAGATCAAGA	0	0	0		0	2.607462305	24.23515439	0	42
TCTACCGTTTCTCAGGCCTCGAGATCAAGA	0	0	0		0	0	24.23515439	0	0
TCTACCTCTATCTCCTGGACTATGATTAAG	0	0	0		0	0	896.7007126	0	320
TCTACCTTAAATAGGTCTTAGCTAAGCGAC	0	0	0		0	0	48.47030879	0	11
TCTACGGAGAAGGCCAGGGTAGGGGTGGGA	0	0	0		0	0	24.23515439	0	45
TCTACGGGTTTGGTGTTTTTTGGTACATTT	0	0	0		0	0	920.935867	0	265
TCTACTACTCTTAATAGCCTAGGTTAGTAC	0	0	0		0	0	24.23515439	0	6
TCTAGACGAGCGGGTCACTTCTGTTTTTTG	0	0	0		0	0	48.47030879	0	9
TCTAGACTACTCTTTCGAAACCTTACACCA	0	0	0		0	0	72.70546318	0	7
TCTAGACTGACGCTCACAACAGTTCATGCA	0	0	0		0	0	266.5866983	0	17
TCTAGATAGCGAGTTTGTAGGTTGGTTACT	0	0	0		0	0	145.4109264	0	43
TCTAGATCGCTGACATACCCTGTTTGTCTG	0	0	0		0	0	218.1163895	0	293
TCTAGCAAATTATAGCGATATGCACCAGAA	0	0	0		0	0	24.23515439	0	3
TCTAGCGTCGGTGGGTACACGTGTTGGGCA	0	0	0		0	0	24.23515439	0	13
TCTAGCTAATAGACGAAAGGAAGCGTTTTA	0	0	0		0	0	581.6437055	0	0
TCTAGGTTGGAGTTCAAAGATTTAAATAAA	0	0	0		0	0	24.23515439	0	17
TCTAGTTGTCCCATGCTTGAATCTACTCGG	0	0	0		0	0	266.5866983	0	425
TCTATAAAGGGACCATCCTTACTCAGGGTT	0	0	0		0	0	24.23515439	0	23
TCTATATGTGTTTTTATTGTATGTGGCAAT	0	0	0		0	0	266.5866983	0	13
TCTATCACGGCCTCATAGTCATTCCTATGC	0	0	0		0	123.8544595	0	0	144
TCTATCTTGAGCCGGTGTCCATGGGTTCAC	0	0	0		0	0	48.47030879	0	33
TCTATGTCTATGGTTTTTGTCTGAATGTAG	0	0	0		4	276.3910043	0	0	24
TCTATGTTGCTATTTCTAAGACCTTTTTTC	0	0	0		0	0	436.2327791	0	7
TCTATGTTGTCTAATCTCATCGGGCGTAAT	0	0	0		0	0	48.47030879	0	29
TCTATTAGCTGGCCACTTGGCCCCGGGATA	0	0	0		0	0	2568.926366	0	563
TCTATTGGTCACGACACGAGGCCAGCTTTG	0	0	0		0	0	145.4109264	0	13
TCTATTTAGATCCTGATTAGCTATCCAACC	0	0	0		0	0	1332.933492	0	309
TCTATTTCTCCGTTTTGCTCAATAGAGTCG	0	0	0		0	0	24.23515439	0	13
TCTCACAGGTGTGCGAAAATAGATTATGCT	0	19.81592577	0		0	0	0	0	7
TCTCACTGCAAAGATAAAAAGATGCCATCG	0	0	0		0	0	145.4109264	0	0
TCTCAGCTGCTAATGATACCGTAGTTGAGG	0	0	0		0	0	24.23515439	0	417
TCTCAGGCAGCGTGTCAACCCTAGTGTGAC	0	0	0		0	0	193.8812352	0	159
TCTCAGGGCTTAGCTTCACGTCCTCCCTCT	0	0	0		0	0	24.23515439	0	18
TCTCATACCCGTACACGTGCTTGTATACGC	0	0	0		0	0	799.760095	0	41
TCTCATATTGCGTCAAAATGTTAGGCGCTC	0	0	0		0	0	72.70546318	0	5
TCTCATTTCGCGGCCCAGGGAGGAAGGTCA	0	0	0		0	0	1866.106888	0	21
TCTCCAGGAACTTTAATGTGATGGACATAT	0	0	0		0	0	96.94061758	0	2
TCTCCAGTGGGAGGTCGAGCACCGGGTTCT	0	0	0		0	1.303731153	48.47030879	0	10
TCTCCCATCCCACCCGTGTTACAATACGGT	0	0	0		0	0	96.94061758	0	17
TCTCCCGTCGTTAGATTTGCTACTCTGGAC	0	0	0		0	0	775.5249406	0	13
TCTCCGATGGATCCTATTCGATGTTTGTCG	0	0	0		0	0	145.4109264	0	36
TCTCCTGTCATTTTTAGAACTTCAGTATAT	0	0	0		0	0	218.1163895	0	62
TCTCCTTAGTCGCTCCTTTGAATGCTGCGA	0	44.03539059	0		0	0	48.47030879	0	2
TCTCGAACGAGAATTGTATATTTACCGGTA	0	0	0		0	0	121.175772	0	8
TCTCGACCCGCTTTCTGCACTAGAAGTGGT	0	0	0		0	0	339.2921615	0	20
TCTCGACTACGCAAGAGTTTATGCCACGTT	0	0	0		0	0	72.70546318	0	114
TCTCGAGGCAGCGTGCGTGGATGCCAGTGG	0	389.7132067	285.2417151		0	0	363.5273159	0	321
TCTCGCTGGGTAGCTCTTCTCATCCATCTA	0	0	0		0	0	145.4109264	0	308
TCTCGGCCAACATCACCTTTATGCAACTCC	0	0	0		0	2.607462305	0	0	0
TCTCGGGACCTGCGGGAGAGAGCTAGAATT	0	0	0		0	0	24.23515439	0	2
TCTCGGGGACTTTAGGACGGCGTAGAGGGT	0	0	0		0	0	242.3515439	0	95
TCTCGGTACATAGGAAGAACGTGGCAGGTG	0	0	0		0	0	193.8812352	0	0
TCTCGGTGCCATCCGCTGGGTAGTACAATC	0	0	0		0	0	533.1733967	0	1615
TCTCGTATGAGAAAGTGGTAGAGGTTTTCG	0	0	0		0	0	193.8812352	0	0
TCTCGTTATCCCGTGTGTTACCGGCCTTTC	0	0	0		0	6.518655763	0	0	13
TCTCGTTGGGGCGTGGTGTGGAGTCGGCCA	0	0	0		0	0	218.1163895	0	33
TCTCTACACAATTGTATAGGCGGACAATTA	0	0	0		0	0	193.8812352	0	20
TCTCTACGATATGGCAGGAAAGGCTTTTTG	0	0	0		0	0	24.23515439	0	15
TCTCTAGTAGCTTATACTTAGCTATTAGTT	0	0	0		0	0	48.47030879	0	0
TCTCTATCGTGGGTAAGTCTCCAGGAATGC	0	0	0		0	0	24.23515439	0	7
TCTCTCGCCCCACACGATCACGTGTTTGCA	0	0	0		0	0	121.175772	0	44
TCTCTCGTACCGGTTCTTAGTAGCGATGTT	0	0	0		0	0	24.23515439	0	2
TCTCTCTTGAGCCCCTGCTCAGATATTATT	0	0	0		0	0	678.584323	0	24
TCTCTGCCAGAGCGGGATGGTGATGTGTGT	0	0	0		0	0	339.2921615	0	298
TCTCTGTAAGCTGAAGCAGTTGTCCGATTG	0	0	0		0	0	48.47030879	0	10
TCTCTTCCGGATACTATTATTGAATAGATA	0	37.430082	0		0	0	48.47030879	0	21
TCTCTTGTTTCCAAAACGCGTCATGTCGGG	0	0	0		0	0	72.70546318	0	8
TCTCTTTTTGGTGCGATGATCGGATTCCAC	0	0	0		0	0	96.94061758	0	26
TCTGAAAACGGAACGTATTCTCTAAGGACA	0	0	0		0	0	48.47030879	0	56
TCTGAAGGATTGCGCGCTGTCCTAATCGTC	0	0	0		0	0	24.23515439	0	13
TCTGAAGTGCCAGTCTGCCGCTGTTACCGT	0	0	0		0	0	24.23515439	0	0
TCTGACCTGGGGCCGTCGTAGCGCTTGTCC	0	0	0		0	20.85969844	0	0	0
TCTGAGGAGTTGTCAGACTGCGGACCATAT	0	0	0		0	0	751.2897862	0	473
TCTGAGGGCATTGCCATCTGCTCGTGAGGC	0	0	0		0	0	24.23515439	0	0
TCTGAGTTCTCGTAGATGTCCGATGCATGA	0	0	0		0	0	24.23515439	0	0
TCTGATCCCAGTCCGATTCTCCACTAAACA	0	0	0		0	0	169.6460808	0	352
TCTGATGGCACTCGGTGTAAACGATGTGAA	0	0	0		0	0	315.0570071	0	278
TCTGCAAAACAGGTTTGAATTATGATTTCT	0	0	0		0	1.303731153	0	0	4
TCTGCAACGGTGAACGTATGGTCTGGTGCA	0	0	0		0	10.42984922	48.47030879	0	63
TCTGCACCTAGCTTCTCGCGTGCGATACGT	0	0	0		0	160.3589318	193.8812352	0	2
TCTGCCAGGACCCTAGCTTATCCGACTATA	0	0	0		0	16.94850498	0	0	0
TCTGCGATTGGGTGGACTATGGGGTCCGGA	0	0	0		0	0	72.70546318	0	79
TCTGCTATACTTTAGATCTGCGCCAACCCG	0	0	0		0	0	193.8812352	0	2
TCTGCTGCTTTGGGAATGAAAATGCTCTTC	0	0	0		0	26.07462305	460.4679335	0	71
TCTGCTGTTCCTTTATACGTGCAAGACTGA	0	0	0		0	0	72.70546318	0	18
TCTGGATCCGCCGCATGATGGGCAATTCTA	0	0	0		0	6.518655763	242.3515439	0	146
TCTGGATTTGACGTTTATCTAGTTCAGGCT	0	0	0		0	0	72.70546318	0	4
TCTGGCCGGCTTGATTATGAAATTTTACGA	0	0	0		0	0	24.23515439	0	0
TCTGGCGCGACCCGTCAAGTTCCCCTGTGC	0	0	0		0	0	48.47030879	0	104
TCTGGGAGCTGGTCCCCCGCGTCAGAAACG	0	0	0		0	0	24.23515439	0	64
TCTGGGGTCATCTAGTGTGGTTTGGAGTCG	0	0	0		0	0	72.70546318	0	29
TCTGGTCAAAGCACTTTTCGTACCTGTGGA	0	0	0		0	0	24.23515439	0	2
TCTGTAACAATGATAGTTCTTCATTTTACA	0	0	0		0	0	24.23515439	0	11
TCTGTAAGTGAAGTATACGGCGCCTTTGTT	0	0	0		0	0	24.23515439	0	0
TCTGTCACCACAGCATGTCCATGGCCGGGG	0	0	0		0	0	96.94061758	0	263
TCTGTCGACTGGCGACAATTTTAGGCAGAG	0	0	0		0	0	2471.985748	0	1266
TCTGTCGAGTACGGGAGTTGATGGACAACA	0	0	0		24	229.4566829	0	0	10
TCTGTCGCTATTTTCGGAGGGCCGTACGTA	0	0	0		0	112.1208791	508.9382423	0	3
TCTGTGCCATCCTTGGGACCCGTAACAAAC	0	0	0		0	0	169.6460808	0	35
TCTGTGCGCCACAAACCAGACGGTGGGGGG	0	0	0		0	63.88282648	0	0	17
TCTGTGTTACACGTGAAGAGAGGACGTCGT	0	0	0		0	0	7464.427553	0	1666
TCTGTTAGGTACGCATTTGTTCATTATAGC	0	2.20176953	0		0	0	0	0	0
TCTGTTGCAAAATGAAGGCGAAATTTCTCT	0	0	0		0	0	24.23515439	0	0
TCTGTTTCACTAGATATTACTGTACTCATT	0	0	0		0	0	24.23515439	0	31
TCTTAACGAGACGCCACGGCTTGGACACAT	0	0	0		0	0	24.23515439	0	11
TCTTAACGCCTGATACGGACGGAGAGGATG	130.9973079	0	165.0555992		0	0	581.6437055	0	0
TCTTAATCCCGGAGCACTCTCAAGTGGTAT	0	0	0		0	67.79401993	48.47030879	0	22
TCTTACATAGTCTCATATATGCGTGGGTTG	0	0	0		0	0	72.70546318	0	218
TCTTACATGTCTTATTTTAGCCATGTATTA	0	0	0		0	7.822386915	72.70546318	0	5
TCTTAGCCTCGGAAGTTGTCATGAGGGCTC	0	0	0		0	0	72.70546318	0	5
TCTTAGTCAGCGCTAAATGTGTTGCCCGGT	0	0	0		0	0	24.23515439	0	2
TCTTATCCTCGAGAGAGCTACAATGTACTG	0	0	0		0	0	290.8218527	0	314
TCTTCAATGTGTTTTCGGTCGGTGGGAGGA	0	0	0		0	0	121.175772	0	0
TCTTCACGTAAATGTATCTAGGACGCCCAT	0	0	0		0	0	72.70546318	0	1244
TCTTCAGCGAGCGCCCCGTATCGTGTCACA	0	0	0		0	0	654.3491686	0	92
TCTTCGCGTTGTCGCATAGGAGGTAAATGT	0	0	0		0	0	1284.463183	0	54
TCTTCGGCCTATCGACTATGCTTGCGATAG	0	0	0		0	62.57909532	702.8194774	0	26
TCTTCGGGGTCATCTGGCTAGGGCTGGGAT	0	0	0		0	0	24.23515439	0	2
TCTTCTCGCTAGACGCTCAACCATTGTAGC	0	0	0		0	0	4992.441805	0	6
TCTTCTCTCAAATGAATCGTTCATACACTG	0	0	0		0	0	72.70546318	0	312
TCTTGATAATTGTGCTCTCGGAAGCCTTTG	0	0	0		0	0	24.23515439	0	2
TCTTGATACTCTGGCGCGTGGCGCCAATTA	0	2.20176953	0		0	0	96.94061758	0	11
TCTTGCGCAGGCGGTCAGCGGGCATTTCGT	0	211.3698748	0		0	0	0	0	15
TCTTGCGGACCACAAGGCTCCGACGCACTT	0	365.4937419	123.391079		0	0	387.7624703	0	26
TCTTGCTTTGTGCATCAGTTCTGTATCCTC	0	0	0		0	0	339.2921615	0	1096
TCTTGGAGGCGTAGTGTATAGCCCGGCAGC	0	0	0		0	0	48.47030879	0	0
TCTTGGCGTAGGTAGTCCAGGATGATGTAG	0	0	0		0	0	2617.396675	0	16
TCTTGGTCGTATAGTGGCTCTCACGCTACC	0	0	0		0	0	169.6460808	0	23
TCTTGTGCCAAATTTATTCCTTGTTACCCT	0	0	0		0	0	48.47030879	0	17
TCTTGTGGACCCATTTGTGTTTGTTGGTCT	0	0	0		0	0	48.47030879	0	0
TCTTGTGGCGTATGATAGAATCGGGTTTTG	0	0	0		0	0	145.4109264	0	3
TCTTTAGTGGGGAGTCTTGCGCCGTTTGAC	0	0	0		0	0	242.3515439	0	239
TCTTTCCGCTCCGATCTCCTAGATGGGGTA	0	0	0		0	0	1187.522565	0	191
TCTTTCCTATACTCAAAGTGCCTAGCGACT	0	0	0		6	0	0	0	2
TCTTTCCTTTAATAGTATCGAGTTAAATCT	0	0	0		0	0	193.8812352	0	7
TCTTTCGGCCACTTGTTTCTACTTCACTTC	0	0	0		0	0	72.70546318	0	35
TCTTTCTCATGTGATGGCCGAAAGACGGAT	0	0	0		0	27.3783542	387.7624703	0	7
TCTTTCTTCAGCAGGCTCGCAGGTGGGTTG	0	0	0		0	0	169.6460808	0	23
TCTTTGCCACAGCTAAATATTTCAGTATGC	0	0	0		0	0	24.23515439	0	0
TCTTTGGGGTATTGAGACAGCAAAATTAAA	0	0	0		0	0	169.6460808	0	493
TCTTTTAAAATATGGGAGGGTGTACGTTAC	0	0	0		0	0	121.175772	0	29
TCTTTTCAGCTGATTACCTGGCCTGGCCGG	0	0	0		0	7.822386915	24.23515439	0	5
TCTTTTCTGTAACGATATCCATTGTTAATT	0	0	0		0	0	72.70546318	0	13
TCTTTTCTTGGACGCGCAAGCATGTCAATG	0	0	0		0	0	411.9976247	0	5
TCTTTTCTTTCTCAGGTTAACCCTCTAGTT	0	0	0		16	0	630.1140143	0	48
TCTTTTGATAAGTAACGGAATTACTATGCT	0	0	0		0	0	218.1163895	0	2
TCTTTTTAGCTTGATATTCGCTTATCCGAC	0	0	0		0	0	24.23515439	0	23
TCTTTTTATTACCCTAAGTACACGTGTGCC	0	0	0		0	0	242.3515439	0	20
TGAAAACGTTTTGTATTTATCAGTTTAACA	0	0	0		0	0	72.70546318	0	104
TGAAAATGCGGTTCAACCATCTGGTTCGCG	0	0	0		0	95.17237414	1381.4038	0	95
TGAAATGTCTCGACTTGGGAGGATGACGCC	0	0	0		0	0	24.23515439	0	8
TGAAATTACATGCGCCTGTTTGATATCGAT	0	0	0		0	0	24.23515439	0	2
TGAACACCGGAAACGTGATCACACTATATA	0	0	0		0	69.09775109	0	0	0
TGAACAGGATAGTCTTTACATTCATCGGTA	0	0	0		0	0	96.94061758	0	6
TGAACCTCAGTCTTCGTATGCCGTGATTCA	0	0	0		0	0	363.5273159	0	92
TGAACCTCCCAACCACGGAATCATTTATAT	0	0	0		0	0	145.4109264	0	2
TGAACGAGCTTTCATTGTAACGAACGAATA	0	0	0		0	0	266.5866983	0	1031
TGAACGTAGGCTGTATTTGGTTAAACCGTC	0	0	0		0	0	24.23515439	0	41
TGAACGTCGTCCCTTAGTCCTGTTGCTCAC	0	0	0		0	23.46716075	0	0	22
TGAAGAAGAACGTAGATAGTCGCTTCGGGT	0	0	0		0	0	218.1163895	0	21
TGAAGCCAGGCACCTGTCAAGAAGCCGGCT	0	0	0		0	0	24.23515439	0	18
TGAAGCCGCACCCATAGACCGGTTAGACGC	0	0	0		0	0	24.23515439	0	0
TGAAGCGTCAGAAACAGGTGATGCGAATGG	0	0	0		0	0	48.47030879	0	2
TGAAGGGACGACTCCCATGGGAACGGGGGC	0	0	0		0	0	2253.869359	0	14
TGAAGTATGCCCGCGCCAACCATCCGAGCA	0	0	0		0	0	48.47030879	0	0
TGAAGTTACGTAGTGTTTTAATGGTGCCCA	0	118.8955546	0		0	0	24.23515439	0	22
TGAATCAACTTACGGTTTTCACACTTAGGT	0	0	0		0	0	145.4109264	0	34
TGAATGCTGTTCATTGAAGATGAATCTTCC	0	0	0		0	0	775.5249406	0	11
TGAATGCTTTCCTACAGTATAGTATGTTCG	0	0	0		0	0	1066.346793	0	121
TGAATGGTATACAGAATGAGTCAATGCGAC	0	0	0		0	0	24.23515439	0	10
TGAATGTTATTGATGTTCCCCGAGGAGTAC	0	0	0		0	36.50447227	48.47030879	0	20
TGAATTCAGTGCTATCAATTTATATCAGCA	0	0	0		0	0	145.4109264	0	44
TGAATTTTACTCTCGGGTATTGTCCTTTGA	0	0	0		0	0	24.23515439	0	251
TGACACGTATTATTGAGTCAACATTTGGAT	0	8.807078118	0		0	0	1357.168646	0	13
TGACACTACTATTTATGAAGGGTACCGGCA	0	0	0		0	0	242.3515439	0	19
TGACATCTTTCTTTGGTTCATGTCGGGCAG	0	0	0		0	0	96.94061758	0	21
TGACCCCGGCCGATTTTCATTACTGCGAAG	0	0	0		0	0	702.8194774	0	10
TGACCGGCCGATAACTCGACCACACCACCA	0	0	0		0	6.518655763	0	0	0
TGACCTTATAAATGGTGTTGCCCATTGGAG	0	0	0		0	20.85969844	7973.365796	0	777
TGACCTTCTGGTTTTATTTTGACCCTGGTT	0	0	0		0	0	48.47030879	0	21
TGACCTTGCGCTTTGCGGGGACTGATGGCG	0	0	0		0	0	96.94061758	0	2
TGACGATGATTGATATCCCCCTGTAAGGCT	0	0	0		0	59.97163302	218.1163895	0	46
TGACGGTCATTGTGTGCACGCTAGGCATTC	0	0	0		0	5.21492461	0	0	6
TGACGTACGGAGGAAGTGCAATCGGCCGGT	0	0	0		0	0	24.23515439	0	179
TGACGTATAATTCGCTACCATGACACCAGT	0	0	0		0	0	48.47030879	0	60
TGACTCTACGCCCGTTTGGTGGTCCCTACG	0	0	0		0	28.68208536	193.8812352	0	51
TGACTGCATTACATAGTGAATGGCTGAGTG	0	0	0		0	0	24.23515439	0	6
TGACTGGATGGAATAATACGGGTTAGTGAC	0	0	0		0	0	1308.698337	0	469
TGAGAAGAGATCGCGCGCAGAGAGATGTGC	0	0	0		0	0	121.175772	0	34
TGAGACGCCCGGTTCACACCACGGGTGAGT	0	0	0		0	0	169.6460808	0	413
TGAGACGTTCGAGTCGGGCTGCCACTGAGC	0	0	0		0	0	72.70546318	0	44
TGAGATACAGATGGTTGGTTTAGGGAGCCT	0	0	0		0	0	48.47030879	0	40
TGAGCAGTTCGCGGTTTAGCGATGCTCGTC	0	0	0		0	0	266.5866983	0	57
TGAGCCAACCAGGCGTTCAAGTGGTTATCG	0	0	0		0	0	145.4109264	0	2
TGAGCCGCTGTCTCGCACCAAGATAGTGCT	0	0	0		0	0	484.7030879	0	5
TGAGCCGGGCTGGCACTCGAAGGTGTGCTG	0	0	0		0	0	145.4109264	0	813
TGAGCGAACGTGCGGTTCCTTCAGTGACTC	0	0	0		0	0	24.23515439	0	14
TGAGCGGCCGAAATCAAGGTATGTATCAGT	0	0	0		0	0	24.23515439	0	637
TGAGCGTGCGTCGTTCGTTCACCTTCCTGC	0	0	0		0	0	48.47030879	0	2
TGAGCTCGTTGAACTGTAATTGTTGTTGCA	0	0	0		0	0	411.9976247	0	13
TGAGGAGAGTCAGTAGAATAAGTTGGGCTG	25.35431766	0	0		0	0	0	0	22
TGAGGAGTTGGGGTCCTCGGTCTTTTTTAA	0	306.0459646	14.42233391		0	0	145.4109264	0	25
TGAGGGTGTCCTACACGACTGTATTTACTC	0	0	0		0	0	24.23515439	0	414
TGAGGTCAAGAACATCAATTACCGTGACAC	0	0	0		0	0	121.175772	0	11
TGAGGTCCTTCGGGAATATTTTCGTCCGTG	0	0	0		0	0	218.1163895	0	5
TGAGGTGTCGAGTAACGTATTTTGCCGTGT	0	0	0		0	0	48.47030879	0	2
TGAGGTTCATGGCTTGGAATTTCATTTTTC	0	4.403539059	0		21	0	0	0	31
TGAGGTTTGTTCGATACACTCTTCCTATTC	0	0	0		0	0	72.70546318	0	585
TGAGTAGCTCTGCTGAGGCGCGCAGCGGTC	0	0	0		0	0	145.4109264	0	66
TGAGTATGGTAGGCAAGTTGATCGCTCCTA	0	0	0		0	0	13595.92162	0	8
TGAGTCGGGAAGGGCCTGCGGTCCGGCACG	0	0	0		0	0	48.47030879	0	2
TGAGTCTGTCCTTTTTAGTGGGCCCGTCTG	0	0	0		0	0	24.23515439	0	10
TGAGTGGAAGTGGCGAAAGGAGGTTATGTG	0	0	0		0	0	24.23515439	0	16
TGAGTGGACTTGGCAAGGCGCTATAAAATA	0	0	0		0	0	72.70546318	0	16
TGAGTTCTTGTCGGCTCAGCCTATATTAAA	0	0	0		0	0	24.23515439	0	130
TGAGTTTAGTAAATTCATTGTGCACAATGA	0	0	0		0	0	581.6437055	0	405
TGATAAAGTGGTAAGCGTGGGGCTTATTAG	0	0	0		0	0	48.47030879	0	4
TGATAACATTTTCCAACTTTTATTGCTCAC	0	0	0		0	0	24.23515439	0	20
TGATAATCTCTCAGTACTTTTTTCCGAAAT	0	0	0		0	0	169.6460808	0	25
TGATAATTGCATCATGTGAATCGCGATCGT	0	0	0		0	0	363.5273159	0	5
TGATACATTAGAGCTTGTTTTTCCCACATG	0	0	0		0	0	1187.522565	0	42
TGATACGTATTCCGTTCTGAAGTCTGATTC	0	0	0		0	0	24.23515439	0	2
TGATACTGGGTGATGCAATCAATGTAGTGT	0	0	0		0	0	896.7007126	0	897
TGATAGCCCTAATAAGATGCTTGCGTGGAA	0	0	0		0	0	121.175772	0	137
TGATAGTAATAGATTTATCTTGCTCGTAAC	0	0	0		0	0	48.47030879	0	118
TGATAGTACTGCATGACTTCGAGAGGGGCG	0	0	0		0	0	48.47030879	0	4
TGATAGTGGAAGCTTTTACCTTCTTTCCCG	0	0	0		0	54.75670841	0	0	7
TGATATCGGCATATGAATCTGAACTCAGAT	0	0	0		0	0	557.4085511	0	8
TGATCATGGTAGCGGGGATTCAGGATGCGG	0	0	0		0	2.607462305	0	0	185
TGATCCGTTAGGCAATGTGAATTATCTACT	0	0	0		0	2.607462305	24.23515439	0	3
TGATCCTGGATTGTGGGACAGGTGGACCCC	0	0	0		0	0	145.4109264	0	13
TGATCCTGTCTCGGCGCCAACCGGGGGCGC	0	0	0		0	0	72.70546318	0	0
TGATCGAATGTCATAGGCACTAGACATTTT	0	0	0		0	0	48.47030879	0	489
TGATCTAAATGCGTAGATGGGGTCTCGTTC	0	0	0		0	0	1066.346793	0	24
TGATGAGCTCGGTCGATTTCCGTTTAACCC	0	0	0		0	0	242.3515439	0	18
TGATGCCATGATCTGATATGAAGGAGCATA	0	0	0		0	0	24.23515439	0	15
TGATGGACGTGGGGAATTTGCTGTCTGACG	0	0	0		0	0	290.8218527	0	3
TGATGTGGTCCGCAGTGGGGGCTGCAACTA	0	0	0		0	0	24.23515439	0	5
TGATGTTGCTGTCGGCGGCGAAGGTATACG	0	103.4831679	0		0	0	630.1140143	0	17
TGATGTTTACATCTTTTAAGTCTTCACCTA	0	0	0		0	0	484.7030879	0	56
TGATTAAAACTCTGCGATAACAAGCGGCTA	0	0	0		0	0	48.47030879	0	87
TGATTACCTTTTTCCATAATCGGTTCACTT	0	0	0		0	0	218.1163895	0	65
TGATTAGGCCTGTGGCAGACGTTTACAGAA	0	68.25485542	0		0	0	0	0	220
TGATTAGTCCTAGTCTTTTGAATACAGGGT	0	28.62300388	6.409926182		0	2.607462305	96.94061758	0	13
TGATTAGTCCTGTGCTTGGAAAGTTCACGG	0	0	0		0	0	96.94061758	0	17
TGATTCACTAAGATAATCTTTATAACCGTT	0	0	0		0	0	24.23515439	0	7
TGATTCGGGGCAGTGCAGGCGCCTGTAATT	0	17.61415624	0		0	0	363.5273159	0	7
TGATTCTAGGTCAGTATAAAGCTTCGATCG	0	0	0		0	16.94850498	72.70546318	0	99
TGATTTAATTCGACGGGCACGTTAGACCCC	0	0	0		0	0	1235.992874	0	14
TGATTTCGTTGATGCCAGGCGACTTATGGC	0	0	0		0	0	48.47030879	0	2
TGATTTTACGTGGCGGACTCATGTTTCATG	0	0	0		0	0	387.7624703	0	139
TGCAAAAACGTGCAATCCCCAAGTCGAGTG	0	0	0		0	0	48.47030879	0	0
TGCAAACGCTGGATCGGTCTAGTTCTAAAA	0	0	0		0	0	48.47030879	0	4
TGCAAAGAACGTCACACGAGGGCTGGACTG	0	0	0		0	0	72.70546318	0	60
TGCAAAGTAAGGGATGGTCGCGGAACCGAC	0	0	0		0	0	48.47030879	0	2
TGCAAATTGTACAATGTCTCATATCGTCAT	0	0	0		0	0	1405.638955	0	1633
TGCAACCGGAGTTAGGGTATGTATGCACTT	0	0	0		0	959.5461283	0	0	86
TGCAACGGGGCGTGGGGCATCTAGCCTGGG	0	0	0		0	0	24.23515439	0	7
TGCAACGTCGCCTGAAGTCGGGTTATAATT	0	0	0		0	0	290.8218527	0	35
TGCAAGGGCCGAGATGAGTTGAACGTGGTG	0	0	0		0	32.59327881	96.94061758	0	224
TGCAATGGGGTACACGGACACTCGATTTGA	0	0	0		0	0	48.47030879	0	169
TGCAATGTCGCATAGCGTTTATGTTTTTAC	0	0	0		0	0	96.94061758	0	4
TGCACAGCATAGCTTGCGAGCAACTTCCTC	0	0	0		0	0	145.4109264	0	2
TGCACATTTCCTGCGCTCACTTTGTACTCT	0	0	0		0	0	17279.66508	0	159
TGCACGACATTGGCCCACTCCGTGCCACTG	0	0	0		0	0	96.94061758	0	15
TGCACTCTGTAAATTTCTTTATCCCTAGCA	0	0	0		0	0	24.23515439	0	0
TGCAGACGTCGCGTAGCTGTGAGTGCGGGT	0	0	0		0	0	48.47030879	0	0
TGCAGATCGCAGGCAACCTTGGTATTAAAT	0	0	0		0	0	24.23515439	0	2
TGCAGATTGAAGCAGTGACCTGGAATCGTT	0	0	0		0	0	145.4109264	0	4
TGCAGCAGCGCAGGTTGCGTATCCTTCATC	0	0	0		0	0	411.9976247	0	1062
TGCAGCGCCCCTTTGGGTGTACACCCGTTT	0	0	0		0	0	24.23515439	0	158
TGCAGGAGTTGTACATCATTTTTCCCTTTG	0	0	0		0	0	145.4109264	0	14
TGCAGGTATGCATAGATTGGGTCCCGCGGT	0	0	0		0	0	72.70546318	0	71
TGCAGGTGAGATGCATTCTCTAAATCGATA	0	0	0		0	0	48.47030879	0	0
TGCAGTGGAATTTCGGGTGCACAGGGCGGA	0	24.21946483	0		0	0	0	0	16
TGCAGTGTCTTCAGTGGGTCTCTAGATAGT	0	0	0		0	0	290.8218527	0	63
TGCAGTTATTGCAGTCTAAGTTATTTGGAA	0	0	0		0	0	72.70546318	0	0
TGCAGTTCTTGTATCAATCTTTATTCCATT	0	0	0		0	0	145.4109264	0	2
TGCATCAGCCCGCCCAATACCCGAGAGGCG	0	0	0		0	0	24.23515439	0	13
TGCATGACTGACGTACTAAGGCTCGCTGGT	0	48.43892965	12.81985236		0	0	0	0	2
TGCATGCTGCACAGTTCGCTAATATAGTAG	0	215.7734139	0		0	0	24.23515439	0	184
TGCATTACCCGGGATTGAGGGTAGTGCGCT	0	6.605308589	0		0	0	0	0	2
TGCATTCATATATTGGACTTATTACCTTGA	0	17.61415624	0		0	0	218.1163895	0	3
TGCATTTCAACGGGCGAAGGCTACAGACAC	0	0	0		0	0	72.70546318	0	927
TGCCAACCGCAAGACCGTTAATGATCTGGC	0	0	0		0	0	48.47030879	0	2
TGCCAACCGCTAGGTCCCATAATGCAGTGA	0	0	0		0	9.126118068	24.23515439	0	6
TGCCAACGGGTCTGGTATCGTCAGTGGTCC	0	0	0		0	0	121.175772	0	32
TGCCAATCATTTGTTGCATGTATTAAATGT	0	0	0		0	0	24.23515439	0	5
TGCCAATGCCTTTCATGCCACGTGATGGGT	0	0	0		0	13.03731153	0	0	2
TGCCACGGTCGCATTACTCAGGCAGAGGTT	0	19.81592577	0		0	0	0	0	32
TGCCACGTGGTTCCTAGGGGGGTTTAAGGG	0	0	0		0	0	96.94061758	0	109
TGCCACTCAGCTTGTACGAGGCCAGACGCT	0	0	0		0	0	460.4679335	0	1016
TGCCACTCGACACGACTCCGGGATGGGTTT	0	0	0		0	0	1817.63658	0	108
TGCCAGTTACTGTGTGACCGTAAGGCTATT	0	0	0		0	0	121.175772	0	13
TGCCATCCATGGCCATGGAATAATTCATAC	0	6.605308589	0		0	0	24.23515439	0	95
TGCCATTGTGGCTGGATACTAATACGCATC	0	0	0		0	0	169.6460808	0	28
TGCCCAGACGGTGTTGGAGAGATACGGTGT	0	0	0		0	0	2011.517815	0	83
TGCCCAGGGAACCGACGTGGGGGCAGCGGA	0	63.85131636	0		0	0	48.47030879	0	29
TGCCCCTCTGCATTCAGAAGTTTTAGATTA	0	231.1858006	0		0	0	121.175772	0	19
TGCCCGGCTCAACGATGCGTGCGCCGAAAA	0	0	0		0	0	121.175772	0	5
TGCCCTATTGCGCAGGGGCTAGATTCACAC	0	0	0		0	0	24.23515439	0	6
TGCCGATATGGAATGTGAATCTGGCATTGG	0	0	0		0	24.7708919	0	0	44
TGCCGATTTTCGTCACGAGCTCGGCGCTGC	0	0	0		0	0	48.47030879	0	57
TGCCGCAGGTCGGCGCAAATGCACATAAGT	0	0	0		0	0	363.5273159	0	10
TGCCGCGTTGCTTTAACCAGCGCGAGAGAC	0	0	0		0	293.3395093	0	0	2
TGCCGGGGTTCGGCTGGAGCCTGCGGTAGG	0	0	0		0	0	48.47030879	0	0
TGCCGGGTGGGCAGGTATGCGTTCGAGAGA	0	114.4920155	0		0	0	0	0	97
TGCCGGTTGGACGGGGGTAACTTTTCAGTT	0	0	0		0	0	24.23515439	0	64
TGCCGTAGAACGGCGCCGGTCGTAAGTCAC	0	319.2565818	44.86948327		0	0	24.23515439	0	866
TGCCGTATGTCTCACCGTAGACCTTTCCGT	0	0	0		0	0	24.23515439	0	2
TGCCTGCCCGATCTGTCGCCGGCGCTTTTG	0	0	0		0	0	24.23515439	0	15
TGCCTGCGTTTTAAGGCGGATTGGAGTATG	0	0	0		0	0	72.70546318	0	2
TGCCTGCTTCGAAGCCGTACTTCGCTGCAC	0	0	0		0	0	145.4109264	0	235
TGCCTTAATGTAACAGTTTATCCCGTGCTC	0	0	0		0	0	24.23515439	0	38
TGCCTTAGGTGGATGTTAATTTAGATGTAT	0	0	0		0	0	96.94061758	0	63
TGCGAATGGGGATGTAGCTCTTGATCGGGG	0	0	0		0	0	145.4109264	0	0
TGCGACGTCAATGTTTTCTGGTATTCAACA	0	0	0		0	62.57909532	654.3491686	0	3
TGCGACTAAGGTCGGGACAATGTCCTAATT	0	0	0		0	0	508.9382423	0	45
TGCGAGAGGTTGTGCCTGACGGGCACAGGG	0	0	0		0	0	339.2921615	0	45
TGCGATTGTTTCAGCTTTCAAGTACATCAG	0	0	0		0	9.126118068	751.2897862	0	232
TGCGCCTGGACTGGCAGGGGATTCGTGAGA	0	0	0		0	0	290.8218527	0	54
TGCGCGGGGGGGTGTGTGGTGGGTGGGAGC	0	0	0		0	0	72.70546318	0	74
TGCGCGGGTGAAATAAAACGTTGGTATTCC	0	0	0		0	0	24.23515439	0	4
TGCGCGTCCTAACCGGGCGCACTGCTTAGT	0	0	0		0	0	169.6460808	0	1123
TGCGCTAGACGGAATCATATATGGGCTTCA	0	0	0		0	0	533.1733967	0	9
TGCGCTCGAGCGATTTACATTTGCGCTCGG	0	0	0		0	0	72.70546318	0	8
TGCGCTGACGTATGAGTTGACTTCAGCCCT	0	0	0		0	0	411.9976247	0	162
TGCGCTGTCTAATCCGACATGGCCGAAGCA	0	0	0		0	0	24.23515439	0	13
TGCGGACCATGAGGGGGTGGGCTAATCTCG	0	0	0		0	0	48.47030879	0	5
TGCGGACGCGTGATGGTAAGATCAATCGTG	0	0	0		0	0	145.4109264	0	494
TGCGGCGATAACAGCACTGAACCGACATAT	0	0	0		0	0	7803.719715	0	65
TGCGGCGCCTGACCTCATATATCTTCTACC	0	0	0		0	0	266.5866983	0	161
TGCGGCGCCTGGTACGAAATCGGTCCTAGG	0	0	0		0	0	96.94061758	0	627
TGCGGGACGTGCGAGCCCCGTTGTCCGTGG	0	0	0		0	0	72.70546318	0	68
TGCGGGGCCGGGCCAAGGCTATGACGGTGG	0	0	0		0	0	48.47030879	0	100
TGCGGGGGTGCGCGATCTTTCATTGATGAT	0	57.24600777	19.22977855		28	0	0	0	15
TGCGGGGTGGGCCGCGCTGGGAACGGGCTG	0	0	0		0	0	315.0570071	0	20
TGCGGGTCGTAAATTCTTGGGGGTTAAAAG	0	0	0		0	0	484.7030879	0	59
TGCGGGTCTTCTGTTTATTCCCTCCCTCCT	0	0	0		0	0	72.70546318	0	2
TGCGGGTTGGTGAAACCTTGAAGCTTCCTA	0	0	0		0	0	24.23515439	0	14
TGCGGGTTTGAGTTGTCCAGATAATATCAA	0	17.61415624	40.06203864		0	0	1502.579572	0	111
TGCGTAACGGCTAGTTCTTTCATCGGCAGT	0	0	0		0	0	630.1140143	0	3
TGCGTAGTGAGATGTTGCTATCACTACGAG	0	0	0		0	0	145.4109264	0	46
TGCGTCAGGTTAGGCCGGTCGAATCACAGC	0	0	0		0	0	48.47030879	0	271
TGCGTCCAGGTATGTTGGCTGCAATACACC	0	0	0		0	0	169.6460808	0	1049
TGCGTGGAACATTGGTTGCCATATGGGGCG	0	123.2990937	0		0	0	0	0	262
TGCGTGGACGCGGTGAGGGCTAGAGTCCAT	0	0	0		0	0	678.584323	0	6
TGCGTGGGACATGAACCCCGTTGAGACTGT	0	0	0		0	0	72.70546318	0	6
TGCGTTCTGGGGCCAATTGGGAGGGGAGGA	0	0	0		0	0	72.70546318	0	18
TGCGTTGCGCATTGGCCATATGGGTCGAAG	0	0	0		0	0	315.0570071	0	7
TGCGTTGTTTACCGGCTGCACACCTCAATG	0	8.807078118	0		0	0	72.70546318	0	14
TGCGTTTTTAACTCGCGGGGTGAAGGAGAT	0	0	0		0	41.71939688	1454.109264	0	208
TGCTAAAATGAGTACAATGTAAAGCGCCGC	0	0	0		0	0	48.47030879	0	134
TGCTAAACGTAAGGGGCAACCGAGAGTGTA	0	52.84246871	0		0	0	0	0	0
TGCTAAGACGAGTTTATGACTTGATTAGGA	0	0	0		0	0	72.70546318	0	50
TGCTAAGTCTAGTATCTCTAGGTCAGGCGT	0	0	0		0	0	48.47030879	0	0
TGCTAATAGTTAAAATTTCATTCTTCTCAA	0	0	0		0	5.21492461	48.47030879	0	4
TGCTAATCAGGGAGTCCAATCCTAAAAGCG	0	341.2742771	0		0	0	169.6460808	0	51
TGCTACTGTTCGAGTTACCTTCTGTATGCA	0	0	0		0	0	48.47030879	0	95
TGCTAGGCTACATTAGTTTAAATGGACAAT	0	0	0		0	0	1211.75772	0	15
TGCTAGTGCCTGTTGAGACCTCTCGCAACA	0	0	0		0	0	484.7030879	0	58
TGCTATAACAGCGCAAAAGGGGTGCTCACT	0	0	0		0	0	436.2327791	0	318
TGCTATATTAATATCCTGATTGCAGTTTAT	0	0	0		0	0	96.94061758	0	1357
TGCTATGTATGGGGAGGGAGCTGCCGGCAT	0	0	0		0	0	48.47030879	0	92
TGCTCAGATCCCGTAACAAGGGGGCCGTAG	0	0	0		0	0	24.23515439	0	2
TGCTCCCCTTCCCAGGAATGTACACCGATG	0	0	0		0	0	411.9976247	0	774
TGCTCGGTCTCTTTAATAATCATCTGGCTC	0	0	0		0	0	24.23515439	0	92
TGCTCTCACCCCAGGCGTACGCAGGAGACA	0	8.807078118	0		0	0	0	0	36
TGCTCTGGAATGTCTCCCGTTGCCGGGACG	0	0	0		0	0	24.23515439	0	50
TGCTCTGTCTGCACATCGTCTTGTTTTATC	0	0	0		0	767.8976489	2956.688836	0	13
TGCTGAGTACTGGGGCGTGTCTGAGTCTAA	0	0	0		0	0	24.23515439	0	4
TGCTGCGCTCGGTCGCTTTCCGTTTCACCC	0	0	0		0	0	24.23515439	0	0
TGCTGGAGACTGGTATAGTGGTGTATGTTT	0	0	0		0	0	218.1163895	0	13
TGCTGGGCGAGCGTCTGAGGTTTGCCCCGA	0	17.61415624	0		0	0	0	0	0
TGCTGTCGGGGAGGTGTCTCCAGGGGAGGT	0	0	0		0	0	72.70546318	0	28
TGCTTAGCAGTGTAACGGAAGTGAGCTCCG	0	0	0		0	0	24.23515439	0	0
TGCTTAGTGTACGCGTATGCAGCTAAATGA	0	0	0		0	0	193.8812352	0	458
TGCTTATAATCCCCGGTGGTAAAGCGGGGC	0	0	0		0	0	169.6460808	0	51
TGCTTCGTGTGCTGCGCTGTAACGATTGGG	0	0	0		0	0	24.23515439	0	6
TGCTTGACCTTGCTTTCGTTGTTACGACAT	0	0	0		0	0	121.175772	0	23
TGCTTGATAATTCGGTATCGCGTCGTGCAA	0	323.6601208	0		0	0	0	0	96
TGCTTTAGCGGCTCACGGGTGCTGGCCGTC	0	0	0		0	0	72.70546318	0	14
TGCTTTCATACTAGTTATTGTATGATGTCA	0	0	0		0	0	24.23515439	0	17
TGGAAACGGGCGCGGGAAGTTGGGCTGCGT	0	0	0		0	0	24.23515439	0	5
TGGAAAGACAAGTCTGGTTTACATGCACAT	0	0	0		0	0	48.47030879	0	2
TGGAAAGATGCCTCCCCCTAGCAAGACACT	0	0	0		0	0	24.23515439	0	0
TGGAAAGTCAGGTTTGACACGGAACCCAAC	0	0	0		0	0	2805073.71	0	2
TGGAACACTTTCCAGGATTGTTTGATAAGG	0	0	0		0	0	48.47030879	0	11
TGGAACGACTCTCTACGCTAAAGAAACCTT	0	0	0		0	0	896.7007126	0	481
TGGAACTCATGGTCACATTGATCGACTCAA	0	0	0		0	0	193.8812352	0	70
TGGAAGGGGCGAGATGGTTGTTAGTGTGTA	0	0	0		0	0	4071.505938	0	85
TGGAAGGGGGGCACATCGGGGGACTGTCTA	0	0	0		0	1.303731153	484.7030879	0	7
TGGAAGGGTGTTTTATGGTACACCCCAACA	0	0	0		0	0	24.23515439	0	9
TGGAATCAGCGCTCGCCACCCTGTTCGTTC	0	0	0		0	0	24.23515439	0	10
TGGAATTCGTACCCGATTAATATGTAACGG	0	0	0		0	0	24.23515439	0	3
TGGACGAGGCTAGAAAACTAGGTCAGCCTC	0	0	0		0	0	24.23515439	0	388
TGGACGCCTGTGAATGCGCTGCTAGGAATT	0	0	0		0	0	24.23515439	0	0
TGGACGTGTGGTAAGTTCGGGCTGTTTTAA	0	0	0		0	0	48.47030879	0	37
TGGACTAATCTGTTTGATGCCAAATAGTCG	0	0	0		0	0	121.175772	0	44
TGGACTATTGCTAGTCTTACTGCAGTTAGC	0	193.7557186	0		0	0	0	0	1881
TGGACTCTGATTGCTAGCGAGGCGGAAATG	0	0	0		0	0	48.47030879	0	4
TGGACTTAATCGAAGCTGCTGGAGAAGGAG	0	0	0		0	0	48.47030879	0	15
TGGACTTGTCGATACCGATGTGCTTACGGT	0	0	0		0	0	48.47030879	0	11
TGGAGATGGGGGCAAGTGGGCCAAGTTGGG	0	0	0		0	0	266.5866983	0	310
TGGAGCGAATTAACCCCGATTACTCCGTGC	0	0	0		0	0	678.584323	0	89
TGGAGGTCAGTATTCATTTGTCGTGGGAAT	0	0	0		139	0	2471.985748	0	2793
TGGAGTCGATAGAGCGGTAGCGTTCGGCGT	0	0	0		0	0	48.47030879	0	10
TGGAGTCGGATCGACACTGGTTGTCTGTTC	0	0	0		0	0	24.23515439	0	8
TGGATAAACTGGTCCCGTAGTGATCAACGT	0	0	0		0	0	484.7030879	0	12
TGGATCATTGAGCAGGGGTACAGCTCAGGC	0	0	0		0	0	72.70546318	0	40
TGGATGCCGATACATTATGTACAGTGTGAT	0	0	0		0	0	266.5866983	0	63
TGGATGGACAGCGTCGGGGTTCAGGGGATT	0	0	0		0	0	193.8812352	0	95
TGGATGGGTTGGCATCGTGTCGGAGGGATG	0	0	0		0	9.126118068	290.8218527	0	57
TGGATTTCTAGAATCTTGATTACACTGGTG	0	0	0		0	0	169.6460808	0	15
TGGCACTTGTAATTAGACTTGTCCAACTGG	0	0	0		0	0	339.2921615	0	73
TGGCAGGTGGACCTGACGTGTAGTACAATA	0	0	0		0	0	72.70546318	0	32
TGGCAGTACGCTGTTATGATGTTTGGGGAA	0	4.403539059	0		0	0	48.47030879	0	11
TGGCATTGTAAATTAGCAAGAGTTTGTTTG	0	0	0		0	0	145.4109264	0	5
TGGCCAAAGCGCGCCGGTTGCGACTGGCCC	0	0	0		0	0	169.6460808	0	361
TGGCCATAGCAGATGTACGTTCGGTCCGGG	0	0	0		0	0	145.4109264	0	3
TGGCCGACAAGCGTATCTCAAAGTCTCTTT	0	0	0		0	0	872.4655582	0	23
TGGCCGTGGAGGACGCCGGCGCCGCGGACC	0	0	0		0	0	751.2897862	0	7
TGGCCTGGAACGTACATGCAGGCGGGGAGA	0	0	0		0	0	24.23515439	0	698
TGGCGAGGCCGCGGAAGGACGATTCCTCGC	0	0	0		0	0	24.23515439	0	10
TGGCGATAGTTACGCAGGAAAGCGACCGTT	0	0	0		0	0	2229.634204	0	378
TGGCGATTCATTATGTAGTACTGTATGGCT	0	22.0176953	0		0	0	0	0	96
TGGCGCCGAAAGGTACTTGTGACGAAGACT	0	2.20176953	0		0	0	0	0	2390
TGGCGTAGATAGGCTTGAGCATCGTCTCCG	0	0	0		0	0	24.23515439	0	21
TGGCGTGAGGGCGGGTGGATACTCCGTCCT	0	0	0		0	0	315.0570071	0	21
TGGCGTGAGGTATAATCTGAGGGGAAGGCT	0	0	0		0	0	24.23515439	0	25
TGGCGTGATATGCCCCGTGGATCGCATGTT	0	0	0		0	0	48.47030879	0	9
TGGCGTGGACTAACAATGCCAAAGGTACCT	0	539.4335347	124.9935605		0	0	0	0	70
TGGCTAAGCGATGGGACTTCTAGCGGTCTG	0	0	0		0	0	339.2921615	0	76
TGGCTAGGGCTCGATCCGATGGAGGTGGAA	0	0	0		0	0	242.3515439	0	7
TGGCTATGTTTCTCTATGCTCCTGCCCACT	0	0	0		0	0	169.6460808	0	0
TGGCTATTTGTCGCTTATGGTCTCATTAGA	0	0	0		0	0	169.6460808	0	280
TGGCTCACATATTGTCTCCTTAGGGGGTCT	0	0	0		0	0	72.70546318	0	168
TGGCTCCCCTATTGTCTCCTTAGGGGGTCT	0	0	0		0	0	24.23515439	0	2
TGGCTGAGCCCATTGTCCGGACCGGGGCGC	0	0	0		0	0	145.4109264	0	7
TGGCTGCTGCGGCGGATCAAGGGCCGCCCC	0	0	0		0	0	24.23515439	0	26
TGGCTGTGAAGAGGGGATCGAGGGGTAAGA	0	0	0		0	0	121.175772	0	502
TGGCTGTGCTCGGTGTGGCGGATTGGGGTG	0	0	0		0	0	2011.517815	0	1171
TGGCTTAATGGTAATTCCATGAATATCTTG	0	0	0		0	0	1575.285036	0	1337
TGGCTTCAAATTTCCGTCCCTACCTTCTCT	0	0	0		0	0	363.5273159	0	173
TGGCTTCTCAGGTAAAAGCGCTTGAAGGAC	0	0	0		0	0	24.23515439	0	3
TGGCTTTAGTCTATCGGCGGAACCGGATGG	0	0	0		0	0	169.6460808	0	2
TGGCTTTTATCAGGCGTTAATTCAGTTTTG	0	0	0		0	5.21492461	24.23515439	0	26
TGGCTTTTGAAGCGTCCGGCGGGATAATTG	0	0	0		0	0	387.7624703	0	2
TGGGAAGAATTCTCTCGGATAGTTTGTGCC	0	0	0		0	0	96.94061758	0	7
TGGGAAGATGTACGTCTTGAAATGCTCACA	0	52.84246871	0		0	0	678.584323	0	19
TGGGAATCCGATATTCACTTCGCCCCTTAA	0	0	0		0	0	363.5273159	0	34
TGGGACCCAAGGTGAGACTTGGAGCTGCAA	0	0	0		0	0	48.47030879	0	0
TGGGACGCTTGGTCGTTGATATAAGATAGT	0	0	0		0	0	848.2304038	0	14
TGGGACTCCTAACCCGCGCTCCCGGTGTGC	0	0	0		0	174.6999744	48.47030879	0	6
TGGGAGTCTTTAGGGGGGCTGGGGCAGTAC	0	0	0		0	0	411.9976247	0	310
TGGGAGTTTGGAAAGTTAGATGAAAAAGTT	0	0	0		0	0	218.1163895	0	16
TGGGATATGCGCTGACTTCAACTAATTACC	0	0	0		0	0	15437.79335	0	917
TGGGATGTGCCTCTATGAGCTGTGGATTTT	0	0	0		0	0	121.175772	0	10
TGGGCAATGTTGGGAGTGGTGCTGGGGGTG	0	0	0		0	0	1017.876485	0	756
TGGGCACCCCCCGGAGGCTGTACGGGGGTG	0	0	0		0	0	96.94061758	0	77
TGGGCAGTTTCTGGTGAGACGGACATAGGT	0	0	0		0	0	121.175772	0	45
TGGGCATCAATTCGTAGCAGATCTGCTTGA	0	0	0		0	0	848.2304038	0	10
TGGGCCAATCCGACAGTTTCAATTGGCCCC	0	0	0		0	11.73358037	48.47030879	0	0
TGGGCCAGATAGATGATCGTTGAGTTCTAT	0	0	0		0	0	1066.346793	0	350
TGGGCCAGCTGTTGGTTGTAGGGTAGGATA	0	0	0		31	177.3074367	0	0	612
TGGGCCATGGGGTTCGGTAAAGTTTACCGT	0	0	0		0	0	72.70546318	0	5
TGGGCGAGTCGGCAATCTACAGGCTGTCTG	0	0	0		0	5.21492461	24.23515439	0	258
TGGGCGATTCGGAGTATCCTTTTGCAAGCC	0	0	0		0	0	145.4109264	0	0
TGGGCGGAGCATAAAACCGTGGACACTGTG	0	0	0		0	0	48.47030879	0	11
TGGGCGGCTGAATTCCTCCACATGTTCGAA	0	0	0		0	0	96.94061758	0	506
TGGGCGTGGAGTGATATCCGACGCATTAGT	0	0	0		0	0	24.23515439	0	44
TGGGCGTTGTACGTTTCGCCTGCTAAGACT	0	0	0		0	32.59327881	460.4679335	0	635
TGGGCTATCGAGGCGCTGGGCGTATGGCAA	0	169.5362538	0		0	0	339.2921615	0	1034
TGGGCTATGAAGTATCGGGTTGACGGTTGA	0	6.605308589	0		0	0	0	0	3
TGGGCTGGGCAGGTCTTGGACTTTGGAAGC	0	0	0		0	0	2156.928741	0	26
TGGGCTGTTATGTATGTCATGGGTCTAGGT	0	0	0		0	0	96.94061758	0	49
TGGGCTTGGGGTCGGTGCGGCATGGGGGGA	0	0	0		0	0	48.47030879	0	5
TGGGGACATGGGCGGCACACTGTGGGCGTG	0	0	0		0	0	48.47030879	0	28
TGGGGACGGGGAAGCAGAAGGGTACGTAGC	0	0	0		4	0	0	0	0
TGGGGAGCGTGGAGGCTAGACTCCGCGCCG	0	0	0		0	0	72.70546318	0	11
TGGGGATTCTTCGATCCGCGGTTAAGATCA	0	0	0		0	0	557.4085511	0	341
TGGGGCGAGCCAGCCTCACACAAAGCTGTT	0	0	0		0	0	145.4109264	0	138
TGGGGGGTGAGTGAGGATGACCGGGGTGTG	0	0	0		0	0	24.23515439	0	32
TGGGGGTTAGCTAGGACGACGGATGTAGCT	0	0	0		0	0	72.70546318	0	3
TGGGGTACGGTCGGCTGGTATCCGATGTCC	0	0	0		0	0	169.6460808	0	40
TGGGGTTCGTCAGAAGTAGATAGCTGGACG	0	0	0		24	0	872.4655582	0	77
TGGGGTTGGTGCCTGCTCAGGAGGAGGGAG	0	0	0		0	0	1793.401425	0	1263
TGGGGTTTCACAAGGTATACTTTTGGAAGG	19.01573825	63.85131636	4.807444636		0	0	24.23515439	0	18
TGGGTATAGGCGTATAACGGCTCTGGACGC	0	0	0		0	0	96.94061758	0	4
TGGGTATTCCGAAACGGCTTTCCGGCCTCA	0	0	0		0	0	48.47030879	0	5
TGGGTCCATGTAACGAGGGTCGTTCCATGG	0	0	0		0	0	266.5866983	0	60
TGGGTCTAATAAAGTAATAGGTTTCCGGAT	0	0	0		0	13.03731153	290.8218527	0	299
TGGGTGAACCGGGTCGGGAGAGGTGCAGCG	0	0	0		0	0	3005.159145	0	16
TGGGTGTACCGCTCATACACTTAGGGGCTT	0	0	0		0	0	145.4109264	0	77
TGGGTGTTGGTGCTGGTAGGGGAGGTCCAA	0	0	0		0	0	72.70546318	0	0
TGGGTGTTTGATCGTCGTGTGATTCAATGT	0	116.6937851	0		0	0	0	0	29
TGGGTTGCAATTTTCGATTCGTTAACGACG	0	0	0		0	32.59327881	193.8812352	0	88
TGGGTTGGTGTTGCTATCCAACCGTTTTAC	0	0	0		0	88.65371837	0	0	22
TGGTAAAAAGGTCTGCATTCACTTCTTCAG	0	0	0		0	0	72.70546318	0	12
TGGTAAAGGTGCATACATTGGATAGTTTGT	0	0	0		0	0	72.70546318	0	805
TGGTAACGTCACTTAGTTCCCAATACTTTT	0	0	0		0	0	24.23515439	0	95
TGGTAAGACATATGTCAAACGATTAGGGCG	0	0	0		0	0	1623.755344	0	32
TGGTAATTACCAAGATTTATCGGAGATAAG	0	0	0		0	0	436.2327791	0	58
TGGTACTGTCTGCTTGGTCGGCAATTTCCA	0	0	0		0	0	72.70546318	0	225
TGGTAGTTGCCGCCTGTGGATAGGGTAGTA	0	0	0		0	0	581.6437055	0	6
TGGTATCACTTTTGGGTGGGAGGGGGGTTT	0	0	0		0	0	363.5273159	0	101
TGGTCACGTACAGTTTTTGGGATCAGAATG	0	0	0		0	0	605.8788599	0	291
TGGTCATTTAGCGGAATATCCATAATTACT	0	0	0		0	0	1114.817102	0	201
TGGTCCAAAGACTCCTGCCGATCAATGAGA	0	0	0		0	0	48.47030879	0	42
TGGTCGACGCAATAAAATCCAGTATTTATG	0	0	0		0	0	24.23515439	0	5
TGGTCGATGTCAGGCTATGCGAAGGTAGAC	0	0	0		0	0	24.23515439	0	49
TGGTCGATTACGGTTGAATTACCGAGATTT	0	0	0		0	0	48.47030879	0	2
TGGTCGCGTCCCGCACCTTCGCGCCAAGTG	0	0	0		0	0	24.23515439	0	8
TGGTCGGTGAAGTTTAGAGGGGCCGGTCTG	0	0	0		0	0	48.47030879	0	1037
TGGTCGTGTACCGGTGATGTCTTCTGAGAC	0	0	0		0	0	193.8812352	0	572
TGGTCGTGTGGCGTTAATGTTAAGCCAGTT	0	0	0		0	0	557.4085511	0	4
TGGTCGTGTTGAGTCGTTAGGGGGGGTCGA	0	0	0		0	0	96.94061758	0	41
TGGTCTACCCGGTAGATTATTGCATACTCA	0	0	0		0	0	24.23515439	0	2
TGGTCTAGTTCTGCGGTCAGCTACACGATT	0	0	0		0	0	266.5866983	0	3270
TGGTCTCCCATTATCTGAAGTGGAACCATT	0	0	0		0	0	1066.346793	0	332
TGGTCTTTATGCTACTTATTTGTTGGCCTT	0	0	0		0	0	218.1163895	0	8
TGGTGACTGCTGTGGTATCATCCGGATTAG	0	0	0		0	84.74252492	0	0	1354
TGGTGATTCCGCGTGACCTAGCTGGCCCAA	0	0	0		0	0	9718.296912	0	12
TGGTGCAGTGTCCTAGATTGCCATACACGC	0	0	0		0	0	1672.225653	0	888
TGGTGCCTCTGGGCGGGGTCGGGTGCGGAG	0	0	0		0	0	339.2921615	0	966
TGGTGCGAGGTCGTGTATTAATGGTGTTAT	0	0	0		0	0	48.47030879	0	4
TGGTGCGGGCTAGCTTTAAGAAGATGCTTT	0	0	0		10	0	0	0	134
TGGTGGAGAGAGCAAAGTTTTGTCGGCTTA	0	0	0		0	0	24.23515439	0	3
TGGTGGTAAACTAACGGATTGATGACGGAA	0	0	0		0	0	1405.638955	0	41
TGGTGGTCATCTCCGTAGAGTCAGCAGAGG	0	0	0		0	0	24.23515439	0	2
TGGTGGTCTAGTAGGTCAGCTGTGACGGAG	0	0	0		0	0	218.1163895	0	26
TGGTTACTCAGCTGTTGGCATTCCATACGT	0	0	0		0	0	96.94061758	0	2
TGGTTAGACTCGTTACATTACGCGGTACGT	0	0	0		92	0	48.47030879	0	4
TGGTTAGTCCCGATAACCCATCTATCTTCA	0	0	0		0	0	1429.874109	0	148
TGGTTATCTGCTGTAAATACCGACGCCTAG	0	244.3964178	0		0	0	411.9976247	0	90
TGGTTCCATATCAGAGCAATAGGCAGTACA	0	0	0		0	0	1090.581948	0	715
TGGTTCCCTCCCCGGGATAACCGGCCAGGG	0	0	0		0	0	48.47030879	0	173
TGGTTGAACGCCGAACAGAAGCGGGTTACT	0	0	0		0	0	72.70546318	0	8
TGGTTGGCCCCTTTTGACCTGCGGGTCGCC	0	0	0		0	0	48.47030879	0	20
TGGTTGTGACAGGATTCGATGCGAAGTTGA	0	0	0		0	0	48.47030879	0	2
TGGTTGTTGGAGTCGTTCGCTATAGGTGAT	0	0	0		0	0	242.3515439	0	3
TGGTTTCATCGCTGAGCTCACTTCATTAGA	0	59.4477773	0		0	0	727.0546318	0	958
TGGTTTGAAAGCGAAGTGTACCTGAGACTC	0	0	0		0	170.788781	24.23515439	0	7
TGGTTTGGGACCAGAGTGCAGTTGTGAGCG	0	0	0		0	0	24.23515439	0	0
TGTAACATATTATGCGAACACCCTTTATTA	0	0	0		0	0	72.70546318	0	4
TGTAACGGGGCTTATATTTGAACTGAAGCT	0	0	0		0	0	169.6460808	0	8
TGTAATGCAGTGACGGACGTAAAATTATTT	0	0	0		0	0	24.23515439	0	25
TGTACACCGACATAACTATTTTGGAATACA	0	0	0		0	0	339.2921615	0	0
TGTACAGGTTAAGTTGGAGCATCGCGAATT	0	0	0		0	0	24.23515439	0	59
TGTACCGGCTTCAGCTGGATTTTTGTATGT	0	0	0		0	0	266.5866983	0	2
TGTACGAATTGGGTAACAATCTTGGGCTCG	0	0	0		0	0	96.94061758	0	132
TGTACGATGGGGTTCTTCTCTCTTCGTTAG	0	0	0		0	0	169.6460808	0	9
TGTACGCTGCGTCGTGCGCAATGAGCCTTA	0	0	0		0	0	1793.401425	0	28
TGTACGTGCCGTTAAGCGCACTGTTAGCAC	0	0	0		0	0	48.47030879	0	14
TGTACTCTGGATCAGCATAATCGCGGATTA	0	0	0		0	0	169.6460808	0	0
TGTACTCTTCTTTATCGGCGGTACGTCTTA	0	0	0		0	0	145.4109264	0	3
TGTAGACGAAGTACAGCAATCGGCATCATC	0	0	0		0	0	242.3515439	0	216
TGTAGCCGGCACTGGGCGGCGGGGAGGTAT	0	0	0		0	0	411.9976247	0	8
TGTAGCCTACAGCGGGCACAAATACGGTCG	0	0	0		0	0	72.70546318	0	11
TGTAGGGAGCTGGGAGGGGGCACGGACCGG	0	0	0		0	0	218.1163895	0	500
TGTAGGTATTAGTTGTTATGTGTCGTACTG	0	0	0		0	14.34104268	48.47030879	0	2
TGTAGTCACTACAGAACCCTGCTAACCCGC	0	0	0		0	0	2278.104513	0	50
TGTAGTGAGTTAACGATGGGGAAGGCACCA	0	0	0		0	0	581.6437055	0	22
TGTAGTTTACCCACGCGTGGCGGGGTTCAG	0	0	0		0	0	96.94061758	0	4
TGTATAGTTCTGATGTCTCGTACTGGAAAT	0	0	0		0	0	24.23515439	0	821
TGTATATTTTACGTGGGTTCTCTGTCCCCA	0	0	0		0	0	72.70546318	0	22
TGTATCGACTTTAAGCGGCTAAGCTTGCCT	0	0	0		0	1.303731153	0	0	4
TGTATCTTGGGGTTTGGTTTCTGCAATCAG	0	0	0		0	0	96.94061758	0	65
TGTATGAAAGGATGCTGGGGCAAACAGTTG	0	0	0		0	3.911193458	0	0	2
TGTATGAACGATTCCCCAGTTAACTATGGG	0	0	0		0	408.0678508	290.8218527	0	227
TGTATGAGCTATCTCTCCGACTTTGTTCAT	0	19.81592577	0		0	0	72.70546318	0	173
TGTATGGGATCGATCTTTGAACCGGCTCAT	0	0	0		0	0	24.23515439	0	768
TGTATGGGGGGCCGGGGACCTGAGAGCGCC	0	0	0		0	0	24.23515439	0	2
TGTATGTATACATCGTTACAACTCGAAACT	0	158.5274061	0		12	0	0	0	59
TGTATTAGGTGTGCACAGCTAAAACAGGTC	0	0	0		0	0	945.1710214	0	705
TGTATTGTTTTGCCCGAAAATGTTTATTAA	0	0	0		0	0	339.2921615	0	252
TGTCAACCACCGGACTACAGGACGTGCTCG	0	0	0		0	0	72.70546318	0	4
TGTCAACGCCTTCAGTTCAGCTCGAGAGTT	0	0	0		0	0	96.94061758	0	3
TGTCAACTGTGTCACTCGGAGGTGCCGCCC	0	0	0		0	0	24.23515439	0	4
TGTCAGCATTCAGCGATGCTTAGAAAGCGA	0	44.03539059	0		0	0	48.47030879	0	11
TGTCATCCTTGTGCACGCATAACCCCTCAG	0	0	0		0	0	48.47030879	0	0
TGTCATGTTTCGGTGAGTAGAAGGCAGTAG	0	0	0		0	0	411.9976247	0	155
TGTCATTTGGGGGTATAACGTTTTGGAACG	0	0	0		0	0	315.0570071	0	1234
TGTCCACTACCCATTTGTCCGTCCAAGGCT	0	0	0		0	18.25223614	48.47030879	0	16
TGTCCATTATGAATTATGAGGGGATATGTG	0	0	0		0	0	1284.463183	0	21
TGTCCCAGTTCGCGGAATCCTCAACTTCAA	0	0	0		0	156.4477383	0	0	23
TGTCCCGAGGGTTTCGGAGCGTTAGATTCA	0	0	0		0	40.41566573	0	0	5
TGTCCGGCATTGTATCCACGGGCAGGCTGA	0	0	0		0	0	72.70546318	0	15
TGTCCTATCGCGGTGGCATTCCAGGGAGTG	0	0	0		0	0	72.70546318	0	278
TGTCGAATCGGCCTAGTGCTGTTTTGCCCA	0	0	0		0	44.32685919	24.23515439	0	11
TGTCGAGGATTTGGACGAGTGTTCTCATGG	0	0	0		0	0	363.5273159	0	3
TGTCGCAGTGTGAAGGGCGCTGCCTGCGAT	0	0	0		0	0	72.70546318	0	4
TGTCGCGTGGCCGGTACGATTTGGAACCTC	0	0	0		0	0	24.23515439	0	4
TGTCGCTAAGCACCGCTATCTTGTTGTGCA	0	0	0		0	0	266.5866983	0	0
TGTCGGAGTGGAGGGTGGCTTGGGGAACGA	0	0	0		0	0	24.23515439	0	8
TGTCGGGTGAGGCCGTAGCGGCCTGGGCGT	0	0	0		16	0	0	0	7
TGTCGGTGTGGACAGTCCATTCTTTGGGAC	0	0	0		0	20.85969844	48.47030879	0	24
TGTCGTCCTCCCGTACCCAGTGCCCGTGGG	0	0	0		0	0	193.8812352	0	30
TGTCTACCACCTGAGCCGTTGGTGGCGGGT	0	0	0		0	0	72.70546318	0	246
TGTCTATATTCGAAAACGCTGTCCCGGAAT	0	0	0		0	0	24.23515439	0	0
TGTCTATGATCGAGTGCTACCGAAAATTTT	0	2.20176953	0		0	0	0	0	4
TGTCTCATATGGTGGGCGATCCGAGGAAAA	0	0	0		0	0	48.47030879	0	43
TGTCTCCATTGGAGCGAAAGACGTCCAAGC	0	0	0		0	0	484.7030879	0	5
TGTCTCGAGCCCGTCCTGGATTTCAGTTAT	0	8.807078118	0		0	0	1017.876485	0	26
TGTCTCGGACACGGACTCGTACTAATCATG	0	0	0		0	0	169.6460808	0	300
TGTCTCGTCTGTCACGTATGCACGCCACTT	0	0	0		0	0	654.3491686	0	37
TGTCTCTATTGCGCATTGGCAAGTTATACC	0	0	0		0	0	24.23515439	0	36
TGTCTTGCCGCGTGGGGTGCCAATTGGGCG	0	0	0		0	0	72.70546318	0	43
TGTCTTTTGGTTGCATCGGTTTATGTTCAG	0	0	0		0	0	218.1163895	0	16
TGTGAAAATCGGAACAAGTGTCACTCGAAA	0	0	0		0	0	48.47030879	0	2
TGTGAACGTGACTAATATACCGGAAGATCA	0	0	0		0	0	436.2327791	0	2275
TGTGAAGATCCGTATTGGAGGATCTTGTTG	0	0	0		0	0	72.70546318	0	11
TGTGACATTCACGAAAGGTTTTTGTGAGTG	0	0	0		0	0	24.23515439	0	2
TGTGACCCGTTCAGGGGGTCCATTCGCTGC	0	0	0		0	0	48.47030879	0	0
TGTGACTGGCATAGGCAGAGAGACAGCGTC	0	0	0		0	0	24.23515439	0	3
TGTGAGCGTGTTGTCAAAGGGCTACTGCGC	0	0	0		0	2.607462305	0	0	5
TGTGAGCTGCCGTGACTGTTGGGCGGGGGT	0	2.20176953	0		0	0	0	0	8
TGTGAGTAAGCGCGTTGTATCTGTACAGCT	0	0	0		0	57.36417071	0	0	0
TGTGATAGTGCGATCGAGTTGTAAGGAGGA	0	0	0		0	0	72.70546318	0	170
TGTGATGCGGCTTGATTGCGTTTTAGTAAA	0	0	0		0	0	72.70546318	0	7
TGTGCAAATAGAAGCTTGCGTTGGGCAAGA	0	0	0		0	0	48.47030879	0	0
TGTGCAGATCGGTTATACCGGCCAATCCTT	0	0	0		0	0	436.2327791	0	31
TGTGCATACGTAATCGAGCCCAGAGTTTTT	0	0	0		0	0	169.6460808	0	13
TGTGCCCACTTGAGAAGGGCTTGGTGTCTT	0	0	0		0	0	48.47030879	0	80
TGTGCGCTGTTGTTCCGTTGGACACTGGAT	0	0	0		0	0	72.70546318	0	129
TGTGCGTTGGGCGCATCGAGTATGCTTCGC	0	0	0		0	16.94850498	0	0	2
TGTGCTAAGCAGTATAATTTCTTCTAGGGT	0	68.25485542	4.807444636		0	0	436.2327791	0	21
TGTGCTACGTCCCTGACCAGTGTGGTCTTC	0	0	0		0	67.79401993	0	0	11
TGTGCTGATCGTATCGAAAGGCATACAACG	0	0	0		0	0	533.1733967	0	843
TGTGCTGTGTCGCCCGGCGGGGCTTGCCAG	0	0	0		0	0	121.175772	0	151
TGTGCTTAGGCTCGCACAACAACTATAGGT	0	0	0		0	0	24.23515439	0	46
TGTGGAACGCGTCGAGAGGGTTGGTACTAA	0	0	0		0	118.6395349	1042.111639	0	67
TGTGGACAGGGGAGAAGTGTGGCTGTATCC	0	0	0		0	0	24.23515439	0	71
TGTGGCTAGGCGGATAACGTCCAGTCAAGC	0	0	0		0	0	242.3515439	0	103
TGTGGGAGGAAAAGAAGCGTGTCTAGGGGG	0	0	0		0	0	24.23515439	0	8
TGTGGGTATGATTCTTGTTGCGCCCTATTT	0	0	0		0	0	24.23515439	0	0
TGTGGGTTGTGCCAAAACGCTGCGTGGTTT	0	0	0		0	9.126118068	96.94061758	0	6
TGTGGTATGAAATTAAGTACATCTAAACGG	0	0	0		0	0	1332.933492	0	61
TGTGGTCAGGAGAGCTCGGCCGATCGAAAT	0	0	0		0	0	193.8812352	0	50
TGTGGTCCACTTGTGATTCTTGTTAGGCAT	0	0	0		0	0	339.2921615	0	145
TGTGGTCTTCACCCTCCTCAGATTTAAACC	0	0	0		0	0	436.2327791	0	37
TGTGGTTACAAGACGAGTAGTGTTAGATCT	0	0	0		0	0	72.70546318	0	2
TGTGGTTTTAACCAGTAGGCTCAGCTGGGT	0	0	0		0	0	24.23515439	0	51
TGTGTCGACGAGGTCGTGTCGTCGTTAATA	0	0	0		0	0	48.47030879	0	3
TGTGTCTAGCGTGATGCGTGGATCGGGGTG	0	0	0		0	0	72.70546318	0	5
TGTGTTACTCCAGGTGATTTTTCAGTGTGA	0	0	0		0	520.1887299	145.4109264	0	56
TGTGTTCCTGCCAAGTTTTGGATACGTACT	0	0	0		0	29.98581651	24.23515439	0	2959
TGTGTTCGTCTGCATGGAAGACCATGTAGT	0	0	0		0	0	24.23515439	0	51
TGTGTTGAATCGCCTGCACAGTCAGGAGAG	0	0	0		0	355.9186047	363.5273159	0	123
TGTGTTGAGGGTCGGGCCGGATCTTTTGTT	0	0	0		0	0	24.23515439	0	38
TGTGTTTCATGACGGGTTAAAATTAATAGT	0	0	0		0	199.4708663	315.0570071	0	75
TGTGTTTCATTGGGGGCCAGGGAGCTCTCT	0	0	0		0	0	48.47030879	0	0
TGTTAACCGTTCAAAACGCACAGGCCGCCA	0	0	0		0	0	2156.928741	0	9
TGTTAACGCTCGTACGTCGACACGTAAAAG	0	0	0		0	0	1066.346793	0	432
TGTTAAGTGTATACCTTACTTCATCAGTAT	0	0	0		0	0	145.4109264	0	7
TGTTAAGTTCCGCAAGCTGACGCGCGAGGT	0	0	0		0	0	48.47030879	0	22
TGTTACCGAAAGCTTATTCCTATACAAGTT	0	0	0		0	0	24.23515439	0	14
TGTTACGGCCCGATCCACGGCTCGTCAGCG	0	0	0		0	35.20074112	0	0	3
TGTTACTATTTCGTACTTGGCAATCTAGAT	0	0	0		0	0	48.47030879	0	6
TGTTAGATCTTTTGTCAGGTCTGGCCTACT	0	0	0		0	0	24.23515439	0	18
TGTTAGGGATACAGAGGACTAATGAGTAGT	0	0	0		0	0	121.175772	0	25
TGTTATCCACCATGCCGCTACACTGACAGT	0	0	0		0	0	169.6460808	0	16
TGTTATGCGCAAAGAATAGGTACGACTCAT	0	0	0		0	0	96.94061758	0	399
TGTTATGCTCGTTTCGCCGCATTCATAAGG	0	0	0		0	0	24.23515439	0	8
TGTTATTGAATGTGTGGGCCGGTCAGCTTG	0	0	0		0	0	339.2921615	0	5
TGTTCACGTGCTAAAGCTATGTTTTGAGGG	0	0	0		0	0	96.94061758	0	14
TGTTCACTTTGCGGGATTGTGTATATCGGT	0	0	0		0	0	1114.817102	0	138
TGTTCAGGTCAGACTCAGATGGGACTATTA	0	37.430082	0		0	0	0	0	11
TGTTCCCGGACACAGACAGGCACACGTCTC	0	0	0		0	0	24.23515439	0	14
TGTTCCGAGTGCTCTCGCCGATGACTATGT	0	0	0		0	0	48.47030879	0	12
TGTTCCTCATAGTCGGGCGTCTCTTTATAC	0	0	0		0	0	24.23515439	0	21
TGTTCGAGTGAGGGTAGTTACGGCGTTCAT	0	0	0		0	0	24.23515439	0	3
TGTTCGCGTGCGAGGGCAGGGGTGGCGGGC	0	0	0		0	0	242.3515439	0	1082
TGTTCGGTCCTTGAGTACCTGATGTGTCAT	0	0	0		0	0	96.94061758	0	4
TGTTCGTGACGAGGGGTGACAGGCAGGTGC	0	0	0		0	0	96.94061758	0	77
TGTTCGTTATTATTGCTTATAGCGTTCGGG	0	0	0		0	0	48.47030879	0	9
TGTTCTACTACCAGCGTAAGCATGGTAGAT	0	0	0		0	13.03731153	145.4109264	0	0
TGTTCTGGCAATAGAAGCTACTCAATAGAA	0	290.6335779	59.29181718		0	0	96.94061758	0	2025
TGTTCTTGGGGAGGCTATCCTAGCTTTAAT	0	0	0		0	0	24.23515439	0	0
TGTTGAAAATCTATTTATTCGTCGAGCACA	0	0	0		0	46.93432149	581.6437055	0	137
TGTTGAATCGCTTGATGCTCGGCCTCACGT	0	0	0		0	0	315.0570071	0	50
TGTTGAGAATAGGTAGGTGTTGTCTCGATC	0	0	0		0	46.93432149	121.175772	0	44
TGTTGAGGGATTGGCGTCAAAACAATCGAT	0	0	0		0	0	169.6460808	0	36
TGTTGATACCCAGCTGGCCCAGCCGCCTTT	0	0	0		0	1.303731153	0	0	2
TGTTGATTGTGAAACTATGAAAGGGGAGGG	0	0	0		0	0	48.47030879	0	12
TGTTGCATATCTGCTGCTGTTGAGTGAGAG	0	0	0		0	0	121.175772	0	43
TGTTGCATGATACTCTCTTGATCGGGTCCA	0	44.03539059	0		0	0	72.70546318	0	7
TGTTGCCTGTCTTGGGTTGGGAGGGCGCGG	0	0	0		0	0	484.7030879	0	14
TGTTGCGTTGCGCGCTTTACCGGTTAACAA	0	0	0		0	0	411.9976247	0	59
TGTTGGAGGAGCAGAGGCCGTAACAGGGAT	0	0	0		0	10.42984922	193.8812352	0	18
TGTTGGGAATCCTCTTTTGTCCGTGTGTAT	0	0	0		0	0	48.47030879	0	93
TGTTGGTGCTCAGGAAGGATTTTAGTCAGT	0	24.21946483	0		0	0	72.70546318	0	65
TGTTGTAAAATAGAGTAACATCGAGCCATT	0	0	0		0	0	24.23515439	0	4
TGTTGTCGATCGCACTTCATTCTATTTTGC	0	0	0		0	0	48.47030879	0	4
TGTTGTGAGCAATCCGTGCTCCTGGTGTAG	0	0	0		0	0	315.0570071	0	185
TGTTGTGGAGGGGCGCGCCCTGGTGACTGT	0	0	0		0	6.518655763	0	0	10
TGTTGTGGTCGCCAAGCATTTGACACTGTG	0	4.403539059	12.81985236		0	0	96.94061758	0	5
TGTTGTTGAACTTTTGAGCTACCTAACCTA	0	0	0		0	0	799.760095	0	11
TGTTGTTGGTGGGTTTGATTTTTATGTTTG	0	0	0		0	0	24.23515439	0	26
TGTTGTTTGCGTCCATTCTCGGCACTGGAT	0	0	0		0	0	1187.522565	0	243
TGTTTAACCCCGGGTGTCTGGCGGGTACAG	0	0	0		0	0	242.3515439	0	18
TGTTTAGATCGGTGCTTCGAAATGGTGGCG	0	0	0		0	0	387.7624703	0	76
TGTTTATGAATTAAGAATCGATATTCCTGT	0	0	0		0	0	24.23515439	0	4
TGTTTCACTCATTTAGGTTGTGACCCCTCA	0	0	0		0	0	48.47030879	0	5
TGTTTCATCATCCCGCCCGTTCTGATTACT	0	0	0		0	0	266.5866983	0	35
TGTTTCCTTGTACTAGCGAAATTTCAGAGG	0	0	0		0	0	121.175772	0	95
TGTTTCTTGACGGTTACAATTTCCTTAGCT	0	0	0		0	0	72.70546318	0	5
TGTTTGAGACTGCGTTAGCTGCATGCGACT	0	0	0		0	70.40148224	6979.724466	0	2
TGTTTGAGGGTCTGTATTCGCTTAGGTAGG	0	0	0		0	0	24.23515439	0	85
TGTTTGCGTTTATGATGATCAACTAATGAT	0	0	0		0	0	605.8788599	0	733
TGTTTGCTGGTGGTGATGTGAGATTCTTTA	0	0	0		0	0	460.4679335	0	2
TGTTTGGGGCGGTGCAGGGCTCATGGGAAA	0	0	0		0	24.7708919	0	0	335
TGTTTGGGTGAGGCCGGTAGCGTTCCAGAA	0	0	0		0	0	96.94061758	0	197
TGTTTGGTCAAAGCGTCTAAGCTAGGTCCT	0	0	0		0	0	460.4679335	0	0
TGTTTGTACGGGAAATGGAACCACTTGGCG	0	0	0		0	0	533.1733967	0	96
TGTTTTACCTTTTTGCGATCACCATGTTTA	0	0	0		0	0	24.23515439	0	577
TGTTTTATTTAGATCCCAATAGGTTTTTTA	0	0	0		0	0	2835.513064	0	190
TGTTTTGTCGGAGTTACTATATGCTCTCTC	0	0	0		0	0	121.175772	0	4
TGTTTTTACAGTTCACTTGGGATGACGCAG	0	0	0		0	457.6096346	96.94061758	0	9
TGTTTTTATTCCCAGGTCGGGTATTGCATT	0	0	0		0	0	678.584323	0	2
TGTTTTTTGTGAAGAGTTTGGTGGTGACAT	0	0	0		0	0	48.47030879	0	4
TTAAAAACTCTAGCATATAATAAACTACTT	0	215.7734139	0		0	0	2496.220903	0	288
TTAAAATAAGAGACGCAACCAAGCTGATTT	0	0	0		0	0	48.47030879	0	5
TTAAAATGCTGCGATGTCGAGTTTAGAATA	0	0	0		0	0	48.47030879	0	4
TTAAACGCGGCAGGGTTCAGCCACGGTTCT	0	0	0		0	0	72.70546318	0	3
TTAAAGAATGGCAAGGCAGATGATGAAGGC	0	0	0		0	0	218.1163895	0	6
TTAAAGCATAATGTGTACTTCCTTGATTAT	0	0	0		0	0	193.8812352	0	6
TTAAAGCATCTGGTGAGATATGAACCACTC	0	0	0		0	0	290.8218527	0	82
TTAAAGCGGTGGTTACTCGTTAAAGCATGA	0	0	0		0	0	24.23515439	0	0
TTAAATCTCTGATATAGTTTTAGCACAGAA	0	0	0		0	0	2326.574822	0	554
TTAAATCTTACGTGATTTTCGTGTGGGGTA	0	0	0		0	0	48.47030879	0	8
TTAAATGACCAGGCATGCAAAGGTCTTGTC	0	6.605308589	0		0	0	24.23515439	0	15
TTAAATGGCGTCCGCGGGCCGTTGTGGATG	0	0	0		0	0	145.4109264	0	24
TTAAATGTTGCTCATAGCATTGTATAACCG	0	0	0		9	0	48.47030879	0	24
TTAAATTTGTACGACATTGCTCTTCACTAC	0	0	0		0	1.303731153	24.23515439	0	2
TTAACAATTTTTGCGGCTACTTAGTCGCAT	0	0	0		0	0	72.70546318	0	5
TTAACACGATAGCCGAGGACTGACATATGT	0	0	0		0	0	339.2921615	0	142
TTAACATCTGACGTCCATTAGTACGCTGGG	0	0	0		0	0	1551.049881	0	1920
TTAACCGCTGGTCGCGATGCAGGTCGGGGC	0	0	0		0	0	24.23515439	0	7
TTAACGGCCTTCTATTGAATAGGCAAGGAG	0	0	0		0	0	48.47030879	0	13
TTAACGGTTTCGGCTGTCGTCGTGCACGGA	0	26.42123435	0		0	0	0	0	10
TTAAGCATTCTTTTCTTAATCGAGTTCAAG	0	0	0		0	0	727.0546318	0	550
TTAAGCGAAGTTGGTTGCGTGCGTGTAATC	0	0	0		0	0	96.94061758	0	1740
TTAAGCGTTCTCGGGCGAGCGGCTTTCCAG	0	0	0		0	73.00894454	145.4109264	0	3
TTAAGGGCGTGTATGCAACCACTGTTGGGC	0	0	0		0	0	72.70546318	0	7
TTAAGGGGGGAGTGGCCGATTATCACTTCG	0	0	0		0	0	24.23515439	0	0
TTAAGGTGTCAAGTCGTCGCAACATTTATG	0	0	0		0	0	48.47030879	0	63
TTAAGGTTGAGGATAACAGCGGCATACTAG	0	0	0		0	7.822386915	242.3515439	0	0
TTAAGTCTCATGGGTTTTTTCTCCTATGCA	0	0	0		0	0	121.175772	0	66
TTAAGTCTGGTATACCAATACTGCCGCCCG	0	0	0		0	0	6155.729216	0	150
TTAAGTTAATGGGTTGTACTCTAACTCCGA	0	0	0		0	10.42984922	24.23515439	0	9
TTAAGTTCGATGGACATTTGTAGCCTTCTG	0	0	0		0	0	24.23515439	0	72
TTAATCCCTAGGCCGGCTATCATTACCCCG	0	0	0		0	0	72.70546318	0	0
TTAATCGAATGCAGCACAATGTATTCTGGG	0	52.84246871	0		0	0	2811.27791	0	2750
TTAATGCAGATGGAACGAAGTCAGACTAGA	0	0	0		0	1.303731153	48.47030879	0	21
TTAATGCTGCTGAGCAAATTGATTTCTAGC	0	0	0		0	0	315.0570071	0	139
TTAATTCTATCGATTCAAACGGCATCTTAA	0	0	0		0	0	799.760095	0	849
TTAATTGCCGGATTATTTACTCATTCTGAT	0	0	0		0	0	1308.698337	0	74
TTAATTTAACGTTAACGTCTTGTCTCACTT	0	0	0		0	0	24.23515439	0	358
TTACAAAGTTTCAAGTTGAGTTCACAGTAA	0	0	0		0	0	24.23515439	0	2
TTACAACATCTCGCCGTTAAGAGTAAATGA	0	0	0		0	0	484.7030879	0	2766
TTACAACGGAAACAATGTTTAGTATCACAC	0	0	0		0	0	48.47030879	0	3
TTACAACGTCTAGTTTCTCAGCCACGGATA	0	0	0		0	7.822386915	0	0	21
TTACACGAGGCAAAGGACTGAATAGGCCTC	0	0	0		0	0	96.94061758	0	19
TTACACTTTTGTATGCTTTGCTGGTTGGGA	0	0	0		0	0	72.70546318	0	72
TTACAGGCTCGAGTACTGTAGTCCCATTCG	0	0	0		0	52.1492461	0	0	212
TTACAGGGCGCTGATTTACGTATTCGACCT	0	0	0		0	0	48.47030879	0	18
TTACAGGTACAAGTTGTATGGGGCTCTATT	0	0	0		0	0	48.47030879	0	0
TTACAGGTCCATTAACCTTTTATCCTCAAT	0	0	0		0	0	2762.807601	0	700
TTACATAAGTAGCCGTTAAAATCCCCTGTT	0	0	0		0	0	145.4109264	0	51
TTACCAGCAGTGATTATCCCACTTTGCCAA	0	0	0		0	22.16342959	1260.228029	0	221
TTACCATGCGTAAGGCGATACTGCGGTTAT	0	0	0		0	0	654.3491686	0	261
TTACCTAAGGTCTTGTCAAACTCGCTTTAT	0	0	0		0	0	72.70546318	0	135
TTACGAACACTTAAGTCTATGTGACAGGAA	0	0	0		0	0	4968.206651	0	4
TTACGATTAACACCGGTAGATCAATAAGAA	0	0	0		0	14.34104268	0	0	7
TTACGGAAGGCTTGCAGCACAGATTACGGT	0	0	0		0	0	121.175772	0	6
TTACGTTATTCCTTCCCCCGGTTCCGTTAT	0	0	0		0	0	339.2921615	0	643
TTACGTTTATCGTAGCCTTGAAGCTTGTCG	0	0	0		0	0	96.94061758	0	4
TTACTAGGGCTTAATGGACGATGCTCGATT	0	0	0		0	0	96.94061758	0	473
TTACTCAGCCGACTCAGCTCCGTAATAATG	0	0	0		0	0	121.175772	0	20
TTACTGTGCATGCGGATTTGTATCTGGGCA	0	0	0		0	0	702.8194774	0	114
TTACTTAAGACCATTGCAGTTGCTTGAGCT	0	0	0		0	5.21492461	484.7030879	0	43
TTACTTAAGGTTTTCACTTATGCGTTTAGC	0	0	0		0	204.685791	799.760095	0	425
TTACTTACTCACGACATCTCCCTTCAGGCT	0	0	0		0	0	193.8812352	0	23
TTACTTAGTACTACACTTGTAATCGGGTCG	0	0	0		0	0	436.2327791	0	98
TTACTTATCATCAATTCATCTGACCATGGA	0	0	0		0	0	169.6460808	0	0
TTACTTGTTCGGCGGTCTATGTAGACCGTT	0	0	0		0	0	218.1163895	0	57
TTACTTTTCACCTCTTTCCCAGTCTTCTAT	0	0	0		0	0	24.23515439	0	33
TTAGAAGCGTGGGCTCTGACGGTCATTGAG	0	0	0		0	0	436.2327791	0	73
TTAGAATTGCTCGCCTTGCATAGCAATCTC	0	0	0		0	0	48.47030879	0	134
TTAGAATTGTTCCCGGATTTCTCTTCAGGT	0	0	0		0	0	24.23515439	0	70
TTAGACTAAACTCCCCCTATACCAGTCCTT	0	0	0		0	0	96.94061758	0	100
TTAGAGACTTTCAATCGGGTTTGTTGAGGT	0	0	0		0	0	193.8812352	0	12
TTAGAGTACATACTGAAGTATCTTGCACGA	0	0	0		0	0	2229.634204	0	185
TTAGAGTTCATTGTTCCATCTCGATTGTTT	0	0	0		0	0	290.8218527	0	25
TTAGATAGTCGTGAGGTGAACATATGAAAT	0	0	0		0	0	72.70546318	0	409
TTAGATCAATACAATTCCGGTCAGAAGGCG	0	0	0		0	0	1841.871734	0	86
TTAGATGGGCTGAATCGCCCTTAGTGTTTA	0	0	0		0	0	48.47030879	0	0
TTAGATTCCACTGCCTAGTTCATGTCTATT	0	0	0		0	0	24.23515439	0	0
TTAGCACATAGTATGATCCTGCTTCTGCTT	0	0	0		0	0	145.4109264	0	55
TTAGCACTCCTTCGGATTGGCATTCGCACT	0	0	0		0	0	339.2921615	0	55
TTAGCCTCTCGTGTTCCCTCCGAACCCTCA	0	0	0		0	0	72.70546318	0	59
TTAGCCTGTTGCATGCATCCAATTTCTACG	0	0	0		0	0	1454.109264	0	27
TTAGCTAACCAACCGCTGACGGCCAGGTGA	0	0	0		0	0	605.8788599	0	170
TTAGCTCTTACTATCCTCTGCCGATAACTG	0	0	0		0	0	581.6437055	0	2
TTAGCTGTAGACTACCGATCTTCAGTTTTT	0	0	0		0	0	24.23515439	0	0
TTAGGATCGCCGTCCCTCGTCCCAGAAGAG	0	0	0		0	0	339.2921615	0	14
TTAGGCCACATAGTTTGTGGAGGGGCGTGC	0	0	0		0	0	24.23515439	0	14
TTAGGCGCGTTGTGGAGGTAGTGATATTGA	0	0	0		0	0	145.4109264	0	0
TTAGGCTAGGGGTATCAAACCGAATTGATT	0	0	0		0	0	218.1163895	0	83
TTAGGGAACCTCCTAGCTAATGGTATTCCA	0	0	0		0	0	1720.695962	0	7
TTAGGGAGTTATCCTGTGTATTTGGAGGGA	0	0	0		0	0	121.175772	0	165
TTAGGGCGCGTTTGGGTGCTGGCCTCAGCC	0	0	0		0	0	1017.876485	0	2271
TTAGGGTGACTAATGGGCCGTAGGCCGATT	0	0	0		0	0	290.8218527	0	234
TTAGGTCGTAAAGTTCCTGTGACACATTGC	0	0	0		0	15.64477383	24.23515439	0	0
TTAGGTCTGGGGGTGTGTCCATATCTTTGG	0	0	0		0	0	145.4109264	0	23
TTAGGTGTTGGGCCAGGGCCGACGGATCCT	0	0	0		0	0	557.4085511	0	501
TTAGGTTAGTCACTTAGATTTCAAGCCAAT	0	0	0		0	0	266.5866983	0	61
TTAGGTTTCGTTAGAAGTAGGAGTACCTGT	0	0	0		0	0	24.23515439	0	0
TTAGTACTCCGCGCACTTTCCGGTGCCGGT	0	0	0		0	0	581.6437055	0	2
TTAGTAGGCGTTGTCTGCCAAAGACACACC	0	0	0		0	0	605.8788599	0	1183
TTAGTATAAACTATGCTCCGAGGTATGGCA	0	0	0		0	14.34104268	0	0	2
TTAGTATAGAATAGTCGTGAGTAACCTGTC	0	0	0		0	0	4095.741093	0	150
TTAGTATATCCGGGACCTCCGGTTGGTTCT	0	0	0		0	0	339.2921615	0	263
TTAGTATCTCATGTTCGCCTCGCTTATACG	0	0	0		0	0	72.70546318	0	2
TTAGTCACTGTGTTACATAACGCGATAGGC	0	0	0		0	0	193.8812352	0	3
TTAGTGAGCTAATCTAGGTATCCGATTCGT	0	0	0		0	0	96.94061758	0	4
TTAGTGGTAGTCACAAGGGAGGGCGAGGAG	0	0	0		0	0	24.23515439	0	11
TTAGTTCTTGTGTCCGGCAGAGTTATCATT	0	0	0		0	0	242.3515439	0	26
TTATAACTTTTTGAGTTGTCTCACTACCAA	0	0	0		0	0	363.5273159	0	78
TTATAGCGCGCATCCAGTCTACGGAATTGG	0	0	0		0	0	24.23515439	0	5
TTATAGCTTCGGACCAGCCGCGTCTATTAG	0	0	0		0	0	24.23515439	0	40
TTATATAGCTGGTACGATTTTCGGTAGATT	0	0	0		0	0	24.23515439	0	12
TTATATATCAGCCACCGTCCATAAAAATCA	0	0	0		0	0	96.94061758	0	0
TTATATATTTTTAGCTCTTAGCTTCGTAGT	0	0	0		0	0	24.23515439	0	5
TTATATCCGACGCACGCCCTATGATCTTAA	0	0	0		0	0	799.760095	0	24
TTATATCCTTGACATGAGGGGCATAACGAC	0	0	0		0	0	72.70546318	0	20
TTATATTATGATTGTCAACTCTGTTGTATG	0	0	0		0	0	48.47030879	0	25
TTATATTTCCGAGAGACGAAATGGGTAGTT	0	325.8618904	0		0	0	339.2921615	0	640
TTATCATTATCCTGAAGCTGGGTTTCGCAG	0	0	0		0	0	315.0570071	0	79
TTATCCCAGCCGTGCTCACGAGTTCAAATT	0	0	0		0	0	48.47030879	0	5
TTATCCCCCTTGACGCTCGGCGCTCCAATT	0	0	0		0	0	48.47030879	0	0
TTATCCCTGGCTGGTCTCCTAGCGCGTTGG	0	0	0		0	0	24.23515439	0	46
TTATCCTAGCAAACAGTATACGCGCTTCCA	0	0	0		0	0	193.8812352	0	20
TTATCGACGAAATGACTACACAAGACGCAA	0	0	0		0	0	121.175772	0	92
TTATCGAGGTTCTGTCCTGGGTTCATAGGG	0	0	0		0	0	290.8218527	0	153
TTATCGCCCGCTTATACAAAAAAACTAGTT	0	0	0		0	267.2648863	72.70546318	0	57
TTATCTGCCGCGACGCGGCACGCACTATAG	0	0	0		0	0	24.23515439	0	19
TTATCTGTGGATATATGGGAGTCTCGCTAT	0	0	0		0	0	145.4109264	0	11
TTATCTTCAAAAGAATGGGTATATCGATCT	0	0	0		0	0	799.760095	0	10
TTATGACAAGAGACTGTCCAGCGCCTCACC	0	110.0884765	0		0	0	581.6437055	0	199
TTATGACTGTATGGAGACCACTCGGATAGG	0	0	0		0	0	48.47030879	0	106
TTATGACTGTTTATTACTCACAGGGTTAAA	0	0	0		0	0	169.6460808	0	52
TTATGCATCGTAAGCTCAACATAAGTATCC	0	0	0		0	0	654.3491686	0	0
TTATGCTGTCATGACCATACCTAGAAAGAA	0	4.403539059	0		0	0	72.70546318	0	5
TTATGGCGTAATGAAGAAACCGATTTAATG	0	0	0		0	0	3029.394299	0	26
TTATGGGTTGGCAGTCGCCCGGAGACCCAT	0	0	0		0	0	2011.517815	0	892
TTATGGTAAGGCCACAGCCATGGCACACTA	0	0	0		0	0	24.23515439	0	16
TTATGGTTCTCACTCCATTAGTACTTGTAC	0	0	0		0	0	242.3515439	0	2
TTATGTTACGTTGGCGTTGCATCCCCGGCT	0	0	0		0	0	145.4109264	0	0
TTATTAATGGACTCCTTTCAAGCGCACGGG	0	0	0		0	0	363.5273159	0	170
TTATTACTTCTGGCTATCAAGACCGATATT	0	0	0		0	0	11754.04988	0	2
TTATTAGGTCGTAAGTGATGATTCATTTTT	0	0	0		0	0	72.70546318	0	99
TTATTGGGCATCACTCTAATACCTCCCGAG	0	0	0		0	0	72.70546318	0	11
TTATTTATATGCTTACTACTTCTTCACGCC	0	0	0		0	0	1483748.857	0	14
TTATTTCCCCTTATTTTGCTTTACTCTAGG	0	0	0		0	0	72.70546318	0	9
TTATTTCGTATTGTAGTGTGCGAGTTATTT	0	0	0		0	0	678.584323	0	70
TTATTTGAGGGGTCCTCACTGGCGGGACTT	0	0	0		0	0	24.23515439	0	3
TTATTTGCCCTGGGACCGCTAGATATTCAG	0	0	0		0	0	121.175772	0	227
TTATTTGTGACAATGATCGGTAATAAGAAA	0	0	0		0	0	24.23515439	0	14
TTATTTTACAAGCCAGGGATCATGATATCA	0	0	0		0	0	121.175772	0	3
TTCAAAGTATGCATCCTCACGGTGGTTGAG	0	0	0		0	0	72.70546318	0	0
TTCAAATAGATCAATTTCCAGGTTATAAAT	0	0	0		0	0	169.6460808	0	14
TTCAAATGCACCCGGTTGAACTGGAGTGGA	0	0	0		0	0	121.175772	0	29
TTCAACGAGAGCTCCGCTTGTCATCGGATG	0	0	0		0	0	24.23515439	0	0
TTCAACTCAGATTTTCTCCTTTTCTGCGGA	0	0	0		0	2.607462305	0	0	8
TTCAACTTTGAAGGCTACTATAAGAGTTTA	0	0	0		0	0	460.4679335	0	181
TTCAAGTATGAGCGAGATGCCGGCCACCGA	0	0	0		0	0	72.70546318	0	8
TTCAATCTAGCTAGCAAACCGTCTATGTTT	0	0	0		0	0	24.23515439	0	7
TTCAATGCTATTGGCTTCTTGTGTTGCTAC	0	0	0		0	0	96.94061758	0	8
TTCACAACCTTTATTTATTCTTCTTGCATT	0	0	0		0	0	315.0570071	0	46
TTCACCACATCGGGCTTCAGGAGAAAACCT	0	0	0		0	0	72.70546318	0	4
TTCACCGTCATACTCCTATGCTAAGCCGAT	0	0	0		0	76.920138	0	0	27
TTCACCTAGGTCTTATTTATGCTTGTACCA	0	0	0		0	0	96.94061758	0	11
TTCACGAACTTTGCCGCGAGTTGTTTTTCG	0	0	0		0	0	72.70546318	0	13
TTCACGAGGTGTTTTGCATAGGCGGCCTGT	0	0	0		0	0	48.47030879	0	15
TTCACGCCAGTATAAAAGTTGTGCATCGGA	0	0	0		0	0	48.47030879	0	192
TTCACGCGGGAGAAGTGTCCGTCCGACAAT	0	0	0		0	0	1478.344418	0	268
TTCACGGTGGTTAAAATTCTAGACTCTATA	0	138.7114804	0		0	0	1769.166271	0	248
TTCACGTAGTAAACGTAATAGATCTTACTC	0	0	0		0	0	24.23515439	0	0
TTCACGTTATCATCATAGCGTATTCACGTA	0	0	0		0	0	533.1733967	0	68
TTCACTATACACTGATTCGGTTCAACACGA	0	0	0		0	0	24.23515439	0	10
TTCACTCTCGGCTACCGTATGTGGGTTTTC	0	0	0		0	0	24.23515439	0	5
TTCAGCGCTCTTTCCCGCCTAGCCGTTACT	0	0	0		0	0	1357.168646	0	50
TTCAGCGTGCACGTTTCCTCATACTCTTTT	0	0	0		0	0	24.23515439	0	61
TTCAGCTGTCTCTGTATGGGGTATAGCCGG	0	0	0		0	0	24.23515439	0	4
TTCAGGTGTTTATAACAGGTGGATAACCCG	0	0	0		0	0	1308.698337	0	426
TTCAGTTAGTAACTTCGGCGTGTTGATATC	0	0	0		0	0	72.70546318	0	10
TTCAGTTCTTCGCTGACTCGTGCTCCAATT	0	0	0		0	0	48.47030879	0	16
TTCATACGTTATGATATATCGATGTCCCCA	0	0	0		0	0	169.6460808	0	1387
TTCATATGTAGCGTTATTGCATGGAGAGAC	0	0	0		0	28.68208536	0	0	7
TTCATCACCGATGGTTCGCGCGTACGTGTA	0	0	0		0	0	24.23515439	0	2
TTCATCATATATCCTGACTGTTATAGGGGG	0	0	0		0	0	48.47030879	0	0
TTCATGGCGCCGTACTGGTGTATAATCAAA	0	0	0		0	0	387.7624703	0	47
TTCATTCTTCCAGTGGCTCTTACATTCGAA	0	0	0		0	0	48.47030879	0	20
TTCCACGGATGAAATATGAATAGAACATAA	0	0	0		0	65.18655763	48.47030879	0	36
TTCCACGGCTCGTAGTCGGTGTCAACGTGA	0	0	0		0	0	193.8812352	0	96
TTCCACTAGTGCGTTGCTGAGAGGTAAGCA	0	0	0		0	29.98581651	0	0	57
TTCCACTGGCGAATGATCCTGGGCCCCTTG	0	114.4920155	6.409926182		0	0	24.23515439	0	2
TTCCAGATGATATAATTAACTTTTCTCTTA	0	0	0		0	0	44350.33254	0	4
TTCCAGCATTACTACTTAGTCTAAAGCCTG	0	0	0		0	0	48.47030879	0	89
TTCCAGTGGCTGCCCTGTTAGACCAGAACA	0	0	0		0	0	24.23515439	0	181
TTCCATAGCGACCTGAACTATATTATTGAG	0	2.20176953	0		0	0	0	0	2
TTCCATCGTTTTAGTGGGGACTCAGTGTGC	0	0	0		0	0	72.70546318	0	39
TTCCATTATTCATTTGCGCAGGGAGGTTTG	0	0	0		0	0	24.23515439	0	6
TTCCATTCCTGAGTGTCGCGGGAAGGGCAT	0	0	0		0	0	48.47030879	0	3
TTCCATTCGTCGAAATCTAAGTATATGTCA	0	0	0		0	0	193.8812352	0	0
TTCCATTGGCGTACCAGACGAAGTTTGGGT	0	0	0		0	0	533.1733967	0	525
TTCCCACTGTTTTCGATCGCATCTCTTCCT	0	0	0		0	0	24.23515439	0	0
TTCCCAGCTACCCTCACCTAGGTTCCCCTG	0	0	0		0	0	266.5866983	0	225
TTCCCCAATACGGTGTTTTCTTTATGTACT	0	0	0		0	0	605.8788599	0	446
TTCCCCGGGTTGGGCTAGCGCCGCTCCTTG	0	0	0		0	0	1720.695962	0	14
TTCCCGCACAATGCTTCGGTACCTTACATA	0	0	0		0	0	1817.63658	0	92
TTCCCGCGCGAATTTTCCGCGTTTACTCTT	0	0	0		0	0	24.23515439	0	5
TTCCCGGGCCGTTACTTATATCAGATTAAT	0	0	0		0	0	702.8194774	0	52
TTCCCGTTCCAAACTTTACTGGGGTCTTTT	0	0	0		0	0	24.23515439	0	0
TTCCCTAGTGTGATTGTCATATTTGCCTAA	0	0	0		0	0	96.94061758	0	355
TTCCCTTGCAGAGGTTATTTACCTGTCACG	0	0	0		0	0	581.6437055	0	364
TTCCGATCCGAAAGAACGCGGGCTGAGATG	0	0	0		0	0	848.2304038	0	434
TTCCGATCCTTTTCCGGCTGGTTACGATGA	0	0	0		0	0	121.175772	0	427
TTCCGATGCGGGCAAAGTGCACTATTATTA	0	0	0		0	0	24.23515439	0	92
TTCCGATTCGGTTAAGTTAAAGAAGTCTCG	0	0	0		0	0	121.175772	0	36
TTCCGATTCTGACTAGCTCATGATTACTCG	0	0	0		0	0	24.23515439	0	7
TTCCGCAGCTTTCGCGGATTGATCTACGTT	0	0	0		0	0	72.70546318	0	131
TTCCGCATGTTGTTCTACTTATGTTGGATT	0	0	0		0	0	48.47030879	0	5
TTCCGCATTCGTTGTCCTTACTATTGGTTA	0	0	0		0	7.822386915	0	0	0
TTCCGGGCAATGACGTCTGCCAGTATCCAG	0	0	0		0	2.607462305	169.6460808	0	10
TTCCGGGTACTGCGTATTGTCTGCGAAGTC	0	0	0		0	0	169.6460808	0	3
TTCCGGGTGTGAAGCAGCCATGCAGTAGAT	0	0	0		0	0	193.8812352	0	327
TTCCGTGATGCATTAGTACTCAACTTTCAC	0	0	0		0	0	436.2327791	0	41
TTCCGTGTGGTATGTAAGGTAATATTTCTT	0	0	0		0	0	266.5866983	0	104
TTCCTCGTATACATATGCTATGTTTGAAAT	0	0	0		0	0	24.23515439	0	11
TTCCTGCACCTACCGAGGAATCGATTTCTA	0	0	0		0	0	48.47030879	0	259
TTCCTGCGACGTTAGTCAACAGGAGGCATC	0	0	0		0	0	169.6460808	0	0
TTCCTTACTGGATCATTACGCTGGACAAGG	0	0	0		0	0	533.1733967	0	97
TTCCTTCCTGAATGGTCGTGTGTGGCCCTC	0	0	0		0	0	24.23515439	0	0
TTCCTTCGACTACCCAGGCTCATCCTTGTT	0	0	0		0	0	24.23515439	0	4
TTCCTTGGGCGTTTTAGGTGCTTTAGTAAT	0	0	0		0	0	24.23515439	0	5
TTCGAAATAAGTGGCATAGCGAGATCCTAC	0	0	0		0	0	169.6460808	0	35
TTCGAACGACATGGGCATGCTAGATTAATA	0	0	0		0	0	193.8812352	0	839
TTCGAAGCGTCAATTTAGACTAAAACTTTT	0	0	0		0	0	72.70546318	0	184
TTCGAATGGTACGGCCAGGGTCAGTTCTTA	0	0	0		0	0	72.70546318	0	257
TTCGACTAAAACGCATACGCCCTCAAACGG	0	0	0		0	0	96.94061758	0	10
TTCGAGACGTAGAAACACCTCTATCGGAAT	0	4.403539059	0		0	0	1720.695962	0	94
TTCGAGTAAGGTCGGATCCGCGTATAGATT	0	0	0		0	0	193.8812352	0	10
TTCGATGGGTACGGGACGCGAATCCCGGTT	0	0	0		0	26.07462305	193.8812352	0	56
TTCGATTTTGTACACCTCATACGTTTCGTT	0	0	0		0	0	96.94061758	0	20
TTCGCAACGCTCAATGTTATCTCATTGAAT	0	0	0		0	0	339.2921615	0	65
TTCGCATTGGACGCGGGGGGGCGGGACTGC	0	30.82477341	0		0	0	508.9382423	0	42
TTCGCCATCTTAGCCTGATGTACGGGGGAA	0	0	0		0	0	24.23515439	0	11
TTCGCCCATCACTATGGTCAACATTCACTC	0	0	0		0	0	24.23515439	0	18
TTCGCTTGATAACTTTGGCGTAAATCGCTA	0	0	0		0	0	96.94061758	0	14
TTCGGAATGCTTTCCATGAGCACCTTGGCC	0	0	0		12	0	145.4109264	0	56
TTCGGCAAAATGATAAGATGCTAAAGCCAT	0	0	0		0	0	24.23515439	0	2
TTCGGCCCTATTCGATATGAGGATTCCAAT	0	22.0176953	0		0	0	121.175772	0	124
TTCGGGATTCTCACCGGTGCCGCTAATTGG	0	0	0		0	0	678.584323	0	55
TTCGGGTATACGTAACGTGACGCTCATTCA	0	0	0		0	0	72.70546318	0	16
TTCGGGTATGTTATGTTTTGTAAAACTCAA	14.79001864	1970.583729	0		0	0	1478.344418	0	766
TTCGGGTGAAGACTCGGGAGGCACTGTGGG	0	0	0		0	0	290.8218527	0	9
TTCGGTACTGTCCTACAGATAGTCAGTCTT	0	0	0		0	0	24.23515439	0	12
TTCGGTATGGCAAGGCGTGTAGGTGGTGGT	0	0	0		0	0	48.47030879	0	65
TTCGTAATAGCCAGATTGCGGTTATAACTT	0	0	0		0	0	1623.755344	0	19
TTCGTAATTATCTTTCCTATCCGCAGCCTC	0	0	0		0	0	24.23515439	0	2
TTCGTAGTTATAAGCTTGAGAGATTGGCAT	0	0	0		0	16.94850498	48.47030879	0	11
TTCGTATCCCTCTTTTTACCAACCCTGTTT	0	0	0		19	0	0	0	117
TTCGTATGCGATGGTGTGGTCATCCACGTA	0	0	0		0	0	72.70546318	0	653
TTCGTATGTCTTCACCTGACAAAGACTCAT	0	0	0		0	0	2108.458432	0	321
TTCGTATTCTGGGGAGTTTGTACAGCTCGA	0	0	0		0	0	1114.817102	0	70
TTCGTCCCAAACTCTACTCATCATCAGTCG	0	0	0		0	0	315.0570071	0	568
TTCGTCGTCGAGTTCTTTCCACAACATCTG	0	0	0		0	191.6484794	0	0	254
TTCGTCGTCTTCGGTGTGCCAGTCGGGATT	0	0	0		0	0	72.70546318	0	8
TTCGTCTTGTTTCCCCTATGGCAATACTTA	0	0	0		0	0	242.3515439	0	20
TTCGTGCAGTAGTACGACGGGGTCATGGGG	0	0	0		7	0	0	0	47
TTCGTGCGGGTTACTCGGGCATCATAGGAA	0	0	0		0	0	1793.401425	0	842
TTCGTGTCTACCGGCACTTGTAGCTCTCGT	0	0	0		0	0	4459.268409	0	386
TTCGTGTTTCAGTGTAGACTGGTCTTGATA	0	0	0		0	0	48.47030879	0	15
TTCGTTATATCAAGTCAAAAGCAGTATATT	0	0	0		0	0	96.94061758	0	3
TTCGTTCCTGGATATGGAACTATACAGGTT	0	0	0		0	0	48.47030879	0	133
TTCTAACCAGAGTAACGAACTTTAAATGTT	0	0	30.44714936		0	0	0	0	904
TTCTAATGTTTTTATATCAGATCGCTCCTT	0	0	0		0	0	145.4109264	0	191
TTCTACAACAACTATGTTTGGGAAACATGT	0	0	0		0	0	775.5249406	0	2225
TTCTACGGACAAATCGGCATTCCCCTGTGG	0	0	0		0	0	24.23515439	0	5
TTCTACGGACTTGGGCTAGGGTTCATTGTC	0	0	0		0	0	24.23515439	0	28
TTCTAGAATTCCTGGAGACACGTATGTATT	0	0	0		0	5.21492461	0	0	77
TTCTATAAAGGTCCGTTACGCGATTAGTCA	0	0	0		0	0	24.23515439	0	16
TTCTATAATCATCTAAGTTAGTCTACCTGC	0	0	0		0	37.80820342	1114.817102	0	113
TTCTATCAATAGGTTATGCGACTATAGAAT	0	0	0		0	5.21492461	24.23515439	0	77
TTCTATCCACGGTATTTGGACTCGCACGGT	0	0	0		0	0	145.4109264	0	4
TTCTATCCTCCTAGAGATCAGAATTCGATC	0	0	0		0	10.42984922	121.175772	0	17
TTCTCAACAAGCCCCCCAATTTATTTTATA	0	0	0		0	0	169.6460808	0	341
TTCTCAACCCCCTCACACGGCTTAAGCTAT	0	0	0		14	18.25223614	169.6460808	0	103
TTCTCATTTACACTTGTCGTCGGTTAAGCA	0	0	0		0	3.911193458	169.6460808	0	0
TTCTCCTCAGTCTACGACCGATTCCAAGGT	0	0	0		0	31.28954766	169.6460808	0	51
TTCTCCTCCTCACAGCTACTCACAGCATAC	0	0	0		0	0	24.23515439	0	907
TTCTCGCAAAGCGATGTCCGCTAGAGTTTT	0	0	0		0	0	121.175772	0	13
TTCTCGCTTCACTGAACAGTATTACGCGGC	0	0	0		0	0	872.4655582	0	469
TTCTCTCTCAGCTTCTTGTCGCCCTTGGTA	0	0	0		0	0	218.1163895	0	234
TTCTCTGGAAACATATTGCATGGTGCTTTC	0	0	0		0	0	1720.695962	0	433
TTCTGAATAGGTCAGCATTCTTGTTGGTAA	0	0	0		0	0	581.6437055	0	152
TTCTGAGAGCTTCTGCCTAGTATTTATGAT	0	0	0		0	0	72.70546318	0	3
TTCTGATCTAAGCTGCAGTCAGGTAGAGGT	0	0	0		0	0	24.23515439	0	0
TTCTGCCACGGGGTAGGTTATCTACATTTC	0	0	0		0	0	96.94061758	0	115
TTCTGGGAAAGTAAGCCTAGCAGTGAAGAA	0	0	0		0	0	48.47030879	0	3
TTCTGGTGTTTTATATCGGGGTTCAGAGCA	0	13.21061718	0		0	0	169.6460808	0	61
TTCTGGTTCTTTCACGAGCGCACTCTCGTT	0	0	0		0	0	315.0570071	0	81
TTCTGTGTTTGTTGGTCAATAGGTTACCTG	0	0	0		0	0	24.23515439	0	15
TTCTGTTACACATTGGTTTATTAGCTATAC	0	0	0		0	0	121.175772	0	0
TTCTGTTGTTTTAAACGAGATCTTCATATA	0	0	0		0	0	508.9382423	0	247
TTCTTAAGAGGTTGAATAATATTACAAGTC	0	0	0		0	0	24.23515439	0	3
TTCTTAGTGCAACTTATTGTGCATTCCTGC	0	0	0		0	0	48.47030879	0	0
TTCTTATCCTGCTGTACGTGCTTGTCTTTA	0	405.1255934	0		0	0	0	0	341
TTCTTATCGTTTGAAGTATTTGTGTGATGT	0	0	0		0	0	1042.111639	0	15
TTCTTATGCATGTATTGACTCGTCCGCGAA	0	0	0		0	0	339.2921615	0	4
TTCTTCCGTCACATTCCACCCACCGTGTAC	0	0	0		0	0	145.4109264	0	247
TTCTTCGGCCTAATAGCCTTCGGATTGCTG	0	402.9238239	0		0	0	0	0	290
TTCTTCTGATATAGACTTTAATTGTACTAC	0	0	0		0	0	2253.869359	0	29
TTCTTCTTATTCGATACCGGGCTGAGCAAC	0	0	0		0	0	218.1163895	0	3
TTCTTGACTGGTAAGACTTTCCCTGGCCCC	0	0	0		0	0	1720.695962	0	52
TTCTTGGCATGATTTGGTGGTCCTAGGGTC	0	0	0		0	6.518655763	72.70546318	0	0
TTCTTGGTTGGGGTGTTCCTTATGATGTGC	0	0	0		0	0	145.4109264	0	13
TTCTTGTCAGATTTTGTACCCCGTGTAGCT	0	0	0		0	0	5162.087886	0	454
TTCTTTAGTTTGAGTGACAGCAAGCTGGAC	0	0	0		0	0	24.23515439	0	0
TTCTTTTTATGTATGTGAATCCACAGACAA	0	0	0		0	0	24.23515439	0	12
TTCTTTTTCGCTCTATAAGTCTGTTAATAG	0	0	0		0	0	48.47030879	0	0
TTGAAATGCTATTATAGCTGTCGTTATATC	0	0	0		0	3.911193458	0	0	0
TTGAAATTATCTGAGAAGTCCCGCGTAAAC	0	0	0		0	0	145.4109264	0	40
TTGAACAGCCATTATGTTTGTATTTATGCC	0	0	0		0	23.46716075	1841.871734	0	49
TTGAACGAACCCTCTTGCACTCTAGCCGTA	0	572.4600777	0		0	0	242.3515439	0	220
TTGAACGCTCGGGTAATTTACCGCAGTTAC	0	0	0		0	0	24.23515439	0	8
TTGAACGTTAGTAGTTCAACCATTTGACGG	0	0	0		0	0	48.47030879	0	2
TTGAACTGGGACCCGCAGCAGGGTAAACAT	0	0	0		0	0	436.2327791	0	39
TTGAAGTTGGCCAAAGTATCGTAGGTTACA	0	0	0		0	0	145.4109264	0	0
TTGAATAGCAATCTCTTCGCACTTCGCTTA	0	0	0		0	200.7745975	0	0	0
TTGAATGCCTCTGATCGGATCTGGGGGGCG	0	0	0		0	0	24.23515439	0	2
TTGACAAGGATAGACTACCGGAGAATCGGG	0	0	0		0	3.911193458	96.94061758	0	7
TTGACAATGCAGACGCGAGCTCTTTACCTA	0	0	0		0	18.25223614	4701.619952	0	211
TTGACACATCACCTACACGCACGGCTGGAC	0	0	0		0	37.80820342	0	0	7
TTGACACCCCCGGAAATCAGCGTCCCTACC	0	0	0		0	0	678.584323	0	7
TTGACACGTTAGGAGCATCATTAACCGTTT	0	0	0		0	0	48.47030879	0	8
TTGACCGCTCTTCTGGTATCAATTATTCTA	0	0	0		0	0	290.8218527	0	65
TTGACCTTACCATGAAGGTAATCTGACGTG	0	0	0		0	0	121.175772	0	9
TTGACTGAGTTATTCACGTACTATACTTGT	0	0	0		0	0	24.23515439	0	41
TTGAGAAACGTTTGGACGAGTTAATTGTGT	0	0	0		0	0	872.4655582	0	327
TTGAGAAAGATTCTATGATATATGGATCGA	0	0	0		0	0	4628.914489	0	7
TTGAGAATTAGTAGATACGCCGAACCGCCC	0	0	0		0	0	48.47030879	0	244
TTGAGCAGGCTCACATCGGCGCAAAGGCAA	0	0	0		0	0	72.70546318	0	3
TTGAGCATGGTTCAGTCTTACGGGGTTGAG	0	0	0		0	0	48.47030879	0	5
TTGAGCGTCTACTTGGCGATGCCTGCGCCG	0	0	0		0	0	121.175772	0	187
TTGAGCTCTTGGGTATAGTCTACGCAGAGG	0	0	0		0	3.911193458	24.23515439	0	13
TTGAGGAGTATTGGTTGAAGAAGAGTGGGC	0	0	0		0	0	96.94061758	0	200
TTGAGGCAGCGATGGACTCCGAGGGTTAAT	0	0	0		0	0	48.47030879	0	14
TTGAGGCCAGTGGCAGGCCCTGGATTGGGT	0	0	0		0	18.25223614	630.1140143	0	24
TTGAGGCCTCATCGGGGTTCTCTTTGTTCG	0	0	0		0	46.93432149	5283.263658	0	8
TTGAGTATGGGTTTGTGCGTTACATTATAT	0	0	0		0	5.21492461	242.3515439	0	230
TTGAGTGGGATTGAGGCTCCGGGGCGGGTA	0	0	0		0	0	48.47030879	0	492
TTGAGTTTTCCATTTACTCGCGTACGTTTT	0	0	0		0	0	2375.045131	0	1136
TTGAGTTTTTCCATTTACTCGCGTACGTTT	0	0	0		0	0	48.47030879	0	0
TTGATAGTTCTTATTATGAGCCTTATATTA	0	0	0		0	0	44689.6247	0	358
TTGATATCTCCTATATCCGAGATGAAATCC	0	0	0		0	0	24.23515439	0	3
TTGATATGTTTGAATAATGGGACTGCTTTC	0	0	0		0	3.911193458	48.47030879	0	0
TTGATCCGCTTAATCAGGGGCCTACTGGTA	0	0	0		0	0	48.47030879	0	12
TTGATCTCATAGGGTGCTAGAAGGTTATAA	0	0	0		0	27.3783542	24.23515439	0	11
TTGATCTGGCGGTACTGCATTTACCCCATC	0	0	0		0	0	24.23515439	0	2
TTGATCTGTCAGGGAAGTAGGCGAGTGTCC	0	0	0		0	0	1284.463183	0	560
TTGATGGGATATTGCCTAGTTAATGTGCAT	0	0	0		0	0	48.47030879	0	211
TTGATGTAGCCAGGAAAATGCTAGGCTCTA	0	0	0		0	0	823.9952494	0	0
TTGATTGTGCACGTGGTCACGATCTAAGAT	0	0	0		0	0	96.94061758	0	18
TTGATTTCGGGTTGATTAGTACCGTCCTTG	0	0	0		0	0	96.94061758	0	13
TTGATTTGCTTTATACATTTTTACTCCATG	0	0	0		0	0	72.70546318	0	15
TTGATTTTCGGTCATTTGACGGCCGGCCCC	0	0	14.42233391		0	0	0	0	41
TTGATTTTTGTCAATCTAATATCGGGCGGG	0	0	0		0	0	387.7624703	0	551
TTGCAAGCTGATGTTGCTCTGAATCGGTAA	0	0	0		0	0	24.23515439	0	0
TTGCAATCAGTTGCTAGCACCCCCGCCAAT	0	0	0		0	0	72.70546318	0	51
TTGCAATGTGATCGGTGTCCAAGTTTTGTT	0	0	0		0	0	290.8218527	0	13
TTGCACAGGCCTGCTTGATCCGTTAGGGGG	0	0	0		0	0	872.4655582	0	519
TTGCAGGAGAACCTAAAACGCATGATAAAA	0	0	0		0	0	848.2304038	0	11
TTGCAGGTACACCAGCGCGGTATGTTCTAT	0	0	0		0	2.607462305	96.94061758	0	10
TTGCATGGATTCGTAGCAACAGTTTTCCGG	0	0	0		0	0	145.4109264	0	52
TTGCATGTTCACATGGGTTCAAGAGATTGC	0	0	0		0	0	48.47030879	0	9
TTGCCAGGGTTAGCTGTGCTTCTGGTTTGT	0	0	0		0	0	1938.812352	0	517
TTGCCATGGACAGGGGCCGAGGAGGAAGCT	0	0	0		0	0	24.23515439	0	23
TTGCCCCCCGAGCTGAGGGAGTGCCAAGCC	0	0	0		0	0	218.1163895	0	105
TTGCCCCCTTCAGTTTACCATCTTCGGATC	0	0	0		0	0	218.1163895	0	15
TTGCCGAAAGTTGATTATCACGCCACGGCG	0	0	0		0	0	48.47030879	0	19
TTGCCGGTTGTTGGTTTAATTTGCATTAGC	0	0	0		0	0	266.5866983	0	9
TTGCCTCTTTCAGTGTTCCAGCTCAGGACG	0	0	0		0	22.16342959	557.4085511	0	382
TTGCCTGAGTTGAGTTCTCTTTAGGATACT	0	0	0		0	0	848.2304038	0	7
TTGCCTGCAGGCGATTCCTAAACCCTCAAA	0	0	0		0	0	581.6437055	0	259
TTGCGAAGTTTTCGGTAATCAGAAGCTGAG	0	0	0		0	0	48.47030879	0	120
TTGCGACGTCCGGGTCGAAGTGTTAGTAAG	0	0	0		0	0	24.23515439	0	111
TTGCGAGTTCGAATGTGCATGTTAAATGCA	0	0	0		0	0	24.23515439	0	2
TTGCGATAAGTAATGAACATCTCGACACAC	0	0	0		0	2.607462305	0	0	284
TTGCGCTGCTAATAAGTGGTCGGGCAGTGA	0	0	0		0	0	411.9976247	0	8
TTGCGGCTGCCCGGGAGCATACCTAGGACA	0	0	0		0	0	96.94061758	0	2
TTGCGTATCAATCAAAGATAATTTTAGAAG	0	0	0		0	0	96.94061758	0	22
TTGCGTCGGGGGTTAATGTGCACTGGGCGA	0	0	0		0	0	145.4109264	0	9
TTGCTAATCTTAATCTAAGTGACGACACGA	0	0	0		0	0	48.47030879	0	357
TTGCTATGATCTTTTACATTGCTCGCACTC	0	0	0		0	0	145.4109264	0	9
TTGCTCAGTACTAGGGCTTGTTCCCGTCTG	0	0	0		0	0	48.47030879	0	312
TTGCTGCAGTTGGTGACTAGGGCATTTGTA	0	0	0		0	0	48.47030879	0	21
TTGCTGCCATTGTTCGTCAGGCATCCCGGG	0	0	0		0	1.303731153	0	0	0
TTGCTGGTCCATAAGTCGTGGCCTGCATTG	0	0	0		0	0	169.6460808	0	379
TTGCTGTGGAGCGAGTAAGCTATGTGTACT	0	0	0		0	0	169.6460808	0	7
TTGCTTAATATTTTATCGGTCCTGCTGGCA	0	0	0		0	9.126118068	0	0	0
TTGCTTGAATAATGTCTAGGCTGTACTTGT	0	0	0		0	0	122969.1734	0	44
TTGCTTTCAGCGGTATAGACCACCATTGTT	0	0	0		0	0	96.94061758	0	7
TTGCTTTGTTAAAGTGTCTACCATTTCCTT	0	0	0		0	0	315.0570071	0	53
TTGGACCTAGTAGACCAGGTCCGGCAGGGT	0	0	0		0	0	266.5866983	0	72
TTGGACGCGGATGTCAGGAGAGGGAGGGGG	0	0	0		0	0	242.3515439	0	24
TTGGAGGCGCGAGGCGTAGGAAACAGGGCA	0	2.20176953	0		0	0	24.23515439	0	10
TTGGATAAAAATACTCCTTGTGTGAATTTT	0	0	0		20	0	48.47030879	0	113
TTGGATAGTGCAACAGGACTTACGCTTAAT	0	0	0		0	0	72.70546318	0	12
TTGGATTCCTGTACATAGTGAAGTACCGTC	0	0	0		0	0	121.175772	0	118
TTGGATTGGTAAAACTGTTTCATCACCTAG	0	0	0		0	57.36417071	0	0	6
TTGGCACCGCGGTGTGCTTTCCACTCGGAC	0	0	0		0	3.911193458	145.4109264	0	0
TTGGCCCTTAATCATATCCCGGCGGGGCCC	0	0	0		0	15.64477383	48.47030879	0	0
TTGGCGAAACGGCCCGGACAGCTCGCTCGG	0	0	0		0	0	387.7624703	0	45
TTGGCGACAATTGTGTGCTAATCTTTTGGG	0	0	0		0	0	96.94061758	0	0
TTGGCGGAGTTGCTGTCGCCGTTGGACGGT	0	0	0		0	0	96.94061758	0	117
TTGGCGTTTGAACAAATTCAGTGTAGGCAC	0	0	0		0	0	363.5273159	0	227
TTGGCTCACTTTTGAGACTGGCGATGCCGA	0	0	0		0	0	121.175772	0	25
TTGGCTCCTGACTCACAGGTACGTGAAGGT	0	0	0		0	31.28954766	0	0	10
TTGGCTTAATATGGGGGAGATCTGACGAGG	0	0	0		0	0	121.175772	0	7
TTGGCTTCACCATGAATCAATCTTACCTAG	0	0	0		0	0	339.2921615	0	721
TTGGGCGGCCACTTGTAATGTAACTTTCCG	0	0	0		0	0	121.175772	0	161
TTGGGGGTCTGGACCGCCAGTTGGCTGCGT	0	0	0		0	32.59327881	0	0	15
TTGGGTGGTAGGTGTGGGGACTGCCGGATG	0	0	0		0	0	72.70546318	0	310
TTGGGTTGGGGGTGCGAGGCGCGTGTGCGG	0	0	0		0	0	96.94061758	0	2
TTGGTAAAGGTTTGTCTATTCGGGATCATA	0	0	0		0	0	24.23515439	0	553
TTGGTAACGGGGAGAGATCATGTGGGGTTT	0	0	0		0	0	24.23515439	0	148
TTGGTAAGGCATGTGAGCGATACTACAGAG	0	0	0		0	0	48.47030879	0	589
TTGGTACTGAGTTGAAACAGTGGGAGTGTG	0	0	0		0	0	24.23515439	0	7
TTGGTAGTATAGGAGAACTAGTAAATCAGT	0	0	0		0	0	24.23515439	0	59
TTGGTAGTCACTTGATGAAAAAATCAGGTT	0	0	0		0	0	48.47030879	0	0
TTGGTATCATTATCGATAGAGTACGAGTCG	0	0	0		0	0	145.4109264	0	182
TTGGTATTCGGATTATTGGAGAATCACAGA	0	0	0		0	0	72.70546318	0	9
TTGGTCGGTTATTTATTTTAAATACCGGGG	0	0	0		0	0	96.94061758	0	80
TTGGTCTCGTTCCAGTCTCGTGTATACTCA	0	0	0		0	0	96.94061758	0	0
TTGGTCTTCTCTGCGCTAGGTTTAAAATTT	0	0	0		0	0	24.23515439	0	10
TTGGTGGCCCGCGTTATTATTGGACATCGA	0	0	0		0	15.64477383	0	0	0
TTGGTGGGCAATTGGCCCGATTGGAAGGAA	0	0	0		0	0	24.23515439	0	0
TTGGTGGGTGTCTATAAGCCGTGCGCGGAG	0	0	0		0	0	121.175772	0	14
TTGGTTATATCAGGTGCGTGACGCCGTCTC	0	0	0		0	0	145.4109264	0	134
TTGGTTTCTTGCTTCCCAACAATAGGGAGG	0	55.04423824	0		5	0	0	0	34
TTGTAAAGTACTCGGCCGATTATTAGGATC	0	19.81592577	0		0	0	0	0	42
TTGTAATCTGCCGGAACTGTTTGCCATTTT	0	0	0		0	0	121.175772	0	72
TTGTACTAGATGGTCTGGTCTCGATGTTGA	0	0	0		0	0	24.23515439	0	12
TTGTAGATGACGCTTGAGCAATATGGTACC	0	0	0		0	0	24.23515439	0	29
TTGTAGTGCTTTATGCATATTTTTGACCTG	0	0	0		0	0	72.70546318	0	0
TTGTATACATCATTACGTTACCCTCGTCGG	0	85.86901165	0		0	0	339.2921615	0	309
TTGTATGTGGGGTAGGCCTTATAAGGTGAT	0	0	0		0	0	48.47030879	0	0
TTGTATTGTTTTTGGTTACTCTCTTATGAC	0	0	0		0	0	848.2304038	0	284
TTGTATTTTTCTATGTTACGTTATCAGTGC	0	0	0		0	0	508.9382423	0	3
TTGTCAGCTAGTACCACCGGCATGTTTGAC	0	0	0		0	0	24.23515439	0	49
TTGTCAGTTTATCTGATCTTTAATAGGGCC	0	0	0		0	0	169.6460808	0	45
TTGTCATAATGCATTCCTAATGTGCACTCA	0	0	0		0	0	460.4679335	0	127
TTGTCATATTCTGATCAGTGTTCTCAGGCC	0	0	0		0	0	24.23515439	0	6
TTGTCTATCCACATTCGATTGTTTTCTATC	0	0	0		0	0	2447.750594	0	118
TTGTCTCTGGGGCACACCAAACGGCGCCTA	0	0	0		0	0	1308.698337	0	216
TTGTCTGATTTATTTCGGCCAGGGTCACGG	0	0	0		0	0	169.6460808	0	5
TTGTCTGGTGCCTGATCATAATATTTGTAC	0	0	0		0	0	24.23515439	0	46
TTGTGAGTTTGTGTAAAATCATGTTCGACT	0	0	0		0	13.03731153	48.47030879	0	21
TTGTGCATAGGGGTCCAGCAGGAACGCCCT	0	0	0		0	0	48.47030879	0	11
TTGTGCATTCGAGTAACATTTTATGACTTG	0	0	0		0	0	72.70546318	0	27
TTGTGCCATTGCACGTAAAGAGAAGTCTGC	0	0	0		0	0	145.4109264	0	800
TTGTGCCTGGCCCAATTGTCGCAATGTCGT	0	0	0		0	0	48.47030879	0	159
TTGTGCGGAATTCAACGCTCTTCTTCATAT	0	35.22831247	0		0	0	0	0	169
TTGTGCGGTGATTCCGGTAATAGTCGTTGC	0	0	0		0	0	775.5249406	0	33
TTGTGGATTATGTCCGTCTACAAAACAGGC	0	0	0		0	0	96.94061758	0	2
TTGTGGCACAAAATTTTCATTATCGTTTAT	0	0	0		0	0	72.70546318	0	368
TTGTGGCCCGTTGGGGTGCAGCGGGGTTGT	0	0	0		0	0	24.23515439	0	156
TTGTGGGGCCGAGGCAGTTCTTTATGCAGC	0	0	0		0	0	48.47030879	0	13
TTGTGGTACTATGCAGGCTCTTAACTTGTA	0	0	0		0	0	24.23515439	0	3
TTGTGGTCACTAATATCATTTACCGGATGG	0	0	0		0	0	24.23515439	0	0
TTGTGTAACTGGTTTTCGCCCGTAGTGGCT	0	0	0		0	0	169.6460808	0	57
TTGTGTACAGCACCGATTGAGGCTGCCCAA	0	0	0		0	0	436.2327791	0	657
TTGTGTAGTAATCATATTGAAACAACTGAT	0	0	0		0	0	2859.748219	0	75
TTGTGTATATTCTTCGGTCAAAAATGAAAT	0	0	0		0	0	266.5866983	0	15
TTGTGTTATCGCAAGGGGAGCGCTGGGTGG	0	24.21946483	0		0	0	0	0	55
TTGTGTTGAGTTAGGTTTAGGTTACGTCGT	0	0	0		0	1.303731153	0	0	17
TTGTTAACCAGCGCGTGGAATGATTCAGGC	0	0	0		0	0	702.8194774	0	55
TTGTTCGCGGTATTCAGTAGTTGTACAGTC	0	0	0		0	0	96.94061758	0	2
TTGTTCGGTACTTTCTGCTTAAAATTTTAT	0	0	0		0	0	24.23515439	0	29
TTGTTCGTACACGGGTTGCAGAACGTTTAT	0	0	0		0	0	72.70546318	0	2
TTGTTCGTTATATGCTCCATCGGCATGGTT	0	0	0		0	0	605.8788599	0	4
TTGTTCGTTTCGCCGGCAACGCTTTGATAG	0	0	0		0	0	557.4085511	0	37
TTGTTCTTAGCCTTGTAAATAAAGTAACAC	0	0	0		0	1453.660235	3877.624703	0	951
TTGTTGCTGGTAGTTTGAGTGAGTGCTTAT	0	0	0		0	0	169.6460808	0	152
TTGTTGTGCCAGTGGTAATAATGCCGAGCG	0	0	0		0	0	96.94061758	0	72
TTGTTGTGGCGACGTTTACTTACAGTGTTC	0	0	0		0	3.911193458	0	0	2
TTGTTTACTATCAAGTATGACTTGCACCTG	0	0	0		0	0	24.23515439	0	38
TTGTTTCGAGAGGACGTGTTGCTCTGCTCA	0	0	0		0	0	145.4109264	0	190
TTGTTTCGCACCAAAAGATCATACCTGCCG	0	0	0		0	0	24.23515439	0	0
TTGTTTGAAGTGGTCTTTGTAACTACTAGG	0	0	0		0	0	72.70546318	0	3
TTGTTTGCCTTATGCTGCAGTTATTTGTGT	0	0	0		0	10.42984922	266.5866983	0	201
TTGTTTGTCATGGGCTTTAATAGATTTTCA	0	0	0		0	0	24.23515439	0	6
TTGTTTTGATTTGTGATAGGTGATGGTTCG	0	0	0		0	0	193.8812352	0	747
TTTAAAAATAATTTGTACCGGTCACGTTCT	0	0	0		0	0	1381.4038	0	170
TTTAAACGATGGTCGTGTTTAGATACTTTA	0	0	0		0	0	169.6460808	0	6
TTTAAAGCCAATGGGCTTGGGGAGTCCGAT	0	0	0		0	0	48.47030879	0	2
TTTAAAGGGGGGGAGTCATGTCACGGGACG	0	0	0		0	0	169.6460808	0	44
TTTAAATGTACTCCCCGGGAAGTGGGTGTT	0	0	0		0	0	387.7624703	0	809
TTTAACATGAATGGTGAACCTCCGAAAGAG	0	0	0		0	0	48.47030879	0	16
TTTAACCCTGGGAGCTAATCCTTCTTAGAC	0	0	0		0	0	24.23515439	0	6
TTTAACGTTTTCTGCCTTGGGGTCTAATGC	0	0	0		0	0	339.2921615	0	2
TTTAACTTAACAGTTACTAAGATATCAGAT	6.338579416	0	0		0	0	0	0	2
TTTAAGCACCGTAATAAGTGCTGTCGATTC	0	0	0		0	0	2302.339667	0	340
TTTAAGGGGGCAACTACGCGGTTCCGGGGG	0	0	0		0	0	96.94061758	0	196
TTTAAGTAGATGTACAGCTAGGATCTGAAT	0	0	0		0	122.5507283	387.7624703	0	30
TTTAAGTCCATTAAGGGCATCCCGACTAGA	0	0	0		0	0	24.23515439	0	3
TTTAATCACTTAAACTTGCATGATCTTCAT	0	0	0		0	0	96.94061758	0	346
TTTACAGTCACCTGGATCGAAATCCCACTA	0	0	0		0	0	24.23515439	0	6
TTTACATGCTTCGATCTTGAATCAGTACCG	0	0	0		0	0	72.70546318	0	34
TTTACCATAAGATGCCAGTCCGTTACACAT	0	0	0		0	0	24.23515439	0	17
TTTACGAGTAACACACGGTCCCCATGTCCC	0	0	0		0	0	48.47030879	0	0
TTTACGCTGTGCTCGAATACCTGAGAGCAG	0	0	0		0	0	387.7624703	0	18
TTTACTAAATCTTTGGTTGGTTCGAAGTTA	0	0	0		0	0	242.3515439	0	3
TTTAGAGGGTTGTATTTTATATCAGAGGGC	0	0	0		0	0	24.23515439	0	0
TTTAGAGTTCGTCAGAAACATGCTTCTCCT	0	0	0		0	0	339.2921615	0	20
TTTAGATAGAGGTTGTCCACCCGACCGCGT	0	0	0		0	0	24.23515439	0	0
TTTAGATTCTAAGCGATTACACCGACTGCA	0	0	0		0	0	630.1140143	0	21
TTTAGCGCACTCTGCCATCCCACGCAGAGG	0	0	0		0	0	169.6460808	0	825
TTTAGCGTAGGACGAGGAGTGGATGCCGGG	0	0	0		0	0	605.8788599	0	37
TTTAGCGTCGAACTTCGGGGCGCCGATTTG	0	0	0		0	0	387.7624703	0	39
TTTAGGAAGTGCAGGGGGGATCATTCTTAG	0	15.41238671	0		0	0	24.23515439	0	225
TTTAGGAATTTATTTATAGTTAGACCAGTC	0	0	0		0	0	24.23515439	0	199
TTTAGGGGTACAGCCTGGTCCAGGGTAATT	0	0	0		0	0	24.23515439	0	6
TTTAGGTCGCCACGTCCGCCTTGGCCTAGC	0	0	0		0	0	48.47030879	0	13
TTTAGGTTATACATTGTCAACAATTTTAAT	0	0	0		0	0	193.8812352	0	482
TTTAGTAATATTATGTTTTTTTGCATCCTC	0	0	0		0	0	145.4109264	0	73
TTTAGTCCTCAATTTGGCGTTTCATCATGT	0	0	0		0	0	96.94061758	0	0
TTTAGTTCTTGGTAAAGAGTGCTTGTTATA	0	0	0		0	0	72.70546318	0	41
TTTATAAAATCCTTAGGTATTTCACCGTTA	0	0	0		0	0	24.23515439	0	0
TTTATAAGGTAGTGCCTCAGAAATGGCTTG	0	44.03539059	0		0	0	0	0	27
TTTATACCGGTTCATATAATTGTCGCAAGT	0	0	0		0	0	121.175772	0	4
TTTATAGAGTTATCAGGCTGACGGGCTCTC	0	0	0		0	0	48.47030879	0	5
TTTATAGGATAACAAGGTTTACGGGAGCTA	0	0	0		0	0	48.47030879	0	0
TTTATAGGGATTAATGCCTTCAGTTAAGCT	0	0	0		0	0	266.5866983	0	46
TTTATATAAATTCTCATCGATGTCTCGGGA	0	0	0		0	0	96.94061758	0	2
TTTATATCTTGGTCGTAAGGTTCACCTTTC	0	79.26370306	40.06203864		0	0	0	0	11
TTTATCATTTTAGCTATGGGGCACTGCATT	0	0	0		0	0	72.70546318	0	27
TTTATCCCCACCCAATTTAACACTCCAGTT	0	0	9.614889273		0	0	0	0	88
TTTATCCTACTTTACAACGTGTTGGCAACA	0	0	0		0	0	48.47030879	0	150
TTTATGACCTGGAAGTCAGTTCCGAGAGGA	0	0	0		0	0	24.23515439	0	0
TTTATGCCCAGTCCTTATGTTATTACTATT	0	0	0		0	0	121.175772	0	6
TTTATGCGTGGGGTAGGTATCTTCCCTAGA	0	0	0		0	0	48.47030879	0	47
TTTATGGAATTGAGGGTCAAAGATGAAAGC	0	0	0		0	0	96.94061758	0	21
TTTATGTCCTCTCAAATGATTCGTGAGGAT	0	0	0		0	0	605.8788599	0	0
TTTATGTGATGGAATACCTTCCAGTTTCTT	0	0	0		0	0	48.47030879	0	7
TTTATGTGTTAGACTTAAATAGTGAGTGGT	0	0	0		0	0	24.23515439	0	151
TTTATTGTGAGGGGTTGTCCCTATTCATGC	0	0	0		0	0	24.23515439	0	39
TTTATTGTGTTATATGTTCTCCAACCTGCT	0	0	0		0	0	218.1163895	0	2
TTTATTGTTAGACTACTGATTTTGGTTTGG	0	0	0		0	0	24.23515439	0	5
TTTATTTAATAGTGCGTTGAGGTTAGTTGT	0	0	0		0	0	24.23515439	0	8
TTTCAAAGTCTATGCTGTACTTTCCGCCTT	0	0	0		0	0	24.23515439	0	15
TTTCAAGCACCAGGAGTGTTAGTGGTACTT	0	0	0		0	0	24.23515439	0	0
TTTCAAGGAGCGTAGTGTGAATCGGAGGTT	0	0	0		0	0	72.70546318	0	79
TTTCAATCCGTAGTGAATTTCCGGCACTTA	0	0	0		0	285.5171224	72.70546318	0	3
TTTCACACTTTTATGTAATTGGAAGATGGT	0	0	0		0	0	48.47030879	0	5
TTTCACTCTCCGACATACTGTTTCTTTTGG	0	0	0		0	0	72.70546318	0	0
TTTCAGCTGCTCGGTGACATACTCTAAATG	0	0	0		0	0	24.23515439	0	3
TTTCAGGTACTCTGGTCGGCGTAAGTTGGG	0	0	0		0	0	24.23515439	0	13
TTTCAGTATGTCACTAGGTGGTAATATTGT	0	0	0		0	11.73358037	2229.634204	0	996
TTTCAGTCCATTACACTGTTATGAGGCCGT	63.38579416	59.4477773	0		0	74.3126757	2520.456057	0	415
TTTCAGTTTTCGGCAAAGACTGCGCGTTAT	0	0	0		0	0	24.23515439	0	15
TTTCATAGTCCACTAAGGCACACGATCTTT	0	154.1238671	0		63	0	0	0	63
TTTCATATGTAGGAGTAGAAAGATGATTTG	0	0	0		0	0	72.70546318	0	251
TTTCATCGTGGACCCAGGTTCTGGTTACGA	0	0	0		0	0	72.70546318	0	0
TTTCATTCCCTGGACTGTACTTAGCCAGAG	0	0	0		0	0	24.23515439	0	25
TTTCCAACTTCCTACTCCGGAAGGTCTGGT	0	0	0		0	0	48.47030879	0	5
TTTCCCATCGCACGGGATCTTGCTACCTAA	0	0	0		0	0	266.5866983	0	32
TTTCCGAGATATACGGTATGGATATTAAGA	0	0	0		0	0	48.47030879	0	3
TTTCCGGAGGGTAGTAGTGTGATTGCCCTT	0	0	0		0	0	557.4085511	0	13
TTTCCGTATTTGTGCGTTTCGCACGCCTAT	0	0	0		0	0	48.47030879	0	0
TTTCCTACCAAAGCGCATTCTTGGGCAGTG	0	273.0194217	0		0	0	775.5249406	0	108
TTTCCTTCAGGCTCCACGATGTGGACACTA	0	13.21061718	0		0	0	0	0	2
TTTCCTTGGTCGGCAACCGCGCGACTCTCA	0	0	0		0	0	896.7007126	0	178
TTTCCTTTCAGGGAAACTCCTGTTACTTAG	0	0	0		0	37.80820342	24.23515439	0	20
TTTCGAATACGATACGGTTGGGGCTACTGT	0	0	0		0	0	2375.045131	0	640
TTTCGACGCAGAACCCGTGAGGCCCCAAGA	0	0	0		0	0	169.6460808	0	4
TTTCGAGTGTATTTTCATCGTATAACACCC	0	0	0		0	0	654.3491686	0	0
TTTCGATATCTGTGGACAGACAGGAAATAG	0	160.7291757	0		0	0	121.175772	0	364
TTTCGGAACCCACTTCGTCGAATGTTTTAT	0	0	0		0	37.80820342	48.47030879	0	2
TTTCGGACTGGGTTCGGGGCTCGGTTCCAT	0	0	0		0	0	48.47030879	0	0
TTTCGGCACAACTCACTTCGGCTGGACGAT	0	0	0		0	0	1599.52019	0	40
TTTCGGGCCTGTAGATAATGACGGCTGTAG	0	0	0		0	28.68208536	0	0	0
TTTCGGGTGCTGTCCCTATTCTGTGTCGGT	0	0	0		0	0	242.3515439	0	38
TTTCGTGATTATACTGGTTAGTTTTTAGAT	0	0	0		0	0	72.70546318	0	19
TTTCGTTATCCGCCTTCCATACTCGTCGGG	0	0	0		0	0	145.4109264	0	125
TTTCGTTCTTTACATAGCTACCGTGAATGA	0	0	0		0	0	266.5866983	0	182
TTTCGTTGGAGTTTTCGTCATTCATCTATG	0	0	0		0	0	48.47030879	0	3
TTTCGTTGGTTAGGGCGGGTTTAGCTCACT	0	0	0		0	0	508.9382423	0	64
TTTCTACCTTTTAGTGTTGTAACTATATAT	0	0	0		0	0	315.0570071	0	164
TTTCTCGTTATTGACAAATATCAATTTGTG	0	0	0		0	0	96.94061758	0	0
TTTCTGGCTTCAATCCATTGATACTGTTGT	0	0	0		0	0	145.4109264	0	291
TTTCTGTTGCCGGACCGTACGAAGGATTGA	0	0	0		0	0	96.94061758	0	4
TTTCTTAGATTCAGGCTTTATGATAATCCA	0	0	0		0	0	678.584323	0	55
TTTCTTCGGGGTTTGGCTACTAGGCGCGGA	0	0	0		0	0	24.23515439	0	15
TTTCTTTTTGTGCAGTCTTATTTAGTACTT	0	0	0		0	0	218.1163895	0	32
TTTGAACCGTGCTAGACCATTTAGCACCTT	0	0	0		0	0	654.3491686	0	111
TTTGAATTCAAAGGTTACGCTAGTCTCGAT	0	0	0		0	0	72.70546318	0	92
TTTGACCTCCGATCACTATACCCAGATTAG	0	0	0		0	48.23805265	96.94061758	0	78
TTTGACGCTGCCGATTACTTGAGTAGATTG	0	0	0		0	0	48.47030879	0	12
TTTGATCACGGTTGGTGGGGCAGAGACAGT	0	0	0		0	0	145.4109264	0	368
TTTGATCTGTATTTACCTCGTAATGATGGT	0	0	0		0	0	581.6437055	0	30
TTTGATGGGGCACTCTTTAGGGGGGTAACC	0	0	0		0	0	24.23515439	0	20
TTTGATGTTAGTCATATAAACAGAATTACA	0	0	0		0	0	24.23515439	0	21
TTTGATTCACTGACATAGATAAATATGGTC	0	0	0		0	33.89700997	0	0	32
TTTGATTCGCCTCACGTAGTGCTGGCTTCG	0	0	0		0	65.18655763	2520.456057	0	296
TTTGATTGGTGGTCCTAGAATAACGCCACT	0	0	0		0	0	339.2921615	0	175
TTTGCAACGGGAAGTACTACTGCGTTTGCA	0	0	0		0	0	48.47030879	0	230
TTTGCAGGCCTCTCTCTGCCAGGGGATCTC	0	2.20176953	0		0	0	0	0	0
TTTGCAGTAATCTGCTCTTATCGGCATAGG	0	0	0		0	0	193.8812352	0	11
TTTGCCGTAGATTGGCATCTTTAGAATCGC	0	0	0		0	0	48.47030879	0	2
TTTGCCTTCCGCCGAATTTTGTGTTGTTGT	0	0	0		0	0	1454.109264	0	810
TTTGCCTTCCTATCCAGGTGGTTCCATGTC	0	0	0		0	0	24.23515439	0	5
TTTGCGAGTCTTGCTCATAGGCCCCTTAGT	0	0	0		0	0	24.23515439	0	14
TTTGCGCTTTAGTAGTTGGATCATTGAATG	0	22.0176953	0		0	0	145.4109264	0	54
TTTGCTCTTTCCTGATTTGTGACGGCAATC	0	0	0		0	0	121.175772	0	2
TTTGCTGGTCTGCGAAGCGGGGTAATCCAT	0	0	0		0	0	24.23515439	0	8
TTTGCTGGTGCCTAACACATTATGAATTAG	0	165.1327147	0		0	0	0	0	39
TTTGCTGTGGCAATCGTACCTGTATGGGAG	0	0	0		0	0	24.23515439	0	9
TTTGGACGCCTTCTAAGTGTGTTGTTTTAT	0	0	0		0	0	1551.049881	0	30
TTTGGCTGTTGCATAATAATTCATGTAGGG	0	0	0		0	0	48.47030879	0	9
TTTGGGTCGGCACAGGCTAACTGGGGGGTT	0	0	0		0	0	169.6460808	0	6
TTTGGGTTGTTACTTCCCCGGCTTGTGTCT	0	0	0		0	23.46716075	0	0	9
TTTGGTAGAAGTAGGGGCTGAATGGGTGGG	0	0	0		0	0	72.70546318	0	21
TTTGGTATAAGGGAAGAACGCGGTCATACT	0	0	0		0	0	48.47030879	0	21
TTTGGTATGGGCCCTGACTACGGGGTGGTG	0	0	0		0	0	121.175772	0	54
TTTGGTTACCGCTGCCCTCTTGCATCGAAG	0	0	0		0	0	242.3515439	0	4
TTTGTACGGAGCGTGGACGTCGGGTAAGCG	0	0	0		0	0	24.23515439	0	24
TTTGTAGAGGTATAGCGTTATGGTTCCCGT	0	0	0		0	0	145.4109264	0	221
TTTGTATCCTTATGGGCTACGCTGTTAGCC	0	0	0		0	0	702.8194774	0	33
TTTGTATGGGCACGTTACCCCGAAAATCCA	0	0	0		0	0	290.8218527	0	4
TTTGTCATACACGCACGTTGGCGTGATCAG	0	0	0		0	0	145.4109264	0	4
TTTGTCCGCGATGTTACGATTTTGTATTTG	0	0	0		0	0	169.6460808	0	11
TTTGTCGAGTATGTTCGAACATTTATTCTG	0	0	0		0	0	72.70546318	0	494
TTTGTGACTAAATCGTGAAATACTCTTGAG	0	0	0		0	0	48.47030879	0	177
TTTGTGAGAGTCTTAACATTGTAGCTTGAC	0	0	0		0	0	72.70546318	0	0
TTTGTGCCAGGATAATAACGCCTTAACTTC	0	30.82477341	3.204963091		0	0	0	0	9
TTTGTGGTTTGAGTGGCTATGGGGTACCCC	0	0	0		0	0	2835.513064	0	2609
TTTGTTAGCCTGGGCATCTAAGGAATAAAG	0	0	0		0	0	24.23515439	0	4
TTTGTTGGCAGAGTGCTAACGTGTTAAACG	0	24.21946483	30.44714936		0	0	0	0	30
TTTGTTTAAACCGTGAAGCCCAGTTGGTCC	0	0	0		0	0	24.23515439	0	252
TTTGTTTCACCATGGGCTGGTTTATGTAAG	0	0	0		0	15.64477383	0	0	40
TTTGTTTCATGCCAAGCTGTTTTGGAGGCC	0	0	0		0	0	1211.75772	0	397
TTTGTTTTGTGACACTAACCGGCAGTTTTA	0	0	0		0	0	72.70546318	0	5
TTTTAAACTCCAATCGAGAAACTCAACTTC	0	0	0		0	62.57909532	193.8812352	0	230
TTTTAAATCCTTACCTCGCTGACCTATAGG	0	0	0		0	0	1454.109264	0	66
TTTTAACAGAGTATGACACATGGGGGGAGC	0	0	0		0	0	169.6460808	0	0
TTTTACCCGCAACCTACCAGGGGCGCCAGC	0	0	0		0	129.0693841	145.4109264	0	11
TTTTAGCCGACAACGTTGTTATTCGGGGCG	0	0	0		0	0	24.23515439	0	3
TTTTAGCTTAGGAGATAACTTCTGAGGGAA	0	0	0		0	0	24.23515439	0	0
TTTTATAGATGTAATCTAAGTATATGAAGA	0	0	0		0	0	290.8218527	0	102
TTTTATATCCTTTAAAACTTAGTTTAGTCT	0	0	0		0	0	121.175772	0	11
TTTTATTTACTCCGTTCAAAAATAGGCTAC	0	0	0		0	1.303731153	48.47030879	0	5
TTTTCACAGGTGTCTCCTGGTCGTTCATGC	0	242.1946483	0		0	0	0	0	36
TTTTCAGTCCATGCGGTTCATTTCGGTGGT	0	0	0		0	0	193.8812352	0	18
TTTTCATAATTGGTTCTTAACTGAGCGATT	0	0	0		0	0	48.47030879	0	5
TTTTCCGCGCTGCATGTTCAGCAGCACTCG	0	0	0		0	0	48.47030879	0	34
TTTTCCGTACAAACGCGACCCACTTCACCT	0	0	0		0	0	24.23515439	0	2
TTTTCCTGGTACTTTGTCAGCGTTGGAAAC	0	0	0		0	0	193.8812352	0	2
TTTTCGCCCTTCGCTTGGCCAGTATCGCCT	0	0	0		0	16.94850498	24.23515439	0	14
TTTTCGCGCTGGATATGCCTGGAGTAAGGT	0	0	0		0	0	24.23515439	0	6
TTTTCGCTGGGGGAAAGGCACCGCGTGCAC	0	0	0		0	36.50447227	0	0	6
TTTTCGGTTTGAATCTAAGATGCGTCTGTA	0	0	0		0	0	24.23515439	0	15
TTTTCGTTGCCGATAGCATAGAGAGTTTAA	0	0	0		0	0	96.94061758	0	68
TTTTCTGAGGGTTCAATTGGATGGCAAATA	0	0	0		0	0	339.2921615	0	30
TTTTCTTCTAGCTATGATCACGATAGGGGT	0	0	0		0	0	48.47030879	0	73
TTTTGACTTGGAGTTGTATCCTGGCGCAAT	0	0	0		0	0	48.47030879	0	7
TTTTGAGAAAATGTAGTAGTTGAGGCTTGA	0	0	0		0	33.89700997	872.4655582	0	62
TTTTGAGACAGGATCGCTCTGGCTTATGAT	0	0	0		0	0	315.0570071	0	149
TTTTGAGCGGTCTACAAGCTAGCTCCGTAA	0	0	0		0	0	24.23515439	0	0
TTTTGATAATTTCCGTAGCACAACAGCAAC	0	0	0		0	0	24.23515439	0	3
TTTTGCAATCTTCTCAAGGTTTTTTGTATT	0	0	0		0	0	193.8812352	0	136
TTTTGCCAGGGATACTCTAACACATCTGAG	0	0	0		0	0	339.2921615	0	8
TTTTGGCGCAATAGCCGTGAGGCAGGAAAG	0	0	0		0	0	24.23515439	0	0
TTTTGGGAGGTTTGCGAGCATGACTGATCT	0	0	0		0	151.2328137	1381.4038	0	300
TTTTGGGATAATCCGTCGAATGGCCACGTA	0	0	0		0	0	145.4109264	0	227
TTTTGGGGTTTACGCCAGCCGTTCTCCGTT	0	0	0		0	0	24.23515439	0	61
TTTTGGGTAACATCTTTTAAACAAACCAGG	0	0	0		0	0	751.2897862	0	356
TTTTGGGTAATATTATTGCGTCTTTAACAT	0	0	0		0	0	96.94061758	0	19
TTTTGGTCTGGTTGCAATAGTGTCAGTCAG	0	0	0		0	0	121.175772	0	0
TTTTGGTGCTCTAAGTGTCAGGTCTAGATT	0	0	0		0	0	169.6460808	0	548
TTTTGTACAAGACAATTGAACAGCTCTTTG	0	0	0		0	0	242.3515439	0	17
TTTTGTATTGGTGAAACAAGCATAAGAGGC	0	0	0		0	0	266.5866983	0	0
TTTTGTGTAACGATTCTGGGTTATCCCTGC	0	0	0		0	0	24.23515439	0	24
TTTTGTTACGCATTAGGTCTATCGTCATAG	0	0	0		0	0	1332.933492	0	22
TTTTGTTACTTCTATAACTCGATGGGGGGT	0	0	0		0	0	24.23515439	0	2
TTTTTAAATCTTGAGATTTACTACATACTA	0	0	0		0	13.03731153	0	0	2
TTTTTAGTCTTGCAGGTGTATTCTTGTACT	0	0	0		0	0	48.47030879	0	620
TTTTTATATGCTTTGAATATTAGATTCTAT	0	0	0		0	0	24.23515439	0	2
TTTTTCAGCCTACTATGGGAGCCGCCACGA	0	0	0		0	0	242.3515439	0	332
TTTTTCGACGCAGGTGTGACCCGGGCCGAG	0	0	0		0	0	48.47030879	0	23
TTTTTCGGTTATTTGCGTGCATTTATAATA	0	0	0		0	9.126118068	0	0	61
TTTTTCTAGTCTGCATACGTTATTCATGGG	0	35.22831247	0		0	0	0	0	0
TTTTTCTCTAATCGATGGGGGCAGACGCTG	0	0	0		0	0	24.23515439	0	0
TTTTTCTTATTTGTTGTCAGGACCTTAGTA	0	0	0		0	0	121.175772	0	0
TTTTTGAGGGGTGGATTGGGCTCGCGCTGG	0	0	0		0	0	436.2327791	0	0
TTTTTGAGTCGGACGATGGGCCTTCCGTAG	0	0	0		0	0	48.47030879	0	5
TTTTTGCGATGCTCGAGGATATGTGGCTGT	0	0	0		0	0	72.70546318	0	13
TTTTTGCTTGGCTTGTCCTATAGAGGCTAG	0	0	0		0	0	48.47030879	0	3
TTTTTGTAGGGGGTTGCGTGTCCGGCGTAG	0	0	0		0	1.303731153	48.47030879	0	0
TTTTTTAAGGATGCGATGGTGATGAGTGCT	0	0	0		0	1.303731153	0	0	6
TTTTTTAGACCGAGCTCCCGTAATGTATAG	0	0	0		0	0	315.0570071	0	4
TTTTTTCAGTAAGGGCATTCCTGATTTCGG	0	0	0		0	0	1623.755344	0	140
TTTTTTGCGATGCTCGAGGATATGTGGCTG	0	0	0		0	0	4071.505938	0	249
TTTTTTGCGGTGTAGATCGTATCGCCCGGT	0	0	0		0	0	24.23515439	0	20
TTTTTTGGTCACTCTGCGGCGATTCCTGAG	0	0	0		0	0	169.6460808	0	31
TTTTTTTGTAGTTGTATCTTTCTTCAAGTT	0	0	0		0	0	121.175772	0	2