barcodes	rsp	pm	am	a	rl	al	lm	neg	inj
AAAAAAAGTTAGGGGCTAAGCAGAGGCTCG	0	0	0			0	3.412642324	0	9
AAAAAATATTAGATTCGGGACTTTTTAAGA	0	0	0			0	10.23792697	0	1
AAAAAGAAATGGTCCCTGACCGTATACTGG	0	0	0			0	3.412642324	0	5
AAAAAGGATACGTACACTGCGTAGAACGAA	0	0	0			0	75.07813113	0	190
AAAAATCCACCAGGCCAGCGAATAATAATA	0	0	0			0	201.3458971	0	90
AAAAATTGAGAGGCTTCAAAGCTACGACAA	0	0	0			0	6.825284649	0	6
AAAACAAGTTGCATTTTAATAATTAAGATA	0	0	3.163027656			24.97701149	81.90341578	0	39
AAAACAGTATTTGCCGCAAATGGTCTTGCT	0	0	0			0	13.6505693	0	7
AAAACATGTCTGGTCGGTGGTTCTATTACG	0	0	0			0	13.6505693	0	2
AAAACGGCTGTGTTCTAGGGGAGCAATAAC	0	5.291933029	3.163027656			2.081417625	0	0	1
AAAACGGTTTTGTGTGCCACCGGCATGGTT	59.72098581	296.3482496	199.2707424			0	0	0	457
AAAACTGGATTGATTTGTCACTTTTCTTAA	0	2.645966514	0			0	0	0	5
AAAAGACTAATACCAGCTCAATTAACACGA	0	0	37.95633188			0	95.55398508	0	33
AAAAGCATTTCCCTGCATGTTTAAGCATTA	0	0	0			0	37.53906557	0	9
AAAAGCGTTCTTCGTAAGAGTTAAGCGTGC	0	0	0			0	10.23792697	0	22
AAAAGCTATTGGGTAAAGGATCACTGGTTT	0	0	0			0	122.8551237	0	303
AAAAGGGATTGTTCATTCGATCGGGAAAAT	0	18.5217656	0			0	3.412642324	0	2
AAAAGGGCTGGCAATTAGGACAGAATAGTC	0	0	0			0	13.6505693	0	5
AAAAGGGGTCGTAAGCGTCGGTGAATCTAC	31.15877521	5.291933029	28.46724891			0	13.6505693	0	23
AAAAGGTCAGTGTTATGAATGTTCTTCACG	3.894846901	0	12.65211063			0	0	0	25
AAAAGGTCATGGCAGATGTGGATAGTGTTG	25.965646	0	0			0	0	0	132
AAAAGTTGTTGGATACTTAAAGAGATATGC	19.4742345	0	6.326055313			0	23.88849627	0	1
AAAAGTTTATCTGGGATCAAATACCCCTGT	0	627.0940639	0			0	846.3352964	0	969
AAAATAAATAATCCACGCGTCTCGCGAGTT	0	5.291933029	0			0	0	0	1
AAAATAGGTACCTGCATTTTTATTTTAATT	0	0	0			0	75.07813113	0	101
AAAATATAATCTAGTACACGAAAGCGATAA	0	13.22983257	0			0	0	0	583
AAAATATCTTCGTCGACGTTAATATACGCT	49.33472741	60.85722983	3.163027656			0	0	0	69
AAAATCAATTCTGGGCACTTTACTTACCGC	0	0	0			10.40708812	0	0	2
AAAATCATTGCGTTGCTTTAAGTGTAGCCC	0	0	0			0	23.88849627	0	53
AAAATCCCTTCGTCGCCGTTACTATACGCT	1.2982823	0	0			0	0	0	1
AAAATCGTTGATTTCGGCTAGATTGTGCGG	0	13.22983257	0			0	402.6917943	0	18
AAAATGAGATCGATGAGATCTAAGGATTAA	0	0	0			0	836.0973695	0	213
AAAATGCAACGACCGTAGCTAGCAGCGAAT	0	0	0			0	23.88849627	0	11
AAAATGGGTACATCCGCTTGGATCATAACC	0	31.75159817	18.97816594			0	40.95170789	0	10
AAAATGGTACATAATGAATCGGGGGGATTA	0	0	0			0	27.30113859	0	128
AAAATGTCTGAGGTAATCTAAAGGTGTTGT	0	0	0			0	20.47585395	0	10
AAAATGTTAATGTTATACGTTGTGAGCTCG	0	0	22.1411936			0	71.66548881	0	2
AAAATTAGTGCAGGCATACGACTGTTATGT	0	0	0			0	6.825284649	0	1
AAAATTGGTCATTAGCTCAGTACTTACGCA	0	0	0			4.162835249	0	0	17
AAAATTTATCTCCAGGGTCATGGCGTTGTA	0	0	0			10.40708812	0	0	37
AAACAAGCTCGTAAGTTGGGTGTATCAGCG	0	5.291933029	0			0	0	0	1
AAACAGGCACAACATCCGAATGCGTGATTA	0	0	0			0	17.06321162	0	2
AAACAGTCTTTGGACGCAGCACGGTACCTG	288.2186706	2204.090107	154.9883552			0	98.9666274	0	12
AAACATGGTTCCCCCCCATATCCTAGATTT	0	0	0			0	27.30113859	0	2
AAACATGTTGGCTATTGCCTAGAGAGTTCT	0	0	0			122.8036398	0	0	26
AAACATTATCTCTTGCTTTCGGTGAGTGCA	0	0	0			0	37.53906557	0	2
AAACCATTATTGGATGTCGGCGTAGTGCGT	0	0	0			0	3.412642324	0	5
AAACCGGAATGGTTGCCGCGTCCAGAAAGC	0	0	0			258.0957854	3.412642324	0	51
AAACCTCAACCCGGAGAGGCGCGGAGGAGA	0	0	0			2.081417625	0	0	1
AAACGAGGTAGAGTACGGTTCATACTAGGG	0	0	0			0	58.01491951	0	74
AAACGCCCACCTTTACGTCTTGCCGCCACG	0	0	177.1295488			0	10.23792697	0	55
AAACGCCGTAAGCCTCAGCAACGGGGGAGG	0	0	0			27.05842912	0	0	22
AAACGCGTTTACTGATAATAACACTCTTGA	14.2811053	187.8636225	110.705968			0	0	0	85
AAACGCTATCGCACAAGTACTGACCATCTG	0	0	0			0	3.412642324	0	3
AAACGCTATCTCAAGGCCGGTAAGCCAGTC	0	0	0			0	3.412642324	0	3
AAACGGATACCGTGAAAGGATTGTCCGTCA	0	0	0			0	20.47585395	0	23
AAACGGGTTTGTGTTATATTCAGCTTCGTC	0	0	0			0	34.12642324	0	103
AAACGTAGTTATTACGGCCGATAGAATGCC	0	0	0			0	3.412642324	0	13
AAACGTATTCGGCTACTTACAAGACTCCTT	0	0	0			8.325670498	34.12642324	0	15
AAACGTTGTGTTGGGGGATGATATGTTAGT	0	0	0			0	17.06321162	0	86
AAACTAAATAGTATATAAGGTGCAGTCTTG	16.8776699	317.5159817	98.05385735			0	300.3125245	0	825
AAACTACTTGCTTGGCTTTTAAGTAAATGT	0	0	15.81513828			0	58.01491951	0	19
AAACTAGCACTCTTCATCCCAGGAGCAGAG	0	5.291933029	0			0	0	0	1
AAACTAGGTTGCCCTTTGGCCGGGCTTAGG	0	0	3.163027656			0	0	0	12
AAACTAGTTATATAGTCCGAGTTCGAATTA	0	0	0			0	6.825284649	0	2
AAACTCAATGTCGGGCGGCGTCTAGAAGCG	0	2.645966514	0			0	0	0	21
AAACTCATACTGAATTCGTTAGTTGAGGGC	0	0	0			0	71.66548881	0	1117
AAACTGCGTCGCTGCGTTCTGCTAGTAAAA	0	0	0			0	98.9666274	0	25
AAACTGGGTAAGTGGATAGACGACCGCGGG	0	0	0			0	3.412642324	0	2
AAACTGTTAATGTCGCAACCGATTAAATTC	0	0	0			0	6.825284649	0	1
AAACTTACTACCGCAGCGGGCAACGCCGCT	0	0	0			0	40.95170789	0	88
AAACTTGGTACTAGCGAACTTCGTGCGTTG	0	0	15.81513828			0	13.6505693	0	20
AAACTTTATTTCCACGGTATGTCCGCGAGT	0	0	0			20.81417625	0	0	49
AAAGAACCACGGTCAGGCTGGTGATGAGCG	0	0	0			4.162835249	3.412642324	0	11
AAAGAAGAATAATAGTTTAGTACGCGTCAG	0	0	0			0	126.267766	0	1781
AAAGAAGCACGTTTTTTGGGATTGGTGACT	0	18.5217656	3.163027656			0	3.412642324	0	3
AAAGACGGTTGTCTCAATTAGGTGTTTTAT	0	0	0			0	273.0113859	0	207
AAAGACGTTTTCTTTGAGAGTTCTACGGAG	0	0	3.163027656			0	0	0	22
AAAGAGATTACACCGCGCTACAACATTAAC	0	0	0			0	150.1562623	0	173
AAAGAGGATCTGCTAAGCAGGGGGTGAGGG	0	0	0			0	40.95170789	0	12
AAAGAGTTTGTATCGTTTCCAATCATTGTA	0	0	0			16.651341	0	0	91
AAAGATCCACGCTGACCAGCTTAGATATAC	0	0	136.0101892			0	0	0	1460
AAAGCAGGAGACGCGGTGGATAGAACTGTA	98.66945482	74.0870624	50.6084425			0	85.31605811	0	26
AAAGCATCTCTCATCATGCTCATGTTAGCT	0	0	0			0	3.412642324	0	3
AAAGCGCAAGGATCGTCAGCCGTGTTCCTG	0	0	0			0	180.8700432	0	3925
AAAGCGTTTAGTAAATTAAGTTGACTAAAC	0	0	0			39.54693487	0	0	13
AAAGCTATAGGGTCCATCTGCTTCTATACT	0	0	0			22.89559387	34.12642324	0	11
AAAGCTATATAGAGCACGGCAGGGAAGGCG	0	0	0			114.4779693	546.0227719	0	1011
AAAGCTATATCGTCTTCCTACAACAGGCCT	0	0	0			0	184.2826855	0	17
AAAGCTGATGAGACGGCGCTGTAAAGAGGG	0	0	0			0	81.90341578	0	3
AAAGCTTGTAACAGCTTGTAGTGAATTTAA	0	0	0			12.48850575	75.07813113	0	300
AAAGGAGTTAGCATTTCGTACTAGTCTACG	0	23.81369863	0			0	0	0	2
AAAGGCACTGCTTTTCGGAGTGACGGGACC	0	0	0			0	23.88849627	0	1
AAAGGCAGTGCTGATGGTATACAACGACTA	0	0	0			112.3965517	10.23792697	0	5
AAAGGCGTAGGGTAAGGCATGGATTGCGAT	0	50.27336377	37.95633188			0	102.3792697	0	331
AAAGGGATTAAAGATTGTCCTATCTTGGCG	0	0	0			0	6.825284649	0	482
AAAGGGCTAACCTAGGAACGCATCTGAAAC	0	0	34.79330422			0	0	0	7
AAAGGGCTAGTGCCGGTGGTGATACGGGTT	582.9287528	2698.885845	572.5080058			0	689.3537495	0	2007
AAAGGGGGAAATTCGTAGCCATTGCTGAGT	19.4742345	47.62739726	47.44541485			0	44.36435022	0	31
AAAGGGTAAACGGCCTCTCCTGGTCACCGG	0	0	0			6.244252874	0	0	1
AAAGGTGATCGCCGTAGAGGCGGGGGGTGC	12.982823	10.58386606	3.163027656			2.081417625	10.23792697	0	3
AAAGGTGGTTGTCTGGTCCAGGTCTAGGAG	0	0	0			37.46551724	27.30113859	0	10
AAAGGTGTAATGCGAACAGTAATCAGCAAT	0	0	0			0	10.23792697	0	1
AAAGGTTTAGTTCGAGGGCTGAGGGGGAGC	0	0	0			0	17.06321162	0	1
AAAGTAACAGGGTCACCATCGTACAGAAAT	0	0	69.58660844			0	276.4240283	0	45
AAAGTAGTACAAAGGGTTGTGGCAACTCTA	0	0	0			0	20.47585395	0	58
AAAGTATATTTACGGTATGATCCAGGTGCT	0	0	0			45.79118774	23.88849627	0	590
AAAGTCAATCGCTGTGCCTCTCTGTACGAA	0	0	0			0	64.84020416	0	103
AAAGTCATTGTGTATCGTGGAGTGTATTCT	0	0	12.65211063			0	0	0	3
AAAGTCCATCGCTGTGCCTCTCTGTACGCA	0	0	0			0	3.412642324	0	1
AAAGTCGCTGGGAACACTAGTTAGTGGGCG	0	92.60882801	0			0	6.825284649	0	35
AAAGTGATTATGGGTAAGGTTGTAGCAACA	0	0	0			0	23.88849627	0	11
AAAGTGCCAGTACCAGTAGTAATACGTGTT	0	0	3.163027656			0	0	0	1
AAAGTGCGAAATTCAAACGACTTAACGTAG	0	0	0			0	23.88849627	0	1
AAAGTGCGTACGTGCATGATCATAGGACGT	379.0984317	243.4289193	0			212.3045977	586.9744798	0	2225
AAAGTGGTAACAGATATCATAATGCGATTG	0	0	0			0	3.412642324	0	1
AAAGTGTGAGGCGCAGTTTGTTGTAGAAGG	7.789693801	0	0			0	0	0	53
AAAGTGTTACGACTGCAGAAGCTTGGGGCC	0	0	0			0	6.825284649	0	1
AAAGTTAGTTCAAAAAGAACTAACTGTCGC	6.491411501	2.645966514	15.81513828			0	0	0	37
AAATAAGTACTGATCATGTTAGTCGCCTCG	5.193129201	0	0			0	0	0	1
AAATACAGTTTCGTATAAGTTCGAGTAAAC	0	5.291933029	0			0	3.412642324	0	2
AAATAGAGATATGGCGACAGGCGCACGGAG	0	0	0			0	17.06321162	0	2
AAATAGGGACTGCCCGGGGACCGTCCTCTA	0	0	50.6084425			4.162835249	6.825284649	0	16
AAATAGTTTGATAGTCTCGGCAATTGCAGT	0	0	0			0	931.6513545	0	1296
AAATATGCAATTTGTTTATCGAATGCAGAA	0	0	0			0	3.412642324	0	2
AAATATTTAGCTTTCTAAGATGCCAATATG	0	0	0			0	23.88849627	0	4
AAATCAGAATACTGGTGATGTTGTCACGCT	0	0	0			0	20.47585395	0	51
AAATCAGCACATAGGACTGGTGTTCAGGGT	0	0	0			10.40708812	0	0	32
AAATCCATAGAAGGTAAGAATCTGGGCTAG	0	0	0			0	13.6505693	0	2
AAATCCCTAGTGCTCTGTGGCTTTAGACGG	0	0	208.7598253			0	0	0	274
AAATCCGCTACTTCGGCGTTCGGTCCAAGG	48.03644511	216.9692542	328.9548763			0	0	0	359
AAATCCGCTGTCCGCATCGCCGGTACCGGG	0	10.58386606	0			0	0	0	8
AAATCTAGATATTGAGAGAGTGCGTTGAAG	16.8776699	34.39756469	0			0	0	0	1
AAATGAACTTCGCTTTTTAAATTGGCCGTG	0	0	25.30422125			0	13.6505693	0	12
AAATGAGTTCGGTCTACTTCGGGAGGAGGA	0	0	0			0	344.6768748	0	38
AAATGATTTCTTTCGAGAGAAGAGCACAGT	0	52.91933029	0			0	20.47585395	0	120
AAATGCCATGCGATGAAAGGTAAGTTAGAT	7.789693801	21.16773212	0			0	0	0	6
AAATGCCGAATTGGGATAAGCCACGAGTTG	0	18.5217656	37.95633188			0	0	0	24
AAATGGCTATGGGTGCGTATAGCTCAGGGC	0	13.22983257	34.79330422			0	3.412642324	0	25
AAATGGTTTTTTCCATGGCTGGTTAAATGT	0	0	6.326055313			0	0	0	16
AAATGTATTACGGACTGTTTGTATCCAGTA	0	0	0			0	3.412642324	0	2
AAATGTGGACGAGCCCACCAAAGCTGTATT	0	0	0			27.05842912	3.412642324	0	17
AAATGTTTTTCGATGCGTACGTTTGAGTTA	0	0	9.489082969			0	0	0	19
AAATTAAATCGTGTAAACAAAAATGAGTGT	1.2982823	5.291933029	0			0	10.23792697	0	10
AAATTAATTGCGATAAGTGTCTCGGAAGAG	0	0	15.81513828			0	0	0	22
AAATTATCACGGGTCACGAGGGCACGTCGA	0	0	3.163027656			0	0	0	3
AAATTGAAACGAGCTTCGTTAGACAGCCTA	0	0	0			0	61.42756184	0	101
AAATTGCGTGGGAAATTGTCTCGGCATCAG	0	0	0			0	10.23792697	0	1
AAATTGGGTTGGGCTAGTTCGGGTGGAAGC	0	288.4103501	15.81513828			0	0	0	75
AAATTTATACGCTAGGAAATTGTTGGTTAT	0	0	0			0	6.825284649	0	305
AAATTTATTAAGAAGATCGAATTCTCAACC	0	0	6.326055313			0	0	0	21
AAATTTCGACACTTGTATTCTGGAGTGATG	0	0	0			0	20.47585395	0	1
AAATTTGTTTCTATGTCGGGGGGGAGAGCC	0	0	9.489082969			0	0	0	3
AAATTTTCAAACGGGGTTGTGATCAGATTA	2.5965646	92.60882801	34.79330422			0	3.412642324	0	20
AAATTTTTGATTTCTGAGGACCAGCACATA	0	0	0			0	27.30113859	0	203
AACAACGGTGCGGCGAAGACACGTCTAATA	3404.096191	4019.223135	373.2372635			0	75.07813113	0	1335
AACAAGGCATTGCATGGGATTATGGGGTCA	0	0	0			0	13.6505693	0	25
AACAATGTTGTTAATAGAAACATATTCAAG	0	0	0			622.3438697	238.8849627	0	462
AACAATTCTGTAATAACTATTCGGGTAATT	0	0	0			0	6.825284649	0	8
AACAATTTAGGTTGGTGGAAGAGAAACGTA	0	0	0			2.081417625	191.1079702	0	243
AACACCCAATGCTACTAATCGCCGTTTTGC	0	0	3.163027656			0	716.6548881	0	1560
AACACGCTATACGGTGATGCCACTAAGGCT	7.789693801	0	0			0	0	0	3
AACACTAGACGTAGGGTTGCATCGGGGAGG	0	2.645966514	0			0	0	0	176
AACAGACATAACCAATTAGTTTAGGGACAC	0	0	0			20.81417625	0	0	64
AACAGCGCTATGTTTTAACGTCGCGTAGAC	0	0	50.6084425			0	0	0	1
AACAGCTAACGTCATGTTCGTGATGAGAGG	3.894846901	0	0			0	0	0	84
AACAGGGAACTGTTTGGATGACGGTCAACT	0	0	0			0	6.825284649	0	11
AACAGGTTAACAACGTAAGCGTTTTTCGCT	192.1457804	0	6.326055313			0	177.4574009	0	276
AACAGGTTATGTTATCAGCGATTATGTACA	0	0	0			0	10.23792697	0	407
AACAGTAGACGTATTCTTACGTCATGAGTT	0	0	0			29.13984674	406.1044366	0	1056
AACAGTATTCTTGGAGCTGTTCCAGTTAAG	0	0	0			0	47.77699254	0	34
AACAGTTCTTGCCAAGAGTTGTTAGTAGGT	2195.39537	4921.497717	98.05385735			0	419.7550059	0	1480
AACATACGAAATCTTAATGGAGAAGAAGAC	0	5.291933029	0			0	10.23792697	0	8
AACATGCGTCCTTGGGTAGGGATCTACGGA	0	0	126.5211063			0	10.23792697	0	1
AACATTATTGTTCAAGCAATTTGTCTGTGA	0	0	28.46724891			0	0	0	1
AACATTGTACCATCGATCCCTAAGTCTTTA	0	0	0			0	44.36435022	0	3
AACCAAAATACTTCTTCAAGTGAAGCTTGC	0	0	3.163027656			0	0	0	23
AACCACCCTCACACCGAAATTTGTAACTTA	1.2982823	0	0			0	0	0	1
AACCACTCTCCACGATGTTCTTGTGTGCCG	0	0	56.93449782			0	0	0	55
AACCATCGAGATTCCAAAGGGAGTAGGGGC	0	0	0			0	402.6917943	0	10
AACCATGAAATAACTGGTAATAAAGTGAGG	0	52.91933029	0			47.87260536	324.2010208	0	873
AACCCAAAATTACGTGATTCCGCGTGCTAC	0	0	0			0	17.06321162	0	2
AACCCATGTATCGAGGAGGCGGAGTCACGT	0	0	0			0	470.9446408	0	915
AACCCATGTTCAGGACTAGCCCCTGTGCAT	0	0	0			0	13.6505693	0	9
AACCCGGGTCCCCAAAAGGACCCGCCTTCT	0	0	0			410.039272	40.95170789	0	1327
AACCGACCAACCGACAGGATTATGGTATCA	0	0	15.81513828			0	0	0	25
AACCGATCTTTAGTGTTTATGGAAATAAAG	0	0	0			0	6.825284649	0	25
AACCGGCCATTAGTGACGGCTAACGTCATT	0	0	0			68.68678161	416.3423636	0	234
AACCGGCTTCACCTGATACGCCGACGCCTG	0	0	3.163027656			0	0	0	3
AACCGGCTTGCCAGGTTTGCTAGGCCGAGG	0	0	12.65211063			0	0	0	80
AACCGTAGTTGAGTTTTGTCACCTTCCGAG	7.789693801	89.96286149	50.6084425			0	0	0	260
AACCGTTTTCACGCTGGAAAGTGGCTGCGA	0	2.645966514	9.489082969			0	0	0	4
AACCTGGGTTTGGTCATACGCCGAAGTGTT	0	0	0			0	136.505693	0	207
AACCTTAATTGTCAGTCCGGCAAAGTCGTA	0	0	0			0	112.6171967	0	2545
AACCTTGCTACTAAAGAAATAGTAAGTATA	79.19522031	150.8200913	41.11935953			16.651341	0	0	274
AACCTTGTATGTAAATAATTCATGCACTTA	0	0	0			0	3.412642324	0	1
AACCTTTTTATCATTCGGGTAACGTATTTT	0	0	0			0	85.31605811	0	162
AACGAAAAAGTTTGTTTTGAGTTATAAATG	0	0	0			0	119.4424814	0	729
AACGAAATAGGTGGTCATTGGAAATGAAAT	0	0	12.65211063			0	0	0	7
AACGAAATTTGTACAGAACCTGTGGCTTTA	0	1063.678539	676.8879185			0	146.7436199	0	50
AACGAACCATTTAGATTCCGCTTATCAGAG	0	0	0			256.0143678	569.9112682	0	845
AACGAAGCCTCATAGTTTAGTACGCGTCAG	0	0	0			0	3.412642324	0	1
AACGACGCAGGGCAAGTATGCGATATGCGA	14.2811053	26.45966514	0			0	27.30113859	0	2
AACGATATAGCTTGCCGCCGGAAAAGACGG	33.75533981	0	44.28238719			0	0	0	38
AACGCAACACGGAGGGATAATTTGGGCACG	3.894846901	2.645966514	0			0	30.71378092	0	64
AACGCCGCTGGTGCAGTGTGCCTCAGGGGA	0	0	9.489082969			0	0	0	4
AACGCGCTAGAATAGGGCTCGATCGGGGTG	0	0	12.65211063			0	0	0	100
AACGCGGTTTTGATGAGCGTCTGATCAGCA	0	0	0			0	6.825284649	0	1
AACGGAAGTGACAGTCTCAGTTAATGGGGA	0	0	0			0	153.5689046	0	1
AACGGCGTACAGGCTAAGGTGTGGTTTTCT	0	0	0			0	10.23792697	0	26
AACGGGAGTTGGTAAATCCGGTGCGGGCAG	0	52.91933029	170.8034934			0	0	0	33
AACGGGTCTCAGAACCTGGTAATTCTTTCG	0	0	0			139.4549808	0	0	218
AACGGTAAAAATAATCCGCAAAACTGCTAG	0	0	0			10.40708812	0	0	1
AACGGTGTTCGCCGACCCGGGGAATCAGAG	0	0	0			0	30.71378092	0	75
AACGGTTGAGGAATTCAGAGGAGGCCCGAC	0	0	0			49.95402299	13.6505693	0	56
AACGTAATATTATATATCTGTATACATCAT	0	0	0			6.244252874	3.412642324	0	250
AACGTATGAGTCTAGAACGAGGGGGCTGGG	0	0	0			0	6.825284649	0	107
AACGTGTGATGCGCAGGTCCTGCGAGTGCC	0	0	0			0	6.825284649	0	2
AACGTTCAAACACACTCCTGGATGCCACTC	0	0	0			0	64.84020416	0	10
AACTAACAAGGTTCAGCGGTCAGTCTACTA	0	0	28.46724891			0	105.7919121	0	12
AACTAAGGATGGGGGTGAGACGCGGGCGAA	0	0	0			0	218.4091088	0	64
AACTACGCAGTAAGGGTTCATCCTCTAAAT	0	0	0			0	75.07813113	0	524
AACTAGGCTCAGCTCTAATATAACGAATCA	0	0	0			0	27.30113859	0	4
AACTATAGTAGGCCGGCGGGACCGGGGGGC	0	0	0			0	6.825284649	0	19
AACTATTGATAGCCATGATCGCTTGATGTT	0	0	0			0	6.825284649	0	9
AACTCATTTCAGCCCTGATCGATTGATCGT	0	0	0			0	6.825284649	0	5
AACTCATTTGAAGGGCAGACCGCTCTCGGA	0	0	0			187.3275862	167.2194739	0	111
AACTGATAACTAGCGTGGAAATGGGTTACC	0	71.44109589	28.46724891			0	0	0	5
AACTGCGCTTTGACGGCCTTTAACTAAGCG	0	0	0			0	3.412642324	0	5
AACTGCTGTAGCGAGCTGCATGGCGCGTAA	0	0	0			0	13.6505693	0	192
AACTGGAAAGTGATTCATTTTGGCACAAAA	0	0	12.65211063			0	40.95170789	0	22
AACTTCCATAGCGCGAACCGACTAGTTTTC	85.68663181	7543.650533	25.30422125			0	348.0895171	0	1781
AACTTGCGTGTTATGAGACGTTAACGATGA	0	0	12.65211063			0	3.412642324	0	18
AAGAAACCATCACCAATCGGATTTGTGGAC	0	0	0			8.325670498	846.3352964	0	15
AAGAACCGTTGTCACAAGTCGTACGCTTAT	0	0	0			0	13.6505693	0	9
AAGAAGATAAGTAGGGTCAAATGGACAGGG	0	0	0			0	6.825284649	0	47
AAGAAGCGATGGCTCGATGGGATCTGAAGG	0	0	0			0	167.2194739	0	481
AAGAAGGGTCACTGGGGTAGGCCAGGCAGG	0	0	0			0	6.825284649	0	3
AAGAAGTGAAGTTGCTTTAGAGGTTTGGAC	2.5965646	0	0			0	0	0	6
AAGAAGTGTCAATCTTCCCGATGGCGAACG	3.894846901	0	0			0	0	0	1
AAGAATCTTCTCTGCACTGGAGCGGCCTTT	0	0	0			0	6.825284649	0	3
AAGAATTATATCGCAAGAGTCGTTAAACTC	0	582.1126332	50.6084425			0	6.825284649	0	24
AAGAATTATATGGCTCTGCTGTGGTCATAT	0	0	0			8.325670498	0	0	23
AAGACAGTTTGGCACACATCTGAAGAGTTT	0	0	0			39.54693487	0	0	323
AAGACGGGAGGGCGTGGGGCAGAGACAAGA	0	0	0			70.76819923	126.267766	0	948
AAGACTCCTTGTTCAAGAATGAAGGATAAG	0	0	3.163027656			0	30.71378092	0	7
AAGACTTATGGAAGGATGGGGGAGTGCGCA	0	0	0			0	3.412642324	0	3
AAGAGAACTTTTGATGAGCTTAGACCATCC	0	0	151.8253275			0	0	0	5
AAGAGATATAAGGGTAATGATATAGACACG	0	0	0			0	30.71378092	0	306
AAGAGCAATCCAGTTGTAAAGCTTCATGGG	10.3862584	29.10563166	0			0	163.8068316	0	127
AAGAGCCTTAATCCACGCAACGCTTGAGGT	0	0	0			0	44.36435022	0	4
AAGAGCGGTGGGCACTAAAGTCTAGTCTTA	0	309.5780822	98.05385735			0	283.2493129	0	660
AAGAGGCAATGATTGGTTTGCGAACGTGTC	0	0	0			0	6.825284649	0	7
AAGAGGTCTACTGAGGGCCCTCGCGCGATA	0	0	0			97.82662835	0	0	85
AAGAGTCGAATTAACCTTGCACTCATTGAG	0	0	56.93449782			0	37.53906557	0	179
AAGAGTCGATTACTGAGGGAGTTTATCATT	0	0	0			0	6.825284649	0	43
AAGAGTGCAGCGGGAGCCCGGGGTGGGCTC	0	0	0			0	3.412642324	0	8
AAGAGTGGACCGTGCTTGGCTCACAAGAAT	0	0	0			0	6.825284649	0	180
AAGATACGTGTTGCCATATCCCTGCTTTCG	0	0	0			35.38409962	0	0	741
AAGATAGGTGTGCGATCACTTAAGTGAATA	0	0	0			0	75.07813113	0	941
AAGATATGATCATGATGCCCGGGCAGTGAG	0	0	0			12.48850575	0	0	20
AAGATCACTCAATTTTAGTAGTGCTGGCGA	0	0	0			0	20.47585395	0	1
AAGATCGCATAACCCCAGGTCTTATAATGG	0	177.2797565	0			0	163.8068316	0	120
AAGATCGTTTTTATATCCTAAGGGGGGCTA	0	0	0			0	13.6505693	0	34
AAGATCTTTGTGTAAAGGCGAGGGTCTTGC	0	0	18.97816594			0	0	0	1449
AAGATGACTGCGGACGGCGTTTCCCCAAGG	0	373.0812785	18.97816594			0	0	0	247
AAGATGCAAGAAGCACCGGCTTCCAATCGG	0	2.645966514	0			0	0	0	5
AAGATGGCACCGGGTGAAGGGTCCGCATAT	0	0	0			0	440.2308598	0	82
AAGATGTAAAAATTACTATAGGCCGAAACA	0	7.937899543	0			0	136.505693	0	48
AAGATGTCTTAGAGAAGTTCGCACGGTCAG	0	0	0			0	40.95170789	0	22
AAGATTGGTATGTATTTATCCAGCGTTCGA	0	0	9.489082969			0	109.2045544	0	39
AAGCACGGTCCTCTTGTTTTTCTTCTGGCT	0	0	0			0	3.412642324	0	1
AAGCAGATAGCGCGCTTGAAATGGGGTCTC	0	0	0			0	10.23792697	0	1
AAGCATAAATCTCTCTCTTGTTGCATTGCC	0	0	0			0	61.42756184	0	40
AAGCATAGAGGTGAATTGGTCTTCGGCTGA	0	0	0			0	6.825284649	0	12
AAGCATCTAACGTTATTCGTATATGGAGGT	0	0	0			0	10.23792697	0	4
AAGCATGGAGTGTATTTCAATTGACGCATT	0	0	0			0	6.825284649	0	1
AAGCATTGTGTGTATCTTTAAGCGTTGGTA	0	0	0			0	23.88849627	0	23
AAGCCAATTTAGTGTGTCTGTTTGGTGCAA	0	0	0			4.162835249	0	0	2
AAGCCGAGATAGGGCTAATTCAGAGATCAA	0	0	0			0	13.6505693	0	25
AAGCCGATTGTGGTTTATCAATTATGGATC	0	0	6.326055313			8.325670498	17.06321162	0	16
AAGCCGGTTGTGCGGGGGAGGACCTTTGGT	0	0	0			0	23.88849627	0	20
AAGCCTCGTAGAACCCGCTTGTTAAGCCGG	0	0	3.163027656			0	641.576757	0	3121
AAGCGAAGTCAGACGTTCGCGTCAAGGCTT	0	0	0			0	395.8665096	0	76
AAGCGAATAGCCCGCAGCGCTGCGGTGCTT	0	0	3.163027656			0	0	0	2
AAGCGAGGAGGGATCGCCCCGGCTTTTAAC	0	0	0			0	6.825284649	0	2
AAGCGATTTATCTGCTGTAGATGAATGCAC	190.8474981	508.0255708	0			0	0	0	9
AAGCGCGATTGCTAGATAGTTTTACATATA	0	0	0			0	3.412642324	0	6
AAGCGGAGAAGCGTCCCGCATCGAATTGGG	42.84331591	0	50.6084425			33.30268199	13.6505693	0	3
AAGCGTAAAATTTCCTCGGTTGGTGCGTTA	0	0	0			0	10.23792697	0	1
AAGCGTACTTGATATTTGCGGAAACTCACT	0	0	0			0	13.6505693	0	2
AAGCGTAGAGGAGGTCGCAGCCAGATAGAA	0	0	0			0	20.47585395	0	14
AAGCGTGCTATGATTTAGGCCATCTTCAGC	0	0	0			0	85.31605811	0	2879
AAGCTACTAGTGTGCGGTAGTTGGCGATTG	0	0	0			0	37.53906557	0	691
AAGCTAGTTGGGGATCCGAGTAAGCAATTG	0	359.851446	0			0	133.0930506	0	1649
AAGCTCCTAGCATGCTATTCTATCCGCATC	218.1114264	698.5351598	88.56477438			166.51341	914.5881429	0	2982
AAGCTCGGAGGTGGGGGTGTGTGTGAAAGC	0	0	113.8689956			0	0	0	1
AAGCTCGTTGCTTGCTATTCTTTACAGGTC	0	0	0			27.05842912	0	0	564
AAGCTTCGATATGCCGACACAATAGGCACT	0	18.5217656	15.81513828			0	3.412642324	0	3
AAGCTTGTACGACAAGGGGTCTGGGACCCA	0	0	0			29.13984674	0	0	746
AAGGAAAAATGAGGGGGCCATCCAACTCTT	0	0	0			0	177.4574009	0	926
AAGGAAAGAGGGCCGCCGTGCCGACGTAGC	0	0	0			20.81417625	0	0	3
AAGGAACTTTTAATAGCCAAAGTCTACGTA	0	0	0			0	20.47585395	0	3
AAGGAAGAAGGTGAACGGGAGCCGGACACG	0	0	0			0	17.06321162	0	12
AAGGACTGACAAAGGCTTTACGCTCCCCAA	0	0	0			0	37.53906557	0	258
AAGGAGATTCAAAGCATGCTTGAGGCTGGT	3.894846901	0	0			0	0	0	1
AAGGAGATTTGCTTCACTGCGTGCTCGATG	36.35190441	232.8450533	0			0	232.0596781	0	688
AAGGAGCAAGCCATTCCAACGCCACGTGAA	0	0	0			0	6.825284649	0	1
AAGGAGGATTCGTTTCCTCGGTGAGGTGGG	0	0	0			0	3.412642324	0	1
AAGGAGGTTCTTTGGACGAACAGGGGGCTG	0	0	0			0	3.412642324	0	59
AAGGAGTTTGCGTGCGGTTGCCGGCTACTA	0	0	0			0	61.42756184	0	111
AAGGATATAGTTCCGGTTAGAATGGGCGAA	0	0	0			0	27.30113859	0	1
AAGGATGTAGATCTAAAAGCGCTCGACACC	0	0	60.09752547			0	0	0	328
AAGGCAATTACAACTTCTTGCCTGGAGAAT	0	0	0			8.325670498	0	0	1
AAGGCATGTAGGGAGGTGACTGCGGTTTGG	0	0	15.81513828			0	30.71378092	0	1
AAGGCCGTAGATGCATGCTGGTAAGTTCGC	0	0	0			4.162835249	17.06321162	0	39
AAGGCTCAACTATAGATTTTCAACCTGTAG	0	0	0			224.7931034	0	0	3700
AAGGCTGAAGATCATGTCCGAGGGCGTAGC	0	0	0			2.081417625	3.412642324	0	9
AAGGCTTAATTTGGGGCGAAGAGCATAATT	0	0	0			0	17.06321162	0	97
AAGGGCCCACAGCCAGTGAGGGTCTCAGGG	0	0	0			0	102.3792697	0	249
AAGGGCGGAGTAGACATTTTGGTGGTCTGG	0	21.16773212	680.0509461			0	81.90341578	0	26
AAGGGGCATCAATGTGTGGCTTGTGCGAAG	0	0	0			45.79118774	20.47585395	0	3
AAGGGGCATGCTTGAATGTGCTGGAAGGCA	0	235.4910198	66.42358079			0	2296.708284	0	2544
AAGGGGCGACTACTTTGTCCATCACGGATT	0	0	0			0	17.06321162	0	1
AAGGGGGGATAGCACAATGAGATGGGGCCA	0	0	113.8689956			0	64.84020416	0	705
AAGGGGGTACCACGCGGCTGGCACCGTGTA	2.5965646	0	0			0	0	0	1
AAGGGGTATGATCGCGGACACGAGGCCAGG	0	0	0			0	17.06321162	0	1
AAGGGTGCATGTAGTGTTGTAGGGTGGGGA	0	0	0			10.40708812	0	0	1
AAGGGTGGTTCATACACATTGCGGCGTAGT	150.6007468	1058.386606	44.28238719			0	30.71378092	0	598
AAGGGTTGTGCACATGAGGGACGAAGTAGG	0	0	0			0	13.6505693	0	33
AAGGGTTGTGCTAAGTTGGGGGAATTGGGG	246.673637	34.39756469	0			0	1638.068316	0	425
AAGGTACATTCTGTAAGGACGGTTGCGCAT	0	0	0			0	3.412642324	0	6
AAGGTACCTGTTTCCGGCAAACGAAATCCT	0	0	0			20.81417625	6.825284649	0	10
AAGGTACGTACTGTGATGTGGGCATCGGGT	0	0	0			0	331.0263055	0	37
AAGGTAGTAGGGAAAATAACCCGGTTTTAC	0	0	0			0	10.23792697	0	176
AAGGTCAATGGCTATCGTTGGTAGAGTTCA	0	0	0			0	10.23792697	0	581
AAGGTCATTTCAAGGGTGGCCAAGTCGGAC	0	42.33546423	0			0	0	0	22
AAGGTCGCATCGTGGTGGTATGACAGTTGG	18.1759522	29.10563166	0			0	0	0	1
AAGGTCTCACATATAGTTTGGCGAACCGAA	0	0	0			0	6.825284649	0	45
AAGGTGAATAAGGGGGCGGGGATTGGGGAT	0	0	0			14.56992337	0	0	6
AAGGTGAGAGTATGGAAAAGAGAGTGTTGA	0	0	0			0	563.0859835	0	1285
AAGGTGCAAGATTGCAGGAAGGGTGCATAA	0	0	0			0	10.23792697	0	18
AAGGTGCATTGGCGCCAGGGGATTGACAGG	0	0	0			0	30.71378092	0	51
AAGGTGGAAATAACCCAGGAGGGGCACGGG	0	0	0			0	412.9297212	0	37
AAGGTGGAAGGAATAGGAGGAGGGGGTGTG	0	0	31.63027656			0	6.825284649	0	29
AAGGTGTGACAGTTCTTTCGCTGTAGCCAT	0	0	60.09752547			0	0	0	373
AAGGTGTTTGCAACATCCCGTGAAGCGAGT	151.8990291	330.7458143	88.56477438			0	139.9183353	0	1239
AAGGTTAATCAAATAACTCGGTGTCACAGT	0	0	0			0	23.88849627	0	5
AAGGTTCGTTCATTGTGGAGCTTGAGACTT	0	0	0			0	23.88849627	0	18
AAGGTTGAAACGGCGGAACGCAGGGAGTGT	0	0	0			0	3.412642324	0	14
AAGGTTGCATGTGCGTTTAAGAACGCAAGT	0	21.16773212	18.97816594			0	98.9666274	0	40
AAGGTTTATGGGCCTTGGTCCGCCTGCCCG	318.0791636	211.6773212	211.922853			0	27.30113859	0	1973
AAGGTTTGAAAGAGTACTGCGTGGTAGGTG	0	0	0			0	3.412642324	0	4
AAGTAAATTCATTTTCTTAGGACCCTCGGG	0	0	0			0	443.6435022	0	137
AAGTAACGTGGTAGAAGATTTAAAATAAGT	0	0	72.7496361			0	0	0	119
AAGTACCCTTGATTTTGTAATGGTCATTGA	0	0	0			0	71.66548881	0	17
AAGTAGCTACAGTTCTGTACCGTCTATAAA	0	0	44.28238719			176.9204981	37.53906557	0	27
AAGTAGTCTTTGTTTTCTGGCGAGTTTAGC	0	0	458.6390102			0	13.6505693	0	276
AAGTAGTGTTTTTAAGTGGCTAGTTGTGGG	0	0	0			0	10.23792697	0	1
AAGTATAATAGGTGCCTCCAAAAGTTTGTC	0	15.87579909	0			18.73275862	6.825284649	0	470
AAGTATAGAGGCGCTACTGAAGCGGGCTTG	0	0	0			181.0833333	556.2606989	0	340
AAGTATGGAGTTCGGTTCGCCCATTGAGAT	0	7.937899543	0			0	0	0	6
AAGTCAGTTTCCTGAAGGGAAGAGACCGAT	0	5.291933029	0			0	0	0	13
AAGTCATTTAAGTAGGCCGGGACTACGGGC	0	0	12.65211063			0	0	0	1
AAGTCCAGTTGTTGATCCATCGAAATCTCT	0	0	0			0	20.47585395	0	7
AAGTCGCAAACCTGTCAAGTCGTGAACAAT	0	0	0			0	3.412642324	0	60
AAGTCGGGTAGGCTCACGTCGACGCGCCGA	0	50.27336377	0			0	0	0	9
AAGTCTGCTCTCTTAGGAAGCAATCCAGAC	0	0	0			0	3.412642324	0	1
AAGTCTGGTTTCACCCTGGGGCTCCCCATG	0	0	0			0	17.06321162	0	14
AAGTGAACACGCGTCAGTATCCACGGTGGG	18.1759522	34.39756469	0			0	37.53906557	0	14
AAGTGACATCTAGTTCTGCATTGACAATGA	0	0	0			0	1504.975265	0	1595
AAGTGACGAAGGACGAAGGGGCTAATAAGC	0	0	9.489082969			0	0	0	1
AAGTGACTAACTACTATGCATTCATAGATG	0	0	0			0	13.6505693	0	4
AAGTGATATGGTGAGTTATAGTCATATCTC	0	0	0			0	129.6804083	0	1243
AAGTGATCTCGGATACCTATAATAATCGCA	0	0	0			368.4109195	0	0	1301
AAGTGCCTAAGCTATGTTTGTTAGGCCATT	0	63.50319635	265.6943231			0	75.07813113	0	179
AAGTGCGAAACAAATCAGGAAGATGACTGC	0	0	306.8136827			77.01245211	757.606596	0	1563
AAGTGCTGTGTATAAAGGGACTTGTTGGGT	0	0	0			0	232.0596781	0	572
AAGTGGACACGAAGGAATTTACAACAACTA	0	0	0			0	44.36435022	0	8
AAGTGGAGTTCTTCCCTCCGTCTTGGTCAC	0	0	0			1038.627395	3235.184923	0	1599
AAGTGGATAGACAGGCATAGATGCGGATGG	0	18.5217656	15.81513828			0	30.71378092	0	3
AAGTGGATATGATGTCGGTCCGTGTGGTGT	18.1759522	0	0			6.244252874	143.3309776	0	160
AAGTGGGGTTAAGTGCTTTCGATAGGTAGA	0	2.645966514	0			0	0	0	2
AAGTGGTTTTTTTAAACCGGGAAAGAAGCG	0	0	0			233.1187739	453.8814291	0	121
AAGTTACAATTTTGGGCGATCCAGAGAAAT	0	0	0			4.162835249	0	0	83
AAGTTACCAGGTTACGGCATTTTGCGTACA	0	0	0			0	10.23792697	0	1
AAGTTCAGAAACGACGTTTTAGAATACACC	0	0	44.28238719			0	0	0	20
AAGTTCGCTTGCGTGTTGTGCAAAGCCGGC	0	0	6.326055313			0	0	0	4
AAGTTCGTAATGCTCGCGGATATTGAGGAG	0	0	0			0	13.6505693	0	2
AAGTTGATAGGATATTTCACTCCAGGAAAT	0	0	0			0	3.412642324	0	8
AAGTTGCTTGTGAGGAAGCTATTACCTGTG	0	0	0			0	644.9893993	0	365
AAGTTGGGTAATTGGATGTCGCTGAGAGTT	0	0	0			0	17.06321162	0	1
AAGTTTCAAGTTGCGTGGTGTATGGATGAT	37.65018671	42.33546423	28.46724891			22.89559387	20.47585395	0	13
AAGTTTTCTTTTACTCGGAATATTGTTCGC	0	0	0			0	3.412642324	0	3
AATAAAAATCGCCGCTAGTTTCCTTGCTGC	0	0	0			0	64.84020416	0	36
AATAAACCTGCGGAGGCTAAAGTGGGTAGC	0	0	0			0	634.7514723	0	243
AATAAAGAACTTGGGGTTCTCCCCTTAATT	0	0	6.326055313			0	0	0	13
AATAACTGAGGTCCGCCCTGACCGTCCGAG	0	0	12.65211063			0	10.23792697	0	80
AATAACTTACTTTCACCGATACGCATAACT	0	0	0			0	17.06321162	0	3
AATAAGACTGCTTGTCACCCGCGGGTGCTG	0	0	0			14.56992337	17.06321162	0	8
AATAAGCTTGAAAATGTCTGGATTGGGGAC	0	0	0			0	866.8111504	0	30
AATAATCATTCGCAGAAGGATATCTTTAGC	0	0	0			0	20.47585395	0	955
AATAATGATGTGCTGTTGCTGTGAGGAGAA	0	0	0			0	3.412642324	0	13
AATAATGTAGAGTCTAATGGATAGGGGTTT	0	0	0			6.244252874	0	0	1
AATACACGTTACTCAGAGAGGTCGTAGAAT	0	0	0			0	17.06321162	0	13
AATACCACTGAATGTTAGTCTTGAGTGGGG	0	0	0			0	3.412642324	0	6
AATACCCGTTGACTTAGTTTTAAGCTATCA	0	0	91.72780204			0	119.4424814	0	21
AATACCTATCCGGATCAGTTAATCCGGAGG	3.894846901	0	25.30422125			0	0	0	103
AATACGCATGGTTAAATGAGGTAAACATTC	0	0	0			0	3.412642324	0	320
AATACTCTATAGGCCGCTGATACTGGCTTG	0	0	0			0	6.825284649	0	41
AATACTGCAAATCTTTTAGACACTGCTCTG	214.2165795	304.2861492	215.0858806			0	0	0	68
AATACTTATAAGGGTTTTGAGGTTCGAAGG	0	0	3.163027656			56.19827586	68.25284649	0	25
AATAGAAATTAGGCGTAAACAGTCTGACTA	0	0	0			0	17.06321162	0	4
AATAGACCTTGTTGTCGCTTGTATTGAATT	280.4289768	108.4846271	189.7816594			0	361.7400864	0	853
AATAGAGGAGGGGGGTGTGTGGCGTAAGAG	0	0	22.1411936			0	0	0	1042
AATAGATTAAATGCAGATCGTTAGGTAGGG	0	0	22.1411936			0	0	0	10
AATAGGTTTTTAGAATAGGACTGCTACCTC	0	0	0			4.162835249	47.77699254	0	18
AATAGTCAAGACTTGTCCGAGTGCCGTATA	0	5.291933029	0			0	0	0	8
AATAGTCATATTAGACCGCTGTTTACTTAG	0	0	18.97816594			0	0	0	7
AATAGTGTATAGCATTCAGATTCTTATGTG	36.35190441	13.22983257	69.58660844			0	0	0	36
AATAGTTCTAATATCCTGCGTAGGGCGCGT	0	0	1126.037846			0	61.42756184	0	835
AATAGTTGACATTTTTACTCCCACGAAGTG	0	0	0			29.13984674	6303.150373	0	28
AATATAAGTTCCTATTAACGAACCATTAAC	0	0	0			4.162835249	0	0	124
AATATACTTACTCGCTGAAAAACGGCAGCG	0	23.81369863	6.326055313			6.244252874	13.6505693	0	7
AATATAGATTTGTACTATTGTGCATCTTGG	0	0	0			0	40.95170789	0	4
AATATAGTTGCTGTGATTCGGAGGTGTAAG	0	0	0			139.4549808	1457.198272	0	243
AATATATCAGGTTGCTTGTAAAGGCTTTAA	0	0	0			0	3.412642324	0	2
AATATCGCTTTAGGCTTAGAGCGGTACGGC	0	0	0			16.651341	0	0	16
AATATGCTTATGGAAACAGCGTATTGAACG	0	0	0			0	6.825284649	0	368
AATATGCTTTGGGGAGTGAGTTCTCGTTGC	0	0	0			0	3.412642324	0	2
AATATGGGTCGGTTATGAGCGTTGTTGCGC	0	0	18.97816594			4.162835249	85.31605811	0	40
AATATTTCTAAATGAACATGTCCATAACAC	41.54503361	0	0			0	13.6505693	0	129
AATATTTCTGTTTCTGCGAGGGTCAGATAT	0	0	0			0	30.71378092	0	33
AATATTTGAAGGGCTAGACCATCGAGGTCA	0	0	0			2089.743295	610.8629761	0	2453
AATCAAGTAAGACGGCATATTAGCTTATGC	0	0	0			0	3.412642324	0	1
AATCACAGTGGGCGCCATAGGCACGCACTA	0	0	0			0	3.412642324	0	1
AATCACGTTGACGGAAATCGGAGAAATACC	0	0	0			20.81417625	0	0	38
AATCAGATAGGGTTGTCGCCTAGGGGAGAG	0	0	0			137.3735632	0	0	193
AATCAGGCAGTGATGAGAGAAAGGGATGAC	0	0	0			0	3.412642324	0	2
AATCATCGATTAAAACGTGAGAATGGCAGC	0	0	0			0	64.84020416	0	1
AATCATGATATTAGATGTCAGGGAGGCTTT	38.94846901	0	0			0	0	0	170
AATCATGTAAAGTATGTTTGATATGTAAGC	0	0	0			0	6.825284649	0	1
AATCCGGAACGTGCAGTCTGTGTTGGTCTA	0	0	0			8.325670498	0	0	1
AATCCGTAATAGTGCGTTGGCGGACAATAG	0	0	0			1130.20977	754.1939537	0	695
AATCCTATATGTATTTGTTAGGCGGGAAGG	0	0	0			0	81.90341578	0	123
AATCCTTGTAATTATTAGGAAGGCGTGCTA	0	0	0			0	242.297605	0	208
AATCGAGGTAGAGCGTTTAGGAATGAACGG	0	0	0			0	6.825284649	0	8
AATCGAGTACATTAGCCGGGTGAAGATTGG	0	0	0			0	6.825284649	0	7
AATCGCGCAGCGAGTCCGCTAGTCGAATTC	0	0	0			0	3.412642324	0	7
AATCGGCGTCAGGCTGGGGCCGCCCTTCAG	0	0	0			0	3.412642324	0	2
AATCGGCTAGAGTGACCCACCAGAAATGGG	0	0	0			0	112.6171967	0	286
AATCGGGGAACGTTTCTAATATTAAGAGTA	0	1629.915373	69.58660844			0	0	0	54
AATCGGTGATACCTACCTAGTCGAGGTGAA	0	0	0			0	3.412642324	0	5
AATCGGTGTTGTCGGTATCCTTTGAAAGTC	0	0	0			77.01245211	221.8217511	0	51
AATCGTTATGTGACTGAGCCGTTTGATATC	0	0	0			0	10.23792697	0	5
AATCTATGAGCTTAAATTATGCGCATACGT	0	0	0			0	78.49077346	0	144
AATCTCTGTCGAATTAGTGATCTTGTGGCA	0	0	0			68.68678161	61.42756184	0	14
AATCTGTCAGGGTAGATAAGGGCGGGGGGC	12.982823	0	0			4.162835249	0	0	12
AATCTTAGAGTATCGAGCTTGTAGAATACA	0	0	41.11935953			0	85.31605811	0	1064
AATCTTCAAGATTGAGTAATTGTTTTGGGG	0	0	0			0	3.412642324	0	2
AATCTTGAAAGGTACTCTGTATATGGTACA	0	0	0			0	102.3792697	0	7
AATCTTGGAAAAGGGACTATTATAGCAGTG	0	0	0			24.97701149	20.47585395	0	37
AATGAGGTACGATCATGACCAACTGTCGAG	0	0	0			0	37.53906557	0	102
AATGATAGTCCCCGAACTTACCGGTACTTG	0	0	0			0	13.6505693	0	7
AATGATCTTGGACACAGTGGCTTTGTAGGT	0	0	0			37.46551724	68.25284649	0	19
AATGCACCAGGATGTCAAATGAGACTTCTA	0	0	0			0	10.23792697	0	1
AATGCACTTGGGTGAACTTGGGGGCAAGCG	19.4742345	0	0			0	341.2642324	0	321
AATGCATTTCGATCTGTTTTGGCATAGAGC	0	0	0			0	576.7365528	0	149
AATGCCTGTAATTGGATAGCGAGAGGACGT	0	0	0			95.74521073	112.6171967	0	355
AATGCGAATAGCGTCGAATTCAGGCAGAAA	0	0	0			0	13.6505693	0	5
AATGCGGTTGTAGGGACGCATATCGGAAGG	0	0	0			0	27.30113859	0	326
AATGCTAGTGGATGGTATGTTAGCCGGGCA	0	0	0			0	40.95170789	0	108
AATGCTAGTGGCACTGTTAACGGCCAGGCT	0	0	0			0	51.18963486	0	12
AATGCTCATCAATACCTCACTAGAAACGTA	0	5.291933029	0			0	3.412642324	0	11
AATGCTGGATGTGGCCTGTGGAGGGGTATG	28.5622106	0	3.163027656			0	0	0	5
AATGCTGTACAGCGTAACCCATATTCCAGT	0	5.291933029	0			0	13.6505693	0	3
AATGGAAGTCGTGGATTTACGGACGTACTC	0	2.645966514	0			0	0	0	2
AATGGAATACGTTTCTACATTATGGATCCT	0	0	0			0	143.3309776	0	3
AATGGCACATTTGCTGTGCCGTGGCTGTTG	0	0	0			0	10.23792697	0	1
AATGGCCTTCACTTCGCCGTCGATAACACG	0	0	0			18.73275862	0	0	3
AATGGCGGACACTAAAGGTTAGGCACGAAT	0	5.291933029	0			0	0	0	97
AATGGCGTATTGAACAAACACGCCTAAGGC	0	0	0			0	10.23792697	0	4
AATGGCTCTGGTTTATAGCTGCGCTTCCAT	0	0	0			0	34.12642324	0	2
AATGGCTGATTCAAATTGACAGGCGAGCAA	0	0	0			559.901341	0	0	454
AATGGCTTACAGACATGGAGCATATTAACC	0	0	0			0	167.2194739	0	961
AATGGCTTTAGTCGTGAGGGGGTGGAGAGT	0	0	0			0	17.06321162	0	1
AATGGGGTACGAAGTGGGGTCCTCGGCTCA	7.789693801	13.22983257	0			0	58.01491951	0	58
AATGGTATTGATGGGAAAGTTATTTAGATA	0	0	0			0	3.412642324	0	9
AATGGTCCTATAATGTATATGCGTGGAATT	189.5492158	317.5159817	31.63027656			0	160.3941892	0	247
AATGGTGATTCTGTGTCCACTCAGTAGGAG	0	87.31689498	0			0	3.412642324	0	39
AATGGTGGAGAGTTGGAAGGTACACAGATT	0	0	6.326055313			0	0	0	101
AATGTAGATCAAACCCGAAAGAGTGATGCG	0	0	0			0	20.47585395	0	8
AATGTAGTTTCTGACGGGCCCCAGCAATTA	0	0	0			0	58.01491951	0	25
AATGTATAAGACTGCAACTATCGGAGTATT	106.4591486	418.0627093	167.6404658			0	133.0930506	0	4
AATGTATGAAAAAGCGCATTGTTTGGTTTT	0	0	0			8.325670498	34.12642324	0	110
AATGTATGAGGGATCAGTGGATTGTCTGGG	0	0	0			0	3.412642324	0	11
AATGTATGTATGTAATTCCTTGGTATATAT	0	0	0			0	34.12642324	0	110
AATGTCAAAGGGCAGGGGACGAGAGGGTTC	0	0	430.1717613			0	27.30113859	0	239
AATGTCCGACAGGCGATTGAGCTGAGTCTC	0	0	0			0	17.06321162	0	2
AATGTCGGTTCTTGGTGCGGAGTGTGCTGT	0	0	0			0	6.825284649	0	60
AATGTGAATGCGGTTGGAACAATTGGGATA	0	0	0			0	17.06321162	0	4
AATGTGGGACACTGGGAGTTTTCTACTTGT	0	0	0			0	92.14134276	0	107
AATGTGGGATTAGGTCTCGGCCTCGGGGGG	0	0	0			170.6762452	0	0	1
AATGTGTGTTTTCAGACGAGGTAAGCCACA	0	0	0			6.244252874	1498.14998	0	732
AATGTTCGACATGTGGGGCTAGAGGGGCTA	0	0	0			0	81.90341578	0	1691
AATTAACCTCGTATGAATGTTAGCGTGGAA	0	0	9.489082969			0	88.72870043	0	20
AATTAACTTTTGAATGTAATACTAGTCTTA	0	0	0			0	3.412642324	0	251
AATTAAGCTTGGGCGCGGACTGCCGACACA	0	0	9.489082969			0	0	0	3
AATTAAGGAAGTTCTGCGACGACGAGGTAT	0	0	0			0	13.6505693	0	210
AATTAATGTGTCGGCCACTACACAGAAGTT	1.2982823	0	0			0	0	0	200
AATTAGGCTATTTTTGCCATAAGCTCGTGA	0	74.0870624	0			0	0	0	3
AATTAGGGATGGAGGCGTTACAGGTGTTCG	19.4742345	21.16773212	0			0	3.412642324	0	8
AATTATGAAACTTTAAATAGAAGTTTGAAT	0	0	72.7496361			0	0	0	4
AATTATGTAAAGAAGCTGGTATAAGCAATA	1.2982823	5.291933029	0			0	0	0	1
AATTATGTTATTTCATCCCACGATGGATCT	0	0	0			0	13.6505693	0	29
AATTATGTTGGGGGAGAGAATGGTTCATTC	0	0	0			0	327.6136631	0	12
AATTATTCAAGTAGCTGTGTGTGTTTTTAT	0	0	41.11935953			0	0	0	241
AATTCAAGTTTTAGTAGGGAATTTTTTGTG	0	0	0			0	6.825284649	0	4
AATTCACGAGGCCACAAAGGAGATAAAATG	0	0	0			0	6.825284649	0	9
AATTCCATTTGGAGTCTAGGTCTCATAGAC	0	0	0			0	3.412642324	0	1
AATTCGTTTTTCGTAGATACAACTGAAATC	0	0	0			0	27.30113859	0	3
AATTCTAGTATTCTTTTCACCCAATTGGGA	0	0	0			0	6.825284649	0	139
AATTCTTTTGAAATATTTACTTTCTTGAAA	14.2811053	0	0			0	0	0	13
AATTCTTTTGTAGAGCCATGTTGGAAGCCG	0	0	6.326055313			0	0	0	36
AATTGAGAAGGGGGCGGACAAGTTGGGACG	0	0	22.1411936			0	0	0	1
AATTGCAGTCATTAGTTCGTGGGCCTGTAA	0	0	0			16.651341	180.8700432	0	7
AATTGCTATAGCAGTTATGGCTAGAAGGAG	0	0	0			64.52394636	225.2343934	0	8
AATTGGAAAGTGGCAGGGAAGGTGCATGCT	0	0	0			22.89559387	0	0	5
AATTGGAGATATGTGTTAATTGATTATTGA	0	0	0			2.081417625	0	0	5
AATTGGCATGCATACAAGCTACAGTACTGA	0	0	0			43.70977011	75.07813113	0	261
AATTGGCATTTCTTCGCCGAGGAGCCGGGT	0	2.645966514	0			0	0	0	10
AATTGGCGTGGTTAGCTGGATGTGGAGAGG	0	0	0			4.162835249	17.06321162	0	64
AATTGGCTTGTAGTTATTGTCTACGTATTC	0	0	0			0	3.412642324	0	6
AATTGTACTGGCGTCGGCTTTAGGGGGCGC	0	0	101.216885			0	139.9183353	0	30
AATTGTCACCCCTCCCTCCTCCCCCTTCAC	0	0	0			2.081417625	0	0	1
AATTGTCCTAAACGCTGGATTGATTGAGGA	0	0	0			0	37.53906557	0	29
AATTGTTATCACGCATGAGTTAGGTGAACT	0	0	0			20.81417625	6.825284649	0	3
AATTGTTTTGATTTAAAGTAACTTAGACTT	0	0	0			0	6.825284649	0	3
AATTTAACAAATGTTTTATTTTGCCGGCAC	0	0	28.46724891			0	0	0	11
AATTTAGGTTAGAGAATAGTCAGACGGGTG	0	0	265.6943231			0	0	0	111
AATTTAGTTAAATGTACCACACTAAGGGCG	0	0	0			0	6.825284649	0	242
AATTTATATCTATGGGGGAGTTTTCAGATC	0	26.45966514	6.326055313			0	0	0	6
AATTTCATAGTTCCTGGGTTCTCAAGGTTC	0	0	0			33.30268199	75.07813113	0	140
AATTTCCATCATCGACCGATATGTCGTCCG	0	0	0			0	27.30113859	0	310
AATTTCGCTCTAGTATGGTTGAAGATTTGG	0	0	0			0	3.412642324	0	36
AATTTGAAAGCAGGATATGATGCGGAAGAC	0	0	0			0	13.6505693	0	128
AATTTGAGTCGGAGGAAGTCATGGCGGGGG	0	0	0			0	40.95170789	0	83
AATTTGGGAAGCGCGGTATTGGAAGTCTAG	0	23.81369863	3.163027656			0	23.88849627	0	142
AATTTGGGTAAGTGAAAGAAGAGCGCAAGG	0	0	0			0	23.88849627	0	2
AATTTGTTATAAAGGCCGCACGTTTGGTAA	0	0	0			216.467433	3.412642324	0	203
AATTTTACAGTGTGCTCTCGGTGGCCGCTG	0	0	56.93449782			0	78.49077346	0	4
AATTTTCCAAGAAGAAGCCCGAGCTGGTGC	0	0	0			0	17.06321162	0	50
AATTTTTCAAACTTGTCGTCGCCTAAGGTG	0	0	0			0	535.7848449	0	25
AATTTTTCATATGGCTATTTGGAGTACATT	38.94846901	3236.017047	945.7452693			0	0	0	160
AATTTTTGTAGATTCGACAGTAGTAGCGCT	0	7.937899543	0			0	92.14134276	0	24
ACAAAAAGTAAAATCAACGTTCGTTTAGGG	0	0	12.65211063			0	0	0	2
ACAAACCTTGATGGATGATGACTTATGAAA	0	0	88.56477438			0	17.06321162	0	43
ACAAAGGAAAGTGACTCCCAGTATCTCTAC	0	0	6.326055313			0	0	0	25
ACAAAGTGAGGGTTTCCTAGCGAAGGTGTG	0	0	0			0	3.412642324	0	1
ACAAATGGTCTGGATTCGCAGAATGTTTGT	0	0	9.489082969			0	0	0	13
ACAACCGATCTATCTTACATGGCGTGCACC	0	0	22.1411936			0	0	0	3
ACAACCTGAAAGCAAATGTTACTCCAATAC	0	0	0			0	10.23792697	0	12
ACAACGAGATACTACAAGGTCTGGGTGTCG	0	0	0			0	17.06321162	0	31
ACAACGTAATAGCGATTCATTGTCCGTCGG	0	0	0			0	10.23792697	0	4
ACAACGTAATGCAGGCATCTGATTTAGGCC	7.789693801	10.58386606	9.489082969			0	0	0	1
ACAACTAAACGTTGTATGGGGGGCGTGGTG	0	0	6.326055313			0	0	0	2
ACAACTTAAGTAAACGTTGTAACTTAATGA	0	0	0			0	313.9630938	0	200
ACAAGAAGAATGTCTGGGGGGCCACGACAT	0	0	0			0	78.49077346	0	790
ACAAGACCAAATAGTACGAAGACGAGTCTT	0	18.5217656	12.65211063			12.48850575	249.1228897	0	59
ACAAGAGGTTGGTGGAGCGACATGATCGGC	0	0	0			0	75.07813113	0	1023
ACAAGATTTTACTAAACTGTTTTGGCTGCC	0	0	0			81.17528736	887.2870043	0	328
ACAAGCTAAAGTTGTCCACTTTGACGGATT	0	0	0			0	3.412642324	0	1
ACAAGGCTTCGACAGCCTTAAGACTGTTAT	0	0	0			0	10.23792697	0	2
ACAAGTCTACACAAGCAGTACAATTGGAGA	0	0	0			0	13.6505693	0	1
ACAAGTCTTTACATTTAGTCAGGGTGCAGA	6.491411501	0	0			0	0	0	22
ACAATAAATTGATGTGTTCTTATTGGGTAT	0	0	0			0	23.88849627	0	5
ACAATACGTGACCAATGGTGCGTCTAGAAA	0	0	0			0	3.412642324	0	17
ACAATAGAACCGCGGCGAGTGAGACCGCAG	0	0	0			0	88.72870043	0	204
ACAATCCCATAGAATTCCTCCTGGGCCAGC	0	0	3.163027656			0	0	0	100
ACAATCGGAGTTCATCTTCAAGATATGAGT	0	0	0			0	54.60227719	0	16
ACAATCGTTGGTAAGCGGGGTGTGGGGGCG	0	0	0			12.48850575	0	0	48
ACAATGAGTCAATGTTGCGTGGGTGGTAGG	0	0	0			0	27.30113859	0	35
ACAATGTGATGGATCCCGGAACGCTGCCAT	0	0	0			724.3333333	0	0	482
ACAATTCCTCATGTGTGAGGTACCTTGGTA	0	0	0			0	27.30113859	0	58
ACAATTTATCCAGTCCGGACATCTAGGCTC	0	0	0			0	3.412642324	0	5
ACACAATCTGGGACGTTAGTACGCCGGTCT	0	0	0			0	10.23792697	0	3
ACACACTGAAAGTAAGTCGGCCCCTATTAG	0	0	0			10.40708812	0	0	40
ACACAGCTTGGCTCTAAGAAATCAATGAGC	166.1801344	42.33546423	398.5414847			10.40708812	0	0	65
ACACATCGTAATTCATGATGGTTCAGAACG	0	0	0			31.22126437	0	0	670
ACACCATGACGTCTCATTGTCATACGTTGG	0	0	0			0	6.825284649	0	13
ACACCCGATTAAATGGTACAACTTTCGGGT	0	0	0			0	6.825284649	0	2
ACACCGATTATAGCTAGATGTCCTAGTTGT	0	0	0			0	13.6505693	0	21
ACACCTCTTCACAGATTTAAAATATTTTCA	0	0	0			8.325670498	6.825284649	0	8
ACACGAAATATTTACACGAGAGCTCGGAGC	0	0	0			2.081417625	0	0	1
ACACGCACTTCTTCGCGCGCAGGCGCCTTG	0	0	0			0	3.412642324	0	8
ACACGCCATCCCAGCGGTGAGAGCGGAGCC	0	0	0			0	624.5135453	0	296
ACACGCCGTCTAACAGAGGGTGTCCTGGGC	0	0	0			0	61.42756184	0	3
ACACGCGGATGGTGCGTTGCGTATAATGCT	0	0	6.326055313			0	0	0	2
ACACGCTAAACTGCAAGTAATTTTGGTAGA	0	0	9.489082969			0	51.18963486	0	313
ACACGCTCTAATGATAGTAGGGTGTCAGAT	0	0	6.326055313			0	47.77699254	0	387
ACACTACGTCTGGTGGTACCGCCTGATTTG	0	0	0			24.97701149	0	0	429
ACACTACGTTTTTACCAGGTCTAGACTTGA	0	0	41.11935953			0	0	0	3
ACACTACTAACCCGCCAATCGTTCACTTAA	0	0	0			0	6.825284649	0	63
ACACTCGATGCCGGTTGGATGGTATGCCAC	0	0	0			0	105.7919121	0	27
ACACTCTAACTATTTTGATTCGTATAGCAG	0	0	0			2.081417625	0	0	4
ACACTGACTCCTGATGAACCGGATTGGAGT	0	0	0			0	17.06321162	0	10
ACACTGACTGTTTATTTTTTAATTGCTGCC	0	0	0			0	20.47585395	0	104
ACACTTTAAGACTGGTAAGGGCAGAATCTC	0	0	0			0	3.412642324	0	1
ACACTTTATCCTATTGGGATTCTTGGCAGT	18.1759522	0	0			0	0	0	14
ACACTTTCACCGAGAGCTGTAGGGAGATTA	0	0	0			0	20.47585395	0	8
ACACTTTTAGCGGAGTCACGGTATCGTAGG	0	0	0			0	13.6505693	0	66
ACAGAACCAGATTACCCGTCTATCGTAACC	262.2530246	407.4788432	332.1179039			0	6.825284649	0	25
ACAGAAGGTGCATCTTAGAGATACTTGCTA	11.6845407	5.291933029	34.79330422			0	0	0	18
ACAGAGTGTGTATAAACGTGGCTGGTTGTT	0	0	0			0	13.6505693	0	2
ACAGCACGTATGGAGCGGTGCGGGTGGGGG	0	0	0			0	6.825284649	0	1
ACAGCCTGATTCGGAGTACACATGGGTGCA	0	0	0			14.56992337	98.9666274	0	67
ACAGGAAGATGTCCCGGGATGAGGCGGACT	0	10.58386606	0			0	23.88849627	0	10
ACAGGAATAGATTCAGTTGGAGGGGTGGTC	0	26.45966514	12.65211063			0	1443.547703	0	165
ACAGGATAATTAATGGGCCGTCCATTTTGC	0	2.645966514	0			27.05842912	78.49077346	0	124
ACAGGATGAAAGGCGAGTCGTGATTACATA	0	0	0			0	27.30113859	0	398
ACAGGCAAACAGCCGGGGTGTCCTCATGGA	0	42.33546423	60.09752547			0	5463.640361	0	196
ACAGGCATACTATGCCCCGGGGTTAACGGC	0	0	0			0	34.12642324	0	5
ACAGGCGGTTCGGAGTAAAGGTTGAGGGCG	0	0	0			0	13.6505693	0	470
ACAGGCTCTTCGGAACCCTGGTACGTAGAT	0	0	3.163027656			0	0	0	253
ACAGGGCGAAAAGGAAAATGGGGTACTAGA	0	0	0			39.54693487	0	0	101
ACAGGGCTAGTTAGGGGAATTGAGTAGGCT	0	0	0			0	17.06321162	0	7
ACAGGTCGATGGAACCCCTTCGAACAGCTG	0	0	0			0	27.30113859	0	79
ACAGTAACTGCGTTCGGTGCTTCCGCGCAA	0	0	0			0	17.06321162	0	133
ACAGTAATTGTGTAAGGGTCCTACTGGGCA	0	0	0			8.325670498	0	0	3
ACAGTACGTTTTAGAAAGGTTCCGAGCATG	0	0	0			0	5702.525324	0	650
ACAGTACTAGCCAGAGTGGCCTCATAGTAT	0	47.62739726	0			0	88.72870043	0	23
ACAGTATGACACGGACTATGCGTGTATCTG	0	0	0			0	13.6505693	0	74
ACAGTATTAAGACTTTGCTAGGATGGTCTG	372.6070202	375.7272451	98.05385735			0	457.2940715	0	14
ACAGTATTTCACCCCGAGCGTGGGTGGCCA	0	0	0			0	10.23792697	0	3
ACAGTATTTCCAGGGCGATCGAAGGGAGCC	0	0	0			0	3.412642324	0	1
ACAGTCGCTCGGGGACGGCTATCGCGAGGT	0	0	0			0	17.06321162	0	4
ACAGTCGTTAAATGGATGGGGTATTGGGCC	0	7.937899543	3.163027656			0	0	0	1
ACAGTCTCACTGCTTATTGTTGGCCACAGC	0	0	1252.558952			0	0	0	1642
ACAGTGGGAACGTGACAGTTCTATATAGGC	0	0	0			35.38409962	126.267766	0	70
ACAGTGGGAGCGTCGGACGCGGTCCGACTC	5.193129201	5.291933029	6.326055313			0	34.12642324	0	5
ACAGTGTTAGATGTGTCTGAATGAGGGCGC	0	0	0			0	3.412642324	0	184
ACAGTTCATACCATATTACCGATGCGCCAC	1.2982823	50.27336377	34.79330422			0	0	0	7
ACAGTTGTAATATGGTTATTTCAACCATAT	0	0	0			0	37.53906557	0	8
ACAGTTTGTGAAAGAAGGCATGGCACCCAG	0	5.291933029	0			0	0	0	30
ACATAATATTTGGGCCTTTGACAAATCAAT	0	0	22.1411936			0	0	0	37
ACATACAGTAAGAGTTTTTATGAAATGAGT	0	0	0			0	23.88849627	0	15
ACATACGTTTGCGATCGTTTTTATGTCGCT	0	34.39756469	0			41.62835249	3.412642324	0	3
ACATAGGGTGGTGATATCGCCTCGTCGGTT	0	0	0			0	6.825284649	0	1
ACATATCAACGCACGGGTGCTTACAAGGGA	0	0	41.11935953			0	0	0	1245
ACATATCAATTCGAGTGGCGAAGGAGGTAG	0	0	9.489082969			0	0	0	10
ACATATGTAGGCGGTAAACCATGAAAGCGG	0	0	0			0	3.412642324	0	3
ACATATGTTATCCTGACTCGACAGTATTAT	0	0	0			0	10.23792697	0	8
ACATATTAACACGTGTCAATATTCTGCTTC	0	0	0			8.325670498	0	0	1
ACATCTACAGCGCGGTAGGAAGGCACATTA	0	121.7144597	385.8893741			0	191.1079702	0	48
ACATGAAAATAAGTTGAAAGACAGGTTGAA	0	0	0			0	6.825284649	0	1
ACATGACAAGAGAGAAAAATAAGACGTTCG	0	0	0			8.325670498	10.23792697	0	5
ACATGATGAATGTGCCCAGTTAAGTGGTTG	136.3196415	92.60882801	6.326055313			0	17.06321162	0	1
ACATGGAATTGCGATGCCTATAAGTCCAGT	0	0	9.489082969			0	0	0	1
ACATGGACTTCCGGTGGGCAAGACCAAGGT	0	0	0			0	3.412642324	0	4
ACATGGGATGGCTCCTGGCGCAGCCTCAAC	0	0	0			0	6.825284649	0	2
ACATGGTATTCCCCAACTTTTAATGATCGG	24.6673637	460.3981735	215.0858806			0	6.825284649	0	4
ACATGGTCTACTATTGTGGAAGACGCGCTG	0	0	129.6841339			0	51.18963486	0	2867
ACATGTGTATGACTGCAATCACTCCGTCCG	0	0	15.81513828			0	6.825284649	0	5
ACATGTTGATCAAAGGCGGGGGAGGCGCTT	3.894846901	190.509589	82.23871907			0	3.412642324	0	71
ACATTATGTATGACTTTGCAAAGTGGAACG	0	0	227.7379913			0	0	0	750
ACATTATTAGAGAACCATTTTTAAGGGATG	0	420.7086758	3548.917031			0	0	0	1515
ACATTATTATTCATTGTGTATCCCTATGCA	0	0	0			0	17.06321162	0	1
ACATTCAATCTTTGCCGGTGTTCGGCTGAA	0	119.0684932	123.3580786			0	13.6505693	0	51
ACATTCAGTGCAACAACCTGCCTCTACTCA	0	0	9.489082969			0	0	0	48
ACATTCCGAGATTTCAGCCTGGCATAGTGG	0	0	0			0	6.825284649	0	2
ACATTGGTAGGTTTGCAGGTAACTAGGCTT	0	18.5217656	25.30422125			0	51.18963486	0	238
ACATTGTAACGTACCGGGGTAATTAAAGTA	0	0	0			0	160.3941892	0	67
ACATTGTAATTGCGTACTTCAAGGCAAATT	0	0	0			0	27.30113859	0	609
ACATTGTGATCGAGTGAAGCGTTCTTTAGC	0	0	3.163027656			0	0	0	9
ACATTGTGTTTTCGTCTACAGTATGTGCCC	0	0	0			0	75.07813113	0	203
ACATTTAATCAGTCTATCCGATGATGAAAG	3.894846901	2.645966514	0			0	10.23792697	0	3
ACATTTCTAAACATCCAGCATGTGATTAAA	0	0	0			0	539.1974872	0	1193
ACATTTCTACACATCCCGCCTGTGATTAAA	0	0	0			0	3.412642324	0	1
ACATTTGCATGCGTTACCCGTAGGAGGTCC	0	0	0			0	17.06321162	0	1
ACATTTGTTATCCAATCCTTATTTTACTTA	0	0	0			0	3.412642324	0	1
ACCAAAGTTATGTCATGCTCTGTAAGCTAT	0	0	0			0	30.71378092	0	28
ACCAAGGAACTGAGGAGCGTAACGGCATAG	0	18.5217656	0			0	10.23792697	0	66
ACCAAGGATGGAGAGCAGTGGCAAAGGGTT	0	0	0			0	3.412642324	0	2
ACCAAGGCTGCCGTGGGACCGATGGCCCAG	0	0	0			0	3.412642324	0	1
ACCAAGTCAGGCGCGGGGGAAGGCTTGGCA	0	0	0			295.5613027	409.5170789	0	2096
ACCAATAGTCTATATATGTACATAAGAGTT	0	0	34.79330422			0	0	0	83
ACCAATGCTTTACGCCAAGACGGGGCTGCT	0	52.91933029	82.23871907			0	0	0	6
ACCACACATAACGGGACCTCACAGTCATGA	0	0	0			18.73275862	0	0	4
ACCAGAAATGCTACAACGTGGCGAGAGAGC	0	0	0			0	6.825284649	0	2
ACCAGACTTGTAAAAAGCGCGGGGAGGTAC	0	0	0			0	10.23792697	0	1
ACCAGCGTTATGTCGTTGGTTGGGCACCGA	0	0	3.163027656			0	0	0	19
ACCAGGAGTCGATGATGCCCGGTTAGTAAT	0	0	0			16.651341	0	0	1
ACCAGTTCTGTTGTCGTGCTAATTTCGCGC	686.7913368	2638.028615	25.30422125			0	47.77699254	0	672
ACCAGTTCTTTGAATTGACGGCAGGCCTTA	2.5965646	0	15.81513828			0	6.825284649	0	1
ACCATAAAAGTTTGCTTTATGGAGAGTAAA	2.5965646	0	0			0	0	0	1
ACCATATTTATTGAATCTGATGGAGTTCAG	0	0	0			0	13.6505693	0	3
ACCATGCCAATAGTCGCAAAGCCCGGGTGC	0	0	0			2.081417625	40.95170789	0	65
ACCATGTAAGGACGTGCTGGAGCATTCCTC	0	0	0			0	27.30113859	0	2
ACCATTCCTTGGTGTTCGGGGGAGTTCAAC	0	0	0			0	344.6768748	0	120
ACCATTGGATTTCATGCGATGTGAATGCCG	0	0	0			0	242.297605	0	516
ACCATTGTCAAGGCTAAGCCCACAACGCCT	0	0	3.163027656			0	0	0	1
ACCCACATTGTGCGCTCGCGTCTGGAGTCC	0	0	31.63027656			0	17.06321162	0	9
ACCCACCACGTCATCCCAACCCCTCCCACA	0	0	3.163027656			0	0	0	1
ACCCACGGTCGTCCATGTAGAGATCGTCTG	0	0	0			0	6.825284649	0	3
ACCCATATTCGGTGAGTAGCCAATACAACG	0	0	31.63027656			0	0	0	349
ACCCATGATGTCCCTTCGAGATGAATTGTG	0	0	37.95633188			0	119.4424814	0	70
ACCCCGAGTGGGGCTAAAGATCATTATTAT	0	0	0			0	542.6101296	0	459
ACCCCTGTTGTCCCATTCATTATAGTGAAG	0	365.143379	939.419214			0	0	0	20
ACCCGCCGACAGTCTGTCGAGTACAGAGTG	0	0	0			0	17.06321162	0	25
ACCCGGAGTATAATCCGAAGCACGAATGTA	0	0	0			0	10.23792697	0	7
ACCCGGGGTGCTTGGTCAGGGCACGGACTA	0	0	0			0	283.2493129	0	2029
ACCCGTGTTTTTTAGACAGCCATCGTAACA	20.7725168	111.1305936	25.30422125			0	139.9183353	0	27
ACCCTGAGTTTAGTTGAAACGGTGTAGTAC	0	0	0			0	2692.574794	0	434
ACCCTGCTAGTGTTGTAATTCGGCAAGTGT	0	2.645966514	0			0	0	0	3597
ACCCTGGTTCGACGCGGGTGAAACGTGGTC	0	0	0			0	8995.725167	0	1558
ACCCTTATTAGCCCTCCTGGCATACGTTCG	0	0	120.1950509			0	109.2045544	0	53
ACCCTTATTTGTTATATCGTTATGCTGTCC	0	0	0			97.82662835	419.7550059	0	50
ACCCTTGGAATATTAATTATTCAACAGTTA	0	0	0			0	160.3941892	0	1
ACCCTTGTATCATCGCTGTAATAGACAGTG	0	0	0			0	2375.199058	0	1980
ACCCTTTAATGCAAACCGGACAGATCGCGG	0	0	0			0	10.23792697	0	1
ACCGAAAATGTACGAATTACCAAGGGACAC	2.5965646	1068.970472	423.845706			0	40.95170789	0	52
ACCGAAAGACGGTTTTCGGGGACGTGGTAT	0	0	0			0	3.412642324	0	1
ACCGAAGTATTATTGAATCAACTTTCGGAG	0	0	0			0	17.06321162	0	4
ACCGACAGTGGTGTTAGAAAATTGGCCATA	0	915.504414	5604.885007			0	0	0	2047
ACCGACGCACTGCGATGACCTGGAGAGGTG	0	2.645966514	0			0	0	0	1898
ACCGAGCGTAGGTGTACGCTTGTGACCCAG	0	2.645966514	0			0	0	0	666
ACCGATCCTAATGGAAGTTAGTGTCAATAT	0	0	0			2.081417625	0	0	2
ACCGATTAAAATTCCCTAAGGGAATTCACG	0	0	0			20.81417625	0	0	26
ACCGCGCGTGGTGGGCGGGGGCTACTCAAC	0	0	0			0	27.30113859	0	82
ACCGCGGATGCGTAGTCTGGAATGGATCGT	0	0	0			0	10.23792697	0	1774
ACCGCGGGTTGCTTATGGTGCACTCGGGTC	0	0	37.95633188			8.325670498	81.90341578	0	21
ACCGCTCTTGCACTGATGTGTGTTCGTAAT	414.1520538	1042.510807	53.77147016			0	30.71378092	0	257
ACCGGAGTAAGCGGGGCGGGGAGTGAAGAG	0	0	0			54.11685824	208.1711818	0	739
ACCGGATCTAAAACCTTGTCACTTTCTCCT	0	0	0			0	3.412642324	0	3
ACCGGATGAGAGGTTTTATGCTTCGCCTCG	0	0	0			0	23.88849627	0	9
ACCGGGACTGGATATTGAGACCACGCGTCG	10.3862584	52.91933029	9.489082969			0	3.412642324	0	1
ACCGGTAGTGTATAGGTTAATCGCACTCGG	0	0	0			14.56992337	6.825284649	0	16
ACCGTAAGTTCTTTTGCGCCCTCGGTGTTC	0	10.58386606	0			0	3.412642324	0	1
ACCGTCAATGGCAAGGCGTTTTTTATGGCA	0	0	9.489082969			0	0	0	64
ACCGTCAGTCACAGTGAGATATCAGGAACA	0	2.645966514	12.65211063			0	54.60227719	0	4
ACCGTCAGTCGGTATAACAGCGGGTTGCTT	0	0	0			0	3.412642324	0	1055
ACCGTCTATGGACGTCGGTGCACCTGGCTC	0	0	0			0	17.06321162	0	40
ACCGTGACACTTAAAGGGGTTTGACGTAGT	3.894846901	31.75159817	98.05385735			0	0	0	89
ACCGTGATAAGCCATAGTTAACTAAGCGTT	0	0	9.489082969			0	95.55398508	0	12
ACCGTGGATCGATAACGATTTCCGGTATAT	0	0	3.163027656			0	17.06321162	0	22
ACCGTTCGACTTGGTTGTTTATTAGGATAC	0	0	22.1411936			0	0	0	4
ACCTAAATTTGCCGTCGGGGGGTAGAGGAA	0	0	0			77.01245211	23.88849627	0	48
ACCTACGGTAGCAATAATCGAGGAGTATAG	0	0	0			0	13.6505693	0	6
ACCTACGTTGTTGCTAATCAGTGGTATTCG	0	0	0			285.1542146	2777.890852	0	2901
ACCTATATTTCATCGCACTATGGTCATCAT	0	0	0			0	13.6505693	0	1139
ACCTATCCAATCAAGAGCAAGACGCCGAGG	1.2982823	0	0			0	6.825284649	0	3
ACCTATGTATAGCTTCCCCAAGCAAATGGT	0	0	0			270.5842912	156.9815469	0	67
ACCTATTAAGCACCGGTCTAATACACTCTT	0	0	0			0	3.412642324	0	1
ACCTGACTAACCAGTACGCGGTGCAGGAAA	0	0	0			0	13.6505693	0	89
ACCTGCGCACGACAATCGCCTAATTAACCG	0	402.1869102	0			0	604.0376914	0	2555
ACCTGCTGTGGTGTTGTAAGACACTTCGTC	1.2982823	5.291933029	3.163027656			0	0	0	2
ACCTGGGGACTGGTATTACCAGGTAGTTTT	0	0	0			0	6.825284649	0	2
ACCTGGGGTCGAGCACACCATCCTGGCCAT	0	0	0			0	34.12642324	0	8
ACCTGTACTCGAATATATCGATGATGCATA	0	0	0			0	6.825284649	0	12
ACCTGTCAAGATCAAAGCGCCTGGAGAATC	0	0	0			0	167.2194739	0	40
ACCTGTGCAATAGGAAAGTAGGCAAGTGGG	0	0	0			0	6.825284649	0	112
ACCTTCCGTACGATGCGGAGCGGAGACGTT	401.1692308	349.2675799	44.28238719			0	245.7102473	0	125
ACCTTGCCTCCTGGTTGTTATACGTAATAG	0	0	9.489082969			0	0	0	2
ACCTTGGTACGCACTCCTGCTTATGGGCAG	36.35190441	0	91.72780204			0	6.825284649	0	8
ACCTTTCTATAATTTTTTCGTTCGCGTAAG	0	0	0			0	20.47585395	0	2
ACCTTTGTTCCATATATAGCGTTGGCACAC	0	0	0			1030.301724	109.2045544	0	283
ACCTTTTCTCCATAATGAGTTAGATCGTGC	0	0	0			0	290.0745976	0	841
ACGAAAGATAAGTTTTATCGTACCTTGTCA	0	0	0			0	64.84020416	0	1068
ACGAAGGCATCGGTATGGGGGAGGCTAAGT	0	0	0			0	10.23792697	0	66
ACGAATGAACAAGGCCACACTTGTCCCATC	0	0	0			0	17.06321162	0	1
ACGACAAATACCCTCGGCCGTGGCCGGTTG	32.45705751	52.91933029	37.95633188			0	58.01491951	0	4
ACGACATCAGGCCCGGCGCGGTTGAAGACA	71.40552651	66.14916286	154.9883552			0	194.5206125	0	13
ACGACGGGAGGATTTCGGGTGGGTGAATCA	0	0	0			43.70977011	0	0	11
ACGACTATAATATTCGTTTGCGAGTATGTC	124.6351008	47.62739726	37.95633188			0	0	0	182
ACGAGAGGTCCGAACAGAAGAGAGCCACCA	0	0	0			0	6.825284649	0	3
ACGAGCAGTTTGCCAGGTTTCGAGGGTTAA	0	0	0			6.244252874	0	0	48
ACGAGCCGTACGTGCTCGGCGGGTCATTTC	0	0	199.2707424			0	68.25284649	0	10
ACGAGCGTAGGCAGGTAGGTCTTACCGCTC	0	39.68949772	0			0	17.06321162	0	2
ACGAGTATATGTTGTTAAACGGGCTCTTGG	0	0	0			1138.535441	0	0	190
ACGATACAATAGGCTAATTATTTTCGTGCG	0	0	0			4.162835249	27.30113859	0	14
ACGATATTTACTATTATCTGGCCGCATACC	0	23.81369863	0			0	0	0	28
ACGATGACACCAGATGCAGGGGGGCGGGTT	0	0	0			0	3.412642324	0	12
ACGATGGATTGGTATACGTGTTGGTAGGTT	0	0	0			0	6.825284649	0	1
ACGATTTTTCAGCCTAGCAGAGGGGGTTAA	0	0	0			0	17.06321162	0	1456
ACGCAGTGAAAGCTCCGCTAGTACTGCCTC	0	0	0			285.1542146	0	0	1
ACGCATAAAGCTGTCGGGGTGGAGGTGCGT	0	0	0			0	3040.664311	0	905
ACGCATTTTCACTCCTGATCCACGCCCATG	0	0	0			54.11685824	47.77699254	0	116
ACGCATTTTTGTTATGGAAATTTTAGCTGC	16.8776699	5.291933029	0			0	0	0	60
ACGCCACGTCAATAAGAGAGGCTCAGCTTC	0	2.645966514	0			0	3.412642324	0	3
ACGCCAGTTCATGTCATGTTGGGGTTGGCA	0	0	0			0	1054.506478	0	136
ACGCCTAGAGTGTGCGTGGGGTCCTGAGGG	0	0	0			41.62835249	525.5469179	0	8
ACGCCTAGTGTTTATTAGTGCTGTCGCGGG	1.2982823	18.5217656	0			0	0	0	2
ACGCCTCTATTACAGGAACTGCCGTCGTGT	0	0	0			99.90804598	105.7919121	0	144
ACGCGAGCAGGTCGATTGTATAGTTAGGCC	0	0	1009.005822			0	163.8068316	0	4618
ACGCGATGACTGCTCCGGTTAGTACGATAC	0	0	0			0	10.23792697	0	2
ACGCGCACACACACTCTCGAGTTGTTACGC	6.491411501	34.39756469	34.79330422			0	37.53906557	0	6
ACGCGCCGAGGCGATGCGAGGGGATCAATA	0	0	0			0	23.88849627	0	33
ACGCGGCATATATCGTATGACGGCAGCGAT	0	0	3.163027656			0	0	0	278
ACGCGGGTTAGGCCAGACAGTATAGGTTGC	0	0	0			0	92.14134276	0	161
ACGCGGTTATACCGCTAGATGTAGTTAACG	0	5.291933029	0			0	0	0	1
ACGCGGTTATAGTTTTGTCGGGGAATGAGG	0	0	0			0	105.7919121	0	257
ACGCGTAAAACGTGTCGCAGAAACTTCTAG	11.6845407	0	0			0	17.06321162	0	77
ACGCGTAGTCGCAGTTGAGTGAGGGGGGGA	0	0	0			308.0498084	187.6953278	0	68
ACGCGTGATGAGTTATAATGGATATGTTTA	0	0	0			39.54693487	64.84020416	0	54
ACGCTAGTAAAACGGAGGAAGGCAAGTGGG	0	0	0			79.09386973	0	0	80
ACGCTCATATGATACAGTAATGTGCGCCGT	0	0	0			0	47.77699254	0	242
ACGCTCCAAACCACGTGGGTGAAAAGATGT	0	0	0			0	378.803298	0	42
ACGCTGGTTTAGATAAAGAAGGATTCGCAC	0	0	6.326055313			0	0	0	136
ACGCTGGTTTTGAGGTTCGTAAGGTTTTCA	0	0	0			22.89559387	0	0	30
ACGCTTAGTCAAACGACGTGAGGGCAGCTC	0	0	12.65211063			0	0	0	13
ACGGAAATTGTGCCAATAGCAACTCTAAAT	0	0	0			0	6.825284649	0	30
ACGGACAAACGACGCCCAATGTTGTATGTA	0	0	0			0	6.825284649	0	12
ACGGAGCTAGAATCGAATTTGCGAGGTCCA	0	10.58386606	9.489082969			0	0	0	296
ACGGAGCTTTTATTCAACAGCGTGGCGAGC	0	0	0			2.081417625	0	0	20
ACGGATGAAAGCGGAGTCTTGTGTGTAAGC	0	0	0			0	10.23792697	0	1
ACGGATGATTACCCATCCCTATTCAGCCAA	0	15.87579909	0			0	34.12642324	0	74
ACGGCAATAGTCCCTCTGTTGTTTAATACA	0	0	0			543.25	429.9929329	0	142
ACGGCACGTAGGTCGAATTGAGTCGCCCGC	0	0	37.95633188			14.56992337	310.5504515	0	1473
ACGGCGAGAGAGACTTAACCTGGCTAACAA	0	0	3.163027656			0	0	0	36
ACGGCGAGTCCAACGAAACGAGTGGGCTCA	0	0	0			4.162835249	10.23792697	0	3
ACGGCGTTAGCAATCTGGGAATATCGTTAC	0	0	0			0	10.23792697	0	1380
ACGGCTAAAATCTCAGGTCTTCTGGAGGAG	0	0	0			0	17.06321162	0	17
ACGGCTTTAATTCCTGCGCCGGATTAGAGC	0	0	0			0	3.412642324	0	1
ACGGGAAAAGCTCCGACGTGGGAAGAAACG	0	0	0			0	3.412642324	0	3
ACGGGAAATAGGCGGTTAGAGGGCTGATGG	0	0	0			0	10.23792697	0	251
ACGGGAAATCACTTATCGCTGGTACGGATG	0	0	0			0	3.412642324	0	24
ACGGGAGAAACCCTCCCCTTTGGGCGGTCT	0	0	0			0	27.30113859	0	3
ACGGGCATTAGCCGGCTGGCTTATTGCACC	0	2.645966514	0			0	0	0	162
ACGGGGCAAGACGGCCACAATGAAGTGATG	0	0	0			0	965.7777778	0	885
ACGGGGGGTTGGGACCATTACTTAGTGGAG	0	0	278.3464338			0	0	0	438
ACGGGTGGTGGTGGCGGACGGCTCGGCGAT	0	0	37.95633188			0	0	0	6
ACGGGTGTTTGTGTTTGTGGGTGATGGGCG	0	0	0			106.1522989	0	0	1
ACGGGTTGTCCAGTCTCTGGGATGGTGTCA	292.1135176	751.4544901	202.43377			0	542.6101296	0	49
ACGGTAGGTAAGTAGGCTGGTGCCTGAGCG	0	0	0			0	58.01491951	0	1
ACGGTAGTTCAAATGCTATCAAATTTGGGG	0	0	0			0	27.30113859	0	25
ACGGTCGAAGAATACGGGTTAATTGCCTTA	0	0	0			0	30.71378092	0	4
ACGGTCGCAGTATGGGCAGGCTTTGTCAGT	0	0	0			0	23.88849627	0	10
ACGGTCTGTGCAGAAGCGACATGTCAAGGG	0	0	0			0	3.412642324	0	5
ACGGTGATAAGCATTCCAGGTGGGTTGGAC	28.5622106	0	6.326055313			0	0	0	1
ACGGTGCATCTTTGCGACTTGAACGCTCTC	0	0	75.91266376			0	20.47585395	0	1
ACGGTGCGTGGGTCAAGGTTGGGGACCCTA	0	0	0			303.8869732	505.071064	0	41
ACGGTGCGTTCGGCACGTTCAATTAACACA	0	0	0			0	37.53906557	0	14
ACGGTGCGTTCTTCGGGGCTTGCCGAAGTA	0	0	0			0	303.7251669	0	1444
ACGGTGTCTAAAGAACTGGTACGTCGTGCG	0	0	0			0	13.6505693	0	6
ACGGTGTTTTATGTTCCGCGAAGGGTAAAA	0	0	0			8.325670498	10.23792697	0	12
ACGGTTAAAATATCGTTTGATTTCAATCAG	0	0	0			8.325670498	0	0	37
ACGGTTATTCGGTGGTTGTAAGTTCGTTCT	0	0	0			0	13.6505693	0	3
ACGGTTCAACGATTAACCCTTGTTGATAGT	0	0	0			0	13.6505693	0	19
ACGGTTGCTTATTCGTTTCGCGGGTGCAAG	0	0	0			0	129.6804083	0	6
ACGGTTTATTTGGTTGCCAGTCCGATACTC	606.2978342	949.9019787	335.2809316			31.22126437	214.9964664	0	754
ACGGTTTCTAAGAAATATGAATGGATAGTT	19.4742345	645.6158295	94.89082969			0	174.0447585	0	219
ACGTAATATTTCAGAGAAGTAAATGGTGTT	0	0	0			0	10.23792697	0	1
ACGTAATTTTGTCATAAGGTGATACAGGGT	144.1093353	58.21126332	79.07569141			0	58.01491951	0	16
ACGTACACAAATCTGAGTTGTATGTGCGCG	0	0	0			0	6.825284649	0	55
ACGTACAGAGGGGGGCCAGGGGTATCACCT	0	0	0			0	3.412642324	0	48
ACGTACCGTTGGTTCGTAACGTGTTGAGTG	0	0	0			89.50095785	95.55398508	0	475
ACGTACTAAGCTAATGCTGCATGGTGCTAA	0	0	0			0	6.825284649	0	10
ACGTAGGGTTAGTATTAAAAACAAAGGGAC	0	0	0			0	95.55398508	0	62
ACGTAGGTATTGTTGGCAATAAGTTAAGTA	0	0	0			0	6.825284649	0	1
ACGTATCCAGGAATTAGTGGTAACCTGGGA	0	0	0			0	10.23792697	0	23
ACGTATCGTGGCGTCGGTGGGTTGGACTTG	0	0	0			0	27.30113859	0	18
ACGTCAATTAACGAGCATATGTCCTAGGTG	1.2982823	10.58386606	34.79330422			0	10.23792697	0	48
ACGTCACGAGTTGGCTCAAGGGCTCGGTTA	0	0	3.163027656			0	3.412642324	0	1
ACGTCAGCAACTCGGTAGGGCAGTGCGAGT	0	0	0			0	13.6505693	0	42
ACGTCCATTTTGACTGCTACTCATCCACTT	153.1973114	687.9512938	414.356623			0	2812.017275	0	443
ACGTCGACTTGTCGCTCTCATGGAATCTAT	6.491411501	0	0			0	0	0	45
ACGTCGAGTGGGGTATCAATGTAAGGCCGG	0	0	0			0	75.07813113	0	1977
ACGTCGGGTAATGGTTGGGGCTGCTTGAGC	80.49350261	23.81369863	0			0	92.14134276	0	21
ACGTCTGTACGATTCAAGCGGGAATATCTA	0	0	0			74.93103448	34.12642324	0	451
ACGTCTTTAAGTCGCTGTATCGGCACCGGG	0	0	0			0	17.06321162	0	3
ACGTGAGATGAATTCCTGTTGCACAACGAC	0	7.937899543	0			0	13.6505693	0	6
ACGTGAGGAAAGGCGGTCCATGCGGTTGCT	0	0	0			203.9789272	47.77699254	0	65
ACGTGCAGTTTGTAAGTTGTCAACGTTAGC	0	0	0			14.56992337	47.77699254	0	24
ACGTGCGATGAGGGCCGGATAGCGTGCGTG	0	0	0			0	13.6505693	0	1
ACGTGGGAAAGGGGCGCCGTTTTACGTAGG	0	5.291933029	0			0	3.412642324	0	2
ACGTGTAAAGATGCTGCCAGTGGGCGTAGT	0	0	0			0	532.3722026	0	5
ACGTGTATATGTGAGATGTCTTAAAGAGTT	0	0	0			0	75.07813113	0	90
ACGTGTATTTGATGGAGCGGGGACGAGGGA	0	0	0			0	10.23792697	0	5
ACGTGTCCTTTGTACTGCATGTGCCAGCCC	15.5793876	0	0			0	0	0	38
ACGTTAGCTGAATGCCCGTCGTTGGCGTTA	0	0	0			482.8888889	0	0	393
ACGTTCATAGAGATTTTAGGATCCTTGATA	0	0	0			0	3.412642324	0	1
ACGTTCTAAACGATTAAACTCTTCTACGGG	0	0	0			0	17.06321162	0	2
ACGTTGTATAGCGCGTCAGGGACCAGGAAT	0	21.16773212	0			2.081417625	0	0	39
ACGTTGTTATAGATGACAGCCGGGGAGAAC	297.3066468	39.68949772	0			10.40708812	109.2045544	0	14
ACGTTTCCAGGTGGGCGACTCCAAGAAAGG	0	0	0			0	34.12642324	0	218
ACGTTTCTATTCTTATTCGACCCAGGCTCG	0	0	0			0	6.825284649	0	1
ACTAAAACTTTTCAGATAATGGGGAGGACA	0	0	0			0	129.6804083	0	1280
ACTAAAAGACAGCAGGTCCGTCCGAAGGGG	18.1759522	338.6837139	79.07569141			0	255.9481743	0	19
ACTAAAGATGATAAGTAACTTTGTCTTACA	0	0	0			0	20.47585395	0	1
ACTAACCGCCAACAGCTCCCTCCTAATAGA	0	2.645966514	0			0	0	0	1
ACTAAGAAAATGGCGAGGTATGGGAAAGGA	0	0	3.163027656			0	6.825284649	0	1
ACTAAGACTTTTAAGATGTAATTACCTTAG	0	0	0			18.73275862	235.4723204	0	212
ACTAAGAGAGTATGAGTGTAAGGAATTTGT	0	0	0			0	3.412642324	0	1
ACTAAGCTTCACGAATTGTTCAACTTCTAA	0	2.645966514	189.7816594			0	13.6505693	0	44
ACTAATCGATTGTGTGTGTATATGAGGGCT	0	0	0			0	655.2273263	0	48
ACTACATGACTGATGATTGGCCGGTTTGCT	0	89.96286149	215.0858806			0	344.6768748	0	381
ACTACCTTTTGAGAATTAAATTGTGAAAGA	40.24675131	277.826484	6.326055313			0	34.12642324	0	6
ACTACGAGAATGAACCTAATTTGTCTCGGA	0	0	0			0	23.88849627	0	21
ACTACGGCAATATTCAAAGAAGGGTGCGAC	0	0	0			0	20.47585395	0	4
ACTACGTCATCTAACGCTGCGTGGTTACGA	0	0	0			0	40.95170789	0	2
ACTAGAGTACTCTAGGTCCCTGGGGAATAA	40.24675131	256.6587519	3.163027656			0	0	0	3
ACTAGCCCTTGTAACCATTAGGCCATGTGT	16.8776699	0	9.489082969			0	40.95170789	0	34
ACTAGCGGAGGGGTCGTGTTCGACGGTGCT	5.193129201	0	0			0	0	0	8
ACTAGGCGAGGGGAGGGGAAGAGACGATGG	0	0	297.3245997			0	0	0	23
ACTAGGCGTATTCTGGGTAAGTAAGGCTGT	0	5.291933029	22.1411936			0	348.0895171	0	53
ACTAGGCGTGTTTATTTAATTTACGGGGTC	0	0	69.58660844			0	0	0	367
ACTAGGGATCAGTCTATTCTTGAAGACACC	0	0	0			6.244252874	0	0	8
ACTAGGTTTCTTAGGTCTAGTCACAACAGT	0	0	0			0	51.18963486	0	58
ACTAGTCAAGCTGTGGTGCCGGGCAGGTAG	0	0	69.58660844			0	47.77699254	0	554
ACTATAAAAGTTATGTGTGCCAAAGACGCG	0	0	0			6.244252874	3.412642324	0	28
ACTATAGATTGACTATAATTTCGAAAAGGG	0	0	0			0	27.30113859	0	98
ACTATGACTCCTGCGCTGGATGGCCTAACC	0	0	0			37.46551724	20.47585395	0	1
ACTATGCATTTTCCGGCAGGTATAACAGTT	0	0	0			0	37.53906557	0	18
ACTATGCCAGTCATGACCTTGTACGGGTTA	0	0	0			0	30.71378092	0	3
ACTATGGTTGTGGTCCATCCCCCGGGGCTT	0	0	0			62.44252874	293.4872399	0	252
ACTATTACTGTACAAGGAGTCTCGACGAAT	0	15.87579909	9.489082969			22.89559387	116.029839	0	42
ACTATTACTGTCCCCGGAGTCTCGACGAAT	0	0	0			2.081417625	0	0	1
ACTATTAGATGGCCTCTTTTTTCGTGCAGG	0	0	0			0	324.2010208	0	25
ACTATTGGAAACGTATTAGAAACGGTTATA	129.82823	18.5217656	101.216885			0	174.0447585	0	463
ACTCACCCACTCAATGAGCACCCGTGAGGC	0	0	75.91266376			0	0	0	606
ACTCACCCCCTCCATGAGCACCCGTGAAGC	0	0	3.163027656			0	0	0	1
ACTCACCCCCTCCCTGAGCACCCGTGCGGC	0	0	3.163027656			0	0	0	1
ACTCCCTCTGCTCGGGGTTCTTGTTCCCGT	11.6845407	179.925723	0			0	34.12642324	0	34
ACTCCGATTTGCTCTGAATAGATGGAACGT	0	0	56.93449782			70.76819923	283.2493129	0	68
ACTCCGCGTTTAACTTATTACTCGAAAGAA	0	0	0			2.081417625	146.7436199	0	214
ACTCCGGTAGAGGCGATAAAGGCCAAAGGT	0	0	0			0	3.412642324	0	2
ACTCCTCAACAACTAGATACTGTCTTAACG	0	0	0			0	423.1676482	0	30
ACTCCTTTTGATGAAATCTCAAGGAGCTTG	0	0	22.1411936			0	3.412642324	0	3
ACTCGAGTTGTGGGCGGCCAGGACGGGGTT	0	0	0			0	450.4687868	0	492
ACTCGCAATGGAGCCAGAGCTGGGGATGTT	0	0	0			0	102.3792697	0	30
ACTCGGGATAGTTGTCTTGATTGAAGGGCC	0	0	0			0	37.53906557	0	33
ACTCGGGGATCGATCGGACCTATGGCCAAT	0	108.4846271	37.95633188			0	180.8700432	0	457
ACTCGGGGTGCGGTAGGCTATTATGTACAG	20.7725168	0	66.42358079			0	10.23792697	0	7
ACTCGGGTTTTATGTGAAACCACGGCCGTT	0	0	408.0305677			0	1289.978799	0	15
ACTCGGTGTGTGCAAACTCGTACCGGCTCT	0	0	0			0	40.95170789	0	1
ACTCGGTGTTGTTTGTCACTAAAGGGGGTA	19.4742345	58.21126332	44.28238719			0	0	0	50
ACTCGTATTTTGCAAGTTATATTGTATTAC	0	0	0			0	10.23792697	0	93
ACTCGTGTATGTACTTATCTGGTTATCCCC	0	82.02496195	44.28238719			33.30268199	143.3309776	0	49
ACTCTCCCTGTTGTTTTAGAAAGGTCCCTT	0	10.58386606	0			0	0	0	5
ACTCTGAGATCTGTACCACTACGTCAGGGA	0	0	0			14.56992337	0	0	2104
ACTCTGAGTCCGTATTACGGATCAGGGATG	0	0	0			122.8036398	112.6171967	0	71
ACTCTGCGAATTGGCGGGGTAGGCGGCTTG	0	0	0			0	6.825284649	0	3
ACTCTTGATTTGATGAACTCTTTAAAAACG	0	0	0			6.244252874	0	0	1
ACTCTTTCAGGCTAAGATTAGGCTAAGTGC	0	0	0			0	10.23792697	0	19
ACTGAAAGAACTCTTTATGGGAGTATCGGA	0	103.1926941	300.4876274			0	0	0	31
ACTGAAGCATGCTCAGCGACATGTGTAACC	0	0	22.1411936			0	17.06321162	0	12
ACTGAATGTATTGATTGCTTGGGGATAGGG	0	0	0			0	313.9630938	0	48
ACTGACGGTAGACTGGGTGAGTACTGAGTA	0	0	0			0	30.71378092	0	534
ACTGACTAAAAGCCGTCTTAACAGGCCCCC	0	0	44.28238719			0	0	0	684
ACTGACTGTTCACGTCATTCAGGATATCTA	0	0	0			0	13.6505693	0	1700
ACTGACTTTAGGATTCGCGTAGTGGTCTAC	22.0707991	145.5281583	72.7496361			0	81.90341578	0	26
ACTGAGGCACCCCTTACTGACTGCTTCGAA	0	0	0			0	255.9481743	0	884
ACTGAGTTTTCATGAAGTCCTCACGGAAGT	0	309.5780822	60.09752547			0	105.7919121	0	396
ACTGATAGTTATAGAGAATGCTCTTTCCTA	0	10.58386606	0			0	10.23792697	0	3
ACTGATTGTTAGAGCGGCCACTTCGCGAGT	0	0	0			0	344.6768748	0	3193
ACTGCACTATCTGGGTCTATATAGTGGATG	0	0	0			0	6.825284649	0	311
ACTGCATTAAATAAGACATACCCAATCTAA	0	0	0			14.56992337	71.66548881	0	91
ACTGCCACTTATTATGGGCTACACCGGTCT	0	0	18.97816594			0	0	0	43
ACTGCGGGTTGAAGGTGCCTACGAGAGCGG	0	0	0			0	75.07813113	0	6
ACTGCGTAACGTGACGCAGCGAGGGGCTTT	0	0	0			0	6.825284649	0	2
ACTGGCGATGGTTCTGGGGTCAGGTTGCAA	0	0	0			0	3.412642324	0	3
ACTGGGACACTATATTTTGGTGATCCCATG	0	0	0			0	13.6505693	0	316
ACTGGGAGTCTTTATAGTTCGCACACTCCT	237.5856609	285.7643836	129.6841339			0	0	0	7
ACTGGGATTTTTGGTTTAAGCACGAATAGG	0	0	0			0	34.12642324	0	7
ACTGGGTCTAATACGCCGATTTCTTCGAAT	146.7058999	296.3482496	12.65211063			0	0	0	40
ACTGGTATAAGGTCATCTATTAATTATTCT	0	0	0			0	3.412642324	0	4
ACTGGTGTAGCTTATTTAGTTTAGGAAGCT	0	0	0			0	6.825284649	0	1
ACTGGTTGTGTGGGTGTCTATCTAACTAGC	16.8776699	0	15.81513828			0	88.72870043	0	130
ACTGGTTTACTTCTGGGCACGAGATTTAAA	0	0	0			0	30.71378092	0	83
ACTGGTTTATTAGAACGATTCTTTCACGGG	0	0	0			114.4779693	0	0	196
ACTGTAGGTCCAACTGAGGTAAGTCCTCAT	0	0	6.326055313			0	0	0	104
ACTGTAGTAGGTAACATAGGGTTAGGTGGA	0	0	0			0	23.88849627	0	168
ACTGTCACACGCCATGGGCTCGAGCGAGGG	0	0	0			0	23.88849627	0	17
ACTGTGACTCCATCCCTCTACAAGAATTAA	0	0	6.326055313			0	61.42756184	0	95
ACTGTGCGTGCCTGGGGTGTGTGGGAGGTG	0	0	0			0	184.2826855	0	968
ACTGTGCTTACCGATATTGGAGTCCCGGTG	0	0	0			20.81417625	1371.882214	0	18
ACTGTGGATCACGATAGTGTAATCCGTTGC	0	0	0			0	10.23792697	0	1
ACTGTGGTTTTTGAGTGCGAACCGATAGAT	0	0	0			0	6.825284649	0	3
ACTGTTTAAGCGCGGGACAGCGGCATAGGA	0	0	0			0	17.06321162	0	20
ACTTAATATTAAGCTAGTTAAAGCGCCTAT	0	0	98.05385735			0	75.07813113	0	66
ACTTAATCAGGATTGGTAGGGGGCGTCAAC	0	0	0			47.87260536	0	0	16
ACTTACTTTCGATATGCCTCGCCGAGTTAA	0	0	0			0	402.6917943	0	409
ACTTACTTTGGGGCGGTTGGGGTCAGTCGT	0	0	0			0	10.23792697	0	3
ACTTAGGGTCGGAGACGTCCGATGGAGTGA	0	0	0			0	3.412642324	0	6
ACTTAGGTTTGGACAGGTGGCGGTTATGCG	0	0	0			37.46551724	0	0	16
ACTTAGTATTTCTTGAAGGAGGTGATTGGT	0	0	0			12.48850575	10.23792697	0	43
ACTTATACTTACATTTCATGCTTTCGGCCT	0	433.9385084	192.944687			0	54.60227719	0	14
ACTTATAGAGGAGAGTCTTCTTATGCAACT	71.40552651	47.62739726	189.7816594			0	232.0596781	0	303
ACTTATGATCTTGTTTCGTTTAAAGAGTGC	9.087976102	18.5217656	0			0	40.95170789	0	100
ACTTATGTTATACCAAGGGCGGCGCGGTCA	0	0	0			0	51.18963486	0	28
ACTTATGTTCCGGGTTGGATTGTTCAGACG	0	0	0			0	68.25284649	0	2925
ACTTATTTACTGCGTTTTGTGTATAGGACA	0	0	0			0	37.53906557	0	4
ACTTCGTTACTAGAACAATTCGGCAGCTGG	0	0	0			0	116.029839	0	5
ACTTCTCTTTGGGAGCAAGTAGTAAATCAG	0	0	0			4.162835249	0	0	1
ACTTCTTCAGTGGGGGAACCACGAAGGCAC	0	0	0			0	3.412642324	0	1
ACTTCTTGTACAACGAATGAATTGAACTAG	0	0	0			37.46551724	139.9183353	0	39
ACTTGACCTCTGTTATCAAGTTGAGGTAAG	0	0	0			4.162835249	61.42756184	0	66
ACTTGCGGTTGCAATGGAATCAAGTCTTGG	0	0	0			0	232.0596781	0	1
ACTTGGGGTTAATTGCGCACTTAAGAAGGG	0	0	0			8.325670498	47.77699254	0	24
ACTTGTATTCCAGTTCCTCTGATATCCCGG	0	0	0			0	27.30113859	0	3
ACTTGTTTTCTTGTCCGCGCTCTGGCGAGA	0	0	316.3027656			0	0	0	183
ACTTTAGTTGAGCGAGAAATTGGACAGCGC	0	0	189.7816594			0	0	0	1677
ACTTTCCTAAACAATTACTTTAGATTAACC	0	0	0			0	13.6505693	0	17
ACTTTGCCAATGTCCCACGCGGCTATATCT	0	132.2983257	0			0	40.95170789	0	317
ACTTTGTCTAAGCCACACTTGTGAAATCGC	0	0	0			0	3.412642324	0	2
ACTTTTCAACCTGCACTGGATGCGTTGTTA	0	0	0			0	13.6505693	0	4
ACTTTTCTTGTTTCATTTCGTAAGTCGGCC	2.5965646	2.645966514	0			0	0	0	1
ACTTTTGAACTTGTAGAGTCACCGAGCGGC	0	0	75.91266376			0	85.31605811	0	2
ACTTTTTCTAAGGCACTTACCCAATTAGAG	0	0	0			0	68.25284649	0	17
AGAAAAGGTTACCTCGTAAGGTGCGTCACT	0	0	6.326055313			0	23.88849627	0	2
AGAAATGGTCGTATGGACAACCAAACATGG	0	0	0			0	3.412642324	0	2
AGAAATTGAATATTGTATCATGGCCCGTTC	0	0	0			0	6.825284649	0	5
AGAACACGTGCACTGTAATCGGTGAATGTC	0	0	0			12.48850575	331.0263055	0	123
AGAACGCTACATTCGGATCAGCTTGGGAGA	0	0	0			0	34.12642324	0	170
AGAACTAGAGGGGGAAATTAAGGGGGTCTG	28.5622106	44.98143075	15.81513828			0	6.825284649	0	2
AGAACTCCAGTGTAGCTCCTTAGACTGATT	0	0	0			0	180.8700432	0	215
AGAACTTTTGTATACCGTGGCCGGAATTTC	0	0	0			0	3.412642324	0	14
AGAAGAAGACATTGGTAGGAAACGGTGGGG	0	0	0			2.081417625	0	0	1
AGAAGCGTAGATCGTTTCCGCACTCTGGGA	0	0	0			0	23.88849627	0	47
AGAAGGGGAGTTCCAAGTTTGTAGCGGTGA	0	0	0			0	6.825284649	0	1
AGAAGGGGTTGACATCTTCTTGGGCCCGGG	0	0	9.489082969			0	0	0	1
AGAAGGTAAACGTCAGAATAAGTGTTGGCT	77.89693801	10.58386606	47.44541485			18.73275862	3.412642324	0	2
AGAAGTCGTTCGAGGGATGTTTCGTAAGGA	0	0	0			0	13.6505693	0	937
AGAAGTGTATACTAGGGACTTTTCATACGA	0	0	0			0	27.30113859	0	25
AGAAGTTAAAGGGATGTTAATGGCGTGGGG	0	0	0			0	17.06321162	0	10
AGAATAATTGGCGTTCCTATGCTCAACGGT	0	0	0			0	3.412642324	0	19
AGAATACGTGTTTATCAAGCGTGGTTGTAG	68.80896191	13.22983257	37.95633188			0	47.77699254	0	11
AGAATATTTGAGAATGTAGTAACCGGATAG	0	0	0			0	20.47585395	0	8
AGAATCGCTACCCCCGAGATCTTGTGACCC	0	7.937899543	0			0	0	0	2
AGAATGCCTCATAATAATGCCGTGAGAGCG	0	0	0			231.0373563	40.95170789	0	3432
AGAATGCTTGATTTAACATAACTCTGTGAG	0	0	0			0	6.825284649	0	171
AGAATGGCTGGGCACGGGTCACGGTTATGG	0	0	0			0	61.42756184	0	11
AGAATTCTTTTACACTATCAGAATGGCGCA	0	0	0			0	6.825284649	0	6
AGACACCATATTGCATTTGTTAAATCCTGG	0	0	44.28238719			18.73275862	0	0	23
AGACACGGTGATTAAGCTTAAAGTTATAAC	0	0	0			0	129.6804083	0	374
AGACAGCCTGCGCCCTATGTCTACTCGTAC	0	0	0			0	92.14134276	0	9
AGACAGGTAGAGCGGGAAGAGGGAGTAACG	0	0	0			0	10.23792697	0	1
AGACAGTGTTGGGAAATAAGAACCATATAC	0	0	0			0	40.95170789	0	159
AGACATGTATGGGGCAGTATTTGTGCAGTA	0	0	0			0	20.47585395	0	5
AGACATTGACTGGTTTTTACTGAGGAAGGT	0	0	0			2.081417625	0	0	125
AGACCCAGTCGCGTCAACCGAGCGTTATAC	0	0	0			0	102.3792697	0	48
AGACCCGCAGTAAGGGAAGCACAAGGCTCC	0	0	0			20.81417625	0	0	37
AGACCTCTTCGTACAGCGCTATGATTTCAT	0	0	0			0	40.95170789	0	3
AGACCTTGAAGTTGTTGGTTTATTTGGGGC	0	0	0			0	6.825284649	0	6
AGACGAACAAGAATAACCAGTATTGGATTA	11.6845407	2.645966514	37.95633188			0	13.6505693	0	4
AGACGCAGTAGAAAGTAAATGCGAAGCACA	0	0	0			0	27.30113859	0	42
AGACGCGGTGGCTTATTTTCCGATTTCTCC	0	0	0			0	13.6505693	0	5
AGACGGAATTAGACGATGTATGTGGCGGAC	0	0	0			2.081417625	0	0	155
AGACGGGAACTATTTCAGGTGTGGGGCCCA	0	0	0			0	6.825284649	0	57
AGACGGTATCGGTATGGGGTCATTACCTGT	0	0	60.09752547			0	0	0	59
AGACGGTGAGGATTCCTAATAAGAAGACTG	0	0	0			0	3.412642324	0	3
AGACGTGCATCTAGACGGGGCTCACGCGAG	0	0	6.326055313			0	0	0	6
AGACGTGTTAGATCCCGAAGGGACGCCCAA	0	0	107.5429403			0	122.8551237	0	168
AGACTAAGTTAATGTAGTATAGGCTCGAAC	0	0	0			2.081417625	3.412642324	0	5
AGACTAGTTCGCCTTTGGTCTTTCTCTTTG	0	0	0			0	58.01491951	0	19
AGACTAGTTGTGGGCATAGATGCGCGCGTG	0	0	0			0	27.30113859	0	18
AGACTCGTTCACATGGTGGGTGTGTTATAA	0	0	0			14.56992337	0	0	3
AGACTGACAGGATCATTTCACTAGCCATCT	0	0	0			33.30268199	0	0	570
AGACTGCAAACAACCAAAGCATTGCTCCAC	0	68.79512938	0			0	30.71378092	0	3
AGACTGGATCCGATTCTGTATTCTAACTAA	0	0	0			2.081417625	156.9815469	0	414
AGACTTAATTCATACACACTTATATAATAA	0	0	0			0	3.412642324	0	4
AGACTTATTCTTAGTCTGGGGGCGTGAGAA	0	0	0			0	6.825284649	0	17
AGACTTTGTATCCCAGAGTGCGGAATCTAC	0	0	0			20.81417625	6.825284649	0	20
AGAGAACCTTTGCGTGACAGTTGTAAGACG	0	26.45966514	0			0	44.36435022	0	76
AGAGACACTTGACATCTAGGTTACATCATT	0	0	0			0	10.23792697	0	11
AGAGACAGTGTGAAGGGGAATAGAATGTCT	0	0	0			0	3.412642324	0	1
AGAGAGATTTATTGATTAACACAGAAATAG	0	214.3232877	154.9883552			0	71.66548881	0	13
AGAGATCGACTCTCATCCCCATGGGGGGAA	0	0	0			0	10.23792697	0	2
AGAGATGCATCAAACCAACATAATAGTGAA	444.0125467	576.8207002	0			0	0	0	27
AGAGATTAATTGCATGAGATGGCAAGTTTA	0	0	0			0	20.47585395	0	48
AGAGATTGAAGACGTAGCCGTTATCCAAGG	0	0	0			0	6.825284649	0	31
AGAGATTTTTTGATGTTTGTTCGAGGCCGG	0	0	0			0	481.1825677	0	279
AGAGCAAGAATGCGTCTACCAATTATGAAT	0	0	0			0	6.825284649	0	3
AGAGCAAGTCCATGGAAGTCGTGCCAGGCG	0	0	0			0	88.72870043	0	94
AGAGCAGCAAAAGAGGTAAGGGGTAGGTCG	1.2982823	0	0			0	0	0	828
AGAGCATCAGCTTATTTGGACCTTCACGAG	0	0	0			0	20.47585395	0	98
AGAGCCAGAGGCGATTCTTGGAGTTCAGTC	0	0	0			0	3.412642324	0	1
AGAGCCTCTTTAGCCGAAACAACAGTTTTC	0	0	0			58.27969349	0	0	86
AGAGCGATATGGAATTAACTTCGAAGCCAT	0	0	0			0	78.49077346	0	215
AGAGCGCAATTTCGAGTTTATGTCAGAGGT	0	0	0			0	37.53906557	0	25
AGAGGAACAAGGCGATGCTGTGTTGGAGTT	0	5.291933029	0			0	412.9297212	0	101
AGAGGATGTTTCAAGCTACTGACTAAGTTC	0	0	0			0	3.412642324	0	9
AGAGGCAAACGCGTTACGTGAACTGAGAGC	14.2811053	105.8386606	37.95633188			0	71.66548881	0	2
AGAGGCGTACGACCCGGCCTGTATAGCAAC	0	0	0			0	10.23792697	0	1
AGAGGGGCTCTTGGGATGGTATTGGCGGCT	0	0	0			0	6.825284649	0	166
AGAGGTATAAGACGTGTTTTGCTCCACGGC	123.3368185	298.9942161	101.216885			0	0	0	3
AGAGGTCGTTTGTACATTAAACTACGCATG	0	0	0			0	37.53906557	0	4
AGAGGTGGTTACCCGGGGTTGCTTGGGGAC	0	0	0			0	23.88849627	0	9
AGAGTAAATCCGCTAGTTTGTGCAGGCACG	0	0	0			0	13.6505693	0	352
AGAGTAACTCTCTTTTATTATGGCTAGGTC	270.0427184	4678.068798	2577.86754			2.081417625	522.1342756	0	1586
AGAGTAGGAACGAGGTGGCAGCGATAAATG	0	0	0			41.62835249	0	0	1
AGAGTAGTTAGACGCGACATCATAGGAGCT	0	0	3.163027656			0	0	0	1
AGAGTCTAAAGACAGTTAGTGTGGGGCAGT	0	0	0			2.081417625	0	0	1
AGAGTGCAAGCCATAGTATAGACAAATGTT	0	0	0			0	34.12642324	0	55
AGAGTGGATAGAATGCGAGCTTTTCGAATC	0	0	0			0	6.825284649	0	4
AGAGTGGTATCATAGCGGCAGGGGCGTTAA	0	0	9.489082969			0	0	0	29
AGAGTGTGAGATCATTCTTTGGTCGTGTAA	0	0	18.97816594			0	10.23792697	0	9
AGAGTTGATAGTCGGCGGCGTCGTGATCTG	0	2.645966514	0			0	0	0	2
AGAGTTGTTCGCAAGGGGCACGCGGGTATG	0	0	0			0	40.95170789	0	18
AGATAAGAACCATGCTGCCCGGTGAGCTCT	0	0	0			0	696.1790342	0	608
AGATAAGCATTTTATCCGTATGAATATACG	12.982823	71.44109589	0			0	0	0	1
AGATAATCTTAGCTTGTTTGGTTCACTGGA	6.491411501	0	0			0	0	0	20
AGATAATGAACGCTGGGGCCGGGGGGTGAG	0	0	0			0	174.0447585	0	20
AGATACGATTAGCAAATTCATGTGCTCAAC	0	0	0			4.162835249	0	0	10
AGATAGTAACATAAAGTTCTTAAAGGATTG	0	2.645966514	0			0	3.412642324	0	13
AGATAGTTACGGATCAGGGCATAGATGAGA	0	0	0			131.1293103	0	0	3701
AGATATGGATAGCGGGAGATCAATTCCGCG	27.2639283	23.81369863	22.1411936			0	0	0	12
AGATATGGATTTCATGCCTGTGACTTGCTA	64.91411501	39.68949772	0			0	0	0	5
AGATCAAGAGCGCAAACGACGGTCACGACT	0	0	0			0	3.412642324	0	20
AGATCAGTAGTCCTAAACGGGCCAAACGAC	0	0	0			66.60536398	0	0	137
AGATCCGAATAGATTTTGTCTATATTATAG	0	0	0			0	13.6505693	0	3
AGATCGAGTACTTCTTAGGCCGAGAAAAAG	5.193129201	2.645966514	0			0	3.412642324	0	18
AGATCGAGTATTCAGTGTGGGTAGAGGGTA	0	0	0			4.162835249	98.9666274	0	1
AGATCGATTTCTTCAATAGTTTCTTGTTTT	0	0	0			0	3.412642324	0	53
AGATCTCAAATAAAGGGATTATACGCGCAG	0	0	0			0	13.6505693	0	9
AGATCTGGTAGAGGTCGTGATTTGCAGTTC	0	0	0			0	5804.904594	0	1668
AGATGAGAAGTAGGAGGGATGGGCCCCGAT	0	153.4660578	0			0	44.36435022	0	5
AGATGCGTTTGTACTGTTTGGGTAGAGGAT	0	0	0			16.651341	0	0	1017
AGATGCTCTTATGTGGGCGGGAGCGTTGGT	0	0	3.163027656			0	0	0	1
AGATGGAAAAAGCAAGAAAGTTCTATGTAG	0	0	0			0	71.66548881	0	1
AGATGGAATTGTTGCGAACAGCCTCGCGCT	0	0	0			6.244252874	20.47585395	0	235
AGATGGGGTCGGGGAGGCTCTCGGGAGGAG	0	0	0			0	13.6505693	0	3
AGATGGGTTTCTCACAGGAAGGGCAAAGGT	0	0	0			0	6.825284649	0	2
AGATGGTATATATAAGCTAGATAAGGTAGG	0	2.645966514	0			0	30.71378092	0	20
AGATGGTGAAGTGACCGACCTGAGGGTACG	0	0	0			0	3.412642324	0	1
AGATGGTTATCATATATATGGCAGTCAAGT	0	0	0			151.9434866	174.0447585	0	1039
AGATGTAGTGGCAGAATGTGCGCACGGTGA	0	0	0			0	95.55398508	0	401
AGATTAAATGTCATTGCTAGCTGGGGTGTA	0	0	0			4.162835249	0	0	2
AGATTAGAAAGGGGGTACCTTCGTGCTGGT	0	0	0			0	102.3792697	0	1024
AGATTAGGTCACCCCGTTCCTAATGCGTAG	0	26.45966514	0			0	0	0	32
AGATTCAGTATAGGTTGACTATTTGAGCGC	0	0	0			0	47.77699254	0	63
AGATTCCAAAAAATTGTGGTCCCACAAGAG	0	0	0			145.6992337	0	0	6
AGATTCTGTGCCGGGTATATGTGTTGAGAG	0	10.58386606	0			0	0	0	2
AGATTGTGTGGAAGCTGGCGGTCAGCGGGC	0	0	0			4.162835249	112.6171967	0	27
AGATTTGTAAAGGAGGGGGCTAGGGGTATG	0	0	0			0	385.6285826	0	257
AGATTTTTAATGGCTGAGATGCATAGCTTT	0	0	0			0	10.23792697	0	22
AGCAAAAGTGAGGTTAAAGGCAAGTCAGTC	2.5965646	0	0			0	0	0	16
AGCAAATTTCGGGTAAAAGTATAGACGGCT	0	0	0			0	6.825284649	0	38
AGCAACAGTGGCTACTTCTGTCGGCTTCCC	0	0	0			0	3.412642324	0	1
AGCAATGTTATAGTATAGGTCGTATTGGTG	0	10.58386606	521.8995633			0	13.6505693	0	1133
AGCACCGGATGGTGGTTCAATGCCGGCGTG	0	0	3.163027656			0	0	0	1
AGCACGTGTGGTATAGAAGCGTTGTGGTCA	0	0	0			0	17.06321162	0	409
AGCACTGCTTGAAAACTTCACTGAGGAGGA	0	0	0			0	116.029839	0	112
AGCAGACTAGACCATTTCGAACGTTTCGAG	0	0	0			8.325670498	150.1562623	0	65
AGCAGAGGAGGGAGCGGAAGGATGAGGGGG	0	0	0			0	13.6505693	0	2
AGCAGATATTATATCGTAGAGTAGTTTCTT	0	0	0			0	3.412642324	0	1
AGCAGCAGATTCTCGGCGTTATTTGAAGCG	0	0	0			0	13.6505693	0	37
AGCAGCTAAGACGGCGGTACGTGCAAGCAT	0	0	0			12.48850575	17.06321162	0	28
AGCAGGCAAGGAAGCAGTTTGCTGTAAATA	0	0	0			0	3.412642324	0	5
AGCAGGCTTGTTAGTTATTGTGTTTGTGTT	0	29.10563166	44.28238719			0	3.412642324	0	556
AGCAGGGATGCTGTGTAAACGCTGTACTGA	0	0	0			0	17.06321162	0	1
AGCAGGGCTCAGTCCTTCATTTAGGAAACT	0	0	0			6.244252874	44.36435022	0	9
AGCAGGGTTATGATAATTCAATGCCCAGGT	0	0	0			0	40.95170789	0	2
AGCAGGTTACTTGTTCTTAACCGCAGTTGG	3.894846901	0	0			0	0	0	4
AGCATATATTGGAGGCCTCATTGTCGCTAG	0	0	0			0	6.825284649	0	63
AGCATATGTGAGAGGACGTGTGAGGTTAGA	0	0	72.7496361			0	27.30113859	0	23
AGCATCAATTTCGGAGGTCATAGACTATCT	0	0	300.4876274			0	0	0	1272
AGCATCTGTGTGGGTGAGTCGGGATGGGGG	0	0	0			0	13.6505693	0	3
AGCATGTATGTGCGTTAATATTAATTACCA	0	0	22.1411936			0	47.77699254	0	1270
AGCATGTTTCTTCGAGTATGCTGGTGAACT	311.5877521	1063.678539	50.6084425			0	167.2194739	0	472
AGCATTCGTTTATGCTAAAACATGCTATTC	0	0	0			0	10.23792697	0	3
AGCATTGATATAATATATTGTGGGTCTGTT	0	0	0			0	6.825284649	0	1
AGCATTGATTAAGAATGGCGGACGTGAGCA	0	0	0			49.95402299	0	0	217
AGCATTGCTAACATACGCTGTCGAGTGAAT	0	0	0			43.70977011	0	0	21
AGCATTTATCTGCTTCGAGATATCGGGTAC	254.4633308	272.534551	0			0	0	0	1060
AGCATTTTACCTGTCATTGTAAGGTACCTA	0	7.937899543	3.163027656			0	0	0	1
AGCCAAATTCCAGTTAACTGGGGACTGGCG	0	0	31.63027656			0	64.84020416	0	2585
AGCCAATTAGGTCAAGCATTAGCTGGGCTT	0	0	15.81513828			0	0	0	2
AGCCAGAGTTGGGCGGGGGGTACATTTTCG	18.1759522	0	0			0	0	0	1
AGCCCAATTTTTAACTTTAACAGGTTTGAG	0	0	0			0	10.23792697	0	1
AGCCCAGAATCTAGTCTGGGCCCTCTTAGT	0	124.3604262	0			0	34.12642324	0	106
AGCCCAGGATGTGTGTAAATAGTGCTTCAG	0	0	0			58.27969349	2242.106007	0	596
AGCCCAGGTGGGCGGGCAGCCGGGTTGAGC	0	0	0			0	10.23792697	0	36
AGCCCCGTTGATGAGGCCTCGTGCAACGGT	0	0	0			0	208.1711818	0	16
AGCCCGGGTTTAAGTTTCGTAGCTAATAGT	0	0	0			0	37.53906557	0	15
AGCCCGGGTTTGGCGAGGGCGAGGTGTGGG	0	0	0			0	6.825284649	0	15
AGCCCTAAAGTCCTTGGATCGAGACAGCAC	0	0	0			8.325670498	136.505693	0	802
AGCCCTCGATGCTGGGTCCGGTTGGGGTAA	0	0	0			0	40.95170789	0	25
AGCCGACCTACGGAGTATGTTCGGGGTAGT	0	0	0			0	17.06321162	0	10
AGCCGATAAAGTGTAACGGGTATCGGACTT	15.5793876	52.91933029	0			0	0	0	50
AGCCGATTTCATGACTGGGTCCTGTGGACA	0	0	0			20.81417625	0	0	159
AGCCGCGATGCAGCTCGAAGGGGTCTTGCA	0	0	22.1411936			0	10.23792697	0	9
AGCCGGCCTTGTGTGGACTTTGTCGGGCGA	2.5965646	0	0			0	0	0	1
AGCCGGGATGAGGACAACACGCTGTTTAAT	0	0	366.9112082			0	1040.855909	0	1327
AGCCGGGGAGATTGGAGGGGACGGGGGTCA	76.59865571	84.67092846	18.97816594			0	300.3125245	0	5
AGCCGTAATCGCATATTCGAATTTCAAGCA	0	0	0			2.081417625	0	0	4
AGCCGTATTTTTAGGTTAGGGCATGCTTGT	0	0	0			22.89559387	78.49077346	0	687
AGCCTACCTTCGATATGCAGCGCTTAAGTC	0	0	0			0	3.412642324	0	17
AGCCTCATACTTGGGGTTACGTTTGCTCAA	0	0	0			0	6.825284649	0	6
AGCCTCCGTGCCTGGCTCGAATACGACCCA	0	0	0			0	6.825284649	0	1
AGCCTCGGTTGGGGGACGGCGTCAAATGCT	0	0	0			18.73275862	92.14134276	0	25
AGCCTGAGTGTGCCGGGCATCAAACTAGGA	19.4742345	0	3.163027656			0	13.6505693	0	14
AGCCTGCATGCTCGTTCGTTCACTATGACT	0	0	0			0	133.0930506	0	3
AGCCTGGATTAATGATCTGGCAGGCTGAAG	0	0	0			0	27.30113859	0	84
AGCCTTGAAAAAATTCTACTTCTCGTATTC	0	0	0			0	3.412642324	0	3
AGCCTTGGACAATTGGCGGACAAAAGAATT	0	0	50.6084425			0	0	0	90
AGCCTTTTATCTGGGTGGCCAGTATAGAGG	0	0	0			0	6.825284649	0	9
AGCCTTTTATTATTGGTTATGGGAAGGGCC	0	0	0			0	6.825284649	0	50
AGCGACATTAGGGACACGTTAGCGTCGGGC	0	0	0			0	30.71378092	0	129
AGCGACCTTCGAGGTCGAGAGGTCAACGCG	18.1759522	142.8821918	436.4978166			0	245.7102473	0	13
AGCGAGATTCATACGGTAACTTGCGATGTG	0	0	0			0	6.825284649	0	1
AGCGAGCGTGGATCTTACGGTGAAACGTTA	0	0	0			0	30.71378092	0	567
AGCGAGGTTGGGTGGGGTGATGATTAATCC	0	0	0			8.325670498	0	0	3
AGCGATATTACCAGGGAAAGAGTTGTTATA	382.9932786	211.6773212	79.07569141			29.13984674	20.47585395	0	5
AGCGATGATGTGCTACGTGGGAAAGGCATG	0	0	0			0	3.412642324	0	20
AGCGATGGACACGCAGAAGCCATGGTCAAA	6.491411501	0	18.97816594			0	0	0	73
AGCGATGGTTGACGTCATTTGAGAGATAAG	0	0	0			8.325670498	0	0	1
AGCGATTCATGAAACGCGGGTTGTGTCGTA	0	0	0			0	54.60227719	0	3
AGCGCATGTTATAGAACGGTTATAAGGTAT	0	0	34.79330422			0	51.18963486	0	241
AGCGCCAGTGGGCTAGTGGGGTCGCGTTTT	0	158.7579909	28.46724891			0	6.825284649	0	1
AGCGCCTATACGACACTCTGAGTTCGTGGC	12.982823	18.5217656	3.163027656			0	3.412642324	0	6
AGCGCCTGAGATACTGGGGACTCAACGGGC	0	0	0			0	27.30113859	0	2
AGCGCGCTTGGGTGGATTGGACACAACGCA	0	0	28.46724891			0	0	0	3
AGCGGGCATTTCGTAGGGGAAACGGTTGAA	0	0	60.09752547			0	0	0	48
AGCGGGGCAGAACAAGCTTATTGTCGTAGA	0	0	0			49.95402299	494.833137	0	20
AGCGGGGGTTAGTCTTAATGCTTTTACGCA	9.087976102	26.45966514	15.81513828			2.081417625	10.23792697	0	20
AGCGGGTGATAGGGCATGGGTGGCGTGCGC	0	0	136.0101892			0	0	0	110
AGCGGTTGTGGTTGTACGGAGGTGAGGCTT	0	37.0435312	0			0	27.30113859	0	16
AGCGGTTGTTATTAAGTGCGGTGTGCCAGA	11.6845407	15.87579909	0			0	10.23792697	0	4
AGCGTAATTGCGTTCGTGAGTATCAGGGGA	0	0	0			3130.452107	1095.458186	0	8
AGCGTACTAGAAAAATACACTGCGAGTCCG	0	0	0			0	13.6505693	0	36
AGCGTAGTTAAATGGCGGGAGAAGGGGGCT	0	0	0			0	1317.279937	0	51
AGCGTCCGACCGACTCGGGACAAAAGCTAC	0	0	0			0	75.07813113	0	25
AGCGTCTGACCAGTGGCAATAAAAGTGATC	0	0	0			0	20.47585395	0	32
AGCGTCTGTCTACCCAACTACTGTGGAGTT	0	0	0			0	918.0007852	0	2394
AGCGTGCGTTGTCTTTAAGGAGTCAAAGCG	48.03644511	627.0940639	240.3901019			0	13.6505693	0	8
AGCGTGGATGGCTACTGGCAAGAGTGCGTG	25.965646	42.33546423	0			0	98.9666274	0	28
AGCGTGTAACTCGGAGAGATTGCCGCCGAC	0	0	0			0	214.9964664	0	406
AGCGTGTTTATGGTGAGATTGTTAATGCAA	0	0	0			0	27.30113859	0	122
AGCGTGTTTGGTCTTTGGAATGACATCGTA	0	0	0			0	6.825284649	0	82
AGCTAAAGAATCGCGTAGTACGAGTTACGG	0	0	0			0	5149.677267	0	2038
AGCTAAGTATGCAGAAGTATACGCGCGCTC	12.982823	7.937899543	0			0	3.412642324	0	5
AGCTAATCAGTGTCTGCGTTGAGTTTCGTT	0	0	0			0	64.84020416	0	30
AGCTACGTTCACAGATGTTTGTAGTTATAG	0	0	246.7161572			0	324.2010208	0	493
AGCTACTATTGGAAGTGGTAGGAGGCCTGG	0	0	6.326055313			0	0	0	4
AGCTACTCTGGCGAATTAGGGAGGGGTCGT	0	0	0			18.73275862	17.06321162	0	4
AGCTAGATTCCAACCCAGCGATTAGGCGTG	0	0	0			0	61.42756184	0	14
AGCTAGGATCCCAGTGACCGGGTATGAAAT	0	0	3.163027656			0	10.23792697	0	18
AGCTAGGCAGTTTCGTCTGTATGTCGCAAA	0	0	0			0	64.84020416	0	18
AGCTATCCTTCCCAGCATCGTGGGCTAGCC	0	0	0			0	139.9183353	0	218
AGCTATTATCGACCCGTGACAAAAAGGTTA	0	0	0			24.97701149	0	0	7
AGCTATTGTGCCTAGTGGTTAAAGGCTGTT	0	0	0			0	44.36435022	0	86
AGCTATTTAATATACTCGGATGAACTGGTA	0	0	0			0	3.412642324	0	10
AGCTCAGCAACTCTAAGGAGAGGGGCCAAA	0	0	0			6.244252874	0	0	163
AGCTCATGTCGCTGGTGTACACACGTCGCG	37.65018671	34.39756469	53.77147016			0	10.23792697	0	1
AGCTCATGTTATAATTCTTATCTGGCATAT	0	0	0			22.89559387	0	0	2
AGCTCATGTTTGATTTTTAAAGCTCGGGTT	0	0	0			0	71.66548881	0	87
AGCTCATTAATATATTGGCGAGGGGGTCCA	0	0	0			0	3.412642324	0	2
AGCTCGGCTCTTTAATGTACGGTGCCAATA	0	0	0			0	10.23792697	0	7
AGCTCGTCACGAGAGCTGGCACTGACTAAC	18.1759522	179.925723	18.97816594			0	23.88849627	0	26
AGCTCTAAAAGATTATTGGAGTTTGGGACT	0	0	0			0	47.77699254	0	15
AGCTCTAGTATTATTACCGTTCGCGCTCAG	14.2811053	5.291933029	3.163027656			12.48850575	716.6548881	0	3
AGCTGAAGTTGTCGGGCTTACAACGTTTCC	0	2.645966514	1274.700146			0	532.3722026	0	2671
AGCTGAGATCCTGTATATACCGGGTATAGA	0	0	75.91266376			0	2573.132313	0	3851
AGCTGCAGAGGGTCCCCGTTAGATGGCGGT	1.2982823	0	0			0	27.30113859	0	7
AGCTGCAGTTCTCTAGAGATCTAGGAGACG	0	0	0			0	71.66548881	0	92
AGCTGCTGTGTCTGTGCAGTGATCTACTGC	12.982823	5.291933029	15.81513828			0	10.23792697	0	3
AGCTGCTTACCCGGATCAGTCGATAGGGCT	0	0	0			0	13.6505693	0	26
AGCTGGATAACAAGTGTTATCAACGGGTGG	0	0	0			0	10.23792697	0	10
AGCTGGGCACCAGGAGGTTGCGCCAGTTGA	0	0	3.163027656			0	0	0	3
AGCTGGGGAGTGCGGGTGCTTCAGCAGGTG	0	0	0			0	3.412642324	0	1
AGCTGGGGTATGGTGTTGCGTTGGGATTGG	0	0	0			0	6.825284649	0	39
AGCTGGTGTCTTATCAGCGGGATCTCGGCC	0	5.291933029	0			0	0	0	14
AGCTGGTTAGAAAATATGTGCTAGCACAGC	0	31.75159817	0			0	0	0	36
AGCTGTATTTAATACTGGGCTACCCGGCTG	0	0	0			0	3.412642324	0	1506
AGCTGTGTTAAAGGTCCAACGAGGATAGGT	0	2.645966514	37.95633188			0	40.95170789	0	1
AGCTGTTAAACACTGAGTTGCTATCCCGAG	0	58.21126332	0			0	0	0	117
AGCTTAATAATGGGCCGTCAGTGAGGGGTT	0	619.1561644	0			0	1419.659207	0	2031
AGCTTAGTTTAGACACCGTGGATGGACCGC	0	79.37899543	0			0	75.07813113	0	203
AGCTTGCCTGGCGTGGAGATCAAGAGTATT	0	0	0			18.73275862	10.23792697	0	99
AGCTTGCGTAGAGTTATCTATGCTTGCGCT	0	0	0			0	37.53906557	0	471
AGCTTGGTTGACGTTAGTACGACATTAGTA	0	0	6.326055313			0	0	0	14
AGCTTGTTAGATTGGGTTTTGCGTGCGTTC	0	0	0			22.89559387	98.9666274	0	112
AGCTTTTATTGTGTATGGTTCGCTGATGCT	0	5.291933029	0			0	10.23792697	0	21
AGCTTTTTTCAGTTCAGATGTTAGTTTTGA	0	0	0			0	13.6505693	0	35
AGGAACACACAGACACTACTGCTGTATGGA	0	15.87579909	0			0	3.412642324	0	5
AGGAACACTTCATGTTGACGACTACAGGCT	0	0	0			0	1105.696113	0	22
AGGAACACTTGAGGGTTCGCTAGCATCACT	260.9547423	381.0191781	113.8689956			0	986.2536317	0	1278
AGGAAGGCTTGTTCATTTTGTCCAGTCCTG	0	0	0			0	13.6505693	0	17
AGGAAGTAAGGGATATCTAGGGCTGGCTTG	0	0	0			0	10.23792697	0	4
AGGAAGTCTTCGGCCTGAGAAGCGCCAGAG	0	0	0			20.81417625	40.95170789	0	20
AGGAATGGTCAGTTAGTGTGGAGCGATCCG	0	0	154.9883552			203.9789272	61.42756184	0	1859
AGGACAAAATGGTGTCCACGTGGATGGCTT	0	0	0			0	160.3941892	0	18
AGGACCCGTATACAGTGCAGCTCCCCCATG	10.3862584	296.3482496	3.163027656			0	0	0	1
AGGACGACAAGATAGGGCGCCTATTGACCG	0	0	0			0	64.84020416	0	2
AGGACGATTTTTTCAGGCTGTAGTGTTCGG	0	0	6.326055313			0	0	0	1
AGGACGGTAAGACACTTGTGTTGGAGTCCA	0	0	9.489082969			0	0	0	36
AGGACGTTTATATTGCGTTCAGACAGCAGG	1911.071546	603.2803653	461.8020378			168.5948276	23.88849627	0	12
AGGACTTCTACATGTTGTGCTAATTTGTCT	0	0	0			0	23.88849627	0	2
AGGACTTGAATGCCACTAGAAACTGCTGGC	0	0	3.163027656			0	3.412642324	0	4
AGGAGAAAAGCGTCAATGGGGGTATGGCGA	10.3862584	0	0			33.30268199	0	0	1212
AGGAGACCAGGGATGGAGACACCACGCGAC	0	0	0			0	27.30113859	0	2
AGGAGACTAGAGCTCGGAAAAGACTTGGAG	0	0	0			10.40708812	252.535532	0	21
AGGAGATTAAGATGAATATGAGTCGGCAAT	0	0	3.163027656			18.73275862	532.3722026	0	389
AGGAGCCGTACAGTGCGTTGCCTTGGAAGG	0	0	0			0	75.07813113	0	27
AGGAGCCTTACTGCAAGTGCGTATGTTTCC	0	0	0			0	13.6505693	0	23
AGGAGCTATTGTGGGCGTTCGCTGCTGGTC	0	0	9.489082969			29.13984674	75.07813113	0	1070
AGGAGTTAATATCACAGGGAGTGTTTACAC	0	108.4846271	6.326055313			0	10.23792697	0	1
AGGATAAGTCGGCTAGGGCCAGAGCCGGGG	0	0	56.93449782			170.6762452	0	0	775
AGGATACAAGGCTTTATTGGGCTCAGAATT	0	89.96286149	0			0	27.30113859	0	1
AGGATCCTAATGAAGCAGCATGTCTGCAGG	0	0	0			0	10.23792697	0	46
AGGATGAATTTTAGGGAGCACAGCCTTGAT	0	0	0			0	153.5689046	0	125
AGGATGGAAATCTTAAGGCCTTTTTCAGAA	0	0	0			0	238.8849627	0	2550
AGGATGGGTTGTATATGGCTGTACGAGGAA	0	0	0			0	13.6505693	0	13
AGGATTAGACACCGATCAGTTAAGAACGGG	0	0	0			0	17.06321162	0	31
AGGATTGATGTCTGATCTTCCTGGGTTGAA	0	0	0			0	6.825284649	0	1
AGGATTGCTATGGCCCCTAAGAGGCATACT	0	0	0			0	6.825284649	0	11
AGGCAACGTCAGCATTTGTAAATTAGCTGG	0	0	3.163027656			0	34.12642324	0	5
AGGCACATAGGATTGATTAAATCCGTGGTG	0	0	0			0	614.2756184	0	5
AGGCAGACAGTTGGGCGGGGTTCGTTCTTC	0	0	0			0	51.18963486	0	23
AGGCAGACTTAGTCAGGCGAATGTAGGCAA	18.1759522	10.58386606	3.163027656			0	0	0	16
AGGCAGGATTGAGTGCCTCGTATTAGACCA	0	0	0			70.76819923	0	0	83
AGGCAGGCTAAATTGTAGGAAGTGGAAGAA	0	0	0			0	58.01491951	0	65
AGGCAGGTAGAGCTCTGCCTTTGGCGGATG	0	0	6.326055313			0	0	0	4
AGGCAGTCAAATAGCATGTAGTCGTGTTAT	0	0	0			0	17.06321162	0	7
AGGCAGTGAGAATGTGGGCCTCAGTGTGGT	0	0	0			0	10.23792697	0	28
AGGCATAGTCGTTCAGTTAAGGTCGGTGCA	0	0	0			0	17.06321162	0	4
AGGCATGTTAGAATACGGCAGCAGGGGCGG	0	0	0			0	726.8928151	0	149
AGGCCGCTACCTGGTAAGTGGTTCGGGGCA	0	0	22.1411936			6.244252874	71.66548881	0	14
AGGCCGGAACAGGAAGAGTAATCCTCAGAC	0	0	0			0	3.412642324	0	2
AGGCCTGCTGTATATCCCTGTACAAGGGCT	0	0	0			0	27.30113859	0	291
AGGCGAGAAGCTTGGAAGTTCGAGGCATAA	0	0	0			0	13.6505693	0	48
AGGCGAGAAGTGGTAGGAAATGCTGTTCGT	0	0	0			8.325670498	6.825284649	0	10
AGGCGAGAATTAGATAGGACCGGTGAGGCA	0	10.58386606	0			0	3.412642324	0	3
AGGCGAGGAGACGGGATTTCCTTGATGTAT	0	0	0			0	262.773459	0	417
AGGCGATTAGCACGATAACGGGTTATCTCT	0	52.91933029	0			0	0	0	1
AGGCGGATAATGTGATGAGCGTGGGACCTA	1071.082898	336.0377473	0			0	51.18963486	0	1626
AGGCGGCGTGCGGTGGGCAGCGGGTATAAA	0	0	0			0	37.53906557	0	1
AGGCGGTAAACAGAAGTTCAGCGGCATGGC	0	0	180.2925764			0	3.412642324	0	69
AGGCGTGTTATGCTAGTTCTGACGCGGATG	88.28319642	158.7579909	139.1732169			0	0	0	103
AGGCGTGTTCGGAGCTGGTTGAGAGTTCAA	0	0	0			0	3.412642324	0	1
AGGCTACGATACGACTATTAAAAACATCCT	0	0	0			0	211.5838241	0	204
AGGCTAGGTCCCTAGAGCAGCAAGCATCCT	0	0	0			0	20.47585395	0	28
AGGCTAGGTTAACCGGAATCAGTTAGTGTA	0	0	0			0	17.06321162	0	2
AGGCTATATAGTAGCCAGAGTTCCCGGATG	11.6845407	71.44109589	9.489082969			0	13.6505693	0	44
AGGCTATCAGAGAGTGAGTTTCCAAATTAA	0	2.645966514	0			0	0	0	1
AGGCTCTTTGATTGGACGCTTATTCCTTTG	3.894846901	0	0			0	3.412642324	0	1
AGGCTGGGAGAGATCTGCTCGTCGAATCGA	0	0	0			0	3.412642324	0	4
AGGCTTCTACGGAGCTAAAGGGGGCTGGGT	0	0	0			0	484.5952101	0	106
AGGCTTGGAGGCCAGATATGGAATGGCGAG	0	0	0			0	47.77699254	0	1
AGGCTTTTTCGTTGCGACGTAAGGACGTTA	0	0	0			0	10.23792697	0	5
AGGGAAGGTTTCGTGCGGGGGCGGGGTTAG	0	0	6.326055313			0	0	0	5
AGGGAATTAGGATCGGTGGGCTCTCTGCGT	231.0942494	1045.156773	294.1615721			0	242.297605	0	400
AGGGAATTTAATGATGCTGTGAGGCTAATT	0	0	0			0	10.23792697	0	9
AGGGACGTACGGCTGGATGAAGAGCAGGTG	0	5.291933029	0			0	13.6505693	0	8
AGGGACGTTCCTAAGGGGGGCCGGATAGGG	0	0	0			0	10.23792697	0	3
AGGGAGGTACAGGAACATATTGTTATGGGC	0	0	3.163027656			0	6.825284649	0	4
AGGGAGTGTGGGGGTGGGGCGTGGGGACGT	0	0	0			4.162835249	0	0	19
AGGGAGTTACAGTAGGGCAATTGCAGGCGC	0	0	0			0	13.6505693	0	6
AGGGATGTTTTGAGCTCTGTGAAGAGGTAG	0	0	0			0	6.825284649	0	8
AGGGCAGAAGTCTCTCTTGGAAAATTAGAA	0	0	28.46724891			0	0	0	25
AGGGCAGGAAGACTTTTGCGGGTGCAGACG	0	0	0			0	10.23792697	0	37
AGGGCAGTTGGAGCGTCCGGTTAAGGCTGG	0	0	0			0	1808.700432	0	371
AGGGCCCGTAGTTGTTGGACTGGGTTCATC	0	0	0			8.325670498	0	0	5
AGGGCCGGTATGAATGCGTTCGGTAATTCG	62.31755041	103.1926941	0			0	0	0	77
AGGGCCTGTGACCAAAGTAGGGGGTGGTGT	0	0	0			0	3.412642324	0	33
AGGGCGTATGTTAGAGAAGGTGGACAATGC	0	0	0			0	3.412642324	0	9
AGGGGAAATCGGTCGGAAAGCGGTAAAAAT	0	0	0			0	3.412642324	0	3
AGGGGAATTGATGTGATTGTGGAGGGACAG	0	0	31.63027656			0	0	0	120
AGGGGACAAACGTTCATCGGTGTCTTAAAT	0	0	0			0	484.5952101	0	26
AGGGGACGTGGTAGCTTGCTGACCATTAGC	0	0	0			24.97701149	0	0	10
AGGGGAGATCTCTTACCTCGGCCATGAAAT	0	0	6.326055313			0	0	0	77
AGGGGAGGAGAGGCTTCGCCCTGTATTTTG	128.5299477	179.925723	0			0	0	0	298
AGGGGATCACGAGATCCGAAACACGTCTTA	0	0	47.44541485			0	0	0	6
AGGGGCATTATGTTCATACACCCATTGAGC	0	0	0			0	3.412642324	0	2
AGGGGCATTTGAGTGGGTGACTCCGGTTGC	0	0	0			0	44.36435022	0	114
AGGGGCGCTGGCCCTAGTGGCACCCAGAGC	0	0	0			66.60536398	0	0	48
AGGGGCTGACGCGCCGACACGTGGGCCGGG	70.10724421	177.2797565	196.1077147			0	3.412642324	0	34
AGGGGGATACAGGACAACTAATGACTCCCC	0	0	0			0	51.18963486	0	39
AGGGGGCAAATCCCATGGTCACGTGGGGCA	0	0	0			0	416.3423636	0	42
AGGGGGCAAGAACATCATTCAAATCGACAC	0	0	0			0	962.3651355	0	648
AGGGGGCTAAACTTAAGGGACGTGGGGGCA	0	0	110.705968			0	0	0	627
AGGGGGGGAGCTATGGTAGGTTTTTTTAGT	0	0	28.46724891			0	0	0	159
AGGGGGGGTTTGAGACGCCTTGCCAGGGAC	0	0	0			8.325670498	3.412642324	0	2
AGGGGGGTTGTGTTGTAAGGGGTGCAAGAC	0	0	0			0	85.31605811	0	544
AGGGGGGTTGTTAGCCAGATTTTTATTAAT	5.193129201	2.645966514	0			0	0	0	4
AGGGGGTATGACGCGTCGTAGCGCCGGGCG	0	0	0			0	10.23792697	0	17
AGGGGGTTAGGGGGACAGTGTCGTTATGGG	0	0	0			0	13.6505693	0	11
AGGGGTATAATTTGCCCGTGTTGATACTTC	0	0	0			0	3.412642324	0	1
AGGGGTCTATGAGCGGCGAGGTCATGGGAT	49.33472741	277.826484	344.7700146			193.5718391	539.1974872	0	515
AGGGGTGCACGGTGGCTTGCATAATATCCG	0	10.58386606	3.163027656			0	0	0	8
AGGGGTGGTAGCTGTTAGGAGCGTATACGA	0	0	0			0	54.60227719	0	131
AGGGGTGTATCGGCAAAGGAGGGGTGCGCT	0	0	63.26055313			41.62835249	37.53906557	0	2
AGGGGTTGTGAGAGAGCTATGCAGGGTATC	0	0	0			0	6.825284649	0	1
AGGGGTTGTTTGCCGGGGTAGGGGGTGGAT	0	0	0			0	68.25284649	0	175
AGGGTAAAACTTAGATTCTAACGAGGAACC	0	0	12.65211063			0	58.01491951	0	11
AGGGTAACTCGGGGGATTTTAGTGAGACGG	0	2.645966514	0			0	0	0	1
AGGGTAATTTCTGCGTTGACGGTGTGCATA	58.42270351	37.0435312	0			0	85.31605811	0	771
AGGGTAGATGTGAGACACCCTGACACCGAC	0	0	0			0	3.412642324	0	6
AGGGTAGGTAACTAAAATATTATAGCCAAT	0	0	0			0	23.88849627	0	6
AGGGTATGAGAGCGGGGGTTTTGTGGATCT	0	0	9.489082969			0	0	0	37
AGGGTCCGAGATTTAGTTAAGGTATTCGTG	0	50.27336377	0			0	85.31605811	0	57
AGGGTCTATCGTTGTTTGTTATAAAGTTTG	0	0	0			0	58.01491951	0	439
AGGGTGAATGAGAGGCTGGATCAGTACAAT	7.789693801	0	9.489082969			0	0	0	2
AGGGTGCATCGTTTTGAAGAGGGCGTATAT	0	0	0			0	17.06321162	0	1
AGGGTGGCAACTGGGCCGACGAGATCGGGG	0	0	0			0	252.535532	0	60
AGGGTGGTTTCCTTCGGCGACGAGACATAT	10.3862584	21.16773212	34.79330422			0	88.72870043	0	1
AGGGTGTCTGGGAGTGTGAGGCGACAATAT	0	0	0			0	3.412642324	0	5
AGGGTTTATTACATGCCGTTGGGATCTGGT	0	0	25.30422125			0	0	0	235
AGGTAATCACAGGGGTCTCAGAGTAAGAGA	0	0	0			0	10.23792697	0	25
AGGTAATTAGGCACGTAAGTTTCCCTATGC	0	0	82.23871907			0	40.95170789	0	3
AGGTACACTTGGCGGGTCTGGCGGGGGCAG	0	0	0			0	436.8182175	0	416
AGGTACATACTAGGGGTACAGCGAAGCCAG	0	0	0			0	20.47585395	0	18
AGGTACGTATATAAAACGATGCTTCGCATT	0	0	0			2.081417625	0	0	33
AGGTACTGAACAGCCGAATCCTCGTGGTGA	0	0	0			0	71.66548881	0	2
AGGTAGTAACCATGAAGGTCATGCGGGGGA	7.789693801	26.45966514	41.11935953			0	58.01491951	0	15
AGGTATTAATGGGCGGCCTCCGACGGTTCG	0	0	0			0	10.23792697	0	21
AGGTATTAATTACTTGAGCTATAAGCTGCC	0	0	0			0	17.06321162	0	12
AGGTCAATAACACTCTCAGTCAAAGGTCAG	0	0	0			0	17.06321162	0	43
AGGTCCGGTATCCATCAGATGAGGCCAATG	0	0	0			74.93103448	6.825284649	0	6
AGGTCGGGAGCTGGTTAACGAGTAAGGGGC	0	0	0			18.73275862	0	0	16
AGGTCTAGTAGTCGAGACTGGTCATACCTT	0	0	0			0	17.06321162	0	5
AGGTCTCTAGAGTCGGCGTGTCCTCACAGA	0	0	50.6084425			0	0	0	9
AGGTCTTATTCCATAGTAACATGGCTAAAG	0	0	0			6.244252874	81.90341578	0	57
AGGTCTTGTGCACGATAGCGTCATGTAGGT	0	0	0			0	3.412642324	0	14
AGGTCTTGTGCGCCCGTGTAGCGGTGCGGA	0	0	0			0	27.30113859	0	46
AGGTGAGAATAGCAATAACATACGAGTGCA	0	0	0			0	30.71378092	0	11
AGGTGAGGTGCGCCAGTTAATAATGGTGGG	0	0	0			0	3.412642324	0	3
AGGTGAGTACAAATAGGGTCTCGAGCGGGA	0	0	0			0	13.6505693	0	3
AGGTGCGATGACGAGAGTGTTGTTTATGAG	0	0	0			70.76819923	88.72870043	0	343
AGGTGCGGAAAGGAGAAAGCTTGACGCAGG	0	0	0			0	119.4424814	0	5
AGGTGCTGAAAAGCTCATTAAGTACTGAGC	0	0	0			0	10.23792697	0	5
AGGTGCTTTAAGTACATGAACCGCTAGGCG	0	0	0			0	699.5916765	0	688
AGGTGGGGACCAATTGTATTTTCTTGCTTC	0	0	0			20.81417625	0	0	20
AGGTGGTGTATGGCAAGTATCAATCGCTTG	0	0	0			0	58.01491951	0	55
AGGTGTGCTCTCCACGCCGGCGGTCGAGGT	175.2681105	82.02496195	15.81513828			2.081417625	88.72870043	0	1
AGGTTAAGATGGTTTCGGTCGTCGGGGATA	0	0	0			0	47.77699254	0	339
AGGTTAAGATTACAGGACGTAGACGGTTGT	0	0	0			0	10.23792697	0	4
AGGTTCCGAAATCGGGATTATCTCATTGAG	0	0	0			0	30.71378092	0	3
AGGTTGAGAAGCAACATATTAGAGTTATGA	0	0	0			786.7758621	6.825284649	0	1917
AGGTTGATTGTTCAGTTGTTGGATAAACTG	0	0	0			10.40708812	27.30113859	0	38
AGGTTGGCTCCGCAGAATACGGGTGTTTGG	2.5965646	0	0			0	0	0	165
AGGTTGGTATGTATAGATTAGCTCCGATAT	0	0	0			1998.16092	71.66548881	0	479
AGGTTGTAAGGCGAGGGTGTCACTGATACC	7.789693801	31.75159817	0			0	17.06321162	0	1
AGGTTGTCACAAAATTTAACTCTTTAATCC	0	0	0			0	136.505693	0	339
AGGTTTAGTTTGTATGGAACGGGGCAGAGT	0	0	0			0	40.95170789	0	3
AGGTTTGAACGTGGCTCAGAGGTGGGGCAG	0	0	0			0	3.412642324	0	2
AGTAAAAATCACTGTGTCGCCAGATGCTCA	0	21.16773212	0			0	191.1079702	0	48
AGTAAATATACCGTGCGTCTATCTTAAGTA	0	66.14916286	0			0	27.30113859	0	49
AGTAAATTTACGTCGGGGGTATTTGAGCTA	0	10.58386606	0			0	20.47585395	0	1
AGTAACTTTTTCACTTAAATTGTTATTCAC	888.0250934	957.8398782	75.91266376			0	156.9815469	0	209
AGTAAGTGACCCAAACGAATGCCAGGCAGC	0	0	0			0	17.06321162	0	12
AGTAATATAGGATTGGGGGTACTCTGATGC	0	0	18.97816594			0	0	0	88
AGTAATGATTGCCGGTAGACATCACTTGAC	0	0	0			0	34.12642324	0	123
AGTAATGGAGTAGACCGGAGCGAAGTTGGC	0	0	0			0	6.825284649	0	2
AGTAATGTATTGGTTCACGTACGCGTTGAA	0	0	0			0	3.412642324	0	7
AGTACAGATTCGTTCCGTGTGTCTTTTTCA	0	0	0			0	37.53906557	0	27
AGTACCCATCCGCTGGATGTATAAAAGTAG	0	5.291933029	0			0	0	0	5
AGTACCTCTCCACCGGGGCGCTATTGGGGA	0	0	0			12.48850575	0	0	1
AGTACGATAGTAGAATCTTGTGGCAAGGCT	0	0	0			0	68.25284649	0	14
AGTACTTTTCGCAGAAAAAGTGATTATATA	7.789693801	0	0			0	0	0	1
AGTAGAGTAAAAGGGGTGCGGTAACCCAAT	0	0	0			0	20.47585395	0	3
AGTAGCAATAGTAAGCGCGACTTCGGTTTA	0	0	0			0	627.9261877	0	170
AGTAGCGCATCGTAGGCGCATTACTTTTTA	0	0	0			0	10.23792697	0	5
AGTAGGCGAAGGTCGGTAGAAGTCTTGTTC	0	7.937899543	0			0	17.06321162	0	30
AGTAGGCTTCCGATCCTGGTTAGATCTATA	0	0	0			0	6.825284649	0	13
AGTAGGGAAGTGAGCCGTGCGACAGGTAGG	0	0	0			0	3.412642324	0	2
AGTAGTAAAGTTGTAGACTAGGAGTTGTTT	0	0	3.163027656			0	0	0	33
AGTAGTTCATGTGGTTTCGCTGTGTCAGAC	0	84.67092846	0			0	276.4240283	0	5
AGTAGTTGTTCTTCTGTCGATGCTAAAGGA	15.5793876	44.98143075	15.81513828			14.56992337	0	0	6
AGTAGTTTTCAATAAGCAAGTTATTACCTG	0	0	0			0	10.23792697	0	7
AGTATAAGTGGATTTCCCCGCCGTGGTGAA	0	0	0			41.62835249	0	0	64
AGTATAGTACTCTTGGAATGTGGTCGGACA	11.6845407	0	0			0	6.825284649	0	1
AGTATCAAAGTCCGTCGAGTAATTCGTATG	0	0	0			22.89559387	0	0	471
AGTATGATTATCTGCTGGTGCGATGGTCGG	0	13.22983257	6.326055313			0	10.23792697	0	1
AGTATGCTTTAGTTTTGATCGGTAGAGACC	0	0	0			145.6992337	0	0	14
AGTATGGATACCCCAGCTGTATGCAACCCG	0	0	0			0	163.8068316	0	102
AGTATGTCAGCAATCTAAGATTGACTCGTT	0	0	15.81513828			0	0	0	15
AGTATTAGATGCTCGTACGCATCTAAATTG	0	0	113.8689956			2.081417625	51.18963486	0	5
AGTATTATTGCTTTGGAAGTGAAAATCGAA	0	0	0			0	47.77699254	0	268
AGTATTCTAAGCGTGGTCGACTTCTGGAGG	0	0	0			6.244252874	3.412642324	0	3
AGTATTGTACTATGCGCGTTCATGAGGGCT	0	0	0			0	228.6470357	0	4
AGTCAAGCTTTTCCGTTGTCTGCTCCGGTA	0	0	0			0	20.47585395	0	6
AGTCAAGGTACGTGCATTAGCCTCGCCAGG	0	0	0			0	197.9332548	0	706
AGTCACAGATAGAGAATCAGCGTGCCCACT	0	0	0			0	204.7585395	0	450
AGTCACGGTCAGGCAGTGGTGGAAAGATGC	18.1759522	0	0			0	10.23792697	0	3
AGTCACTTTGCGGCCAAACCTTGCGACTAA	0	0	0			0	139.9183353	0	69
AGTCAGCCAAAGATAAATAACTTTGGGCTA	0	0	98.05385735			0	0	0	71
AGTCATTGTTACCCGGTGATGTTAAGAGCG	0	0	0			0	17.06321162	0	7
AGTCCACCTGTAGGTGATGATCACGGTTCG	0	0	0			0	20.47585395	0	1
AGTCCATAATTAGACCAAAAGAGGCAAGGA	0	0	0			0	153.5689046	0	678
AGTCCGCCGGCTCGCCTAATACGCGTCAGT	5.193129201	0	0			0	0	0	1
AGTCCTAATTGAAACACAACGTTTCCGTCT	12.982823	34.39756469	3.163027656			0	23.88849627	0	27
AGTCCTCATATTCGATCAGCTAACCTAACA	0	0	0			0	27.30113859	0	13
AGTCCTCGAGCCTCGGATATTGAGTCTTCG	0	0	0			0	30.71378092	0	49
AGTCCTCTACGTTTCCCCTCTAGCGTGACC	0	0	0			20.81417625	88.72870043	0	2
AGTCGCACTAATCTTACTGCTCCTGTTGGG	0	0	0			0	17.06321162	0	10
AGTCGCGGATATTAAGCTAACCATAGCAAT	0	0	0			0	3.412642324	0	3
AGTCGCGGTGCTGGCTATCACTATTCGTTC	0	0	0			0	3.412642324	0	36
AGTCGCTAAATAACTACCACCCGAGTAGAT	0	0	0			68.68678161	621.100903	0	500
AGTCGCTCAATACCTACCACCCGAGTCGAT	0	0	0			0	3.412642324	0	1
AGTCGCTGATTGAAATAGGCCCGCCCGTGC	0	0	0			0	150.1562623	0	60
AGTCGGAATTATTGAACCAGAGGCTTGCGT	0	0	0			0	6.825284649	0	63
AGTCGGCCTCTGTGATAGTTGCAGGACAGT	0	74.0870624	75.91266376			0	13.6505693	0	3
AGTCGGGGTGACCGTCGGGCGTGACGCTAA	0	0	6.326055313			0	3.412642324	0	1
AGTCGGGTTAATGGGATTACGGGCAGTGGA	0	0	0			0	136.505693	0	21
AGTCGTAGAGCTCGACCGCTCGATGGCTTG	0	0	12.65211063			0	0	0	6
AGTCTCAGTTGCAAACCTGCATTCGGATGG	0	0	0			0	228.6470357	0	131
AGTCTCCTATAGACTCTTTTGGGAATCCTG	0	5.291933029	0			0	1603.941892	0	430
AGTCTCGGTAGGACATGAACGCCCATAAGG	0	0	0			29.13984674	0	0	20
AGTCTGCGACCGGGTAAGGTTCACGAGTTA	0	10.58386606	0			0	13.6505693	0	51
AGTCTGGGATGCCCGTGTTGTTCGAGGTGG	28.5622106	15.87579909	0			0	0	0	34
AGTCTGTTTGCAACGCCGGTTTACCTAGAA	14.2811053	7.937899543	170.8034934			0	0	0	11
AGTCTTACTGTATCTAATTTGCGTGACGGT	0	119.0684932	142.3362445			0	51.18963486	0	56
AGTCTTGGATATATGTATTAGGTTGCATGT	70.10724421	52.91933029	0			0	3.412642324	0	8
AGTCTTGTTTATGGTGGTGGCCTAGCCCTG	0	0	0			0	37.53906557	0	64
AGTCTTTTAAGTGTTTGGGCAACGTCAAAA	0	0	0			2.081417625	0	0	1
AGTGAACAAACCGGGGTTAGTCTTGGAAGA	0	0	0			239.3630268	0	0	117
AGTGAAGTATCCTTCATTATTTATACAATA	1168.45407	2119.419178	502.9213974			241.4444444	382.2159403	0	108
AGTGACACAGGTAGGCGGGGACGCTAGAGA	0	0	0			0	3.412642324	0	4
AGTGACACATCGGTGCGGGAGTAGTAAACC	0	0	0			399.6321839	10.23792697	0	145
AGTGACGTTCTTTAATGAGGTGCCGTGGCG	0	0	0			0	27.30113859	0	53
AGTGACTAAGGTGTGGCCCCTCTAGAGATG	0	0	0			0	17.06321162	0	29
AGTGAGACAGGACAAGGTAGAATTGTTCCG	0	0	0			0	6.825284649	0	10
AGTGAGCTATAGCATCTCTGGGTGGTAGCA	0	42.33546423	0			0	0	0	129
AGTGATACACGTGGGTGACGACTAGCTCGC	3.894846901	29.10563166	6.326055313			0	13.6505693	0	1
AGTGATGATGAGAACCATATAATCTTTTCA	29.86049291	52.91933029	56.93449782			0	0	0	10
AGTGATTATGTGGGCGAGGTCTACCCCAGC	532.2957431	314.8700152	385.8893741			0	795.1456616	0	9
AGTGATTTACAGTATTTTGTGCGTGCATGT	0	0	0			0	3.412642324	0	225
AGTGCAGAAGCAAACAAAGGGAGTCATTCT	0	39.68949772	0			0	1675.607381	0	94
AGTGCAGATGAGGAACTTGGTTTAGCGGTG	18.1759522	2.645966514	0			10.40708812	0	0	7
AGTGCAGGTGGGTAAGGGCCCATGCCAGCA	0	7.937899543	0			54.11685824	559.6733412	0	75
AGTGCAGTTGTGCGTCTTACCAGTTATCCG	0	13.22983257	0			0	37.53906557	0	264
AGTGCCAGTGGAACATGCAGACGCTCGGTT	0	0	75.91266376			0	798.5583039	0	163
AGTGCGAAAAGCTGGTACACGAATTCGTTA	0	0	0			0	6.825284649	0	1
AGTGCGGAAGCTATCTTCGGTATCAGGAGT	0	0	0			618.1810345	187.6953278	0	1156
AGTGCGGGTATCACGTGCGTATGCGCCAGC	0	0	0			16.651341	0	0	4
AGTGCGGTACGGTGGTATTTGGCAATGCAA	0	0	0			0	88.72870043	0	314
AGTGCTCGACGTAACCTTGAGTAGAGTTGG	0	0	0			0	23.88849627	0	3
AGTGCTGGTCCCGCTCCGGCTATGCTGTGA	0	0	0			2.081417625	0	0	8
AGTGCTTTTGGAAACAACTCAGTAGTAATT	0	0	50.6084425			89.50095785	44.36435022	0	44
AGTGGAAGAGAGTCCATTGACGATAAGGGA	0	66.14916286	12.65211063			0	0	0	3
AGTGGAAGTGTTTTCAGTAGGGGGTACAGT	0	0	0			12.48850575	27.30113859	0	294
AGTGGAATTGGTTTACGAGTCATGGAATGC	0	0	0			47.87260536	34.12642324	0	48
AGTGGACTAATGATAGCCACTCAAAAAGGG	0	0	0			0	71.66548881	0	78
AGTGGACTTTGTCTCGGTGTTCCATGTTTA	0	0	0			0	296.8998822	0	320
AGTGGAGCTGGATGCGTAGTCCAGGGCTGT	0	21.16773212	47.44541485			0	44.36435022	0	14
AGTGGATAAACATTCTATTTTGTACGGGTG	0	0	0			110.3151341	112.6171967	0	10
AGTGGCCATTGACTCGGGGTGGGATGGGTC	0	0	0			4.162835249	0	0	42
AGTGGCCCACATAACACCCCGTGGAATGCT	0	0	0			0	13.6505693	0	7
AGTGGCCGATGGTTAGTAAAGCTCCGGGCA	0	0	0			41.62835249	7845.664704	0	1061
AGTGGCGGTGAACTACCCGGCGCGAGCGCA	0	0	0			0	20.47585395	0	16
AGTGGCTATATCATCATGCAAGATCTTTGG	0	42.33546423	0			0	20.47585395	0	1
AGTGGGAATATAGTCTTTGGCTCCCTGTAC	0	0	0			670.2164751	0	0	1
AGTGGGAGAACCGTCCCTCGGTGCGGTTGA	0	0	12.65211063			0	0	0	11
AGTGGGAGATGTGATTAGGTTTGATTGAGT	0	0	0			0	27.30113859	0	31
AGTGGGCAAGACCCGCCTAGTTAATGATGG	0	0	0			0	20.47585395	0	288
AGTGGGCGTGTTATTACGGCCGGAATGTTA	0	0	0			2.081417625	88.72870043	0	81
AGTGGGTAATTACGTCGAGGTCGTGAATCT	0	63.50319635	395.3784571			0	2801.779348	0	898
AGTGGGTTAGGTCCTGTTACCGAATTAAGC	0	0	56.93449782			0	37.53906557	0	45
AGTGGTAAATGATCGGGTACATTTGAAAAG	0	0	6.326055313			0	0	0	15
AGTGGTACACGAGCGTGAGTGTATGAACAA	0	0	0			39.54693487	1614.179819	0	197
AGTGGTACTAGATTCATATCTCGTTGTGAT	0	0	41.11935953			0	0	0	226
AGTGGTGAATCGATTTTAGCGGGTCCAGTT	0	0	0			0	61.42756184	0	76
AGTGGTGTTTGCTTAGTCCGTGAAGACGTG	0	7.937899543	0			4.162835249	6.825284649	0	3
AGTGGTTGACGGTAGTTACATGATGTCTTT	0	0	0			0	44.36435022	0	13
AGTGGTTGTCCGAGCATCTTGCGGGTGAAA	0	10.58386606	0			0	3.412642324	0	2
AGTGTAATAAGGATATTCTATATATTGCGG	0	0	0			41.62835249	23.88849627	0	40
AGTGTACTAGGCGAATAGTGCCATGGCACC	0	0	0			0	3.412642324	0	15
AGTGTAGATGATATGCCTTCGATCCGTGTG	0	0	25.30422125			0	0	0	1
AGTGTATGTATGTTACAAGTTTGGGTACAT	0	0	0			0	20.47585395	0	103
AGTGTATTTCGGTATAGGTGGAGAGGAGTG	0	0	0			0	37.53906557	0	15
AGTGTCACAGAGGGTTGGGTGGGAGGTGCC	0	0	0			20.81417625	552.8480565	0	1
AGTGTCGTACATTACTGTGGGAAAGGACGA	0	0	0			0	3.412642324	0	7
AGTGTGAGTGAGCGAGTGATGTAGGTCTGT	0	0	0			0	27.30113859	0	116
AGTGTGATACTAGCTAGTGAGAGCACGACC	0	0	0			0	3.412642324	0	1
AGTGTGTCACATCCTCGGGCGGTCAAAGGC	36.35190441	23.81369863	66.42358079			0	58.01491951	0	5
AGTGTGTCTGATCAAGGGGAATGCACCCAA	0	0	0			0	13.6505693	0	5
AGTGTGTTATTTATCACGATAGAATCTCTT	61.01926811	687.9512938	82.23871907			0	238.8849627	0	484
AGTGTGTTTTACTAACCGCTGTCGAGTTGA	0	0	0			0	491.4204947	0	78
AGTGTTCCTTGTTCCCTGCGTCTAGGGAGT	0	7.937899543	0			0	6.825284649	0	3
AGTGTTGTTTCCGCAGCCCGGGGCACGGAC	0	0	0			0	3.412642324	0	3
AGTTAAGGTGTGGTCGAACACTGAAGTGGG	0	0	0			0	20.47585395	0	26
AGTTAATAATGGAAATTGTTTTTCAGGTTC	0	15.87579909	0			0	6.825284649	0	5
AGTTACAGTACGCTACGGACGCGCCAGAAT	0	1569.058143	0			0	0	0	867
AGTTACGCTACGGCTTCAGCCCGGAATCCA	0	0	0			0	10.23792697	0	2
AGTTAGAGTCGGAATATGGGTATCGGAATG	0	0	0			0	85.31605811	0	222
AGTTAGCTTGTGCGTCTAGGTGGTGTGCTG	0	0	0			0	17.06321162	0	3
AGTTAGTGATACCAGGCTACGCTTATTTCC	15.5793876	0	25.30422125			14.56992337	6.825284649	0	1
AGTTATAGTTTGGGCCGGCTCTAGCTGTTG	0	0	0			14.56992337	0	0	201
AGTTATCATGTCATTCGAAGAATGTTGAAA	0	0	0			0	324.2010208	0	62
AGTTATCGTGCAGGTTTGAGCTCCGGAATG	0	2.645966514	0			0	0	0	4
AGTTATTTAGAGCAAAGGCTATGGGTTTAG	158.3904406	0	50.6084425			0	2160.202591	0	1655
AGTTCAGATTTGAGAGGTTGGGGCGATAAT	0	0	0			0	13.6505693	0	1
AGTTCATTATCTGATTTTGTGTTTGTGTCT	0	0	0			0	51.18963486	0	25
AGTTCCACAATAGGTTCACTTCTATAAATT	0	0	0			0	13.6505693	0	10
AGTTCCACAGGGGTGGATCATCCTTCGAGG	0	0	22.1411936			0	20.47585395	0	69
AGTTCCGGTGTGGGTCGGGGGTCAGGGGTC	0	0	0			320.5383142	658.6399686	0	589
AGTTCGATAACGACACCTTGCCCCGCCCGT	0	0	22.1411936			0	0	0	119
AGTTCGTTTCATGCCCTGTGGACGGCTTGC	0	0	0			8.325670498	17.06321162	0	40
AGTTCTCGTTGATTAATGTGACGCTGGGCA	0	0	0			0	20.47585395	0	7
AGTTCTGATAGGTGGTCTAAGGGGGATGTA	0	13.22983257	0			0	54.60227719	0	20
AGTTGCACAAATACATCTCTAGGGACATTC	0	0	72.7496361			0	0	0	54
AGTTGCAGTAGAATTTAAGATGGCTTCATT	0	7.937899543	0			0	51.18963486	0	4
AGTTGCTCATGAGGGTGTAATAACGGCGGA	5.193129201	10.58386606	3.163027656			0	167.2194739	0	51
AGTTGCTGAGCGCAGGTTAGATGTGGGTAG	0	0	31.63027656			0	13.6505693	0	8
AGTTGCTGTCCCCCCCTAATGGGCACAACG	41.54503361	158.7579909	129.6841339			0	61.42756184	0	914
AGTTGGATTACTTTGTTGCTGACAGGTCCA	24.6673637	37.0435312	0			0	0	0	192
AGTTGGCGTTGCAGTGCCAAAATCTGCGGC	0	0	0			0	361.7400864	0	2
AGTTGGGGTCAGCCATGGCGATACGAATCG	0	0	0			14.56992337	259.3608166	0	713
AGTTGGGTTAATAAGACTCAATATTGTATT	0	0	0			0	119.4424814	0	290
AGTTGGTATACACGATAGTCGCGAAAATAT	0	0	0			8.325670498	0	0	98
AGTTGGTTAGTATCCAGTCGCCTGAGATAA	0	0	0			0	13.6505693	0	780
AGTTGTAGACGGACTGAGGTAGAAGGGGTG	0	0	0			0	3.412642324	0	1
AGTTGTATAAAGTGAGCGCACATGTCTAGT	0	0	0			0	13.6505693	0	407
AGTTGTGAATCGCTAAAAACAGAGGGACTA	341.448245	351.9135464	72.7496361			0	112.6171967	0	24
AGTTGTGATTTAGAGAGTTCCTGGGTGTAA	0	0	0			12.48850575	20.47585395	0	1
AGTTTAGCTAATTAGGGGTTTCGTAGGGTT	0	55.5652968	0			0	78.49077346	0	98
AGTTTCAGTCGTGGTTGTCAAGGTAGGCGC	0	0	31.63027656			0	64.84020416	0	12
AGTTTCTGTTACGTCACGATAGGCGGAATC	0	7.937899543	0			0	3402.404397	0	588
AGTTTGCAAGCACAGATGTGCAAATCAATG	0	0	0			0	3.412642324	0	4
AGTTTGTCACTGTGCAGTGACTCTACTGTT	0	0	9.489082969			0	0	0	50
AGTTTTACAACCGAGATAGGCCGGCACGAT	0	0	0			0	23.88849627	0	119
AGTTTTACTTTTGTCTTATCAGATAAGGAC	97.37117252	687.9512938	142.3362445			0	416.3423636	0	828
AGTTTTAGAGATATTGACTCTTTAGTTTTA	0	0	0			0	3.412642324	0	9
AGTTTTAGTATATTTTTATGGAATTAATAC	0	10.58386606	0			0	0	0	7
AGTTTTGGTGGATGGTAACTAGTAAGTACA	0	44.98143075	0			0	23.88849627	0	1
AGTTTTTTACGTTTCCTTATCGCATGGCTG	0	0	0			0	40.95170789	0	2
ATAAACATTGAGAATAGGCCTGATCGCGCC	0	0	3.163027656			0	0	0	1
ATAAACTAACTAGTTTAAAGTTTAATATAA	0	0	126.5211063			0	0	0	30
ATAAAGTGATAAGTGGTGTAATGGAATAGT	0	0	0			22.89559387	13.6505693	0	527
ATAAAGTGTGGTGAAGGCGAGTTTGAAGAT	0	0	0			0	44.36435022	0	73
ATAACAGAACGTGTAGCTGAGTACATAACG	36.35190441	246.0748858	69.58660844			0	17.06321162	0	47
ATAACAGTTGGGTTTTGCATGTGCAATATA	0	0	0			0	3.412642324	0	2
ATAACGATACACTGGCTGCCAAGATCGGGC	0	0	0			0	34.12642324	0	683
ATAACGGGTGGTTGCAATAGCTAGGGTAAG	0	0	0			0	6.825284649	0	10
ATAACGTGATTTGTGGTTTGGTGCGCGCAG	0	0	0			0	6.825284649	0	257
ATAACTCTATAACATTGTTGCCAGGCAACT	0	0	0			0	126.267766	0	78
ATAAGAAAAACGCACCCATTCACCGACTCA	20.7725168	66.14916286	60.09752547			0	34.12642324	0	15
ATAAGAGCAGTAGTCGGACCGTAAAAGCAA	0	0	0			97.82662835	0	0	176
ATAAGATCTCTTTATGCGAACCGTAAATAT	0	0	0			4.162835249	98.9666274	0	100
ATAAGCCCAAGATGTGCGATAGGTTTAAGT	0	0	0			0	3.412642324	0	3
ATAAGCTTACACCCTTCGACATAAGCCGAT	0	0	15.81513828			0	0	0	26
ATAAGTGATGCAAACCCTTGGACCGCCTGC	0	0	0			0	23.88849627	0	6
ATAATAAGATCGGGTTCATCGGACGGAGAG	0	0	0			4.162835249	6.825284649	0	11
ATAATAATAAGGTACGACCGGTATAAAGGA	0	0	0			0	40.95170789	0	65
ATAATCCCTGAAGTATGAATTTTTAATTGC	0	0	0			0	6.825284649	0	18
ATAATCTCAGGCTTCTGATAAAGAGTTTTC	0	0	0			0	17.06321162	0	1
ATAATGCGTTATTACACTGTCGGTTTAGCG	0	0	3.163027656			0	0	0	11
ATAATGCTAGTAGATGATGCTTGGACGGCT	0	34.39756469	0			0	0	0	5
ATAATGGGATGTTCGGTATTGGCATTAGAA	0	0	60.09752547			0	1068.157048	0	337
ATAATGGGTGCAGACACTAAGCTCAAGGCT	33.75533981	240.7829528	0			0	160.3941892	0	472
ATAATGGTTGTCTTTCGCGGTCGAGCCAAG	0	0	0			16.651341	6.825284649	0	386
ATAATTATTTGAACTTACCTTCGTGTGTCG	0	2.645966514	0			0	0	0	26
ATAATTGCTGCTCTATCACAGTATTTCATA	0	0	0			0	27.30113859	0	23
ATAATTGGATTCTGATATCAAATGCGCAAA	0	0	0			0	6.825284649	0	28
ATAATTGGTCGTTCGAAGAGATATGGAGGG	0	0	0			193.5718391	1010.142128	0	15
ATAATTTATCTGGTTCTGCAGAAAACTGGA	0	0	0			0	10.23792697	0	3
ATAATTTATCTGGTTCTGCAGAAACTGGAT	0	0	0			322.6197318	10104.83392	0	3873
ATAATTTTATCTGGTTCTGCAGAAACTGGA	0	0	0			0	3.412642324	0	1
ATAATTTTTAGCATAAAACGGGTTCCCGTT	0	0	0			4.162835249	0	0	10
ATACAAGTTGCATGCGGTGTAAATTGTCCA	54.52785661	0	0			91.58237548	112.6171967	0	64
ATACACATAGATATCCGTTAAGACCTAGTG	0	0	9.489082969			0	0	0	3
ATACACTATGAATCCTAGTTGATGGTGACT	0	0	0			0	3.412642324	0	38
ATACACTGTTAGGTCTATTGGGCTGGTCTT	0	0	0			0	276.4240283	0	424
ATACACTTTAGCCCCACTGATGTGCAACCA	0	0	9.489082969			0	0	0	7
ATACAGAGATATGCTGATTACTCCTGAGTT	0	0	0			0	3.412642324	0	8
ATACAGCATCTTCGATATGTAGAAGCCACG	0	0	9.489082969			0	0	0	2
ATACAGCTTCGGGCGGGACTCGGGACGGGA	0	0	0			0	3.412642324	0	1
ATACAGGGAGCTCTGACTTTCACTGATTGT	656.9308439	95.25479452	6.326055313			0	0	0	83
ATACAGGTAGTCAGCTAACTTCTAATTTGG	0	0	0			0	34.12642324	0	1
ATACATCCTGCGGCCTCTAAAGCGATGCAT	0	0	0			0	3.412642324	0	4
ATACATGGTCTTGCTGAATGTTGGTGGCGT	0	0	0			0	317.3757362	0	160
ATACATTGTCAGTGATTGTGGAAAGTTGTC	0	0	0			0	109.2045544	0	53
ATACATTGTCCAACCTATGTGTTCTGTCGG	0	0	0			0	10.23792697	0	3
ATACCCCTATTTAAACCGGACATTCGCACA	33.75533981	18.5217656	0			10.40708812	10.23792697	0	16
ATACCGTGTTAAGATCATATAAGGTTAGTC	0	0	0			0	3.412642324	0	51
ATACCTAAAATCAGTTTTTGTTTTAGATAA	0	0	0			0	6.825284649	0	1
ATACCTTATTCCATACGTCTACTCAATACC	0	0	0			0	13.6505693	0	36
ATACGAGTTTCTCACAGTCGCTCGTCTCAC	0	0	6.326055313			0	6.825284649	0	5
ATACGATATGGGGCAGCGTCTCTATTGCCC	0	26.45966514	0			0	0	0	12
ATACGATTAGTTGTCATCCAAGGAGCTAGA	0	0	0			14.56992337	0	0	7
ATACGGGCAGCGTTGGTAGGCGGGGTGACG	0	0	0			0	273.0113859	0	46
ATACGTAGTGGTTCCGTATGTGCTCGAGGC	11.6845407	0	3.163027656			16.651341	0	0	1
ATACGTCCAGCGTATTTCATTCACAATACC	0	0	0			137.3735632	13.6505693	0	34
ATACGTGAAGTAAGATGTATGATTAAGCGC	6.491411501	7.937899543	0			0	13.6505693	0	1
ATACGTTGTGAATTTAAGTAGTGCAGGCAA	0	0	0			0	6.825284649	0	5
ATACTAAAACGACAGTCGACCGGATGTTTC	0	0	0			0	30.71378092	0	55
ATACTAAGTGCTAGTTAAATCGTTCTATCC	0	0	0			0	95.55398508	0	43
ATACTAGCTTTATTAACAACCCTGGGGACT	0	0	0			2.081417625	0	0	4
ATACTAGGTAGGTCAAAGTCGTATTTTTAA	0	5.291933029	0			0	3.412642324	0	49
ATACTCATAATGTGGATGAGCAGAGGGCAT	5.193129201	44.98143075	3.163027656			0	6.825284649	0	18
ATACTCCCCTGACCACCAAGCTCATCCTAT	0	0	3.163027656			0	0	0	1
ATACTCCGTTCGATTTTTAAAGGCTTAAGT	0	18.5217656	0			0	44.36435022	0	1
ATACTCGGTTGTTGGTGGGGCGACGTGGTT	0	0	0			0	6.825284649	0	1
ATACTGAAATATGGGCATTTGGTTATTAAA	0	0	0			0	286.6619552	0	725
ATACTGACCTATGGGCATTTGGTTCTTAAA	0	0	0			0	3.412642324	0	1
ATACTTGGTCTTGGGGGGTTTACCGGCGCC	0	0	0			0	17.06321162	0	29
ATAGAAATTCAGGAACATTAAAAGGTAGTT	0	0	0			0	3.412642324	0	4
ATAGAACGAAGGTAAAGAGCCGGGCGGGAG	0	0	0			0	225.2343934	0	304
ATAGAAGCAATCGCAATGCATTCGGGGCCG	89.58147872	227.5531202	259.3682678			0	64.84020416	0	12
ATAGAATGATTTTCGATAGTACACTTTCTG	0	0	0			0	23.88849627	0	1
ATAGACACTACAAGTGTGTGCGGCTATTCC	0	0	0			0	13.6505693	0	1
ATAGACAGACATTGGCATCGTGCACTGTGT	7.789693801	0	0			0	0	0	3
ATAGACCGTGTTCAGGACTTAAAGGGGGAA	0	0	6.326055313			0	95.55398508	0	245
ATAGACGAATTAGCGACAGACAAGGGGGAG	0	0	31.63027656			0	78.49077346	0	1250
ATAGATTTTCGCGAGGATACTGTATCGGGC	0	0	0			0	17.06321162	0	9
ATAGCCAAATAAGGTTACGCCAGAGCAAGT	0	0	0			0	34.12642324	0	154
ATAGCCAATTCAGCTTATATTAGAACAAGA	9.087976102	87.31689498	113.8689956			0	122.8551237	0	71
ATAGCCAATTCAGCTTCTCTTAGAACCATA	0	0	3.163027656			0	0	0	1
ATAGCGGAAATTAGGGTGCAGAATGCTGCG	0	0	0			0	37.53906557	0	8
ATAGCGTTTTGTGGAACAGGGTGGCGAGGC	610.1926811	293.7022831	82.23871907			0	508.4837063	0	352
ATAGGCAATAGCGACGTCAATGGCATTGTT	0	0	0			0	105.7919121	0	958
ATAGGCAGTTCCTATGTCGGTTGTGTATGG	10.3862584	0	0			0	0	0	11
ATAGGCGCTGCCGCGCCAACATAAGTTACT	301.2014937	2000.350685	2002.196507			0	573.3239105	0	681
ATAGGGGAACCTCAAATGTCCCTCACCGTA	0	0	0			0	10.23792697	0	8
ATAGGGGGAGGTGCCGGTATGCGTGATAAC	0	0	0			0	51.18963486	0	49
ATAGGGTCATGAATCCCAGCGGAGGTAGAT	0	0	0			0	429.9929329	0	1169
ATAGGGTGTCGATTTAAGCCGTTATAATAC	0	0	0			0	51.18963486	0	154
ATAGGTCGATTGATGTAACTAGTAAGTGTG	0	10.58386606	0			0	10.23792697	0	9
ATAGGTCTTTACTCGTGATGTCTAAGTACA	0	0	0			195.6532567	81.90341578	0	343
ATAGGTGATTGCATAGTGGCCAAAGCGGAC	0	0	0			0	61.42756184	0	71
ATAGGTTTATTGAAAAGCGTTGGGAGGAGT	0	0	0			0	10.23792697	0	65
ATAGTAGAACAGGCACGTCTGTGTCAGGGA	0	0	25.30422125			0	0	0	60
ATAGTAGGTCTATTGGCGACCTTTGCGAGA	0	0	12.65211063			0	0	0	2
ATAGTCATAAGACCTACGGCTACTAGCTAC	0	0	0			0	6.825284649	0	153
ATAGTCATAGTGATAAGTGCCGGGGATACT	0	0	0			0	3.412642324	0	4
ATAGTCGGATTCTATTGCAAGGCATATCAT	0	0	0			0	13.6505693	0	1
ATAGTGAAATCCATATCCGAGGTGACGGCG	0	0	0			0	105.7919121	0	8
ATAGTGATATAAAAGCCCCTTATTGCCGCT	0	10.58386606	0			0	30.71378092	0	40
ATAGTGGATGCCTGCTGAGGTCAGCGTGTG	0	0	0			0	3.412642324	0	38
ATAGTTACTATCCTGTAGTAGGATAAAATT	0	0	0			0	6.825284649	0	4
ATAGTTCTATGCGATGTTCTTTGAATTCCC	0	55.5652968	0			1456.992337	1614.179819	0	2817
ATAGTTGCACAGTATGTTAGCGACCGAATC	16.8776699	283.118417	423.845706			18.73275862	501.6584217	0	58
ATAGTTTGTTAATACTTTCACTGCACCACC	0	0	3.163027656			0	23.88849627	0	1
ATAGTTTGTTACCTCCGGAACCCGATGGAC	0	0	461.8020378			37.46551724	464.1193561	0	2785
ATATAAACAAGTGGAAAACCACGATTGATT	0	23.81369863	0			0	0	0	4
ATATAAATAAAATCTTAGCTGATGTCACGA	0	0	0			0	3.412642324	0	1
ATATAACGTTATTTGTGAGCCTGCCTGCAG	0	0	0			0	177.4574009	0	61
ATATAACTAATAATTTTGTGAACGGAAGCA	0	0	0			0	3.412642324	0	72
ATATAAGCTACATGTTCTATAAGTTCCTGG	0	0	31.63027656			0	3.412642324	0	47
ATATAAGGTGCAGGGATCCATTTATGTGTA	0	0	0			0	47.77699254	0	31
ATATAAGTATTGGACTTCAGCGGGGACGAA	0	0	0			0	68.25284649	0	1
ATATAGACAGTCTTAGTGGTGCACGCGTTG	0	0	0			0	30.71378092	0	10
ATATAGGTATTCCGGATATGTCTGGTTTGG	0	0	0			0	17.06321162	0	57
ATATAGTGTTTGACCAGCCACTCTGTCCGT	0	0	6.326055313			0	0	0	37
ATATATGGATTGCATGTAAATCTGTTGCAA	0	0	0			0	3.412642324	0	2
ATATATGGTTGTAATGGAAAGGCGATAGGA	0	0	0			0	68.25284649	0	11
ATATCACGTAAAGCACGTGAGACGATATTT	0	0	0			0	3.412642324	0	2
ATATCACGTTTTTGTCTACGCGTGGGTAAT	0	0	0			22.89559387	501.6584217	0	148
ATATCGTATAACTTAATCGCGATCGCTTGG	0	0	0			0	378.803298	0	10
ATATCGTCATAAGGAGATAGAAGTGGCCGT	0	2.645966514	0			0	0	0	30
ATATCGTGAGATCATGAGACGATGAAAGTG	0	0	0			0	10.23792697	0	64
ATATGAGGAGTTAGAAAGGCATCACGTTTT	0	0	0			0	34.12642324	0	168
ATATGCAATGGTTGATGGAACATTGAAATG	0	0	41.11935953			0	0	0	468
ATATGCCCTGCCACACCCCCCTACTCTACC	0	2.645966514	3.163027656			0	0	0	1
ATATGCGGTGGTGCGGAATCGTGCCGGAAC	63.61583271	280.4724505	15.81513828			0	47.77699254	0	22
ATATGCTTTCCTTGGCGCAAACGACCAGAG	0	0	0			0	6.825284649	0	8
ATATGGACAACATCCAGGTAGATCCTTTGT	0	0	0			0	6.825284649	0	1
ATATGGATTGGGGGGGAGATGACTTTCCTG	0	0	0			10.40708812	0	0	3
ATATGGGATACAACGAATGTGTGCAACAGA	0	0	0			0	13.6505693	0	8
ATATGGGCTGTTGGTTGACTTACTGACTTT	0	5.291933029	6.326055313			0	58.01491951	0	674
ATATGGGGTCTTCCAGTGTCTTCTAATGTC	0	0	3.163027656			0	0	0	1
ATATGGTTAATTGACATGCGGGACGATCTT	0	0	0			47.87260536	187.6953278	0	1848
ATATGTAATTGTGCTAGGGACTGGCATGAA	0	0	53.77147016			0	17.06321162	0	4
ATATGTGAATTTTTGGTGGTCCCACGTTGC	0	0	0			0	10.23792697	0	8
ATATGTGTTTTTTTGATGCTCACGTGTTAT	0	82.02496195	0			0	98.9666274	0	13
ATATGTTGTGAAGCAGAAATCTGTGAGGCA	0	0	0			253.9329502	37.53906557	0	46
ATATTAGAAGTTCGCCGGTTATTGTAAGCT	0	7.937899543	0			0	0	0	1
ATATTAGCAGTATTAAGCACTCGAGCTGTG	0	0	0			85.33812261	27.30113859	0	136
ATATTAGTTGGTGCAAATGTCCCCGTTTAG	0	0	0			45.79118774	1249.027091	0	644
ATATTATAAGGAGATTTGTGATTAGACACT	0	0	0			8.325670498	3.412642324	0	5
ATATTCCCAGTCATTGGTTAAGTGGGGCAA	0	0	6.326055313			0	0	0	10
ATATTCGTTTGGTGGGGGGGTCACGCAAGT	1.2982823	5.291933029	0			0	0	0	6
ATATTGACATACGATAGGTTGAACGGCGTG	0	0	0			0	13.6505693	0	228
ATATTGTAAAATAGCAACACTTGAGTGGCT	0	0	12.65211063			0	0	0	1
ATATTGTAACCTTTTCAGTATATAGTAATC	1.2982823	0	0			3180.40613	163.8068316	0	127
ATATTGTCATTTCTTAACGGGAAAACCTGA	0	0	15.81513828			0	0	0	25
ATATTTATTTAATTCTAATCTTGCCATTCG	907.4993279	1756.921766	1565.69869			16.651341	3798.270907	0	1030
ATATTTTTTCTCTCGGTACTTTATCTAGTG	0	0	0			0	23.88849627	0	9
ATCAAACTTGAGATCTGCTGAATTATGTAC	0	0	0			6.244252874	3.412642324	0	2
ATCAAAGCTCAGAGTTCGTATAGTGGCTCA	0	0	0			0	3.412642324	0	4
ATCAAAGCTCATTAGGTTTGCAAATAGAGA	0	0	0			10.40708812	0	0	3
ATCAACATACTGGGGGACTATAATGGAGCG	0	0	0			0	317.3757362	0	826
ATCAACATTATTCAAGGTTCGGGGAAGAGG	0	0	0			0	17.06321162	0	2
ATCAATACACCATCAGAGCCTCTTCCTGGG	0	0	0			0	3.412642324	0	2
ATCAATGAATTCTTACCGTGGGTTGGAACA	0	0	107.5429403			58.27969349	778.0824499	0	85
ATCAATGATCTTCTGGTAATTTATTTCTGG	0	58.21126332	0			0	0	0	162
ATCACAGGATGTCTTGCTCGGTGTAGGCGT	0	0	28.46724891			10.40708812	40.95170789	0	34
ATCACCCAACACTTATCGTTTAGCGAATAA	0	0	0			0	58.01491951	0	14
ATCACGAGAGCTCCTAACTAGGTCTAAGTG	0	0	0			0	4692.383196	0	1169
ATCACTCGACCATGTGATACTACCAGCGAC	0	0	145.4992722			0	754.1939537	0	8
ATCACTGGAAAATGCTGAAGACACGGTGCC	0	0	0			20.81417625	6.825284649	0	3
ATCACTGGAACTTCTTAGTTAGTCTATATG	0	0	0			0	10.23792697	0	1
ATCACTTAAGCTCTTGTTCACTTATTAATT	0	0	0			0	890.6996466	0	1267
ATCAGAAAATGTATTAATAAGGGGTTCTCA	0	0	22.1411936			0	0	0	4
ATCAGAGCTTTCTGGTTGGTGGGACCGGGG	0	0	0			0	13.6505693	0	19
ATCAGATCTCTTCATATGTAGTCGGACGGG	116.845407	39.68949772	199.2707424			16.651341	102.3792697	0	11
ATCAGATTTGGCTTCTATTTGGCCTCTAGC	0	0	0			0	3.412642324	0	4
ATCAGCAATGTATTAATAGGATTTTGCATA	0	0	0			0	51.18963486	0	1
ATCAGCACACGACTGTCGTCAAAAGGGTAT	0	0	0			0	6.825284649	0	23
ATCAGCTGATCAGTGTTAGTTGAACTGAGC	0	0	0			0	13.6505693	0	3
ATCAGGGATGTCGGTTATAAGGTCTTCGAT	0	0	0			2.081417625	0	0	1
ATCAGTCTTTCACGGAGAGGGATGGCAAGT	0	0	0			22.89559387	0	0	154
ATCAGTGCAAGTAACGTGTGACCACTCATA	2.5965646	0	0			0	6.825284649	0	2
ATCATACCATGGAAAATGGTAACAAAGGTA	0	0	0			8.325670498	37.53906557	0	66
ATCATCCTAGTGGCAGTTGTCTCTAGGCAC	0	0	0			29.13984674	85.31605811	0	212
ATCATGACTAGATAGTTCTGTTAAGGTGTT	0	0	0			0	78.49077346	0	11
ATCATGTATGCCCAATGGAGGGAAGTCGGT	0	0	0			0	3.412642324	0	2
ATCATTATTACAGTCGTAGGGAAGAAATCG	0	0	22.1411936			0	0	0	6
ATCCAAGATCCAATGACGTCTCTGATAGCT	0	0	0			0	17.06321162	0	3
ATCCACAGACTCAAGTTGATCTTGCGAGTA	1.2982823	68.79512938	0			0	150.1562623	0	3
ATCCAGCTTGGGGGCGCTGTATGTTCTTTG	0	0	3.163027656			0	30.71378092	0	84
ATCCAGTCTTGCAGCTCTCACGAAGTTTCT	12.982823	0	9.489082969			0	0	0	1
ATCCATGATGACTGCAGTGTTTAGGGGGGG	0	0	0			22.89559387	0	0	8
ATCCATGGAAGATCGGGGGGCGCAAATAAG	0	179.925723	94.89082969			4.162835249	225.2343934	0	171
ATCCATTAAGACCAACTCGCCTATAGGCAA	0	0	0			22.89559387	378.803298	0	375
ATCCATTGTGGTTATCAGTCTGGCTGAGCC	0	0	0			0	44.36435022	0	71
ATCCCCCCCTCAGCTTATATTAGAACAAGA	0	0	0			0	3.412642324	0	1
ATCCCCGTTATGCAGTGTACTTCGAGGGGA	0	0	0			0	13.6505693	0	1
ATCCCTCAATTAGAGCGAATGTCTCGGGGG	0	0	0			0	3.412642324	0	1
ATCCCTGGACCCTTATCTTCAACATGTGAA	0	0	0			0	40.95170789	0	1
ATCCCTGGTGGGGACTATTGACGAGAGTCG	0	18.5217656	0			0	0	0	38
ATCCGACCAGCTAGCATCGGAATTCCGTTG	0	0	0			0	34.12642324	0	32
ATCCGATGTGTAATTGGAATTGTGATCAGG	10.3862584	0	6.326055313			4.162835249	13.6505693	0	3
ATCCGCGCAGGTAGGTAACGGGCGGTGGCG	0	0	0			56.19827586	13.6505693	0	89
ATCCGTTGTGAGGTAAGTACGCAACGATCA	42.84331591	0	0			0	0	0	18
ATCCTACTACGGTACGACCGGTATAAAGGA	0	0	0			0	3.412642324	0	1
ATCCTCAAACACGATACCCTGATCGGGGGG	0	0	15.81513828			2.081417625	2631.147232	0	919
ATCCTCCCACCAGGTCCCGTCAAGGGTGCA	0	7.937899543	0			0	40.95170789	0	18
ATCCTCGATTCCATCGTATTGTGCATTGGG	0	0	0			0	54.60227719	0	42
ATCCTGCCATGATCAATAGAGGTGCGTAGC	0	0	0			18.73275862	0	0	665
ATCCTGGCACTACACTTTCTCTGAACCAAG	0	0	0			0	10.23792697	0	12
ATCCTGTAATGCTATTGTGGGTTAATTCTA	0	0	0			0	10.23792697	0	242
ATCCTTAGAGTGAGTGCAAGTCGGACCTGG	0	0	15.81513828			0	0	0	7
ATCCTTTGTATGGCTGACTCGTCATTGTGA	0	0	101.216885			0	40.95170789	0	105
ATCGAAGCACTCGCCCTGCATTCGGGGCCG	0	2.645966514	0			0	0	0	1
ATCGACGAAATATTCGACGTCCGCAGCGTG	0	0	0			27.05842912	0	0	1
ATCGAGAGTTAGATTGAGTTCCTAGCACTG	0	0	0			16.651341	0	0	56
ATCGAGCGTTTGGTTATCGGTTATAAGTCA	0	0	0			0	290.0745976	0	1724
ATCGATACTAATGGAAGTTAGTGTAAATAT	0	0	0			33.30268199	0	0	182
ATCGATGCACCTTGTACGGTGTAACCGGTA	0	0	9.489082969			0	6.825284649	0	82
ATCGCGACATAACAGGAGCCATTAGTAATG	0	0	0			8.325670498	371.9780133	0	35
ATCGCGGCTTAGATGAGAAGCTGCGAGGTG	0	0	0			29.13984674	0	0	200
ATCGCTAAATATTGAGGCTATGGACGAAGA	0	5.291933029	0			0	0	0	3
ATCGCTCGAAACTGGCTAGTGGGAAAGGCA	62.31755041	0	3.163027656			16.651341	334.4389478	0	328
ATCGCTCTTCCTGCGGTTTGGCGTCAATTC	0	0	0			385.0622605	0	0	52
ATCGCTGAAGACCACGGGGTATTCAATGAG	0	0	0			0	3.412642324	0	1
ATCGGAGAATATTCTTTCTAATACCTGGGT	0	0	0			0	3.412642324	0	2
ATCGGATTTTCTATGGAAGCTTTAAGGCGC	0	0	0			0	10.23792697	0	16
ATCGGCTAAATTGTTCAGACGCCGAGTCTT	0	0	0			0	6.825284649	0	3
ATCGGCTCTCAGTACGAGTAGTTTTATGGC	0	0	3.163027656			0	0	0	31
ATCGGGAGTATAGGGGATCTACGTCGGAAT	0	0	31.63027656			0	20.47585395	0	247
ATCGGGATTGTAAACCCGTGATTTGATTGG	0	0	0			0	358.3274441	0	229
ATCGGGCAATAGCATCTATAATTAGCAAAG	0	0	0			2.081417625	3.412642324	0	8
ATCGGGGATCAGGATTCGGTAGAAGTTAAC	0	0	0			566.1455939	453.8814291	0	281
ATCGGGGGTACACGCCTGTGGGGAGGGTCA	0	0	0			0	58.01491951	0	3
ATCGGGGGTCAGAGTCAGCGTTGGTTCACA	0	0	0			0	58.01491951	0	1
ATCGGGTATACTGCCGGAATCGCATTACGG	0	0	0			0	197.9332548	0	279
ATCGGGTGAGCATTAGAATTCGGACCTTTA	1.2982823	0	0			0	0	0	14
ATCGGGTTTTTCTAAATCTACTACTGCACA	0	0	0			0	13.6505693	0	3
ATCGGTAGTTTTTTGGTAAGTCATACACTT	3.894846901	0	0			0	0	0	1
ATCGGTATTTTGCACAGTGATAGGCTGTAT	0	0	18.97816594			0	51.18963486	0	46
ATCGGTGATTGGTGGCTGTTACGTCTAGGC	0	0	0			0	10.23792697	0	1
ATCGGTGGTATGCTCTGTCGGTGTATGACG	0	0	0			0	341.2642324	0	14
ATCGTAAATGGATATGGCTCAGGAACGTGA	0	0	0			79.09386973	0	0	18
ATCGTATGTTCAGAGTAGCAGGTAACTCGT	3.894846901	13.22983257	142.3362445			0	180.8700432	0	8
ATCGTCTGTTCTCCGAGTGGACGACTATAA	0	0	0			0	180.8700432	0	30
ATCGTCTTAGGACGTTAACTAAAATGTAAC	0	0	0			10.40708812	10.23792697	0	7
ATCGTCTTTAGGTGTGTGTCCAGTTGAGAG	0	0	0			0	3.412642324	0	3
ATCGTGGTTCAGTAATATCTCATTGCGTAT	0	1034.572907	0			0	170.6321162	0	504
ATCGTGGTTTTCTAGTAAGTTAATATGCTG	11.6845407	31.75159817	0			0	0	0	2
ATCGTGTCTGTCTTTCACCTGGGGACCAGT	1.2982823	0	3.163027656			0	0	0	12
ATCGTGTGAATGTATCTTGAGAGTGGGGTG	0	0	0			0	13.6505693	0	18
ATCGTGTTTTAAATTATCGGCAATTCACTT	25.965646	26.45966514	50.6084425			0	81.90341578	0	3
ATCGTTCAAGATAATGCAAGTGGCTATCAG	0	0	0			0	122.8551237	0	153
ATCGTTCCAGGCACAAAGGCGAGCAAGTCT	0	0	0			0	6.825284649	0	9
ATCTAAGCTTGTGGCTCTCTTTCTCTGCAG	0	0	0			0	6.825284649	0	6
ATCTAAGTATAGAAGTAGTCGGTACCGGCC	123.3368185	50.27336377	164.4774381			0	109.2045544	0	72
ATCTACGGTCAACAAGCAGCTGAATGATGT	0	0	0			0	10.23792697	0	1
ATCTAGTGTCTGAGTGGGCATGTCAGGAGC	0	0	0			0	10.23792697	0	1087
ATCTAGTTATAGAATCTTGTTTACTTCATG	9.087976102	7.937899543	0			0	3.412642324	0	6
ATCTATGATGTTGACGTGCTTAGACATTGT	0	0	0			0	17.06321162	0	47
ATCTATGGTCGACACACCCCACTTATCGGG	0	0	28.46724891			0	44.36435022	0	505
ATCTCAGGTCGGTTATTATGCTAAAGAAGT	0	0	0			93.6637931	0	0	47
ATCTCAGTTTGAAGTCCAACGTGACTAATT	25.965646	7.937899543	0			0	6.825284649	0	3
ATCTCATTTATTTTCGGTGTTGTGCGATCT	0	0	0			0	3.412642324	0	45
ATCTCCGAAGCCTGAGCGGGAGTTGTGGCA	0	0	0			0	13.6505693	0	75
ATCTCGTAACGTTGCCGAGCTGAGGGATGG	0	0	0			0	177.4574009	0	21
ATCTCGTTTGTGTTCCAACTATTTGAGAAG	0	0	0			0	3.412642324	0	1
ATCTCTATATCCAAGTCCGTACAGTTTACA	0	0	0			0	10.23792697	0	2
ATCTGAAATTCAGTAGCCACGTGTCATAGC	0	0	0			0	10.23792697	0	28
ATCTGACTAGTTAGTGTCAGTCAGTCGATG	0	537.1312024	0			0	1071.56969	0	99
ATCTGAGGACATTGCTACTAAGATGCCAGG	0	0	0			0	163.8068316	0	563
ATCTGAGTTCTAATGAAAGCTGAGTTTTCC	19.4742345	201.0934551	94.89082969			10.40708812	0	0	6
ATCTGTCAATCTGCGCGTGTCGGACTAATA	0	0	0			0	23.88849627	0	56
ATCTGTGATGACAATCAAGGGTCGTGATTG	0	0	0			0	20.47585395	0	401
ATCTGTTCTGGATGGTTTTATGTAACCAAG	0	0	0			0	20.47585395	0	14
ATCTTAACTGTAGCGTTGTGGTGTTTTGTC	0	0	0			0	6.825284649	0	3
ATCTTATTTCCGTACGGCTCTGTTTAGGGC	0	0	0			0	10.23792697	0	521
ATCTTGCGAAGAAATTTCTTAGGGTCTCGC	0	0	0			0	3.412642324	0	3
ATCTTGGAATGTTAGGCTACATGCAATCCC	0	0	12.65211063			0	0	0	14
ATCTTGTTTGAGTCGTCACCTGATGCGTAG	0	0	15.81513828			0	0	0	8
ATCTTTAATGGCTCGTTGGATGTCCTTCCG	0	0	0			0	13.6505693	0	5
ATCTTTACTCTTATTTAATTCGCTAGGGAA	0	338.6837139	0			0	51.18963486	0	19
ATCTTTGGTAGCCGTTTATTTAGTTAAGAG	81.79178491	166.6958904	79.07569141			0	228.6470357	0	5
ATCTTTGTTGATTGAACGGAACGGGCCTGG	0	0	0			0	105.7919121	0	23
ATCTTTTGTTAGGCCCCGCGAATGTGAGGC	0	0	0			31.22126437	133.0930506	0	2
ATGAAATGTTGCGATTTTACCCTCAAGTAT	0	0	0			0	13.6505693	0	53
ATGAACGGATGTGCATAATCGAGCGACTCG	0	2.645966514	0			0	0	0	1
ATGAACGTTGTCGGAAGGGACGGTCACCGT	0	0	0			12.48850575	10.23792697	0	53
ATGAAGGATATTATACGCCTTGGAATTGAG	0	0	0			0	6.825284649	0	1
ATGAATCAATATTTATGACAGTGACAAAGG	0	0	0			0	10.23792697	0	2
ATGAATCCTATAAAATGCGGAAGAAGAGTT	0	0	18.97816594			0	0	0	1
ATGAATGTACTCTTTTTCGACTTGGTGAGA	0	0	25.30422125			0	194.5206125	0	29
ATGAATTGTCGTGAAACGCTGATTTAGTAA	2.5965646	169.3418569	18.97816594			0	197.9332548	0	2
ATGACAGCTGGTGCGAATGTAGCTGGTAGA	25.965646	275.1805175	578.8340611			0	0	0	18
ATGACATGTCGTCTTTTGGTGCCTGAGGGT	0	0	0			0	3.412642324	0	5
ATGACCTTATGGGCTACGCGCCATTAAGTG	7.789693801	0	0			0	10.23792697	0	18
ATGACGAGTCCAGTGTCTGGATTTAGAATA	0	0	0			0	419.7550059	0	45
ATGACGTAAAAAGACGAGGTCGGGGTACTA	0	0	0			0	235.4723204	0	70
ATGACGTGTTGTAAATGAGGAAATTTGCGG	0	0	0			0	307.1378092	0	246
ATGACTAATGAGCGGGGACCGTTATTTAGA	0	5.291933029	0			0	102.3792697	0	39
ATGACTTATTACTAAGGCACAAATATTGTC	0	0	0			0	20.47585395	0	14
ATGAGATGTTACGCTGATAGCGTCCCGCCA	0	0	0			0	3.412642324	0	1
ATGAGCCTAAGGCTCATTTCGTTCGGTTCC	0	2.645966514	0			0	0	0	1
ATGAGGGATGGTCATTGGTTACCTGGGACA	0	0	0			0	296.8998822	0	72
ATGAGGGTTTCTGGGGATAACAGTATCTGT	0	0	0			124.8850575	0	0	66
ATGAGGTAACCATTGGAGAATAACGCGCAT	0	0	15.81513828			0	0	0	5
ATGAGGTAAGGAAGGTTGTCGGGTCGTTTG	0	0	0			106.1522989	34.12642324	0	189
ATGAGGTTAGTTGGTAGGATGTAGAGTATA	0	0	0			0	10.23792697	0	561
ATGAGTAGAGAGCTATCTGATTCCGGGCAA	0	0	0			0	10.23792697	0	258
ATGAGTATATGCGGGAGGGTGGACGCCAAG	0	0	0			22.89559387	754.1939537	0	71
ATGAGTATTCGGCCTGGGTCGTGATATCCA	0	0	0			457.9118774	286.6619552	0	770
ATGAGTCCTGGAAGTAGCTTGAACGGCATA	0	0	0			0	17.06321162	0	4
ATGAGTGCTAGCACATGGCCTGTAATGAGG	286.9203883	343.9756469	2479.813683			0	600.6250491	0	314
ATGAGTGGATGTACAACACGGCAGGGTCTG	0	0	0			0	3.412642324	0	4
ATGAGTTGTAACAATTAGTACACGCCCTTC	0	0	0			16.651341	0	0	195
ATGAGTTTTCACCAACGTACAAACTTGGCC	0	0	0			0	122.8551237	0	119
ATGATAATAATATCGCCGATCCACTTTGAC	0	0	0			0	6.825284649	0	2
ATGATACGACCCCGGTCTGGGGAACGACTG	46.73816281	148.1741248	31.63027656			0	92.14134276	0	498
ATGATATATTTGTATGAATAGCAAGTTACG	2.5965646	2.645966514	6.326055313			0	0	0	1
ATGATCGATGGTTGCCGGCACTTGGCTGGG	0	0	129.6841339			0	0	0	12
ATGATCGTTGCGTCATCTTACGGATTTGGT	0	0	0			0	3.412642324	0	1
ATGATCTATGACTTGGGTAGATAGCTGCAA	0	0	0			31.22126437	856.5732234	0	409
ATGATGGGTCGCCGTCATATCACGGGGGGG	0	15.87579909	0			0	0	0	1
ATGATGGTTGGGAAACCGAGGCGGGAAATT	0	0	0			0	819.0341578	0	243
ATGATTGAAACTCTAATGGTAGAAAGCTCT	0	0	0			0	174.0447585	0	71
ATGATTGAAAGCGCTGAGCGGGAATGTCTG	0	31.75159817	0			0	30.71378092	0	50
ATGATTTCTGGGTCAGTGAAAACCATAGTT	0	0	0			0	30.71378092	0	153
ATGCAACAATGTATCGTTAATGCAACGGCG	0	0	0			0	23.88849627	0	5
ATGCACGAAGCTATCGTCAGGTATTCTGCG	0	0	0			2.081417625	0	0	724
ATGCACGGAGGAGATGGCGGTATGGACACT	0	0	0			0	23.88849627	0	12
ATGCACTGATAACAACCCGACATCAGGGTG	0	0	0			0	174.0447585	0	4
ATGCAGAGTAAGGGAGGCGCCCTGCGAGTG	0	0	0			0	17.06321162	0	342
ATGCAGGCTTTGTCACCATATTTTCCCAAG	0	0	0			27.05842912	112.6171967	0	498
ATGCAGTTAGAGGGTCATACAGAAGGGGGC	0	0	0			0	13.6505693	0	122
ATGCATGGAAAATAAGCGCGCAAACCATTT	140.2144884	489.5038052	0			0	109.2045544	0	159
ATGCATTATTATTTATAATACCTGCGTCGG	0	0	0			0	3.412642324	0	2
ATGCATTCAGTGGATAAGGACCGACAAGGC	23.3690814	18.5217656	28.46724891			0	10.23792697	0	34
ATGCATTCTGGCAATCTTGTCGAATATCAC	0	0	0			101.9894636	3.412642324	0	43
ATGCCATGTGGTCAATACGTGCGTGTATCG	0	0	0			0	34.12642324	0	16
ATGCCCTTAGGACAGTTGATGAGCGGAGAG	0	0	0			0	20.47585395	0	7
ATGCCGACAGACATAATGTGTCATCCTATA	140.2144884	185.217656	6.326055313			0	0	0	99
ATGCCGCTAGTCTGGGACAGGACGTAATGA	55.82613891	0	34.79330422			6.244252874	0	0	56
ATGCCGGATTCTCGTGCGAGGGTTGCGCCA	0	0	0			0	3.412642324	0	1
ATGCCGTCTGGTTCGACGGAGAAGTTGTGC	68.80896191	89.96286149	56.93449782			0	6.825284649	0	29
ATGCGCCGTGTGGGCGATGCTCACCCGTCT	0	0	0			20.81417625	0	0	138
ATGCGCCTTTACTCGTGATTTATTGGTATT	0	0	0			141.5363985	1102.283471	0	13
ATGCGCGATTCTTGTGCTGTACTGCAGGGG	0	0	0			0	3.412642324	0	137
ATGCGCGTAGCCTTGGACGGTGGCGCCGGG	0	0	0			0	6.825284649	0	1
ATGCGGAATCCGTTTCCCTGGAGGCACACC	0	15.87579909	18.97816594			0	6.825284649	0	7
ATGCGGATAGAGTAGTTATGCGGCTCGAAA	0	0	0			24.97701149	98.9666274	0	14
ATGCGTAATGCCTCGTGAGTTAATGGCGCA	0	0	0			20.81417625	6.825284649	0	4
ATGCGTGGTACAGCCCTCGTAGAACGGCGG	930.8684093	3693.769254	2796.116448			12.48850575	296.8998822	0	2349
ATGCGTGGTGTTCCTCACAACTGAAGTATT	0	0	0			318.4568966	539.1974872	0	294
ATGCGTTATAGCTTGGGGACCTGGCTACAT	0	0	0			1423.689655	0	0	189
ATGCGTTATTGGAAGGTCAGGTAAACACAG	0	0	0			0	6.825284649	0	6
ATGCTAGGTTAGAATAATAACCTGTCTACG	0	0	0			0	3.412642324	0	4
ATGCTCAATCATGATAAGAGGGTGGCAGGG	0	0	0			0	20.47585395	0	165
ATGCTCCTTGCCATTAAAAAAGTATCACAG	0	0	12.65211063			0	0	0	79
ATGCTCTCTGGGTATTCGACGCACGCTTTA	0	0	0			0	20.47585395	0	429
ATGCTCTGACAGCACTAGGGACGTCCCGTG	0	0	0			0	3.412642324	0	1
ATGCTGCTAGCATTATAATTCGTAACGACG	0	5.291933029	0			10.40708812	365.1527287	0	21
ATGCTGGAATTTCAGTAAGACGATAATTCT	180.4612397	74.0870624	221.411936			0	126.267766	0	599
ATGGAAATAGAGCTGCCATTGGAGTGGACC	0	21.16773212	31.63027656			0	3.412642324	0	1
ATGGAAATTATTTATAAATAAGGTGTATAG	0	0	0			0	6.825284649	0	4
ATGGAACCAGCTTAATACTCGATATGAACG	0	0	0			2.081417625	0	0	1
ATGGACTAAGTTTTCAGGTGATTGGTCCCA	0	0	25.30422125			8.325670498	13.6505693	0	20
ATGGAGATATGAGTTAGAGCAAAATTTCTG	0	0	0			0	6.825284649	0	1
ATGGATACTGGCTTGGATTAAATTTCGATG	0	0	12.65211063			0	0	0	1
ATGGATCTAGGACATAGACTGATGCGATGC	0	0	0			0	40.95170789	0	14
ATGGATGTTCTAATGTTCGCTCACGTACAA	0	0	9.489082969			0	0	0	1
ATGGATGTTGTTTTCGAGCTATGGCCTGAG	0	0	28.46724891			0	0	0	2
ATGGATTGTTGTATGCAGAATGCGGTAGTA	0	0	0			0	3.412642324	0	1
ATGGATTTTAAAACGTATGACATTACTCGT	0	87.31689498	0			0	61.42756184	0	898
ATGGCAGAAGGGTGGTGTGCATCGGGTGGG	0	0	0			0	10.23792697	0	156
ATGGCAGATCGTATGTGTCGGACCGGAGGT	3.894846901	0	9.489082969			0	0	0	1
ATGGCATTTCTAGTACATGTCATAGGGAGA	0	0	0			68.68678161	95.55398508	0	46
ATGGCCGATAAAATGTCAAACTCAGCAGAT	35.05362211	21.16773212	69.58660844			0	34.12642324	0	1
ATGGCCGTACTCCGGAGGGTGGACGTTTAA	0	0	0			0	918.0007852	0	860
ATGGCCTTACAGGGCGGTGAATTGTCTTCG	0	0	0			0	3.412642324	0	3
ATGGCGGTTAGCTGAGCTGGATGTACACGG	0	0	0			0	3.412642324	0	1
ATGGCTCGTGTAACTCCGTTGATCATCTAG	11.6845407	127.0063927	186.6186317			0	290.0745976	0	201
ATGGGAACTTTAACTTTATTTTCGCGAGAT	0	0	0			0	6.825284649	0	16
ATGGGAAGAGTAAGAGAGTGCTTGTAGAAT	0	0	0			0	102.3792697	0	454
ATGGGACTAGAATTAACGTGACATGGAGAT	3.894846901	7.937899543	6.326055313			6.244252874	0	0	2
ATGGGCACTACCACTAGTATTCAGGCGGCG	0	0	0			4.162835249	17.06321162	0	15
ATGGGCGAATCGCGATCGCCGAGGTGCATA	0	0	0			39.54693487	0	0	4
ATGGGCGTTCACATCCCATTTAAGCGAAGT	237.5856609	328.0998478	0			0	180.8700432	0	75
ATGGGCTGACCTTAAGGTGGTGACGGAATG	0	0	0			0	6.825284649	0	522
ATGGGGAAAATCGGTTTCTTGTAAATTGTA	0	0	0			0	10.23792697	0	962
ATGGGGATAAGGTGGAGACTGTGTTGAGTA	0	7.937899543	0			0	1112.521398	0	38
ATGGGGCGTTCGAATTTCTCTGTGCGACCT	0	0	0			0	10.23792697	0	1
ATGGGGGATGGCAATGGAGATAAGTAATAC	0	0	0			31.22126437	0	0	603
ATGGGGTAATGTGCGCGCGTGCCATTTGGG	0	0	0			22.89559387	23.88849627	0	20
ATGGGGTGTCTTCAGCCGAGTAGACCAGAT	0	0	34.79330422			0	129.6804083	0	3
ATGGGGTTATATCCAAGAAGATCACACAAA	0	15.87579909	0			0	88.72870043	0	7
ATGGGGTTTACAGGTCCATGGATCCCAGTG	0	0	9.489082969			0	17.06321162	0	1
ATGGGTAGATGGACAACATCGGATCGCGGT	0	0	0			168.5948276	0	0	6
ATGGGTCAATCCGGGAACCCGCGTGCCACG	0	0	28.46724891			0	0	0	126
ATGGGTGTATTCGTATGTATTGGGCGTCTG	0	0	0			6.244252874	0	0	15
ATGGTACATCTCGAGTGTCTTAAAAGGAGT	0	0	0			0	20.47585395	0	105
ATGGTAGTTTATAGTCGGCTGATTGGGCGG	0	0	9.489082969			0	119.4424814	0	1
ATGGTATTACTTCGCTGGTGAGCTTTCGAA	0	0	0			0	133.0930506	0	228
ATGGTATTATTTTGTGGTTCTTTAGGCTTG	0	0	0			0	10.23792697	0	24
ATGGTATTTCGGTGTCACAAACATTAATTA	0	0	0			0	51.18963486	0	2
ATGGTCAAAGAGGGTTGTCGTAGCTAAGGG	0	0	0			0	20.47585395	0	73
ATGGTCGAATCGATATCATTTGGGTACTAC	0	0	0			0	180.8700432	0	21
ATGGTCGGATTCTCGGTTCAGTCGGTCGTC	0	0	0			4.162835249	354.9148017	0	21
ATGGTGAATAACAGTGGGCCCTAGGGCATC	0	34.39756469	98.05385735			0	0	0	72
ATGGTGACACGGAGTGTTCTGGCGTCCGGG	0	0	0			0	23.88849627	0	3
ATGGTGGCTGTGTTGTATAGGGGTGTAGGC	90.87976102	150.8200913	6.326055313			0	6.825284649	0	5
ATGGTGGTATGAGTATGCGGTAAAGGTAGT	7.789693801	0	0			0	0	0	2
ATGGTGTTTTAACCATTGAATTAAATGAAT	0	0	0			12.48850575	0	0	691
ATGGTTCTTCTTTTATATTGGGGGTCGCTT	0	0	0			145.6992337	0	0	446
ATGGTTGTACTCCGATCGAAAACACATCGT	0	0	0			0	3.412642324	0	40
ATGGTTGTTAGAGGGTGCACACTAGCCATT	0	0	0			0	221.8217511	0	469
ATGGTTGTTAGCTTATATGATGTCCATGGA	0	7.937899543	0			0	23.88849627	0	152
ATGGTTGTTGGGGATGAGCCCGGAGCGACG	205.1286034	97.90076104	243.5531295			4.162835249	64.84020416	0	72
ATGGTTTATACGAATTATTTGGGTGAGTCT	0	0	0			0	655.2273263	0	1256
ATGGTTTTTAATCGGAAGAAATTTATCATT	0	0	53.77147016			0	0	0	91
ATGTAAAATTGTCGGAGTCTGGTAAGTTTG	0	0	0			0	40.95170789	0	26
ATGTACAGTCGTGCACGCCGTAAGTTTCGG	0	0	0			0	10.23792697	0	3
ATGTACATTAAACCAGATTGGTACATCTTC	183.0578043	1039.86484	0			0	61.42756184	0	583
ATGTACCTATAATCGACCTGACAGGCCTAG	0	21.16773212	0			0	0	0	1
ATGTACTTATGCGCGATCTTGAGTGAAAGT	0	0	0			0	10.23792697	0	88
ATGTATAGTACGATGTAAGGTGGTTGGGAA	0	0	0			0	10.23792697	0	10
ATGTATCGACAACTATGTAGCAGATTGGTA	0	0	0			0	20.47585395	0	3
ATGTATGCACATTCCGGCAGCTAGTTGAAA	0	1407.654186	0			0	0	0	439
ATGTATGTTAGAACCTGCATAGAATAATTC	0	0	3.163027656			0	3.412642324	0	3
ATGTATTCTCGCAACGATGGGTCGCCCCCG	0	0	0			0	392.4538673	0	63
ATGTATTGATGTCGCCCAGGCCGATTCCGA	0	0	0			43.70977011	0	0	67
ATGTATTGTGGAGATTATTCCCGCTCGAGG	0	0	0			0	40.95170789	0	198
ATGTCAATTTGGTGCGTGTAGGGGTGCTAC	0	0	0			0	109.2045544	0	135
ATGTCATGAAATCTCCTTGTGGAATAAACT	80.49350261	431.2925419	44.28238719			4.162835249	327.6136631	0	70
ATGTCCCCTAGCCTGGTCGGGATCAAGCGA	0	0	0			83.25670498	0	0	185
ATGTCGCCTCTTTGGTGATGCTTACAATGA	0	0	0			0	3.412642324	0	1
ATGTCTCAAATGGTAAAATCGGGTCGATGC	0	0	0			0	163.8068316	0	180
ATGTCTGTAGGGTTTAATGTGTTGACTGCG	0	0	0			0	13.6505693	0	1
ATGTCTTAACGGGAAAGGTAGATTTTTGCC	0	2.645966514	0			0	13.6505693	0	8
ATGTGAACTCCGACTAATACGTTGTTCTGC	0	0	0			243.5258621	0	0	7
ATGTGACCTATCATCATCCATCTTAACCTT	0	0	0			0	3.412642324	0	7
ATGTGAGCTATCATGGTACAAGAAGGATCA	0	0	0			0	102.3792697	0	102
ATGTGAGGTGGATTAAAAATCTTCGACTAA	0	0	0			0	6.825284649	0	1
ATGTGAGTTAACGCTAATACTGGTGATAGT	5.193129201	29.10563166	37.95633188			0	23.88849627	0	137
ATGTGATCACTGTGAGGCCCGAATAGTGAC	0	0	82.23871907			0	1842.826855	0	1966
ATGTGCACATACGTGGGGCCTGATAAGGCA	0	0	0			0	37.53906557	0	307
ATGTGCCTAAGGCCCCTGCGCCCGTGCAGG	342.7465273	799.0818874	1787.110626			0	1798.462505	0	1863
ATGTGCGGTAACGGCACTTCGCTTATCAGT	0	0	0			0	98.9666274	0	10
ATGTGGGCATCCGGGGACGAGCTCCAAGGC	0	0	34.79330422			0	0	0	12
ATGTGGGGAAAGGGCGCGGCCTCAGTGACC	12.982823	0	0			0	47.77699254	0	107
ATGTGGGGAAGTCTTGTGCTCCGTTTCGGG	0	0	0			0	27.30113859	0	161
ATGTGGGTATTATTAAAGTGTACCTATAAT	0	0	0			0	17.06321162	0	1
ATGTGTGGTGCAGTTAAAAATAGTCGGAAT	0	0	0			969.940613	812.2088732	0	59
ATGTGTTCAGTCTTGTAGTAGACTTTTTCT	0	0	379.5633188			0	0	0	32
ATGTTAAAACCACCAACTTTTAAGACTATC	0	0	0			0	85.31605811	0	26
ATGTTAACCCCACCAACTTTTAAGAGTATC	0	0	0			0	3.412642324	0	1
ATGTTAAGTGGAATCGGTGAATAAAGTGAT	0	0	0			0	10.23792697	0	32
ATGTTAAGTTCCTTTACGGAATTAGGGGAG	0	0	0			0	75.07813113	0	69
ATGTTAATTGACAGTGGGGGGTGGCCTGTG	7.789693801	174.63379	12.65211063			0	88.72870043	0	205
ATGTTAGAAAGACGCCTTTATAGGGTGCCA	0	0	0			0	40.95170789	0	6
ATGTTAGTTGTGGCATAGGAGGCGGCATCA	0	0	0			0	3.412642324	0	87
ATGTTATATGGTACTGGAACGGGCTAGAAG	0	0	0			0	51.18963486	0	8
ATGTTATGATCGTATTAAGGTAATCTGGTA	0	0	0			0	136.505693	0	138
ATGTTATTTGGTGCGGGTATAGGTATGTTA	206.4268857	301.6401826	901.4628821			0	167.2194739	0	386
ATGTTCCTTGGGAGGTTATCACTTGCTGGC	0	0	0			64.52394636	0	0	33
ATGTTCGGTTTGCGCAGATACTGTCCGAGT	0	0	3.163027656			0	0	0	7
ATGTTCTCACTGTCTGCATTCGTGGTTGCT	0	0	0			0	17.06321162	0	1
ATGTTGCTTCTGTTCATACCGGCACAGGAT	0	0	0			20.81417625	0	0	93
ATGTTGGCTAGTTTCGTCCGCAGACGTCCG	0	0	0			0	160.3941892	0	7
ATGTTGTATGGAAATACGTGTACGCACACA	0	0	0			0	37.53906557	0	46
ATGTTGTATGGTATCGATCATCAGCTTGGC	0	0	0			0	44.36435022	0	2
ATGTTGTTATCTCATTTGGATAGGGGTACT	0	0	0			0	6.825284649	0	3
ATGTTTATAAACGTGCTAACATTGTGTATG	59.72098581	0	15.81513828			12.48850575	44.36435022	0	243
ATGTTTATACACGCTGTTCTCGACGAAGAC	61.01926811	0	0			35.38409962	51.18963486	0	268
ATGTTTCTATGGGTGTAGCTTCTCCACGCC	0	2.645966514	0			0	0	0	1
ATGTTTTAATTTTGCGGGCTCCCGATGGGG	0	0	0			0	13.6505693	0	1
ATTAAAGGTATACGACTCTTAATGTTTACC	0	0	0			0	10.23792697	0	27
ATTAAATGTGTACGGGGCTGTTAAATCACG	0	0	0			4.162835249	0	0	7
ATTAACAGTTTCTTGATAAAATGGTTCACG	0	0	0			0	37.53906557	0	24
ATTAACATTTGAACATTAATAATCATGGCC	0	0	0			0	3.412642324	0	10
ATTAACGATAGTGAAGCTTTTTACATAGTC	0	26.45966514	9.489082969			0	0	0	1
ATTAAGAGTCGCTCTGGTTAGTGGTGCGTG	0	2.645966514	0			0	17.06321162	0	1
ATTAAGATACTTTTGGTGTGTGGCATAACC	0	0	6.326055313			14.56992337	13.6505693	0	8
ATTAAGGTTAATAGGCACGTGAGCAGAATT	0	0	15.81513828			0	88.72870043	0	473
ATTAATAAATCAAGTAAGTTGGGAGAACAT	0	0	0			0	6.825284649	0	92
ATTAATCCAGGAACGCAGCAAAAATTGGTT	0	37.0435312	272.0203785			0	0	0	376
ATTAATCGTTGTGATCACCAGGGGCCATTG	219.4097087	709.1190259	0			0	75.07813113	0	110
ATTACAGGTTTTTTGTATAGCGTTTGCGCG	0	2.645966514	0			0	143.3309776	0	85
ATTACCCTTCGGCTTGTAATTGGAGAAGTC	0	0	208.7598253			0	156.9815469	0	101
ATTACCTCTTGCAAGGACGATGCCAGCGGC	0	209.0313546	41.11935953			0	34.12642324	0	119
ATTACGTATAGTAAGGCGGTCGCAAGAAAC	0	0	0			0	221.8217511	0	124
ATTACTAGAGCGTCCACTGCGGCGATGTGC	0	5.291933029	0			0	0	0	1
ATTACTATACGGCTGAACTGTGTATACCTA	0	10.58386606	0			8.325670498	6.825284649	0	2
ATTACTTATACGGTTTGTCTAAGTGACTGG	0	0	0			0	10.23792697	0	8
ATTACTTTATATATGTTATACCTACGTTGA	0	0	0			0	3.412642324	0	1
ATTAGACATAGGACTTGTTTAAGGTGTGGA	0	0	0			0	37.53906557	0	25
ATTAGACATTTCATGCGTATCGGGCCGAGG	0	31.75159817	0			0	0	0	36
ATTAGACGAGACCGAACGTTTTCAGGACGC	0	0	0			0	163.8068316	0	120
ATTAGACTTTCATCCACATATATCCTTGTA	68.80896191	301.6401826	9.489082969			0	112.6171967	0	58
ATTAGATCTGTTGTTCCCCTTATGAGTGTG	18.1759522	177.2797565	664.2358079			0	658.6399686	0	8
ATTAGCATACTAGCATTAAGTATGGCGAGT	0	0	0			31.22126437	467.5319984	0	68
ATTAGCGGACTTTCCCCGTGACTGAGTAAG	0	0	0			0	477.7699254	0	54
ATTAGGATTAAAGTTCTCTGGTTCCCAGGT	0	0	0			0	13.6505693	0	12
ATTAGGCATAAGCGGTGTTCTATACCCTTT	0	0	107.5429403			0	0	0	40
ATTAGGGGTGGATCGTTTGCTCCAAGGGAG	0	0	0			0	10.23792697	0	17
ATTAGGTTATGATTTATAATCCTCCAAGGC	0	0	0			0	3.412642324	0	2
ATTAGGTTTGGTTGGTCCGATTCGCGTTCC	0	0	0			16.651341	112.6171967	0	29
ATTAGTAGAGCGGATGTGGACGGGTGTGGC	93.47632562	169.3418569	44.28238719			0	443.6435022	0	22
ATTAGTGAACATTATTACATTTGTGGTGTG	0	0	0			0	6.825284649	0	3
ATTAGTGAATTTATTACAGTAGCTAGTCAG	0	0	0			114.4779693	300.3125245	0	60
ATTAGTGCACGTTACCTAGATGTCTATAGA	70.10724421	26.45966514	12.65211063			0	0	0	29
ATTAGTGCTATACACCGCGTCTGATTCGTT	0	0	0			0	6.825284649	0	21
ATTAGTTGACAACACCTGGAGTCGTGGTCA	0	0	0			0	638.1641146	0	566
ATTAGTTTTTTTAGACCATCAGCTCTGCGA	0	0	3.163027656			0	0	0	1
ATTATAGCAAGCGAACCCAGGAACGTAACG	0	0	0			0	17.06321162	0	20
ATTATATGTCAGTGATTTCAGCATGACCCG	0	105.8386606	439.6608443			0	484.5952101	0	2965
ATTATGCATTTAGGCTCCCTAAGAGGACAG	432.328006	412.7707763	148.6622999			0	477.7699254	0	18
ATTATGCGATTCTCAAGAGGCCAATGAACA	0	108.4846271	0			0	0	0	134
ATTATGGAATAGACAACCAAATGAGATTTT	0	0	3.163027656			0	3.412642324	0	2
ATTATTCCTGTATTGTCTTCAGTTGGGAAA	0	5.291933029	0			0	0	0	56
ATTATTGAAAGTTGCTTACATTGGTTGGCG	0	0	0			0	98.9666274	0	298
ATTATTTTTTATCGAAGATTTATGTTTAGT	0	95.25479452	25.30422125			0	0	0	4
ATTCAAAGTTAAACCCCAGTAGACCGGGTT	0	0	0			0	10.23792697	0	9
ATTCAAGTTCACTTTCCGTCGTACCCTTGG	0	0	0			0	3.412642324	0	7
ATTCAATTACGAGCCCAAATACGTGGAATG	0	0	0			0	197.9332548	0	9
ATTCAATTAGTCGGCGTCACTCCCGTAGAA	0	5.291933029	0			0	30.71378092	0	34
ATTCAATTTCACAATCTCTGTCGGGCTCTA	0	0	0			0	1003.316843	0	648
ATTCACACTACGGCGCGCGTCGTAACGGTG	40.24675131	0	0			60.36111111	44.36435022	0	139
ATTCACTTTATGTGCACCTGCAGTAGGCTA	0	497.4417047	771.7787482			0	187.6953278	0	4350
ATTCACTTTTCTGTTCCAGGGCTCGTAAAG	0	0	0			0	30.71378092	0	8
ATTCAGAATATGCGGGCCTCGGACCTATCA	0	0	0			0	13.6505693	0	2
ATTCATCAAAGAATGTAAATAGTTCACTTC	0	0	60.09752547			0	3.412642324	0	280
ATTCATCCAAGTATGCCGTTTTAGTATCCA	0	0	0			0	13.6505693	0	1
ATTCATGTAAGCCAGATCACGAGTTGGCCG	0	0	0			89.50095785	0	0	104
ATTCATTATACTTGCATTGGCGATTGCACC	62.31755041	50.27336377	12.65211063			0	51.18963486	0	93
ATTCCAAGAGCCATAACATAGGATGTCCGC	0	0	0			24.97701149	37.53906557	0	2
ATTCCACGACTGCGGATTACTATCCAAAAT	0	7.937899543	0			0	0	0	93
ATTCCAGATCTGTGAGAAGTGTGTAACTAG	5.193129201	140.2362253	158.1513828			0	3.412642324	0	30
ATTCCCACACGAAAATAGACATATGAGGCT	10.3862584	52.91933029	0			0	37.53906557	0	9
ATTCCGTCAGGTGGACTGGTGTCTGATCCG	0	0	0			0	13.6505693	0	13
ATTCCGTTAAAGGGCGTATACCCTTTCCAG	0	0	63.26055313			0	627.9261877	0	9
ATTCCTCGTATAGCAATTACTAAGGATTAA	0	13.22983257	202.43377			0	6.825284649	0	3689
ATTCCTCGTCTCGCAATTACTCAGGCTTAA	0	0	3.163027656			0	0	0	1
ATTCCTGGTGATTGGCTGCGCCCTATAAGT	80.49350261	349.2675799	72.7496361			0	34.12642324	0	1145
ATTCGACATACACTCTGTCAATAATGCTCT	0	0	0			0	102.3792697	0	62
ATTCGATTTACTTATGTGTGTATTTCGTAC	0	0	0			0	3.412642324	0	34
ATTCGCAAATTGACTCTTTTGTTAGCCCTT	0	0	0			106.1522989	17.06321162	0	6
ATTCGCAGACAGATGGGAAGTCTAGACACA	0	0	0			0	10.23792697	0	170
ATTCGCTTTGATACGGTTGTGGGACGGACG	0	0	0			35.38409962	23.88849627	0	11
ATTCGGCTTCGGGCATAAACAGTTTGATGC	0	0	0			0	17.06321162	0	2
ATTCGGGGTATGCACCAACGTTTATTTGTC	0	0	0			2.081417625	0	0	18
ATTCGGTTTCGGCTTGCAGGTATGGTGGTG	0	0	0			22.89559387	27.30113859	0	8
ATTCGTCATCATCCCGGGCACAGCGGCACG	59.72098581	7.937899543	50.6084425			0	0	0	178
ATTCGTCTATTTGCAAGGCTGTGATGTATG	0	0	0			10.40708812	68.25284649	0	223
ATTCGTGTTTATGATTTTATGAGATCGTAA	0	0	12.65211063			0	443.6435022	0	150
ATTCGTTATGGAAGTAAATAAGTCCTTTCT	0	0	0			0	313.9630938	0	150
ATTCGTTGAATCGCCACCCCGCGGGATAGC	103.862584	341.3296804	154.9883552			8.325670498	187.6953278	0	222
ATTCGTTGTGTTGTATGGAAAAAATGGTAA	0	0	3.163027656			0	0	0	1
ATTCGTTGTGTTGTATGGAAAAATGGTAAT	0	0	167.6404658			0	0	0	2018
ATTCGTTTTGGTATATCTTCAACACATTCT	0	0	6.326055313			0	0	0	21
ATTCTATAACGAATTTGCGTTTTGTCTCGG	0	0	0			0	3.412642324	0	2
ATTCTCCATGCAATTTGGATACGTTTAAAC	0	0	0			0	88.72870043	0	163
ATTCTCCTTGTTACTGCGCGGGAACTAAGA	6.491411501	0	9.489082969			10.40708812	0	0	1
ATTCTCTCATGAATCCGATTGGTGGATTCT	0	21.16773212	287.8355167			0	112.6171967	0	1792
ATTCTCTTTACGCATCGTCGACTGGTCGCG	0	0	0			0	20.47585395	0	2
ATTCTGGCATGTCGAGGATTTACCCGATGC	0	0	0			4.162835249	0	0	1
ATTCTGTAAAAGTTCGCGGGTGAATTGTGA	0	0	0			147.7806513	136.505693	0	22
ATTCTGTGTATCAGTGCATACTTGGTGCAT	0	0	0			0	92.14134276	0	24
ATTCTGTTTCACCGTACTTGAGACATGTCG	0	0	300.4876274			0	392.4538673	0	1393
ATTCTTACAGTGACGCAGACTGAGCTTAGA	5.193129201	0	0			0	0	0	2
ATTCTTCCTTTAGTCCTACGTCGCCGGGAT	0	0	0			0	10.23792697	0	86
ATTCTTCGAGACGCTTTTTCAGAGCGCAGG	202.5320388	640.3238965	34.79330422			0	95.55398508	0	133
ATTCTTGGTTCGTTAGCCGATCCCTAGCGA	48.03644511	63.50319635	0			0	17.06321162	0	10
ATTCTTTATAGCTCACTGCTGTCGTAAATT	0	0	0			0	92.14134276	0	2
ATTCTTTATTAGCTTGATGGGATCGTTGTA	0	0	0			0	20.47585395	0	3
ATTGAAAAAACTTGTTGTTAGTTGCCATCC	19.4742345	0	0			0	0	0	1
ATTGAAAGTTGGATAGGGATCCGGGGAGTG	0	0	0			0	3.412642324	0	71
ATTGAACGACGGAGGCTGCGTAGTTAACCC	0	0	0			108.2337165	30.71378092	0	5
ATTGAAGGTGAGAATGGAGTTGTTGCATCA	0	0	0			0	23.88849627	0	50
ATTGAATGATGACAGGTTCGGGGTGGGGGA	11.6845407	18.5217656	117.0320233			0	351.5021594	0	946
ATTGACGTTGCAGGGACAACGGTGGCACAC	0	0	0			0	375.3906557	0	89
ATTGAGATTTGGAGGGTGTATGGGTCTAGC	0	0	9.489082969			0	0	0	15
ATTGAGGGACTGTACACAAGTTTGGCCGGG	0	0	3.163027656			0	0	0	9
ATTGAGGTAATCCTTGTCGTAGAAGTTGGG	0	0	34.79330422			0	0	0	174
ATTGAGTAAATAGAATCTCGCCTAAGTCGT	0	0	0			126.9664751	34.12642324	0	65
ATTGAGTTTGGTGGTGGAAAGACGATGGGA	0	0	0			6.244252874	0	0	55
ATTGATTCTCCGAGTGTGGTTCTCCCCGTT	0	0	0			0	37.53906557	0	16
ATTGATTGTTCTTCTTTGCTTCCTATCGGG	0	0	0			0	10.23792697	0	1
ATTGCAAAACCGTAGTAGTGGAGTCATGCC	0	0	0			499.5402299	0	0	45
ATTGCAGAATGAGCGAAATACCCCGTTAGA	0	0	0			16.651341	0	0	280
ATTGCCCCATGGATGAAGTGGTGAAAGGGC	0	0	0			0	30.71378092	0	17
ATTGCGCTAGAATTAAAGGCATAGTACAGG	0	0	0			0	6.825284649	0	3
ATTGCGGAAATTAATACACTAAAAGATACG	0	0	0			0	30.71378092	0	53
ATTGCTAAAGTGATAAGGAGCGCTACGGGA	0	0	18.97816594			0	0	0	58
ATTGCTCCAAAATGTGTGACGAGTTGCATC	0	5.291933029	0			0	0	0	1
ATTGGAATTGTTATCGCTGTTATTAGACTC	0	0	0			0	95.55398508	0	30
ATTGGACCAGGGAAATAAAAACTTTCGTAT	0	68.79512938	211.922853			0	0	0	213
ATTGGACGTAGAAATATATCATCCTGATCA	0	0	0			0	47.77699254	0	5
ATTGGATAAGAAAGGCCCTCAACGCCATGA	0	0	0			0	13.6505693	0	5
ATTGGCAGTCGTGTGGAAGCTACATATTTA	0	0	0			0	23.88849627	0	5
ATTGGCATAAATACATATACCCTATTTTAT	0	0	0			0	13.6505693	0	21
ATTGGCATAACAAATAAGGAGGTCACTTGT	0	0	0			0	10.23792697	0	6
ATTGGCCCCGGGCAATACAAACTTTCGTAT	0	0	3.163027656			0	0	0	1
ATTGGCTGAATGTTTTGGCTGCCTGAGATG	0	785.8520548	0			0	621.100903	0	119
ATTGGGAAATGCTTCAAGTCGGATGGTGAT	0	0	0			0	34.12642324	0	53
ATTGGGATTGGATAATCAGACCCACCTGCT	0	0	0			0	17.06321162	0	36
ATTGGGCGTAGCAAATTGGACTTGGTCTGA	0	0	0			0	6.825284649	0	74
ATTGGGCTAGGTTTGATTATGTGCCAGTCC	0	0	0			6.244252874	3.412642324	0	2
ATTGGGTAAAGCGTAAGTCCACTGGAGCGC	0	0	0			0	23.88849627	0	55
ATTGGGTATAGTGGGACCACGGATCGCAAA	0	0	0			0	17.06321162	0	2
ATTGGTTCACATTTTTTTGAATTTAAATAA	0	0	18.97816594			12.48850575	170.6321162	0	520
ATTGGTTCTGCAAGAGTGGGGCTCGGGAGT	0	0	0			0	27.30113859	0	35
ATTGGTTGTCCGGAAGGTTTGGCCGTCAAG	6.491411501	0	0			0	17.06321162	0	8
ATTGTAAATAGTTATGGTTCCCATTCGTAG	0	0	0			0	604.0376914	0	7
ATTGTAGTATGGGTTCAGCCAGCACAGTGT	20.7725168	0	6.326055313			0	0	0	2
ATTGTATGTTACAAGGGGAGAGGCATATCG	0	0	0			0	3.412642324	0	57
ATTGTCACACACTCCGATGTATTACAAGTC	0	0	0			77.01245211	0	0	979
ATTGTCAGACCTTGGAGAGACTGGAGAGGG	5.193129201	29.10563166	0			0	0	0	19
ATTGTCGGAGAACGCGGTACTTTTTGACGA	0	0	0			0	3.412642324	0	6
ATTGTCGTAGGCTCTGGCTGTTGAGGGAAG	0	0	0			0	402.6917943	0	167
ATTGTCGTAGTGGTAGGGGATTATGCCGTG	0	0	0			1908.659962	0	0	2140
ATTGTCTGTAGGCGCATGTGTGTGGGCGGA	0	0	0			0	44.36435022	0	10
ATTGTCTTTCGAAGGTCGAGGGTAAGCGTG	0	0	0			0	590.3871221	0	20
ATTGTGAATCCCCTGGCACGAAGGTCCCTT	0	0	0			401.7136015	0	0	1315
ATTGTGGGTCCGAAGTTTGGTCTCCACGAG	0	1042.510807	1480.296943			0	0	0	2465
ATTGTGGTATATTCACTCTCAACATTCAAG	0	0	0			0	3.412642324	0	1
ATTGTGTTTACCTGGAATCGTCTGCATTCC	0	0	0			12.48850575	0	0	8
ATTGTGTTTTTCGACTATGGAACTTAGGTT	0	0	34.79330422			0	139.9183353	0	141
ATTGTTGGTTAGTTGCGTGCGGCCCTCATG	0	0	0			0	139.9183353	0	487
ATTGTTGGTTCTACAATTCTTATACCCGAG	0	0	0			0	13.6505693	0	3
ATTGTTTAAGAGTAGAAGAAGGGGGTAGCT	0	0	0			0	238.8849627	0	19
ATTGTTTTAATATAACCCGGGTGATTCACG	0	0	0			0	44.36435022	0	20
ATTTAAATTGTAGGGTAGACGCTCGTTTGC	0	0	0			20.81417625	47.77699254	0	36
ATTTAAGTTTGATTCGTTGGAGAAGAACGC	0	0	0			0	40.95170789	0	9
ATTTACAGTTACTATTATGGCCCTGCGGAT	384.2915609	214.3232877	0			0	88.72870043	0	99
ATTTACGTATATCTGCGACATATATGTGAC	0	0	0			0	10.23792697	0	2
ATTTACTGTCTAGGGGAGCGGTAGGGGATG	0	0	0			0	37.53906557	0	34
ATTTACTGTTGGTCTGCTGCGACTATGCTT	0	0	0			4.162835249	0	0	50
ATTTAGCATGGGGTCAATGATAATTGATGT	15.5793876	2.645966514	25.30422125			0	0	0	203
ATTTAGCCTGGAAGTACCAAGACCTGTTTG	0	0	0			16.651341	10.23792697	0	13
ATTTAGCTATGAGGCTGTTCAACGGAGGGA	0	0	0			0	6.825284649	0	1
ATTTAGTGACGGCCTGGGTCTTGGGATATA	0	0	0			0	13.6505693	0	45
ATTTAGTTAAATGGTCTGTCGATTAGTAGT	0	0	0			0	6.825284649	0	1
ATTTAGTTATAACGCGCAATGAACGAATGG	0	0	0			0	58.01491951	0	6
ATTTAGTTTTTGTGCGCGCCATCCCTAAAA	0	0	0			2.081417625	317.3757362	0	167
ATTTATGTTGCCTGTGTTTCTTTGCTCCTG	0	0	0			18.73275862	0	0	4
ATTTATTAATTCGCCATGAGCTCACCATGC	0	0	0			0	27.30113859	0	2
ATTTATTGTTCCAGTTGCATGTATATTAGT	0	0	0			0	184.2826855	0	355
ATTTCACGTGATGGATCAGAGAAGGCGTTG	0	0	0			0	23.88849627	0	108
ATTTCATATTCGGGGGTAGCTGGTAATGCT	0	0	0			20.81417625	0	0	2
ATTTCATGTGTGGCTGTCATCTAGAATAAC	0	0	0			0	324.2010208	0	8
ATTTCCAGATGTGTACAGGGGGAAAGAGTG	0	0	0			0	6.825284649	0	5
ATTTCCGCTTCTGCCGCATGTTCGCCTTAC	0	0	0			0	1006.729486	0	26
ATTTCGACAGTGTCCAAGAAGGGGCCAGCT	0	277.826484	56.93449782			0	71.66548881	0	74
ATTTCGACCGTGTCCACGACGGGGCCAGCT	0	2.645966514	0			0	0	0	1
ATTTCGAGAGCCAAGCGTCGTTGCTCGTCT	2.5965646	0	0			385.0622605	737.130742	0	1278
ATTTCTAGTTTAGATTTGTCAGTGGATAGC	0	0	0			27.05842912	0	0	2
ATTTCTCAAGGGGATTATAAACCCTTGGAA	0	0	0			8.325670498	0	0	2
ATTTCTTATTAGGAACTAGTGTATCGGTAT	0	18.5217656	28.46724891			0	10.23792697	0	156
ATTTGACAAAACGTCAAGAGGGGAAACTAA	0	0	0			0	40.95170789	0	116
ATTTGACAATACAAAAACAAAATTGTGTTC	0	0	0			6.244252874	0	0	1
ATTTGACGATAAGCGTTTAGGGGCAATGCA	0	0	0			0	6.825284649	0	6
ATTTGATGTAGGTAGGTACAGGATTGAGCC	0	0	0			0	13.6505693	0	20
ATTTGATTTTGGGCGTTGCTCGCTCCCGCG	0	0	0			0	6.825284649	0	15
ATTTGCCCAAGTGGCGTTTTAGTAGATGGG	0	0	0			2.081417625	3.412642324	0	2
ATTTGCGGTATAGGCGGGCACGGCTCGCCG	0	0	0			0	6.825284649	0	14
ATTTGCTCAATCACGGAAATAACAGCCTGG	0	0	0			0	10.23792697	0	1
ATTTGCTTACTCGAGGGGTGGGTCTCATGG	0	0	0			6.244252874	6.825284649	0	2
ATTTGGAAAATGCATCTAAGGCGTAGAGCG	1.2982823	50.27336377	25.30422125			0	3.412642324	0	22
ATTTGGAATATTAGCAATTAGTAACAAGTG	0	0	88.56477438			0	324.2010208	0	55
ATTTGGAGTTGAGTCCATGTTTAAATAAGG	0	0	0			0	37.53906557	0	13
ATTTGGCGTGGGGGTCCAGGGATGCATGGG	0	0	0			0	6.825284649	0	7
ATTTGGGATGGGACGACTCCAAGCGTCTGT	123.3368185	177.2797565	221.411936			10.40708812	68.25284649	0	54
ATTTGTGCAGGCAGTCGAGACACCTGTACT	0	0	0			0	13.6505693	0	15
ATTTGTGTTTAGGGTGCAAAGTTAATTTGT	0	0	15.81513828			0	0	0	31
ATTTGTTGATGATCGTCAATGCTCATTAAT	0	0	0			0	23.88849627	0	89
ATTTTAGTTAGGTGGACCAGCAGGCACCGG	0	0	0			0	20.47585395	0	9
ATTTTATATCGATGTAAAACGCCTCTGGCC	0	0	0			0	443.6435022	0	31
ATTTTATTAACGGCGGTTCGGCTTGGGAAA	0	39.68949772	28.46724891			0	2364.961131	0	651
ATTTTATTAGTTAATAAAAGATAACTGTGG	0	15.87579909	60.09752547			0	92.14134276	0	20
ATTTTCGCTAAGTATACTCTTCTTTACAGG	0	0	0			4.162835249	3.412642324	0	3
ATTTTCTGTACAATTCGCAGGGTCTCGGCA	0	0	0			0	3.412642324	0	51
ATTTTGAGTTAATTGGAGCGAAGCGAGGCT	0	44.98143075	0			0	6.825284649	0	1
ATTTTGAGTTATTCAAATTTTCAGTGTGCA	3.894846901	0	0			0	0	0	3
ATTTTGAGTTTGTTCATTTTAGAAAATAAA	0	0	18.97816594			0	0	0	1
ATTTTGCCTGTTTATTAAGATTGAGGGTGG	0	0	0			0	10.23792697	0	4
ATTTTGCTACCCGACACACGTCCCCCGGTG	77.89693801	3744.042618	3115.582242			0	450.4687868	0	71
ATTTTGGTAGTTGCTTAACCGCGAGCGGGT	3.894846901	26.45966514	9.489082969			0	61.42756184	0	1
ATTTTGTATCGGTGGCCTATAAATTGCTTC	0	0	0			18.73275862	0	0	1893
ATTTTTAAACATGCTTGTCGACTAAGATTT	0	0	0			0	13.6505693	0	489
ATTTTTCTACGTAAGCTGACTGGATTACTC	688.0896191	0	392.2154294			0	0	0	92
ATTTTTGAAGCTGTGCGCAAAGACGCCATT	0	2.645966514	0			0	0	0	1
ATTTTTTATGCTACATACGCTATCTTTGCC	9.087976102	0	6.326055313			0	44.36435022	0	19
CAAAAGCGTTGATTGACAAGGTGGCTTGGC	12.982823	15.87579909	6.326055313			33.30268199	204.7585395	0	48
CAAAAGTTATCTAGGAGTTTAGGAGGTTGT	0	0	0			0	395.8665096	0	75
CAAAATGTAAGGTATTCGGAACAACGAGTG	0	0	0			0	98.9666274	0	2
CAAACAACTTGTGAAGCCCGTGAGCCCACG	0	0	37.95633188			0	0	0	3
CAAACGACTTCCAGAGATCAAAACAGTATG	2.5965646	0	0			0	0	0	5
CAAACGCATGTGGTTGGAATTTTCGAATCA	14.2811053	10.58386606	0			2.081417625	0	0	18
CAAACTCCAGCTGGGTCAAAAAGGTCGGTG	0	0	0			0	10.23792697	0	4
CAAAGAGTTGGCTTTGTGCCCTAATTGACA	0	31.75159817	82.23871907			0	51.18963486	0	1
CAAAGCAGTTGGCAGATTGTTAAGGGAGGG	0	0	0			0	116.029839	0	254
CAAAGCGCTGTGTGAATGAGTCTTGTTTTA	0	0	0			0	3.412642324	0	12
CAAAGCGGACGGGAGTGGGCCAAGAGGAAG	0	0	0			0	416.3423636	0	14
CAAAGGAATGCGATACTGTCGGTTCACTAG	0	0	120.1950509			0	0	0	562
CAAAGGACTCTTGCTTCCATTTTTAGGGGA	0	0	3.163027656			0	0	0	36
CAAAGGTCAGTGCACTAATCTGTAATTGTT	0	0	0			6.244252874	1580.053396	0	106
CAAAGGTCTTGGACATCATTGATAGTTTCT	0	0	0			0	81.90341578	0	17
CAAAGGTGTCCCTCTCGGGGTATTGGAAGT	0	0	0			0	17.06321162	0	1
CAAAGTAAAGCCTGATTCGAGACCAACTAG	0	0	0			77.01245211	0	0	1430
CAAAGTATTGATTCTGTCTACTATCCATCA	0	0	0			0	3.412642324	0	25
CAAAGTCTATCGCAGCAGTAACAAAGGGAG	0	0	0			0	122.8551237	0	18
CAAAGTGCACGTCTGTGTATCGGGATGAAG	0	0	0			0	30.71378092	0	20
CAAAGTGCTAGTCTCAGTGACAGTCTGAAG	0	0	0			2.081417625	0	0	12
CAAAGTTGTGTGCTAGATAGAAGGATCTAA	636.1583271	5839.648097	1992.707424			0	13.6505693	0	2130
CAAATAGTTAGTCGGGTCTACAAAACGTAC	0	0	0			0	6.825284649	0	1
CAAATAGTTCGCAAGATGTTTCAGTCAGAC	0	0	0			0	10.23792697	0	4
CAAATCACATTTTTGCAACGGGGATAACTA	0	0	0			0	27.30113859	0	171
CAAATCGGAATTAAAGTATTTTGCCTCGTA	0	0	0			87.41954023	68.25284649	0	467
CAAATGAGTGCGCATCCCTGTTCCGAGTAC	0	216.9692542	0			0	146.7436199	0	4
CAAATGCGAGAGGTAGGTTGTATCCTTTCC	32.45705751	18.5217656	15.81513828			0	27.30113859	0	7
CAAATGGATACATGTCCTACTTTTGGCTAG	0	0	0			0	1173.94896	0	490
CAAATGGCAGGTCGGAGGTGTAATGTGGTC	0	0	0			0	3.412642324	0	10
CAAATGTGAGTAATCCGAATGGCTAGTAAG	23.3690814	216.9692542	192.944687			39.54693487	214.9964664	0	164
CAAATTCGATATCTATCCTGCGGCAGATTT	0	0	0			0	17.06321162	0	586
CAAATTCGCGCGGTAGGTTGTATCCTTTCC	0	0	3.163027656			0	0	0	1
CAAATTTCTTCTTGGCCGGTAGGGATTGCA	0	0	0			0	368.565371	0	599
CAACACCGTAATAGGCACGTAGCTGATTCA	0	0	0			22.89559387	0	0	11
CAACACGGAACCAAGTCGCCCGTTCTTTAA	0	0	0			0	13.6505693	0	31
CAACACTATCGCTCTCTCGGAGCGTTTCAT	0	0	0			0	10.23792697	0	3
CAACAGAAACGATTAGTACGTCCACGCGCG	0	0	787.5938865			0	0	0	216
CAACAGCCAGCCCGTCGGTCGTGGCGCGCA	0	0	0			0	6.825284649	0	28
CAACAGCGTGCATTACGTTTTGGGAGAGGT	0	0	0			285.1542146	0	0	224
CAACATCTTAAAAATTGGTTGGGGGAGGGG	0	0	41.11935953			0	232.0596781	0	6
CAACCCCTTTCGTCGAGCATTGTAACGGCT	0	0	53.77147016			0	0	0	2028
CAACCGGCACTACGGGTAAAGCTCTATACG	0	0	0			0	17.06321162	0	250
CAACCTGTAGGGTCAGTACGGTAGGCCAGG	0	0	0			0	3.412642324	0	3
CAACCTTAAGCAGTTGCGCAACCAGTATTC	0	0	0			0	13.6505693	0	1
CAACGATTTCGTGGAGGATAAGGCGCCTGT	0	13.22983257	0			0	92.14134276	0	16
CAACGCACATTATATTGAGCAAAAGTCTTG	0	0	18.97816594			0	0	0	20
CAACGCGCAGGTATTACGTCACCGGTTATT	0	534.4852359	0			0	6.825284649	0	10
CAACGGGTAAAAATACGGTTAGGCTAACAC	0	0	3.163027656			0	0	0	10
CAACGGTTTCGCAGTCCCCCAACGTTCAAG	0	0	0			0	34.12642324	0	15
CAACGTACAGCCTGATTCGAGCCCCACTAG	0	0	0			2.081417625	0	0	1
CAACGTCATTTGAACGTTACTGCAGAAAAG	0	0	15.81513828			0	40.95170789	0	357
CAACGTCGATTGGCAGTTCGAGACGAACAA	0	0	0			0	3.412642324	0	1
CAACTAAACAGTATATCAGGTGCAGTCTTG	0	2.645966514	0			0	0	0	1
CAACTGAGATGCAGAGCTATGCCTGCAGTT	0	0	0			0	23.88849627	0	4
CAACTGCCTGTTGGTAGGTCCTGTCACCAG	0	0	0			6.244252874	1313.867295	0	25
CAACTGGCTGGTTCTCGTTTTTGTGCGGTT	0	0	0			1024.057471	0	0	761
CAACTGGCTGGTTCTCGTTTTTTGTGCGGT	0	0	0			4.162835249	0	0	1
CAACTGGGATGGGTTACCGATGTTTCGTCT	0	325.4538813	0			0	0	0	9
CAACTTCATAGGGCCCGTGAATTGGCTACT	46.73816281	2.645966514	376.4002911			366.3295019	81.90341578	0	104
CAACTTCTAGTTGTGGACTCGTATCGAATC	0	0	0			29.13984674	293.4872399	0	76
CAAGAAATTTTTTTGTATGTTTATTTCCTG	0	0	0			29.13984674	0	0	7
CAAGAACTATTCTGTTCTTGCTGCGTAAAC	0	23.81369863	0			162.3505747	296.8998822	0	2274
CAAGAAGGTACCTTCGGATTGTCGAAGGCT	1.2982823	0	0			0	0	0	8
CAAGAAGTAAGGCAGATAAGTGCGATAAGG	0	0	0			0	30.71378092	0	1
CAAGACGCTGTTATGAAGCCATTGGTGGGA	263.5513069	127.0063927	196.1077147			0	116.029839	0	248
CAAGACGTACTCTTCTGTAGGAACTGTCTA	0	0	632.6055313			0	81.90341578	0	307
CAAGAGGCATGGCGGAACTGCGCTCGGCTG	0	0	0			16.651341	0	0	2
CAAGAGTTATCTTCCAGTATGCAGTTAACA	0	0	0			0	3.412642324	0	1
CAAGATATTACACAGGCTGGTGTGAATTTC	0	0	0			4.162835249	13.6505693	0	1
CAAGATATTTCGCTGTGTAGGTAGTATTAG	1.2982823	0	0			0	774.6698076	0	2243
CAAGCAAGTTGATAGTAAGTAGAGGATTCA	0	0	18.97816594			0	0	0	89
CAAGCCGCTAGATGCTCAAAGATCAGCGTA	0	0	0			0	6.825284649	0	1
CAAGCGCGTAGCAGCGTGGTGGGATTCCCG	10.3862584	23.81369863	9.489082969			0	13.6505693	0	14
CAAGCGTGTCCGTGAGGGGTCAGTGCTCCG	0	0	186.6186317			0	47.77699254	0	417
CAAGCTAATGCAACGGTGTAGTGCTCGAGG	0	0	0			6.244252874	0	0	41
CAAGCTATAGGGGGCGTGGAATGAGACGGC	0	0	0			0	3.412642324	0	1
CAAGCTTCTCAAGCCTTATAGAAGGGTTCC	0	0	28.46724891			0	0	0	10
CAAGGCAATAATGGGCCCGACGGTGTAATG	0	0	0			0	61.42756184	0	70
CAAGGGAGATATTTGAGAAGGATATCCCGG	0	0	0			430.8534483	0	0	5
CAAGGGAGTTTGTTACCACGTAGGACACCC	0	0	0			0	10.23792697	0	33
CAAGGGGATAGCCCAGGTGCGTCTGGGAGT	0	190.509589	423.845706			0	1487.912053	0	82
CAAGGGGTTATAGTTGTCAGACGTCGGGTG	0	0	0			0	10.23792697	0	37
CAAGGGTGACTTTAGTAGAAAAGAATGTGC	0	0	0			8.325670498	0	0	2
CAAGGTTGTGCTTCCTTCCACTTCGAGCGA	0	0	0			0	136.505693	0	63
CAAGTAGAAGTAATGTGGCTGCAGCGTGCG	0	0	0			0	6.825284649	0	7
CAAGTAGTTGCTTGTGCATTCGGGCCCCAA	0	0	0			0	23.88849627	0	155
CAAGTAGTTGTTAGTTTAGTTCGACGGAGG	0	0	0			10.40708812	10.23792697	0	11
CAAGTCGGTCCTCTTGAGTAAGTCAGACAC	0	0	227.7379913			37.46551724	78.49077346	0	308
CAAGTCGGTCGCGGATTTCATAAGGGGATA	14.2811053	10.58386606	0			0	6.825284649	0	1
CAAGTCTGTGCATGAACATAAGAGTGGGAG	33.75533981	455.1062405	142.3362445			0	47.77699254	0	4
CAAGTTGGAAAGATACATGAGGCGTTCCGC	0	0	0			0	13.6505693	0	2
CAAGTTGTATGTTCCTCGTCGTGGGGGGGA	0	0	0			0	3.412642324	0	10
CAAGTTTATTCTACGCCTGTTAACACGGGA	0	0	0			0	194.5206125	0	26
CAATAACCTTGGCCATCCTGACTATCGATG	0	0	0			0	20.47585395	0	39
CAATAAGGTAAGGATTTTGTCGGCCGCAAA	0	0	34.79330422			4.162835249	0	0	4
CAATAGACTCGGTTACATAAACCGCACGAT	0	0	0			2.081417625	0	0	502
CAATAGATTCTCGACGACAACTCGACTCGG	37.65018671	44.98143075	28.46724891			0	112.6171967	0	12
CAATAGGTTGCTACTCAAGGCCTCATGGGT	2716.006572	3751.980518	2773.975255			0	1607.354535	0	1967
CAATATTATATTTGATATTTATTTAAATCA	0	0	0			0	3.412642324	0	21
CAATCATCTGGCCCTCCTACCCTTACGCGG	0	0	6.326055313			4.162835249	0	0	1
CAATCATGTGGAATATCTAGCGAAGTCGCA	0	0	0			0	20.47585395	0	3
CAATCCCGATATGCAAGACTCTTGAGCATC	0	0	0			688.9492337	0	0	5
CAATCGCTATCAGTTTCTGAACTCAGTGCC	0	0	0			2.081417625	3.412642324	0	6
CAATCGGTTGGGGGAATTGTGTTTGGGCCG	0	0	0			0	13.6505693	0	818
CAATGAAATTGAGAATGATCCGACGAAACA	0	0	0			0	75.07813113	0	69
CAATGAAGACCCCGACTAGAGGCTTTTGCA	0	0	0			2.081417625	0	0	3
CAATGACTACACCAGATCGTTATAGATGAG	0	0	25.30422125			0	0	0	304
CAATGCATACATGAGGCAGGGCAATTAATG	0	71.44109589	28.46724891			0	71.66548881	0	5
CAATGCCATTAGGCGCGGGGCTAACCTGAT	0	0	0			0	6.825284649	0	7
CAATGCGCAGCATCTTGCACGTAGTTCCTG	0	0	0			49.95402299	0	0	185
CAATGCTTATAACTGCACTGAATCCAGGCG	0	0	0			0	61.42756184	0	7
CAATGGCCATATGAGCTCGCGGAGTCACTA	0	0	0			0	13.6505693	0	11
CAATGTACAAGAGTGTATGATTGCGTGAAA	0	0	0			2.081417625	0	0	277
CAATGTTCACAGCTCGTCTCTGTTGCGGCA	0	0	0			0	3.412642324	0	1
CAATGTTCTTACTCCGCTCTTCGACCAATG	6.491411501	0	60.09752547			0	75.07813113	0	3
CAATTATGACCTTTGGACAACGCCTTTTCG	0	0	0			0	3.412642324	0	4
CAATTATGTCCCGCCGATAAATCATTTGTT	0	0	0			0	30.71378092	0	8
CAATTATGTTAATCACGAAGGGCAAAGTAT	542.6820015	26.45966514	344.7700146			2.081417625	0	0	1926
CAATTCGGTACATAACTTTTCATCACAGCA	0	0	0			0	3.412642324	0	7
CAATTCTGTGTATACTAGTTCATTTTCAAA	0	0	0			0	3.412642324	0	10
CAATTGCCTTCGTGTTAGTGGCGTCTTCAT	0	0	0			10.40708812	0	0	6
CAATTGCGTGGTGTGAGTGAACTGTGAACC	0	0	0			0	17.06321162	0	293
CAATTGGCTTTATTTATTGCAACTCGATCT	0	0	0			52.03544061	467.5319984	0	72
CAATTTATACCAATATGGTCGTGCCCCGAT	0	0	0			0	13.6505693	0	4
CAATTTCATATTTTCGCTGAGGGGGTGGCT	0	0	0			0	6.825284649	0	4
CAATTTGTAGCTACTTTTTCGAGATTTGTG	0	0	0			0	344.6768748	0	416
CAATTTTATTGCAGTATTTTAGCCCGCTCT	0	0	28.46724891			0	13.6505693	0	4
CACAAAAAAACGGTGCTGATGTGTTTTCTG	0	0	0			0	3.412642324	0	8
CACAAGTTTTACGTAGACCAGACCCATAGC	0	21.16773212	0			0	0	0	534
CACAATGTAGATATCTCTCTAGACGATTAA	0	0	0			0	20.47585395	0	19
CACAATTAACAAGCATGGTGGTTATTTTAC	0	0	28.46724891			0	88.72870043	0	18
CACAATTCAGATCCCCACGCAGCTGACTCT	0	0	0			0	51.18963486	0	11
CACACAGATGATGCTGGAAGGATGGACGGT	0	0	120.1950509			0	201.3458971	0	16
CACACTAGATTCTTGCGAAAATTTTGCATG	0	0	0			0	13.6505693	0	247
CACACTCCTACATTAAAATGACATAGTTTT	0	0	0			0	17.06321162	0	1
CACACTGTAGCGCGGTTGGATTTGCCCACG	0	13.22983257	0			0	0	0	70
CACAGAGGACCTGATAGGGCCATAGATAGG	0	0	0			33.30268199	143.3309776	0	16
CACAGCGGAGTCGAGGGATGTGTCTGGGTC	0	0	0			0	34.12642324	0	9
CACAGTCTTGTATACTGCCAGGGTAAACGT	10.3862584	0	0			0	0	0	3
CACAGTGCTTCTTGGCTCGTTTCTCACGTC	0	0	0			2.081417625	6.825284649	0	4
CACATAGATGTTTGACGCGCGTCGGGTAAG	0	0	0			0	58.01491951	0	10
CACATCCGACCTAATGTGATGTAAACCGTG	0	0	0			0	64.84020416	0	55
CACATCCGACTTATTCTAGCCAGGTATTAC	0	0	0			0	784.9077346	0	754
CACATCGATAGTGGGGCATCGTGCGCAGTG	0	2.645966514	0			0	0	0	3
CACATGCTTAGAGAAGCTCGTTGCAAGTTC	0	0	0			0	20.47585395	0	9
CACATGTCTCGGGGGGGTTTATACAAATAA	0	0	0			0	10.23792697	0	4
CACATTCGATGCAACAGGGGTACGCGAAAC	0	0	0			0	1300.216726	0	82
CACATTCGCTATCTCTCCTGCGGCAGATTT	0	0	0			0	3.412642324	0	1
CACATTGTTGTGTACTTAATACCGATGTTT	0	0	0			33.30268199	20.47585395	0	14
CACCACGCATTGTTGGTTCGTCAGGCTCGG	151.8990291	26.45966514	145.4992722			0	0	0	56
CACCAGAGACATCTGTGAAACATTTTGACT	10.3862584	5.291933029	63.26055313			0	0	0	9
CACCATAGTCAGCTGGAGCAGAATGATCAT	23.3690814	39.68949772	0			0	17.06321162	0	6
CACCATTAAAAACGAAAATAGCGAGTGGAC	0	0	9.489082969			0	0	0	17
CACCCAAGATAACCCAGGCTGAAGATCTCT	0	0	0			0	37.53906557	0	2
CACCCCGAATGAATCTAACGATGGGTATTG	148.0041822	31.75159817	0			0	0	0	2
CACCCCTTAATTGCTACTTAATGTACGAAA	0	0	44.28238719			0	0	0	85
CACCCGACTCATCCACTCGGCTTCGATAAG	0	0	0			0	174.0447585	0	81
CACCCTAATGATATAGGAGGTTCATTAGCT	0	0	0			41.62835249	225.2343934	0	291
CACCCTGCTCGAGCGATAACTTCTACGCGG	106.4591486	775.2681887	455.4759825			0	245.7102473	0	113
CACCCTGTTCTGGAGCTCCGGGAACTGTTA	0	0	0			203.9789272	3.412642324	0	36
CACCGATAAGGGGAGGGAGGGGGAAACTGG	0	0	0			0	17.06321162	0	15
CACCGGTTACAGTTGTCGTGTCGGAGGACG	0	0	0			4.162835249	6.825284649	0	3
CACCGTGCACATCGGTGGTCAAAACTCGGC	0	0	483.9432314			0	0	0	1485
CACCTATAAACTTTCCCTGGTTTAGGACAG	0	0	53.77147016			64.52394636	143.3309776	0	1037
CACCTCGATACCAAACAGGGGTACGTTTAT	9.087976102	71.44109589	404.86754			0	126.267766	0	206
CACCTGAAAAAGTATTAGTAATATCGGTTT	0	0	63.26055313			0	0	0	4
CACCTGGTTGGGCTCGGAATGTCGAATCAG	0	0	0			0	6.825284649	0	49
CACCTGTTTCTAAAGTCGTCTATAACCATC	0	0	34.79330422			0	0	0	12
CACCTTCATAATGGGGCTCTGATCACAGCG	0	0	0			0	3.412642324	0	3
CACCTTGATTTATACTCGCATGTCTTAGTA	0	0	246.7161572			0	0	0	477
CACCTTTCATAGTATGCTTCCCCTGAAATA	0	0	28.46724891			0	47.77699254	0	397
CACGAAGGTACGTGTTGGCGATAAACATGA	28.5622106	21.16773212	9.489082969			12.48850575	6.825284649	0	1
CACGACTATTGAGCCGATTCCGTAAGATTA	0	0	0			0	3.412642324	0	3
CACGATGCTTATAGCATAAACGGCCTGCGC	0	0	0			0	17.06321162	0	8
CACGCAAGTGCAACTGGCCCGTGGCTGACA	0	0	0			0	54.60227719	0	9
CACGCATGACCTGATCTGGGGTATTTGGGG	0	42.33546423	0			0	0	0	2
CACGCCACAGAGGGATGCCGATGGGTGGGT	0	0	0			0	3.412642324	0	1
CACGCCTTTGCTTAGTATATCGGAGAACTG	0	0	0			0	20.47585395	0	204
CACGGACATGCATGCATTTCACGGTCGTCG	0	0	0			6.244252874	10.23792697	0	91
CACGGACGACTAATCCGGTGAACACCGTAT	0	0	0			0	6.825284649	0	17
CACGGCCGACAGTGGGAACCAGGGCGCTGG	0	0	0			0	20.47585395	0	57
CACGGCTCAAAATTTTAGCCGCAAGGTGAT	0	0	0			0	61.42756184	0	1
CACGGCTGTTGTGGCGTAAAAAGAATTACG	16.8776699	2.645966514	0			0	81.90341578	0	34
CACGGTAGACGGGGGGCGAGGGACTAGCAG	0	0	0			0	30.71378092	0	20
CACGGTCCACCGCTAGAGGACCAGGAGTCG	358.3259149	420.7086758	180.2925764			0	375.3906557	0	20
CACGGTCTTTTCTTGACGGCTTCTTCACCT	0	0	0			0	139.9183353	0	61
CACGGTTGTGTCGTGCAACGATTATGCAAG	9.087976102	0	9.489082969			0	0	0	2
CACGGTTTACTAAGTATATAATTGTCTTAA	0	0	0			0	13.6505693	0	1
CACGTAAGTACAGATAAAATACTCTGCATA	0	0	0			0	3.412642324	0	5
CACGTACATCTAGGTTACATTTTATAAGAG	0	0	0			0	44.36435022	0	165
CACGTACATCTAGGTTCCATTTTATAAAAG	0	0	0			0	3.412642324	0	1
CACGTACGACGTCGGGTACGGCAGTAATTG	0	0	0			0	303.7251669	0	212
CACGTAGTAGATCCTTCAGCCGGAAGATTG	0	0	0			0	13.6505693	0	16
CACGTATTACGGATAACGATCGTATAAGTT	0	0	0			0	293.4872399	0	756
CACGTCCGATATAGTCTTCGTTTATCTGAC	0	0	0			95.74521073	47.77699254	0	49
CACGTGAAAGATGTTCTGACTTTCTGGTGG	0	0	0			0	136.505693	0	71
CACGTGGCAGGATGCTTGGGGGTGTGGAGG	0	0	12.65211063			0	0	0	27
CACGTGGCTTCGTTTTTTCCCTCAGTGCAT	0	0	0			0	10.23792697	0	5
CACGTTACTGGGCCCTATGGAGGGTTCGGT	0	0	3.163027656			0	0	0	19
CACGTTAGAGATCGAAACAACTGGGGGGTA	0	0	0			0	34.12642324	0	61
CACGTTAGAGGGGTAATCCTCTGTGGGCGG	0	0	0			2.081417625	0	0	5
CACGTTATATGCCATTTGGGGAATTTATTC	0	0	9.489082969			0	0	0	19
CACGTTGAAGTGTGAAACCGGAAAGTGCTT	0	0	0			0	23.88849627	0	7
CACGTTGGACGGTTACGGTCAGGAAGCATG	0	0	0			0	20.47585395	0	12
CACTAACAACCGGTGGTGTTTTGCGATAAA	0	0	0			16.651341	78.49077346	0	62
CACTAAGATATGTGATCTGACGCATATGTA	0	0	0			93.6637931	30.71378092	0	146
CACTAATCACATCTGATAACCACTCTTAAT	0	0	0			0	6.825284649	0	11
CACTACTTTTTAGGTTAGTGGAGTTCAAAC	0	0	0			0	3.412642324	0	1
CACTAGAGTTGTACGTTTGGCGTGTGGGGC	0	0	44.28238719			0	0	0	2
CACTAGGGAACGTTCCACAAAGGTATAGAT	0	5.291933029	0			0	0	0	18
CACTAGTAACGGACTCAAAACAAATGTGAT	0	0	0			58.27969349	160.3941892	0	151
CACTATTCTACGTTACTCTTAAAGCTCGCT	0	0	0			0	3.412642324	0	4
CACTCAAATTGAAACAGATATACGTTAAGA	0	0	0			430.8534483	75.07813113	0	120
CACTCCATACCCTCCTCCGTAGCGCGTTCC	0	0	0			736.8218391	40.95170789	0	45
CACTCGGCACGGTCAGTCACGCTTCGAATC	0	0	12.65211063			0	27.30113859	0	15
CACTCGTAATGATGTTAAATAATAGGTCGT	0	0	0			0	597.2124068	0	897
CACTCTAAAGCACAAGTTGTCAGGTCAACA	15.5793876	0	0			0	0	0	8
CACTCTAATCTGCGTTACATCCATGTCCAC	0	2.645966514	0			0	0	0	1672
CACTCTCGAGTTGACTGATTATCATCCGGG	0	0	0			0	13.6505693	0	1
CACTCTGGTTCGTTACTAGGACGTGGGTGG	0	0	0			18.73275862	266.1861013	0	19
CACTCTGTTATAAATGTTTGGTCCATCTTT	0	0	0			43.70977011	0	0	269
CACTGAGGAGGGGTTGAGGTCTGGATGGGG	0	0	0			0	10.23792697	0	10
CACTGAGTATAAAATGTGGGTGGCTCATTT	15.5793876	10.58386606	0			0	20.47585395	0	71
CACTGATCTTGTGATTATAACTATTTATTT	0	100.5467275	632.6055313			0	675.7031802	0	3111
CACTGGTGAATTGGATCCGCAGTGCAGTGG	0	18.5217656	22.1411936			0	0	0	14
CACTGGTTAAGCATGGTAAATGGGTAAACG	0	0	0			0	440.2308598	0	39
CACTGGTTATCCCTAGGGGCTGCATGCGGG	15.5793876	2.645966514	0			0	0	0	11
CACTGGTTTGTTTGGGGGAAATAACAGGGT	0	0	0			6.244252874	0	0	2258
CACTGTAATCGTTTGCCCGCTAAGTACTTA	0	0	28.46724891			0	0	0	33
CACTGTACTCCATCCGTATGCTCTTGCGGG	0	23.81369863	0			0	0	0	18
CACTGTCATGGACTGGCGTTATATGGGGTC	0	0	15.81513828			0	0	0	1
CACTGTGGACCTATGGATGGATTGCAACAT	0	10.58386606	0			0	0	0	2
CACTGTTTACTGTGGGCATACGAGAGCAGT	0	1762.213699	1442.340611			0	1051.093836	0	1763
CACTGTTTTACTGTGGGCATACGAGAGCAG	0	10.58386606	0			0	0	0	3
CACTTAAGTAGGGGGGCTTTGCGTACGCTT	0	0	0			0	13.6505693	0	4
CACTTATTTACTGGAAACTCTTCTCCCGTC	0	0	0			813.8342912	429.9929329	0	46
CACTTCAGTTAACGCAAGTTGATCCGCTAG	0	235.4910198	275.1834061			0	255.9481743	0	541
CACTTCATAATTGCACACCAGTACGGGGAG	0	0	0			0	10.23792697	0	1
CACTTCCTATCCCCCTTTACTTTTTAGCTT	67.51067961	0	0			0	191.1079702	0	77
CACTTGCTACACATTTATGCGTCTACCGAT	20.7725168	29.10563166	0			0	0	0	6
CACTTGGGTGCCGGGTGCGGTAGGGGGCGC	5.193129201	13.22983257	6.326055313			0	3.412642324	0	1
CACTTGTAACGCGAGCGGCCTCTGGACGAG	19.4742345	5.291933029	41.11935953			0	88.72870043	0	47
CACTTTACTATCTGCAAAGCTGCGGGGTAT	0	0	0			0	303.7251669	0	21
CACTTTGTTTCTGCGCCAAGGTGGGCGGCG	0	0	0			0	37.53906557	0	1
CAGAAACAACGATGGCGAGGTCGTTTGATC	0	0	18.97816594			0	0	0	5
CAGAACACATGACGTTAGGCCTAGTCTGGG	2.5965646	0	0			0	0	0	1
CAGAACAGACTTATTAGGCAAAAAGAGGAA	0	0	12.65211063			0	0	0	120
CAGAACATTTCTTTTACAGGAAGGTGTTTC	0	13.22983257	0			0	0	0	15
CAGAACCCAGGGGGCTGTGTGGACAAGGCC	0	0	0			12.48850575	6.825284649	0	5
CAGAACTGTTGTGTTTAGCCAAATTCCAGA	0	0	0			0	866.8111504	0	364
CAGAAGGTTGTTGGAGGTGGCTGTCGACAC	0	965.7777778	173.9665211			0	296.8998822	0	35
CAGAAGTCAGTGATACCCGAAGCCATGAAA	0	0	0			62.44252874	0	0	139
CAGAAGTGTCCCCCATGCTAAGGTGGTCGG	0	0	0			0	85.31605811	0	1
CAGACAAATACCCGAAGGTCGAGCGCGTTG	0	0	0			0	235.4723204	0	27
CAGACGAATCATGGACGTTATGCGGGTTTT	0	0	0			0	13.6505693	0	6
CAGACGTTTGTGTTCACGTGCTCTCGGAAA	0	0	0			4.162835249	0	0	2
CAGACTAATTAAACAAACGGGGAGGGGGCA	0	0	0			0	3.412642324	0	123
CAGACTGCAACGAAGTCAGGTAGGGCGTGT	325.8688574	357.2054795	12.65211063			0	23.88849627	0	25
CAGAGAACTCCGGTTGTATAGCCTGACTCG	0	0	0			0	23.88849627	0	8
CAGAGAGGTGTCTCACCTCCATATCTTGGA	0	0	0			0	10.23792697	0	1
CAGAGATAAGCTTTAGGAGGCGCAGCCGGC	35.05362211	7.937899543	192.944687			16.651341	0	0	36
CAGAGATTACATCACGTTTCAAACGTGCCG	0	2.645966514	0			2.081417625	6.825284649	0	1
CAGAGCCTAAGAAAGTTGTCAGCAAGGGTT	0	0	31.63027656			0	0	0	57
CAGAGGAAATTATTTGTAGGAGTGTTGGGC	0	5.291933029	0			0	17.06321162	0	23
CAGAGGTGTTCAAAGGGCTTGGGATTCGTA	0	0	0			0	23.88849627	0	56
CAGAGGTTAGTGATAGAGTAATGTGCCCAC	0	0	0			2279.152299	0	0	2229
CAGAGGTTCGTGATCGAGTCATGTACCCAC	0	0	0			2.081417625	0	0	1
CAGAGTCCTGGAAGGGGGGCGTTGGCCGGA	0	0	0			0	10.23792697	0	75
CAGAGTGATACTGCTTTGGACGTGCGGGAG	0	0	0			0	3.412642324	0	1
CAGAGTGTATCATGAGTGTAGTGCTAGCTT	0	0	0			0	10.23792697	0	1
CAGATAAATTCACGCGCGCTAGAGGGCATT	0	0	0			697.2749042	737.130742	0	2327
CAGATAAGTTGCGTGGGACGGCGCCGTTCA	0	0	0			0	3.412642324	0	3
CAGATAGGTCGGGTCCGATTGAGGGCGGGC	0	0	0			0	13.6505693	0	24
CAGATATAAGTCAGGGGGGCTAGCTAGGCA	25.965646	0	12.65211063			0	6.825284649	0	97
CAGATCAGTTGGTAACGTAAACCCAGAATT	0	74.0870624	6.326055313			0	54.60227719	0	13
CAGATGAGTGGAACGACGCGCACGCCCCTT	0	0	0			0	6.825284649	0	1
CAGATTGGTTGCGGTACCCGGGATCAGAAG	0	0	0			12.48850575	1829.176286	0	180
CAGATTTGTTCCCAAATCGTATCCGATTGA	0	0	0			0	10.23792697	0	2
CAGCACATTCTGTAATAGTTTTGCAAGCGC	0	0	6.326055313			0	54.60227719	0	531
CAGCACCGACTGATTCTCTCTCAGGTTGGG	0	0	0			0	10.23792697	0	1
CAGCAGAGTTGGTATTGGGTATGACCAGAT	0	2.645966514	0			16.651341	71.66548881	0	102
CAGCAGGCTTGTAGAGGCGTAGGGTGCGTT	0	0	0			0	78.49077346	0	84
CAGCATCTTGGCTTCATCCTAAACGCGCCT	18.1759522	74.0870624	31.63027656			0	13.6505693	0	2
CAGCATGGAACGTCGTGGAGGCAAGAGCGC	0	10.58386606	0			0	20.47585395	0	277
CAGCCCGTTGGGTATGCTTGACACGACAGG	0	0	0			6.244252874	64.84020416	0	6
CAGCCGTGAGCGCCCCGGGCTCAAGACAGC	0	0	0			0	1730.209658	0	472
CAGCCTTTAGATGGTCAGTGGGGGGGCCGG	58.42270351	44.98143075	673.7248908			0	0	0	1
CAGCGATCTAGGGCCATGAGTTGGGGCTCA	0	0	0			77.01245211	0	0	40
CAGCGCAAACGCCGCAAAGTTATGGGATGC	0	0	75.91266376			0	119.4424814	0	81
CAGCGCCTAGGGGGGCTCGGCGTCGGGCAT	0	0	0			0	6.825284649	0	1
CAGCGCGGTCACAGACACGAGTGCCATGGT	0	0	47.44541485			0	10.23792697	0	7
CAGCGGAGAAGTAAGGGGGGTCCCGGCGGT	0	0	0			14.56992337	23.88849627	0	23
CAGCGGAGTAGGGGTTTGGGGCGGGTGTGC	0	0	0			4.162835249	327.6136631	0	5
CAGCGGAGTCACTCATTTACGACCGATTAT	0	0	0			0	81.90341578	0	46
CAGCTAGGTGTTTGGAGTTGATTTTGATCC	0	2.645966514	0			0	13.6505693	0	1
CAGCTATTATATATTGAAAGCATACTAACC	0	0	72.7496361			0	0	0	1
CAGCTCAAAAGCTATTTTTGTTCAGTCGGA	0	0	126.5211063			0	0	0	3
CAGCTGCATGGCTACTGGGGACATTTCTAT	0	0	0			8.325670498	13.6505693	0	2
CAGCTTAAAATGTCGTATGAAAGATTCTCT	0	0	0			347.5967433	13114.78445	0	3399
CAGCTTATAATAGGTTTTGTAGTAGATAAG	0	0	3.163027656			0	0	0	40
CAGCTTGATTGTGCTATAGTCTGAGCCCTT	38.94846901	23.81369863	0			0	0	0	31
CAGCTTTCAGGGTCAAGTGGTTTGTGTTGA	0	0	0			0	3.412642324	0	1
CAGGAAAAATTCGATGACGGTAGTTTCGTA	0	0	0			172.7576628	23.88849627	0	156
CAGGAAGAAAGGCACGTATGCAATGGGCGG	0	0	18.97816594			0	0	0	987
CAGGAAGAAGACGTGGTAAGCGCAACAAAT	0	0	0			1161.431034	0	0	33
CAGGACCCCTTCGATGACGGTCGTTTCGTA	0	0	0			2.081417625	0	0	1
CAGGAGACATTTCGCGGAGCGGGATTCATC	0	0	0			0	3.412642324	0	56
CAGGAGGCAAACCGACTTACGTTACTGCCA	0	7.937899543	44.28238719			0	20.47585395	0	131
CAGGAGTGTTGTGGTTAATGTTAGCCCCTG	0	34.39756469	0			0	17.06321162	0	1
CAGGATCCAGAAGTGCAACAGTCTTTGACT	0	0	0			0	1061.331763	0	1820
CAGGCAGGTCCGAGGGAGTTGGATTCCTGA	0	0	0			10.40708812	0	0	2
CAGGCATGAGTACCAGAACAAAGGAGCTGT	0	0	0			0	17.06321162	0	6
CAGGCCAATTCGTTGGAGCCGGAGTTATGC	0	0	0			0	37.53906557	0	250
CAGGCCGTTGTGCTTCGCCCATTGGATGTT	0	31.75159817	0			0	23.88849627	0	74
CAGGCGCATCGCTAGAATGTGCGACCGTGC	0	0	0			0	116.029839	0	783
CAGGCGTGATTGCTCGAATTTGATGTAGGT	0	0	0			0	23.88849627	0	111
CAGGCTGAACGATAGCATTGGGGGGGAATT	0	0	18.97816594			0	0	0	22
CAGGGAATTGGGTCTGTTGGACACCATGTC	0	0	0			0	23.88849627	0	1
CAGGGAGGTAGACGAAGCGGCGGCTCTTGA	5.193129201	201.0934551	56.93449782			0	0	0	99
CAGGGCGCAGTCGTACGTCTTGACCAGGGT	0	0	0			2.081417625	0	0	9
CAGGGGAATGGGGGCGACTAGTGAGATCAT	0	0	0			0	17.06321162	0	18
CAGGGGAGTGGTGCGGAAGGTCACATTGCA	0	0	0			0	20.47585395	0	1
CAGGGGCCAGTGGATTTGTTCTGTTTTCGC	0	0	9.489082969			0	30.71378092	0	32
CAGGGGCTTTCGGAAGGTGTGTGTATGATA	36.35190441	15.87579909	6.326055313			0	54.60227719	0	30
CAGGGGGAATCGTGGAGACTATCCGGTTGT	0	0	0			0	3.412642324	0	4
CAGGGGTAAACCTCTCTTAGGAAACCGGAT	0	0	0			0	143.3309776	0	118
CAGGGGTCAACTGAATGCGGGGGAGGGAAT	0	0	0			0	3.412642324	0	34
CAGGTAACTATGAGATCAAATTTGCAGCTA	0	0	0			0	4723.096977	0	754
CAGGTAATTCTTTCTCACTAGAGTTGATAA	1.2982823	2.645966514	3.163027656			0	3.412642324	0	6
CAGGTACATACTATAAACGTTTTGCGATAT	0	0	0			0	75.07813113	0	9
CAGGTACGTCAAGGGTTGGGTCTGGTTTGG	0	0	0			0	51.18963486	0	77
CAGGTAGTTATGTGTGCTTTATCGCGAGCA	0	0	0			0	6.825284649	0	1
CAGGTATGTTTTTCTTAGCATACTAGTAGT	10.3862584	0	0			0	0	0	4
CAGGTGGGAGCTTACAGACAAGTAAGAGAC	0	0	0			0	10.23792697	0	62
CAGGTGGGTGGGGTAAACTAGATTCTATGC	0	0	0			0	3.412642324	0	46
CAGGTGGTACAAAGGGCACCTGCATCAATC	0	0	3.163027656			0	0	0	1
CAGGTGTCAAGGATGTGGAGATAACAGGGA	0	0	0			0	37.53906557	0	121
CAGGTGTCTGGCCGGAGGTCTGATCCCAGC	0	5.291933029	0			0	10.23792697	0	2
CAGGTTAGTTCCAAGGGGGGGTTGTTAGAA	0	0	44.28238719			0	0	0	533
CAGGTTGGAGTGGGGAAGCCTGCTGCCGCT	0	0	0			8.325670498	0	0	43
CAGGTTTCTTAGGCATTCAGCTGACATGTG	0	0	0			0	6.825284649	0	6
CAGGTTTGAGGTCTATGTTGGCCTACCGCA	0	0	0			0	51.18963486	0	394
CAGTAATTTATGGAGTTTTATGGGCCTTCG	0	0	0			0	6.825284649	0	59
CAGTACAATCGGTTCCGGCCCCGTCCAAAG	22.0707991	129.6523592	294.1615721			0	20.47585395	0	96
CAGTACAATGTACATTTGATCCCACACTTG	0	10.58386606	0			0	0	0	15
CAGTACGCTTCGTTCCCATATGATATAAGG	0	0	0			0	6.825284649	0	3
CAGTAGCAAAAGATTATCGGTGGAGGTTGG	0	0	0			47.87260536	0	0	400
CAGTAGCCATACATGAAGTGACGTTCTAAC	0	0	0			0	10.23792697	0	14
CAGTAGTATGTATTTTCGTGGGCCCTGCGT	0	0	0			33.30268199	20.47585395	0	1
CAGTATATTTACTTCGATGGAGTCTGAAAT	114.2488424	161.4039574	88.56477438			0	0	0	165
CAGTATCATTGCTGTCTTATCGTAGTTGGA	0	0	0			22.89559387	0	0	1796
CAGTATGCAACAGATCAACTCAACCATTGT	0	0	63.26055313			0	0	0	45
CAGTATTGTAACCAATTAATTACATCACCT	0	0	0			0	160.3941892	0	514
CAGTCAGCAAGTCATGGGGGTCGTCTGATT	0	0	113.8689956			0	3272.723989	0	1277
CAGTCCAAATGAGGCGCGAAAGCTAGATAA	0	0	0			0	129.6804083	0	13
CAGTCCTGATATTCGTGACCGTCACTGAAC	0	0	0			0	17.06321162	0	4
CAGTCGAAATGGACGTGCTAGTGGTGAACA	0	0	0			0	3.412642324	0	1
CAGTCTCGATTTGCTCCCTGTCCATTTATA	0	0	0			382.9808429	679.1158225	0	487
CAGTCTTGTTACGTCAATTTCGGGGGAGAA	5.193129201	7.937899543	0			0	40.95170789	0	15
CAGTCTTTTTTGAACTTGACGAGCAATGTA	0	0	9.489082969			0	0	0	1
CAGTGAAGTCATGCTACTCGCTGGGGGTAC	0	0	0			0	6.825284649	0	34
CAGTGATCTTCCGATGCCCGTGGTCTATCG	0	0	0			0	3.412642324	0	15
CAGTGCAAACTTTTAGTTGGATGCGGGCAT	0	0	0			0	20.47585395	0	15
CAGTGCAGAACGTCCACTCGTCAATTGTTG	0	0	0			0	150.1562623	0	119
CAGTGCAGTCTCGAGTGTTCCAGAGGCGAC	0	5.291933029	0			0	0	0	18
CAGTGCCGATTATCCACCATTCTTTCTGCC	0	0	0			0	348.0895171	0	14
CAGTGCGCTCTTCCGGGCCGAGGAGGACTG	0	0	0			0	20.47585395	0	48
CAGTGCGGAGCACCGGTGTTTATGCGTGTG	0	0	0			0	3.412642324	0	1
CAGTGCGTTTCATGAGGTGTGGATTGCGTT	0	0	0			0	10.23792697	0	7
CAGTGCTAAGATGGCTTATCGTACTAAAGT	0	0	0			2.081417625	37.53906557	0	114
CAGTGCTTTGTCAAGTCCGCTGAGTAAACC	0	23.81369863	56.93449782			2.081417625	27.30113859	0	6
CAGTGGTTTTAATTTACCTAGTGGTAAATG	0	5.291933029	0			0	0	0	6
CAGTGTACAATGACGGATTATATCCCAACT	0	0	0			0	3.412642324	0	1
CAGTGTACTAGGCTTAGGAGCGTTTGCGTG	0	0	0			0	13.6505693	0	26
CAGTGTGAAAGGTTGCTGTGTTATTCGAGG	0	0	34.79330422			0	0	0	4
CAGTTACGATCTGTGGGCTGACATTGCTAC	0	0	0			0	105.7919121	0	20
CAGTTCAATGATGGGACTGCGTGGGGAGAG	0	0	0			0	10.23792697	0	102
CAGTTGTGTAGGTAAAAGTTTTTGGGCTCT	0	0	6.326055313			0	0	0	5
CAGTTTCCTATAAACGACTCATAGGTGGAC	5.193129201	0	3.163027656			0	6.825284649	0	29
CAGTTTCTAGGACAGTTTCGTCCCCGGGTT	0	0	0			0	1153.473106	0	1184
CAGTTTCTAGGACAGTTTTCGTCCCCGGGT	0	0	0			0	20.47585395	0	7
CAGTTTGGAGCGGCCACCGGGGCGTTGAGA	0	7.937899543	0			268.5028736	621.100903	0	56
CATAAAATTTCTGCTTGAGAGGGCAGCGTC	0	0	0			18.73275862	0	0	1
CATAAAGGTCTTGGGTCGTCTGGGGGGCGG	0	31.75159817	0			0	139.9183353	0	19
CATAACGTTCAGTGGACCACCCACACACGC	176.5663928	132.2983257	0			0	0	0	40
CATAAGGATGGGTGTAATGGAAGGGGGGAG	0	0	0			6.244252874	0	0	2
CATAATTCAAATACCCTGCCGTTATTGGAT	0	0	0			0	150.1562623	0	1291
CATACCATTCTATTAGACAATGGATATATC	0	7.937899543	0			0	13.6505693	0	61
CATACTCGTCTGCGTGACTAAGAGTGAGTG	0	0	0			47.87260536	47.77699254	0	133
CATAGAGTTAAGGGTGGGGCCTTGGTGAGG	0	0	0			0	10.23792697	0	2
CATAGCACAGGCCGTTCCGCCCCAGGTGGA	9.087976102	0	3.163027656			8.325670498	129.6804083	0	29
CATAGCTGATTAATTGTGTTGATAAGTACA	0	0	0			0	3.412642324	0	5
CATAGGAAACTAAATTGTAGCACGATAGCT	0	0	0			0	3.412642324	0	1
CATAGGCAAGACTTGTACCAATTAAACAAG	351.8345034	264.5966514	37.95633188			0	0	0	14
CATAGGGGTTGCAATGCGCGTATTGCGGTC	0	0	0			0	6.825284649	0	1
CATAGGTCATGGTTGGTTGCTTTATTCGGG	0	0	0			22.89559387	423.1676482	0	33
CATAGGTTTCTAGAGTCTAGCGAGCCAAAG	0	0	0			0	30.71378092	0	57
CATAGGTTTTTGATTAAAATGGAGGTTACG	0	0	0			0	3.412642324	0	14
CATAGTGCTGATCACGTTGTGCACTAATTA	0	0	0			0	17.06321162	0	73
CATAGTGTTCTTAAAGGGATTGCAGTTGTC	0	0	0			6.244252874	58.01491951	0	28
CATATACATCTCGATTCTCTGTGGGGATCT	0	0	0			12.48850575	0	0	123
CATATAGAATTATCCTCTATATACAGCCTG	0	0	158.1513828			0	0	0	1140
CATATAGACTTCTCCTCTATCTACAGCCTG	0	0	3.163027656			0	0	0	1
CATATAGTTACCGTTATAACGGTGAGGGGA	144.1093353	97.90076104	28.46724891			6.244252874	20.47585395	0	3
CATATATATGATTGGTAAATCAAGTTGCGG	0	0	0			0	416.3423636	0	3
CATATGAGTGTACTAGGGCCTAGGGGAACG	0	0	0			0	10.23792697	0	1
CATATGCTACGTCGCGGCGCAAGCGAGGAT	3.894846901	0	436.4978166			5020.37931	1982.74519	0	2050
CATATGGCAATGCTATGGTGAGGCAGGCAC	0	0	0			0	95.55398508	0	8
CATATGGGTAATCTGCACCCCTCGTACGTG	0	0	0			0	34.12642324	0	1
CATATTAATGGACTCTAGCCATGTCAATTT	0	0	0			0	3.412642324	0	17
CATATTATTACACGGGTAGGGAAGATTGGA	0	0	0			31.22126437	54.60227719	0	7
CATATTGCATGTAGGCATTCTTATGGTGAG	0	0	0			0	3.412642324	0	23
CATCACAGTTGTTTGTAGAGAGCGACGAAA	416.7486184	743.5165906	363.7481805			0	78.49077346	0	8
CATCATAGATGTTGCTTAGTTGGCCATTTA	7.789693801	0	0			0	0	0	5
CATCATTCTTGGCAGGGGTAAGGAGTGTGC	0	0	0			0	238.8849627	0	743
CATCATTGATAGTGGAGGTAGGGTAAAGTG	0	29.10563166	0			0	81.90341578	0	128
CATCCAACAGGCTGTCAGCTTCAGATGTAC	0	0	0			0	13.6505693	0	21
CATCCGAAATAAGATCACATAATCCGGAAG	0	0	0			0	75.07813113	0	23
CATCCGAATGTGGTAGTTCCCAGCAAAGGC	0	0	0			37.46551724	88.72870043	0	6
CATCCTATAGGTCTACCAAAAAGATTGGTA	0	0	0			0	17.06321162	0	10
CATCCTATAGTTTGTGGCATTAATTACGCC	0	0	9.489082969			0	0	0	1
CATCGAGATCTGCACGGTATTGCGCCCTTG	0	0	0			0	13.6505693	0	24
CATCGCGAATAGCTGGGCTGTCGAGAGGGC	0	0	0			18.73275862	0	0	45
CATCGCTGAGTTAGAGCCACGGGTGACTGT	0	0	0			0	409.5170789	0	180
CATCGGGGAAGTTGACGGTGTGTCTGGTTG	0	0	230.9010189			0	0	0	534
CATCGGTCTTGCGTGGTCAACAGCGAGCAT	0	0	0			0	10.23792697	0	4
CATCGTCCTCTGCTAGTAATTGTTTTTAAT	0	13.22983257	0			0	27.30113859	0	19
CATCGTGATGGGGCCAGTCCTAGGTGAGGT	0	0	227.7379913			151.9434866	47.77699254	0	125
CATCGTGGATTTCGTAAGTGCTTACCAGGA	0	7.937899543	0			0	457.2940715	0	43
CATCGTGTTCGGCACCATAGCGCTTTTACA	0	0	9.489082969			0	0	0	8
CATCTCTAACCGCGTACGGGTGTACACGTG	1319.054817	7.937899543	404.86754			0	1634.655673	0	605
CATCTCTTATATTACCACGACAGCTGGGAA	0	0	0			0	665.4652532	0	83
CATCTGAATCTATTAGTTTCGACGATCCTT	0	0	0			0	3.412642324	0	1
CATCTGATTGGACCTATTGCGTCGTAGGCG	0	0	0			0	20.47585395	0	25
CATCTGCATTGATTTCCTTAGTTGTGAGAC	0	0	0			0	58.01491951	0	69
CATCTGGATATATTAGTTTAGACGATCCTT	0	0	161.3144105			0	1078.394974	0	1103
CATCTGGTATTTGTCGTCTGACCAATTAAG	0	0	0			27.05842912	6.825284649	0	53
CATGAACGAAGCTAATAGAACGTGGCTTAG	0	0	0			0	10.23792697	0	91
CATGACCGAAGCTAATAGACCGTGGCTTAG	0	0	0			0	3.412642324	0	1
CATGACTATCGCATGGCCCGCCTAAGGGGC	0	0	0			0	3.412642324	0	8
CATGACTCTTGGGTGTGGGGTCGTGCGATC	0	0	0			0	27.30113859	0	5
CATGAGAGTTTAGTTCTCAGGAAGGGCTTG	0	0	0			0	6.825284649	0	4
CATGAGATTCTTCACCGCTCACTATTGCAT	0	39.68949772	0			0	17.06321162	0	3
CATGAGGATAATAGTGGCCGATCGAGGTCC	0	0	0			0	3.412642324	0	3
CATGATAGAAGTTAGTAGGGCGACCTCACG	0	0	0			2.081417625	0	0	17
CATGATCCATTATTTCGACAAATCTTTTTT	0	0	822.3871907			0	81.90341578	0	167
CATGATGGATAAAACGTCTGTTATATGGTG	0	10.58386606	0			0	3.412642324	0	16
CATGATTTTTTGATGGATATTATTGCAGAT	0	0	0			0	85.31605811	0	91
CATGCAGAATTGTGTCACCCGGGGGATTAT	0	0	0			0	614.2756184	0	421
CATGCAGTAGCGGTTGGAGAGCTGTGGCAG	0	0	0			0	13.6505693	0	4
CATGCATGTCGTTACCAAATTGCGTGGAAA	0	0	25.30422125			14.56992337	37.53906557	0	15
CATGCATTTTGCATGTTAGGTTAGAGATAG	22.0707991	0	25.30422125			0	0	0	10
CATGCCGTACTGCTGCAGGGCTGGGCTGGT	0	0	0			58.27969349	0	0	69
CATGCGCCACTGTGTTCATCGTACAGGTGT	298.6049291	193.1555556	351.0960699			0	982.8409894	0	26
CATGCGGATGGTGGACAGGATGTCGGAGGT	0	0	9.489082969			0	0	0	1
CATGCGTTATGGCATTTTAAGCAACCGATG	1.2982823	0	0			570.3084291	0	0	115
CATGCGTTTCACGTGTGCTTAAAAGTATCT	0	0	0			0	27.30113859	0	3532
CATGCTGATGTGCGACCACACATAAATTCC	0	0	0			1098.988506	109.2045544	0	40
CATGCTTAAGCGAAGTCGCCTGTAAAAACC	0	0	0			0	10.23792697	0	19
CATGGCCTTTGCGTTGAATCCACAATAAAA	0	0	0			0	78.49077346	0	23
CATGGCTATTGTTGTTATGGGGGCTGTCGG	0	0	0			0	20.47585395	0	8
CATGGCTTTAGTTTGTGGGTAACGACGGGA	0	0	0			0	1003.316843	0	693
CATGGGCGTTCCCTCATGTCGCGCGGTTGA	0	0	0			0	491.4204947	0	42
CATGGGGATTGATAGGGTTGGTTGAGATTC	0	0	34.79330422			0	0	0	48
CATGGGGGAGGCCCGCGAGGAAGACGTGGG	0	0	34.79330422			0	0	0	16
CATGGGTAATGGGATCCGCCGACGGGGTGA	0	0	0			0	597.2124068	0	1053
CATGGTAAAATCTGCCGCCCGAGGTGCCGG	5.193129201	5.291933029	0			0	0	0	4
CATGGTAGTGGATCCTAGTGTCAATAGCGT	0	0	9.489082969			0	119.4424814	0	127
CATGGTGTAGGGTATGTCATATAAAGTGAA	0	0	0			24.97701149	0	0	234
CATGGTTGTGGAAGAACCGAGCGTTGGGGG	0	0	0			0	40.95170789	0	2
CATGTAAGAATGGTTCGTCACACGGCGCTG	0	0	0			0	13.6505693	0	26
CATGTACGTAAATGAGGACTGGGAAGCTGG	0	0	15.81513828			0	0	0	88
CATGTATTTTTATGGTAAGTTCGGAACTTA	0	0	0			668.1350575	109.2045544	0	137
CATGTCATAAATGGCAGGAAATATGCTTAA	0	0	0			0	17.06321162	0	62
CATGTCCCAGGAAGGACATCATTTCTATAA	0	0	0			0	27.30113859	0	173
CATGTCGAAAGGAAGCGGGAGTAAGGACTG	0	0	0			0	6.825284649	0	32
CATGTCTCTGGGATGTTATCAACATACAGA	0	2.645966514	6.326055313			0	0	0	2
CATGTGTTTTCGTACGTCCGGTATCGATTG	35.05362211	5.291933029	22.1411936			2.081417625	2211.392226	0	41
CATGTGTTTTTTGTCGAGGCGGAGGGTGGG	0	0	0			0	102.3792697	0	26
CATGTTATAGGTGGGTCGGGTCGATAGGTA	0	592.6964992	351.0960699			8.325670498	122.8551237	0	75
CATTACTGTCAAAGTTAGTGCTTATAGCGC	0	0	0			441.2605364	116.029839	0	38
CATTAGAAATATTAGACCCACTATATCCTT	0	0	0			0	6.825284649	0	3
CATTAGTATCGCGCCGTGAGCAACACACTG	0	0	0			0	17.06321162	0	46
CATTAGTGAATCGGGGTTAGATTACTTTGT	0	0	6.326055313			0	6.825284649	0	2
CATTATCGAGGGCCTTAGAGATCGCAAGCG	0	0	0			0	34.12642324	0	264
CATTCACCAGATGTGAGGGGCTCTCGAGGT	0	0	0			39.54693487	119.4424814	0	21
CATTCAGTTTTTAGAAGAGCTCGTGATGCC	0	0	0			0	13.6505693	0	2
CATTCCTATTGACCCAGGGTAGTCGCGTTT	0	0	0			0	177.4574009	0	440
CATTCCTGTGCGCTTATGCAGTAAACAGGT	0	89.96286149	623.1164483			0	0	0	99
CATTCGACTGCTTTTCATTTCCATCATTAG	0	10.58386606	0			0	6.825284649	0	3
CATTCGAGTTCGCACTTTCAAACACCAGGG	0	0	101.216885			0	443.6435022	0	1265
CATTCGCGTTAGTTTGTTTGAGAGTCTGTG	0	0	0			20.81417625	5429.513938	0	1731
CATTCTTCAACATGCAGGGGTAGGGGGTCA	0	0	0			0	6.825284649	0	345
CATTGATGTAAGATTAAGGTTCGCGCCGTG	0	74.0870624	0			0	279.8366706	0	145
CATTGCAGTCACCAGCATGCGCAGGTGAAA	0	0	0			0	105.7919121	0	2
CATTGGCATCGCCTACTGGTAGAGATTGTT	0	0	0			0	40.95170789	0	8
CATTGTAATGTGCAGTTGTTGAGTAGGGAT	0	0	0			14.56992337	68.25284649	0	4
CATTGTCAAATGGCCGAATAAGGATGGTAC	0	0	0			4.162835249	10.23792697	0	7
CATTGTGATATGCAAATTGAAGTAACCGAT	0	0	22.1411936			0	0	0	3
CATTGTGCTCGCTAAGTCGGATAGAATGCA	0	0	0			0	6.825284649	0	109
CATTGTTAACAGCGAGAACAAAAAGAGTCC	0	0	0			0	13.6505693	0	12
CATTTAGAGAGATCTTATCTGCGCGCCGTA	0	0	0			0	3.412642324	0	1
CATTTAGGATCGTCACTTGATTCTCTACCG	0	0	0			20.81417625	0	0	3
CATTTAGTTTCCGTGCCGAGCATGCAACAT	0	224.9071537	0			0	354.9148017	0	15
CATTTCATTGAGAAAGCCGAACGCGGATCC	0	0	0			0	44.36435022	0	1
CATTTCCTTCGCGGATACTCGGTCGCGAAA	0	13.22983257	0			0	0	0	1
CATTTCGCTCTAGTCTGGTTGAAGATTTGG	0	0	0			0	3.412642324	0	1
CATTTGATTTAGAGAGATCTTATCTGCGCG	0	0	0			133.210728	515.308991	0	28
CATTTGGATTAGTTACCTAGGCCGTGAGGG	0	0	0			4.162835249	17.06321162	0	4
CATTTTCAATCATAGGACTTGGGCCTGAAT	0	0	0			0	23.88849627	0	25
CATTTTCTAAAAACTAGGATGCCGCTTCTC	0	23.81369863	41.11935953			0	27.30113859	0	303
CATTTTGTTGGATTTTAGATTGTAAGCATA	0	0	15.81513828			0	30.71378092	0	2
CATTTTGTTTTGTCTCTTAGTTTTGACAAA	0	0	0			0	3.412642324	0	1
CCAAACGTATGTTCGAGCTGGTTATCGTGA	0	0	0			0	13.6505693	0	116
CCAAAGCAAGCGTTTGCGAACAGGTGTCTT	0	0	6.326055313			0	27.30113859	0	1
CCAAAGGAACGTAGGCCTCGAGTTGGCCGA	0	0	0			4.162835249	0	0	12
CCAAAGGCTGACCGGGTACTTTTGCAACGG	0	100.5467275	129.6841339			0	20.47585395	0	7
CCAAAGGGTATCGGGACGGCTCTATGATTG	19.4742345	0	0			0	0	0	3
CCAACAACCCCCTTTCCCCCCACCCAACTC	0	2.645966514	0			0	0	0	1
CCAACAGAACGGCTTCATGAAGAAGGTCCA	0	0	44.28238719			0	75.07813113	0	4
CCAAGAGTTTCGGGGTCTCGACCCGGGACC	0	0	0			8.325670498	0	0	25
CCAAGATAACTGGACATCCGTATCAGGACG	0	0	0			0	3.412642324	0	2
CCAAGGGCATGTGTCTGCAATTTAGACTCA	0	0	0			0	105.7919121	0	108
CCAAGTGCACGGATCGACAGTGATTGGTGA	0	2.645966514	0			0	3.412642324	0	5
CCAATAAGTTTTCAGATAACCCGAGTGTCA	0	0	0			0	13.6505693	0	7
CCAATAGAAACCTTAAATCTTTCAGCCGGT	0	0	0			0	13.6505693	0	3
CCAATCCGTGCTAAGAGGGACCGGAGCTTG	0	0	0			886.683908	1675.607381	0	1877
CCAATCTCATTTTGGGATTGGTATAATGAT	0	0	0			0	13.6505693	0	565
CCAATGAGAAGTTCCTGTTGAATCGCTGTC	0	0	417.5196507			0	0	0	1343
CCAATGCCATGTCTCGGGTTCCCATGCTGC	0	2.645966514	0			0	0	0	192
CCACACCGTTCTTTTCGGTGCCGTCGCGGT	0	0	0			16.651341	17.06321162	0	17
CCACACTAAAGTCAGGGGGACTGTAGGGTG	0	0	0			805.5086207	0	0	103
CCACAGCCAAATATATGTTTGGGACTAGAG	0	0	0			87.41954023	0	0	1
CCACATCTTCTTCTGGGAGTACATCACACA	0	0	0			6.244252874	3.412642324	0	2
CCACATGTAATGATCACAAACACAAAGTGG	0	0	0			0	95.55398508	0	88
CCACATTGTTCTAGTAGGTGTATCAGAAAC	0	76.73302892	0			0	0	0	110
CCACCGTATTTCACGTGACGTGTTCGACTT	85.68663181	13.22983257	0			0	54.60227719	0	12
CCACCTCCAAATGGGTGCGCCTATCGTGAA	0	0	0			0	279.8366706	0	481
CCACGCTACACTGCAAGTAATTTTGGTCGA	0	0	3.163027656			0	0	0	1
CCACGGGCTATCGGGTATGTGAGCGGACGT	0	0	0			0	3.412642324	0	1
CCACGGTGTGGAATTGCGCCGAAATTTTCC	0	0	0			0	931.6513545	0	1672
CCACGTTATTTGGTTGAATTTATTAAGTTC	0	0	0			0	47.77699254	0	15
CCACTAGGACTTCGAAGAGCATATGCTATG	0	0	0			297.6427203	273.0113859	0	30
CCACTAGTTTCGGCACTATTTTGATTGGGA	0	127.0063927	79.07569141			22.89559387	0	0	345
CCACTATCATAGTTACGGCCCTTTATTCAC	0	0	0			0	6.825284649	0	2
CCACTATTAGTGCTACGCGTCACTGGACAC	0	42.33546423	6.326055313			0	0	0	5
CCACTCGTTCTCATGGGGGACCTTGCTTGA	0	0	0			41.62835249	180.8700432	0	41
CCACTTCAATTTCTCCAGCCTCCTATCAAG	64.91411501	259.3047184	37.95633188			0	0	0	5
CCACTTCGTGCGTTCTTTAATGCGGTCATT	96.07289022	0	0			77.01245211	78.49077346	0	46
CCACTTGGTTCTTGTTTTTTGAATGAAGGG	0	0	0			18.73275862	0	0	5
CCACTTTAACAAAGTTCGTCGTAAATTGTT	2.5965646	0	0			0	0	0	2
CCAGAACTTGAGGGATGTAGTAGATTGGAC	99.96773712	79.37899543	31.63027656			0	126.267766	0	74
CCAGACCGTGACGGCTGGGGCTTGTGAAGA	0	0	0			45.79118774	0	0	1
CCAGAGAAAATACAGGGGAAGATGGTTAAA	19.4742345	26.45966514	3.163027656			0	0	0	60
CCAGCAAGTTGTCATAAGACGGATGGAGCT	0	7.937899543	0			0	0	0	6
CCAGCAGGAGCTGACAGGTTGCTAAGCGGG	0	0	0			166.51341	1911.079702	0	423
CCAGCGATAGTGTGGGAGCGCATTCATGAG	0	0	0			0	64.84020416	0	17
CCAGCGCTTTTGTGGTATTGGGTGGATAGG	0	0	15.81513828			0	0	0	2
CCAGCGTTATGAGTGTTACACGGCATCAAT	0	0	0			29.13984674	0	0	1
CCAGCTCTCTCGCTGTGTAGGTAGTATTCG	0	0	0			0	3.412642324	0	1
CCAGGCCTAGGTCTTGGGTTCTACAAGGGG	0	0	0			0	13.6505693	0	28
CCAGGCGCAAACATGGAGAGGTCCAGGGCC	1.2982823	2.645966514	0			0	0	0	1
CCAGGCTTTCGTGGTACGGCCGTCCGCGTT	19.4742345	0	0			0	6.825284649	0	2
CCAGGGAATGTCGTAGTAGGGAGCACGAAG	0	0	0			0	10.23792697	0	274
CCAGGGGGTGTGAGAGCTGCGGATTGGAGG	0	0	0			8.325670498	0	0	1
CCAGGGGTACAAAGATTCCGTGCCTAGTAG	0	0	211.922853			0	0	0	140
CCAGGTTCTTATTAAGACGTCGACGATTGC	0	0	0			0	160.3941892	0	142
CCAGTAAGTCTGGCGTCTTGCTGTCGCACC	0	0	0			0	6.825284649	0	1
CCAGTGGATCAAGCCTGTGAGGCTGAACTC	1.2982823	195.8015221	0			93.6637931	358.3274441	0	1711
CCAGTGTCTGTAGGCGGATTGGTGTACCCC	0	0	0			8.325670498	644.9893993	0	207
CCAGTGTTAGTGTAGTTCGCTTTGGGCCGT	0	0	9.489082969			0	0	0	81
CCAGTTCTATAATGTGTTAGTGGTAATGAA	0	195.8015221	0			0	136.505693	0	183
CCAGTTTCTGCTGTCTGTTCAGTGTTGGGG	0	0	22.1411936			0	0	0	8
CCATAGAAAATGGGTGTGCCTGTATTAGGG	0	267.242618	341.6069869			0	17.06321162	0	250
CCATAGTATGTGTGTTAACTTGTCGATAGG	0	0	0			0	23.88849627	0	2
CCATAGTGTAAGTAAGCTAAATCGGGTGGG	0	0	0			0	44.36435022	0	7
CCATAGTTTTAATTGTGTGTCCCTCGACTA	0	7.937899543	249.8791849			0	317.3757362	0	133
CCATATCCTGGACGGGATGCTCTAAGTAAT	0	0	0			0	665.4652532	0	1420
CCATCAACCCCCTTTCCTTATAGCTCCATC	3.894846901	18.5217656	15.81513828			0	0	0	1
CCATCAAGTCTTCTTACAAGGGTTATTGGT	0	0	0			0	23.88849627	0	3
CCATCACGTCAAAGTTAACGCCCATGAGAT	0	2.645966514	0			0	0	0	1
CCATCAGGATACCCTAACATTGAAACACAA	0	0	15.81513828			0	0	0	638
CCATCATCATTTTTTCTATGTGGAGTGGTT	0	0	18.97816594			0	0	0	140
CCATCATGTCCAAAGTTATTATTTACGATA	0	137.5902588	79.07569141			0	27.30113859	0	7
CCATCCTTAGGAATTGGTTCCGAACTCAAT	129.82823	164.0499239	0			0	47.77699254	0	36
CCATCGTCACTGTTTGACATCGGTAAGTGA	0	0	0			0	27.30113859	0	9
CCATCGTTTTAGGGGGGAGCTGATACGCCA	0	0	0			0	10.23792697	0	4
CCATCTGGTAAAAGGCCTAATAGCGTGTGG	0	0	0			0	211.5838241	0	3
CCATCTTCCCGCCTACCCTCCCTCCACTAC	0	0	0			2.081417625	0	0	1
CCATGACAATTACCCGATGTAGATGGAGCA	0	0	0			0	3.412642324	0	3
CCATGATGTCCGATGATGTTCTGTAACATA	0	0	0			0	68.25284649	0	19
CCATGCATAGTTTTGCCTACTCATAAATCC	2.5965646	0	0			0	17.06321162	0	5
CCATGCGTAAAGCAGCCGATCTGTTATTGA	0	0	0			22.89559387	75.07813113	0	16
CCATGCTATGGGGACTTTAGAATTAGATTC	0	0	25.30422125			0	0	0	1
CCATGGTTTAAATGGAAGTGGAGGAGAGCA	0	0	0			0	10.23792697	0	8
CCATGTATAGATTTTCTCGCAGGGTAAAAA	3.894846901	0	0			0	0	0	1
CCATGTGAACGTGAGGCCTTTAGTTGGGGG	0	2.645966514	34.79330422			0	3.412642324	0	4
CCATGTGCTGTTTGCGATTATGTAGGTGGG	0	0	0			0	20.47585395	0	10
CCATGTTGTCCATGTTCCGAGCAATTGTAC	0	0	0			0	6.825284649	0	14
CCATTCATTGGTAGGATTCCTCGTTAGAGA	0	5.291933029	9.489082969			0	10.23792697	0	1
CCATTCTCTCTGCCTTGATCCCCCTACCCG	1.2982823	0	0			0	0	0	1
CCATTGAGTCGGTAAGATAGAATTGAGGTG	0	219.6152207	208.7598253			0	109.2045544	0	123
CCATTGATAAGGGAGTTGGTTAAAAGGCTG	0	21.16773212	0			0	0	0	143
CCATTGTTAGAGCCCTTGGGGGGGTGCGCG	0	0	53.77147016			0	0	0	201
CCATTTACTTGCATTCGGTTATTCTCGTAG	0	214.3232877	15.81513828			0	771.2571653	0	39
CCATTTTCTCGGTAAGCAGTAGGGGCGTTA	0	0	0			0	3.412642324	0	39
CCATTTTGAGGAAGCACGGTTCATTTTGGT	0	2.645966514	15.81513828			0	27.30113859	0	29
CCCAAATGTTTTCGCCGCAGCGCATACTTC	0	44.98143075	0			0	0	0	1248
CCCAACGCACGAGGAAGAGACGAGAGACAG	0	0	0			0	47.77699254	0	108
CCCAATGAAGAACTTGGAGGGACTAAATGG	0	0	0			0	20.47585395	0	83
CCCAATTCTGTGGGCTTATGACGGCGCGCT	0	0	63.26055313			326.782567	368.565371	0	12
CCCACGGCAGATCTCGGTTATACCGTATGA	0	0	0			0	78.49077346	0	130
CCCACGTGTTGCTAATAGCGACGACAGGCA	0	10.58386606	0			0	0	0	1
CCCACTGCAAGCCTTTAGCTGCATATATGA	0	0	0			24.97701149	0	0	144
CCCACTGCAGGAATTTGGTCTATTTGTGCC	0	0	0			0	3.412642324	0	8
CCCAGAAAATCCGTCTACGCTGTCGGTACA	18.1759522	0	0			0	0	0	3
CCCAGCATAGCTTAACTAGGGACTCTGGCT	0	0	0			0	3.412642324	0	5642
CCCAGGAGTAACGCAGAAGGTAACTCTTCT	0	0	0			0	133.0930506	0	51
CCCAGGGCTCGCCACTCGGTACAGGTATAC	0	0	0			0	6.825284649	0	7
CCCAGGGGTTCGCGCCAGTTCATATGTATA	0	0	0			0	10.23792697	0	6
CCCAGGTTATCAAATAGGTTGTCTTTATGA	0	0	0			0	13.6505693	0	299
CCCATAGGTTGTAAGTTGAGGGAACGCAGG	0	0	0			0	27.30113859	0	48
CCCATGGGTGCGGTGGGTTTCAAGAAAAGT	0	0	18.97816594			0	0	0	26
CCCATTAAAGAAAGGCATATCGGCTCCACA	0	0	0			37.46551724	10.23792697	0	8
CCCATTACATAGTAGTGCCTATTGATACTG	0	0	0			0	17.06321162	0	4
CCCATTCTTAACCAAACATATAACGCTGCT	0	0	0			0	3.412642324	0	36
CCCATTGTTGCTGGGAGGAATGTTCGCCGA	0	0	0			129.0478927	238.8849627	0	571
CCCCAAACTATGTATTAGTCGCTGGGGCTT	0	0	0			0	3.412642324	0	5
CCCCAAGCTGGTAACGGGACGATGAGGCTT	0	0	15.81513828			0	116.029839	0	251
CCCCAATGTATAGCACCGTACGCCTACGTG	0	0	22.1411936			0	6.825284649	0	9
CCCCAGCGTATCAGGCCTGCGTACGGCTAG	0	0	3.163027656			0	0	0	11
CCCCATTCCCACCACCCTTTGCTATCCAGT	0	2.645966514	0			0	0	0	1
CCCCATTGAACGTTTTGGAAATAGTGGAAA	0	0	34.79330422			0	0	0	7
CCCCCCAGTGCGGGTCCTGGTTAGTATCTG	0	0	0			16.651341	30.71378092	0	38
CCCCCGCAAGGACTCGGATAAAATTATACT	0	0	0			0	3.412642324	0	5
CCCCGGAGTGTCCTGGGGGACCGTTGCAAT	0	0	12.65211063			2.081417625	0	0	223
CCCCTAAGTGATGGGCTATTTTAAAGATTG	0	0	15.81513828			0	0	0	47
CCCCTGGAACGGTGTTGTGCTATGGGGGCG	3.894846901	0	0			0	3.412642324	0	1
CCCGAAACATGTCCTGTATAGAATCACGCT	1.2982823	0	0			0	0	0	1
CCCGACTCAAGGCTTAGGTGGGAGGCATAT	0	0	0			0	6.825284649	0	1
CCCGATCGATAGGTAACTGCAGTAGAAGAA	44.14159821	0	53.77147016			0	17.06321162	0	3
CCCGCAGATCTAATCTCCGGTCGGGCCGGA	0	0	12.65211063			0	0	0	2
CCCGCCAATGAAGGCGGGCCATAAGAGGTA	0	0	28.46724891			0	0	0	5
CCCGGAGAATAGGCGCGGGCCTTGGGCGTG	0	0	0			0	119.4424814	0	3
CCCGGCCGAAGTTCCCTCAACGATCTGACA	0	0	0			0	276.4240283	0	113
CCCGGCGCAGATGGTGGCAACTGTTACTAG	0	0	0			33.30268199	726.8928151	0	129
CCCGGCTTTATGAGTGTTGGTCTTGTAATG	0	134.9442922	433.3347889			0	0	0	403
CCCGGGAATATCTGGCGCTATTAAGTCATA	0	0	0			0	116.029839	0	613
CCCGGGTTTGCAGTATAGACTGACGCTGCG	0	0	85.40174672			31.22126437	51.18963486	0	48
CCCGGTCATAGTTTTGCGGAGACGCTTTTT	0	0	0			45.79118774	194.5206125	0	113
CCCGGTGGAGAGTTTGGGGGCAGCACGAGG	0	0	0			2.081417625	10.23792697	0	68
CCCGGTTGACTCAAGTGATAGGTGTTATAC	0	0	0			158.1877395	494.833137	0	2128
CCCGTAAGTGGGCCAGGCTAAAGGACTCAG	0	0	0			0	47.77699254	0	61
CCCGTATGACAATCCGGGTAGGACGGCGTC	0	0	0			64.52394636	0	0	2
CCCGTCATTAAGGATGAGGTGGATCGGGTG	0	0	0			0	27.30113859	0	17
CCCGTCATTGTAGACATGATTAGCACGTGT	0	0	0			0	37.53906557	0	43
CCCGTGTCTATCTTCTATGTTGGTATCCGG	0	0	0			0	27.30113859	0	334
CCCGTGTTAGAGCATTAACATGTCAGGCGA	0	0	0			0	81.90341578	0	45
CCCGTTAGTAGTAAATTCGTAAAAATTGCT	0	0	0			0	10.23792697	0	3
CCCGTTCGTTTAAACTCAATAGAGCGGTTC	0	0	0			0	3.412642324	0	3
CCCTAAAGACTTGACTCGGTACTACGCATG	0	0	0			0	37.53906557	0	4
CCCTAACGTTTTATCGTTTGATAGTGTTAT	0	0	6.326055313			0	3.412642324	0	22
CCCTAAGATAGATGATAAAAGTAGCGACTA	0	0	0			0	20.47585395	0	1
CCCTAATAATCGCGATGATTTCATGTGAAA	0	0	0			0	6.825284649	0	20
CCCTACACACCCGCATAATCCGATCCACTA	0	0	0			0	3.412642324	0	1
CCCTAGCATCTAGCAACGCATCCTTCATTC	0	0	0			2.081417625	0	0	1
CCCTAGGAAAGGCCAATACGGGGATACGGC	0	0	0			0	27.30113859	0	7
CCCTAGTATATAGAAACGCATCCTTAGTTC	0	0	0			688.9492337	44.36435022	0	72
CCCTATAATAAACATATTGATCGATCTAAA	0	0	0			0	30.71378092	0	14
CCCTCCAAAAAACATCCTACGAGATCCCTC	0	0	3.163027656			0	0	0	1
CCCTGAATAGTCTGCGGAGAAGCCGAATAT	0	0	0			0	44.36435022	0	131
CCCTGGACAGGTCTATAGTCAGCGTAGCGT	2.5965646	29.10563166	9.489082969			0	64.84020416	0	7
CCCTGGCTTGATTTGAGTCTCGCTAGGGGG	0	0	0			0	10.23792697	0	17
CCCTGTGAACGTCTGGTGGATAGTGCCTGC	25.965646	10.58386606	6.326055313			0	6.825284649	0	5
CCCTGTTCACTGGACTGGTAGTGGGGGTTA	16.8776699	0	0			0	0	0	18
CCCTTATTAATGTTCAAACGCGATAGATCG	0	0	0			0	126.267766	0	9
CCCTTCCAAAAACGGAAAAATTCATAGCGT	0	0	15.81513828			0	0	0	58
CCCTTCCAATGAAATCGATCATATAGCGTT	0	0	0			8.325670498	208.1711818	0	7
CCCTTCTCTCCTCGGGGGAAGAGGCTAAAT	0	0	0			0	10.23792697	0	569
CCCTTGGGTAAACTGCATATTTTGTTATGT	1.2982823	0	0			0	47.77699254	0	14
CCCTTGGTAACTGAATAGTAGGCCGACTAT	0	0	6.326055313			0	0	0	103
CCCTTGGTTCGTTTGACGGGGATGCTATCC	0	44.98143075	0			0	6.825284649	0	58
CCCTTTCAAGCTTGAGGCAGGGATAGGGTG	0	0	0			0	64.84020416	0	1
CCCTTTGCTAGGCATTCGGGTAATCATATG	0	0	0			0	30.71378092	0	2
CCCTTTGTTGTAAGTCCGATAGTGTAGGAG	0	0	0			0	569.9112682	0	24
CCGAAATATAATTTTGGAGTGCTTAGGTAA	2.5965646	0	0			0	0	0	2
CCGAAATCTTCTTGGCGGACATGCCGCTCT	0	0	0			0	34.12642324	0	2
CCGAAATGTTACTTGGTCTCCCGAAAGGGA	0	0	0			62.44252874	187.6953278	0	468
CCGAACGGTAATACCGTGCACTAAATAGTA	0	0	0			0	3.412642324	0	9
CCGAAGACAGAGCGTCAGTTAATCGCAGCA	0	0	0			0	3.412642324	0	335
CCGAAGCCAAATCGGTGTTTAGGAAAGAGG	0	0	0			0	6.825284649	0	8
CCGAAGCCAGGCAAGTAGCGGGTGACCAGG	0	0	0			2.081417625	0	0	5
CCGAAGGGTTCGTCCTTATATGGCACAATC	0	0	0			0	6.825284649	0	4
CCGAAGTGAGTGATTTAGTAGTGGTGAGCT	46.73816281	0	0			0	0	0	5
CCGAATATAGGATCTTTAGATACCCTGTTG	0	0	0			0	6.825284649	0	1
CCGAATGATCAGTTGAGAACATTATAAGGC	72.70380881	44.98143075	82.23871907			6.244252874	17.06321162	0	70
CCGAATTATCTCGAAGAGGTCACTAGTTTT	0	0	0			0	116.029839	0	874
CCGACAAGTCGATGTAATCATAAAGCAGTC	0	0	12.65211063			0	3.412642324	0	4
CCGACAGCTAGTGGCCCCACTGGAAGAAGG	0	5.291933029	0			0	54.60227719	0	1
CCGACGGGACCCATCCGGGTTTCGGGCATA	0	0	0			0	3.412642324	0	3
CCGACGTCAGGTCGGAAAGGCTGCACGGGG	0	0	0			0	85.31605811	0	244
CCGACTATTTCGCGGGTCCTGTAGATACAC	0	0	0			0	13.6505693	0	6
CCGAGCCGTAGAATTCCGTTGAGCGTTCTG	9.087976102	256.6587519	25.30422125			0	0	0	3
CCGAGGGATTAGGTTGGTTGTGGTGGGGAG	0	7.937899543	0			0	1010.142128	0	568
CCGAGGTCAGTAATATCGTCATGTACCCCC	0	0	0			2.081417625	0	0	1
CCGAGGTGAAGTAGCCCACCATCAATTTGC	0	0	0			0	139.9183353	0	82
CCGAGTCAATATGAGATATTATGATCTGTA	0	0	79.07569141			0	58.01491951	0	3
CCGAGTCGTACGGATTGTGATCTTTTGGCG	0	0	0			0	27.30113859	0	18
CCGAGTTAATGAGTAGCATAGGGGAGGTTC	0	0	0			0	44.36435022	0	13
CCGAGTTCTGTACTAGATACGGTGGGGCGC	0	0	0			0	81.90341578	0	15
CCGATAAATCCTGACACATATAGATGGGCG	0	0	0			0	1214.900667	0	19
CCGATTAATTTGGAGGACCGCGCCGGCCTA	0	0	0			0	30.71378092	0	164
CCGCAAGTTGATCACTTTTGACGGTGCGGG	15.5793876	15.87579909	6.326055313			0	27.30113859	0	1
CCGCACTGATGGAAGGCGGGTTGCGCGATA	0	0	0			20.81417625	0	0	16
CCGCAGAATGCCAGATCCGGTTGAAATAGT	0	0	41.11935953			0	37.53906557	0	4
CCGCCAGTACACTTCAGATGAGACAAGCCT	0	0	0			0	1109.108755	0	951
CCGCCATTAGAAAGGAAAGGGCTGCTCGAC	49.33472741	0	284.6724891			35.38409962	88.72870043	0	118
CCGCCATTCGCCCCCAACGCGCTCCTCCCA	1.2982823	0	0			0	0	0	1
CCGCCTCCAATCGCATCACGTTATGTTGAG	0	0	3.163027656			0	10.23792697	0	1
CCGCCTCGTGCGCAGGGGGATGCTGCTCGA	0	0	0			0	976.0157048	0	62
CCGCCTCTTTCGGACCTCTCACATCAGCCT	0	0	22.1411936			0	0	0	4
CCGCCTGCTAAGCACCATTAGGGGGGATGA	20.7725168	89.96286149	41.11935953			60.36111111	13.6505693	0	30
CCGCGAACATTACCCACATCTTGCGAAAGT	6.491411501	0	0			0	30.71378092	0	28
CCGCGAATACCACGCAGCCGTAGCCGTGAA	0	0	41.11935953			0	78.49077346	0	92
CCGCGACTTGGGAAGCCGCATCTGGAGATG	0	0	0			0	116.029839	0	16
CCGCGGAAAAATTTTCGTGGTGCGAGAGCG	0	0	18.97816594			0	0	0	1
CCGCGGCCAGTCTTGACAATCACTCAATCA	22.0707991	26.45966514	37.95633188			0	58.01491951	0	4
CCGCGGGGATATGGCCATGGGGACTACGCG	0	74.0870624	9.489082969			0	119.4424814	0	41
CCGCGGTGTCTGGTAACTTCCCGTTGTCAC	0	0	0			0	174.0447585	0	9
CCGCGTTAACGCAGAAGGTTTAGGGGCAGC	0	13.22983257	0			0	0	0	31
CCGCTACATGAGAATAATTTCTTCACAAGC	0	0	0			16.651341	0	0	10
CCGCTCGAAACTGTCTCACGTAAGAGTTGT	0	3283.644444	177.1295488			29.13984674	703.0043188	0	2561
CCGCTGTAAGGCCTACTCCTATGTTAACAT	0	2.645966514	0			0	0	0	311
CCGCTTCGTGGAAAGGGGCGAGGGGGTGGA	0	0	0			0	170.6321162	0	93
CCGGAAAGTACGGTGGCGATGGCGAAGGGC	0	0	0			0	10.23792697	0	2
CCGGAAGATATACACAGAGACTGTAGACCA	0	2.645966514	0			0	3.412642324	0	24
CCGGAAGATTTTAGTATTACGTATCACTCG	0	0	0			0	30.71378092	0	3
CCGGACGGATTACATGTCGGTTCCCACCAT	0	0	0			0	17.06321162	0	7
CCGGAGCATTGTCCGATGCCGGTGCTTGGT	0	0	0			0	6.825284649	0	2
CCGGATGTTATTGTTCAGTGGAGCGCCGAA	42.84331591	29.10563166	0			0	0	0	121
CCGGATTATTTTGGACACGAGGTTCAGGAA	0	58.21126332	180.2925764			0	71.66548881	0	407
CCGGCAAGTAGGGTATGAATCGTGCCTTTA	0	0	15.81513828			0	0	0	3
CCGGCGCTAGGAGGGGGGTGTCGACGGGAT	0	0	0			74.93103448	0	0	1464
CCGGCTGTTTATGAGGGTAAATTAAGGGCT	0	0	0			0	13.6505693	0	1
CCGGGACAACACCTCTGCTCTTGGCCAGAG	0	0	0			6.244252874	0	0	12
CCGGGACGAGGGCTTCGTCACCCTGGAGAG	0	0	0			35.38409962	0	0	38
CCGGGATGAATTAGTGGGTCTGCTAGCCGG	0	10.58386606	0			0	0	0	3
CCGGGATGTTACGTCCGGGGGTTGGACGAA	0	0	211.922853			0	3163.519435	0	305
CCGGGCATACAACGCAGCAGGTGGGCCGCC	0	0	0			0	177.4574009	0	14
CCGGGCGGTTCGGATCCAAGAGTGAATGCG	0	0	0			0	13.6505693	0	10
CCGGGCGTATTAAGACGAACTTGATGGGAG	0	0	0			0	23.88849627	0	11
CCGGGGCCAGTGTCGGTTCGTTGGTTTATG	0	0	0			49.95402299	0	0	174
CCGGGGGTTAGTAGTGCGCAGTGGGTGAAG	0	0	0			24.97701149	0	0	97
CCGGGGTAAACGAGCTATCCAAGACGGGCG	0	0	0			0	51.18963486	0	56
CCGGGGTGTCCTGCTGAACGTGGCGATTGC	0	0	0			129.0478927	23.88849627	0	232
CCGGGTAGTCGGTTTTAGGCTTCGCATCGG	0	0	0			0	10.23792697	0	1
CCGGGTGGTTGTAGTGACGGCCATCTACGA	0	0	0			0	13.6505693	0	118
CCGGGTGTAAAAGGTTTGCAGGTACTCTGG	0	23.81369863	0			0	0	0	2
CCGGGTTAATTCGACTTGATGATCGTCCCA	0	2725.34551	15.81513828			0	0	0	1445
CCGGGTTGAAACAGGTATGTCTGTGCAAGG	0	0	0			0	337.8515901	0	145
CCGGTACAATTTGTACCGTGAGTTGTTCTA	0	0	9.489082969			0	126.267766	0	32
CCGGTATATAGTGTTTAGAAATTAGCGAGT	0	0	0			0	23.88849627	0	5
CCGGTATTTCGCCGGGTGAAGTCGGGTGAG	0	0	0			0	6.825284649	0	3
CCGGTCGATAACCGTAAGCTGAATGGAGAG	0	1838.946728	929.930131			0	0	0	40
CCGGTCGTAGCACAAGGGTCCAGGGCGGGG	0	31.75159817	0			476.644636	2658.448371	0	277
CCGGTCTATGGGTCTATGTGGAGAGGCAGC	0	0	0			0	13.6505693	0	50
CCGGTGAATCTGTCGATAGACTTTCCGTGA	0	0	0			0	3.412642324	0	2
CCGGTGAGTTGATGCTCAAAGCACTGGAGA	0	0	0			12.48850575	0	0	27
CCGGTGTAAGCTTGCAAATTTGAAACGATC	0	0	0			0	40.95170789	0	5
CCGGTTCTTCTTAGAGATAACAAGGGTCCT	0	0	0			0	27.30113859	0	149
CCGGTTGTAGGTTTGGGAGGAGATTACGGG	0	0	0			0	17.06321162	0	1
CCGGTTTGATGAATGCAGGATGAGAGTGTG	0	0	0			0	17.06321162	0	112
CCGTAAAGTCGTACAGTTTTTAGGGACGCT	0	0	0			8.325670498	3.412642324	0	91
CCGTAACGTGGAAGCTGACTGGGGTCAAGG	0	0	6.326055313			0	0	0	42
CCGTAAGTAAGCAATGCGGGATGTTGTTGT	0	0	0			47.87260536	3.412642324	0	28
CCGTAGACACAGTGGTACTATGCTGGATCT	0	84.67092846	0			0	0	0	668
CCGTATTGTAACTTTGCGCTGGGGTGTCTA	0	0	0			0	105.7919121	0	121
CCGTCATCTGAGGTGGACGCGCGAGGGGTC	0	177.2797565	0			0	0	0	2523
CCGTCGCAAGATTACTGCGCGGGCCGGGAC	0	0	0			0	17.06321162	0	13
CCGTCGGCTAGTCTACTCCAGGCGTTGAGG	0	0	0			0	27.30113859	0	15
CCGTCTATAGACATCTGTTGATAATGCCTC	0	0	0			0	23.88849627	0	552
CCGTCTCTATGCTGCTGCAGCCGACACGCT	0	0	0			0	6.825284649	0	2
CCGTCTCTTCGGACGTCTATGACATTAGAT	0	0	0			0	37.53906557	0	154
CCGTCTGCAACATGGGGCCGCCTTCCGTGG	0	0	0			0	13.6505693	0	2
CCGTCTGTTTGTATGGATAATTTGCTGCAT	0	79.37899543	37.95633188			0	109.2045544	0	105
CCGTCTTATCTAGTCAATTGATAAAGTAAG	0	0	9.489082969			0	0	0	2
CCGTGAACACTCTCTATAACTATATTGACG	0	0	0			0	13.6505693	0	3
CCGTGACATGTGAACCGGTGTATCTCTTAT	0	0	0			0	3.412642324	0	38
CCGTGACATGTTGGTTTTCTAGGTGAATTG	0	0	0			0	20.47585395	0	2
CCGTGCCTTGGGTTGTCGGTAACAGCCAAC	0	0	0			0	194.5206125	0	86
CCGTGCGACTTTTTTTGTCGTTGTATTGGA	0	0	0			0	3.412642324	0	1
CCGTGGAGTGGCCGGTATACGTCTGTCAGG	0	0	31.63027656			2.081417625	37.53906557	0	2
CCGTGGCGTGGATTACGATAGGACGGCGAT	0	92.60882801	142.3362445			0	13.6505693	0	47
CCGTGTGGTCTGTGTCTACAGTGCCATGCG	0	0	0			0	3.412642324	0	2
CCGTTACCACCGGTTCGATGCGCCGGTGAG	0	0	0			0	20.47585395	0	545
CCGTTATGATTAGATCGGCGCAGCTAGCGG	0	0	0			0	3.412642324	0	16
CCGTTGAAACCCACGCCTGGGCCGCCTAGA	0	0	0			0	6.825284649	0	5
CCGTTGATAGCCGGTTAGGGGACTGGTATA	0	0	0			0	17.06321162	0	2
CCGTTGATTGACGGGGATTCCACATCCGGT	0	0	0			0	30.71378092	0	46
CCGTTGCGTCCGTAACACGAGGTCGATATG	0	0	0			0	6.825284649	0	31
CCGTTGGGAGGATAGAAACCACGTAATGAG	0	1436.759817	806.5720524			0	0	0	65
CCGTTGTGACATCAACGAAGCGTACGCCTA	0	0	0			10.40708812	0	0	2
CCGTTTCATCGAGTGGAACGATATCTCCTT	0	0	0			0	17.06321162	0	218
CCGTTTCCAACTGCAAAGCTAAAGAGGGAG	0	0	0			0	1064.744405	0	795
CCGTTTTATCCTTGCCAATGCCAGGATGCC	0	0	0			0	6.825284649	0	26
CCTAAGACTGCTCAGTAGGATCCCGCTCGT	0	0	0			0	6.825284649	0	18
CCTAATTGTAGTGGTGCAATTGGAGACACG	0	0	0			2.081417625	221.8217511	0	443
CCTACCTTATCATTTTGGTGTGTAAGTGAT	0	0	0			0	17.06321162	0	457
CCTACGACTTGTGGGCGTATATGCGTAGAT	32.45705751	34.39756469	177.1295488			8.325670498	27.30113859	0	7
CCTACTACATACAAAGTAACTGTGAATGGG	0	0	0			0	13.6505693	0	30
CCTAGAAATAGGTGTCTGCCTACGTGAAGG	0	0	0			1860.787356	156.9815469	0	468
CCTAGACGAAGCATAACATTAGCACTGGGA	0	0	0			0	6.825284649	0	17
CCTAGATTAGGGGATGGTACCTAGTCGCCT	0	0	0			378.8180077	167.2194739	0	70
CCTAGCAATAAGAGTCGAACTTACACGACT	0	0	0			31.22126437	0	0	75
CCTAGCACTATACTCTTGGCTTTTCCGGGA	0	0	0			0	17.06321162	0	589
CCTAGCTAATTGTGTGGGGGTCTTTTCTGC	0	0	0			0	27.30113859	0	6
CCTAGGCCATGAGGACGGGGCTTAACGGGG	0	0	0			0	13.6505693	0	2
CCTAGTCATCTTGCATCGAGTTCCCAGAAA	0	0	0			0	78.49077346	0	19
CCTAGTCCTTGCCAGACAAGAGTGTAGGCA	0	0	0			534.9243295	279.8366706	0	229
CCTAGTGCTCGGAACGAGATTAAAGATTGC	40.24675131	76.73302892	50.6084425			0	317.3757362	0	314
CCTATAACTGTGTACTTAGGTACCCTTCCA	0	0	0			0	13.6505693	0	15
CCTATACTTCATAATTGGGGACAGTAGATG	0	0	338.4439592			0	812.2088732	0	1335
CCTATAGATTTATCTAGCTTTGTATCAATA	0	0	0			0	389.041225	0	202
CCTATAGTAAGAAGGAAGAGATTTTTCTCT	0	0	0			97.82662835	1866.715351	0	60
CCTATATGTTAAGCTGTCTGCCTGGCTGGA	19.4742345	0	0			0	0	0	479
CCTATCATAGGTCATTTTCGACGACTCTCT	0	0	0			0	34.12642324	0	12
CCTATCCTTTGTGAGCTGTATATAAAGGAT	160.9870052	759.3923896	113.8689956			0	0	0	232
CCTATCGTAAAGTATGTGTCTACACGCCGT	0	0	0			0	174.0447585	0	754
CCTATCGTCAAGTCTGTGTCTACCCGCCGT	0	0	0			0	3.412642324	0	1
CCTATGCGATTAATTGAGTACCTTCAGATT	7.789693801	0	0			0	0	0	11
CCTATTCCTAGAGATTTGCACAACGGCTCT	0	0	0			0	6.825284649	0	17
CCTCAGCAACGCCTTTTGTTCGTACGGTTA	0	0	0			0	6.825284649	0	38
CCTCAGCTCCTGTTACTCCCATCCCACTAT	0	0	0			0	3.412642324	0	1
CCTCATATATAATGACATAGGTGGTCGTTG	0	0	0			0	10.23792697	0	13
CCTCATGAATTCGTGCGCCAGGGGGGTGAA	0	0	0			0	30.71378092	0	30
CCTCCCGGAGGCGGCAAGTGGTCGGTAGTC	0	0	0			0	3.412642324	0	8
CCTCGAGGTAGGAAGTGGAGAGTGCAAGTT	0	0	12.65211063			0	0	0	130
CCTCGTATAGGGGAGTGCCTCCTCTAGCAC	0	0	0			118.6408046	0	0	256
CCTCTATTACGGACCCGCCACGGGCCTGGC	0	0	0			8.325670498	0	0	2
CCTCTGATAATTGTGCAAGTTTTATGAGTC	0	0	0			0	13.6505693	0	957
CCTCTGCATCTCTTTGACGGCGAGGACATC	135.0213592	187.8636225	154.9883552			0	3.412642324	0	25
CCTGACGTTAAGCCGATTTACGCGAAGCGT	0	0	0			0	17.06321162	0	3
CCTGAGTTTGTTCGGCAAGTGAGGGGCTCA	0	2.645966514	0			0	0	0	3
CCTGATAGACGGGCGTGGGATGCCTGGGTG	0	0	0			0	44.36435022	0	4
CCTGATTAAAACTTGGTTACTGAATTGTAA	0	0	0			0	27.30113859	0	4
CCTGATTCTCATCAATCGGTTCGGCTAGGT	10.3862584	50.27336377	28.46724891			0	27.30113859	0	16
CCTGCCCAATGTTCAGTCCTTTGAATTGTC	0	0	0			0	726.8928151	0	1361
CCTGCGGCTGAGTAAGACTATTCGGTGTTG	0	15.87579909	34.79330422			0	0	0	58
CCTGCTAAAGGTGACGCAGGTAGTGAAGGG	11.6845407	0	0			0	0	0	1
CCTGCTAAATGAACATAGGGTCACTGTGAT	27.2639283	534.4852359	765.4526929			0	10.23792697	0	30
CCTGCTGTTCAAATTGTTACGGTATGAACT	0	0	6.326055313			0	0	0	1
CCTGGAGTAAAATGACCAGAACGTTTAGAC	0	0	6.326055313			0	0	0	9
CCTGGAGTAGGAGAGCAAAACGAGGATGTG	0	21.16773212	0			0	47.77699254	0	469
CCTGGCGGTGGTAGGGTGCCCAGAGGTAAA	0	0	9.489082969			158.1877395	23.88849627	0	16
CCTGGCGTACGACGCTTTTCCCTGAGGACG	24.6673637	13.22983257	0			0	0	0	2
CCTGGCTGTTAAAGCGCATAGCAGTCGATG	0	15.87579909	0			0	0	0	30
CCTGGGACTCGGTTTAAAGTCGTAGCAGTC	0	0	0			0	3.412642324	0	2
CCTGGGGCTTGCAGGGCCGGACCCATGTGA	0	0	18.97816594			0	0	0	19
CCTGGGTGAGGACCCTGAGTGCTTCAGTAG	18.1759522	0	0			0	6.825284649	0	27
CCTGGTATAGATCGTAGGGAGCTGGTGGGA	0	0	0			0	61.42756184	0	4
CCTGTACATTGCCAAATGATAGGATTCGTC	0	0	3.163027656			0	0	0	7
CCTGTATATTCGTGCTGTCAATGCGCGAAG	0	0	0			18.73275862	0	0	53
CCTGTCGCTTTGTATGATTGCCCTACGCGG	0	0	0			0	17.06321162	0	15
CCTGTGCAAGTGACGTGTAGCTTGGCCCCT	0	0	0			0	10.23792697	0	569
CCTGTGCCAAGCAGAGCTGTGGGCATCATG	0	0	0			0	119.4424814	0	24
CCTGTGGGTTAGCGCTTAGGGAGGGGATTC	0	0	0			0	17.06321162	0	78
CCTGTGGTTAGAGAGGGGCGGGTGTTTAAG	0	0	0			83.25670498	92.14134276	0	16
CCTGTTAATGTTATAGAGGGCACAAGATAC	0	0	0			0	3.412642324	0	17
CCTGTTGCACGGCGGGCTGGGGATCTTCCA	0	0	0			0	6.825284649	0	1
CCTTAAAATTTATGGAGTAGTGCTTTTTGT	0	0	0			0	58.01491951	0	7
CCTTAATATTTTGGTCACAACCAGTTTAGA	0	0	0			0	23.88849627	0	290
CCTTACTTTATTGTGGCGCCAGGCAGGTAA	0	0	0			0	20.47585395	0	7
CCTTAGTGTCCCTCTGGCCCAATCATCCTG	28.5622106	26.45966514	25.30422125			0	10.23792697	0	1
CCTTATAGAGCTATAGTCGTTTACTTTATC	59.72098581	100.5467275	392.2154294			0	163.8068316	0	5
CCTTATCGTGGAAGTCCTACCTACATGAAC	0	0	0			0	2149.964664	0	1285
CCTTATTGAGCAAACCGTTGACTGGTGATA	0	0	6.326055313			0	6.825284649	0	1
CCTTCAATTTTACACCCGTAATGGGTAGCA	0	0	0			2.081417625	0	0	44
CCTTCACCAAGGGCCCCTGAAATGAGTGTT	0	0	0			4.162835249	0	0	2
CCTTCGTGTCATCTAGAATTTGAAAAATCT	0	0	0			6.244252874	0	0	1
CCTTCTTTTTGACGATAGCAGGGGAAAGTG	2.5965646	0	31.63027656			0	6.825284649	0	3
CCTTGCAGATCGGTCGTCAGTCAGGATAGT	0	0	0			0	17.06321162	0	3
CCTTGCGTTGATCCAGGTCGAAATCGCTAG	0	0	9.489082969			0	0	0	19
CCTTGGCCACATGATTGATTTCGTGAGTCC	0	0	0			118.6408046	191.1079702	0	9
CCTTGGTAAATGGGGAGTTCAACGGTCAGC	0	0	221.411936			0	0	0	93
CCTTGGTGTAATTGCATGCGGATATTTTAA	0	2.645966514	0			0	13.6505693	0	22
CCTTGTAATAGTATCCCTTGACGCTGTGGG	0	0	0			0	23.88849627	0	2
CCTTGTATACCTCCAGAGGTAAAGCGGGTG	0	0	44.28238719			0	0	0	25
CCTTGTATTGAATACGTAGCGCTTGGTCTG	0	0	0			0	17.06321162	0	39
CCTTGTGAAACTAATGAGGAAGGCGCACGT	0	0	0			0	10.23792697	0	18
CCTTGTGGACGGGGGTAATTCCCTGCACAC	0	0	0			191.4904215	95.55398508	0	92
CCTTTAGCTCTTCTCGGTTGGATTTGGAGA	0	0	0			0	17.06321162	0	17
CCTTTAGTTAGTGATTCGCAGGATGGAAAG	0	0	0			22.89559387	0	0	1846
CCTTTATGTAGTGGGATTCACTGGGCAACT	0	0	0			0	34.12642324	0	92
CCTTTCACAGGCAAAAATCTTTCGGCTACC	11.6845407	0	0			33.30268199	44.36435022	0	14
CCTTTCGTATAGAGATGCGGATGACACAGG	0	0	0			0	556.2606989	0	396
CCTTTCTTTACGCCCAGTCGTGGCCCTTGC	0	0	0			0	3.412642324	0	2
CCTTTGAGACAGAACGGAATGTCAGTGGGG	0	0	0			0	78.49077346	0	191
CCTTTGGAAGGTAATAGCCGATGTTTCGAC	0	44.98143075	3.163027656			0	85.31605811	0	52
CCTTTGGAATTATCTCGCAAATGAAGCTCG	0	0	31.63027656			0	17.06321162	0	1
CCTTTGGGTCGGCAAAGGTGTGGATATGTC	0	0	0			0	13.6505693	0	1
CCTTTGTATACGGATAAATGTCACGGTACT	0	0	145.4992722			0	259.3608166	0	19
CCTTTTAGAATATCCTAGGACTTATGGGTA	0	0	0			0	208.1711818	0	1100
CCTTTTGGATAGCCTATGGGCCAGCTCAGG	53.22957431	2619.506849	101.216885			0	191.1079702	0	47
CCTTTTTGTCTGTGTAATGTGGGGGGCTGG	81.79178491	92.60882801	66.42358079			0	44.36435022	0	276
CGAAAACATCTTAGAAATATCGTATGTCTG	0	0	0			0	27.30113859	0	1
CGAAAATGATTAGTTGGGTGTCTGGTAAGT	0	0	0			0	1119.346682	0	1112
CGAAACATTTCTCCTAGGCACCACATGATG	0	108.4846271	69.58660844			0	0	0	33
CGAAAGAGTCGGTTGTTAATTATGAGACCA	0	2.645966514	0			0	0	0	10
CGAAAGTGTGGCTGATTCTTACCTTTTCGC	0	0	0			0	6.825284649	0	2
CGAAATAGAGAGTCTAGGCTAAGTACGAAG	0	0	0			108.2337165	153.5689046	0	251
CGAAATCATGGATATACATATTCGGAGTCG	202.5320388	2243.779604	996.3537118			0	71.66548881	0	39
CGAACGCTAGGTCATGGTGCACACCCCTTG	0	0	0			22.89559387	3.412642324	0	16
CGAAGACCAGATGAACTGTCGCGCACTCAG	12.982823	84.67092846	309.9767103			0	47.77699254	0	14
CGAAGCATTCAATAAATGAATTAGTCGATG	0	0	0			0	3.412642324	0	24
CGAAGGGATCATGCGTGCTCGGGCTGCTTG	0	0	0			0	30.71378092	0	50
CGAAGGGCAGTGGAATGATTTTAAAATTAT	0	0	0			0	3.412642324	0	1
CGAAGGGGTGTGTAGGAAGGAGTTATTGTG	0	0	0			220.6302682	1754.098155	0	968
CGAAGGTTAGATCCAGGTCGGAAGGCGTCG	0	0	0			0	20.47585395	0	12
CGAAGTGTTCGGAGAACGTGGGGAGAGGGA	0	0	0			0	3.412642324	0	3
CGAAGTTGAACTGAGTGGTCTGGTACTGTC	0	0	0			14.56992337	3.412642324	0	83
CGAATAAATCATATTCAGCTTCTCGTAAGA	0	0	0			0	576.7365528	0	819
CGAATACCAAGGGTCCTACTTAGGCCGAGG	0	0	0			0	6.825284649	0	1
CGAATACGAGTACGCATAGTGCGTCGTGGG	0	0	0			0	85.31605811	0	4
CGAATATCTCAGAGGCCTATTGGGGTATCG	0	0	0			0	13.6505693	0	3
CGAATATGTGTTAACGATTCCATTGGGGTT	0	31.75159817	18.97816594			0	436.8182175	0	16
CGAATCGTATTGGTGCGTCGTGTGCTTTCC	0	5.291933029	0			0	0	0	1
CGAATCTGATTCAGTCGCAGTCTTAAGGGG	0	0	0			0	20.47585395	0	1
CGAATGCATAGCAAATAAGCAACAATTTAG	0	0	25.30422125			0	156.9815469	0	765
CGAATGGCATTTTCTATAGGTATGCAACTG	0	0	0			0	37.53906557	0	619
CGAATGGGTACGCAACGAGTGCCTGACGTT	0	0	3.163027656			0	0	0	1
CGACAAGATACGTGTCAGGCTTTCCGGACG	0	0	37.95633188			0	58.01491951	0	26
CGACAAGGACGGTTGGAAGGGTTTACGGGG	0	0	0			0	23.88849627	0	2
CGACAGGTATAAACAGTTGCTCGTTGGTTA	0	0	0			6.244252874	0	0	945
CGACATACTCCCACGCGGGCGCCGCTGCTG	0	0	0			0	6.825284649	0	1
CGACATGTACGTAGACACCCGGATGCGGCC	0	0	0			0	6.825284649	0	7
CGACCAATTCTGCTGTTGTAGAAGCTGATT	3.894846901	0	9.489082969			0	0	0	34
CGACCACGTGAAGCCAGCTTGCTACGGGTC	0	0	0			183.164751	0	0	7
CGACCGGTATCCTATAGAGGTTAAGGGCAA	0	0	0			0	6.825284649	0	1
CGACCTGTTGGCGTGGATTCGGTGGTCGCG	0	0	9.489082969			0	54.60227719	0	83
CGACCTTATTGGTGCTAAGGGACAGTGGTA	0	0	0			0	6.825284649	0	4
CGACGAGGAACATTGAACATCAGATTGCTG	0	0	0			0	6.825284649	0	3
CGACGAGGTTGGTGTCCTCGTCGATTCGAT	264.8495892	494.7957382	664.2358079			41.62835249	392.4538673	0	694
CGACGGAGATTTTGGAAGTGTAGCTGAGTA	0	0	0			4.162835249	310.5504515	0	5
CGACGTAATATATAGGCACGTTTACAGGAT	575.139059	5141.112938	762.2896652			0	109.2045544	0	92
CGACGTATACTGCCAGAGACTTACTGCGGT	0	0	0			0	30.71378092	0	119
CGACGTCTACCCCGGTTGAAGAGCACCTTT	0	0	0			220.6302682	0	0	42
CGACGTGTAAACCCGATGCGTAGTGTCTCG	0	0	0			0	51.18963486	0	2
CGACTGGCTCACTTCTCCGTCGGAACATGT	0	0	0			20.81417625	1730.209658	0	1139
CGACTGTGAGAAGGGGTTGTTAGACAGGTG	0	0	25.30422125			0	0	0	1166
CGACTTGCACCGTGGGGCGCGCAGGCTTGT	0	0	0			0	102.3792697	0	81
CGACTTGTAATGATATATGATTAATCACGT	0	164.0499239	202.43377			0	139.9183353	0	74
CGACTTGTTCCGCCTTTAGACACCCACCCT	0	0	0			0	10.23792697	0	50
CGACTTTTTACAGATACGGTATATTGGTAA	0	0	0			47.87260536	672.2905379	0	410
CGAGAAAATAGATGTAGATCTGGGTAATAT	0	0	3.163027656			0	0	0	299
CGAGACGTTCCATTGGGCGTATGGTGGTCG	0	7.937899543	3.163027656			0	6.825284649	0	56
CGAGAGATTAGTGGCATAAAGGGTCAAGAT	0	15.87579909	0			0	3.412642324	0	11
CGAGAGGTATGGAACGCGTAAGGCTGAGTA	0	0	0			0	3.412642324	0	8
CGAGAGTGAGATTGTTGGGGAGCGTGTGGA	0	0	0			41.62835249	0	0	31
CGAGATTATGCCAAGACTCGGGTACGATGG	0	0	0			0	10.23792697	0	3
CGAGCAATAGTGTTGTAGGGAATGGTAGTG	0	0	0			0	6.825284649	0	2
CGAGCATGTTCAACACTGTACGAACTGCTT	0	0	0			0	849.7479388	0	322
CGAGCGTGTAATCCGGGATGCTTGGACTAT	0	0	0			4.162835249	119.4424814	0	1045
CGAGCGTTACCCTTTTACGGGTTTCGCTTA	0	0	18.97816594			0	3.412642324	0	2
CGAGCTTAATATACCGCAGGTGGAAGCCAT	0	0	0			43.70977011	0	0	49
CGAGGATATACTCCCCCAGGGGCAATGCCG	0	0	0			0	20.47585395	0	1
CGAGGGGGTAGATTTAGAAGGATGGGGGGG	0	0	0			0	3.412642324	0	12
CGAGGGTTAGTCAAGTGAACGGAGGCTGGT	0	0	15.81513828			0	17.06321162	0	2
CGAGGTGGTGGTAGGGCGTCTACTGCAGAA	0	0	0			33.30268199	37.53906557	0	1678
CGAGGTTTAGTTTATAACTATGCCGTTAAG	0	0	0			0	3.412642324	0	1
CGAGTAAAAATAGTTGACACCACTGAAAGC	0	108.4846271	104.3799127			0	1010.142128	0	173
CGAGTAAGTATCGTGCAGTGGTGTCTTTCT	71.40552651	66.14916286	110.705968			0	221.8217511	0	63
CGAGTGGTTCCACAGTTGGGGAGCTTTAGA	0	0	0			0	6.825284649	0	85
CGAGTGTAAGGTTTATATTACCATTGCCCG	0	0	0			0	20.47585395	0	5
CGAGTGTTATTGATGCGGTGTTAATCTTAT	0	0	0			0	34.12642324	0	16
CGAGTTAAATTTAATGGGCGCAGTTTCCAG	0	0	25.30422125			0	0	0	12
CGAGTTATTGCGCTATGTTACTGATTCATG	16.8776699	0	0			0	0	0	3
CGAGTTCAATCTGATCGTAGTAATGGAGAT	0	0	0			0	17.06321162	0	31
CGAGTTCCAAATCCAAGACTTTATAAGTGT	0	0	0			22.89559387	0	0	1
CGAGTTCGATATTATATACGTTTCGTAGAA	0	0	0			2.081417625	0	0	30
CGATATATAGGGTAGCTAAATTGTCATGGT	0	0	9.489082969			0	0	0	5
CGATATATTTCTGACTCCTAGGAGAAAGGT	0	0	0			0	17.06321162	0	56
CGATATCTACAACACCTAAATAGATGTGAG	0	0	0			0	13.6505693	0	25
CGATATGAATTCCTGACGGCAAATGGCAGA	0	0	0			0	17.06321162	0	9
CGATCACATGCCTAATGTACTATGGACCCT	0	0	0			0	27.30113859	0	5
CGATCAGCAGCGGGTTACCTTTCCACACGA	15.5793876	0	0			0	0	0	1
CGATCCGGTATGCGTAACGGTTTGTGCAGG	0	0	0			0	13.6505693	0	4
CGATCGCCATTATGGTATATCCGAGCTTTA	0	0	0			0	20.47585395	0	233
CGATCTATAACGCGTTTTGGTTCAGATGGG	0	0	0			0	58.01491951	0	1
CGATGATTAAGCATGATTCATCTGGGAGGA	0	0	0			24.97701149	47.77699254	0	2
CGATGCCTAGAATTTGGATGTGTTTTAGTT	0	5.291933029	0			10.40708812	10.23792697	0	38
CGATGGGGATGGCGTCGACTTTAAGGCGTG	0	0	0			37.46551724	0	0	251
CGATGTGTAACATCTAGACCCGTAAGGGCA	0	0	0			0	20.47585395	0	28
CGATTCCAAAGTACTAATATGAGTGAAAGT	0	0	0			328.8639847	307.1378092	0	42
CGATTGAGACTTCGGGCAATGTTATTTGCC	0	0	0			0	3.412642324	0	5
CGATTGAGTAGCCGCCTCGTTATCGGAACC	0	0	0			0	102.3792697	0	175
CGATTGGCATTGAAGGGTCAGGTCGGTCTG	0	0	0			0	740.5433844	0	1487
CGATTGGTATCAGGGGGGTGCATAGGGTTA	0	137.5902588	0			0	0	0	118
CGATTTGCTTTGGCCATTTATGGAGATGCC	0	0	0			0	6.825284649	0	6
CGCAAAGCTAGCATGAGCTCTCGGTACACA	0	0	0			0	331.0263055	0	402
CGCAACGCACCGGTCACTAGTACCTGGATC	0	0	0			0	30.71378092	0	15
CGCAAGGCTGGCTTCTATTGGGCTGGTACG	0	0	0			0	34.12642324	0	1
CGCAAGTTTTATAATGCGGTATGATCAAGT	0	0	6.326055313			0	0	0	7
CGCACATGAATGTTTGGGAAAAGCGAGTGG	0	0	60.09752547			0	23.88849627	0	13
CGCACCGCACCAACCGGCTGATTAGTCAAA	0	0	0			0	378.803298	0	1826
CGCACCTATGGTAACAATATTAGATCCGTT	0	0	0			116.559387	105.7919121	0	25
CGCACGAGACTTAGTGCCCCGTGCCTTGGG	0	0	6.326055313			2.081417625	10.23792697	0	3
CGCACGGATCATCGAGCTAACTATTTTATT	0	10.58386606	0			0	0	0	1
CGCACGGTAAGGTACGAGGGATGTCGGGGG	0	0	25.30422125			0	20.47585395	0	476
CGCACGGTAGTCCGCCTGGTTCGGGCGTAG	0	0	0			0	17.06321162	0	433
CGCACGGTTAAGTGAACACTGGTCTGACGG	0	0	18.97816594			0	68.25284649	0	7
CGCACGTAATTCCTGTATTTGCGTTGTGTC	0	0	0			0	3.412642324	0	1
CGCACTAGTATATCAACCGGTAGTAGTATT	0	0	0			0	23.88849627	0	10
CGCATAACTTCCCCGCGTTAGAGGGTATCT	0	0	0			0	3.412642324	0	10
CGCATAATTTATTGTGTCTCGGAAGAGCGA	0	0	0			20.81417625	0	0	16
CGCATGTGTATGTAAGGGTCATAAGGGACT	0	0	0			83.25670498	508.4837063	0	738
CGCATGTTAGCTTGCGAGGGCTTAATGGCC	0	0	0			0	6.825284649	0	11
CGCCACGCATCGTTGTCAAAAGCTAATTAC	0	0	9.489082969			0	10.23792697	0	6
CGCCACGGTAGGGATATGACACGTACAGTA	0	0	0			0	64.84020416	0	33
CGCCACTAAAGGTGCCCGAGGGAGTAATGG	105.1608663	0	98.05385735			54.11685824	51.18963486	0	204
CGCCATCTACGTTAATATGTCACTCAAAAG	0	50.27336377	0			0	0	0	26
CGCCATGCAACGGTTGCCGTGGATAGTCCA	0	0	0			0	40.95170789	0	23
CGCCCAAGAGCATGTCTAGTAGGGATTCCT	0	0	0			4.162835249	0	0	2
CGCCCACGTGGTAATGCGCTGACCGTCAGT	0	71.44109589	0			0	170.6321162	0	2
CGCCCAGGATCTGTTAGCAAGAGGCGGGTT	0	0	0			0	3.412642324	0	13
CGCCGCGGAGCTGGAACGGACAGTGAAAAC	0	7.937899543	0			0	0	0	2
CGCCGGGGAGTTTTAAAATTCTGCATATTC	0	0	0			0	3.412642324	0	3
CGCCGGGGTTTTCCGGGAGAGAGATAAGGT	0	0	15.81513828			0	0	0	215
CGCCTCACTCGGGTGGAGTAGGGAAGGGGG	0	0	0			0	95.55398508	0	681
CGCCTCCGACGAAACCGGCCCCTCATCTGA	0	0	0			0	3.412642324	0	4
CGCCTTATAGAACGAGTACGTCGTAGGTCT	0	0	0			22.89559387	3.412642324	0	16
CGCGATGGTTCTTGGGCCACAACTGGGAGC	0	0	0			0	740.5433844	0	730
CGCGCATATGTACCGTGGCATGCATTTAAG	0	0	0			0	17.06321162	0	94
CGCGCATTTATATGCCCACTAATATGAAAC	0	0	6.326055313			0	0	0	9
CGCGCCACTTGGGGTATGTAATCGGACGGG	0	166.6958904	0			0	23.88849627	0	2
CGCGCGCATCCTTGATGATACTGTGTAGCT	0	0	0			0	3.412642324	0	5
CGCGCGGTATACAGAGAACCAATGGGTCGG	0	0	0			6.244252874	0	0	5
CGCGCTGTTGTACTCGTTGCGCCGGACACC	0	10.58386606	15.81513828			0	40.95170789	0	7
CGCGGACCACCAGCGCTATTGTTAGAATCG	0	0	0			0	17.06321162	0	102
CGCGGATTTGGGTTATAAATCCAGGGCAGT	0	0	47.44541485			0	549.4354142	0	57
CGCGGCCGTATGTATGACACATACGTTATT	0	0	0			2.081417625	0	0	1
CGCGGCTGTCACTACCCGCGGGATCCCCGA	0	0	0			0	78.49077346	0	1323
CGCGGGAGACACGTGGTCGGATGATGGGTT	0	0	0			124.8850575	0	0	546
CGCGGTAGACGCCCGTGGAAGCGAGGTGGT	0	0	0			0	3.412642324	0	6
CGCGGTGAAATGTTGATTCCAGTGAGGTGT	155.793876	127.0063927	0			18.73275862	511.8963486	0	174
CGCGGTTGAGAGGAGCCGAGGACATGAGAG	0	0	31.63027656			0	0	0	121
CGCGTAATACTTGGGAAACGCTGTCCCACA	5.193129201	39.68949772	0			0	0	0	6
CGCGTAGTAGCTTACTAGTATATCGATAGA	0	0	0			6.244252874	0	0	4
CGCGTAGTATCGGCTTCGGGTGGGTTAGAT	0	0	0			10.40708812	0	0	6
CGCGTCCATGTTAGATGACGAACTGAGAGT	0	0	3.163027656			0	0	0	3
CGCGTGCGATCTAAAAGTGATGTCGGCTCC	0	0	0			12.48850575	88.72870043	0	1
CGCGTGGCAGAGAGACCGAGTACTCCGTAA	0	0	0			0	3.412642324	0	8
CGCGTGGTATTAATCGCCAGGGATATGTGT	0	0	0			0	3.412642324	0	12
CGCGTTAGACATAACTGTTGTGAGGCGGGT	0	13.22983257	0			0	0	0	9
CGCGTTGCTTTCCGTGTGCTGGGTGCCACT	0	0	0			0	30.71378092	0	25
CGCTAAATTTTCATGCCAAGCCCTGGTGTG	0	0	0			0	208.1711818	0	272
CGCTATCTAGTAGTCCGGTCTGCGTGTCCT	9.087976102	7.937899543	0			0	0	0	1
CGCTATTGAAGCCGGGTGCTTCGCATTCCA	0	0	0			4.162835249	0	0	30
CGCTCAGTTCTATTTCGGCTGTGTTTCTAT	0	0	0			0	17.06321162	0	1
CGCTCATATGCGTATACTATATCTCACAAG	0	0	0			2.081417625	0	0	1
CGCTCTTTTCACACGGCGAGTTACTAAGGC	0	0	0			0	27.30113859	0	26
CGCTGCAGTGTACCAGCAGTTAAATTTAGG	0	0	0			0	51.18963486	0	12
CGCTGCTTAAATAAACTCCGGAGGTGCACC	9.087976102	0	0			4.162835249	13.6505693	0	12
CGCTGGAGACGTCGGGTCGCATGGGGCTAG	0	0	0			0	23.88849627	0	4
CGCTTACCATCGAGCTCCGTCATGACAACG	0	0	0			12.48850575	3.412642324	0	14
CGCTTCGGACCTCCAAATTTACGAAAAACA	0	0	0			24.97701149	0	0	17
CGCTTGGGATTACGTCGCCCGTAGTGGTAG	0	0	25.30422125			0	40.95170789	0	7
CGGAACGCACTATGGAATGTACGGAATATT	0	0	771.7787482			0	0	0	1399
CGGAAGTCTACGCATTAAAATAATCACGGT	7.789693801	238.1369863	0			31.22126437	378.803298	0	1356
CGGAATGGTGAGACAATTTGCCCAAGCGTA	0	0	0			18.73275862	0	0	3
CGGAATTTTATACGGCGCCAGTCTGAAGTA	0	0	0			0	23.88849627	0	2
CGGACAAAATTTCCCATTCGCGTTTTTAAT	0	0	0			20.81417625	0	0	555
CGGACAGTTGAAGGAGGGCCGAGGTGCACC	0	0	0			0	522.1342756	0	31
CGGAGAGGAATGCTATACGGTCATGCTGTG	0	0	129.6841339			0	0	0	8
CGGAGGGGATTCAGGGTTAGATGATAGTGA	0	0	0			187.3275862	317.3757362	0	134
CGGAGGGGATTTGAGTATGTGAGCCCGGCA	0	0	0			0	266.1861013	0	585
CGGAGGTGATGTCATGACTATGCGGGGCCG	0	0	0			22.89559387	10.23792697	0	21
CGGAGGTTTGTTTAGGATTGCGCAGAGTCG	0	60.85722983	0			0	0	0	1
CGGAGTAATTGCACGGGAGAGACGGGAGCA	0	0	0			16.651341	3.412642324	0	18
CGGAGTAGTGGAGTCTGCACTGGTCAAATA	0	0	0			0	3.412642324	0	10
CGGAGTCGAGTAGTTGGGGGAGGCAAGCCC	0	0	0			0	23.88849627	0	1
CGGAGTTTAAATTGGTTTGCCAAGAATAAG	0	0	0			0	10.23792697	0	1
CGGATAACACGTGAGGCCGTTAGGGGCGCG	7.789693801	0	12.65211063			0	3.412642324	0	2
CGGATCCTTGCTTAGAACTGGTTTGGGCTT	0	0	0			45.79118774	0	0	17
CGGATCTGATGCATGCGGACAGTCTCGGTG	18.1759522	31.75159817	0			0	0	0	1
CGGATGCTTGCTATCAAGCGAACCGCGACC	0	0	6.326055313			0	0	0	17
CGGATTACAAGTGATAAATTCAAATGCGCT	0	0	15.81513828			0	27.30113859	0	12
CGGATTGGACGCGAGGTAAATATTTGCCTC	0	0	0			0	23.88849627	0	17
CGGCAACAACGCTGATCAATTAAACATTCT	0	0	0			0	61.42756184	0	2
CGGCAAGATGTTGTTCGTTTGGCTGTGAAG	0	0	0			0	30.71378092	0	38
CGGCACTTATAAGTGTGTCATTGTGGCTCC	0	0	0			8.325670498	3.412642324	0	1
CGGCAGGGAGTTATTTTGGCAGGACATTGC	0	0	0			0	13.6505693	0	3
CGGCAGGTAAAGGCCAGGGTAAGGGTAAGT	0	0	0			0	10.23792697	0	118
CGGCATCCTACCGATTTATAATATAATCCC	0	134.9442922	0			0	0	0	4
CGGCATGAACGGGCGGTTGGCGTACGAGAG	0	0	0			0	30.71378092	0	1
CGGCATGTATCCGAGGAAAGGGCAGTCGCG	0	2.645966514	0			12.48850575	116.029839	0	82
CGGCATTTACGGAGGCCGCATGGAAATCTA	0	0	0			0	436.8182175	0	263
CGGCCAAATCGTGGTTAACACATGCGATCG	0	0	0			20.81417625	0	0	1
CGGCCCGGTCGGGGGCGTGGTGAGGACTTC	0	0	0			0	6.825284649	0	1
CGGCCGGTAGAGTGCATGGCGGTTGGGAAC	142.811053	10.58386606	34.79330422			0	412.9297212	0	50
CGGCCGTAAGCCGACAGAAATAAGGAGGAA	9.087976102	7.937899543	18.97816594			0	6.825284649	0	4
CGGCCGTGTCGTCCCTTCTGAGGATGGGCA	0	47.62739726	50.6084425			0	0	0	3
CGGCCTAGTGCACTCCGGTAGTGGCGCAAA	29.86049291	37.0435312	126.5211063			0	20.47585395	0	4
CGGCGAATAATAAGCGGGCGACGAGGACAC	0	0	0			8.325670498	0	0	22
CGGCGAATTGTTAAGTTTGCCTGACTAAGG	20.7725168	84.67092846	72.7496361			0	0	0	4
CGGCGAGCATGATCGCCACGCCATTCCCGG	0	584.7585997	31.63027656			0	133.0930506	0	486
CGGCGCAGACACGGCGAGACTCTTAGGTAT	0	0	0			0	61.42756184	0	96
CGGCGCAGTAGGAGTTTGATAAGGTGCTTG	0	0	3.163027656			0	27.30113859	0	1
CGGCGCCAAAGTGATGGCGAGAGGATGGGA	0	0	3.163027656			0	0	0	57
CGGCGCCAATCATTCTACGGGTTCGTGGCT	0	0	0			0	10.23792697	0	2
CGGCGCCGTATATGCTGGAGGGGCAGACGC	0	0	37.95633188			0	0	0	991
CGGCGGATTTGGTACGACGCCAGGGAAGCC	0	0	0			251.8515326	2675.511582	0	1666
CGGCGTCATGGCCTGATATAGACGGTACAA	0	0	0			0	348.0895171	0	1454
CGGCGTGTTTCATGGTAGGTCCGAAGACAT	0	0	0			0	6.825284649	0	1
CGGCTAAATTTCATGATAATATGCGTATTC	0	0	0			0	129.6804083	0	660
CGGCTAACTCATGGCGCGTCTTTTGAGTGT	0	5.291933029	0			0	40.95170789	0	6
CGGCTACAAGGACGCATTGAGCCCTGTAAG	0	63.50319635	0			0	30.71378092	0	5
CGGCTATCAACATGGAAGCCATTCTAATCT	1.2982823	0	661.0727802			0	1109.108755	0	2591
CGGCTATTAGAGGCGAGGACTTTGTCAAGT	0	0	0			0	13.6505693	0	8
CGGCTCGAATCGAAGTTGCGGGGAGTCCGG	0	0	0			95.74521073	54.60227719	0	165
CGGCTGGTACTACGGCTTAAATTAGGGCGT	0	0	0			0	105.7919121	0	1031
CGGCTTGGAGAGACCCCTCAAAATCACAAC	0	0	0			0	23.88849627	0	696
CGGCTTTGTATGTTGGCTCAGTACGCATAG	0	0	0			2.081417625	0	0	1
CGGGAAATTAGGGGGGAAGTGAGGATACTG	0	0	230.9010189			0	78.49077346	0	111
CGGGAACCACCCAGTAATTTGTAAGTTAGC	0	0	0			0	3.412642324	0	19
CGGGAGATAGGACGCGAGCTGAGTGGTCAA	0	0	0			0	3.412642324	0	4
CGGGAGGATGGGTGATTCTATAAGATAGAG	145.4076176	0	88.56477438			233.1187739	1102.283471	0	1666
CGGGAGGTTGCTGAAAGGTGTTTACATAAG	0	0	0			0	17.06321162	0	19
CGGGATCGTAACATGGTTTAGGATCACCTA	125.9333831	523.9013699	66.42358079			0	58.01491951	0	3
CGGGCAGTAATGTAGAATTGGCTGATATAT	48.03644511	79.37899543	211.922853			0	163.8068316	0	194
CGGGCCATTTCAAAGAAGGCTTTTTTAAGG	0	0	0			0	10.23792697	0	5
CGGGCGACTGGCGAGGGGTTTACGCGGGGG	0	60.85722983	0			0	78.49077346	0	62
CGGGCTCGTCTCGCGTAGATTGGTGAAAGC	10.3862584	60.85722983	34.79330422			0	13.6505693	0	22
CGGGGAATTTCGTAGGAAACTTAAATAAAT	0	0	0			0	23.88849627	0	7
CGGGGCATAATATTGTTCTAGAATGTGCAT	0	0	0			0	30.71378092	0	585
CGGGGCGATCGCCCATTGTGCCATAGCATG	0	0	0			0	27.30113859	0	4
CGGGGCGGTATTGCGGTCGGATTTATGGAT	0	0	0			260.1772031	0	0	686
CGGGGGCCACTTAAGCTTGGAGTACAGGGC	0	0	0			81.17528736	334.4389478	0	25
CGGGGGGATTGAACCAGTGGTCTCTTGACT	0	0	0			0	6.825284649	0	59
CGGGGGGGTTGGCAGGCTAACGGGAGCGGG	0	0	0			0	3.412642324	0	2
CGGGGGTGACAAAAGAAGCGTCGATCTGTC	0	0	0			0	23.88849627	0	1
CGGGGTCGTTATACTTCGAGGCAACTCGGG	0	0	3.163027656			0	0	0	18
CGGGGTGAATTGTGCCGGGGCTTCAAGGCG	0	31.75159817	246.7161572			0	1573.228112	0	34
CGGGGTGCTATGGATTTACAGTCAATAATT	0	0	154.9883552			0	0	0	67
CGGGGTTATAGGCGGAGGGGGCAAGGACGA	0	0	0			0	3.412642324	0	4
CGGGTAAGTCCTCGAGGCGCCTCGATGCCT	0	0	0			2.081417625	0	0	1
CGGGTAATAGGACGGGAAGTGGAAGGAGTT	0	0	0			0	40.95170789	0	217
CGGGTATAATGTTATGAAAGTGCATTCGCC	0	0	0			0	54.60227719	0	878
CGGGTATGATCTTTAGCCATCGGAAACTCT	0	0	15.81513828			0	0	0	1
CGGGTCAATAGTAGGAGGTTCGTCTGACCG	0	0	0			0	17.06321162	0	5
CGGGTCCAATTTCTATGCTATTTAAGATTA	0	0	0			8.325670498	71.66548881	0	3
CGGGTGCATGCAGGTTCTTTGCATTAAACG	0	0	0			16.651341	0	0	74
CGGGTGCGACTTCCGGGGCGCTCATATGGG	0	0	0			0	40.95170789	0	8
CGGGTGGTAGCTAGGATTTAAGGGGCGCAC	0	0	0			0	6.825284649	0	1
CGGGTGTGACGGCCCTGAACGGCCAGCAGA	0	0	0			0	17.06321162	0	1
CGGGTGTGTAGCGCAAAGGGCTAAGGTTAG	0	0	0			10.40708812	0	0	7
CGGGTGTGTGTTTTAGGACGATAGGCGCAA	27.2639283	0	72.7496361			0	6.825284649	0	2
CGGGTGTTATAAAACGCATTCGGGGGTGCG	0	0	0			0	283.2493129	0	32
CGGGTTGGACGCATCGGTGTATACGCGGGT	0	0	0			29.13984674	0	0	7
CGGGTTGTTAGTGGACTTAACACTTAGACT	0	0	0			0	3.412642324	0	8
CGGGTTTTTAGATGTGTTCGGACAGAGGCT	0	100.5467275	12.65211063			0	0	0	32
CGGTAATGACAATGTGAGGAGTGATACGCA	0	0	0			0	13.6505693	0	39
CGGTATCGAAACGTTTGGGCGGCCGAAAGA	0	0	0			0	307.1378092	0	2376
CGGTATCTATTGAGGCAATAAGGATATAGC	0	0	0			0	13.6505693	0	2528
CGGTCAAGACGACTAATCAAGTACTTCGTT	0	0	0			0	23.88849627	0	60
CGGTCATATTCACAGCGTGTTGCTGAAAAT	0	0	0			10.40708812	0	0	1
CGGTCGATAAATGAGCATACGGGCTACAAG	122.0385362	394.2490107	0			0	204.7585395	0	123
CGGTCGGCAGGGCATTGCTGAGGGAATACG	0	31.75159817	0			0	20.47585395	0	22
CGGTCTGGATTATCTGATAGTTAAAAGTGT	828.3041075	460.3981735	1062.777293			0	488.0078524	0	1256
CGGTGAATACTGGTTTAGGGAGCCTAGTCG	0	0	0			0	40.95170789	0	6
CGGTGATTAATGATTAGCGTGTGTTGAGCA	0	0	0			8.325670498	6.825284649	0	1
CGGTGCATTTTCCTCAGTCGAATCGGTCAA	0	0	0			0	13.6505693	0	19
CGGTGGTCTGGCTACGGGACGCGAGTTTAC	0	0	28.46724891			0	644.9893993	0	165
CGGTGGTGTGTTTATCCGAGGTTTCAATGA	0	0	41.11935953			0	0	0	130
CGGTGGTGTGTTTCTCCACGGTTTCCACTA	0	0	3.163027656			0	0	0	1
CGGTGTAATGCAAGGGCACCTCGAGTGGGG	0	0	0			0	17.06321162	0	4
CGGTGTATTTTACACGCTTGAGGTCGTTAT	0	0	0			0	201.3458971	0	126
CGGTGTCATATGGGCGCAGGCATTGACTAG	22.0707991	0	22.1411936			0	0	0	33
CGGTGTGCTGCGTAAAAGAGGTAGGGCATA	37.65018671	158.7579909	281.5094614			0	344.6768748	0	242
CGGTGTGTAGGGGCCAGGAGTCAGGTAACG	270.0427184	66.14916286	41.11935953			222.7116858	68.25284649	0	4
CGGTGTTCTCCTCCGACGGAATGGATGGTG	0	0	0			6.244252874	191.1079702	0	146
CGGTTAAGACCGACGGTGCCTCATACAGAT	0	0	0			0	34.12642324	0	39
CGGTTAAGTGTGGATTATGGGTATCAAGGG	0	0	0			0	51.18963486	0	1
CGGTTAAGTTCGGATTGCTCGACAGATGAG	0	2.645966514	0			0	0	0	2744
CGGTTATATCTCCTCAGGGAGTCACAATTG	0	0	0			0	3.412642324	0	143
CGGTTCGTTAAGCGAATGGTTGTGCGGTCA	0	0	37.95633188			0	6.825284649	0	1
CGGTTGAGTCAGTTTGTAGTTTGGATGAAG	0	0	458.6390102			0	0	0	192
CGGTTGCTAAGTCAGAGTGGAGGCTTGATC	0	0	0			0	47.77699254	0	1488
CGGTTGCTTTAGTGGCCTTAGTAATGCGTA	0	0	6.326055313			0	0	0	1141
CGGTTGGCAGATTAAATGAATGGGCGTGCT	0	0	0			0	75.07813113	0	1
CGGTTGGTTGTGTGCACAGACTTTGGGAAT	0	0	0			0	102.3792697	0	3
CGGTTTAAACTCGCGGTAGAGCCCACTGCC	0	0	6.326055313			0	0	0	9
CGGTTTAATCGCTTCATAGAACTCGTGGAT	0	0	0			0	395.8665096	0	60
CGGTTTACTAGGGAAGGTGGTGGACTTACT	0	58.21126332	56.93449782			0	0	0	4
CGGTTTAGTTTATTTATTCGCCCCTAGCGA	0	0	12.65211063			12.48850575	17.06321162	0	7
CGGTTTCATCGCTTCCTCGAACTCGTAGAT	0	0	0			0	6.825284649	0	1
CGTAAAAAACTCGAATAAGGAGTCGATTTC	0	0	0			6.244252874	0	0	2
CGTAAAAGACAAAGCCAGAGATTGGCAAGA	0	0	0			47.87260536	150.1562623	0	435
CGTAATAGACCATGAACATGCTCGTCCTAT	0	0	0			22.89559387	13.6505693	0	1835
CGTAATGAAATCGTGCCGCGTAACCGCTTT	0	0	44.28238719			0	0	0	467
CGTAATTAATCGCGGGATTATAGGCAGGAG	0	0	0			0	10.23792697	0	7
CGTACACCAATATGCATGCCTATTGCGTGG	50.63300971	928.7342466	322.628821			0	0	0	12
CGTACAGTTGGGTACGGCTCGTGGGAAAGG	0	55.5652968	66.42358079			0	307.1378092	0	10
CGTACATTATACTGAACGGTTTCTGGGGTC	1.2982823	148.1741248	0			83.25670498	252.535532	0	155
CGTACCGTTTTAAGAGTTGCTTTTTCTGTA	0	0	183.4556041			0	98.9666274	0	16
CGTACGTAATTAATGTAGTTGCGTTGTGTC	0	0	0			85.33812261	665.4652532	0	33
CGTACGTTATATGGAGTTAGGTCGTATTGA	0	0	0			0	17.06321162	0	124
CGTACGTTTCGAGCGCGTGTGTGAAAATTG	15.5793876	148.1741248	15.81513828			0	6.825284649	0	44
CGTACTTGTATGTCAATGATCATACGTCAT	0	15.87579909	0			0	13.6505693	0	3
CGTAGAGTTACCTCTAGTATGCTTGCATAG	0	0	0			2.081417625	6.825284649	0	2
CGTAGCGATAGGAGGGGGGGCCAGGGAGGA	0	0	0			20.81417625	0	0	904
CGTAGCGGTTGGACCTAGCGGCAGTCAGAG	0	0	0			0	3.412642324	0	1
CGTAGGTTTCGTGATTTGGACTGGTCCAAG	0	0	0			0	10.23792697	0	2
CGTAGTCATTCAGGAGTGTCAATTGGTGAT	0	0	0			0	58.01491951	0	153
CGTAGTGCTGCGGGAAACATGTAGTGATAA	11.6845407	71.44109589	101.216885			0	37.53906557	0	328
CGTAGTTGTAGCGACCTGCCGACGGGTAGA	0	0	18.97816594			0	0	0	343
CGTATACAATTGGCAATGTACGAAAGACGC	0	0	0			0	6.825284649	0	24
CGTATCAGATAGAACTCGGGTACTTACTTT	0	0	0			0	98.9666274	0	204
CGTATCCGACAACGGAGTTTCTGCGTGGGT	0	743.5165906	15.81513828			22.89559387	726.8928151	0	23
CGTATGCCTAGATCCCTTCCAAGGTGTTGC	0	15.87579909	25.30422125			0	6.825284649	0	3
CGTATGTATGCGATGCTGAAAGGTTACAGA	0	0	0			0	6.825284649	0	5
CGTATGTATTAAGCTGGTATAGACTCGAGC	0	0	0			0	64.84020416	0	393
CGTATTCAATATGAGCCTTTGGAGATGTTT	0	0	101.216885			0	0	0	107
CGTATTGATTCGTTTTGCTATATGGTCACG	0	0	0			399.6321839	279.8366706	0	221
CGTATTGCTATTCGGTTTTTTATGAGAGGA	25.965646	0	9.489082969			0	17.06321162	0	6
CGTCACATTGAATAACTCGATGTTATTCGT	0	0	79.07569141			0	0	0	497
CGTCACCCCCCGCACACACCACAAGTTTAG	0	0	0			0	3.412642324	0	1
CGTCACCTAGTTTTGTGGTCGGCGTGCGCG	22.0707991	2.645966514	0			0	54.60227719	0	70
CGTCACGATTTCTTTGACTATTACCTCTTC	0	0	0			0	10.23792697	0	60
CGTCACGTTGATTCGCGTTGGACGGAGGGC	0	0	0			0	27.30113859	0	2
CGTCATCAAATTATGGGAGCGGTCTCTTTC	0	0	0			0	61.42756184	0	138
CGTCATCATTACTGCGGCAGAGGCCTGAGC	0	0	15.81513828			0	0	0	8
CGTCATTATCAGTCTTCTTTACATAGAGCA	0	0	0			12.48850575	37.53906557	0	2
CGTCCAATAAAAGACAGCCTTAACGGATTT	0	0	0			0	3.412642324	0	4
CGTCCATCTAGAGGTCTTACGAATGTGGTT	0	0	0			0	3.412642324	0	2
CGTCCTCAAGTGGAATGACAGAGGGGCAAG	0	0	0			0	78.49077346	0	232
CGTCGACGTAGAGACAACCACGTGTAGAAA	0	0	0			0	3.412642324	0	1
CGTCGAGTAAAAGGGTGGCGCGTTCGGTCT	0	0	3.163027656			0	0	0	3
CGTCGAGTACGGTCGATTGGGTTACAAATG	42.84331591	2.645966514	0			6.244252874	0	0	16
CGTCGATCTCAGGTTGTTATTTATTAAGGC	0	0	12.65211063			0	0	0	12
CGTCGCGATAACTATCGTTTTATGTTAATG	0	0	9.489082969			0	0	0	48
CGTCGCTCAGAGTGAATCGTGACGGGAGCT	0	0	0			0	3.412642324	0	8
CGTCGGGATTGATGCTCGCCCCGAAACACT	0	39.68949772	0			0	58.01491951	0	34
CGTCGTATAATGATTTAGCGTCGGTCGCCC	0	0	0			12.48850575	0	0	5
CGTCGTTATACTGAGAGTGCGCGCACGAAA	0	0	189.7816594			0	0	0	6
CGTCTAAGAGCGGGGTCTAATTGAGTTGTA	0	0	0			0	136.505693	0	279
CGTCTGATTCTGGGCCAACGGCAAGGGCGG	0	0	0			0	6.825284649	0	1
CGTCTGTATTAGCTTGGGCAATAGGGTTGA	194.742345	216.9692542	0			0	0	0	662
CGTCTGTGTGTCCGGTAATGGAAGCCTCTA	0	0	0			22.89559387	68.25284649	0	15
CGTCTTACTAGGTTTGCTAAGTTAGTATCC	0	0	0			0	3.412642324	0	31
CGTGAACATCCAGGTCGCGTTTTAAAGATA	0	0	0			0	6.825284649	0	1
CGTGAACGTGGCGCCGCGGGCAGCTACTAT	0	0	0			0	20.47585395	0	1
CGTGAAGGTTGACTTTGGAGACCCGGAATC	0	0	0			0	6.825284649	0	7
CGTGAGAGAGCTTGCGGGCACACCCAGTGT	7.789693801	0	0			0	0	0	5
CGTGAGGCACATGGTACGGCTCAGATTCCG	0	0	0			6.244252874	0	0	1524
CGTGATGGACATAGTGCTGGTCTTTCTCTA	0	0	0			20.81417625	153.5689046	0	954
CGTGCACTATGGTAAAGTTAGGGTTATGAG	0	0	0			0	6.825284649	0	49
CGTGCAGGTTGGACCTCCGGGACGTGATAG	0	0	0			45.79118774	34.12642324	0	11
CGTGCCCGAATAGGGGTGGTATGCGGGCTT	0	0	0			0	23.88849627	0	26
CGTGCGAGAGGGCACGGGTCTATGGGCGAT	0	0	0			0	17.06321162	0	2
CGTGCGGCTGTAGGCGTATAGGCCAAGAGG	14.2811053	132.2983257	0			0	13.6505693	0	5
CGTGCTAGAAGCGTCTCGGAACGTGTAATG	0	0	0			0	13.6505693	0	5
CGTGGAATATTTTATGCCACTTGACGGGAT	0	0	0			0	23.88849627	0	47
CGTGGACGTAAAACAAGACTTAGAATATAT	0	0	0			0	54.60227719	0	7
CGTGGAGATTACTTGGGCTTGGAACATAGG	0	0	0			0	3.412642324	0	19
CGTGGCCTTCCAGGAACGGCCCGGGACCCG	0	0	0			14.56992337	0	0	54
CGTGGCGAACTGGTTAGGGGGTCTCAATAC	0	0	0			0	71.66548881	0	11
CGTGGCTTAATCTTTCATACTATGAAGTTT	0	0	404.86754			0	0	0	904
CGTGGGAAAGAGGGGCGGATCCAGTATCCT	0	0	0			0	58.01491951	0	12
CGTGGGCAAGTGCGCAGTTCCAATGACAGC	0	0	0			0	6.825284649	0	3
CGTGGGGGAACTTCGGCTGCTAACGAGGAG	0	0	0			0	27.30113859	0	1222
CGTGGGTATCGGTGTTCGACTAATAATTAC	0	0	28.46724891			0	0	0	6
CGTGGTCAATTCGGCCGGCTCGACGTCAGA	0	0	0			2.081417625	0	0	14
CGTGGTTAAAGGGGGTTAATTGAGAAGCCT	0	0	0			0	10.23792697	0	1
CGTGGTTAATGATAATGGGGAGTCTGTGAC	0	0	0			0	17.06321162	0	3
CGTGGTTCATGCACAGACCTAGATTGCATG	0	0	0			2.081417625	112.6171967	0	13
CGTGTAAAAGCGGTGCGAGAAACCGAGGAG	0	0	3.163027656			0	0	0	1
CGTGTAAAATAAGTCTCGTAGTGGGTGGCA	0	0	0			0	34.12642324	0	7
CGTGTAACTGGCAGTTCAGATGGACACACA	0	0	0			0	6.825284649	0	1
CGTGTACGTGTTGGAAGGCTGTAACAGCCC	0	0	0			0	40.95170789	0	181
CGTGTCCCTATGTAGAGGCGGGGAGATTGA	0	0	0			0	20.47585395	0	1
CGTGTGAAAGTGGTGTCCAAAGTGGCTGGG	0	0	0			0	6.825284649	0	1
CGTGTGAGTCCACGGGCATTTTCTTGGAAG	389.4846901	820.2496195	910.9519651			0	334.4389478	0	774
CGTGTGCTATACGAGTACTGAGCAGGGGGG	0	0	15.81513828			0	0	0	16
CGTGTTAGTCAAGGCAAGGATTGGGGCTGA	0	0	173.9665211			39.54693487	37.53906557	0	1743
CGTGTTATTGAGGGCGGTATAAATGAGGAT	0	0	0			0	3.412642324	0	2
CGTTAATGATCTTTTCGTTGTTACCCGTCG	0	44.98143075	117.0320233			0	136.505693	0	383
CGTTAGAGATCGCGTATACTATCCGTTCAG	0	0	0			133.210728	0	0	502
CGTTAGCAAAATTGCATTTTCGTTAACATC	0	58.21126332	41.11935953			0	17.06321162	0	7
CGTTAGCATGTTTCTAGAAAGTGTTGATTG	0	0	0			54.11685824	0	0	839
CGTTAGCTTGCTAACGGTTGGTACCGCGAC	124.6351008	140.2362253	28.46724891			0	119.4424814	0	124
CGTTAGGCTGCTTGACTAGGCTTCGGCGAG	0	470.9820396	237.2270742			0	112.6171967	0	14
CGTTAGTTTCCCAGGCCAGAAGATACCTCT	0	0	0			0	3.412642324	0	15
CGTTAGTTTTACTTGAATTCGGACTGATTA	0	0	136.0101892			0	0	0	74
CGTTATAGTGCAAAAGGCTAAATAAGTTAA	12.982823	23.81369863	6.326055313			0	0	0	2
CGTTATCTAGACTTGCCGTAAGCTCGGGGT	0	2.645966514	0			730.5775862	0	0	907
CGTTATTGATCGAGACGGCCTGTCCGCTGT	0	0	0			0	27.30113859	0	21
CGTTATTGTTGTCTTTTGTTACGGACACTA	0	0	0			0	23.88849627	0	31
CGTTCATATGGGTATACTATATCTTATAAG	0	0	0			280.9913793	354.9148017	0	468
CGTTCCACAGGTAAAGGCGAATCAAAGCTA	0	0	0			0	378.803298	0	1693
CGTTCGAGAGACGGTCCGGGAGTTGGGAAA	0	0	0			4.162835249	6.825284649	0	9
CGTTCGATTAGTTGGGTGGCACATCACTGG	0	0	0			0	6.825284649	0	11
CGTTCGCATAACGTCTGTCACGTAACGGAA	0	0	0			0	85.31605811	0	1
CGTTCGTTAATCCCGGTAGCGAGAAATGGC	1.2982823	124.3604262	3.163027656			0	0	0	14
CGTTCTCAACACCAACCCGACAACTGCTTG	0	0	0			0	37.53906557	0	8
CGTTCTGATGTGGTAGGGGTCCACAGGCGT	0	0	0			0	88.72870043	0	36
CGTTCTGCAAGATGAAACTGGGCCCCGTTC	2.5965646	0	0			0	0	0	1
CGTTGCACATCTGGGCTTACAAGTTTTTAA	11.6845407	39.68949772	0			2.081417625	13.6505693	0	2
CGTTGCGTAGTACTAGAAGGCGTGCCCTAG	0	0	0			0	221.8217511	0	38
CGTTGGACTACTAGGACTAGGCACGTGATG	0	0	0			10.40708812	0	0	48
CGTTGGAGTAGATGCAAGCCCGAAGTGTGT	0	0	6.326055313			0	0	0	243
CGTTGGCCAGACATCCCGATAGACCACGAG	0	0	0			0	6.825284649	0	17
CGTTGGCTTAGGGATGGTGTTTCCTGGGAC	0	0	0			0	13.6505693	0	59
CGTTGGTATCTGAGGCGGTCGTTTAGTACG	0	0	0			0	3.412642324	0	2
CGTTGTCCATACCAAGTGTTTGCGTTTTAT	0	0	0			2.081417625	0	0	96
CGTTGTGGAGAAGTACAGGGCGTTTGACAA	0	0	0			701.4377395	522.1342756	0	668
CGTTGTGGTCGGCATTTAGCGACCGGCCCT	0	0	6.326055313			0	0	0	40
CGTTTACGAGAGTAGGTTGTAGATGAGGCG	63.61583271	82.02496195	221.411936			0	119.4424814	0	424
CGTTTAGTTAGTATTAGGCATGGTCCTCGG	0	0	0			0	13.6505693	0	3
CGTTTCCAAAACAGTGTAGCCCGACGAGAA	93.47632562	164.0499239	0			0	68.25284649	0	13
CGTTTCGATTTTTGTTGAAATAGGGGTCGT	0	0	0			0	13.6505693	0	2
CGTTTCGGACTTAACCTGTTTCGCGTGGCT	0	0	0			0	54.60227719	0	3
CGTTTCTTATGTACCGACTTTTATCACGCC	0	0	0			0	3.412642324	0	5
CGTTTCTTTAAGGTATTACCAATGGAATAT	0	0	0			0	13.6505693	0	2
CGTTTCTTTTCAATACGCTGATAGCTTGGT	0	0	0			2.081417625	0	0	7
CGTTTGAATCGTTGCGCTGTAGTGTTTACG	0	0	18.97816594			6.244252874	10.23792697	0	243
CGTTTGGGTGAACTATATTATGGGATTAAT	0	0	0			0	3.412642324	0	7
CGTTTGGTTGCCTATTCAGTGGAGGACAGG	0	0	85.40174672			0	743.9560267	0	378
CGTTTTTCTGACCAGTTTCTAAGGTCGGGC	0	23.81369863	0			0	0	0	7
CTAAAAAAACTACCACAACTATATGGGGTG	0	7.937899543	6.326055313			0	3.412642324	0	2
CTAAAAGCAACTGAGTATGAGAGGTTCTTT	0	439.2304414	0			0	419.7550059	0	179
CTAAAAGGTTAATTGGGAGCGGGGTTCAAC	0	0	0			0	3.412642324	0	2
CTAAAAGTACGCTCTGCCAGGGACCGCATT	0	0	0			0	6.825284649	0	2
CTAAAAGTTCACTTGCAGGAGGAGTAGGCT	0	0	34.79330422			0	27.30113859	0	50
CTAAACACTTGAGCATATTAGGCTAGTCCA	0	0	0			0	68.25284649	0	30
CTAAACCTAAGGGTGGATGTAGTCAAGGTC	0	0	0			0	44.36435022	0	2
CTAAACGCAGTGTAGCGTCGCTAAAGGGAG	0	15.87579909	0			0	10.23792697	0	49
CTAAAGTGTGGGGTGCACTTTCTGTGAGGC	0	0	18.97816594			0	0	0	27
CTAACAAGATAACGGCGGGCTCTGACGGTC	0	0	0			64.52394636	20.47585395	0	58
CTAACACCTCGGTTACGCTGCATAGGGTGG	0	0	0			245.6072797	27.30113859	0	69
CTAACCGTACCCCTGTCGTAACAGGTCCCT	0	10.58386606	0			0	170.6321162	0	38
CTAACCTGTTCCTTCTGCCATTGCAGACAT	0	0	15.81513828			0	208.1711818	0	684
CTAACTCGTTGTATGGGTAGATGAGAGTGC	0	0	0			0	13.6505693	0	5
CTAACTCTTGAGGGCGAATTGAGCTTTAGC	0	0	0			0	3.412642324	0	5
CTAACTGAAGTGGGCGATTTCGGAGTGGAG	0	0	0			0	6.825284649	0	38
CTAACTGCTGTTAACTTGTGATGGAAATTG	0	0	0			47.87260536	20.47585395	0	248
CTAACTTGTCGGGCTTTTTCAAGCGGAGGG	0	0	15.81513828			2.081417625	71.66548881	0	2
CTAAGGGGAGGCCCACACGCTTTGAGCGAC	0	0	0			18.73275862	0	0	1
CTAAGGTTTTATTAGCTACTCAAGTAGCCG	0	0	0			0	17.06321162	0	4
CTAAGTCGAACTCTAGTGTGACACGAATAA	9.087976102	23.81369863	0			0	0	0	3
CTAATAGGTTATCACTCTTTACGTCACATT	0	0	0			14.56992337	34.12642324	0	142
CTAATATGTCTTGGGTATGAGATGGGGGGT	185.6543689	108.4846271	85.40174672			0	102.3792697	0	7
CTAATATTACAACGCATCTGGGTCACCACG	0	0	0			0	20.47585395	0	22
CTAATATTTGCCATGACTCGTTCTGCTTCC	0	39.68949772	0			0	0	0	20
CTAATCGTTCAGGGCCTGCTGTTATGCACG	0	0	0			0	68.25284649	0	60
CTAATCTATGTATGGAGCCTATTTAAATGC	0	243.4289193	0			0	245.7102473	0	1060
CTAATCTTATTGTATACAGCCGTGCTTATG	0	0	0			6.244252874	27.30113859	0	33
CTAATGAGAAACGCTTTGTATCCTGTGTTT	0	2.645966514	15.81513828			0	3.412642324	0	5
CTAATTAATTCAAGGATTAATGGATTCGGC	0	0	0			0	37.53906557	0	77
CTAATTCATTTGATGTACAAATTGTGCACA	0	0	0			0	23.88849627	0	13
CTAATTCGATGTCCCGCCTCCGTTAGATCG	0	261.9506849	101.216885			0	17.06321162	0	2
CTACACACAATTGATTATTGTGCAGGAAAA	0	0	0			0	37.53906557	0	167
CTACACGATTTAGTTTAACGCCGATCTTTT	0	0	0			0	47.77699254	0	162
CTACAGAATCAACATGTTTAGTTAAATGTA	0	5.291933029	0			0	17.06321162	0	38
CTACAGCTTGTACAGTAAGGGCAACGCCTG	0	0	0			0	10.23792697	0	4
CTACATCTAAACTCGCTATCCTTATTCTGC	0	0	0			0	6.825284649	0	308
CTACCAAAATTCGCTGTCGTTATTGCGTCG	0	0	34.79330422			0	0	0	1
CTACCCTACTTAACTTAACGCCGATCTTTT	0	0	0			0	3.412642324	0	1
CTACCCTTCCGACTTCTTAACCCACACCTC	0	0	0			0	3.412642324	0	1
CTACCGGTTCATCGGAATCGAATGAGGTGT	0	0	0			8.325670498	0	0	7
CTACGAACTTGCGTCAAAATGCATTTTTCT	0	0	0			0	6.825284649	0	5
CTACGATTATAGTTCGCGAACCTATTAATC	2.5965646	21.16773212	22.1411936			18.73275862	71.66548881	0	21
CTACGGAGATCGTCAGCCTTTAGAACAATT	0	0	0			0	2986.062034	0	692
CTACGGAGTTCCTTTACTTCCCTTATACTG	0	0	0			0	102.3792697	0	7
CTACGGCATTCGGATCTTAGGCTAATGCGT	0	0	0			0	6.825284649	0	2
CTACGGTGACAAACGGCGAACGCTTCGGGG	0	0	6.326055313			0	10.23792697	0	3
CTACGGTGTTTGTGTGGAAGGATTGGCTAA	0	0	0			0	3.412642324	0	3
CTACGTAGTTGAATAAGTAATGCCGTCTAT	83.09006721	664.1375951	272.0203785			0	0	0	677
CTACGTCTACAAACGGTTCATTTTTATTCT	0	0	0			0	3.412642324	0	1
CTACGTCTTGTGTTCCGCTGAATCCAGGCC	0	0	0			0	13.6505693	0	1
CTACGTGTATACGCTTGGTCTCCTTTAACT	0	0	0			0	859.9858657	0	902
CTACTACGATGGGCAGTTGAAATCAATTTA	0	0	0			0	126.267766	0	129
CTACTCCGACCAATAATCAAACATAGAGGT	0	0	0			0	621.100903	0	890
CTACTGACACGGGCGGCCTCCAGGAGGGGG	0	0	0			0	3.412642324	0	1
CTAGAATTAATGTAGGGATTTGGGACAAGT	0	0	0			0	27.30113859	0	114
CTAGACGATGGCCTATGACACGCTGGATGC	23.3690814	89.96286149	0			0	6.825284649	0	33
CTAGATACAAGACCTGGATAATGCCGGTAA	0	0	0			56.19827586	593.7997644	0	1413
CTAGATGGTATGAAAGCAAAGCGGTTGCTC	0	0	0			31.22126437	34.12642324	0	127
CTAGCAAGTAGGCGGTTTTAGGCGCGTAAG	0	0	72.7496361			0	122.8551237	0	2
CTAGCAATAGCAAGTGAATGCTCTAACGCG	0	0	0			12.48850575	0	0	104
CTAGCCAAAGATCGGCACCGGCCACCTAAC	0	0	0			0	122.8551237	0	41
CTAGCCTATGTCCCGAGACCGTTAGTGCCG	0	18.5217656	0			0	0	0	38
CTAGGCTGAACTTATCCCTACCGGTAATGT	0	0	9.489082969			0	20.47585395	0	13
CTAGGGAGAATGGGAGCATGGTTGTGCAAT	0	0	0			0	23.88849627	0	23
CTAGGGGTTAACGGTCATGGATGAAGTAGT	0	0	0			4.162835249	3.412642324	0	33
CTAGGGTTAACTAACTTAAGAAGGGCCCAG	0	0	0			10.40708812	0	0	134
CTAGGTGCATGGGGTTGAAATTCATTGAAG	0	0	0			4.162835249	0	0	1
CTAGGTGTATGGGGTTGAAATTCGTTGAGG	0	0	0			95.74521073	0	0	283
CTAGTAAATACACGTGGTTTTCCCCTTGCT	0	0	15.81513828			0	0	0	100
CTAGTGAATTCACGTACCCCCCCGTATGCT	0	0	0			0	13.6505693	0	14
CTAGTGCGTTGGGACTGCGGCGTCGCGCTG	0	0	0			0	6.825284649	0	22
CTAGTGTCTTACAATAGGTTGGTTTGCTCA	0	0	0			6.244252874	0	0	1
CTAGTGTGTAGACCAACATCCTTTATTCGC	0	0	0			2.081417625	0	0	32
CTAGTTAGTAGGCTTTGTAGCAAAACTTCA	0	0	0			0	10.23792697	0	122
CTAGTTGTAATGCTGGAGCCTAGGAGTTGA	151.8990291	79.37899543	31.63027656			0	81.90341578	0	8
CTAGTTGTACGCCTGTAGAGGAGTGACTTT	0	0	0			41.62835249	105.7919121	0	605
CTATAAAATGCTGATGTGAAAGAGCTCAAG	19.4742345	0	0			0	20.47585395	0	9
CTATACACACAAGAGCCTGAGAGTGCACTT	0	0	0			0	6.825284649	0	32
CTATACGCTTCCGGCCGCAACTGTGATATG	0	0	0			18.73275862	27.30113859	0	45
CTATACGTAAAGTAGTTTTGTTTACGTGTG	0	0	0			0	54.60227719	0	34
CTATAGATAAGCTTATAAATCAGTAGGCGT	0	0	28.46724891			0	0	0	13
CTATAGATTACGATGATAGTATGGTTATGA	0	0	0			0	6.825284649	0	4
CTATAGATTTATTGCGATCGTTAATCGACC	0	2.645966514	0			0	0	0	4
CTATAGGCTAGACGCTGACGGTGTAGTTAC	0	0	0			0	146.7436199	0	26
CTATATATACCTCACGTGCGTATCAGGGGT	0	0	0			0	10.23792697	0	292
CTATATATATAGATTGTGGGGGTGGGGTTT	0	0	0			0	13.6505693	0	87
CTATATGTTACAGTAAATATTATGGCCGGG	0	0	0			0	1085.220259	0	1352
CTATATTTATAGCTCCGTTGGGCCCCCCTA	0	0	0			0	20.47585395	0	10
CTATCAAGTTATTTTAGTTGATGATAAAGG	0	0	18.97816594			0	0	0	33
CTATCCGAATTTACCTTGTGCGGAGGTTTC	0	0	0			2.081417625	0	0	13
CTATCCTGATGATCGGTGTCCGGGCGCCAA	0	0	0			0	17.06321162	0	32
CTATCCTTTGTCGTCAGACCGGATCAGGAT	0	0	37.95633188			0	1791.63722	0	801
CTATCGGATTATGCTGATGGAAAATGACCG	0	0	12.65211063			0	0	0	3
CTATCGTGATATGCTTCAAAGGTAGGAAAA	0	0	0			0	10.23792697	0	35
CTATCTATTGAATTGGACTCAGCTCGATTG	0	0	0			0	307.1378092	0	947
CTATCTATTGACTTGGACTCATCTCGCTTG	0	0	0			0	6.825284649	0	1
CTATCTCCAAAGGCGAGGTGTATGCAAGAG	0	0	0			0	6.825284649	0	4
CTATGAAGATAATCTGGTAGATTATGCATT	0	0	0			0	10.23792697	0	12
CTATGACGTAAGCGAATGAACGCTTGATGG	0	0	0			37.46551724	10.23792697	0	6
CTATGACTAGGGTCGGAGGGGGCATAGGGT	11.6845407	0	3.163027656			0	6.825284649	0	1
CTATGAGATAGTTACTAACGGCGCGGTAAA	0	0	0			0	40.95170789	0	6
CTATGAGCTGATGATGATCCGGGATGCCTA	0	0	72.7496361			0	0	0	122
CTATGAGTTTTGCGTGAATCAGCAAGTGAC	0	0	0			0	13.6505693	0	5
CTATGATCACTGAATTAAGTATCCTTTGTA	0	0	0			0	23.88849627	0	3
CTATGCAGTGGTATGCGGTTGATCCGAAGA	0	0	0			0	3.412642324	0	7
CTATGCGATGGCTGTCTGGACCCCGAACGG	0	0	31.63027656			0	30.71378092	0	5
CTATGCTCAAGGGTGTGTCAAAGGGTAGTT	0	0	0			0	10.23792697	0	29
CTATGCTTTGGTGCAGATTAACTTTAGTCC	0	0	0			0	34.12642324	0	15
CTATGGATTCTGGAAAATGGTCAAGTAATT	0	0	0			0	68.25284649	0	785
CTATGTAGAACAGGGCGTGGTGCTGGGGGT	0	21.16773212	0			0	0	0	5
CTATGTCGAGCCAGGGCAAGGTTGGAGCCA	0	0	3.163027656			0	0	0	2
CTATGTTCTGCCGTGGGTAAGGCTGCCTGA	0	0	0			0	6.825284649	0	22
CTATTATGTTCTGTCTGGCGCTTGAATAAG	0	0	0			8.325670498	0	0	354
CTATTCCGCACATTCCCCCCTATTCAGCCT	0	0	0			2.081417625	0	0	1
CTATTCGAAGGCAGCGGCGCCACCAACGGG	0	0	3.163027656			0	61.42756184	0	2
CTATTCTATACACGGACCTCGCGGAGGCGT	0	0	28.46724891			0	0	0	9
CTATTCTGTATATCCTTCCTTTCTAATAGT	0	0	0			0	10.23792697	0	11
CTATTGAGTTTAGCTTCGGCAGTGCGGGTC	0	0	0			8.325670498	10.23792697	0	3
CTATTGCGTGAGGCTACCGTAATTATGGGA	0	0	0			0	10.23792697	0	3
CTATTGCTTATATATATATCTCATTCTTCC	0	211.6773212	256.2052402			0	3.412642324	0	44
CTATTGGATGTTATAGCGGTTCGTGGTGAA	0	0	0			0	3.412642324	0	33
CTATTGGCCTTGCGTGACGTTAGGCATTAG	0	0	0			0	3.412642324	0	2
CTATTGTCACCCGGGGGAGTGATGGCCCGG	0	18.5217656	6.326055313			0	98.9666274	0	14
CTATTGTGTCTGTGAGTTTAAGGCGTGAAG	0	0	0			0	6.825284649	0	3
CTATTTCATGTGTACTACAAGATGGGGAGG	0	0	0			0	3.412642324	0	3
CTATTTTATTAAATGACGCTGGGAATTGCG	0	2.645966514	41.11935953			0	0	0	1
CTCAAAAGTCGTCCCTTCGCTATATGTTAA	0	0	0			0	20.47585395	0	25
CTCAAATATCTAGAGAGGAGTCCGCTACCT	0	0	0			0	508.4837063	0	137
CTCAAATCAAGTTGCTATAGCCATATGAAT	0	0	0			0	273.0113859	0	308
CTCACAGCAGGTGCAGCAACTCTGGACAGC	118.1436893	79.37899543	0			0	30.71378092	0	104
CTCACGGGAAAGCCGCTGCGGATAGGGTCA	0	0	0			0	20.47585395	0	3
CTCAGAAATTGAATTTTTGAACCTACTCTA	0	0	0			14.56992337	0	0	28
CTCAGAGAACTTGGGCCCAGGAAGCGTTAT	0	0	0			0	44.36435022	0	5
CTCAGATAAGAACCTGAGGGTAGCCGAGCA	0	0	0			0	10.23792697	0	123
CTCAGGCTTACCGATCGGACCGCATGCAGG	0	0	0			24.97701149	296.8998822	0	420
CTCAGGTATAGCAGTCCCCACCTAGCCTTG	0	542.4231355	664.2358079			480.8074713	1146.647821	0	666
CTCAGTCAAGGAAAGCAAGAAGGAGGCGAC	0	0	0			0	3.412642324	0	147
CTCAGTGGTCAAGACGGGGGGGTTAGATGC	0	0	0			0	3.412642324	0	2
CTCAGTTTAGTGTGTGATAGGTCTAGCAAT	0	0	37.95633188			6.244252874	368.565371	0	241
CTCATAGAAACGAGATAAGTTGTGAGACGG	0	0	0			0	3.412642324	0	2
CTCATAGTAGCGCCATGTAAAAAAGATACA	0	0	0			0	13.6505693	0	35
CTCATATAAGTCGACGGCTTGGCGCTGAGT	22.0707991	219.6152207	0			0	470.9446408	0	461
CTCATCGTAGTGGCCAAAAAGTACACCCGC	1.2982823	0	0			0	0	0	20
CTCATGCCTGTATAATGGATGTTTATGCAT	0	0	88.56477438			10.40708812	334.4389478	0	330
CTCATGGGTCTGTGGTATTTAGAGAGGTCT	11.6845407	0	47.44541485			0	0	0	12
CTCATTGGTGGCGCGAAGGCAGACGAGGCC	0	259.3047184	129.6841339			0	0	0	604
CTCATTTCTCTGGTTCTGCCGCAACTGGAT	0	0	0			0	3.412642324	0	1
CTCCAATTTTAATCAAACAAGAGTCTAAGA	0	0	0			0	40.95170789	0	4
CTCCACAAAGCAGATTCCAACCTGTCTCAC	0	0	0			18.73275862	0	0	3
CTCCAGGAACGGCCCTGTAGCAAATCAGTT	0	0	0			0	44.36435022	0	15
CTCCCAGGTCTCGTAGCTGACCGGAATCGC	0	0	0			72.84961686	47.77699254	0	46
CTCCCAGTTCGCGCCAATTTGGAAACCATT	0	18.5217656	243.5531295			0	6.825284649	0	28
CTCCCATATTAACAGAGAAGGTTTTGTAAT	0	0	0			266.4214559	0	0	824
CTCCGAGATCTCAGGAGCTAGCATCAGGGT	0	0	0			10.40708812	0	0	1
CTCCGAGTTACCCTTAACCTTCGAGTGTCA	0	0	0			16.651341	44.36435022	0	3
CTCCGATTAGCCTCGCCGTCAGGTTTCAGG	0	0	91.72780204			0	0	0	1249
CTCCGCAGACCATCGTAGCCAGGATAAGCC	0	0	0			2.081417625	0	0	9
CTCCGCAGATGAAAGGCATGAGCCAAGTGA	0	0	0			0	3.412642324	0	6
CTCCGCATTTGCGGTTGTTGGCGTACCCGT	0	0	0			0	136.505693	0	151
CTCCGGACTGTGGGCATGTATCACAGGTCA	0	26.45966514	0			0	0	0	27
CTCCGGTAAGTGGGAGCTGCAAAGAGGGCC	0	84.67092846	398.5414847			0	30.71378092	0	177
CTCCGTAGAAACGGAGGTTGGTTGGCTTAT	0	0	0			0	102.3792697	0	646
CTCCGTAGTCACGACGAGTGTCTTTTCAGC	0	0	0			0	6.825284649	0	15
CTCCGTGTTAAACACATTAGATATTGTGTG	0	0	0			66.60536398	0	0	9
CTCCTATATCCAAACTGTACTTAGCCATGG	0	0	6.326055313			0	3.412642324	0	19
CTCCTCGATCAAAGCGTTAGAATATGCAAT	0	0	0			0	10.23792697	0	130
CTCCTCTATTTCCATCACTCTTGTCCTGAC	0	0	3.163027656			0	0	0	1
CTCCTGAGTAAGTGGTTCCTTCGCAACAAC	0	0	25.30422125			0	61.42756184	0	46
CTCCTGCAATACTAAGAACTGATGGCAAGC	0	0	0			0	105.7919121	0	264
CTCCTTATTGGGAGCATCCTGGGCGTGCGA	0	0	0			0	3.412642324	0	2
CTCCTTGTTCTGCATGAGATCAAACTCAAC	0	23.81369863	0			0	10.23792697	0	1
CTCCTTTATTTTCATCACTTTTGTCCTGGA	94.77460792	55.5652968	85.40174672			0	23.88849627	0	382
CTCCTTTTACTGGCCTGATGCCGGGTATGT	0	0	0			179.0019157	2484.403612	0	573
CTCGAAGGAGGGCGAGAAGGATACAGACGA	0	10.58386606	15.81513828			0	71.66548881	0	27
CTCGAAGTTTGGCCCGCGTCCCTGTGGACC	0	34.39756469	0			0	0	0	2
CTCGACGGTTTCAGGTCACGCCACCGGTCT	0	0	0			0	170.6321162	0	52
CTCGACTGTGGTTTTAAACCGTGATATATA	0	0	0			0	10.23792697	0	1
CTCGAGACATGCTGATCAGCGTGTAATATT	0	0	0			0	44.36435022	0	198
CTCGAGACTTTGTCTTGGCATTTATTCTTC	145.4076176	63.50319635	132.8471616			0	156.9815469	0	54
CTCGCAAGATCACTCTGCCTTCTGGTAGAT	0	2574.525419	1116.548763			0	6586.399686	0	1228
CTCGCACTTTGCCCAAATAGCATTGACATA	0	0	0			2.081417625	54.60227719	0	30
CTCGCGAGATGCGGGGGACTGGAGTGAAGT	0	42.33546423	37.95633188			0	75.07813113	0	158
CTCGCTATTAATGCGTGAAGAACGAAAGAG	0	0	0			18.73275862	17.06321162	0	4
CTCGCTGGTCCACGGTACGCCCTGTGAATG	0	0	0			0	17.06321162	0	3
CTCGCTGGTTATGGCACATTATGACCAGAC	0	0	0			0	126.267766	0	23
CTCGGACAACCCAGTGCCAAAAAGGAGAAC	0	0	0			0	3.412642324	0	7
CTCGGACCTGGTGACAATTTGTGTTGAGGT	0	2.645966514	0			0	0	0	7
CTCGGAGAACGAAACCACAAGACTATGGAT	0	0	0			14.56992337	6.825284649	0	17
CTCGGAGTTGTTGCAGAAGCCGACGAGGTT	0	0	0			0	10.23792697	0	23
CTCGGCAGAGGGTATTGGGAAAGGGGTAGT	0	0	0			0	47.77699254	0	3
CTCGGGGTATTGAAGACATCAGTGGTTTTG	0	0	0			118.6408046	34.12642324	0	25
CTCGGGTAATCTAATGCGAAATCATTTGGA	0	0	3.163027656			0	0	0	1
CTCGGTCATCAAGCAACACCGCGTATTCAT	0	0	15.81513828			0	0	0	75
CTCGGTCTAACAAAGTAGGAACGTGCGCCT	0	0	0			0	17.06321162	0	6
CTCGGTTCAAACTAAATACCTACTTTATTA	9.087976102	10.58386606	0			0	0	0	28
CTCGTCGTACGCCGTCTTGGATGAAACTGA	0	0	0			4.162835249	0	0	130
CTCGTGCGTCGACACAGTATTTAGGAAAGG	0	0	0			0	27.30113859	0	23
CTCGTGGCTTAGTTAGGTCTTGGCGTGTGC	0	0	0			0	75.07813113	0	42
CTCGTGGGAGTCTCTTGTCAAAGGGGCGAG	0	0	0			0	4760.636042	0	424
CTCGTGGTTCGTAGTTTTTGATTGTGGTTC	0	0	0			14.56992337	0	0	57
CTCGTGTATGTATGTTCTGCGACTATTGCA	0	0	0			0	27.30113859	0	11
CTCGTTCCTCTGCGGATGCCATGAGGTATG	0	0	50.6084425			0	0	0	34
CTCTAAGTTGGCAAGAGTCGCGTTGGAAAC	0	0	0			70.76819923	242.297605	0	55
CTCTAATATTTACTTTGACTTGACTTAGGT	0	238.1369863	110.705968			0	1586.878681	0	643
CTCTACACTTGATCATGGGAAGGGGGTTAG	40.24675131	111.1305936	278.3464338			0	402.6917943	0	16
CTCTACAGATTTGGCAGTACCAGCCAGGAT	0	0	0			0	6.825284649	0	5
CTCTACGTATTTCCCGTCCGGATATTTTTT	0	0	0			0	13.6505693	0	9
CTCTAGGAATCGTGCGGGGGGTAAGGGTGC	0	0	3.163027656			0	0	0	1
CTCTAGGGTGCGTGAATTAGCGTTTTTACT	0	0	28.46724891			0	0	0	1261
CTCTATGCTGAGGGTATCCATTTATTTTGG	0	0	0			8.325670498	44.36435022	0	19
CTCTCAGGAGCCCCCGCACTGGAGCGGGTC	0	0	0			0	6.825284649	0	4
CTCTCCCATTAGCTTAGGACAGTCGCGTCT	0	0	0			0	3.412642324	0	25
CTCTGCAATCCTGGGCTCACTGAAGATTGG	0	0	0			2.081417625	0	0	25
CTCTGGAATGTCGTCTGCAGTCTAGCTTTT	0	0	82.23871907			0	0	0	3
CTCTGGCGAGTTATAGTTGAGTGTTTTTGT	0	0	0			0	51.18963486	0	29
CTCTGGGTTAAAGGGTTGATGTGAGGACGT	31.15877521	119.0684932	18.97816594			0	10.23792697	0	25
CTCTGGTGTAATTTTTTTAAGATTTGGGTC	0	0	0			0	3.412642324	0	16
CTCTGGTGTGCTGGGCCTTCTGTTCTCCCA	0	0	0			166.51341	0	0	250
CTCTTAATAAATCTCCAACATAAATGTAGC	0	0	0			0	10.23792697	0	488
CTCTTAGCACATTACATCTATATATGTCGA	973.7117252	15.87579909	170.8034934			0	180.8700432	0	37
CTCTTATAAGTGCGCGCTCCTGATGACGAT	0	0	0			0	13.6505693	0	5
CTCTTATTTATAAAAAAGCCGTCAGACCCA	0	7.937899543	34.79330422			0	0	0	920
CTCTTATTTATCACCAAGCCGTCAGACCCA	0	0	3.163027656			0	0	0	1
CTCTTGTATCATTCGCTCATTGAGTTCGTT	0	0	0			0	105.7919121	0	982
CTCTTGTTACGTAAAAATTATTGATGTTCA	0	0	0			0	54.60227719	0	68
CTGAAACCATCCTCGGGCGGGTTGCTCGAC	0	0	0			22.89559387	0	0	2
CTGAAGACATTGCGCTACTGTGAGTGGCGC	0	0	0			191.4904215	20.47585395	0	2
CTGAAGCTAGCTGGGGCAGATATGCACACG	0	0	0			0	37.53906557	0	6
CTGAAGGATGCACATTCGTCCTGATTTAAT	0	0	0			0	61.42756184	0	71
CTGAAGTCAGCTGTCGGGTCTAGGGTATGT	0	0	0			0	10.23792697	0	1
CTGAAGTCTCGGTTTGGCACGCATCCCGAT	0	0	0			0	6.825284649	0	31
CTGAAGTGTGGTGATAAGATGGTCAACAAA	11.6845407	0	0			0	0	0	1
CTGACATGAACTAGTTAAAGCATGGGATCG	0	10.58386606	0			0	0	0	2
CTGACGGTTAAACAACGACAGTGGTCATGC	0	0	0			0	10.23792697	0	1
CTGACGTGTTTAGGGGTAGAGGGAATGCAT	0	0	9.489082969			0	0	0	14
CTGACTGGATAATATGCTGACGACTACACA	0	0	0			0	3.412642324	0	1
CTGACTTGTGGGGTTTAATAACGGCCTGGA	0	0	9.489082969			0	6.825284649	0	1
CTGAGACGATTGTGACAAGTCTACTAGGGT	0	0	0			10.40708812	0	0	63
CTGAGAGCAAGATTTATATCGCTTATATCT	0	0	0			0	3.412642324	0	8
CTGAGAGCATTAGTCTATCCTGATGTGAAG	0	0	0			0	3.412642324	0	8
CTGAGCGGTTGAAAGCTCATTGCTAGAACT	0	0	0			0	40.95170789	0	4
CTGAGCGTTTCTCAGCTTGTAAGGAGAATG	53.22957431	0	0			0	0	0	236
CTGAGGCGAATTTGGCTGATGGGGCGTACG	0	0	3.163027656			0	0	0	3
CTGAGGGTTTCCGACCTCGTCGGTGAAGGG	0	0	0			18.73275862	0	0	15
CTGAGGTGTGAGAAAGTCATCGGCTTTGAC	0	2.645966514	0			0	71.66548881	0	2
CTGAGTAGATATGGGGTTGAGAAGGTGGCA	0	0	0			0	559.6733412	0	485
CTGAGTTAATCGACTGGTTGAGATGTACGA	0	0	6.326055313			0	0	0	7
CTGATAGTACGAGCTGATTATCGGACAGAC	28.5622106	5.291933029	0			0	13.6505693	0	57
CTGATCGGATTCGTGCCGGCCAAACGAGCG	0	0	0			0	6.825284649	0	10
CTGATGTCACGTCGTGTCGGATACTACAAT	24.6673637	2.645966514	3.163027656			0	47.77699254	0	6
CTGATGTTAGCCTAAGTATGTTCATTGGTT	0	0	0			56.19827586	249.1228897	0	18
CTGATGTTATTGGGTATGTAAAGGGCAACG	0	0	0			0	13.6505693	0	14
CTGATGTTTGTTGCAGCATAGTCTGGTGAT	0	0	3.163027656			0	0	0	26
CTGCAGGTTTCCAGAATGCGGGTTACGGAT	0	0	0			0	27.30113859	0	290
CTGCAGTGAAATATATGGGTGTTGCGCCAA	0	0	0			0	307.1378092	0	1500
CTGCATCCTCTCTACATCAAAACGTGGCAA	0	0	0			0	3.412642324	0	1
CTGCATGGATTTGCGGTTTATAAGGGTCGT	0	0	0			126.9664751	10.23792697	0	487
CTGCATTGTGAAGGTAACAAAGAGTACGGG	5.193129201	31.75159817	0			0	20.47585395	0	2
CTGCCAAGTCAATGGCGACTAAGAGACTAG	0	0	0			0	13.6505693	0	56
CTGCCTGGTATTGGGTGTGAGTGAATCGCA	0	52.91933029	145.4992722			0	331.0263055	0	103
CTGCCTGTAACCTAGAGCTTCGGGTGGTTG	0	0	41.11935953			0	102.3792697	0	39
CTGCGAAGACCACCTCCCGGAGGTGCGTGG	0	0	0			6.244252874	0	0	1
CTGCGAGGTCTCGATCTTAAACTAGTTCAT	0	0	0			0	10.23792697	0	3
CTGCGATGTATTTAGAGATGGGTACGGATG	0	0	0			2.081417625	0	0	2
CTGCGATGTGGTTTGGTATATGAGGAAGGG	0	37.0435312	25.30422125			0	51.18963486	0	74
CTGCGCGATATTGGTTGCGTTTATGATTCT	0	2.645966514	0			0	0	0	1
CTGCGTATAAGAGTTGCAACGCGGGCACAA	10.3862584	0	60.09752547			0	10.23792697	0	9
CTGCGTATTATTTAGCGCTCAAGCAGGACG	0	0	0			0	3.412642324	0	13
CTGCGTGGATTTGGTGACACATGGGCGCCG	28.5622106	26.45966514	18.97816594			0	10.23792697	0	3
CTGCGTTGTGCGAAAAGGTATATTCGACTA	0	0	0			6.244252874	0	0	1
CTGCGTTTAAAGGGATAGGCAACGATAAAG	0	0	0			0	3.412642324	0	3
CTGCTAAGTCTTAACCGCCACGGCGCAGGG	0	0	0			322.6197318	6.825284649	0	40
CTGCTACATTGGATTGGTCGGTATGCTAGA	72.70380881	23.81369863	0			0	0	0	70
CTGCTAGTTCGGGCAGTTTGAGTCCCTGGG	0	0	1211.439592			0	0	0	263
CTGCTCCCTTTACGTCTTCCGTTGTATCAG	0	0	0			0	150.1562623	0	22
CTGCTGCTTCGAAGATCATCAATCTGGGCC	0	0	3.163027656			0	0	0	4
CTGCTGGATCTAGGGCACCTTAATGGCGCA	0	0	0			0	37.53906557	0	10
CTGCTTGAACTCGGTGAAACAGTCAATAGC	0	0	18.97816594			0	351.5021594	0	262
CTGCTTGAATTGATGTCGAATAATGTGTAC	0	0	0			0	3.412642324	0	22
CTGGAAATTGAACCCCTATAAATGGGACGC	0	2.645966514	0			0	0	0	10
CTGGAACGTATGTTCAAAGGGTCACTTTAG	6.491411501	0	0			0	0	0	6
CTGGAATATGAATGATCGTAATTACTAGGT	0	0	0			0	10.23792697	0	484
CTGGACCTATAGGTGTGCCGTGAACGTGGC	0	0	0			66.60536398	17.06321162	0	30
CTGGACTGAAGAGGTTATCGCATTAAGGGA	0	0	0			0	17.06321162	0	125
CTGGAGAGTTCTACGGTTTGGGAGATACAA	3.894846901	759.3923896	262.5312955			0	273.0113859	0	62
CTGGAGCATGTTTGTGAAGCTTGGAAGATG	0	0	0			0	112.6171967	0	758
CTGGATACTCGGCGGAGTGTTCTACTGGGG	0	0	0			49.95402299	98.9666274	0	196
CTGGATGATGACGTGGTCCCGGTCATGACC	0	0	0			0	95.55398508	0	43
CTGGCACGAAGGTTAACCGGTTGGCAAGAC	0	0	0			0	20.47585395	0	6
CTGGCCACAGTCCTGTTCCGTAGAGCGGAC	0	0	0			0	17.06321162	0	12
CTGGCCACTCGTGAGTGTGTTACACTGATC	0	0	0			37.46551724	75.07813113	0	15
CTGGCGGCTGAGGCGGGTTCCGATTAGTGG	18.1759522	179.925723	41.11935953			8.325670498	0	0	55
CTGGCTCATATATATCCTCGTGTCGCATTA	0	0	0			0	3286.374558	0	6484
CTGGCTGGAATGGAGACCCCATTATGAGCA	0	23.81369863	148.6622999			2.081417625	10.23792697	0	116
CTGGCTGGTTTTATAGTGCGAGTTAAGTGA	0	0	0			0	6.825284649	0	1
CTGGCTTTTTTCGTTTACGATACAAACGGC	0	0	0			77.01245211	47.77699254	0	57
CTGGGAATTCAAATAGAATAACCCGGAGCG	0	0	0			0	58.01491951	0	15
CTGGGATGAATGGCCTCGACGATTAGAGGG	24.6673637	108.4846271	0			0	0	0	12
CTGGGATTTTATGATCGTCATTCTAGGTAA	0	0	0			0	6.825284649	0	19
CTGGGATTTTGCACGGGGATGCGGTACCGA	0	846.7092846	0			0	0	0	163
CTGGGCGAATGCGGGGTCTTGACGCGCGGT	0	0	3.163027656			0	3.412642324	0	2
CTGGGCGAATGTGCGAAATAGTAGAAGGGG	0	0	0			289.3170498	0	0	95
CTGGGGAATTCGAAGACTGAGGCTTTGGGA	412.8537715	600.6343988	25.30422125			0	1006.729486	0	525
CTGGGGGGTGGAGTACTCAACGATTTGGGC	0	0	22.1411936			0	0	0	1
CTGGGGTAAACGATGTATAGAAGTCGATGG	0	0	0			10.40708812	0	0	7
CTGGGGTAATGTATGGGAGGGGGACGGGAC	0	0	0			0	819.0341578	0	30
CTGGGTAATCTTGCGGCTACCTCTGACTGT	0	0	0			8.325670498	27.30113859	0	55
CTGGGTATAGAAGACGAATAAGAGCCCGAG	0	0	12.65211063			0	0	0	9
CTGGGTCAAGGATGTTGGTCGCACACTTAT	0	0	41.11935953			0	0	0	296
CTGGGTTAACTTTGAAGGTGGCAGGTCGGG	6.491411501	7.937899543	0			0	47.77699254	0	4
CTGGTACAAGTGGTCGGGAGGATCCCTCAG	0	0	9.489082969			0	3.412642324	0	1
CTGGTCTAATAGATACTTGGGTCACACGCT	0	0	0			4.162835249	0	0	19
CTGGTCTTAGTAGCTCGTGTGAACTAGCGT	0	7.937899543	332.1179039			0	0	0	49
CTGGTGGTAGATCGGCTGGGAAATGATGGG	0	0	0			0	6.825284649	0	33
CTGGTGGTATTTGCGCTCAGTGTAGGGCTT	0	0	0			0	235.4723204	0	439
CTGGTGTGAAAATGGGGGTCGTGTGTTTCG	0	0	0			0	3.412642324	0	1
CTGGTGTTACTATTGTTTTTCTAAGAAGTT	0	0	0			0	17.06321162	0	8
CTGGTTGGAGAGTTTGAGGATGCGCATTCA	0	0	0			0	92.14134276	0	31
CTGGTTGGATCGGGGTTAAATTGCATTTTT	0	0	0			20.81417625	0	0	5
CTGTAACATCACTTACGTCTGGGTAAGCTC	0	0	0			0	20.47585395	0	32
CTGTAAGATGTATTATTTTGTTTCGGTCGA	0	0	0			0	6.825284649	0	22
CTGTAAGGTAGAGGGGGGATGGGCAGGTGC	0	0	0			0	23.88849627	0	1
CTGTACCAAAGGAGGGATATGGCGTTGGGC	0	0	34.79330422			0	10.23792697	0	6
CTGTACGGTGAAATTCCGGAGAGGCACTAC	0	0	18.97816594			0	375.3906557	0	750
CTGTACTCATGCGTATGAGCAATTGGGTTA	0	0	22.1411936			0	733.7180997	0	1639
CTGTAGAATGAGGTTTTTATCAGGTCCTTG	0	0	0			0	10.23792697	0	1
CTGTATATAAGGAAGAGGTCGAGGGAGTAC	0	0	0			0	3.412642324	0	27
CTGTATATACCAAGCGACCCATTTGTCATG	0	0	0			0	146.7436199	0	432
CTGTATGGAAGTGCACAGGAGGTAATAGTA	0	5.291933029	0			0	1491.324696	0	42
CTGTCAGGTGCGTCAGACCATTGGGAAGAT	0	0	0			0	23.88849627	0	186
CTGTCATAAGGGATCATGGGTCTGTCCCGG	0	0	6.326055313			0	0	0	14
CTGTCCGTTGGATGGAATGAGACACAGAGA	0	0	0			8.325670498	0	0	72
CTGTCGTATAGGACTATCTAATTAATATTT	0	0	0			39.54693487	0	0	21
CTGTCGTATGAGCGCAGCTGAGTATATCGA	0	0	0			0	10.23792697	0	8
CTGTCTCAAAATACCGCTTAGTCAGGTCAA	0	0	0			0	6.825284649	0	11
CTGTCTCTTTAGTTGGCGAGTTTCAACGCA	15.5793876	42.33546423	3.163027656			0	71.66548881	0	24
CTGTCTTGTTATTAACATCTAATCGTGGGC	0	0	0			0	6.825284649	0	19
CTGTCTTTTCTTCGGATGAAGGGGCTATGA	284.3238237	0	18.97816594			0	238.8849627	0	261
CTGTGAACTGCATGGAATGGTGTAGAGGGA	0	0	0			0	935.0639969	0	2643
CTGTGATTTGAGTCCACATGACCACGTGAG	0	0	12.65211063			0	0	0	2
CTGTGCGATATTCATGCGTTGATGTTATGA	0	0	0			0	3.412642324	0	1
CTGTGCGTATCCAGGAGCTCCGGCGTGATA	0	0	0			0	78.49077346	0	88
CTGTGGGCAGTTAGGATGCGTGTATGCTCA	0	0	0			0	129.6804083	0	229
CTGTGGGGAAGTGATAATAAATGGTGTTTG	0	0	0			0	3.412642324	0	3
CTGTGGGGAATAGTGCGAGATAAATACCGG	0	0	22.1411936			0	0	0	5
CTGTGGGTTCTTTACCCTGCGGTAACAAGA	0	0	0			24.97701149	0	0	19
CTGTGGTAAGTAGTCTACTTCAGTACATCG	0	0	0			0	300.3125245	0	32
CTGTGTAGACATGATTCCGAGGATGTTTGG	0	0	41.11935953			0	0	0	783
CTGTGTGTTCTGTATGTGCTGCAAATTATG	0	0	18.97816594			33.30268199	105.7919121	0	7
CTGTGTTATTTAGCGCGTTATGCCAAATCG	18.1759522	7.937899543	0			0	30.71378092	0	8
CTGTTACGTCCTGAATGGGTTAAACTACGA	0	0	0			0	6.825284649	0	159
CTGTTCCATAAAGGGGTCACTTCCGTATAC	0	0	0			8.325670498	10.23792697	0	11
CTGTTCGCATGCAACCGACTGATATGCGAA	299.9032114	100.5467275	126.5211063			18.73275862	143.3309776	0	526
CTGTTGTGATTCAACGGTGCACGAGGGGGT	0	0	0			0	6.825284649	0	787
CTGTTTCGACATGGGTTGAAGTGTAGAAAT	0	0	0			0	6.825284649	0	337
CTGTTTGGTTAAGTCTTCATTTTACTCTGA	0	0	0			0	61.42756184	0	229
CTTAAAAATCGAGTTCTGGGTTACGTATGT	0	0	0			2.081417625	13.6505693	0	1
CTTAAAAGAAAGAGTTAGACTTCGGGATGG	0	0	0			0	3.412642324	0	1
CTTAAAATATGTGATTCATACAGATGGGTG	53.22957431	5.291933029	117.0320233			0	119.4424814	0	96
CTTAAATCATCGAATAGAATCACGATTACG	0	0	0			0	17.06321162	0	16
CTTAACTTTGCATAGCGACTTACAATATAC	18.1759522	44.98143075	31.63027656			0	0	0	2
CTTAAGAAATGCATTTTGGTCGGTCAGGTG	0	0	0			0	30.71378092	0	9
CTTAAGCATAGTCCGATGAGTCTGTGTCCA	0	0	0			0	10.23792697	0	7
CTTAAGGCTCGGCAAGGCCAGTTTTTGTCC	0	0	0			0	10.23792697	0	1
CTTAAGTTAAAATCTCGCCAGTATGTAAAT	0	0	0			0	6.825284649	0	26
CTTAATGGAGGAACGCATTGAGGTATTTGT	0	0	0			0	54.60227719	0	301
CTTAATTATATTACGGTGAATAGCTTTGGA	6.491411501	10.58386606	6.326055313			0	0	0	19
CTTAATTCTAACTATTGCAGTATAAGGACA	0	0	0			0	61.42756184	0	61
CTTACATGTATATGACAAAATCGGATGCTT	0	0	0			108.2337165	406.1044366	0	451
CTTACCGATATAACTCTTTAGAGCAGATTG	0	0	379.5633188			0	0	0	606
CTTACGAGTGTTGTTGGTGCTCCGTGCAGA	0	0	0			0	3.412642324	0	2
CTTACGCCATCCGTATTATTATGCGAGAAA	0	0	0			43.70977011	112.6171967	0	639
CTTACGGAATATGGTCCCTGCCCAAGGATT	45.43988051	60.85722983	56.93449782			0	47.77699254	0	100
CTTACTCATGTTACACTTTAAGGAGTTTGT	237.5856609	50.27336377	151.8253275			0	0	0	86
CTTACTTTACTCCTCAGGTATTGGGACTTG	0	0	0			0	945.3019238	0	570
CTTAGATGAATGGGATAGACCGTTAATGCC	0	0	12.65211063			0	122.8551237	0	19
CTTAGATGTGCCGCACTTAGGGGTGTGAAA	0	0	0			2.081417625	30.71378092	0	171
CTTAGGAGTGTATTCCTCAATCGGGGTCGA	0	0	0			0	34.12642324	0	1
CTTAGGATTCGCAGGATGGTCCGAAAAGTC	0	0	0			2.081417625	0	0	6
CTTAGGATTTTCGCAGCGTTGTGCTGTATG	12.982823	0	0			8.325670498	0	0	2
CTTAGGCAAGTTATGCATGTCTCCTGGCCG	2.5965646	0	0			0	3.412642324	0	1
CTTAGGGCACATAACGTGATGCCCGTTCCG	0	2.645966514	12.65211063			0	64.84020416	0	1
CTTAGGGCTTTCGCTAGTAGCCTCTTTTCT	0	0	0			0	20.47585395	0	20
CTTAGGTATTATTAGATTCCATCAATCGTG	0	0	0			0	160.3941892	0	833
CTTAGGTTTTTGCAATGACCCGTAAGGGGA	5.193129201	0	0			0	3.412642324	0	2
CTTAGTAGACGATCAAGTTCGTAAAGTAAC	0	0	0			0	10.23792697	0	2
CTTAGTGGAAACTAAGAAAGGGCATCGAAG	0	0	0			0	10.23792697	0	3
CTTAGTGGTGTAATTATCACCCAATCGTAG	0	0	0			0	10.23792697	0	6
CTTATACGTCTTCCGCTCGGACCCGGTCAG	86.98491412	243.4289193	85.40174672			0	0	0	195
CTTATATATGAAGTAACAAGGGGGCTTAAA	0	0	0			0	6.825284649	0	10
CTTATGCCTCGTTGCTAGGCGCTGAGCCGG	0	0	0			0	20.47585395	0	26
CTTATGGTAAAATCCGTGCGGGAACGATGT	0	0	0			0	129.6804083	0	56
CTTATGGTAAGGCAGTTTACCGTGGCTGGC	0	0	0			0	30.71378092	0	35
CTTATTAATGGGGCGCGTTCTTTGGGATTT	0	0	136.0101892			0	0	0	321
CTTATTGATGCAAGTCAAACGGTTGACATG	0	0	0			0	47.77699254	0	116
CTTATTGATTATGGCTGGTGCAATGTCGAG	0	0	0			0	6.825284649	0	1362
CTTATTTCTCGTCAATATTCGCGCGAGCGA	0	0	0			0	651.8146839	0	30
CTTATTTGAGGGTAAGGACTCTGAGAGGGA	0	0	0			318.4568966	1156.885748	0	261
CTTCACTGTAGGTATGGACACTGGAAATAG	0	0	15.81513828			0	167.2194739	0	1
CTTCATCAATGATGAAAGTCTTTTCCTTTG	0	0	15.81513828			0	0	0	7
CTTCATCTTCTTATTGTAGGGAATTGAGGG	0	0	0			0	10.23792697	0	4
CTTCCACGAAGCGAAGGGATAACGATAACG	240.1822255	312.2240487	433.3347889			172.7576628	484.5952101	0	73
CTTCCACGACGCGAAGGGCTCACGATAACG	0	0	0			2.081417625	0	0	1
CTTCCCCCAGCACGAGAGTTAGGTGGGTGC	19.4742345	13.22983257	12.65211063			0	6.825284649	0	4
CTTCGAAATAATTTCAGCCAGCTTGGGTCC	0	0	0			0	88.72870043	0	96
CTTCGATGTGAGTAGGGACGTCGCAAAGCA	0	0	0			0	6.825284649	0	1
CTTCGATTAGTGGCATCCGAACGTGGAACC	122.0385362	320.1619482	41.11935953			0	17.06321162	0	68
CTTCGCCCAATTGGGGGGGAACTTTGCGCA	9.087976102	0	0			0	27.30113859	0	34
CTTCGCGTTTAGTGCTAAGTTTCGGTTTTC	0	0	0			24.97701149	0	0	1
CTTCGGCCTGTTGGGGCCGTAGCGTGGGTA	0	0	0			0	109.2045544	0	161
CTTCGGCGAGATGCCAGGGTATCAGGGGTG	0	0	0			0	3.412642324	0	9
CTTCGGGGAACAAGTGTAGGGTTTTAGGTA	0	0	0			0	13.6505693	0	2
CTTCGGGTAAGCCTTCCGTGACGCCTTCAT	0	0	0			195.6532567	877.0490773	0	2079
CTTCGTGCTGCGTTATCGGTTGCCTGGGGC	0	0	12.65211063			0	0	0	3
CTTCGTTTTTATACCAGGGGGGTACGCATC	0	0	0			0	23.88849627	0	3
CTTCTACATTACTTCCTGTATCACACAACC	0	0	0			2.081417625	0	0	1
CTTCTACATTGTTTCTTGTATCACAGAACC	0	0	0			867.9511494	170.6321162	0	685
CTTCTACTAGAGTGCAGAGCAGTACATGGC	0	7.937899543	0			0	0	0	6
CTTCTAGATAGGTTCGTGGTACTTGCGAAG	1398.250037	1325.629224	208.7598253			126.9664751	1522.038477	0	2937
CTTCTATTTTGTCAAGTTGAACGACTTAGT	0	0	0			395.4693487	2648.210444	0	1547
CTTCTCGATGAAGGCACCCCTGAGTTGCAA	0	0	199.2707424			0	0	0	126
CTTCTCGGATAACGGTGAGCGAAACGGGCC	0	0	0			10.40708812	3.412642324	0	1
CTTCTCGTACGCCTTGGAGGTGAGGCTAAA	0	0	0			0	6.825284649	0	1
CTTCTCTGAGATATCGCGGCGTCACTCGCT	0	0	0			0	34.12642324	0	6
CTTCTGGGACTACGGGCGTCAGCACGAGAA	0	0	0			16.651341	0	0	5
CTTCTTATTCATACTGGGACTTTAACCTTA	0	0	0			0	3.412642324	0	28
CTTGAAAAAATCATGCTAGATTTACGCGAT	0	0	0			0	392.4538673	0	395
CTTGAAAATCGTTAACACTGTATGGACAGA	0	0	0			0	3.412642324	0	1
CTTGAAAGTCAGTGCCGCGCACAATGCGAG	0	0	0			0	443.6435022	0	1342
CTTGAAGATTGATGTCGTAACATTACACAC	131.1265123	216.9692542	379.5633188			0	392.4538673	0	236
CTTGAAGTAAACTGTAACTCTATATCATTA	0	0	294.1615721			0	23.88849627	0	14
CTTGAATAATGCGATTTAGGGGCGTTCATA	0	0	0			2.081417625	10.23792697	0	1
CTTGAATAATTCAGTCGCATCTTTGGAGGA	0	0	0			0	3.412642324	0	2
CTTGACAGAGGTCATACCAGCGTGACTTAC	0	0	15.81513828			16.651341	10.23792697	0	1
CTTGACGAAGGCGTGGGGCAGGCGTGCTGT	0	0	0			0	102.3792697	0	7
CTTGACTAACTCGTCCCGTAGTTATTGTAA	0	0	0			0	20.47585395	0	4
CTTGAGGCTTATGGCGTGTCGGGGCTCGTG	0	0	0			0	58.01491951	0	15
CTTGATGTTGGCCAAGAATCCTTTAGCGAA	0	0	0			0	399.2791519	0	66
CTTGCAACTTAGTCTTAAGAAGTTATGGGC	0	0	335.2809316			0	337.8515901	0	92
CTTGCAGTTATTTCTATGTAAAGGCAGCTT	24.6673637	0	6.326055313			0	10.23792697	0	3
CTTGCGGAACCCTGCGGAGATGTATCGTTG	0	0	0			0	1040.855909	0	583
CTTGCTAGTGTAGGGGTGCCATGTCTAGTG	0	193.1555556	0			0	0	0	6
CTTGCTCATCAATTTAATGTCACCACAAGC	0	0	31.63027656			0	0	0	214
CTTGGAACTACGCCGTAGCTCATTAGGAGT	0	0	0			0	17.06321162	0	4
CTTGGACTTAGCTAATTGAAAGTTTGAGAC	0	0	0			0	3.412642324	0	2
CTTGGATGAAGGACTGGTTAGGTGGAGTTT	0	0	12.65211063			0	10.23792697	0	14
CTTGGCAAATTCTGGCTATAGTTTACGGGC	0	0	0			0	30.71378092	0	2
CTTGGCGAACCCGGTTTAGTGCAGTCGGAA	0	0	0			0	13.6505693	0	2
CTTGGCTGAGCGTCACTGGTTTTGACAGTC	0	0	0			0	6.825284649	0	7
CTTGGGAGTTTTCCTATACACTACGGCTCC	0	0	0			0	6.825284649	0	4
CTTGGGCGTGAAGGGTGCTAGGCTAAACAG	0	0	0			0	6.825284649	0	17
CTTGGGGCTGGGATTTCCGGGTTCTGGATA	0	0	0			0	34.12642324	0	53
CTTGGTCGTAATCGGACTTTGTGGAGGGCC	0	0	31.63027656			0	0	0	5
CTTGGTGCTTTTCGTACTGTTGCGTAGGTA	2.5965646	0	0			77.01245211	0	0	83
CTTGTACCACCTGATAATAGAAGTGTGTAT	0	0	0			0	13.6505693	0	3
CTTGTAGTATACGTTAGGTCCCAATGGGAG	0	0	0			0	6.825284649	0	1
CTTGTGTGTGAAGGTCAGCCCAATTGTTTG	0	0	0			0	20.47585395	0	9
CTTGTTCAAGATCTTTGGAAAACTTCCCCG	0	0	0			0	252.535532	0	20
CTTGTTCGATAGTGCGTAAAGTTTGCTTGG	0	0	12.65211063			0	37.53906557	0	11
CTTGTTTGAGTTGTGAAGGTTTGGCAACTG	0	0	3.163027656			0	0	0	10
CTTGTTTGTTCAGCAATGGACAAAGGATGA	0	0	0			0	3.412642324	0	1
CTTTAAGATTATTAACGCTAGTGTGATCCG	53.22957431	31.75159817	28.46724891			0	0	0	42
CTTTAAGCAAGGATGTCTTTAAAAGGTTGG	23.3690814	39.68949772	15.81513828			0	10.23792697	0	5
CTTTAATTAGGTGGTTTCAAGTGATGATAC	0	0	0			18.73275862	0	0	16
CTTTACAGTTAGAACATCGTATGTGGGATC	0	0	0			22.89559387	740.5433844	0	4
CTTTAGATAGGCGTATGACACAAACTGCAG	0	0	0			0	3.412642324	0	38
CTTTAGTAATTACCACGGAACAATTGGGCG	0	29.10563166	0			0	863.398508	0	552
CTTTATCCTGGAAATCCATACTTGTCAGGT	0	74.0870624	6.326055313			10.40708812	44.36435022	0	6
CTTTATGTATGTTTGTTCGTAGCCGGGGCG	0	0	0			0	61.42756184	0	90
CTTTATTCTCGCACCGCTGGGTCGCCCCCG	0	0	0			0	3.412642324	0	1
CTTTATTGTGTCTGGCATTGTAGAGTTATT	0	44.98143075	66.42358079			0	78.49077346	0	213
CTTTCCCGATTCAGTGCGATGGATGATAAC	0	0	0			0	6.825284649	0	3
CTTTCGGATAGTGTGCGTTTCCGTAGCACT	0	0	0			0	17.06321162	0	8
CTTTCGGGTCGGTGGCTATCGAAACAAGCA	0	0	0			0	6.825284649	0	2
CTTTCGTCTAATACCTCATGAATAACTGTA	0	95.25479452	25.30422125			0	293.4872399	0	182
CTTTCGTGTTAGTAGTGTCCCAGGGCGACT	0	0	0			399.6321839	2197.741657	0	1143
CTTTCTAAATCAGATGGACAATCTTGCGGC	20.7725168	0	0			29.13984674	6.825284649	0	14
CTTTCTAGTGAAGGCGTGACCGATTGATGT	0	0	0			0	23.88849627	0	8
CTTTGATTTGGTGATGCTCGGTCCAATGGT	0	95.25479452	117.0320233			0	44.36435022	0	2
CTTTGCCATCCCTCTTGTGATTGAATTGAA	0	0	0			31.22126437	0	0	11
CTTTGCCCAAATCTTTTTTAGATCGAATGC	0	0	0			385.0622605	0	0	48
CTTTGCGTTCGACTTCTTTAGGACGTTGTT	0	0	0			64.52394636	0	0	106
CTTTGTCATCTCTAGTCTGCTTTCCGTTAC	0	0	0			0	23.88849627	0	47
CTTTGTCATGAGGCGGTCACATCGGGAGTG	0	0	0			0	6.825284649	0	1
CTTTGTGAACCTGACGGAGCAATATGGGAT	6.491411501	132.2983257	9.489082969			0	126.267766	0	2
CTTTGTGCTCCTATGGAGGGCTTTAGTTGG	0	0	0			0	30.71378092	0	22
CTTTTAACAAAATTGTCGTTTCTCGATGCG	0	0	0			0	10.23792697	0	3
CTTTTACGAATGGCTCTTCATACAGTTAGT	0	0	0			0	10.23792697	0	4
CTTTTAGTAGATGGTCCTGAGACGTATAGA	0	10.58386606	0			0	0	0	1
CTTTTATGACTCCAAACCTACTTCTTACTT	0	0	0			0	122.8551237	0	633
CTTTTATGAGATGCATCAGAGGGATCCGCG	0	2.645966514	0			0	40.95170789	0	10
CTTTTCGGTTGTTTTGTGAGGCTTCTGAAG	0	0	0			0	737.130742	0	165
CTTTTCTGTGTGGCTTTTAAAATCTTGTGC	0	0	0			12.48850575	3.412642324	0	9
CTTTTGAGACTTGTCTGTACAAGGGAGGAA	23.3690814	145.5281583	385.8893741			0	6.825284649	0	54
CTTTTGATATGACCGTGTGTTTCGGCTATG	0	0	0			732.6590038	1293.391441	0	65
CTTTTGCCTAACCAGGTAAGAGTCACAATA	32.45705751	0	0			0	0	0	3
CTTTTGGTTGAGACTGCGGATACGTTTTAG	0	0	0			0	208.1711818	0	336
CTTTTTCGTGTAGTCGCCTAACGTAGAACG	0	0	0			0	10.23792697	0	4
CTTTTTGATAGTGATTATAATGTTAATCGC	0	0	0			0	58.01491951	0	7
CTTTTTGGTGCCTGTTTGTGATTCAATCAA	0	0	0			56.19827586	0	0	49
CTTTTTGTTGGGCATGGGATGCGTTCGTCC	0	0	0			6.244252874	27.30113859	0	5
CTTTTTTGAGTGAGTAGACCTGGCGGATTA	0	0	0			0	6.825284649	0	13
CTTTTTTGTGTCGAGACATTATCAAGATTC	0	0	0			208.1417625	0	0	2
CTTTTTTTGTGTCGAGACATTATCAAGATT	0	0	0			4.162835249	0	0	1
GAAAACTCAGATGCCCAGTCCTAACGTATA	0	0	50.6084425			0	0	0	54
GAAAATACTAGTGGGATAGGTGTGGAGATA	0	0	0			0	320.7883785	0	2110
GAAAATTAATGATCTATTACATTTATGGTG	16.8776699	153.4660578	9.489082969			0	40.95170789	0	27
GAAACAGATGTTGAAGTTGGGGAACGTTTT	0	0	12.65211063			0	0	0	66
GAAACCGAAGTCTCGAGAGGCGGGAGGGTC	0	0	0			0	30.71378092	0	1508
GAAACCGCTACTACCGATATGGCTTAAGAT	67.51067961	55.5652968	0			0	54.60227719	0	537
GAAACGATATGAGAAGGGGAACGAGGGGGG	0	0	0			2.081417625	3.412642324	0	16
GAAACGGGTGCTGATGGTCCGCAGAGGTTA	0	0	0			0	23.88849627	0	34
GAAACTGGTGTCGATATATCTCCACGATTA	0	0	218.2489083			0	467.5319984	0	55
GAAAGAAAAGAAGATAATTCCCGAAGACCG	0	0	0			0	3.412642324	0	2
GAAAGAATATGTCCCGGCTTGGCGACGTGG	0	10.58386606	186.6186317			0	20.47585395	0	69
GAAAGAGTTTGGGGTTGTAACGTAAGTCAA	0	0	0			0	13.6505693	0	9
GAAAGCAATGACGAGCCAGGGGGACTTGCA	0	619.1561644	0			54.11685824	310.5504515	0	744
GAAAGCGGAACCCCCCAACAATTCCTATTA	0	2.645966514	0			0	0	0	1
GAAAGCTAAATGATAGAAACGTCGAGTTGC	0	0	0			0	23.88849627	0	14
GAAAGGAATGGTGACTGAAAGGTGAGTATT	0	97.90076104	0			0	10.23792697	0	5
GAAAGGATAATGGTAGGATACGATTAAAAT	12.982823	34.39756469	79.07569141			0	37.53906557	0	101
GAAAGGGAACAAGGGGGTTGTAAGAAGGGG	0	18.5217656	0			0	0	0	14
GAAAGGGCACTAGGTGATTATCTGGGATAT	0	0	0			0	416.3423636	0	206
GAAAGTCATCATGAAGGGTGTGCTAGAGTC	0	10.58386606	0			0	0	0	95
GAAAGTTTATGGCGCGCCGCACTGGGTTAC	0	0	0			0	119.4424814	0	3
GAAATAATTTGTGTATGGTTACGCTATGTA	0	0	0			0	27.30113859	0	414
GAAATACAAGTCGCTTACTTGTTAGGTTAT	0	0	0			0	37.53906557	0	3
GAAATAGGAAAATCTTAGGATTTGATATAC	224.6028379	280.4724505	15.81513828			0	167.2194739	0	458
GAAATAGTATGACTTTAAGTCGAGTAGGCA	0	0	0			4.162835249	44.36435022	0	56
GAAATCCCTGCGTAGTCGGAGTCTGCGAAA	146.7058999	1235.666362	12.65211063			0	699.5916765	0	423
GAAATCGGTCTGAGCATCGTGGAGTTGTTG	0	0	0			0	6.825284649	0	19
GAAATCTGATAGAATCATTGTAGACGGCTG	0	21.16773212	6.326055313			0	0	0	2
GAAATGACAGGCGTCAACTTTCCATGTGAA	0	0	0			0	3.412642324	0	1
GAAATGAGACGCGCAGAGTAGCGATTTGGT	0	0	9.489082969			0	0	0	1
GAAATGCGACTGGGTATAAAGTTGTCGGGG	0	0	0			0	17.06321162	0	2
GAAATGGAAAGTCTCGGAAATATGGGTTGG	0	0	0			0	17.06321162	0	88
GAAATGTGAGTAGAGAGGACAAGAGGCGGG	0	0	0			2.081417625	0	0	1
GAAATGTTAATGCGTTAACGTGTTAGAACT	0	0	0			0	44.36435022	0	456
GAAATGTTTTGAATGCCACCCCAATTCGTC	0	0	0			0	3.412642324	0	1
GAAATTCAAGTCATCTATGTTCTTCGTGTG	0	0	15.81513828			2.081417625	0	0	45
GAAATTGTACGGGAGCCACGTAGCGCCCGC	0	0	0			0	13.6505693	0	11
GAAATTGTTACAGAACACAGATCTCGAAGT	0	0	25.30422125			10.40708812	1074.982332	0	980
GAACAAATAGGCTAGTCGGCCAAATCCGTA	0	0	0			0	78.49077346	0	35
GAACAAGTACGGAGTCGCGGGGGAGAACCA	0	0	0			0	6.825284649	0	2
GAACAATATATAGTCTGATGTCTACGGGAT	0	0	0			0	126.267766	0	485
GAACAGCGTATTTACGGTAAGGACTTTGTG	0	0	0			0	112.6171967	0	8
GAACATCCATATAGCAGATGCATGAGAAGG	0	0	0			0	64.84020416	0	2
GAACATTGAGGATCTAGGTAGATCGTTGCA	0	0	0			0	563.0859835	0	177
GAACCACATAATTCCGGCTGGACGATTGAA	0	0	0			0	27.30113859	0	1
GAACCAGAACTGTACACCTGCTCCGTATGC	0	13.22983257	31.63027656			0	13.6505693	0	3
GAACCGGAAAAGTTATGGTAACGGGCCAGA	0	0	0			0	54.60227719	0	23
GAACCTGATGGGTTGGCTCTCTCTTATAGC	0	0	0			49.95402299	51.18963486	0	74
GAACCTGGAGGGTCGTAGTAGCAGACGCGC	1.2982823	0	0			551.5756705	1354.819003	0	1647
GAACGAAATTGTGCCATAATAGCAGATTGT	0	470.9820396	262.5312955			77.01245211	143.3309776	0	1893
GAACGACTTTCTGCCTGAGCGTAATGCGGT	0	0	9.489082969			0	1559.577542	0	24
GAACGAGATAGGTCGCTGTTTTCAATTTAC	22.0707991	0	0			0	51.18963486	0	2
GAACGATAACGTATAAATGCTAGCTATTAA	0	0	0			0	3.412642324	0	18
GAACGCGATGGGAACGCTCTTCCAAGATGA	0	0	0			0	6.825284649	0	6
GAACGCTACCTGATAGAAACGTCGAGTTGC	0	0	0			0	3.412642324	0	1
GAACGGGAACTTGAGGCTAAGCCATGATCT	0	0	0			0	6.825284649	0	2
GAACGTCAATCGTCCGGTTAGTGGGGAGGG	0	0	44.28238719			0	0	0	158
GAACGTTCACGGAAAATATGGGTTCACAGA	0	0	0			176.9204981	95.55398508	0	80
GAACTACGAGGATACCCGCCCTAGCTCATG	0	264.5966514	227.7379913			0	180.8700432	0	209
GAACTCAGTATTGTAGAGTTCATACGGATT	0	0	0			0	6.825284649	0	170
GAACTCCAAGCATTCAAGTATTGGGGGGTG	61.01926811	0	189.7816594			0	0	0	20
GAACTCGGTTGAATCTCCGAATGTTCAACA	18.1759522	23.81369863	0			0	13.6505693	0	20
GAACTGTCATCGGTAAGCATAGGGATATGT	0	0	0			0	20.47585395	0	1
GAACTTAGTGCTGGTACGATAGGGTGAATG	0	0	0			0	13.6505693	0	1
GAACTTTTAGTGGTCAACCGGTTCAGACGG	0	0	0			0	27.30113859	0	12
GAAGAATAATTCTTCCCATGAAGAAGTCAG	0	71.44109589	0			0	17.06321162	0	73
GAAGACAATGTGCTATCTAGGTTGAGATAT	0	0	0			0	1115.93404	0	81
GAAGACGGTTTATTTCCCCCAAGCAGGGGC	0	0	0			0	64.84020416	0	10
GAAGATAAATAGCCATAAATAAATAGTGGA	0	0	0			0	221.8217511	0	58
GAAGATACCTAGCCATACATAAATAGTGGA	0	0	0			0	3.412642324	0	1
GAAGATCGAAGTAGTTGCTAATGGCGGAAA	0	0	3.163027656			0	0	0	5
GAAGATTCTTTCTTCTACTAATAAAGTTGG	0	0	25.30422125			0	122.8551237	0	177
GAAGCACGAATTTGCCGTCGCTGGCTATGA	0	0	0			0	13.6505693	0	83
GAAGCCGATCCGGGTGATTGAGCGTGTCCG	0	0	0			0	6.825284649	0	3
GAAGCGGTTGTATGAAAAGGAGTAAGGGTA	0	0	0			0	34.12642324	0	14
GAAGCGTATTTTTATAATGTCAAGAGTTCA	0	0	0			0	3.412642324	0	2
GAAGCTCTTTGTCGGCAAGATGACGGCCTC	0	0	0			0	64.84020416	0	24
GAAGGACATAATAAGCTGCTTTTGACGATG	0	0	0			0	13.6505693	0	1
GAAGGAGGTAAGTTCACGGCGTTAGACGCA	0	2.645966514	0			0	75.07813113	0	1090
GAAGGAGTACGAAGTGGTACGTAGAGATAG	0	0	0			0	27.30113859	0	26
GAAGGATGTTGATGCCGCGTAGGCGAGATG	0	0	0			0	3.412642324	0	14
GAAGGCCTAGTGGTGTTAGCGCCCCACTCA	0	0	0			8.325670498	238.8849627	0	1
GAAGGCGTTGCGCGTTAGTAACGCCAACAT	0	0	0			6.244252874	6.825284649	0	19
GAAGGCTATATGGGATAGCTTTGAGAGGAC	0	0	0			0	3.412642324	0	1
GAAGGGCAATCCGATTAGCGTATGGTCTGT	0	26.45966514	50.6084425			0	0	0	96
GAAGGGGGTGTTGGGGCGGCGGGACCGTGG	0	0	9.489082969			0	20.47585395	0	1
GAAGGTATATGTAGGAGGCGCCGGGGTTCA	0	0	6.326055313			0	10.23792697	0	43
GAAGGTTATAAGCACACAGTCAGCTTCCAT	0	7.937899543	0			0	163.8068316	0	147
GAAGTAATTCTTTTCTGTCGAGTATAATAC	50.63300971	39.68949772	0			0	40.95170789	0	677
GAAGTACTTTGCCTGGAGTAGACAGGAGGT	61.01926811	82.02496195	34.79330422			0	71.66548881	0	2
GAAGTCCGAGCGAATGGTTAAGATCGCGGA	0	0	0			0	6.825284649	0	26
GAAGTGAGTATTTCATAGTGGGGTGTTGGA	0	0	0			0	10.23792697	0	2
GAAGTGTGTTCGTAGGTCTATAGTGGGGAG	0	0	0			0	13.6505693	0	3
GAAGTTCGACGTAGGGGGTCCTTGCGATTT	2.5965646	0	0			0	0	0	1
GAAGTTGAAGCACCGTTGCCTCGGCCGTGC	0	5.291933029	0			0	10.23792697	0	5
GAAGTTTGAGCGGGGAGGAGTAGTTCACGG	11.6845407	0	0			0	6.825284649	0	26
GAAGTTTGTCAGCATGGCAGCAGGGCCTGC	0	0	18.97816594			0	0	0	14
GAAGTTTTTACTGTCGTGAATACCATGGTT	0	0	0			0	109.2045544	0	7
GAAGTTTTTCAATCGTTGAAGAGGGATTGA	0	5.291933029	0			0	0	0	51
GAATAAGGTTGGTGAGGGTGGCTACAGTGG	3.894846901	0	0			0	10.23792697	0	17
GAATAATGTAACTACGAAATATTGTTGAAT	0	0	0			0	20.47585395	0	46
GAATACCAACCTTGTATGTATGGTGTTTTT	0	0	0			0	27.30113859	0	468
GAATACTAAGAACGATGCAATAAAAGTAGC	0	0	0			0	6.825284649	0	1
GAATAGATATGACTATTTGTGGTTGCCGGG	0	0	0			0	27.30113859	0	13
GAATAGCCTGAGTGGGAAAGGATGCCACTA	11.6845407	60.85722983	0			0	0	0	4
GAATAGTGTAATTGTTGAAGCGACCGCATA	0	0	0			0	13.6505693	0	18
GAATATCATGAAGAGAGTTGCTCGGCGCAA	475.1713219	68.79512938	22.1411936			0	627.9261877	0	452
GAATCAGATCTCGTGCCAGAATCCTAACAA	0	0	0			0	30.71378092	0	165
GAATCATATCTCTCAAATACAGGTGTTTAG	0	7.937899543	0			0	133.0930506	0	335
GAATCCCAAACTTCGCCGCTCTTCAACCTG	0	0	0			0	505.071064	0	1811
GAATCCGGTGATTTTCATCGCGCTTCATAT	0	5.291933029	0			45.79118774	44.36435022	0	506
GAATCCGTAGGGGTTGAGGGGAAATCGCGC	0	0	0			4.162835249	0	0	81
GAATCCTATGTGGATGAGCGATTAGGAATG	0	0	0			10.40708812	3.412642324	0	39
GAATCGGGAGGCGGCTTGCCGCCTTCAATT	0	0	0			18.73275862	0	0	96
GAATCGTGTATTGGATGGGGACACGTTGTT	11.6845407	111.1305936	22.1411936			0	0	0	315
GAATCGTTTTTTCTTGTGTAACTAGTCATT	12.982823	0	0			0	0	0	1
GAATCTGTATAAGTCTTAACGTTTCTTTTG	0	0	0			0	13.6505693	0	29
GAATGAAGAAGGGGCTTGTTGAGACGTCAG	0	0	0			0	3.412642324	0	10
GAATGACGAGCCCCCCGAGCTTACTCTTCT	0	0	3.163027656			0	0	0	3
GAATGACTTCTCAAAGTGGCTGCCTATCGA	0	0	0			0	3.412642324	0	18
GAATGCAAACTACTAAGCGCGGAGGATATC	0	34.39756469	0			0	3.412642324	0	41
GAATGCGTTGTGTATTTAAACGGGATGAGT	0	0	0			16.651341	23.88849627	0	328
GAATGCTTAGACCATCTAGACGGCCATTTT	0	2.645966514	0			0	0	0	3
GAATGGAAAATGAGGGCATTACTGAGTGAG	0	0	0			0	10.23792697	0	1
GAATGGACTGTTGACGCATAGGTCAATTTA	25.965646	82.02496195	31.63027656			0	0	0	23
GAATGGCGTCCACCAAGCCAGAAAGTGGAC	0	0	0			0	27.30113859	0	3
GAATGGCGTTAGATTGATGTGGCATGGCCG	0	0	0			0	20.47585395	0	34
GAATGGGATGGGATCATTGGGGGAGATTTG	0	0	0			12.48850575	0	0	11
GAATGGTATTCCTTGGAGATATTTTTGGTC	0	0	0			0	160.3941892	0	92
GAATGGTCTCGCTGTAGGCTGATGCCCCTA	0	0	0			0	20.47585395	0	1
GAATGGTGAGCATCGCTGATGGGGAGTGAT	0	0	110.705968			0	17.06321162	0	65
GAATGGTTACATATTTGTAGGTCATGGGTA	0	0	0			0	27.30113859	0	2165
GAATGTCGAGTTTGCATACGTTGTAAACAG	0	0	0			0	3.412642324	0	4
GAATGTGCATCGACAAGGTTACTAATTCAT	0	0	0			33.30268199	81.90341578	0	21
GAATGTGGTCGGCGCAGGTCCTCCTGGTTG	10.3862584	280.4724505	0			0	0	0	10
GAATGTGGTTAGGTGAAATTGGAGTGCGCG	0	0	60.09752547			0	0	0	312
GAATGTTGTCAATACGTAACTCTTGGTAGT	0	0	0			8.325670498	17.06321162	0	28
GAATGTTGTTTCATTCAACAAGAGAACGTT	0	0	12.65211063			0	6.825284649	0	11
GAATGTTTTAATAATCTGACAAGTGATCTA	0	7.937899543	0			0	0	0	5
GAATGTTTTGTTGCCGCCCCGGACTGAGAT	0	0	0			0	10.23792697	0	3
GAATTACGTGGGTGGGACGGGATAAAGGGG	0	0	0			0	27.30113859	0	169
GAATTATTAATGGATATGTTAATGGTCGTT	0	0	0			0	37.53906557	0	2235
GAATTCAAAGTCTTGACCCTCGTACCGTAC	0	0	0			0	3.412642324	0	1
GAATTCTATTGGACACTGTCGGGTAGGACT	0	0	3.163027656			0	0	0	197
GAATTGCAACTTTCGTTTAAATCCAGATAG	0	0	0			0	194.5206125	0	1114
GAATTGCCATGATTGAGGTATTCGTTCCAG	0	0	0			0	1095.458186	0	23
GAATTGCTAGAAGGGGGGGTTGGGGCTGTA	0	0	0			0	20.47585395	0	18
GAATTGTTAGTTGAGTCGTTGTGAGAAATG	0	0	0			0	3.412642324	0	9
GAATTGTTTCCAGGGCGTGGTAGGGTTTAT	0	0	0			68.68678161	0	0	219
GAATTTCGTCAGAGAAACCGAGCACATCCC	0	0	0			0	54.60227719	0	1506
GAATTTGCAATTTGACATCGCCAAGATTTT	0	0	0			0	3.412642324	0	4
GAATTTGTAAGTATTGGCTTTGATGTTAAT	0	0	28.46724891			0	30.71378092	0	225
GAATTTGTTTTCGCCAGTTTTTTATGATTC	0	0	0			0	6.825284649	0	19
GAATTTTGTGACTACAGGTACGATAGGGAC	0	0	0			8.325670498	64.84020416	0	69
GAATTTTTACGATTGACGGAATCACCTCAG	0	0	0			0	3.412642324	0	2
GACAAAGGTCGCGGAGTCCCCGGCGGTAAC	0	5.291933029	0			0	37.53906557	0	2
GACAACGGTCGAATGTCGTGATACGCCGAA	0	0	34.79330422			6.244252874	23.88849627	0	17
GACAAGAATGGTGGTGCATCTGGTGTGTTG	0	0	22.1411936			0	40.95170789	0	119
GACAAGATTATGCGGCTGTTCCCGCGTGCG	0	0	0			0	13.6505693	0	6
GACAAGGGAGCTTGGATTACTTTTCTCATT	19.4742345	103.1926941	9.489082969			0	13.6505693	0	1
GACAAGGTAGCCGGGGAGGAGAAGTGGGGA	0	0	129.6841339			0	0	0	973
GACACATATGGGAACCGTGTTCGTGTGGTA	0	34.39756469	0			0	0	0	40
GACACGCATGTGGAACGAGTTCTGATCGTG	0	0	0			49.95402299	61.42756184	0	2
GACACTGCATACTGTCGTATTCAGGTGTTG	19.4742345	0	0			0	296.8998822	0	11
GACAGGCGAGGTAAAGTGGGGATCGAGTTT	0	0	0			0	3.412642324	0	2
GACAGGGAACGAGCCTGGGAAAGCGTAGTT	0	0	15.81513828			0	0	0	6
GACAGGTCTGGGACCGTTCAGCAGCCGGCT	31.15877521	378.3732116	572.5080058			0	1818.938359	0	620
GACAGTAGTCTTGCACAAGTCTCGTAAGTT	0	0	0			4.162835249	0	0	1
GACAGTCCAGCCTCCGGGGGTGATTATGAC	0	0	9.489082969			0	0	0	26
GACAGTGAACGACACCCGGGCATGGCGGCG	0	0	0			14.56992337	0	0	3
GACAGTTAACTGGTACCGAGCGTAAGCGGA	0	0	0			0	3.412642324	0	7
GACAGTTCATCAAATGTACGATGAGAAGAT	0	92.60882801	6.326055313			0	6.825284649	0	4
GACATAAGAGTCAATGAATCCACCTAGGGG	0	0	0			0	385.6285826	0	10
GACATCAAAGCCATATCATGGCCAATCCAA	0	0	15.81513828			0	0	0	4
GACATCAGAGTGAGTTGTTTGGGATGTATT	0	0	0			0	61.42756184	0	195
GACATCAGTTACATCCCTTAGGCCCCTTTC	189.5492158	267.242618	0			0	153.5689046	0	1442
GACCAAAGAGTCTATGAGTAAGCGGAGGTG	0	0	0			2.081417625	17.06321162	0	15
GACCAACTTCTCGTAAGTGCGAAGGGAGTA	0	0	0			0	17.06321162	0	891
GACCAGGTACGTTCTAAGTTAGACCCGTAT	0	0	0			0	51.18963486	0	119
GACCAGGTAGAGGCGCATCAGAACAGTACC	0	0	0			0	68.25284649	0	8
GACCAGTATACCTAAACACACTGTAGCATG	0	0	0			0	6.825284649	0	1
GACCATCATCTGATGCCATCCGGCGCTGAG	0	129.6523592	0			0	0	0	2
GACCATGAATAGTCTTGGGATGTGGTAGCT	0	0	0			0	23.88849627	0	33
GACCCAGATAACCGTCGATCCCTCGGGGGA	0	0	0			4.162835249	245.7102473	0	46
GACCCGAGATCAGTATTTCCCCGCACAGTA	0	0	0			4.162835249	0	0	1
GACCCGGAAGGTTGTTCGGATAAGTTATAC	0	0	0			0	64.84020416	0	160
GACCCGTAAAACTTCCCGTGTTACCCCATC	0	0	0			0	34.12642324	0	2
GACCCGTGTGTGGAGCAGGGCACGGGGAGT	0	0	15.81513828			0	0	0	221
GACCCGTTAGCTCACACGATGGGAATTCAA	0	7.937899543	0			0	0	0	3
GACCGAAATTTTGTTCAATATGGAACCGTA	0	0	0			0	10.23792697	0	14
GACCGAAGAGCAAAATACGCCATCCAGCAA	0	0	0			0	6.825284649	0	2
GACCGAAGAGCAAATACGCCATCCAGCAAT	0	121.7144597	22.1411936			0	201.3458971	0	82
GACCGAGGTATTTGCCTTTTTTAGGTTTTG	0	0	0			0	54.60227719	0	396
GACCGCTCTGGCCCAGACTCAAGGCTACAA	33.75533981	187.8636225	66.42358079			0	133.0930506	0	3
GACCGTAATACTCCGTCGAGGGATGGTAGT	0	0	0			0	3.412642324	0	1
GACCGTAATTACCCAGAATTGGAAGTTGTT	12.982823	0	0			0	0	0	6
GACCGTCGAGAGTGAGCGTCTCGAGTGGGG	0	26.45966514	41.11935953			0	0	0	3
GACCGTTATCGCAAGTGTTGTTATATCCTA	27.2639283	0	22.1411936			0	0	0	49
GACCGTTGTGTGTAGCTGCTCTTCATATAC	1.2982823	0	3.163027656			0	10.23792697	0	10
GACCTAAATTATACAGCTTGTTGTACGCTA	0	0	0			0	3.412642324	0	9
GACCTATAATGACGCACAAACCGCCAGCTC	0	0	0			0	20.47585395	0	5
GACCTATAATGCATGTCAATTTGGATTTTG	0	0	0			20.81417625	0	0	16
GACCTATATATGCGGGTCTCTAGTTTAGGC	0	0	0			0	30.71378092	0	33
GACCTTGAACCGCCACGTCCCTCGACCGAT	0	0	0			0	3.412642324	0	28
GACGAAAGACTAGGGGACAAGTTTAGGTGG	0	0	0			2.081417625	10.23792697	0	2
GACGACCCAAACAGAGTCGGCCAAAGGAGA	0	10.58386606	28.46724891			0	0	0	3
GACGACGGACATACACAGCGAGTGCTCGCG	0	0	0			14.56992337	3.412642324	0	19
GACGATAAACGGGGAGTAACCGAGATGAGC	0	0	0			0	37.53906557	0	1
GACGATGGACCTGTAACTCATCCAATTGAT	10.3862584	34.39756469	0			22.89559387	47.77699254	0	1
GACGCATGTGAACGGAGAGGGTGGGTCCAG	0	0	0			0	10.23792697	0	10
GACGCCCCTAATGTTACATATCTGCAAATA	37.65018671	89.96286149	9.489082969			0	0	0	313
GACGCCGTATGACCCATGATTACTTCCAGA	0	0	0			164.4319923	798.5583039	0	1525
GACGCGAGTTTCTAAGGGGGGTAAGGGGTG	0	0	0			0	361.7400864	0	848
GACGCTAGTGGCTTAACGATAAAGTAAGTG	0	0	0			0	713.2422458	0	14
GACGGAGCAAGGTGGTGGACATAGCTCGTC	0	0	0			0	3.412642324	0	4
GACGGATCAGCCAACAATGACTACTCTGCC	76.59865571	52.91933029	167.6404658			0	0	0	1357
GACGGCGTTCACTGACTCCAGACGGGCTTG	0	0	0			0	13.6505693	0	3
GACGGCTTATCAGTGTGTAGATAAGATTAG	0	0	0			93.6637931	10.23792697	0	236
GACGGGAGTGCGAGCTAATTGAATTGAAAC	0	0	0			0	378.803298	0	42
GACGGGCGATCAGGGGTGACGGCATAAGAG	0	0	0			0	17.06321162	0	2
GACGGGCTTGGGGCGTGAGAGATGTCAGTC	0	0	0			8.325670498	40.95170789	0	61
GACGGGTTAAGGGCTAGAACAGTGGGACGA	0	0	0			0	17.06321162	0	45
GACGGGTTTGAAGGGCTAACGCATATTTAT	0	0	0			4.162835249	791.7330192	0	2890
GACGGTACAGTCTGTCGGGAATTTCTAACC	0	0	3.163027656			0	3.412642324	0	2
GACGGTGATATGGTACTCCTCAGGGATGGA	0	18.5217656	15.81513828			0	10.23792697	0	9
GACGTACTTCTCCTCCAATGGCCTATCGGA	0	0	0			0	3.412642324	0	4
GACGTCCCATGGCCTAGGCGTCGAGTAGCA	0	0	18.97816594			0	37.53906557	0	7
GACGTGGTAGTGGGTAGTATTCTAGTTCTG	0	0	0			0	10.23792697	0	3
GACGTGGTATCAATACACGCACGGCCCGAG	0	0	0			0	23.88849627	0	1
GACGTGTGTATGTTGGCACCTGTGAATTAT	0	0	0			0	726.8928151	0	3586
GACGTTACAAATAGCTGAGGATATTGATCA	0	0	12.65211063			0	0	0	2
GACGTTACAACCGGTGTACACGAGTGGCTG	1.2982823	0	0			0	6.825284649	0	40
GACGTTCTACGAGAGACAAAGATGGTTCGA	0	13.22983257	53.77147016			0	249.1228897	0	708
GACGTTTAATAGATACGTGACCCAACAGGA	0	0	0			0	23.88849627	0	70
GACGTTTTTTCATCCCCGAGCTACTGAATA	0	0	0			12.48850575	54.60227719	0	1
GACTACGGTCTACCATCGGCCTACACTTAT	0	0	0			0	23.88849627	0	9
GACTACTATCAGGTCATGCTGTATTGATTT	0	0	0			636.9137931	3.412642324	0	197
GACTATGTATGTTTACATGAATCGTGCTAA	0	0	0			52.03544061	0	0	3
GACTCAGTTAGGCGGATTTTGCACACGTAA	0	0	0			0	382.2159403	0	27
GACTCATTTTAGGCATGTTATTAGAGCGTA	0	0	0			0	6.825284649	0	250
GACTCCTGATGGTACCTCGAGTTTATCACT	0	0	0			0	10.23792697	0	445
GACTCGCGTTTATGTTCCCGATGCCCTGCA	0	0	0			12.48850575	0	0	2
GACTCGCTTTTTGTGGGACGTAAACATGAT	0	0	15.81513828			0	0	0	34
GACTCTAGTAGCTGCACGGGGTCACCCGGC	0	0	0			0	27.30113859	0	3
GACTGACAATAACAGCCCTATCAGTCCAAA	0	0	0			0	6.825284649	0	98
GACTGAGTTAACGCCGGGGCTAGTGGTGGG	3.894846901	0	0			0	0	0	1
GACTGATGTGGAAGCCATTACGGAGGACGT	0	0	0			0	34.12642324	0	246
GACTGCGGTTCTTAGGTTAAGAGAACTTGT	0	0	0			0	6.825284649	0	4
GACTGCGTTAGGTATGGGTTGGAGTATGCT	0	0	0			0	13.6505693	0	538
GACTGGACAAAGCGTTTGTTTAATTGGGCG	0	0	0			0	187.6953278	0	629
GACTGGGCAGACCAGTATATGGGGATTAAT	0	0	0			0	6.825284649	0	31
GACTGGGGTATGATCTGATTACGGCCTGTA	0	0	0			0	64.84020416	0	29
GACTGTGCAATGACTAGAGGGACCAGGGTG	7.789693801	2.645966514	22.1411936			0	0	0	8
GACTGTGTAATAGGCGCGTAGTTGGCAGGC	229.7959671	216.9692542	101.216885			0	1313.867295	0	21
GACTTAAATTGCACTGGGGGTAAAGGTTTG	0	0	0			0	30.71378092	0	51
GACTTAATTTTTCTTGCGAATTGTTCAATT	6.491411501	0	66.42358079			0	0	0	137
GACTTATCAAGCTGGAGTTCCTGATGAGAT	0	0	0			0	6.825284649	0	13
GACTTATGTCTGTGAAGGTCGCGCACACTT	0	0	0			0	638.1641146	0	279
GACTTGGAATGTGCCGGAGGAGATGTTAGA	0	0	0			2.081417625	10.23792697	0	26
GACTTTAATTAGCAGATTTTTACGAAACAC	0	0	0			0	30.71378092	0	425
GACTTTGCATGTATTGCTGTGGAGTTTGGG	0	0	0			0	6.825284649	0	4
GAGAAAGCAATGCCGTTGTCCGAGGGACGT	2.5965646	0	0			2.081417625	20.47585395	0	5
GAGAACCTACTTGACATCACAAATTAGGCG	0	0	0			0	44.36435022	0	6
GAGAAGTGAGCTACGTTGAGGAAGTAATAG	0	0	0			0	10.23792697	0	875
GAGAAGTTTGGGGGGGTCTCGGTATGAAAT	0	0	0			0	6.825284649	0	4
GAGAATTATATATATTAAGCTTGTGCCTTG	0	0	0			0	13.6505693	0	3
GAGAATTGACTAGGCTTTATGCTACGTCTG	0	0	0			0	58.01491951	0	86
GAGACAATACCAGGTGACAAGTATCAATCA	0	0	34.79330422			0	0	0	79
GAGACAGCAAAATCGTTAAGCGTCAGGAAT	0	0	0			0	3.412642324	0	1
GAGACGGTTGTGCGGGCATGGGGTCCAGAG	23.3690814	0	0			0	20.47585395	0	31
GAGACGTCACGGATATTTGGCGAAGGGAGA	0	0	0			24.97701149	0	0	36
GAGACTACAAGTTACTCATCGAACTGCACG	0	0	0			0	44.36435022	0	11
GAGACTAGTAGGCTCGGTAGGGGTGGTTAA	0	0	0			0	600.6250491	0	386
GAGAGACTAATGATGCCGTAAAGGTGGGGC	0	0	0			0	3.412642324	0	8
GAGAGAGTTGGGCTTAAGAGACAGTGCCCC	0	0	15.81513828			0	0	0	4
GAGAGATCTTATTGAACGGGCGTGCCGGAG	0	0	0			0	174.0447585	0	113
GAGAGATGTTGCAGGGAAATCTTGGTCTGC	0	0	0			0	34.12642324	0	2
GAGAGCGCAACCTCAGCAGCCCCCGCCAGT	0	0	0			0	20.47585395	0	1
GAGAGCGTATGAAGATTCTATAGGGGTCGC	0	0	0			7724.140805	1030.617982	0	69
GAGAGGAGTATGAGGGTGTTGTCAGCTAGA	0	0	0			0	27.30113859	0	1
GAGAGGCATGCTCCTGAAACTCACTTCAGA	0	0	0			0	54.60227719	0	2
GAGAGGGAAAAGCTCGGTCGTCAAACCCGG	5.193129201	0	0			24.97701149	0	0	2
GAGAGGTAATCCTCAAAGCTGAGACATCGC	0	0	0			222.7116858	34.12642324	0	8
GAGAGTATTCCGGTCCCTACTGGGTAAGAC	0	0	0			0	20.47585395	0	67
GAGAGTGATGCGAAGGCGCTTGTGCTCGCC	0	0	0			0	27.30113859	0	8
GAGAGTTATTTACTAGCCGCGGGGGGAATG	0	0	0			0	10.23792697	0	1
GAGAGTTTATGATTGAGCCGAGGACGGGAG	0	0	0			0	150.1562623	0	1624
GAGATAGTAACGTCCGGCACTCTCTTTCCC	0	0	0			60.36111111	0	0	116
GAGATCAGATGAAGATACCTGGGGATTATA	0	0	0			0	10.23792697	0	2
GAGATCGAAGTCTATGGTACAGGATGCTTC	119.4419716	74.0870624	107.5429403			0	20.47585395	0	90
GAGATCTGTTATGTTACGATAAGGTTGAGT	0	0	18.97816594			0	0	0	9
GAGATGGCTCGGATTAAGGTGTGACGAAAA	16.8776699	21.16773212	88.56477438			14.56992337	34.12642324	0	4
GAGATGGGATATGAGCGGGGGTCGGTCTGC	0	5.291933029	3.163027656			0	0	0	1
GAGATTCCACCAGCTTGACGGGAGCGGCTA	0	0	0			0	23.88849627	0	109
GAGATTCTAGCAGGCATTGATGTGGACGAA	0	0	0			0	30.71378092	0	54
GAGATTGTAGTTAATCAGGTGTCATCTGAC	148.0041822	148.1741248	581.9970888			0	307.1378092	0	293
GAGATTTAATCTGGTGTGGTAGCAAGTAGG	0	0	0			0	3.412642324	0	1
GAGCAATAATTCGGATAGAGTCGTTGTGAA	0	0	0			0	3.412642324	0	1
GAGCACAAATTTTATGTTATTGATTATCTG	0	0	0			0	6.825284649	0	2
GAGCACCCTATTTTCAGGTGTGTGTGGTCA	0	0	0			0	34.12642324	0	3
GAGCAGCAATGGCAATGGCTAAGCGGGACT	88.28319642	309.5780822	0			0	116.029839	0	137
GAGCAGCATAAGTATTAGAAGGATCACGAC	0	0	12.65211063			0	0	0	21
GAGCAGGGTGCATGAGCTGACAGGGGAGTT	0	0	0			54.11685824	75.07813113	0	18
GAGCAGGGTTTCGAATATGAAGGGAGAGCC	0	13.22983257	0			12.48850575	92.14134276	0	16
GAGCATTGAAGGGAGCGGTCAGGGTTCGGA	0	0	0			355.9224138	0	0	865
GAGCCAATTTCGGCTTGGCATTATCAATAA	0	0	0			0	23.88849627	0	36
GAGCCCAGAGAGAAGGGGTATGGGTGGTCG	45.43988051	0	41.11935953			0	17.06321162	0	69
GAGCCCGATCATTTGGAGGTGTGAGGGGGT	0	0	0			0	10.23792697	0	1
GAGCCTGTAAGTTTCGTTCAACTGGATTTG	0	0	60.09752547			0	0	0	36
GAGCGAATTGGAAGATTGGACTACCTGAAG	10.3862584	50.27336377	22.1411936			0	0	0	18
GAGCGAGATTTAAATTAACTAGTTATAGAC	0	0	94.89082969			0	133.0930506	0	29
GAGCGGTAATGGCTGGTAAGGCAAGCTCTG	0	0	0			0	20.47585395	0	3
GAGCGGTCTGGGAGGGATGTGGGAACCACG	0	0	0			0	17.06321162	0	3
GAGCGGTGTGGGAACCATTGTGGTAGAATG	0	0	0			0	30.71378092	0	19
GAGCGTGTATTTCGTCATTACTCCCAAAAT	0	7.937899543	0			0	0	0	17
GAGCGTTCAGATAGCGCGCTCATATTTAGA	0	0	0			0	242.297605	0	375
GAGCGTTTTTCTTAGATGGACGCCTGTTTT	1055.50351	2780.910807	1375.917031			27.05842912	252.535532	0	432
GAGCGTTTTTTCTTAGATGGACGCCTGTTT	40.24675131	84.67092846	47.44541485			0	0	0	14
GAGCTAAGTCCCCAGACTCGATGCCTGTAC	0	0	41.11935953			0	13.6505693	0	100
GAGCTGATAGCGGTGTAAAGTGTGCCGTCG	0	0	31.63027656			0	0	0	235
GAGCTGCGAATGGCCATGCGTGTAGTGGGC	0	0	0			2.081417625	0	0	2
GAGCTGGCATGGTTGATTCGCGTGCATTGC	0	0	0			0	249.1228897	0	974
GAGCTGGGAGGGCGAACAAAGTGGATCCAG	0	0	0			0	10.23792697	0	51
GAGCTGGTAAGTGTATACACGAGGAACATC	0	0	44.28238719			0	0	0	343
GAGCTGGTTTTCGTGGTAGCGAAACAGTTT	0	0	0			0	6.825284649	0	1
GAGCTTAGAAATGGGCCGCGAATAATCTTC	0	0	0			10.40708812	10.23792697	0	4
GAGCTTGGTCCACTAGAGAGTACAGGTATA	0	0	0			0	44.36435022	0	1
GAGGAAAGTCAAAGGGCGGAGGTTAAGGGA	0	21.16773212	0			0	0	0	7
GAGGAACCTGTAAAGTGATTAGCTGGATTA	0	0	0			0	6.825284649	0	1
GAGGAAGGACTCGAGTCTGAACTCAGGTTT	0	0	12.65211063			0	6.825284649	0	3
GAGGAATGAAGTTGTAACCTTGTGAGGGAA	0	0	15.81513828			0	245.7102473	0	143
GAGGACTAAGGCTGTAGGGTAGCCTTCGGT	0	0	0			0	3.412642324	0	1
GAGGAGAAAAGGAACCCCACGATGCATTTT	0	0	6.326055313			0	0	0	92
GAGGAGAATTGTACTAAGACATGTGTCTAC	0	0	0			0	30.71378092	0	34
GAGGAGACTTCTGTAGCAGTTGCCGTGGGT	0	0	0			0	13.6505693	0	9
GAGGAGGAAGACGCTGTGGTGGCCGTGGAG	0	0	0			0	6.825284649	0	13
GAGGAGGGTATCCGTGAAGGTGGCAGATGG	0	0	0			4.162835249	0	0	1
GAGGATGCAGGGTTCAGAGTAAATTTCACA	0	0	0			6.244252874	0	0	25
GAGGATTGTGGCTTGAAGTGTCATTGTGCC	0	0	0			22.89559387	20.47585395	0	2
GAGGCAGAAACTGGTACAACAGGAATGAAT	0	0	0			0	92.14134276	0	5
GAGGCATGAAGGAGTGAGGCGGCAGAGTGC	0	0	0			47.87260536	0	0	5
GAGGCCAGAGGTTCGGGCCCCACTGGACTG	0	0	0			0	64.84020416	0	1403
GAGGCCGGATGGACACGCACATTCTGACCG	0	0	0			0	10.23792697	0	2
GAGGCCTAAGGCCGTATCCTGACACGATCA	0	23.81369863	22.1411936			0	78.49077346	0	2
GAGGCGCTAGCTGGAGCTAGCAAGACATTT	0	0	0			1835.810345	0	0	129
GAGGCGGTACCACAGGTATAGCAATTTAGG	0	0	0			0	6.825284649	0	4
GAGGCGTAAGTATCAGGGGAGGAAGGACGA	0	0	0			8.325670498	6.825284649	0	49
GAGGCTATAAGGTTTGTGCTTACGTAACGG	0	0	0			20.81417625	10.23792697	0	27
GAGGGAAAAGTGGGGCTTGCGTGCGGCGAT	0	0	25.30422125			0	0	0	378
GAGGGACGATGATCGCTAGGGGGAGATGCG	0	0	47.44541485			0	0	0	267
GAGGGAGCAGGCCATTTCAGGGGCTCAGGG	0	0	0			0	34.12642324	0	117
GAGGGAGGTATTTGGGCGGGCGATAGGGAG	0	0	0			0	576.7365528	0	73
GAGGGCCGTCGGTAACAACCCACCGTTACG	0	5.291933029	22.1411936			0	0	0	4
GAGGGCGAATTACATGATTGGTATTGCTTG	0	0	0			0	23.88849627	0	72
GAGGGCTTACTCTTAGCTGACGTACTTTCA	0	0	28.46724891			0	0	0	7
GAGGGGAGTCGCCTCGCCGTGGACGCTCGC	0	0	0			0	6.825284649	0	16
GAGGGGAGTGCTTATTCAGGGCTGGGGAGG	0	0	0			0	30.71378092	0	4
GAGGGGCATTGGGGAGGTGCATGAAATAAC	0	0	0			0	17.06321162	0	2
GAGGGGCCTTGAGCCCACTGGTCACATGTA	0	0	0			0	10.23792697	0	13
GAGGGGTGTGGCGGATGAGGTGACGGCGGT	3.894846901	13.22983257	0			0	3.412642324	0	1
GAGGGGTTACCGTGCGGTGAGGGTGGGGCC	3.894846901	7.937899543	28.46724891			0	13.6505693	0	2
GAGGGGTTTGATAACGTGAAAGGTCACTCC	23.3690814	209.0313546	12.65211063			0	214.9964664	0	69
GAGGGTCGTAGGATAGGGCGGATTGAATCG	0	0	0			0	10.23792697	0	8
GAGGGTGTTGGGGTTACTCAGGTAATATTG	0	0	0			60.36111111	64.84020416	0	391
GAGGGTGTTTTCGGGGGAGAATACTTTAGG	0	0	0			0	586.9744798	0	755
GAGGGTTCAGTGGATGTGGTAGAAGCCGTA	0	0	0			0	10.23792697	0	1
GAGGTAAAATGGGCGGAGTCTAAGGGGTTG	0	0	0			0	3.412642324	0	216
GAGGTAAATAATTTGGAGCATGTGCAAGGA	0	0	0			0	13.6505693	0	5
GAGGTAGGTAGACGTAGGGTACTCTGTTGT	0	0	0			0	406.1044366	0	905
GAGGTAGTAGCTACAATAAATTGGGAAACC	0	0	0			0	528.9595603	0	7
GAGGTATCTTAGGTGACGAGATTCGTAGTC	0	0	0			0	1638.068316	0	11
GAGGTCTTCCCCTCCCGGGGCGCAGTCCCA	0	0	0			0	3.412642324	0	1
GAGGTCTTTCTTTCCCGGGGCGCAGTCCCA	0	0	0			0	139.9183353	0	15
GAGGTGGTTAGAGCGAGTAGTCAAGTGGGA	0	5.291933029	0			0	0	0	5
GAGGTGTTAAGGCATGATAACAGGAAGGAA	0	0	12.65211063			10.40708812	6.825284649	0	64
GAGGTTAGAGAATAAGCGTTACTGTGGTGG	0	0	0			0	10.23792697	0	1
GAGGTTATTTGGTCCTCTACACGATGCCAC	0	0	0			0	156.9815469	0	521
GAGGTTCCAATCATTTGGAACTGGTGGTAT	0	0	0			0	54.60227719	0	63
GAGTAACGTTGACTTTCAACGACCCTGGTG	0	0	0			10.40708812	3.412642324	0	11
GAGTAAGTTCGGAACTATAGAGTTGCGCGG	0	0	0			0	44.36435022	0	108
GAGTAATATGCATTATCATTAGTTTTGGGA	0	0	0			0	6.825284649	0	1
GAGTAATGAGAGGGTTTGATCGGATAGATT	0	0	205.5967977			0	0	0	20
GAGTACGTTTTGGGGTTGTCCCGACGTGTG	0	0	0			0	40.95170789	0	58
GAGTACTCTGTTAGCAGGCGTGTGGGTTGA	0	0	0			0	44.36435022	0	7
GAGTAGAATTGGTGCAAAGGTGTGCCGGTC	0	0	0			18.73275862	1504.975265	0	461
GAGTAGACAGGAGCGTGGCTCGGCGTCGAG	0	0	0			0	6.825284649	0	157
GAGTAGGCATGCCGTTGCGACACAAGCAGC	0	5.291933029	0			0	0	0	1
GAGTAGGTTGCGCTTTAGGGATAAGAAGTA	0	0	0			0	109.2045544	0	231
GAGTAGTAACAGAACTATGAGTCCCTAAGT	0	0	0			93.6637931	0	0	1
GAGTATAATGAGGCAGCTTGGTCTGTATGG	0	0	0			77.01245211	0	0	177
GAGTATAGAACCCTATTTGGACTGTGATTG	0	0	47.44541485			0	0	0	15
GAGTATATATCTGCGCATGTACGAGCGGGG	0	0	3.163027656			0	0	0	4
GAGTATATTGGAGCCGACCCAAACGTAAGG	0	0	0			0	354.9148017	0	21
GAGTATGATCCGGCAAGTAAAGTTCGATAG	0	0	0			0	389.041225	0	903
GAGTATGGACAGGTGTCACAGGCGTCTTTA	0	0	0			233.1187739	0	0	333
GAGTATGGATTGAATACGAGGACGCGCTCG	0	121.7144597	25.30422125			0	313.9630938	0	331
GAGTATGGTGTCCTAAGGGAAGCTAGTGAG	0	0	0			62.44252874	0	0	324
GAGTCAAGATTGGAGGTACAATGTGCCTTT	0	0	0			0	34.12642324	0	151
GAGTCACGTTTGGGCGCCTGGCTGGACACT	184.3560866	0	79.07569141			0	20.47585395	0	1610
GAGTCAGCAAGCGCCGCATGTGATTAGGTT	0	2.645966514	0			736.8218391	122.8551237	0	2082
GAGTCAGTTCCTCTTTGCAGAGGGCAAAAT	0	0	0			0	58.01491951	0	156
GAGTCATGATTATCTGACGATTTGTTTGTG	0	0	0			0	71.66548881	0	14
GAGTCATTTGCTGGTCGGGTTGGCAGGGCC	0	0	0			0	37.53906557	0	14
GAGTCCAGTCAATCGACGCTTATGTAAACG	0	0	0			0	6.825284649	0	389
GAGTCCGATATGGAGAAGGAACTGGAGGCA	193.4440627	26.45966514	34.79330422			35.38409962	406.1044366	0	33
GAGTCCTGATACGGGTCAACCGGACAGGAA	0	0	6.326055313			0	0	0	2
GAGTCGTTATGGTGCATCTAGTCGGGCTTA	0	0	0			10.40708812	6.825284649	0	4
GAGTCTCAACACATATCGCGCGCCACAGTC	1.2982823	124.3604262	373.2372635			0	98.9666274	0	106
GAGTCTCATGTTGTTGTGCCAGTGTGTTAA	0	0	0			0	3.412642324	0	60
GAGTGAAATCGCGTGCCGGGGAGATTAAGA	2.5965646	0	41.11935953			0	13.6505693	0	17
GAGTGAAGTAGGCAAGGGGGAGAGTGCAGC	0	0	0			0	6.825284649	0	20
GAGTGAATACATCCGAGAGTAAATAGAGGG	0	0	0			0	34.12642324	0	183
GAGTGAATACTACGTTAGGTCTTCCGGGCA	0	39.68949772	0			0	6.825284649	0	1
GAGTGATAATTGCTGCCAGAAGTCACTAGG	0	0	0			0	27.30113859	0	1
GAGTGATTATACTTTTTGCTCTACTGCCGG	36.35190441	127.0063927	34.79330422			0	3.412642324	0	6
GAGTGATTATGGTAGCTATAGATAAAACTT	0	0	161.3144105			0	0	0	9
GAGTGCACACCAGTCCGCGATCGGCACATT	0	0	0			0	327.6136631	0	35
GAGTGCCGAACGGTCGGACCACAGGCAGGG	0	10.58386606	0			0	0	0	3
GAGTGCGCAGGTTAGGGGGTCTGTTCAGGA	0	0	25.30422125			10.40708812	6.825284649	0	7
GAGTGCGGAATTTCCAGCCGAATATTGTAC	0	0	328.9548763			0	0	0	3319
GAGTGGAATACTGCGCCGTCCATTAAGAAC	0	0	85.40174672			0	0	0	74
GAGTGGAATCAAGCCTTAGAGGCTGGGACA	0	0	0			12.48850575	10.23792697	0	143
GAGTGGCCACGTGTCAAAGAACTGTAATAA	0	0	0			0	13.6505693	0	882
GAGTGGTCACAGACCAGTGTAAAGGCGGCT	0	0	0			4.162835249	586.9744798	0	689
GAGTGGTCTAGTTGAAACTCGCCCGGACGA	5.193129201	15.87579909	69.58660844			0	17.06321162	0	25
GAGTGGTCTGATTGGGGTATGATGGGAGCG	0	0	0			832.5670498	0	0	1176
GAGTGTCCTTGGAAATCGGTTGCCTGGAAG	0	0	0			0	1074.982332	0	2346
GAGTGTGAACCCTGGAAACCATTCGAGGCC	0	0	0			4.162835249	0	0	3
GAGTGTTATACGCGCAGGTAGGGATGGGAT	0	0	0			4.162835249	0	0	1
GAGTGTTGAGACTAAATGGAAACTGGACCA	529.6991785	4188.564992	2713.877729			0	542.6101296	0	1219
GAGTGTTGAGCAACTGCGTTTGGTCAAAGT	0	0	0			0	37.53906557	0	31
GAGTTAAATCGCGAGACATTTGGGCTGGGC	0	0	0			0	40.95170789	0	22
GAGTTAAGACGGAAGTCCGGCGGTTTTTAT	0	0	6.326055313			0	740.5433844	0	159
GAGTTAATATCAGGCTTGGGGGCGAAGAGG	0	0	0			0	6.825284649	0	11
GAGTTAGTATGAGGATGCGCGGACGGACGT	0	0	34.79330422			0	0	0	60
GAGTTCCAAGGCTTAGATAATCGGCTAGAA	0	0	0			16.651341	0	0	344
GAGTTCCATAGGCTTTCTTCGACCAGCACA	0	0	0			0	3.412642324	0	1
GAGTTCGGAATGTTGGTGCCGGGGCGAGTT	0	0	0			0	10.23792697	0	55
GAGTTCTTTCCTAAGAGGAGCGGGTACACC	0	0	0			199.816092	0	0	1540
GAGTTGAATATCGTTCTATTTGTCCTCTAA	0	0	0			0	71.66548881	0	11
GAGTTGTCTTAACTCGGCCAAATGAACGTG	0	2.645966514	0			0	10.23792697	0	324
GAGTTGTTAACTCTCACTAGCCTATACGGG	0	18.5217656	0			0	0	0	8
GAGTTGTTAGCTTTAGATTATCCGTTGGTG	0	0	357.4221252			0	102.3792697	0	558
GAGTTTGATGTTTCGTTAATTGCGTGGGGG	0	0	0			22.89559387	0	0	408
GAGTTTGGATTATGCCATATGGACTCTTTT	0	0	0			8.325670498	0	0	5
GAGTTTTAAATTTACCGGGATACGGTAGAA	11.6845407	26.45966514	31.63027656			0	10.23792697	0	31
GATAAAGAACGGCGAACTTCGTTTGTGTTG	1.2982823	0	6.326055313			0	3.412642324	0	1
GATAAAGATCAAGATGACCATTCGTTTGAG	0	0	0			0	10.23792697	0	1
GATAAATATTCGGCCCCATTTATGTGCGAA	0	0	0			52.03544061	286.6619552	0	109
GATAAATGTGTGTCTCAGTAAGCCCTCTGC	6.491411501	2.645966514	3.163027656			18.73275862	10.23792697	0	4
GATAAGTAATGGACGTGTTTTTGGTGAAAG	0	0	12.65211063			0	0	0	1
GATAATAAAATCCAACCCTTACAATGACAG	0	0	0			0	371.9780133	0	45
GATAATAATTCACCTGTTGTATATTGAGAA	0	0	0			0	1150.060463	0	279
GATACCAATGGCTGCGATTTTGCAACGGAG	9.087976102	121.7144597	0			0	214.9964664	0	14
GATACGTGTACAGCGCCCCGGCGTGAGCAG	0	0	0			0	27.30113859	0	312
GATACTACAAACGGGTTACGCATTATCAAA	0	0	0			0	27.30113859	0	2
GATACTGTAGACTTTGCGTGGTGAGGAAGC	0	0	0			0	13.6505693	0	69
GATACTTGTTCTCGTGATGGGCCTGATAGT	0	0	0			0	98.9666274	0	34
GATAGAATATGTCAGCTTGCCTGACTGAGG	0	0	0			0	1634.655673	0	656
GATAGATCATAACCAGGCCCTTAGTACAGC	0	0	0			0	37.53906557	0	486
GATAGATCTGAGTAAGACATCGCCCCTCAT	0	2.645966514	294.1615721			120.7222222	713.2422458	0	858
GATAGCACACAGGCTCGGTCGAGAAAAGGG	0	0	0			0	13.6505693	0	34
GATAGGAAACGCATGGGGGTATTTACGGGG	0	0	0			2.081417625	0	0	15
GATAGGCTACGCGAGAATCGGGGAGGTGAT	0	0	0			41.62835249	0	0	27
GATAGGTGTACAGCTGGGTACATTAGTACT	55.82613891	79.37899543	22.1411936			0	3.412642324	0	2
GATAGTATTAAAACGGTCTAATGCCGAAAT	0	13.22983257	0			0	6.825284649	0	7
GATAGTGAATATGACTGGGCATCACGGCGT	0	0	0			0	3.412642324	0	644
GATAGTTTAACTGGGATATGCGAGTACGCC	0	5.291933029	0			0	3.412642324	0	9
GATATAATTGTGATGAAAGCAGAAGTCGAG	57.12442121	164.0499239	0			0	0	0	3
GATATACCTTTTGAGGTACTTTTATGGGTA	0	0	0			8.325670498	10.23792697	0	56
GATATCTCTGTATTGGTTCGTGGGGCTTGG	0	0	69.58660844			0	0	0	93
GATATGACACGCGGGAGCGTAAGAGAGGTA	0	0	0			224.7931034	2347.897919	0	898
GATATGGTTAGTGTAGGCTTGAGCTTGATA	0	0	0			0	105.7919121	0	71
GATATGTGTCCGTGAGGTGTCTACCCAAAG	0	0	6.326055313			4.162835249	17.06321162	0	2
GATATTAGATTAAATTGTTTCGGCGCATCC	0	0	0			0	1129.584609	0	791
GATATTGATGTTTTAGGATTTCAGGAGGTA	0	44.98143075	243.5531295			0	17.06321162	0	339
GATATTTCACTGCCCCCGGTTAACGTCTAA	0	0	0			4.162835249	6.825284649	0	5
GATCAATCTCACACTGAAATTTGTAATTTA	1002.273936	1534.660578	427.0087336			0	105.7919121	0	382
GATCACAGTCGCCCAAGGGAGTGAACCATC	0	0	0			0	54.60227719	0	79
GATCAGCGAATATAGTATTGTGTATTGGGG	0	0	15.81513828			0	0	0	10
GATCAGCTTGTTATTGGCAGGAAATCCCCA	0	0	0			0	3.412642324	0	1
GATCAGGATCGCACTTCGTTAATGTGCGGC	0	0	0			0	211.5838241	0	883
GATCAGTGTTTCAGATGATTGGCGTTCGTA	0	15.87579909	0			0	64.84020416	0	40
GATCATTCTATTTTCCTGGATTCATTTGTC	0	0	0			12.48850575	0	0	41
GATCCATAATCAAGATTTTAGGTGCACGCA	86.98491412	39.68949772	0			0	78.49077346	0	31
GATCCATATTGAGCCGTTATAACACTTAGC	20.7725168	378.3732116	0			0	27.30113859	0	69
GATCCCAGAGATACCTGCCTCGATTATACC	0	13.22983257	0			0	0	0	2
GATCCTATATCCTGCGCGTGTCCACTTAGT	0	0	28.46724891			0	0	0	1515
GATCCTGATGAGCTTATTAAGTGGCGGGAG	1.2982823	2.645966514	0			0	0	0	1
GATCCTGTTCAGTTAGCCGTCGCGTCTCGC	0	0	0			0	23.88849627	0	56
GATCCTTGTGTAATGTTTGTGACGGGGATA	0	0	0			0	10.23792697	0	4
GATCCTTGTGTCCTGATAGTCCTTTACGGG	0	0	0			0	37.53906557	0	24
GATCCTTTAAGGTGAGAATCCTCGCGCCAG	11.6845407	21.16773212	0			0	17.06321162	0	9
GATCGAATACAATCGGTGTGATCCGAATTT	11.6845407	42.33546423	0			0	51.18963486	0	37
GATCGAGGATGGTTGGGTCGTTGGTGGAGC	0	0	0			0	13.6505693	0	9
GATCGATTTCTTGTTGATAGGAGGATTCTC	0	0	31.63027656			0	0	0	6
GATCGCTAACGTACCAGGCATCGTATGCAG	27.2639283	26.45966514	158.1513828			0	51.18963486	0	11
GATCGGGATCCGCGGTAGTGTCACGGGGTA	0	0	0			0	6.825284649	0	2
GATCGGTTTGCTTTTTCTTCGCTACATAAT	0	0	1300.004367			0	0	0	292
GATCGGTTTTGCTTTTTCTTCGCTACATAA	0	0	18.97816594			0	0	0	1
GATCGTTGACAGAAGCCTATCAAAGTTTCG	0	0	0			0	17.06321162	0	42
GATCTAGATATCGTAATGTGCTCGGGCGTT	0	0	0			0	75.07813113	0	260
GATCTGAATTCCGAGGTAGTATCAGAATCC	0	0	0			16.651341	0	0	16
GATCTGATATTTATAGGGAGTGGAGGGGAA	521.9094847	0	354.2590975			0	0	0	497
GATCTTGCAAGGGCTACTTTGGAGGGTAAA	0	0	0			187.3275862	542.6101296	0	346
GATCTTTCTGGAGTGTAATCTTCACGGGTC	0	0	0			0	249.1228897	0	1610
GATGAATGAAGGCCCGCCAGGCATGCTCGC	0	5.291933029	0			0	0	0	4
GATGACGATGAAGTGCGGGAAATGGGTGAA	0	0	0			0	6.825284649	0	4
GATGACTCAATCTGTAACGTGGGCGTGGGG	0	10.58386606	0			0	0	0	13
GATGACTGATAATGAGTTTGGAATAGTGCA	0	0	3.163027656			0	3.412642324	0	2
GATGACTTACCATATGCATTAATAACCTGA	0	0	0			0	20.47585395	0	6
GATGAGAGAATTCGAATCCACGTCCGCCTC	0	0	0			0	44.36435022	0	12
GATGAGATATGATTTTAAACTCATACGATC	0	0	199.2707424			0	0	0	1197
GATGAGCAACTATTCGCGTTTGAAGAAAGG	0	0	0			0	10.23792697	0	16
GATGAGCCTCAAGGTCCGGAATGGGCCCCC	0	18.5217656	0			0	10.23792697	0	20
GATGATAGAGCCAGTTAGGGTTTCAGCCGA	0	0	22.1411936			10.40708812	58.01491951	0	26
GATGATGAAGTACTCATATTTATATATGGG	0	0	0			0	13.6505693	0	122
GATGATGGACGGCGCAAAGTTAAGTGAGGG	3.894846901	0	0			0	0	0	1
GATGCAAAATAGGGAGGACAGCTCACCACA	0	0	0			0	20.47585395	0	14
GATGCATGATTTCGCGTCATCCAGTGTGAG	0	0	0			0	1416.246565	0	41
GATGCATTTCAAGCGTGGCGTCCGAGATTA	0	0	0			0	191.1079702	0	71
GATGCGGGAATAAGAAGCTTGTCAGACCGG	0	0	0			0	17.06321162	0	124
GATGCTCAAAGGTATGAGGGGGGCGGTACT	0	0	0			0	3.412642324	0	1
GATGGCCGACGGAGAACTTGATGCAAGGGG	0	0	0			0	47.77699254	0	352
GATGGCGGTTTGGGAGTCAACAAGAGGTGT	0	0	0			0	3.412642324	0	4
GATGGGAATAGTTGTTTATCCTGTGGAAGA	0	0	3.163027656			0	0	0	250
GATGGGATTGTTTGCGTTCGGCTCGAACAA	1.2982823	71.44109589	0			0	44.36435022	0	15
GATGGGTCTTGTTAGGCTTGGAATACCGGC	0	0	0			0	13.6505693	0	3
GATGGTACTTGAGTTGAATGTAACTCAGTT	0	7.937899543	0			0	10.23792697	0	7
GATGGTCCAGGAGACCCTCGCGGTTGGGAC	0	0	9.489082969			0	23.88849627	0	61
GATGGTCGTGCTCTAAATTCAACGTATTTT	0	0	0			0	3.412642324	0	1
GATGGTGAACAGTAATTACTATTTCTGCTT	0	0	0			2.081417625	675.7031802	0	137
GATGGTGGATTCGCCCTGTCTGAACAAAAG	0	0	0			0	17.06321162	0	3
GATGGTGTAAGGGCTAGAGCGAGCAGAAGT	0	0	0			0	10.23792697	0	12
GATGTAAGAAGGAGGGGGTGTGAGGAGAAT	0	0	0			0	146.7436199	0	346
GATGTAGGAATTCAGGGAGTTGAACGGCGA	0	0	0			0	6.825284649	0	11
GATGTATATACGGGGGATTGATAAAAGAGT	0	0	9.489082969			0	0	0	1
GATGTATATTCTGATACCATGGAAGTGCTC	0	0	0			0	3.412642324	0	25
GATGTCATTAGCAAAGTCGATGGTCCGGTT	0	0	0			0	3.412642324	0	1
GATGTCGATCGGGCGAGGTCGGTTGTGTTA	0	0	0			0	10.23792697	0	3
GATGTCTGTGCCCGCCTTGCTCGAGTGGTC	0	0	0			0	61.42756184	0	10
GATGTCTGTGTGGGTACTACAGGTCACGGG	0	0	0			8.325670498	6.825284649	0	10
GATGTGAATAGGGTTTGTCGTCGCATTGAC	0	10.58386606	0			0	34.12642324	0	54
GATGTGAGTGCGAATGATGGGTCACATGGA	0	0	0			0	20.47585395	0	14
GATGTGCATATGTGATGCATGATGAGGGGG	114.2488424	164.0499239	136.0101892			0	30.71378092	0	319
GATGTGGTTTGTGGTTTAGGGTCGGAAATG	0	0	0			0	129.6804083	0	78
GATGTTGAAGCAAAGGTGTGTACCCTTGAG	2.5965646	13.22983257	0			0	68.25284649	0	12
GATGTTGGAGGATTTGTAAGCAATGGAGAA	0	0	0			0	10.23792697	0	57
GATTAATTAGGAGGTCAATAGTCGACCGGG	0	0	0			35.38409962	23.88849627	0	14
GATTACAATCATGTGATTAATGACACGAGA	0	0	0			16.651341	1132.997252	0	1512
GATTACCTTCTTGCGATGGGCTGATATGAT	0	0	3.163027656			0	17.06321162	0	11
GATTACTCTGGAACGGGGCGATCCTTTAGG	0	0	0			4.162835249	0	0	2
GATTAGTCTAATTTCAGCTTTATTGTCCTT	0	0	3.163027656			0	0	0	29
GATTATCTTAAAGGGTTTAGGGACACGATA	0	0	0			0	20.47585395	0	65
GATTATTATCCTAGCGGTCTATAGCGTGTG	0	0	0			0	27.30113859	0	1
GATTATTATCTAATACGTCCGTCTTTTCTG	0	0	0			0	30.71378092	0	36
GATTATTATGTATAGCGGCGCTGGTTGTTG	0	0	0			0	58.01491951	0	15
GATTCATAACGTTATATTCAAGGGTAGGTC	0	0	0			0	3.412642324	0	1
GATTCCATTGTCATAAAGGGATGTTTGCAT	0	0	0			0	51.18963486	0	172
GATTCGACAGGGTGATATTTAGACGCAGTA	0	0	0			12.48850575	0	0	753
GATTGAGCTGATAGTTCAGGTCAGAATCAC	0	0	0			0	95.55398508	0	37
GATTGATAATGCCATAACGAGCTGGGCGCG	0	0	0			0	6.825284649	0	1
GATTGATAATTTCGTCAACTGGTAAGGACA	0	2.645966514	0			0	0	0	1
GATTGGAAATTTAAGTGACCGGGATGCTAA	0	0	0			122.8036398	720.0675304	0	142
GATTGGAGTATCTGATGAGCCATAGGTTCG	0	0	0			4.162835249	27.30113859	0	4
GATTGGAGTGCCGTTACTATATTCCTAGCT	0	0	47.44541485			0	58.01491951	0	194
GATTGGATAGATGGATAACGCGCATTGTTT	0	5.291933029	3.163027656			0	0	0	2
GATTGGGATTCAATGCTCACCAAGTTTTCA	0	0	0			0	85.31605811	0	96
GATTGGGATTCGGGGGGCTTGGTGCCGCTG	0	5.291933029	53.77147016			0	44.36435022	0	106
GATTGGTAATGACGCGTGTGGTTTGCTGAT	0	0	0			0	20.47585395	0	4
GATTGGTCACGGATAGGCCGGGCCCGCTCA	0	0	0			0	6.825284649	0	388
GATTGGTGAGGCTCTGATATGTTTGCTTAC	0	0	0			54.11685824	81.90341578	0	3
GATTGGTTTGAGGTTGGGATAGAGATAGGT	0	0	0			0	81.90341578	0	11
GATTGGTTTGGGGCCCCTGGGAATGTTACT	0	0	0			0	30.71378092	0	6
GATTGTGAACGGATGTTAATGTATTGACTT	0	0	0			172.7576628	0	0	20
GATTGTGGAAGAAACTAAACGGCGCAACTC	0	0	0			79.09386973	0	0	1
GATTGTGGTAACAGGCACGGGGGAACAGCC	2.5965646	0	0			0	6.825284649	0	5
GATTGTTAACGAGAGTGATTCCCCCTTTAG	0	0	0			2437.340038	269.5987436	0	1070
GATTGTTGTCAGTAGTTAAACTACTCCCGG	0	0	0			0	6.825284649	0	4
GATTTAAAAACAACCTAGCGAGATCATGCT	0	0	0			0	27.30113859	0	2
GATTTACAAACGTTCCCGGCGTGGCCAGAC	0	0	0			0	3.412642324	0	31
GATTTACAAAGTTATGCGTGGTAGGGCAAG	0	0	0			0	71.66548881	0	1517
GATTTAGTTATCTAGGCTTCCCTGTTTTTA	0	0	0			0	392.4538673	0	342
GATTTATGTTTTAAACCCATGCCTGTATTC	0	0	0			4.162835249	40.95170789	0	11
GATTTCGTACGACAGTTAACCAGAAGCCTG	0	0	0			0	3.412642324	0	81
GATTTCTCTAAGTAAGTTAGTCCAGTGTGT	45.43988051	15.87579909	0			0	0	0	1
GATTTGACATCTACTCAAAGCACTCGAGTT	0	0	0			0	30.71378092	0	42
GATTTGAGTTCCAGTACAGACAGGAACGGG	0	0	0			22.89559387	0	0	387
GATTTGCGTGCACGACTACGGAAGGTTATG	0	706.4730594	351.0960699			0	160.3941892	0	32
GATTTGGAACGCTGACCGTTAATGTATTAG	0	0	0			12.48850575	0	0	10
GATTTGGAAGCCGTGTCGAGGCTCGATGGA	0	0	0			0	6.825284649	0	1
GATTTTACATGACCGTCAAAGGTCGCCAGG	0	0	0			0	6.825284649	0	15
GATTTTAGTAACCTTGTGCACCTATCACGT	0	0	0			110.3151341	0	0	217
GATTTTATTCAAATCCTTTTCGCTCCAGGG	0	0	0			0	10.23792697	0	1
GATTTTCAAGCTTAATTTGAGATAACGATG	0	0	0			0	296.8998822	0	53
GATTTTTAATTGACGCCAACCTTTTATGCA	2.5965646	2.645966514	0			0	0	0	2
GATTTTTCAATCTCAAATGTAGTGGGTCCT	669.9136669	690.5972603	335.2809316			0	395.8665096	0	665
GATTTTTCTACAGCCGACTTCGCGAAGATC	5.193129201	0	0			0	6.825284649	0	2
GATTTTTTAGCGGAGTAAGCTCTACGGTAC	0	0	0			0	13.6505693	0	4
GCAAAAAATAGAGATCAACCCGTTAGTTGC	0	26.45966514	9.489082969			0	0	0	3
GCAAAAAGACGCTGCTCAGTTATGCGTTGA	0	0	0			0	6.825284649	0	1
GCAAAAAGAGGGGGGCGGGGGGTCTAGGCA	0	0	0			0	61.42756184	0	60
GCAAAAATAAGGTCATTGATTTTTGCTTTA	0	0	0			14.56992337	0	0	94
GCAAAACAATTCTGAAGGGCGCAGACACGC	0	0	0			245.6072797	4112.234001	0	69
GCAAAGGGTGTTGGATGCCTGGGAAATACG	0	0	0			0	10.23792697	0	625
GCAAAGTCTTTCTTGCGTTTAGTTAAACTC	0	0	0			0	47.77699254	0	161
GCAAATTTATTTGGCGGGACAGTTCAATAA	0	0	0			0	10.23792697	0	2
GCAACAACATCTTCATAGGTCCGCGCTTAT	0	7.937899543	9.489082969			0	0	0	1
GCAACCCGATTTTTGATTACAATCATATAT	0	0	15.81513828			0	0	0	3
GCAACTAGACTGCTCAGGTTGCGCATACGT	0	0	0			0	3.412642324	0	5
GCAACTGCTTTTGCCGCTTTGTAGAAGGAC	0	0	0			0	23.88849627	0	1
GCAACTTCAATGATCCGGAGACGCACGATC	0	0	0			0	20.47585395	0	28
GCAAGAAGATAGCAGTTTTAGGTTACAGCC	0	2.645966514	0			0	0	0	1
GCAAGACGAGGGCTGAATTGAGGTGTTAAC	0	0	0			0	6.825284649	0	1
GCAAGAGGTAGATGAAGCGTGTCTGTAAAT	0	0	0			14.56992337	2484.403612	0	983
GCAAGCATAGCCGGCAATGCGCATGGCGAA	0	0	0			0	153.5689046	0	135
GCAAGCTTTCATGGACCGGGCCTGTGGGTC	0	5.291933029	0			0	0	0	2
GCAAGCTTTGAGGGCCTGACCGGATTTAGG	0	0	338.4439592			0	129.6804083	0	268
GCAAGTATAGGTCCAATCGGCAAAATAACC	0	0	0			4.162835249	0	0	1
GCAAGTTGAAGATAGCAGTAAGAGAGCGGT	0	44.98143075	0			0	0	0	7
GCAATAGGTTAGCTTGCAAGGGGCTTTATT	0	0	0			187.3275862	0	0	29
GCAATATGTAAGCCTGGTTGGGGCAAGAAT	0	0	0			0	17.06321162	0	7
GCAATATGTCGGGGGGCGTACCTAAGGCGG	0	0	0			0	3.412642324	0	1
GCAATGACAGATCCCGGATGCAGAAAAAGT	0	0	0			2.081417625	0	0	26
GCAATGCGTGAGACCAATCGCGGGTGCAGT	0	2.645966514	37.95633188			0	3.412642324	0	86
GCAATGTTAAGCAGTTGTTTTCTTAAGGGG	0	55.5652968	0			0	20.47585395	0	43
GCAATTCTTAGTTGGCTCCGTTCTGGCGTA	0	0	0			1046.953065	0	0	223
GCAATTGGTAGACGCCGATGGGGGCCCGCA	22.0707991	13.22983257	0			0	102.3792697	0	12
GCAATTGTAAGGGTCATAGACTCAACCGAC	5.193129201	10.58386606	3.163027656			0	17.06321162	0	4
GCACACGAATGATAGGAGACGCAGGCAATT	0	0	0			0	214.9964664	0	54
GCACCGTGTTGAGGCGTTCCAGCCCATTGA	0	0	0			0	61.42756184	0	19
GCACCTATAGTAGCCGAAATTCAGGGTTTC	0	0	0			0	3.412642324	0	7
GCACCTGAATGCTGGGCGAACAGTAAGTCG	0	0	0			0	6.825284649	0	64
GCACGAATAGATCCTTGTAGGACAGCGTAG	0	0	0			18.73275862	34.12642324	0	78
GCACGATGAACCAAGACGTGATGTCTTTCC	0	0	0			0	81.90341578	0	28
GCACGCGGAACGTTTTTTGTGGCTTAGAAG	0	0	6.326055313			0	0	0	3
GCACGCGGACGTCAGCGTACGAGGACTCTC	0	0	0			22.89559387	17.06321162	0	2
GCACGCGGATACGAGCTATGCAGTAATTGA	0	0	0			0	27.30113859	0	1495
GCACGGCGTTTGGAAACGTGTTAGTTGTTT	0	0	0			0	218.4091088	0	169
GCACGGTTTGGTGAAGTTTCAATTTCATGG	0	0	0			8.325670498	0	0	90
GCACGTCGTAAATGTCCTTGCAAGAGCTAG	0	0	0			0	13.6505693	0	397
GCACGTTAATGCCGGGATTCGATCTTTTTG	0	2.645966514	0			0	0	0	1178
GCACTAATAAGCTGCCATGAGTGCTGTCAG	0	0	34.79330422			0	20.47585395	0	1
GCACTCAGTGGGGGTGATGGATTTTGAACT	0	0	0			0	133.0930506	0	27
GCACTCATTTGTGTCGATTCCATATACCCG	0	0	25.30422125			0	78.49077346	0	23
GCACTGGCATCAATTAGTCATGAAAAAGTA	0	0	0			0	30.71378092	0	157
GCAGAAGGTCAGTATCGCGTTTAGGGCGGC	0	0	0			0	351.5021594	0	133
GCAGAATGAGGCATTCTTGGGAGGGCTTCT	0	0	0			0	27.30113859	0	132
GCAGACCTTGAGGGGACTTGTGGTCGAGAT	0	0	0			0	1266.090302	0	788
GCAGACCTTTCAGTAGGGGTTGGACACTCG	0	0	0			0	3.412642324	0	3
GCAGAGCAATGTGTGGTAAGTGTTTATGGT	24.6673637	0	15.81513828			0	0	0	15
GCAGAGGGACGTTGCCAAACTGAGTTGAAT	0	0	0			0	10.23792697	0	2
GCAGATTGTCAGTACTATTTAGTCTTAGGG	0	0	0			6.244252874	6.825284649	0	666
GCAGCAGTAAACCTGTCAGGCTGCAGTGAG	0	0	0			0	10.23792697	0	2
GCAGCGCATGAGGTGGGAGGCATGTATTCC	0	0	6.326055313			0	0	0	2
GCAGCTGGTCCTGAGATATAGCGGTATTTA	0	0	0			49.95402299	88.72870043	0	119
GCAGCTTGTGAATCCAGCCTAAACGTGATG	0	0	0			0	146.7436199	0	16
GCAGCTTTTGGTAACTTAGCTGGGATAGTG	0	0	3.163027656			0	23.88849627	0	1
GCAGGACGAAGGCTGGGAAGGGGTTGTCGC	0	0	0			12.48850575	0	0	2
GCAGGATTTCATGTGGGTGTGCACAGAACG	0	0	0			0	13.6505693	0	5
GCAGGCATTTAGATGGACCTTGGGACAGAT	0	0	0			0	34.12642324	0	6
GCAGGCCATCTTATACCCCGCATGAGTTAC	125.9333831	145.5281583	22.1411936			0	204.7585395	0	348
GCAGGCCCCCCTACACCCCGCATAAGTTAC	1.2982823	0	0			0	0	0	1
GCAGGCCCTGTATTTGTTGTGGAAACGTGA	0	44.98143075	3.163027656			0	0	0	1
GCAGGCTGATGGTTGGAGAGCGTTAGGTCG	0	0	15.81513828			0	34.12642324	0	14
GCAGGGTATTTGGGATTAAAGAGATCCATC	0	0	0			247.6886973	1167.123675	0	1120
GCAGGGTATTTTGGGATTAAAGAGATCCAT	0	0	0			0	3.412642324	0	1
GCAGGTTATAATTAATTTTTTCTCTTGGAT	0	0	0			0	6.825284649	0	47
GCAGGTTTTTACGTGCGGGGACTGTTCCTC	0	0	0			266.4214559	1853.064782	0	163
GCAGTAATAGGATACAGTCGTTAGGGATTG	0	0	0			22.89559387	0	0	921
GCAGTAGAAATCTCAGACAGGTGGGATAGG	0	0	44.28238719			0	0	0	365
GCAGTATTTGTTTAGTTGGTGTCATGGGGC	0	0	0			0	6.825284649	0	3
GCAGTCACTATGACGACGGTCCCCCCTGGC	0	0	22.1411936			0	0	0	8
GCAGTCATTGACGACAGTCTCATTTACAGC	0	0	0			0	160.3941892	0	22
GCAGTCTGACGTGTAGCGCAGTTGACGGGG	0	0	0			77.01245211	170.6321162	0	8
GCAGTGGAAGCTCTACGTAGTGCAAGTGGG	0	0	0			0	194.5206125	0	16
GCAGTGGCTCCCACGCATCATAGCACGTTG	0	0	37.95633188			0	303.7251669	0	173
GCAGTTCGAATGCGGATTTAGACGGGTTTG	0	0	0			0	51.18963486	0	177
GCATAAGATGCACAATTGGGTCGTAACTTG	10.3862584	18.5217656	0			0	0	0	1
GCATAAGTACGGGCGGACTGATCCGGGTAG	0	0	0			35.38409962	37.53906557	0	3
GCATAGGTTAGTTTTTACTCAGTTAGTTAA	45.43988051	15.87579909	0			0	6.825284649	0	1
GCATAGGTTCCAACGCGTGGGCAAGTATAC	0	0	0			0	3.412642324	0	5
GCATAGTCAGGGTACGGTCGGACGGCGTGC	0	0	0			0	3.412642324	0	6
GCATATAATCACTGACATGTAACAACAGAC	0	0	0			0	37.53906557	0	1044
GCATATATTTAAGATATAAGTCTCCAGTGT	0	0	0			2.081417625	0	0	11
GCATATGAACAATGCGTGGCCATTCTTACT	0	0	0			0	1320.69258	0	1190
GCATATGCAGGTACACATAGGACGAGCGAG	0	0	0			0	95.55398508	0	94
GCATATGGTTGGAATTCGTCACAGGGCCAC	0	0	0			0	6.825284649	0	2
GCATATTTAATGTATTCTTATTTGAGCTTG	0	15.87579909	3.163027656			0	13.6505693	0	6
GCATCAATTTTGATACGGAGTGACGATGTC	0	0	0			0	13.6505693	0	6
GCATCACCTACATGCAAATCTGGTTTACTG	0	0	9.489082969			0	0	0	12
GCATCAGCAGGTGGCTAGTCGGCGGTGCCG	0	0	72.7496361			0	20.47585395	0	4
GCATCCCTACAGTGTTGAACTCCTCTTGGT	0	0	0			0	713.2422458	0	44
GCATCGATTGGGAAGATATACTGAGTGGAC	0	0	0			31.22126437	276.4240283	0	11
GCATCGGCAACTCGTTACGGCAGGGCTAAA	12.982823	0	37.95633188			0	0	0	140
GCATCGTTTAGGGGGTGCAACTGATTCGGG	0	0	0			24.97701149	109.2045544	0	10
GCATCTGCATCATTGTTTTGAAATGGCGCA	122.0385362	460.3981735	290.9985444			35.38409962	412.9297212	0	1756
GCATGAAGAACCCCCGGTGGGGATTTGGTC	0	5.291933029	0			0	0	0	1
GCATGAGCTGACGCACCTGGCATCTTGTGT	6.491411501	5.291933029	0			0	0	0	3
GCATGCATTGACGTAAATTGGTAGACTGGT	0	0	22.1411936			0	573.3239105	0	13
GCATGCGGATTAACGAGATTAGGTTGTTGC	0	0	0			0	23.88849627	0	95
GCATGGCGTCTACTGCTAAAAGGGATGAGA	0	0	0			22.89559387	522.1342756	0	327
GCATGGGATTGAGTAATCGACGAGGCCAAC	0	0	0			37.46551724	51.18963486	0	61
GCATGGTAACCAGAAGCCTCGGAACTAATA	0	0	0			0	3.412642324	0	4
GCATGTATTGCTGTTTCGTGAGGGTGCTAT	0	0	0			0	13.6505693	0	2
GCATGTCCTGTTGTGAAAAGACCCGAGTTG	0	0	0			33.30268199	0	0	3
GCATGTGGAACCACTTAGGTTGGAAATGTT	0	0	0			0	3.412642324	0	1
GCATGTGGATTTATCTGTAGCACCAAATAG	0	0	0			22.89559387	44.36435022	0	8
GCATTATGAGTAGGATAGATGGTGTTTGAG	0	0	0			0	13.6505693	0	1
GCATTCAGTATGCGTCGAAGTAATCCAGTC	0	0	9.489082969			0	0	0	1079
GCATTCCATTGCATATGAGGTGGATAACTA	0	0	0			0	13.6505693	0	47
GCATTCTAAGCATCATATACGGCTGCATTG	0	0	0			0	6641.001963	0	2016
GCATTCTTAATGAAATCAACTGGACGTAGA	0	0	0			0	23.88849627	0	6
GCATTGCGTTCGCTTCGAATGAAGGAGGCT	0	0	3.163027656			0	0	0	2
GCATTGGGAGTACGGTGGTCTGTCAGTGGG	0	7.937899543	75.91266376			0	58.01491951	0	137
GCATTGGGATTTGCTCAGTCAGCCGGAGTA	0	0	0			0	10.23792697	0	62
GCATTTGGTTGAGGGAAGTTGGGGGATTGT	0	0	0			18.73275862	3.412642324	0	39
GCATTTTATGCTGCCGCAAAAATAGTGATC	75.30037341	15.87579909	0			0	0	0	414
GCCAAACGTCTATTCTGTTTCGACAACGCT	0	0	0			0	116.029839	0	198
GCCAAACTATCGGCTAGGGGTTAGATATCC	0	0	0			0	81.90341578	0	35
GCCAAGTAAATCAAACGTGCCACAGCTTAT	0	0	0			0	3.412642324	0	2
GCCAATCATAGTTAGCCGGCAGGGGTTCGT	0	0	0			0	6.825284649	0	1
GCCACAGTTCTATTCATGGCAGAGGCTGCG	0	0	72.7496361			0	0	0	603
GCCACATATAGGGGAAGAGGTGGAGCTGGG	492.0489918	674.7214612	37.95633188			0	75.07813113	0	258
GCCACCATTATAGTTGTGGTGCTGGGGGTT	7.789693801	0	91.72780204			0	0	0	18
GCCACCTCTCAGGACACCCGACAAGCAAGA	0	0	0			6.244252874	13.6505693	0	6
GCCACGGGTCATGTCTTGTTCCCTTGATTA	0	0	0			0	3.412642324	0	2
GCCACTCTTTTACGCCTTTGTGGTGGGGTG	0	0	0			27.05842912	30.71378092	0	56
GCCAGAAAATTCAGTAAAGGGTGCATCTAT	0	0	0			0	13.6505693	0	2
GCCAGAGAACGCAGCGAGCGGCTAGCGGGG	0	18.5217656	0			0	0	0	9
GCCAGCCAATGTCCAGTCGGTTGTGCCTGT	0	0	0			0	27.30113859	0	21
GCCAGGAGTCCTGATCGGGTTGGTGTTGTT	0	0	0			0	17.06321162	0	2
GCCAGGCTTAGAAGCCTGGCGGTGTGATCA	0	0	0			0	3.412642324	0	111
GCCAGTCGTCGGGGGTTGTTCTAGGTGAAT	0	0	0			0	3.412642324	0	24
GCCAGTGATACGGAATTTGTTTCGGCAGTA	0	0	0			0	3.412642324	0	2
GCCAGTGTAAGCCATTCAACCCTCGGTATA	16.8776699	10.58386606	63.26055313			0	51.18963486	0	3
GCCAGTTCTTTCAGGTGTAACGGCGAGAGA	0	0	0			2.081417625	266.1861013	0	80
GCCATATAATACTGACCTGGGGGTGTCGCA	6.491411501	10.58386606	3.163027656			0	13.6505693	0	5
GCCATATGTCAGGCTGAACACTCGATTGCT	0	0	218.2489083			0	0	0	566
GCCATCACAGCGTAAGGGTAAGTGAGAAGG	0	37.0435312	107.5429403			0	109.2045544	0	49
GCCATGAATTTAGCGAGGGCCATTCCGAGA	0	0	0			0	44.36435022	0	1592
GCCATGCATAGTTTGTCTCCTTGGATAGTT	5.193129201	0	0			0	27.30113859	0	7
GCCATGTTTACTGTATAATGTGGACACCGT	0	0	0			0	6.825284649	0	115
GCCATGTTTGCCGACTAAGCGAGTCACCCA	0	0	0			85.33812261	0	0	155
GCCATTATAAGTTTACGATTGTGTGAGCGC	35.05362211	58.21126332	0			0	0	0	28
GCCATTATTTTTACGATCCAGTGGCCGCGT	0	0	0			0	3.412642324	0	2
GCCATTGAAGATTGAAGGAGGTAGCGTGAG	0	2.645966514	0			0	0	0	6
GCCATTGGAAAGGTTAGGGCTACAAGGCGT	0	2.645966514	0			5696.840038	15551.41107	0	1698
GCCATTTGTAGTAGTAAGCAAGCTCGGAAT	83.09006721	0	60.09752547			4.162835249	0	0	337
GCCATTTGTGTGTACTTCTTTTGGGACGTC	0	0	0			0	6.825284649	0	3
GCCCAAGCAGAATTTGGCGGTGGGGGTGGT	0	0	0			0	13.6505693	0	5
GCCCAATATTAATTATTTAACGTGCAAGTA	0	0	0			0	10.23792697	0	1
GCCCACCTAGTACAGAAAGTGGAATTGTTG	0	0	0			0	354.9148017	0	32
GCCCAGTGTTCGATAAGCTGCCCACGACTC	0	0	0			2.081417625	0	0	23
GCCCATAGTTGGCATAGTGTCAGTTTCTAC	10.3862584	108.4846271	249.8791849			0	0	0	953
GCCCATATAACAGGTCGAGGGGACCTCGCA	0	0	0			108.2337165	491.4204947	0	33
GCCCATTTTCAATAGGTGGTTTAATGTAGT	0	0	0			0	47.77699254	0	95
GCCCCAGTTGGGCAAGGAGGCCGGCGTGGG	5.193129201	7.937899543	15.81513828			0	6.825284649	0	6
GCCCCGCATATGTATGGAGACTCACGATTG	0	0	0			0	71.66548881	0	1
GCCCCTCGACAATTGATATCAAAATGGCTT	0	0	0			0	3.412642324	0	2
GCCCTAACTAGGGAAATCAGTGGTAAAGAA	0	0	0			0	58.01491951	0	37
GCCCTAAGAGCATGCATACGTGTGTTCCAG	0	0	3.163027656			0	160.3941892	0	31
GCCCTACAAAAGTACCCCTTCCTGTTATCG	0	0	0			6.244252874	146.7436199	0	86
GCCCTCTTTCTCTATTATCAATGCGCGTTG	0	13.22983257	3.163027656			0	27.30113859	0	7
GCCCTCTTTGTAAGGAACATATTATTCCTG	0	0	0			0	235.4723204	0	28
GCCCTTCGAAGGTAGGTGATGGAGCGAGAT	0	0	0			0	6.825284649	0	1
GCCCTTGCTCTCATGGTGAAAGTCCTGGGG	0	0	0			0	68.25284649	0	97
GCCCTTTATCCAGGCAATACTTTTGGCAAA	0	0	0			0	17.06321162	0	1
GCCGAAAATGCTCGTTCTGTGCGCAGAGTG	0	0	31.63027656			174.8390805	348.0895171	0	32
GCCGACATAGTCTGATGTCGTGGTGATCTG	0	0	0			0	17.06321162	0	18
GCCGAGTCACTTTGTGCCAGAACTAGATGT	6.491411501	140.2362253	547.2037846			0	194.5206125	0	146
GCCGAGTTATCATGGCAGGGGCAAACCCGT	0	0	101.216885			10.40708812	37.53906557	0	47
GCCGATATTATCTCTGCTTGCGGCAGCCGG	0	0	0			0	6.825284649	0	2
GCCGCATATCGAGCTCTCAGTGATATCGAT	9.087976102	39.68949772	9.489082969			0	0	0	2
GCCGCCCGTGTCCAAAAGTGAACAAGGTCA	44.14159821	21.16773212	82.23871907			0	0	0	5
GCCGCGAATTCGGTTGTGGGGCATGCAGCA	0	0	0			14.56992337	27.30113859	0	75
GCCGCGCATTGCAGATGAGGTGGGGCTGAC	0	0	6.326055313			0	3.412642324	0	10
GCCGCGTATCCCGTGACGGGGACTGAGTAG	0	0	0			14.56992337	0	0	8
GCCGCTAATGATTTAGGGTGAAAGCGATTT	0	0	0			0	20.47585395	0	15
GCCGCTGATAGTAATGGGGAGGATTGTATG	0	0	0			0	6.825284649	0	2
GCCGCTTTTATCGTTCCATACCAGATGTGC	0	2.645966514	0			0	3.412642324	0	1
GCCGGAAAACCGCGATCCGCAGTTGGGGCG	0	0	0			0	23.88849627	0	7
GCCGGAAGACGAACAGGGATGAACTAAACG	0	0	0			0	682.5284649	0	657
GCCGGACGTTCTAAATCCGAGTATCGGGGG	0	0	0			14.56992337	10.23792697	0	36
GCCGGCGGATGATGCATTATTGTGGGCAGG	0	0	3.163027656			0	0	0	6
GCCGGGTAACGGGTGAGGTAAGAAGTATGC	0	0	15.81513828			0	0	0	3
GCCGGGTATGTAGGTGAATGGGATGAGAAT	0	0	56.93449782			0	170.6321162	0	270
GCCGGGTTATGAGATCCCCGGCCCGGGGGA	18.1759522	7.937899543	41.11935953			10.40708812	34.12642324	0	44
GCCGTAGATCGAGGGTCGTAATTTTACTCA	51.93129201	26.45966514	0			0	40.95170789	0	40
GCCGTCGCTGTGTGCGTAGAGTGAGGCGGG	14.2811053	0	15.81513828			0	85.31605811	0	76
GCCGTGCCACATCCTTAGCACAAGAACGTA	0	0	0			0	85.31605811	0	348
GCCGTGCGTCGTGGACCACAGGGTAGGAAA	0	0	0			0	3.412642324	0	1
GCCGTGGAACATACCGCAGCGGACACATGA	0	0	0			0	6.825284649	0	1
GCCGTGGCACGTACGAAAGTTCCCTTTTGA	0	0	0			0	13.6505693	0	2
GCCGTTTAACCTCTCTTGCCAAGTTGGGGT	0	0	0			0	10.23792697	0	2
GCCTAAATTGAGCACCCAACTCGTGGAGTA	0	34.39756469	9.489082969			0	10.23792697	0	21
GCCTACAGAGGTTTACGTAACCCGAAGTTT	0	0	0			0	34.12642324	0	135
GCCTACATACCCTTCCTAATGTCACAACAT	0	0	0			0	3.412642324	0	1
GCCTACTCTTCTACGCAAGTGGCTGTGCGG	44.14159821	0	0			0	0	0	50
GCCTAGGCTGTTATATTGATTTTATCAGGT	0	0	0			0	3938.189242	0	1244
GCCTCAGTAAAGCACGGGTGTGTTCTTCGA	0	0	0			0	13.6505693	0	30
GCCTCATATGTATTACTGTAAAAAAGAAGT	1.2982823	0	15.81513828			0	488.0078524	0	187
GCCTCCGTTAGTATGGCTGCGTGGGGATGT	0	0	0			0	1262.67766	0	10
GCCTCGAGTAAGCCCAGATTGTTATGCGAA	0	0	0			0	40.95170789	0	3
GCCTGCACACGTATGTAGGGAGTTTTAGGT	0	0	0			0	3.412642324	0	1
GCCTGCACTTCAGTGTTGCTTGCGGCGGGA	0	0	0			0	17.06321162	0	3
GCCTGCCTTTATATATTGTGCGATGAAAGC	0	0	0			0	10.23792697	0	1
GCCTGCGGAAATGTCAGGACGCCTTGGAGT	0	0	0			0	3.412642324	0	1
GCCTGCTATTTGTACACTGGCAGGAATACT	16.8776699	153.4660578	0			0	95.55398508	0	14
GCCTGGAAATGTTCTTAGTCGATGTTGTGT	0	0	0			0	136.505693	0	1241
GCCTGGATTCGTATCGTTTTTGGGTACTGT	0	0	60.09752547			95.74521073	81.90341578	0	56
GCCTGGCTAAGGTTGGCCGCGTCGTAGGGG	0	0	0			0	6.825284649	0	4
GCCTGGGATGTTGTCGGGAATCGCCGTGCG	0	0	0			0	3.412642324	0	10
GCCTGGTCTTAGCAATCGTTGGGGTCGTAC	0	0	0			0	348.0895171	0	109
GCCTTAGATAACGGTCGGGAAAATGTATTA	211.6200149	206.3853881	0			70.76819923	133.0930506	0	546
GCCTTATTAGTACCGCAAAGGAATGGCGAG	0	0	0			60.36111111	54.60227719	0	350
GCCTTCGTTAGCCGGTACACCGCAGTGTCA	0	0	9.489082969			0	0	0	1
GCCTTCTCCGCCTCCTATCCGGCTGCATTG	0	0	0			0	6.825284649	0	1
GCCTTGAGTCTCGCCGGTAAGCACGCTAGT	0	0	0			2.081417625	0	0	6
GCCTTGATTTATAACGCTTTTGTTGGGGTA	0	0	3.163027656			0	30.71378092	0	102
GCCTTGTAATATGGAGATCTTTATATCTCA	0	5.291933029	0			0	0	0	1
GCCTTTGCTTTTGACGGATGGGACCCGATT	0	0	0			0	47.77699254	0	1
GCGAAATGAAGTAGTTACTATTGCAGGTTC	31.15877521	7.937899543	12.65211063			0	40.95170789	0	201
GCGAACGATCGTATCGCTGATCTCGTGCCG	0	624.4480974	192.944687			0	1098.870828	0	1304
GCGAACGCAAGTGGAGCCTTGGGTGCATGC	0	0	0			0	20.47585395	0	37
GCGAAGGAACTTAGCGTTTGGGCGATAATG	0	0	0			0	3.412642324	0	3
GCGAATTTTAGGGTGATCCGCCCGTCACCA	0	0	0			0	460.7067138	0	2118
GCGACCGATAATCAGAGGTAGACACAGTAG	0	0	3.163027656			0	0	0	63
GCGACGCTTAGGACTGGGATGCTAGAGGTA	0	0	0			18.73275862	6.825284649	0	3
GCGACGGGACGTGGCCCAATTTTAGGACCG	0	0	0			0	3.412642324	0	21
GCGACGTGAGCGGGTGAGGTATGCTGCAAA	0	0	0			0	20.47585395	0	28
GCGACTAATTTATAGATGGGGTCACGGTCG	0	0	31.63027656			0	0	0	152
GCGACTCAACACGATGGGCATATGCAGACT	0	0	0			0	3.412642324	0	5
GCGACTTGACATTAAAAGAACTTTTGCTCG	0	0	0			0	238.8849627	0	493
GCGAGAGGAACTAACAGTATATAAGAGAGG	44.14159821	15.87579909	85.40174672			0	37.53906557	0	5
GCGAGAGGATGATTGTAGCCATCAATGTGA	0	0	0			0	30.71378092	0	23
GCGAGATGTCACGTCACAGGTGCGGGTGTT	0	0	0			0	177.4574009	0	277
GCGAGATTTCGGCATGACTATGTATAGAAG	0	0	0			10.40708812	0	0	116
GCGAGCCATCTTTTTTGGTGAACACGTTTG	0	0	25.30422125			0	54.60227719	0	181
GCGAGCGATTAAATGACAGGTGGCCCGTGT	0	0	0			10.40708812	0	0	86
GCGAGGAGACTACGTACGTTAATGATTATG	3.894846901	0	0			0	0	0	13
GCGAGGCGAGTCCTCTTGTGGTTCCACATG	0	0	12.65211063			0	0	0	3
GCGAGGGGATGATCCTCATGGGTGGACAGG	0	0	0			0	368.565371	0	552
GCGAGTCGTTCCTTTGCCATTTCATGCTGA	0	0	0			0	34.12642324	0	31
GCGATAACATCTGTGTATTCAATGAATGGG	0	0	0			0	10.23792697	0	2
GCGATATCACGAGCGCGACTAGGTTATGAT	0	0	0			0	17.06321162	0	6
GCGATATTATCAGTCTCAGAGCTGAACACT	0	0	0			2.081417625	0	0	152
GCGATCATTGAGGGCGTGGGTGTTGAAAAG	0	2.645966514	0			0	0	0	1
GCGATCTGTTGGAGGAATACAAACGGACTT	0	0	0			39.54693487	307.1378092	0	8
GCGATGGAACCTCATGGCGGAACATGGCAG	0	0	0			0	71.66548881	0	12
GCGATTGAATTCTCCGGATGTGTGTAATAT	0	0	0			0	214.9964664	0	1
GCGATTTCTACTATGGGGTTGGGGCAAGCG	0	0	401.7045124			0	1187.599529	0	277
GCGCAAGTTTTTTGTCTAGTTTCGTAATCA	0	158.7579909	12.65211063			0	174.0447585	0	81
GCGCAATGTGTGCGTAATGGGCTTGACAGT	101.2660194	452.460274	3.163027656			10.40708812	208.1711818	0	292
GCGCACAATGCGGTTAATGCTAACGTCAGG	0	18.5217656	0			0	0	0	25
GCGCACCTATTTGTGTCTATCCGGTAATTA	185.6543689	0	471.2911208			0	105.7919121	0	22
GCGCACTATCCGAGAGTCAAGTAATGGCGG	0	0	0			0	68.25284649	0	54
GCGCAGCGACTCGGCCCCACAGGCGATCTA	0	0	0			0	54.60227719	0	38
GCGCATAGAATGCGATAAAGGGTGTTGAAG	0	0	0			0	10.23792697	0	22
GCGCCGTGAGTGTTTTCAGTGGAGTACTTC	0	21.16773212	22.1411936			0	109.2045544	0	10
GCGCCTGGACTAGAGTGCGTTTCTGCGAGT	0	0	12.65211063			0	0	0	98
GCGCCTGGTGAGGTTTGCCGGTACCCTGGA	0	0	0			0	13.6505693	0	6
GCGCCTTCAGAGCAGGTCACGGTGCGAGAC	0	0	0			2.081417625	3.412642324	0	1
GCGCCTTGTCGAACATAATACCAGCTGAAT	0	0	12.65211063			0	0	0	51
GCGCGACATTTCTGCATAGGTGGTATATCG	0	0	0			0	13.6505693	0	25
GCGCGGCGTGGCATAATAAGGATTATTCTG	0	0	0			0	6.825284649	0	48
GCGCGTTGACAAGCTTGATGACCTACGGAT	0	0	0			0	6.825284649	0	7
GCGCTCACACCTACGGGCAGGTGGCAGAGG	0	0	0			0	10.23792697	0	37
GCGCTCGAAGTTGTGCCTCTGGGAGCGCAG	0	0	0			0	47.77699254	0	6
GCGCTGAAATCCGGATTTCAGGTAAGCCGA	0	0	0			0	20.47585395	0	2
GCGCTGGCATTTACGTAAGCGTCGTACGCC	0	0	0			0	20.47585395	0	1
GCGCTGTGAGAAGAGAGTTGATCAACGCGA	12.982823	7.937899543	18.97816594			0	0	0	6
GCGCTTAAATACTCACAACGCCCATAAAAC	12.982823	0	66.42358079			0	0	0	13
GCGCTTGCAATTATAGAGCGTCCTGGGGAT	0	0	0			0	6.825284649	0	14
GCGCTTTTACGATTCGGTGGTTTCGCAGTA	0	0	0			0	30.71378092	0	17
GCGCTTTTTTGTTTAATGTATGGCGACGGC	0	0	82.23871907			0	221.8217511	0	315
GCGGAACCACGCGGTTCGCGAGGGTCAGGG	0	0	0			0	6.825284649	0	2
GCGGACCAAATATCCTAGCGAAATTAGTTA	0	0	0			0	37.53906557	0	16
GCGGAGAGTTGCTGAAGGTAAGATGAACGG	0	0	0			0	116.029839	0	1
GCGGAGATAGGTGTCAGCCATGGGGCAGTG	0	0	0			0	6.825284649	0	21
GCGGAGCCTTCCGAAGCCACCACCGCTGGC	0	0	0			0	3.412642324	0	1
GCGGAGGTATGGGGGCGGACAGGAAGAGGA	0	0	0			0	10.23792697	0	2
GCGGATCGTGTCCGGGTCGGGAGTAGGGCC	0	0	0			0	3.412642324	0	1
GCGGCAACATATGGATTCTGGAACTGCGTT	14.2811053	13.22983257	28.46724891			0	0	0	10
GCGGCACAAACAAATAGCTTTAATAAGGCG	0	0	0			0	13.6505693	0	131
GCGGCAGATGTGATACGTTTATGTTGGGCG	0	0	0			0	54.60227719	0	108
GCGGCATGTTACCTAGGTACCTAGACCGGC	0	0	0			0	3.412642324	0	49
GCGGCCTTAGGGCGAACGGCGTCTACAAGA	0	0	0			4.162835249	81.90341578	0	54
GCGGCGGAATTTCCAAAAGATTTAGGGTAG	0	0	0			8.325670498	0	0	1
GCGGCGGGACGGTGCATGGATGTGGGAGTT	0	0	0			0	3.412642324	0	174
GCGGGATCAGTACCTAGGCGGCCTACTGAG	0	0	0			20.81417625	0	0	2
GCGGGCACACCTCAAAGGTGTGTAGCTACG	0	0	9.489082969			0	0	0	4
GCGGGCCAAGCGACTGTATGCTTTTGGACG	15.5793876	18.5217656	18.97816594			0	6.825284649	0	23
GCGGGCTCAGACTGTCAGGGTTGGTTCGCG	50.63300971	174.63379	0			0	409.5170789	0	549
GCGGGCTGTTACGTGGAGCGTTATTTCTCT	0	0	0			2.081417625	20.47585395	0	1
GCGGGGACTTGTTAAACATAGTTGCTTAGG	0	0	31.63027656			0	34.12642324	0	102
GCGGGGGGACGATATAGCGGCAAGAGCCAG	0	15.87579909	0			0	3.412642324	0	1
GCGGGGGGTGGTATTGGAACGTGGGGAGTG	0	0	0			0	13.6505693	0	2
GCGGGTAGTAAGTGATATCAAAAGATGAAA	0	15.87579909	0			0	0	0	5
GCGGGTCCTGCGCACTTTCGGCGAGTACTA	0	0	0			0	61.42756184	0	466
GCGGGTCTAGAATGTCGCGCTACACGATGT	90.87976102	785.8520548	556.6928675			0	426.5802905	0	167
GCGGGTCTTATAATTAGTGGTAGTTCTGGT	0	0	12.65211063			0	0	0	103
GCGGGTGATGCCCATCTGATAGTTGTTGTG	0	0	0			27.05842912	0	0	5
GCGGGTGTTATTTAGCGTCGTACGGGGCTT	24.6673637	325.4538813	139.1732169			0	34.12642324	0	1
GCGGTAACATCAGGGTGTAGATTGTGCAAG	0	0	0			0	78.49077346	0	229
GCGGTAGATGGGTGCGTGTAGAGACGGGGA	0	0	0			0	17.06321162	0	105
GCGGTAGCTCCAGGCGCGAGGGGGACTACA	0	0	22.1411936			33.30268199	17.06321162	0	4
GCGGTAGGTGCGGTAAGGGTTGGGATACTT	0	0	0			0	3.412642324	0	11
GCGGTAGTATGTTGGAGGCATGCGTACTCC	0	0	0			0	3.412642324	0	1
GCGGTGCGTATAGAGGCTGAGGTGATTGCC	0	0	0			24.97701149	0	0	21
GCGGTGGTAGGAGCTGTTCAACCGTGCGGG	0	0	0			0	3.412642324	0	142
GCGGTTAGATGGGTAAGGACTCTGAAATTC	0	0	0			4.162835249	0	0	22
GCGGTTGCTCTTGGTGAAAGTATTATAGAT	5.193129201	34.39756469	6.326055313			0	0	0	27
GCGGTTTTTGTAGAAATTTTTTCAGAGTAC	0	0	0			0	3.412642324	0	5
GCGTAATAAAGTGGTCTATGATGTCGTCTT	0	7.937899543	0			0	17.06321162	0	1
GCGTACACATTCTTGTGTAGGTGTTTGTGA	0	0	0			0	68.25284649	0	147
GCGTAGAATAGATGTACGATTGGAAGCAAG	0	0	0			1128.128352	238.8849627	0	325
GCGTAGCGAAGCAGGGATACCATTAGACTT	0	0	0			0	51.18963486	0	8
GCGTAGTAAGAAGAGAGTGCGCCGGGTAGA	0	0	145.4992722			0	0	0	864
GCGTAGTAAGCCCTAGAGCATTTCTGGGGC	1.2982823	161.4039574	123.3580786			0	13.6505693	0	39
GCGTAGTTACCGTTAGTGACGGCCGGGAAT	0	0	0			52.03544061	0	0	84
GCGTAGTTAGCAAGTGGTATTAATCTCGCT	0	658.8456621	44.28238719			0	0	0	20
GCGTATAGAGTGAGCACACTTGCGTGTTGG	0	0	3.163027656			0	0	0	4
GCGTATAGTCGGAGCGTTTGTGCCCTATTA	0	0	0			0	17.06321162	0	2
GCGTATATATGTCAAGTGGTGACAGGCTGT	7.789693801	15.87579909	53.77147016			0	6.825284649	0	35
GCGTATTCTACGGTATTTTGTATTGGATAC	0	0	0			0	10.23792697	0	1
GCGTATTTAAGCCTCGCTCACTGTTGTAGT	0	0	12.65211063			0	0	0	8
GCGTCAGAATGGCTCAGCAGGGAGGTGGGG	29.86049291	0	9.489082969			0	10.23792697	0	1
GCGTCCCGAGTGGTTGATGAGGGGGCTCAC	0	0	0			0	10.23792697	0	14
GCGTCCGATTTTGTACAGTGGGGGTTTTGG	0	0	0			10.40708812	6.825284649	0	7
GCGTCCTCAACTCTCCCCAGGCCGGCCCTG	0	0	0			12.48850575	6.825284649	0	10
GCGTCGTGTTCAGTGACCCGTAGTGAGCGA	0	0	0			0	20.47585395	0	2
GCGTCTCTATTAAAGGTGCGCCGGAAAACC	0	0	0			0	13.6505693	0	1
GCGTCTGGAAGTAGTAGCCGGGGGTGGACG	0	0	0			0	47.77699254	0	122
GCGTCTGTTATGATATTATTTTATTTCTTT	0	0	148.6622999			0	0	0	249
GCGTCTGTTGGGTTGTTCAATGGGGGTAGA	0	0	259.3682678			0	0	0	954
GCGTGAATTGAAACAATATTAGGGAAGCAT	0	0	0			0	23.88849627	0	10
GCGTGATGTCGTCAGGCATATTCCAGAGTG	0	0	37.95633188			0	0	0	22
GCGTGCGGAGTAAATCAGTCTGGCAACATC	0	0	0			0	47.77699254	0	19
GCGTGCTGAAAGATCATAGCAGGTTATGGG	0	0	0			0	105.7919121	0	104
GCGTGCTTTAGTTTTGTGCCGAGTAAACAC	0	0	0			0	6.825284649	0	114
GCGTGGAAATGCGACGCAGCCTGTGGCTGA	18.1759522	39.68949772	0			0	6.825284649	0	1
GCGTGGCATCGGGATGCAAACCCGTGTGCC	0	0	0			10.40708812	10.23792697	0	4
GCGTGGCGTCCTATGGAACTGGGTGTCAGC	0	0	0			0	3.412642324	0	1
GCGTGGGATGCAGGCGGAGAGGAGGTGCGC	1.2982823	7.937899543	414.356623			0	27.30113859	0	16
GCGTGGGATGTGCTTTGGGTCCATAGGGCT	0	15.87579909	47.44541485			0	0	0	6
GCGTGGGTTAGTTTGAATTTTAGTGCGTGG	0	0	28.46724891			0	17.06321162	0	15
GCGTGGTAACTGTAGATGGCAGGGATGCAG	25.965646	0	0			0	0	0	12
GCGTGGTGAGGGCCAGAGGAGCAAATTGGC	0	0	0			0	2351.310561	0	1850
GCGTGTGATGGCTGAAGGGGGGGCAGAAGA	0	0	0			0	13.6505693	0	7
GCGTTAGTTTGCTTTAATCAGAGGCTCAGT	0	0	0			0	174.0447585	0	442
GCGTTAGTTTTTATGTTCCTGCCAGGTAGA	1.2982823	0	53.77147016			0	218.4091088	0	59
GCGTTATTAAATCGGTGGTACAACCAGATG	0	0	47.44541485			0	0	0	113
GCGTTCAGTTTCGCTATCTAATTCAAGCAC	0	52.91933029	25.30422125			0	160.3941892	0	1
GCGTTCGGTGGTAAGCCGTGGTGGGGTCAA	0	0	0			0	150.1562623	0	86
GCGTTCTGACAGGCTAGTATACCGCGGTCA	0	0	3.163027656			0	0	0	1
GCGTTGCTACTAGAAGATAGCCTGTCGTGC	0	0	3.163027656			0	0	0	1
GCGTTGCTTGCTTGAGAGATCTTGCTTGTA	0	0	0			54.11685824	23.88849627	0	1
GCGTTGGGTGGATAGATTTGATACGTGTGC	0	0	0			0	17.06321162	0	2
GCGTTGGTTTGAAGTCTTAAGCGAACAGCT	0	0	0			0	78.49077346	0	3
GCGTTGTAATCAAATCTGGCGAGTGGCACT	1.2982823	0	22.1411936			0	0	0	7
GCGTTGTTAGGTACCAGGTACTCTGAACAA	0	5.291933029	0			0	6.825284649	0	53
GCGTTTCCAAGCTCCACAGCGGACAACGCC	54.52785661	29.10563166	0			0	0	0	23
GCGTTTCGTCCGGACGCTCGGTAGAAATAA	0	0	85.40174672			0	0	0	596
GCGTTTGCATGTGCTGTGAATTAGCTGCTT	0	0	6.326055313			0	10.23792697	0	3
GCGTTTTATTCTATAGTGTGTAGGAACGCG	0	0	37.95633188			0	0	0	164
GCTAAAATTTCGTTAGTTTCGCGTGGGTTG	0	0	41.11935953			0	0	0	338
GCTAAATCAGTTCAAGATAGGGGGGTTACG	35.05362211	148.1741248	0			0	10.23792697	0	342
GCTAAATTATGTTGACGGCAGGAAAAAGTG	0	0	0			0	20.47585395	0	66
GCTAACAGACCGATAGCACGGTACAATAAA	9.087976102	246.0748858	69.58660844			0	0	0	2
GCTAACTGAGGGAACCTGATGAGGCGCTCA	0	248.7208524	34.79330422			0	0	0	4
GCTAAGGCACGATCATAACTATTAGTCCCG	2.5965646	0	18.97816594			0	44.36435022	0	7
GCTAAGTTACTGGGGATTACATTCCAGTGG	0	0	0			0	4825.476247	0	606
GCTAATGAAATATTTTCAATGGCCGGTCTA	0	0	0			29.13984674	0	0	1
GCTAATTGTGATCGTTGGGGATGTCTTCAC	0	0	0			693.112069	337.8515901	0	1041
GCTAATTTACCGGGATCTCAACAAGTTTCT	0	7.937899543	6.326055313			0	6.825284649	0	1
GCTACAGATCATCGCAGTGAGCGAGAGGGC	74.00209111	116.4225266	15.81513828			0	54.60227719	0	18
GCTACAGATGGACCATCACTCGGGCGTTTC	0	0	0			0	3.412642324	0	5
GCTACAGGATTCTTCGGTTTGACGTGGAAG	0	0	0			0	51.18963486	0	85
GCTACAGTACGTACCCTCCAGAAGACAGTT	0	0	0			0	3.412642324	0	4
GCTACATAATCCAGGGTCGGTCCTACATGA	0	0	0			0	6.825284649	0	21
GCTACCGAAAGGCGTGCCTGTGGGTCGGGG	0	0	0			0	3.412642324	0	1
GCTACTACAGACGCTTGGCTGTCCACCACA	18.1759522	2.645966514	6.326055313			0	37.53906557	0	35
GCTACTTAAAGGAGTATGCGTGGGCGCAAT	0	0	0			0	470.9446408	0	70
GCTAGATTATTGCCCGGCGGAGGCATAGTG	0	0	3.163027656			0	34.12642324	0	1
GCTAGCCATAGTAGACAAGCGTAGAGAGAC	0	0	0			0	6.825284649	0	1
GCTAGCGAACACCTCAGGGTATTTATCCCG	371.3087379	132.2983257	556.6928675			33.30268199	44.36435022	0	296
GCTAGCGCTGTGTCCATGTGTTGGTGAGTG	0	0	0			0	3.412642324	0	3
GCTAGCTAACGCTTCTATCATGTTACGTGT	0	52.91933029	9.489082969			0	184.2826855	0	143
GCTAGCTTTTAGCATCTGAGTTAGTACCCT	0	0	0			0	44.36435022	0	180
GCTAGGCCTCGCTGTTTGTTGTTTAAGGCA	0	0	0			8.325670498	34.12642324	0	11
GCTAGTAAATGTTTTCTTACCAGTCTGGTA	0	0	18.97816594			0	3.412642324	0	1
GCTAGTGGAATAGGGTACGTGTTGGACTTG	0	0	126.5211063			0	0	0	23
GCTAGTTTATAAGGAGCAACATAAAGCGCA	0	0	6.326055313			0	0	0	2
GCTATAAGTAGCGGGCATTTTCTAATCTTG	3.894846901	272.534551	3.163027656			0	40.95170789	0	3
GCTATACTTTTATGTACTGCCGTGGCGTTT	0	0	0			0	23.88849627	0	152
GCTATAGGAATTGAATCTCTAAGAGCGTAG	0	0	0			272.6657088	2003.221044	0	1484
GCTATAGTATCACTTATCGTTCGGGAAATA	0	0	0			0	3.412642324	0	5
GCTATATTATGCGGGAATTATGGCCGGAGG	0	0	22.1411936			1719.250958	4153.185709	0	1710
GCTATCCGTCAAAACCGCGAGCGTGTAAAT	0	0	0			0	3.412642324	0	35
GCTATGGTTATTGCTGCTTTTCATAGATGA	0	0	0			0	23.88849627	0	93
GCTATTCGTGGAAGGAGCACTGGAAAAATA	0	0	0			0	30.71378092	0	57
GCTCAAATACGCTTTCGGCGCATTTTCCCC	0	2.645966514	0			0	0	0	2
GCTCAACTAAAGTCCTCCACGATTGCCCAG	0	0	6.326055313			0	68.25284649	0	32
GCTCACAGTCTAAATATAGTCTTACAGAGG	0	0	0			0	20.47585395	0	1
GCTCACGGTGGCCTGGCCAAGGGAAGCGTC	0	0	0			0	30.71378092	0	423
GCTCATGGAAACAGGAGCATCGACTTTAGG	0	0	12.65211063			0	27.30113859	0	244
GCTCATTGAAAGGTTATGAGACACGGGGCG	0	26.45966514	9.489082969			0	102.3792697	0	104
GCTCCAGTTGCTTTATATTCGGGTCCTACG	25.965646	362.4974125	104.3799127			0	0	0	78
GCTCCCAAAAGTGAATTGTACTTTGATGAT	0	0	0			0	129.6804083	0	261
GCTCCCATATCGGTTTCATGGCGCGCGAGT	0	0	0			0	3.412642324	0	4
GCTCCCCATACCGAGTCATGTATAGGTCTG	0	0	0			0	6.825284649	0	3
GCTCCCTATTTTGATTTGTTTTAAACGCGT	0	0	0			0	64.84020416	0	4
GCTCCGGAAAGAGACCATGTAAGAACAACT	0	0	34.79330422			0	0	0	8
GCTCCTCTTTTTCGTATTGCCCCCGCGCGG	0	0	0			0	3.412642324	0	25
GCTCGAGCAAGCGAATAAACTGTAGAGGTA	0	0	0			0	34.12642324	0	9
GCTCGAGGTGGTTGACCATTCAGGATGAGT	106.4591486	275.1805175	136.0101892			0	177.4574009	0	221
GCTCGATCATACATTTATCGTCGGCCAAGT	0	15.87579909	0			0	51.18963486	0	3
GCTCGCAGAGTGAGTATTTTAGCACGCGCA	0	0	31.63027656			68.68678161	160.3941892	0	104
GCTCGGAAAGTCTATACTCATTTAATTCTG	0	0	0			66.60536398	163.8068316	0	2707
GCTCGGGAAAAGTGCGAGTGAAAGCAAGAG	0	0	0			0	40.95170789	0	15
GCTCGTGTTAGATGATACTTTTCCTTCTAA	0	0	0			0	37.53906557	0	7
GCTCGTTCAGTGAACCCTGGAATCAAAAAT	0	0	0			0	518.7216333	0	118
GCTCGTTTAGGTGTGGTACGGTTCACCTAA	0	0	0			0	20.47585395	0	40
GCTCTCAACACAGGCGGATATGAAGTACAC	0	0	3.163027656			0	0	0	1
GCTCTCGAATGAACGTACCGGTCAGCGATC	0	0	0			0	13.6505693	0	529
GCTCTGCGAGTCGGACGGGAGTCCCAGCTT	9.087976102	10.58386606	25.30422125			0	6.825284649	0	35
GCTCTGCTAAGGGTCCCAGCGATAGGTGCT	0	15.87579909	0			0	576.7365528	0	62
GCTCTTATAAAAAATGTCCCTTTTTTAGTA	0	0	0			0	6.825284649	0	3
GCTCTTTAATGCACGCATTATGGGCAGTTC	0	2.645966514	0			0	211.5838241	0	3
GCTGAAATTAGCAGGATATGCCATACGTCT	0	2.645966514	0			0	3.412642324	0	3
GCTGAACCTCTTATCGACATTTGAAGAAAT	0	0	0			0	10.23792697	0	1
GCTGAATAAGGCAAGTCGGCGGGAGGCATC	0	0	0			0	10.23792697	0	3
GCTGAATCAGGTCCACATATAAATTGGTAG	0	0	0			0	6.825284649	0	7
GCTGACTCATTTAGCACTGATATTTTTTGT	0	0	0			93.6637931	139.9183353	0	13
GCTGAGTCAGGACCGGTTGCACCGGGGAAG	0	0	0			29.13984674	0	0	1
GCTGATCATGCGGTTGTTCAGTGATTGATC	0	0	0			0	3.412642324	0	4
GCTGATCCATATGAATTTATTGTCGTATTA	0	0	0			0	2057.823322	0	421
GCTGATTAAACCTTGGCTTGAAATTTTATT	0	0	0			0	51.18963486	0	132
GCTGATTGACAATGAGCCACAAAGCCAAAT	0	0	0			0	17.06321162	0	4
GCTGATTGATGATAGATTAAGTCACTGCGA	0	0	3.163027656			0	0	0	5
GCTGCCAAAGCATAACGTCTTGATTACCGA	0	10.58386606	0			0	825.8594425	0	271
GCTGCCTCAAGCTCGGGCTTTTAGTCTGGG	0	0	0			97.82662835	0	0	34
GCTGCGCTAGCTACTATGTGAGAGGTAGTC	1.2982823	2.645966514	0			0	3.412642324	0	1
GCTGCTTAAATTGTTCAAAGGCCTGCTCAC	0	7.937899543	0			0	0	0	2
GCTGGAAATTACTGACGAATCCGGATCCAT	0	0	0			0	112.6171967	0	48
GCTGGACGAGGGACAGGTAGTTAAGCAGCG	0	0	0			0	10.23792697	0	5
GCTGGACGTCCTTGGACTGTCTGTTTAATC	0	0	0			0	20.47585395	0	1
GCTGGAGCTTTATGGGACATGCTCAGGGGG	0	0	0			0	3.412642324	0	15
GCTGGATTAAGGTTACGTTAGATATTGCCT	0	0	0			0	34.12642324	0	2956
GCTGGCATACGCTGCCGAGGCGTGGGTCGG	0	42.33546423	0			0	27.30113859	0	6
GCTGGCGAATGGTGACGTACGAATAACGCT	0	0	0			0	6.825284649	0	2
GCTGGCTCTTGTGCTATATGGACGAGGTTC	0	0	0			0	6.825284649	0	1
GCTGGCTGTGCGACGCGGATTTCTCGTGCG	0	0	0			4.162835249	116.029839	0	4
GCTGGGAGAGACGGATGGACTAAGGGCAGG	0	0	721.1703057			0	0	0	637
GCTGGGGCACGAATCCAGCTCGCCTTTTAC	0	0	120.1950509			0	0	0	32
GCTGGTATATAATGGCGCGGTCAGCAGGGG	0	0	9.489082969			0	3.412642324	0	32
GCTGGTCTTCGAAGGTCCAGATATCCAACT	205.1286034	119.0684932	12.65211063			0	0	0	1
GCTGGTGCTAGGTAAGAGTACTTCGATGGC	0	0	0			0	6.825284649	0	7
GCTGGTGGATTATCGACTCGGCTGCGGAAA	0	0	0			22.89559387	109.2045544	0	3
GCTGGTTTATAGCTACACCGGTCGATATTA	0	5.291933029	0			0	0	0	37
GCTGTACGAGGGTCTGTTGCTGGAGTAGCT	0	0	0			0	3.412642324	0	10
GCTGTAGGTAAAGGTAGGGCGTTGAATTCT	0	0	0			0	10.23792697	0	1
GCTGTCACACGATATCGAGAGCATTCCACA	0	0	41.11935953			0	0	0	913
GCTGTCACAGTACGTAATCCTAGGTGTTAC	0	7.937899543	0			0	0	0	4
GCTGTCTCTGACTGCGGTTGTTGTCGGTGG	0	0	0			95.74521073	242.297605	0	247
GCTGTGCAAGGTAGCTTATGACCTTGATGC	0	0	0			0	27.30113859	0	4
GCTGTGCTATGCGATCTCAATAAGATTAAG	0	0	0			0	13.6505693	0	68
GCTGTGTGTCCCCGCCGGGTATATGGAGGG	0	0	72.7496361			0	0	0	17
GCTGTGTTATGTGGTTCGATTGCTGCATGA	7.789693801	13.22983257	28.46724891			6.244252874	10.23792697	0	23
GCTGTTAAACGTAACTTATGGCTTACTCAA	0	0	0			0	221.8217511	0	280
GCTGTTACTATGAAGTATAGTATAAATTTT	0	10.58386606	3.163027656			0	0	0	2
GCTGTTGGTGTGCAGTGGGACGCACGTGTA	0	0	0			6.244252874	0	0	3
GCTGTTTGTGGTCCTCTGGTGGGACGCAGG	0	0	0			0	102.3792697	0	90
GCTGTTTTTGAGTCCTTCATGTTAGAAAGT	0	5.291933029	12.65211063			0	0	0	51
GCTTAAAGTCTTTAGGTCTGCTGGTGGACC	0	0	0			0	13.6505693	0	3
GCTTAACTTAGAAGATGGTATGTTCTAGGC	0	2.645966514	0			0	37.53906557	0	27
GCTTACATACCCTTCCTAAGGTCACAAAGT	0	0	6.326055313			0	1126.171967	0	131
GCTTACCTCCCCTTCCTCAGGTCACAACAT	0	0	0			0	3.412642324	0	1
GCTTACTATCAACTATGCAACGGTAAGCCC	0	0	0			0	23.88849627	0	657
GCTTAGAGATCTTGCGAGTAGACGTTAACA	0	0	0			0	259.3608166	0	59
GCTTAGCAAGTTGCGAGTGAGCAAGGGTTG	0	15.87579909	0			0	13.6505693	0	4
GCTTAGGAAATGACAGGGCTTTGCGAGGGA	0	0	0			0	105.7919121	0	48
GCTTAGGGTTGACGGAGTAGATAATTGGTG	0	0	0			0	71.66548881	0	530
GCTTAGGTATCCTCGTATGTCAGGCACCAC	0	0	0			0	3.412642324	0	3
GCTTAGTAATATGTCCGTGCCTCAGGCTCG	18.1759522	5.291933029	25.30422125			0	13.6505693	0	1
GCTTAGTATGCCGATTAACTGGCACTAGTG	0	0	0			12.48850575	0	0	17
GCTTAGTATTTGAAAACGGGGAGTGACCTA	0	0	0			0	153.5689046	0	63
GCTTATTAATGAGACCGTCGCATTAGTAAT	0	0	0			0	95.55398508	0	42
GCTTATTGTATACAACACAGTGCTAATTCC	35.05362211	2.645966514	9.489082969			0	313.9630938	0	94
GCTTCAACATGGTGTTACGCAAGTTCAATG	23.3690814	37.0435312	221.411936			0	0	0	21
GCTTCAGGTGGTATGTTGGGCCCAAGTTGC	24.6673637	5.291933029	82.23871907			2.081417625	17.06321162	0	1
GCTTCATCACATGTTCCTAAGTATTTGGGA	0	2.645966514	37.95633188			0	0	0	40
GCTTCCGTAGGGTGGATTTACTAGGTTATG	0	0	0			12.48850575	6.825284649	0	26
GCTTCGATTCAATGGGGAAGATGGTGGATA	0	0	0			0	30.71378092	0	144
GCTTCGCATTGTATTGTAGCAGATGGGCTA	0	15.87579909	0			0	150.1562623	0	25
GCTTCGGCACAGCTGTGTTGAGACAGCCTT	0	0	0			0	17.06321162	0	3
GCTTCTAATTAGTCATATCAAAGCGGTAGG	0	0	0			0	13.6505693	0	72
GCTTCTACTCGCTAGGGTTGCCAGATGGGA	0	0	0			0	20.47585395	0	62
GCTTCTTCATCGCATTCGTCAGGGTCACGT	1.2982823	0	0			0	0	0	1
GCTTCTTTTGATGTGATTCGGTCCAAGAGT	0	0	3.163027656			0	34.12642324	0	22
GCTTGAAGAGAAAAATTCAGGGAGCACCTC	0	0	0			0	556.2606989	0	1448
GCTTGAGCAGACATTTGAAATGCACACCGA	0	0	50.6084425			0	51.18963486	0	23
GCTTGAGCTAGCGTGCACTCGCATGGGCTG	0	0	41.11935953			0	6.825284649	0	113
GCTTGCATATCTAGTCAGTGATATAGGGAC	35.05362211	87.31689498	1157.668122			0	85.31605811	0	166
GCTTGCCATAGTCGCCCTGAATACGGCCCT	25.965646	0	6.326055313			0	30.71378092	0	4
GCTTGCGTAATGGCAACGGAGAGGTGTAGA	0	0	0			0	3.412642324	0	2
GCTTGGAGAGTGTATTTAGGCTGGTAGGGT	0	0	15.81513828			0	30.71378092	0	1
GCTTGGCAAGGAGTTGTAAGACGAGGCGTG	0	0	0			0	13.6505693	0	7
GCTTGGCATTCGGATGTGTCTTTGGGGAGG	0	0	0			0	13.6505693	0	10
GCTTGGGAACTGTCGCACTGGACGTTGATG	42.84331591	0	139.1732169			0	0	0	203
GCTTGGGAAGGTACACGGTGTCGCTACTTA	0	0	6.326055313			0	0	0	12
GCTTGTTGACCCTTTATCGCACGTCTCACT	0	0	0			12.48850575	3.412642324	0	8
GCTTGTTTACTATTTGGGCAGACCTCCTTG	0	0	0			0	17.06321162	0	25
GCTTGTTTTCTTGGCAGTACACGGTTGATG	12.982823	0	6.326055313			0	44.36435022	0	1
GCTTTAAATCAGAAAGGATTGACAGTAGAC	5.193129201	87.31689498	3.163027656			0	10.23792697	0	5
GCTTTAACTGTCTCAGTGACGTTCAGTGCG	0	0	0			0	13.6505693	0	4
GCTTTAAGTGGGTGTGGTCCACGTAGCAAC	5.193129201	0	0			0	47.77699254	0	81
GCTTTACGTTCTTCAGCATCGTATGGACCA	0	31.75159817	272.0203785			0	211.5838241	0	20
GCTTTAGGTTTAATGGCATAACATGTAGAG	0	0	0			0	30.71378092	0	3
GCTTTATTAAAAGGCCTGAGTGATAGCTTT	0	2.645966514	0			0	0	0	7
GCTTTCACAAGTACTCTGAGGCACTGTCAG	0	0	0			0	743.9560267	0	708
GCTTTCTGTGATAGTGAAGTAATATTCAGA	0	0	0			0	13.6505693	0	4
GCTTTCTTTAGGCGGGCTTAGTTTGAGTAC	0	0	0			45.79118774	0	0	1
GCTTTGATTTTGCTCTATATTGACTGTACT	0	0	3.163027656			0	78.49077346	0	33
GCTTTGCCATGGTGAGCAGCACTAATAGAT	0	2.645966514	0			0	44.36435022	0	22
GCTTTGGAAATTTGTCTCATGTGTTGAAGC	27.2639283	15.87579909	0			0	13.6505693	0	7
GCTTTTTTTGTGAAGTGCAAGTTGCAGGTA	0	0	0			0	3.412642324	0	19
GGAAAACATAACCTATGGACCGGGTCCTGA	0	23.81369863	158.1513828			0	0	0	11
GGAAAACTTTGGGTTCGTGGGTTGGGAACA	0	0	0			0	95.55398508	0	73
GGAAACCCAGAATAGAGCGAGAGTATAGTT	0	0	0			0	13.6505693	0	24
GGAAACGGTCCGGCGGAATAGCCGGGCAGG	80.49350261	10.58386606	287.8355167			0	238.8849627	0	144
GGAAACGTTGGTTATTTTGCGTTCGAGCCG	0	166.6958904	0			0	143.3309776	0	195
GGAAAGCGAGCATGGTCGTGGCTGTCTGTA	0	0	0			0	3.412642324	0	1
GGAAAGGAAGGTACTAAGTAAGACTGTTGT	0	31.75159817	18.97816594			0	58.01491951	0	4
GGAAAGGCTTTAAGCGGGTGCTGGGTGTTC	0	0	0			0	23.88849627	0	264
GGAAATACAACGCGGTGCGGAATGGGTCCA	0	0	0			0	3.412642324	0	1
GGAAATAGACGGAGTTGCAATTGGAACGTT	12.982823	211.6773212	104.3799127			0	0	0	3
GGAAATTGTGATTACGGGGTGAGTGAAAGT	0	0	0			0	47.77699254	0	9
GGAACAGAACCATGCGTCTAAGGGGGGGAG	0	0	0			0	211.5838241	0	179
GGAACATTTACCTTGAATGAGCTCGCTAGA	22.0707991	34.39756469	25.30422125			0	88.72870043	0	239
GGAACGCCATGGTGGTACTAGCAGCTGGCG	0	0	0			0	13.6505693	0	26
GGAACTTGTTCGCATTGCTATGTGGCGCAA	0	13.22983257	0			0	0	0	2
GGAAGAAGATGTAACAAGGCTCGGTAACGT	0	0	0			0	17.06321162	0	10
GGAAGACGTCTTAACACGGCGATTGATTAT	0	0	0			0	61.42756184	0	19
GGAAGAGAATACACGCTATCTGACATAGGA	0	0	0			0	3.412642324	0	20
GGAAGATCATATTCTTCCAGCGGGAAGTCC	0	0	0			4.162835249	10.23792697	0	3
GGAAGCACAGCCGGGAGGTTTGAGGCGGGT	0	0	0			22.89559387	0	0	2
GGAAGCCTAAGCCGATGAAACCTTAAAAGG	12.982823	29.10563166	0			0	3.412642324	0	46
GGAAGGAGTTCGGTTTAATCCTCGGGAACA	0	0	0			0	273.0113859	0	79
GGAAGGCAATAGTAGCCAGGCTGATGTATT	0	0	0			0	10.23792697	0	20
GGAAGGCTTGCGCGGAGGTGGCCCTACTGG	0	0	0			0	95.55398508	0	6
GGAAGGTCAAGTCTACAAGCTTGGGGGTAC	0	0	0			6.244252874	0	0	1
GGAAGGTGAGCTTGGGATCGAGGACAAGGT	0	0	0			0	17.06321162	0	31
GGAAGGTTATCGGTTAGACGGGGGGCGAGA	0	0	0			0	95.55398508	0	4
GGAAGTAATGGTAGGTGAGTGGAGTGTCGG	23.3690814	7.937899543	0			0	3.412642324	0	55
GGAAGTAATTCCGGTATACATGCTTGCGTG	0	0	0			0	34.12642324	0	20
GGAAGTGGTCATTTGTTACGTCAGATAGTT	0	0	0			0	10.23792697	0	6
GGAAGTTGACGGCATCGGCGCGGGTTAATG	0	0	0			0	6.825284649	0	12
GGAAGTTTTCGTGAATTTTGTATTAACCTC	0	161.4039574	0			0	23.88849627	0	7
GGAATAAGAGGTGACGTGAGTCAGGGGACG	0	29.10563166	6.326055313			0	10.23792697	0	9
GGAATACGTGAGTTAATGCCGGACTGTAAT	0	0	0			0	1324.105222	0	394
GGAATAGCTGATGCTCGGGATGGGCACGGG	0	0	0			18.73275862	47.77699254	0	433
GGAATATATAGTTAAGGGGCTCGATGAGGC	0	0	3.163027656			0	0	0	12
GGAATATCTGATGAAACTGCATGAGGGTGC	0	0	0			108.2337165	0	0	7
GGAATATCTTTCCAGTGGTTTGCCGAGGCG	0	0	0			4.162835249	30.71378092	0	160
GGAATCCATTCGTGATCTAGGGTGGTCAAG	0	0	0			0	3.412642324	0	23
GGAATGTAAGACTACTGACGAGGGGTCGCA	0	0	0			0	3.412642324	0	2
GGAATGTTTAATCCAGCAGCACAAAGTCAA	0	0	0			0	3.412642324	0	33
GGAATTCGATAGCTAGCAACACCTGGTTCT	0	37.0435312	47.44541485			0	3.412642324	0	1
GGAATTGAAACAGAGACCCGTCATCTCAGG	0	0	0			54.11685824	0	0	40
GGAATTGGATGGAGAGCAGATGTGCTCATA	0	0	0			139.4549808	20.47585395	0	69
GGAATTGGATTACCCCGGTGTGCGTCACCG	0	0	0			0	78.49077346	0	1090
GGAATTTCAACATGTAAGCTTCGGTGTTAA	0	0	0			0	235.4723204	0	64
GGACAAATTATTGTCGAAACTTTGTAAAAA	0	0	0			0	17.06321162	0	1
GGACACAAAGTGCGGGCAGCCGGGGTTAGC	0	0	0			41.62835249	0	0	292
GGACACGTTGAGACTTATACTGTGGGATGA	0	0	0			0	6.825284649	0	81
GGACAGCGTTGGCACAGGAGGCGAGGGACA	0	0	41.11935953			212.3045977	1948.618767	0	2869
GGACAGCTTGGGAAATCCGGGTAGTCTACT	0	0	18.97816594			0	0	0	19
GGACAGGGAGGTACAGGGGTATGATGAATT	1.2982823	0	0			0	3.412642324	0	25
GGACAGTTAGGGTGGGTCTCGAAGCTAGGA	0	0	0			10.40708812	6.825284649	0	18
GGACCCGAACTAGGTGATGAGGGGCAAGTT	0	0	18.97816594			0	211.5838241	0	142
GGACCGACTGCGGGAACGTTGTCTAGGGGG	0	0	0			0	27.30113859	0	104
GGACCGAGTGGAGTTAGGGTCCGGTCACTA	9.087976102	10.58386606	0			0	10.23792697	0	2
GGACCGCCTCAATGAGTACCCGGACTTAGT	0	0	0			0	17.06321162	0	7
GGACCGTGAAAGCTTTTAAAATTTATGTGA	3.894846901	13.22983257	0			0	0	0	44
GGACGCGAATACTGCGCTATACCAGTTTCC	0	0	0			0	13.6505693	0	15
GGACGGAGTCAAGTTGTGGTGACAGTCAAT	0	0	3.163027656			0	0	0	3
GGACGGGTAGCGTGCGCCCAGAAATAGGAG	0	0	0			0	252.535532	0	11
GGACGGTCAGAGCTGCGTTGTAAGTTTGCT	0	0	0			16.651341	85.31605811	0	23
GGACGTAATAAGAGGAATTTCAGAAAGCCA	0	0	0			56.19827586	1235.376521	0	215
GGACGTTCTGAGCATCGGATAGATCTAAAC	0	0	41.11935953			0	13.6505693	0	29
GGACTACCTTGGTTTGGATGTATCATTGAT	80.49350261	50.27336377	0			0	23.88849627	0	2
GGACTATGTTGGATCCTTTGTAGTTGCGGG	0	0	0			0	3.412642324	0	1
GGACTCAATGTGTGGTAGGCTAGTGTTAGG	0	0	3.163027656			0	3.412642324	0	15
GGACTCGATATTGTGGCGTACGGGTAATTA	0	0	0			0	6.825284649	0	126
GGACTGAGAAGTTCCGGGGGGCGGGTTGTT	0	0	0			0	3.412642324	0	63
GGACTGATAATTGACGGCCCCCTCGACCGT	0	0	9.489082969			0	0	0	275
GGACTGGAACTAGTGTCTTGGCGGATTACA	31.15877521	71.44109589	12.65211063			6.244252874	27.30113859	0	24
GGACTGGAAGCGATCGGTCCGTTATATGAG	0	0	0			47.87260536	10.23792697	0	53
GGACTGGGTCTCTACAGGGAAGGCTCAGCT	0	0	0			0	491.4204947	0	193
GGACTGTGAGTTGAAGATCACTTGAATACG	2.5965646	68.79512938	15.81513828			0	20.47585395	0	12
GGACTGTTTTTGTGTGGGATGTATAGAATG	0	0	0			6.244252874	0	0	3
GGACTTAATTCGGGGGTCGGAAGGTATGTC	2.5965646	23.81369863	22.1411936			14.56992337	3.412642324	0	23
GGAGAAGCTGAATTATTAGTGCCATTTACT	0	0	0			2.081417625	27.30113859	0	3
GGAGAAGGTACCTGGGTACCACAGCCTACG	175.2681105	129.6523592	281.5094614			0	153.5689046	0	15
GGAGACGGTTAAAGTAGCCGTCCGGACAAA	0	0	0			0	64.84020416	0	11
GGAGAGGCAGCAATCGGAATGATAGGGCGC	0	0	9.489082969			0	0	0	7
GGAGAGGGATCAAAATAACTCATTGGATAG	6.491411501	21.16773212	139.1732169			0	20.47585395	0	1
GGAGAGGTAGAAGAAGCTTCGAGGGGCGCA	3.894846901	2.645966514	0			0	3.412642324	0	1
GGAGAGTGAGGCGGATATTGGCTGAGGGGC	0	0	0			0	3.412642324	0	1
GGAGAGTTTGATGGGGGAAAGGTGGTACGG	0	0	0			0	23.88849627	0	98
GGAGCAAAAGCAGTGTCAGGCAGTGCCAGA	0	0	0			0	20.47585395	0	100
GGAGCAGAAGGACCGTGGAGGTTGCGAGGG	0	0	0			2.081417625	10.23792697	0	50
GGAGCAGAAGTCAGGCGGAAGATCGGAGTG	0	251.3668189	0			0	286.6619552	0	508
GGAGCCACTTTTCCCAGAAGTGATTGTATT	0	0	0			0	13.6505693	0	23
GGAGCGAATTGTGAAGAGGTTGTGGCTACG	0	0	0			0	13.6505693	0	2
GGAGCGGAAGGTGGCGGTAGATTCTGGTTC	119.4419716	182.5716895	227.7379913			0	283.2493129	0	18
GGAGCGTAAATAGATGCCGGTACCCATGGG	0	0	0			0	6.825284649	0	34
GGAGCTAGAATTTGTGTAACGTGGCACAGC	0	0	12.65211063			0	0	0	8
GGAGCTAGTATATGTATGATGATGAGCCCC	0	0	0			0	17.06321162	0	8
GGAGGAAATATTTAAGACGAATAAATAAGG	110.3539955	0	113.8689956			0	13.6505693	0	4
GGAGGAGATATCAGGGTGAGTCTAGGGGGG	0	0	15.81513828			0	0	0	1
GGAGGATAACCGATAATGGTAGTACGCGGT	0	0	0			24.97701149	17.06321162	0	6
GGAGGATATATCCACGTTTCGTGGGTCAGG	0	18.5217656	0			0	17.06321162	0	1
GGAGGCGAACATGCGACTTTCTAGCATAAC	27.2639283	264.5966514	243.5531295			0	0	0	10
GGAGGGATATCCCTCGCGAGGCTGTGGGGT	32.45705751	87.31689498	75.91266376			101.9894636	98.9666274	0	14
GGAGGGCGACCACGTAGGGAACGGGGACAA	0	0	98.05385735			0	371.9780133	0	34
GGAGGGCGAGGCAGCTCGTGTTTAGTGCGC	0	0	161.3144105			12.48850575	8006.058893	0	2842
GGAGGGGGAGGCAACGTTTAAGTACTAAAG	0	142.8821918	0			0	0	0	146
GGAGGGGGTGAGCTTGTGCTTGCGGGCATA	0	0	490.2692868			0	0	0	29
GGAGGGGTACAAGACGTCATTCAGTTTAGG	0	0	25.30422125			0	146.7436199	0	25
GGAGGGGTTTTGCGTTGCGTGCTGAATGTG	0	0	0			0	10.23792697	0	9
GGAGGTGAATTATGGAGACCCTTGTAACGA	118.1436893	0	0			0	0	0	18
GGAGGTTCATTTAAAGCCTCAAGATTGCGG	0	0	0			0	1921.317629	0	441
GGAGGTTGTGGAAGGGGGGCTAGACGGCAA	0	0	9.489082969			0	37.53906557	0	8
GGAGGTTTTACCTGTACCGAGCTTGGTAGG	0	0	0			0	20.47585395	0	8
GGAGTAGGTGATTGTCCCTGACCAACGCGA	0	0	0			0	3.412642324	0	3
GGAGTATAAACTCGGTAGGCGGGCGTGTTA	0	0	0			0	3.412642324	0	1
GGAGTATTTGAGGAACGGGTGCGAAACTGT	0	29.10563166	15.81513828			27.05842912	13.6505693	0	1
GGAGTCAATGTATAAATATTCTGCCGGGAC	0	0	0			0	6.825284649	0	1
GGAGTCAGAAACGAAAGATGCAAACAAGGC	0	0	0			2.081417625	0	0	3
GGAGTCGGATGGCTGTGGTATCGTGAGGAT	0	0	0			29.13984674	0	0	1
GGAGTCTTTATAGGAATTCAGAGTTACATA	0	0	0			0	17.06321162	0	2
GGAGTGTAAGCCACCAGCCGTCAGATGCAC	0	0	0			4.162835249	1457.198272	0	51
GGAGTTAATTCTCTTAAGTTGAATATGAGT	6.491411501	0	60.09752547			97.82662835	0	0	184
GGAGTTACTATTAAGTTGGCGGGTGACTTC	0	0	0			0	324.2010208	0	231
GGAGTTGAATCCTTGCATACGCATACGTCG	0	0	0			0	64.84020416	0	8
GGAGTTTAACGTCGGCCACACACATGGTCA	0	0	0			372.5737548	95.55398508	0	59
GGAGTTTATCCCTCACCTTCCGTTAGCCCG	0	0	9.489082969			0	40.95170789	0	8
GGATAAAATGAAGTTCTGCCGTCGGACGAT	0	0	0			20.81417625	150.1562623	0	229
GGATAAAGATCTGCTGTGGACTCCATCATC	0	0	0			0	3.412642324	0	1
GGATAACCACCACTTGTGGTGGGAGGGGAG	0	0	0			322.6197318	0	0	22
GGATAACGACGCAACTCTTTTCAGCACGCC	0	0	253.0422125			0	0	0	14
GGATAAGTTGCCTTGCCCCACGTACGGCTC	0	0	0			4.162835249	0	0	2
GGATAATCTCAGTAGCCTAATGTCAACTAT	0	0	0			0	18858.26148	0	2393
GGATACGTATAGGTTTTAAGGTAAAGGGAT	0	0	0			0	13.6505693	0	22
GGATAGAAAAGGGTTAACACCAATGACCGC	0	0	56.93449782			0	0	0	32
GGATAGCGAATTATAAAATGTTAACGAGGA	0	0	0			8.325670498	0	0	1
GGATAGTGAGCGAAGGCTGCACGCGGCACC	0	0	0			0	163.8068316	0	9
GGATAGTGATTCACAATATCCGGCTGTCAT	0	0	12.65211063			0	0	0	1
GGATAGTTTACCTTTAAGATATCGGATGCG	0	0	0			0	136.505693	0	34
GGATATAAATGGCTGAATCGTTCGGTTTAA	0	0	0			0	6.825284649	0	9
GGATATAGTTCTATTCCGGTAAGTATAAGT	0	0	0			0	30.71378092	0	3
GGATATATTACGTGTAAGGTTAGGGTCAAC	0	0	0			0	10.23792697	0	2
GGATATGTAGTTATAAGGCACTTATATAAG	154.4955937	1899.803957	977.3755459			0	58.01491951	0	44
GGATCACATGGCTGGAGCAAGTTTCGCGTC	0	111.1305936	31.63027656			18.73275862	27.30113859	0	23
GGATCAGAATTAGCTATTATTAATCACAGC	35.05362211	87.31689498	69.58660844			0	112.6171967	0	2
GGATCAGGATCTGAATGTCCCAAAGATTCC	0	0	0			62.44252874	0	0	286
GGATCGCCATTTTACCTAAAAATCGGAAAC	0	0	0			0	13.6505693	0	1
GGATCGCTAGGTGAGAGCATCCCGTGAGGT	0	0	0			14.56992337	296.8998822	0	13
GGATCGTAAATACGGGTAAATGTATAAGAG	0	0	0			0	102.3792697	0	565
GGATCGTGTGGTAGGTTGTGGCACGAAGAC	0	0	0			0	170.6321162	0	14
GGATCTAATCCCCGTTTTTTAATTTTTCGT	0	0	0			0	10.23792697	0	3
GGATCTCAAATCCGTACAAAATAAGATACA	67.51067961	95.25479452	34.79330422			0	0	0	145
GGATCTGTTCTCTTTCAGACGTGAAAGGCC	0	0	0			0	98.9666274	0	26
GGATGCCTATAGCTTCCGCCACTCTAGTTA	0	0	53.77147016			0	0	0	2
GGATGGCTTCCCAGCTCTGAGGGGTGTCCA	0	0	0			66.60536398	64.84020416	0	293
GGATGGGATTGGCTAGCGCTAGCTCGCGTT	2.5965646	18.5217656	75.91266376			0	88.72870043	0	51
GGATGGGGTGTGAGGGGCGGTCCAGGGATG	0	0	6.326055313			0	0	0	49
GGATGTCGAGCACTTCAGTGAGTTAGGGGG	0	0	0			337.1896552	0	0	649
GGATGTGAATGCGCTAGATTGATGTCATTG	0	0	0			0	34.12642324	0	8
GGATGTGGTTCATGATGTTAGGTGGTGGGA	0	0	0			0	30.71378092	0	5
GGATGTTAAGTCCGTGCTGGCGAGTCCTAT	0	0	9.489082969			0	112.6171967	0	1
GGATTAAGAGCTCGGTCTTGATTATGTTGG	0	0	0			0	368.565371	0	93
GGATTAATACTATTCATATGCGTTTCTTGC	0	0	129.6841339			0	0	0	447
GGATTACTACCGGGGATGAATGCTGGTCGG	14.2811053	0	0			0	0	0	5
GGATTCAGTAAATGGTGGCCGGAATTACTA	0	2.645966514	22.1411936			0	20.47585395	0	60
GGATTGACACGTCATTTCATGGGCTTACGC	0	0	0			0	13.6505693	0	6
GGATTGAGTAGGTGTGAAGAAGAGAGCGAC	0	0	139.1732169			0	136.505693	0	3
GGATTGGGATTTGCTGAGATGCATGAAGCG	0	0	22.1411936			0	37.53906557	0	33
GGATTGTCAAGTAGGGTAGGCGGCGTGGGC	0	0	12.65211063			0	0	0	99
GGATTGTCTCCTAGGTAATCACTGTCCAAG	24.6673637	10.58386606	0			0	20.47585395	0	57
GGATTTAATCAAAAAGTATATCACCGACAA	0	0	0			0	6.825284649	0	2
GGATTTGAAGAATATCCCTGTAGGCGATGC	20.7725168	15.87579909	0			0	0	0	35
GGATTTGATGAATGAGGTGGGCTTAATGGT	98.66945482	269.8885845	31.63027656			0	68.25284649	0	98
GGCAAAGTTGCGGGGGTCATATGCGCCAGG	0	0	0			0	44.36435022	0	593
GGCAACAGTCCCAAGATTACCCTTGAAATA	0	0	0			0	17.06321162	0	2
GGCAACGGATTGGGTCTGACAGCTGCGAGC	0	0	0			0	10.23792697	0	7
GGCAAGGATGCATAGCCGTCGACAGGTGGG	0	2.645966514	0			0	6.825284649	0	1
GGCAAGTGTTGTAGGTGTGGGGAGATCTTT	0	0	0			0	6.825284649	0	9
GGCAATGAAAGGAGTAGCCACGTCCTATTC	0	0	28.46724891			0	119.4424814	0	168
GGCACCACTGTGATGTAGTCCGTAAATAGT	0	0	0			0	112.6171967	0	107
GGCACCCTATAGATTATGCAGCAAGGGTGG	0	0	0			0	44.36435022	0	13
GGCACCGAAACAAGCAGTAGGGTCTGAGGC	0	0	0			0	23.88849627	0	4
GGCACCGCAATATACTTGTGAAATGCGGGG	0	0	0			2.081417625	0	0	3
GGCACGGCTCAATTACAGGAGCTAATGAAT	0	0	0			0	10.23792697	0	1
GGCACGGGTTAGGTCAGGGCATGTACTGTA	0	0	0			0	3.412642324	0	1
GGCACTGATCGAGGCATTGCGATACCTTGG	0	0	18.97816594			0	0	0	1
GGCACTTAATGGGGACGGGTCTGTTATACG	0	0	0			0	3.412642324	0	28
GGCAGAGTACGTGCAACACTAGCTGGTAAC	0	0	0			2.081417625	0	0	2
GGCAGCTGATAATGGTCTCGTTGGACGGAG	0	0	0			0	395.8665096	0	25
GGCAGGACTTAAATGGCGCTGGGTGAAGAG	0	111.1305936	0			0	0	0	3
GGCAGGATAGATGGGAAAGAGGGATCTAGG	0	137.5902588	0			0	109.2045544	0	12
GGCAGGGCAAGGCGAACCGCAGCTTTTGCG	0	37.0435312	0			0	0	0	14
GGCAGGGGAGCGTAGGCATGGGAACGTGGG	0	0	0			0	20.47585395	0	3
GGCAGGGGTAGAGATTGGCGGTTCCTTCGA	114.2488424	222.2611872	66.42358079			0	47.77699254	0	70
GGCAGGTTAATATTTGTGCATTGAATGGGT	0	7.937899543	0			52.03544061	771.2571653	0	147
GGCAGTAGAGGTGTGCAGGGCGCTGGAATA	0	68.79512938	0			0	6.825284649	0	42
GGCAGTAGTTCGAAATCATGTGAAGGTATG	0	0	0			0	3.412642324	0	10
GGCAGTCTTAACTCGCATTCTCCTATGTTA	0	0	56.93449782			0	443.6435022	0	535
GGCAGTTCTAAGCCATGGCCATAAATGTAA	0	0	0			0	13.6505693	0	17
GGCAGTTTATGTGAGATCCAGTTCAATACA	0	0	0			0	75.07813113	0	24
GGCAGTTTATTTGCCAACGGCGTACTATGC	0	0	0			0	17.06321162	0	3
GGCATAGCAGGTCATGCTCAAGAAACGTCG	0	238.1369863	94.89082969			0	273.0113859	0	2366
GGCATATAAACAGAGTAGAGCTCCTTTCGT	86.98491412	214.3232877	249.8791849			0	10.23792697	0	10
GGCATCGTTGATATAGCTGGTGGTATGTTT	0	0	0			0	10.23792697	0	5
GGCATGATAACCCTAGTTTGTAGTCTTTAT	0	0	0			0	13.6505693	0	196
GGCATGGGTCGGCTAAGAAGCACTTGGACT	0	0	0			6.244252874	17.06321162	0	5
GGCATGTAACGTAAATTTGTAGGGAAACTG	0	0	0			0	10.23792697	0	11
GGCATGTAAGGGTCGTGCCGACGCTGAGAC	0	0	0			0	27.30113859	0	43
GGCATTCGAAGGGGAGTTGTGCGATGTAGC	0	0	0			0	122.8551237	0	85
GGCATTCTTCCCTCGCATTCTCCTCTGTTA	0	0	0			0	3.412642324	0	1
GGCCAACTTTTACAGGGATCGCCGAGTCGG	5.193129201	15.87579909	0			0	0	0	6
GGCCAAGAAGCTTCCTCGATCCGCGCTCTG	0	0	0			0	20.47585395	0	4
GGCCAATGTGTATCTGAGTGATGCTTGGGC	0	0	0			645.2394636	0	0	230
GGCCACATACAGAGCAGGAGGAATGGGGTT	16.8776699	0	44.28238719			0	0	0	303
GGCCACGTATATTTTCAGACATGGTGTGGG	0	0	0			0	10.23792697	0	1
GGCCAGGATTGCTATTTATTAATCATGTTT	0	0	0			0	20.47585395	0	62
GGCCAGGCAATCAGGTATGGGGCCTTGGAG	0	0	0			0	276.4240283	0	4
GGCCATACTTACTGGTCTATGTTGTTGTAC	0	0	0			174.8390805	1112.521398	0	330
GGCCATATTCTCATGAAGACCGCAGGAGTC	0	0	0			29.13984674	92.14134276	0	14
GGCCATCGAGTAGGCTAGACGGGGGGTATA	0	0	0			0	320.7883785	0	268
GGCCATGGTGGTCGCCCTATGGGTTCTGGC	0	0	0			131.1293103	0	0	676
GGCCCCGAACCCGAGCTTCGATCGTCGATC	0	0	15.81513828			0	0	0	6
GGCCCCGCAGGTGCAACTAGAGCCGCACCG	0	0	3.163027656			0	0	0	2
GGCCCGCTAACTGCAGAAGTGAAGGTTTCA	16.8776699	15.87579909	0			0	3.412642324	0	18
GGCCCGGGATGTATAGTTCCAAGCATGACC	0	0	0			1051.1159	174.0447585	0	1131
GGCCCGGTTGGAACGCGGTAGACAGGCGTC	0	0	0			0	10.23792697	0	1
GGCCCTCTTCTGTATGTCGGGGTCAGTGGA	0	0	0			16.651341	3.412642324	0	21
GGCCCTTAATTGGCTCTGCCGTTACGCAGG	3.894846901	18.5217656	0			0	23.88849627	0	3
GGCCGAACAGCCGATGTGGCAATATACCCA	0	0	0			0	6.825284649	0	1
GGCCGACAAAAGGGAGGTCAAGTGCTAGTC	0	0	0			0	3.412642324	0	1
GGCCGAGGACAGTTTCTCGTGTTATTCGGC	0	0	0			0	13.6505693	0	2
GGCCGCAGAAGATAGAAAGCTAAGCTAGTA	0	0	0			12.48850575	0	0	22
GGCCGCCGATCAACGTACGCTCTGTGTGCT	0	0	0			0	689.3537495	0	72
GGCCGCGGAAAATTCTTGCGATATGGCGAT	0	0	107.5429403			0	0	0	2
GGCCGGGGTTCTACCCCCGAGATGAATCCG	0	0	0			0	10.23792697	0	3
GGCCGGTATTACATTGTTATTCTGAGGATT	0	0	0			0	13.6505693	0	289
GGCCGGTTAAAACTATCAAAGTGAATTGGA	0	0	0			6.244252874	6.825284649	0	1
GGCCGGTTTGAGTGAGAGGGTCGTCGACCC	0	0	0			2.081417625	0	0	103
GGCCGTAGTATATCAGAGACCTCTGGAGAT	0	0	0			276.8285441	116.029839	0	170
GGCCGTGCAGTGTGCGCAAATTGTGGCACT	0	0	0			0	10.23792697	0	1
GGCCTACGTGGGTGGCGTAACTGGAGTGTT	0	0	0			181.0833333	0	0	256
GGCCTATGAACAGTTGATGGGTGCAGGGGG	0	0	6.326055313			0	0	0	14
GGCCTATGTGTCGTACATCGAGTTCTGAAT	0	0	6.326055313			0	54.60227719	0	31
GGCCTGTTTGGATATTGGAGTTTCATGTAA	0	0	0			0	13.6505693	0	61
GGCCTTCCATCGGGACTTTGGCCAGTGCAG	0	0	28.46724891			0	0	0	93
GGCGAACTACTTATAGGTAGAAGTGAACGA	0	0	0			0	47.77699254	0	555
GGCGAATTATGGAACCCATGACATGGGGTT	0	0	0			0	10.23792697	0	3
GGCGACCCAGGGGAACCTAATGATGCTCGG	0	0	0			0	6.825284649	0	34
GGCGAGCCACTGGAGGAACAGCTGGATATA	0	2.645966514	0			0	23.88849627	0	5
GGCGAGGATTAATGACCGCAGAAGTGCGAA	0	50.27336377	75.91266376			6.244252874	10.23792697	0	53
GGCGATATACACAATGAGTGATCATTATAT	0	0	0			0	54.60227719	0	122
GGCGATGGAAAATCTGTACTGCGGCCGCTA	0	0	0			2.081417625	3.412642324	0	2
GGCGCACCACTAGGGACGCTCAAAGGACGC	0	0	0			0	535.7848449	0	108
GGCGCGCTTCGTTTGCCCGTCGGTAACATG	0	0	0			2.081417625	0	0	14
GGCGCGGTTATGAGCTTGCCGCCGTCGAGG	0	0	0			0	324.2010208	0	285
GGCGCGTGTACTTATGTAGGTATGCGGGAT	98.66945482	13.22983257	88.56477438			0	58.01491951	0	55
GGCGCTCAACAGTCATCATCGTTGGGAATT	0	0	120.1950509			0	0	0	818
GGCGCTGTTCTTTTATTGGGAGCCTACGAT	6.491411501	39.68949772	37.95633188			0	30.71378092	0	5
GGCGCTTATCCTCGTTACCCCATTGGAAGT	0	0	12.65211063			0	0	0	9
GGCGGAGTTCCGTGTCATGTGAAGAAGGGT	7.789693801	0	0			0	68.25284649	0	77
GGCGGCATATTGACGGGGTTATTGGCAGGT	0	2.645966514	0			0	133.0930506	0	106
GGCGGCCTTGGGCACGTGGATTGCACAAAC	2.5965646	0	0			0	0	0	7
GGCGGCGGTAGAGCCCTTCCGGGGGACAGG	0	0	12.65211063			0	3.412642324	0	6
GGCGGGCGTTGAGCAGACTGGGGACATGTC	0	84.67092846	0			0	88.72870043	0	5
GGCGGGTTAGCCTGTGTGCTCGACGAAGGC	0	0	15.81513828			0	0	0	1
GGCGGGTTAGGTGGTTTTCATGCTCAACGA	0	0	15.81513828			0	0	0	1
GGCGGTGCTAGAAGGCAAGCCGGGACGAAG	0	0	0			0	286.6619552	0	398
GGCGGTTGACCTCTTGAGGTGGTAATAGTT	0	21.16773212	0			0	6.825284649	0	1
GGCGGTTTTGAGAGTGATCGACGGCGAGGA	0	0	0			0	713.2422458	0	167
GGCGTAACTGCGATTTATAAGCTGAGGATC	0	0	79.07569141			0	0	0	45
GGCGTACGTGAGCTCTCGTGACTCTTGTGG	0	0	0			0	27.30113859	0	1
GGCGTACGTGTGAGTAGAGTTGAGGATCTT	0	0	0			0	68.25284649	0	20
GGCGTAGTTCCTAGCCTGGCGTCGGGTATG	0	0	12.65211063			0	13.6505693	0	6
GGCGTATGTTCGAGGACAATGGTGCGTGGG	0	0	0			0	331.0263055	0	332
GGCGTCGCAAGGCTTTAGGGCACATGGGAC	0	0	0			0	3.412642324	0	1
GGCGTCGTTGGACTTGGGGCCTTCGGGGTG	0	0	0			108.2337165	344.6768748	0	23
GGCGTCTGTTATGGGATGAAGGCGCGCTCT	0	0	0			0	40.95170789	0	21
GGCGTGCAAAGCTGAAGACTATAATGGACG	0	0	66.42358079			272.6657088	457.2940715	0	1347
GGCGTGCAAAGGACGGGGTTCAACCACACG	0	0	0			0	61.42756184	0	373
GGCGTGGATAACCGAGCCGGGGGACAAGAC	0	0	0			0	6.825284649	0	12
GGCGTGGTATTGGGGGCAGGGTGGGAGGTA	0	2.645966514	0			197.7346743	221.8217511	0	22
GGCGTGTAAGTGGGGATAATATGAATTAAA	0	0	0			0	17.06321162	0	12
GGCGTTAAATCGGGCGGTGGAAGGGGGGGT	0	0	0			0	23.88849627	0	29
GGCGTTGTTCCTTCCGGTGGGCACTGTTCG	7.789693801	0	0			0	0	0	5
GGCGTTGTTTATTGTTGGTATTTAAGTGGT	0	0	0			0	3.412642324	0	1
GGCGTTTTACGGGCACTCAAGTTGCCTTAC	0	0	0			72.84961686	10.23792697	0	24
GGCTAACCAGTGAGTCATGGCATATATTAG	0	0	0			58.27969349	201.3458971	0	26
GGCTACTAAACGTTATAGGGTGGGTGAACT	0	0	0			0	10.23792697	0	64
GGCTATATTAAACGTTGGCAAATGATAGTT	1.2982823	0	0			0	0	0	1
GGCTATGATTAGACTAGTTTGCTTCAGCAC	14.2811053	0	0			0	0	0	1
GGCTATGCTAAATCAGATCGCCGACAAATT	0	0	15.81513828			224.7931034	2283.057715	0	146
GGCTCACAAGCCGTATACAGCTATAGCAAG	0	0	0			0	6.825284649	0	1
GGCTCATGTCACACACTCGTGATGAGGCAG	0	0	9.489082969			0	0	0	2
GGCTCCAGTAAGTGCGACGAGGATCAGGCT	0	2.645966514	0			0	0	0	1
GGCTCCGGACTGACAGACCAGGTCTACACA	0	0	28.46724891			0	0	0	1
GGCTCCTTTATTTCCTGATTTTGGGGGCGG	1.2982823	13.22983257	9.489082969			0	0	0	9
GGCTCGTGATTGTCGCTTGGTTACAGCTTT	0	0	0			0	20.47585395	0	212
GGCTCTAGAAGCGTGCTAAAGACCGGGCTA	0	0	110.705968			0	208.1711818	0	268
GGCTCTCGTCCTTGACATAAGAATCATCGT	0	0	0			0	170.6321162	0	7
GGCTCTTGTATTACCGATGCAAAGTTGAGG	0	0	0			0	58.01491951	0	11
GGCTGACTAGAACCGCCTTTAGAGGCGTTC	0	0	0			0	3.412642324	0	12
GGCTGAGTAAGTAAAGTTTAAGGTCAAGAC	0	0	12.65211063			0	0	0	20
GGCTGGTATTTAGGTTCTCGGAGTAGGTAA	0	39.68949772	0			0	0	0	1
GGCTGGTGATCATGACAGTGGAGTGAAGCT	0	0	0			0	17.06321162	0	28
GGCTGTAGTGCAAGATATTTGACGGCAGGA	0	111.1305936	12.65211063			0	0	0	3
GGCTGTTCTTAGTCAGGTCCTTTGGGTGAC	0	0	0			4.162835249	6.825284649	0	2
GGCTTAAGTCGGGCGTGGTTGGGAGGGTGC	0	0	12.65211063			0	0	0	4
GGCTTACATCGTGTACACCCTAATCCTGCT	0	0	0			0	341.2642324	0	106
GGCTTACTTGCCTAGTCGAGTCGTTGCTTA	0	0	0			8.325670498	0	0	1
GGCTTATTATTGGGCATGACTGAGTTATAG	0	0	0			27.05842912	0	0	1
GGCTTCCAACGGGGGGCTTGGTTGAATTGG	0	0	0			0	3.412642324	0	3
GGCTTCTGACGATGAAGGCCGAGGGACAGC	0	2.645966514	0			0	6.825284649	0	4
GGCTTGGAAGCGCGTCAGCTGGGTGGGGGT	0	31.75159817	69.58660844			0	20.47585395	0	19
GGGAAAACTACCGGTGCAGTCCCGCGTCAG	18.1759522	103.1926941	0			0	10.23792697	0	11
GGGAAACAAGCTCTTTGCGGTCACGCCACC	0	0	0			0	20.47585395	0	22
GGGAAAGAAGTTCGGCGTCTGGAGAGCAAA	2.5965646	21.16773212	6.326055313			0	0	0	4
GGGAACCAAAGCTCGGGTCCCGTTAGAGCT	0	0	0			0	10.23792697	0	2
GGGAACCTTGCGTTCAAGTGAACACTGGAC	125.9333831	285.7643836	50.6084425			0	273.0113859	0	89
GGGAACGAAGAGTGTTCGGTAATTCACGGT	0	0	0			2.081417625	13.6505693	0	4
GGGAAGGAAGGGACGGAAGCTTCCGGGATG	0	0	0			0	47.77699254	0	186
GGGAAGGCTGACTTCTGTTGAAAAAAATTA	0	5.291933029	0			93.6637931	249.1228897	0	126
GGGAAGGCTGATGGAGTAGGAGTAATGGCG	0	0	0			0	13.6505693	0	5
GGGAAGTCACTGAGTGTGGTTAAGTTCCGG	0	0	0			0	105.7919121	0	14
GGGAATATTGTTTAGTTGGATTACGACGCT	0	0	0			0	40.95170789	0	1519
GGGAATTTTAGGTGGTATGATTGCTCATCG	0	0	0			12.48850575	0	0	2
GGGACAATTTCAGGTGATGGTTGAAGATTT	0	0	0			0	13.6505693	0	9
GGGACCAATACCGTGAGATGACGGTCATTA	0	0	183.4556041			0	658.6399686	0	1882
GGGACCGCTTTAGAGTGTAGGCCGCCGTCG	0	0	0			10.40708812	0	0	9
GGGACCTGAGTAGGGTTCGAGATTTAGGGC	0	0	0			0	3.412642324	0	1
GGGACGGTTTCCCGATCGTACGTGGAAGAT	0	0	0			0	3.412642324	0	8
GGGAGAAAATAACACAGGAAGGGGGGAAAG	0	0	0			0	460.7067138	0	200
GGGAGAGGTTCAGGTTTACAACGGGGGGTT	0	0	18.97816594			0	68.25284649	0	147
GGGAGAGGTTGCGCGAAGGCAGACACCCAG	324.5705751	531.8392694	41.11935953			0	249.1228897	0	15
GGGAGAGTTAGGTGGATGTACCGTGTGCGG	0	34.39756469	0			0	0	0	32
GGGAGCACCTAACACAGGAAGGGGGGAAAG	0	0	0			0	3.412642324	0	2
GGGAGCAGATATTAGCGTAGGGCACTGATA	0	0	0			0	3.412642324	0	28
GGGAGCGTAGGCGCTTCCTGGTCTCGATGC	0	0	0			0	13.6505693	0	3
GGGAGCTTTACATAAAATCAGTCGATTGTT	0	0	0			0	747.368669	0	28
GGGAGGCATATGCAGCATGAAGTTTCTTTT	0	0	28.46724891			0	0	0	116
GGGAGGTCAGCTTGGCGAAACCGATTGAGT	0	0	0			0	44.36435022	0	18
GGGAGGTCTTTTCGTGCATGTTGATAAACG	0	15.87579909	0			0	10.23792697	0	41
GGGAGTAGATAAGCGCAGGTGATACTCAGG	0	0	0			35.38409962	0	0	573
GGGAGTAGTGAGAGCTATGAAGAGCAAGTG	0	2.645966514	0			0	153.5689046	0	1075
GGGAGTCATGGGTTTTCCCTGATGTGAGTG	0	13.22983257	88.56477438			0	191.1079702	0	403
GGGAGTGTAATCCTCGTGTGACGTGACGGT	0	0	0			0	10.23792697	0	4
GGGATAACAAGGTTTAATCATTCGAAAGGT	0	0	0			0	167.2194739	0	799
GGGATACATATTACTGGAAAAACAGTTAGG	0	2.645966514	0			0	0	0	16
GGGATATATCTGGATCGTGCACAGTGCTTT	6.491411501	0	0			0	0	0	11
GGGATCGATAAAAGGAGGTTCAGTCGAGGT	0	0	0			0	3.412642324	0	7
GGGATGACTCGGGGATCGTTAGGCGGCTGA	0	0	0			4.162835249	10.23792697	0	2
GGGATGCATTAATTGGGCATAGTGGGCTGC	0	0	3.163027656			0	791.7330192	0	257
GGGATGGCAAGTGGAAGACCGATAAACCCA	0	0	0			0	3.412642324	0	1
GGGATGGTTATATAACATTTGCATTCGGCG	0	0	0			0	228.6470357	0	10
GGGATGTTATTCACATAAACAAATATGTCG	0	553.0070015	638.9315866			8.325670498	105.7919121	0	57
GGGATTAGAACGTAAGAGCCAAAATGGTTA	0	0	0			0	13.6505693	0	1048
GGGATTCCATCGTAATGTGCTATATTTAAG	0	0	0			0	6.825284649	0	369
GGGATTTATGCCAGGAAGAATCAGTGTAGT	0	0	0			0	13.6505693	0	141
GGGCAAAATCTCTAACCCATGTTGGGTCCG	0	0	0			0	300.3125245	0	226
GGGCAAGGTGAAGCCTGAGCCTGCGCGGGG	9.087976102	0	22.1411936			0	3.412642324	0	3
GGGCACTAAGGGCACGCTTCTATACCCGCT	0	0	0			0	58.01491951	0	4
GGGCAGGCAAGAGTAAATAAGTCGGCACAT	0	0	0			0	30.71378092	0	79
GGGCATATACGGGATGGAGGGCGGGGGGGT	0	26.45966514	15.81513828			0	0	0	1
GGGCATCTAAATGGGCGCAGATATGGGGAT	0	0	0			0	6.825284649	0	4
GGGCATGGATTTAACTCTCAGTGTTACATT	0	0	53.77147016			0	0	0	122
GGGCATTGTGTTGGAGTACCCGATTAGTGA	0	0	0			10.40708812	58.01491951	0	3
GGGCCAGTTTCCTTGGAATTTGAAGGACCC	0	0	0			0	10.23792697	0	98
GGGCCATGATTGTGGGGATCGAAAACATTC	0	0	0			62.44252874	0	0	8874
GGGCCCAGTACAGGGAAGTATGCTACAAAG	19.4742345	23.81369863	120.1950509			0	105.7919121	0	1024
GGGCCCTGTAGGGGTTGGACGTCAGGGACC	0	0	0			0	27.30113859	0	1
GGGCCGAATGGGGGGGAGCGGTAAAGTGAG	0	0	18.97816594			0	0	0	20
GGGCCGACAGGTGGATGGGTGTGCGGAAGG	0	0	0			8.325670498	0	0	1
GGGCCGACTATCAGGCCCTGTTTGTCTCGT	0	0	0			0	64.84020416	0	2
GGGCCGGAAATGAAAATTCCGTAGGTGATG	0	0	0			0	44.36435022	0	122
GGGCCGGCTACTCGAGATAAGGTGTTATTA	0	0	0			0	54.60227719	0	141
GGGCCGGCTAGGTGGTTGTATGGGTTGGGT	0	0	60.09752547			0	488.0078524	0	52
GGGCCGGGTGTTCCCGGTGCGGGCTGACTA	771.1796863	0	0			0	2293.295642	0	2960
GGGCCGGTTGGGTTGATATGGGCTAGAAAG	0	0	0			0	13.6505693	0	723
GGGCCGTGACGGTGTTCGTGAACGTAGGTG	0	0	15.81513828			8.325670498	0	0	87
GGGCGAAAAGAGGAATACTTGACGGTCGGG	0	0	0			0	6.825284649	0	3
GGGCGAGCACCCCCGACAGCCGTTTGCGTG	0	261.9506849	313.139738			2.081417625	1498.14998	0	184
GGGCGAGGATGCTTCGTATAGACGATGGAG	0	37.0435312	0			0	0	0	32
GGGCGATCTACAGGAGCAACTTGAACGTAG	697.1775952	492.1497717	34.79330422			0	184.2826855	0	39
GGGCGCAGAACCCTCAATTGCATATAGTGC	0	0	6.326055313			0	0	0	2
GGGCGCCGACAATTATTGCAAGTCGTCGCC	0	0	0			0	17.06321162	0	3
GGGCGCCGTTATAAAGTCCCAAGGTATGGC	0	0	0			0	10.23792697	0	1
GGGCGCGATGGTCATTAGTGTTATACCGTT	36.35190441	0	56.93449782			0	0	0	1322
GGGCGCGCAGGTTTAGTGTTGTTGCAGGAA	0	0	53.77147016			0	0	0	223
GGGCGCGGAGTCACTGCACCAGTCAGTGGC	0	0	0			0	47.77699254	0	104
GGGCGGAATGCGTTCCCACTTTTCATTGAA	0	0	0			4.162835249	0	0	35
GGGCGGAGATGTGCTTGGTGTCGGGTAGCG	0	0	0			0	3.412642324	0	122
GGGCGGCAATTTATAACAGCAGACGCCTAG	0	0	63.26055313			45.79118774	0	0	59
GGGCGGCGTCCAGGGGGTCGGCAGGGGCTG	0	0	0			0	20.47585395	0	38
GGGCGGGAAAGCGCTTAATCGGCGTTAGCC	0	2.645966514	69.58660844			0	0	0	15
GGGCGGGTTCACCATTCCGTAGTGAGACGT	0	0	0			0	3.412642324	0	3
GGGCGGTATAGGGTGCTAGACTGGATTTGG	0	0	0			0	61.42756184	0	159
GGGCGGTTTGGGAGCTAGTTAAGCGGGGGA	0	0	0			0	3.412642324	0	1
GGGCGTAAAGATGTTGCTAAGTTTTAAGAT	0	0	0			0	23.88849627	0	10
GGGCGTAGTGCGTATCTCTAGCGGCACACC	0	0	0			0	13.6505693	0	33
GGGCGTTGTCTGCGGATGTTTCTTAAATCC	0	0	0			0	20.47585395	0	1
GGGCTAACACCTAAACGGACGGGAATAACT	0	0	0			0	13.6505693	0	2
GGGCTAAGTCTTGTTCTGTAAAGATTATCT	0	5.291933029	0			0	3.412642324	0	1
GGGCTCAATTTCGGTGTGTCCGCGTGCGGA	0	55.5652968	0			0	13.6505693	0	26
GGGCTCTATTGAGTGCGGACCGGTGGGGGC	0	55.5652968	0			0	0	0	9
GGGCTGGATGTTGAGCGCAGGGGCTTATAT	0	0	0			0	6.825284649	0	104
GGGCTGGCAGCCCGTACGCGGTGTGGGGAA	0	21.16773212	0			0	0	0	1
GGGCTGGGAATGGGGCTGGTCGAGGGTGTG	0	0	0			0	10.23792697	0	2
GGGCTGTCTATTTGACAAGGAAATGTACCA	7.789693801	0	47.44541485			0	0	0	30
GGGCTTAAAAATGGCATAGGTTATTCGGTG	0	0	0			0	13.6505693	0	19
GGGCTTGATAGTGGGGGTACTGTTAATGAA	0	0	3.163027656			0	0	0	1
GGGGAACCACGGTACATGAGAGTAGGTGAA	11.6845407	0	0			0	0	0	35
GGGGAACCATCATCACACCCGGCTAAGCTG	0	0	0			16.651341	6.825284649	0	2
GGGGAAGAAGAGTCACGGGGGCACCTATGG	0	0	47.44541485			0	34.12642324	0	704
GGGGAAGATAACGGTGACCCTCCTCCGCTG	0	89.96286149	0			0	122.8551237	0	10
GGGGAAGGTCAAAGCGGTGCCGGGTGTCGG	0	0	0			0	191.1079702	0	70
GGGGAATTAACCAATTGACCTGGGGACGCG	0	0	0			52.03544061	0	0	9
GGGGACTTTCATTGTTCCGTCAAGGAGAGC	29.86049291	34.39756469	12.65211063			0	37.53906557	0	17
GGGGAGAAAGGGTCAGGGCGGATTGGGTCG	0	10.58386606	0			0	143.3309776	0	28
GGGGAGAATTTGCCATTTCGAATTACGCGA	179.1629574	0	509.2474527			8.325670498	648.4020416	0	11
GGGGAGTGAAGCAAGGGAGCGCCGGGAGAG	0	23.81369863	0			0	0	0	2
GGGGATAAAAGGACTTCCCCTTCGTATTGA	0	0	0			0	10.23792697	0	29
GGGGATAATCCTGTTCTGTTAAGTATCCGC	0	0	0			0	81.90341578	0	38
GGGGATACTGCTCCCGACCATCCTAAAGGA	28.5622106	37.0435312	41.11935953			0	0	0	3
GGGGATAGTCTCTATCTTTCTGGTTTGATC	0	0	31.63027656			0	0	0	32
GGGGATGAAGGGGGCTAAAATGTCGGGCCG	0	0	25.30422125			0	0	0	2
GGGGATGATACCCACGCTTCTACTGTGAGA	0	0	0			0	1139.822536	0	4383
GGGGATGGTTCGAATTGGTCGCCCAGGAAA	0	0	0			0	20.47585395	0	56
GGGGATTTTTTAATTGGTTCGTATATAAGT	0	0	0			0	47.77699254	0	34
GGGGCAATTGTAGGCCGCTTAGAATGTGTA	0	0	0			0	3.412642324	0	1
GGGGCCACTAATTCTCCGTTACTGCGACGG	0	0	0			0	6.825284649	0	2
GGGGCCGAATGCGGGGGCCCATTGTAGAGG	0	0	0			0	6.825284649	0	2
GGGGCCGTAGGTGAGGTGGTTCGTGTGACA	0	0	0			6.244252874	6.825284649	0	4
GGGGCCTGTGAACTTATTCAGCATCAGACT	0	0	0			0	3.412642324	0	2
GGGGCGGGTGGGGCACTTAGTAGTAGCGCT	0	0	0			0	88.72870043	0	11
GGGGCGTCTCGGCCGGCATAGCGGAGCTGT	57.12442121	0	22.1411936			0	47.77699254	0	42
GGGGCTAGTGGGTCCATTCTTGGACGATAG	0	0	0			4.162835249	23.88849627	0	14
GGGGCTGCCACCCACGCTTCTCCTGTGAGA	0	0	0			0	3.412642324	0	1
GGGGCTGTATCTAGCGTACGATAGATAGAT	0	0	0			0	10.23792697	0	130
GGGGCTTTTCGGTATTAGCTAGTTGGCCGC	0	0	0			0	20.47585395	0	1
GGGGCTTTTGGAGGTTCTCGCCCCGGGCAT	0	0	0			0	6.825284649	0	38
GGGGGACGTTCCGGTGAGGGCTGGCCAGGC	12.982823	0	0			0	0	0	19
GGGGGAGCATCTGAGTATACGGTATGTGAC	0	0	0			0	47.77699254	0	50
GGGGGAGGAGTGGAAGGTGTCTTGGATGGA	0	0	0			0	78.49077346	0	54
GGGGGAGGTAGAACGGCATGAGAGGAGGGA	11.6845407	0	44.28238719			4.162835249	37.53906557	0	40
GGGGGAGTAGAGTTCATATATACATAAGAA	0	0	0			54.11685824	1825.763644	0	937
GGGGGAGTTGGAGGCGTTCGGGGGTGCAGT	0	0	208.7598253			0	371.9780133	0	42
GGGGGATGTGTTTCGGTGTCGGTCCGGAGG	0	21.16773212	0			0	0	0	25
GGGGGATTTAGTCCCCGTCGAGAACATTTG	420.6434653	354.5595129	56.93449782			0	0	0	258
GGGGGCCAATGGTAGACTGACACAGCCGTG	0	0	0			0	61.42756184	0	2
GGGGGCGGTAAGAGGACATGGAGGTGTTGG	0	7.937899543	0			0	10.23792697	0	3
GGGGGCGGTTAAGAGCTCACACGAGTCTTG	0	0	0			4.162835249	10.23792697	0	2
GGGGGCGTAATCTATCGGGGAACCAGTATC	0	0	0			0	10.23792697	0	11
GGGGGCTCTGAAATCGTAATTATAAGTTGT	0	10.58386606	0			0	3.412642324	0	3
GGGGGGATACATACCGGCTAGGATCAATGC	32.45705751	267.242618	37.95633188			0	6.825284649	0	2
GGGGGGCTTAAAAGTTCTGACAGGGCGGAC	0	0	22.1411936			0	0	0	755
GGGGGGGATGACGATCGCTCGAATATGGTA	18.1759522	0	0			0	0	0	19
GGGGGGGCAGGCGTGATGAAGAGCCATTTG	176.5663928	0	25.30422125			14.56992337	505.071064	0	1270
GGGGGGGTACCTCTCGAGTACTGTGTCATT	0	0	0			0	6.825284649	0	4
GGGGGGTAATATCGGACCGGGGCACTGAAT	0	0	0			29.13984674	0	0	132
GGGGGGTAATTATCGTGCGAAGACGAGTAG	0	0	0			0	23.88849627	0	1
GGGGGGTCAGACGAGCCTGGGGGTGCCCGG	0	0	0			0	20.47585395	0	2
GGGGGTAGTAAGTTACTAGGAAACAGCTGG	0	37.0435312	0			0	0	0	20
GGGGGTCAAGGATGGCATTCTGGGCGACAG	0	0	0			0	10.23792697	0	2
GGGGGTCAATGAAGGCAAAAATACTCTCGA	0	0	3.163027656			0	0	0	17
GGGGGTCGTAACCAAGCGGGACAGTGGCAT	0	0	0			0	10.23792697	0	3
GGGGGTCTAGGCTTTGCTTTGGGAGAGGCC	0	0	0			0	3.412642324	0	8
GGGGGTTAACTTAAGGAGAAATAAACTAGC	0	0	0			0	98.9666274	0	3
GGGGGTTCTCTCCCTCAAGGGTCGGGTAAG	0	0	0			114.4779693	20.47585395	0	709
GGGGGTTGAAGGTCGTAGTGGTGGCGGGTT	0	0	0			0	10.23792697	0	33
GGGGGTTTATGCGAGCGGCACGAGAGGGAG	0	0	0			0	631.33883	0	492
GGGGTAATTGATTGGTGGGCAGCAGATGCG	0	0	0			0	13.6505693	0	6
GGGGTACGTGCGACGCCGTAAGTTCGCTCG	0	0	0			0	133.0930506	0	26
GGGGTACTAAGCTAATGGTGGCGCTGTGAG	0	0	25.30422125			0	0	0	18
GGGGTATATATAAAACGCCAAAATTCTTTT	0	2.645966514	0			0	30.71378092	0	20
GGGGTATCAAGATTGGTATTCTTAAACGGT	0	0	0			0	6.825284649	0	109
GGGGTCAGACGGATAGATGTATTGGGCGAT	0	0	0			0	3.412642324	0	1
GGGGTCCATTGGCAAAACATGTTGCGATGC	0	0	25.30422125			0	0	0	48
GGGGTCTGAAGGTGCGCCGCAACATTGACG	0	0	37.95633188			0	0	0	4
GGGGTGAATAAACTGTGCCGTCTGGCACAC	0	26.45966514	0			0	0	0	17
GGGGTGCAATAAGTGGTGGGGACGGGTGGT	0	0	151.8253275			0	139.9183353	0	606
GGGGTGCATTGATTATCATATTCGTTATCC	0	0	0			0	78.49077346	0	28
GGGGTGGAACTTTGAAAGTCTTTTTAAACT	5.193129201	0	0			0	0	0	1
GGGGTGGCAGAATAGCGACCTCCTGTCAAT	534.8923077	328.0998478	417.5196507			0	651.8146839	0	8
GGGGTGGGACCTATATCATGTAGGCTCTTA	0	0	0			0	535.7848449	0	132
GGGGTGGGTTGCGGTGTAATGATCAGGTGA	0	0	0			0	47.77699254	0	252
GGGGTGTCTTCCCAGGGCAGGATGCGCGGG	0	0	0			0	30.71378092	0	1
GGGGTGTGTGGGAATCCGGGGATTGGAAAT	209.0234503	111.1305936	0			18.73275862	170.6321162	0	617
GGGGTGTTTGGAGTTGATAGCGCGTGTAAT	0	0	0			0	17.06321162	0	346
GGGGTTAATCACAGGCAAGACAGTTCCACA	0	0	18.97816594			0	3.412642324	0	2
GGGGTTGGTCATTGTGTGGCAAGCTTGTGA	0	0	0			0	13.6505693	0	1
GGGGTTTTAGTTGTGGTTTTAACCCTTGTG	0	0	0			0	34.12642324	0	6
GGGTAAAATTGACATTCAGATGAAGTCACA	0	0	0			0	290.0745976	0	72
GGGTAAAGTTGAGGGGCTACCCACCGGGTG	0	0	0			0	10.23792697	0	5
GGGTAAGATGAGAGCGTTTATGATATACAC	0	0	0			14.56992337	3.412642324	0	25
GGGTAATTTGTGGTTGGCGAGGGGCAGTTA	0	0	0			0	3.412642324	0	1
GGGTACCGTGTAGCGGAAGGTTTTGGGACC	0	0	0			0	3.412642324	0	1
GGGTACGATTTAGTTCTATGCTGTCGGCAC	0	0	0			0	27.30113859	0	4
GGGTACGGACTAACTTTCATTAGCTTTGGG	0	0	0			0	17.06321162	0	10
GGGTACGGTGGGGCGATCGCCTGTTGAACG	0	0	0			316.3754789	1832.588928	0	1308
GGGTAGCCTCTGAGGGTCAAGTTGAGGAGA	0	0	0			0	6.825284649	0	46
GGGTAGCGTAAGGGCCGGGATCGGCAAGTG	1737.101718	1039.86484	41.11935953			0	85.31605811	0	19
GGGTAGGGTGTTTAACTTAAGAAATATGTG	224.6028379	47.62739726	9.489082969			0	0	0	77
GGGTATACTGCAGATGCCCTGTAGTCCCAA	0	0	0			137.3735632	477.7699254	0	557
GGGTATGATTGAGGATTGCCTTTTACGAAG	0	0	0			0	98.9666274	0	13
GGGTCAATTTCGTGGCCGAGACCATGTGTT	0	0	0			0	10.23792697	0	3
GGGTCCGGAAGGCTGATGACCTCCCGATCG	0	0	0			0	20.47585395	0	260
GGGTCCTTATTACGAGCGTTAAGAGTCGTC	0	0	0			0	71.66548881	0	89
GGGTCGAGAGGGTGCGTTAAGTGTTGCCAG	0	0	0			0	556.2606989	0	327
GGGTCGATTGCCTACGGGCCGAAACGACGG	0	0	28.46724891			0	0	0	1
GGGTCGGGTCTGTGGGCGACTAGATTATGC	0	0	0			0	358.3274441	0	103
GGGTCGGTTTGGTTGAGGTGGTTCAGAGGG	0	0	0			10.40708812	0	0	1
GGGTCGTTACTGATATATGAGCGGGCGTTG	0	0	0			0	3.412642324	0	1
GGGTCTTGAAATTTGACGCATGCAGGGTTA	0	0	0			0	276.4240283	0	323
GGGTGAACATATGAAGGGTTTTTGTAATAT	0	82.02496195	15.81513828			0	0	0	2
GGGTGAACTAGTTACCTTGGCGTGGGATTT	0	0	0			0	10.23792697	0	3
GGGTGACAATCTTTAAAGGCCTGGAACGGC	0	0	0			0	85.31605811	0	186
GGGTGAGATGATTGAACTCGGTTGATTTCG	0	0	0			0	3.412642324	0	9
GGGTGAGTTAACCTCAGAGGGTAGAGGCGT	0	5.291933029	6.326055313			0	17.06321162	0	32
GGGTGCATAGGAGGCCGAGCATCGAGATGG	0	0	0			45.79118774	0	0	8
GGGTGCGGTTCATGGGCGCCTAATAGGTCC	0	0	0			2.081417625	0	0	1
GGGTGCGTATTCTCGCCGTTAACCTTCGCT	0	0	3.163027656			0	0	0	260
GGGTGCTGATGGTTTATGTGCTGCTGACGA	0	0	0			18.73275862	0	0	1011
GGGTGGAGACCACAGGCGGCCCCCGGTGAT	0	0	0			0	61.42756184	0	2
GGGTGGATAGCTCTAGGTCCTAGATTTATG	0	0	0			0	17.06321162	0	16
GGGTGGCGTCGTTAGTTTGCGCACGGCCGT	0	0	25.30422125			0	0	0	7
GGGTGTACAGTTCATAATGCATAATTGTGG	0	0	0			0	3.412642324	0	10
GGGTGTAGTCTAGGGTGTCGGGGGTTATGT	0	0	0			0	365.1527287	0	377
GGGTGTAGTGAGGATGCGGCGGACTGGGAC	0	0	0			0	13.6505693	0	2
GGGTGTCGAGGGTGTGTGAGTAGCTAAGAC	0	0	0			0	3.412642324	0	5
GGGTGTGATGCATAGCTATTTGCCGATGGT	0	0	0			35.38409962	61.42756184	0	9
GGGTGTGATTGTACCTATACTCAGGTGCCG	3.894846901	0	0			0	0	0	1
GGGTTACTTGATTACCATTCTGTAGCTAAA	0	0	22.1411936			0	0	0	37
GGGTTAGCTTCTCTTAAACCCTTTGGTTGT	0	0	0			0	211.5838241	0	219
GGGTTAGGTATGACGACTCAAGTTTGTTAT	0	0	0			0	10.23792697	0	2
GGGTTATAAGCCGGTCGTCTTTACGGCCCG	0	0	0			0	3.412642324	0	1
GGGTTATGTAATGTGCAGCGGAGGTTATTT	0	0	0			0	273.0113859	0	105
GGGTTGAAATAGAGAACGGCGGGACGTGGT	18.1759522	0	0			12.48850575	0	0	2
GGGTTGAGAATATCAGGGGCGTCGTGCACG	0	0	0			49.95402299	37.53906557	0	127
GGGTTGCCTGGTTGATTTGGCGGAGGCGAA	0	0	0			0	61.42756184	0	40
GGGTTGGCAGGGCTCATAATGTGTGGGACG	22.0707991	0	0			0	0	0	1
GGGTTGGTAAGGGATTAAAATGTAGCAATT	84.38834951	735.578691	161.3144105			0	13.6505693	0	144
GGGTTGGTACCCTACGTCGGGCCGGTCGGT	0	0	0			4.162835249	109.2045544	0	11
GGGTTGGTACGGACGGACATAACAGCCCCA	0	0	6.326055313			0	371.9780133	0	56
GGGTTGTATTCAAGCAACGGTGTAGGAGGA	3.894846901	18.5217656	12.65211063			0	0	0	10
GGGTTGTCAGAGCCGGTACAGTCATTAAAA	0	0	0			0	54.60227719	0	83
GGGTTGTCTTTCCACTCGTCCGTAGGATTA	0	0	3.163027656			0	20.47585395	0	29
GGGTTGTGAGGAAGCCGGGTACCCGATGCG	0	0	0			0	10.23792697	0	3
GGGTTGTGAGTGTGTTAGGTTGGTAGTTCG	0	0	0			0	6.825284649	0	8
GGGTTGTTAAGACGGTCATGAAAAACGGGG	0	0	47.44541485			0	0	0	9
GGGTTGTTTGCTCTTGGCAAGGGGTGGTCA	0	0	3.163027656			0	20.47585395	0	4
GGGTTGTTTGGTGTGCAACTTAATACATAA	0	0	9.489082969			0	0	0	4
GGGTTTAAAAGGATCCGCTGTCCGGTCGTC	0	0	6.326055313			0	0	0	1
GGGTTTACATGGATGATGTTAGAATGACGC	120.7402539	269.8885845	167.6404658			0	64.84020416	0	20
GGGTTTATATATGTCCGGACGGTTCACTGC	0	0	0			0	13.6505693	0	15
GGGTTTCAATGATTCAAATACCCCTCCAAC	0	0	0			0	17.06321162	0	2
GGGTTTCGAGTGAGTCTATGTGGGATAGCC	0	0	0			0	119.4424814	0	28
GGGTTTGTACGCCGACACGGAATGCGGAGT	0	0	0			0	204.7585395	0	121
GGGTTTTATAGAGGATAATTGCTGGGCGGT	136.3196415	1129.827702	196.1077147			0	85.31605811	0	13
GGGTTTTGACTCAGATGGGTATCATGTGGC	131.1265123	338.6837139	50.6084425			0	40.95170789	0	11
GGTAAAAGACGCTTTCGGCGAATTTTCCCC	0	304.2861492	0			0	2194.329015	0	3137
GGTAAACTATCGGGGTCTGGTACATAGTAG	132.4247946	243.4289193	977.3755459			0	252.535532	0	664
GGTAACGTAGCCTGCTTTCCGACGCCTTCG	0	0	0			0	61.42756184	0	2024
GGTAACTATAGGTACTACACACTGTGGGAG	53.22957431	127.0063927	104.3799127			0	68.25284649	0	14
GGTAAGAGTTCGTTGCAGTGTGTGGAGCTG	0	0	0			0	406.1044366	0	21
GGTAAGGATAGATTACAGGCCATACCTGCT	0	0	0			0	3.412642324	0	19
GGTAAGTCAGTAGTCGTGTAAGCTAGTGCA	0	0	0			0	17.06321162	0	1
GGTAAGTTAAGCTTACAAGAGGAGGTTTAA	0	0	0			4.162835249	44.36435022	0	71
GGTAATCGAGTCAGCTGGAGCCACGTGTGA	0	0	136.0101892			16.651341	102.3792697	0	34
GGTAATGTTCAAGCTTGGATTCAAGAGCAC	0	0	0			0	532.3722026	0	1064
GGTAATTATTGCACTGCCTGGGGCAGCGAG	0	26.45966514	0			0	10.23792697	0	32
GGTAATTCACTGCAACCTCGAGTTCTACAA	0	0	0			0	30.71378092	0	40
GGTACACCTCCTTAAGTGATGTCCGGACAA	0	0	0			4.162835249	0	0	2
GGTACACGTGTTTCCATGTGAACCCTTATA	0	0	0			16.651341	44.36435022	0	14
GGTACAGATAGGGCAGTGGCGTTGACGCGA	253.1650485	0	63.26055313			0	0	0	263
GGTACCGGTGTGGAACTTATGATGACGGGT	0	0	0			0	10.23792697	0	92
GGTACCGTAAGATGGCTACCGGGAACCCGC	0	0	0			52.03544061	0	0	7
GGTACCTAAAGCAACGCGCGGTCTCAAGTG	0	0	0			0	30.71378092	0	13
GGTACGAGTCATTAATGGGTTCTGTTATTT	0	0	0			70.76819923	30.71378092	0	160
GGTACGGAAGGACTGTACTGAACAGAGACC	0	15.87579909	37.95633188			0	23.88849627	0	986
GGTACGTAATGTTCGCCTCACTGGAGCAGA	0	0	0			0	61.42756184	0	4548
GGTACTAATATGACTGAAGTTAGCATATAT	0	0	0			0	651.8146839	0	63
GGTACTGATGCTCGCATTGTTTGGGCAAAA	0	0	53.77147016			0	0	0	55
GGTACTGGAATCACAGAGAGAAGCGCAAAT	0	0	0			0	10.23792697	0	1
GGTACTTAATCTGTGATGTTGGAGGGCTCG	5.193129201	0	31.63027656			0	0	0	1
GGTAGATGTAGGTTATGTATTATAGGCACA	0	0	6.326055313			6.244252874	0	0	2
GGTAGCGGAGGCGTGACGCCATGGTTCTAG	0	0	0			0	6.825284649	0	12
GGTAGCGTTAGGAAGGCTGGGGAAGATTGG	0	0	136.0101892			93.6637931	1020.380055	0	60
GGTAGCTATTAGCAGAGACCGCTTCAATGT	0	7.937899543	0			0	156.9815469	0	30
GGTAGGCGTGGGTGTGGGGCCGGTGACCGT	0	0	0			0	6.825284649	0	7
GGTAGGTATAGTAACACGTTGAAGAGTGAG	0	0	0			2.081417625	27.30113859	0	26
GGTAGGTATCTTGGGAGGAAGCTCGCTGCA	0	0	0			20.81417625	3.412642324	0	90
GGTAGGTATGAGTTAGAGACTTAGGCATCG	0	0	0			8.325670498	0	0	178
GGTAGGTCTGGGATCGACGAACAGTCTCCT	0	7.937899543	6.326055313			0	0	0	11
GGTAGTACTACGTATTTGGTTCCACTCTAA	0	0	0			264.3400383	0	0	879
GGTAGTGCAAGGTCGTGGGATACGCTAGTG	5.193129201	29.10563166	6.326055313			0	51.18963486	0	3
GGTAGTTAAGGTGTAACGATGTATTGACAC	459.5919343	378.3732116	177.1295488			890.8467433	197.9332548	0	43
GGTATAACTACTATTTTTAGCATGCTTTTA	0	0	0			705.6005747	0	0	100
GGTATAAGACGGCAGACGTAATCTTGTCGT	0	0	0			0	3.412642324	0	3
GGTATAGTTATGAATGTGGCTAGACGGGCT	0	0	3.163027656			0	0	0	1
GGTATCGGTTCTAAATGCCGACTGTCACAC	0	5.291933029	0			0	232.0596781	0	369
GGTATGACTCCCCATAGTGGTGGATGCCAA	0	0	0			0	13.6505693	0	1
GGTATGCGACCTTTACCCGTGGCCGTACAA	0	0	0			4.162835249	3.412642324	0	5
GGTATGGGTGAGTTCGCAGCTGTCCTCGGT	0	0	0			0	542.6101296	0	3
GGTATGTCTTCCCATCCGACCTTTTAGGTG	334.9568335	343.9756469	123.3580786			0	303.7251669	0	151
GGTATGTGATGGGGTGGACGAGGTACTGGG	5.193129201	2.645966514	12.65211063			0	6.825284649	0	2
GGTATTCAACACGTCACTCTTCACCTCATG	0	0	0			0	27.30113859	0	21
GGTATTCATATTGGGGTCGCCAGCTGTATT	0	0	0			0	17.06321162	0	318
GGTATTTATTGAAGCTCGGCACGGAGTTGT	0	31.75159817	18.97816594			0	13.6505693	0	11
GGTATTTTATGGAGGGAAACGGCCAAAGTA	0	0	0			0	119.4424814	0	903
GGTATTTTTCTTTAAATAAGGGCGCGTACT	0	0	3.163027656			0	0	0	12
GGTCAAAGAAACTCGGGCTATAACTATCGG	0	0	0			0	6.825284649	0	13
GGTCAAGTTCGCAGGGCTTGGTTTCTCCAG	50.63300971	58.21126332	230.9010189			0	0	0	1888
GGTCAAGTTCTGTACTTGCCCGGTGTGGAT	5.193129201	0	0			0	0	0	2
GGTCACAAACTTACTTTTCTGGTCATTGGC	0	2.645966514	0			0	0	0	736
GGTCACGAAACAAGCCGGTCTTGTAATTTC	0	0	0			4.162835249	0	0	3
GGTCACGCATGCATAATCACTAGCAGTGCG	0	0	0			0	40.95170789	0	17
GGTCACGGCGTTTACAACCAATCCCCTCTG	1.2982823	0	0			0	0	0	1
GGTCACTAAGCGATAGGAGCGTATGGAAGG	11.6845407	121.7144597	676.8879185			0	61.42756184	0	759
GGTCACTTTTAAATCTTCGTTATCATTGAA	7.789693801	0	0			0	0	0	1
GGTCAGGCACGATGTAAAATCTGATAAAGT	0	0	0			0	17.06321162	0	8
GGTCAGGGTCTGGCTACCGACGGTTGGCTG	0	47.62739726	0			0	34.12642324	0	163
GGTCAGGTTTGTTCCCTAATGTAAGATTCC	0	0	0			99.90804598	1266.090302	0	6515
GGTCATACTCCAGGGGCCCATAAATGGATA	129.82823	833.4794521	94.89082969			0	187.6953278	0	1053
GGTCATAGTGAAAGATATTGGGTTTGTAGT	0	0	0			0	17.06321162	0	94
GGTCATTCAGGATTTAATCGCGGGGGACCG	0	0	0			0	10.23792697	0	23
GGTCCAAGTAACGGAGTTTGGGGTTTCGGT	49.33472741	0	41.11935953			0	23.88849627	0	5
GGTCCATCTCCATAGTTGTGTAGTGGGTTT	0	0	0			0	54.60227719	0	711
GGTCCCTGTGACAGCTCTGGCCCAGCGGGG	0	0	0			0	23.88849627	0	5
GGTCCGTGTCTCTGAAGGTCGTATTGTATT	0	0	0			22.89559387	58.01491951	0	141
GGTCCTAGAATGAGGTATGCGATGACGGAT	0	0	0			0	242.297605	0	126
GGTCCTGGAACCTAACGCGGCACGTGCTTT	0	0	12.65211063			0	0	0	1
GGTCCTTATTCTAAAACTATTCTGCATAGG	0	0	0			0	10.23792697	0	2
GGTCGAACAACCCGTAGATGGCTAATCATG	0	0	0			0	532.3722026	0	94
GGTCGACGTAAGCGGCAAAAGCGAGTGGGT	0	0	0			0	13.6505693	0	1
GGTCGAGGTGTTGTTAGAGTAGGCATGTCG	0	7.937899543	0			0	20.47585395	0	48
GGTCGATTAGACATGAGCAAGAGGGTTACA	0	0	0			0	10.23792697	0	1
GGTCGCAAATGATGAAGAGACTGTCGGGTG	0	0	28.46724891			0	0	0	1325
GGTCGCTGACGCATGGTGGACCCGTATGTG	0	0	0			0	6.825284649	0	1
GGTCGCTGACTTAGCACTTGGGCGCAGCGG	0	0	0			0	156.9815469	0	8
GGTCGGTAAGATCTTGACATGGCGGTTTTG	0	0	0			0	6.825284649	0	16
GGTCGGTCAAGGGCTTGTAACAATATTGAT	0	0	0			0	822.4468002	0	1715
GGTCGTCAAGAAGCTGAGAAGGTGGATCGT	0	0	0			0	81.90341578	0	8
GGTCGTCTTAGCAAGGTGGGGCCAGGGGGT	0	0	0			0	3.412642324	0	6
GGTCGTGGAGTGGAAAACTAAGCAGATGTG	434.9245706	531.8392694	47.44541485			0	569.9112682	0	289
GGTCGTGTACTTTCCAACTAAGCCTACCTC	0	5.291933029	0			0	0	0	1
GGTCGTGTATTCCCTGTAACAGGGACTGGC	0	0	0			0	23.88849627	0	28
GGTCTAATAACATTTACTAGCGGATGGCCC	0	74.0870624	0			0	0	0	16
GGTCTACAACAAGGCACTCGACCGGGGATG	0	0	0			0	40.95170789	0	1
GGTCTCGTAGGTTCGGGTAACAATGTAAAT	0	0	9.489082969			0	0	0	6
GGTCTGAGTGATTTTAGAGGGGGCGAGCAG	0	0	0			0	3.412642324	0	5
GGTCTGGAAGATTGTATTTCACTATGCTGC	0	13.22983257	0			0	0	0	6
GGTCTGTAATGGAGGTAGTGGGGGTTATTC	0	0	0			0	20.47585395	0	11
GGTCTGTCACGACGTTTGAGCGTGTATTTG	0	0	0			0	494.833137	0	806
GGTCTGTCTAATACGAAAGGTACTGATGTA	18.1759522	21.16773212	0			0	129.6804083	0	173
GGTCTTATTGGTTTCTAGGACCGCGAAGAT	14.2811053	15.87579909	0			0	75.07813113	0	17
GGTCTTGTAAAGGGTTTCGGGGGGTATGGC	0	0	0			0	6.825284649	0	4
GGTGAATAAGTTCCTGTCCGCTTGGGTGTC	0	0	0			2.081417625	47.77699254	0	3
GGTGACAATAGAGGGATTCTAGACTGTTTG	0	0	0			0	98.9666274	0	28
GGTGACGTATGGGCCTCGGAGGCGTGCAGT	0	0	0			14.56992337	300.3125245	0	57
GGTGACTAAGATGGGGTGAGGGGAGGAGGG	24.6673637	39.68949772	120.1950509			0	0	0	152
GGTGAGATTGACGGGGGATGAGATGCGCGC	0	0	0			0	6.825284649	0	11
GGTGAGCAAACAGCTGGTAATCGATGTGCT	0	0	0			16.651341	0	0	494
GGTGAGGGACTGAGGGGTCTGGCGGGCAAG	0	0	0			0	6.825284649	0	1
GGTGAGGGATGAAACATTAAAATATGGCTG	0	0	41.11935953			0	0	0	25
GGTGAGTATTTGATGTCGGGAATGGGGAGC	2.5965646	0	0			0	3.412642324	0	1
GGTGAGTCAGTATAACCGAGATCCGCGGTC	0	2.645966514	0			0	3.412642324	0	5
GGTGATAATATGGGTCTAACAAGGGTACAG	0	44.98143075	0			0	13.6505693	0	3
GGTGATATTAATTTCATATAAGAGAGTTTA	0	0	0			1057.360153	68.25284649	0	278
GGTGATCGTCGATGGCGGGATTGAGGCAGT	0	0	6.326055313			85.33812261	10.23792697	0	180
GGTGATGATGGACCAGGTAGGATCGATTTT	0	0	0			0	23.88849627	0	97
GGTGATTGTCAGTCAGGGCCCAGCGAGGCC	0	0	47.44541485			22.89559387	0	0	36
GGTGATTTTCGTGCTCGCTCTTGTGATTAG	0	0	0			0	122.8551237	0	27
GGTGCATATTAGGCCACATAAAGTCGAGTT	61.01926811	0	44.28238719			27.05842912	10.23792697	0	2
GGTGCCGAAGGTGTCTACCGCGTGATGTCG	0	0	0			0	20.47585395	0	6
GGTGCCGGTGGAGCTAGCACAGCACGTTGT	0	0	6.326055313			0	37.53906557	0	14
GGTGCCTATTTCCATCAGTTTGGGAGGCGG	0	0	0			0	13.6505693	0	1
GGTGCGTTTGACGTGAGCCTTCTATGTAAT	380.396714	103.1926941	31.63027656			0	85.31605811	0	1349
GGTGCTGCAGCTCGAGCCGGAGAGAGCTCG	0	0	0			0	20.47585395	0	18
GGTGCTGCATAGGGCTGCGAGTGGAGGGGT	0	0	0			0	6.825284649	0	27
GGTGCTTTTTATATGGGACGGTAACTCGGC	0	2.645966514	0			0	13.6505693	0	1
GGTGGAAAAAGCATAAACTAACTTACCAGT	0	0	3.163027656			0	0	0	1
GGTGGACTAAGCAGGCTTGGTTCCTCGTGC	0	0	0			0	3.412642324	0	1
GGTGGAGATCGACGGTCGAGTAGGGGAGGT	0	0	0			0	6.825284649	0	2
GGTGGATCACTCCAGACATGGAAATTGGAA	5.193129201	0	0			0	0	0	101
GGTGGATGATTCAAGGGATGTTGGGGAGTC	0	0	6.326055313			0	0	0	2
GGTGGATTTGTAATGATTCTCACGTATGGT	0	0	0			0	10.23792697	0	2
GGTGGATTTTCTAAGCAGCGCGGAGGGGCT	225.9011202	637.67793	218.2489083			0	54.60227719	0	7
GGTGGCACTCGGGCCTAGTCTCGGTATAGA	0	0	12.65211063			0	0	0	13
GGTGGCCGAATTGGGTACCGTAGGGCCGCT	0	0	0			6.244252874	27.30113859	0	21
GGTGGCTTAAGGAGCCGGAAAGAGGAAGCG	0	0	0			0	3.412642324	0	17
GGTGGGCAAACGGGCGGTGTGGTGGAATTG	22.0707991	18.5217656	72.7496361			0	0	0	2
GGTGGGCGACAGTACAAGCATCCGGTCAAA	0	2.645966514	0			0	0	0	1328
GGTGGGCTAATGGGATCTCTCGTGGGGGAC	0	0	0			0	13.6505693	0	19
GGTGGGCTAGGGTCGAAGCCGTGTGGGTGT	0	0	120.1950509			0	0	0	150
GGTGGGGGAACATGATATTGCAAAGTCCTA	0	0	0			0	6.825284649	0	1
GGTGGTATTAGTAGAGAGTTATCAAGAGGT	0	0	0			8.325670498	34.12642324	0	1
GGTGGTCATTTGATCATGACGAGTCCAGGT	0	0	6.326055313			0	0	0	1
GGTGGTCCTCTTTGCGTAATGGATCATTGT	0	0	0			0	3.412642324	0	3
GGTGGTGAATAGTGTAGCACCCAGCAACTA	0	0	0			0	51.18963486	0	7
GGTGGTGACTCGTGTCGCACCCAGCAACTA	0	0	0			0	3.412642324	0	1
GGTGTAATAGCGGATTGACGGTTAGTTATA	0	0	0			0	51.18963486	0	21
GGTGTACTTGCGGGGGCGGCGCATATGAGA	0	0	0			0	3.412642324	0	1
GGTGTAGGTCAAGAGGGTATAGGTGAAGAT	2.5965646	10.58386606	0			0	17.06321162	0	5
GGTGTATCTATGGGTACGGGGGGTCGAGGG	0	0	0			2.081417625	0	0	1
GGTGTCAATGATGGGTTAGAAGTGACTTTT	0	0	0			0	6.825284649	0	9
GGTGTCGGACCTTTTGCACAGCCGGCCTGT	0	0	0			0	6.825284649	0	1
GGTGTCGTTGTACTGGATAGTCAATGAATG	0	0	94.89082969			0	71.66548881	0	30
GGTGTCTATCGACTTAGGTCAGTTTAGAGG	0	0	0			33.30268199	784.9077346	0	366
GGTGTCTATTTGGATTTAGGGTTCTTTGTG	0	0	0			0	167.2194739	0	1012
GGTGTCTGATGTAACGACTCTCGGCTTAAG	0	0	0			0	1180.774244	0	807
GGTGTGCCTGGGGTGGATACAGAGGCACGC	0	0	0			2.081417625	156.9815469	0	8
GGTGTGGAATACCGAAGGGGTTGTGGCGGG	0	0	0			0	119.4424814	0	42
GGTGTGGGTTCAAGCGGCTGGATATACGGC	3.894846901	26.45966514	3.163027656			0	0	0	3
GGTGTGGTACATAAGGCTGTATGTGTCATA	0	0	0			0	3.412642324	0	1
GGTGTGGTTCGTCTGTATGCGTCCTGCACA	0	0	0			0	37.53906557	0	91
GGTGTGTAACTTGTCCCCAGAGTCGCAATG	0	0	0			8.325670498	6.825284649	0	1
GGTGTGTGACGCGCTTACATAATGGCGATC	0	0	0			0	6.825284649	0	3
GGTGTTAATGGAGACGTGATAGCTATTATG	0	0	3.163027656			0	0	0	5
GGTGTTGATTTAATGTGTAGGTGGTTGAAC	0	0	0			0	10.23792697	0	1
GGTTAAAGTCTTGGAGGAACGGTGCATAGC	0	0	0			0	3.412642324	0	3
GGTTAAGAACGTGACAGTATAGGGGTCGGA	0	0	15.81513828			0	0	0	7
GGTTAAGGTCATATTAACAACTTTTTTTAG	0	0	34.79330422			0	494.833137	0	142
GGTTACACATTAGACCGGTGGGTGGCCTGT	0	0	0			0	13.6505693	0	1
GGTTACCCTATATTATAGAGAGTGAGAATT	0	0	0			0	10.23792697	0	2413
GGTTACGGTGTGTGGACATAGGCTTTTGTG	0	0	0			10.40708812	10.23792697	0	14
GGTTAGGTTACGTTCTTGGACTTACGCTTA	0	0	25.30422125			0	37.53906557	0	33
GGTTAGTAAGGGGCCCCATGTACGGTAAAA	0	0	0			0	23.88849627	0	7
GGTTAGTTTTTAAAAGAAGGTAGTATCTAG	0	0	0			0	6.825284649	0	85
GGTTATAGAGTTCAGATTACAGGGTCCTAT	0	0	0			18.73275862	0	0	1
GGTTATGATGGACACAACCCTTCGGGAGCA	0	0	3.163027656			0	0	0	26
GGTTATTTTAGTTGACGATTCAGGCGGCGT	0	0	0			0	10.23792697	0	10
GGTTATTTTGGTTCTTTTGCGGAGAGTACA	0	0	0			47.87260536	293.4872399	0	18
GGTTATTTTTTCTTAGGGTCCTCAGGTTTA	0	0	12.65211063			0	0	0	136
GGTTCAGCTTGGTGTCGGGGTGAGTGGACC	0	0	0			10.40708812	0	0	64
GGTTCAGGTCGGCAATCTGGGTTAGGTGTG	0	0	0			4.162835249	0	0	1
GGTTCATGACAGTGATACTATGGTGGACGG	0	0	9.489082969			8.325670498	37.53906557	0	7
GGTTCCGCACAGTTTGTTTTGCTCAAGGTA	0	0	0			0	170.6321162	0	927
GGTTCCGTAGAAGTGCAACAAGGTGCGGAA	0	0	0			0	30.71378092	0	1
GGTTCGGAAACTAATAGCATCATGCCTGAG	10.3862584	0	6.326055313			0	3.412642324	0	4
GGTTCTACAACGTCCAGATCGGGCTAGTCA	0	0	0			0	17.06321162	0	8
GGTTCTATTATTTTCATACGGCCCTTTCAA	0	0	0			2.081417625	0	0	15
GGTTCTGTAGTCAACGGATCGTAAGTTTAT	0	0	0			324.7011494	607.4503337	0	485
GGTTGAACAGGATGAGGGCTAGGTGCCGCG	0	0	0			14.56992337	0	0	6
GGTTGCACAAGTACAGCAACTAGGGGCCCA	63.61583271	378.3732116	117.0320233			0	13.6505693	0	4
GGTTGCACTAGGACGGTTCCACGTGGTCGA	0	0	0			0	27.30113859	0	253
GGTTGCCAAGTTGGGCAGATAATGGGCGGT	0	0	0			41.62835249	433.4055752	0	231
GGTTGCGAAGGCACATGCGCGCAACTGCTT	0	0	0			0	6.825284649	0	1
GGTTGCGTAGCTATGAATATAAACACGTTG	0	0	0			12.48850575	0	0	95
GGTTGCTCTTATCTCCCAGGTGGACTTGTG	0	0	0			8.325670498	20.47585395	0	118
GGTTGCTGAGGCCGGTCTCGGATCGATTAA	0	553.0070015	0			0	0	0	11
GGTTGGAATCCGAATGTAAAACATAGGGAA	0	7.937899543	0			0	1231.963879	0	192
GGTTGGAATGTTACCGGCCGTTACGACGGT	109.0557132	1386.486454	648.4206696			0	0	0	30
GGTTGGCGAAAAGTTTTAGGCACCGGATAA	20.7725168	0	9.489082969			0	17.06321162	0	6
GGTTGGGGAGGCGTCACTCGAAAGGAAGGG	0	0	0			0	13.6505693	0	1
GGTTGGGGTGGAAGGTCGTAAGCTTGAGGG	0	0	0			0	64.84020416	0	81
GGTTGGGTAAGAGCGGGCACCTGATGGGGG	0	0	0			0	870.2237927	0	1617
GGTTGGTAAGTCTGCATTTTAGCACGAAAG	0	0	31.63027656			0	0	0	2
GGTTGGTTAAGTGATTCATGCGCCGTCGAG	0	0	0			0	30.71378092	0	399
GGTTGGTTTCTAGTATGTGGGCAGTTTATG	16.8776699	92.60882801	0			0	0	0	7
GGTTGTAAACCAGGCTGTCAGGGGCCGAGG	0	0	0			0	6.825284649	0	1
GGTTGTGATGCCTTTAATAGATTTGGTTGT	0	0	0			24.97701149	0	0	62
GGTTGTTATTGTCTCGTAGTTTTTTTGATG	16.8776699	0	0			0	0	0	10
GGTTTAAAACCATACTACTGGGGTTAATGC	0	0	0			10.40708812	6.825284649	0	8
GGTTTAACTACCAGTACTGGGGCAGAATGG	0	0	0			0	78.49077346	0	250
GGTTTAAGAAACCATATGGTGTAGGGGAGT	0	0	0			0	6.825284649	0	11
GGTTTACCTGCATGTACAAGCGGTCTAGAG	0	0	0			0	10.23792697	0	12
GGTTTAGCATGCCTTCCGCGTAAAGTTAAC	3.894846901	66.14916286	3.163027656			0	0	0	1
GGTTTAGTATGGGCCGGTTGGTCATGGCGG	0	0	0			0	68.25284649	0	328
GGTTTAGTTAATGCTAAACGCAACACGCTG	0	0	0			0	6.825284649	0	4
GGTTTATGTGACGTTGTCTAATTACGCAAT	0	0	22.1411936			0	0	0	2
GGTTTATGTGCACTTTCCGCAAAAATCATA	0	0	0			4.162835249	0	0	61
GGTTTGAGTGTATTGAGTAGGAAAGGGTAC	0	10.58386606	0			0	23.88849627	0	4
GGTTTGGCTAGTTTTCCGCTCGTTGCATAT	0	0	132.8471616			0	71.66548881	0	1151
GGTTTGGGTTCAAGTATGAACAAGCTGAGT	0	0	0			0	320.7883785	0	1199
GGTTTGTAACACGTTGTAGACCGGTGGGAG	0	0	0			693.112069	3532.084806	0	1048
GGTTTTGGTGTGTCAACACTAAGAGGTGTA	0	0	0			0	4214.613271	0	1575
GGTTTTGTACGCCAGTAAGGGTGCCCAAGA	50.63300971	550.361035	730.6593886			0	61.42756184	0	803
GGTTTTGTTTGTATGTGAGCTAGCCCGGAG	0	0	0			27.05842912	20.47585395	0	7
GTAAAAAAACGCGTAATAGGTCTTTGCATT	0	0	0			0	23.88849627	0	17
GTAAAAGGTCTTGCTTATAGCCTTGCCGGG	0	2.645966514	0			0	40.95170789	0	7
GTAAAATTTGGGATGTGTCTGGTTTGGAGC	0	0	0			0	279.8366706	0	27
GTAAAATTTTCGCATGGTGTAAGTGAGACG	0	0	0			0	6.825284649	0	150
GTAAACAGTTAACGTGTCATACGGGGTCTG	0	0	0			0	6.825284649	0	6
GTAAACGATGGACTCCGTTGGACTTTATCT	0	0	0			0	668.8778956	0	572
GTAAACGTTAGTCTTGATTTAAGCTGCGGT	0	0	0			0	13.6505693	0	23
GTAAAGAGAAGTGAATGGCCAGCATGCTGC	32.45705751	161.4039574	12.65211063			0	0	0	30
GTAAATACACTTTGGAGCGTTCAATAGAGT	0	15.87579909	0			0	0	0	5
GTAAATCTTACAAAGTTTGTCAAAGATAGT	0	116.4225266	101.216885			0	17.06321162	0	18
GTAAATGGTACAATTAGGCGGGGTCAAGCA	0	0	0			0	556.2606989	0	106
GTAAATGGTGCATGTTATATTGGCGTCTGC	0	18.5217656	0			0	17.06321162	0	1
GTAAATTGATTTTAGATAGGGGATTTGCAT	0	0	28.46724891			0	0	0	89
GTAACAAAAGTGCATGGTAAGAGCAACACG	0	0	15.81513828			0	0	0	7
GTAACAATAGAAGAGAAGCGGGTCTAAAAT	0	0	0			0	460.7067138	0	1444
GTAACACGAAATAGTGACGTCGGCTGAAGC	0	0	0			0	10.23792697	0	2
GTAACACGTTGAGGGTAAAAGTCTCTGGTG	0	2.645966514	0			0	0	0	64
GTAACAGGATTACAAGTTGTATCCAGGTTG	0	0	0			0	150.1562623	0	843
GTAACAGTTTTGGGAACTATAATGCAGGGA	0	0	12.65211063			0	20.47585395	0	1
GTAACCAGTGCCGGCAAGTGTGGACAACAG	44.14159821	613.8642314	94.89082969			0	0	0	8
GTAACCCGTTACGGTCTATGATCTGTAGGT	0	0	0			0	40.95170789	0	5
GTAACCTCAGTGGTTCATAACATCCACTCC	0	0	0			0	3.412642324	0	1
GTAACTTAAAAGACGGAGGCAAGGATACCG	0	0	0			0	17.06321162	0	1
GTAAGAGAATTTTGGTGGCGTAGGGGATGT	0	283.118417	0			0	194.5206125	0	288
GTAAGAGGTCCGTTTGTTGGGGAGATAGCT	0	0	0			41.62835249	20.47585395	0	228
GTAAGATTTCAGGGCGGTGCACGTGCGTGC	2.5965646	13.22983257	37.95633188			0	23.88849627	0	2
GTAAGCAGAATGACATGCGACTCCATATCG	1.2982823	0	0			445.4233716	0	0	495
GTAAGCCTTGAATAGATACAAATGCTTGGT	1.2982823	13.22983257	0			0	0	0	1
GTAAGCGTACTAGGCGAGAGGGGAAGACGC	0	0	12.65211063			0	0	0	195
GTAAGCTATTCAAAGGGAGGTGACTGTGGG	0	0	0			0	13.6505693	0	1
GTAAGCTTAATGCTCTTTAACCAAGCTTAG	0	0	88.56477438			0	0	0	709
GTAAGGAAAGGCCTAAGTAAGATATACGGG	0	0	3.163027656			0	10.23792697	0	3
GTAAGGAAAGGGCGGCGGGGGTCCGGGGGT	31.15877521	23.81369863	9.489082969			0	6.825284649	0	1
GTAAGGAGTTATAAGTCTACATCCCAATGG	0	0	0			0	81.90341578	0	97
GTAAGGCCACTAGCTGAGAGTGAGAGACGT	0	0	0			0	3.412642324	0	3
GTAAGGGATCGCGCGGATAGCAAAATGGTG	0	42.33546423	0			0	0	0	17
GTAAGGGATCTTCGCAAGCAGAAGGGTCCG	0	0	0			0	3.412642324	0	1
GTAAGGGCTGTTGGGGGTAACCGAACCGGG	0	0	0			0	17.06321162	0	4
GTAAGGGTAGTCTGCAGGTCGGGCGGTGCA	0	0	0			0	3.412642324	0	1
GTAAGGGTATTGTAGAACTGAGCAGTAACT	0	0	0			0	20.47585395	0	9
GTAAGGTTATCAGAAGCAACGAGCATTGGT	0	0	0			0	3.412642324	0	2
GTAAGTATTAAGCTTACTTATAGTAGAAGA	0	0	3.163027656			0	0	0	2
GTAAGTCTATGGCTCGAGCATGGGGGTTTG	0	0	0			18.73275862	0	0	2
GTAAGTGTTGCGTAGTAGCTGATCTATCGT	0	0	0			0	3.412642324	0	19
GTAATCACTGGTTGTCCCGTCGGACGTAAG	0	0	0			0	30.71378092	0	10
GTAATCTGATTTTAGTGGCAGTGGGGAGTA	25.965646	0	0			0	0	0	82
GTAATGATTAGTAACCACCTCGGTAGTCTA	0	0	0			0	1586.878681	0	717
GTAATGCCTGCTGCTAGCAGTTATTTGGCA	0	0	0			160.2691571	156.9815469	0	91
GTAATGTAAATGACGGAGCAAGTTTGGTGA	0	0	0			0	242.297605	0	49
GTAATGTGTTGGCGATAAGCGGAAGGACTG	0	0	0			106.1522989	0	0	221
GTAATTACTATGTAAGCGGGTGAAAACTCT	0	0	0			6.244252874	0	0	18
GTAATTCATTGTCTGCGGTGGGTACGTCGT	0	0	75.91266376			0	201.3458971	0	867
GTACAAAAAACGCGTAATAGGTCTTTGCAT	0	0	0			0	3.412642324	0	2
GTACAAATTAGGTAGAGGAGGTGTGGGAAT	0	0	0			0	416.3423636	0	13
GTACAACAAAAAGTGCCGGTAGTGGTCCGT	0	0	6.326055313			0	317.3757362	0	22
GTACAACGATGTTACCTCCTAACGACAGAG	0	0	3.163027656			0	0	0	1
GTACAAGCTCGTGCTCTCTGTCGTAAAGGC	10.3862584	0	0			0	30.71378092	0	3
GTACAATTAACTTTTTTTGTAATAGTTAAC	0	0	44.28238719			0	0	0	1735
GTACACAAAAGGGACGTGATGATCAATGTC	3.894846901	0	0			0	3.412642324	0	4
GTACACCTATGGTAGCTTTAAGGGCGCCAT	0	0	0			0	3.412642324	0	2
GTACAGGGAAGCAGACCTTAACTGCCGATT	0	0	0			47.87260536	453.8814291	0	5310
GTACAGGGTGCCAAATGTCAACCCCCATGA	41.54503361	862.5850837	335.2809316			0	218.4091088	0	111
GTACAGTGATAAAAGGCCCAGCTCCTCCGT	0	0	0			0	146.7436199	0	152
GTACAGTTAACACGATGCACATTATACTGT	0	0	3.163027656			0	0	0	1
GTACATAGATCTTCGGGGTTTCACCGCCAT	0	0	0			81.17528736	109.2045544	0	104
GTACATAGTTTCAGTCCTCGATATATTGGC	0	0	0			0	10.23792697	0	7
GTACATCATGTAATGTGTTAGAGAGGCATA	0	0	0			0	1235.376521	0	1397
GTACATCGTAATCATACAAGCAGCTTTGTG	2.5965646	0	3.163027656			0	0	0	1
GTACATGGAAGGGATTGATGCTCAGACCGA	0	227.5531202	0			0	64.84020416	0	268
GTACATTAACGCGCTTCGTGGCTGGGATGT	0	0	0			0	78.49077346	0	371
GTACATTGAGTGTGGCACGAAAGGTTACTC	0	0	0			0	10.23792697	0	5
GTACATTTTTGTGCTTCTACTGCGGCACTA	0	0	0			0	27.30113859	0	3
GTACCACGACTCCGTATAAGTGTCTTGCAC	0	0	0			0	3.412642324	0	32
GTACCCCTTCTTCCGGACAAGGGACAATCG	0	0	0			0	10.23792697	0	73
GTACCCTTTGATTCGGGCATTCCTTTGACT	0	283.118417	0			0	30.71378092	0	1
GTACCTGATCCTGGGCACTGCCACAGCCGC	0	0	0			218.5488506	187.6953278	0	33
GTACGACTTCAGGGACCGAGAGTCTGCGGT	0	0	22.1411936			0	119.4424814	0	63
GTACGGAGTGGTTAACGCAAGACGGGGTGT	10.3862584	0	0			0	0	0	1
GTACGGGGTAGGGACACGCTGCTGATATAC	0	0	0			0	64.84020416	0	16
GTACGGGTATCTAGAAGGTGGGTAATTGCG	0	0	0			8.325670498	0	0	17
GTACGGTAATAGTGCGTGATCCGTTTGACG	0	0	0			0	34.12642324	0	45
GTACGGTTATAAGGGGTGGATGCATTGAGA	0	0	0			0	34.12642324	0	229
GTACGTAGTGAGTAATTCCCTGCTGCATAG	0	0	0			0	88.72870043	0	43
GTACGTGCACCGGCTACTCGTCATCTAAAA	0	0	0			0	3.412642324	0	7
GTACGTGCAGGATACGAATTCGGGTAAGAT	15.5793876	0	0			0	0	0	54
GTACGTTAAAAATGTGTATATTGACGTTTA	0	0	0			0	3.412642324	0	3
GTACTATTTGACGCGATGAGTACTTAGGTC	0	0	0			0	426.5802905	0	784
GTACTCAATGCATCGCTCATGCGTTTAGGT	0	0	0			233.1187739	1231.963879	0	1481
GTACTCAGTAAGTGTTCTGCGCTCGCGATC	0	0	0			0	64.84020416	0	360
GTACTCCATGGACGACAAGGCGGGTCCTGG	323.2722928	92.60882801	192.944687			8.325670498	150.1562623	0	3
GTACTCCATTTTGGTAACATGGAAGCCGGG	0	0	0			0	10.23792697	0	19
GTACTCGAAAAATCTAAGTGAGCAGCACAT	0	0	0			0	13.6505693	0	3
GTACTGCCTGTCGATATTCCAGGTCACCCT	0	0	0			0	3.412642324	0	8
GTACTGGTTGTGTTGTGAGGGGGGGCATAG	0	0	0			27.05842912	0	0	22
GTACTTGTATGAAGCCCGGGGGCGGGACGC	0	0	0			0	20.47585395	0	21
GTAGAAAGACATACTATCTAGGGGCGGGGA	0	23.81369863	0			0	0	0	6
GTAGAACATGCGAACTGCAACGACCCCTAC	0	0	0			0	976.0157048	0	1243
GTAGAAGTTGATAAGGCGGTGTTGGGCTAG	0	0	0			231.0373563	17.06321162	0	357
GTAGACAATTGAGGGTAAAGGCACGTTTGC	0	0	0			0	3.412642324	0	1
GTAGAGCGTGGTAGGTATTTTACGTGATTC	0	0	3.163027656			0	20.47585395	0	2
GTAGAGGTTAATGTATGCTAACAGATAGCA	0	0	0			0	3.412642324	0	4
GTAGATAATCTTTACGTTGCCTCGCCGCAG	0	10.58386606	136.0101892			0	6.825284649	0	222
GTAGATCGAATGTCAAAAATTTCAAAGGAA	0	0	0			0	37.53906557	0	15
GTAGATGCTATGGGGGCGGCAACAATGGAT	0	0	0			0	54.60227719	0	122
GTAGATGCTGCTGGCGTTAGCTAGTGCTTA	0	0	0			56.19827586	34.12642324	0	93
GTAGCAACAGTTAACAGGTTCACGTCTTAG	0	0	0			8.325670498	3.412642324	0	7
GTAGCAAGTGGTTGGGGACCGTGGACCGCT	0	0	0			0	27.30113859	0	6
GTAGCAATTTATGAACAAGCTGATAACGTC	0	0	0			29.13984674	0	0	79
GTAGCACTATACATTGGTTAGCGGTATGCA	0	0	0			0	13.6505693	0	545
GTAGCCAGTGGCGGGCAGCGGGCATGGACG	0	0	0			0	17.06321162	0	8
GTAGCCGCTATCTCTGAGGGGTTGGGGGCG	0	0	0			0	40.95170789	0	21
GTAGCCTCATCATTGTAGCTTCCGTGGGGC	0	0	0			0	54.60227719	0	52
GTAGCTACTTTAATACTGTGATTCTAGAGG	0	0	0			0	95.55398508	0	169
GTAGCTCCAATGTAGTTTAAGGCTGGCGAC	0	0	0			14.56992337	68.25284649	0	30
GTAGCTTAAGCGACTTCTGCCAGCCAGATC	16.8776699	934.0261796	6.326055313			0	61.42756184	0	5
GTAGGAAATTCACATGTCTCTGAGTGTGTT	0	232.8450533	37.95633188			0	20.47585395	0	53
GTAGGAACTGAATAGCCCCGTGCCCGCGCC	35.05362211	76.73302892	0			22.89559387	0	0	157
GTAGGATCTCGTTCGAAACCGCAAAGTTTT	0	0	0			2.081417625	3.412642324	0	4
GTAGGCGGATTTTGAGTCTTCGTTTTTGTG	0	0	0			0	119.4424814	0	111
GTAGGGAGTCGTTAAAGCCACGTGCACTAA	0	0	0			14.56992337	64.84020416	0	1
GTAGGGTCTGCGGATTACTCCGTCGAAAAT	0	0	107.5429403			0	0	0	6
GTAGGTAGATGGCATTCTATGGAAGGCGAG	0	0	0			0	78.49077346	0	447
GTAGGTTGTAGGGCTGCACTCCGCGTTGGG	0	13.22983257	0			0	3.412642324	0	12
GTAGGTTTTCGTGTGCCCCAGGCGCTATCG	0	0	0			0	3.412642324	0	31
GTAGTACATGCTAATTGCGATTTTGCAGGG	0	396.8949772	15.81513828			0	20.47585395	0	11
GTAGTAGCAGTAAAAGTACGTGTGTGGCTT	0	0	0			0	13.6505693	0	6
GTAGTAGCTGCGACTGTACTGCCTATGAAG	9.087976102	0	15.81513828			0	0	0	2
GTAGTAGGTCGATATCTGCAGAGTGGTTAG	0	0	0			0	17.06321162	0	28
GTAGTAGGTGGGTGGTACTCACAAGATGCC	0	0	0			41.62835249	122.8551237	0	75
GTAGTAGTTCTGGGGAGGTCAATAGCAGAG	0	0	0			0	13.6505693	0	5
GTAGTCAAAGTCCTGGGCCGTGGGCAAATA	102.5643017	1053.094673	566.1819505			0	866.8111504	0	489
GTAGTCGGTTTAAGCGGAGTTGTAGGGGAA	0	0	12.65211063			0	0	0	137
GTAGTCTAAGGGCATGTTTTACCAAATGTG	0	0	0			0	126.267766	0	1111
GTAGTGAATGGCCTAATACACAGGAGACAT	0	0	0			0	23.88849627	0	187
GTAGTGGTATTTATGACTTTTGACCTGTTT	0	0	0			0	993.0789164	0	184
GTAGTTACATAACTACTTCTTTCACTCACT	0	0	0			0	34.12642324	0	1059
GTAGTTAGTCGATGAGGCCACCTGGACCTG	0	0	0			2.081417625	699.5916765	0	101
GTAGTTAGTCTATTATACAAGCGATGTATA	7.789693801	0	0			0	0	0	1
GTAGTTTGACGTGAAGCGAGATAGGCGTGA	0	0	0			6.244252874	3.412642324	0	1
GTAGTTTTTGAGTCTCCTATATAGTCGTGA	0	0	3.163027656			0	0	0	4
GTATAAATATAATGACCCAGAATCTTAATC	0	0	0			0	6.825284649	0	318
GTATACACTGGTGTATAAGGACTAGTACGA	0	0	0			0	3.412642324	0	1
GTATACAGACCAAGAGTCTGTGTATGACAT	0	0	0			0	105.7919121	0	308
GTATACATTACAGCCATAATTCGCGAGGCC	0	0	0			0	10.23792697	0	5
GTATACCATCTAACCTGGAGGCCCCACAGT	0	15.87579909	41.11935953			0	20.47585395	0	4
GTATACTGTACGCCAGCCTCCCTCAACGAT	0	0	0			0	252.535532	0	153
GTATAGAGTATCCGCGGGAGCCACTGTTGT	0	0	0			0	259.3608166	0	489
GTATAGTAAGGTCTCGGAGACGGAGTGGGA	0	0	0			0	3.412642324	0	4
GTATAGTTAAAACGATGCACATTATACTGT	0	0	9.489082969			0	0	0	126
GTATAGTTTGCATTGAGGGTGGTGATAGCA	0	0	0			0	13.6505693	0	24
GTATATAGTCATGGAACACTGTCTGCAACA	0	0	0			0	34.12642324	0	31
GTATATGATGGCGACAAGTGTGTGCCTCGG	0	0	0			0	822.4468002	0	16
GTATATGATTCAAATGATTACTTTTACTAA	2.5965646	0	0			0	0	0	2
GTATATGTTACGAGTATTCATGCAGGGGCA	0	0	0			6.244252874	13.6505693	0	7
GTATATTGTGACGGTTCCAGCGTGGATCTC	0	58.21126332	0			0	0	0	4
GTATATTTACGGACTTAAGCCTTACGCTGT	0	0	0			20.81417625	3702.716922	0	670
GTATCACTTTTGTGCCACGAGTGGGTGGGG	0	0	0			0	71.66548881	0	6
GTATCAGTTAGGATATACGTGTTTTGTTAT	0	0	0			0	13.6505693	0	212
GTATCCACTTCCGTCTAGAGTGTGTAAACG	0	0	0			0	406.1044366	0	1
GTATCCAGTTTAGATTATCACTGAGGCTTT	0	0	0			35.38409962	119.4424814	0	253
GTATCCGGTGACATCCACCTATTTGTCGAT	0	0	0			228.9559387	98.9666274	0	838
GTATCGGAATCTTAGGTGGTTCTGTGGGTT	55.82613891	0	9.489082969			0	0	0	23
GTATCTCTACGGGGCATTTAACGAGCCTAC	0	0	0			0	10.23792697	0	31
GTATCTTGTGACCTAGAGGAGGAGAGAGAC	2.5965646	0	0			12.48850575	6.825284649	0	5
GTATGAAATTTGCCAGGAACATGCTTTGCA	0	0	0			0	221.8217511	0	139
GTATGAAGTATGGAGTTTGATGAATGGTGA	14.2811053	15.87579909	0			0	116.029839	0	141
GTATGACGTGGAGGGAGATCCGTTGAACCA	0	5.291933029	22.1411936			0	0	0	12
GTATGATGAGTTGGATGATGGTTAGTTGGC	10.3862584	2.645966514	0			0	17.06321162	0	1
GTATGCTATCTGGTATTAATGTATAAGAGA	0	0	0			0	6.825284649	0	5
GTATGGAAAGTACGTTCGCTGCTATCAGCG	0	71.44109589	18.97816594			0	112.6171967	0	55
GTATGGCCTCTGCTTCGTGAATGTGTGGGA	0	0	0			0	136.505693	0	3
GTATGGGATGATGTGCGTGTAGATTCGGGA	0	0	0			0	6.825284649	0	4
GTATGGGGTTAGGCGTTGGGGGAGATAACT	0	0	0			0	64.84020416	0	21
GTATGGTGAGTATAGGTGGCTCGAATCAAG	0	0	316.3027656			0	0	0	2475
GTATGGTTATATTTCGCTATGCAGAGATGG	0	0	0			0	10.23792697	0	2
GTATGTAAAGACGCAGAGCACTCATCGAAT	0	0	0			0	13.6505693	0	96
GTATGTTTAGACGTCTAGACTAGCATATAG	0	39.68949772	28.46724891			0	170.6321162	0	29
GTATTAACACGATATCGTTTAATTAGTTTT	0	0	0			0	6.825284649	0	6
GTATTAACTCATTATTTAGAGATAATGGAC	0	0	0			0	20.47585395	0	314
GTATTAAGTACGAGTTAGTTTAATGTGTCA	0	0	0			0	716.6548881	0	82
GTATTATCTTGGTCCAGCTGTATACTTTGC	0	0	0			2.081417625	58.01491951	0	33
GTATTCAATTACAGTCACCCGATGACCACT	0	0	3.163027656			0	6.825284649	0	57
GTATTCGGAGTGCCAACATTTCGTGCAGAG	25.965646	0	0			0	0	0	5
GTATTGATACTGTTGTTACAAGCGCAATTT	0	0	37.95633188			0	119.4424814	0	101
GTATTGGTTCTGGGTGAAGATTTTTGTAAG	0	0	0			4.162835249	23.88849627	0	15
GTATTGTCACAAGTGGATATCTAAAGTGAG	0	0	0			10.40708812	17.06321162	0	3
GTATTGTTTCATTATCAGCTTATTGATATA	0	0	0			0	839.5100118	0	459
GTATTTAAAGCTCGGTCTGGTGGGCCAACT	10.3862584	0	12.65211063			0	6.825284649	0	4
GTATTTAAATTAATACATTTTTCTGTAACC	0	0	0			0	3.412642324	0	1
GTATTTCAAAGGGGGGAGCAGAGGGGGTTG	0	0	0			187.3275862	0	0	26
GTATTTTTTTCTGCCCTCCTGGTTGGCCGG	0	0	120.1950509			0	406.1044366	0	18
GTCAAAACTTCTGGACCGTCCGTTGTGGTC	0	0	0			0	30.71378092	0	3
GTCAAAATATCCGTTGAGGCACGGTTTTTG	0	0	0			0	6.825284649	0	16
GTCAAAATTTTGCTGCACTAGGTGCGTGAA	0	0	0			12.48850575	13.6505693	0	100
GTCAAACAATCGCGTCCTACGTACGCAGGA	0	0	0			0	51.18963486	0	19
GTCAAACCACACACAATAGGTCTCGGTAGT	0	0	0			8.325670498	0	0	3
GTCAAATGATAGGTGTGGGGCTCTTTCCGT	0	5.291933029	0			351.7595785	508.4837063	0	34
GTCAAGCGTTTGGTCGTGTACATTGAGGTG	0	0	0			0	98.9666274	0	327
GTCAAGCTTGTCGGGATGCACTACAGTGGG	0	60.85722983	0			0	34.12642324	0	5
GTCAAGGCAGGCAGGACTCACGGAGACAGA	0	0	0			0	27.30113859	0	214
GTCAAGTGTTCGAAGTTCCCAGGGTGAACA	0	0	0			0	6.825284649	0	1
GTCAAGTTTGTTTGTGCTCAATTTTGTGGG	0	0	0			16.651341	0	0	18
GTCAATTTTCTGATGGCCCTACGATGGCTG	0	0	0			0	10.23792697	0	446
GTCACAAATTTAGCGCTGTAAAACTTAGAG	0	0	0			0	51.18963486	0	27
GTCACCTCTCGTTTCTTTAGTGTCAGCCCG	32.45705751	84.67092846	110.705968			0	17.06321162	0	53
GTCACGGCATAGGAAGAGGTTGGACATCGT	0	0	0			118.6408046	307.1378092	0	343
GTCACTACATACGGCGGGGTACGCCTGGTT	10.3862584	0	0			0	6.825284649	0	17
GTCACTAGACCGGTCCAGTCATATGTCCCA	0	0	0			0	3.412642324	0	1
GTCACTTTAACCGGGGAAATACTCTATCAT	0	0	0			0	10.23792697	0	28
GTCAGACAAAAGGGTGCCCGAGACGTGGTA	0	0	0			0	6.825284649	0	155
GTCAGCTGTCGGGTCGTGGAGGCGCCAGAT	0	0	0			0	10.23792697	0	234
GTCAGGGATCTGTCTTATGTCACCTACAGT	0	0	0			112.3965517	0	0	1357
GTCAGGTCTAATTTGTAGAGCGATTGTTTG	0	0	0			0	10.23792697	0	2
GTCAGGTTTACTAACAGGAAGGCTGTGGCC	7.789693801	0	0			0	0	0	3
GTCAGGTTTCCTCTCCCTATAGTGCTCGAT	0	0	0			0	3.412642324	0	70
GTCAGTGGAGTGATTCAGTGTACTCATGGT	542.6820015	182.5716895	1670.078603			0	3576.449156	0	428
GTCAGTGTATTTGGGGTGTGGGTGGGCTCG	0	0	0			0	13.6505693	0	16
GTCAGTTGAAGACAGAGCGAGGTTCTGTGG	0	0	0			266.4214559	0	0	88
GTCATACATAATTGTAATCATTCTGTGTGC	0	0	0			0	85.31605811	0	316
GTCATCATAGTGGATACGTATTCAAGTAAA	10.3862584	256.6587519	0			0	44.36435022	0	77
GTCATGAATGTATGTTCAGTCGGATGTTGA	0	0	0			0	13.6505693	0	1
GTCATGAGTTACGCGAGGTGAGGGTAGAAG	0	0	22.1411936			0	0	0	478
GTCATGCTTAGTCCCCACCTCGGTAGTCTA	0	0	0			0	3.412642324	0	1
GTCATGGGAGCTTTTGATAAGGGTAGTCCA	0	0	0			56.19827586	139.9183353	0	17
GTCATTAATTGTAACGGAACTTATGGGGGG	0	0	0			0	655.2273263	0	352
GTCATTGGTGGTAAGCGGTACAGCGCACGG	0	0	0			8.325670498	0	0	1
GTCATTGGTTTTGGTATTCATCACGAGGCT	0	0	0			0	501.6584217	0	146
GTCATTTCAGCTCTATGTAAACTAGACTGT	0	0	0			0	68.25284649	0	15
GTCCAATTATTACTGTAGGGCTTCTATGAT	0	2.645966514	0			0	1047.681194	0	327
GTCCACCAAGAGGTTGCCTTTGATGGTGCA	0	21.16773212	0			0	0	0	2
GTCCACGGAGCATACCGCGGACCATGGCCC	0	0	0			0	6.825284649	0	1
GTCCACTTTATGTTGTCTGAGTGGTAACAT	48.03644511	0	0			0	262.773459	0	542
GTCCATGCTTATAACACCCATATATCGTTT	0	0	0			0	334.4389478	0	222
GTCCATGGACCAATCCTGTGCTATATCTAT	0	92.60882801	0			0	6.825284649	0	34
GTCCATTTTATTAGTACCCTCTACGGAAGT	0	0	0			0	126.267766	0	37
GTCCCACTCTTACTGTAGGGCTTCTCTGCT	0	0	0			0	3.412642324	0	1
GTCCCCGCACGGTCGGATCGATTGAGAGAA	0	0	6.326055313			0	0	0	11
GTCCCGACACAGTAGGTGCGCAGGATTGAT	0	0	0			0	75.07813113	0	25
GTCCCGGTTATGCTCTCCTCAACGACGCAT	0	0	0			0	399.2791519	0	1
GTCCGCTATGATTAGAAGTCAATATTACGC	0	63.50319635	268.8573508			0	515.308991	0	57
GTCCGCTGTCATTTCCCGGTAGGGGTAGCT	0	0	0			0	668.8778956	0	1195
GTCCGCTTAAGGCCGCAATCCGTTAGAAGT	0	0	0			18.73275862	0	0	14
GTCCGGCCAAATCGAGATCCGGTGCTTGGC	0	0	0			0	20.47585395	0	44
GTCCGGGATTATACAATTGGCGAGCTATCT	0	0	28.46724891			0	0	0	61
GTCCGGGTAAATAGATTTCTATCTTTTTCC	0	0	0			0	27.30113859	0	19
GTCCGTCTAAGACGCGGGGTGGACGGTCCG	0	95.25479452	0			0	0	0	3
GTCCTACAAATACTAGACAGGCAGAGTGTT	0	0	9.489082969			0	0	0	1
GTCCTACTACAAAAGCAACTTAACACCAGT	0	0	0			0	3.412642324	0	1
GTCCTACTACAAAAGCAATTTAGCAACAGT	0	0	0			0	856.5732234	0	527
GTCCTAGCACTTCTAGTGTTCGGATATGTG	0	0	328.9548763			0	801.9709462	0	643
GTCCTCCTTCGCTCCTAGGGTATTGGCGTA	0	0	0			0	6.825284649	0	5
GTCCTGCAAGATACGTTAAGTAGTTGAGCT	0	0	0			0	3.412642324	0	2
GTCCTGCGTTGGTATATGTGGGGCTTAGCT	0	0	0			0	17.06321162	0	2
GTCCTGGTACTCATTTTGAGTAGGGGACCC	0	0	0			2.081417625	1341.168433	0	1383
GTCCTTGCTGCTTACCTGAAACCTCCATCA	0	0	0			43.70977011	0	0	21
GTCGAATGTCCACTCGGGCCGTTGTTTATA	0	0	0			4.162835249	0	0	2
GTCGAGATTAAGGCCATGCCGTAATAAATG	0	0	41.11935953			0	40.95170789	0	31
GTCGATAGAATTACGTGTGATTCAGGGCTA	0	0	0			0	204.7585395	0	7580
GTCGCAAGAATAAACGTTGTTAGGCGATGT	0	0	85.40174672			0	0	0	8
GTCGCAAGATATTCATGTCGGTGGGGAGTC	0	0	0			0	30.71378092	0	37
GTCGCCAAAGTTTGATCTTGGCGCGCTTAT	0	0	0			0	3.412642324	0	1
GTCGCCGTACTCCTGGCAGTGTAGAAGCGG	0	0	0			27.05842912	1037.443267	0	109
GTCGCGCAATGTTATGACTGATTGTGCTGG	0	0	3.163027656			0	0	0	10
GTCGCGTATTTATCTTTTGTACGGATACGT	0	0	0			0	23.88849627	0	72
GTCGCTGAAGCGGATTTGTACACCGAACAA	0	0	18.97816594			0	17.06321162	0	5
GTCGGAATACGGTCTGCCCCGCCCACGGGA	0	0	0			77.01245211	286.6619552	0	154
GTCGGATGTAAGAGACATTCGGTACTAGGG	0	0	0			0	88.72870043	0	75
GTCGGATTTTTGATGAACCACTCCTCGGAT	0	0	18.97816594			0	0	0	1
GTCGGCGAAGCGGTAAGGTAAGCCCTGGGA	0	0	0			0	40.95170789	0	28
GTCGGCTTACTCACGGACGGAGAATGCGTA	0	0	0			0	10.23792697	0	71
GTCGGGAAAGGCGACTTGAAATGGTGAGGG	0	5.291933029	0			0	150.1562623	0	1
GTCGGGCGATTGTCTTTGGGATAGACTATT	0	0	0			0	2105.600314	0	1041
GTCGGGGATGTATGAGCCGTATTAACATCT	0	0	0			14.56992337	703.0043188	0	54
GTCGGGGCAAGTGTTGATTGTGGAAGCAAG	0	0	0			43.70977011	0	0	897
GTCGGGGGATACCAGTCTGATGGTGACGGA	0	0	0			0	6.825284649	0	11
GTCGGGGGTGAATATAGGGTCTGTGACTCG	0	150.8200913	0			0	47.77699254	0	79
GTCGGGTATTAGTGCTGGACTGTTTTGTAG	1.2982823	0	3.163027656			0	10.23792697	0	3
GTCGGTCAAACAGGCATAGGCTTATGTGGA	111.6522778	301.6401826	9.489082969			0	17.06321162	0	128
GTCGGTGAACACGCATATATACACGTCGTT	0	0	0			39.54693487	204.7585395	0	3
GTCGGTGATATCCCAACGAAGTGGATGCTG	0	0	0			4.162835249	0	0	136
GTCGGTGTTAGCAACTTGCGAGGGTATATC	0	0	173.9665211			0	358.3274441	0	67
GTCGGTTAACATCAGCGCTCTGTGCTCTAG	7.789693801	0	0			0	3.412642324	0	1
GTCGGTTGAGCAGAGGTGCGTAGCGTGGCG	0	2.645966514	0			0	64.84020416	0	6
GTCGTAATAGAAATTCTCTACGATAGAGTG	6.491411501	0	6.326055313			0	0	0	2
GTCGTAGGTATTGGGATGCAGGACGAGGGG	0	0	0			0	20.47585395	0	8
GTCGTATCTGTTTGCCCATTCGTAGAAGTG	0	0	0			0	17.06321162	0	4
GTCGTCATACGAGGTTGTGCTCCTGGCGTG	0	0	0			0	6.825284649	0	3
GTCGTCCTTCTCGGCCAGGGCCTGCGGGAA	0	0	0			10.40708812	27.30113859	0	2
GTCGTGATTTAGACATACAGTAGCTTAACA	0	0	0			0	3.412642324	0	1
GTCGTGGGAGATTGAGTGGTCCTGTGGGTG	0	0	0			0	2992.887318	0	860
GTCGTGTATTTATGCGGAAAGTCGGGGGGG	0	0	0			0	3.412642324	0	4
GTCTACTGACGTCAAATTACGAAGGGGGAA	0	0	0			0	3.412642324	0	14
GTCTAGTTTCGATAATCCAATGGCCAGCAA	0	0	0			0	143.3309776	0	106
GTCTATTTAACCCGGTCTAGAAAGATGTAG	0	0	60.09752547			0	102.3792697	0	144
GTCTCACGTCGCGCGGCTAGATCTATAGAT	175.2681105	161.4039574	0			0	0	0	290
GTCTCAGCTCCAATTGATACTACGGAGGGT	0	0	0			0	187.6953278	0	588
GTCTCGCATTAGGCGATCAACTCTCTTCAT	64.91411501	772.6222222	66.42358079			8.325670498	51.18963486	0	338
GTCTCTCTAAGAGTACCTTTGTGGAGCTGC	0	0	0			0	3235.184923	0	1241
GTCTGACGTCAGTACTCGGCACACCGTTAA	0	0	0			0	51.18963486	0	642
GTCTGCAGAGGGGGCGGACGGGTCGGGCGG	0	0	0			0	37.53906557	0	2
GTCTGCGAAAGTAGTATTCAGTAAGTACGG	0	0	0			0	10.23792697	0	1
GTCTGCTATCCCGCTGTAGAATACTGAGTG	0	0	0			0	6.825284649	0	409
GTCTGGCCTAACAATTAAGCGTAATCGTTC	2.5965646	47.62739726	6.326055313			0	0	0	1
GTCTGGCGTGGTAGTATTGGAAACGTTTGG	0	0	0			0	13.6505693	0	8
GTCTGTATAGAGATTGTTTAATTCCTGTCC	0	0	3.163027656			268.5028736	20.47585395	0	1595
GTCTGTGGAAAGAAACTGGGGCTCTCAAGA	0	0	0			0	30.71378092	0	15
GTCTGTGGTTTCATGGGAAATGACAGATAT	0	0	0			24.97701149	0	0	6
GTCTGTTGACTGAACCATTCTGGCTTCCTC	0	0	0			0	225.2343934	0	11
GTCTGTTGACTGACCCCTTCTGGCTTCCTC	0	0	0			0	3.412642324	0	1
GTCTGTTGTAGGTGCTCGGAAAAGGTTACG	0	0	0			0	23.88849627	0	38
GTCTTAAAAGCGTCGTACTTTGTCGTATAG	0	0	0			0	119.4424814	0	112
GTCTTATGATGTGGGACATCATCTTTGGTT	0	0	0			0	17.06321162	0	38
GTCTTCCCAGTCCTGGTCCGTGGGCCCATC	0	2.645966514	0			0	0	0	1
GTCTTCGCTGGTTCAGAACGAGGAGCCTGC	0	0	0			8.325670498	98.9666274	0	31
GTCTTCGGTTCTGGGGGTCAGCTGGAACGC	0	18.5217656	0			18.73275862	0	0	6
GTCTTCTGATTTAGCATAGGTTGTAGAATA	0	211.6773212	94.89082969			0	0	0	11
GTCTTCTTAGCGGGTAGTAACGTGAACAAT	0	0	0			0	40.95170789	0	44
GTCTTCTTTGTCGTATAGGGTGTTGTTATG	0	0	265.6943231			33.30268199	614.2756184	0	216
GTCTTGATTGGGTCGACGGTAGATTTGAGC	0	0	0			0	34.12642324	0	19
GTCTTGGGTGACCTGTGACGGGGAACTCCT	0	0	0			0	10.23792697	0	30
GTCTTGTGTAGTGCTAACTGACAATAGAAC	0	0	0			4.162835249	0	0	1
GTCTTGTTAGGGTTCGGGCTCGTTACGAGA	58.42270351	74.0870624	0			6.244252874	10.23792697	0	7
GTCTTTATTTGTTTCTCTATACGCGGTACT	0	0	6.326055313			0	6.825284649	0	1
GTCTTTTAAATATGGTCTGCTACTGGAGTC	0	0	0			8.325670498	61.42756184	0	70
GTCTTTTAAGGATTCCGTTGCTGTGTCGGC	0	0	0			131.1293103	64.84020416	0	18
GTCTTTTCTTGTTTGTTGAGCGCATAGATG	0	0	9.489082969			2.081417625	30.71378092	0	13
GTGAAAGCTGGCGAAGTGAATGGTGAGGAA	0	0	15.81513828			0	0	0	32
GTGAAAGGTCTTTGTTGTATCAGGGCTTTC	0	0	0			0	109.2045544	0	94
GTGAAAGGTGATGTAAGTCTTTGGACTGTA	0	0	0			0	6.825284649	0	4
GTGAAAGTTGCTGAGGGCCGAAACTGCAGG	157.0921583	87.31689498	0			0	95.55398508	0	587
GTGAAAGTTGTACTGTTGTTTACATGTAGT	0	0	0			33.30268199	0	0	119
GTGAACTGTGTCGGTGATGGGAAGGTCTCA	0	0	41.11935953			0	10.23792697	0	38
GTGAAGCGTCGGGCGTGTCAGAGGGGGGTA	0	0	0			10.40708812	13.6505693	0	20
GTGAAGGGTAATGGTGGGGTTGCGCGAGTC	0	0	0			41.62835249	75.07813113	0	76
GTGAAGTCTAAAGACGCGTAAGCGCAGATG	0	0	0			206.0603448	331.0263055	0	455
GTGAATATTGGGTTGCAGGGACTCCGACCC	0	0	0			0	3.412642324	0	1
GTGAATGATCACCTGCTTGCGTGTTTAAGC	0	0	0			45.79118774	0	0	81
GTGAATGCAATAGATATCTGATTTGTATGC	0	0	0			0	10.23792697	0	4
GTGAATGTTAGTCGTAACTATTTGATTAAG	0	0	0			0	23.88849627	0	57
GTGAATTATAAAATAGCGAGGTGGAGGGCG	0	0	0			0	102.3792697	0	1
GTGACACAATGTCAGCAACTGGAATGCTCA	10.3862584	0	0			0	0	0	5
GTGACAGGATCACAATTTCCGTTTCGTGTG	0	0	0			0	10.23792697	0	56
GTGACAGGTTTTTATTGCGACCCCGATTTA	0	0	0			268.5028736	85.31605811	0	422
GTGACATAACACACCGGTCAAAAGGCTCAG	0	0	0			0	3.412642324	0	1
GTGACCAATGAGGATACATATGCCCATAGA	0	5.291933029	0			0	0	0	1
GTGACCCGAAGGGTACGATCCGGGAACAAA	0	0	3.163027656			0	184.2826855	0	25
GTGACCGGACCCCGTCCGTAATGCCCCTTT	0	0	3.163027656			0	13.6505693	0	8
GTGACGGGACTGATTCAGGATCTTACAGCC	18.1759522	60.85722983	3.163027656			0	0	0	7
GTGACGTCTCCAGCCGCGTAAGCGCAGATG	0	0	0			2.081417625	0	0	1
GTGACTCATTTGGTGGTTACTCCAAAGTGT	0	0	0			0	3.412642324	0	2
GTGACTGCTTATCAGGCATCCGTGTCTGAC	0	0	0			0	17.06321162	0	1
GTGAGAGAACATGACTTGTTGGAAAACGAC	0	0	34.79330422			0	20.47585395	0	924
GTGAGATATACGCGTGTGAGCCTCACTGAA	0	0	0			0	774.6698076	0	153
GTGAGCAAAGTGTCCGTATGACTGCCATTC	0	0	0			0	348.0895171	0	901
GTGAGCGAATATTTCCTCGCATAGTATTAT	0	0	0			1413.282567	102.3792697	0	285
GTGAGCGAATATTTTCCTCGCATAGTATTA	0	0	0			2.081417625	0	0	1
GTGAGCTTATTTTACGTTGACGCCTGGTCG	0	0	0			0	68.25284649	0	141
GTGAGGAAAGTTTTATGGTGGGATATTACC	0	0	0			2.081417625	47.77699254	0	18
GTGAGGATATCTAGAGTTATCAGTGCGAAT	0	0	0			0	105.7919121	0	33
GTGAGGCGTATGGAGTTGGTTAGCAATGTA	0	0	0			0	10.23792697	0	18
GTGAGGCTAGCGATAGTCGAGTCGAGGGCG	0	21.16773212	22.1411936			0	3.412642324	0	5
GTGAGGGGAAGCGTATCATGGAGACGTTGT	0	18.5217656	63.26055313			0	3.412642324	0	53
GTGAGGGGATGGCTAAGGAGGTTACCGACG	0	0	12.65211063			8.325670498	0	0	2
GTGAGTACTCGCTTCTCCACGGTTACTGAC	0	0	0			0	13.6505693	0	2
GTGAGTGCTTAGATGCAGCTGAATGTCTAG	0	0	0			0	6.825284649	0	1
GTGAGTTATAGACGAGGTGCAGGTTTTGTG	0	0	0			0	23.88849627	0	72
GTGAGTTGTTACGGATCAGGAGGCGGCGAG	0	0	0			0	6.825284649	0	6
GTGATAAGTTTGTTACGGGTGCGACTCGCG	0	0	0			0	13.6505693	0	374
GTGATAATTGTGTAATTGGAGGCTGGCTGG	0	0	0			0	805.3835885	0	485
GTGATAGTTCATCATGCGCGCAATTTCGAT	0	0	0			0	116.029839	0	409
GTGATCGAAGATTTTAGACGGACCAGTTTT	0	0	0			0	51.18963486	0	247
GTGATGCCAAGACTGCTCGTTCGAGATGAG	0	0	0			347.5967433	2286.470357	0	608
GTGATTGCATTCCTATACCCTGGGGTCTGA	0	0	0			0	20.47585395	0	1
GTGATTGCTTCAGCGGGAGTCGCGAAGTTC	1.2982823	0	0			913.7423372	4746.985473	0	1006
GTGATTTGAGTTGCGATTGATATGTACCAG	0	76.73302892	37.95633188			0	3.412642324	0	24
GTGATTTTTGGGTTGTGGAACGGAAAAATG	0	0	0			0	3.412642324	0	14
GTGATTTTTTAATCCCGGTCGTCGCGCCAT	0	0	0			0	6.825284649	0	5
GTGCAAACACATCGGTATTCAGACCGGGTG	0	0	0			0	47.77699254	0	3
GTGCAAGATTATGCATAGACATACCCAGAG	0	0	0			251.8515326	0	0	56
GTGCAAGTATTATTCATGTTTGCGCAATAT	0	0	15.81513828			0	0	0	3
GTGCAAGTTTACTTCATCCGATAAAAGGGC	0	0	0			0	27.30113859	0	1
GTGCAATGATAGCTTCCGACAATGTTAGCC	0	0	0			0	23.88849627	0	4
GTGCACATTAATTCCTTTGTGCAGCATGTC	0	0	0			0	10.23792697	0	1758
GTGCACCAAGGGGTCTTGGTGGGAGGCTGG	20.7725168	0	0			0	160.3941892	0	203
GTGCACCGAGTGAGTGCGACGATCTAAGTT	0	0	0			0	2463.927758	0	422
GTGCACGCATTGTACCCGGTTCCTGTCTTG	0	0	0			2.081417625	143.3309776	0	2
GTGCACGTTGTGTAAGGAGCCTTCCGGAAA	0	0	0			2.081417625	0	0	1
GTGCAGACTGTGGGTCTCCAAACGTGAAAG	0	0	0			0	10.23792697	0	2
GTGCAGGGAGGGCTACCCTTCCATTAGATC	0	0	0			0	6.825284649	0	14
GTGCATGCTAATGTTGGAGAATGGCTCCGC	0	0	0			0	23.88849627	0	4
GTGCATTAACAGGGTCATGAGGGGCGCGGC	0	0	0			0	10.23792697	0	34
GTGCATTCAAGTAACGCTAGCACCTACTAT	0	0	0			0	6.825284649	0	93
GTGCCCAATATTCAGTCCGTGTCAAAAGAA	0	0	6.326055313			0	535.7848449	0	3
GTGCCGGGTGTCGAGGAACCGGCAATGGGT	185.6543689	222.2611872	0			0	0	0	500
GTGCCTAGTAGGAAGGTTCACACGGGGACA	0	0	0			0	3.412642324	0	10
GTGCCTCTAGGATGCACATCGCTCACAGAG	0	0	0			222.7116858	546.0227719	0	221
GTGCCTGGAGCAGGGGAGGAGGGCATGGGA	103.862584	0	47.44541485			0	30.71378092	0	47
GTGCCTTCACGCGCGTTCCTGTCTTGTGGG	0	0	0			0	3.412642324	0	1
GTGCGAATTCACTGAACCGGTTCGGTGGAA	0	0	0			0	3.412642324	0	6
GTGCGACTAGCCCCAGCAACTGATTGAGTT	0	0	0			0	3.412642324	0	1
GTGCGCACAAACATGTGGTACGTCACGGAT	0	13.22983257	6.326055313			0	0	0	2
GTGCGGAGTCGGGGGCCTGGCATAGGACGG	0	0	0			0	136.505693	0	81
GTGCGGGGTGCACATGACGCGGAGGTGAGA	0	0	0			0	23.88849627	0	11
GTGCGGTCTTAGAGCGTGCGGAGTTCTCTT	0	0	0			0	440.2308598	0	24
GTGCGTTCACGGCTCGAGCAAGGACCTTAC	0	0	0			0	20.47585395	0	9
GTGCGTTGAGGATAAACTGGTCTTCAGACA	0	0	0			0	51.18963486	0	33
GTGCGTTGATGAGAGGTTCATGTTGTGGCG	0	0	0			0	3.412642324	0	12
GTGCGTTGTGTAAATGTATGGGTACGTGGG	12.982823	29.10563166	0			0	116.029839	0	115
GTGCTACTAGATCAAGTGGTCTGGCCTAGT	3.894846901	5.291933029	12.65211063			0	0	0	3
GTGCTACTATTGGGCCCTCCAGTCAAAGCA	0	0	0			2.081417625	0	0	17
GTGCTAGAAGGTACCATGTAATACTTCTTA	0	0	0			0	44.36435022	0	3
GTGCTAGTAATAGTTTAACGTCTGTGCGCC	0	0	0			0	13.6505693	0	67
GTGCTAGTTGGGTTAAACGTTGAGTCGTGA	0	0	75.91266376			0	0	0	167
GTGCTCGCAGTGCGTCGGGGTGGGCGGCTA	0	0	0			0	68.25284649	0	33
GTGCTCGCTAAATTACGATAGACCCGGGAC	0	0	0			0	81.90341578	0	60
GTGCTCGGTGGATCAGTTGTCTGACGAAGT	0	0	0			4.162835249	0	0	7
GTGCTGAAAGCTAATAGGGCAAGAAGCAAT	0	0	0			0	3.412642324	0	3
GTGCTGATACCGTAGGTTCAATTAGGGCGG	0	0	0			0	187.6953278	0	23
GTGCTGATATTCTCGGTCGTCTCCGAATTC	0	0	0			0	6.825284649	0	131
GTGCTGTTTAGGCGCGCCGACTGGAGGCAT	0	0	0			0	20.47585395	0	170
GTGCTTGGTAGCTGGTAACTAGTTGACTGC	0	0	28.46724891			0	0	0	2084
GTGCTTTCTCTATTGGCGTCCGGTGGATTA	0	0	0			0	228.6470357	0	550
GTGGAACGAGTAGCCACTTGGACGATAATT	0	0	22.1411936			0	0	0	665
GTGGAAGGAAATTCGGCTAAGGGGGGGTTT	0	0	34.79330422			0	0	0	5
GTGGAAGTTTCGTGTTGTTGTGAGACTAAG	0	0	0			2.081417625	20.47585395	0	2
GTGGACAGTAGAAGTCTAATCTGTCTAGTC	0	74.0870624	0			0	44.36435022	0	4
GTGGAGCTTCTCATGACTAACAGACCAATC	0	5.291933029	0			0	119.4424814	0	31
GTGGATCGTCCTTTATGGTGGCTTGTCGAA	0	5.291933029	28.46724891			0	13.6505693	0	15
GTGGATCTTGCCCGTTTTGAGTGAATTATC	0	0	0			0	81.90341578	0	34
GTGGATGCATGTGGAGCTCGTTGGCGGCGG	68.80896191	0	88.56477438			0	406.1044366	0	148
GTGGATTCAATATGATTGGGTCCCTTCTAC	0	0	0			0	95.55398508	0	78
GTGGATTCTGGTTCCAAGGGTCAAAGTGAG	3.894846901	26.45966514	0			0	0	0	26
GTGGCAAATTATGTTTCATATTTGGGATAG	0	0	0			0	6.825284649	0	21
GTGGCAATAAAGTGGTGCCGGAAGTATCGA	0	0	0			0	6.825284649	0	6
GTGGCAGGACATGGGTAGAGAGGTCTTGTG	0	0	120.1950509			0	0	0	718
GTGGCATTTCCTAATCTGAAGGATGGGAGA	0	0	0			0	6.825284649	0	18
GTGGCCCGACTTGAGAGCAGCGCAGTTTCC	0	0	0			4.162835249	3.412642324	0	8
GTGGCCGAAGGCGTCAGGTGTGTGATTCGC	0	0	0			0	13.6505693	0	4
GTGGCCTCACCAGAAAGGGGCTATTAAATC	0	0	0			0	30.71378092	0	127
GTGGCCTTAGAGACCTTCTTGTGAGGATCC	0	240.7829528	0			0	156.9815469	0	703
GTGGCCTTTAAATGGCCTTCCAGACTGGGT	45.43988051	402.1869102	25.30422125			0	109.2045544	0	33
GTGGCGAAATGCTCTCGTGTCTCTCGCTTT	533.5940254	153.4660578	50.6084425			14.56992337	423.1676482	0	339
GTGGCGACAGGTAAATTCCCATCGGTCTAC	0	0	0			0	13.6505693	0	3
GTGGCGCGTACTCAAGCTGGGTAATTAAGC	0	0	0			0	3.412642324	0	2
GTGGCTAATGTGTTCTAGAATCGTGGATGC	0	0	0			0	163.8068316	0	1
GTGGCTAATTAGTTGGAACAAGTTGTTAGA	0	0	0			49.95402299	0	0	2732
GTGGGAAGATGAGAAGGAAGACGAGTGCTG	0	0	0			135.2921456	75.07813113	0	301
GTGGGAGTACCGCTATGCTGGCTCTGGGCG	0	0	0			0	6.825284649	0	1
GTGGGAGTTTCCGTGGCACTAATGTGCGTG	2.5965646	7.937899543	3.163027656			0	0	0	1
GTGGGATATCCCGGATTTATCCAGGATCCC	0	0	0			0	13.6505693	0	2
GTGGGATGTGGGGAGTAGGAGGGTTTTTGA	0	0	0			0	10.23792697	0	2
GTGGGCAAATAACTTAGTAGAATAGTAAAC	0	0	0			24.97701149	317.3757362	0	93
GTGGGCAGTGAAAAGTGGGAGCAGAGCCAA	0	0	0			0	58.01491951	0	638
GTGGGCGCAGGCGTGCCCGGCAGGAATGAC	0	0	0			0	20.47585395	0	8
GTGGGCGGAGCCTCTGAGAATGGCTCCTCG	0	0	34.79330422			489.1331418	423.1676482	0	332
GTGGGCTAACCGCATGAAGATTGTGTCTGT	0	5.291933029	0			0	0	0	74
GTGGGCTGTGTGAAAATTTGTCATAGTTCA	0	0	0			566.1455939	2088.537102	0	2139
GTGGGGAGTTCGCGAGCTATTGAGTGCAAG	0	0	0			14.56992337	17.06321162	0	45
GTGGGGCGTAGGCACCCAGGGTGCATCCAG	16.8776699	10.58386606	0			0	37.53906557	0	9
GTGGGGGATAGTTGGCTGTAAATGATGTTC	0	0	25.30422125			0	313.9630938	0	126
GTGGGGGGTGGGAGGGAATGGGTATATGAA	0	0	0			0	6.825284649	0	196
GTGGGGTATTCATGAGAGTGGAATTCGGTT	0	0	60.09752547			0	300.3125245	0	953
GTGGGGTGACGGCAACGGTTGATGTAGTTC	0	0	0			4.162835249	3.412642324	0	4
GTGGGGTGTCATCGCGCATGGCCCCACCAG	0	0	0			0	51.18963486	0	44
GTGGGGTGTCTGACTTACGGAGGGCGCCGA	0	0	0			0	37.53906557	0	7
GTGGGGTTAGGAGTAGATCGAGCGAGAAAG	0	0	0			0	17.06321162	0	318
GTGGGTAAATGCAGTGCCGTGGGCAGGGGA	12.982823	87.31689498	0			0	10.23792697	0	4
GTGGGTAATCTGGCTCACAGGTATGCGCCC	0	0	0			922.0680077	747.368669	0	733
GTGGGTCATGAACAGGTCAGTAAGCCCTAG	18.1759522	84.67092846	120.1950509			0	6.825284649	0	141
GTGGGTTCATATTCTCCCGCACAGAGGATA	0	0	0			54.11685824	20.47585395	0	181
GTGGGTTGTATAGATTCGAGTGCTGTGATA	0	0	0			0	1252.439733	0	1532
GTGGTAAAATTGATTCGCAATGACGTGACG	0	0	0			0	255.9481743	0	76
GTGGTAATTGCTCAGCAGGAAGGGAGAGGG	0	0	0			2.081417625	0	0	5
GTGGTACTTGGCCGTTTGCAACGTTAGCTT	5.193129201	166.6958904	85.40174672			0	0	0	4
GTGGTATAAGTCGATAATTTAACACATTAC	0	0	0			0	3.412642324	0	7
GTGGTCATTCAGAATGGTGGGAGCTTGATT	0	0	0			0	3.412642324	0	363
GTGGTCGAACTGTGACAACAGTTGGGACTA	0	0	0			0	3.412642324	0	48
GTGGTCGGTTTCAGCTAGAATTACAGGCCG	0	0	0			10.40708812	0	0	29
GTGGTGCGTGCCTACGTGCATGCAAGGGTT	0	0	0			0	3.412642324	0	1
GTGGTGTGATCGATGTTCGTTATGCTTAGG	35.05362211	34.39756469	6.326055313			0	37.53906557	0	8
GTGGTGTTTAGAACAAATTGGATGCCTATT	0	0	0			4.162835249	6.825284649	0	9
GTGGTTACTTTGCTAACATATGGATGTTCG	0	0	0			0	51.18963486	0	1
GTGGTTGAATTTGTGTGTATCGGGCGTATT	0	0	0			18.73275862	68.25284649	0	190
GTGGTTGCTGTATAAGTATCTTGGACAGAC	0	0	66.42358079			0	470.9446408	0	369
GTGGTTGGTCAAGGGTAAGCACAGGGTAGT	0	0	0			20.81417625	3.412642324	0	16
GTGGTTGGTCAGTTCCAAGGTGTGCTAATG	20.7725168	0	0			0	0	0	290
GTGGTTGTATTGATGGGCTAGTATGCTTAG	0	0	0			0	3.412642324	0	26
GTGGTTTGTTTTAAGGACTCTGTATATAGA	0	0	1568.861718			0	0	0	558
GTGGTTTTAAGCCCACGCATACTTCTGTGA	0	0	0			8.325670498	0	0	4
GTGTAAAAAGCGTCTGTGTTCCGGCTTAGG	0	0	0			0	10.23792697	0	3
GTGTAACCACATCAATCGTGGGACGAGGAG	0	5.291933029	6.326055313			0	0	0	1
GTGTAAGCAGGCAAAGGTGGTGTCGCGGAG	0	0	34.79330422			0	0	0	4
GTGTAATATTGTGGGAATAAGATTGGGTTT	0	0	0			0	44.36435022	0	136
GTGTAATCTTACGTCGTGAAAAAGCACCAC	0	0	0			0	20.47585395	0	4
GTGTACAATACAAGTGATCACAGGTTTGAG	16.8776699	103.1926941	838.202329			0	0	0	1084
GTGTACTGTGATATGTGGCGGGCGTCGGAG	0	0	0			0	563.0859835	0	93
GTGTAGACACTATTCGTGTCAAGGAGCGTC	0	0	0			0	47.77699254	0	38
GTGTAGTCTTTAAAGGAGTTTAAAAGAGCG	0	0	0			24.97701149	0	0	4
GTGTATAATCGCTCAAAGTGATGGGCGCAG	9.087976102	0	0			0	6.825284649	0	3
GTGTATACTCGCGCTGCATCGGTTAACCGC	0	0	0			0	3.412642324	0	1
GTGTATCAAACTAATTCTATGGTTTACGGA	0	412.7707763	290.9985444			0	573.3239105	0	133
GTGTATCATATTGCTAATCGAGCGTGGGAT	0	0	0			0	6.825284649	0	3
GTGTATCCTAGAGCTGGTAGAGCTGGTTCT	0	0	44.28238719			0	0	0	29
GTGTATTTACTGCGGGGGCAAGCGGGCGGG	0	0	0			0	3.412642324	0	1
GTGTCAAAAGACCACGTAACTGGAAGTTAG	0	0	0			4.162835249	228.6470357	0	28
GTGTCATATGAGTTGTAGGTTGGCTGAGAC	71.40552651	1143.057534	205.5967977			0	511.8963486	0	638
GTGTCATTTGGTTTAAATTTAAGTCGCTTG	0	0	0			20.81417625	13.6505693	0	14
GTGTCCCTTGGTCATAGGACTTGGGGTTTC	101.2660194	74.0870624	142.3362445			0	143.3309776	0	3
GTGTCCGGAAGTTGCGGACTGAAAAGGAGA	0	0	0			0	23.88849627	0	6
GTGTCGGATTTAGTACGGCGCGCCGCATAA	123.3368185	153.4660578	22.1411936			0	191.1079702	0	10
GTGTCGGGTAAAGAGCGGAGACCGGGCAGG	0	0	0			0	528.9595603	0	210
GTGTCGGTTGACTACATGGTGGGCAAGATC	0	0	0			0	23.88849627	0	14
GTGTCTAGTGGGTGGTGCTGTAATGCCATC	0	0	0			83.25670498	0	0	8
GTGTCTGTATGAGCATGTTAGGGACAAATA	5.193129201	52.91933029	0			0	0	0	28
GTGTGAGATCGTCGACCATGAGGCACCTAC	0	0	0			170.6762452	484.5952101	0	2871
GTGTGAGCTTAGGACCCCCTCCCCCGCACG	0	0	0			0	40.95170789	0	10
GTGTGAGGTGGGCCTTAAAATGCCGTCAGG	0	13.22983257	25.30422125			0	17.06321162	0	5
GTGTGATCTTGGAGGGGAGTTGTTAATGGG	0	0	0			0	20.47585395	0	4
GTGTGCCGAAGGCGCGTATCTGAGGAGTAC	0	0	91.72780204			0	34.12642324	0	20
GTGTGCGCTGTGCGAGCCGCAATAAAAAGA	0	0	3.163027656			2.081417625	0	0	3
GTGTGCGGATACGGACATGAGCTGGACCAG	0	29.10563166	34.79330422			0	23.88849627	0	9
GTGTGCTGTGAATTTAGTTGACTTGCCTAA	0	0	0			0	10.23792697	0	1
GTGTGGAAAGCATACAATTAACATTACGTA	11.6845407	13.22983257	12.65211063			0	0	0	4
GTGTGGAGAGTCGGGATCCCTACGATCAAC	0	0	0			0	13.6505693	0	687
GTGTGGCAAAGACGGGGGGGAGGCTTGTGT	0	0	0			1642.238506	494.833137	0	931
GTGTGGCTAACGGGCCGGTGTATCAATGCG	31.15877521	227.5531202	0			35.38409962	126.267766	0	5
GTGTGGGAACTATACATGGCGGGACCATGG	0	0	0			0	167.2194739	0	145
GTGTGGGCAGGAAAGGGGTTGAACAGTGAC	0	0	0			0	10.23792697	0	36
GTGTGGGCTCAGAAATAAGACTTCGGGGGG	0	0	0			0	549.4354142	0	60
GTGTGGGGACAGGCACGGGTTGTTGGTGAG	0	0	0			16.651341	214.9964664	0	1278
GTGTGGTAATGTCCACGGGCTATCGAAAAC	0	0	0			0	34.12642324	0	34
GTGTGGTCTGGCCTGACCTGGGAGTATTTG	0	0	0			35.38409962	0	0	2
GTGTGGTGAAGCGGGGGGTTGCGAGGGGGA	0	0	3.163027656			0	0	0	16
GTGTGTATATGGAAGGTTAGCATGGTCTCT	0	0	0			47.87260536	0	0	10
GTGTGTGATGGGGCCCGCGTAAGGCCAAAA	0	0	0			0	621.100903	0	1999
GTGTGTGGTTCGCGCGCGACGGTAGAAGGG	14.2811053	0	6.326055313			0	0	0	1
GTGTGTTAACGATATGCAAAATTATTCGTA	0	0	0			0	6.825284649	0	5
GTGTGTTTATGCATCCGACTCTAGTCCGTG	0	0	0			0	58.01491951	0	2
GTGTTAAATCCGTACGCCTGGTGTGTAGCC	0	0	0			0	13.6505693	0	6
GTGTTAAGAGGTCGTGAGCCCCAGGTCAGT	0	0	0			101.9894636	10.23792697	0	4
GTGTTAAGTCTCTCAATCCCAGGCGGCAAA	0	0	0			0	40.95170789	0	17
GTGTTACTTCCTACCCGTGCCTGCCTGATT	0	0	0			0	64.84020416	0	205
GTGTTAGCATTCATGTAGGTTTTCGTTATC	0	0	0			6.244252874	3.412642324	0	10
GTGTTATATTGTCTGAATAAGGGCGGCTAA	0	0	0			0	6.825284649	0	20
GTGTTATCACTCCTATGCTTTGCACAGAGG	0	0	0			35.38409962	0	0	1
GTGTTCCCTTTTACGTCGCAGGTGTAGAGG	0	0	0			2.081417625	0	0	1
GTGTTCCGAGAAGGTGAGCCTCGACATAGA	0	0	0			701.4377395	1337.755791	0	56
GTGTTCCGTTTCTGTCGAGTCATGATCGTC	0	10.58386606	6.326055313			0	0	0	7
GTGTTCGAATCCACTTGAGGGGTGGGGTCT	0	0	0			0	40.95170789	0	17
GTGTTCGGATCTTTTGTTTTGTGATTATGA	1811.103809	7107.066058	4627.509461			0	1330.930506	0	1222
GTGTTGGTAAGTGACTCATACGGGCTGAGG	0	0	0			0	10.23792697	0	9
GTGTTTCATGAATAGTCGGGTGAATGGTAT	0	0	0			0	10.23792697	0	1
GTGTTTGATTTAGCCTGAGCAGTACAGGCA	0	76.73302892	31.63027656			0	98.9666274	0	45
GTGTTTGCAGTGGCTTGTGGTGAAATGAGG	14.2811053	55.5652968	12.65211063			0	20.47585395	0	2
GTGTTTTTTCTTTGGAAAGGATGAGAGTGG	0	0	0			0	167.2194739	0	109
GTTAAAGGACGAATAGTTGACCTAGGGCGC	0	0	0			0	10.23792697	0	261
GTTAAGGCATGTATGTGAGACGAGGGTGCA	18.1759522	0	28.46724891			2.081417625	0	0	1
GTTAAGTGAAGCGTTGACGGCATGTACGCT	81.79178491	587.4045662	0			0	27.30113859	0	8
GTTAATAAAGCTCGTATGGCACCTGCATGG	0	0	0			56.19827586	0	0	5
GTTAATACAGTGACAATAGTTGCAATATGA	0	0	0			0	20.47585395	0	1
GTTAATATTAGGCAACAGGGCGAGGGTTGA	6.491411501	0	0			0	0	0	26
GTTAATGCTACAGGCGGTCGAAACAGGTGA	0	0	41.11935953			0	0	0	36
GTTAATGCTAGGCCAACAACCAGGGGGTGG	0	0	18.97816594			0	1945.206125	0	377
GTTAATGGATTCACTCCTTAACGAACCCCG	0	0	0			0	20.47585395	0	4
GTTAATGGTTTGAGCCGTGAGGAGGGGTTA	0	15.87579909	0			0	0	0	13
GTTAATTGATTGTGTGAGGTGCCACGAACC	0	0	0			12.48850575	1051.093836	0	67
GTTACAGGTATCTCTTTTCCGTGTACAGGC	11.6845407	42.33546423	3.163027656			0	0	0	39
GTTACAGTTGTTTTGTTCCAACACATAAGC	0	0	9.489082969			0	58.01491951	0	189
GTTACATGTTAGAAGTGTTCGGCCAGCATG	0	0	0			72.84961686	0	0	373
GTTACGACAGCGTGATATTAACCGCTCCGT	0	5.291933029	0			0	0	0	2
GTTACGCAACGGATCCTTTAGGGGTCCATA	0	0	0			237.2816092	174.0447585	0	12
GTTACGCTTTAGAGTCAGTGTTACTCCTAC	0	0	0			0	6.825284649	0	6
GTTACTGCAGGCTGGGGGTGCTCGGGTAAG	0	0	0			0	6.825284649	0	2
GTTACTTATATATTGCTTTCAAAAATCCTA	0	0	0			54.11685824	3.412642324	0	2
GTTAGAAAAGTGTGTCAGGGATTGCGATGA	0	13.22983257	22.1411936			12.48850575	3.412642324	0	9
GTTAGAAGAGATGCAGTGGGTTGCGTAGAC	0	0	0			0	3.412642324	0	10
GTTAGAAGTAAGCGTGTGGAGGAGGGTTCG	0	39.68949772	0			0	0	0	1
GTTAGAAGTTTGATAAATTATAACAGAACC	0	0	0			0	13.6505693	0	4
GTTAGAGTTCGATTTATGGGTATGAATGGC	0	15.87579909	0			0	0	0	2
GTTAGCAGTTTAGGTGCGTTGTACTAAGGT	0	7.937899543	0			0	0	0	2
GTTAGCTATTGAACAGCGGTTCAAGGGGTG	12.982823	0	0			0	0	0	14
GTTAGCTTATCGGTGCAGCGGAAATTTCGT	0	0	0			0	23.88849627	0	25
GTTAGGCGTAGCGTTAGGATGAGCGAGGTA	0	0	0			0	3.412642324	0	1
GTTAGGGGTGACTGCGCCTGAGCTATTGAA	0	0	0			56.19827586	0	0	122
GTTAGGTGAGTCCGCTGGGACAGATGAAAG	12.982823	1394.424353	22.1411936			0	0	0	24
GTTAGGTGATGCCTCCCAACAGCGTGTGCC	23.3690814	15.87579909	41.11935953			0	17.06321162	0	6
GTTAGGTTATTAGCGTAGTAGAGCTGGGTA	0	0	0			0	3.412642324	0	10
GTTAGGTTTGCGTGTTATGACGTTTCACTG	0	89.96286149	44.28238719			0	0	0	3
GTTAGTGAAATATTAAGTCTGATAATTTTT	0	145.5281583	9.489082969			0	0	0	6
GTTAGTGATGTCCCAGATTCGTACAACTTA	0	0	0			0	20.47585395	0	31
GTTAGTGCTCCGCGCCGGTATTGCGGAATA	0	89.96286149	477.6171761			0	126.267766	0	24
GTTAGTGCTGCGTTTCTCTGGGGGGGCGTT	0	0	0			0	600.6250491	0	99
GTTAGTGCTGCGTTTTCTCTGGGGGGGCGT	0	0	0			0	6.825284649	0	1
GTTAGTGGTGATAGTAGTTGGGACGCGGGG	0	0	22.1411936			0	0	0	1
GTTAGTTATTACCGATGTATGGGTCGCTGT	0	0	0			6.244252874	0	0	776
GTTAGTTGTCCTCATGGTACGGCTCCCACG	0	0	0			0	6.825284649	0	3
GTTAGTTTAGGTCTGGGCATTTAGGACTCA	16.8776699	7.937899543	9.489082969			0	44.36435022	0	6
GTTATAAAAGAGCAGTCAGGGATCACGAGT	0	0	0			0	6.825284649	0	62
GTTATAGCAGTATGTAGCAAATTTGGCCGC	20.7725168	142.8821918	12.65211063			0	27.30113859	0	149
GTTATCCTTGTCTCTTGTACATCTTTAGGA	0	0	0			0	30.71378092	0	37
GTTATCGGTTATCTCTGACTTCTTATCGTA	0	0	3.163027656			0	0	0	5
GTTATCTCAGACTTCAATCTTTTAAAATAC	3.894846901	0	0			0	0	0	1
GTTATCTCATTCACGCAGCTGGCTGGTACG	45.43988051	156.1120244	79.07569141			0	0	0	8
GTTATCTGTTGTAAGATTCAAACTGATATA	0	0	28.46724891			0	0	0	8
GTTATGCGTGATGTACGGCATACTGCCGAA	0	0	0			0	13.6505693	0	146
GTTATGGGTAGGTGCAGTAGACGGTGACCG	84.38834951	39.68949772	0			0	228.6470357	0	8
GTTATGGTATTTGATATCGTTGAGGAAGTT	0	18.5217656	0			0	0	0	192
GTTATTACTTTACACTTTGGAACGATGATG	0	0	0			0	10.23792697	0	4
GTTATTCATGTCACAGCCAATCAGGGACTC	0	0	0			0	6.825284649	0	4
GTTATTGATTTGACTGGAAGCAGGCCCTGT	14.2811053	695.8891933	25.30422125			0	95.55398508	0	11
GTTATTGCATGTCTTAGTGCACTGAGAAGT	0	5.291933029	0			0	1658.54417	0	362
GTTATTGCTGTTGAAACTTGATTGAATACT	0	0	0			0	6.825284649	0	1
GTTCAAATAGCTTGCGTTCACTAGGAATAG	1.2982823	0	18.97816594			0	6.825284649	0	1
GTTCAATAAAGTTGGCCGGGCGTTTGTTAT	0	0	0			47.87260536	10.23792697	0	2
GTTCAATTTAGGTGCACAAAGTGGCTTGGG	0	0	0			0	20.47585395	0	1
GTTCACATAGACGGTGAATGATTGATTAAG	0	0	0			20.81417625	0	0	2
GTTCACGCATCCACTTTCCTATTGCTCCAT	0	0	0			0	6.825284649	0	2
GTTCACTAATGGTTGGATCGCTGACCGAAG	9.087976102	0	31.63027656			0	3.412642324	0	32
GTTCAGAAATCAGATTTCAAGTGAGGACTT	0	0	0			0	68.25284649	0	54
GTTCAGCGTGATGAAATTTGTGTAAACGGT	0	0	0			0	542.6101296	0	158
GTTCAGGCTGAAAAATATCGAATTGGATTT	0	5.291933029	0			0	0	0	5
GTTCAGTGTTAAGCGGGCGGGGTAGTGTTG	0	0	0			0	3.412642324	0	4
GTTCATGTAACTCGATTCGGTAGGCATTTA	0	0	0			0	81.90341578	0	8
GTTCATTCTAGTAGGAAACGTATGATTATC	0	0	0			0	13.6505693	0	14
GTTCCATCTAAAAAAGATATGAAGTGAAGA	0	0	0			33.30268199	0	0	33
GTTCCCACTCACCGCACTTCGGAGCTGATT	0	222.2611872	0			0	139.9183353	0	63
GTTCCGCCACTCTGCACCCGTGGGCGAAAT	0	0	0			0	6.825284649	0	302
GTTCCGTTATATGAAACTACTCTTCTTTAT	0	0	0			60.36111111	2484.403612	0	1192
GTTCCTATACAGAGTTCACAACAGTATTGT	0	0	0			0	6.825284649	0	2
GTTCCTCTAGTTTAACAAGGGCATGTCTTG	0	0	0			0	3170.344719	0	2036
GTTCCTGGTGTTGGCGGTCCTAGCCTGTTA	0	158.7579909	0			0	112.6171967	0	23
GTTCCTGTAGGCCCTCCATGGCGATAAGCG	129.82823	87.31689498	158.1513828			0	0	0	2
GTTCCTTAACATACATCTGATTCGCCGTCG	0	0	0			0	3.412642324	0	20
GTTCGAGGTGGTTGATGGGTTATGAGGCGG	0	0	0			0	68.25284649	0	62
GTTCGAGTTGCTTATTCGCCTGGTGTGAGT	0	0	0			0	6.825284649	0	64
GTTCGATCTTTTAGCATCTCCAAGTCGAGG	0	0	0			0	1750.685512	0	213
GTTCGATGTTTCACATAGCGAATATCGTTC	0	0	0			4.162835249	0	0	49
GTTCGCCAATCAGCCCTACCTTTCCAATGC	0	0	0			0	163.8068316	0	993
GTTCGCGATTGAAGCCAAAACACTCTCTGA	0	0	0			0	61.42756184	0	52
GTTCGCGCTCGTCAACCCTGAGACACCTAC	0	0	0			0	3.412642324	0	1
GTTCGGCGAATTATTCGCTTAGAACTGGCG	0	0	6.326055313			0	20.47585395	0	1
GTTCGGCGACATCGATGCTACAGATTACTG	0	0	0			2.081417625	0	0	3
GTTCGGGATGTGGCTCTGCGGCGGGGCATT	0	0	0			0	6.825284649	0	41
GTTCGGGGTGCTGTGCAAGAGGCTTCTATG	0	0	0			87.41954023	0	0	777
GTTCGTAAAGGGCGCACGCGGCCAGTAGTG	0	0	9.489082969			0	0	0	5
GTTCGTATTCCACGATTTGAGGGTTGGTTC	0	0	0			0	30.71378092	0	1
GTTCGTCAATCGTCTTTGTGTCGCGGGGTC	0	0	0			74.93103448	37.53906557	0	18
GTTCGTCCACAGAAGGTTGGGGGCGGTCTC	0	0	0			24.97701149	0	0	2
GTTCGTGGAGGGGCCGGTGGTATGGGGCGG	0	0	0			0	17.06321162	0	5
GTTCGTGTACAGTCGGTCTTTGGCCGTTAA	0	0	0			0	3.412642324	0	1
GTTCGTTTTTCCTGGTCGTTATTTGGAGCC	0	0	0			235.2001916	17.06321162	0	435
GTTCTACATGATTCACGCTCAAGTAATTGT	0	0	79.07569141			0	0	0	3095
GTTCTAGTACACGATTGTCGGATATGCAAG	0	0	0			0	194.5206125	0	1257
GTTCTCAACCCTCTTGCCTCGCAATTATAA	1.2982823	0	0			0	0	0	1
GTTCTCACTTTCTGCCCCTGTCCTTGCAGT	0	0	0			0	406.1044366	0	44
GTTCTCGCAATGCGTGAAACACGTATCGGG	45.43988051	0	3.163027656			6.244252874	6.825284649	0	8
GTTCTCTGTAAGTGGAGTTCGATGCGTATT	0	0	0			6.244252874	0	0	390
GTTCTGCTACATATATGTGGTTCGTTAGGC	0	0	0			0	6.825284649	0	200
GTTCTGGTTTATAGGCCGGACCGGAGTACC	0	0	3.163027656			0	184.2826855	0	6
GTTCTTAAATTTCGATTCTGAAAGTGCTTC	0	0	0			10.40708812	0	0	10
GTTCTTCATCGGTAATGAGGCTGTAGTTCC	0	2.645966514	0			0	17.06321162	0	28
GTTCTTTGTAGAATTTTATGTTGGCTTAGG	0	0	98.05385735			0	6.825284649	0	79
GTTGAAATAAGTATACCAATGGTTGAGTAC	0	145.5281583	69.58660844			0	6.825284649	0	1
GTTGAATTTGCAAGTGCCGTGTTGATTGGT	0	0	0			0	156.9815469	0	248
GTTGACACAAATGAGCTGGGCTAGTTATCG	0	0	0			0	10.23792697	0	2
GTTGACTTTGGGAATAGGGTCATCTCCGTT	9.087976102	0	15.81513828			0	150.1562623	0	232
GTTGAGAGAAGGGGGTTATGGGATGGGGTG	0	0	0			22.89559387	0	0	124
GTTGAGGCACAACAATTCACAGGGTGACAA	0	0	0			0	160.3941892	0	156
GTTGAGTTATGGAGTCCAGCTACGCCAAGC	0	15.87579909	0			0	95.55398508	0	3
GTTGATACAAGTAGCGGGGGCGGTTCGAAC	0	0	3.163027656			0	0	0	2
GTTGATCGTTGAGATCTTTACATTTTAGAG	0	0	0			0	334.4389478	0	39
GTTGATGATACCCATGTCAATGCGCTACTA	0	0	0			124.8850575	2794.954064	0	183
GTTGATGATCACATCCAGGATCTTGTAATC	3.894846901	10.58386606	0			0	0	0	1
GTTGATGATCCCCCTGTCAATTCGCTACTC	0	0	0			0	3.412642324	0	1
GTTGATGCATGATGATAGTTACACGGTACA	0	0	0			0	3.412642324	0	5
GTTGATGTATGTGGATATGGGGGCACTAAT	0	0	0			0	13.6505693	0	2
GTTGCAAGTTATCGTGAGACTAGCGTATTC	0	190.509589	294.1615721			0	27.30113859	0	30
GTTGCATTTGACTGATAACCGCAACTACGG	0	0	0			0	27.30113859	0	13
GTTGCCAGACAGTGTGAGCAAGTAAGGTAG	0	0	0			0	6.825284649	0	1
GTTGCCCCTGGGGTTTAGATGGTGTACTAT	0	0	0			8.325670498	27.30113859	0	68
GTTGCCGCTGGTAGGCTGGTTTTGGCTGAA	0	0	0			0	30.71378092	0	21
GTTGCGGTTTTATGACTATTCTGAGGGGAT	0	0	15.81513828			0	6.825284649	0	228
GTTGCGTCTCCCAAACCCATGCGTATACAC	0	0	0			52.03544061	419.7550059	0	255
GTTGCTAATAGATAGATCGCGCACCGTTGT	0	0	0			0	6.825284649	0	2
GTTGCTCAAAGCTAACGAGGTAAAGATAAA	0	0	0			278.9099617	2037.347468	0	1720
GTTGCTCCAGATCCCACCAACCCCCTGGGT	0	0	0			0	6.825284649	0	13
GTTGGAGCTAAGCGGGGCCAGCGGCAGGAG	0	0	0			8.325670498	0	0	1
GTTGGAGCTGGTCGTGCCCCTTCAGAGCAT	0	0	0			18.73275862	0	0	1
GTTGGATCAGGCTGAAGCGGGGCTTCGGGG	0	10.58386606	0			0	98.9666274	0	57
GTTGGATGACGTAGCCATTACTTATTATTC	0	0	9.489082969			0	0	0	2
GTTGGATGTGAGGAACTGTAATAGTGTGTC	179.1629574	0	0			0	1071.56969	0	2131
GTTGGATGTTATTTAAGAAGGTACCGTTTG	2.5965646	0	0			0	6.825284649	0	4
GTTGGCAGAGACTTGGATGGTTCAGCGTTC	0	0	0			6.244252874	174.0447585	0	22
GTTGGCTGAAGCCGATTTCCCGCTGAATGA	0	0	22.1411936			2.081417625	245.7102473	0	33
GTTGGCTGTTGAGAGCGGACTATTAGTAGA	2249.923226	1484.387215	1689.056769			0	583.5618375	0	4553
GTTGGGCAATAACGGGCTGCTGTGTTAGGC	0	0	0			0	3.412642324	0	1
GTTGGGCAATAGAGAGTCGGTGTCATGGCA	0	0	0			0	27.30113859	0	199
GTTGGGCCATCTAGCTTTTACATCGTTGTG	0	0	0			0	51.18963486	0	160
GTTGGGGCAAATGGCAGGGAAGGAGCCACG	0	0	0			0	20.47585395	0	8
GTTGGGGTAGGTGGTTCTGAGTAGAGAGAT	0	0	47.44541485			0	0	0	383
GTTGGGGTTTGGTGACGTGGGGCGGGTCAC	0	0	243.5531295			0	153.5689046	0	741
GTTGGGTGTGCCTTCGTTCGCGCAGCGTTC	1.2982823	0	0			2533.085249	2631.147232	0	2714
GTTGGGTGTGGTATAGAATGGGAGTTGGGG	0	0	0			0	27.30113859	0	1
GTTGGTAATCCGACCGTGGTAACACCCTGG	0	0	0			0	3.412642324	0	3
GTTGGTAATTACGCGACCCGCCCAGCTCGG	0	0	0			0	3.412642324	0	1
GTTGGTACTGTTGCTTATTGAATAAAGTAA	0	0	0			4.162835249	0	0	49
GTTGGTATAGAGCACTGACCCAGGGTTAGA	50.63300971	92.60882801	635.768559			0	163.8068316	0	1
GTTGGTCATTGAAGAACGAAGACAGGGATC	0	132.2983257	0			0	54.60227719	0	110
GTTGGTCGATGCGAATACTAGGATCGTCTT	0	0	0			8.325670498	0	0	30
GTTGGTGATTTCATGCATCACTTCCCCTGA	67.51067961	174.63379	37.95633188			0	0	0	117
GTTGGTTTAGATTGTTACACGCTTAACGGA	0	0	0			0	2754.002356	0	1203
GTTGGTTTAGTAATTTTATAAACGGCCTGA	0	0	0			0	6.825284649	0	1
GTTGTAAATCAAGTCGCGTGGTCAAGTTCT	0	0	0			0	17.06321162	0	4
GTTGTAATATAGGGACCACGCGGTCGGTCT	0	0	0			168.5948276	1436.722419	0	24
GTTGTACGTTGCCTTTTGGGTGTGTGTGAC	0	0	0			0	20.47585395	0	41
GTTGTAGTTAGGTCGGAGTGTTCTGTGCAC	0	0	15.81513828			0	6.825284649	0	1
GTTGTAGTTGAGGCTGTATAGATCGGTAAT	0	0	6.326055313			0	0	0	26
GTTGTCAAATGGTTTCGTGTTGGACAACTT	0	0	0			85.33812261	1303.629368	0	190
GTTGTCGCTAGGAGAGTCGCAAGGGGCTAA	0	0	0			0	13.6505693	0	12
GTTGTCTTTGGATTGGGAGGTAGGGGAGCT	0	0	0			0	3.412642324	0	1
GTTGTGTCTAGCAGAGGTCTGGAGAAACAA	0	0	0			0	10.23792697	0	903
GTTGTTAAAGTATCCTCTGTGCATTCGGTC	0	0	0			183.164751	293.4872399	0	101
GTTGTTACAGATATCTTTTAACGAACTATA	0	0	0			0	3.412642324	0	1
GTTGTTCATGTGCTAACGGGACTCGACGAA	0	0	0			0	3.412642324	0	60
GTTGTTCGTCGCTTACTGTGGGCTTTAGTC	0	0	0			0	17.06321162	0	1
GTTGTTTCTCCATCCTCGACAGGAGAATCG	0	0	18.97816594			0	0	0	2
GTTTAAAAATCCAGAAACTTTGGGTTTGCG	0	0	1268.37409			0	1051.093836	0	3215
GTTTAAAATAGGCTGCTTCTCACTGTCACT	0	0	110.705968			0	0	0	1530
GTTTAAAATGTTATCAAACCGAGTGGGTGC	0	0	0			0	47.77699254	0	478
GTTTAAATAGGTGGTCTTAGAAGGGCTCCG	934.7632562	269.8885845	800.2459971			6.244252874	307.1378092	0	562
GTTTAACAAGCGGCCCACCTGATGGGTGTT	0	0	0			0	20.47585395	0	767
GTTTAACGTAAGATGTTGGACCTCTGAGAC	0	0	0			0	3.412642324	0	104
GTTTACTTATGCTATACGTGCGGGTCGCTC	0	66.14916286	0			0	17.06321162	0	8
GTTTAGAAAGAAGGCTTCTGGGGCTATCTG	0	0	0			6.244252874	0	0	156
GTTTAGCAACATGGTCATTGGTCGGAAAGC	0	0	3.163027656			0	3.412642324	0	253
GTTTAGCTACTTGTGTCGCTAGACGCGTTA	0	0	0			97.82662835	0	0	44
GTTTAGTATCCTTAATTAGTTGACGTCCTT	0	0	0			0	6.825284649	0	13
GTTTATTCTTGAGATCTAGTACGTACAGTG	0	0	0			0	30.71378092	0	132
GTTTATTTAGCCAATAATTGCTGCTACGAA	0	0	0			0	27.30113859	0	32
GTTTCAATTACACAGAAAGTTGATGAATTT	0	37.0435312	0			0	0	0	4
GTTTCACATTAGTAATAGCGTTAGAATTTT	0	0	6.326055313			0	0	0	1
GTTTCACGTTCGTCCTCCTAGAACTCTTAA	0	92.60882801	0			0	0	0	104
GTTTCACTTTTGGTTCAAGGTGCAAATGTT	0	0	0			0	17.06321162	0	42
GTTTCCACATTTGATCCTCTGATTCACTCT	3.894846901	0	0			0	0	0	1
GTTTCCGGAGCTTGGATAGTTGAGTCTGGA	0	21.16773212	15.81513828			0	95.55398508	0	41
GTTTCCTGTCTGGTAGATCTAGTAGTAGGA	0	0	0			0	34.12642324	0	147
GTTTCGTGACGAGGCGGGCCATAGGGTCTG	0	0	0			24.97701149	0	0	2
GTTTCTTCTAGGGTGTTATCAGACAAATCG	0	0	0			0	109.2045544	0	3716
GTTTGAAAATGATCCGCTCGGCGGCTTGGC	0	0	0			0	40.95170789	0	12
GTTTGAATAATAAAGATCAGGTCTAGCGGG	0	0	132.8471616			0	0	0	91
GTTTGAATAGGTGGATATTTTATTTTGGAA	0	0	0			880.4396552	0	0	3394
GTTTGACATTATTGGTACGCCTGTTCAGTA	0	0	0			0	13.6505693	0	13
GTTTGAGGATCCGGGTATCCGTGGGGAGTT	0	0	0			0	20.47585395	0	4
GTTTGAGTTAAGAACTACTCGATTGGCCAT	0	0	0			8.325670498	0	0	10
GTTTGATTAGTGTGGGTTGGGGGGTTTGTT	66.21239731	105.8386606	94.89082969			0	20.47585395	0	684
GTTTGCAATTAAAAAGTGGGGGCTAAAGGT	0	0	0			0	47.77699254	0	1
GTTTGCAGTTTACATGCAGAGTAGTTACCG	0	0	0			14.56992337	0	0	57
GTTTGCGCAGTGCATCATAAAACTCTTGTA	0	0	0			0	245.7102473	0	1326
GTTTGCGTTAATCACCTGCTATCATTTGCA	0	0	0			0	54.60227719	0	81
GTTTGCGTTGGCCTTCCTTTGGGAGGAGGC	0	0	0			0	20.47585395	0	1
GTTTGCTATGTAGATTACTTAGATGCAGCT	0	0	0			18.73275862	0	0	2168
GTTTGCTTAAATTAGCTGGAGTCGTTAGCT	59.72098581	52.91933029	34.79330422			0	81.90341578	0	41
GTTTGGACTTTTTAACAATGGATTGGCTGG	0	0	0			0	6.825284649	0	1
GTTTGGCGAGCCGAGCGGATTATCGTGACA	0	0	0			0	354.9148017	0	35
GTTTGGGCTAAAATGTTCTGGGTTCATGTG	0	0	0			0	13.6505693	0	2
GTTTGGGGATTTGGGTCCGTCCGAGACGAG	254.4633308	0	0			0	20.47585395	0	18
GTTTGGGTTCATCGGTGGTTATTGCGCCGA	0	0	0			2.081417625	3.412642324	0	5
GTTTGGTATCATGCAGAACCTATTGCTTGT	0	0	15.81513828			0	10.23792697	0	3
GTTTGGTTATGAGGCTAGGCGGATAAGGTA	0	0	0			8.325670498	0	0	3
GTTTGTAGTGTGTAGTGGGGGTAGCAGGTT	0	0	0			0	27.30113859	0	3
GTTTGTATTATTTAGTTCGCTTCAACAAAT	0	0	0			0	3.412642324	0	1
GTTTGTGCTCATACGGTGATGGAATGATCA	0	0	0			20.81417625	10.23792697	0	79
GTTTTAAATATCACAAGGTCGTCATGAGAG	0	0	0			29.13984674	58.01491951	0	6
GTTTTAAGTGCTTGCGTCCGTCGAGAGGCG	27.2639283	148.1741248	75.91266376			85.33812261	146.7436199	0	201
GTTTTAATATACGAAAAAGTGGTTTACATA	0	0	0			0	160.3941892	0	798
GTTTTAATTCAAGATTGCTTTGCATTTTCG	0	0	0			2.081417625	0	0	33
GTTTTAGTACTCACTTCGGGCCGGTTAGTA	0	0	0			62.44252874	160.3941892	0	3
GTTTTAGTATGGGTAGTCTGGATAGCGTGG	0	0	0			0	139.9183353	0	2
GTTTTATATTCGGGAGTCCTGTGGATGGGA	0	0	0			0	6.825284649	0	133
GTTTTATTAACCACACCAGCACACGGTGCA	0	0	0			2.081417625	20.47585395	0	4
GTTTTCAATCATAAAGTTTGGTTTTGGAGG	0	68.79512938	0			0	30.71378092	0	116
GTTTTCAGTTCTCAAATCCTGAGAAAGGTA	0	0	0			97.82662835	105.7919121	0	933
GTTTTCGAATAGCTCTTTCAGTTAGGTGGT	0	0	0			0	3.412642324	0	1
GTTTTCGGTGGTCTTGAAATTGTTAAAGGG	0	0	0			0	17.06321162	0	5
GTTTTGAGATTACGAGGGCGCAGGCATGCA	0	10.58386606	246.7161572			0	0	0	800
GTTTTGATAGTGCGTCTCTAGGCTGACTTA	0	0	0			56.19827586	23.88849627	0	53
GTTTTGCAATCAAGCCAGTCGGGACTGGCA	19.4742345	58.21126332	3.163027656			0	0	0	12
GTTTTGCGTTGGTGCATGTTATACATAAGA	0	0	0			35.38409962	30.71378092	0	133
GTTTTGTTTTATGCGATGGTTGCAATGTGT	0	0	0			0	44.36435022	0	862
GTTTTTAGAGGCGGGGAATGGTTTTTGAAG	0	0	0			24.97701149	1136.409894	0	895
GTTTTTGGTGCCATGGATGCTTTATGTGTT	0	0	6.326055313			0	6.825284649	0	55
TAAAAAGCAATAACTTTGATTGAAACGGGC	1.2982823	0	0			0	0	0	3
TAAAAAGCTTATAGTTAAATCGGAGGTACA	0	0	0			0	51.18963486	0	309
TAAAAAGGACGCCGGACGGCAGTGCGAAGC	0	0	0			0	95.55398508	0	288
TAAAAATTAGAAATTCATTTCTCGCTTAGT	0	0	0			58.27969349	365.1527287	0	70
TAAAACATTACAGGTGCCCCTCGCTCAGAG	0	0	0			0	10.23792697	0	16
TAAAAGAAATGTTGGGGCGCTGTAGTGGAC	0	0	0			0	3.412642324	0	8
TAAAAGAGTCACTGTGAGCTGGCGGGAGGG	0	0	6.326055313			0	0	0	1
TAAAAGCTAACAGGACGGGGATTAACTGAG	0	0	0			0	71.66548881	0	41
TAAAATTCTCCAGCCAAAAAAGCGACGGAG	0	0	18.97816594			0	0	0	14
TAAACACGTATGCGTTCCTTAAAGTTCAAT	0	0	0			0	23.88849627	0	6
TAAACATCTGGCATTATAAAGTCCCGATCT	227.1994025	111.1305936	297.3245997			0	92.14134276	0	25
TAAACCAATCGTCTGCGTTGACTAGAGACG	0	0	0			0	27.30113859	0	156
TAAACCCTACGCCCGCTTATGACCTTCCAT	0	0	0			0	34.12642324	0	83
TAAACCGCTCAAATGATTCGATACCGTCTG	0	0	22.1411936			49.95402299	675.7031802	0	949
TAAACGAAAATTAATGGGAGTTCAACGATA	0	0	0			0	4443.260306	0	2191
TAAACTCATGAGGGGGACAGTTGGCGGGTG	0	0	0			20.81417625	0	0	52
TAAACTCTACTGCGGTTTTGGGAATTTTGC	0	171.9878234	0			0	0	0	61
TAAACTGGACGCGGGGGGATGCTTAAAGAC	0	0	0			0	44.36435022	0	25
TAAACTGGTCGGGTCTGGCTTTACGTGGTA	0	2.645966514	0			12.48850575	27.30113859	0	11
TAAAGAGGTAGGGAGTGCCATTGTAAACGC	0	0	0			0	27.30113859	0	112
TAAAGAGTACAACAATTTTTCGCATTTGGG	0	0	0			0	3.412642324	0	1
TAAAGCGTTCCTGTCTTGGCCCATGAGTGT	0	18.5217656	0			0	27.30113859	0	35
TAAAGCTAACTGTCAGACGATCTTACGATA	0	0	0			0	6.825284649	0	67
TAAAGCTAATCTGGAATTACGACGGCAGTA	0	0	0			70.76819923	249.1228897	0	19
TAAAGCTTTACCAACGGGTCTAGAGACGTC	0	0	145.4992722			0	238.8849627	0	19
TAAAGGTATGTACATTAGGGCAGGACGATA	0	0	0			0	904.3502159	0	449
TAAAGTAAATGCTACATTCCCGAATATGAG	0	0	0			56.19827586	0	0	15
TAAAGTGATCCCTCGGTCTAAGACGCGACT	3.894846901	124.3604262	0			0	0	0	1
TAAAGTGGAAAGCAGTCCGTTCCGGCTCGT	0	0	0			0	3.412642324	0	10
TAAAGTGTTGGTTGGCGAAAACAGCCCGCA	0	0	0			81.17528736	0	0	60
TAAAGTTCTAGCGGGACAAAACCCTAAGTA	1.2982823	10.58386606	9.489082969			0	34.12642324	0	16
TAAAGTTTAGGATGCCCGAACTTCCTTCAA	0	0	0			0	40.95170789	0	3
TAAATAATTATACTTGTCAGTAGTAGAGCT	0	15.87579909	0			0	494.833137	0	64
TAAATAGTTGGGTGCAGAATGGATTGGTTT	6.491411501	100.5467275	60.09752547			0	27.30113859	0	19
TAAATATGTCAAAGCAAAGATCAGGGTTAG	0	0	0			0	10.23792697	0	5
TAAATCAAACATCGTCATATGGTGTATGAG	0	0	0			0	3.412642324	0	8
TAAATCGGTGGGCTGTTGAATATGTCCACC	0	0	0			10.40708812	23.88849627	0	58
TAAATCTTTCTGTACGCTGCGGTCAACTGA	0	0	0			0	68.25284649	0	502
TAAATTTCACTATTAACGTCGCAGGGGCTG	0	0	0			24.97701149	54.60227719	0	600
TAACACGGAGGGTGGATGGCAAAGGGTAAA	0	0	0			0	17.06321162	0	61
TAACAGCCAGGTTAGTGGAGCAATGAACGC	0	0	0			0	3.412642324	0	1
TAACAGGTAAGGTTGTCTGTATGATCTAAA	12.982823	0	25.30422125			0	47.77699254	0	428
TAACAGTTTGGTCGGATTGGCACATGTACT	0	0	0			0	2242.106007	0	1045
TAACATGCTAGGTGCACACACGCTTACGGA	0	0	0			0	122.8551237	0	767
TAACATGCTTGGATATTTGATTGGAGATAT	0	2.645966514	0			0	0	0	410
TAACCAATTAGCAACTTATAGAGTGGACGT	0	0	0			0	81.90341578	0	110
TAACCATGTGGATTTAGTAGCACCAGGTAT	0	0	256.2052402			0	259.3608166	0	512
TAACCGTCAATCAAGGGTGTAAGAAGCGAG	0	0	3.163027656			0	0	0	2
TAACCGTGAGTTGTTGGGGAAGGTACAGAG	0	10.58386606	0			0	0	0	928
TAACCGTTTCGAAAAGAGGTTAAACACGCA	0	18.5217656	6.326055313			0	0	0	4
TAACCTAGATTACGTAGCACAACGTTTTGC	0	0	0			4.162835249	0	0	4
TAACCTAGTAACCTACCCACCACGAAAAGC	0	0	0			0	20.47585395	0	20
TAACCTTCAATGAGATGCATTAGGGGTGCG	0	0	0			0	17.06321162	0	145
TAACGCCGTTGACACGCTACTAGGTCAGGA	0	0	0			0	10.23792697	0	1
TAACGCTAAATATGTTGGAAGTGCACTGTC	0	0	0			0	30.71378092	0	5
TAACGCTTAACTATAGTGCTCAGTTAGGGG	0	0	0			0	58.01491951	0	178
TAACGGAATACTTGAGCGCATGAGAGACGT	0	0	126.5211063			0	0	0	426
TAACGGGTAGATTAGGAAGAAGGCGCGGGC	0	0	0			0	68.25284649	0	44
TAACGGGTTGCGAATAGACGTGAAGATAAA	0	0	180.2925764			0	0	0	13
TAACGTAGTTGAGTGCAGGTGCATGGGGTA	2.5965646	2.645966514	0			0	3.412642324	0	5
TAACTAATTTGGATAATGCTTTTGAGGTAG	12.982823	0	0			0	0	0	12
TAACTAGTATTGTGTACAAAGTAGGCGATA	5.193129201	0	0			0	6.825284649	0	4
TAACTCTGATCCTCGCTGATCTGCTCGGGC	0	0	0			0	235.4723204	0	27
TAACTGAATTTGGGACAGCATTGGATTAGC	0	0	0			0	6.825284649	0	65
TAACTGCATCGCATCGGGTACCACTTTACG	0	23.81369863	0			0	0	0	251
TAACTGGATCGAGTTTAGTGGATGTAGGAT	0	0	18.97816594			8.325670498	61.42756184	0	29
TAACTGGCACAGGAGCGCAAGGTGTAAGCT	0	0	0			110.3151341	508.4837063	0	64
TAACTTAGTACCAGAGTTCTAGCGTTGTAA	0	0	0			0	348.0895171	0	885
TAACTTGCAAAAGCGAGGTGTCCAGACCGG	0	84.67092846	0			0	81.90341578	0	302
TAACTTTTAGTTAGGAGCCGGCCGGGTGGT	0	0	0			2379.060345	0	0	553
TAAGAACAAGGCGGTGGCTAGGAGCAGGGT	0	0	34.79330422			0	10.23792697	0	19
TAAGAACTTATTCTGTTTGGTCTGTGGCAT	0	0	0			0	105.7919121	0	1225
TAAGAAGTTCTATAATGGGCCAGTAGTAAT	99.96773712	116.4225266	6.326055313			0	30.71378092	0	1
TAAGACAGAAGGAAAGGTTTCAATCTAATA	0	0	0			31.22126437	0	0	806
TAAGACTATTGTAATCTAACTTTTATATCT	0	0	0			18.73275862	211.5838241	0	47
TAAGAGAGATAGCGTGACCGAATGAGGGCT	0	0	0			14.56992337	0	0	9
TAAGAGGTACACTGGGAAAGCGTAGTTGTG	0	0	0			0	549.4354142	0	55
TAAGATAGAGAGTCAGAACTCACGGGTGAT	0	0	0			0	61.42756184	0	408
TAAGATCCATCCTTAATTTAGTTTTAAGCG	0	0	0			0	10.23792697	0	17
TAAGATTAACTGGTAATACGCTCTACTGTA	0	0	0			0	85.31605811	0	192
TAAGATTGAGGACCGAGATCAACACCGTAA	0	0	41.11935953			0	3.412642324	0	224
TAAGCACAAGTTCTCTTCTCGTTTGATCAT	11.6845407	13.22983257	113.8689956			0	27.30113859	0	4
TAAGCAGCTCTCATTATCAAGTTGGGCCAT	0	0	0			0	3.412642324	0	1
TAAGCCCGTGGGTGGCTGTCGAGTGGCATG	0	0	0			0	1668.782097	0	108
TAAGCGGATGCTAGGGAATTAAATGTGGAA	0	0	0			6.244252874	0	0	4
TAAGCTATAGCGTGTTACATTGGCTTACGG	0	0	0			0	20.47585395	0	476
TAAGCTGGTTTCCGGATTGAGTTGTTTCAG	0	0	0			0	344.6768748	0	794
TAAGCTGTATTGCCCCTTCTTATGGCAATG	0	0	0			0	61.42756184	0	17
TAAGGAATAAGAGACGCTTTCCGCGATCAG	0	0	0			0	133.0930506	0	91
TAAGGATGAAGTTAGGGAGGGGGCGATGTA	0	0	0			0	494.833137	0	128
TAAGGCGTAGATAAAGGTGTTCGTTAAAAG	0	0	0			12.48850575	0	0	5
TAAGGGGCAATTAGTTTAATGCTCTCGGAA	0	0	0			0	20.47585395	0	3
TAAGGGTATTTGGGGTTCGGACTACAATCG	0	0	0			0	10.23792697	0	4
TAAGGGTTAAGCAAGAGCTCGACACGCCAG	0	0	0			2.081417625	71.66548881	0	3
TAAGGTGTACTCTAGGCAGGTACGATCCCT	0	0	0			0	153.5689046	0	80
TAAGGTGTTAAGGTTGATTGAGGTACACTA	0	0	9.489082969			0	0	0	10
TAAGGTGTTTCCCAAGGGATTAGCAGCCCG	0	0	0			0	68.25284649	0	78
TAAGTAACAATTTCGCGAAAGTCTGGATAA	15.5793876	34.39756469	47.44541485			0	0	0	1
TAAGTACCTTAAGTATTTCTGTGTCCCTAC	0	0	12.65211063			0	0	0	92
TAAGTATCATGGCAGAACTGGAGAGTGTTA	10.3862584	58.21126332	6.326055313			0	47.77699254	0	27
TAAGTATGTGGAGGGACACTCTACGGGAGT	0	0	0			0	13.6505693	0	46
TAAGTCAATTATGGGAAGGGCATTTTGTTA	0	0	3.163027656			0	10.23792697	0	16
TAAGTCCGTAACAGATGCTGTTTTTTATAG	0	0	0			0	23.88849627	0	1
TAAGTCCGTGATACGGGGGCCGCTCCTGCA	0	124.3604262	0			287.2356322	573.3239105	0	680
TAAGTGAATGGTATTGATTGGTAGGGCTGT	0	0	0			0	10.23792697	0	25
TAAGTGGTACCGTTTGCAGTAAGGGGCGGT	0	0	0			0	37.53906557	0	23
TAAGTGTGAGCTGGTATAAGTGTAATGGGT	0	0	53.77147016			0	0	0	1312
TAAGTTAAAATACAATTGGAGAAAATGCAA	3.894846901	95.25479452	3.163027656			0	40.95170789	0	7
TAAGTTGTAAAAAATACCGTCTTTCAAGGA	20.7725168	18.5217656	3.163027656			0	0	0	1
TAAGTTGTAACGTACCTTGAATAGCAGCAG	0	0	0			0	10.23792697	0	2
TAAGTTGTTGGCTGATTACCTGAGAGAAGG	0	0	0			0	191.1079702	0	123
TAATAACGTGCCGAGCAGGGGACCCAAGCG	0	0	0			0	47.77699254	0	3
TAATAATTTCGTGTACAGGCTAGCGTGTAA	0	0	0			0	13.6505693	0	9
TAATACCTTTGGAAGGGTCGGAGCGGGGAA	0	0	0			10.40708812	0	0	1
TAATACTCATGTAACTGTTGGCTTAGAGGG	0	23.81369863	0			0	0	0	211
TAATACTCTGATTTGAGTCATGCTTTTGAT	18.1759522	0	0			0	0	0	2
TAATAGCGAAGAGCGTCACTTCCTTATACG	0	0	0			0	3.412642324	0	1
TAATATAATACATTGTAGGTTACGGTCTAA	0	0	0			0	64.84020416	0	202
TAATATAGTTCCGCGTTCATTTATTCCGAT	0	0	0			0	10.23792697	0	20
TAATATGAATGAATCTATGCAGATGGTTCA	0	0	0			0	51.18963486	0	219
TAATATGTTCCGAACTTTAGGAACGCCGTA	0	0	0			77.01245211	180.8700432	0	88
TAATATTATAGACATATATACCAAGTGATT	0	29.10563166	0			0	20.47585395	0	44
TAATCAGCTCGACTGCGCACAATCCCGAGG	0	0	0			0	17.06321162	0	17
TAATCAGTACGTGCGTGTGGGGATAGCTGC	0	0	18.97816594			0	116.029839	0	7
TAATCATCTGCTTATGGTAAGATCGATGTC	0	39.68949772	0			120.7222222	808.7962309	0	1746
TAATCCACTGTATGTGGCCCGGCACTCGAA	0	0	0			0	10.23792697	0	171
TAATCCCAATTTTAAGAATATTATAAATTA	97.37117252	179.925723	12.65211063			0	511.8963486	0	48
TAATCCGCAGTGATGCCGAGTATATTCATG	0	0	158.1513828			0	47.77699254	0	200
TAATCGGATCAGCGACGGTGGGTTTCATTT	0	0	0			0	13.6505693	0	1
TAATCGTTACCATAGCGTATGGGTACGGGC	0	0	0			0	64.84020416	0	401
TAATCTCATAGTATTACTTAGACAATATTA	0	0	0			0	34.12642324	0	8
TAATCTCTTTCCAAACAGAGCTGGTTCGGC	0	0	0			162.3505747	44.36435022	0	7
TAATGACAAGAGGGGGCAGAGGGTGCCGGC	0	0	34.79330422			0	0	0	4
TAATGAGAAATGTTAGAATTGCTAGAGTGT	0	0	6.326055313			12.48850575	160.3941892	0	44
TAATGATGTTTTTGTGGGCGTTGATTGGTG	0	0	0			0	6.825284649	0	11
TAATGCCGATTTCGGCTTGCATAAGGGGGG	0	0	0			0	13.6505693	0	1
TAATGCGTTCCCATGGTTTCTCCAACTAAT	0	0	0			0	3.412642324	0	3
TAATGCTCATAAACAATAATGTTTACCTGC	0	0	15.81513828			0	10.23792697	0	43
TAATGGACTGACAGGCGACTGTCAAGCGTG	0	0	0			0	3.412642324	0	1
TAATGGAGTTAAGTCGAGGCAAATATGCGG	0	0	22.1411936			0	3.412642324	0	4
TAATGGATAAGGGAGGCAGTAGGCCATATC	0	0	0			4.162835249	0	0	3
TAATGGCTTCATCTTCGACATGACCCAAGT	0	0	0			0	13.6505693	0	579
TAATGGGCTCTGGATTGAGAGTTGGGGGCG	0	0	0			0	474.3572831	0	90
TAATGTCAATATTTTCTGCCCGATCTGGAA	0	0	0			0	494.833137	0	197
TAATGTGGACGCTAGTTTCTGTCGATGTAC	0	0	0			0	6.825284649	0	1
TAATGTTCACAGATCGTATCTGTTGCGGAA	0	0	0			0	863.398508	0	925
TAATTATTTACAGGATGGGAGCCAGGAGGG	0	50.27336377	158.1513828			0	194.5206125	0	390
TAATTCAAAGAGGTGCACAGTGGGCTTGTT	0	0	0			0	3.412642324	0	1
TAATTCATTCGTTCGGATGACGGCGCTTTT	0	0	0			18.73275862	0	0	1
TAATTCCGTGGTAGGCCATGACATATATTA	0	0	3.163027656			0	37.53906557	0	5
TAATTCCTTTGATGTGAGCGTAGTGATCTA	0	0	0			0	160.3941892	0	1275
TAATTCGTATAGTTTAATCTCCCGTTGGAG	0	0	0			0	20.47585395	0	27
TAATTCTATTTATCTTTGTGTGCGGATACC	0	0	0			35.38409962	0	0	1041
TAATTCTGAGTCTTATTAATATCCCACTAA	0	13.22983257	0			0	0	0	9
TAATTCTTTTCACATTGTATGTTGAGTCGT	42.84331591	2.645966514	63.26055313			0	10.23792697	0	1
TAATTGACAGTCCATTATCAGAAAAACAAG	2678.356385	1494.971081	2777.138282			0	1235.376521	0	1944
TAATTGAGAAATAACCAATCTGTGTGTACA	0	0	0			0	10.23792697	0	39
TAATTGGCTCTACAGATGATTTCTTTGCAG	0	0	0			0	3.412642324	0	15
TAATTGGTTGTGAGTGTGTATTAAAGTGTT	0	0	183.4556041			0	0	0	430
TAATTTACCTCCCCTCATCCGAACACAAAT	0	0	3.163027656			0	0	0	1
TAATTTACTCAATTTCAAGAAATCGTTTCG	3.894846901	13.22983257	18.97816594			0	10.23792697	0	17
TAATTTAGTGTTTTGGCTGCTTTTACAGTA	0	0	0			0	153.5689046	0	20
TAATTTCGTGGATAACGACGTAACATCACT	0	0	0			0	20.47585395	0	1
TAATTTTGTTGCAGACATGGAAGAATATTT	0	0	0			0	3.412642324	0	1
TAATTTTTAGATGGTAGCTTTTGATCCTAA	0	0	0			0	51.18963486	0	55
TACAAAATTAGACACCGTGCATGCGAGAGC	2.5965646	0	6.326055313			0	0	0	5
TACAAACAATTGGGGCTGTGGTTTTGCTAG	0	0	0			0	259.3608166	0	540
TACAAATTTACCGCGGCGATCCGTTGTCGT	0	0	6.326055313			0	0	0	559
TACAAGACATGCACAGTGCTTATATATTTA	0	0	0			0	6.825284649	0	47
TACAAGGGTCCAGCATTACTCCAACATATC	0	7.937899543	0			0	0	0	4
TACAATTCAGCCCGATTAGCGCTTAGCAAT	0	0	0			0	10.23792697	0	55
TACAATTGAGAAAATTCAGATAAAGTTCAG	0	0	0			697.2749042	0	0	870
TACAATTGTAATTTGCGGAGACCAAACACT	0	0	0			0	10.23792697	0	36
TACACCACATACAAGTGTGAGTCGGCCAGA	0	0	0			43.70977011	58.01491951	0	3
TACACGGATCTTGGCCATGTAGTGTATTTG	0	0	0			0	30.71378092	0	7
TACACGGGTCTCGGGGTCGGTAGTCGGGTG	0	0	0			0	17.06321162	0	5
TACACTACTATGCTTTAGTCCACGGTTTTC	33.75533981	394.2490107	0			0	197.9332548	0	397
TACACTGCAGCGACTAACTGCCTAGGTCGC	0	0	0			0	6.825284649	0	25
TACAGAGATTTTTACAGTAGCAGATTAAGA	0	0	0			0	2610.671378	0	5387
TACAGGATAAGTCTCACGATGATTGTTTGT	0	0	0			0	194.5206125	0	1778
TACAGGCGAAGCATCGACAGGGGTCGGATC	0	0	0			10.40708812	0	0	64
TACAGGCGATCACGCCAATATCGGTGGTTG	29.86049291	34.39756469	22.1411936			0	51.18963486	0	16
TACAGGTATATTTTATGTTGCGGGCTGTGT	0	0	0			0	13.6505693	0	2
TACAGGTGTCGATCGACTGGGTGTCTACAA	2.5965646	0	0			0	0	0	189
TACAGTCGTCAAAGGCCTCACGGTGGGTAT	0	0	0			0	34.12642324	0	12
TACAGTTCTTGCAACCCCATGTTAGATGAG	0	0	0			6.244252874	0	0	4
TACATAAGTTGAGACGGGTACCCGGGTGGG	0	0	0			0	13.6505693	0	1
TACATCCCTGTCCGCCATCGAGCCAGACTT	0	0	0			0	20.47585395	0	11
TACATGACTAGCGACTAAACCTACTTGCTC	0	166.6958904	0			0	0	0	5
TACATGCATTACCGTCTTGGGCGAGGGTTT	0	0	0			0	13.6505693	0	7
TACATTAGATCGACCAGCTCTAAAGTTTGA	63.61583271	0	66.42358079			0	85.31605811	0	124
TACATTCCTTGATAATAATTGGCAACAGAG	0	0	0			0	163.8068316	0	275
TACATTGAATGCGGAGTGGCCTATCTGTGC	0	0	0			0	58.01491951	0	9
TACATTTTTAAGTCGTCAACTCCTTATTTT	0	227.5531202	0			0	221.8217511	0	21
TACCCACCCCACCCCGACCCTCTTCACCTA	0	2.645966514	0			0	0	0	1
TACCCATAAACTTGTACCGAAAGCTCCGGA	0	0	0			0	20.47585395	0	18
TACCCCACATCCCATTCTCATAAACCCAAG	1.2982823	0	0			0	0	0	1
TACCCCTTAGGGCTAGAACAGTCGACTGCG	0	0	0			0	92.14134276	0	25
TACCCTAGTGGGTACTGTCTTAACGTCAAA	0	0	0			20.81417625	34.12642324	0	3
TACCCTGTAGAGTTTTGGTGAGGGCACGTT	0	0	0			0	10.23792697	0	1
TACCCTGTTGTTTCTTTGCCTTTGATTTCC	45.43988051	211.6773212	25.30422125			0	252.535532	0	28
TACCGAGAAAACTGCACTTGTGAAGGAAGC	0	2.645966514	0			0	95.55398508	0	1129
TACCGGGCTCATGTCGAGGTTGGGAGGGGT	0	0	9.489082969			0	0	0	6
TACCGTGCTGTGGCCACGAGTGAAATCTGG	0	0	0			0	27.30113859	0	135
TACCTCCTTCCGTCAACCAGTGAGCCCATC	0	0	47.44541485			0	13.6505693	0	52
TACCTGTGTCCCGCAGCAAGTTTTGTTTCC	0	0	56.93449782			0	0	0	14
TACGAAAAATTGTATACTGGCTCAGGATGA	0	0	0			0	20.47585395	0	1
TACGAAATAAGTCGCGTGACTTTGAGAATG	0	0	0			0	6.825284649	0	2
TACGAGAAAAATGCGTGCTGCTTCTGCACT	0	785.8520548	1834.556041			0	0	0	1499
TACGAGACACGAGGTTGGATCACGACATAA	0	0	0			0	71.66548881	0	42
TACGAGCTACGTGGGTTTACGGAGGTGAGG	0	0	0			0	37.53906557	0	150
TACGAGGCTACTCAGCTTGCATATGATTGG	92.17804332	23.81369863	0			0	0	0	7
TACGAGGGTTCTCTAGGCTGAGGCGTCAAT	14.2811053	0	0			0	0	0	1
TACGCACGTATAGATGCGAAAGGAGGGACA	0	0	0			0	146.7436199	0	127
TACGCTACATCAACTAGTTGGTTAGCGCGC	11.6845407	0	0			0	0	0	10
TACGCTTATCTGGGTACAATGCGAGTGCGG	0	0	0			0	40.95170789	0	24
TACGGATGATCAAATGGGTTGAAGTACCTA	0	0	0			0	37.53906557	0	380
TACGGGAAAAAATGTACCGTAATGCCTCGG	0	0	0			8.325670498	34.12642324	0	36
TACGGGCAACTGGCTCAGCGCGCAAGGGTT	0	0	0			0	13.6505693	0	5
TACGGGCGTGTTCGCGAGAGTAAATGGTGC	0	0	0			2.081417625	0	0	9
TACGGGGTTAAAACCTCCGGATAGATATGT	0	0	0			0	6.825284649	0	11
TACGGGGTTTCTTTATTGCATTAAGACGCC	0	0	15.81513828			0	0	0	22
TACGGGTCTACATGTTTTAGTGCTGTCAGT	0	0	0			0	10.23792697	0	1
TACGGGTGATATGCGGGCACACGCGGCACC	0	0	0			0	95.55398508	0	326
TACGGTATAGTCGGCAGCGTGGCAGTCACC	0	0	0			0	13.6505693	0	3
TACGGTCGTAGTTAGATCATGTTTTTACAG	0	0	34.79330422			0	0	0	2180
TACGGTGTATTAACCTGGTGTGCAAGGTCG	29.86049291	34.39756469	0			0	0	0	3
TACGTAAGTTGTGCGGTGATGGGGGGGTTG	6.491411501	10.58386606	0			6.244252874	0	0	11
TACGTATTAGGGAGACAGGTGGTGTCATTT	0	0	0			231.0373563	3982.553592	0	2172
TACGTCATTAGTAGGTATTTTTGAAATAAC	0	0	0			16.651341	17.06321162	0	2306
TACGTCCAATCCATTCATGATGGAGAAAGG	0	0	0			2.081417625	0	0	5
TACGTCGCTAGCCTTGAATAATAGTGCATG	0	0	0			4.162835249	0	0	2
TACGTCTCTGAAGTCGTATGTAACGGGGGA	0	0	0			0	3.412642324	0	1
TACGTGCTAATGGGTTTGTATTAAGGTTTT	0	0	0			0	13.6505693	0	1
TACGTGGGTGATTCGAGACAAGTTGGTGCT	0	0	0			0	10.23792697	0	1
TACGTGTCTCCTGGTAGGGGGTTGGGCTGT	0	0	0			0	238.8849627	0	146
TACGTGTTTTGGGTTCGTGTGTTAACAGCC	0	0	0			0	30.71378092	0	15
TACGTTAGTGTTAGAAAGGCCGGGAGCTTT	0	0	3.163027656			0	0	0	8
TACGTTCCAGACCCTGCGGGGCTTTCTTCC	0	0	0			0	3.412642324	0	2
TACTAAGGATAGTTCGCAGGTGAATAAGTA	0	13.22983257	0			0	0	0	6
TACTAGGCTGCACGAGCGAAGAGTTGTTTG	0	0	0			0	6.825284649	0	2
TACTATGGATTTGTTAATATTCGCGAACTG	0	0	0			74.93103448	13.6505693	0	15
TACTATGTAGTGGGTGAGCATACCAGTAGT	0	0	0			0	10.23792697	0	1
TACTCCCACTTTTACGCATATTATACATTA	0	2.645966514	0			0	0	0	1
TACTCCCCACGGTTCATGTCTCATTCTAGG	0	0	0			0	13.6505693	0	26
TACTCCGGTGAGTAGTCCCTCATGTATCCA	0	0	0			0	3.412642324	0	2
TACTCTCGTTAGTGGTACTTATATTCCTCG	0	0	60.09752547			0	10.23792697	0	7
TACTCTGTACGTTTTCGCTATTAGGACAGA	49.33472741	0	60.09752547			0	187.6953278	0	47
TACTGAATAAATGTTGTCTCGATACGCGAG	2.5965646	0	0			0	0	0	1
TACTGAATTCGTTGTGAAAATGGCTGGTTG	0	0	0			0	10.23792697	0	8
TACTGCGCTAGGACACTCTTCGTAAGGGCC	0	0	0			0	6.825284649	0	7
TACTGCGTAAACGTCAATGCGAAGAGCTAT	0	10.58386606	3.163027656			0	0	0	2
TACTGCGTTTTAATGGATGCTGGGTCTCAT	0	0	34.79330422			0	0	0	8
TACTGCTATCGAAGGACCGTTTTCGTTAAT	0	0	0			0	10.23792697	0	11
TACTGGCTTACAGTACCTGACGGGCAGGGT	0	0	0			0	17.06321162	0	5
TACTGGTTACCTGGTCGGCGCGGTCATGAG	32.45705751	0	22.1411936			0	0	0	101
TACTGTAAAGCGCGTACTGAACATAACAGA	0	0	15.81513828			0	177.4574009	0	3
TACTGTAGTTCAAGTCATGGCCTAGGGGGT	0	166.6958904	0			0	300.3125245	0	33
TACTGTGATAGTGCAGTGAGAGGCTGATTT	0	0	0			10.40708812	6.825284649	0	15
TACTGTGATGGTGAGTCTTGAAAGAGGGTG	0	0	0			291.3984674	92.14134276	0	309
TACTTACAACCGTTGGGGCTCGAAGACTTG	0	0	0			0	160.3941892	0	16
TACTTATGTAATTTACACACAATTGATGTA	0	13.22983257	0			0	0	0	4
TACTTATGTAGGCCGGATGTGGCTCCCCGC	0	0	0			0	17.06321162	0	8
TACTTCAAACTGTCTGTATCCGGAAACATG	0	0	0			0	6.825284649	0	231
TACTTCACTGTGCGCATACCTCTCGGCGTC	0	328.0998478	12.65211063			0	20.47585395	0	4
TACTTCGAAGGAGTGCCCAACCGCTTTAGG	0	0	0			0	228.6470357	0	149
TACTTGACATTTTGGCTATACAAGCCCTGG	0	0	0			8.325670498	10.23792697	0	17
TACTTGGCATGGTTTCCTCTAGGCCTAGAA	0	0	22.1411936			0	0	0	7
TACTTGTAAGAAGTGCGAATCCCTATCTAC	0	0	0			0	3.412642324	0	1
TACTTGTATTTAATTACAAGGGCGGTCACG	24.6673637	145.5281583	468.1280932			0	37.53906557	0	758
TACTTGTGAGCGATAGAACACAATTGAGGA	0	0	0			14.56992337	0	0	41
TACTTTACATGTGTCACCGGGAGTTGCAAA	0	349.2675799	493.4323144			0	17.06321162	0	257
TACTTTAGTTTTTATTTAGGTGTCAGTTTA	0	0	0			20.81417625	170.6321162	0	36
TACTTTCTAGGGAAGATTGCTTTAGGAATC	0	0	0			0	3.412642324	0	37
TACTTTTATGACGTTGCAAGGACGTTTAAT	18.1759522	37.0435312	0			0	0	0	9
TACTTTTTTATCCGAGTTATGGGGAATGGA	55.82613891	111.1305936	12.65211063			8.325670498	27.30113859	0	19
TACTTTTTTTGAGGTCTCGGTGATGGAATA	0	0	0			0	10.23792697	0	8
TAGAACGCTGTCCGACCGCGCGCCTAATAG	0	0	0			0	3.412642324	0	1
TAGAACTCATCGTGATAGGATGGGGGAAAG	0	0	0			0	61.42756184	0	3
TAGAAGGGAGATAAAATCGAATGTGCATTC	0	0	6.326055313			0	0	0	19
TAGAATATTGCTTACTACCATGCTGGAGCC	0	0	69.58660844			0	98.9666274	0	1
TAGAATCGTTATGTAGCGGCCGCTACCTAA	0	0	0			0	3.412642324	0	1
TAGAATGCTGTCCGACCGCGCGACTAATAG	0	0	0			0	201.3458971	0	143
TAGAATGGAAAGTTCAGGACGCACTGATTG	490.7507095	0	0			0	126.267766	0	1535
TAGAATGGAGAGGTATAGCTTGATTATCGA	0	0	0			0	20.47585395	0	6
TAGAATTTATTTATCGGGAGTTATGGTGTG	0	0	0			0	112.6171967	0	17
TAGACAAATAGGTGTGGTACAGTTCACTTA	0	0	15.81513828			0	0	0	10
TAGACATTTTATTAAGCATACCGATCCTTG	0	0	0			0	61.42756184	0	95
TAGACCTCTTGTGGAGGGGCGCATAGAGGC	0	0	0			0	6.825284649	0	1
TAGAGCATATGGATGCGCCTGGCGGAACTG	0	13.22983257	0			0	0	0	7
TAGAGCGGATGGCCAGGAGTATTTCATGAT	0	0	0			0	13.6505693	0	1
TAGAGCTCTCGGGTGGCAGATGGTCCGGGG	0	0	0			0	17.06321162	0	6
TAGAGGAAAGATGCTTCGAGGGCCGGAAAG	0	0	0			0	6.825284649	0	1
TAGAGGTTTCCTATGGGAGTGATACCGGGC	0	0	0			0	23.88849627	0	294
TAGAGTGGATAACGCATTGACATGTAGGTG	0	0	0			0	515.308991	0	438
TAGATAAAAGCGGTCTTTACCGTTGCCAGC	0	0	0			0	102.3792697	0	341
TAGATAATAGTACTCCTCGAAAGTATGACA	0	0	0			0	10.23792697	0	33
TAGATAATTTATCTGAAATAACAGCATATG	0	0	0			0	17.06321162	0	2
TAGATACCACGCCCGACGGAGTTGAACGGC	6.491411501	7.937899543	0			0	0	0	1
TAGATATCTTGTCTCAATCTCTTAAGAACG	0	15.87579909	3.163027656			0	20.47585395	0	3
TAGATCACTGCTCAGCATAATTCTAATTTA	0	0	0			0	112.6171967	0	175
TAGATCCGAGAAGGACACCCAGGAGACCTC	0	0	0			0	484.5952101	0	79
TAGATCGAAGCACGAGCGTGTATTGGTATG	0	0	12.65211063			0	3.412642324	0	14
TAGATGAAAGAATGGTGGTTTAGGTCGACT	0	0	0			0	6.825284649	0	1
TAGATGAGTTGATATTATCGCTGTTGGCTT	518.0146378	1783.381431	531.3886463			0	194.5206125	0	1259
TAGATGATATGAGCAAGGCGGGCCTATGGA	0	0	0			8.325670498	6.825284649	0	3
TAGATGCCTTAGTGGATACTCCCGCGCCAG	0	0	0			0	102.3792697	0	16
TAGATGGATCACGGCGCTGCGTGGAAGCTC	29.86049291	193.1555556	47.44541485			0	354.9148017	0	41
TAGATGTGTTTGGGTCATGAGGGGAACGGT	0	0	0			72.84961686	255.9481743	0	154
TAGATGTTTTGCTGGTGGTAGTCCTCAATC	0	5.291933029	0			0	0	0	12
TAGATTAAAGCCAGGGTCGCTTAGTCAGTG	0	0	9.489082969			0	0	0	25
TAGATTCATGTGCTTTGCTGATCAAGCAGC	0	26.45966514	0			0	0	0	2
TAGCAAACACGGCGTGGCAGTCTCGAGGTG	0	0	0			0	27.30113859	0	2
TAGCAAAGAGCCGATCGGTCGGATTGGGAG	0	0	0			0	78.49077346	0	83
TAGCAAAGAGCCGTGAGGGCAAATCTTCAA	12.982823	31.75159817	22.1411936			0	58.01491951	0	29
TAGCAACTATGACAGGTATGATCGGGGGGG	0	15.87579909	0			1717.16954	4218.025913	0	1576
TAGCACATAGCGGAGTGTTTGACGCAATTT	0	0	0			0	44.36435022	0	855
TAGCAGAGAGGATTGGCTGAAAACTGAACT	0	0	0			0	27.30113859	0	257
TAGCATACTTAACTGGCGCGGAAGGAGGAA	0	224.9071537	31.63027656			0	0	0	3
TAGCATCGAGGTTTGGCTACTTAGTGCATG	0	0	0			0	3.412642324	0	17
TAGCATGCACTGCGCTGCTATACAGCCATA	0	0	0			0	10.23792697	0	2
TAGCATTGTTCCTAGTAACAGGAAGTAACA	0	0	0			0	10.23792697	0	1
TAGCCCGCTGGGGACCCGCGAGCAGTAAGA	0	0	0			0	58.01491951	0	141
TAGCCCTGACCTAGCCCTTACTAACTTGTA	0	0	183.4556041			0	0	0	908
TAGCCGGAACCCAGAGTCGAGTGGGCGAGA	0	0	0			0	23.88849627	0	88
TAGCCGGCAGACTCGCCCGGAACCTATGAA	0	0	22.1411936			0	44.36435022	0	73
TAGCCGTCTATTAGATATCAATCCATGGAT	0	0	0			0	3.412642324	0	1
TAGCCGTGACGCAAGGGTCACCAGAGTTTA	0	0	0			0	6.825284649	0	1
TAGCCTGCAATGTTCTAACGTTTCCCAGGG	0	0	0			0	23.88849627	0	3
TAGCGAGATGATCGCAGTTTAAGGCAGTTG	0	0	0			27.05842912	392.4538673	0	1127
TAGCGCTATGAGTGTGATGTGTTGCTACGA	0	0	0			24.97701149	655.2273263	0	539
TAGCGGGATCCCCCCAGCGGGGTTGGTTAA	64.91411501	161.4039574	0			0	0	0	1
TAGCGGGGTTACACATGTCCATTCGTAACC	0	0	0			0	6.825284649	0	39
TAGCGTCTTGTGCACACTCATCGCGTTCGT	0	0	0			0	10.23792697	0	54
TAGCGTTCTGGGCGTTAGGGAGGTTCAGTG	14.2811053	13.22983257	47.44541485			0	20.47585395	0	101
TAGCTAAAAATATGCGACATTTTGGACAAG	0	0	3.163027656			31.22126437	10.23792697	0	41
TAGCTAATTACGGCAGAGGGCTAGAATAGG	0	0	0			0	75.07813113	0	1
TAGCTACCTGTTTGGTAGGTGTGATGCATC	0	0	47.44541485			0	0	0	121
TAGCTAGCTTGCTCAACCAATATAGGAACT	0	0	0			0	17.06321162	0	974
TAGCTCCTAAAGACGCTACGGCTCGATGGA	46.73816281	66.14916286	22.1411936			0	13.6505693	0	9
TAGCTCCTTCGGTGGAGGGGACAACTCGAA	1.2982823	0	0			0	0	0	4
TAGCTCGTTGGAACCGAGTTTCGTACGGGC	51.93129201	92.60882801	15.81513828			0	30.71378092	0	11
TAGCTCTCATCCGTGTTCGAGTTCGTTCAG	0	68.79512938	0			0	20.47585395	0	104
TAGCTGAGTTATTTTTTAAGGGCCTGAGAC	0	0	0			16.651341	0	0	476
TAGCTGCGACTACGTGCGTTGACTGAGTAC	0	0	9.489082969			0	0	0	7
TAGCTGCGTGGATTAGGGGCAGACCCCGGC	0	26.45966514	170.8034934			0	81.90341578	0	4
TAGCTGTTAGGGAAATTACTGAAGCTCCTA	0	0	0			70.76819923	0	0	23
TAGGAAACATGCCTCAAATGACGGCCCAAT	0	0	0			0	13.6505693	0	212
TAGGAATTTTTGAGCGTGCCCGGACCGAGG	0	0	0			0	17.06321162	0	1
TAGGACGTTCCTGGGTCGGCAGCAACTCTG	0	0	0			0	522.1342756	0	1004
TAGGAGGATGATAGGGGCTTTGGGGCCGGG	0	0	53.77147016			18.73275862	228.6470357	0	85
TAGGAGTGAGAATAGTACTCATACTATGTT	0	23.81369863	0			0	64.84020416	0	68
TAGGATGCTATGTTACCTGTCCACGTACGT	0	0	0			0	614.2756184	0	2013
TAGGCAACTAATGATTTTCCATGAGGTTAG	0	0	0			634.8323755	0	0	177
TAGGCATGTATGATGCGGTATTTGCAACGT	0	0	0			0	10.23792697	0	6
TAGGCGTAAAGGTTTAATGAACTGTACGTG	0	15.87579909	0			0	0	0	225
TAGGCGTTTTCGTGTGTTTGAAGGCTTAGA	0	0	0			0	23.88849627	0	7
TAGGCTCTTCTAGACCAGAGGAATCCTTTA	212.9182972	97.90076104	0			0	37.53906557	0	42
TAGGCTGCTTGGTTTTCACTCACACCGGAC	0	0	0			0	3.412642324	0	609
TAGGCTGTTATACATAAAGTGGGCCAGCGT	0	0	0			0	337.8515901	0	234
TAGGGACAATGAGATGGGGGTTAATGGGTA	0	0	3.163027656			0	0	0	1
TAGGGCAATAAGGCTGTCGATGCAGCTAGT	0	0	0			0	20.47585395	0	21
TAGGGCACATGTATGTGAGGAAAGAGCAAT	0	0	0			0	228.6470357	0	18
TAGGGCCCACGGAGCACGATGACGCGCGAG	0	0	0			0	47.77699254	0	741
TAGGGCGCTAACATGTCAGTACCAAGTAGT	7.789693801	5.291933029	0			0	0	0	3
TAGGGGTCATTGGCCGGACGTGCGTCCGAT	3.894846901	0	66.42358079			0	0	0	352
TAGGGGTGAGCAGATACTGGCAAGGGGGAG	0	0	0			0	30.71378092	0	8
TAGGGGTTTGCTGTTATTCGAGACCCCTGG	0	0	0			0	61.42756184	0	101
TAGGGTAGTGGCGTCCAATGTGTGGCCTTC	0	0	436.4978166			0	0	0	202
TAGGGTGGTCTTTTAACACTTTATCTACTC	194.742345	685.3053272	69.58660844			0	13.6505693	0	894
TAGGGTTCTTCATCTGCTAGATGGGGGAAT	0	0	0			101.9894636	47.77699254	0	7
TAGGTAGTATACTGGCGAGGGGTCGGGCGA	0	7.937899543	0			0	3.412642324	0	1
TAGGTAGTTGTAATCAATTCTCTCAGGGGG	0	0	0			22.89559387	0	0	347
TAGGTATAAAAGGTTGGGGGGGTCTGGCCC	66.21239731	63.50319635	0			0	327.6136631	0	116
TAGGTATCTCGATATACACGCCTAGGAATT	0	0	0			0	71.66548881	0	68
TAGGTATCTTACGCCAGCACACGGTTACAG	59.72098581	39.68949772	25.30422125			0	10.23792697	0	343
TAGGTCATTCCAAGCAACGCGATGGCTAAA	0	0	0			0	17.06321162	0	27
TAGGTCATTGAAGAAAACTGGGTAAACCTT	0	0	0			0	23.88849627	0	10
TAGGTCGCTGAGCGGACCTGGTGCGGCGTG	16.8776699	0	6.326055313			0	6.825284649	0	7
TAGGTCGGTTGTAAGACGCTTGAAGAGTTG	0	0	0			199.816092	150.1562623	0	355
TAGGTCTATAGAGCGGCGAAATGGCACATC	0	18.5217656	0			0	0	0	5
TAGGTGGGATCGCACGGGAGGGGGGTAGAA	0	0	0			0	68.25284649	0	120
TAGGTGTCTAGGCCGACTTAGCTGCTATTT	12.982823	42.33546423	12.65211063			0	6.825284649	0	24
TAGGTGTGACCTCGTGGTGCTAGGTCATCA	0	34.39756469	0			0	0	0	1
TAGGTTGGTGGCTACTGACAAAGGGACGCA	0	0	0			18.73275862	0	0	123
TAGGTTGGTGGGGGGGATATAGGAGGAGGC	0	0	0			0	13.6505693	0	6
TAGTAAACAGGGGCACATACACGTCGAATG	0	0	0			0	13.6505693	0	6
TAGTAATCTGGTTCTCCCCTACCCAAGGAC	79.19522031	44.98143075	243.5531295			0	0	0	119
TAGTAATGTCTCGGGATGATTCTCAATGGA	0	0	705.3551674			0	143.3309776	0	123
TAGTAGCTTCCTACAGCCCATCGAATGTTG	0	0	0			0	873.636435	0	160
TAGTAGGAACGGAGGCCGGAGGTGTGGGCG	0	0	0			0	23.88849627	0	1
TAGTAGGAATGGCCGTGAATCAGGAAAAGT	0	0	0			43.70977011	450.4687868	0	132
TAGTAGTGATATTTATGGGCGGGATTGAGT	0	0	6.326055313			0	0	0	1
TAGTATCGACCCTCAGCCCGACTTCGTTAG	0	0	0			97.82662835	0	0	1
TAGTATGGTTGTGTTATCCATTGTTGGTCA	5.193129201	2.645966514	0			0	116.029839	0	14
TAGTCACGTGGCGGAAGTGAACTCTCGTAA	7.789693801	0	0			0	10.23792697	0	1
TAGTCAGATGCCGGGGTTGGCGATTATTGC	0	0	6.326055313			0	0	0	177
TAGTCAGGATGTCGGACCCATCGCTAAAGA	733.5294996	1463.219482	249.8791849			0	218.4091088	0	38
TAGTCTACAGTAAGGGAAAGTTTTCAGGCG	0	0	22.1411936			0	30.71378092	0	47
TAGTCTAGTTGTCATTCTCATCACTTAGTC	0	0	0			0	6.825284649	0	14
TAGTCTCCTCAAAGAGACGCTGGCAAGCTC	0	0	0			0	187.6953278	0	27
TAGTCTTTAAATTCTTTCTGGGGGTCGCTC	0	0	0			0	286.6619552	0	79
TAGTGAAGAAGAGCATTATTGCAAATTGAG	0	0	0			0	3.412642324	0	1
TAGTGACGAGGGGCGACAGCATCGACGTTT	0	0	0			39.54693487	75.07813113	0	106
TAGTGAGGAAGTGGCCAGGGTCGACGCGCA	0	0	0			60.36111111	40.95170789	0	208
TAGTGATAAGACTTTCGTTATTATTTACAG	7.789693801	0	221.411936			0	0	0	50
TAGTGATCTACGGGCCAGATAGTGCGCTTG	0	0	0			0	68.25284649	0	122
TAGTGGAATCCTTTCTCAGCTCTGGGGGAT	0	0	0			0	64.84020416	0	25
TAGTGGTTTTGGCTGGGGGTTTAAGCGAAT	102.5643017	338.6837139	1866.186317			0	34.12642324	0	1928
TAGTGTGGAAGTCCGTGATCAGAAGGGGGG	0	0	0			0	6.825284649	0	4
TAGTGTGGTGGAGCCGTGAACGGGGGCTAT	0	0	0			0	300.3125245	0	13
TAGTGTTTTACTTTAATTGTGAGATAAATG	0	531.8392694	398.5414847			0	399.2791519	0	112
TAGTTAATATCTCGTGGCAGAGAGGTCTTC	0	0	0			0	13.6505693	0	4
TAGTTACCTTGTGCGCACATTGGGCAGAGG	0	5.291933029	0			0	0	0	15
TAGTTAGAATGTATCCTTCTGGTATGCTGG	0	0	0			0	3.412642324	0	406
TAGTTAGTAGTTAGCGATTGGACTTCCACT	0	0	0			0	3.412642324	0	1
TAGTTATGAGAGTTATAGGCGATGCGAAAG	0	0	0			0	324.2010208	0	187
TAGTTATTTTTTAGTCGTACGTTGTACATG	0	0	139.1732169			0	0	0	765
TAGTTCCATACCGTGTCGTCTAGAGGGGCA	0	0	0			0	6.825284649	0	9
TAGTTCGGTTATGTCATTTCGCGACAAATG	0	0	0			0	105.7919121	0	1038
TAGTTCTATCCCTCAGACCCCCGCATAAAG	0	0	47.44541485			607.7739464	0	0	1585
TAGTTCTCTTACGCCACAGAATGCTTACTA	0	0	25.30422125			0	0	0	3
TAGTTCTTTATTCAATGGGAAAATCGGACT	18.1759522	26.45966514	75.91266376			0	30.71378092	0	167
TAGTTGACTACAAAGTATTTATGCCCAAGG	0	0	0			0	23.88849627	0	1
TAGTTGCAAGCTGACAGGTAGAGGTTCAGC	0	0	0			418.3649425	300.3125245	0	278
TAGTTGCGATGGGCGTGGATGGAGCCGTTG	0	0	0			0	85.31605811	0	111
TAGTTGGAAAGTGTGTGGCATGTTAGATGG	20.7725168	0	9.489082969			0	0	0	6
TAGTTGGGTAACCTTTTTCCCGTAGTTAGT	6.491411501	0	0			0	3.412642324	0	20
TAGTTGTCAACAGGGTATGCTCTAATTGGC	0	0	0			0	3.412642324	0	1
TAGTTTACTGCACTGGTATCAAGATCACGA	0	0	0			0	23.88849627	0	1
TAGTTTAGAAGTTAGGGTTAATGTCGGTGG	0	0	0			0	10.23792697	0	16
TAGTTTCCATCTCTCGTTGCTCTCGTCTTG	0	0	0			0	10.23792697	0	5
TAGTTTGAAAGCTAGGTATGGGAGTAAATT	0	0	0			0	51.18963486	0	11
TAGTTTGATTGCATTAATGGTTAACGGGAC	0	0	0			0	30.71378092	0	2423
TAGTTTGCTGGGTTTAGGACTTAGGAGGTG	0	0	0			0	17.06321162	0	2
TAGTTTGGTGTGAAAGGATGAGTCGCTTAT	0	0	37.95633188			0	0	0	158
TAGTTTGTACGAGTGCAGGGTGATTCCTCC	0	0	3.163027656			0	3.412642324	0	8
TAGTTTGTTGAATGATATGTGTATGGCTGG	0	0	6.326055313			0	0	0	1
TAGTTTTCAAATACACAGGAATCCCTAAGA	0	0	0			5619.827586	13.6505693	0	556
TAGTTTTGAGAACTGTTGGGATTCTGCCGT	0	0	0			0	3.412642324	0	13
TAGTTTTTATTATTCATGGGGTTAAATGTG	0	0	0			0	88.72870043	0	60
TAGTTTTTTGACCGAATTCATTGATGGGTT	0	0	0			0	6.825284649	0	1
TATAAAAATAAATTTTTCTGGAGCGGCTTG	0	0	0			0	6.825284649	0	1
TATAAAAGAGTATGGTGGTTCGCTACGGGT	0	0	0			0	81.90341578	0	1679
TATAAAGGTATTTTTCACAATGGAACTGAG	0	0	0			27.05842912	232.0596781	0	1165
TATAAAGTATAGGTAGCAACGGGGTTAGTT	0	0	0			0	6.825284649	0	1
TATAAGCCCAACGCTGCGCAGGGTCGTCGC	0	0	3.163027656			0	0	0	1
TATAAGGAAGTGTTTATGCTCATTCCTGGG	0	0	9.489082969			0	0	0	3
TATAAGGCACGAATTGAGACAGTGAGCGCT	0	0	0			0	17.06321162	0	147
TATAAGTGTCTTCTGTTCTGGTAAGTAATC	0	0	0			106.1522989	0	0	84
TATAAGTGTTTCATTATTAGACAGGTCGCC	0	0	0			4.162835249	0	0	4
TATAATCGTCGGTCTTGGTGTTTGACGCCA	0	0	0			0	6.825284649	0	1
TATAATGAAAAGACTTTAGGTGAGGACCCT	0	0	0			0	81.90341578	0	744
TATAATGAATTATAACTACTACTCGAGAAA	0	0	0			0	6.825284649	0	74
TATAATGACGGCCGCCTTATTGTTGAGGCA	0	0	53.77147016			0	85.31605811	0	87
TATAATTATATGCCAGAACCTGGGGGTATC	0	31.75159817	0			0	0	0	9
TATAATTCTCCAATGGGATATAGTAGGTAT	16.8776699	0	0			0	0	0	2
TATAATTCTGTACTGTTTAAGTTTCGAGAT	0	0	0			0	290.0745976	0	864
TATACGAGTTGGCTGTTAAGGTAACCACTC	77.89693801	79.37899543	47.44541485			22.89559387	129.6804083	0	75
TATACTAGAAAATATGTTCAATAGTTTGGA	0	0	0			0	37.53906557	0	8
TATAGACATATACTCAGGGCTCATGGACAG	0	0	0			12.48850575	0	0	18
TATAGACATGGAAATAGTGTCTTGACACCA	0	0	0			0	204.7585395	0	337
TATAGAGGATAGTCCTATGATGATTCTCAT	9.087976102	219.6152207	120.1950509			0	143.3309776	0	449
TATAGCAATTTGCGATAACCTTGGTGTTTA	0	0	0			16.651341	0	0	7
TATAGCAGAACTAGAAATTGCTTTATTGTT	0	0	0			22.89559387	0	0	392
TATAGCAGATTTGGGGTTGCACCGGGTCCG	0	0	1600.491994			0	6.825284649	0	1555
TATAGGATTCGAAACCGGTGAGTGACCGCG	0	0	0			0	924.8260699	0	697
TATAGGCAAAATCGTTTGGTATACCGGGGG	0	0	0			0	17.06321162	0	2
TATAGGCCAAACGATGCGCAGGGTCGTCGC	0	0	31.63027656			0	30.71378092	0	110
TATAGGGATAAAAAAGTTATAGGGGAAGTT	0	21.16773212	0			0	0	0	151
TATAGGGGTGGAAGTTCCGATAACAGGTGT	0	0	9.489082969			0	20.47585395	0	86
TATAGTGGTTTACTACATGTCCGCGGATAT	0	0	0			2.081417625	0	0	1
TATAGTTGTTGGTTTTTGATGCATGTGAGA	0	0	0			0	365.1527287	0	69
TATATACTTCCACATATTAAATAGTTGTTG	0	0	0			0	112.6171967	0	253
TATATCCTTTTACGCATAAAACAATGTCCT	24.6673637	39.68949772	104.3799127			0	0	0	368
TATATCGAATTTCGGCACTTTCACCAACAT	0	0	34.79330422			6.244252874	938.4766392	0	458
TATATCTTATGCCAGGGGCGACGGGACGGG	0	0	0			0	10.23792697	0	3
TATATGAATGGTGCACAATCCCTCCCTCCG	0	0	0			0	17.06321162	0	8
TATATGAATTTAGTTCTCTACTTGATGAGT	0	0	0			0	30.71378092	0	73
TATATGGAATATCTCGTCGGACTGATCGGT	0	0	47.44541485			0	1054.506478	0	12
TATATGGGTGCCGTGGATTCTTGGGTTTCA	0	0	0			20.81417625	0	0	21
TATATGTATCGTTCTGCTCCCTGGTACTGG	10.3862584	0	0			0	0	0	1
TATATTGCAATGGGGGTTTCCGGGGCGGCT	0	0	63.26055313			0	447.0561445	0	3
TATATTGTATTATGTTGGGTGCATTAGGGG	0	0	0			0	1822.351001	0	322
TATATTTCAGCGATGCTCTTTGAGTAGTAG	0	0	136.0101892			0	320.7883785	0	2106
TATATTTTACGGGTGCTTCGTGTGTGAATT	0	0	0			0	17.06321162	0	19
TATATTTTTGTTCAATTAGTTGCCATTAGA	0	0	0			0	6.825284649	0	67
TATCAAAAATGGAACCGGGCCGAGGGGAAA	0	0	0			0	13.6505693	0	14
TATCAAATAGGGAAAGGTTGGTGCTCGGAG	0	0	0			0	3.412642324	0	1
TATCAACGTCGATGGGCCCGGGGGGAATGC	0	0	0			0	20.47585395	0	5
TATCAAGTTGAATGATACTCGATGTAGTCA	0	0	0			0	10.23792697	0	42
TATCACGTTGTGTAAAAACTAACAGATTGT	146.7058999	145.5281583	28.46724891			0	160.3941892	0	13
TATCAGGATCTTAGTGAGTGGATGTTATCA	0	0	0			10.40708812	0	0	1
TATCAGGGTCATCCCTCAGTCCCGGTAGTA	0	0	0			0	20.47585395	0	2
TATCAGGGTTTGTGTAAAATTCCGCTAAAC	0	0	18.97816594			0	0	0	28
TATCATATTATTTGGAATGATTGTATTCTC	0	2.645966514	117.0320233			22.89559387	2457.102473	0	69
TATCATGAAAACAAGCTTCTGAATCGGGCA	48.03644511	66.14916286	0			16.651341	10.23792697	0	4
TATCATGGTGTCACTGTCTGTACTTCTATT	0	0	6.326055313			0	163.8068316	0	132
TATCATGTTTGATTTCTTGCGTAGATACCC	798.4436146	833.4794521	914.1149927			0	34.12642324	0	2254
TATCCAGAACGTTGGTCCTCATCTGCCGGA	0	0	0			0	23.88849627	0	4
TATCCAGCTAACGGGAGTTTTAATTTGTCG	0	0	0			18.73275862	0	0	8
TATCCATAACATACAGAACTTACGGGGACT	0	0	0			0	17.06321162	0	7
TATCCATATATCGTTGTGTGGGGGCGCGAA	0	0	107.5429403			0	10.23792697	0	35
TATCCATATGTTATGTTTCAAGTGTTTCAG	0	0	0			464.1561303	133.0930506	0	863
TATCCCTTTCCTATGTTTGTAGCTGTTCGC	0	0	0			10.40708812	211.5838241	0	51
TATCCGAGTTGTGCGACGTTGATCTCGAAG	453.1005228	132.2983257	82.23871907			201.8975096	136.505693	0	1981
TATCCGCTTAGTTCTGGTGTACGCATTGCA	0	0	0			0	17.06321162	0	21
TATCGAAGTAGGGCGCAGCGCATCGGGGAC	0	148.1741248	53.77147016			33.30268199	37.53906557	0	279
TATCGACAAAATACGTGGGGCAGATGTTGA	3.894846901	111.1305936	0			0	0	0	7
TATCGATTTTCTTAGACATTCCTGTAATTC	0	0	12.65211063			0	0	0	3
TATCGCACATCCTTGAGGGATTGTAGTAAT	0	0	0			0	3.412642324	0	1
TATCGGAAAAAGTAACATGTTATAGGGGCG	0	0	0			6.244252874	0	0	4
TATCGGGAAATACGTCTAGGGGCCTAACGA	1.2982823	0	0			0	6.825284649	0	1
TATCGGTCTAAGTGTCGGATTCAATATACC	9.087976102	34.39756469	56.93449782			0	0	0	51
TATCGTAGAAGGGTGGACAGTAAATAATTG	0	0	0			6.244252874	30.71378092	0	19
TATCGTCCTCGAGTAGGATGGCTCAGCGTA	0	0	0			0	3.412642324	0	1
TATCGTGCTATACAGGGGCCTACGCCGTTG	0	2.645966514	0			0	0	0	748
TATCGTTTTCCCACATCATTTATCTAGGCA	0	0	50.6084425			0	0	0	31
TATCGTTTTTAAATTAACTCCGCCTAGGCA	247.9719193	637.67793	31.63027656			0	1105.696113	0	1147
TATCTAACAAGGTCGATAACTTCAGTGCGA	0	0	0			0	10.23792697	0	105
TATCTAAGTTAGGTCCACCTCTGATACAAG	0	0	6.326055313			0	0	0	1
TATCTAGAACCGGTCTGTGTCGCTGCGAGC	0	0	37.95633188			0	51.18963486	0	464
TATCTAGGATTAGGGGGGCGTGAACAACCT	80.49350261	21.16773212	15.81513828			2.081417625	58.01491951	0	14
TATCTCAAAATGAGGTAGATACTTTTCGAT	0	0	0			0	10.23792697	0	2
TATCTCACATCGAGTTAATGGTCTTACGTG	0	0	0			108.2337165	641.576757	0	1306
TATCTCTTAGTTGCCCAACTTTTGTCCGTG	0	0	0			18.73275862	0	0	6
TATCTCTTTGTAGTGCGCATGTGTCGCGAC	0	0	0			22.89559387	20.47585395	0	14
TATCTGACTGAAGTTGTGTGAAAATGGTCT	19.4742345	0	3.163027656			6.244252874	54.60227719	0	25
TATCTGATAGTAGTGCACATGTGATTGTCC	0	0	0			0	88.72870043	0	5
TATCTGCTTCGGTTTACAGTACACGTCTAG	0	10.58386606	0			0	10.23792697	0	16
TATCTGTTTGTTCGCAGTGGTTTGGGCCCG	0	0	0			81.17528736	0	0	451
TATCTTGTAGAAGGAGTAAAAAATCGGTCT	0	0	0			0	3.412642324	0	2
TATCTTTCTAATAATGTTATGTGGGCACTA	0	21.16773212	0			0	17.06321162	0	32
TATGAAACAGTGTATTATGAATAAGTTGAG	0	0	0			16.651341	27.30113859	0	73
TATGAAAGTGTAATATTTTACTGAGCGTTG	0	0	0			0	17.06321162	0	95
TATGAAATAATATCTATATTTGTACGGTGT	0	0	0			0	3.412642324	0	1
TATGAACCTCTGCAAACCCTTTGTGGCGCG	0	0	0			0	6.825284649	0	4
TATGAAGTAAAGATTGAAATAGGATGTTTG	0	18.5217656	0			0	0	0	71
TATGAATGTATACTGTTAGATAGTTGAGGA	0	0	6.326055313			0	0	0	3
TATGACAGAGAATTTCGAGCGTTAGGGCTG	0	2.645966514	0			0	0	0	1650
TATGACCGTAAAACTATGCCAGGTCTAATA	0	0	3.163027656			0	0	0	2
TATGAGGGTGGGGTTTGGAATTGTTCAGTA	0	0	0			41.62835249	13.6505693	0	13
TATGAGGTAGAGGAGGAGTTGTTTGCTGCA	0	0	53.77147016			8.325670498	27.30113859	0	64
TATGAGTAATGTAGCCATATGCAAACCAAG	0	0	0			0	10.23792697	0	47
TATGATACTCACAGATTTTGTGCAGGGGCC	0	0	0			0	6.825284649	0	2
TATGATGGAGGTGTAGATTAGAGAGGACCA	0	0	0			0	13.6505693	0	109
TATGATTAAATTCTTTTTTCTAAGGAGGGC	0	0	0			0	109.2045544	0	692
TATGATTCTAGGAGACTAGGGTGACCCTCA	0	0	0			0	64.84020416	0	23
TATGCAGTTTTCGCGTAGCGATGCCATGGG	0	0	0			0	13.6505693	0	1
TATGCATGTGCCGTTCACTGGTAGGGCTAT	0	0	0			10.40708812	51.18963486	0	228
TATGCCATTTCCTTCGTGGTCAAAGTTTAC	0	0	0			0	20.47585395	0	49
TATGCCTTTTGTCGTTGTGCACTGTACCAG	0	0	0			60.36111111	27.30113859	0	6
TATGCGCCTGGTGATGAATGGGAATGGGGA	0	0	0			0	235.4723204	0	44
TATGCTATTGTTGGAATGTTTTGTTAGTGG	0	42.33546423	0			0	0	0	430
TATGCTCTTGAGTAGTATATCTCGTACTGT	0	0	0			0	6.825284649	0	10
TATGGACAAGTGTACTGCACTGCTGACTTC	0	29.10563166	0			68.68678161	61.42756184	0	2352
TATGGACCTCACCTTGTTGCCGCGGGGGAG	0	0	0			29.13984674	0	0	210
TATGGAGGTAATCAGCTCTAGTTTGGAGGA	0	0	0			0	13.6505693	0	2
TATGGATTACTAGGCATAATTAGAGGTTAC	0	0	0			0	6.825284649	0	5
TATGGCAGTAATTCAGACGTAGTGTCCTTT	10.3862584	0	28.46724891			0	0	0	7
TATGGCCCTGGCACTACCATGTTCCGAGTT	0	0	0			0	1119.346682	0	18
TATGGGAATATATGGGGATCGCTGTGAAGC	0	0	0			0	27.30113859	0	33
TATGGGGTATAGTGTTACCGGACGGTTGGG	0	0	0			0	6.825284649	0	2
TATGGGTAATGGTTCCCCGGTTCGGCCATA	0	0	44.28238719			0	0	0	2
TATGGGTGAGCGGGCGGAGCTAGCGAGTAG	0	0	0			0	10.23792697	0	5
TATGGTCGACACCGCTAGGGGTCACGGAGT	103.862584	13.22983257	18.97816594			0	27.30113859	0	3
TATGGTGCAGTCATGGAGAAATTGGTAATT	0	0	0			0	13.6505693	0	294
TATGGTGGACTTTTTGGCGTTGGGACGGAA	0	0	0			0	23.88849627	0	64
TATGGTTATTGAAGAGAGCCAGGCTAGGCG	6.491411501	26.45966514	44.28238719			0	17.06321162	0	9
TATGGTTCAGACATGCGGGGGACCTCGCCA	0	0	0			41.62835249	122.8551237	0	53
TATGGTTCTGTTATGTTAAAATAGGGGTTG	0	0	0			0	61.42756184	0	6
TATGGTTTTTGTTTCACAGTTACCTGGAGT	0	0	0			0	17.06321162	0	16
TATGTACCTCTTTTTACTCGCCTACTAAAA	5.193129201	26.45966514	0			0	0	0	167
TATGTACGTAAACCTGTTCGTAAGTATTGC	0	0	0			0	6.825284649	0	16
TATGTACTTATTCTCGTAAGTAATTGTTCT	0	0	79.07569141			0	351.5021594	0	1233
TATGTACTTCAATTATCGAATTTAATGTTC	0	0	0			0	6.825284649	0	8
TATGTACTTTTCAAACACCTATAGGCCCAG	0	0	0			2.081417625	0	0	1
TATGTATATATGGCGGCGACGAGAGAAGAG	12.982823	0	0			0	0	0	15
TATGTATATTAGGGCGCGAGGGCTTCTTGG	2.5965646	0	34.79330422			0	0	0	7
TATGTCCCAAACTGCGCCACGTGATTCGAC	0	0	0			74.93103448	238.8849627	0	427
TATGTCCGTGGACCGTCGTCGCATTGCCTG	88.28319642	291.0563166	0			0	0	0	4
TATGTCGAATGTTAGGGCATGGGCTAGACT	0	0	0			0	3.412642324	0	3
TATGTCGCAAGGCAAGAAGAATAAGTAGGG	0	0	28.46724891			0	0	0	11
TATGTCGGTCGGCAGATGGTTTACGGTGGG	0	0	0			0	54.60227719	0	90
TATGTCTCACCTAGTTGCGATAGCATCTTA	0	5.291933029	3.163027656			0	102.3792697	0	24
TATGTCTGATGGTCCTTTTATTACGGTTTT	0	0	0			0	3.412642324	0	3
TATGTGACTACTTGCGCCCTTGGACGGGGG	0	0	0			4.162835249	3.412642324	0	3
TATGTGCGTAGGGGAACTGATATTGGTCCG	0	0	0			0	20.47585395	0	9
TATGTGGATTAGCGTACGTATTTCAGTTGA	0	0	0			31.22126437	0	0	53
TATGTGGGTACGCATGCAAGCATCGCAGCC	0	0	0			0	3.412642324	0	1
TATGTGTTTGCATAATTAGCTTGCCGATGG	0	0	44.28238719			0	153.5689046	0	36
TATGTTAGATCTTTGCAATTGAATGAATGT	0	0	0			31.22126437	0	0	27
TATGTTATATGCTGGCATGCGTACTTAGCT	0	0	0			0	17.06321162	0	77
TATGTTATTAACCAGTGTGTAAGGCGACGT	0	0	0			0	10.23792697	0	10
TATGTTTCAATGCGGTATTTACGTATAATG	0	0	0			0	75.07813113	0	19
TATGTTTGTCATACTGTCAATTGGTAGACA	9.087976102	5.291933029	12.65211063			0	0	0	1449
TATGTTTGTTAGGCGCTAAATGCCATGGAG	0	0	0			18.73275862	61.42756184	0	139
TATGTTTTTGTATCACGAGGGCATGTGGCA	0	0	0			4.162835249	17.06321162	0	1
TATTAAAGAGTCTCCATTTCGGAACGTCAG	0	0	0			0	54.60227719	0	43
TATTAACGAGAAGTGGAGCACGCCTTTCTC	16.8776699	0	6.326055313			0	0	0	8
TATTAACTTCGTGTCGCTGTTCTCTTTGGT	0	341.3296804	53.77147016			0	600.6250491	0	68
TATTAAGGTTGGACTACGATTGATGATTTG	0	0	34.79330422			0	0	0	159
TATTAAGTACCGATGCGAGTACCGTTTAAT	0	0	0			0	3.412642324	0	22
TATTAATTAGTATTCTTATAGCGACCCCTT	0	0	0			312.2126437	0	0	62
TATTACAATGGATAGAAGATTGTTACAAAC	0	0	0			16.651341	40.95170789	0	4
TATTACAGTATTTTGGAAAGCGAGGGGTAT	0	0	25.30422125			0	0	0	183
TATTACGATGATGATACAGGCGTAGTTGTC	38.94846901	2.645966514	34.79330422			0	3.412642324	0	4
TATTACTGACTGGTGGCAACTGATGGTTTC	9.087976102	5.291933029	12.65211063			0	3.412642324	0	1
TATTAGAGTGCAAAGACAAGAAACTTCGTA	0	0	34.79330422			0	13.6505693	0	26
TATTAGTTTTTATGACTGCATCCAGGTGTA	0	0	0			0	334.4389478	0	93
TATTATAAACCTAAAACGAAATGGTTATCG	0	0	12.65211063			0	6.825284649	0	5
TATTATAATTTATGTAGTATTGCGTATGCT	0	0	0			0	10.23792697	0	225
TATTATATTGGGTTCTATCCGTTATCAATC	0	0	0			0	269.5987436	0	49
TATTATTCTATAGCTAGACCGGAGTAGCCG	0	0	0			0	51.18963486	0	220
TATTATTTTTGCACTTCAGGTCATGAAGTG	0	0	0			0	6.825284649	0	1
TATTCACGATTACGGCAGTCCTACGGACCA	27.2639283	378.3732116	414.356623			0	238.8849627	0	26
TATTCAGAATCGGCGCTGGGGCTAAGTTCT	0	0	0			0	13.6505693	0	4
TATTCATCAGGAGCAACTAGTGAAGAGGTT	0	0	0			18.73275862	310.5504515	0	4
TATTCCCATTTCGCGTTAAACGGGTCGTAA	0	0	15.81513828			0	10.23792697	0	6
TATTCGGATAACGGATAGTAGGCGTTCGGA	0	0	63.26055313			0	0	0	7
TATTCTGCTTAAGCAAGCTTTAGGCTCGGG	19.4742345	71.44109589	31.63027656			27.05842912	133.0930506	0	13
TATTGAACATAATTGAGGGATTGTAGTAAT	0	0	22.1411936			6.244252874	890.6996466	0	965
TATTGAAGTGGAATGGTCGTTGTTCTGGGT	0	0	0			0	17.06321162	0	1
TATTGACATAACGTCGCAGTGTGATGCGTA	0	0	0			0	13.6505693	0	22
TATTGAGATGGGCTAAGATCTTCTGCCTGC	0	0	0			101.9894636	3.412642324	0	6
TATTGAGGTGGGCCTAGCCCGTGTGAGTTG	0	18.5217656	0			0	0	0	6
TATTGAGTATATCAACTAGAGGGAGTAGGA	0	0	3.163027656			0	17.06321162	0	66
TATTGAGTTTATCTGATATCATATACCCTG	0	0	0			0	6.825284649	0	3
TATTGCAATTATCGACGTTACGGGAATTTT	0	0	34.79330422			0	0	0	134
TATTGCACATTTTACCAAGGACGTTGGTAT	0	0	0			0	1832.588928	0	975
TATTGCGGAAGTGCTAGGTTCGCGAGGGCT	0	2.645966514	0			0	0	0	2
TATTGCGGAGAGTCGACGTAGTCAGGGGAA	0	0	0			0	3.412642324	0	38
TATTGGACATTGCTATCTCGAGGAGGCACA	0	174.63379	63.26055313			0	235.4723204	0	12
TATTGGATACTTTTTGGATAGGGCTGACGC	54.52785661	1666.958904	0			0	0	0	47
TATTGGCTTGTTTGCTGATGTGTTTGCGAA	0	0	0			0	20.47585395	0	39
TATTGGGCTGACATGTACGCGCCTTCGTGT	0	0	15.81513828			0	44.36435022	0	51
TATTGGGGTGCGGGTGAGCCTAGGTGGGTA	0	0	0			0	6.825284649	0	2
TATTGGTAAAGTGAGGGAGCAATGCGGCGT	0	0	0			0	20.47585395	0	38
TATTGGTCTCGCCACATTCAGTAGTTTTTA	24.6673637	5.291933029	136.0101892			0	34.12642324	0	27
TATTGTGATATACGATGACTGACACCCAAT	0	0	0			0	6.825284649	0	50
TATTGTGCTCGAGTACGTCGGCAGACCACA	0	140.2362253	0			0	30.71378092	0	106
TATTTAAGACTACTGCGCTAGCTAAATAAT	0	0	0			0	10.23792697	0	3
TATTTAAGTACCTTTAGGGGGTTCCTTATT	0	0	0			0	10.23792697	0	21
TATTTCAGTAAGCATATTCATTCGTTGAGC	0	42.33546423	148.6622999			0	6.825284649	0	19
TATTTCTGTCTAGAATACAGTGTCATACAA	29.86049291	0	3.163027656			0	0	0	120
TATTTCTGTGTTGATTTGATGGTGCGTACA	0	0	0			0	3.412642324	0	18
TATTTGAGTTGGGGACAGATGTGGAGTGCT	10.3862584	10.58386606	12.65211063			0	34.12642324	0	15
TATTTGTATACGTTGGTTTACGCTAAGGTA	186.9526512	127.0063927	37.95633188			0	300.3125245	0	315
TATTTGTTTTGAAATTCTTTACGGGTCCGC	0	0	0			0	160.3941892	0	443
TATTTTACAGTACATTCAAAGTCTCAGTTA	42.84331591	50.27336377	25.30422125			0	30.71378092	0	63
TATTTTACATTGTTCTAGCTTATTTTACGT	1.2982823	0	0			2447.747126	262.773459	0	1023
TATTTTCTATAGGTCTAAACCCAGAACAGA	0	0	0			0	150.1562623	0	6
TATTTTGGTTTCCGTGCAGTTGTAGATTGG	0	0	0			0	160.3941892	0	6
TATTTTTACATTGTTCTAGCTTATTTTACG	0	0	0			2.081417625	0	0	1
TCAAAATTTCGGCAGTGTGTATTGGTTGTT	0	0	0			0	17.06321162	0	27
TCAAACAAAAGGGATTTGAGGAAGGGAGCT	0	0	0			16.651341	20.47585395	0	500
TCAAACATACGGTCATATGAAGATAGCAGA	0	0	0			4.162835249	0	0	16
TCAAACCAATAAGTATTACGCTCCTTTGAA	0	0	0			12.48850575	0	0	3
TCAAACTATTTTGTTGGTTCGCCGTTACGC	0	0	126.5211063			0	75.07813113	0	654
TCAAACTTACGTCATCAATTATGCGTTTCG	0	0	0			0	30.71378092	0	9
TCAAAGAAAATATTCTGATCTTTGAACTAC	49.33472741	161.4039574	12.65211063			0	3.412642324	0	8
TCAAAGCGTCCCTAGTTGAAAATATATGGA	0	0	3.163027656			0	0	0	18
TCAAAGGGTGCTGGGACGAACTCTAGGACG	48.03644511	677.3674277	199.2707424			0	13.6505693	0	687
TCAAAGGTTATGTCGTCAAGGGGGGACTCA	0	18.5217656	0			0	0	0	5
TCAAATTTAACAGGGGAGAGGTTCTGCTCC	0	0	0			0	3.412642324	0	2
TCAACAAAAATGGGGGTTCCAGTTCTTCCT	0	0	0			0	119.4424814	0	20
TCAACATTTACACATTTCCAGTACAGAGCG	0	0	0			22.89559387	317.3757362	0	320
TCAACGGCAGACGTGCCCATAACAAGACGT	246.673637	2153.816743	199.2707424			81.17528736	1034.030624	0	143
TCAACTGAATCGTTTGCAGAGCGGCGAACT	0	0	0			0	1832.588928	0	196
TCAAGAGTTAATATTTTTAATATTGATTTG	0	44.98143075	237.2270742			0	136.505693	0	109
TCAAGCAAACCCCTTCTGTTCCAAATGCGA	5.193129201	0	12.65211063			0	3.412642324	0	1
TCAAGCCTTGATACTAACTGGATTCCCACT	0	103.1926941	0			0	20.47585395	0	3
TCAAGCGGTCGACTGGGATAAAAAACGGTC	0	0	0			0	3.412642324	0	1
TCAAGCTTATCGAACTAAAAGTTGTATTGA	0	0	0			0	44.36435022	0	217
TCAAGGAAAGTTTGCAGGCAATCTGTGCAC	0	0	0			6.244252874	0	0	1
TCAAGGCAAAATTAGACTTCCCAGGTTCTT	127.2316654	171.9878234	110.705968			0	0	0	1
TCAAGGCCTTGCGTACGATACCGCACTCCA	0	0	0			0	54.60227719	0	1
TCAAGGGATTCCAATTATGATCGCGGCTGG	0	0	0			6.244252874	0	0	2
TCAAGGGGATCTCCTGCAAAGGGTCGCACG	0	0	0			0	6.825284649	0	1
TCAAGGTCAGCACTGCTTTGTGAAGACGCA	0	0	0			14.56992337	0	0	2
TCAAGGTGTTAAGACACTGGCGTTTTAGAA	0	0	28.46724891			0	0	0	1
TCAAGTTATACTAGCTTCACAGAGGCTGGA	33.75533981	42.33546423	0			0	0	0	8
TCAAGTTTATTTAGAGAAGGGTCGCGGTCC	0	0	0			12.48850575	160.3941892	0	106
TCAATACTTTTTAAATCAGTACGTTATATC	0	0	0			0	126.267766	0	46
TCAATATGAATTGTGTGTGGTCGCTAGGCG	19.4742345	0	0			0	10.23792697	0	10
TCAATGCATGTGTGCGTTGTATCTCTAGCC	0	0	0			0	3.412642324	0	1
TCAATGGGAATGGATCAAAACAGGAATTCT	0	0	18.97816594			0	0	0	32
TCAATGGTATGGGTACTCAATGTTGCGGGG	0	0	0			0	47.77699254	0	2
TCAATGTTATTATTCATCCACCTTCGAGAG	0	0	0			0	20.47585395	0	2
TCAATTCAAAGTTCGGCGTTAAAGGCTTAT	0	0	0			0	23.88849627	0	43
TCAATTTCAATCCTAGAGTAAAGTCTGGTT	0	0	0			0	3.412642324	0	1
TCACACATTTCATGCAGGGACGTATGGGCA	0	0	41.11935953			0	0	0	42
TCACACGGTGTCTCAACTCACTGGTAATGA	0	0	0			0	6.825284649	0	2
TCACAGCAATATTTCTCGATGACGCATATT	0	0	0			0	3.412642324	0	560
TCACAGGATTAGGTAAGATCATCAGGTTTC	5.193129201	2.645966514	0			0	10.23792697	0	3
TCACATAAATCGGTGGACGAGCGCGGTTAC	0	44.98143075	0			0	0	0	159
TCACATGCTCCTGGGTGTGATTAAAATGGG	3.894846901	13.22983257	0			0	10.23792697	0	7
TCACATGGTAAGCATCTCAGCCTATGGATG	0	0	0			0	194.5206125	0	4
TCACCACTACTTCGTGTTGCTCGGTATGGG	0	0	0			0	40.95170789	0	83
TCACCATATGGCTTTGATAAACTAGACGCG	9.087976102	37.0435312	47.44541485			0	0	0	64
TCACCCAGATGGTACTTAAATATCGCCCAA	0	0	0			0	3.412642324	0	1
TCACCCATTGCACCGTTCGATCGCCGGCTG	0	0	0			0	228.6470357	0	91
TCACCCCATTAATATGTCCCCAGAGTAACT	12.982823	0	0			0	0	0	27
TCACCCCATTACACATGGTGCTGGGGCCAC	0	60.85722983	0			0	98.9666274	0	288
TCACCCTTTCATTCAGTGTTGTCGGTGAGA	0	0	0			0	17.06321162	0	185
TCACCTAATGTCGGCGGTCCCAGCGGCGCA	0	0	12.65211063			0	37.53906557	0	3
TCACGCAGTGGGTGAGGAGGGGTCTGTGGA	59.72098581	158.7579909	18.97816594			0	20.47585395	0	62
TCACGGAATCCTTGAGCGCATGAGAGCCGT	0	0	3.163027656			0	0	0	1
TCACGGGTTTGGGGAGGATAATCTGGGTCA	0	0	0			0	17.06321162	0	4
TCACGGTCAGTGTTAACTTCGTCATTACCT	0	0	31.63027656			0	3.412642324	0	14
TCACGGTGACAAACAAAAAGCCGTCACCAA	0	0	0			0	204.7585395	0	1006
TCACTACTTGTTTTTGATGTCAAGGTTATT	0	0	72.7496361			174.8390805	1719.971731	0	1344
TCACTGTGTCAATATGAGATCTCGAGGGGC	0	0	0			0	3.412642324	0	1
TCACTTAGTATGTGCGACCTTGGCCGAAGC	0	0	0			54.11685824	402.6917943	0	460
TCACTTATAATTGTCAAATTATTGCGTGTA	0	0	41.11935953			0	0	0	1756
TCACTTGGTGACCTTAGTCTATACGAGCGT	0	0	0			0	30.71378092	0	152
TCACTTTATAACCTAGGGGACCGAATGGGG	0	0	0			0	10.23792697	0	9
TCACTTTCAATCAGATATAGGTATCTAATC	0	0	0			68.68678161	0	0	35
TCAGAAAGTAGAGGCGGAAATATCGTATCG	0	0	3.163027656			0	10.23792697	0	56
TCAGAACATAGGCTCTAGCGAGGAAGTCGC	33.75533981	164.0499239	0			0	0	0	3
TCAGAAGTACTTAGGTGGTGTGCGCGATTA	0	0	0			0	20.47585395	0	6
TCAGAATGTCCACTTGGGGTTGCAGCTCTC	0	0	0			0	105.7919121	0	3
TCAGACGCTGTTCGAATCAGAACATATAGA	0	0	0			22.89559387	0	0	26
TCAGAGATAATTACAGCGTGTCGGAATCAA	0	0	50.6084425			0	0	0	2
TCAGATAATTGCATTGGCGACCTCGTATGG	0	0	0			0	3.412642324	0	1
TCAGATATTAACTTTTCATTTACCGGATTT	0	0	0			6.244252874	0	0	1405
TCAGATGTAGAATACACATTGAATTAGTTT	0	0	0			0	3.412642324	0	2
TCAGATTTACGGGCTATGCGCAACGAGGAG	0	0	0			0	3.412642324	0	8
TCAGCAACTGGTTAAGCGGGACAGAGGCGT	0	44.98143075	22.1411936			0	10.23792697	0	6
TCAGCCGTTACAGGTCTGGTAAGATGCAAA	0	0	0			0	563.0859835	0	2160
TCAGCGGGTAGGGGTTGTCACTTGTGCCAT	0	13.22983257	18.97816594			0	0	0	5
TCAGCGTGTTTTATCTGGCGCGATAACCGC	0	0	0			0	6.825284649	0	27
TCAGCTCCTGAAATTATAACTGGCTTATGA	0	0	154.9883552			0	0	0	32
TCAGGAAATCTTGGATATTTTCTCAGTGTG	0	0	0			0	17.06321162	0	3
TCAGGAGGATGCTGCGTTCGTGGAAGGACA	0	0	0			0	13.6505693	0	5
TCAGGAGTATAAATACCGAGCATGAAACCG	19.4742345	15.87579909	63.26055313			2.081417625	10.23792697	0	2
TCAGGATAAAAGAGATTTGCTATGGTATGC	0	0	0			0	300.3125245	0	7
TCAGGCCATGAGTTCACGCACGTAGGTGGC	0	15.87579909	0			0	0	0	6
TCAGGCGTAGTTGTCCCGCCGGGTAGGTGA	0	0	0			95.74521073	23.88849627	0	2
TCAGGCTATGCATAGGACCACCGTGGTGAA	0	0	0			0	6.825284649	0	16
TCAGGGATTGTGTGGTTTAACCTCTGAGGT	0	0	0			0	119.4424814	0	97
TCAGGGCGACACCGCCTACCTTACGCTAAC	0	0	0			0	20.47585395	0	6
TCAGGGGTACCGCAATAAACGAATTGGAGG	0	0	0			0	54.60227719	0	11
TCAGGGGTTCGCTCATACTTCTACAAAAGT	0	0	3.163027656			0	20.47585395	0	7
TCAGGGTAAAGATGTTTTATCTTATGAAAG	0	0	44.28238719			0	228.6470357	0	512
TCAGGGTCACCTGGCATCGGTAGGTTTGGC	0	0	0			22.89559387	0	0	17
TCAGGTAAAACTATACATTCCGTTTATTTG	0	0	939.419214			0	0	0	1797
TCAGGTCAATATATTGCTGTATTGTGATGT	0	5.291933029	25.30422125			0	245.7102473	0	118
TCAGGTCCCACTATCCCTTCCGTTTATTTG	0	0	3.163027656			0	0	0	1
TCAGTCATAGGGGTTCGCTGTGCACTTGGG	0	0	18.97816594			0	0	0	1
TCAGTCCAAGGTTCTGGCGTGCAAGAAGTG	27.2639283	31.75159817	0			0	0	0	14
TCAGTCGTATGATGCGCCGGGGCGGTCCGC	0	0	0			99.90804598	0	0	21
TCAGTCTAATGTATGGGGGGAGTGATTTTG	0	0	0			0	3.412642324	0	12
TCAGTGAAAATCGGAGTGAGCTTCATGGTC	0	0	0			27.05842912	0	0	18
TCAGTGGATAACGGTACAGTTTCGGTGAGG	12.982823	0	0			0	0	0	3
TCAGTGGGTATGGGCGGTTACATAGTAATC	0	0	0			0	3.412642324	0	10
TCAGTGTAAGTTTTCGTGCAGGAAGTGGCG	0	0	2410.227074			0	0	0	941
TCAGTGTCACGAGGGGCAACTGCGCGGCTC	0	0	0			586.9597701	324.2010208	0	17
TCAGTGTTTTCAAAAGTAGATAACTGGGTA	0	0	0			0	3.412642324	0	2
TCAGTTACTGCTTGTACGTTTAGTAAGAGC	0	0	0			45.79118774	0	0	27
TCAGTTACTTTTGCGGCCCCCGTGACCCTA	0	0	0			0	10.23792697	0	1
TCAGTTCCTAATTGACGCACTGGTACACGT	0	0	3.163027656			0	3.412642324	0	1
TCAGTTCTTACGAATCTAAAGGTTCCAACA	0	0	0			0	6.825284649	0	45
TCAGTTGCTGCTAATTGGGTCCGGGATAAT	0	0	0			0	450.4687868	0	861
TCAGTTGGTCCATGGCTTTGTGTCTCCCAC	0	10.58386606	28.46724891			0	3.412642324	0	36
TCAGTTTCAAGTGGGGGTGGTGGAGTTTTA	0	13.22983257	0			0	0	0	1
TCATAACATAAGGGCCTATGGGTGGGGGCG	51.93129201	47.62739726	12.65211063			0	47.77699254	0	2
TCATAACATATTTGTAAGGATGAGACTAAT	0	0	0			0	6.825284649	0	2
TCATATATAACGGGGTTTGTGGACGTGAGC	0	0	0			0	81.90341578	0	2
TCATATGCAGATGGTATGAGGCTGTCAGGC	0	0	0			0	3.412642324	0	2
TCATATGTAAGAAAGTCGTACAAGTCCATG	22.0707991	0	104.3799127			29.13984674	10.23792697	0	23
TCATATTATTGTATTATTCATCCGTGCTAG	0	0	0			0	68.25284649	0	310
TCATATTTTCTCTGAGCTTGCTGGGATAGG	9.087976102	0	0			0	37.53906557	0	5
TCATCAAGTAAAAGTTAACGCCCATGGGGT	233.690814	1172.163166	120.1950509			0	64.84020416	0	37
TCATCATCATGTGTATTGTATTTATATCCG	0	0	0			0	112.6171967	0	41
TCATCCAATTGGATTAAACCAATATTCCGT	0	0	0			0	13.6505693	0	1
TCATCCACTCCTAACATCTGCGTTGTAAAC	0	0	0			0	10.23792697	0	5
TCATCCCCCTTTTAAGACTATTCTAAATTA	0	0	0			0	3.412642324	0	1
TCATCGAGTGCCGAGGAAAGATGGTGCGCG	0	153.4660578	0			0	0	0	4
TCATCGATATCCTACTGCGTGCCTGCGGTC	403.7657954	939.3181126	230.9010189			0	54.60227719	0	22
TCATCTAATAGCGTCCAACGAGGACCGCTA	85.68663181	0	0			0	0	0	333
TCATCTAGACTAGAAGGTTGCGTATGGTAT	0	0	15.81513828			0	17.06321162	0	10
TCATCTCATCGCAGTGGACTAGGATGTTAG	68.80896191	87.31689498	22.1411936			0	47.77699254	0	125
TCATCTTCTACTAGAACACTGAATGAATGA	0	0	0			0	6.825284649	0	1076
TCATGACGTCCTTTCTTATCGTCGTCTTTG	0	0	0			0	3.412642324	0	1
TCATGAGGTGGTCTGTATGATTACTTCGGG	0	0	0			24.97701149	20.47585395	0	12
TCATGAGGTGTGTGAAGTGCAGTTAAGTGA	2173.324571	5469.212785	474.4541485			487.0517241	2300.120927	0	2353
TCATGATCATATATGTCTACTCTGCAATCT	0	0	3.163027656			10.40708812	13.6505693	0	9
TCATGATGATATTTCTTGTAGTTCGGGAAA	0	0	15.81513828			0	10.23792697	0	58
TCATGCAGAATCCATACTAGGTGCCGCCGT	0	0	0			0	184.2826855	0	1
TCATGGACTAGCCTCGAGTCAAATAGCGTG	31.15877521	7.937899543	88.56477438			0	0	0	4
TCATGGGCATACTGTGGTAGTGTTGTTAAG	0	0	12.65211063			0	0	0	101
TCATGGGGTACAGCTATCGAGCCGTAACTT	0	0	15.81513828			0	20.47585395	0	1458
TCATGGGTTTGCAGTCCTATTGGTGTGTGG	0	0	0			0	44.36435022	0	3
TCATGGTAAGCGGACGTGCTAGCAGGGTGT	123.3368185	76.73302892	47.44541485			0	98.9666274	0	1
TCATGGTCTCGTTCGTCGCTCCAGGCTATA	0	0	0			0	1003.316843	0	650
TCATGGTGTGGACGGGCCGTACGTCGAATC	0	0	0			0	20.47585395	0	67
TCATGTAGTGTGGACGTGTCAACCCGTTAC	0	0	0			0	720.0675304	0	697
TCATGTCGTGTTAGGGTAAGTCTGATGGAA	0	52.91933029	0			0	0	0	1
TCATGTGGTACTACTACAGAACGCGTTGCG	0	0	0			0	13.6505693	0	1
TCATGTGTTAGCCAACCCGTGCACGAATTG	0	0	0			0	228.6470357	0	116
TCATTAAATACGTGGAGTAACACTCCCTGA	0	0	18.97816594			0	0	0	9
TCATTAAGAGTTTGGGACGTAGGAATATCG	0	0	12.65211063			12.48850575	3.412642324	0	696
TCATTACGTACCGATTGATCTGGGGTTAGG	0	0	0			4.162835249	610.8629761	0	81
TCATTACTATGCATATTCACAGTGTGAATA	0	0	0			0	105.7919121	0	1530
TCATTAGGTAAAACAGGCGTATTCCATTCG	0	2.645966514	0			0	0	0	471
TCATTATCATTTGATATTGAGCAGATATTT	0	0	37.95633188			0	0	0	39
TCATTCAGAATCGCTGATGAGGCATGGGGT	0	0	0			0	3071.378092	0	610
TCATTCGATTTACGTTACTGTGAGGCCGAT	0	0	0			0	3.412642324	0	1
TCATTCGCAAGGATCGTCGGCTGGATAGTA	0	0	0			0	20.47585395	0	15
TCATTGAATTACGGGCATGGAATGTTCCCG	0	0	0			12.48850575	3.412642324	0	6
TCATTGAGTAATAATATTTTTTCCCTTCGT	0	18.5217656	0			0	34.12642324	0	2
TCATTGAGTGAGAACGCCCTGGTGCAGAAT	0	0	0			2.081417625	126.267766	0	25
TCATTGCGTTCCACTCAAAGAAGGGTCACA	18.1759522	0	28.46724891			0	10.23792697	0	5
TCATTGGTATGTCGGAGGTGCATGTTATTA	0	0	0			0	78.49077346	0	33
TCATTGTATGCTAGACAACTCAATTACAAA	0	0	9.489082969			0	0	0	3
TCATTTAGTACAAGCGTGAGCCCGTAACGT	0	0	63.26055313			0	160.3941892	0	628
TCATTTGCTTCTGAATTTGCAGGGGCTCGA	0	0	0			0	457.2940715	0	1137
TCATTTGTAGGTGGTCAAGCTAGCTCCAGT	0	0	0			0	13.6505693	0	1
TCATTTGTTGATCTGGATGCCCACCTTTTA	0	0	0			0	109.2045544	0	13
TCATTTTATCGGTTACCACATGATTTGTAC	0	0	0			0	10.23792697	0	9
TCATTTTATTAGGCTGTTTATGGTTACTGG	0	0	0			0	27.30113859	0	12
TCATTTTCACTATCGGGGATATATTCCACT	0	0	0			218.5488506	0	0	12
TCATTTTGTGGTTACCCGAAGGGATGAGTG	0	0	0			95.74521073	122.8551237	0	166
TCCAAAAATTCGAACAGCTAAACTAAAATC	0	0	0			0	112.6171967	0	7
TCCAAAAGTACCACGATAATTTAATACTTT	0	0	0			14.56992337	0	0	433
TCCAAAGCTACATTTATGATTTAGCGGGCC	0	0	0			0	378.803298	0	152
TCCAAATATGGGGTCACCAAAAACGCTGTG	0	0	0			0	6.825284649	0	36
TCCAAGGGAGACGCGTTGGATAGACAATCC	0	0	0			0	129.6804083	0	987
TCCAAGTATATTTCAGGTTCCGAACGTGAT	0	158.7579909	75.91266376			45.79118774	757.606596	0	543
TCCAATCGACAGCGGATTTATGTTCAGTTA	0	0	0			0	6.825284649	0	74
TCCAATCTACAGAGCCTCTTCAGGTGGGGT	0	0	25.30422125			0	0	0	9
TCCAATGCTCATGTTTCTTGGACAGCGAGT	0	0	0			0	10.23792697	0	1
TCCAATGGATGGTTCGTAGGCCGTGGATTG	0	0	0			66.60536398	6.825284649	0	519
TCCACCGCTCACACCTCAGTAGTGTGCAAT	0	0	0			0	153.5689046	0	84
TCCACCTCTTTCACTTCCCTTTCTGTCATA	0	0	0			4.162835249	0	0	1
TCCACGGAACCGGAGCGGTTGGTGTACGCT	0	0	0			0	71.66548881	0	3
TCCACGGATTAAGTCATAAATAAGGGATGA	0	0	0			0	20.47585395	0	48
TCCACTAATGGCGGGTCGCGTGTCTGCTAG	0	0	6.326055313			0	0	0	13
TCCACTCTACATTGCGTATACACGAGGTCA	0	0	0			6.244252874	296.8998822	0	46
TCCAGAGCTGACGAGTGATACGGTCATGTG	0	0	0			16.651341	3.412642324	0	6
TCCAGAGGTGTGTTTGAGTGGCTGGTTTTG	0	0	0			0	23.88849627	0	1
TCCAGCCCTGCTTCGTGTGCGCTCACCTAA	0	0	0			0	842.9226541	0	363
TCCAGCGATTTAGGTGGGGCACCAGCCGCA	0	0	0			14.56992337	44.36435022	0	29
TCCAGCGTTTGCGTTATCGTTGACAGGTGG	0	0	0			0	64.84020416	0	30
TCCAGTGATACAGAATCCTTGAAAATAGAC	0	0	0			0	6.825284649	0	3
TCCAGTTATTATGGAGATATCTCACGGGAT	0	0	0			0	58.01491951	0	346
TCCAGTTGAGGATAAAGTCATGCTAGCTGA	0	0	0			0	13.6505693	0	4
TCCATAAATAGCCGGAGGGTTAACTTAACT	16.8776699	2.645966514	25.30422125			66.60536398	10.23792697	0	178
TCCATAGGTGATTTGTAAATCACCGCTCAA	0	0	0			0	358.3274441	0	1365
TCCATAGTTTGTATGGTCGGGTTGTGTTGT	0	0	0			20.81417625	0	0	21
TCCATCAATAATATGTCCAACAGTCTTCTG	0	0	0			0	3.412642324	0	1
TCCATCACTACGCTCCTTCATGGCTAGTTT	15.5793876	92.60882801	0			0	3.412642324	0	2
TCCATCTAACCGGACTGGACTTTATGACAG	0	0	0			0	40.95170789	0	315
TCCATCTTAATTAGAGAGGTTTGAGTCCTA	24.6673637	23.81369863	0			0	136.505693	0	38
TCCATGAATGCTGGTACTTGCGGCTCCGGT	9.087976102	79.37899543	110.705968			0	51.18963486	0	2
TCCATGCTTGTTTCAACGCTCCTTGACTGA	0	0	0			0	6.825284649	0	13
TCCATGTAAGCAATTAAGACACAAGGCGCC	0	0	0			16.651341	0	0	3
TCCATGTGTCTCAGTGGATTAGGTGGTGTC	0	0	0			0	13.6505693	0	13
TCCATTACTCTAGGCGACTCAAGGAGCTCC	0	0	3.163027656			0	0	0	1
TCCATTAGAACTGTCATATGGGGGGACCGG	0	0	0			0	13.6505693	0	7
TCCCAAAATAGCATGGATAACGTCTTTCCG	0	0	0			0	484.5952101	0	252
TCCCAATAACCTTACCATGACCACCCGACT	0	0	0			0	3.412642324	0	1
TCCCAATTTACACGTCTTATTGGGTACAGG	0	0	0			0	6.825284649	0	1
TCCCAATTTCTTTTCAACCACAGGTGCCTC	0	0	0			0	3.412642324	0	1
TCCCATTAAACTATACTCACACATAGCCTT	0	0	0			6.244252874	3.412642324	0	16
TCCCATTGAGATATTACTAGTGCGTCAGTC	15.5793876	0	0			0	75.07813113	0	60
TCCCCGAATTGCCGTGTGCGGCCGTCGTAT	0	0	0			8.325670498	317.3757362	0	7
TCCCCTTGACTGTACGTTCAGGAGGTTGGA	0	0	0			0	27.30113859	0	2
TCCCGAAGTTTATGAAGAGACTGGCAAAGT	0	0	0			0	6.825284649	0	1
TCCCGCCTTATTAACAGATCATGTATTAAG	0	0	0			0	13.6505693	0	3
TCCCGCGGAGGACCATGCGCGAGGATGGTG	0	0	0			0	17.06321162	0	8
TCCCGGCCTTGCCAATACAGGTTCAGAGCA	0	0	0			0	10.23792697	0	1
TCCCGGGCTGGTTGCAACTTGAGGTGTGTA	0	0	0			0	23.88849627	0	2
TCCCGTAGACAGAATTGCCGTCTTGACACC	0	0	0			6.244252874	0	0	61
TCCCGTTTTGGTTTGGGGGAGGATGTGAGG	0	0	18.97816594			253.9329502	0	0	611
TCCCTAAGAACTGCGGATTAAAAAAAGAAG	201.2337565	66.14916286	0			24.97701149	85.31605811	0	248
TCCCTAAGTAATAGAAAATTGTTGATTTGC	0	0	0			16.651341	10.23792697	0	185
TCCCTGCGTTTCGTCTGCTCAGGCCTGACG	0	0	0			0	6.825284649	0	1
TCCCTGTGAAGGCAGATCGGTTTGGACGAG	0	0	0			0	10.23792697	0	35
TCCCTTGAACTAACTATCTTGCAGCGTGCA	0	0	6.326055313			0	37.53906557	0	41
TCCGACGGAGCCAGAGCAGCATGGGTGCCT	0	0	0			0	6.825284649	0	10
TCCGACGGAGCGCGGGTTGGGGAGTTAGTT	0	0	0			0	6.825284649	0	19
TCCGATTATTGATTAAGCGGTTGCAGGAAG	0	0	0			0	457.2940715	0	1080
TCCGATTGAATCAAGTTCATAAGTCGGGCC	0	0	0			0	10.23792697	0	5
TCCGCAGGTGTGGGGCAATGAATTGTGACG	0	0	0			0	34.12642324	0	1
TCCGCCGTATCAAGTGTTTCCGATGAGCAG	0	0	0			0	85.31605811	0	10
TCCGCCTTTGGTTGTGAGTATACGATCGTT	0	0	50.6084425			0	0	0	8
TCCGCGAGTCAGTTAGAACCATGAGTGTAT	0	0	0			0	3.412642324	0	6
TCCGCTCCTTAAATTATACCTGGCTTATGA	0	0	3.163027656			0	0	0	1
TCCGGAACTTGCTCGGTTCGTTTAGTATGA	0	0	0			4.162835249	0	0	3
TCCGGACCAAGTAGTAAGCGGCGTAAGCGG	0	0	0			0	30.71378092	0	454
TCCGGCCAAGCTTGAAAACTTTTATTGGAT	0	0	0			0	6.825284649	0	10
TCCGGCCATCGTCTGGCGAGTGCGGCTTGG	0	0	0			45.79118774	177.4574009	0	96
TCCGGCTAACCGGTAGGGGTAGTGCATCCG	6.491411501	13.22983257	6.326055313			0	34.12642324	0	1
TCCGGCTAATTTTTTGATTATTCCTGTAAC	6.491411501	2.645966514	0			0	0	0	9
TCCGGCTATTTACCTTTGGATTAGGTCGGT	0	0	0			0	30.71378092	0	68
TCCGGGATAGATGTCTAGCAAGGGCCCATT	0	0	0			16.651341	0	0	86
TCCGGTACTGGATCTTAGAGGTAAGTTACC	0	0	0			0	13.6505693	0	135
TCCGGTACTGGGCTGGTGCCAAGGTGTAAG	0	66.14916286	224.5749636			0	122.8551237	0	258
TCCGGTAGATCGCGTGCGGCAAGATCCTCG	0	275.1805175	0			54.11685824	890.6996466	0	258
TCCGGTATTGTATATGCTTTATTGTGAGGT	7.789693801	2.645966514	0			0	27.30113859	0	2
TCCGGTTGTTGTCTGCGTAACGAACCCGCG	0	0	0			6.244252874	58.01491951	0	39
TCCGTCGCAATAGTAGTTGGCCGGATTTGT	0	0	0			0	10.23792697	0	3
TCCGTCTTTTGCGGTGTTTACGGGCGTTGT	0	2.645966514	12.65211063			0	0	0	2
TCCGTGACTTGATCCGGGGACTGAGATAGT	0	0	0			0	85.31605811	0	37
TCCGTGTTATAATGTTGGTTAGTGCTCTGG	15.5793876	23.81369863	0			0	17.06321162	0	16
TCCGTTAATCTGGGGTAGCACAGAATTTAA	0	0	0			0	27.30113859	0	3
TCCGTTATAGGCATCGGCACCTACAGGGGT	0	0	0			2.081417625	1054.506478	0	28
TCCGTTATTTAGTTTTTTGTCATGTGTGAC	0	0	0			0	3.412642324	0	1
TCCGTTCTTGGGCACACCCGACCGAGAAGG	0	0	0			0	3.412642324	0	1
TCCGTTGATGAACATCTTCCAATTCGAGTT	1.2982823	0	0			0	0	0	1
TCCTAACGATCCGGCGGTCAGGACTATTAA	0	0	0			39.54693487	819.0341578	0	42
TCCTACAGTTTCCCTGTTTGAGTCCGACAC	0	0	0			0	13.6505693	0	30
TCCTAGCTTCGATCATGCAAATTAGCTCTG	0	0	0			0	1347.993718	0	615
TCCTAGTATTGCTTAATCTAATGGAGAGTA	0	0	0			0	10.23792697	0	2
TCCTATGGTCGATCCGTGCCGGCATGTGGT	0	0	0			0	399.2791519	0	10
TCCTATTTTTCATTAGTGAATGTCGTTTAT	0	0	28.46724891			0	474.3572831	0	56
TCCTCAAGAACGGGCCTCGGAGACAACTGT	0	0	9.489082969			4.162835249	23.88849627	0	9
TCCTCAAGTTCTGAAGAATAACGTTGCCAA	0	0	177.1295488			0	436.8182175	0	25
TCCTCGCAAAGGAAGACGGGGAAGTTACAC	0	0	0			29.13984674	0	0	2
TCCTCGCGTGTCGAGCAGGTTGTGCCCGGA	0	0	0			6.244252874	3.412642324	0	8
TCCTCTGGATTCTTTTGAGTTCCATAACGG	0	0	0			0	242.297605	0	93
TCCTGACGTAAGTATTGGTTACACGTATAC	0	0	0			0	23.88849627	0	75
TCCTGACTTTCCTAAATGAGTATCGTAGTC	0	0	0			0	78.49077346	0	97
TCCTGATTACCGGCTAGGCGCGCTGGTACC	0	0	0			0	10.23792697	0	2
TCCTGCACATATTCATGGACACGAAGAGAG	0	0	0			0	20.47585395	0	11
TCCTGCGCAGTATGTCAGGTAAATGAAGGG	0	0	0			0	6.825284649	0	159
TCCTGGCAACCGCTCCGCTATGCCCTAAGC	0	0	0			27.05842912	0	0	178
TCCTGGGGTTTCGAGGTCGGGCTCCGCATT	0	0	0			368.4109195	109.2045544	0	1344
TCCTGGTGATCTGCGGTAAAGTTGCGCATG	0	0	139.1732169			0	17.06321162	0	536
TCCTGTTCTCCGTTTGTATACGACTTCTGA	0	0	0			0	6.825284649	0	82
TCCTTAAAATAACGGTTGCCTACTGCTGCT	0	0	0			0	10.23792697	0	6
TCCTTACTCTGCCTATTCACAGTGTGCATA	0	0	0			0	3.412642324	0	1
TCCTTAGATTCGGGGCAGAGCTAATTTATG	0	0	18.97816594			0	0	0	288
TCCTTCCCCACTGAAGGTGCCAGACTACGG	0	0	0			0	3.412642324	0	1
TCGAAACGTTCTAGTCGAGGAGCAGGAGGT	10.3862584	383.6651446	610.4643377			0	720.0675304	0	5
TCGAAAGGACGTGTGTAGACAGGCGCCCAC	0	0	0			0	10.23792697	0	33
TCGAACAATTATTGGCCGCGGTGAAACGCT	0	0	0			0	64.84020416	0	1
TCGAACTTACCGCTTGGGGGTAGTGGTTAT	0	0	0			31.22126437	58.01491951	0	523
TCGAAGCGAGCTACCAGTTTTTGCGTAGTA	0	0	0			0	13.6505693	0	3
TCGAAGTGAGTTAATCGTGTCTAAGAAGCG	0	0	0			8.325670498	10.23792697	0	40
TCGAATGCTTACGCATCTGAGGTATCAAGA	0	0	0			0	23.88849627	0	39
TCGACATGATTGCGTTGCAGGGCTTCTTCC	19.4742345	2.645966514	22.1411936			0	10.23792697	0	9
TCGACCGATCAGGGATTCTGTGGTGCGAAC	0	0	15.81513828			0	0	0	112
TCGACCGATTATAACGGCCGGAATCGTGTT	0	44.98143075	0			0	17.06321162	0	1
TCGACCTTAGAGGGAGAACGGTTAAACTCG	0	0	0			35.38409962	0	0	1
TCGACTTATCCTGCGGCTCTCAAAAGTGTA	0	0	0			0	6.825284649	0	1
TCGACTTGACCGGTAGACGGGTTCGAGAAG	0	0	0			0	92.14134276	0	165
TCGAGAAAAGTCGGAATCTTATAATGCGGA	0	0	0			584.8783525	126.267766	0	66
TCGAGACTTTTGACGTAGGCGTCCTCGATG	0	0	0			0	37.53906557	0	44
TCGAGAGATCATTGGGTGTATGCATACTTG	0	0	0			224.7931034	81.90341578	0	98
TCGAGCCCTAAGGGATAGGTATGGATGTTC	0	0	0			0	17.06321162	0	14
TCGAGCGCATACATGGATCGTATGCTCACG	0	0	0			0	6.825284649	0	54
TCGAGGAGTGATAGAACATAAAGTATAGGC	0	2.645966514	0			0	0	0	1
TCGAGTATTAAGAGGATTCAGGGTAAAATC	89.58147872	100.5467275	94.89082969			0	105.7919121	0	69
TCGAGTGGAATGGTTGCAAGCGACTTCAAT	0	0	0			0	3.412642324	0	102
TCGATAAGAGGGCTGTGGGACTGGGCATGT	0	0	56.93449782			0	0	0	166
TCGATAATTATCGACTTTTAGAGTCAAAAT	0	0	0			0	51.18963486	0	10
TCGATAATTCAAATTGCGACGTTGTCAGTC	0	0	0			0	6.825284649	0	82
TCGATAGGACAACTTAGCGAGGGGCAACAC	0	0	0			0	6.825284649	0	4
TCGATCACTGCTCCGCATCATTCTAATTTA	0	0	0			0	3.412642324	0	1
TCGATCAGACTTGAGTCGAACCCTCAAGGA	0	0	0			0	13.6505693	0	80
TCGATCGATGAGTACACCCCTCTTAACATG	0	0	56.93449782			0	61.42756184	0	5
TCGATCTGTGACGTAACCGTCGTTACGAGA	0	0	0			0	34.12642324	0	1
TCGATGAATCGAGCATAGTTTGCCTCATCC	0	2.645966514	9.489082969			0	139.9183353	0	1
TCGATGGCTTTGAACAGAGGTCTTGCTTTC	0	0	0			2.081417625	0	0	144
TCGATGGGACTAGATGGCGCCGAGGCGGCA	0	0	0			0	122.8551237	0	27
TCGATTCTAGACGAGCCTTGATTCATGTTC	0	5.291933029	0			0	0	0	1
TCGCACCCACCGTGTAAGCTCATAGGAAGC	0	0	0			0	720.0675304	0	307
TCGCACCCAGTAAAGTGTGCAAATATCAGA	0	10.58386606	0			0	17.06321162	0	12
TCGCACGTACCGCGGAGGCAGGATGGAAGT	0	0	94.89082969			247.6886973	259.3608166	0	497
TCGCAGATTTCTATCATTGACTTATTAACT	0	0	0			0	153.5689046	0	13
TCGCATCGACGGGGTATATGGGGCGGGTGT	19.4742345	0	0			0	3.412642324	0	131
TCGCATTCTTGCAAAGTTCAGTTATGAGTA	0	0	18.97816594			8.325670498	1890.603848	0	228
TCGCATTTTTATGACGTTGATAGGGTGCGG	16.8776699	0	12.65211063			0	0	0	2
TCGCCAACATAGGTTAGAACGTGTCGCTCC	0	0	0			0	6.825284649	0	1
TCGCCAGTTTCGGGTGCCGTGGTCGGCGGT	164.8818521	44.98143075	9.489082969			0	85.31605811	0	81
TCGCCGCAAAAAGTTCCGGGCGTGTTACTT	51.93129201	21.16773212	309.9767103			0	105.7919121	0	401
TCGCCTAGACAGCTTGTCCCCGACTACGGG	0	0	0			0	13.6505693	0	2
TCGCGAAGTAAGCTAGGGGTCGCTGACTCA	0	0	0			0	225.2343934	0	32
TCGCGAGGAATCATCAAGAGATCCGGCACC	0	0	0			0	61.42756184	0	233
TCGCGCCTAGAGGTAATTTTGTTCTGGCGT	0	0	0			0	23.88849627	0	2
TCGCGCGCTCCAGTGACGGTGATGGGCTGG	0	29.10563166	0			0	20.47585395	0	1
TCGCGGAGTGGGTCATTACGCATGGACAGA	1194.419716	142.8821918	1312.656477			0	0	0	765
TCGCGGTTTGATACAGGAAGTTAGATATGG	0	0	0			0	27.30113859	0	13
TCGCGTTTAAGGTTCGTTGGGATAATTGGG	0	0	0			0	3.412642324	0	2
TCGCGTTTATATCTCCACCCTGCGGTTAGG	0	0	0			0	27.30113859	0	62
TCGCTAACACACGGGGGGGTCGATCATGCA	0	0	0			0	313.9630938	0	35
TCGCTCGTTTGACCCTGTTACTGTGTGTTA	0	0	180.2925764			0	307.1378092	0	39
TCGCTCGTTTTTAGGCAGTTTGAAACTGGA	0	0	0			0	37.53906557	0	104
TCGCTGCCTTCTATCGAGGGAGTCTGGGGT	0	26.45966514	0			0	0	0	2
TCGCTGGGTCCGTGTAAAGATGTGACTTAG	128.5299477	484.2118721	449.1499272			0	51.18963486	0	467
TCGCTGTAACCCAATAACGCAAAGTTACAG	0	0	0			0	78.49077346	0	4
TCGCTTTAAAGTTTTGGCGTTAGTTGAGTG	0	0	0			20.81417625	116.029839	0	120
TCGCTTTAAGATACGGTTAAATGCCCCAGT	0	21.16773212	37.95633188			0	23.88849627	0	28
TCGGAACGACCGTTTTCGGGGGGTAACCAG	0	0	0			0	13.6505693	0	1
TCGGACCGAGGTGAGGATGGTCGGTAGATA	0	0	0			0	6.825284649	0	1
TCGGACGTTTTGTGCTGTGATGCGGATAGT	0	0	0			0	672.2905379	0	153
TCGGACTTATTTATATGGTGTCCCCGCTAA	0	0	0			72.84961686	34.12642324	0	45
TCGGAGCGTATTTGAGGTGGAGAATGTGAT	0	0	0			0	3.412642324	0	126
TCGGAGGATCAGAAACCAAAATAGCGAGTT	46.73816281	190.509589	85.40174672			0	0	0	74
TCGGATAATAGAGCATTATGTTGGTGATAT	1.2982823	0	0			0	3.412642324	0	3
TCGGATGATAGTGTGGGACCCAAGAGATAA	0	0	0			0	6.825284649	0	10
TCGGATGTATAAAAATAGGACAAGACCTCG	0	0	0			0	3.412642324	0	1022
TCGGCACGAACAGGCGCCGCTTGACTGTTT	0	0	0			0	51.18963486	0	8
TCGGCAGAAGGCGGCTTAATGTTGGGGTCA	0	0	69.58660844			0	317.3757362	0	116
TCGGCAGCTCTCGTCGCTATGATATTTCGC	0	0	3.163027656			0	0	0	1
TCGGCCGGTGTGGAGACAAGCGGGGGAGTG	0	0	0			0	133.0930506	0	447
TCGGCGGATAGCGGAAGGGAGGGGTTACGT	19.4742345	291.0563166	0			0	58.01491951	0	13
TCGGCGTATGGTGAGGAGAGGGAGGGAATA	540.0854369	0	82.23871907			52.03544061	126.267766	0	228
TCGGCTGGACCCTTCGCGTAGATAGTCGTA	0	0	0			0	6.825284649	0	34
TCGGGATATTTTTAGTAGACTATGCTTAAA	0	0	0			27.05842912	0	0	3
TCGGGCAGAGCTTCATTAACTTAAGCTATC	0	0	0			0	40.95170789	0	7
TCGGGCCTTAAGAGTATGTATACCTGGTAG	0	0	0			0	3.412642324	0	1
TCGGGCGTATAATTTATTTTCTACTGCGAT	122.0385362	526.5473364	0			0	0	0	4
TCGGGCGTTACTCCCACGATATGCGGGGAA	0	0	0			4.162835249	877.0490773	0	20
TCGGGGCCAAGCGCTAGTTGCGCTGAAGGC	0	0	0			0	3.412642324	0	6
TCGGGGGAAGCGTAGCACTGACCGTTGTGA	0	0	0			0	1655.131527	0	2094
TCGGGGGATGGGCTGTGACTTCCTCCTCAC	0	0	0			0	3.412642324	0	26
TCGGGGTAAGAGTATCCAGATGCCCTGCGC	0	0	0			0	3.412642324	0	2
TCGGGGTAATGGAATGGCCCTCCGGGGGGT	0	0	0			0	6.825284649	0	2
TCGGGTGTAGCAGGTAAGGGAAGGGTAGTG	179.1629574	187.8636225	85.40174672			12.48850575	126.267766	0	75
TCGGGTTATAAGCATACGTTTTTGGAGAGC	0	0	0			0	23.88849627	0	13
TCGGTAAAACGGCGCCGGCGATGTAGGTTG	0	0	0			29.13984674	0	0	218
TCGGTAGCATCAGGTGATCAAGCAAATCAA	0	0	0			0	283.2493129	0	43
TCGGTAGGAAGAGGGGCGTTCAGGTGGGGC	205.1286034	142.8821918	66.42358079			0	129.6804083	0	108
TCGGTATTATGTACCCGTTCGAGTGGGGAA	0	0	0			0	40.95170789	0	72
TCGGTCACTGGGACCTGCAAGCACGATGTG	0	0	34.79330422			0	0	0	1385
TCGGTCCTAGCTCAGCTGGGAGGTGTGCTG	0	0	31.63027656			0	13.6505693	0	116
TCGGTCTTTGCCGTGTTGGCCTTTCGCCCT	0	0	0			0	30.71378092	0	12
TCGGTGCATATTTCATCAGCAAGGGGGGAA	27.2639283	0	28.46724891			0	0	0	17
TCGGTGTAACAACGCAGCTCGTACAGCGCA	0	0	0			0	34.12642324	0	39
TCGGTTAGAGTCTCTGAGCAGAGAATCAAC	0	0	0			0	6.825284649	0	2
TCGGTTGGTTGCTTAAAAGGCAGCGCTGAG	0	0	0			0	13.6505693	0	1
TCGGTTGTATGCGTGTAGCCTGCGTAGCCC	0	121.7144597	256.2052402			0	0	0	38
TCGGTTGTTTCACAGAATGAGCAAAAGCAG	0	0	0			31.22126437	23.88849627	0	16
TCGGTTGTTTCTAATGGTACGACCGGTTGC	0	0	0			0	20.47585395	0	103
TCGGTTTCTTTAATCATGTGCGTAATAGTT	0	0	25.30422125			0	23.88849627	0	48
TCGGTTTTTATGATAAGGGACAAAACCCCG	546.5768484	0	0			0	532.3722026	0	609
TCGTAAGGATTAAACTGTCCTCACGTAGTT	0	0	0			0	10.23792697	0	1580
TCGTACGATGCAGGTCGACGTCGGTGCCTA	0	7.937899543	0			0	0	0	24
TCGTACGGACCGTCAGTTGTGCCTCAGGTC	0	0	3.163027656			0	0	0	6
TCGTACTAACCGTTGGGGTTTTACGTATGG	0	0	0			0	122.8551237	0	147
TCGTACTGATGCTTGCTGCCAATTTATACT	0	0	0			0	10.23792697	0	30
TCGTAGCATGAGGATCGTGGTTAGGGGTAC	59.72098581	370.435312	404.86754			0	668.8778956	0	49
TCGTAGGTTTGGCGAGTTATTGGATGTGCA	0	0	0			0	416.3423636	0	664
TCGTAGTATCTAAGGGTAAGTCACGGAAGG	0	0	0			0	105.7919121	0	2
TCGTAGTTACATGGTCGGTCCCGAGGTCAC	0	0	41.11935953			0	54.60227719	0	2
TCGTATCTAGGAGTCCATGAGCGCGTGTCT	0	0	31.63027656			0	0	0	129
TCGTCACTATGCTTTCTTATAAGGCCGTTC	0	0	0			4.162835249	0	0	1
TCGTCAGCAGAGGTAAGACTTGGCGACGGA	12.982823	42.33546423	0			0	0	0	102
TCGTCAGGATTAAACCCACATTAGGGCGGC	0	0	9.489082969			0	0	0	599
TCGTCAGGTATTACGTGTTTCGACCTACTG	0	21.16773212	0			0	0	0	6
TCGTCATCACTCTGTGCTCAGTCGTAAGCG	0	219.6152207	0			0	0	0	664
TCGTCATCATCCTTGCTTCTTTATGGCGGG	0	0	0			0	6.825284649	0	6
TCGTCCTCTACCAATTCAGATGCTAATGGC	0	0	0			0	3.412642324	0	1
TCGTCCTGTGGGGTCACGTGACGGGGGCAG	0	0	0			0	3.412642324	0	1
TCGTCTCCTTTATTTCGGGCTGTATATATT	0	0	0			41.62835249	225.2343934	0	214
TCGTCTCGTTAACGACCGACGGACTCTTGT	0	0	0			0	3.412642324	0	3
TCGTCTCGTTTGCTGGTAATACGCTACGAT	0	0	47.44541485			0	13.6505693	0	509
TCGTCTGAAGAATGCCTGACGGCTCGAAAT	0	0	0			0	10.23792697	0	7
TCGTCTGATGAGGGGATGTGTCGTTTTAAT	0	0	0			0	214.9964664	0	22
TCGTCTGGTTCACATGAAGTGATGCGGTGT	0	0	0			0	10.23792697	0	1
TCGTCTTTAACTACAGGGAATCGTCTTTCA	11.6845407	0	34.79330422			0	481.1825677	0	38
TCGTGAAATATATTTCGCGGTTGAAACTGT	0	0	0			0	54.60227719	0	75
TCGTGAAATTCTTGTGGGCCCCTGCAGCCT	0	0	0			0	20.47585395	0	6
TCGTGACTTTGACTAATGATCTCTTCTTAT	20.7725168	0	0			0	17.06321162	0	1
TCGTGAGGTGAGACGTAGACAGCATAAACT	0	66.14916286	18.97816594			0	20.47585395	0	79
TCGTGATTACACGAACACGGAGATTATTCG	0	26.45966514	91.72780204			0	0	0	13
TCGTGCGATCATTTGTTGATAATGTTAAGT	0	0	0			0	40.95170789	0	7
TCGTGGCGTGGGGACCCACCGTGCACCCGT	0	0	0			0	3.412642324	0	32
TCGTGGGATATATTGCATAGATAAGTCCTA	0	0	0			0	6.825284649	0	7
TCGTGGGTTCGTGGTGATATGTACAAATAT	0	0	0			0	10.23792697	0	40
TCGTGGTCATCTGGCATTAGTTTGCTGGAG	0	0	0			14.56992337	23.88849627	0	11
TCGTGGTCTGGAGCGTAATTGTTAATCAAC	0	261.9506849	272.0203785			0	600.6250491	0	188
TCGTGGTCTTGATGGGACACAGTTATGTCG	0	0	22.1411936			0	238.8849627	0	17
TCGTGTGTTTAAGGATATGAGCGTGCTGTG	0	0	0			0	245.7102473	0	197
TCGTGTTAATGCGTCTCTCACGTAGTCCGA	0	0	0			133.210728	542.6101296	0	694
TCGTGTTGTTGGTGCCAGACAGTGGAACAG	0	0	0			14.56992337	0	0	10
TCGTTAACAAGCGTGACGTACCCTAATACA	14.2811053	21.16773212	75.91266376			0	409.5170789	0	127
TCGTTAGCAGGAGGCACATAATTCAGGTGC	0	0	0			33.30268199	214.9964664	0	610
TCGTTAGGACCTTCTATACATACGCGAACT	0	0	0			0	23.88849627	0	30
TCGTTATGTAGTACACCTCCCGGGAAGATA	106.4591486	21.16773212	316.3027656			0	170.6321162	0	79
TCGTTCCCTACGGAAGGTGCCAGACTACGG	349.2379388	0	0			0	5514.829996	0	2601
TCGTTCGCTCCACGCGTGGAGTGGCTAAGA	0	44.98143075	3.163027656			0	0	0	4
TCGTTCGGTGATATTAAACTGCGGATTATC	0	0	0			0	3.412642324	0	21
TCGTTCTATAGGAGACATAGGGGCACCATA	0	0	0			0	6.825284649	0	1
TCGTTCTATGTGTTGGGTCGTGGGGGGCAT	0	0	0			0	61.42756184	0	8
TCGTTGCTTTTCGCTCAGCTCGTATGAGCT	110.3539955	164.0499239	0			0	0	0	217
TCGTTGGATAGGTAGAAGGGGTGTGCGCTA	0	0	0			14.56992337	0	0	377
TCGTTGGGAGCGTTGATCGAACTTGTCACA	0	0	0			14.56992337	0	0	30
TCGTTGTGTCTGTTGGACTAGGTGAAGTTA	0	0	0			0	13.6505693	0	1
TCGTTTAATAGCTCGGCCCGACACATGGGG	0	0	0			320.5383142	0	0	22
TCGTTTCGTTACGGATTCTCGTCCGGTTAG	0	0	0			0	23.88849627	0	6
TCGTTTGAATGGTCATACGCTTGTAGTTGT	0	0	0			116.559387	716.6548881	0	1622
TCGTTTTGACCTTTGACACGATTTTGGCGG	0	0	0			0	13.6505693	0	1
TCTAACGCATTCGACTAAAAATTGGGCTGA	0	0	0			0	286.6619552	0	47
TCTAACTGACGGATCGCTTGCACCGTTTAG	0	5.291933029	41.11935953			0	44.36435022	0	1
TCTAACTTTGGGCTGTGGGGGTCAATAGCT	0	0	0			0	133.0930506	0	240
TCTAAGATAAATGATTACATTAAACGCTTG	0	0	0			8.325670498	0	0	2
TCTAAGTCTGTGAGGCAGACCCAGTGGGAG	54.52785661	0	0			14.56992337	0	0	4
TCTAAGTGTTTAGTGTTCGTGTGCAATCGT	0	0	0			0	17.06321162	0	5
TCTACGTATTCAACGTTGACACCCGAATTT	20.7725168	693.2432268	82.23871907			0	40.95170789	0	1
TCTACGTGATTATTGTAGTTCCGGTGTGTG	0	0	0			64.52394636	143.3309776	0	71
TCTACGTGTACCTTGCTTAACTATGATATG	0	7.937899543	0			0	6.825284649	0	2
TCTACTTATTTGGGCGCTTAGATTGGTTGC	0	0	18.97816594			0	20.47585395	0	36
TCTACTTCACGGACATCCTCTGATAAGTGA	0	0	0			0	361.7400864	0	444
TCTAGACTACGAATTGACACAGGTAGGTAT	0	31.75159817	0			0	20.47585395	0	10
TCTAGAGATTAAGTACCCGTCAGGGCGCTG	0	0	0			6.244252874	3.412642324	0	13
TCTAGAGTTTAATAGCGCAGGATCGTAATT	0	0	0			0	30.71378092	0	50
TCTAGCAGTCGAAATTTACTTTGTGTAAAC	0	0	0			0	119.4424814	0	258
TCTAGCATAGCTCCAGTCCCGATTGCAGTA	0	0	0			0	470.9446408	0	260
TCTAGCTGTCGCACAGCGTTTGTGGATAGC	0	0	0			0	37.53906557	0	323
TCTAGGTCATGAACGCAACCCGTGAATGCT	0	0	0			0	40.95170789	0	62
TCTAGTGGAATAATGTAATATGAGGTACAG	0	0	0			4.162835249	0	0	7
TCTAGTGTATTCTCTGGTATCGTTCGTCAC	0	0	12.65211063			0	0	0	52
TCTATAAAAATATGATGGGGACGATAAAAG	0	0	0			0	3.412642324	0	477
TCTATAAATGGATCTAATGGTCAGTGCTCA	0	0	0			6.244252874	44.36435022	0	33
TCTATAAATGTTGGGCCGTGATCAAGGTTT	0	0	0			0	10.23792697	0	10
TCTATAGCAAAACGAGGGCTCAATTAGGTA	0	0	0			0	37.53906557	0	48
TCTATAGGATGTCTAGGGCCTCCGTGCAAA	0	0	553.5298399			2052.277778	1030.617982	0	247
TCTATATCTTACCGTTTCTTGTTCGCCGGA	0	0	0			52.03544061	0	0	120
TCTATCCTTGGCATAGTTATGTGTTCAACT	0	0	0			8.325670498	0	0	43
TCTATCTTACGTATAGCTGAAGGCTGAATC	28.5622106	246.0748858	259.3682678			0	17.06321162	0	38
TCTATGAAATTTGGCTTTCCTCGCGTGGAA	55.82613891	613.8642314	0			0	34.12642324	0	27
TCTATGATAGTCCGGATCTATGTGGAATAC	0	0	0			2.081417625	6.825284649	0	2
TCTATGGATTTAGCTTTTAGGTTGTATACT	0	0	0			8.325670498	13.6505693	0	20
TCTATGTCAGGCATTTTTTTAAGATAGGTA	0	0	0			4.162835249	13.6505693	0	1
TCTATGTTAGTTTGTACGTCATAACGGTTA	0	0	0			830.4856322	764.4318806	0	1261
TCTATTAGAATTATAGTATCGATAATTAAT	1.2982823	0	0			1109.395594	0	0	155
TCTATTATACTGGGCGGAGTGGTTATGCAG	0	0	12.65211063			0	23.88849627	0	4
TCTATTGCACGCACGGTCATCGAATGAGCG	0	84.67092846	0			0	71.66548881	0	29
TCTCAAGAATATCCATAGGTGGTCGAGGGA	0	0	0			1671.378352	1440.135061	0	730
TCTCACCTTGGACTCCACCTTTAGTAACTG	0	26.45966514	0			0	81.90341578	0	259
TCTCAGGAAGACAACTCAAGGCGGAATTAA	0	0	0			0	914.5881429	0	793
TCTCAGTATCCCAGAACCTCGGCTGATAAT	0	0	0			0	17.06321162	0	21
TCTCATGAAGTTTACTCTTACAGTTCTAAA	0	0	0			0	23.88849627	0	28
TCTCATGTTGGAGGGGCAATAGCGGGAGTG	0	105.8386606	0			0	54.60227719	0	120
TCTCATTTAAATCCTGTATCCCGCTCATAG	0	0	0			2.081417625	10.23792697	0	11
TCTCCCGCATAGTAGCGGCTATGGACTGGG	0	13.22983257	0			0	0	0	30
TCTCCGACTGACAAGAACACGTCTAAATTG	0	0	0			0	23.88849627	0	435
TCTCCGGATTTTCGAAGTGATATATGATGA	321.9740105	240.7829528	192.944687			0	665.4652532	0	121
TCTCCTCGTTTGCAAACTCGACTTGGCAGC	0	0	34.79330422			0	3.412642324	0	3
TCTCCTTAATTTGTCGTATGCTTGTAGGCA	0	0	0			0	3.412642324	0	1
TCTCGAGATATTCAGGTGGTAGCAAATGAT	0	0	0			0	34.12642324	0	37
TCTCGAGTTTGCCGAAATTTACTAGGTAGC	32.45705751	76.73302892	0			0	191.1079702	0	83
TCTCGCAAATACTCAGTAAACTCCCAGCAT	0	113.7765601	0			0	0	0	19
TCTCGCGCATAAAGTTGATAGCGCTGGATG	0	0	25.30422125			0	40.95170789	0	3
TCTCGCGCTGGAGCGCTTACACTAAGTTCC	0	0	0			0	40.95170789	0	47
TCTCGCGTAGGGTAGGAGGAGGCTTGGCTC	0	0	0			0	17.06321162	0	2
TCTCGCTGATCTCGTCGTAGTGGAAGCTGG	0	0	0			22.89559387	0	0	15
TCTCGCTGTTTCTGTTGTACGCGGTCTATC	7.789693801	7.937899543	0			0	13.6505693	0	6
TCTCGGAGTGTATGAGTTCGGTGCGCACGG	6.491411501	0	0			0	0	0	1
TCTCGGTGAAGCTCTAGTAACAGGGTCGGT	0	0	0			0	23.88849627	0	3
TCTCGTATAGGGGGGGCTACTCGTATAGGG	72.70380881	193.1555556	79.07569141			0	3.412642324	0	11
TCTCGTCATTGAGTCTGCTATTATTGGATA	0	177.2797565	0			0	191.1079702	0	186
TCTCTGAGTATCTAAAGAGAATTTGTACTA	0	0	0			0	3.412642324	0	6
TCTCTGGATTCTTCAGACTTAATGCGGTAA	0	0	0			0	64.84020416	0	3
TCTCTGTGTAGATCTCTGTACATGTCAGGC	53.22957431	254.0127854	15.81513828			0	0	0	5
TCTCTTATATGTGTTTTATGAGTCCTTATG	10.3862584	0	3.163027656			0	3.412642324	0	5
TCTCTTGAACCATCATCAATTCTTAGCTAG	0	137.5902588	0			0	0	0	515
TCTCTTGGATAGAGTGGTCCAGAGGTTCGA	0	0	0			0	3.412642324	0	30
TCTCTTGTATCGCTCACGTTCCCTATATCA	0	111.1305936	0			0	85.31605811	0	146
TCTGAAATTCCTGCTACAAATCTTGTAATG	6.491411501	0	0			0	3.412642324	0	9
TCTGAAGGAGGTACAGTTCCACTCTCTAGC	0	0	0			4.162835249	0	0	1
TCTGACAATGTAGAGGCCTCCTGCTGCTCA	22.0707991	0	31.63027656			0	10.23792697	0	16
TCTGAGGGTTGAGTGCGCACGCGAGTTCGT	0	0	0			0	10.23792697	0	16
TCTGATCTTATGTTCGTCGTGCAGGAAAAT	109.0557132	3595.868493	1796.599709			0	351.5021594	0	1180
TCTGATTTTTCCCTGTTGTTAACGGGACTC	0	0	0			4.162835249	0	0	4
TCTGCAGAAAAGTGTCATGAGACCGCGCGG	0	0	0			2.081417625	0	0	1
TCTGCAGATCGTGTTCCATCACTCTCTGCG	99.96773712	103.1926941	15.81513828			0	37.53906557	0	7
TCTGCTCATATCACATTTCGGTCGTTGGTA	0	187.8636225	15.81513828			0	23.88849627	0	2
TCTGGAAAAGCAAGGGAGATTAAAAATCCA	0	0	0			0	20.47585395	0	7
TCTGGAAGATGTACCATTGCGCGGGAAACG	0	0	0			0	17.06321162	0	2
TCTGGAATATGCGCTCCATTTATGTGTTTG	0	0	0			70.76819923	1085.220259	0	402
TCTGGAGTATGAAGTGCTGGATCACGGGAG	0	0	0			0	6.825284649	0	5
TCTGGCGTAAGGCGTCTTTATATGGGTTTG	25.965646	74.0870624	0			0	0	0	1
TCTGGCTAACGTGGGTGAGACTGGGTTACT	0	0	9.489082969			0	44.36435022	0	14
TCTGGGCTAGAGGTGTGCTATTCGATAAGG	0	0	0			0	894.112289	0	474
TCTGGGGGTTAACCGATTGGGGTCCTGGCC	6.491411501	0	3.163027656			0	0	0	11
TCTGGTCCTAACCCTCCGCCGGTATGAGAA	0	0	0			16.651341	0	0	96
TCTGGTGGATTTTTCAACGTTTGGTTGCCT	0	0	0			0	10.23792697	0	1
TCTGGTTGATCTAGGAGGAATGAGGTTATG	0	7.937899543	0			0	17.06321162	0	5
TCTGGTTTTTTGGTCAGGTCGCACATAAAG	0	0	0			0	20.47585395	0	29
TCTGTAACTACTTGTATGTAGTCCTCTACG	0	0	0			0	10.23792697	0	18
TCTGTAGTACGGAGGGACGCTATAGCCAGG	0	0	0			0	3.412642324	0	1
TCTGTATGAGATTGGGTGATTTAGTGAAGA	0	0	0			0	13.6505693	0	1
TCTGTATTTCTCATTTGCCGTTACACTGAC	0	0	0			158.1877395	965.7777778	0	1457
TCTGTCTAATTGAGGACTCGGGTAGCGTGA	0	0	0			41.62835249	17.06321162	0	49
TCTGTCTCAGGAGGGCTCAAGCAGGCTCGT	0	0	3.163027656			0	0	0	1
TCTGTCTTTGAGCTCACATACAGTCAGGCT	25.965646	0	79.07569141			35.38409962	109.2045544	0	297
TCTGTGGATTAACTCATTAACCCAAGAGCT	0	0	0			0	20.47585395	0	11
TCTGTGGTATACAGTGTAGTGAAGGGCCTT	0	0	6.326055313			0	13.6505693	0	7
TCTGTTAATATGATTCGTAAAGATCGTTAA	0	0	50.6084425			0	10.23792697	0	1
TCTGTTGCTTAAAGCTATAGAATTTCGACT	0	0	0			0	10.23792697	0	7
TCTGTTGGAAAGTTACGAACCCATAGCTCG	0	52.91933029	0			0	23.88849627	0	2
TCTGTTGTTCAGACCGCGACGATACTTCTG	0	0	22.1411936			0	0	0	94
TCTGTTTTAAGCCGGCAGAGTACCGATCAG	2.5965646	0	9.489082969			0	0	0	9
TCTTAACCTGAGGACCTTGTAGTAAGCGCC	0	0	0			0	64.84020416	0	10
TCTTACGAAGTCTGGGGCGCCAGCCAATCC	0	0	0			0	81.90341578	0	32
TCTTACGGAGGTCTGCCGGCGTCGCATAAG	319.3774459	510.6715373	357.4221252			0	0	0	1259
TCTTACTAATCCTCGTTGTACCGAGGCGGT	0	0	0			24.97701149	20.47585395	0	12
TCTTACTTTCGGCGTGAGGAGTGTGAAAAG	0	0	0			6.244252874	0	0	4
TCTTAGAGAATCGTCAGCTGGACCATCACG	0	0	6.326055313			0	0	0	1
TCTTAGATTTTGGTTTAAAAATTGATGTAA	0	0	0			2.081417625	0	0	6
TCTTAGGGAGGGAGTGGACTTATCCTAGGC	0	0	0			0	10.23792697	0	4
TCTTATAGTATGTCTACTATGGTTCGTGTC	0	0	0			0	17.06321162	0	1
TCTTATCATATAGGATAGTCCCCGCTGATT	107.7574309	788.4980213	259.3682678			0	0	0	70
TCTTATCATGTTCTTATAGAATAGGTTAAA	0	55.5652968	0			0	64.84020416	0	5
TCTTATGTTCTAACCCAGCTTTTCTTCCAG	142.811053	343.9756469	47.44541485			0	0	0	109
TCTTATTATCACCAAGCTCCGACTTTTACT	0	5.291933029	47.44541485			0	6.825284649	0	70
TCTTATTTTTCTGCCGTCCCGATTTTAGGA	0	0	0			0	58.01491951	0	11
TCTTCAGACTCGGCGCTGGGGCTAAGTTCT	0	0	0			0	6.825284649	0	1
TCTTCCAATTTTTGCTTCCGTCAGTTTTGA	0	0	0			0	300.3125245	0	45
TCTTCTGTACTAAAGGCATAAACTGTTGCA	0	0	3.163027656			0	17.06321162	0	3
TCTTGAAGTTGAGCTGTGAGGGTACCAGAC	0	0	0			6.244252874	0	0	15
TCTTGAGATGGGTGGTCATATCAGCATGGG	0	0	18.97816594			0	81.90341578	0	542
TCTTGATGAACAGGTCTCAAGTGTACTACA	0	0	0			10.40708812	20.47585395	0	8
TCTTGCATACTGTTGGTGGGAACGGGGCAA	0	0	113.8689956			0	116.029839	0	90
TCTTGCATATTAATTTATCTTTTTCCTATA	0	0	0			0	27.30113859	0	34
TCTTGGGGATGTGGGTATCAGGTTAGAATC	0	0	0			0	20.47585395	0	64
TCTTGGTTATCTTAGGGTGGGCGACAAGCC	76.59865571	34.39756469	63.26055313			0	116.029839	0	2
TCTTGTACTATTAACGTGTCTAAATGGTCG	162.2852875	1415.592085	480.7802038			0	30.71378092	0	122
TCTTGTATAGATGAGTGTGGAGTGCCGGCC	0	0	117.0320233			0	0	0	14
TCTTGTGCATAGGGATGATCAGGTAAATTA	562.156236	907.5665145	929.930131			4.162835249	382.2159403	0	339
TCTTGTTAAGGCCGTCCGTATAATAAGCCA	0	0	0			0	64.84020416	0	17
TCTTTAATTTTTCTTGGGATCCTGATCTGG	0	0	6.326055313			0	10.23792697	0	365
TCTTTATTTATAGATGCATAAGGGAACCCA	0	7.937899543	0			0	3.412642324	0	1
TCTTTATTTTGCTAACTTCGTGAAACGTGT	0	0	0			22.89559387	13.6505693	0	34
TCTTTCGAAATAGGCTGTCTGAAGAATACA	0	0	0			0	3.412642324	0	1
TCTTTGACAAAGGTTAGCGCGTTTCCTATA	0	0	28.46724891			0	0	0	6
TCTTTTAATGGTGCCAGGGATTTAGACGGG	0	0	0			0	105.7919121	0	64
TCTTTTACATGGTGGGGTACGTCAGGATGC	0	0	0			70.76819923	518.7216333	0	24
TCTTTTACTTTCTGTTTGATGTTGTAGGGT	0	0	69.58660844			0	0	0	59
TCTTTTCATTAGACAGAACCCTATGGGCGT	0	0	0			0	389.041225	0	257
TCTTTTGCCTCGGGATGATCAAGTAAATTA	1.2982823	0	0			0	0	0	1
TCTTTTGGAGGTGGGGGGGATGAGTTATCG	0	0	120.1950509			126.9664751	0	0	613
TCTTTTTGAGTGTCCACGGGTTCCACGTCG	345.3430919	203.7394216	69.58660844			74.93103448	34.12642324	0	4
TGAAAAAGTCTTTCGCGTGGTATTTGTGGC	0	23.81369863	22.1411936			0	0	0	10
TGAAAAATTTGCGAAAGTTCCGGTTTCCGG	0	0	0			16.651341	525.5469179	0	247
TGAAAACTTGTTGTCTTTCATGGGTCAGGA	0	0	6.326055313			0	0	0	1
TGAAAAGTACAGCCTGGGAGGAGTTAAGCG	0	0	25.30422125			0	64.84020416	0	27
TGAAACATATAAGACAGTAGATGTTGGACA	0	0	0			0	17.06321162	0	16
TGAAACATTGCAGGAGCGTTCTGTGTTTGC	0	0	0			0	293.4872399	0	36
TGAAACCGTGATCGGTATAGGTCGTATCGT	94.77460792	362.4974125	50.6084425			31.22126437	395.8665096	0	342
TGAAACCGTTTGTGATGGGCGAGGTTGATC	0	0	0			0	6.825284649	0	2
TGAAACTATGCTATATATTTTCTATCGATA	0	0	0			0	10.23792697	0	8
TGAAAGATTGATAAATAATTTACTGGTTTC	385.5898432	145.5281583	449.1499272			31.22126437	68.25284649	0	509
TGAAAGGGTTGGTGCCCATAAGGTGGAGGG	0	0	0			0	3.412642324	0	1
TGAAATCAATGTCATGGCGTCTCTAGCAGA	0	0	0			0	1651.718885	0	6
TGAAATCCAGTAGTCGTTGGTATTAAACGA	0	0	0			52.03544061	0	0	35
TGAACATATTCCTAGTCGGGTAGGGTTGTA	0	0	0			0	13.6505693	0	36
TGAACCGCAGTAATCGCCATCCAAGTAGTT	0	0	0			0	37.53906557	0	1583
TGAACCGTTTTCGTGGTGGCAACGTGAATG	0	0	18.97816594			0	98.9666274	0	122
TGAACCTGATCGAAGTCCGGGTTGGATGAG	0	0	0			0	13.6505693	0	25
TGAACGTCTTTCTCACCGTTAGGAAGGCCT	0	0	0			0	64.84020416	0	2
TGAACTAGACGTGCCCTATGAAACCGCGCA	0	0	0			0	17.06321162	0	11
TGAAGAAGTCCCGTGTTTAATACTGGTTCG	0	0	0			0	10.23792697	0	61
TGAAGACAAAACAGCAACCTAATCCAGGTG	0	0	0			0	505.071064	0	1165
TGAAGACATCGAGCGTCGATAATAAGTGTT	0	0	3.163027656			0	0	0	1
TGAAGAGGATGTAGCAAAAAGGCCGAGTGT	0	0	53.77147016			66.60536398	109.2045544	0	27
TGAAGATAACTTGATTGTACTGGTCTCGCA	0	0	0			4.162835249	6.825284649	0	83
TGAAGCCACAACAGCCACCTAATCCAGGTG	0	0	0			0	3.412642324	0	1
TGAAGCCCAGCGTCATATTGCTGAATCTGG	0	0	0			0	3.412642324	0	1
TGAAGCTAATTAGTCCATTAGGCGAAGGCT	0	60.85722983	0			0	0	0	257
TGAAGGAGACTGGCAGAGCATGCTGTGGCG	0	0	0			0	6.825284649	0	3
TGAAGGAGAGACAGCAGTACAATATGTGGA	0	0	0			716.0076628	119.4424814	0	1846
TGAAGGCAAGTCCTGTAGGATCTATGGATG	0	0	0			0	6.825284649	0	2
TGAAGGCTACGGGTGACGCTACATGTTGAT	0	0	3.163027656			0	0	0	265
TGAAGGTTACGGACAATCTAGAGATGTTAA	16.8776699	13.22983257	0			0	10.23792697	0	80
TGAAGTAGTAGAGGTCGACAGGCGTGGAAA	0	124.3604262	0			0	116.029839	0	542
TGAAGTAGTCATCGGGGTAAGCCTCTACTA	0	0	0			0	68.25284649	0	50
TGAAGTAGTTGAGCCTAGCGTACTAAAGGC	0	0	0			37.46551724	78.49077346	0	6
TGAAGTCAAGAAATGCCCTTGACGCTTCCA	0	0	0			0	37.53906557	0	290
TGAAGTCGATTTGTTGCCGAGGGTTGACTC	18.1759522	44.98143075	0			0	0	0	60
TGAAGTGCTGGTCAAAAGTTAATATGAAAC	38.94846901	854.6471842	12.65211063			0	0	0	36
TGAAGTTGTGCCGGCTCGCGGTCGAGAGCC	0	10.58386606	0			0	0	0	1
TGAATAGATGGTCTATGGCAATAAGGGGGT	0	0	0			6.244252874	30.71378092	0	3
TGAATAGCATAAAATAGTCCATGCGGAGAT	42.84331591	52.91933029	18.97816594			0	37.53906557	0	23
TGAATATTTCCCTGTATATTTACGTCACTA	0	0	0			0	51.18963486	0	133
TGAATCAAAGTGCGTCTATTCGTCTTCGAA	0	0	0			0	3.412642324	0	7
TGAATCATATTTTCCACGTGTTGAGGGGGA	0	0	0			0	13.6505693	0	28
TGAATCGTTCTCTTGGGAGAGTTGGCGAGA	0	0	0			2.081417625	0	0	1
TGAATCTAAAGGAGTAGGGCCCCGAAACAG	0	132.2983257	25.30422125			0	0	0	6
TGAATCTCAAACAGGCCTTCTTGGGGAACG	0	0	0			0	3.412642324	0	109
TGAATGAAAAGGGCGCGAGGACCGCACTAG	0	0	0			0	3.412642324	0	1
TGAATGAGTGCAATAAACTTACCCGGAAAG	2.5965646	0	0			0	3.412642324	0	1
TGAATGGCTTCTTTAGAATTACATTATTAA	0	0	15.81513828			0	0	0	13
TGAATGTATAGGCCGTGAGATTTGAGGAAT	0	0	34.79330422			0	0	0	4
TGAATTCATCAATGAACCCCAGACCTCGTT	22.0707991	34.39756469	15.81513828			0	0	0	3
TGAATTCTACGAATGATGGGCGTGTACTGT	0	5.291933029	224.5749636			0	0	0	1503
TGAATTGAATCAGGTGATCGTGCGGGCGAT	0	0	0			0	17.06321162	0	15
TGAATTTCACAGCACACGTTGTCTGGAAAA	76.59865571	449.8143075	319.4657933			0	34.12642324	0	60
TGACAAAGATTATGCGTGGAGCAGGGCTGC	0	0	0			0	6.825284649	0	38
TGACAATTTTGAGATAACGGCTTACAGGAG	0	89.96286149	12.65211063			0	0	0	2
TGACACCCTGGCAGGTTGTGTCGCTTAAAG	0	0	22.1411936			0	13.6505693	0	44
TGACATCAAGTGGACCTGGGCCTTAAAAGT	0	0	0			0	3.412642324	0	4
TGACATCTTACGAATGTTCTTTCGAGAGTT	7.789693801	55.5652968	22.1411936			0	0	0	2
TGACATTCACGTGGAATTGCAGGGATGGGA	0	0	148.6622999			0	0	0	2233
TGACATTTTTGAGGCAATCATAAGGCACAG	0	0	0			0	81.90341578	0	23
TGACCATATTCCTCGTCGGGTAGGGTTGTA	0	0	0			0	3.412642324	0	1
TGACCGTTAAAGACTTGGGGTCTCTCAGTG	72.70380881	0	0			0	10.23792697	0	3
TGACCGTTAAGCACTAGTGGGGGACAGGAG	18.1759522	0	0			0	0	0	1
TGACGAGCAATGGCGCACTACAGGGTGGAA	0	0	41.11935953			0	0	0	87
TGACGAGGACGCGATATGGTGGGTCTCGGG	0	0	0			0	10.23792697	0	5
TGACGAGGTTTTCTTCGTTTGGGTGTCAAA	0	34.39756469	0			0	0	0	2
TGACGCTGATACCAGAAACCATTAAACTCC	0	5.291933029	0			0	6.825284649	0	1
TGACGGATAACTGGTGTAACATTGAAAGAA	0	42.33546423	47.44541485			0	20.47585395	0	7
TGACGGCCTGCGCGCTGTGTGTGAACAGCT	0	2.645966514	0			0	3.412642324	0	8
TGACGGGTAGGCAGTGAGTGTGCGCAAGAT	0	0	0			0	44.36435022	0	4
TGACGTAATGCCGGTATTGTACGTTGTTTC	0	0	0			0	116.029839	0	48
TGACGTAGAAGGGGCACTTGGGCCCGGTAC	0	0	0			22.89559387	307.1378092	0	26
TGACGTATAGTGTCTTCGGGCTCGGCCAGC	0	0	9.489082969			2.081417625	129.6804083	0	17
TGACGTATTGATGGTGCCGTTACATAACAG	16.8776699	0	0			0	13.6505693	0	1
TGACGTGATGACTCTGGTATAGATGTTGCG	0	0	0			0	34.12642324	0	22
TGACTAAATCTGTCTTGCACTATTTTTCTT	0	0	0			0	13.6505693	0	43
TGACTAAGTTTTCATGATTAGGCGATGTTG	0	0	0			0	6.825284649	0	12
TGACTCGGACGGGAGACGGGGACGGGGACG	0	0	50.6084425			0	0	0	12
TGACTCGGTAGTCTCACAAAACCTTATTCC	0	5.291933029	0			0	0	0	79
TGACTCTGAAGCCGTGTGCCCTCATGCGAG	0	0	0			0	68.25284649	0	39
TGACTCTGAGTGGGGTTGTTACCTGGCTGT	0	0	0			0	23.88849627	0	14
TGACTCTGTCAAGGCCAGCATGTTGTTTTT	0	0	0			0	40.95170789	0	385
TGACTGAGAGCGCTGAACAGTGACGCATTG	25.965646	18.5217656	0			0	0	0	3
TGACTGATAAACGCATAGCATCTCAGATAG	0	0	0			0	122.8551237	0	23
TGACTGCGAGGAGGGGGGACGGAGTGGGAG	0	0	0			20.81417625	0	0	428
TGACTGGGAGCGCGCCTGGCAACGCTGGTG	0	0	0			2.081417625	3.412642324	0	5
TGACTGGTTACGCACAGCGGGTGAGCATGT	0	2.645966514	0			0	10.23792697	0	5
TGACTGTGTCCCATTGGTAGGCGCTCAAAT	0	0	0			0	13.6505693	0	6
TGACTGTTTAGAAGTGCTGTCAGGGTGAGA	0	0	0			0	10.23792697	0	9
TGACTTCTTCACATCAAACATGTTTATACT	0	0	0			0	3.412642324	0	1
TGACTTTTACAGGGCGTGGTAATGGTGCGA	0	0	0			0	10.23792697	0	1
TGAGAAAAATGATTGCTGACATCGAGACAA	0	0	0			0	10.23792697	0	105
TGAGAAACAACGTGAAAGAAAAGCAGCACT	102.5643017	222.2611872	82.23871907			0	825.8594425	0	125
TGAGACTCAGCGTAATGGATTATTGTCTTG	0	0	0			0	23.88849627	0	1
TGAGAGGAATTGGTTATGACCTTTCCAAGT	0	0	9.489082969			0	0	0	12
TGAGAGGGTAGATGTCCAGTGATTAACGCA	0	0	0			0	68.25284649	0	57
TGAGCCCCAACTTATGCTGCGGACCCGCTA	0	0	0			0	47.77699254	0	8
TGAGCGAAAGGACCCGATTATATTTGCATA	7.789693801	1328.27519	237.2270742			0	375.3906557	0	246
TGAGCGGAATGTCAACTACAGAACGGACCG	0	0	0			0	34.12642324	0	48
TGAGCTCCAAACCCGGCGTTGGGTTACTAG	0	0	0			79.09386973	112.6171967	0	36
TGAGCTCCATGTCCACTTTGCACGCAGCGC	0	0	0			64.52394636	0	0	3
TGAGCTTATTATATTCGCAAGTCGTATATA	0	0	0			0	3.412642324	0	5
TGAGGAGATGCTTTCGCCTTTTGCCTTGAT	0	0	0			0	10.23792697	0	1
TGAGGCCCACCTGGGATCGCGTGACTCATA	0	298.9942161	85.40174672			0	10.23792697	0	39
TGAGGCGATCGCTTGATCCTCCCCATGTTT	0	0	0			0	6.825284649	0	362
TGAGGCGGACACAGGCTCGGAGTTGGGACG	11.6845407	0	0			0	0	0	2
TGAGGCGGACCCGAAATGTGTCTTATTTAT	0	0	0			0	10.23792697	0	1040
TGAGGCGTAGGCAGGCAAGCGTAAGGGGGC	0	0	151.8253275			0	0	0	3162
TGAGGCTTAACATATAATTACATATGTGAT	0	0	0			54.11685824	464.1193561	0	906
TGAGGGAATGGCGATGTATATGGCGGACAG	0	0	9.489082969			0	0	0	22
TGAGGGAGAGCGGTTTTAGCGAAGGAGTTG	0	0	0			0	116.029839	0	241
TGAGGGCAATCAAGTTGCATATAGTTACTT	0	0	1034.310044			0	0	0	784
TGAGGGCATCGGCTCCGGGCAAGTCTTTGG	0	0	0			24.97701149	27.30113859	0	2
TGAGGGGATGCCTTAACCCATTAGCCTAGA	0	0	0			47.87260536	0	0	1
TGAGGGGGACCGCTCGGATTGGTTGTGTGA	0	0	0			2.081417625	10.23792697	0	40
TGAGGGTAAAGTGCTCGTTAGGTTCTCTAA	0	0	0			64.52394636	0	0	49
TGAGGGTATCTTACGCTAGCTGGGAAGCCC	0	0	0			4.162835249	0	0	110
TGAGGGTATGAGATGAGGAAGTGGTGCTTG	0	0	0			0	3.412642324	0	1
TGAGGGTTATCAGGCATGGTTAATCACACA	0	0	0			0	3.412642324	0	1
TGAGGTAGTTGTGTGGTGATCAGTCAGTTA	0	0	0			0	23.88849627	0	13
TGAGGTGAACTACTTCAGCCGGGCTATTCC	0	50.27336377	28.46724891			0	27.30113859	0	4
TGAGGTGTAGACTCAGGTGAGCCGACTGAA	0	0	0			0	13.6505693	0	12
TGAGGTTAAAGAACGGTGGGTAGTGGATTC	0	0	0			2.081417625	20.47585395	0	9
TGAGTAAAAGCTGATAGGTGTTGTCAACTT	0	0	0			0	464.1193561	0	733
TGAGTAATAGGATGTTGGACCGCGTCTATG	0	0	0			0	6.825284649	0	7
TGAGTAGAAGAGTGGAGGGTAAGGTAGCTG	3.894846901	0	0			2.081417625	27.30113859	0	64
TGAGTCAATGCTGAGTGCTTCAATGTTAAG	0	0	0			0	30.71378092	0	2
TGAGTCAGAAAAAAACCTACTATTCGTGGC	0	0	15.81513828			0	0	0	4
TGAGTCAGAAAAAAACTACTATTCGTGGCT	0	156.1120244	812.8981077			0	102.3792697	0	3274
TGAGTCAGAACAAAAACTACTATTCGTGGC	0	0	12.65211063			0	0	0	1
TGAGTCAGACAAAAAACTACTATTCGTGGC	0	0	31.63027656			0	0	0	12
TGAGTCGTATGGGCACGGCAATGTGCGGTT	0	0	0			43.70977011	208.1711818	0	93
TGAGTCTAAAGAATCATGCCTAAATCGTAA	0	0	0			14.56992337	0	0	205
TGAGTGGGAAACAGACGGCTTTAGTTATAG	7.789693801	7.937899543	0			0	0	0	1
TGAGTTGATGAAAATATTCCAATTAGAGTT	275.2358476	616.5101979	183.4556041			0	0	0	1839
TGAGTTGATTCCTCGAGGGATATTCACACT	0	203.7394216	15.81513828			0	17.06321162	0	29
TGAGTTTCATGGTGGGTTGGACGTTCAAGG	0	0	0			0	3.412642324	0	11
TGAGTTTGTCGATGGAACTGTTACGGTAAT	0	0	0			0	3.412642324	0	6
TGATAACATGCGGTCCCATCCTTAACCGGG	0	0	0			0	10.23792697	0	9
TGATAACTTGGCGGGTCTGCACGGGGGCTG	0	0	0			0	3.412642324	0	5
TGATAAGCTTCATGGTTCGTGGACGCGAGT	0	0	0			0	17.06321162	0	1
TGATACAGATTAGCGCGGTAGTATGTGTGG	0	0	0			0	27.30113859	0	1
TGATACAGTTCCTTTTTTGCCTTCCCGTGC	0	0	0			0	47.77699254	0	9
TGATAGTGTAATCGTTGTTGACTCTATATT	0	0	0			0	6.825284649	0	7
TGATATCGTAACTGGGGTAGGTGCTCATAG	0	0	0			328.8639847	13.6505693	0	19
TGATATGAACAAGCAACTTAAAAAACAGAA	0	13.22983257	9.489082969			0	3.412642324	0	10
TGATATTCTGTGCTATAAGTATATTTTTTA	0	0	0			0	61.42756184	0	514
TGATATTGTTGTTGCCTTGGAGGTGGGAGA	0	0	0			0	3.412642324	0	10
TGATCCACAGGGTTGTCCCCCAGGTATTAG	9.087976102	0	0			0	10.23792697	0	8
TGATCGGGTGGGGGTTGTCGACCAGGGCCT	0	0	3.163027656			0	0	0	4
TGATCTATAGCCTCAAATGCCCCGGTAGAT	0	0	0			0	3.412642324	0	1
TGATGAGTACGAATTTTCTAGGTCATTCCC	0	26.45966514	0			0	23.88849627	0	4
TGATGATTATAGGAACGCCTGGGATGATAG	0	0	0			0	68.25284649	0	20
TGATGCAAAACGTCGTCTCCACACCGGACG	3.894846901	0	3.163027656			40025.66092	12258.21123	0	856
TGATGCATAGTTCTGGGTAGTGGGCCAAGG	0	0	0			0	146.7436199	0	781
TGATGCATTGGGCGCGCAAAAGGGTTACCT	0	0	9.489082969			8.325670498	0	0	5
TGATGGAAACACTTCACAGCATGATGCTTT	0	0	0			0	23.88849627	0	33
TGATGGCGATTAGTCATCGGTTGCGAACAA	0	0	0			0	921.4134276	0	227
TGATGGTGTCGCCACACGAGCACGGATTTG	0	0	0			0	20.47585395	0	388
TGATGTCCACTTAAACTATCGTTGGAGTGG	0	0	0			0	20.47585395	0	139
TGATGTCGTAAATGCACATTCCGCCAAGCC	0	0	167.6404658			0	395.8665096	0	41
TGATGTCGTTGGTAAGGGTGGGTTATGGTG	0	0	0			0	30.71378092	0	1
TGATGTGGTCAATAAAATTAGGTCGTCCAC	0	0	0			4.162835249	0	0	110
TGATGTGTAGGCGGGAGATATCTTGGATGT	1.2982823	5.291933029	18.97816594			0	0	0	26
TGATGTTGATCCTATAAAGCCAGGCCCCCT	0	0	0			0	491.4204947	0	64
TGATTAATTAGCTCGTCTAGGTGATTCAGG	0	2.645966514	0			0	0	0	1
TGATTACGAAGGTTATTCTCGATGAAGTTG	0	0	0			597.3668582	2651.623086	0	1358
TGATTATAAGACGACCGAATTGCGCCCGCT	0	0	0			0	10.23792697	0	9
TGATTCATTTCATTAGTAGGTTTCTCCCGG	0	5.291933029	12.65211063			0	112.6171967	0	11
TGATTCTATTGGGTGTACCCAGCAATGACA	0	0	0			87.41954023	0	0	93
TGATTGGGAACTGTACGTGCTCGTGGCATG	0	0	0			0	10.23792697	0	1
TGATTGGTACTTCAAGCCAGGCCCCCGAGG	0	0	0			0	71.66548881	0	49
TGATTGTCAGGAGGCAGTATCGTATGTGTT	0	5.291933029	0			16.651341	34.12642324	0	112
TGATTGTGTTATATGTTTGTAAGCATATTT	0	0	0			10.40708812	0	0	1
TGCAAAGGAATCTAGTGGAGAGGTCTCGCT	0	0	3.163027656			0	0	0	164
TGCAAATCTAGTTCGGTGTCGAGAACGGAT	2.5965646	0	0			226.8745211	0	0	1
TGCAACATTGAAATAACTGTAGTTGTCGGC	0	0	0			0	10.23792697	0	2
TGCAACGGATCAACTTTATACGATCCAGAA	0	18.5217656	15.81513828			2.081417625	0	0	1263
TGCAAGAATGGCAAAGGGCCGCGTTAACTT	0	0	0			0	17.06321162	0	1
TGCAATATAGGGCACGGCCGAGAGATTAGC	0	0	72.7496361			0	146.7436199	0	36
TGCACACTTAGCAAGCCAGAACTTGATTGT	0	0	0			0	10.23792697	0	62
TGCACATTATTATTTGGTAATTTCAATTAC	3.894846901	0	0			0	6.825284649	0	24
TGCACGATACGAGGGTACAGAGGGCCGGGG	0	0	0			8.325670498	10.23792697	0	13
TGCACGTATGGCGGCCATTTCCGCTAGCGT	0	0	0			0	17.06321162	0	253
TGCACTTAATTCTGCGCCGTAGTGAGCGGG	0	0	0			0	13.6505693	0	30
TGCAGAGGTCGTGCCATACATGCTTGCCTT	0	0	25.30422125			0	303.7251669	0	27
TGCAGCACTTAGTTCAGGAAATATATTGAA	0	0	0			0	81.90341578	0	123
TGCAGCCCTGGTGTGCGGCGCCCGATAGAG	0	0	0			0	40.95170789	0	6
TGCAGCTCATAGGGGCTTGAGGTGTATCGG	1.2982823	0	63.26055313			0	0	0	7
TGCAGGCAATCGGACACAGAGTGTGTTCTT	0	0	37.95633188			0	0	0	5
TGCAGGCGAGAGGGGTGGGCCCGACGGCTT	0	0	0			4.162835249	3.412642324	0	6
TGCAGGGATATAGGATAGCGGGGATCAAGC	0	0	0			0	3.412642324	0	4
TGCAGTATTCGGTGCGATAAAGCATTCATG	0	0	0			39.54693487	81.90341578	0	16
TGCAGTGAACGGCGGTCATGTGTTGTTTCG	0	0	18.97816594			0	139.9183353	0	448
TGCATAAATTTCGAGGTCAACGGGAAAAAC	0	0	0			0	51.18963486	0	2128
TGCATAACAACCAGCCGGAGGAACGCCACC	0	0	34.79330422			0	948.7145662	0	31
TGCATAAGTCACATATATTCTCAATTACTA	0	0	0			0	10.23792697	0	4
TGCATAGATTAGCGGAGGGGTCGAGTGCAA	0	0	0			0	208.1711818	0	52
TGCATAGGTCAGAAAGTGCATAGTCTAAGC	0	0	0			0	286.6619552	0	35
TGCATATGAGGAAGCAAACTCGGGGCTAAC	0	0	0			27.05842912	37.53906557	0	81
TGCATCGATTTTAGCAAACTCGATGCCTCG	0	0	0			0	245.7102473	0	209
TGCATGTAACAGGTGAACTTGTCCATATAT	0	177.2797565	0			0	204.7585395	0	9
TGCATGTGTTCTGATTGGTTTCTGCCGAGT	0	2.645966514	0			0	37.53906557	0	38
TGCATGTGTTGAGCGAAAAGGACAAGGCGT	0	0	0			0	10.23792697	0	1
TGCATTTTAGCAGGGTGCACTTGGAGGGCA	0	0	0			0	317.3757362	0	2
TGCCAACTTTGGTGTGTGTCTAATCCCTGT	20.7725168	55.5652968	0			0	37.53906557	0	24
TGCCAAGGTAACGGCCCGACTTATTACATT	36.35190441	0	0			0	0	0	3
TGCCACCCTTTGATGGGGATGGTGGGCCTT	0	2.645966514	9.489082969			0	0	0	2
TGCCACGTAGGGCGTCGAAGAGTCTCGAGT	0	0	0			0	6.825284649	0	5
TGCCACTGATCTGATCGACATCCATGAGCT	0	0	341.6069869			0	0	0	5
TGCCAGGCTTGTCTAATTCGGGATGGGTTG	0	0	0			0	30.71378092	0	29
TGCCAGTTTAACCTTCCTTATTAGTGGAGT	0	0	0			0	3.412642324	0	1
TGCCATACTCCGGGACCGGTATAGGTCAGA	0	0	0			0	20.47585395	0	10
TGCCCACATTGCCCCCTGATGAAAGATTGA	0	0	0			16.651341	0	0	56
TGCCCCAGATTAACACGACTTCTCTTTATT	44.14159821	2002.996651	389.0524017			0	0	0	26
TGCCCCTTATATGACGATCATGAGTGGACA	0	0	0			0	3.412642324	0	5
TGCCCCTTATTTAAATAGTTTTGCAGATCA	97.37117252	31.75159817	12.65211063			0	64.84020416	0	222
TGCCCGCCTATTGGTTAATGTACAGAGTGG	0	0	0			0	64.84020416	0	175
TGCCGAGAAATAAGTCGCGACGGAGCTGTA	0	0	44.28238719			0	2569.71967	0	1377
TGCCGAGGTATTCCTTGTGTAAGACCGGCT	0	0	0			0	10.23792697	0	3
TGCCGGAGTGTGCACAGATGAATGGACGAA	0	0	0			0	27.30113859	0	49
TGCCGGGCAGAGAAATGAGCCGATTGCGCG	0	0	259.3682678			0	522.1342756	0	644
TGCCGGGGAGACACCAACCGACTCGGGATA	41.54503361	0	44.28238719			0	0	0	30
TGCCGGTGAAAAAACGTAGTGCGAAGATAG	0	0	0			0	1023.792697	0	503
TGCCGTAAAGGCACCGCGCTATAAGAGTTG	0	0	0			0	17.06321162	0	61
TGCCGTAATACTCTTTTCCGGATACAGGAA	0	0	88.56477438			0	13.6505693	0	443
TGCCGTGTAAGTCCATATGCTGCTTGATAT	3.894846901	105.8386606	0			0	13.6505693	0	18
TGCCTCGTACATTGAAGCGGTCTTTTATTC	6.491411501	18.5217656	9.489082969			0	0	0	2
TGCCTGAGAGCGACCGTGAAGGTTGGTCGG	0	0	28.46724891			4.162835249	0	0	1013
TGCCTGCATGCCGCTCGCGGAGTCGTCATG	0	0	0			0	3.412642324	0	2
TGCCTGGGATTGTAAGTTACGGGTCGACGG	0	0	0			0	85.31605811	0	16
TGCCTTACATCGCGCAATCAAGCCACCAGC	0	5.291933029	471.2911208			0	0	0	37
TGCCTTGGTAGTTAAGCGTCTCTTGGGGGG	0	0	0			0	30.71378092	0	1
TGCCTTTTATTTGTGGCTTAGTGCACTCAA	0	0	3.163027656			0	0	0	2
TGCGAAAATCTACTGGGGAGCACGGAATGG	0	0	0			0	30.71378092	0	90
TGCGACGGATGTATACAAGCGTGGCTGAAA	0	0	101.216885			0	0	0	28
TGCGAGGTTTCCGAGGGATCCGTCGGTATG	0	0	0			0	40.95170789	0	91
TGCGATCTTTAGGTGCATTTAGAGACACGG	0	0	0			0	17.06321162	0	28
TGCGATGGAGGCGTGGGAGCTGTCCCGTTA	0	0	107.5429403			118.6408046	109.2045544	0	12
TGCGATTAAAGCATTCTAAGAGTCATGAGA	0	0	0			4.162835249	0	0	19
TGCGATTTAAAATTTTACTCACTCGCTTAA	0	0	18.97816594			0	10.23792697	0	8
TGCGCATGTGCTTTTGACGAACTGATTCAT	0	0	0			12.48850575	0	0	140
TGCGCGCCTCAGCTTCTTCTTGGAGGGTCC	15.5793876	10.58386606	0			0	6.825284649	0	1
TGCGCGGATAAAGTTAGCCTGCTAGATTTG	0	0	0			0	27.30113859	0	9
TGCGCGTCAGCGAAATGGCGGAAGATTGTC	0	0	0			0	3.412642324	0	52
TGCGCGTTAGAACGGATGTAAGGTAATTAA	0	0	0			0	3.412642324	0	9
TGCGGAATAGAACTTGCTTCTTTCACTAAA	0	0	0			0	3.412642324	0	1
TGCGGAGATTTTATCAGTATAACGCGCTTG	0	0	0			0	3.412642324	0	4
TGCGGCAGAGTGGTGACAGGGGTAACAAGA	0	0	6.326055313			0	0	0	2
TGCGGCATTCGTTATGGACCTCATCGAACA	0	0	56.93449782			0	0	0	120
TGCGGCGCTGCTAGAAGTCTTAAACACTGG	0	0	0			0	30.71378092	0	30
TGCGGGAAAGCTTGAGGCCCCAGTGGTGCA	0	0	0			0	6.825284649	0	41
TGCGGGGCACTAACGAATGGATTCCGAAAT	75.30037341	13.22983257	37.95633188			16.651341	283.2493129	0	671
TGCGGGGCAGAATCACCTATCCAACTGTGA	194.742345	34.39756469	347.9330422			0	95.55398508	0	133
TGCGGGGGTCGTAGGGCTTCGCCGGGTTGG	0	0	0			31.22126437	167.2194739	0	19
TGCGGTCGAGATGGGGGGGTGGGGTGATCC	0	0	0			0	3.412642324	0	4
TGCGGTTCTACGGATGGCGATTTGTTGGGG	109.0557132	87.31689498	151.8253275			0	211.5838241	0	1
TGCGTAAATCTCCAACCTTGGCCCGTGGTG	0	0	15.81513828			0	58.01491951	0	3
TGCGTAGATAGTGTAGGCCTGAACTGAGGG	0	0	0			0	75.07813113	0	852
TGCGTAGATGGGTCCGACGAACATGTGGGG	0	0	0			35.38409962	78.49077346	0	13
TGCGTATGTGTAAAAGCCGTTCCCCCGGGC	20.7725168	5.291933029	0			0	0	0	28
TGCGTCAGTGGGGTGACCATGCACTTGGCG	0	0	0			0	3.412642324	0	8
TGCGTCGGATTGAAGTGGACCGTTTGTGAC	0	0	0			0	631.33883	0	288
TGCGTCTCTAGGGAGCAGTTGAGAACCGTG	0	0	0			264.3400383	1508.387907	0	999
TGCGTCTTTTGCGAACTTGTGGACAGATGG	0	13.22983257	120.1950509			470.4003831	2105.600314	0	67
TGCGTCTTTTTCATCTCGGCATAGTGATAT	0	0	6.326055313			0	13.6505693	0	1
TGCGTGAGATAGACGTGTGTCCTTCAAGGA	0	0	0			0	13.6505693	0	9
TGCGTGATAAACTTGGACGATGATGGTTGG	0	0	0			0	30.71378092	0	5
TGCGTTCATGTAGGCAGGGCAGATCACAGG	0	0	0			174.8390805	0	0	142
TGCGTTCCATTTGTCCCGCTGTCGTAGGAC	347.9396565	76.73302892	31.63027656			24.97701149	0	0	58
TGCGTTCCTAGGATCAAAGCGTGTTCAGAT	0	0	0			0	10.23792697	0	1
TGCGTTCTAGTTAACGTTGGACACAGTTGA	0	0	0			0	17.06321162	0	5
TGCGTTGTTCTTCCATCTCTGCTGTTAAGC	0	0	0			0	6.825284649	0	3
TGCGTTGTTTCGAAGGGGTGTAGGTATCTG	0	0	0			0	23.88849627	0	323
TGCTAACAACTAGTCGTGCTCGGAATCGAC	0	0	0			0	6.825284649	0	4
TGCTAGAATACATGGCACAAACTGTGGTTT	0	0	0			0	13.6505693	0	6
TGCTAGACTACGCCGGATCTTTGGGTAAGC	20.7725168	320.1619482	12.65211063			0	0	0	12
TGCTAGAGATCCCGAATGGGGTGCAAGTAA	0	0	0			0	6.825284649	0	37
TGCTAGCATGCTTCGAGCAAGCAAGAGCGG	0	0	0			0	119.4424814	0	29
TGCTAGCGAGCCGGGTGACGCGTGCCTGGT	0	0	0			0	30.71378092	0	44
TGCTAGTATTCCTCTTTTGTTGCGGCATCA	0	0	145.4992722			0	423.1676482	0	1312
TGCTAGTCTAGATGTGGGGTAGTGCAGCTG	11.6845407	0	3.163027656			0	6.825284649	0	2
TGCTAGTTAGTTGGGACCCGGAACGTCGGT	5.193129201	0	0			0	6.825284649	0	3
TGCTATCATAGAGGTTAATCGTACAATAGT	0	0	0			12.48850575	0	0	12
TGCTATCCACGGTTGGGAATATACTTTGCT	0	0	0			0	13.6505693	0	19
TGCTATCCATACGATGTACAGTGCTCAGCA	0	0	6.326055313			0	0	0	44
TGCTCAGGATAGTTTTAAGCACGCGCAGTC	1.2982823	0	0			0	0	0	5
TGCTCATCTCAGGTTCTGAGGTACATTCCT	0	0	9.489082969			0	10.23792697	0	9
TGCTCCTTTCACATATCCATTATGTTTATA	0	0	158.1513828			0	2225.042795	0	162
TGCTCGGGACAGCTCCAGTCAAACGTTTGC	0	0	0			0	13.6505693	0	61
TGCTCTTAAGTCTCCGGTACAGAAACGATA	0	0	0			0	3.412642324	0	1
TGCTCTTATACGGTTACGAATTCACAATAA	0	0	0			0	61.42756184	0	123
TGCTCTTGTAAAATGCGTCGGTCAGTGTAT	0	0	0			64.52394636	0	0	72
TGCTGAAATTTCTATGGAGTCAATTGAATG	305.0963406	214.3232877	25.30422125			8.325670498	81.90341578	0	8
TGCTGAACTAAGACGAGATGTAAGTGAATC	0	18.5217656	25.30422125			0	6.825284649	0	31
TGCTGAATAAACATCATATTAAACTGAATC	0	0	0			0	34.12642324	0	34
TGCTGCAATCGAATTGTGAGGGTTGGGATC	0	0	0			58.27969349	68.25284649	0	24
TGCTGCCTTCACTCGGATATCAGCTAGACA	0	0	0			0	2842.731056	0	1035
TGCTGCCTTTATATGGGCTAATCAGTTGCC	0	0	0			0	10.23792697	0	19
TGCTGCTCAGGACCAGACGATTGGAGGGCC	0	0	0			0	522.1342756	0	344
TGCTGGCCTAGACCTCTAGTCCCCACAACT	11.6845407	47.62739726	0			0	0	0	14
TGCTGGGGAACGCTTGTGTATCGGGATATA	0	0	0			0	3.412642324	0	14
TGCTGGGGTTGCGATGCACAAATGCAGGGT	0	0	0			6.244252874	0	0	83
TGCTGGTCTTCCTCTTTTGTTGCGGCCTCA	0	0	6.326055313			0	0	0	1
TGCTGGTGTCGTAGTAAGCGAAATATGAAA	0	0	3.163027656			0	0	0	5
TGCTGTCATTTAGTTTGCGTAAAGCTTACG	59.72098581	66.14916286	0			0	764.4318806	0	579
TGCTGTGAAGGTTTGTGTTAATATTGTCCA	0	0	0			0	6.825284649	0	39
TGCTGTGCTCGCAGGTCGGATTCGCGACAG	0	0	0			2.081417625	10.23792697	0	7
TGCTGTTGTGAATGGTTTAATCGCGAGTTT	0	0	0			0	6.825284649	0	3
TGCTGTTTATTGGTTGGTAAGTGTGTGCGC	0	0	0			0	348.0895171	0	65
TGCTTAGCTTCCGGGGTTTTGTATCTCATT	0	0	9.489082969			0	0	0	12
TGCTTATCTAGAAAAGTCGATTACTCGGAG	0	2.645966514	0			0	0	0	2
TGCTTATCTTTCAATTTTTGTACGTTATTC	0	2.645966514	0			0	0	0	5
TGCTTCATATATAATACCACCATAAGAATC	0	0	0			0	3.412642324	0	25
TGCTTCTTTTTGTAAGCCAGGGTGAACCCT	0	0	0			0	6.825284649	0	1
TGCTTGGAAATCGTTGGGACGTGGCAGTGG	5.193129201	0	6.326055313			0	3.412642324	0	16
TGCTTGGATCTTGATTTGCATATAGGATCA	0	0	0			2.081417625	0	0	2
TGCTTGGCAAGTGACGCCGGCTGCGCGTGT	0	2.645966514	0			0	0	0	111
TGCTTGTAACGTAGTTCAGCGGAACAGAAG	0	0	0			0	88.72870043	0	42
TGCTTGTGTAGTGATAGTAGCCTATTCTTG	11.6845407	10.58386606	0			0	20.47585395	0	93
TGCTTTAGTAGTGAGAGATGAACGACAAGC	0	0	0			133.210728	54.60227719	0	1072
TGCTTTGCTACGGGTCTATCTCATAGCATT	0	0	0			0	10.23792697	0	5
TGCTTTTCATATATGTCTGAGCTGATAATG	0	0	12.65211063			0	0	0	53
TGCTTTTGTTTTTACGATCCAGCAGCAGTA	0	0	0			0	92.14134276	0	1
TGGAACTAATTGATGGGACAGATTCGTGAC	0	0	0			22.89559387	0	0	666
TGGAACTTTTGATTGAGCAAGTGTTGCGCT	0	37.0435312	0			0	0	0	1
TGGAAGGTAGTCAGGCCGTATTGGTCACTT	0	0	0			74.93103448	23.88849627	0	102
TGGAAGTTAGGGAGAGTAACCCCTAGCACT	0	0	28.46724891			0	0	0	1
TGGAATCCACGGAACTATACGCAAATCGGG	0	0	0			0	156.9815469	0	71
TGGAATCTTCGGTTGGCGTTCTAGAGAGAT	0	0	0			0	3.412642324	0	1
TGGAATGCTCGTTCCTTAAGTGATCTGGGC	0	0	0			0	3.412642324	0	7
TGGAATGGTGTAATGTTCGCATTGTAAGAT	0	293.7022831	0			0	0	0	1157
TGGAATGTTCAGGGGTCACATCGTTGAGAA	0	37.0435312	28.46724891			6.244252874	262.773459	0	8
TGGAATTTAAATCCGAATATCGGGATGCCT	0	0	3.163027656			0	34.12642324	0	10
TGGAATTTTTGGGAGTGTGTGAGGTCTAGT	0	0	0			0	27.30113859	0	63
TGGAATTTTTTTATCATTGACGGAGTATGA	0	0	0			0	6.825284649	0	7
TGGACAAATAAAGGCGAGAGGGTGGTAAGT	0	0	0			14.56992337	0	0	46
TGGACAAGATACTGTCCATTTCGTACTCTT	202.5320388	410.1248097	430.1717613			31.22126437	286.6619552	0	179
TGGACACTTAAAGTTGGAGGGTACGAGGCT	0	0	0			0	3.412642324	0	1
TGGACCAATATAGGCTTGGGCGGTTACATA	0	0	107.5429403			0	71.66548881	0	691
TGGACGCTTTCTGGCAAATCTCGTAATATA	88.28319642	132.2983257	25.30422125			0	122.8551237	0	27
TGGACTTATAGGTGTGGCGGGTCAGGGGAG	0	0	0			0	6.825284649	0	10
TGGACTTCACAAGTGTGGTATAGTGGGGCT	0	0	0			0	23.88849627	0	2
TGGAGACATGGGCACTGGGCCTCTAAGACG	0	0	0			2.081417625	0	0	1
TGGAGAGGAAACGGAGGTACGGCTTTGCGA	0	0	0			14.56992337	13.6505693	0	10
TGGAGAGTAGGATTATGGGACCAAGGATTT	0	0	6.326055313			0	0	0	7
TGGAGAGTATGCATCGTCCTAATTGCTGGG	0	0	0			0	177.4574009	0	520
TGGAGCAATCGTAGGCGCTAGCAGGGCCGA	0	0	15.81513828			0	0	0	1
TGGAGCAGAGTTAGGTTAAGAGACTGGGGG	0	0	0			0	607.4503337	0	448
TGGAGCATAGCGTTTTATTGGGGTACAGCG	0	0	0			35.38409962	0	0	144
TGGAGGATTCCCGGGATGCGTTGTCACACC	0	0	31.63027656			0	0	0	188
TGGAGGGGTATGATTTCGCGTAAGCCAAAT	5.193129201	0	0			0	3.412642324	0	2
TGGAGGTTACTGGTCTAAGGTGACCCGGTT	0	0	0			291.3984674	0	0	411
TGGAGGTTTCAACCAAGTTGCACCTTCATG	6.491411501	0	117.0320233			6.244252874	163.8068316	0	281
TGGAGTAAATGTTCCTTAGAGTACTCGTTA	9.087976102	0	0			0	20.47585395	0	76
TGGAGTCCTTACGCCAGAACCTTTGACGCA	11.6845407	0	0			4.162835249	17.06321162	0	52
TGGAGTCGTGCGTCGCTAGTGCTGGAAGAA	0	2.645966514	0			0	13.6505693	0	9
TGGAGTCTAGCAGGGAGCGAACCAGTCTAT	36.35190441	129.6523592	566.1819505			0	269.5987436	0	605
TGGAGTCTAGGACGTAAAAGTTGTGGGGCC	0	0	0			133.210728	402.6917943	0	598
TGGAGTGTATTTCTCGTTAATGCGCGACTG	0	0	0			2.081417625	78.49077346	0	19
TGGAGTTGTGGACTAAGCCATATGCCCGAA	0	47.62739726	0			0	98.9666274	0	240
TGGAGTTTATTATTACTGCTTGTAAGTATC	0	0	0			0	6.825284649	0	4
TGGATAAATCTGGATTGGTATTCTGAAATG	0	881.1068493	309.9767103			0	0	0	906
TGGATAACAGCGGCAGTGGGCCGGAGCTAA	0	0	0			12.48850575	0	0	26
TGGATAGGTCGTTAGAATGAGTAATATGGG	0	10.58386606	0			0	34.12642324	0	14
TGGATCCCTTTACCCTTAATCGCTCTTGTT	0	0	0			0	27.30113859	0	17
TGGATCGGTAGGCATCAGATGGAGTGAATC	0	0	0			0	494.833137	0	1461
TGGATCTAATACATAGGGATGGTGCATACC	0	0	0			0	17.06321162	0	81
TGGATCTGTATACTCTTAATTGGGGGGCGT	0	5.291933029	3.163027656			0	71.66548881	0	110
TGGATGGGTGGAGGGCGCAGGCGACAGGAG	6.491411501	0	25.30422125			0	0	0	1
TGGATGTGACGGTGGGTGTGGCAGGGGGTG	0	0	0			0	3.412642324	0	22
TGGATGTTTTGTCTCAGGGAGCGAAAGTGT	0	0	0			0	10.23792697	0	1
TGGATTAATCTAGGCGACTCAAGGAGCTAC	0	0	88.56477438			29.13984674	0	0	2461
TGGATTAGACATTTAGGGTAACGGGAAGGA	24.6673637	0	0			0	0	0	14
TGGATTGATCAAAAAGCTTTGACAGCTTCT	194.742345	550.361035	186.6186317			0	95.55398508	0	49
TGGCAAAGTGCTTATATCACCTTCAGTCTG	0	0	0			0	30.71378092	0	6
TGGCAACCAGCCGGCTCACGCCCAGGCTGA	0	0	9.489082969			0	0	0	1
TGGCAAGGTCACGTGGGCTTATGTTGTCGG	0	0	0			0	81.90341578	0	83
TGGCAAGTTGTGCTTAGAAGTATAACGGAG	20.7725168	50.27336377	79.07569141			4.162835249	20.47585395	0	24
TGGCAATGAGTTGGTAAAAGTCATCTCGAA	0	0	0			39.54693487	78.49077346	0	6
TGGCACGCTAAACCGTCATCTGGGCATGTC	0	0	3.163027656			0	0	0	1
TGGCACGTAGTTCTGCCTTCTGTTTGTGGA	0	0	0			0	30.71378092	0	38
TGGCAGGCACCAGAACGGGGTGGTGCTAAG	0	0	0			0	27.30113859	0	28
TGGCAGGGACCTGTATCTAATTCTTGGTGT	0	0	0			0	23.88849627	0	3
TGGCAGTATAATGACAAATATTGATTTACC	0	0	9.489082969			10.40708812	351.5021594	0	30
TGGCATAGTAAGAGGTGAATATTCTTAGCG	0	0	0			10.40708812	0	0	256
TGGCATCAATGGCTTGTTTCCAGGTGAAAC	0	0	0			0	10.23792697	0	29
TGGCCAAATTTTGGAACAACCTACCGATCA	0	5.291933029	34.79330422			432.9348659	0	0	175
TGGCCAGGACCCGGGCGTCATGCTGAGTAC	0	0	0			158.1877395	1450.372988	0	51
TGGCCATGATTTGTTTTAAGATTAGTGGAA	0	0	0			0	3.412642324	0	9
TGGCCCAGATGGTCTGATCAACACCAAGTG	0	0	0			0	6.825284649	0	71
TGGCCCATAGAGGCTCGCATTTGGGGCGGT	0	0	0			0	6.825284649	0	1
TGGCCCGAATTACTGAGAAATATCTAGGGT	0	0	0			8.325670498	13.6505693	0	16
TGGCCCGGTCCGTTCATGCCGAGGGTAGCT	0	10.58386606	0			0	0	0	3
TGGCCGCGTTCCGAGACAAACGAAGGCCGG	0	0	0			14.56992337	30.71378092	0	10
TGGCCGGGTCCGGAGGGAGTTGGAGGGGGG	0	7.937899543	354.2590975			0	146.7436199	0	16
TGGCCTAGAGTGCAGCACATGTCCAAAGAC	0	0	3.163027656			0	0	0	3
TGGCCTGATTCTTAAGTTCGAGGACAATTG	0	0	0			0	37.53906557	0	10
TGGCGAGCTGGTTTAAGAGACGAAGGGCGC	0	0	0			0	3.412642324	0	2
TGGCGATATGATTTCTTAGGCCTGGAACAA	0	0	0			0	1539.101688	0	2060
TGGCGCCATTTTGAAGGATGATCTTATATG	18.1759522	0	0			0	0	0	2
TGGCGGCATTCAGGGGCATGCGTGTACTCT	0	0	0			0	3.412642324	0	6
TGGCGGCGACCGATACGACTTGAGATCAAA	0	0	0			0	6.825284649	0	1
TGGCGGGCAGCTTTAATCCGGTGTTGACCC	0	0	0			0	64.84020416	0	2
TGGCGGGGTGGTAGGGTCACCGTGGGAGGC	0	0	0			87.41954023	163.8068316	0	39
TGGCGGTGAAATGTCTTACGCGTGATACCC	0	0	34.79330422			0	0	0	35
TGGCGTTATTCTGTAAGTAGTGGATTTCGG	0	0	0			14.56992337	27.30113859	0	87
TGGCGTTGATAAAAACACTTTGACGTTCGG	0	0	0			0	395.8665096	0	615
TGGCTAATAATGGAAGCGATAACAGTGAAG	0	0	0			616.0996169	1119.346682	0	12
TGGCTAATTCTGTGTTCTAAGTACGGTGCA	1.2982823	0	0			0	0	0	1
TGGCTACTTTACGCGTCTGGGTAAAAGGTA	0	0	25.30422125			0	23.88849627	0	55
TGGCTCATTCACAGATTTTCATGAATGGAT	0	0	0			0	6.825284649	0	1
TGGCTGCTATGGTTGTCTCCAGAAACATTA	0	0	0			0	64.84020416	0	82
TGGCTGCTTCGGCGGCGAAATCTGATTACG	0	0	0			0	416.3423636	0	407
TGGCTTCCAGCCGACGATTAATACCGCCTC	0	0	0			0	13.6505693	0	3
TGGCTTGGAAGTTCGTTCGAAGGGTTTTGA	0	0	12.65211063			124.8850575	0	0	104
TGGGAACAATGGGATTAGAGATTGTCCTTG	0	0	0			0	3.412642324	0	3
TGGGAAGATCCCTTTTAGACCAAGCTTTTA	0	0	0			0	40.95170789	0	26
TGGGAAGCTTGTGGTGGTGGCGAGGGAAGG	0	0	0			0	1856.477424	0	855
TGGGAAGTAAGCTAACCGCACCCCCGGTCG	0	34.39756469	31.63027656			0	3.412642324	0	13
TGGGACGTTTCCTTGAAGACTGTTATACTT	193.4440627	523.9013699	177.1295488			0	0	0	180
TGGGAGGGATTCGAGATAGGTGGAGGGGGT	0	2.645966514	22.1411936			0	3.412642324	0	3
TGGGAGGGTCGATAGTGAAGTGAGTGTGGG	0	0	0			0	10.23792697	0	3
TGGGAGGTAAGAAAGGTGGGGCGGGAGACG	366.1156087	0	284.6724891			0	109.2045544	0	37
TGGGATACATTCTAGGGATTAAGAGGGAGC	0	0	0			0	13.6505693	0	14
TGGGCAAGTGTCGCAAGCCTCTCTAACCAA	0	0	0			2.081417625	344.6768748	0	30
TGGGCAGATGCTGAGGCATCAGCGTCGCAG	0	0	0			0	10.23792697	0	59
TGGGCAGTTGCGGAGGGGGAGGAAGGCCAG	0	15.87579909	0			0	27.30113859	0	6
TGGGCATATGTCCGCCTGTCTGTGGTCATC	0	0	0			0	40.95170789	0	27
TGGGCCGATCGATAAATTAAATCTGGTTTA	0	0	0			8.325670498	71.66548881	0	103
TGGGCCGTTGACAACATTCTATAACGACGT	0	0	0			0	153.5689046	0	281
TGGGCCTCATTGCTAATAATATAATCGTTG	0	0	15.81513828			0	0	0	1
TGGGCGCAACGAATGGCAATTATTGGCGGC	0	0	0			0	75.07813113	0	23
TGGGCGCGTAGCCGGTGGGGGGCTGTGTGG	0	0	0			97.82662835	184.2826855	0	94
TGGGCTGTATCATCTAATAAGTTAAACGAT	0	0	0			0	10.23792697	0	58
TGGGGAATAACGGTCTAGGACACGCTGGAC	447.9073936	177.2797565	91.72780204			0	40.95170789	0	927
TGGGGACGAGCCAACTATGACGTCAGAAGG	0	0	0			41.62835249	0	0	102
TGGGGATCAGGTATGTTGGTCGTTAGTGTG	0	5.291933029	0			0	3.412642324	0	65
TGGGGCACTTTTCGGTCTGATCGGGGGACG	0	0	0			18.73275862	10.23792697	0	2
TGGGGCAGTTCATAATAAAGTTGGCGTGGC	0	10.58386606	0			0	0	0	5
TGGGGCATTGGGGTGGGCGAATGCGGGGGG	0	0	0			0	47.77699254	0	65
TGGGGCCGATTCAGTTGGGAAAGGTTGCAA	19.4742345	5.291933029	0			0	0	0	32
TGGGGCCTAGGCGTTATCAAGGCAGAGAAT	0	0	0			0	286.6619552	0	161
TGGGGGCAAGGAGATTAAAGGACAGACGGG	0	0	0			0	6.825284649	0	1
TGGGGGCGAGGCCTCTGAGGTGAGGACGCA	5.193129201	0	0			4.162835249	0	0	11
TGGGGGGGTAAGGGCCGGGCCATCGTGACT	0	0	569.3449782			0	327.6136631	0	2454
TGGGGGGGTCAAGGCCCGGCCCCCCTTGAC	0	0	3.163027656			0	3.412642324	0	1
TGGGGGGTTGGCGTAGGAAAGGAGGGATCG	0	0	44.28238719			64.52394636	116.029839	0	150
TGGGGGTCAGGGGGTTCGGCAGGTGGCACC	1.2982823	2.645966514	6.326055313			0	0	0	11
TGGGGGTGTATAATCCATACGGATGAGACT	0	0	0			0	44.36435022	0	2303
TGGGGGTGTCTAATGGATGGGCTGAGTGTG	0	0	0			0	58.01491951	0	24
TGGGGGTTTTCTGAAGGGGTGCCGGTGAAA	0	0	0			0	3.412642324	0	32
TGGGGTAGTGCCAAGCACCGCATTCAGGGT	0	0	120.1950509			0	235.4723204	0	79
TGGGGTTCAGTGAGTTACAAGGAGGTAACC	488.1541449	1484.387215	857.1804949			20.81417625	563.0859835	0	792
TGGGGTTCTGCGACACCCTCTAAGTTAGGT	0	0	0			41.62835249	0	0	220
TGGGTAACTTATTACAGGAGTAGTAGCAAT	0	0	6.326055313			0	0	0	1
TGGGTAAGAATCTGTGGTAGCCGAGGTGTG	0	0	0			0	3.412642324	0	7
TGGGTAGGATCAGGAGTTTGTACGCCCCGC	0	2.645966514	9.489082969			0	0	0	2
TGGGTATAAATAAAGCTTATAGAGCACTGC	0	0	0			4.162835249	10.23792697	0	28
TGGGTCAATAGTGTACGTGTCCGAAAAAGG	0	0	0			0	13.6505693	0	2
TGGGTCGATGGTACTGACTGTAGAGTGGGG	20.7725168	10.58386606	9.489082969			0	0	0	28
TGGGTCGCACTGTTGGTACTGTGAGTTGTA	0	0	0			0	6.825284649	0	26
TGGGTCTGTGGAGGCCGCTTCATCGGGCTG	0	0	0			0	23.88849627	0	36
TGGGTCTGTTTAAGGGAGGAGGTTGCAGGT	0	0	117.0320233			0	51.18963486	0	6
TGGGTGAAAAACTGGGATTTGGCTACGTGT	0	15.87579909	6.326055313			0	0	0	2
TGGGTGCGACATACTGCCCGGGCAAGGTAT	0	7.937899543	0			0	0	0	1
TGGGTGTGAGTAACTTAGTGGTTCGTCGAT	0	0	0			10.40708812	307.1378092	0	431
TGGGTGTTTGGCGTATCTAGTAGGAGCCTT	7.789693801	5.291933029	0			0	10.23792697	0	2
TGGGTTAAAGAGCAGTTCCGATGCTCTCGA	0	0	0			16.651341	6.825284649	0	3
TGGGTTACTAAGATAGTGGCATGTTAAGGA	0	0	0			0	6.825284649	0	8
TGGGTTTCAAGGGATCAAGATATCTGAAAG	0	0	0			0	27.30113859	0	82
TGGTAAACTGGTAACCCAGACACCGCTGAG	0	0	0			0	10.23792697	0	95
TGGTAACTAAACGTCGTACGTAGGATCAAA	0	0	60.09752547			0	0	0	49
TGGTAAGGATCGTTCTGGCGACCGGCAAGG	0	0	0			20.81417625	0	0	1
TGGTAAGGTCTAGCGCGTTACGCTGCTTAG	0	1127.181735	335.2809316			0	197.9332548	0	47
TGGTAAGGTGTTCGGCAGCGAAAGCTGAGC	0	0	0			2.081417625	0	0	1
TGGTAATATTTCCGTTTCTGTATGCGGAAG	0	0	0			0	10.23792697	0	8
TGGTAATGATATGTAGAGTGCATTCGACTG	0	0	0			0	3.412642324	0	1
TGGTACAGTGGGTCCGCAGGTCTAATGGGG	0	0	0			126.9664751	470.9446408	0	364
TGGTACTATATAACTGGCTATCATAGGTAG	0	0	0			0	3.412642324	0	53
TGGTAGACAGTACCGATTGGTAGGACGCTT	0	0	0			33.30268199	34.12642324	0	143
TGGTAGATTCACTGGCCTCTTGGGTCATCG	0	0	0			0	40.95170789	0	66
TGGTAGCCACGGTATGCTATGCTCAGTTTC	0	0	0			0	20.47585395	0	5
TGGTAGCCAGTACCGCTTGGTCGGACGCTT	0	0	0			2.081417625	0	0	1
TGGTAGCTTGGTCGAGCATGCTAGACTGGG	0	0	0			0	30.71378092	0	5
TGGTAGGGTGCATACTAAACGTGAAAGAGA	0	0	0			16.651341	0	0	5
TGGTAGGTTTGTACCGTCGGCCCTAGCTAG	0	0	0			0	34.12642324	0	216
TGGTATCTACTAAAGCTGAGCTCTCCCAAA	67.51067961	153.4660578	79.07569141			0	0	0	165
TGGTATGTAAGGGGGCCAGCCAAATGGCGC	0	0	0			0	30.71378092	0	4
TGGTATTAACGCCTTTGTGCTCGGGGTATT	0	0	0			703.5191571	0	0	204
TGGTATTAATCTGCGCGACAATTAAAAGTG	0	0	0			0	6.825284649	0	30
TGGTCAAATTTGATTTCACTGGTAGCGCGT	0	124.3604262	0			6.244252874	1484.499411	0	174
TGGTCATGATCGGGGGCAGGTGGGGGGTGG	0	0	0			0	467.5319984	0	275
TGGTCCCGTATGGTCGAGGGAGGAGTGGCA	0	0	0			0	6.825284649	0	17
TGGTCCGCTGGGGGCCTTGTATCAGCAGGA	10.3862584	29.10563166	15.81513828			31.22126437	3.412642324	0	10
TGGTCGCTTGCTTACTCTGGTTGCAGGGTA	0	0	0			70.76819923	129.6804083	0	4
TGGTCGGGTAACTGTAATGCCCCTGAATGC	0	0	0			4.162835249	0	0	3
TGGTCGTCTTTAGGGTAAGGGACACTCGGG	0	0	0			0	3.412642324	0	79
TGGTCGTGTCGCTACGGCTTCGTCTGTTGC	5.193129201	0	6.326055313			0	0	0	3
TGGTCTCATAGCACCAACCGGATTGTTTTA	0	0	0			4.162835249	0	0	14
TGGTCTGGACGTAGGGGGCGTTGTAGGGGG	0	0	0			16.651341	10.23792697	0	2
TGGTCTTTAGTGGGACACCCGGTCCGCTGG	9.087976102	42.33546423	215.0858806			60.36111111	81.90341578	0	44
TGGTGACAACGCTGCACCGAATGGGTGGCG	0	132.2983257	37.95633188			0	23.88849627	0	17
TGGTGAGCAGTGCAGGGTGTAATAGTCTGA	0	0	0			0	3.412642324	0	8
TGGTGATCTACTCGCCTTATTGCGGGTGGG	0	0	0			20.81417625	3.412642324	0	99
TGGTGCACTGTGTCGTGTGCGTGAGAGCGA	0	0	22.1411936			0	13.6505693	0	2
TGGTGCATTATGGGAGTGGAGCCCATCGTA	0	0	0			24.97701149	30.71378092	0	19
TGGTGCATTGCTACCGCAGTCGGATACGAA	0	0	0			0	382.2159403	0	140
TGGTGCCTTGCTTCGGCGGGGGGGTGGGGG	0	0	0			0	6.825284649	0	9
TGGTGCGTACTGTTGATGATACATAGAGTT	5.193129201	0	0			0	0	0	6
TGGTGCTGACCGATAGCGGCTTAAGGGAAC	0	0	0			43.70977011	511.8963486	0	164
TGGTGCTTAACACACTTGGCTATTTTCTCT	0	0	0			0	13.6505693	0	6
TGGTGGCCATCGGGCGTTAATCCGGGTCTT	0	0	0			0	13.6505693	0	2
TGGTGGTGACTTTAACGTCGTAGGATGATC	0	0	72.7496361			0	440.2308598	0	131
TGGTGGTTAGGATTGGGTGGCGTAGGGGAG	0	0	0			0	3.412642324	0	12
TGGTGTCGACTGCTCTATAGAAAGTAACCA	0	0	0			0	88.72870043	0	4
TGGTGTGCAGGGACAATTATACGCAAGAGG	0	0	0			0	3.412642324	0	1
TGGTGTGGACCAATTTAACTATATGCGGGA	0	0	0			52.03544061	0	0	4
TGGTGTGGTCATTCCTCAAATCCGCGTCGG	251.8667662	129.6523592	142.3362445			54.11685824	832.6847271	0	34
TGGTTAATATCTTTAAATTATATAGAGAAT	0	0	0			305.9683908	662.0526109	0	280
TGGTTAGAAGTGTGGTAAGATCGGTGGGAC	0	0	0			0	153.5689046	0	268
TGGTTATCATTTATCGAAGATCGCGCTGAT	0	0	3.163027656			0	13.6505693	0	31
TGGTTATTTGGACAGCGTTTGCGAGTAAAA	0	0	0			0	3.412642324	0	1
TGGTTCACAGTCATTATCAGATACATACTA	18.1759522	97.90076104	237.2270742			0	54.60227719	0	3
TGGTTCTCTTAATTTCTCACCTGCTGGTAG	0	0	0			0	3.412642324	0	1
TGGTTCTGTGAGCGAAATACTCTAGTGCAA	0	0	0			129.0478927	232.0596781	0	942
TGGTTGATATGAGCGGCGGATGCATAGCGA	0	0	3.163027656			0	6.825284649	0	15
TGGTTGTCAAGTATGGCCTCTGGGGACTCA	0	0	0			0	30.71378092	0	14
TGGTTTAAACTGAAGTGGCGGATGAGTATT	0	0	6.326055313			0	255.9481743	0	199
TGGTTTTCTGCTGTGGCGATCGGTGCATCT	0	2.645966514	0			0	0	0	272
TGTAAAATTGATATTTTTACCGCCTGCGCT	0	0	31.63027656			0	68.25284649	0	170
TGTAAACCAGAACATAGCCTTACACATTTG	0	0	0			0	365.1527287	0	503
TGTAACAGTTTCCGTCGGTATCAATGACTA	45.43988051	7.937899543	0			0	0	0	12
TGTAACGAAACTGACTGGTTCCATGGGTAC	0	0	0			35.38409962	156.9815469	0	86
TGTAATACACATCTCAGCAGGTGGTTAACG	0	0	0			0	242.297605	0	158
TGTAATAGAATCTCTCCGCTGTAATGTGAT	0	0	6.326055313			0	0	0	3
TGTAATGTAACTCGACGCCCCCAAGGGTCT	0	0	0			0	23.88849627	0	2
TGTAATTCAGCGGTCAAGCCCGAAAAAATC	0	0	0			0	447.0561445	0	30
TGTAATTGTTTGAGCGGGCATCAGGAGAGT	46.73816281	687.9512938	227.7379913			0	98.9666274	0	8
TGTACATGTTACTTCCAACACAGAGAAATT	0	0	569.3449782			2799.506705	935.0639969	0	1975
TGTACCCATATCGCTGGCTTTGAACCCGTA	0	0	0			0	98.9666274	0	946
TGTACCTAACGTTGGCCGTATTCGTTCGAA	0	0	0			0	13.6505693	0	2
TGTACGAGAATCAATCTATTCGGAGGTGCT	0	0	0			0	3.412642324	0	23
TGTACGCCTGCGAGGCAGGCCTGTGCCACG	0	0	0			0	13.6505693	0	15
TGTACGTAAATCATCGGGTTCATCGATTTA	0	254.0127854	0			0	13.6505693	0	14
TGTACGTCTCTGGTATAGGGCCGCTTTTGC	0	0	0			0	10.23792697	0	7
TGTACGTTAGATATCTCTAGCTGATTGCTG	0	0	0			0	6.825284649	0	23
TGTACTCTTGGGTTGGCGAGTGTTGAAGAT	0	2.645966514	34.79330422			0	0	0	12
TGTACTGTTTCTGCTTATATCAAGTCATTG	99.96773712	478.9199391	9.489082969			0	13.6505693	0	195
TGTACTTATGCGTTGAGATGTCTGGTAACC	1764.365646	439.2304414	2546.237263			0	0	0	98
TGTAGAGAACGCTGAGGCGCACAGTAGGAA	23.3690814	0	34.79330422			0	3.412642324	0	3
TGTAGAGGACAATGGTAAGGCTGTGGGGCA	0	0	0			0	13.6505693	0	31
TGTAGATGAGACTCGGATGCTTCTAGGAGT	0	0	0			0	6.825284649	0	3
TGTAGCTCTATATTAGGGTCAAGATTGCGC	0	5.291933029	12.65211063			0	0	0	7
TGTAGGCCTGGAGAGGATGGAACCTAGCCG	0	0	0			0	3.412642324	0	1
TGTAGGGGAATGACTCGAGGGTTTATTGGC	0	0	0			0	10.23792697	0	5
TGTAGGGGTAAACCTCCAAGCATACTTCCA	0	0	0			8.325670498	116.029839	0	28
TGTAGGGTTAAGTTGGAACGCGAAGCGATT	0	0	0			0	17.06321162	0	30
TGTAGGTCAACCGGTGTGGAGATGCTAGGG	0	0	0			0	105.7919121	0	705
TGTAGGTGAACTACTGTGGGTAGTTAGGCA	0	0	0			8.325670498	0	0	2
TGTAGTCTTTGTTTATGTGAGCGGTGTCGC	0	0	0			6.244252874	6.825284649	0	5
TGTAGTGATCGCATTACCATCAGCGCCTAC	0	0	0			49.95402299	0	0	309
TGTAGTGCTGATACTACGGAGGAAGTGCGT	0	0	0			0	3.412642324	0	2
TGTAGTTATAGGGGCCATTGGAAGAGTTCG	0	0	0			0	6.825284649	0	1
TGTAGTTGATGGAAGGCGAGGCACGGTATC	0	0	0			0	13.6505693	0	4
TGTAGTTGTCCTGAGCTAAATAATGGCGTC	0	0	0			0	51.18963486	0	19
TGTATAATATTTGTGATGGGAGTTCGTGTC	15.5793876	0	173.9665211			0	638.1641146	0	1040
TGTATATAAATTGCAAATTGTCGTCTGGTC	0	18.5217656	12.65211063			2.081417625	0	0	2
TGTATATATCATTCTAAGTACGCCCGTGCG	0	0	0			0	6.825284649	0	2
TGTATATTACTTAGTACACTATTATATGGG	0	0	0			330.9454023	44.36435022	0	145
TGTATCAGAAAAGGCGGATGTGGAGTAGAG	0	0	53.77147016			0	208.1711818	0	47
TGTATCAGAGGTTGTAGGAGTGGATCCGAA	0	0	0			10.40708812	64.84020416	0	252
TGTATGCATTTCGTACAGGTTGAAAGCGAA	0	0	0			0	1105.696113	0	183
TGTATGCGATTATTTGCATACCATTGCTGC	0	0	3.163027656			0	0	0	25
TGTATGCGTTCCCTAAGGCGCGCAAAGGAA	3.894846901	21.16773212	34.79330422			0	0	0	34
TGTATGTATAGAACACTTGGACGTAGTCTA	3.894846901	111.1305936	12.65211063			0	0	0	2
TGTATGTGTTGTTCACAAGCTTAGGTTAAC	0	0	0			35.38409962	98.9666274	0	109
TGTATTAATTCGGTCAAGCTAAAAAAACGG	0	0	0			0	44.36435022	0	2
TGTATTACATAGCCATGAGAGGAGGGGAGC	1.2982823	0	0			0	0	0	1
TGTATTCATTTATTTAATGATGTATCCTGG	0	0	0			0	197.9332548	0	145
TGTATTCTACTGAACTCTGAAAATACGTCA	0	0	0			0	20.47585395	0	4
TGTATTTCTCAAGCGGCAACCTCTGCCCCG	0	0	0			31.22126437	47.77699254	0	195
TGTCAAGATTCGAATTAACACATTGGGTGT	0	0	0			316.3754789	17.06321162	0	56
TGTCAATTTTATCCGTCTGATTCACTGGGC	5.193129201	55.5652968	9.489082969			0	0	0	1
TGTCAGAAAGCGGGGGCGATGCATGTAGAC	0	0	0			62.44252874	0	0	862
TGTCAGAATCCTTGCGCGGGGGATGCAGTT	257.0598954	97.90076104	1556.209607			0	0	0	1528
TGTCAGTTAACTTTCCTTATTGGTGGAGTT	0	10.58386606	0			0	0	0	1
TGTCAGTTTAACTTTCCTATTGGTGGAGTT	0	2.645966514	3.163027656			0	0	0	1
TGTCAGTTTAACTTTCCTTATTGGTGGAGT	0	553.0070015	670.5618632			0	296.8998822	0	1599
TGTCAGTTTACCTCTCCTTATTGGTGGAAT	0	2.645966514	0			0	0	0	1
TGTCATACATACGCACCACCCCTATTTGCG	41.54503361	34.39756469	47.44541485			0	71.66548881	0	175
TGTCATAGTTGCGAGTGACCAACTTCGTTG	31.15877521	29.10563166	47.44541485			0	40.95170789	0	422
TGTCATCTACGACCAAATGACGTAAAGGAT	0	0	60.09752547			0	0	0	100
TGTCATCTTGAATCGGAGCAAGAGGGATCG	0	0	18.97816594			24.97701149	27.30113859	0	267
TGTCATGGATCGAGTGAGAACGGTACTCTA	0	7.937899543	0			0	150.1562623	0	11
TGTCATTTTCAAGAGTCATCTGCTCAATGA	0	0	0			0	136.505693	0	47
TGTCCACCAGCACATCGCCTTACACATTTG	0	0	0			0	3.412642324	0	1
TGTCCAGATGTTAGGGCAGTGCCGGCTCGT	0	7.937899543	0			0	0	0	1
TGTCCAGGTTTATCAACCAACTCTATATTC	0	0	31.63027656			0	0	0	128
TGTCCATAAGAGATGCGAAGGCTGGACCTC	0	0	0			12.48850575	0	0	26
TGTCCGAGTCGAATGCATCCCGGGTAGGGA	0	0	0			0	6.825284649	0	23
TGTCCGAGTCTACGGGGTAGATGCGGGAAT	0	0	0			137.3735632	0	0	17
TGTCCGATAGGCGGGGGCGTTGGTTGAGTG	0	0	0			43.70977011	696.1790342	0	122
TGTCCGGTAGGAGGTTATCCTGACGGGAAA	48.03644511	31.75159817	0			0	10.23792697	0	40
TGTCCTTATGGTCACTTCCTTATGCAAGGA	0	0	79.07569141			247.6886973	98.9666274	0	12
TGTCGAAATGCTTAGTTATTTAGTGCCAGT	0	0	132.8471616			0	0	0	133
TGTCGAGAAGGGATTGGGGGTAAGGAATTT	0	0	0			0	17.06321162	0	6
TGTCGAGAATGGTGAGAAATATGCGTCAGT	0	0	0			87.41954023	249.1228897	0	178
TGTCGAGCAGTCTTCTGGGCGTTGCATATG	0	13.22983257	0			0	0	0	102
TGTCGAGTAGCTAAGAAGTGCGAGATCACC	0	0	0			0	20.47585395	0	4
TGTCGATGTGACTTAGGCATAGTCGGCTAA	0	0	0			0	13.6505693	0	29
TGTCGCATTGCGCACTTTAAACGGTCTGAA	0	0	0			0	6.825284649	0	9
TGTCGCGCTACTGGCATGCGTGTCCTATAG	48.03644511	351.9135464	0			0	0	0	182
TGTCGCTCATCACCCTTCGAGGGTAGGTCT	0	0	104.3799127			0	0	0	48
TGTCGGGATTCGGCTTATTCGGGGGGGTAG	0	0	0			27.05842912	0	0	5
TGTCGGTGATAGGCTAATGTGATTCGAGCT	0	0	31.63027656			0	6.825284649	0	83
TGTCGGTGTGTGGGGGGCGGACGCCCTGCA	0	0	0			0	30.71378092	0	13
TGTCGTCCTCGCTGAACATGTGGGTGTCCT	0	0	0			0	78.49077346	0	114
TGTCGTTAATACTGTGGCTTGTTACCGCGG	0	0	0			0	3.412642324	0	8
TGTCGTTTTACGCATCAATGGGTGACTCCA	0	0	0			0	13.6505693	0	36
TGTCTAACATAGACCTTGAACTCTTGCGCT	0	0	0			0	23.88849627	0	2
TGTCTAAGAAAGTGCATGAATACTTGCAGA	7.789693801	13.22983257	88.56477438			0	279.8366706	0	83
TGTCTACATTATCGCTCAGACGAGTCACTT	0	0	0			0	47.77699254	0	2
TGTCTATATAGACGGGCCTTCAGGTGGGGC	0	0	15.81513828			0	13.6505693	0	165
TGTCTCAATATACATGTTTCTTTTGGCTAC	0	0	22.1411936			0	0	0	13
TGTCTCAGATTTAATGCGATTTAGAGCTCA	0	0	0			0	27.30113859	0	1
TGTCTCTCTAGCTCGTATTTTTACAGTATC	0	0	0			0	3.412642324	0	4
TGTCTCTTTCAGATAGGCGAAAGATAATTG	0	0	0			0	10.23792697	0	2
TGTCTGGTAGTTTTGTAATCCATTAAACGC	0	0	0			0	13.6505693	0	28
TGTCTGTTACAGATGCTAGTGCCACCTCGG	0	0	44.28238719			0	34.12642324	0	3
TGTCTTAGTGTTAAAAGATCCCTGTGCGAT	0	0	0			0	40.95170789	0	41
TGTCTTCGAAGCGTTTTAAGTTCGTAACAA	0	0	0			0	34.12642324	0	65
TGTCTTTGTTTTCCATGGAGACGGGGTTGC	0	0	196.1077147			0	406.1044366	0	751
TGTGAACGAAAATTCCCGGACCCGTGTTAA	0	5.291933029	0			0	0	0	1
TGTGAAGGTTTAAGCTTCTCTGGATGTTGA	57.12442121	87.31689498	0			0	13.6505693	0	4
TGTGAATTTGTAAACTTTGTCATGCGATCT	0	0	0			0	467.5319984	0	1466
TGTGACATTGTAAAGACTCCAGTGGAAAGA	0	0	3.163027656			0	0	0	1
TGTGACCGTAAAATCGGTCAGGGCCAGGAC	0	0	3.163027656			0	0	0	4
TGTGAGACATCGCTAAGTCGGTGGCCTATG	0	0	0			0	129.6804083	0	66
TGTGAGCAAGGGGGTAGGGGAGCCGGTTAG	0	0	781.2678311			0	81.90341578	0	869
TGTGAGGGTATGTACGAGGTGAGAGGATGT	0	0	101.216885			39.54693487	0	0	293
TGTGATAGTTGGGGAAAAGTTTGAATACTA	0	0	0			20.81417625	0	0	49
TGTGATCGAGAATTGAGTACAGGTCCGTGC	0	0	0			0	10.23792697	0	6
TGTGATCGAGCGTTGACGGAACCCTTGTTT	0	0	0			0	20.47585395	0	21
TGTGATGTATTCTACGTTACGAGTGGGGGC	0	0	0			0	85.31605811	0	1
TGTGATTAAGTTGGTTTAAACCGTAACGAC	24.6673637	44.98143075	0			0	13.6505693	0	26
TGTGCAATATACAGAACAAACCTTCGTGGA	0	0	136.0101892			0	0	0	102
TGTGCATGAACAAATTTTTTGGTCGGATGC	0	0	3.163027656			0	0	0	1
TGTGCCAATGCTCACTAGTGATGCCAGTGC	0	0	0			0	13.6505693	0	24
TGTGCCCGTAGGCGGTAGCCGGCGTGATAT	0	0	15.81513828			0	61.42756184	0	80
TGTGCCTGTCGCTTAAAGCGGCGATGTACG	0	0	9.489082969			0	0	0	2
TGTGCGAATTAAGCAACAATCCGCACCGCA	0	13.22983257	0			0	105.7919121	0	7
TGTGCGAGACAGACTAATTAGAACTTCACA	40.24675131	76.73302892	0			0	0	0	76
TGTGCGCTTGTGGGTGGTGAGTGGAGTGGC	0	0	0			0	6.825284649	0	3
TGTGCGTATGCATGAGGGGTGAAGGGGATT	0	0	0			0	3.412642324	0	2
TGTGCGTCAAGGCGGTACGGGCCAGCTCTG	0	0	9.489082969			0	0	0	2
TGTGCGTGAGGGCAGTTGGGCTGGGGAGGG	0	0	0			89.50095785	269.5987436	0	219
TGTGCTACTGCGTCGAGCTGGTGCGATACG	0	0	0			0	37.53906557	0	35
TGTGGACGTCCATCCTATCAAGCCCTCCGC	0	0	3.163027656			0	0	0	1
TGTGGACGTTGGCATGAAGGAAAAGTGAGG	0	0	0			0	10.23792697	0	4
TGTGGATATGGTCTATGTAACGCAGTGGGG	0	0	0			0	218.4091088	0	229
TGTGGCACTCGATTATCTGACCATTAACTA	0	0	0			10.40708812	10.23792697	0	4
TGTGGCAGTCCAGGGACCAAGGTGAAATGG	0	0	0			24.97701149	37.53906557	0	2
TGTGGCCATATTGACAAAGCCGTGGGTGCG	0	0	0			0	20.47585395	0	12
TGTGGCCATTGTTTTGCGTGGAGGCTCGGC	0	0	0			0	23.88849627	0	21
TGTGGCGGATTGGGGCGTGCGGACGGGCCA	0	0	0			0	3.412642324	0	1
TGTGGGATTGTGACTGTCGTTTCCTTGCAC	0	0	0			0	3.412642324	0	1
TGTGGGCGAATGAGGGGCAGAGGTCAGGGT	0	0	0			0	3.412642324	0	2
TGTGGGCTAGTCGAAAGGCGAAGGGTAAGG	0	0	0			0	1095.458186	0	23
TGTGGGGAAGTAAATAAAGGCCGGGGGCTG	0	0	0			0	92.14134276	0	451
TGTGGGGCACTAAATCTAACGAACTTTGCG	0	0	0			0	30.71378092	0	95
TGTGGGGCTTAATCAGCCGTAAGCGCGTGT	0	0	6.326055313			0	0	0	67
TGTGGGGGTGCAGTAGGGCGATAACTGGCG	0	0	31.63027656			0	163.8068316	0	356
TGTGGGGGTTAGAGTACTGAAACTTGTCCT	0	0	0			0	3.412642324	0	1
TGTGGGTGTCATCACAAGGTCTTAGACGAT	0	246.0748858	180.2925764			0	20.47585395	0	2227
TGTGGTACTAGTCTCTGGTGCGGTTGGCAG	0	0	0			0	842.9226541	0	3680
TGTGGTACTGTAAGGTCCATGTAGTGTCAT	0	0	0			0	6.825284649	0	131
TGTGGTAGAGGAGAGATATGTACGAGGATC	0	0	0			0	13.6505693	0	65
TGTGGTCATTGCAGCGCTCAGTCTGTTCCT	0	0	0			0	10.23792697	0	1
TGTGGTGAAAGCGTGGGTGCGAGGGAGGTG	0	0	0			0	320.7883785	0	1113
TGTGGTGATGTAGGTCAGTTCCTGTTACGG	0	0	0			0	17.06321162	0	7
TGTGGTGTTGTACGGAGCGGGCCACGGATT	0	0	0			0	13.6505693	0	2
TGTGGTTTACCAATGGGTTGGCGCGGGAAC	0	0	0			0	58.01491951	0	104
TGTGTAGAAATGGGCTGCGGACATCTCGTT	0	0	0			0	34.12642324	0	32
TGTGTAGATAACTATTGTCACCGGAGGTGC	0	0	0			0	17.06321162	0	2
TGTGTAGGTATTAGTACTTGGGCCACACGT	0	134.9442922	0			0	116.029839	0	214
TGTGTAGTTTACGGACTTGGGATAGTTCAG	0	7.937899543	18.97816594			0	17.06321162	0	5
TGTGTATATTTGGCTTATTAAGTCGTTTCC	0	0	0			39.54693487	30.71378092	0	1159
TGTGTATCTACAAGTGCAACCGGCTGATGC	0	18.5217656	18.97816594			0	0	0	2
TGTGTATGTATATGGTAGGCTAGCCATACG	0	0	0			0	34.12642324	0	117
TGTGTCTTAACGATAGTTCTCGTTTTCGCA	0	0	0			0	160.3941892	0	250
TGTGTGATTCTAGAAATATCAAAGTGCAGG	0	0	0			0	3.412642324	0	8
TGTGTGTATGGGGGCGGGAGCGGCGGGATC	2.5965646	0	0			0	0	0	2
TGTGTTAGATTTTCTAACTGAGGCTGTGTT	0	0	0			158.1877395	549.4354142	0	359
TGTGTTAGTGACGGGGTTAGAGTATTGCCA	0	0	0			0	27.30113859	0	78
TGTGTTCAACTTGGAAAGGATTAACCAGGC	0	0	66.42358079			0	0	0	7
TGTGTTCATTTTAGTTGGTTTAATTTTCCT	0	2.645966514	0			10.40708812	290.0745976	0	49
TGTGTTCCTGCTCAGAATTGTGACGAACGG	0	0	0			0	191.1079702	0	433
TGTGTTCCTGGAAGTCTGCGGACCCAGTAC	0	0	0			0	17.06321162	0	4
TGTGTTTGTGCTGGATTCGCGCTTGCCAGT	0	0	0			0	88.72870043	0	189
TGTTAACTTCTTAGATGTGATAATAGGAAG	0	0	0			45.79118774	0	0	1235
TGTTAACTTTCCGACGAATATGTAACGCTT	0	0	0			1217.62931	0	0	1847
TGTTAAGATTGGCCTAGTTTGAATGGGGGT	0	0	12.65211063			0	395.8665096	0	465
TGTTAGAAATGTTTGCCACCCGGTCACCGC	0	10.58386606	0			861.7068966	805.3835885	0	47
TGTTAGGTACTGGCGAGCGCCCAGAGTACC	0	0	0			0	64.84020416	0	5
TGTTAGTGTCTATTACTATTGAGTTTGAGA	0	10.58386606	0			0	0	0	3
TGTTAGTTTAGGTTGATTCTTATCAGTTGT	0	5.291933029	0			0	0	0	2
TGTTATATATATTGCGGGTTAAGTGCATAA	0	0	0			0	3.412642324	0	37
TGTTATATATTCCAGCTCCGAAAGGTTGTC	580.3321882	92.60882801	0			18.73275862	433.4055752	0	34
TGTTATCGAAAGGCGCCGGGTCGGGGGCAT	0	0	9.489082969			0	0	0	182
TGTTATGCAGCGCAGGGCGGAGCGCGTCTG	0	0	0			0	34.12642324	0	118
TGTTATGTATAACAAGATTTTTAGCCATAC	0	0	0			22.89559387	0	0	928
TGTTATTATTTAGTCAGTATGTGAGAGGGA	0	0	0			0	95.55398508	0	69
TGTTATTTTAACGAAATGCCGTGAGCCCTA	0	0	117.0320233			0	129.6804083	0	14
TGTTCACCAAGGGGGTTATGAATGGGTGAA	0	0	0			641.0766284	2593.608166	0	1490
TGTTCAGCTCGTCCCGCGTAACGTGGGTAA	0	0	0			0	3.412642324	0	307
TGTTCAGGAAGTAGAGTGCCCGTAGAGAGC	0	0	18.97816594			0	3.412642324	0	175
TGTTCATGACGGTCTATATGATAGTCGGAA	0	0	0			0	3.412642324	0	16
TGTTCCCGAAAATCGGGTTAACAGATTGGG	0	0	145.4992722			0	37.53906557	0	439
TGTTCCTAAGTTCTCTTGAGAGGCAGTGGC	0	0	0			6.244252874	0	0	11
TGTTCCTTTACCTGAACTGCGGATAGCCTG	0	2.645966514	0			79.09386973	911.1755006	0	1194
TGTTCGACTGTGTCGTCACAGGGGCCAGGC	0	0	0			0	269.5987436	0	540
TGTTCGCTTATCAGTTTGAAAACTACTATA	98.66945482	330.7458143	154.9883552			0	20.47585395	0	588
TGTTCTATTCGATGACCGCTGGCATGTGCT	0	0	0			0	6.825284649	0	1
TGTTCTGTAGACTGACGGGTCGTGCGTCCG	0	0	0			52.03544061	0	0	2
TGTTCTGTATAACCCGATTTTTAGCCATAC	0	0	0			2.081417625	0	0	1
TGTTGACGAATATGCTGCGTTATCATTAAA	0	0	0			0	58.01491951	0	8
TGTTGAGATAGAGCAGGTTCGTGACTACGG	0	0	3.163027656			0	10.23792697	0	2
TGTTGAGGAAGGGTGATAGGAAGAGATTCC	0	0	0			0	129.6804083	0	2
TGTTGAGGTGGTTACCGCTATCCAGATCAT	0	26.45966514	34.79330422			0	17.06321162	0	48
TGTTGATATCCATTTGCTGTCGTCACTAAT	0	0	0			0	40.95170789	0	296
TGTTGATGAGGACAAATGGTGAACACAACG	6.491411501	0	22.1411936			0	81.90341578	0	23
TGTTGATTTCTCGGGTGTGAATTATCATAC	0	0	0			0	3.412642324	0	2
TGTTGCAATGATGGGTTCGAGGCCTGCGCG	0	0	0			0	126.267766	0	20
TGTTGCATTGACACTACCGAGCACATTTGT	0	0	0			6.244252874	0	0	6
TGTTGCTGATCATTTTGTTTGCATTTCGAT	0	0	0			0	30.71378092	0	70
TGTTGGCATGGTGCACCGAAGTTGCGGCAA	0	0	6.326055313			0	0	0	1
TGTTGGGTAGTGGTGGATGTGGTGTAAGGT	0	47.62739726	0			0	0	0	5
TGTTGGTCTGAAGTAAGCTTTAGATGCACT	0	89.96286149	9.489082969			0	20.47585395	0	6
TGTTGTATTAAATCGTAGTTGAGGGTCGAA	0	0	0			0	17.06321162	0	27
TGTTGTCAATGGCAAAGTCCTAAAATCAAG	0	0	0			120.7222222	556.2606989	0	2694
TGTTGTCGTTTGCTGGCAAGATTATCAAGC	0	0	0			8.325670498	0	0	1
TGTTGTTAAATAAACCGCGAGACCGGATGA	0	0	0			0	6.825284649	0	1
TGTTGTTAAGGTTGGAGTAAGAGCTTTGGT	0	0	0			0	81.90341578	0	140
TGTTTAAGAAGATCTCAGCGGGAAGGGCCG	0	0	0			39.54693487	68.25284649	0	9
TGTTTAAGAATTTCACATTATGACGGGAAC	0	0	0			0	17.06321162	0	24
TGTTTAATATATTGAACGACAGAGCCAGGG	0	0	0			0	34.12642324	0	4
TGTTTAGGACCGAAGTTGGCTCAGACGTGA	0	0	0			0	51.18963486	0	15
TGTTTATATGTTTTGAACATAGTCTTGATG	0	21.16773212	9.489082969			0	0	0	66
TGTTTCAAAGGGCTGACGGTTTTAATAAAC	0	0	0			0	17.06321162	0	4
TGTTTCAGTGATATACGGGGGGTGGGTTGT	0	2.645966514	0			0	0	0	1
TGTTTCCTATGTCCGTATAGTAATCGGAGA	0	0	0			0	64.84020416	0	49
TGTTTCTGACGGCTAGAAGCGCGAGGCACT	0	0	0			33.30268199	713.2422458	0	82
TGTTTGAGAGTGACCGGTGCTTGGATGCAA	0	0	3.163027656			0	0	0	1
TGTTTGATATCCATTGCTAGTGTCTATAGA	0	0	0			2.081417625	13.6505693	0	3
TGTTTGGGACACTCCATTAGGTCCGTTGCT	0	0	0			33.30268199	92.14134276	0	4
TGTTTGGTAATCATAGTGTTGCGAAGGGGG	0	2.645966514	0			0	61.42756184	0	31
TGTTTGTTAATTGAGAGAAAGCCGGCAGAC	0	0	0			0	126.267766	0	2
TGTTTTCATTGGAGATAAGACTGGAGGTAA	0	0	0			0	3.412642324	0	8
TGTTTTGCTAAGAATGGATGAGCGCATGGG	0	0	0			20.81417625	300.3125245	0	379
TGTTTTTGACGAGATGCTGACCTAGGCGGT	0	0	0			0	3.412642324	0	4
TGTTTTTTATCATTGATATATAACAAAAAG	0	0	98.05385735			0	0	0	6
TTAAAAGGATAGAGGTGGGGTATGCATGGT	0	0	0			2.081417625	10.23792697	0	9
TTAAAATGATGGAAAGGGTGGTGGACACTG	28.5622106	34.39756469	37.95633188			0	54.60227719	0	1
TTAAAGAATAAAGTAGGAGTTGAAAAGGGG	0	0	0			0	58.01491951	0	211
TTAAAGACTAAATCTAATTTTTACTGAAGT	0	0	0			8.325670498	0	0	18
TTAAATAGATCCCGCCGTGTGTAAACAAGT	0	0	0			0	30.71378092	0	4
TTAAATCAACGGGTATTAATAGAATAAATA	0	0	0			0	6.825284649	0	1154
TTAACACGACAAGGGAGCAAAGTATATCGG	0	0	0			0	10.23792697	0	3
TTAACCTCTTTAACTTCCATTTCTGTAATA	0	0	0			201.8975096	160.3941892	0	130
TTAACCTTATGGCTGCTGAGAAAAAGCCTG	0	0	0			0	358.3274441	0	66
TTAACTGCACCAAGTTTTTTCTGAGGTATC	0	0	0			0	20.47585395	0	60
TTAAGACCTTCGCTCTTACAGATATGTTTA	0	0	0			2.081417625	0	0	5
TTAAGACGAGCGATTTGAATATATCGCGGC	0	0	0			0	17.06321162	0	80
TTAAGACTTTCTTAAATGCTGATAACGCCA	0	0	0			0	30.71378092	0	1
TTAAGATGTCTGTGAGGGGGGCCGCGTGGT	0	0	0			0	3.412642324	0	3
TTAAGCAAATCAGCGCTACGTTTCCGTAAG	0	0	0			0	890.6996466	0	2
TTAAGCAATACAGTTCGATATACCCGATGA	0	2.645966514	0			58.27969349	0	0	117
TTAAGGATAGTGCGGGCAGGGGTCGAATCA	0	0	0			0	88.72870043	0	16
TTAAGGCCAATAAGCGAGGTCGCGGAGGAG	0	74.0870624	9.489082969			0	0	0	1
TTAAGGCCATTCTTAAATCATTAGGTTGCA	0	0	0			0	17.06321162	0	2
TTAAGGCCTGGCTTGAGAGCAGTGTTATGC	0	0	9.489082969			0	58.01491951	0	17
TTAAGGGAAGGTGGTAATGAGTGGGTTTGG	0	0	9.489082969			0	0	0	139
TTAAGGGCTCGTAAATCTGCAGATGTCGTT	0	0	0			0	3.412642324	0	141
TTAAGGGTAGGGTAAAGGGTCCTTGATGGG	0	0	0			0	3.412642324	0	1
TTAAGGTATCGCATCGGTTTTGCTGGATTC	0	0	0			20.81417625	0	0	239
TTAAGGTGTACATTGTAGCGCTGCAGGCGC	0	0	0			0	3.412642324	0	4
TTAAGTAGATCTATAGGCGTTGGCAGAACT	0	0	0			0	17.06321162	0	11
TTAAGTAGTAAACTATGACCGAGAGCACTG	0	0	0			0	6.825284649	0	12
TTAAGTAGTATGAGCTTATCGGTAATACGC	0	0	3.163027656			0	0	0	2
TTAAGTCATTGCAGGTCTTAGACAAGGCTC	0	201.0934551	0			0	95.55398508	0	63
TTAAGTCGTAATATGGTGCAGAGGGGGGCG	0	0	18.97816594			0	0	0	5
TTAAGTCGTCCACTACATAATAGGAGGTCT	38.94846901	158.7579909	3.163027656			20.81417625	126.267766	0	35
TTAAGTGGTAACTTCTGCATTCTCTGGGCA	0	0	0			226.8745211	0	0	79
TTAAGTTGTGCACTTTAATTTTCTGTAGGT	0	0	0			20.81417625	0	0	149
TTAAGTTGTTCGTTTTTCGGTTCACGGCCC	0	0	0			0	75.07813113	0	154
TTAATAATTCCTTGGTAAGTCGTGACGCGG	0	0	0			0	20.47585395	0	3
TTAATAGTTATGTTTTGTGGGTTCTCTGGT	0	0	0			60.36111111	2163.615234	0	40
TTAATCAAACCCATAAGACCATCCTTTTGC	0	0	0			0	334.4389478	0	52
TTAATCACTAGATGCTCTCATGGATCAGCA	0	0	0			0	23.88849627	0	321
TTAATCGTATTGATCAGTAATCATCGTTTT	0	0	0			0	47.77699254	0	8
TTAATCTATGCTGGAATACCCACTGGATAC	0	0	0			16.651341	0	0	1
TTAATCTCAAGTATACTCCGGTTAGTCGCT	28.5622106	116.4225266	31.63027656			0	0	0	44
TTAATCTCTGTTTGCGCTGGGATTAGCAAA	0	0	0			0	105.7919121	0	1128
TTAATGAAATTTTTTATGTTACGTATCATG	0	0	0			0	13.6505693	0	6
TTAATGCCTCATTTGATATATTTCTTAGAA	0	923.4423135	101.216885			0	88.72870043	0	1414
TTAATGGCTGGCGAGGGGCGGGCTACGCAT	0	190.509589	0			0	47.77699254	0	7
TTAATTATTAGCGTGGTGGTTCGACGGGAA	0	0	41.11935953			0	0	0	147
TTAATTCCAGCAAAGAATTGCAGATTCGAA	0	0	0			170.6762452	470.9446408	0	12
TTAATTCGAGTGTACCAGAAGTACGCGCGG	1.2982823	13.22983257	0			0	10.23792697	0	3
TTAATTGAAATGTTTAAATCTATCAGAGTG	399.8709485	37.0435312	474.4541485			0	187.6953278	0	514
TTACAAAGTGAAATGGTGGAGAGGGCGGGC	0	0	0			0	10.23792697	0	18
TTACAAGCTCTCAGTCGGTATTTGACTTCT	0	2.645966514	0			0	10.23792697	0	6
TTACAAGTTCGCTACCACGCTTCCGTCGTA	0	0	0			0	20.47585395	0	231
TTACAATATGATAATGCTTAAGGGATGACA	0	0	0			2.081417625	17.06321162	0	68
TTACAATTACCGTGCAGGTCGGTGAATTGT	0	0	0			0	30.71378092	0	28
TTACACAAATAGGAAAAGGAGACGCTAGGG	0	0	0			0	3.412642324	0	2
TTACACCCAAAAGTACGTGGTATTGACGAC	0	1161.5793	0			0	508.4837063	0	29
TTACAGGAAAGTGTACGTGTCTGTAGCGGC	0	0	12.65211063			0	10.23792697	0	1
TTACATGCATGGAGAACCGATCACTTCATG	0	0	47.44541485			0	17.06321162	0	1
TTACATTCAGGTTAGCATCGTTACAATGGT	0	0	0			326.782567	764.4318806	0	284
TTACCAGCAGCAATTTGCATTTGGGTATAT	0	87.31689498	0			18.73275862	17.06321162	0	1434
TTACCAGGTCATGGTCAGGAACGGGGGTGG	0	0	0			0	27.30113859	0	31
TTACCATAAGCGGGGTCTTAGCTCGGAGAT	0	0	0			0	30.71378092	0	20
TTACCCCAAAGGTTGCCAGTCATCGTTCAC	79.19522031	121.7144597	50.6084425			108.2337165	0	0	4
TTACCCTTAACCGCGGAATTATACACGGAC	0	0	0			0	51.18963486	0	28
TTACCGGCATGAAGCCACGCTGAGCATGTA	0	0	0			0	61.42756184	0	157
TTACCGTGTTGAGGGCGCAAGGATGCGGCG	0	0	0			12.48850575	348.0895171	0	10
TTACGAATAGTTGTTTTTTTGTGACTAGAC	0	0	0			0	20.47585395	0	2
TTACGATGACTTAAATTTTATGTTCTTACT	0	0	0			0	47.77699254	0	408
TTACGCTCTTTGTGTGATTTGCCAAGAAGT	0	0	6.326055313			0	0	0	1
TTACGGAGATCCCGCCGGGCTGTGACAGGA	0	0	0			0	208.1711818	0	49
TTACGGGGTATCCTGACTCCACTCTGGTGG	0	0	154.9883552			0	0	0	107
TTACGGGTAGTACTGCTCGAACCACGACGG	1.2982823	0	0			0	0	0	2
TTACGTACATATAGTAGATCTAAAAAGGGG	0	0	0			10.40708812	0	0	1
TTACGTCATACACGTCGGGCTGACCGTACG	0	0	0			83.25670498	0	0	1051
TTACTAAAAGCCTGATGCATGATAAAGACG	0	0	0			0	13.6505693	0	88
TTACTACGTCTGGAGCAAGCGTGCTGTGAC	0	0	0			0	3.412642324	0	3
TTACTAGTTTTAGACATAGCTTATAGGGGT	0	0	0			0	20.47585395	0	879
TTACTGGTACAGGAGTAAACTGCCATCGAG	0	0	0			0	6.825284649	0	7
TTACTGTATAATCATGTATTTCCACCATTG	0	0	0			0	85.31605811	0	50
TTACTGTTTACGACGATACAAGATGGTTAC	0	0	18.97816594			20.81417625	221.8217511	0	83
TTACTTAGTGATTCTCGACGGCTGCGCATG	0	0	15.81513828			0	85.31605811	0	19
TTACTTATACGTCGACGTCCGGGGACGGGG	0	0	0			10.40708812	0	0	11
TTACTTCATCGGGGATAACTATACGCGTAA	0	0	0			0	27.30113859	0	33
TTACTTGTTGAGGGTCCCGGACAAAAGCAA	0	5.291933029	0			0	30.71378092	0	9
TTACTTTATCCTCTTAAATAGATGATATTC	0	0	154.9883552			172.7576628	696.1790342	0	46
TTACTTTCAGATGTGGGCAAATTCTGCATA	0	0	0			0	30.71378092	0	44
TTACTTTTATGAGAGGTTGTCCCCCTTTGC	0	0	0			0	3.412642324	0	5
TTAGAAATATGTAAAGACGGGAGTTAGATG	0	0	0			0	187.6953278	0	340
TTAGAAGAAGCGGGAGCAACAACGACGGAC	0	0	0			0	51.18963486	0	30
TTAGACGGAGGGCGCCGGGATGAGCCTCGC	0	15.87579909	0			0	0	0	29
TTAGAGACATGTAGGCTGAGTTAATCCGTA	0	0	0			18.73275862	68.25284649	0	364
TTAGAGGGTCTATAGGTGTAAGTTATGAGG	0	0	0			0	13.6505693	0	1
TTAGAGTTTAAACAAACGGGTGTCTTGGCG	0	0	0			0	6.825284649	0	1
TTAGATCAAGGACTTTGGTTTGAGGTTATG	0	0	15.81513828			0	0	0	11
TTAGATCTTTTTAGGTGCAGTAATTATACT	0	0	0			0	590.3871221	0	715
TTAGATGTACGGCGGGCTATCCGACTAGCG	0	0	0			0	3723.192776	0	439
TTAGATTATATTCTAGATAGATGGGGTTGC	0	0	0			6.244252874	0	0	40
TTAGCGTATAGCGCTTCTAAACCACCGGGT	0	0	0			0	20.47585395	0	1
TTAGCTAATATTGTTGCCATATGAGTGGTA	0	0	0			0	3.412642324	0	3
TTAGCTACACTCCCATATTGGTGGTAGTAG	0	31.75159817	22.1411936			0	0	0	1
TTAGCTACTGATAGACCGGGGTCGTAGGCG	0	0	0			0	10.23792697	0	1
TTAGCTGCTGAAAATTACGACCTAACACCT	0	0	0			8.325670498	143.3309776	0	219
TTAGCTGGACTTCCTCTCCGTTCCTACGAA	0	0	28.46724891			0	0	0	73
TTAGCTGGTTGTTGCTACCCTGGCCAAGTT	0	0	60.09752547			0	3030.426384	0	2318
TTAGCTGTATCATGTAGAAAATGACCGCGG	0	0	0			2.081417625	61.42756184	0	14
TTAGCTTATGGGGGGTAAGGTGCGTTCTGT	0	0	6.326055313			0	0	0	6
TTAGCTTCTTCAGCTCGACAGGAACGGTGC	0	0	0			0	174.0447585	0	4
TTAGGAAGACGATTTCTAAATGTTGAACGA	1.2982823	0	110.705968			0	27.30113859	0	4
TTAGGAAGTTTGTTTATACGCTTGTCTGTT	0	0	0			0	3.412642324	0	105
TTAGGAATAGACCCCCTTTAGGATTGACTT	0	47.62739726	6.326055313			0	0	0	1
TTAGGAATTAAGGTAAAGTCAAGGTCTCAA	0	0	0			2.081417625	0	0	2
TTAGGACGACTAGGGTAATGCAATGGGCTG	0	0	0			0	1771.161366	0	630
TTAGGAGAATGGGTTCTGGCGGTGGTCATG	0	0	0			0	150.1562623	0	146
TTAGGAGTATGGGATTGGAGTTACATGCTG	0	0	0			0	95.55398508	0	127
TTAGGATGACCGCTTACGATACTAGCGCTA	0	0	0			0	34.12642324	0	13
TTAGGCATAACAGAAAGGTGGGAGCAAGCG	0	0	0			20.81417625	13.6505693	0	5
TTAGGGATATCGACGGTCATGGTGGTAACT	0	0	0			0	3.412642324	0	112
TTAGGGCCAGACAAGGTGGGGCGTAAGTGA	0	0	0			0	17.06321162	0	151
TTAGGGCTATCGTGCAGTGTTAAGTTGGAA	0	0	0			6.244252874	0	0	24
TTAGGGGAAAGGCGCGGAGGGGGGATATAT	0	0	37.95633188			0	0	0	1451
TTAGGGGGTAGGAGTCTGGTTCTCGGAGGG	0	0	0			0	3.412642324	0	4
TTAGGGGTTAGACTCAAGAGTATGTTGATT	0	0	0			0	20.47585395	0	7
TTAGGGTAAATGAGGCTTAGGCGGCGCATC	0	0	0			0	27.30113859	0	83
TTAGGGTGTCTTTGTGTATAGTAGGGCGGA	0	0	0			0	10.23792697	0	1
TTAGGTGCACAAAAGTTTCGTACGAGTAGA	0	0	0			31.22126437	17.06321162	0	9
TTAGGTGCTGAGTCCACTGCTGAGGAAAAG	0	0	0			0	85.31605811	0	241
TTAGGTGCTTGATGGATCTTGTCAGAGGGG	0	0	0			0	17.06321162	0	1
TTAGGTTTTGCTTGCGGGCGCTGAGTTATG	0	0	0			0	6.825284649	0	2
TTAGTACCTTTGTTACACCCGAAAGTATAT	12.982823	0	9.489082969			16.651341	0	0	1
TTAGTAGGTTAAAAAGTTACCCTTGGCACT	0	31.75159817	18.97816594			0	0	0	5
TTAGTAGTACTCAGTGAGGTAAGAGAGTTA	0	0	0			0	6.825284649	0	184
TTAGTCCTATTACGCCCACTTAGGAGGTTC	0	0	0			0	129.6804083	0	1339
TTAGTGCGTATGGTATAAGTGCACCCCGTT	0	0	0			0	3.412642324	0	15
TTAGTGCTTAGGACAGCCAGATTTGGGTAC	0	0	0			0	310.5504515	0	45
TTAGTGGAAACTTGATGCCATATGTTGTGC	0	10.58386606	0			35.38409962	440.2308598	0	67
TTAGTGGTATTGCCGTTAATAACGGAATGA	0	0	6.326055313			18.73275862	30.71378092	0	67
TTAGTGGTTGTCGCTTGACCCTCCTCAGGG	0	0	3.163027656			0	51.18963486	0	60
TTAGTGTTTGGCGTTGCGGCAAAAATACGA	103.862584	137.5902588	0			0	13.6505693	0	236
TTAGTTAATGCTGGTATTTCATTTTACGAA	0	0	170.8034934			0	0	0	19
TTAGTTATTGGGTACGATAAAGGTGTGATC	0	0	0			0	17.06321162	0	10
TTAGTTCAAGTGAAAGGGGCTTACTCAGGG	0	0	0			0	3.412642324	0	2
TTAGTTGATTGGAAGATATGACGTTTGTGC	172.6715459	201.0934551	0			0	0	0	17
TTAGTTTGTATAAGTACGGGGAACTAGGAA	0	0	0			0	3.412642324	0	8
TTATAAAAACGTCAAGAGACATGCATGGAG	0	0	0			0	23.88849627	0	2
TTATAAATATGTTCCGGGCTGGTGGTGAAG	0	0	0			0	3.412642324	0	22
TTATAACATTGTAATGGAATGTCATGTAAC	0	2.645966514	0			0	0	0	1
TTATAACCATGCTTGAGACGGGTAGGGGGC	51.93129201	0	0			0	20.47585395	0	1469
TTATAATCTAAGGTGAATTGAGCAACTACG	0	195.8015221	173.9665211			0	20.47585395	0	288
TTATAATTTTCTTGTGTTGGGTTGATGAGG	0	0	0			0	1586.878681	0	170
TTATACAATAGTGGCGGATAGGACGTGCCG	0	0	110.705968			97.82662835	996.4915587	0	23
TTATACCCTCCAGCAGTGAGAGTCTAGTGG	0	0	3.163027656			0	0	0	1
TTATACCTATAATGGGGGACCACGCTTACG	0	0	0			0	68.25284649	0	3
TTATACTGTGTACGTAGCTCAGGACAATAT	0	0	0			0	3.412642324	0	3
TTATAGATTGGCTTGCAGAGAGTTGCGTCT	0	21.16773212	0			0	0	0	370
TTATAGCATCACTATATTATAGCAATCACA	0	0	0			493.295977	177.4574009	0	224
TTATAGGCAAAAGCTAGGAGTGAGAATGGA	0	0	0			0	13.6505693	0	1
TTATAGGGAAACCGGGGAAGAGGGAAGCTA	0	0	0			2.081417625	23.88849627	0	4
TTATAGGGTTGAGAGCGAGAGCGCAGGTAG	0	0	0			0	37.53906557	0	100
TTATAGTGATTCTTTTTTAAAGGTAGAGCC	0	0	0			0	51.18963486	0	14
TTATATAGATCATCGCTGGCGTAAGCACAC	0	0	53.77147016			0	0	0	171
TTATATTAATAGCATGTTCGGGGTATAGTT	0	0	0			0	6.825284649	0	5
TTATCAAATGTGCAATTACGAGAAGTTTAA	0	0	0			0	3.412642324	0	51
TTATCCAGAACTTATTCGTATAGGTCCGTA	0	0	0			0	3.412642324	0	4
TTATCCCCCCCGTCGCCTCCACCCCGGACG	0	0	0			2.081417625	0	0	1
TTATCGCCTGTGGTGGAAAGGGAAGATGGA	0	0	0			0	20.47585395	0	2
TTATCTATATCAATTAGACGTTACTAGTAC	0	0	0			0	208.1711818	0	50
TTATCTTGATCATCGCTACTATATTCCGTG	0	0	161.3144105			0	358.3274441	0	1126
TTATGAAAAAAGTGAATGTAGCTTGTTTCG	0	2.645966514	3.163027656			0	0	0	2
TTATGAAGTTACATATGTCGGTAATGTTTG	0	0	0			0	6.825284649	0	1
TTATGACAAGATGGTGATGATGTGCATATT	251.8667662	1158.933333	1287.352256			0	331.0263055	0	2944
TTATGACGATGTCTTCTATTTGGTTCTTGT	0	0	0			0	44.36435022	0	76
TTATGAGAAAGCACGGCTATACTGATATAT	0	0	0			0	6.825284649	0	97
TTATGATTAATATTAAATGTTAACACCAGT	0	13.22983257	0			0	17.06321162	0	18
TTATGCGGTGCGATCATGATGTTACAGATG	0	0	0			0	13.6505693	0	1
TTATGCTGACCCACGCGTCTGACGGTTATC	0	0	0			0	13.6505693	0	2
TTATGGAGTGCGATTCTTGGTGGTTGGCGT	0	44.98143075	53.77147016			0	23.88849627	0	321
TTATGGTGTAAAAATCACGCCTGGGGTTTT	1.2982823	0	0			308.0498084	27.30113859	0	236
TTATGTAATATGAGTAACTTGCTTTACTGA	0	0	0			6.244252874	0	0	658
TTATGTGGAGGGAATCGATGGTTGTGGGTG	0	0	3.163027656			0	0	0	14
TTATGTTATGGTGCTAGAGCTAGGGTAGGA	0	0	0			0	10.23792697	0	14
TTATTAAATTTCTAAATGTAGACAATATGG	0	47.62739726	0			0	0	0	92
TTATTAACAAATGACCCGCAATTCCCGGGT	0	0	0			0	34.12642324	0	2
TTATTATTTCTAGGCACGCGACACATGTTT	0	0	0			0	61.42756184	0	14
TTATTCATATATTTCTTCAGTTAACAGCTG	0	0	0			160.2691571	0	0	53
TTATTCGATTACCTTGCGATTCTAATCCGG	0	0	72.7496361			99.90804598	150.1562623	0	7
TTATTCGCTCTGTTGTGATTACAGTATCAG	2148.657207	2561.295586	306.8136827			0	1784.811936	0	1801
TTATTCTCACGTATTGCGCTGGGGGGCGAG	33.75533981	74.0870624	37.95633188			0	0	0	2
TTATTCTCTCATTTATACTCTGGAGCGCTC	0	10.58386606	0			56.19827586	511.8963486	0	824
TTATTCTGTGCGGTTGTAGAGATCGCGGAT	0	42.33546423	15.81513828			0	13.6505693	0	21
TTATTCTTACCATTAGGATAGCAAGATAAA	0	89.96286149	91.72780204			0	30.71378092	0	5
TTATTGAAACGGTCTCCCTAAAAGGTTATA	0	264.5966514	69.58660844			0	129.6804083	0	4
TTATTGTTTCTATTGCAAAGAGAGTATAGC	6.491411501	111.1305936	9.489082969			8.325670498	194.5206125	0	40
TTATTTATTCCACATATCACTTACGGACAT	0	0	0			0	13.6505693	0	1
TTATTTGTTTAACGAGCTATAGGTTGACTT	0	0	0			12.48850575	85.31605811	0	9
TTATTTTATGGCGTATCACAGATATTGGAA	0	0	22.1411936			0	0	0	130
TTATTTTTATCAGCTAGTCGTCTTTTTGCC	0	0	0			0	20.47585395	0	16
TTCAAACTTACTGGACGATACATGTTAATT	679.001643	1090.138204	436.4978166			0	348.0895171	0	83
TTCAAAGTATACAAACCCCGCGACTTCAAA	0	0	0			0	354.9148017	0	1956
TTCAAATAACAGGTTTGCTACATCCGCATT	0	31.75159817	0			0	13.6505693	0	1
TTCAAATTAGGATGCACCGTCAGATAAAGG	0	0	0			0	20.47585395	0	2
TTCAACAGAGTGTGCATCTTCGACCCATCG	0	0	0			0	34.12642324	0	42
TTCAAGAGACCGACTCTGCATTAGGCTTAC	0	0	41.11935953			0	0	0	25
TTCAAGATTCTCCGAACGGATTGGTTCTGG	0	0	0			16.651341	44.36435022	0	365
TTCAAGTTTAGGCAGTATGCTGCAAGGTTA	0	0	0			0	40.95170789	0	23
TTCAATGGTTGCCTGAAGGGAAACGATAGT	0	0	0			0	402.6917943	0	1642
TTCACAAGTTGTCCCCTCTGTAACTCGGAT	0	5.291933029	3.163027656			0	0	0	23
TTCACACTAAGCATGGTCCCGCTGACAGGG	0	0	0			6.244252874	0	0	2
TTCACATGACTTAATGTTAACACTAGAAGC	0	0	0			0	23.88849627	0	123
TTCACATGATTGCTACTATGTCTAAGGCCT	0	0	0			0	23.88849627	0	324
TTCACCCGTCGTTTGTAACGTATTACGATC	0	0	0			24.97701149	0	0	25
TTCACCTAATGCCAGCGGGGGTAGTGAGGG	0	0	0			89.50095785	546.0227719	0	352
TTCACGGGACGACCGGGGGCAGGGGTCAAG	0	0	0			0	10.23792697	0	1
TTCACGTATGCGACGTCCTGTACACTCGTA	0	0	3.163027656			1167.675287	839.5100118	0	327
TTCACTCTTCCGTTCTTTTTGCCCCACTTT	0	129.6523592	0			0	13.6505693	0	428
TTCACTGAATTATCCAGATCTGGGTCCATC	0	0	0			0	423.1676482	0	2388
TTCACTTATGCTCATATATAGTTCGTAGAT	0	0	0			0	58.01491951	0	296
TTCAGACTATTTATCATGAATCAGATACCC	0	0	0			0	1249.027091	0	458
TTCAGAGTTCGGATTGGTCGATGTTATAGC	0	0	28.46724891			0	0	0	15
TTCAGATAATTAAGAGGGGAACGACCCAAA	0	0	0			0	6.825284649	0	15
TTCAGATTAAATGTTCCACGGGGGCAAAGG	10.3862584	18.5217656	44.28238719			4.162835249	3.412642324	0	18
TTCAGCATAGGGCAGGTACATCGCCGGAGG	0	0	75.91266376			0	0	0	91
TTCAGCATCGGGCCGGTCCATCGCCGGAGG	0	0	3.163027656			0	0	0	1
TTCAGGGATCCGGGATCTGGGGATCTAATT	0	0	0			0	3.412642324	0	2
TTCAGGTCAACATGCGAATCGTGATAGTAG	0	0	0			0	3.412642324	0	2
TTCAGTAAACTCGGTGGAGGGCCCGAATTA	0	0	6.326055313			0	0	0	1
TTCAGTAGAAAAATGGTCGCAAGTCCGGAC	10.3862584	0	0			0	0	0	1
TTCAGTATATAATTTGTGTCGGCTCCCACT	0	0	15.81513828			0	0	0	3
TTCATAGCATTTGGCAGGCTCGTGTTAAAC	0	0	199.2707424			0	0	0	452
TTCATAGTTGCTCTTGTTAGTAACAGTTCA	0	0	0			0	6.825284649	0	2
TTCATATAAGCCTATGGCGATAGGAATGTC	0	10.58386606	0			0	0	0	3
TTCATCAAAATGTGGAGAATATAGGTTTCG	6.491411501	18.5217656	0			0	3.412642324	0	5
TTCATGAATCGAGAGTGGGGAGTCCTATTA	0	164.0499239	6.326055313			0	13.6505693	0	30
TTCATGGGAGAGCGATATTGCTCTTACGAG	0	13.22983257	31.63027656			0	13.6505693	0	2
TTCATGGTTAGCTGAGCTATACTGTTTCAG	0	0	0			0	3.412642324	0	4
TTCATGTCTCATTTGATATACTTCTTAGCA	0	2.645966514	0			0	0	0	1
TTCATTCGTTCTAACTCTTTGGTCAAGCCG	0	0	6.326055313			0	0	0	206
TTCCAAGGACTAGGACCGCTACAGTTCAGA	5.193129201	5.291933029	3.163027656			10.40708812	0	0	4
TTCCAATCTTTCCATTTGCACATGCCGGGG	0	0	0			0	13.6505693	0	1
TTCCACCATGAGAGATTCCTTCGGGAGATG	11.6845407	0	69.58660844			49.95402299	0	0	162
TTCCACGTTGACTACGTTATGTTGGTGTGA	0	0	0			0	44.36435022	0	9
TTCCAGCATGTGGGGGAATTCTAGCAATCG	0	0	0			0	180.8700432	0	607
TTCCATAAAGTTTGTTTTTGTTGTATTGGT	0	0	15.81513828			0	0	0	102
TTCCATGGAGTTTATCGCTCAACGTTATAC	0	0	0			10.40708812	20.47585395	0	6
TTCCATTCTCGGAACCTGCGTCCTAAAGCG	0	0	0			0	23.88849627	0	3
TTCCATTTTCTTGACCTGGTGGGCTAAGTG	189.5492158	0	154.9883552			389.2250958	566.4986258	0	997
TTCCCACGTTCGTAGTTCCAGAAAGGCGAG	0	0	0			0	17.06321162	0	1
TTCCCAGAATTTTTGATCCCTAGGTCTACC	0	0	0			0	23.88849627	0	4
TTCCCAGCAGTAGGTAGTGTTAGGCCCCAA	0	0	0			0	20.47585395	0	7
TTCCCATCTAGTGGCATTTACCGTATGCTA	0	2.645966514	0			0	0	0	5
TTCCCCAAATAGTCCGAATACGCCTTTTAA	956.8340553	0	1265.211063			0	0	0	425
TTCCCCTATATCTTATTTAAGGAGGCCCCC	0	0	0			20.81417625	576.7365528	0	23
TTCCCGGCTGCACTCAACTTTCTGTAATCT	75.30037341	39.68949772	31.63027656			60.36111111	37.53906557	0	1
TTCCCGGGATTCTCGTGGCGCCTACGCAAC	0	0	44.28238719			0	0	0	16
TTCCCGTCAAGCTTAGTCACGGGAAGGTGT	0	0	0			0	47.77699254	0	5
TTCCCTAATGTGTGTAGTTTCCATTATATA	0	0	0			0	13.6505693	0	161
TTCCGATATTGGTCTTCAGTGGGGGGATGG	0	0	0			0	13.6505693	0	157
TTCCGGAGTCCGTAACCATGGTAGGCTAGA	3.894846901	0	18.97816594			0	0	0	12
TTCCGGATACTTCATGACTTAAAAGTTCAT	0	0	18.97816594			0	0	0	9
TTCCGGCATTTAATGAAGTTCGGCTAAAAC	0	0	0			45.79118774	644.9893993	0	192
TTCCGGGTTAATGAGCGGGAGGTGCGTATT	0	0	0			0	1631.243031	0	1276
TTCCGTAAATAATTGTTTGTCTCCTTCTTC	0	2.645966514	6.326055313			0	6.825284649	0	17
TTCCGTATAAGTTTATTTGTATAAATGCGG	0	0	0			0	10.23792697	0	7
TTCCGTCTAAGGAGAGATTGCTATGTGAAC	0	0	0			0	3.412642324	0	1
TTCCGTTATTCGCGTCTACGGCGCTGAGTA	0	0	0			0	6.825284649	0	44
TTCCGTTCACTTTTGCAGCTATCCTAATAA	0	71.44109589	0			0	34.12642324	0	102
TTCCTAACTACAGTTAGGATCAGGGACCCG	6.491411501	0	0			0	0	0	1
TTCCTAATTGTTCTCAAATAGGCACAAGCT	0	0	0			0	3.412642324	0	9
TTCCTAGATGATCATCGGTGGGAAATCAAG	0	55.5652968	3.163027656			0	40.95170789	0	7
TTCCTCAGAAATGGCGGTGACAGTAAGTTA	0	0	0			0	3.412642324	0	1
TTCCTCATTCGTCGTATCTCGAGCGTGAAA	37.65018671	179.925723	0			0	0	0	55
TTCCTGTGAATTGAGAGGACGGGGTGGAAA	2.5965646	0	0			0	0	0	12
TTCCTTACTGCTGGCCCAAAAGTCGCCCGG	0	0	0			0	774.6698076	0	1159
TTCCTTGTTTTCGTTGTCTCCTATACGGCG	88.28319642	158.7579909	22.1411936			4.162835249	23.88849627	0	9
TTCCTTTGTACTTACCTGTGTATGGGCGTT	0	0	0			12.48850575	0	0	1
TTCGACGTAATGGATTTTCAAAGGTCCTAT	0	0	0			0	95.55398508	0	139
TTCGAGCCTGCGGTTTATGACTGAGTCGTG	0	0	0			0	54.60227719	0	2
TTCGATAATCAAGGGATTACGGCTGGGTAC	10.3862584	10.58386606	0			0	0	0	2
TTCGATATAGCTGATAGACTTGAAGTCGGC	0	0	0			768.0431034	0	0	457
TTCGATGGAAAAAAGGATAATTAGGACGCC	24.6673637	74.0870624	0			0	88.72870043	0	85
TTCGATGTACTGGCGGGGGGTGAGCGGTGG	0	0	0			2.081417625	3.412642324	0	3
TTCGCAGAACCGTATGTGTTAGGCGTCTGT	0	0	0			0	3.412642324	0	9
TTCGCATGTTGTGCGCGGCCCTTGCGAGAG	0	0	0			0	402.6917943	0	476
TTCGCCGATTGGGGCAACCCCAAAACAATA	42.84331591	95.25479452	50.6084425			0	64.84020416	0	30
TTCGCTAGAGAACGGGGGCGTTTTGCTTCT	0	7.937899543	0			0	0	0	4
TTCGCTGAATCTCTGTATAAGTGCAAGACT	0	0	0			0	225.2343934	0	835
TTCGCTTTATCCTCTGACGCGCTAGGCACC	0	153.4660578	41.11935953			0	0	0	6
TTCGGAACTTTACCTGTGATACAGCGCGAA	0	0	0			0	30.71378092	0	7
TTCGGACCTGGCGGAGCCCAGCCCTTTCGC	0	0	3.163027656			0	0	0	2
TTCGGCGTTGGGTATTTCGGATTAGTTTTT	10.3862584	0	41.11935953			0	13.6505693	0	48
TTCGGCTATGTAGGGGAATCGAGAGTACAT	0	0	0			143.6178161	10.23792697	0	292
TTCGGGGGTTGCAGAAAGGTCGTCAACGCA	0	0	0			0	3.412642324	0	4
TTCGGGGTTGTGTGGATGGGGGTACTCGAG	0	0	0			27.05842912	3.412642324	0	1
TTCGGTCGTCTGTAAGGGCTAATATGCGAT	0	0	0			0	3.412642324	0	1
TTCGGTGAAAGTCTTAGTTGTCGATCTGTG	0	0	0			616.0996169	2279.645073	0	56
TTCGGTGCAAGGGAGAGGGATTGAAGTTCC	0	0	0			0	51.18963486	0	14
TTCGGTGCTGTGGGGTCACATTCGCGCATC	0	0	0			0	13.6505693	0	6
TTCGGTTGTGGGGTCTGCTCTCAGTTGTAG	20.7725168	13.22983257	25.30422125			0	85.31605811	0	10
TTCGTAAATTAACGGGAATGACGGGGCTAC	0	0	0			0	3.412642324	0	1
TTCGTATAACGTGTTCCTGTAGTTTGCGTG	0	0	0			0	3.412642324	0	1
TTCGTCAAATATGCAAATGCCGGTAACAAG	0	0	0			412.1206897	85.31605811	0	436
TTCGTGAATGTGTGCTGGTCTAGATGCGAG	0	0	0			43.70977011	0	0	2
TTCGTGCGTGGTCGCTCTCACTCTGGCAGC	0	0	0			0	6.825284649	0	21
TTCGTGTATACGAACAACAGTGTTAGCTGT	0	0	0			0	58.01491951	0	616
TTCGTTCAAAGGATATTAGTAGTTGGTCTG	29.86049291	10.58386606	0			0	68.25284649	0	34
TTCGTTCTACCAATAGTTACGTGATAACCA	0	198.4474886	0			0	105.7919121	0	29
TTCGTTTTTCTTTTATGTTGAAATATTAGG	6.491411501	166.6958904	41.11935953			0	34.12642324	0	43
TTCTAAAAATAGCCCCGTTCAGCTGTCGCT	0	0	0			0	27.30113859	0	75
TTCTAAAATCATCCTTCTATAGAGCGTAAT	0	0	0			4.162835249	0	0	15
TTCTAATTACATAGCAGCGGGGGCTTGGCC	33.75533981	13.22983257	0			0	0	0	5
TTCTAATTTGCGGGCGAGTAAGCCGGTGGG	0	0	18.97816594			0	64.84020416	0	3
TTCTACCTTTTCTCAAGCAGACATGCATTA	246.673637	251.3668189	907.7889374			0	0	0	1025
TTCTACTTTATCGGGCCGTGCGCATGCATT	1228.175056	1031.926941	31.63027656			0	791.7330192	0	24
TTCTAGAGACGGGTGTAGTCTCACCCTACG	0	0	0			0	10.23792697	0	4
TTCTAGCATGTGATCCTATTAACAGTTTAA	0	0	0			14.56992337	0	0	6
TTCTAGTGTCGTTGAGTAATATGCCTGTTG	0	0	0			0	20.47585395	0	3
TTCTATATTGCTAGATAATCAGTTAATCGG	0	0	104.3799127			0	10.23792697	0	7
TTCTATATTTGAAGCCCCCGATATCATTCG	0	0	0			0	167.2194739	0	864
TTCTATCCAGAGAGTACTTGGTGCCCAGCT	0	13.22983257	126.5211063			0	34.12642324	0	10
TTCTATCTTAAATGGGTCGCATGAGGTTTA	0	68.79512938	75.91266376			0	34.12642324	0	657
TTCTATGAATGTGCTTGTGGTCGGGTTCGA	0	0	0			0	3.412642324	0	1
TTCTATGCTAGTTCGGCCCGCATTATCAGA	14.2811053	330.7458143	499.7583697			0	296.8998822	0	46
TTCTATTTATGATGTTTGGAGCCTATCACG	0	0	0			0	6.825284649	0	1
TTCTCCCTTCGACCCTGTTATTTCGGGGAT	0	0	0			0	58.01491951	0	1
TTCTCGCCACTGTTGATGGGTGCAGAACGA	0	0	0			1481.969349	8729.539066	0	2666
TTCTCGGGAATGATAAGAGTGGGTAGCGAA	389.4846901	1000.175342	91.72780204			0	798.5583039	0	572
TTCTCGTGTGCCGCGACGGTGAGCTTGCGT	0	0	0			2.081417625	3.412642324	0	1
TTCTCTAAACGCCCTTCGTACGTAGCTGAG	0	13.22983257	0			0	0	0	2
TTCTCTAATTTCCTGCAGCGTACGGTACGT	0	0	0			0	10.23792697	0	2
TTCTCTCCACTGTTGATGGGTTCAGAATGA	0	0	0			0	3.412642324	0	1
TTCTCTGGTTCTGTTTATGCAATGTTGGGG	0	0	0			20.81417625	235.4723204	0	264
TTCTCTTGTCAGAGGCACTCAGTGGTCTGT	0	0	0			0	40.95170789	0	173
TTCTGACTTCTGATTGAATTGTAATCATAT	45.43988051	10.58386606	22.1411936			12.48850575	6.825284649	0	6
TTCTGATATAACTAGGTCTCAGAGATCTGT	0	0	0			253.9329502	672.2905379	0	1662
TTCTGCCCCCCTCTTGTGTACTCGCTAGTT	0	0	0			0	3.412642324	0	1
TTCTGCCTAGTCGCAAGTGTCATCTGTACA	0	0	183.4556041			0	0	0	3
TTCTGCGGACGGCACTATCATTCGCCGTGG	77.89693801	0	0			0	0	0	38
TTCTGCTATGGCGGTTGAAATACTCTCTAT	0	0	0			0	283.2493129	0	163
TTCTGCTGTCAGCGACTCGCCGTCAATGGC	0	0	6.326055313			0	13.6505693	0	17
TTCTGGCTAGGGGCGGTAGGGGGACAGGTT	0	44.98143075	0			0	0	0	2
TTCTGGTATGTCTTCTTGCCTATTGAGCAC	0	0	0			0	37.53906557	0	17
TTCTGTACTGTTTCGTCGACGTTCGGTGAA	0	0	0			12.48850575	23.88849627	0	10
TTCTGTATTACCGGCTGGCGCTTGCTACTA	0	0	3.163027656			0	3.412642324	0	2
TTCTGTATTATAACGACAAGAGCCAAAGAC	0	0	0			0	3.412642324	0	3
TTCTGTCCATCTCTTGTGTACTCGCTAGTT	0	0	0			0	68.25284649	0	249
TTCTGTCGTGTTGAAATCCATACCTTGCGT	0	0	0			64.52394636	6.825284649	0	12
TTCTGTTATCAACAAAACTTGATGGGAGTC	5.193129201	13.22983257	22.1411936			0	0	0	3
TTCTTAACAGTGATGTCTATCCAAGCGCAG	0	0	0			0	109.2045544	0	65
TTCTTACATGGGGCCGGACGTTGGCACGAA	0	0	0			0	4258.977621	0	694
TTCTTAGGTCGTCGTAATCAGTGTCTTCAA	0	0	0			0	1849.65214	0	743
TTCTTATGTAGCTATCGCGCATTCAGAAGT	0	0	0			0	126.267766	0	21
TTCTTATTTTTTTATGTTTGTGTTTGTGCA	0	0	0			0	102.3792697	0	555
TTCTTCGTTGTTATTGTGTGACACAAACCT	0	0	0			0	3.412642324	0	63
TTCTTTAAACGCCGGGTAGTCATCGTTTCG	0	0	0			0	27.30113859	0	5
TTCTTTCTAACTTCAACCTATGTGGATTAC	0	0	0			0	6.825284649	0	4
TTCTTTGATCCTTTTCTTGGACCGGATCGT	0	0	31.63027656			0	0	0	351
TTCTTTGTAAGGATGGCTCGCGCGCTTAGA	0	0	0			0	10.23792697	0	4
TTGAAACCTCTGTCGTAGCACGAAAGTATG	0	0	0			0	6.825284649	0	2
TTGAAACTATTAAAAGGGGTCGTAGCGCAG	0	0	34.79330422			0	0	0	2037
TTGAAATTAGCGTATAACCCTACGACTTGC	0	0	0			0	17.06321162	0	66
TTGAACAAATATGATAGGGAGGGAGGATCG	0	0	0			0	17.06321162	0	1
TTGAACTTTCCGTATAAGTTGTTCTAGGCT	0	0	3.163027656			0	3.412642324	0	1
TTGAAGACAGCACGAAACAGGTGGAGTTCT	0	0	0			0	3.412642324	0	3
TTGAAGCTTTTACCGTACAAGAGAGAAGGG	0	0	0			0	6.825284649	0	134
TTGAAGGATGGGAACCTCTCATTAGAAATG	0	0	0			0	40.95170789	0	48
TTGAAGGGAACGTATGTAGGTTGAGACCTT	0	37.0435312	25.30422125			0	13.6505693	0	3
TTGAAGTTTTAGTTCCCGATATACATTTAG	0	0	3.163027656			0	0	0	5
TTGAATTATCGTGGCTGGACAACGCGGCGT	0	0	0			0	17.06321162	0	1
TTGAATTTTAAGAGTGTCTCGCTATATTAT	0	0	0			0	2228.455438	0	1232
TTGACAACTGTGTAGCTCCGGCGCTGGAGA	12.982823	44.98143075	25.30422125			0	54.60227719	0	352
TTGACATTAGCCGCCCGGGGTGAGATCTCG	0	0	0			0	112.6171967	0	82
TTGACCCTATTGGCTAGGGAGTTGCGCGGG	0	2.645966514	44.28238719			0	0	0	2
TTGACGGATGTGTAAATAAACACTTAAATT	12.982823	5.291933029	0			0	20.47585395	0	9
TTGACGTCTGGGCATTGAAAGGTCAATGTT	0	0	0			0	6.825284649	0	21
TTGACTAGTTCTGGGTCCATATAAGTGGCA	0	0	0			0	13.6505693	0	1
TTGACTCAAAGCAGACTTCGGCACAAAGCA	0	0	0			0	44.36435022	0	13
TTGACTCCTGTGTTTTCTTGTTTAAGACCT	0	0	0			14.56992337	136.505693	0	71
TTGACTCTTTGTGCCACTTTAATAGCGGTG	0	0	0			0	54.60227719	0	124
TTGACTGTTTCTAGAAACTGCCATAGAAAC	0	0	0			0	58.01491951	0	30
TTGACTTTTGGCTTCATGAAGAGCTGCAGG	0	0	0			0	20.47585395	0	1
TTGAGAGCACGGGGGCGGCCAAAGTGAGTG	0	105.8386606	0			0	133.0930506	0	1
TTGAGAGGACCCTCGGGGATAGATGGTCGA	0	23.81369863	0			0	71.66548881	0	62
TTGAGATGAGCCTTGGATCGGTTATGAACA	0	0	0			139.4549808	1208.075383	0	1893
TTGAGCAAAGATGATAGGGGCGCAGAGTAG	0	0	0			58.27969349	0	0	1535
TTGAGCATAGGCATGATCCAAACAGTAGTT	0	0	0			428.7720307	767.844523	0	4664
TTGAGCGTATGTGTCCGGCCTCTCTAGGGC	0	0	0			6.244252874	0	0	7
TTGAGCTCACATTGTACGACATTAAGATAA	1.2982823	0	6.326055313			0	23.88849627	0	53
TTGAGCTTTGAGAGCAGTTGGTTTTGCCTT	0	0	0			0	102.3792697	0	176
TTGAGGGCTGGTACGCCATTGCGAGGCCAG	0	0	0			0	10.23792697	0	3
TTGAGGGGTTTAGGAGATGACTTGGGGTTA	0	0	0			0	23.88849627	0	2
TTGAGGTGAGTGGGGTGCGCAGGGTGCATC	0	2.645966514	0			0	0	0	5
TTGAGGTGTCGGTGGGACGCGAGGTAAATT	0	0	0			6.244252874	0	0	136
TTGAGTAAAGGAATTGAGTGTAGGAATGAC	29.86049291	169.3418569	6.326055313			0	10.23792697	0	7
TTGAGTCAATCGCTTACACCCCTAGGTCAT	0	0	0			0	40.95170789	0	144
TTGAGTCCAGAAATAATAAGAAAGGGTTAT	0	0	0			0	3.412642324	0	5
TTGAGTCCTAGGGGACAGTGCTGTCATCGA	0	0	0			0	392.4538673	0	451
TTGAGTCGATTGTTTAGAACTGCTGAAGGA	0	0	12.65211063			0	78.49077346	0	61
TTGAGTGCACTGGGGGTCCGTTGTACTAAC	0	288.4103501	243.5531295			0	0	0	636
TTGAGTGGTGATTGCGAACTTGTTGATGGG	0	0	0			4.162835249	0	0	942
TTGAGTGTTCAGCCTATGTTTGGGATAGTA	0	0	12.65211063			0	0	0	67
TTGAGTTTATATAGGGTAGGTTTGTTACTT	0	0	0			47.87260536	3194.233216	0	1888
TTGATAAATCTTAACGGTTTTTATAGGTCT	338.8516804	259.3047184	34.79330422			10.40708812	129.6804083	0	359
TTGATAATAGCCTGGGGGTCTGGTGGTGCA	0	0	0			280.9913793	0	0	106
TTGATACCACATACTTAGGGTGTATGAAGA	0	0	0			0	78.49077346	0	1104
TTGATAGAATTGCGAGGGGTCCGACTTGGA	0	0	15.81513828			0	0	0	373
TTGATAGGTCCACCCGGGATTCTGGGATTG	0	0	0			29.13984674	0	0	187
TTGATAGTACTTGGGATGTGTAGAGCGGAC	0	121.7144597	211.922853			0	20.47585395	0	38
TTGATATATGCGCAAGAGAGAGAATACCAG	0	0	0			0	6.825284649	0	12
TTGATATCTAGAGTGCAGTATTCGTGTCGC	0	0	0			0	17.06321162	0	343
TTGATATTACGGTCTGGGATGCTCTCAATG	0	0	0			0	23.88849627	0	5
TTGATCGATTGGCAATCACTGTTTGTGGCC	0	0	0			0	10.23792697	0	20
TTGATCGTTCGCGAGAGTGTTTGGTCAATC	0	0	0			20.81417625	13.6505693	0	4
TTGATCTAAATTTATAGTGTAGTTTGCATG	6.491411501	58.21126332	3.163027656			0	95.55398508	0	117
TTGATCTCAGAGTGTGATTCGCAACTGGCA	0	0	0			0	30.71378092	0	434
TTGATGAAAGGGGCGCCTTGTAACGGTCTC	0	0	0			0	34.12642324	0	1
TTGATGACTGACGTAATTCAACCGGTCCTT	0	0	25.30422125			0	61.42756184	0	34
TTGATGACTTGAGCACTTCAAAACCAGTTG	0	0	0			0	17.06321162	0	1
TTGATGAGTTGGTTTAGGTAATTGGGTGTG	0	0	0			0	6.825284649	0	1
TTGATGTCTCGAGCGCGGCGCATCGCCCAA	0	0	0			0	34.12642324	0	14
TTGATGTGTTTTATTTGAGCAGTCGCCACG	0	0	0			0	75.07813113	0	207
TTGATTATTAGTTTTTAAATGCTGTGAGGT	192.1457804	661.4916286	328.9548763			0	1078.394974	0	898
TTGATTATTAGTTTTTTAAATGCTGTGAGG	0	0	0			0	6.825284649	0	2
TTGCAAGCTCATTGGTCTAGCGTGGGACTT	53.22957431	52.91933029	0			0	549.4354142	0	395
TTGCAATATGAGCTATGGAGTTAGCGTGGT	0	0	0			0	13.6505693	0	18
TTGCACCAATTGGTTTTGGAAGATTCATTT	1.2982823	15.87579909	2682.247453			72.84961686	0	0	1021
TTGCACCATAAGCTGGTTGTTCTTTCGTAC	0	0	0			10.40708812	0	0	9
TTGCACCTTTTTAGAAGGGCGCCGTATGAA	0	0	0			0	88.72870043	0	6
TTGCAGCGTATGTAGGTCCCACACAGCACC	0	5.291933029	0			0	6.825284649	0	7
TTGCAGGAAGAGGACGGATGGGGTACCACG	0	0	0			62.44252874	389.041225	0	29
TTGCAGGTTCTCTAGGCGTCCGGTTGTTGT	0	0	0			0	10.23792697	0	49
TTGCAGTTACATGTGGTGTCGGGCGACCGT	63.61583271	0	47.44541485			0	30.71378092	0	4
TTGCAGTTAGGGATTATTATATTTGATAGA	0	2.645966514	0			0	6.825284649	0	2
TTGCATATAGAGTATTAAGCGGATCCTTCT	0	23.81369863	0			97.82662835	6364.577935	0	1721
TTGCATCGTATCGTTGCGCATTCGGACATC	0	0	0			0	27.30113859	0	1
TTGCATTTAAGGTGTCGGGGATCGTTGGGG	38.94846901	21.16773212	148.6622999			0	40.95170789	0	170
TTGCCAACATTGGGGACATCAAATGTCCAC	0	0	0			0	10.23792697	0	10
TTGCCACGACGCGAACTTCTTGTGAACGGG	0	0	0			8.325670498	0	0	55
TTGCCCGTTGAGGTTTGGCCAGTTGGGAAT	0	0	0			0	68.25284649	0	11
TTGCCGGCTCGACGATTGTGTTATTAGCAA	0	0	0			0	6.825284649	0	34
TTGCCGTATCAGTAACGGGGGACAGACAGC	0	0	0			0	68.25284649	0	1492
TTGCCGTTTTATGCTAATGATACTTGTATA	0	0	79.07569141			0	0	0	73
TTGCCTGTTTAAGATCATGTTCAGATCTGG	0	0	0			0	3.412642324	0	2
TTGCCTTAAGAGGGCGGATAAGGTGGGGCT	0	0	0			2.081417625	3.412642324	0	38
TTGCGAGCATACTCTTTATGAGAGTACAAG	0	0	0			0	20.47585395	0	1
TTGCGATATTCTTGGGGAAGCTTGGAGGTA	46.73816281	203.7394216	120.1950509			0	116.029839	0	59
TTGCGCACAGTCGTGGTGTCTGAAGCGTGG	0	0	0			24.97701149	0	0	1
TTGCGCCGATAAGAGGGGACCCGTTGAGCT	0	0	0			0	170.6321162	0	1191
TTGCGCGCAGTCGGAAATTTTAGACGCACA	0	0	0			0	6.825284649	0	1
TTGCGCTAATATGACATAAGGTAGCAGGTC	0	0	0			0	3.412642324	0	5
TTGCGCTATAGAGTTGGAGTGGGTAGTCCA	0	0	3.163027656			0	0	0	7
TTGCGCTCACTTTACCTCGATCACCTAATT	0	0	3.163027656			0	0	0	1
TTGCGCTTTGGCCGTTATTCGGGAAGTAGC	0	0	0			0	3.412642324	0	1
TTGCGGAATTGCGCCAAAAGAGGGGGCCTT	0	0	0			0	6.825284649	0	1
TTGCGGAGTCTATCCCAAGATTTTTGGGCT	0	0	0			0	440.2308598	0	381
TTGCGGCGAATCACACTGGTTGTGCGTCGT	0	0	0			0	10.23792697	0	19
TTGCGGGTTGCGAGTTCACTAAAAGCTTGC	0	0	0			0	6.825284649	0	44
TTGCGGTATCCAATATAATTAAGTGGACAC	0	0	12.65211063			0	23.88849627	0	193
TTGCGTAGTTGGCCCTAGCACGCCTATCAC	0	0	0			147.7806513	0	0	47
TTGCGTGTAATAAACAGTGGCTGAGGAGCA	0	0	0			0	13.6505693	0	6
TTGCGTTTAAAAAGAACTAAGTGAAGCCTC	0	0	0			2.081417625	88.72870043	0	33
TTGCTAGTACAAGAGTCGGTAAGTTGAAAT	0	134.9442922	44.28238719			0	0	0	10
TTGCTATTTATAAGCGACACGTCTGCAAGG	15.5793876	18.5217656	0			0	0	0	1
TTGCTCGTAATCGTGTGACAGTTAGTATGA	15.5793876	31.75159817	18.97816594			0	13.6505693	0	11
TTGCTGGGATAATTATCTCGGGTTTCTATT	0	0	0			0	23.88849627	0	3
TTGCTTAATATTGCGCGAGCACTCGTCTAG	0	0	0			118.6408046	0	0	34
TTGCTTATTAGATTAGAATGGTCCTGAGGC	0	0	9.489082969			31.22126437	3.412642324	0	2
TTGCTTCAAAAGGCTCCGTGGTTGTTTGAA	0	0	0			0	5538.718492	0	2677
TTGCTTCATACGCTGGTATGGCGTGGTAAC	0	0	50.6084425			0	0	0	46
TTGCTTGCTGTTTTTATATTAAAGGCACGT	0	0	9.489082969			0	0	0	4
TTGCTTGTAAGGTACAGGGTGGGGTATGGT	0	0	0			0	20.47585395	0	354
TTGCTTGTATTAGACGACCGATAGTAATGA	0	0	9.489082969			0	129.6804083	0	4
TTGCTTTTAAGGCGAATTGTTGGTAGATCA	1.2982823	7.937899543	0			0	0	0	1
TTGGACACTTTACAACAAGCTGACTTGGGA	0	0	0			2.081417625	0	0	36
TTGGACGCTTGAGACCAGCCCGAGGGGGCG	0	0	0			464.1561303	0	0	713
TTGGAGTAAAGAAATGGTCCTAGAGGAGGT	0	0	6.326055313			0	0	0	7
TTGGAGTATGTATCTACGTCTGAGTGCGCG	9.087976102	0	22.1411936			0	3.412642324	0	10
TTGGAGTTTATGACGGGTACAAGAGTACGG	0	603.2803653	300.4876274			397.5507663	699.5916765	0	710
TTGGATAGATAGACTAGTGCCACCCCAACC	0	0	0			2.081417625	0	0	1
TTGGATAGTTGCGGCGTCAACGAAGAAGAT	0	0	0			0	23.88849627	0	23
TTGGATGTAATGATAAATGAGGTTCTTTCA	0	13.22983257	0			0	0	0	2
TTGGCATGTGGTAAGCTTAGGGCAGACACG	0	26.45966514	0			0	0	0	5
TTGGCCGTATCTTCCACACCAAGGCTTGTG	14.2811053	365.143379	0			0	143.3309776	0	10
TTGGCGCATGTTGACGTCGAGCGAAGGTTG	0	0	0			0	10.23792697	0	1
TTGGCGGTTCACGCCACGGGTGGAGTTATA	28.5622106	0	9.489082969			0	6.825284649	0	11
TTGGCGTTATGTGTTAATCTATGCGAATTG	0	0	12.65211063			0	54.60227719	0	77
TTGGCGTTTGGGTATATTTTGGCCCGCAGA	0	0	0			0	211.5838241	0	66
TTGGCTCGATTTTCGATTATAATGGCGGTG	0	0	0			0	30.71378092	0	1
TTGGCTCTAAAAAAAGTGTCCGTTGGCGCA	0	0	0			0	395.8665096	0	132
TTGGCTTCTTTGTGTGATAAATAGCAACCC	0	0	0			0	61.42756184	0	3
TTGGCTTTTCACTACGAGTGTCACAGACTG	0	0	0			6.244252874	0	0	2
TTGGCTTTTCTGCCTTATCCATGATTAGTC	0	2.645966514	0			0	0	0	6
TTGGGAAATATCAGAGCTTCATTGGATTGA	0	0	0			0	3.412642324	0	143
TTGGGAACACGGGGAGAACCCAATCAAAGT	0	0	0			0	47.77699254	0	147
TTGGGAAGTGCGGTAGTTGAGTACTCTATA	0	0	37.95633188			0	109.2045544	0	116
TTGGGAGAACCCCGGTCCGAGTGTGTAGTA	0	0	6.326055313			0	0	0	39
TTGGGAGATCGGTAGTTAGTGAGTGCGCGT	0	0	0			22.89559387	68.25284649	0	42
TTGGGAGCAGAATCTCTACATTGCCCGGTT	11.6845407	0	6.326055313			0	0	0	4
TTGGGAGGACAAATCTTGGGCAACGAAGTT	0	0	0			0	3.412642324	0	2
TTGGGAGGAGACGTAAGATCCATATATTCT	0	0	0			143.6178161	0	0	1730
TTGGGCGCTGAGTGCGCCCTAAAAAAGGAA	0	0	0			6.244252874	0	0	4
TTGGGCGCTGGTTCGCGTAGAGGCGCACGA	0	0	0			0	348.0895171	0	34
TTGGGGAATTGAGAAGGATGCGGTGTGGTG	0	0	0			0	20.47585395	0	12
TTGGGGAGTAGCCTCGCGTGCTTAGCTTAC	0	0	0			0	3.412642324	0	1
TTGGGGGCATTAGCCTTCATGGCAGTTAGC	0	0	0			2.081417625	0	0	3
TTGGGGGTACGCGGATAGTGGTGGCCCCGT	0	0	0			0	10.23792697	0	91
TTGGGGTAAAGGAACGTAGCTGCGACTGAC	0	10.58386606	0			0	0	0	1
TTGGGGTATCATGTCGCTCCTCGTCATGAG	0	18.5217656	0			0	0	0	2
TTGGGGTATGCTGGCAGGTGGGTCTGCCAG	0	0	0			0	10.23792697	0	17
TTGGGGTTAGCGTATAGGGGTCGCCGCGTG	0	0	0			0	20.47585395	0	26
TTGGGGTTTATTAGTATTGCAAGCGTTTGG	22.0707991	10.58386606	0			0	0	0	2
TTGGGTACTTTGGATCGACACGGGCTGGTT	0	0	0			12.48850575	37.53906557	0	343
TTGGGTAGTAAGTCGTCTAGAGCAGCCTGT	11.6845407	0	0			0	0	0	19
TTGGGTCATTTTTTAATTAGAGGCAGGTAC	45.43988051	0	50.6084425			0	75.07813113	0	21
TTGGGTCTTAGTTTTATTGCGGTGGGCCCT	0	0	0			0	30.71378092	0	1
TTGGGTGAACCATGGTGAGCCAAGCTAATT	0	0	0			0	44.36435022	0	99
TTGGGTGGTCGGCCCGGTTGGGTCGTCTTA	0	0	0			0	13.6505693	0	1
TTGGGTTGTCCTGGCGGTAGGAAGTAGGTG	0	0	0			16.651341	426.5802905	0	15
TTGGTAACAATGGTAGGGGGTTGTGACGGG	0	0	0			0	10.23792697	0	11
TTGGTAATAGTTCGGGGTTCATGGAGTGCG	0	0	0			0	98.9666274	0	52
TTGGTACGTAGTTTGCAAGCTTCAATTCTA	0	0	0			6.244252874	0	0	4
TTGGTAGGACTGAGTTTAGTCTTATGGGCA	0	0	0			0	214.9964664	0	213
TTGGTAGGATTTGTTTCACGCTGCGGGGGA	0	7.937899543	0			0	0	0	3
TTGGTAGTACGGGCAAACTGGTCTTAAGGC	0	0	594.6491994			6.244252874	167.2194739	0	217
TTGGTAGTAGTGGGGAGTTGAGCGGGCCAC	0	5.291933029	0			0	44.36435022	0	1
TTGGTATTTGGGATCGGAGACCGATGCGTT	0	0	72.7496361			0	0	0	1
TTGGTCGGTGTCTTGTGCCAAGGATCATGT	0	52.91933029	0			0	0	0	3
TTGGTCTGATCTCGGTAGATTAAGGGGATA	0	0	0			755.5545977	3047.489596	0	1295
TTGGTCTGTGAAGTGTAGGAGGAAAGAAGA	0	0	0			0	54.60227719	0	2
TTGGTGATTCGCTGAGGTCCTAAGAGGCAT	16.8776699	26.45966514	0			0	3.412642324	0	4
TTGGTGCAAGGGGGAGGTCTGTAGATCCTA	0	0	0			387.1436782	191.1079702	0	68
TTGGTGCGTTAAGGTCCGGAGTGAAAACTC	0	0	28.46724891			0	0	0	112
TTGGTGTAATGGCACTAGAGATGGGTCGGG	0	2.645966514	0			0	0	0	545
TTGGTGTATTAGAAGCGACACATTCCGGAG	0	0	0			0	6.825284649	0	4
TTGGTTAAAACCGAGGGGGCCTAGTAAAGA	0	0	0			16.651341	71.66548881	0	85
TTGGTTAATTCGCGGCACACCGGCTAGTGT	0	0	0			0	102.3792697	0	3
TTGGTTAGTGATGGCGTTTTAATGTATCGA	0	0	0			0	341.2642324	0	800
TTGGTTATAGTTTTCCCGTGCTAATAGACT	0	0	0			0	20.47585395	0	14
TTGGTTCTTGAGGGGTGAGGCTCGGTGTTT	0	0	0			0	81.90341578	0	166
TTGGTTCTTGTCGGTTAGACTTCGCACGCT	0	0	0			0	10.23792697	0	53
TTGGTTTTACGTATGGCGCGAGTATAGGAT	0	0	0			0	23.88849627	0	24
TTGGTTTTAGGTCATGTCGCGTTTCGCGTT	0	0	0			0	44.36435022	0	181
TTGGTTTTTTATACCATAGGTATATACGGG	0	0	0			0	13.6505693	0	3
TTGTAATGACGAAGGCCGCGGACCTTGTTC	0	0	0			0	54.60227719	0	93
TTGTAATGTGGCGGTAGCACAGAAATGACG	0	0	0			0	78.49077346	0	1
TTGTACCTTATTCGAGACGCTCGCGACGTT	0	0	0			0	27.30113859	0	382
TTGTACTATAAATGATCTGCGAAGGTTTAG	0	0	0			0	17.06321162	0	17
TTGTACTGTGTTTCTTGGGTTGTGGTCAAA	0	0	0			0	10.23792697	0	6
TTGTAGGCAAATGGCATTTCATCCCCACTA	207.725168	616.5101979	151.8253275			0	170.6321162	0	176
TTGTAGGGACGAACGCGTGCAAGGAGATAG	0	0	0			8.325670498	0	0	267
TTGTAGGGATAAGCCAAATATTACCTCTAT	0	0	0			0	129.6804083	0	201
TTGTAGTTAGAGGATTTAGGAGACTTGAGG	0	473.6280061	34.79330422			0	0	0	8
TTGTATAATGCGTGGCAAAAGAGCACGGAG	0	0	0			0	153.5689046	0	2
TTGTATATTATAGTACGAGGTGTCTAGGAA	0	0	0			0	245.7102473	0	604
TTGTATCTTTGTATTATGTTACACTGTGCG	0	0	53.77147016			0	119.4424814	0	59
TTGTATGGTACCGCAGGGGATGTGAAGGCT	0	0	0			0	20.47585395	0	16
TTGTATTGTTTAATGGATAGTGGTTGCCTA	0	0	6.326055313			0	0	0	1
TTGTCAGTAGTTCACCCATAATGGGCAAGG	0	0	0			0	47.77699254	0	4
TTGTCATATTTCTCTTCGGGGTGTCGTGGA	0	0	0			0	20.47585395	0	2
TTGTCATCAGGATTACGGATATTCTGTTCA	0	0	0			0	3.412642324	0	1
TTGTCCGAATCTAACCTATAGAAGGACCTA	0	0	0			91.58237548	150.1562623	0	141
TTGTCCGCAATAGTGTGGGGGTGTGTACGG	0	0	0			60.36111111	0	0	152
TTGTCCGGAGTAGCCTGGTTAGGCTTAGGG	0	0	0			0	20.47585395	0	16
TTGTCGAGTCGAAGGCAATGTAGTCTAGGC	0	0	0			64.52394636	44.36435022	0	3
TTGTCGATTGGTCCGAACAAGCTGTGCGGA	0	0	0			0	27.30113859	0	65
TTGTCGTCATGGTTTTCAGGCGTACGCGAT	3.894846901	34.39756469	31.63027656			0	0	0	28
TTGTCGTTAAACGCGCGACCTGAGTGAGAA	0	0	0			0	13.6505693	0	14
TTGTCGTTTCAGGTTGCTACCCTGGCGGGT	0	0	0			0	10.23792697	0	1
TTGTCGTTTTGTGACGCATCTTGCTCCTGT	0	0	12.65211063			0	0	0	26
TTGTCTCATCGAATGTAAAATATCCGACCG	0	0	0			0	3.412642324	0	4
TTGTCTGGTAGCGGTTCGGAAGTTTGGCGG	0	0	0			0	61.42756184	0	6
TTGTCTTCTCCTTGAACTTTCAAAGGAAGT	0	0	0			0	30.71378092	0	68
TTGTGAAATGGTACATGGTCGTAGCGAGCA	0	0	0			0	10.23792697	0	1
TTGTGAATATAGCGGTAGGACTCTGATACT	0	0	0			0	3.412642324	0	6
TTGTGACTTGGAGAATGTGATCAACTGCGA	0	0	0			0	10.23792697	0	20
TTGTGATAAAAGTTACTTACAATTCGCCGG	0	0	0			0	17.06321162	0	7
TTGTGATAAGTTTAACGTGATAACCTGATT	48.03644511	0	635.768559			0	1150.060463	0	4152
TTGTGATATATGGTAACCACAGTGTGATAG	0	0	0			0	6.825284649	0	10
TTGTGCCTAAGATCGTTGGCTGGAAGAGTG	0	0	0			10.40708812	88.72870043	0	831
TTGTGCCTACGGTGGGGTGTGATGATAGGC	0	0	0			0	187.6953278	0	105
TTGTGCTGTTGAATTTCGTATGATGGTTCG	0	0	0			0	641.576757	0	8
TTGTGCTTTATGCCAATCGTATGATAGTGG	0	0	0			0	10.23792697	0	23
TTGTGGCATCCTGTGTAGGGTACGGATGCA	0	0	0			0	51.18963486	0	659
TTGTGGTGATGTGACTTTGAAGGGGGGCGG	0	0	0			0	102.3792697	0	11
TTGTGTAATGGGCCTGAGCTGTTGGTGACT	0	0	0			0	655.2273263	0	1226
TTGTGTATTTGACAAATTTAATACAGAATC	0	2.645966514	0			0	0	0	109
TTGTGTCCAGCTGTCGTGAGGATATCGGAG	0	0	0			0	3.412642324	0	1
TTGTGTTATGTTCGGGATTGTTTAGTAATG	0	0	0			0	58.01491951	0	58
TTGTTAAGTCTTTGATAATTTGAGTACCTG	0	0	0			0	10.23792697	0	26
TTGTTAATTCAGGGTTGCGTTCATCCGGTG	0	0	0			4.162835249	13.6505693	0	4
TTGTTACTTGCTGGTACGTCACGGAATTGC	0	13.22983257	0			0	368.565371	0	27
TTGTTAGATACGGTTGCCGTGAACGCCCCT	0	0	0			0	10.23792697	0	4
TTGTTATCTAGCCTACGTTCCTAAGTATGA	0	0	9.489082969			0	0	0	29
TTGTTATTTGCTTTGTTTTTCTCAATCAGA	0	0	3.163027656			12.48850575	27.30113859	0	1
TTGTTATTTGGTAAGTTCGCCACACCTTTC	0	0	0			0	3.412642324	0	1
TTGTTATTTGGTAGGAGCGTAATTGCCTGC	0	5.291933029	0			0	98.9666274	0	33
TTGTTCAGTATTTAGGAACTCTGTGGGCCG	0	0	0			0	20.47585395	0	279
TTGTTCGCACGGGAAGAACTTGTTTGTTTT	0	0	0			0	27.30113859	0	354
TTGTTCGTTAGAGGTATACTTCGCGAGCCT	0	0	0			0	44.36435022	0	10
TTGTTCTTAACTTTTCCGTCTACTGTGTAT	0	0	0			0	13.6505693	0	13
TTGTTGACATTAGAACAAGGGTTGTGAACA	5.193129201	0	41.11935953			0	0	0	4
TTGTTGGTATGGATCTAGCTCTCGGTTAGC	0	0	15.81513828			0	0	0	25
TTGTTGTTTATACATGAGAAGTAATTACCG	0	0	0			0	47.77699254	0	10
TTGTTTAAAAAGGCTCGATAAGTTCAATCA	0	0	0			0	34.12642324	0	4
TTGTTTACTTCTAGGGTGCGGCTTGCGGTG	0	0	0			8.325670498	40.95170789	0	15
TTGTTTAGTAATTATTTTGCAGTGGACGGC	0	0	0			0	17.06321162	0	204
TTGTTTCATAGTCCCCGCATGTATGTGACC	0	0	0			4.162835249	262.773459	0	17
TTGTTTGATGGGGGAGCTCGGTAGTCACTC	0	0	3.163027656			0	0	0	1
TTGTTTGTAGTAGAACAGGCTTCAGCGCGA	0	0	0			0	44.36435022	0	10
TTGTTTGTTTACTTAGTACAGGATGCCTTA	105.1608663	95.25479452	993.1906841			0	214.9964664	0	706
TTGTTTTATTCTTTGCAATGCAGGACTTAT	0	0	0			22.89559387	153.5689046	0	220
TTGTTTTCAGGCTTGCGAAAGATCAGGTAG	5.193129201	5.291933029	0			0	27.30113859	0	64
TTTAAAACATCTTCTACGAATATGGTCGTT	0	5.291933029	0			0	10.23792697	0	23
TTTAAAATATTGGTGGTTGATGTTACTGAA	0	0	0			0	3.412642324	0	1
TTTAAATATTTCTTTGCGAGCATTGCTTCG	16.8776699	0	15.81513828			0	6.825284649	0	16
TTTAACAATGTAGCTCATATAGTTTACTAT	0	0	0			0	3.412642324	0	20
TTTAACGGTATAACAAGTCTTGAGCAGTTT	0	0	0			0	47.77699254	0	298
TTTAACTATACACATGGACAAGTTCATGGT	0	0	0			0	6.825284649	0	27
TTTAACTGTTGTTGTCCATAATTGTGCTGT	0	0	85.40174672			0	0	0	37
TTTAAGAATTTCGAGTAAAGTAATGCAGGA	0	0	0			0	167.2194739	0	36
TTTAAGCAATGTTTGCATTTCATAGTCAGC	0	0	736.985444			0	0	0	2400
TTTAAGCAATGTTTGCATTTTCATAGTCAG	0	0	3.163027656			0	0	0	1
TTTAAGCATAGCCAGGACTACTACATAGCA	0	0	0			0	40.95170789	0	569
TTTAAGGCAGTTGAGCCAGCGTCTTGGTGC	0	0	0			0	10.23792697	0	9
TTTAAGGTTATCATCGCGAGTGTGGAGATT	0	0	0			0	6.825284649	0	68
TTTAAGTGTGTTGATGCGCACTTGACGCTA	0	0	0			0	378.803298	0	281
TTTAAGTTTGCAAGTCTTACTGCCACCACA	0	0	0			0	13.6505693	0	4
TTTAATAATTTCATACGACGCAATTGCGCT	0	0	0			0	23.88849627	0	55
TTTAATCGATAAGGTTAGCGTCAGGGTGAA	0	0	0			35.38409962	682.5284649	0	90
TTTAATGAAGGTCGCTTTCGTTAATCTCAA	0	0	0			18.73275862	170.6321162	0	26
TTTAATGCTTGTCTGTCGTTTCAACTGTTC	0	0	0			64.52394636	0	0	1163
TTTAATTTACGAATGTTAGTTACTTGTGTT	0	0	3.163027656			0	0	0	21
TTTACACGAAGAGTGCTTCATGCTGGACTA	0	0	0			0	37.53906557	0	4
TTTACACGTCATGGCTTGAAAAAGAACTTT	0	0	0			0	10.23792697	0	1
TTTACACTTATTGGGACATTGGCCTCAGAA	0	0	0			0	3.412642324	0	7
TTTACATTACAATGGGAACAACGTTTGCCG	9.087976102	0	25.30422125			0	0	0	628
TTTACCTGTCAAATCGCTGACGGCTGCCCG	0	0	0			0	51.18963486	0	20
TTTACGATAAATGCTTTTTGGTTAAGCGTG	0	0	0			4.162835249	0	0	5
TTTACGGCTCTTTGGTCATATGCGACGAGG	0	2.645966514	0			0	0	0	1
TTTACGTGTTTGTAGGTTTTGGCCTTGCGA	0	0	0			18.73275862	0	0	3
TTTACGTTAGGCACAGTAGAGTATGTCGAA	0	10.58386606	22.1411936			0	64.84020416	0	73
TTTACTGAACCCATTTGTATAGCCCGGGTG	0	0	0			14.56992337	17.06321162	0	25
TTTAGACTATTTAGGTAGGATCTTGCTTAT	0	0	0			0	2081.711818	0	313
TTTAGATAGAAGAAAGGAGTGCATAGCCCT	0	0	0			43.70977011	81.90341578	0	5
TTTAGATATAAATTGGCCATGTGAGGTGAC	0	0	25.30422125			0	0	0	139
TTTAGCAATACGTGCCGCTGCCTAGGCATT	0	0	0			0	64.84020416	0	241
TTTAGCCATAACCGGGGACGAGTTTGAACT	0	0	0			87.41954023	0	0	81
TTTAGCCGAGGGCTGTAATAGGCGGGATAA	0	7.937899543	0			0	0	0	134
TTTAGCGAATGTTGTTCATCTTCGGTGTGT	0	0	0			0	17.06321162	0	1
TTTAGCGCTGGTTTGTCTCTTAAATATAGA	1.2982823	0	0			0	0	0	1
TTTAGCGTACTAAATTCTCAGAGTAGTCCT	0	0	0			0	17.06321162	0	13
TTTAGGCAACATTTTAGATGGCCGCCCAAA	0	0	0			0	1279.740872	0	334
TTTAGGCGAACAAGGGCTTCCAGAGGCAGG	0	0	0			31.22126437	136.505693	0	273
TTTAGGCTTGCCCGAGTGCCACTAAAGACC	0	0	0			0	556.2606989	0	1016
TTTAGGTAATACAAGTGTTCTGTCGTTATT	0	0	0			93.6637931	249.1228897	0	135
TTTAGGTCTTCCGGGAGCAAGAGTAGGTTG	0	0	0			16.651341	40.95170789	0	35
TTTAGGTTACGTTCCCCTTAGAGGCCTCGC	0	0	0			0	6.825284649	0	10
TTTAGTAAATAGTCGCGCGTCGTATTTAGA	0	0	0			27.05842912	0	0	175
TTTAGTTCAAGTGGTCAATTGCGCCGTTGA	0	0	0			72.84961686	754.1939537	0	37
TTTAGTTCATTTGCTTTTTAGTGTTCGGAA	0	0	12.65211063			0	409.5170789	0	124
TTTAGTTGTATATTCCACGGATAAGGCCAA	0	0	0			0	27.30113859	0	1
TTTAGTTTTTATATTTTCCTGAATCGTGCA	0	0	0			0	3.412642324	0	1
TTTATAAAATTGTGGCTAGCCCGCGTAGTA	0	0	50.6084425			0	0	0	1415
TTTATAATTAAATAATCATCAGAAAGTTAT	0	0	0			4.162835249	0	0	1
TTTATACGAGTCTACTTGAGCTTCGCTTAC	0	44.98143075	0			0	10.23792697	0	1
TTTATATATAGGTTCTTAAAATTGTAATAA	0	0	0			0	180.8700432	0	77
TTTATCGGTCCGCCTCAGCTAGAGGAACGA	0	0	0			14.56992337	6.825284649	0	17
TTTATCGGTGTTATAAATTCCGTGGTGGAG	0	0	6.326055313			0	0	0	1
TTTATCTTTAGGGCGGTTGGTCAAACGGGG	0	0	0			0	6.825284649	0	4
TTTATGATTGGCTTAAAAGGTGGAGGAGAT	0	0	0			14.56992337	27.30113859	0	203
TTTATGGTATGATGGCCCTATGCTAGCCGG	0	0	0			0	40.95170789	0	62
TTTATGTGTGAGTATGGGGTTAAGATGTGG	0	0	3.163027656			0	44.36435022	0	1
TTTATTATCAGCTTTTCCCTGCTGTGAGGT	0	2.645966514	0			0	0	0	1
TTTATTCGAGTGTATGTTAGTGTCAAGTGA	0	0	0			0	17.06321162	0	48
TTTATTGGTTGTGAACGTCGTTGAATGCCC	0	23.81369863	69.58660844			0	0	0	17
TTTATTGTAGATGCCGGTGCGAAGGGTACG	0	0	18.97816594			0	0	0	28
TTTATTGTTTCTGCATATTTTAAGGGTAGA	0	0	0			22.89559387	0	0	2
TTTCAAAAAACGGTAGTGTGAAATCCGCTT	0	0	0			0	81.90341578	0	44
TTTCAAACTATCCATATACTATCTTTATAG	90.87976102	0	452.3129549			33.30268199	27.30113859	0	30
TTTCAAGTATGGTTAAGGACCCTCAGAGGG	0	0	0			62.44252874	0	0	88
TTTCACCACTCGGTTTTGGAAGATTCCTTT	0	0	3.163027656			0	0	0	1
TTTCACCCTCTCGGCGATTGGTTTGCACGT	0	0	0			0	20.47585395	0	2
TTTCACCGTACTGAGAATCGGTATTGCATG	0	0	0			16.651341	0	0	638
TTTCACTGACATGATAAGGTCGCTTACAAC	0	0	25.30422125			0	0	0	727
TTTCAGAATACGAGGGTAGTCCTGCTGACT	0	0	0			0	3.412642324	0	77
TTTCAGATTCCAACGAATGGTGTCGTCAGG	0	0	0			85.33812261	477.7699254	0	3
TTTCAGCATTTTCTAACAATTTGTGGGTAT	0	0	0			0	675.7031802	0	808
TTTCAGGATGCAGGGTTGCGCGTTCTTCAT	0	0	0			158.1877395	679.1158225	0	229
TTTCATCCAAACCTAGATGGAAATCGGAGC	0	0	0			0	3.412642324	0	25
TTTCATGCTCTACGTGATTCCTTCCGGAAC	0	0	0			0	64.84020416	0	28
TTTCATGTAGGATTGTTACGTTTTTTGGTT	0	0	0			0	426.5802905	0	24
TTTCATTTATCTAAGTTACCAGTTCGTGAC	0	0	0			0	13.6505693	0	3
TTTCCAGCTCTCCTGTCGCAGACGGGTGCC	0	0	0			0	81.90341578	0	243
TTTCCATTAGGGTAAGACAGATGTGCGTCC	0	0	0			56.19827586	0	0	1
TTTCCCCTTTCACACAGCTATGTGGTCGAA	0	0	0			33.30268199	126.267766	0	3
TTTCCGCCTCTCCTATATATACATCCATGC	1.2982823	0	0			0	0	0	1
TTTCCGCGACTGAGCATTACCTAAGGGGCC	0	0	0			0	6.825284649	0	6
TTTCCGCTTCTCTTATATATAAATACATGC	486.8558626	1627.269406	436.4978166			0	0	0	57
TTTCCTGAACGCTGCGCACCAGAGTACTTA	0	0	113.8689956			0	0	0	551
TTTCCTGGACTTACTATACGGGTTTCTCCT	0	0	0			0	17.06321162	0	1
TTTCGACATGTGGCGGTGTAAGAGGCCCAA	0	0	0			0	6.825284649	0	2
TTTCGACTACGTGCCACCTGAAAACTCAAT	0	0	0			0	3.412642324	0	2
TTTCGATAATGGGGCCATAGTGGGTGCATC	0	0	0			0	6.825284649	0	3
TTTCGCCATCTAAATTCAAATCCCGTGCCA	0	0	0			0	6.825284649	0	1
TTTCGCCTAATGAATAATACTATGAGTGGA	0	0	0			0	10.23792697	0	2
TTTCGGACTCAAGGCTCGGCCTGCGCTGTG	0	0	0			1051.1159	10.23792697	0	161
TTTCGGAGTGTTTGACGCTCGCGTGCTCCA	0	0	0			0	395.8665096	0	24
TTTCGGGAAGTACGGATGGGCTTCGACAAG	0	0	0			0	6.825284649	0	6
TTTCGGGGTTATAAGGAGGCAGTGGACAAG	0	0	0			0	235.4723204	0	429
TTTCGGGTTTAACCTGTCCTCAGGGATTTT	0	0	0			16.651341	0	0	357
TTTCGGGTTTTTAATGTGATGGAATATAGT	0	0	0			0	129.6804083	0	293
TTTCGTACTAATTGTATGGTTGTTCGTAGG	0	0	0			0	51.18963486	0	9
TTTCGTATTGGTATTCATAGTGTAAATACT	0	0	0			0	341.2642324	0	332
TTTCGTCTTGGGAATTTTAAAGTTGTTTAG	562.156236	2190.860274	534.5516739			0	0	0	30
TTTCGTTAAAGACGCTGCGCTCGGCGAGTG	0	0	0			0	23.88849627	0	1
TTTCGTTGATCTTTATATCAATGGAAGTTA	0	0	0			0	3.412642324	0	11
TTTCTCGCAAGCTGATCGCCAGGTTTCCGA	0	29.10563166	6.326055313			0	13.6505693	0	12
TTTCTCGGTTTGCAAGTGTGAAGCTACGGC	0	0	0			77.01245211	3.412642324	0	12
TTTCTGCGTTGACGGATATGAATCCAAGCG	0	0	37.95633188			0	3.412642324	0	9
TTTCTGGTATCAGAAGTCATCAGCGCTTGG	0	0	0			0	17.06321162	0	2
TTTCTGTAACGACCAAAATCGTCATGGTAC	0	0	0			0	1955.444052	0	74
TTTCTTGAATGTCTCGCTGGTGTACGGAGG	0	0	0			0	27.30113859	0	6
TTTCTTGTTGTTATAATCGCACTTGCAGGA	0	0	0			0	68.25284649	0	68
TTTCTTTATATCATAAGTAAATCACCACGC	0	187.8636225	18.97816594			0	0	0	53
TTTCTTTATTGTGTTAGTAACCGCGGTCAC	0	0	22.1411936			0	0	0	8
TTTGAAACACTCTGGAAGGAATCTCGCAAT	0	0	0			0	34.12642324	0	20
TTTGAAACTTTTTGATACGCACAATTTGCT	262.2530246	463.04414	835.0393013			12.48850575	6.825284649	0	71
TTTGAAGAATAGGGTGCTGAGACCGTCGAC	0	0	0			0	17.06321162	0	1
TTTGAAGATCACTTAGTTTAGTAAACCGCA	0	0	6.326055313			0	0	0	52
TTTGAAGTAATTAAACACAGGCTCTATAAG	0	13.22983257	0			0	0	0	55
TTTGACAAATCTCCTAAAGGTTGAAAAGTA	0	0	18.97816594			0	0	0	169
TTTGACAATGTGTTGGAACGGGGTAGGGTC	0	0	0			2.081417625	81.90341578	0	16
TTTGACACTGGATACGGGTTACGAATAAGT	0	0	566.1819505			12.48850575	208.1711818	0	337
TTTGACTATTTAGGTAGGATCTTGCTTATC	0	0	0			0	13.6505693	0	2
TTTGAGGCATAGGCCGGGAGGGGGTTGGAT	0	0	0			0	17.06321162	0	10
TTTGAGTGAGAGAGCTCGTGATGTAGGCGG	0	18.5217656	0			0	0	0	28
TTTGAGTTTGTCGGTCATTTGATTAGTAGA	0	0	0			0	6.825284649	0	10
TTTGATAGAAGTAAAAACAACTGCGAAGAA	0	0	0			0	3.412642324	0	9
TTTGATAGATTAATACTCCCGCTTACATTC	1.2982823	0	3.163027656			0	6.825284649	0	4
TTTGATGTTGTCTAACGTAGGGCCAGGCCT	0	0	0			0	146.7436199	0	46
TTTGATTAAAGGAACAGGGGGAAGGCAGGG	0	0	9.489082969			0	0	0	4
TTTGATTTTGAGGTAGTTATGCTTCCAGTG	0	0	0			0	829.2720848	0	572
TTTGCACTTATGGCCTAGGGTGGGACTTTA	0	0	0			0	3.412642324	0	1
TTTGCATATAAGAGCTTATCTACATGAGTA	0	0	0			0	10.23792697	0	2
TTTGCCCAAGTTAAAGGGTGACCGGGTGAT	0	0	0			0	30.71378092	0	1
TTTGCCCTTGCGTGCTGTAGTTATTTTTAA	5.193129201	0	0			0	3.412642324	0	15
TTTGCCGAAATACTTAGATTTCGATTGCCT	0	0	0			0	13.6505693	0	46
TTTGCCGGTAGTTAAGCCAGACGCTAGGGC	0	2.645966514	0			0	269.5987436	0	44
TTTGCCTGTGAGAGATTAATCTGTTAAGAT	0	0	0			0	119.4424814	0	481
TTTGCGGTTGGATTCACACGGTTTCCTAGC	27.2639283	2.645966514	98.05385735			2.081417625	13.6505693	0	5
TTTGCTCCTCGAATCCGTCAATCTATCTGG	0	0	0			0	228.6470357	0	1
TTTGCTTGTTTGCTCTTTCAGCTATGTGAC	0	5.291933029	0			0	0	0	2
TTTGCTTTACGGTCTCATGGTCCAGGCTCA	0	0	230.9010189			0	81.90341578	0	12
TTTGCTTTTGCCATGTAAACTGTGGGCTGC	0	5.291933029	0			0	20.47585395	0	1
TTTGGAAGAACTAAAGTTGTCGTTCTTTGA	0	0	0			0	539.1974872	0	50
TTTGGACAAATAGGTGAATTAAACAGGATC	0	0	0			0	92.14134276	0	7
TTTGGACCTGCTCCTGATGGCCAGATAAAC	0	0	0			10.40708812	0	0	2
TTTGGATAACTATTTCAACGATAGCACTTT	0	0	0			0	71.66548881	0	359
TTTGGCCGATAGAGACGTTTGTGCTCGCTG	3.894846901	0	0			0	0	0	3
TTTGGCTGTGAGACATGTAAGGGTGGTGAG	0	0	0			0	109.2045544	0	61
TTTGGGAATAGGTGAGTAGGAGGTGAGCGC	0	0	0			0	17.06321162	0	2
TTTGGGCGTACACTCACTGTAATTGGGGTG	0	0	0			0	112.6171967	0	23
TTTGGGCTATGGACCGGCGTAACGTGGGCG	12.982823	15.87579909	6.326055313			0	6.825284649	0	422
TTTGGGGATTATAAGGCGTTAGTTAAATCG	0	0	0			0	10.23792697	0	2
TTTGGGGGAAAGGCCTTGAGAGGCTCCTTG	0	0	0			35.38409962	51.18963486	0	47
TTTGGGTGTATACGGATGGCGTGCTTCTTA	7.789693801	0	31.63027656			0	122.8551237	0	659
TTTGGTCTTGCTTAGCGAGCGCTGATGTAG	0	0	0			0	6.825284649	0	2
TTTGGTGGTGTTAGTTGTAAAAGGTTTGTG	0	0	12.65211063			0	0	0	1
TTTGGTTTATGAGACATGCTTGGGTGTCGC	0	0	0			0	3.412642324	0	3
TTTGGTTTTCATTAGTTGTGTTTGAATCTT	0	0	0			0	6.825284649	0	1
TTTGTAGAAGGGTCAGCCGATCTGGTATAG	0	0	0			0	10.23792697	0	12
TTTGTCCGAGGCTGGATCTCTGCTAATAGT	0	2270.239269	192.944687			0	10.23792697	0	1820
TTTGTGCAATGGTTCAGCAGAGTTTAAGTA	0	0	0			214.3860153	1105.696113	0	398
TTTGTGCGTTTCAGGAAGTGGTTGGGTGGT	27.2639283	34.39756469	3.163027656			0	17.06321162	0	7
TTTGTGGAAGGTATCCAAGAACGCGACGGA	0	0	15.81513828			0	0	0	24
TTTGTGGATGACGAACGAATGCAAAAGAGG	0	0	0			4.162835249	0	0	4
TTTGTGGTACACGCCACTTGGGAGCGCACG	0	0	0			0	17.06321162	0	1
TTTGTGTCTTGCGGCCCGCTAGGATTAGTG	0	0	0			22.89559387	10.23792697	0	105
TTTGTTATAGTTTCCGGGATGCTTGGGAAT	0	37.0435312	50.6084425			0	88.72870043	0	4
TTTGTTCTAACAAAATGTGTTTGCTTTTAC	0	0	192.944687			0	3.412642324	0	170
TTTGTTCTATCGCGGAAACAGTATTGAAAT	0	0	0			0	569.9112682	0	686
TTTGTTGATAGTTATAACGTGGATTCGCAG	0	0	0			0	17.06321162	0	94
TTTGTTGCTATTATGAACTCAAGTAAAACA	10.3862584	0	34.79330422			0	0	0	50
TTTGTTGGTCTGCGTGCGAATGATAAGATC	0	0	0			16.651341	3.412642324	0	1
TTTGTTGGTGAATCCCGAGGCTAAGCGTAT	0	0	1163.994178			0	0	0	325
TTTGTTGGTTATGTTGTTAATTCTGAAGAC	0	0	0			8.325670498	0	0	1
TTTGTTGTATTCTAGCTACTCTCCTGGTTA	0	0	6.326055313			0	0	0	14
TTTGTTTATTGTCTAAGGGTTTGGCGACAG	0	0	0			0	10.23792697	0	2
TTTGTTTCTCAATAGGATTGCTCTTTCATA	0	0	0			89.50095785	245.7102473	0	43
TTTGTTTGCGCTGGCTTCGCGCTTGCCAGT	0	0	0			0	3.412642324	0	1
TTTGTTTTTGACAATGTTAAATTATGAACT	0	0	0			2.081417625	0	0	1
TTTTAAAGTGTTATCGATAGTTGCTGCGTG	0	0	0			0	6.825284649	0	2
TTTTAAATTGTTTATCTTCGAGAAGGCAGG	16.8776699	34.39756469	0			0	0	0	1
TTTTAACCTTGTGGTGTAGGGACCGAGGGG	0	0	9.489082969			0	0	0	1
TTTTAATGTTTCTCACTTTTATTAGATTAA	0	0	0			0	191.1079702	0	116
TTTTACGATTTAGCTGTACACTCTAGACAC	0	0	0			0	13.6505693	0	10
TTTTACGCTATGCTCGAGGACCTGTACGTA	0	0	0			18.73275862	10.23792697	0	9
TTTTACGGTGCTCCGCCTTCCAGATACTCG	0	156.1120244	0			0	10.23792697	0	28
TTTTAGGTTAATCAGGTGCGTTACACGTCG	0	0	0			22.89559387	102.3792697	0	11
TTTTATAAACGTTTGGAGTTGTATATAATC	0	0	0			14.56992337	44.36435022	0	40
TTTTATAATGGGCAGCCATGTGGTGGCACC	0	0	0			0	17.06321162	0	2
TTTTATATTCGCGTACAAAGGGACATCGTG	0	0	0			0	1836.00157	0	1216
TTTTATCCATAATCGCCGTAATGGCCTGTA	3.894846901	222.2611872	866.6695779			0	0	0	162
TTTTATGGACTCTCTTGTTGCAATACTCGG	0	0	0			0	13.6505693	0	1
TTTTATTATGACGCCAGTTAGGGTGAAAGT	0	0	75.91266376			2.081417625	13.6505693	0	29
TTTTATTGATTGCAGCTGGTAGTCATCACT	0	0	6.326055313			0	3.412642324	0	3
TTTTATTGTGTGACAAAGATCTTCGTGTAT	0	0	0			0	10.23792697	0	25
TTTTCAGGTTCTCGTAGATCGGTCGTAACT	19.4742345	0	0			0	0	0	17
TTTTCATATGGGGGGAATGTTTAGAATTCC	0	0	186.6186317			0	979.4283471	0	1200
TTTTCATGTGCGTTGTATGGTTTAACTAAG	0	0	0			6.244252874	17.06321162	0	5
TTTTCCAAATTGCTAATTTGTGATAATTTA	0	0	0			0	27.30113859	0	8
TTTTCCCTATTTTTTGCTCGCCTAATTAGA	1.2982823	0	0			0	0	0	1
TTTTCCGTTGCGGCATTGGGAAAAGTACGG	0	0	0			0	34.12642324	0	461
TTTTCCTAATTAGTTTCGTGGCTCAATCAC	18.1759522	0	75.91266376			0	0	0	827
TTTTCGACAGGGGGAGGGGGTGAAGCCGCG	36.35190441	60.85722983	53.77147016			0	23.88849627	0	4
TTTTCGTTTTGAATGCGGAATTTCTGAGCT	35.05362211	137.5902588	0			0	98.9666274	0	28
TTTTCTTTATGCACCGCAGACTGTTTTGTC	0	0	0			22.89559387	1064.744405	0	380
TTTTGAACTGTAGGGTGTATATGGGCTTCA	0	0	0			0	34.12642324	0	212
TTTTGACTATTTTTTGCTCGACTAATTAGA	5.193129201	13.22983257	0			0	0	0	9
TTTTGACTTACTGTGCGCACAAGGTAGTCC	0	0	0			29.13984674	0	0	3
TTTTGAGTTAGGCGTCTGGGGGAGCAAAAG	0	0	0			0	3.412642324	0	2
TTTTGATAAATGCGCATCCTGCGGGGTACA	0	0	0			203.9789272	20.47585395	0	45
TTTTGCACATAGTGAAGGTAGGACAACGGG	18.1759522	0	9.489082969			8.325670498	13.6505693	0	13
TTTTGCTGTGTAGCAGTGTAGCGTTTCGGT	0	0	0			0	6.825284649	0	2
TTTTGGAAATGCTGTCCAAAGACAAACCTG	0	7.937899543	0			0	0	0	64
TTTTGGTAAGCACTTGGGATAGATGTTGTC	0	0	0			524.5172414	453.8814291	0	313
TTTTGGTATTGAGCCTCACTGGTGTAGTTT	0	0	0			16.651341	0	0	182
TTTTGGTTTCGAAGCAGACATGAGTGGCGG	0	0	113.8689956			0	187.6953278	0	2
TTTTGTAGATACTTGGCCGGAACAAGCGCA	0	0	0			0	3.412642324	0	3
TTTTGTCGATTTTTGGTTACAGAGTATAGT	63.61583271	21.16773212	12.65211063			0	23.88849627	0	1
TTTTGTCTATAGGAAAAATGGGTAATCGAG	0	0	0			0	10.23792697	0	8
TTTTGTGCACTTGCATGTGCATAGCTCGCG	0	0	0			0	23.88849627	0	45
TTTTGTGGACCGTTGGGTGGGCAGGATCGG	0	0	6.326055313			0	10.23792697	0	509
TTTTGTTTTCGCCGGCGAATTTGTTGGTCA	0	0	0			0	126.267766	0	182
TTTTTACATCGAAATGAGCTGAGGGGTAAT	0	55.5652968	44.28238719			0	20.47585395	0	1
TTTTTATAAGATTCTCATGTAGCCAAAAGG	0	0	0			4.162835249	13.6505693	0	1
TTTTTATTTAGTTCAACGGTTTAGAGTGGC	0	0	0			0	143.3309776	0	61
TTTTTCACATTTTAAGCTGCCAGCCAAGGG	0	0	25.30422125			0	0	0	278
TTTTTCTCATCGCGGTTAGCCTCAACCTTC	0	0	0			0	20.47585395	0	3
TTTTTGAGTAAGTGTTAAGCTTACTGTATT	0	0	0			0	6.825284649	0	6
TTTTTGTATCGATGGCTCAGCAGTATGATG	0	0	0			0	3.412642324	0	28
TTTTTGTGTTCGTTCTGAAGCAATTTCACG	0	0	0			120.7222222	17.06321162	0	154
TTTTTGTTTCCGTATATATAAGATGTTGTA	41.54503361	476.2739726	192.944687			0	399.2791519	0	3
TTTTTTAAATGAGCTTATTTGAGTATTAGA	0	0	0			0	20.47585395	0	78
TTTTTTATAATGGGAAGCCTCATGGAGTAT	0	0	0			12.48850575	92.14134276	0	41
TTTTTTCGAGCGTACGGGTCTGGGGTGAAG	0	0	50.6084425			0	0	0	324
TTTTTTTATAATGGGAAGCCTCATGGAGTA	0	0	0			35.38409962	313.9630938	0	421
TTTTTTTGAGTGCGTCCAAGCGATGTTGTC	40.24675131	66.14916286	18.97816594			0	68.25284649	0	4